mode,process_id,workload_name,algorithm,allocation_policy,memory_frames,repetition_id,duration_ns,metadata,duration_ms
shared_total,,thrashing,FIFO,GlobalAllocation,163,0,3728500,{'interleave': 'random'},3.7285
shared,0,thrashing,FIFO,GlobalAllocation,163,0,1549800,{'interleave': 'random'},1.5498
shared,1,thrashing,FIFO,GlobalAllocation,163,0,1788600,{'interleave': 'random'},1.7886
shared_total,,thrashing,FIFO,GlobalAllocation,163,1,2596300,{'interleave': 'random'},2.5963
shared,0,thrashing,FIFO,GlobalAllocation,163,1,1042800,{'interleave': 'random'},1.0428
shared,1,thrashing,FIFO,GlobalAllocation,163,1,1199000,{'interleave': 'random'},1.199
shared_total,,thrashing,FIFO,GlobalAllocation,163,2,3436400,{'interleave': 'random'},3.4364
shared,0,thrashing,FIFO,GlobalAllocation,163,2,1486800,{'interleave': 'random'},1.4868
shared,1,thrashing,FIFO,GlobalAllocation,163,2,1585100,{'interleave': 'random'},1.5851
shared_total,,thrashing,FIFO,GlobalAllocation,163,3,2470300,{'interleave': 'random'},2.4703
shared,0,thrashing,FIFO,GlobalAllocation,163,3,1008200,{'interleave': 'random'},1.0082
shared,1,thrashing,FIFO,GlobalAllocation,163,3,1120400,{'interleave': 'random'},1.1204
shared_total,,thrashing,FIFO,GlobalAllocation,163,4,2475100,{'interleave': 'random'},2.4751
shared,0,thrashing,FIFO,GlobalAllocation,163,4,996300,{'interleave': 'random'},0.9963
shared,1,thrashing,FIFO,GlobalAllocation,163,4,1141800,{'interleave': 'random'},1.1418
shared_total,,thrashing,FIFO,GlobalAllocation,163,5,3758100,{'interleave': 'random'},3.7581
shared,0,thrashing,FIFO,GlobalAllocation,163,5,1623400,{'interleave': 'random'},1.6234
shared,1,thrashing,FIFO,GlobalAllocation,163,5,1741700,{'interleave': 'random'},1.7417
shared_total,,thrashing,FIFO,GlobalAllocation,163,6,2993000,{'interleave': 'random'},2.993
shared,0,thrashing,FIFO,GlobalAllocation,163,6,1272000,{'interleave': 'random'},1.272
shared,1,thrashing,FIFO,GlobalAllocation,163,6,1387600,{'interleave': 'random'},1.3876
shared_total,,thrashing,FIFO,GlobalAllocation,163,7,3366600,{'interleave': 'random'},3.3666
shared,0,thrashing,FIFO,GlobalAllocation,163,7,1464000,{'interleave': 'random'},1.464
shared,1,thrashing,FIFO,GlobalAllocation,163,7,1559100,{'interleave': 'random'},1.5591
shared_total,,thrashing,FIFO,GlobalAllocation,163,8,2870400,{'interleave': 'random'},2.8704
shared,0,thrashing,FIFO,GlobalAllocation,163,8,1192000,{'interleave': 'random'},1.192
shared,1,thrashing,FIFO,GlobalAllocation,163,8,1347200,{'interleave': 'random'},1.3472
shared_total,,thrashing,FIFO,GlobalAllocation,163,9,2549400,{'interleave': 'random'},2.5494
shared,0,thrashing,FIFO,GlobalAllocation,163,9,1034100,{'interleave': 'random'},1.0341
shared,1,thrashing,FIFO,GlobalAllocation,163,9,1168900,{'interleave': 'random'},1.1689
shared_total,,thrashing,FIFO,LocalAllocation,163,0,2593000,{'interleave': 'random'},2.593
shared,0,thrashing,FIFO,LocalAllocation,163,0,1127500,{'interleave': 'random'},1.1275
shared,1,thrashing,FIFO,LocalAllocation,163,0,1126000,{'interleave': 'random'},1.126
shared_total,,thrashing,FIFO,LocalAllocation,163,1,2589400,{'interleave': 'random'},2.5894
shared,0,thrashing,FIFO,LocalAllocation,163,1,1126200,{'interleave': 'random'},1.1262
shared,1,thrashing,FIFO,LocalAllocation,163,1,1130200,{'interleave': 'random'},1.1302
shared_total,,thrashing,FIFO,LocalAllocation,163,2,2594100,{'interleave': 'random'},2.5941
shared,0,thrashing,FIFO,LocalAllocation,163,2,1128900,{'interleave': 'random'},1.1289
shared,1,thrashing,FIFO,LocalAllocation,163,2,1128800,{'interleave': 'random'},1.1288
shared_total,,thrashing,FIFO,LocalAllocation,163,3,2600800,{'interleave': 'random'},2.6008
shared,0,thrashing,FIFO,LocalAllocation,163,3,1130300,{'interleave': 'random'},1.1303
shared,1,thrashing,FIFO,LocalAllocation,163,3,1131300,{'interleave': 'random'},1.1313
shared_total,,thrashing,FIFO,LocalAllocation,163,4,2622400,{'interleave': 'random'},2.6224
shared,0,thrashing,FIFO,LocalAllocation,163,4,1130400,{'interleave': 'random'},1.1304
shared,1,thrashing,FIFO,LocalAllocation,163,4,1146400,{'interleave': 'random'},1.1464
shared_total,,thrashing,FIFO,LocalAllocation,163,5,2575000,{'interleave': 'random'},2.575
shared,0,thrashing,FIFO,LocalAllocation,163,5,1117800,{'interleave': 'random'},1.1178
shared,1,thrashing,FIFO,LocalAllocation,163,5,1122600,{'interleave': 'random'},1.1226
shared_total,,thrashing,FIFO,LocalAllocation,163,6,2609400,{'interleave': 'random'},2.6094
shared,0,thrashing,FIFO,LocalAllocation,163,6,1135100,{'interleave': 'random'},1.1351
shared,1,thrashing,FIFO,LocalAllocation,163,6,1136000,{'interleave': 'random'},1.136
shared_total,,thrashing,FIFO,LocalAllocation,163,7,2631800,{'interleave': 'random'},2.6318
shared,0,thrashing,FIFO,LocalAllocation,163,7,1125700,{'interleave': 'random'},1.1257
shared,1,thrashing,FIFO,LocalAllocation,163,7,1134200,{'interleave': 'random'},1.1342
shared_total,,thrashing,FIFO,LocalAllocation,163,8,2688300,{'interleave': 'random'},2.6883
shared,0,thrashing,FIFO,LocalAllocation,163,8,1151700,{'interleave': 'random'},1.1517
shared,1,thrashing,FIFO,LocalAllocation,163,8,1179600,{'interleave': 'random'},1.1796
shared_total,,thrashing,FIFO,LocalAllocation,163,9,2587900,{'interleave': 'random'},2.5879
shared,0,thrashing,FIFO,LocalAllocation,163,9,1116600,{'interleave': 'random'},1.1166
shared,1,thrashing,FIFO,LocalAllocation,163,9,1121600,{'interleave': 'random'},1.1216
shared_total,,thrashing,FIFO,ProportionalAllocation,163,0,2553900,{'interleave': 'random'},2.5539
shared,0,thrashing,FIFO,ProportionalAllocation,163,0,1113000,{'interleave': 'random'},1.113
shared,1,thrashing,FIFO,ProportionalAllocation,163,0,1095500,{'interleave': 'random'},1.0955
shared_total,,thrashing,FIFO,ProportionalAllocation,163,1,2561600,{'interleave': 'random'},2.5616
shared,0,thrashing,FIFO,ProportionalAllocation,163,1,1121100,{'interleave': 'random'},1.1211
shared,1,thrashing,FIFO,ProportionalAllocation,163,1,1103200,{'interleave': 'random'},1.1032
shared_total,,thrashing,FIFO,ProportionalAllocation,163,2,2534400,{'interleave': 'random'},2.5344
shared,0,thrashing,FIFO,ProportionalAllocation,163,2,1107800,{'interleave': 'random'},1.1078
shared,1,thrashing,FIFO,ProportionalAllocation,163,2,1088500,{'interleave': 'random'},1.0885
shared_total,,thrashing,FIFO,ProportionalAllocation,163,3,2583700,{'interleave': 'random'},2.5837
shared,0,thrashing,FIFO,ProportionalAllocation,163,3,1128600,{'interleave': 'random'},1.1286
shared,1,thrashing,FIFO,ProportionalAllocation,163,3,1111400,{'interleave': 'random'},1.1114
shared_total,,thrashing,FIFO,ProportionalAllocation,163,4,2566000,{'interleave': 'random'},2.566
shared,0,thrashing,FIFO,ProportionalAllocation,163,4,1120900,{'interleave': 'random'},1.1209
shared,1,thrashing,FIFO,ProportionalAllocation,163,4,1101700,{'interleave': 'random'},1.1017
shared_total,,thrashing,FIFO,ProportionalAllocation,163,5,2605900,{'interleave': 'random'},2.6059
shared,0,thrashing,FIFO,ProportionalAllocation,163,5,1140400,{'interleave': 'random'},1.1404
shared,1,thrashing,FIFO,ProportionalAllocation,163,5,1123200,{'interleave': 'random'},1.1232
shared_total,,thrashing,FIFO,ProportionalAllocation,163,6,2596600,{'interleave': 'random'},2.5966
shared,0,thrashing,FIFO,ProportionalAllocation,163,6,1143500,{'interleave': 'random'},1.1435
shared,1,thrashing,FIFO,ProportionalAllocation,163,6,1109700,{'interleave': 'random'},1.1097
shared_total,,thrashing,FIFO,ProportionalAllocation,163,7,2547700,{'interleave': 'random'},2.5477
shared,0,thrashing,FIFO,ProportionalAllocation,163,7,1107500,{'interleave': 'random'},1.1075
shared,1,thrashing,FIFO,ProportionalAllocation,163,7,1089000,{'interleave': 'random'},1.089
shared_total,,thrashing,FIFO,ProportionalAllocation,163,8,2577100,{'interleave': 'random'},2.5771
shared,0,thrashing,FIFO,ProportionalAllocation,163,8,1123700,{'interleave': 'random'},1.1237
shared,1,thrashing,FIFO,ProportionalAllocation,163,8,1109800,{'interleave': 'random'},1.1098
shared_total,,thrashing,FIFO,ProportionalAllocation,163,9,2907600,{'interleave': 'random'},2.9076
shared,0,thrashing,FIFO,ProportionalAllocation,163,9,1260800,{'interleave': 'random'},1.2608
shared,1,thrashing,FIFO,ProportionalAllocation,163,9,1244300,{'interleave': 'random'},1.2443
shared_total,,thrashing,LRU,GlobalAllocation,163,0,3996200,{'interleave': 'random'},3.9962
shared,0,thrashing,LRU,GlobalAllocation,163,0,1738200,{'interleave': 'random'},1.7382
shared,1,thrashing,LRU,GlobalAllocation,163,0,1913600,{'interleave': 'random'},1.9136
shared_total,,thrashing,LRU,GlobalAllocation,163,1,4050600,{'interleave': 'random'},4.0506
shared,0,thrashing,LRU,GlobalAllocation,163,1,1794100,{'interleave': 'random'},1.7941
shared,1,thrashing,LRU,GlobalAllocation,163,1,1887100,{'interleave': 'random'},1.8871
shared_total,,thrashing,LRU,GlobalAllocation,163,2,4093400,{'interleave': 'random'},4.0934
shared,0,thrashing,LRU,GlobalAllocation,163,2,1815900,{'interleave': 'random'},1.8159
shared,1,thrashing,LRU,GlobalAllocation,163,2,1928000,{'interleave': 'random'},1.928
shared_total,,thrashing,LRU,GlobalAllocation,163,3,4516800,{'interleave': 'random'},4.5168
shared,0,thrashing,LRU,GlobalAllocation,163,3,1945900,{'interleave': 'random'},1.9459
shared,1,thrashing,LRU,GlobalAllocation,163,3,2161400,{'interleave': 'random'},2.1614
shared_total,,thrashing,LRU,GlobalAllocation,163,4,3968700,{'interleave': 'random'},3.9687
shared,0,thrashing,LRU,GlobalAllocation,163,4,1750300,{'interleave': 'random'},1.7503
shared,1,thrashing,LRU,GlobalAllocation,163,4,1856000,{'interleave': 'random'},1.856
shared_total,,thrashing,LRU,GlobalAllocation,163,5,4434400,{'interleave': 'random'},4.4344
shared,0,thrashing,LRU,GlobalAllocation,163,5,1939800,{'interleave': 'random'},1.9398
shared,1,thrashing,LRU,GlobalAllocation,163,5,2080800,{'interleave': 'random'},2.0808
shared_total,,thrashing,LRU,GlobalAllocation,163,6,4057400,{'interleave': 'random'},4.0574
shared,0,thrashing,LRU,GlobalAllocation,163,6,1796700,{'interleave': 'random'},1.7967
shared,1,thrashing,LRU,GlobalAllocation,163,6,1909900,{'interleave': 'random'},1.9099
shared_total,,thrashing,LRU,GlobalAllocation,163,7,4535600,{'interleave': 'random'},4.5356
shared,0,thrashing,LRU,GlobalAllocation,163,7,2038600,{'interleave': 'random'},2.0386
shared,1,thrashing,LRU,GlobalAllocation,163,7,2099100,{'interleave': 'random'},2.0991
shared_total,,thrashing,LRU,GlobalAllocation,163,8,4076700,{'interleave': 'random'},4.0767
shared,0,thrashing,LRU,GlobalAllocation,163,8,1811800,{'interleave': 'random'},1.8118
shared,1,thrashing,LRU,GlobalAllocation,163,8,1923000,{'interleave': 'random'},1.923
shared_total,,thrashing,LRU,GlobalAllocation,163,9,4033800,{'interleave': 'random'},4.0338
shared,0,thrashing,LRU,GlobalAllocation,163,9,1753700,{'interleave': 'random'},1.7537
shared,1,thrashing,LRU,GlobalAllocation,163,9,1923200,{'interleave': 'random'},1.9232
shared_total,,thrashing,LRU,LocalAllocation,163,0,3096000,{'interleave': 'random'},3.096
shared,0,thrashing,LRU,LocalAllocation,163,0,1368800,{'interleave': 'random'},1.3688
shared,1,thrashing,LRU,LocalAllocation,163,0,1379800,{'interleave': 'random'},1.3798
shared_total,,thrashing,LRU,LocalAllocation,163,1,3120200,{'interleave': 'random'},3.1202
shared,0,thrashing,LRU,LocalAllocation,163,1,1386300,{'interleave': 'random'},1.3863
shared,1,thrashing,LRU,LocalAllocation,163,1,1381600,{'interleave': 'random'},1.3816
shared_total,,thrashing,LRU,LocalAllocation,163,2,3133600,{'interleave': 'random'},3.1336
shared,0,thrashing,LRU,LocalAllocation,163,2,1383300,{'interleave': 'random'},1.3833
shared,1,thrashing,LRU,LocalAllocation,163,2,1412500,{'interleave': 'random'},1.4125
shared_total,,thrashing,LRU,LocalAllocation,163,3,3174600,{'interleave': 'random'},3.1746
shared,0,thrashing,LRU,LocalAllocation,163,3,1463400,{'interleave': 'random'},1.4634
shared,1,thrashing,LRU,LocalAllocation,163,3,1368300,{'interleave': 'random'},1.3683
shared_total,,thrashing,LRU,LocalAllocation,163,4,3115700,{'interleave': 'random'},3.1157
shared,0,thrashing,LRU,LocalAllocation,163,4,1381600,{'interleave': 'random'},1.3816
shared,1,thrashing,LRU,LocalAllocation,163,4,1399900,{'interleave': 'random'},1.3999
shared_total,,thrashing,LRU,LocalAllocation,163,5,3100500,{'interleave': 'random'},3.1005
shared,0,thrashing,LRU,LocalAllocation,163,5,1380100,{'interleave': 'random'},1.3801
shared,1,thrashing,LRU,LocalAllocation,163,5,1378400,{'interleave': 'random'},1.3784
shared_total,,thrashing,LRU,LocalAllocation,163,6,3080300,{'interleave': 'random'},3.0803
shared,0,thrashing,LRU,LocalAllocation,163,6,1374900,{'interleave': 'random'},1.3749
shared,1,thrashing,LRU,LocalAllocation,163,6,1374100,{'interleave': 'random'},1.3741
shared_total,,thrashing,LRU,LocalAllocation,163,7,3125400,{'interleave': 'random'},3.1254
shared,0,thrashing,LRU,LocalAllocation,163,7,1394300,{'interleave': 'random'},1.3943
shared,1,thrashing,LRU,LocalAllocation,163,7,1390400,{'interleave': 'random'},1.3904
shared_total,,thrashing,LRU,LocalAllocation,163,8,3133900,{'interleave': 'random'},3.1339
shared,0,thrashing,LRU,LocalAllocation,163,8,1391100,{'interleave': 'random'},1.3911
shared,1,thrashing,LRU,LocalAllocation,163,8,1398900,{'interleave': 'random'},1.3989
shared_total,,thrashing,LRU,LocalAllocation,163,9,3115400,{'interleave': 'random'},3.1154
shared,0,thrashing,LRU,LocalAllocation,163,9,1385100,{'interleave': 'random'},1.3851
shared,1,thrashing,LRU,LocalAllocation,163,9,1382500,{'interleave': 'random'},1.3825
shared_total,,thrashing,LRU,ProportionalAllocation,163,0,3097800,{'interleave': 'random'},3.0978
shared,0,thrashing,LRU,ProportionalAllocation,163,0,1373100,{'interleave': 'random'},1.3731
shared,1,thrashing,LRU,ProportionalAllocation,163,0,1367500,{'interleave': 'random'},1.3675
shared_total,,thrashing,LRU,ProportionalAllocation,163,1,3053800,{'interleave': 'random'},3.0538
shared,0,thrashing,LRU,ProportionalAllocation,163,1,1365600,{'interleave': 'random'},1.3656
shared,1,thrashing,LRU,ProportionalAllocation,163,1,1344400,{'interleave': 'random'},1.3444
shared_total,,thrashing,LRU,ProportionalAllocation,163,2,3061200,{'interleave': 'random'},3.0612
shared,0,thrashing,LRU,ProportionalAllocation,163,2,1373300,{'interleave': 'random'},1.3733
shared,1,thrashing,LRU,ProportionalAllocation,163,2,1347100,{'interleave': 'random'},1.3471
shared_total,,thrashing,LRU,ProportionalAllocation,163,3,3067100,{'interleave': 'random'},3.0671
shared,0,thrashing,LRU,ProportionalAllocation,163,3,1380000,{'interleave': 'random'},1.38
shared,1,thrashing,LRU,ProportionalAllocation,163,3,1353600,{'interleave': 'random'},1.3536
shared_total,,thrashing,LRU,ProportionalAllocation,163,4,6186100,{'interleave': 'random'},6.1861
shared,0,thrashing,LRU,ProportionalAllocation,163,4,2720900,{'interleave': 'random'},2.7209
shared,1,thrashing,LRU,ProportionalAllocation,163,4,2750200,{'interleave': 'random'},2.7502
shared_total,,thrashing,LRU,ProportionalAllocation,163,5,3098000,{'interleave': 'random'},3.098
shared,0,thrashing,LRU,ProportionalAllocation,163,5,1389900,{'interleave': 'random'},1.3899
shared,1,thrashing,LRU,ProportionalAllocation,163,5,1368700,{'interleave': 'random'},1.3687
shared_total,,thrashing,LRU,ProportionalAllocation,163,6,3105200,{'interleave': 'random'},3.1052
shared,0,thrashing,LRU,ProportionalAllocation,163,6,1389400,{'interleave': 'random'},1.3894
shared,1,thrashing,LRU,ProportionalAllocation,163,6,1363400,{'interleave': 'random'},1.3634
shared_total,,thrashing,LRU,ProportionalAllocation,163,7,3124900,{'interleave': 'random'},3.1249
shared,0,thrashing,LRU,ProportionalAllocation,163,7,1406500,{'interleave': 'random'},1.4065
shared,1,thrashing,LRU,ProportionalAllocation,163,7,1375800,{'interleave': 'random'},1.3758
shared_total,,thrashing,LRU,ProportionalAllocation,163,8,3111500,{'interleave': 'random'},3.1115
shared,0,thrashing,LRU,ProportionalAllocation,163,8,1387500,{'interleave': 'random'},1.3875
shared,1,thrashing,LRU,ProportionalAllocation,163,8,1374600,{'interleave': 'random'},1.3746
shared_total,,thrashing,LRU,ProportionalAllocation,163,9,3096700,{'interleave': 'random'},3.0967
shared,0,thrashing,LRU,ProportionalAllocation,163,9,1387000,{'interleave': 'random'},1.387
shared,1,thrashing,LRU,ProportionalAllocation,163,9,1355700,{'interleave': 'random'},1.3557
shared_total,,thrashing,NRU,GlobalAllocation,163,0,21903800,{'interleave': 'random'},21.9038
shared,0,thrashing,NRU,GlobalAllocation,163,0,10771900,{'interleave': 'random'},10.7719
shared,1,thrashing,NRU,GlobalAllocation,163,0,10726800,{'interleave': 'random'},10.7268
shared_total,,thrashing,NRU,GlobalAllocation,163,1,21818200,{'interleave': 'random'},21.8182
shared,0,thrashing,NRU,GlobalAllocation,163,1,9903600,{'interleave': 'random'},9.9036
shared,1,thrashing,NRU,GlobalAllocation,163,1,11526500,{'interleave': 'random'},11.5265
shared_total,,thrashing,NRU,GlobalAllocation,163,2,21826700,{'interleave': 'random'},21.8267
shared,0,thrashing,NRU,GlobalAllocation,163,2,10847200,{'interleave': 'random'},10.8472
shared,1,thrashing,NRU,GlobalAllocation,163,2,10573600,{'interleave': 'random'},10.5736
shared_total,,thrashing,NRU,GlobalAllocation,163,3,22319000,{'interleave': 'random'},22.319
shared,0,thrashing,NRU,GlobalAllocation,163,3,10420000,{'interleave': 'random'},10.42
shared,1,thrashing,NRU,GlobalAllocation,163,3,11475400,{'interleave': 'random'},11.4754
shared_total,,thrashing,NRU,GlobalAllocation,163,4,22143700,{'interleave': 'random'},22.1437
shared,0,thrashing,NRU,GlobalAllocation,163,4,10277800,{'interleave': 'random'},10.2778
shared,1,thrashing,NRU,GlobalAllocation,163,4,11464900,{'interleave': 'random'},11.4649
shared_total,,thrashing,NRU,GlobalAllocation,163,5,21558400,{'interleave': 'random'},21.5584
shared,0,thrashing,NRU,GlobalAllocation,163,5,10208500,{'interleave': 'random'},10.2085
shared,1,thrashing,NRU,GlobalAllocation,163,5,10948400,{'interleave': 'random'},10.9484
shared_total,,thrashing,NRU,GlobalAllocation,163,6,21745800,{'interleave': 'random'},21.7458
shared,0,thrashing,NRU,GlobalAllocation,163,6,10142900,{'interleave': 'random'},10.1429
shared,1,thrashing,NRU,GlobalAllocation,163,6,11194900,{'interleave': 'random'},11.1949
shared_total,,thrashing,NRU,GlobalAllocation,163,7,21849100,{'interleave': 'random'},21.8491
shared,0,thrashing,NRU,GlobalAllocation,163,7,10121100,{'interleave': 'random'},10.1211
shared,1,thrashing,NRU,GlobalAllocation,163,7,11311200,{'interleave': 'random'},11.3112
shared_total,,thrashing,NRU,GlobalAllocation,163,8,29389500,{'interleave': 'random'},29.3895
shared,0,thrashing,NRU,GlobalAllocation,163,8,13658500,{'interleave': 'random'},13.6585
shared,1,thrashing,NRU,GlobalAllocation,163,8,15121200,{'interleave': 'random'},15.1212
shared_total,,thrashing,NRU,GlobalAllocation,163,9,21565300,{'interleave': 'random'},21.5653
shared,0,thrashing,NRU,GlobalAllocation,163,9,10085500,{'interleave': 'random'},10.0855
shared,1,thrashing,NRU,GlobalAllocation,163,9,11080000,{'interleave': 'random'},11.08
shared_total,,thrashing,NRU,LocalAllocation,163,0,12372500,{'interleave': 'random'},12.3725
shared,0,thrashing,NRU,LocalAllocation,163,0,4789900,{'interleave': 'random'},4.7899
shared,1,thrashing,NRU,LocalAllocation,163,0,7204200,{'interleave': 'random'},7.2042
shared_total,,thrashing,NRU,LocalAllocation,163,1,12901500,{'interleave': 'random'},12.9015
shared,0,thrashing,NRU,LocalAllocation,163,1,4686800,{'interleave': 'random'},4.6868
shared,1,thrashing,NRU,LocalAllocation,163,1,7837300,{'interleave': 'random'},7.8373
shared_total,,thrashing,NRU,LocalAllocation,163,2,12508100,{'interleave': 'random'},12.5081
shared,0,thrashing,NRU,LocalAllocation,163,2,4836500,{'interleave': 'random'},4.8365
shared,1,thrashing,NRU,LocalAllocation,163,2,7305500,{'interleave': 'random'},7.3055
shared_total,,thrashing,NRU,LocalAllocation,163,3,12171900,{'interleave': 'random'},12.1719
shared,0,thrashing,NRU,LocalAllocation,163,3,4477000,{'interleave': 'random'},4.477
shared,1,thrashing,NRU,LocalAllocation,163,3,7347300,{'interleave': 'random'},7.3473
shared_total,,thrashing,NRU,LocalAllocation,163,4,11482200,{'interleave': 'random'},11.4822
shared,0,thrashing,NRU,LocalAllocation,163,4,4377900,{'interleave': 'random'},4.3779
shared,1,thrashing,NRU,LocalAllocation,163,4,6779900,{'interleave': 'random'},6.7799
shared_total,,thrashing,NRU,LocalAllocation,163,5,13086400,{'interleave': 'random'},13.0864
shared,0,thrashing,NRU,LocalAllocation,163,5,5175400,{'interleave': 'random'},5.1754
shared,1,thrashing,NRU,LocalAllocation,163,5,7555100,{'interleave': 'random'},7.5551
shared_total,,thrashing,NRU,LocalAllocation,163,6,12605900,{'interleave': 'random'},12.6059
shared,0,thrashing,NRU,LocalAllocation,163,6,4757500,{'interleave': 'random'},4.7575
shared,1,thrashing,NRU,LocalAllocation,163,6,7490600,{'interleave': 'random'},7.4906
shared_total,,thrashing,NRU,LocalAllocation,163,7,12002700,{'interleave': 'random'},12.0027
shared,0,thrashing,NRU,LocalAllocation,163,7,4157600,{'interleave': 'random'},4.1576
shared,1,thrashing,NRU,LocalAllocation,163,7,7476400,{'interleave': 'random'},7.4764
shared_total,,thrashing,NRU,LocalAllocation,163,8,12237200,{'interleave': 'random'},12.2372
shared,0,thrashing,NRU,LocalAllocation,163,8,4629600,{'interleave': 'random'},4.6296
shared,1,thrashing,NRU,LocalAllocation,163,8,7244700,{'interleave': 'random'},7.2447
shared_total,,thrashing,NRU,LocalAllocation,163,9,12664200,{'interleave': 'random'},12.6642
shared,0,thrashing,NRU,LocalAllocation,163,9,4721200,{'interleave': 'random'},4.7212
shared,1,thrashing,NRU,LocalAllocation,163,9,7565500,{'interleave': 'random'},7.5655
shared_total,,thrashing,NRU,ProportionalAllocation,163,0,12234800,{'interleave': 'random'},12.2348
shared,0,thrashing,NRU,ProportionalAllocation,163,0,5079200,{'interleave': 'random'},5.0792
shared,1,thrashing,NRU,ProportionalAllocation,163,0,6796300,{'interleave': 'random'},6.7963
shared_total,,thrashing,NRU,ProportionalAllocation,163,1,13282500,{'interleave': 'random'},13.2825
shared,0,thrashing,NRU,ProportionalAllocation,163,1,5355400,{'interleave': 'random'},5.3554
shared,1,thrashing,NRU,ProportionalAllocation,163,1,7564400,{'interleave': 'random'},7.5644
shared_total,,thrashing,NRU,ProportionalAllocation,163,2,12837900,{'interleave': 'random'},12.8379
shared,0,thrashing,NRU,ProportionalAllocation,163,2,5373800,{'interleave': 'random'},5.3738
shared,1,thrashing,NRU,ProportionalAllocation,163,2,7102200,{'interleave': 'random'},7.1022
shared_total,,thrashing,NRU,ProportionalAllocation,163,3,12641600,{'interleave': 'random'},12.6416
shared,0,thrashing,NRU,ProportionalAllocation,163,3,5027400,{'interleave': 'random'},5.0274
shared,1,thrashing,NRU,ProportionalAllocation,163,3,7247600,{'interleave': 'random'},7.2476
shared_total,,thrashing,NRU,ProportionalAllocation,163,4,12806000,{'interleave': 'random'},12.806
shared,0,thrashing,NRU,ProportionalAllocation,163,4,5305800,{'interleave': 'random'},5.3058
shared,1,thrashing,NRU,ProportionalAllocation,163,4,7125000,{'interleave': 'random'},7.125
shared_total,,thrashing,NRU,ProportionalAllocation,163,5,13377100,{'interleave': 'random'},13.3771
shared,0,thrashing,NRU,ProportionalAllocation,163,5,5707000,{'interleave': 'random'},5.707
shared,1,thrashing,NRU,ProportionalAllocation,163,5,7306600,{'interleave': 'random'},7.3066
shared_total,,thrashing,NRU,ProportionalAllocation,163,6,13077900,{'interleave': 'random'},13.0779
shared,0,thrashing,NRU,ProportionalAllocation,163,6,5430200,{'interleave': 'random'},5.4302
shared,1,thrashing,NRU,ProportionalAllocation,163,6,7281600,{'interleave': 'random'},7.2816
shared_total,,thrashing,NRU,ProportionalAllocation,163,7,12534900,{'interleave': 'random'},12.5349
shared,0,thrashing,NRU,ProportionalAllocation,163,7,4912800,{'interleave': 'random'},4.9128
shared,1,thrashing,NRU,ProportionalAllocation,163,7,7237200,{'interleave': 'random'},7.2372
shared_total,,thrashing,NRU,ProportionalAllocation,163,8,12295700,{'interleave': 'random'},12.2957
shared,0,thrashing,NRU,ProportionalAllocation,163,8,5125700,{'interleave': 'random'},5.1257
shared,1,thrashing,NRU,ProportionalAllocation,163,8,6805100,{'interleave': 'random'},6.8051
shared_total,,thrashing,NRU,ProportionalAllocation,163,9,12835700,{'interleave': 'random'},12.8357
shared,0,thrashing,NRU,ProportionalAllocation,163,9,5250700,{'interleave': 'random'},5.2507
shared,1,thrashing,NRU,ProportionalAllocation,163,9,7220700,{'interleave': 'random'},7.2207
shared_total,,thrashing,SecondChance,GlobalAllocation,163,0,7475200,{'interleave': 'random'},7.4752
shared,0,thrashing,SecondChance,GlobalAllocation,163,0,3392600,{'interleave': 'random'},3.3926
shared,1,thrashing,SecondChance,GlobalAllocation,163,0,3734000,{'interleave': 'random'},3.734
shared_total,,thrashing,SecondChance,GlobalAllocation,163,1,7701900,{'interleave': 'random'},7.7019
shared,0,thrashing,SecondChance,GlobalAllocation,163,1,3317700,{'interleave': 'random'},3.3177
shared,1,thrashing,SecondChance,GlobalAllocation,163,1,3982300,{'interleave': 'random'},3.9823
shared_total,,thrashing,SecondChance,GlobalAllocation,163,2,7647700,{'interleave': 'random'},7.6477
shared,0,thrashing,SecondChance,GlobalAllocation,163,2,3397800,{'interleave': 'random'},3.3978
shared,1,thrashing,SecondChance,GlobalAllocation,163,2,3873600,{'interleave': 'random'},3.8736
shared_total,,thrashing,SecondChance,GlobalAllocation,163,3,7409100,{'interleave': 'random'},7.4091
shared,0,thrashing,SecondChance,GlobalAllocation,163,3,3351900,{'interleave': 'random'},3.3519
shared,1,thrashing,SecondChance,GlobalAllocation,163,3,3694400,{'interleave': 'random'},3.6944
shared_total,,thrashing,SecondChance,GlobalAllocation,163,4,7164000,{'interleave': 'random'},7.164
shared,0,thrashing,SecondChance,GlobalAllocation,163,4,3202100,{'interleave': 'random'},3.2021
shared,1,thrashing,SecondChance,GlobalAllocation,163,4,3602600,{'interleave': 'random'},3.6026
shared_total,,thrashing,SecondChance,GlobalAllocation,163,5,7579000,{'interleave': 'random'},7.579
shared,0,thrashing,SecondChance,GlobalAllocation,163,5,3430800,{'interleave': 'random'},3.4308
shared,1,thrashing,SecondChance,GlobalAllocation,163,5,3785600,{'interleave': 'random'},3.7856
shared_total,,thrashing,SecondChance,GlobalAllocation,163,6,7619700,{'interleave': 'random'},7.6197
shared,0,thrashing,SecondChance,GlobalAllocation,163,6,3421900,{'interleave': 'random'},3.4219
shared,1,thrashing,SecondChance,GlobalAllocation,163,6,3845300,{'interleave': 'random'},3.8453
shared_total,,thrashing,SecondChance,GlobalAllocation,163,7,7658500,{'interleave': 'random'},7.6585
shared,0,thrashing,SecondChance,GlobalAllocation,163,7,3479300,{'interleave': 'random'},3.4793
shared,1,thrashing,SecondChance,GlobalAllocation,163,7,3818900,{'interleave': 'random'},3.8189
shared_total,,thrashing,SecondChance,GlobalAllocation,163,8,7551900,{'interleave': 'random'},7.5519
shared,0,thrashing,SecondChance,GlobalAllocation,163,8,3385800,{'interleave': 'random'},3.3858
shared,1,thrashing,SecondChance,GlobalAllocation,163,8,3814400,{'interleave': 'random'},3.8144
shared_total,,thrashing,SecondChance,GlobalAllocation,163,9,6806400,{'interleave': 'random'},6.8064
shared,0,thrashing,SecondChance,GlobalAllocation,163,9,3009800,{'interleave': 'random'},3.0098
shared,1,thrashing,SecondChance,GlobalAllocation,163,9,3446700,{'interleave': 'random'},3.4467
shared_total,,thrashing,SecondChance,LocalAllocation,163,0,4578900,{'interleave': 'random'},4.5789
shared,0,thrashing,SecondChance,LocalAllocation,163,0,2116900,{'interleave': 'random'},2.1169
shared,1,thrashing,SecondChance,LocalAllocation,163,0,2117000,{'interleave': 'random'},2.117
shared_total,,thrashing,SecondChance,LocalAllocation,163,1,5689700,{'interleave': 'random'},5.6897
shared,0,thrashing,SecondChance,LocalAllocation,163,1,2563800,{'interleave': 'random'},2.5638
shared,1,thrashing,SecondChance,LocalAllocation,163,1,2674400,{'interleave': 'random'},2.6744
shared_total,,thrashing,SecondChance,LocalAllocation,163,2,4599600,{'interleave': 'random'},4.5996
shared,0,thrashing,SecondChance,LocalAllocation,163,2,2131700,{'interleave': 'random'},2.1317
shared,1,thrashing,SecondChance,LocalAllocation,163,2,2120900,{'interleave': 'random'},2.1209
shared_total,,thrashing,SecondChance,LocalAllocation,163,3,5808300,{'interleave': 'random'},5.8083
shared,0,thrashing,SecondChance,LocalAllocation,163,3,2704800,{'interleave': 'random'},2.7048
shared,1,thrashing,SecondChance,LocalAllocation,163,3,2656800,{'interleave': 'random'},2.6568
shared_total,,thrashing,SecondChance,LocalAllocation,163,4,4618100,{'interleave': 'random'},4.6181
shared,0,thrashing,SecondChance,LocalAllocation,163,4,2138100,{'interleave': 'random'},2.1381
shared,1,thrashing,SecondChance,LocalAllocation,163,4,2132100,{'interleave': 'random'},2.1321
shared_total,,thrashing,SecondChance,LocalAllocation,163,5,4566300,{'interleave': 'random'},4.5663
shared,0,thrashing,SecondChance,LocalAllocation,163,5,2118800,{'interleave': 'random'},2.1188
shared,1,thrashing,SecondChance,LocalAllocation,163,5,2109000,{'interleave': 'random'},2.109
shared_total,,thrashing,SecondChance,LocalAllocation,163,6,4619700,{'interleave': 'random'},4.6197
shared,0,thrashing,SecondChance,LocalAllocation,163,6,2136300,{'interleave': 'random'},2.1363
shared,1,thrashing,SecondChance,LocalAllocation,163,6,2133300,{'interleave': 'random'},2.1333
shared_total,,thrashing,SecondChance,LocalAllocation,163,7,4580300,{'interleave': 'random'},4.5803
shared,0,thrashing,SecondChance,LocalAllocation,163,7,2117300,{'interleave': 'random'},2.1173
shared,1,thrashing,SecondChance,LocalAllocation,163,7,2113500,{'interleave': 'random'},2.1135
shared_total,,thrashing,SecondChance,LocalAllocation,163,8,4613400,{'interleave': 'random'},4.6134
shared,0,thrashing,SecondChance,LocalAllocation,163,8,2136200,{'interleave': 'random'},2.1362
shared,1,thrashing,SecondChance,LocalAllocation,163,8,2120500,{'interleave': 'random'},2.1205
shared_total,,thrashing,SecondChance,LocalAllocation,163,9,4616600,{'interleave': 'random'},4.6166
shared,0,thrashing,SecondChance,LocalAllocation,163,9,2134700,{'interleave': 'random'},2.1347
shared,1,thrashing,SecondChance,LocalAllocation,163,9,2127600,{'interleave': 'random'},2.1276
shared_total,,thrashing,SecondChance,ProportionalAllocation,163,0,4590900,{'interleave': 'random'},4.5909
shared,0,thrashing,SecondChance,ProportionalAllocation,163,0,2092300,{'interleave': 'random'},2.0923
shared,1,thrashing,SecondChance,ProportionalAllocation,163,0,2153300,{'interleave': 'random'},2.1533
shared_total,,thrashing,SecondChance,ProportionalAllocation,163,1,4608000,{'interleave': 'random'},4.608
shared,0,thrashing,SecondChance,ProportionalAllocation,163,1,2091100,{'interleave': 'random'},2.0911
shared,1,thrashing,SecondChance,ProportionalAllocation,163,1,2161800,{'interleave': 'random'},2.1618
shared_total,,thrashing,SecondChance,ProportionalAllocation,163,2,4566100,{'interleave': 'random'},4.5661
shared,0,thrashing,SecondChance,ProportionalAllocation,163,2,2082500,{'interleave': 'random'},2.0825
shared,1,thrashing,SecondChance,ProportionalAllocation,163,2,2146100,{'interleave': 'random'},2.1461
shared_total,,thrashing,SecondChance,ProportionalAllocation,163,3,4664400,{'interleave': 'random'},4.6644
shared,0,thrashing,SecondChance,ProportionalAllocation,163,3,2141400,{'interleave': 'random'},2.1414
shared,1,thrashing,SecondChance,ProportionalAllocation,163,3,2173800,{'interleave': 'random'},2.1738
shared_total,,thrashing,SecondChance,ProportionalAllocation,163,4,4535100,{'interleave': 'random'},4.5351
shared,0,thrashing,SecondChance,ProportionalAllocation,163,4,2060600,{'interleave': 'random'},2.0606
shared,1,thrashing,SecondChance,ProportionalAllocation,163,4,2130200,{'interleave': 'random'},2.1302
shared_total,,thrashing,SecondChance,ProportionalAllocation,163,5,4535400,{'interleave': 'random'},4.5354
shared,0,thrashing,SecondChance,ProportionalAllocation,163,5,2056300,{'interleave': 'random'},2.0563
shared,1,thrashing,SecondChance,ProportionalAllocation,163,5,2120900,{'interleave': 'random'},2.1209
shared_total,,thrashing,SecondChance,ProportionalAllocation,163,6,4543500,{'interleave': 'random'},4.5435
shared,0,thrashing,SecondChance,ProportionalAllocation,163,6,2063600,{'interleave': 'random'},2.0636
shared,1,thrashing,SecondChance,ProportionalAllocation,163,6,2129600,{'interleave': 'random'},2.1296
shared_total,,thrashing,SecondChance,ProportionalAllocation,163,7,8752100,{'interleave': 'random'},8.7521
shared,0,thrashing,SecondChance,ProportionalAllocation,163,7,3897300,{'interleave': 'random'},3.8973
shared,1,thrashing,SecondChance,ProportionalAllocation,163,7,4170700,{'interleave': 'random'},4.1707
shared_total,,thrashing,SecondChance,ProportionalAllocation,163,8,4568200,{'interleave': 'random'},4.5682
shared,0,thrashing,SecondChance,ProportionalAllocation,163,8,2078400,{'interleave': 'random'},2.0784
shared,1,thrashing,SecondChance,ProportionalAllocation,163,8,2142300,{'interleave': 'random'},2.1423
shared_total,,thrashing,SecondChance,ProportionalAllocation,163,9,4620100,{'interleave': 'random'},4.6201
shared,0,thrashing,SecondChance,ProportionalAllocation,163,9,2104700,{'interleave': 'random'},2.1047
shared,1,thrashing,SecondChance,ProportionalAllocation,163,9,2162900,{'interleave': 'random'},2.1629
shared_total,,thrashing,WSClock,GlobalAllocation,163,0,34808500,{'interleave': 'random'},34.8085
shared,0,thrashing,WSClock,GlobalAllocation,163,0,17423300,{'interleave': 'random'},17.4233
shared,1,thrashing,WSClock,GlobalAllocation,163,0,16935700,{'interleave': 'random'},16.9357
shared_total,,thrashing,WSClock,GlobalAllocation,163,1,34715300,{'interleave': 'random'},34.7153
shared,0,thrashing,WSClock,GlobalAllocation,163,1,16014800,{'interleave': 'random'},16.0148
shared,1,thrashing,WSClock,GlobalAllocation,163,1,18294100,{'interleave': 'random'},18.2941
shared_total,,thrashing,WSClock,GlobalAllocation,163,2,29606100,{'interleave': 'random'},29.6061
shared,0,thrashing,WSClock,GlobalAllocation,163,2,14847500,{'interleave': 'random'},14.8475
shared,1,thrashing,WSClock,GlobalAllocation,163,2,14376000,{'interleave': 'random'},14.376
shared_total,,thrashing,WSClock,GlobalAllocation,163,3,36455600,{'interleave': 'random'},36.4556
shared,0,thrashing,WSClock,GlobalAllocation,163,3,17843700,{'interleave': 'random'},17.8437
shared,1,thrashing,WSClock,GlobalAllocation,163,3,18175300,{'interleave': 'random'},18.1753
shared_total,,thrashing,WSClock,GlobalAllocation,163,4,46788100,{'interleave': 'random'},46.7881
shared,0,thrashing,WSClock,GlobalAllocation,163,4,23697000,{'interleave': 'random'},23.697
shared,1,thrashing,WSClock,GlobalAllocation,163,4,22546700,{'interleave': 'random'},22.5467
shared_total,,thrashing,WSClock,GlobalAllocation,163,5,31601200,{'interleave': 'random'},31.6012
shared,0,thrashing,WSClock,GlobalAllocation,163,5,14287700,{'interleave': 'random'},14.2877
shared,1,thrashing,WSClock,GlobalAllocation,163,5,16935900,{'interleave': 'random'},16.9359
shared_total,,thrashing,WSClock,GlobalAllocation,163,6,34002200,{'interleave': 'random'},34.0022
shared,0,thrashing,WSClock,GlobalAllocation,163,6,15892500,{'interleave': 'random'},15.8925
shared,1,thrashing,WSClock,GlobalAllocation,163,6,17737200,{'interleave': 'random'},17.7372
shared_total,,thrashing,WSClock,GlobalAllocation,163,7,35126300,{'interleave': 'random'},35.1263
shared,0,thrashing,WSClock,GlobalAllocation,163,7,16476700,{'interleave': 'random'},16.4767
shared,1,thrashing,WSClock,GlobalAllocation,163,7,18252200,{'interleave': 'random'},18.2522
shared_total,,thrashing,WSClock,GlobalAllocation,163,8,32530100,{'interleave': 'random'},32.5301
shared,0,thrashing,WSClock,GlobalAllocation,163,8,15661500,{'interleave': 'random'},15.6615
shared,1,thrashing,WSClock,GlobalAllocation,163,8,16460900,{'interleave': 'random'},16.4609
shared_total,,thrashing,WSClock,GlobalAllocation,163,9,36678500,{'interleave': 'random'},36.6785
shared,0,thrashing,WSClock,GlobalAllocation,163,9,16107800,{'interleave': 'random'},16.1078
shared,1,thrashing,WSClock,GlobalAllocation,163,9,20182800,{'interleave': 'random'},20.1828
shared_total,,thrashing,WSClock,LocalAllocation,163,0,93082200,{'interleave': 'random'},93.0822
shared,0,thrashing,WSClock,LocalAllocation,163,0,46307300,{'interleave': 'random'},46.3073
shared,1,thrashing,WSClock,LocalAllocation,163,0,46325500,{'interleave': 'random'},46.3255
shared_total,,thrashing,WSClock,LocalAllocation,163,1,104404200,{'interleave': 'random'},104.4042
shared,0,thrashing,WSClock,LocalAllocation,163,1,52431000,{'interleave': 'random'},52.431
shared,1,thrashing,WSClock,LocalAllocation,163,1,51412800,{'interleave': 'random'},51.4128
shared_total,,thrashing,WSClock,LocalAllocation,163,2,89999800,{'interleave': 'random'},89.9998
shared,0,thrashing,WSClock,LocalAllocation,163,2,45112300,{'interleave': 'random'},45.1123
shared,1,thrashing,WSClock,LocalAllocation,163,2,44473700,{'interleave': 'random'},44.4737
shared_total,,thrashing,WSClock,LocalAllocation,163,3,89600800,{'interleave': 'random'},89.6008
shared,0,thrashing,WSClock,LocalAllocation,163,3,44885600,{'interleave': 'random'},44.8856
shared,1,thrashing,WSClock,LocalAllocation,163,3,44300400,{'interleave': 'random'},44.3004
shared_total,,thrashing,WSClock,LocalAllocation,163,4,108703200,{'interleave': 'random'},108.7032
shared,0,thrashing,WSClock,LocalAllocation,163,4,53578200,{'interleave': 'random'},53.5782
shared,1,thrashing,WSClock,LocalAllocation,163,4,54595800,{'interleave': 'random'},54.5958
shared_total,,thrashing,WSClock,LocalAllocation,163,5,89814100,{'interleave': 'random'},89.8141
shared,0,thrashing,WSClock,LocalAllocation,163,5,44909100,{'interleave': 'random'},44.9091
shared,1,thrashing,WSClock,LocalAllocation,163,5,44481900,{'interleave': 'random'},44.4819
shared_total,,thrashing,WSClock,LocalAllocation,163,6,102151100,{'interleave': 'random'},102.1511
shared,0,thrashing,WSClock,LocalAllocation,163,6,51229100,{'interleave': 'random'},51.2291
shared,1,thrashing,WSClock,LocalAllocation,163,6,50401800,{'interleave': 'random'},50.4018
shared_total,,thrashing,WSClock,LocalAllocation,163,7,81927600,{'interleave': 'random'},81.9276
shared,0,thrashing,WSClock,LocalAllocation,163,7,40972800,{'interleave': 'random'},40.9728
shared,1,thrashing,WSClock,LocalAllocation,163,7,40576800,{'interleave': 'random'},40.5768
shared_total,,thrashing,WSClock,LocalAllocation,163,8,90248300,{'interleave': 'random'},90.2483
shared,0,thrashing,WSClock,LocalAllocation,163,8,45340300,{'interleave': 'random'},45.3403
shared,1,thrashing,WSClock,LocalAllocation,163,8,44471800,{'interleave': 'random'},44.4718
shared_total,,thrashing,WSClock,LocalAllocation,163,9,98364500,{'interleave': 'random'},98.3645
shared,0,thrashing,WSClock,LocalAllocation,163,9,49543200,{'interleave': 'random'},49.5432
shared,1,thrashing,WSClock,LocalAllocation,163,9,48351200,{'interleave': 'random'},48.3512
shared_total,,thrashing,WSClock,ProportionalAllocation,163,0,90450600,{'interleave': 'random'},90.4506
shared,0,thrashing,WSClock,ProportionalAllocation,163,0,42156900,{'interleave': 'random'},42.1569
shared,1,thrashing,WSClock,ProportionalAllocation,163,0,47882800,{'interleave': 'random'},47.8828
shared_total,,thrashing,WSClock,ProportionalAllocation,163,1,91575200,{'interleave': 'random'},91.5752
shared,0,thrashing,WSClock,ProportionalAllocation,163,1,43071900,{'interleave': 'random'},43.0719
shared,1,thrashing,WSClock,ProportionalAllocation,163,1,48068800,{'interleave': 'random'},48.0688
shared_total,,thrashing,WSClock,ProportionalAllocation,163,2,94389700,{'interleave': 'random'},94.3897
shared,0,thrashing,WSClock,ProportionalAllocation,163,2,44114900,{'interleave': 'random'},44.1149
shared,1,thrashing,WSClock,ProportionalAllocation,163,2,49819600,{'interleave': 'random'},49.8196
shared_total,,thrashing,WSClock,ProportionalAllocation,163,3,89408400,{'interleave': 'random'},89.4084
shared,0,thrashing,WSClock,ProportionalAllocation,163,3,41767900,{'interleave': 'random'},41.7679
shared,1,thrashing,WSClock,ProportionalAllocation,163,3,47247000,{'interleave': 'random'},47.247
shared_total,,thrashing,WSClock,ProportionalAllocation,163,4,102604300,{'interleave': 'random'},102.6043
shared,0,thrashing,WSClock,ProportionalAllocation,163,4,47507300,{'interleave': 'random'},47.5073
shared,1,thrashing,WSClock,ProportionalAllocation,163,4,54562400,{'interleave': 'random'},54.5624
shared_total,,thrashing,WSClock,ProportionalAllocation,163,5,89518600,{'interleave': 'random'},89.5186
shared,0,thrashing,WSClock,ProportionalAllocation,163,5,41699700,{'interleave': 'random'},41.6997
shared,1,thrashing,WSClock,ProportionalAllocation,163,5,47402700,{'interleave': 'random'},47.4027
shared_total,,thrashing,WSClock,ProportionalAllocation,163,6,90053600,{'interleave': 'random'},90.0536
shared,0,thrashing,WSClock,ProportionalAllocation,163,6,41967500,{'interleave': 'random'},41.9675
shared,1,thrashing,WSClock,ProportionalAllocation,163,6,47649600,{'interleave': 'random'},47.6496
shared_total,,thrashing,WSClock,ProportionalAllocation,163,7,103215800,{'interleave': 'random'},103.2158
shared,0,thrashing,WSClock,ProportionalAllocation,163,7,47181000,{'interleave': 'random'},47.181
shared,1,thrashing,WSClock,ProportionalAllocation,163,7,55503000,{'interleave': 'random'},55.503
shared_total,,thrashing,WSClock,ProportionalAllocation,163,8,90210700,{'interleave': 'random'},90.2107
shared,0,thrashing,WSClock,ProportionalAllocation,163,8,42184200,{'interleave': 'random'},42.1842
shared,1,thrashing,WSClock,ProportionalAllocation,163,8,47610400,{'interleave': 'random'},47.6104
shared_total,,thrashing,WSClock,ProportionalAllocation,163,9,90250300,{'interleave': 'random'},90.2503
shared,0,thrashing,WSClock,ProportionalAllocation,163,9,42232400,{'interleave': 'random'},42.2324
shared,1,thrashing,WSClock,ProportionalAllocation,163,9,47603700,{'interleave': 'random'},47.6037
shared_total,,thrashing,FIFO,GlobalAllocation,204,0,1335200,{'interleave': 'random'},1.3352
shared,0,thrashing,FIFO,GlobalAllocation,204,0,451600,{'interleave': 'random'},0.4516
shared,1,thrashing,FIFO,GlobalAllocation,204,0,555500,{'interleave': 'random'},0.5555
shared_total,,thrashing,FIFO,GlobalAllocation,204,1,1479000,{'interleave': 'random'},1.479
shared,0,thrashing,FIFO,GlobalAllocation,204,1,482800,{'interleave': 'random'},0.4828
shared,1,thrashing,FIFO,GlobalAllocation,204,1,664100,{'interleave': 'random'},0.6641
shared_total,,thrashing,FIFO,GlobalAllocation,204,2,1334700,{'interleave': 'random'},1.3347
shared,0,thrashing,FIFO,GlobalAllocation,204,2,454000,{'interleave': 'random'},0.454
shared,1,thrashing,FIFO,GlobalAllocation,204,2,550500,{'interleave': 'random'},0.5505
shared_total,,thrashing,FIFO,GlobalAllocation,204,3,1341100,{'interleave': 'random'},1.3411
shared,0,thrashing,FIFO,GlobalAllocation,204,3,453600,{'interleave': 'random'},0.4536
shared,1,thrashing,FIFO,GlobalAllocation,204,3,551600,{'interleave': 'random'},0.5516
shared_total,,thrashing,FIFO,GlobalAllocation,204,4,1393000,{'interleave': 'random'},1.393
shared,0,thrashing,FIFO,GlobalAllocation,204,4,462100,{'interleave': 'random'},0.4621
shared,1,thrashing,FIFO,GlobalAllocation,204,4,583300,{'interleave': 'random'},0.5833
shared_total,,thrashing,FIFO,GlobalAllocation,204,5,1336600,{'interleave': 'random'},1.3366
shared,0,thrashing,FIFO,GlobalAllocation,204,5,460000,{'interleave': 'random'},0.46
shared,1,thrashing,FIFO,GlobalAllocation,204,5,552500,{'interleave': 'random'},0.5525
shared_total,,thrashing,FIFO,GlobalAllocation,204,6,1323200,{'interleave': 'random'},1.3232
shared,0,thrashing,FIFO,GlobalAllocation,204,6,448500,{'interleave': 'random'},0.4485
shared,1,thrashing,FIFO,GlobalAllocation,204,6,546500,{'interleave': 'random'},0.5465
shared_total,,thrashing,FIFO,GlobalAllocation,204,7,1320600,{'interleave': 'random'},1.3206
shared,0,thrashing,FIFO,GlobalAllocation,204,7,447800,{'interleave': 'random'},0.4478
shared,1,thrashing,FIFO,GlobalAllocation,204,7,544500,{'interleave': 'random'},0.5445
shared_total,,thrashing,FIFO,GlobalAllocation,204,8,1330600,{'interleave': 'random'},1.3306
shared,0,thrashing,FIFO,GlobalAllocation,204,8,451600,{'interleave': 'random'},0.4516
shared,1,thrashing,FIFO,GlobalAllocation,204,8,550000,{'interleave': 'random'},0.55
shared_total,,thrashing,FIFO,GlobalAllocation,204,9,1318800,{'interleave': 'random'},1.3188
shared,0,thrashing,FIFO,GlobalAllocation,204,9,453500,{'interleave': 'random'},0.4535
shared,1,thrashing,FIFO,GlobalAllocation,204,9,545000,{'interleave': 'random'},0.545
shared_total,,thrashing,FIFO,LocalAllocation,204,0,1900400,{'interleave': 'random'},1.9004
shared,0,thrashing,FIFO,LocalAllocation,204,0,366600,{'interleave': 'random'},0.3666
shared,1,thrashing,FIFO,LocalAllocation,204,0,1175700,{'interleave': 'random'},1.1757
shared_total,,thrashing,FIFO,LocalAllocation,204,1,1899200,{'interleave': 'random'},1.8992
shared,0,thrashing,FIFO,LocalAllocation,204,1,358300,{'interleave': 'random'},0.3583
shared,1,thrashing,FIFO,LocalAllocation,204,1,1214600,{'interleave': 'random'},1.2146
shared_total,,thrashing,FIFO,LocalAllocation,204,2,1795100,{'interleave': 'random'},1.7951
shared,0,thrashing,FIFO,LocalAllocation,204,2,355800,{'interleave': 'random'},0.3558
shared,1,thrashing,FIFO,LocalAllocation,204,2,1108800,{'interleave': 'random'},1.1088
shared_total,,thrashing,FIFO,LocalAllocation,204,3,1809600,{'interleave': 'random'},1.8096
shared,0,thrashing,FIFO,LocalAllocation,204,3,360600,{'interleave': 'random'},0.3606
shared,1,thrashing,FIFO,LocalAllocation,204,3,1116100,{'interleave': 'random'},1.1161
shared_total,,thrashing,FIFO,LocalAllocation,204,4,1836600,{'interleave': 'random'},1.8366
shared,0,thrashing,FIFO,LocalAllocation,204,4,361600,{'interleave': 'random'},0.3616
shared,1,thrashing,FIFO,LocalAllocation,204,4,1114500,{'interleave': 'random'},1.1145
shared_total,,thrashing,FIFO,LocalAllocation,204,5,1826300,{'interleave': 'random'},1.8263
shared,0,thrashing,FIFO,LocalAllocation,204,5,366700,{'interleave': 'random'},0.3667
shared,1,thrashing,FIFO,LocalAllocation,204,5,1120300,{'interleave': 'random'},1.1203
shared_total,,thrashing,FIFO,LocalAllocation,204,6,1796300,{'interleave': 'random'},1.7963
shared,0,thrashing,FIFO,LocalAllocation,204,6,356600,{'interleave': 'random'},0.3566
shared,1,thrashing,FIFO,LocalAllocation,204,6,1105200,{'interleave': 'random'},1.1052
shared_total,,thrashing,FIFO,LocalAllocation,204,7,1805800,{'interleave': 'random'},1.8058
shared,0,thrashing,FIFO,LocalAllocation,204,7,362600,{'interleave': 'random'},0.3626
shared,1,thrashing,FIFO,LocalAllocation,204,7,1111600,{'interleave': 'random'},1.1116
shared_total,,thrashing,FIFO,LocalAllocation,204,8,1808300,{'interleave': 'random'},1.8083
shared,0,thrashing,FIFO,LocalAllocation,204,8,362400,{'interleave': 'random'},0.3624
shared,1,thrashing,FIFO,LocalAllocation,204,8,1113800,{'interleave': 'random'},1.1138
shared_total,,thrashing,FIFO,LocalAllocation,204,9,1805700,{'interleave': 'random'},1.8057
shared,0,thrashing,FIFO,LocalAllocation,204,9,360200,{'interleave': 'random'},0.3602
shared,1,thrashing,FIFO,LocalAllocation,204,9,1106800,{'interleave': 'random'},1.1068
shared_total,,thrashing,FIFO,ProportionalAllocation,204,0,973700,{'interleave': 'random'},0.9737
shared,0,thrashing,FIFO,ProportionalAllocation,204,0,329900,{'interleave': 'random'},0.3299
shared,1,thrashing,FIFO,ProportionalAllocation,204,0,338600,{'interleave': 'random'},0.3386
shared_total,,thrashing,FIFO,ProportionalAllocation,204,1,1029700,{'interleave': 'random'},1.0297
shared,0,thrashing,FIFO,ProportionalAllocation,204,1,350400,{'interleave': 'random'},0.3504
shared,1,thrashing,FIFO,ProportionalAllocation,204,1,358400,{'interleave': 'random'},0.3584
shared_total,,thrashing,FIFO,ProportionalAllocation,204,2,977200,{'interleave': 'random'},0.9772
shared,0,thrashing,FIFO,ProportionalAllocation,204,2,335800,{'interleave': 'random'},0.3358
shared,1,thrashing,FIFO,ProportionalAllocation,204,2,340400,{'interleave': 'random'},0.3404
shared_total,,thrashing,FIFO,ProportionalAllocation,204,3,988600,{'interleave': 'random'},0.9886
shared,0,thrashing,FIFO,ProportionalAllocation,204,3,339000,{'interleave': 'random'},0.339
shared,1,thrashing,FIFO,ProportionalAllocation,204,3,336500,{'interleave': 'random'},0.3365
shared_total,,thrashing,FIFO,ProportionalAllocation,204,4,1145500,{'interleave': 'random'},1.1455
shared,0,thrashing,FIFO,ProportionalAllocation,204,4,371300,{'interleave': 'random'},0.3713
shared,1,thrashing,FIFO,ProportionalAllocation,204,4,415700,{'interleave': 'random'},0.4157
shared_total,,thrashing,FIFO,ProportionalAllocation,204,5,998800,{'interleave': 'random'},0.9988
shared,0,thrashing,FIFO,ProportionalAllocation,204,5,339300,{'interleave': 'random'},0.3393
shared,1,thrashing,FIFO,ProportionalAllocation,204,5,344000,{'interleave': 'random'},0.344
shared_total,,thrashing,FIFO,ProportionalAllocation,204,6,1001900,{'interleave': 'random'},1.0019
shared,0,thrashing,FIFO,ProportionalAllocation,204,6,343400,{'interleave': 'random'},0.3434
shared,1,thrashing,FIFO,ProportionalAllocation,204,6,346800,{'interleave': 'random'},0.3468
shared_total,,thrashing,FIFO,ProportionalAllocation,204,7,988400,{'interleave': 'random'},0.9884
shared,0,thrashing,FIFO,ProportionalAllocation,204,7,333800,{'interleave': 'random'},0.3338
shared,1,thrashing,FIFO,ProportionalAllocation,204,7,345400,{'interleave': 'random'},0.3454
shared_total,,thrashing,FIFO,ProportionalAllocation,204,8,1031000,{'interleave': 'random'},1.031
shared,0,thrashing,FIFO,ProportionalAllocation,204,8,351000,{'interleave': 'random'},0.351
shared,1,thrashing,FIFO,ProportionalAllocation,204,8,359700,{'interleave': 'random'},0.3597
shared_total,,thrashing,FIFO,ProportionalAllocation,204,9,1006300,{'interleave': 'random'},1.0063
shared,0,thrashing,FIFO,ProportionalAllocation,204,9,345900,{'interleave': 'random'},0.3459
shared,1,thrashing,FIFO,ProportionalAllocation,204,9,349300,{'interleave': 'random'},0.3493
shared_total,,thrashing,LRU,GlobalAllocation,204,0,1755600,{'interleave': 'random'},1.7556
shared,0,thrashing,LRU,GlobalAllocation,204,0,641700,{'interleave': 'random'},0.6417
shared,1,thrashing,LRU,GlobalAllocation,204,0,776800,{'interleave': 'random'},0.7768
shared_total,,thrashing,LRU,GlobalAllocation,204,1,1743900,{'interleave': 'random'},1.7439
shared,0,thrashing,LRU,GlobalAllocation,204,1,648900,{'interleave': 'random'},0.6489
shared,1,thrashing,LRU,GlobalAllocation,204,1,758700,{'interleave': 'random'},0.7587
shared_total,,thrashing,LRU,GlobalAllocation,204,2,1741100,{'interleave': 'random'},1.7411
shared,0,thrashing,LRU,GlobalAllocation,204,2,637500,{'interleave': 'random'},0.6375
shared,1,thrashing,LRU,GlobalAllocation,204,2,769200,{'interleave': 'random'},0.7692
shared_total,,thrashing,LRU,GlobalAllocation,204,3,1697400,{'interleave': 'random'},1.6974
shared,0,thrashing,LRU,GlobalAllocation,204,3,628500,{'interleave': 'random'},0.6285
shared,1,thrashing,LRU,GlobalAllocation,204,3,738500,{'interleave': 'random'},0.7385
shared_total,,thrashing,LRU,GlobalAllocation,204,4,1750700,{'interleave': 'random'},1.7507
shared,0,thrashing,LRU,GlobalAllocation,204,4,648100,{'interleave': 'random'},0.6481
shared,1,thrashing,LRU,GlobalAllocation,204,4,763300,{'interleave': 'random'},0.7633
shared_total,,thrashing,LRU,GlobalAllocation,204,5,1712200,{'interleave': 'random'},1.7122
shared,0,thrashing,LRU,GlobalAllocation,204,5,616800,{'interleave': 'random'},0.6168
shared,1,thrashing,LRU,GlobalAllocation,204,5,763700,{'interleave': 'random'},0.7637
shared_total,,thrashing,LRU,GlobalAllocation,204,6,1731300,{'interleave': 'random'},1.7313
shared,0,thrashing,LRU,GlobalAllocation,204,6,630600,{'interleave': 'random'},0.6306
shared,1,thrashing,LRU,GlobalAllocation,204,6,767500,{'interleave': 'random'},0.7675
shared_total,,thrashing,LRU,GlobalAllocation,204,7,1754300,{'interleave': 'random'},1.7543
shared,0,thrashing,LRU,GlobalAllocation,204,7,648500,{'interleave': 'random'},0.6485
shared,1,thrashing,LRU,GlobalAllocation,204,7,767200,{'interleave': 'random'},0.7672
shared_total,,thrashing,LRU,GlobalAllocation,204,8,1692100,{'interleave': 'random'},1.6921
shared,0,thrashing,LRU,GlobalAllocation,204,8,615100,{'interleave': 'random'},0.6151
shared,1,thrashing,LRU,GlobalAllocation,204,8,745600,{'interleave': 'random'},0.7456
shared_total,,thrashing,LRU,GlobalAllocation,204,9,1729400,{'interleave': 'random'},1.7294
shared,0,thrashing,LRU,GlobalAllocation,204,9,633600,{'interleave': 'random'},0.6336
shared,1,thrashing,LRU,GlobalAllocation,204,9,762100,{'interleave': 'random'},0.7621
shared_total,,thrashing,LRU,LocalAllocation,204,0,4255700,{'interleave': 'random'},4.2557
shared,0,thrashing,LRU,LocalAllocation,204,0,974100,{'interleave': 'random'},0.9741
shared,1,thrashing,LRU,LocalAllocation,204,0,2579300,{'interleave': 'random'},2.5793
shared_total,,thrashing,LRU,LocalAllocation,204,1,2214700,{'interleave': 'random'},2.2147
shared,0,thrashing,LRU,LocalAllocation,204,1,506500,{'interleave': 'random'},0.5065
shared,1,thrashing,LRU,LocalAllocation,204,1,1375600,{'interleave': 'random'},1.3756
shared_total,,thrashing,LRU,LocalAllocation,204,2,2234800,{'interleave': 'random'},2.2348
shared,0,thrashing,LRU,LocalAllocation,204,2,519000,{'interleave': 'random'},0.519
shared,1,thrashing,LRU,LocalAllocation,204,2,1379400,{'interleave': 'random'},1.3794
shared_total,,thrashing,LRU,LocalAllocation,204,3,2221100,{'interleave': 'random'},2.2211
shared,0,thrashing,LRU,LocalAllocation,204,3,510700,{'interleave': 'random'},0.5107
shared,1,thrashing,LRU,LocalAllocation,204,3,1372500,{'interleave': 'random'},1.3725
shared_total,,thrashing,LRU,LocalAllocation,204,4,2328400,{'interleave': 'random'},2.3284
shared,0,thrashing,LRU,LocalAllocation,204,4,540800,{'interleave': 'random'},0.5408
shared,1,thrashing,LRU,LocalAllocation,204,4,1430800,{'interleave': 'random'},1.4308
shared_total,,thrashing,LRU,LocalAllocation,204,5,2253400,{'interleave': 'random'},2.2534
shared,0,thrashing,LRU,LocalAllocation,204,5,527900,{'interleave': 'random'},0.5279
shared,1,thrashing,LRU,LocalAllocation,204,5,1382000,{'interleave': 'random'},1.382
shared_total,,thrashing,LRU,LocalAllocation,204,6,2219200,{'interleave': 'random'},2.2192
shared,0,thrashing,LRU,LocalAllocation,204,6,512300,{'interleave': 'random'},0.5123
shared,1,thrashing,LRU,LocalAllocation,204,6,1364000,{'interleave': 'random'},1.364
shared_total,,thrashing,LRU,LocalAllocation,204,7,2247000,{'interleave': 'random'},2.247
shared,0,thrashing,LRU,LocalAllocation,204,7,512300,{'interleave': 'random'},0.5123
shared,1,thrashing,LRU,LocalAllocation,204,7,1392000,{'interleave': 'random'},1.392
shared_total,,thrashing,LRU,LocalAllocation,204,8,2213600,{'interleave': 'random'},2.2136
shared,0,thrashing,LRU,LocalAllocation,204,8,517600,{'interleave': 'random'},0.5176
shared,1,thrashing,LRU,LocalAllocation,204,8,1364400,{'interleave': 'random'},1.3644
shared_total,,thrashing,LRU,LocalAllocation,204,9,2241000,{'interleave': 'random'},2.241
shared,0,thrashing,LRU,LocalAllocation,204,9,520100,{'interleave': 'random'},0.5201
shared,1,thrashing,LRU,LocalAllocation,204,9,1382600,{'interleave': 'random'},1.3826
shared_total,,thrashing,LRU,ProportionalAllocation,204,0,1281100,{'interleave': 'random'},1.2811
shared,0,thrashing,LRU,ProportionalAllocation,204,0,464900,{'interleave': 'random'},0.4649
shared,1,thrashing,LRU,ProportionalAllocation,204,0,474700,{'interleave': 'random'},0.4747
shared_total,,thrashing,LRU,ProportionalAllocation,204,1,1307000,{'interleave': 'random'},1.307
shared,0,thrashing,LRU,ProportionalAllocation,204,1,480700,{'interleave': 'random'},0.4807
shared,1,thrashing,LRU,ProportionalAllocation,204,1,476500,{'interleave': 'random'},0.4765
shared_total,,thrashing,LRU,ProportionalAllocation,204,2,1273400,{'interleave': 'random'},1.2734
shared,0,thrashing,LRU,ProportionalAllocation,204,2,467100,{'interleave': 'random'},0.4671
shared,1,thrashing,LRU,ProportionalAllocation,204,2,472500,{'interleave': 'random'},0.4725
shared_total,,thrashing,LRU,ProportionalAllocation,204,3,1302800,{'interleave': 'random'},1.3028
shared,0,thrashing,LRU,ProportionalAllocation,204,3,482300,{'interleave': 'random'},0.4823
shared,1,thrashing,LRU,ProportionalAllocation,204,3,492700,{'interleave': 'random'},0.4927
shared_total,,thrashing,LRU,ProportionalAllocation,204,4,1291900,{'interleave': 'random'},1.2919
shared,0,thrashing,LRU,ProportionalAllocation,204,4,479700,{'interleave': 'random'},0.4797
shared,1,thrashing,LRU,ProportionalAllocation,204,4,479900,{'interleave': 'random'},0.4799
shared_total,,thrashing,LRU,ProportionalAllocation,204,5,1268400,{'interleave': 'random'},1.2684
shared,0,thrashing,LRU,ProportionalAllocation,204,5,458800,{'interleave': 'random'},0.4588
shared,1,thrashing,LRU,ProportionalAllocation,204,5,463800,{'interleave': 'random'},0.4638
shared_total,,thrashing,LRU,ProportionalAllocation,204,6,1399500,{'interleave': 'random'},1.3995
shared,0,thrashing,LRU,ProportionalAllocation,204,6,521400,{'interleave': 'random'},0.5214
shared,1,thrashing,LRU,ProportionalAllocation,204,6,509500,{'interleave': 'random'},0.5095
shared_total,,thrashing,LRU,ProportionalAllocation,204,7,2354900,{'interleave': 'random'},2.3549
shared,0,thrashing,LRU,ProportionalAllocation,204,7,868900,{'interleave': 'random'},0.8689
shared,1,thrashing,LRU,ProportionalAllocation,204,7,911100,{'interleave': 'random'},0.9111
shared_total,,thrashing,LRU,ProportionalAllocation,204,8,1263900,{'interleave': 'random'},1.2639
shared,0,thrashing,LRU,ProportionalAllocation,204,8,458400,{'interleave': 'random'},0.4584
shared,1,thrashing,LRU,ProportionalAllocation,204,8,462900,{'interleave': 'random'},0.4629
shared_total,,thrashing,LRU,ProportionalAllocation,204,9,1243500,{'interleave': 'random'},1.2435
shared,0,thrashing,LRU,ProportionalAllocation,204,9,463200,{'interleave': 'random'},0.4632
shared,1,thrashing,LRU,ProportionalAllocation,204,9,470900,{'interleave': 'random'},0.4709
shared_total,,thrashing,NRU,GlobalAllocation,204,0,1550700,{'interleave': 'random'},1.5507
shared,0,thrashing,NRU,GlobalAllocation,204,0,585200,{'interleave': 'random'},0.5852
shared,1,thrashing,NRU,GlobalAllocation,204,0,668500,{'interleave': 'random'},0.6685
shared_total,,thrashing,NRU,GlobalAllocation,204,1,1586800,{'interleave': 'random'},1.5868
shared,0,thrashing,NRU,GlobalAllocation,204,1,602300,{'interleave': 'random'},0.6023
shared,1,thrashing,NRU,GlobalAllocation,204,1,687400,{'interleave': 'random'},0.6874
shared_total,,thrashing,NRU,GlobalAllocation,204,2,1855400,{'interleave': 'random'},1.8554
shared,0,thrashing,NRU,GlobalAllocation,204,2,681400,{'interleave': 'random'},0.6814
shared,1,thrashing,NRU,GlobalAllocation,204,2,846600,{'interleave': 'random'},0.8466
shared_total,,thrashing,NRU,GlobalAllocation,204,3,1822000,{'interleave': 'random'},1.822
shared,0,thrashing,NRU,GlobalAllocation,204,3,689600,{'interleave': 'random'},0.6896
shared,1,thrashing,NRU,GlobalAllocation,204,3,782100,{'interleave': 'random'},0.7821
shared_total,,thrashing,NRU,GlobalAllocation,204,4,1750400,{'interleave': 'random'},1.7504
shared,0,thrashing,NRU,GlobalAllocation,204,4,677500,{'interleave': 'random'},0.6775
shared,1,thrashing,NRU,GlobalAllocation,204,4,744300,{'interleave': 'random'},0.7443
shared_total,,thrashing,NRU,GlobalAllocation,204,5,1756600,{'interleave': 'random'},1.7566
shared,0,thrashing,NRU,GlobalAllocation,204,5,658900,{'interleave': 'random'},0.6589
shared,1,thrashing,NRU,GlobalAllocation,204,5,768900,{'interleave': 'random'},0.7689
shared_total,,thrashing,NRU,GlobalAllocation,204,6,1747000,{'interleave': 'random'},1.747
shared,0,thrashing,NRU,GlobalAllocation,204,6,652000,{'interleave': 'random'},0.652
shared,1,thrashing,NRU,GlobalAllocation,204,6,769100,{'interleave': 'random'},0.7691
shared_total,,thrashing,NRU,GlobalAllocation,204,7,1737500,{'interleave': 'random'},1.7375
shared,0,thrashing,NRU,GlobalAllocation,204,7,645800,{'interleave': 'random'},0.6458
shared,1,thrashing,NRU,GlobalAllocation,204,7,759300,{'interleave': 'random'},0.7593
shared_total,,thrashing,NRU,GlobalAllocation,204,8,1730000,{'interleave': 'random'},1.73
shared,0,thrashing,NRU,GlobalAllocation,204,8,643000,{'interleave': 'random'},0.643
shared,1,thrashing,NRU,GlobalAllocation,204,8,758300,{'interleave': 'random'},0.7583
shared_total,,thrashing,NRU,GlobalAllocation,204,9,1744900,{'interleave': 'random'},1.7449
shared,0,thrashing,NRU,GlobalAllocation,204,9,682900,{'interleave': 'random'},0.6829
shared,1,thrashing,NRU,GlobalAllocation,204,9,735200,{'interleave': 'random'},0.7352
shared_total,,thrashing,NRU,LocalAllocation,204,0,5746900,{'interleave': 'random'},5.7469
shared,0,thrashing,NRU,LocalAllocation,204,0,508200,{'interleave': 'random'},0.5082
shared,1,thrashing,NRU,LocalAllocation,204,0,4900100,{'interleave': 'random'},4.9001
shared_total,,thrashing,NRU,LocalAllocation,204,1,6373600,{'interleave': 'random'},6.3736
shared,0,thrashing,NRU,LocalAllocation,204,1,510100,{'interleave': 'random'},0.5101
shared,1,thrashing,NRU,LocalAllocation,204,1,5510300,{'interleave': 'random'},5.5103
shared_total,,thrashing,NRU,LocalAllocation,204,2,6162100,{'interleave': 'random'},6.1621
shared,0,thrashing,NRU,LocalAllocation,204,2,503400,{'interleave': 'random'},0.5034
shared,1,thrashing,NRU,LocalAllocation,204,2,5317800,{'interleave': 'random'},5.3178
shared_total,,thrashing,NRU,LocalAllocation,204,3,6246400,{'interleave': 'random'},6.2464
shared,0,thrashing,NRU,LocalAllocation,204,3,514600,{'interleave': 'random'},0.5146
shared,1,thrashing,NRU,LocalAllocation,204,3,5381500,{'interleave': 'random'},5.3815
shared_total,,thrashing,NRU,LocalAllocation,204,4,5971800,{'interleave': 'random'},5.9718
shared,0,thrashing,NRU,LocalAllocation,204,4,507100,{'interleave': 'random'},0.5071
shared,1,thrashing,NRU,LocalAllocation,204,4,5121400,{'interleave': 'random'},5.1214
shared_total,,thrashing,NRU,LocalAllocation,204,5,7661500,{'interleave': 'random'},7.6615
shared,0,thrashing,NRU,LocalAllocation,204,5,713700,{'interleave': 'random'},0.7137
shared,1,thrashing,NRU,LocalAllocation,204,5,6486300,{'interleave': 'random'},6.4863
shared_total,,thrashing,NRU,LocalAllocation,204,6,6159800,{'interleave': 'random'},6.1598
shared,0,thrashing,NRU,LocalAllocation,204,6,505600,{'interleave': 'random'},0.5056
shared,1,thrashing,NRU,LocalAllocation,204,6,5313100,{'interleave': 'random'},5.3131
shared_total,,thrashing,NRU,LocalAllocation,204,7,6165400,{'interleave': 'random'},6.1654
shared,0,thrashing,NRU,LocalAllocation,204,7,501700,{'interleave': 'random'},0.5017
shared,1,thrashing,NRU,LocalAllocation,204,7,5319900,{'interleave': 'random'},5.3199
shared_total,,thrashing,NRU,LocalAllocation,204,8,6074200,{'interleave': 'random'},6.0742
shared,0,thrashing,NRU,LocalAllocation,204,8,514800,{'interleave': 'random'},0.5148
shared,1,thrashing,NRU,LocalAllocation,204,8,5201100,{'interleave': 'random'},5.2011
shared_total,,thrashing,NRU,LocalAllocation,204,9,6307000,{'interleave': 'random'},6.307
shared,0,thrashing,NRU,LocalAllocation,204,9,674700,{'interleave': 'random'},0.6747
shared,1,thrashing,NRU,LocalAllocation,204,9,5258300,{'interleave': 'random'},5.2583
shared_total,,thrashing,NRU,ProportionalAllocation,204,0,1274300,{'interleave': 'random'},1.2743
shared,0,thrashing,NRU,ProportionalAllocation,204,0,467300,{'interleave': 'random'},0.4673
shared,1,thrashing,NRU,ProportionalAllocation,204,0,479700,{'interleave': 'random'},0.4797
shared_total,,thrashing,NRU,ProportionalAllocation,204,1,1297700,{'interleave': 'random'},1.2977
shared,0,thrashing,NRU,ProportionalAllocation,204,1,475900,{'interleave': 'random'},0.4759
shared,1,thrashing,NRU,ProportionalAllocation,204,1,483900,{'interleave': 'random'},0.4839
shared_total,,thrashing,NRU,ProportionalAllocation,204,2,1292100,{'interleave': 'random'},1.2921
shared,0,thrashing,NRU,ProportionalAllocation,204,2,474300,{'interleave': 'random'},0.4743
shared,1,thrashing,NRU,ProportionalAllocation,204,2,474600,{'interleave': 'random'},0.4746
shared_total,,thrashing,NRU,ProportionalAllocation,204,3,1309200,{'interleave': 'random'},1.3092
shared,0,thrashing,NRU,ProportionalAllocation,204,3,488100,{'interleave': 'random'},0.4881
shared,1,thrashing,NRU,ProportionalAllocation,204,3,498800,{'interleave': 'random'},0.4988
shared_total,,thrashing,NRU,ProportionalAllocation,204,4,1303400,{'interleave': 'random'},1.3034
shared,0,thrashing,NRU,ProportionalAllocation,204,4,470100,{'interleave': 'random'},0.4701
shared,1,thrashing,NRU,ProportionalAllocation,204,4,483700,{'interleave': 'random'},0.4837
shared_total,,thrashing,NRU,ProportionalAllocation,204,5,1331500,{'interleave': 'random'},1.3315
shared,0,thrashing,NRU,ProportionalAllocation,204,5,499400,{'interleave': 'random'},0.4994
shared,1,thrashing,NRU,ProportionalAllocation,204,5,504900,{'interleave': 'random'},0.5049
shared_total,,thrashing,NRU,ProportionalAllocation,204,6,1300800,{'interleave': 'random'},1.3008
shared,0,thrashing,NRU,ProportionalAllocation,204,6,481900,{'interleave': 'random'},0.4819
shared,1,thrashing,NRU,ProportionalAllocation,204,6,487500,{'interleave': 'random'},0.4875
shared_total,,thrashing,NRU,ProportionalAllocation,204,7,1334100,{'interleave': 'random'},1.3341
shared,0,thrashing,NRU,ProportionalAllocation,204,7,498500,{'interleave': 'random'},0.4985
shared,1,thrashing,NRU,ProportionalAllocation,204,7,510600,{'interleave': 'random'},0.5106
shared_total,,thrashing,NRU,ProportionalAllocation,204,8,1299600,{'interleave': 'random'},1.2996
shared,0,thrashing,NRU,ProportionalAllocation,204,8,481300,{'interleave': 'random'},0.4813
shared,1,thrashing,NRU,ProportionalAllocation,204,8,485600,{'interleave': 'random'},0.4856
shared_total,,thrashing,NRU,ProportionalAllocation,204,9,1349400,{'interleave': 'random'},1.3494
shared,0,thrashing,NRU,ProportionalAllocation,204,9,498400,{'interleave': 'random'},0.4984
shared,1,thrashing,NRU,ProportionalAllocation,204,9,519300,{'interleave': 'random'},0.5193
shared_total,,thrashing,SecondChance,GlobalAllocation,204,0,3223200,{'interleave': 'random'},3.2232
shared,0,thrashing,SecondChance,GlobalAllocation,204,0,1222600,{'interleave': 'random'},1.2226
shared,1,thrashing,SecondChance,GlobalAllocation,204,0,1382700,{'interleave': 'random'},1.3827
shared_total,,thrashing,SecondChance,GlobalAllocation,204,1,1656800,{'interleave': 'random'},1.6568
shared,0,thrashing,SecondChance,GlobalAllocation,204,1,599800,{'interleave': 'random'},0.5998
shared,1,thrashing,SecondChance,GlobalAllocation,204,1,733500,{'interleave': 'random'},0.7335
shared_total,,thrashing,SecondChance,GlobalAllocation,204,2,1648200,{'interleave': 'random'},1.6482
shared,0,thrashing,SecondChance,GlobalAllocation,204,2,587400,{'interleave': 'random'},0.5874
shared,1,thrashing,SecondChance,GlobalAllocation,204,2,739900,{'interleave': 'random'},0.7399
shared_total,,thrashing,SecondChance,GlobalAllocation,204,3,1647600,{'interleave': 'random'},1.6476
shared,0,thrashing,SecondChance,GlobalAllocation,204,3,588600,{'interleave': 'random'},0.5886
shared,1,thrashing,SecondChance,GlobalAllocation,204,3,737500,{'interleave': 'random'},0.7375
shared_total,,thrashing,SecondChance,GlobalAllocation,204,4,1675300,{'interleave': 'random'},1.6753
shared,0,thrashing,SecondChance,GlobalAllocation,204,4,613500,{'interleave': 'random'},0.6135
shared,1,thrashing,SecondChance,GlobalAllocation,204,4,731700,{'interleave': 'random'},0.7317
shared_total,,thrashing,SecondChance,GlobalAllocation,204,5,1663700,{'interleave': 'random'},1.6637
shared,0,thrashing,SecondChance,GlobalAllocation,204,5,598900,{'interleave': 'random'},0.5989
shared,1,thrashing,SecondChance,GlobalAllocation,204,5,741600,{'interleave': 'random'},0.7416
shared_total,,thrashing,SecondChance,GlobalAllocation,204,6,1670900,{'interleave': 'random'},1.6709
shared,0,thrashing,SecondChance,GlobalAllocation,204,6,601100,{'interleave': 'random'},0.6011
shared,1,thrashing,SecondChance,GlobalAllocation,204,6,743100,{'interleave': 'random'},0.7431
shared_total,,thrashing,SecondChance,GlobalAllocation,204,7,1701300,{'interleave': 'random'},1.7013
shared,0,thrashing,SecondChance,GlobalAllocation,204,7,620900,{'interleave': 'random'},0.6209
shared,1,thrashing,SecondChance,GlobalAllocation,204,7,750600,{'interleave': 'random'},0.7506
shared_total,,thrashing,SecondChance,GlobalAllocation,204,8,1665400,{'interleave': 'random'},1.6654
shared,0,thrashing,SecondChance,GlobalAllocation,204,8,613500,{'interleave': 'random'},0.6135
shared,1,thrashing,SecondChance,GlobalAllocation,204,8,726800,{'interleave': 'random'},0.7268
shared_total,,thrashing,SecondChance,GlobalAllocation,204,9,1699200,{'interleave': 'random'},1.6992
shared,0,thrashing,SecondChance,GlobalAllocation,204,9,607300,{'interleave': 'random'},0.6073
shared,1,thrashing,SecondChance,GlobalAllocation,204,9,759100,{'interleave': 'random'},0.7591
shared_total,,thrashing,SecondChance,LocalAllocation,204,0,3080300,{'interleave': 'random'},3.0803
shared,0,thrashing,SecondChance,LocalAllocation,204,0,470800,{'interleave': 'random'},0.4708
shared,1,thrashing,SecondChance,LocalAllocation,204,0,2263700,{'interleave': 'random'},2.2637
shared_total,,thrashing,SecondChance,LocalAllocation,204,1,3090300,{'interleave': 'random'},3.0903
shared,0,thrashing,SecondChance,LocalAllocation,204,1,465300,{'interleave': 'random'},0.4653
shared,1,thrashing,SecondChance,LocalAllocation,204,1,2266100,{'interleave': 'random'},2.2661
shared_total,,thrashing,SecondChance,LocalAllocation,204,2,3137500,{'interleave': 'random'},3.1375
shared,0,thrashing,SecondChance,LocalAllocation,204,2,486700,{'interleave': 'random'},0.4867
shared,1,thrashing,SecondChance,LocalAllocation,204,2,2287000,{'interleave': 'random'},2.287
shared_total,,thrashing,SecondChance,LocalAllocation,204,3,3084700,{'interleave': 'random'},3.0847
shared,0,thrashing,SecondChance,LocalAllocation,204,3,477600,{'interleave': 'random'},0.4776
shared,1,thrashing,SecondChance,LocalAllocation,204,3,2263600,{'interleave': 'random'},2.2636
shared_total,,thrashing,SecondChance,LocalAllocation,204,4,3107800,{'interleave': 'random'},3.1078
shared,0,thrashing,SecondChance,LocalAllocation,204,4,474600,{'interleave': 'random'},0.4746
shared,1,thrashing,SecondChance,LocalAllocation,204,4,2275300,{'interleave': 'random'},2.2753
shared_total,,thrashing,SecondChance,LocalAllocation,204,5,3046300,{'interleave': 'random'},3.0463
shared,0,thrashing,SecondChance,LocalAllocation,204,5,469600,{'interleave': 'random'},0.4696
shared,1,thrashing,SecondChance,LocalAllocation,204,5,2236300,{'interleave': 'random'},2.2363
shared_total,,thrashing,SecondChance,LocalAllocation,204,6,3064200,{'interleave': 'random'},3.0642
shared,0,thrashing,SecondChance,LocalAllocation,204,6,463400,{'interleave': 'random'},0.4634
shared,1,thrashing,SecondChance,LocalAllocation,204,6,2255000,{'interleave': 'random'},2.255
shared_total,,thrashing,SecondChance,LocalAllocation,204,7,3079200,{'interleave': 'random'},3.0792
shared,0,thrashing,SecondChance,LocalAllocation,204,7,469400,{'interleave': 'random'},0.4694
shared,1,thrashing,SecondChance,LocalAllocation,204,7,2261700,{'interleave': 'random'},2.2617
shared_total,,thrashing,SecondChance,LocalAllocation,204,8,3067700,{'interleave': 'random'},3.0677
shared,0,thrashing,SecondChance,LocalAllocation,204,8,465000,{'interleave': 'random'},0.465
shared,1,thrashing,SecondChance,LocalAllocation,204,8,2254500,{'interleave': 'random'},2.2545
shared_total,,thrashing,SecondChance,LocalAllocation,204,9,3060200,{'interleave': 'random'},3.0602
shared,0,thrashing,SecondChance,LocalAllocation,204,9,466000,{'interleave': 'random'},0.466
shared,1,thrashing,SecondChance,LocalAllocation,204,9,2250600,{'interleave': 'random'},2.2506
shared_total,,thrashing,SecondChance,ProportionalAllocation,204,0,1206300,{'interleave': 'random'},1.2063
shared,0,thrashing,SecondChance,ProportionalAllocation,204,0,434300,{'interleave': 'random'},0.4343
shared,1,thrashing,SecondChance,ProportionalAllocation,204,0,448200,{'interleave': 'random'},0.4482
shared_total,,thrashing,SecondChance,ProportionalAllocation,204,1,1254600,{'interleave': 'random'},1.2546
shared,0,thrashing,SecondChance,ProportionalAllocation,204,1,457100,{'interleave': 'random'},0.4571
shared,1,thrashing,SecondChance,ProportionalAllocation,204,1,471800,{'interleave': 'random'},0.4718
shared_total,,thrashing,SecondChance,ProportionalAllocation,204,2,1221000,{'interleave': 'random'},1.221
shared,0,thrashing,SecondChance,ProportionalAllocation,204,2,441500,{'interleave': 'random'},0.4415
shared,1,thrashing,SecondChance,ProportionalAllocation,204,2,450600,{'interleave': 'random'},0.4506
shared_total,,thrashing,SecondChance,ProportionalAllocation,204,3,1255500,{'interleave': 'random'},1.2555
shared,0,thrashing,SecondChance,ProportionalAllocation,204,3,455500,{'interleave': 'random'},0.4555
shared,1,thrashing,SecondChance,ProportionalAllocation,204,3,465800,{'interleave': 'random'},0.4658
shared_total,,thrashing,SecondChance,ProportionalAllocation,204,4,1263500,{'interleave': 'random'},1.2635
shared,0,thrashing,SecondChance,ProportionalAllocation,204,4,456800,{'interleave': 'random'},0.4568
shared,1,thrashing,SecondChance,ProportionalAllocation,204,4,471500,{'interleave': 'random'},0.4715
shared_total,,thrashing,SecondChance,ProportionalAllocation,204,5,1211300,{'interleave': 'random'},1.2113
shared,0,thrashing,SecondChance,ProportionalAllocation,204,5,441900,{'interleave': 'random'},0.4419
shared,1,thrashing,SecondChance,ProportionalAllocation,204,5,448400,{'interleave': 'random'},0.4484
shared_total,,thrashing,SecondChance,ProportionalAllocation,204,6,1256900,{'interleave': 'random'},1.2569
shared,0,thrashing,SecondChance,ProportionalAllocation,204,6,459900,{'interleave': 'random'},0.4599
shared,1,thrashing,SecondChance,ProportionalAllocation,204,6,469900,{'interleave': 'random'},0.4699
shared_total,,thrashing,SecondChance,ProportionalAllocation,204,7,1213700,{'interleave': 'random'},1.2137
shared,0,thrashing,SecondChance,ProportionalAllocation,204,7,435700,{'interleave': 'random'},0.4357
shared,1,thrashing,SecondChance,ProportionalAllocation,204,7,452500,{'interleave': 'random'},0.4525
shared_total,,thrashing,SecondChance,ProportionalAllocation,204,8,1230200,{'interleave': 'random'},1.2302
shared,0,thrashing,SecondChance,ProportionalAllocation,204,8,450100,{'interleave': 'random'},0.4501
shared,1,thrashing,SecondChance,ProportionalAllocation,204,8,458700,{'interleave': 'random'},0.4587
shared_total,,thrashing,SecondChance,ProportionalAllocation,204,9,1236600,{'interleave': 'random'},1.2366
shared,0,thrashing,SecondChance,ProportionalAllocation,204,9,449100,{'interleave': 'random'},0.4491
shared,1,thrashing,SecondChance,ProportionalAllocation,204,9,459900,{'interleave': 'random'},0.4599
shared_total,,thrashing,WSClock,GlobalAllocation,204,0,1662500,{'interleave': 'random'},1.6625
shared,0,thrashing,WSClock,GlobalAllocation,204,0,600600,{'interleave': 'random'},0.6006
shared,1,thrashing,WSClock,GlobalAllocation,204,0,739000,{'interleave': 'random'},0.739
shared_total,,thrashing,WSClock,GlobalAllocation,204,1,1669600,{'interleave': 'random'},1.6696
shared,0,thrashing,WSClock,GlobalAllocation,204,1,609700,{'interleave': 'random'},0.6097
shared,1,thrashing,WSClock,GlobalAllocation,204,1,734100,{'interleave': 'random'},0.7341
shared_total,,thrashing,WSClock,GlobalAllocation,204,2,1682700,{'interleave': 'random'},1.6827
shared,0,thrashing,WSClock,GlobalAllocation,204,2,605700,{'interleave': 'random'},0.6057
shared,1,thrashing,WSClock,GlobalAllocation,204,2,747800,{'interleave': 'random'},0.7478
shared_total,,thrashing,WSClock,GlobalAllocation,204,3,1698300,{'interleave': 'random'},1.6983
shared,0,thrashing,WSClock,GlobalAllocation,204,3,610400,{'interleave': 'random'},0.6104
shared,1,thrashing,WSClock,GlobalAllocation,204,3,756000,{'interleave': 'random'},0.756
shared_total,,thrashing,WSClock,GlobalAllocation,204,4,1680900,{'interleave': 'random'},1.6809
shared,0,thrashing,WSClock,GlobalAllocation,204,4,609900,{'interleave': 'random'},0.6099
shared,1,thrashing,WSClock,GlobalAllocation,204,4,736400,{'interleave': 'random'},0.7364
shared_total,,thrashing,WSClock,GlobalAllocation,204,5,1914800,{'interleave': 'random'},1.9148
shared,0,thrashing,WSClock,GlobalAllocation,204,5,684800,{'interleave': 'random'},0.6848
shared,1,thrashing,WSClock,GlobalAllocation,204,5,818700,{'interleave': 'random'},0.8187
shared_total,,thrashing,WSClock,GlobalAllocation,204,6,1663800,{'interleave': 'random'},1.6638
shared,0,thrashing,WSClock,GlobalAllocation,204,6,600900,{'interleave': 'random'},0.6009
shared,1,thrashing,WSClock,GlobalAllocation,204,6,738800,{'interleave': 'random'},0.7388
shared_total,,thrashing,WSClock,GlobalAllocation,204,7,1690500,{'interleave': 'random'},1.6905
shared,0,thrashing,WSClock,GlobalAllocation,204,7,616100,{'interleave': 'random'},0.6161
shared,1,thrashing,WSClock,GlobalAllocation,204,7,746500,{'interleave': 'random'},0.7465
shared_total,,thrashing,WSClock,GlobalAllocation,204,8,1701400,{'interleave': 'random'},1.7014
shared,0,thrashing,WSClock,GlobalAllocation,204,8,622300,{'interleave': 'random'},0.6223
shared,1,thrashing,WSClock,GlobalAllocation,204,8,736300,{'interleave': 'random'},0.7363
shared_total,,thrashing,WSClock,GlobalAllocation,204,9,1685200,{'interleave': 'random'},1.6852
shared,0,thrashing,WSClock,GlobalAllocation,204,9,603200,{'interleave': 'random'},0.6032
shared,1,thrashing,WSClock,GlobalAllocation,204,9,752400,{'interleave': 'random'},0.7524
shared_total,,thrashing,WSClock,LocalAllocation,204,0,18080700,{'interleave': 'random'},18.0807
shared,0,thrashing,WSClock,LocalAllocation,204,0,482700,{'interleave': 'random'},0.4827
shared,1,thrashing,WSClock,LocalAllocation,204,0,17231000,{'interleave': 'random'},17.231
shared_total,,thrashing,WSClock,LocalAllocation,204,1,17754500,{'interleave': 'random'},17.7545
shared,0,thrashing,WSClock,LocalAllocation,204,1,463900,{'interleave': 'random'},0.4639
shared,1,thrashing,WSClock,LocalAllocation,204,1,16922200,{'interleave': 'random'},16.9222
shared_total,,thrashing,WSClock,LocalAllocation,204,2,17436300,{'interleave': 'random'},17.4363
shared,0,thrashing,WSClock,LocalAllocation,204,2,474800,{'interleave': 'random'},0.4748
shared,1,thrashing,WSClock,LocalAllocation,204,2,16597700,{'interleave': 'random'},16.5977
shared_total,,thrashing,WSClock,LocalAllocation,204,3,17599400,{'interleave': 'random'},17.5994
shared,0,thrashing,WSClock,LocalAllocation,204,3,481400,{'interleave': 'random'},0.4814
shared,1,thrashing,WSClock,LocalAllocation,204,3,16755700,{'interleave': 'random'},16.7557
shared_total,,thrashing,WSClock,LocalAllocation,204,4,18713500,{'interleave': 'random'},18.7135
shared,0,thrashing,WSClock,LocalAllocation,204,4,476300,{'interleave': 'random'},0.4763
shared,1,thrashing,WSClock,LocalAllocation,204,4,17867500,{'interleave': 'random'},17.8675
shared_total,,thrashing,WSClock,LocalAllocation,204,5,17118500,{'interleave': 'random'},17.1185
shared,0,thrashing,WSClock,LocalAllocation,204,5,480400,{'interleave': 'random'},0.4804
shared,1,thrashing,WSClock,LocalAllocation,204,5,16286200,{'interleave': 'random'},16.2862
shared_total,,thrashing,WSClock,LocalAllocation,204,6,19867200,{'interleave': 'random'},19.8672
shared,0,thrashing,WSClock,LocalAllocation,204,6,617700,{'interleave': 'random'},0.6177
shared,1,thrashing,WSClock,LocalAllocation,204,6,18774000,{'interleave': 'random'},18.774
shared_total,,thrashing,WSClock,LocalAllocation,204,7,17734200,{'interleave': 'random'},17.7342
shared,0,thrashing,WSClock,LocalAllocation,204,7,464900,{'interleave': 'random'},0.4649
shared,1,thrashing,WSClock,LocalAllocation,204,7,16901100,{'interleave': 'random'},16.9011
shared_total,,thrashing,WSClock,LocalAllocation,204,8,17402900,{'interleave': 'random'},17.4029
shared,0,thrashing,WSClock,LocalAllocation,204,8,473000,{'interleave': 'random'},0.473
shared,1,thrashing,WSClock,LocalAllocation,204,8,16576700,{'interleave': 'random'},16.5767
shared_total,,thrashing,WSClock,LocalAllocation,204,9,18296200,{'interleave': 'random'},18.2962
shared,0,thrashing,WSClock,LocalAllocation,204,9,469900,{'interleave': 'random'},0.4699
shared,1,thrashing,WSClock,LocalAllocation,204,9,17463400,{'interleave': 'random'},17.4634
shared_total,,thrashing,WSClock,ProportionalAllocation,204,0,1221000,{'interleave': 'random'},1.221
shared,0,thrashing,WSClock,ProportionalAllocation,204,0,440400,{'interleave': 'random'},0.4404
shared,1,thrashing,WSClock,ProportionalAllocation,204,0,451800,{'interleave': 'random'},0.4518
shared_total,,thrashing,WSClock,ProportionalAllocation,204,1,1235600,{'interleave': 'random'},1.2356
shared,0,thrashing,WSClock,ProportionalAllocation,204,1,444700,{'interleave': 'random'},0.4447
shared,1,thrashing,WSClock,ProportionalAllocation,204,1,455100,{'interleave': 'random'},0.4551
shared_total,,thrashing,WSClock,ProportionalAllocation,204,2,1291900,{'interleave': 'random'},1.2919
shared,0,thrashing,WSClock,ProportionalAllocation,204,2,470100,{'interleave': 'random'},0.4701
shared,1,thrashing,WSClock,ProportionalAllocation,204,2,471100,{'interleave': 'random'},0.4711
shared_total,,thrashing,WSClock,ProportionalAllocation,204,3,1258100,{'interleave': 'random'},1.2581
shared,0,thrashing,WSClock,ProportionalAllocation,204,3,456100,{'interleave': 'random'},0.4561
shared,1,thrashing,WSClock,ProportionalAllocation,204,3,469900,{'interleave': 'random'},0.4699
shared_total,,thrashing,WSClock,ProportionalAllocation,204,4,1288500,{'interleave': 'random'},1.2885
shared,0,thrashing,WSClock,ProportionalAllocation,204,4,471900,{'interleave': 'random'},0.4719
shared,1,thrashing,WSClock,ProportionalAllocation,204,4,481200,{'interleave': 'random'},0.4812
shared_total,,thrashing,WSClock,ProportionalAllocation,204,5,1238600,{'interleave': 'random'},1.2386
shared,0,thrashing,WSClock,ProportionalAllocation,204,5,452500,{'interleave': 'random'},0.4525
shared,1,thrashing,WSClock,ProportionalAllocation,204,5,462700,{'interleave': 'random'},0.4627
shared_total,,thrashing,WSClock,ProportionalAllocation,204,6,1241000,{'interleave': 'random'},1.241
shared,0,thrashing,WSClock,ProportionalAllocation,204,6,450900,{'interleave': 'random'},0.4509
shared,1,thrashing,WSClock,ProportionalAllocation,204,6,458300,{'interleave': 'random'},0.4583
shared_total,,thrashing,WSClock,ProportionalAllocation,204,7,1208300,{'interleave': 'random'},1.2083
shared,0,thrashing,WSClock,ProportionalAllocation,204,7,436200,{'interleave': 'random'},0.4362
shared,1,thrashing,WSClock,ProportionalAllocation,204,7,451600,{'interleave': 'random'},0.4516
shared_total,,thrashing,WSClock,ProportionalAllocation,204,8,1238200,{'interleave': 'random'},1.2382
shared,0,thrashing,WSClock,ProportionalAllocation,204,8,452500,{'interleave': 'random'},0.4525
shared,1,thrashing,WSClock,ProportionalAllocation,204,8,457600,{'interleave': 'random'},0.4576
shared_total,,thrashing,WSClock,ProportionalAllocation,204,9,1230500,{'interleave': 'random'},1.2305
shared,0,thrashing,WSClock,ProportionalAllocation,204,9,448300,{'interleave': 'random'},0.4483
shared,1,thrashing,WSClock,ProportionalAllocation,204,9,457100,{'interleave': 'random'},0.4571
shared_total,,thrashing,FIFO,GlobalAllocation,245,0,1380500,{'interleave': 'random'},1.3805
shared,0,thrashing,FIFO,GlobalAllocation,245,0,458400,{'interleave': 'random'},0.4584
shared,1,thrashing,FIFO,GlobalAllocation,245,0,580400,{'interleave': 'random'},0.5804
shared_total,,thrashing,FIFO,GlobalAllocation,245,1,1326400,{'interleave': 'random'},1.3264
shared,0,thrashing,FIFO,GlobalAllocation,245,1,457600,{'interleave': 'random'},0.4576
shared,1,thrashing,FIFO,GlobalAllocation,245,1,541100,{'interleave': 'random'},0.5411
shared_total,,thrashing,FIFO,GlobalAllocation,245,2,1378100,{'interleave': 'random'},1.3781
shared,0,thrashing,FIFO,GlobalAllocation,245,2,477200,{'interleave': 'random'},0.4772
shared,1,thrashing,FIFO,GlobalAllocation,245,2,566400,{'interleave': 'random'},0.5664
shared_total,,thrashing,FIFO,GlobalAllocation,245,3,1351500,{'interleave': 'random'},1.3515
shared,0,thrashing,FIFO,GlobalAllocation,245,3,461600,{'interleave': 'random'},0.4616
shared,1,thrashing,FIFO,GlobalAllocation,245,3,558400,{'interleave': 'random'},0.5584
shared_total,,thrashing,FIFO,GlobalAllocation,245,4,1322900,{'interleave': 'random'},1.3229
shared,0,thrashing,FIFO,GlobalAllocation,245,4,448200,{'interleave': 'random'},0.4482
shared,1,thrashing,FIFO,GlobalAllocation,245,4,546800,{'interleave': 'random'},0.5468
shared_total,,thrashing,FIFO,GlobalAllocation,245,5,1321700,{'interleave': 'random'},1.3217
shared,0,thrashing,FIFO,GlobalAllocation,245,5,444100,{'interleave': 'random'},0.4441
shared,1,thrashing,FIFO,GlobalAllocation,245,5,548000,{'interleave': 'random'},0.548
shared_total,,thrashing,FIFO,GlobalAllocation,245,6,1323300,{'interleave': 'random'},1.3233
shared,0,thrashing,FIFO,GlobalAllocation,245,6,449800,{'interleave': 'random'},0.4498
shared,1,thrashing,FIFO,GlobalAllocation,245,6,549500,{'interleave': 'random'},0.5495
shared_total,,thrashing,FIFO,GlobalAllocation,245,7,1318700,{'interleave': 'random'},1.3187
shared,0,thrashing,FIFO,GlobalAllocation,245,7,451200,{'interleave': 'random'},0.4512
shared,1,thrashing,FIFO,GlobalAllocation,245,7,544300,{'interleave': 'random'},0.5443
shared_total,,thrashing,FIFO,GlobalAllocation,245,8,1357400,{'interleave': 'random'},1.3574
shared,0,thrashing,FIFO,GlobalAllocation,245,8,460900,{'interleave': 'random'},0.4609
shared,1,thrashing,FIFO,GlobalAllocation,245,8,561800,{'interleave': 'random'},0.5618
shared_total,,thrashing,FIFO,GlobalAllocation,245,9,1324800,{'interleave': 'random'},1.3248
shared,0,thrashing,FIFO,GlobalAllocation,245,9,452200,{'interleave': 'random'},0.4522
shared,1,thrashing,FIFO,GlobalAllocation,245,9,547100,{'interleave': 'random'},0.5471
shared_total,,thrashing,FIFO,LocalAllocation,245,0,987600,{'interleave': 'random'},0.9876
shared,0,thrashing,FIFO,LocalAllocation,245,0,336000,{'interleave': 'random'},0.336
shared,1,thrashing,FIFO,LocalAllocation,245,0,342300,{'interleave': 'random'},0.3423
shared_total,,thrashing,FIFO,LocalAllocation,245,1,983900,{'interleave': 'random'},0.9839
shared,0,thrashing,FIFO,LocalAllocation,245,1,334500,{'interleave': 'random'},0.3345
shared,1,thrashing,FIFO,LocalAllocation,245,1,345700,{'interleave': 'random'},0.3457
shared_total,,thrashing,FIFO,LocalAllocation,245,2,988400,{'interleave': 'random'},0.9884
shared,0,thrashing,FIFO,LocalAllocation,245,2,337100,{'interleave': 'random'},0.3371
shared,1,thrashing,FIFO,LocalAllocation,245,2,343500,{'interleave': 'random'},0.3435
shared_total,,thrashing,FIFO,LocalAllocation,245,3,1011700,{'interleave': 'random'},1.0117
shared,0,thrashing,FIFO,LocalAllocation,245,3,349600,{'interleave': 'random'},0.3496
shared,1,thrashing,FIFO,LocalAllocation,245,3,348100,{'interleave': 'random'},0.3481
shared_total,,thrashing,FIFO,LocalAllocation,245,4,988800,{'interleave': 'random'},0.9888
shared,0,thrashing,FIFO,LocalAllocation,245,4,336700,{'interleave': 'random'},0.3367
shared,1,thrashing,FIFO,LocalAllocation,245,4,342800,{'interleave': 'random'},0.3428
shared_total,,thrashing,FIFO,LocalAllocation,245,5,972800,{'interleave': 'random'},0.9728
shared,0,thrashing,FIFO,LocalAllocation,245,5,334300,{'interleave': 'random'},0.3343
shared,1,thrashing,FIFO,LocalAllocation,245,5,336500,{'interleave': 'random'},0.3365
shared_total,,thrashing,FIFO,LocalAllocation,245,6,1000200,{'interleave': 'random'},1.0002
shared,0,thrashing,FIFO,LocalAllocation,245,6,339500,{'interleave': 'random'},0.3395
shared,1,thrashing,FIFO,LocalAllocation,245,6,354700,{'interleave': 'random'},0.3547
shared_total,,thrashing,FIFO,LocalAllocation,245,7,976800,{'interleave': 'random'},0.9768
shared,0,thrashing,FIFO,LocalAllocation,245,7,335000,{'interleave': 'random'},0.335
shared,1,thrashing,FIFO,LocalAllocation,245,7,339200,{'interleave': 'random'},0.3392
shared_total,,thrashing,FIFO,LocalAllocation,245,8,989000,{'interleave': 'random'},0.989
shared,0,thrashing,FIFO,LocalAllocation,245,8,335800,{'interleave': 'random'},0.3358
shared,1,thrashing,FIFO,LocalAllocation,245,8,345400,{'interleave': 'random'},0.3454
shared_total,,thrashing,FIFO,LocalAllocation,245,9,986200,{'interleave': 'random'},0.9862
shared,0,thrashing,FIFO,LocalAllocation,245,9,337600,{'interleave': 'random'},0.3376
shared,1,thrashing,FIFO,LocalAllocation,245,9,342400,{'interleave': 'random'},0.3424
shared_total,,thrashing,FIFO,ProportionalAllocation,245,0,2036200,{'interleave': 'random'},2.0362
shared,0,thrashing,FIFO,ProportionalAllocation,245,0,709900,{'interleave': 'random'},0.7099
shared,1,thrashing,FIFO,ProportionalAllocation,245,0,724400,{'interleave': 'random'},0.7244
shared_total,,thrashing,FIFO,ProportionalAllocation,245,1,1000000,{'interleave': 'random'},1.0
shared,0,thrashing,FIFO,ProportionalAllocation,245,1,340600,{'interleave': 'random'},0.3406
shared,1,thrashing,FIFO,ProportionalAllocation,245,1,347400,{'interleave': 'random'},0.3474
shared_total,,thrashing,FIFO,ProportionalAllocation,245,2,991000,{'interleave': 'random'},0.991
shared,0,thrashing,FIFO,ProportionalAllocation,245,2,339300,{'interleave': 'random'},0.3393
shared,1,thrashing,FIFO,ProportionalAllocation,245,2,343300,{'interleave': 'random'},0.3433
shared_total,,thrashing,FIFO,ProportionalAllocation,245,3,1023000,{'interleave': 'random'},1.023
shared,0,thrashing,FIFO,ProportionalAllocation,245,3,346700,{'interleave': 'random'},0.3467
shared,1,thrashing,FIFO,ProportionalAllocation,245,3,354100,{'interleave': 'random'},0.3541
shared_total,,thrashing,FIFO,ProportionalAllocation,245,4,993500,{'interleave': 'random'},0.9935
shared,0,thrashing,FIFO,ProportionalAllocation,245,4,339900,{'interleave': 'random'},0.3399
shared,1,thrashing,FIFO,ProportionalAllocation,245,4,345500,{'interleave': 'random'},0.3455
shared_total,,thrashing,FIFO,ProportionalAllocation,245,5,992400,{'interleave': 'random'},0.9924
shared,0,thrashing,FIFO,ProportionalAllocation,245,5,339500,{'interleave': 'random'},0.3395
shared,1,thrashing,FIFO,ProportionalAllocation,245,5,341400,{'interleave': 'random'},0.3414
shared_total,,thrashing,FIFO,ProportionalAllocation,245,6,938200,{'interleave': 'random'},0.9382
shared,0,thrashing,FIFO,ProportionalAllocation,245,6,322300,{'interleave': 'random'},0.3223
shared,1,thrashing,FIFO,ProportionalAllocation,245,6,325800,{'interleave': 'random'},0.3258
shared_total,,thrashing,FIFO,ProportionalAllocation,245,7,939500,{'interleave': 'random'},0.9395
shared,0,thrashing,FIFO,ProportionalAllocation,245,7,320600,{'interleave': 'random'},0.3206
shared,1,thrashing,FIFO,ProportionalAllocation,245,7,326300,{'interleave': 'random'},0.3263
shared_total,,thrashing,FIFO,ProportionalAllocation,245,8,957100,{'interleave': 'random'},0.9571
shared,0,thrashing,FIFO,ProportionalAllocation,245,8,320500,{'interleave': 'random'},0.3205
shared,1,thrashing,FIFO,ProportionalAllocation,245,8,319500,{'interleave': 'random'},0.3195
shared_total,,thrashing,FIFO,ProportionalAllocation,245,9,992300,{'interleave': 'random'},0.9923
shared,0,thrashing,FIFO,ProportionalAllocation,245,9,342100,{'interleave': 'random'},0.3421
shared,1,thrashing,FIFO,ProportionalAllocation,245,9,348100,{'interleave': 'random'},0.3481
shared_total,,thrashing,LRU,GlobalAllocation,245,0,1798900,{'interleave': 'random'},1.7989
shared,0,thrashing,LRU,GlobalAllocation,245,0,648400,{'interleave': 'random'},0.6484
shared,1,thrashing,LRU,GlobalAllocation,245,0,800700,{'interleave': 'random'},0.8007
shared_total,,thrashing,LRU,GlobalAllocation,245,1,1749800,{'interleave': 'random'},1.7498
shared,0,thrashing,LRU,GlobalAllocation,245,1,641400,{'interleave': 'random'},0.6414
shared,1,thrashing,LRU,GlobalAllocation,245,1,771600,{'interleave': 'random'},0.7716
shared_total,,thrashing,LRU,GlobalAllocation,245,2,1724300,{'interleave': 'random'},1.7243
shared,0,thrashing,LRU,GlobalAllocation,245,2,631200,{'interleave': 'random'},0.6312
shared,1,thrashing,LRU,GlobalAllocation,245,2,763000,{'interleave': 'random'},0.763
shared_total,,thrashing,LRU,GlobalAllocation,245,3,1701900,{'interleave': 'random'},1.7019
shared,0,thrashing,LRU,GlobalAllocation,245,3,626300,{'interleave': 'random'},0.6263
shared,1,thrashing,LRU,GlobalAllocation,245,3,746600,{'interleave': 'random'},0.7466
shared_total,,thrashing,LRU,GlobalAllocation,245,4,1736200,{'interleave': 'random'},1.7362
shared,0,thrashing,LRU,GlobalAllocation,245,4,639900,{'interleave': 'random'},0.6399
shared,1,thrashing,LRU,GlobalAllocation,245,4,761800,{'interleave': 'random'},0.7618
shared_total,,thrashing,LRU,GlobalAllocation,245,5,1722000,{'interleave': 'random'},1.722
shared,0,thrashing,LRU,GlobalAllocation,245,5,627700,{'interleave': 'random'},0.6277
shared,1,thrashing,LRU,GlobalAllocation,245,5,762400,{'interleave': 'random'},0.7624
shared_total,,thrashing,LRU,GlobalAllocation,245,6,1744300,{'interleave': 'random'},1.7443
shared,0,thrashing,LRU,GlobalAllocation,245,6,640000,{'interleave': 'random'},0.64
shared,1,thrashing,LRU,GlobalAllocation,245,6,770600,{'interleave': 'random'},0.7706
shared_total,,thrashing,LRU,GlobalAllocation,245,7,1739400,{'interleave': 'random'},1.7394
shared,0,thrashing,LRU,GlobalAllocation,245,7,641900,{'interleave': 'random'},0.6419
shared,1,thrashing,LRU,GlobalAllocation,245,7,764600,{'interleave': 'random'},0.7646
shared_total,,thrashing,LRU,GlobalAllocation,245,8,2955900,{'interleave': 'random'},2.9559
shared,0,thrashing,LRU,GlobalAllocation,245,8,1082500,{'interleave': 'random'},1.0825
shared,1,thrashing,LRU,GlobalAllocation,245,8,1291400,{'interleave': 'random'},1.2914
shared_total,,thrashing,LRU,GlobalAllocation,245,9,1747900,{'interleave': 'random'},1.7479
shared,0,thrashing,LRU,GlobalAllocation,245,9,641800,{'interleave': 'random'},0.6418
shared,1,thrashing,LRU,GlobalAllocation,245,9,764100,{'interleave': 'random'},0.7641
shared_total,,thrashing,LRU,LocalAllocation,245,0,1269800,{'interleave': 'random'},1.2698
shared,0,thrashing,LRU,LocalAllocation,245,0,457100,{'interleave': 'random'},0.4571
shared,1,thrashing,LRU,LocalAllocation,245,0,466300,{'interleave': 'random'},0.4663
shared_total,,thrashing,LRU,LocalAllocation,245,1,1268400,{'interleave': 'random'},1.2684
shared,0,thrashing,LRU,LocalAllocation,245,1,462300,{'interleave': 'random'},0.4623
shared,1,thrashing,LRU,LocalAllocation,245,1,467100,{'interleave': 'random'},0.4671
shared_total,,thrashing,LRU,LocalAllocation,245,2,1305100,{'interleave': 'random'},1.3051
shared,0,thrashing,LRU,LocalAllocation,245,2,488000,{'interleave': 'random'},0.488
shared,1,thrashing,LRU,LocalAllocation,245,2,491500,{'interleave': 'random'},0.4915
shared_total,,thrashing,LRU,LocalAllocation,245,3,1336400,{'interleave': 'random'},1.3364
shared,0,thrashing,LRU,LocalAllocation,245,3,492800,{'interleave': 'random'},0.4928
shared,1,thrashing,LRU,LocalAllocation,245,3,511500,{'interleave': 'random'},0.5115
shared_total,,thrashing,LRU,LocalAllocation,245,4,1275800,{'interleave': 'random'},1.2758
shared,0,thrashing,LRU,LocalAllocation,245,4,470400,{'interleave': 'random'},0.4704
shared,1,thrashing,LRU,LocalAllocation,245,4,472900,{'interleave': 'random'},0.4729
shared_total,,thrashing,LRU,LocalAllocation,245,5,1313800,{'interleave': 'random'},1.3138
shared,0,thrashing,LRU,LocalAllocation,245,5,486000,{'interleave': 'random'},0.486
shared,1,thrashing,LRU,LocalAllocation,245,5,493500,{'interleave': 'random'},0.4935
shared_total,,thrashing,LRU,LocalAllocation,245,6,1263700,{'interleave': 'random'},1.2637
shared,0,thrashing,LRU,LocalAllocation,245,6,459400,{'interleave': 'random'},0.4594
shared,1,thrashing,LRU,LocalAllocation,245,6,464200,{'interleave': 'random'},0.4642
shared_total,,thrashing,LRU,LocalAllocation,245,7,1306000,{'interleave': 'random'},1.306
shared,0,thrashing,LRU,LocalAllocation,245,7,492500,{'interleave': 'random'},0.4925
shared,1,thrashing,LRU,LocalAllocation,245,7,491800,{'interleave': 'random'},0.4918
shared_total,,thrashing,LRU,LocalAllocation,245,8,1273500,{'interleave': 'random'},1.2735
shared,0,thrashing,LRU,LocalAllocation,245,8,461100,{'interleave': 'random'},0.4611
shared,1,thrashing,LRU,LocalAllocation,245,8,470500,{'interleave': 'random'},0.4705
shared_total,,thrashing,LRU,LocalAllocation,245,9,1273100,{'interleave': 'random'},1.2731
shared,0,thrashing,LRU,LocalAllocation,245,9,458500,{'interleave': 'random'},0.4585
shared,1,thrashing,LRU,LocalAllocation,245,9,463600,{'interleave': 'random'},0.4636
shared_total,,thrashing,LRU,ProportionalAllocation,245,0,1279900,{'interleave': 'random'},1.2799
shared,0,thrashing,LRU,ProportionalAllocation,245,0,465500,{'interleave': 'random'},0.4655
shared,1,thrashing,LRU,ProportionalAllocation,245,0,472000,{'interleave': 'random'},0.472
shared_total,,thrashing,LRU,ProportionalAllocation,245,1,1271000,{'interleave': 'random'},1.271
shared,0,thrashing,LRU,ProportionalAllocation,245,1,460100,{'interleave': 'random'},0.4601
shared,1,thrashing,LRU,ProportionalAllocation,245,1,469200,{'interleave': 'random'},0.4692
shared_total,,thrashing,LRU,ProportionalAllocation,245,2,1303600,{'interleave': 'random'},1.3036
shared,0,thrashing,LRU,ProportionalAllocation,245,2,493200,{'interleave': 'random'},0.4932
shared,1,thrashing,LRU,ProportionalAllocation,245,2,494700,{'interleave': 'random'},0.4947
shared_total,,thrashing,LRU,ProportionalAllocation,245,3,1289300,{'interleave': 'random'},1.2893
shared,0,thrashing,LRU,ProportionalAllocation,245,3,480100,{'interleave': 'random'},0.4801
shared,1,thrashing,LRU,ProportionalAllocation,245,3,484000,{'interleave': 'random'},0.484
shared_total,,thrashing,LRU,ProportionalAllocation,245,4,1308500,{'interleave': 'random'},1.3085
shared,0,thrashing,LRU,ProportionalAllocation,245,4,492300,{'interleave': 'random'},0.4923
shared,1,thrashing,LRU,ProportionalAllocation,245,4,494300,{'interleave': 'random'},0.4943
shared_total,,thrashing,LRU,ProportionalAllocation,245,5,1285100,{'interleave': 'random'},1.2851
shared,0,thrashing,LRU,ProportionalAllocation,245,5,474300,{'interleave': 'random'},0.4743
shared,1,thrashing,LRU,ProportionalAllocation,245,5,476000,{'interleave': 'random'},0.476
shared_total,,thrashing,LRU,ProportionalAllocation,245,6,1293700,{'interleave': 'random'},1.2937
shared,0,thrashing,LRU,ProportionalAllocation,245,6,481100,{'interleave': 'random'},0.4811
shared,1,thrashing,LRU,ProportionalAllocation,245,6,485300,{'interleave': 'random'},0.4853
shared_total,,thrashing,LRU,ProportionalAllocation,245,7,1300100,{'interleave': 'random'},1.3001
shared,0,thrashing,LRU,ProportionalAllocation,245,7,481700,{'interleave': 'random'},0.4817
shared,1,thrashing,LRU,ProportionalAllocation,245,7,494900,{'interleave': 'random'},0.4949
shared_total,,thrashing,LRU,ProportionalAllocation,245,8,1325700,{'interleave': 'random'},1.3257
shared,0,thrashing,LRU,ProportionalAllocation,245,8,491900,{'interleave': 'random'},0.4919
shared,1,thrashing,LRU,ProportionalAllocation,245,8,500800,{'interleave': 'random'},0.5008
shared_total,,thrashing,LRU,ProportionalAllocation,245,9,1306500,{'interleave': 'random'},1.3065
shared,0,thrashing,LRU,ProportionalAllocation,245,9,489700,{'interleave': 'random'},0.4897
shared,1,thrashing,LRU,ProportionalAllocation,245,9,492300,{'interleave': 'random'},0.4923
shared_total,,thrashing,NRU,GlobalAllocation,245,0,2607900,{'interleave': 'random'},2.6079
shared,0,thrashing,NRU,GlobalAllocation,245,0,953900,{'interleave': 'random'},0.9539
shared,1,thrashing,NRU,GlobalAllocation,245,0,1115000,{'interleave': 'random'},1.115
shared_total,,thrashing,NRU,GlobalAllocation,245,1,1738100,{'interleave': 'random'},1.7381
shared,0,thrashing,NRU,GlobalAllocation,245,1,657000,{'interleave': 'random'},0.657
shared,1,thrashing,NRU,GlobalAllocation,245,1,757300,{'interleave': 'random'},0.7573
shared_total,,thrashing,NRU,GlobalAllocation,245,2,1730900,{'interleave': 'random'},1.7309
shared,0,thrashing,NRU,GlobalAllocation,245,2,663900,{'interleave': 'random'},0.6639
shared,1,thrashing,NRU,GlobalAllocation,245,2,743200,{'interleave': 'random'},0.7432
shared_total,,thrashing,NRU,GlobalAllocation,245,3,3586300,{'interleave': 'random'},3.5863
shared,0,thrashing,NRU,GlobalAllocation,245,3,1334900,{'interleave': 'random'},1.3349
shared,1,thrashing,NRU,GlobalAllocation,245,3,1564900,{'interleave': 'random'},1.5649
shared_total,,thrashing,NRU,GlobalAllocation,245,4,1719800,{'interleave': 'random'},1.7198
shared,0,thrashing,NRU,GlobalAllocation,245,4,665200,{'interleave': 'random'},0.6652
shared,1,thrashing,NRU,GlobalAllocation,245,4,731500,{'interleave': 'random'},0.7315
shared_total,,thrashing,NRU,GlobalAllocation,245,5,3405400,{'interleave': 'random'},3.4054
shared,0,thrashing,NRU,GlobalAllocation,245,5,1238000,{'interleave': 'random'},1.238
shared,1,thrashing,NRU,GlobalAllocation,245,5,1438100,{'interleave': 'random'},1.4381
shared_total,,thrashing,NRU,GlobalAllocation,245,6,2194000,{'interleave': 'random'},2.194
shared,0,thrashing,NRU,GlobalAllocation,245,6,812600,{'interleave': 'random'},0.8126
shared,1,thrashing,NRU,GlobalAllocation,245,6,943600,{'interleave': 'random'},0.9436
shared_total,,thrashing,NRU,GlobalAllocation,245,7,1757600,{'interleave': 'random'},1.7576
shared,0,thrashing,NRU,GlobalAllocation,245,7,659600,{'interleave': 'random'},0.6596
shared,1,thrashing,NRU,GlobalAllocation,245,7,770800,{'interleave': 'random'},0.7708
shared_total,,thrashing,NRU,GlobalAllocation,245,8,1749900,{'interleave': 'random'},1.7499
shared,0,thrashing,NRU,GlobalAllocation,245,8,654300,{'interleave': 'random'},0.6543
shared,1,thrashing,NRU,GlobalAllocation,245,8,765100,{'interleave': 'random'},0.7651
shared_total,,thrashing,NRU,GlobalAllocation,245,9,1717500,{'interleave': 'random'},1.7175
shared,0,thrashing,NRU,GlobalAllocation,245,9,662000,{'interleave': 'random'},0.662
shared,1,thrashing,NRU,GlobalAllocation,245,9,725700,{'interleave': 'random'},0.7257
shared_total,,thrashing,NRU,LocalAllocation,245,0,1306100,{'interleave': 'random'},1.3061
shared,0,thrashing,NRU,LocalAllocation,245,0,476500,{'interleave': 'random'},0.4765
shared,1,thrashing,NRU,LocalAllocation,245,0,490800,{'interleave': 'random'},0.4908
shared_total,,thrashing,NRU,LocalAllocation,245,1,1318800,{'interleave': 'random'},1.3188
shared,0,thrashing,NRU,LocalAllocation,245,1,487900,{'interleave': 'random'},0.4879
shared,1,thrashing,NRU,LocalAllocation,245,1,498400,{'interleave': 'random'},0.4984
shared_total,,thrashing,NRU,LocalAllocation,245,2,1303600,{'interleave': 'random'},1.3036
shared,0,thrashing,NRU,LocalAllocation,245,2,492700,{'interleave': 'random'},0.4927
shared,1,thrashing,NRU,LocalAllocation,245,2,484200,{'interleave': 'random'},0.4842
shared_total,,thrashing,NRU,LocalAllocation,245,3,1358000,{'interleave': 'random'},1.358
shared,0,thrashing,NRU,LocalAllocation,245,3,494200,{'interleave': 'random'},0.4942
shared,1,thrashing,NRU,LocalAllocation,245,3,521800,{'interleave': 'random'},0.5218
shared_total,,thrashing,NRU,LocalAllocation,245,4,1425800,{'interleave': 'random'},1.4258
shared,0,thrashing,NRU,LocalAllocation,245,4,489800,{'interleave': 'random'},0.4898
shared,1,thrashing,NRU,LocalAllocation,245,4,492200,{'interleave': 'random'},0.4922
shared_total,,thrashing,NRU,LocalAllocation,245,5,1376500,{'interleave': 'random'},1.3765
shared,0,thrashing,NRU,LocalAllocation,245,5,512200,{'interleave': 'random'},0.5122
shared,1,thrashing,NRU,LocalAllocation,245,5,519300,{'interleave': 'random'},0.5193
shared_total,,thrashing,NRU,LocalAllocation,245,6,1318600,{'interleave': 'random'},1.3186
shared,0,thrashing,NRU,LocalAllocation,245,6,494800,{'interleave': 'random'},0.4948
shared,1,thrashing,NRU,LocalAllocation,245,6,501800,{'interleave': 'random'},0.5018
shared_total,,thrashing,NRU,LocalAllocation,245,7,1283700,{'interleave': 'random'},1.2837
shared,0,thrashing,NRU,LocalAllocation,245,7,465200,{'interleave': 'random'},0.4652
shared,1,thrashing,NRU,LocalAllocation,245,7,471600,{'interleave': 'random'},0.4716
shared_total,,thrashing,NRU,LocalAllocation,245,8,1327000,{'interleave': 'random'},1.327
shared,0,thrashing,NRU,LocalAllocation,245,8,493900,{'interleave': 'random'},0.4939
shared,1,thrashing,NRU,LocalAllocation,245,8,501900,{'interleave': 'random'},0.5019
shared_total,,thrashing,NRU,LocalAllocation,245,9,1297000,{'interleave': 'random'},1.297
shared,0,thrashing,NRU,LocalAllocation,245,9,477900,{'interleave': 'random'},0.4779
shared,1,thrashing,NRU,LocalAllocation,245,9,486300,{'interleave': 'random'},0.4863
shared_total,,thrashing,NRU,ProportionalAllocation,245,0,1283800,{'interleave': 'random'},1.2838
shared,0,thrashing,NRU,ProportionalAllocation,245,0,463400,{'interleave': 'random'},0.4634
shared,1,thrashing,NRU,ProportionalAllocation,245,0,488400,{'interleave': 'random'},0.4884
shared_total,,thrashing,NRU,ProportionalAllocation,245,1,1318900,{'interleave': 'random'},1.3189
shared,0,thrashing,NRU,ProportionalAllocation,245,1,491900,{'interleave': 'random'},0.4919
shared,1,thrashing,NRU,ProportionalAllocation,245,1,500400,{'interleave': 'random'},0.5004
shared_total,,thrashing,NRU,ProportionalAllocation,245,2,1313800,{'interleave': 'random'},1.3138
shared,0,thrashing,NRU,ProportionalAllocation,245,2,486600,{'interleave': 'random'},0.4866
shared,1,thrashing,NRU,ProportionalAllocation,245,2,497800,{'interleave': 'random'},0.4978
shared_total,,thrashing,NRU,ProportionalAllocation,245,3,1330200,{'interleave': 'random'},1.3302
shared,0,thrashing,NRU,ProportionalAllocation,245,3,483400,{'interleave': 'random'},0.4834
shared,1,thrashing,NRU,ProportionalAllocation,245,3,493400,{'interleave': 'random'},0.4934
shared_total,,thrashing,NRU,ProportionalAllocation,245,4,1305500,{'interleave': 'random'},1.3055
shared,0,thrashing,NRU,ProportionalAllocation,245,4,488000,{'interleave': 'random'},0.488
shared,1,thrashing,NRU,ProportionalAllocation,245,4,491800,{'interleave': 'random'},0.4918
shared_total,,thrashing,NRU,ProportionalAllocation,245,5,1277300,{'interleave': 'random'},1.2773
shared,0,thrashing,NRU,ProportionalAllocation,245,5,468200,{'interleave': 'random'},0.4682
shared,1,thrashing,NRU,ProportionalAllocation,245,5,476100,{'interleave': 'random'},0.4761
shared_total,,thrashing,NRU,ProportionalAllocation,245,6,1295400,{'interleave': 'random'},1.2954
shared,0,thrashing,NRU,ProportionalAllocation,245,6,482300,{'interleave': 'random'},0.4823
shared,1,thrashing,NRU,ProportionalAllocation,245,6,488000,{'interleave': 'random'},0.488
shared_total,,thrashing,NRU,ProportionalAllocation,245,7,1268300,{'interleave': 'random'},1.2683
shared,0,thrashing,NRU,ProportionalAllocation,245,7,468900,{'interleave': 'random'},0.4689
shared,1,thrashing,NRU,ProportionalAllocation,245,7,475700,{'interleave': 'random'},0.4757
shared_total,,thrashing,NRU,ProportionalAllocation,245,8,1322800,{'interleave': 'random'},1.3228
shared,0,thrashing,NRU,ProportionalAllocation,245,8,492700,{'interleave': 'random'},0.4927
shared,1,thrashing,NRU,ProportionalAllocation,245,8,499400,{'interleave': 'random'},0.4994
shared_total,,thrashing,NRU,ProportionalAllocation,245,9,1323700,{'interleave': 'random'},1.3237
shared,0,thrashing,NRU,ProportionalAllocation,245,9,493900,{'interleave': 'random'},0.4939
shared,1,thrashing,NRU,ProportionalAllocation,245,9,496300,{'interleave': 'random'},0.4963
shared_total,,thrashing,SecondChance,GlobalAllocation,245,0,1680300,{'interleave': 'random'},1.6803
shared,0,thrashing,SecondChance,GlobalAllocation,245,0,611300,{'interleave': 'random'},0.6113
shared,1,thrashing,SecondChance,GlobalAllocation,245,0,742900,{'interleave': 'random'},0.7429
shared_total,,thrashing,SecondChance,GlobalAllocation,245,1,1685000,{'interleave': 'random'},1.685
shared,0,thrashing,SecondChance,GlobalAllocation,245,1,617500,{'interleave': 'random'},0.6175
shared,1,thrashing,SecondChance,GlobalAllocation,245,1,742800,{'interleave': 'random'},0.7428
shared_total,,thrashing,SecondChance,GlobalAllocation,245,2,1662800,{'interleave': 'random'},1.6628
shared,0,thrashing,SecondChance,GlobalAllocation,245,2,597000,{'interleave': 'random'},0.597
shared,1,thrashing,SecondChance,GlobalAllocation,245,2,738700,{'interleave': 'random'},0.7387
shared_total,,thrashing,SecondChance,GlobalAllocation,245,3,1677900,{'interleave': 'random'},1.6779
shared,0,thrashing,SecondChance,GlobalAllocation,245,3,606700,{'interleave': 'random'},0.6067
shared,1,thrashing,SecondChance,GlobalAllocation,245,3,748300,{'interleave': 'random'},0.7483
shared_total,,thrashing,SecondChance,GlobalAllocation,245,4,1720500,{'interleave': 'random'},1.7205
shared,0,thrashing,SecondChance,GlobalAllocation,245,4,620900,{'interleave': 'random'},0.6209
shared,1,thrashing,SecondChance,GlobalAllocation,245,4,758000,{'interleave': 'random'},0.758
shared_total,,thrashing,SecondChance,GlobalAllocation,245,5,1669400,{'interleave': 'random'},1.6694
shared,0,thrashing,SecondChance,GlobalAllocation,245,5,600100,{'interleave': 'random'},0.6001
shared,1,thrashing,SecondChance,GlobalAllocation,245,5,742500,{'interleave': 'random'},0.7425
shared_total,,thrashing,SecondChance,GlobalAllocation,245,6,1667400,{'interleave': 'random'},1.6674
shared,0,thrashing,SecondChance,GlobalAllocation,245,6,601000,{'interleave': 'random'},0.601
shared,1,thrashing,SecondChance,GlobalAllocation,245,6,741000,{'interleave': 'random'},0.741
shared_total,,thrashing,SecondChance,GlobalAllocation,245,7,1667600,{'interleave': 'random'},1.6676
shared,0,thrashing,SecondChance,GlobalAllocation,245,7,604200,{'interleave': 'random'},0.6042
shared,1,thrashing,SecondChance,GlobalAllocation,245,7,736200,{'interleave': 'random'},0.7362
shared_total,,thrashing,SecondChance,GlobalAllocation,245,8,1647500,{'interleave': 'random'},1.6475
shared,0,thrashing,SecondChance,GlobalAllocation,245,8,587700,{'interleave': 'random'},0.5877
shared,1,thrashing,SecondChance,GlobalAllocation,245,8,709400,{'interleave': 'random'},0.7094
shared_total,,thrashing,SecondChance,GlobalAllocation,245,9,1669500,{'interleave': 'random'},1.6695
shared,0,thrashing,SecondChance,GlobalAllocation,245,9,599000,{'interleave': 'random'},0.599
shared,1,thrashing,SecondChance,GlobalAllocation,245,9,746600,{'interleave': 'random'},0.7466
shared_total,,thrashing,SecondChance,LocalAllocation,245,0,1213500,{'interleave': 'random'},1.2135
shared,0,thrashing,SecondChance,LocalAllocation,245,0,433600,{'interleave': 'random'},0.4336
shared,1,thrashing,SecondChance,LocalAllocation,245,0,448500,{'interleave': 'random'},0.4485
shared_total,,thrashing,SecondChance,LocalAllocation,245,1,1212200,{'interleave': 'random'},1.2122
shared,0,thrashing,SecondChance,LocalAllocation,245,1,437600,{'interleave': 'random'},0.4376
shared,1,thrashing,SecondChance,LocalAllocation,245,1,448500,{'interleave': 'random'},0.4485
shared_total,,thrashing,SecondChance,LocalAllocation,245,2,1337400,{'interleave': 'random'},1.3374
shared,0,thrashing,SecondChance,LocalAllocation,245,2,489600,{'interleave': 'random'},0.4896
shared,1,thrashing,SecondChance,LocalAllocation,245,2,483800,{'interleave': 'random'},0.4838
shared_total,,thrashing,SecondChance,LocalAllocation,245,3,1213000,{'interleave': 'random'},1.213
shared,0,thrashing,SecondChance,LocalAllocation,245,3,437300,{'interleave': 'random'},0.4373
shared,1,thrashing,SecondChance,LocalAllocation,245,3,446900,{'interleave': 'random'},0.4469
shared_total,,thrashing,SecondChance,LocalAllocation,245,4,1213400,{'interleave': 'random'},1.2134
shared,0,thrashing,SecondChance,LocalAllocation,245,4,439500,{'interleave': 'random'},0.4395
shared,1,thrashing,SecondChance,LocalAllocation,245,4,448000,{'interleave': 'random'},0.448
shared_total,,thrashing,SecondChance,LocalAllocation,245,5,1211600,{'interleave': 'random'},1.2116
shared,0,thrashing,SecondChance,LocalAllocation,245,5,441800,{'interleave': 'random'},0.4418
shared,1,thrashing,SecondChance,LocalAllocation,245,5,451700,{'interleave': 'random'},0.4517
shared_total,,thrashing,SecondChance,LocalAllocation,245,6,1222800,{'interleave': 'random'},1.2228
shared,0,thrashing,SecondChance,LocalAllocation,245,6,440100,{'interleave': 'random'},0.4401
shared,1,thrashing,SecondChance,LocalAllocation,245,6,453600,{'interleave': 'random'},0.4536
shared_total,,thrashing,SecondChance,LocalAllocation,245,7,1216100,{'interleave': 'random'},1.2161
shared,0,thrashing,SecondChance,LocalAllocation,245,7,440600,{'interleave': 'random'},0.4406
shared,1,thrashing,SecondChance,LocalAllocation,245,7,450300,{'interleave': 'random'},0.4503
shared_total,,thrashing,SecondChance,LocalAllocation,245,8,1260500,{'interleave': 'random'},1.2605
shared,0,thrashing,SecondChance,LocalAllocation,245,8,458800,{'interleave': 'random'},0.4588
shared,1,thrashing,SecondChance,LocalAllocation,245,8,466500,{'interleave': 'random'},0.4665
shared_total,,thrashing,SecondChance,LocalAllocation,245,9,1254600,{'interleave': 'random'},1.2546
shared,0,thrashing,SecondChance,LocalAllocation,245,9,452500,{'interleave': 'random'},0.4525
shared,1,thrashing,SecondChance,LocalAllocation,245,9,464500,{'interleave': 'random'},0.4645
shared_total,,thrashing,SecondChance,ProportionalAllocation,245,0,1253200,{'interleave': 'random'},1.2532
shared,0,thrashing,SecondChance,ProportionalAllocation,245,0,454800,{'interleave': 'random'},0.4548
shared,1,thrashing,SecondChance,ProportionalAllocation,245,0,468500,{'interleave': 'random'},0.4685
shared_total,,thrashing,SecondChance,ProportionalAllocation,245,1,1214900,{'interleave': 'random'},1.2149
shared,0,thrashing,SecondChance,ProportionalAllocation,245,1,437100,{'interleave': 'random'},0.4371
shared,1,thrashing,SecondChance,ProportionalAllocation,245,1,452400,{'interleave': 'random'},0.4524
shared_total,,thrashing,SecondChance,ProportionalAllocation,245,2,1235000,{'interleave': 'random'},1.235
shared,0,thrashing,SecondChance,ProportionalAllocation,245,2,447000,{'interleave': 'random'},0.447
shared,1,thrashing,SecondChance,ProportionalAllocation,245,2,457900,{'interleave': 'random'},0.4579
shared_total,,thrashing,SecondChance,ProportionalAllocation,245,3,1222700,{'interleave': 'random'},1.2227
shared,0,thrashing,SecondChance,ProportionalAllocation,245,3,440600,{'interleave': 'random'},0.4406
shared,1,thrashing,SecondChance,ProportionalAllocation,245,3,457200,{'interleave': 'random'},0.4572
shared_total,,thrashing,SecondChance,ProportionalAllocation,245,4,1240400,{'interleave': 'random'},1.2404
shared,0,thrashing,SecondChance,ProportionalAllocation,245,4,443800,{'interleave': 'random'},0.4438
shared,1,thrashing,SecondChance,ProportionalAllocation,245,4,455100,{'interleave': 'random'},0.4551
shared_total,,thrashing,SecondChance,ProportionalAllocation,245,5,1230400,{'interleave': 'random'},1.2304
shared,0,thrashing,SecondChance,ProportionalAllocation,245,5,446800,{'interleave': 'random'},0.4468
shared,1,thrashing,SecondChance,ProportionalAllocation,245,5,455900,{'interleave': 'random'},0.4559
shared_total,,thrashing,SecondChance,ProportionalAllocation,245,6,1263100,{'interleave': 'random'},1.2631
shared,0,thrashing,SecondChance,ProportionalAllocation,245,6,452900,{'interleave': 'random'},0.4529
shared,1,thrashing,SecondChance,ProportionalAllocation,245,6,463300,{'interleave': 'random'},0.4633
shared_total,,thrashing,SecondChance,ProportionalAllocation,245,7,1218200,{'interleave': 'random'},1.2182
shared,0,thrashing,SecondChance,ProportionalAllocation,245,7,440200,{'interleave': 'random'},0.4402
shared,1,thrashing,SecondChance,ProportionalAllocation,245,7,449900,{'interleave': 'random'},0.4499
shared_total,,thrashing,SecondChance,ProportionalAllocation,245,8,1219700,{'interleave': 'random'},1.2197
shared,0,thrashing,SecondChance,ProportionalAllocation,245,8,440500,{'interleave': 'random'},0.4405
shared,1,thrashing,SecondChance,ProportionalAllocation,245,8,451500,{'interleave': 'random'},0.4515
shared_total,,thrashing,SecondChance,ProportionalAllocation,245,9,1231100,{'interleave': 'random'},1.2311
shared,0,thrashing,SecondChance,ProportionalAllocation,245,9,448200,{'interleave': 'random'},0.4482
shared,1,thrashing,SecondChance,ProportionalAllocation,245,9,456200,{'interleave': 'random'},0.4562
shared_total,,thrashing,WSClock,GlobalAllocation,245,0,1665700,{'interleave': 'random'},1.6657
shared,0,thrashing,WSClock,GlobalAllocation,245,0,605800,{'interleave': 'random'},0.6058
shared,1,thrashing,WSClock,GlobalAllocation,245,0,740400,{'interleave': 'random'},0.7404
shared_total,,thrashing,WSClock,GlobalAllocation,245,1,1677300,{'interleave': 'random'},1.6773
shared,0,thrashing,WSClock,GlobalAllocation,245,1,617700,{'interleave': 'random'},0.6177
shared,1,thrashing,WSClock,GlobalAllocation,245,1,738500,{'interleave': 'random'},0.7385
shared_total,,thrashing,WSClock,GlobalAllocation,245,2,3514900,{'interleave': 'random'},3.5149
shared,0,thrashing,WSClock,GlobalAllocation,245,2,1273100,{'interleave': 'random'},1.2731
shared,1,thrashing,WSClock,GlobalAllocation,245,2,1562700,{'interleave': 'random'},1.5627
shared_total,,thrashing,WSClock,GlobalAllocation,245,3,1677800,{'interleave': 'random'},1.6778
shared,0,thrashing,WSClock,GlobalAllocation,245,3,606800,{'interleave': 'random'},0.6068
shared,1,thrashing,WSClock,GlobalAllocation,245,3,744900,{'interleave': 'random'},0.7449
shared_total,,thrashing,WSClock,GlobalAllocation,245,4,1677400,{'interleave': 'random'},1.6774
shared,0,thrashing,WSClock,GlobalAllocation,245,4,616100,{'interleave': 'random'},0.6161
shared,1,thrashing,WSClock,GlobalAllocation,245,4,736100,{'interleave': 'random'},0.7361
shared_total,,thrashing,WSClock,GlobalAllocation,245,5,1693300,{'interleave': 'random'},1.6933
shared,0,thrashing,WSClock,GlobalAllocation,245,5,624100,{'interleave': 'random'},0.6241
shared,1,thrashing,WSClock,GlobalAllocation,245,5,751800,{'interleave': 'random'},0.7518
shared_total,,thrashing,WSClock,GlobalAllocation,245,6,1645700,{'interleave': 'random'},1.6457
shared,0,thrashing,WSClock,GlobalAllocation,245,6,591400,{'interleave': 'random'},0.5914
shared,1,thrashing,WSClock,GlobalAllocation,245,6,731300,{'interleave': 'random'},0.7313
shared_total,,thrashing,WSClock,GlobalAllocation,245,7,1695800,{'interleave': 'random'},1.6958
shared,0,thrashing,WSClock,GlobalAllocation,245,7,617800,{'interleave': 'random'},0.6178
shared,1,thrashing,WSClock,GlobalAllocation,245,7,744200,{'interleave': 'random'},0.7442
shared_total,,thrashing,WSClock,GlobalAllocation,245,8,1813300,{'interleave': 'random'},1.8133
shared,0,thrashing,WSClock,GlobalAllocation,245,8,623100,{'interleave': 'random'},0.6231
shared,1,thrashing,WSClock,GlobalAllocation,245,8,829700,{'interleave': 'random'},0.8297
shared_total,,thrashing,WSClock,GlobalAllocation,245,9,1650000,{'interleave': 'random'},1.65
shared,0,thrashing,WSClock,GlobalAllocation,245,9,588300,{'interleave': 'random'},0.5883
shared,1,thrashing,WSClock,GlobalAllocation,245,9,733500,{'interleave': 'random'},0.7335
shared_total,,thrashing,WSClock,LocalAllocation,245,0,1230400,{'interleave': 'random'},1.2304
shared,0,thrashing,WSClock,LocalAllocation,245,0,440200,{'interleave': 'random'},0.4402
shared,1,thrashing,WSClock,LocalAllocation,245,0,455100,{'interleave': 'random'},0.4551
shared_total,,thrashing,WSClock,LocalAllocation,245,1,1251200,{'interleave': 'random'},1.2512
shared,0,thrashing,WSClock,LocalAllocation,245,1,455600,{'interleave': 'random'},0.4556
shared,1,thrashing,WSClock,LocalAllocation,245,1,468200,{'interleave': 'random'},0.4682
shared_total,,thrashing,WSClock,LocalAllocation,245,2,1266800,{'interleave': 'random'},1.2668
shared,0,thrashing,WSClock,LocalAllocation,245,2,447400,{'interleave': 'random'},0.4474
shared,1,thrashing,WSClock,LocalAllocation,245,2,462900,{'interleave': 'random'},0.4629
shared_total,,thrashing,WSClock,LocalAllocation,245,3,1214000,{'interleave': 'random'},1.214
shared,0,thrashing,WSClock,LocalAllocation,245,3,437500,{'interleave': 'random'},0.4375
shared,1,thrashing,WSClock,LocalAllocation,245,3,449700,{'interleave': 'random'},0.4497
shared_total,,thrashing,WSClock,LocalAllocation,245,4,1218500,{'interleave': 'random'},1.2185
shared,0,thrashing,WSClock,LocalAllocation,245,4,439400,{'interleave': 'random'},0.4394
shared,1,thrashing,WSClock,LocalAllocation,245,4,449800,{'interleave': 'random'},0.4498
shared_total,,thrashing,WSClock,LocalAllocation,245,5,2510800,{'interleave': 'random'},2.5108
shared,0,thrashing,WSClock,LocalAllocation,245,5,928800,{'interleave': 'random'},0.9288
shared,1,thrashing,WSClock,LocalAllocation,245,5,941600,{'interleave': 'random'},0.9416
shared_total,,thrashing,WSClock,LocalAllocation,245,6,1210200,{'interleave': 'random'},1.2102
shared,0,thrashing,WSClock,LocalAllocation,245,6,437800,{'interleave': 'random'},0.4378
shared,1,thrashing,WSClock,LocalAllocation,245,6,453300,{'interleave': 'random'},0.4533
shared_total,,thrashing,WSClock,LocalAllocation,245,7,1195200,{'interleave': 'random'},1.1952
shared,0,thrashing,WSClock,LocalAllocation,245,7,434100,{'interleave': 'random'},0.4341
shared,1,thrashing,WSClock,LocalAllocation,245,7,441700,{'interleave': 'random'},0.4417
shared_total,,thrashing,WSClock,LocalAllocation,245,8,1205300,{'interleave': 'random'},1.2053
shared,0,thrashing,WSClock,LocalAllocation,245,8,435700,{'interleave': 'random'},0.4357
shared,1,thrashing,WSClock,LocalAllocation,245,8,445500,{'interleave': 'random'},0.4455
shared_total,,thrashing,WSClock,LocalAllocation,245,9,1203000,{'interleave': 'random'},1.203
shared,0,thrashing,WSClock,LocalAllocation,245,9,438600,{'interleave': 'random'},0.4386
shared,1,thrashing,WSClock,LocalAllocation,245,9,449500,{'interleave': 'random'},0.4495
shared_total,,thrashing,WSClock,ProportionalAllocation,245,0,1204900,{'interleave': 'random'},1.2049
shared,0,thrashing,WSClock,ProportionalAllocation,245,0,439400,{'interleave': 'random'},0.4394
shared,1,thrashing,WSClock,ProportionalAllocation,245,0,450700,{'interleave': 'random'},0.4507
shared_total,,thrashing,WSClock,ProportionalAllocation,245,1,1216400,{'interleave': 'random'},1.2164
shared,0,thrashing,WSClock,ProportionalAllocation,245,1,437700,{'interleave': 'random'},0.4377
shared,1,thrashing,WSClock,ProportionalAllocation,245,1,453100,{'interleave': 'random'},0.4531
shared_total,,thrashing,WSClock,ProportionalAllocation,245,2,1242000,{'interleave': 'random'},1.242
shared,0,thrashing,WSClock,ProportionalAllocation,245,2,450000,{'interleave': 'random'},0.45
shared,1,thrashing,WSClock,ProportionalAllocation,245,2,457700,{'interleave': 'random'},0.4577
shared_total,,thrashing,WSClock,ProportionalAllocation,245,3,1227700,{'interleave': 'random'},1.2277
shared,0,thrashing,WSClock,ProportionalAllocation,245,3,443700,{'interleave': 'random'},0.4437
shared,1,thrashing,WSClock,ProportionalAllocation,245,3,461800,{'interleave': 'random'},0.4618
shared_total,,thrashing,WSClock,ProportionalAllocation,245,4,1222600,{'interleave': 'random'},1.2226
shared,0,thrashing,WSClock,ProportionalAllocation,245,4,437200,{'interleave': 'random'},0.4372
shared,1,thrashing,WSClock,ProportionalAllocation,245,4,456700,{'interleave': 'random'},0.4567
shared_total,,thrashing,WSClock,ProportionalAllocation,245,5,1206900,{'interleave': 'random'},1.2069
shared,0,thrashing,WSClock,ProportionalAllocation,245,5,434700,{'interleave': 'random'},0.4347
shared,1,thrashing,WSClock,ProportionalAllocation,245,5,444600,{'interleave': 'random'},0.4446
shared_total,,thrashing,WSClock,ProportionalAllocation,245,6,1213400,{'interleave': 'random'},1.2134
shared,0,thrashing,WSClock,ProportionalAllocation,245,6,441100,{'interleave': 'random'},0.4411
shared,1,thrashing,WSClock,ProportionalAllocation,245,6,448800,{'interleave': 'random'},0.4488
shared_total,,thrashing,WSClock,ProportionalAllocation,245,7,1209800,{'interleave': 'random'},1.2098
shared,0,thrashing,WSClock,ProportionalAllocation,245,7,436400,{'interleave': 'random'},0.4364
shared,1,thrashing,WSClock,ProportionalAllocation,245,7,452100,{'interleave': 'random'},0.4521
shared_total,,thrashing,WSClock,ProportionalAllocation,245,8,1253100,{'interleave': 'random'},1.2531
shared,0,thrashing,WSClock,ProportionalAllocation,245,8,457700,{'interleave': 'random'},0.4577
shared,1,thrashing,WSClock,ProportionalAllocation,245,8,469800,{'interleave': 'random'},0.4698
shared_total,,thrashing,WSClock,ProportionalAllocation,245,9,1267700,{'interleave': 'random'},1.2677
shared,0,thrashing,WSClock,ProportionalAllocation,245,9,472400,{'interleave': 'random'},0.4724
shared,1,thrashing,WSClock,ProportionalAllocation,245,9,465700,{'interleave': 'random'},0.4657
shared_total,,thrashing,FIFO,GlobalAllocation,306,0,1324900,{'interleave': 'random'},1.3249
shared,0,thrashing,FIFO,GlobalAllocation,306,0,446800,{'interleave': 'random'},0.4468
shared,1,thrashing,FIFO,GlobalAllocation,306,0,550900,{'interleave': 'random'},0.5509
shared_total,,thrashing,FIFO,GlobalAllocation,306,1,1314200,{'interleave': 'random'},1.3142
shared,0,thrashing,FIFO,GlobalAllocation,306,1,449600,{'interleave': 'random'},0.4496
shared,1,thrashing,FIFO,GlobalAllocation,306,1,540700,{'interleave': 'random'},0.5407
shared_total,,thrashing,FIFO,GlobalAllocation,306,2,1317700,{'interleave': 'random'},1.3177
shared,0,thrashing,FIFO,GlobalAllocation,306,2,451900,{'interleave': 'random'},0.4519
shared,1,thrashing,FIFO,GlobalAllocation,306,2,544700,{'interleave': 'random'},0.5447
shared_total,,thrashing,FIFO,GlobalAllocation,306,3,1315200,{'interleave': 'random'},1.3152
shared,0,thrashing,FIFO,GlobalAllocation,306,3,449100,{'interleave': 'random'},0.4491
shared,1,thrashing,FIFO,GlobalAllocation,306,3,541800,{'interleave': 'random'},0.5418
shared_total,,thrashing,FIFO,GlobalAllocation,306,4,1243800,{'interleave': 'random'},1.2438
shared,0,thrashing,FIFO,GlobalAllocation,306,4,413500,{'interleave': 'random'},0.4135
shared,1,thrashing,FIFO,GlobalAllocation,306,4,526600,{'interleave': 'random'},0.5266
shared_total,,thrashing,FIFO,GlobalAllocation,306,5,1194800,{'interleave': 'random'},1.1948
shared,0,thrashing,FIFO,GlobalAllocation,306,5,405400,{'interleave': 'random'},0.4054
shared,1,thrashing,FIFO,GlobalAllocation,306,5,494400,{'interleave': 'random'},0.4944
shared_total,,thrashing,FIFO,GlobalAllocation,306,6,1202500,{'interleave': 'random'},1.2025
shared,0,thrashing,FIFO,GlobalAllocation,306,6,405200,{'interleave': 'random'},0.4052
shared,1,thrashing,FIFO,GlobalAllocation,306,6,496300,{'interleave': 'random'},0.4963
shared_total,,thrashing,FIFO,GlobalAllocation,306,7,1333800,{'interleave': 'random'},1.3338
shared,0,thrashing,FIFO,GlobalAllocation,306,7,447300,{'interleave': 'random'},0.4473
shared,1,thrashing,FIFO,GlobalAllocation,306,7,557100,{'interleave': 'random'},0.5571
shared_total,,thrashing,FIFO,GlobalAllocation,306,8,2607100,{'interleave': 'random'},2.6071
shared,0,thrashing,FIFO,GlobalAllocation,306,8,885500,{'interleave': 'random'},0.8855
shared,1,thrashing,FIFO,GlobalAllocation,306,8,1076600,{'interleave': 'random'},1.0766
shared_total,,thrashing,FIFO,GlobalAllocation,306,9,1331600,{'interleave': 'random'},1.3316
shared,0,thrashing,FIFO,GlobalAllocation,306,9,453900,{'interleave': 'random'},0.4539
shared,1,thrashing,FIFO,GlobalAllocation,306,9,550100,{'interleave': 'random'},0.5501
shared_total,,thrashing,FIFO,LocalAllocation,306,0,1001300,{'interleave': 'random'},1.0013
shared,0,thrashing,FIFO,LocalAllocation,306,0,349800,{'interleave': 'random'},0.3498
shared,1,thrashing,FIFO,LocalAllocation,306,0,344200,{'interleave': 'random'},0.3442
shared_total,,thrashing,FIFO,LocalAllocation,306,1,992300,{'interleave': 'random'},0.9923
shared,0,thrashing,FIFO,LocalAllocation,306,1,337300,{'interleave': 'random'},0.3373
shared,1,thrashing,FIFO,LocalAllocation,306,1,344300,{'interleave': 'random'},0.3443
shared_total,,thrashing,FIFO,LocalAllocation,306,2,981800,{'interleave': 'random'},0.9818
shared,0,thrashing,FIFO,LocalAllocation,306,2,338900,{'interleave': 'random'},0.3389
shared,1,thrashing,FIFO,LocalAllocation,306,2,340500,{'interleave': 'random'},0.3405
shared_total,,thrashing,FIFO,LocalAllocation,306,3,993300,{'interleave': 'random'},0.9933
shared,0,thrashing,FIFO,LocalAllocation,306,3,337600,{'interleave': 'random'},0.3376
shared,1,thrashing,FIFO,LocalAllocation,306,3,344200,{'interleave': 'random'},0.3442
shared_total,,thrashing,FIFO,LocalAllocation,306,4,994900,{'interleave': 'random'},0.9949
shared,0,thrashing,FIFO,LocalAllocation,306,4,337700,{'interleave': 'random'},0.3377
shared,1,thrashing,FIFO,LocalAllocation,306,4,346500,{'interleave': 'random'},0.3465
shared_total,,thrashing,FIFO,LocalAllocation,306,5,1003100,{'interleave': 'random'},1.0031
shared,0,thrashing,FIFO,LocalAllocation,306,5,344700,{'interleave': 'random'},0.3447
shared,1,thrashing,FIFO,LocalAllocation,306,5,346200,{'interleave': 'random'},0.3462
shared_total,,thrashing,FIFO,LocalAllocation,306,6,1002000,{'interleave': 'random'},1.002
shared,0,thrashing,FIFO,LocalAllocation,306,6,344300,{'interleave': 'random'},0.3443
shared,1,thrashing,FIFO,LocalAllocation,306,6,344800,{'interleave': 'random'},0.3448
shared_total,,thrashing,FIFO,LocalAllocation,306,7,1001100,{'interleave': 'random'},1.0011
shared,0,thrashing,FIFO,LocalAllocation,306,7,343500,{'interleave': 'random'},0.3435
shared,1,thrashing,FIFO,LocalAllocation,306,7,348000,{'interleave': 'random'},0.348
shared_total,,thrashing,FIFO,LocalAllocation,306,8,986700,{'interleave': 'random'},0.9867
shared,0,thrashing,FIFO,LocalAllocation,306,8,340100,{'interleave': 'random'},0.3401
shared,1,thrashing,FIFO,LocalAllocation,306,8,344000,{'interleave': 'random'},0.344
shared_total,,thrashing,FIFO,LocalAllocation,306,9,1007100,{'interleave': 'random'},1.0071
shared,0,thrashing,FIFO,LocalAllocation,306,9,345200,{'interleave': 'random'},0.3452
shared,1,thrashing,FIFO,LocalAllocation,306,9,350600,{'interleave': 'random'},0.3506
shared_total,,thrashing,FIFO,ProportionalAllocation,306,0,1031700,{'interleave': 'random'},1.0317
shared,0,thrashing,FIFO,ProportionalAllocation,306,0,353200,{'interleave': 'random'},0.3532
shared,1,thrashing,FIFO,ProportionalAllocation,306,0,364400,{'interleave': 'random'},0.3644
shared_total,,thrashing,FIFO,ProportionalAllocation,306,1,993300,{'interleave': 'random'},0.9933
shared,0,thrashing,FIFO,ProportionalAllocation,306,1,341000,{'interleave': 'random'},0.341
shared,1,thrashing,FIFO,ProportionalAllocation,306,1,347700,{'interleave': 'random'},0.3477
shared_total,,thrashing,FIFO,ProportionalAllocation,306,2,1004500,{'interleave': 'random'},1.0045
shared,0,thrashing,FIFO,ProportionalAllocation,306,2,343100,{'interleave': 'random'},0.3431
shared,1,thrashing,FIFO,ProportionalAllocation,306,2,346500,{'interleave': 'random'},0.3465
shared_total,,thrashing,FIFO,ProportionalAllocation,306,3,1018600,{'interleave': 'random'},1.0186
shared,0,thrashing,FIFO,ProportionalAllocation,306,3,345300,{'interleave': 'random'},0.3453
shared,1,thrashing,FIFO,ProportionalAllocation,306,3,351600,{'interleave': 'random'},0.3516
shared_total,,thrashing,FIFO,ProportionalAllocation,306,4,1079700,{'interleave': 'random'},1.0797
shared,0,thrashing,FIFO,ProportionalAllocation,306,4,365500,{'interleave': 'random'},0.3655
shared,1,thrashing,FIFO,ProportionalAllocation,306,4,383400,{'interleave': 'random'},0.3834
shared_total,,thrashing,FIFO,ProportionalAllocation,306,5,1019100,{'interleave': 'random'},1.0191
shared,0,thrashing,FIFO,ProportionalAllocation,306,5,349500,{'interleave': 'random'},0.3495
shared,1,thrashing,FIFO,ProportionalAllocation,306,5,351100,{'interleave': 'random'},0.3511
shared_total,,thrashing,FIFO,ProportionalAllocation,306,6,1003800,{'interleave': 'random'},1.0038
shared,0,thrashing,FIFO,ProportionalAllocation,306,6,343500,{'interleave': 'random'},0.3435
shared,1,thrashing,FIFO,ProportionalAllocation,306,6,348000,{'interleave': 'random'},0.348
shared_total,,thrashing,FIFO,ProportionalAllocation,306,7,978100,{'interleave': 'random'},0.9781
shared,0,thrashing,FIFO,ProportionalAllocation,306,7,338100,{'interleave': 'random'},0.3381
shared,1,thrashing,FIFO,ProportionalAllocation,306,7,335400,{'interleave': 'random'},0.3354
shared_total,,thrashing,FIFO,ProportionalAllocation,306,8,1002100,{'interleave': 'random'},1.0021
shared,0,thrashing,FIFO,ProportionalAllocation,306,8,342700,{'interleave': 'random'},0.3427
shared,1,thrashing,FIFO,ProportionalAllocation,306,8,347400,{'interleave': 'random'},0.3474
shared_total,,thrashing,FIFO,ProportionalAllocation,306,9,2166200,{'interleave': 'random'},2.1662
shared,0,thrashing,FIFO,ProportionalAllocation,306,9,756500,{'interleave': 'random'},0.7565
shared,1,thrashing,FIFO,ProportionalAllocation,306,9,767600,{'interleave': 'random'},0.7676
shared_total,,thrashing,LRU,GlobalAllocation,306,0,1704100,{'interleave': 'random'},1.7041
shared,0,thrashing,LRU,GlobalAllocation,306,0,616600,{'interleave': 'random'},0.6166
shared,1,thrashing,LRU,GlobalAllocation,306,0,758800,{'interleave': 'random'},0.7588
shared_total,,thrashing,LRU,GlobalAllocation,306,1,1732900,{'interleave': 'random'},1.7329
shared,0,thrashing,LRU,GlobalAllocation,306,1,631800,{'interleave': 'random'},0.6318
shared,1,thrashing,LRU,GlobalAllocation,306,1,763700,{'interleave': 'random'},0.7637
shared_total,,thrashing,LRU,GlobalAllocation,306,2,1730400,{'interleave': 'random'},1.7304
shared,0,thrashing,LRU,GlobalAllocation,306,2,632400,{'interleave': 'random'},0.6324
shared,1,thrashing,LRU,GlobalAllocation,306,2,763400,{'interleave': 'random'},0.7634
shared_total,,thrashing,LRU,GlobalAllocation,306,3,1742600,{'interleave': 'random'},1.7426
shared,0,thrashing,LRU,GlobalAllocation,306,3,640600,{'interleave': 'random'},0.6406
shared,1,thrashing,LRU,GlobalAllocation,306,3,766800,{'interleave': 'random'},0.7668
shared_total,,thrashing,LRU,GlobalAllocation,306,4,1715500,{'interleave': 'random'},1.7155
shared,0,thrashing,LRU,GlobalAllocation,306,4,630400,{'interleave': 'random'},0.6304
shared,1,thrashing,LRU,GlobalAllocation,306,4,756600,{'interleave': 'random'},0.7566
shared_total,,thrashing,LRU,GlobalAllocation,306,5,1731900,{'interleave': 'random'},1.7319
shared,0,thrashing,LRU,GlobalAllocation,306,5,629600,{'interleave': 'random'},0.6296
shared,1,thrashing,LRU,GlobalAllocation,306,5,769000,{'interleave': 'random'},0.769
shared_total,,thrashing,LRU,GlobalAllocation,306,6,1700500,{'interleave': 'random'},1.7005
shared,0,thrashing,LRU,GlobalAllocation,306,6,618200,{'interleave': 'random'},0.6182
shared,1,thrashing,LRU,GlobalAllocation,306,6,750400,{'interleave': 'random'},0.7504
shared_total,,thrashing,LRU,GlobalAllocation,306,7,1775600,{'interleave': 'random'},1.7756
shared,0,thrashing,LRU,GlobalAllocation,306,7,648000,{'interleave': 'random'},0.648
shared,1,thrashing,LRU,GlobalAllocation,306,7,779400,{'interleave': 'random'},0.7794
shared_total,,thrashing,LRU,GlobalAllocation,306,8,3614600,{'interleave': 'random'},3.6146
shared,0,thrashing,LRU,GlobalAllocation,306,8,1329300,{'interleave': 'random'},1.3293
shared,1,thrashing,LRU,GlobalAllocation,306,8,1594400,{'interleave': 'random'},1.5944
shared_total,,thrashing,LRU,GlobalAllocation,306,9,1738900,{'interleave': 'random'},1.7389
shared,0,thrashing,LRU,GlobalAllocation,306,9,637800,{'interleave': 'random'},0.6378
shared,1,thrashing,LRU,GlobalAllocation,306,9,769900,{'interleave': 'random'},0.7699
shared_total,,thrashing,LRU,LocalAllocation,306,0,1305900,{'interleave': 'random'},1.3059
shared,0,thrashing,LRU,LocalAllocation,306,0,481200,{'interleave': 'random'},0.4812
shared,1,thrashing,LRU,LocalAllocation,306,0,489700,{'interleave': 'random'},0.4897
shared_total,,thrashing,LRU,LocalAllocation,306,1,1321000,{'interleave': 'random'},1.321
shared,0,thrashing,LRU,LocalAllocation,306,1,502900,{'interleave': 'random'},0.5029
shared,1,thrashing,LRU,LocalAllocation,306,1,499800,{'interleave': 'random'},0.4998
shared_total,,thrashing,LRU,LocalAllocation,306,2,1310500,{'interleave': 'random'},1.3105
shared,0,thrashing,LRU,LocalAllocation,306,2,490600,{'interleave': 'random'},0.4906
shared,1,thrashing,LRU,LocalAllocation,306,2,488900,{'interleave': 'random'},0.4889
shared_total,,thrashing,LRU,LocalAllocation,306,3,2683800,{'interleave': 'random'},2.6838
shared,0,thrashing,LRU,LocalAllocation,306,3,990400,{'interleave': 'random'},0.9904
shared,1,thrashing,LRU,LocalAllocation,306,3,1021300,{'interleave': 'random'},1.0213
shared_total,,thrashing,LRU,LocalAllocation,306,4,1279600,{'interleave': 'random'},1.2796
shared,0,thrashing,LRU,LocalAllocation,306,4,461000,{'interleave': 'random'},0.461
shared,1,thrashing,LRU,LocalAllocation,306,4,467700,{'interleave': 'random'},0.4677
shared_total,,thrashing,LRU,LocalAllocation,306,5,1286300,{'interleave': 'random'},1.2863
shared,0,thrashing,LRU,LocalAllocation,306,5,465700,{'interleave': 'random'},0.4657
shared,1,thrashing,LRU,LocalAllocation,306,5,465200,{'interleave': 'random'},0.4652
shared_total,,thrashing,LRU,LocalAllocation,306,6,1332400,{'interleave': 'random'},1.3324
shared,0,thrashing,LRU,LocalAllocation,306,6,487200,{'interleave': 'random'},0.4872
shared,1,thrashing,LRU,LocalAllocation,306,6,505600,{'interleave': 'random'},0.5056
shared_total,,thrashing,LRU,LocalAllocation,306,7,1264100,{'interleave': 'random'},1.2641
shared,0,thrashing,LRU,LocalAllocation,306,7,454600,{'interleave': 'random'},0.4546
shared,1,thrashing,LRU,LocalAllocation,306,7,464900,{'interleave': 'random'},0.4649
shared_total,,thrashing,LRU,LocalAllocation,306,8,1292100,{'interleave': 'random'},1.2921
shared,0,thrashing,LRU,LocalAllocation,306,8,484300,{'interleave': 'random'},0.4843
shared,1,thrashing,LRU,LocalAllocation,306,8,491100,{'interleave': 'random'},0.4911
shared_total,,thrashing,LRU,LocalAllocation,306,9,1300000,{'interleave': 'random'},1.3
shared,0,thrashing,LRU,LocalAllocation,306,9,477700,{'interleave': 'random'},0.4777
shared,1,thrashing,LRU,LocalAllocation,306,9,474400,{'interleave': 'random'},0.4744
shared_total,,thrashing,LRU,ProportionalAllocation,306,0,2903000,{'interleave': 'random'},2.903
shared,0,thrashing,LRU,ProportionalAllocation,306,0,1070800,{'interleave': 'random'},1.0708
shared,1,thrashing,LRU,ProportionalAllocation,306,0,1173200,{'interleave': 'random'},1.1732
shared_total,,thrashing,LRU,ProportionalAllocation,306,1,1313300,{'interleave': 'random'},1.3133
shared,0,thrashing,LRU,ProportionalAllocation,306,1,487700,{'interleave': 'random'},0.4877
shared,1,thrashing,LRU,ProportionalAllocation,306,1,490200,{'interleave': 'random'},0.4902
shared_total,,thrashing,LRU,ProportionalAllocation,306,2,1358900,{'interleave': 'random'},1.3589
shared,0,thrashing,LRU,ProportionalAllocation,306,2,498800,{'interleave': 'random'},0.4988
shared,1,thrashing,LRU,ProportionalAllocation,306,2,493100,{'interleave': 'random'},0.4931
shared_total,,thrashing,LRU,ProportionalAllocation,306,3,1307400,{'interleave': 'random'},1.3074
shared,0,thrashing,LRU,ProportionalAllocation,306,3,475600,{'interleave': 'random'},0.4756
shared,1,thrashing,LRU,ProportionalAllocation,306,3,476900,{'interleave': 'random'},0.4769
shared_total,,thrashing,LRU,ProportionalAllocation,306,4,1266200,{'interleave': 'random'},1.2662
shared,0,thrashing,LRU,ProportionalAllocation,306,4,458500,{'interleave': 'random'},0.4585
shared,1,thrashing,LRU,ProportionalAllocation,306,4,466300,{'interleave': 'random'},0.4663
shared_total,,thrashing,LRU,ProportionalAllocation,306,5,1263300,{'interleave': 'random'},1.2633
shared,0,thrashing,LRU,ProportionalAllocation,306,5,456200,{'interleave': 'random'},0.4562
shared,1,thrashing,LRU,ProportionalAllocation,306,5,461800,{'interleave': 'random'},0.4618
shared_total,,thrashing,LRU,ProportionalAllocation,306,6,1274900,{'interleave': 'random'},1.2749
shared,0,thrashing,LRU,ProportionalAllocation,306,6,464500,{'interleave': 'random'},0.4645
shared,1,thrashing,LRU,ProportionalAllocation,306,6,465800,{'interleave': 'random'},0.4658
shared_total,,thrashing,LRU,ProportionalAllocation,306,7,1332800,{'interleave': 'random'},1.3328
shared,0,thrashing,LRU,ProportionalAllocation,306,7,488700,{'interleave': 'random'},0.4887
shared,1,thrashing,LRU,ProportionalAllocation,306,7,505300,{'interleave': 'random'},0.5053
shared_total,,thrashing,LRU,ProportionalAllocation,306,8,1282400,{'interleave': 'random'},1.2824
shared,0,thrashing,LRU,ProportionalAllocation,306,8,470100,{'interleave': 'random'},0.4701
shared,1,thrashing,LRU,ProportionalAllocation,306,8,475700,{'interleave': 'random'},0.4757
shared_total,,thrashing,LRU,ProportionalAllocation,306,9,1294400,{'interleave': 'random'},1.2944
shared,0,thrashing,LRU,ProportionalAllocation,306,9,482800,{'interleave': 'random'},0.4828
shared,1,thrashing,LRU,ProportionalAllocation,306,9,480700,{'interleave': 'random'},0.4807
shared_total,,thrashing,NRU,GlobalAllocation,306,0,1709900,{'interleave': 'random'},1.7099
shared,0,thrashing,NRU,GlobalAllocation,306,0,647200,{'interleave': 'random'},0.6472
shared,1,thrashing,NRU,GlobalAllocation,306,0,741200,{'interleave': 'random'},0.7412
shared_total,,thrashing,NRU,GlobalAllocation,306,1,2706700,{'interleave': 'random'},2.7067
shared,0,thrashing,NRU,GlobalAllocation,306,1,986000,{'interleave': 'random'},0.986
shared,1,thrashing,NRU,GlobalAllocation,306,1,1160200,{'interleave': 'random'},1.1602
shared_total,,thrashing,NRU,GlobalAllocation,306,2,1750400,{'interleave': 'random'},1.7504
shared,0,thrashing,NRU,GlobalAllocation,306,2,672200,{'interleave': 'random'},0.6722
shared,1,thrashing,NRU,GlobalAllocation,306,2,752400,{'interleave': 'random'},0.7524
shared_total,,thrashing,NRU,GlobalAllocation,306,3,1840400,{'interleave': 'random'},1.8404
shared,0,thrashing,NRU,GlobalAllocation,306,3,696600,{'interleave': 'random'},0.6966
shared,1,thrashing,NRU,GlobalAllocation,306,3,794400,{'interleave': 'random'},0.7944
shared_total,,thrashing,NRU,GlobalAllocation,306,4,1755100,{'interleave': 'random'},1.7551
shared,0,thrashing,NRU,GlobalAllocation,306,4,682900,{'interleave': 'random'},0.6829
shared,1,thrashing,NRU,GlobalAllocation,306,4,744500,{'interleave': 'random'},0.7445
shared_total,,thrashing,NRU,GlobalAllocation,306,5,1747800,{'interleave': 'random'},1.7478
shared,0,thrashing,NRU,GlobalAllocation,306,5,659500,{'interleave': 'random'},0.6595
shared,1,thrashing,NRU,GlobalAllocation,306,5,763800,{'interleave': 'random'},0.7638
shared_total,,thrashing,NRU,GlobalAllocation,306,6,1733600,{'interleave': 'random'},1.7336
shared,0,thrashing,NRU,GlobalAllocation,306,6,650000,{'interleave': 'random'},0.65
shared,1,thrashing,NRU,GlobalAllocation,306,6,756600,{'interleave': 'random'},0.7566
shared_total,,thrashing,NRU,GlobalAllocation,306,7,1739000,{'interleave': 'random'},1.739
shared,0,thrashing,NRU,GlobalAllocation,306,7,650100,{'interleave': 'random'},0.6501
shared,1,thrashing,NRU,GlobalAllocation,306,7,763700,{'interleave': 'random'},0.7637
shared_total,,thrashing,NRU,GlobalAllocation,306,8,1757800,{'interleave': 'random'},1.7578
shared,0,thrashing,NRU,GlobalAllocation,306,8,660400,{'interleave': 'random'},0.6604
shared,1,thrashing,NRU,GlobalAllocation,306,8,770000,{'interleave': 'random'},0.77
shared_total,,thrashing,NRU,GlobalAllocation,306,9,1753200,{'interleave': 'random'},1.7532
shared,0,thrashing,NRU,GlobalAllocation,306,9,685000,{'interleave': 'random'},0.685
shared,1,thrashing,NRU,GlobalAllocation,306,9,738900,{'interleave': 'random'},0.7389
shared_total,,thrashing,NRU,LocalAllocation,306,0,1289100,{'interleave': 'random'},1.2891
shared,0,thrashing,NRU,LocalAllocation,306,0,465900,{'interleave': 'random'},0.4659
shared,1,thrashing,NRU,LocalAllocation,306,0,476500,{'interleave': 'random'},0.4765
shared_total,,thrashing,NRU,LocalAllocation,306,1,1304200,{'interleave': 'random'},1.3042
shared,0,thrashing,NRU,LocalAllocation,306,1,488600,{'interleave': 'random'},0.4886
shared,1,thrashing,NRU,LocalAllocation,306,1,483600,{'interleave': 'random'},0.4836
shared_total,,thrashing,NRU,LocalAllocation,306,2,1354900,{'interleave': 'random'},1.3549
shared,0,thrashing,NRU,LocalAllocation,306,2,512600,{'interleave': 'random'},0.5126
shared,1,thrashing,NRU,LocalAllocation,306,2,505200,{'interleave': 'random'},0.5052
shared_total,,thrashing,NRU,LocalAllocation,306,3,1315900,{'interleave': 'random'},1.3159
shared,0,thrashing,NRU,LocalAllocation,306,3,492300,{'interleave': 'random'},0.4923
shared,1,thrashing,NRU,LocalAllocation,306,3,499600,{'interleave': 'random'},0.4996
shared_total,,thrashing,NRU,LocalAllocation,306,4,1304300,{'interleave': 'random'},1.3043
shared,0,thrashing,NRU,LocalAllocation,306,4,484200,{'interleave': 'random'},0.4842
shared,1,thrashing,NRU,LocalAllocation,306,4,492400,{'interleave': 'random'},0.4924
shared_total,,thrashing,NRU,LocalAllocation,306,5,1272600,{'interleave': 'random'},1.2726
shared,0,thrashing,NRU,LocalAllocation,306,5,469600,{'interleave': 'random'},0.4696
shared,1,thrashing,NRU,LocalAllocation,306,5,472000,{'interleave': 'random'},0.472
shared_total,,thrashing,NRU,LocalAllocation,306,6,1290700,{'interleave': 'random'},1.2907
shared,0,thrashing,NRU,LocalAllocation,306,6,476700,{'interleave': 'random'},0.4767
shared,1,thrashing,NRU,LocalAllocation,306,6,491900,{'interleave': 'random'},0.4919
shared_total,,thrashing,NRU,LocalAllocation,306,7,1276500,{'interleave': 'random'},1.2765
shared,0,thrashing,NRU,LocalAllocation,306,7,467500,{'interleave': 'random'},0.4675
shared,1,thrashing,NRU,LocalAllocation,306,7,474300,{'interleave': 'random'},0.4743
shared_total,,thrashing,NRU,LocalAllocation,306,8,1308600,{'interleave': 'random'},1.3086
shared,0,thrashing,NRU,LocalAllocation,306,8,480000,{'interleave': 'random'},0.48
shared,1,thrashing,NRU,LocalAllocation,306,8,485200,{'interleave': 'random'},0.4852
shared_total,,thrashing,NRU,LocalAllocation,306,9,1310300,{'interleave': 'random'},1.3103
shared,0,thrashing,NRU,LocalAllocation,306,9,489900,{'interleave': 'random'},0.4899
shared,1,thrashing,NRU,LocalAllocation,306,9,493200,{'interleave': 'random'},0.4932
shared_total,,thrashing,NRU,ProportionalAllocation,306,0,1286900,{'interleave': 'random'},1.2869
shared,0,thrashing,NRU,ProportionalAllocation,306,0,471800,{'interleave': 'random'},0.4718
shared,1,thrashing,NRU,ProportionalAllocation,306,0,475900,{'interleave': 'random'},0.4759
shared_total,,thrashing,NRU,ProportionalAllocation,306,1,1282200,{'interleave': 'random'},1.2822
shared,0,thrashing,NRU,ProportionalAllocation,306,1,470700,{'interleave': 'random'},0.4707
shared,1,thrashing,NRU,ProportionalAllocation,306,1,481300,{'interleave': 'random'},0.4813
shared_total,,thrashing,NRU,ProportionalAllocation,306,2,1309600,{'interleave': 'random'},1.3096
shared,0,thrashing,NRU,ProportionalAllocation,306,2,486300,{'interleave': 'random'},0.4863
shared,1,thrashing,NRU,ProportionalAllocation,306,2,493000,{'interleave': 'random'},0.493
shared_total,,thrashing,NRU,ProportionalAllocation,306,3,1381300,{'interleave': 'random'},1.3813
shared,0,thrashing,NRU,ProportionalAllocation,306,3,509400,{'interleave': 'random'},0.5094
shared,1,thrashing,NRU,ProportionalAllocation,306,3,515100,{'interleave': 'random'},0.5151
shared_total,,thrashing,NRU,ProportionalAllocation,306,4,1298100,{'interleave': 'random'},1.2981
shared,0,thrashing,NRU,ProportionalAllocation,306,4,481200,{'interleave': 'random'},0.4812
shared,1,thrashing,NRU,ProportionalAllocation,306,4,489700,{'interleave': 'random'},0.4897
shared_total,,thrashing,NRU,ProportionalAllocation,306,5,1321400,{'interleave': 'random'},1.3214
shared,0,thrashing,NRU,ProportionalAllocation,306,5,493700,{'interleave': 'random'},0.4937
shared,1,thrashing,NRU,ProportionalAllocation,306,5,499100,{'interleave': 'random'},0.4991
shared_total,,thrashing,NRU,ProportionalAllocation,306,6,1368700,{'interleave': 'random'},1.3687
shared,0,thrashing,NRU,ProportionalAllocation,306,6,510200,{'interleave': 'random'},0.5102
shared,1,thrashing,NRU,ProportionalAllocation,306,6,522600,{'interleave': 'random'},0.5226
shared_total,,thrashing,NRU,ProportionalAllocation,306,7,1290600,{'interleave': 'random'},1.2906
shared,0,thrashing,NRU,ProportionalAllocation,306,7,478100,{'interleave': 'random'},0.4781
shared,1,thrashing,NRU,ProportionalAllocation,306,7,483400,{'interleave': 'random'},0.4834
shared_total,,thrashing,NRU,ProportionalAllocation,306,8,1286800,{'interleave': 'random'},1.2868
shared,0,thrashing,NRU,ProportionalAllocation,306,8,472600,{'interleave': 'random'},0.4726
shared,1,thrashing,NRU,ProportionalAllocation,306,8,479600,{'interleave': 'random'},0.4796
shared_total,,thrashing,NRU,ProportionalAllocation,306,9,1278200,{'interleave': 'random'},1.2782
shared,0,thrashing,NRU,ProportionalAllocation,306,9,471100,{'interleave': 'random'},0.4711
shared,1,thrashing,NRU,ProportionalAllocation,306,9,475000,{'interleave': 'random'},0.475
shared_total,,thrashing,SecondChance,GlobalAllocation,306,0,1668100,{'interleave': 'random'},1.6681
shared,0,thrashing,SecondChance,GlobalAllocation,306,0,601400,{'interleave': 'random'},0.6014
shared,1,thrashing,SecondChance,GlobalAllocation,306,0,735400,{'interleave': 'random'},0.7354
shared_total,,thrashing,SecondChance,GlobalAllocation,306,1,1644100,{'interleave': 'random'},1.6441
shared,0,thrashing,SecondChance,GlobalAllocation,306,1,598400,{'interleave': 'random'},0.5984
shared,1,thrashing,SecondChance,GlobalAllocation,306,1,722700,{'interleave': 'random'},0.7227
shared_total,,thrashing,SecondChance,GlobalAllocation,306,2,2701900,{'interleave': 'random'},2.7019
shared,0,thrashing,SecondChance,GlobalAllocation,306,2,961000,{'interleave': 'random'},0.961
shared,1,thrashing,SecondChance,GlobalAllocation,306,2,1190900,{'interleave': 'random'},1.1909
shared_total,,thrashing,SecondChance,GlobalAllocation,306,3,1668500,{'interleave': 'random'},1.6685
shared,0,thrashing,SecondChance,GlobalAllocation,306,3,599500,{'interleave': 'random'},0.5995
shared,1,thrashing,SecondChance,GlobalAllocation,306,3,743500,{'interleave': 'random'},0.7435
shared_total,,thrashing,SecondChance,GlobalAllocation,306,4,1673600,{'interleave': 'random'},1.6736
shared,0,thrashing,SecondChance,GlobalAllocation,306,4,617200,{'interleave': 'random'},0.6172
shared,1,thrashing,SecondChance,GlobalAllocation,306,4,731900,{'interleave': 'random'},0.7319
shared_total,,thrashing,SecondChance,GlobalAllocation,306,5,1655100,{'interleave': 'random'},1.6551
shared,0,thrashing,SecondChance,GlobalAllocation,306,5,593600,{'interleave': 'random'},0.5936
shared,1,thrashing,SecondChance,GlobalAllocation,306,5,734900,{'interleave': 'random'},0.7349
shared_total,,thrashing,SecondChance,GlobalAllocation,306,6,1672600,{'interleave': 'random'},1.6726
shared,0,thrashing,SecondChance,GlobalAllocation,306,6,599500,{'interleave': 'random'},0.5995
shared,1,thrashing,SecondChance,GlobalAllocation,306,6,748400,{'interleave': 'random'},0.7484
shared_total,,thrashing,SecondChance,GlobalAllocation,306,7,3584200,{'interleave': 'random'},3.5842
shared,0,thrashing,SecondChance,GlobalAllocation,306,7,1313700,{'interleave': 'random'},1.3137
shared,1,thrashing,SecondChance,GlobalAllocation,306,7,1579500,{'interleave': 'random'},1.5795
shared_total,,thrashing,SecondChance,GlobalAllocation,306,8,1666300,{'interleave': 'random'},1.6663
shared,0,thrashing,SecondChance,GlobalAllocation,306,8,618000,{'interleave': 'random'},0.618
shared,1,thrashing,SecondChance,GlobalAllocation,306,8,726400,{'interleave': 'random'},0.7264
shared_total,,thrashing,SecondChance,GlobalAllocation,306,9,1744100,{'interleave': 'random'},1.7441
shared,0,thrashing,SecondChance,GlobalAllocation,306,9,597500,{'interleave': 'random'},0.5975
shared,1,thrashing,SecondChance,GlobalAllocation,306,9,796000,{'interleave': 'random'},0.796
shared_total,,thrashing,SecondChance,LocalAllocation,306,0,1212500,{'interleave': 'random'},1.2125
shared,0,thrashing,SecondChance,LocalAllocation,306,0,437600,{'interleave': 'random'},0.4376
shared,1,thrashing,SecondChance,LocalAllocation,306,0,452000,{'interleave': 'random'},0.452
shared_total,,thrashing,SecondChance,LocalAllocation,306,1,1215200,{'interleave': 'random'},1.2152
shared,0,thrashing,SecondChance,LocalAllocation,306,1,438400,{'interleave': 'random'},0.4384
shared,1,thrashing,SecondChance,LocalAllocation,306,1,451400,{'interleave': 'random'},0.4514
shared_total,,thrashing,SecondChance,LocalAllocation,306,2,1218900,{'interleave': 'random'},1.2189
shared,0,thrashing,SecondChance,LocalAllocation,306,2,442000,{'interleave': 'random'},0.442
shared,1,thrashing,SecondChance,LocalAllocation,306,2,448200,{'interleave': 'random'},0.4482
shared_total,,thrashing,SecondChance,LocalAllocation,306,3,1244100,{'interleave': 'random'},1.2441
shared,0,thrashing,SecondChance,LocalAllocation,306,3,450600,{'interleave': 'random'},0.4506
shared,1,thrashing,SecondChance,LocalAllocation,306,3,467600,{'interleave': 'random'},0.4676
shared_total,,thrashing,SecondChance,LocalAllocation,306,4,1208500,{'interleave': 'random'},1.2085
shared,0,thrashing,SecondChance,LocalAllocation,306,4,435600,{'interleave': 'random'},0.4356
shared,1,thrashing,SecondChance,LocalAllocation,306,4,444600,{'interleave': 'random'},0.4446
shared_total,,thrashing,SecondChance,LocalAllocation,306,5,1202200,{'interleave': 'random'},1.2022
shared,0,thrashing,SecondChance,LocalAllocation,306,5,434100,{'interleave': 'random'},0.4341
shared,1,thrashing,SecondChance,LocalAllocation,306,5,448400,{'interleave': 'random'},0.4484
shared_total,,thrashing,SecondChance,LocalAllocation,306,6,1234800,{'interleave': 'random'},1.2348
shared,0,thrashing,SecondChance,LocalAllocation,306,6,455700,{'interleave': 'random'},0.4557
shared,1,thrashing,SecondChance,LocalAllocation,306,6,455400,{'interleave': 'random'},0.4554
shared_total,,thrashing,SecondChance,LocalAllocation,306,7,1245200,{'interleave': 'random'},1.2452
shared,0,thrashing,SecondChance,LocalAllocation,306,7,442500,{'interleave': 'random'},0.4425
shared,1,thrashing,SecondChance,LocalAllocation,306,7,458700,{'interleave': 'random'},0.4587
shared_total,,thrashing,SecondChance,LocalAllocation,306,8,2550300,{'interleave': 'random'},2.5503
shared,0,thrashing,SecondChance,LocalAllocation,306,8,903500,{'interleave': 'random'},0.9035
shared,1,thrashing,SecondChance,LocalAllocation,306,8,995300,{'interleave': 'random'},0.9953
shared_total,,thrashing,SecondChance,LocalAllocation,306,9,1213100,{'interleave': 'random'},1.2131
shared,0,thrashing,SecondChance,LocalAllocation,306,9,441600,{'interleave': 'random'},0.4416
shared,1,thrashing,SecondChance,LocalAllocation,306,9,449100,{'interleave': 'random'},0.4491
shared_total,,thrashing,SecondChance,ProportionalAllocation,306,0,1220900,{'interleave': 'random'},1.2209
shared,0,thrashing,SecondChance,ProportionalAllocation,306,0,438700,{'interleave': 'random'},0.4387
shared,1,thrashing,SecondChance,ProportionalAllocation,306,0,452000,{'interleave': 'random'},0.452
shared_total,,thrashing,SecondChance,ProportionalAllocation,306,1,1269700,{'interleave': 'random'},1.2697
shared,0,thrashing,SecondChance,ProportionalAllocation,306,1,460000,{'interleave': 'random'},0.46
shared,1,thrashing,SecondChance,ProportionalAllocation,306,1,477200,{'interleave': 'random'},0.4772
shared_total,,thrashing,SecondChance,ProportionalAllocation,306,2,1232500,{'interleave': 'random'},1.2325
shared,0,thrashing,SecondChance,ProportionalAllocation,306,2,449500,{'interleave': 'random'},0.4495
shared,1,thrashing,SecondChance,ProportionalAllocation,306,2,459400,{'interleave': 'random'},0.4594
shared_total,,thrashing,SecondChance,ProportionalAllocation,306,3,1275400,{'interleave': 'random'},1.2754
shared,0,thrashing,SecondChance,ProportionalAllocation,306,3,454900,{'interleave': 'random'},0.4549
shared,1,thrashing,SecondChance,ProportionalAllocation,306,3,481200,{'interleave': 'random'},0.4812
shared_total,,thrashing,SecondChance,ProportionalAllocation,306,4,1245000,{'interleave': 'random'},1.245
shared,0,thrashing,SecondChance,ProportionalAllocation,306,4,448400,{'interleave': 'random'},0.4484
shared,1,thrashing,SecondChance,ProportionalAllocation,306,4,461400,{'interleave': 'random'},0.4614
shared_total,,thrashing,SecondChance,ProportionalAllocation,306,5,1217900,{'interleave': 'random'},1.2179
shared,0,thrashing,SecondChance,ProportionalAllocation,306,5,439500,{'interleave': 'random'},0.4395
shared,1,thrashing,SecondChance,ProportionalAllocation,306,5,447500,{'interleave': 'random'},0.4475
shared_total,,thrashing,SecondChance,ProportionalAllocation,306,6,1229300,{'interleave': 'random'},1.2293
shared,0,thrashing,SecondChance,ProportionalAllocation,306,6,445800,{'interleave': 'random'},0.4458
shared,1,thrashing,SecondChance,ProportionalAllocation,306,6,455300,{'interleave': 'random'},0.4553
shared_total,,thrashing,SecondChance,ProportionalAllocation,306,7,1239200,{'interleave': 'random'},1.2392
shared,0,thrashing,SecondChance,ProportionalAllocation,306,7,442000,{'interleave': 'random'},0.442
shared,1,thrashing,SecondChance,ProportionalAllocation,306,7,470500,{'interleave': 'random'},0.4705
shared_total,,thrashing,SecondChance,ProportionalAllocation,306,8,1220400,{'interleave': 'random'},1.2204
shared,0,thrashing,SecondChance,ProportionalAllocation,306,8,440700,{'interleave': 'random'},0.4407
shared,1,thrashing,SecondChance,ProportionalAllocation,306,8,453700,{'interleave': 'random'},0.4537
shared_total,,thrashing,SecondChance,ProportionalAllocation,306,9,1218000,{'interleave': 'random'},1.218
shared,0,thrashing,SecondChance,ProportionalAllocation,306,9,441400,{'interleave': 'random'},0.4414
shared,1,thrashing,SecondChance,ProportionalAllocation,306,9,450200,{'interleave': 'random'},0.4502
shared_total,,thrashing,WSClock,GlobalAllocation,306,0,1645800,{'interleave': 'random'},1.6458
shared,0,thrashing,WSClock,GlobalAllocation,306,0,595500,{'interleave': 'random'},0.5955
shared,1,thrashing,WSClock,GlobalAllocation,306,0,727500,{'interleave': 'random'},0.7275
shared_total,,thrashing,WSClock,GlobalAllocation,306,1,1722900,{'interleave': 'random'},1.7229
shared,0,thrashing,WSClock,GlobalAllocation,306,1,611900,{'interleave': 'random'},0.6119
shared,1,thrashing,WSClock,GlobalAllocation,306,1,764800,{'interleave': 'random'},0.7648
shared_total,,thrashing,WSClock,GlobalAllocation,306,2,1681200,{'interleave': 'random'},1.6812
shared,0,thrashing,WSClock,GlobalAllocation,306,2,602000,{'interleave': 'random'},0.602
shared,1,thrashing,WSClock,GlobalAllocation,306,2,755300,{'interleave': 'random'},0.7553
shared_total,,thrashing,WSClock,GlobalAllocation,306,3,1665300,{'interleave': 'random'},1.6653
shared,0,thrashing,WSClock,GlobalAllocation,306,3,596300,{'interleave': 'random'},0.5963
shared,1,thrashing,WSClock,GlobalAllocation,306,3,739700,{'interleave': 'random'},0.7397
shared_total,,thrashing,WSClock,GlobalAllocation,306,4,1681700,{'interleave': 'random'},1.6817
shared,0,thrashing,WSClock,GlobalAllocation,306,4,614700,{'interleave': 'random'},0.6147
shared,1,thrashing,WSClock,GlobalAllocation,306,4,741300,{'interleave': 'random'},0.7413
shared_total,,thrashing,WSClock,GlobalAllocation,306,5,1669100,{'interleave': 'random'},1.6691
shared,0,thrashing,WSClock,GlobalAllocation,306,5,600100,{'interleave': 'random'},0.6001
shared,1,thrashing,WSClock,GlobalAllocation,306,5,743000,{'interleave': 'random'},0.743
shared_total,,thrashing,WSClock,GlobalAllocation,306,6,1572100,{'interleave': 'random'},1.5721
shared,0,thrashing,WSClock,GlobalAllocation,306,6,563000,{'interleave': 'random'},0.563
shared,1,thrashing,WSClock,GlobalAllocation,306,6,703700,{'interleave': 'random'},0.7037
shared_total,,thrashing,WSClock,GlobalAllocation,306,7,1752000,{'interleave': 'random'},1.752
shared,0,thrashing,WSClock,GlobalAllocation,306,7,638100,{'interleave': 'random'},0.6381
shared,1,thrashing,WSClock,GlobalAllocation,306,7,771200,{'interleave': 'random'},0.7712
shared_total,,thrashing,WSClock,GlobalAllocation,306,8,1764000,{'interleave': 'random'},1.764
shared,0,thrashing,WSClock,GlobalAllocation,306,8,623300,{'interleave': 'random'},0.6233
shared,1,thrashing,WSClock,GlobalAllocation,306,8,791600,{'interleave': 'random'},0.7916
shared_total,,thrashing,WSClock,GlobalAllocation,306,9,1732500,{'interleave': 'random'},1.7325
shared,0,thrashing,WSClock,GlobalAllocation,306,9,609900,{'interleave': 'random'},0.6099
shared,1,thrashing,WSClock,GlobalAllocation,306,9,777700,{'interleave': 'random'},0.7777
shared_total,,thrashing,WSClock,LocalAllocation,306,0,1227600,{'interleave': 'random'},1.2276
shared,0,thrashing,WSClock,LocalAllocation,306,0,438500,{'interleave': 'random'},0.4385
shared,1,thrashing,WSClock,LocalAllocation,306,0,455700,{'interleave': 'random'},0.4557
shared_total,,thrashing,WSClock,LocalAllocation,306,1,1390200,{'interleave': 'random'},1.3902
shared,0,thrashing,WSClock,LocalAllocation,306,1,494500,{'interleave': 'random'},0.4945
shared,1,thrashing,WSClock,LocalAllocation,306,1,507000,{'interleave': 'random'},0.507
shared_total,,thrashing,WSClock,LocalAllocation,306,2,1252800,{'interleave': 'random'},1.2528
shared,0,thrashing,WSClock,LocalAllocation,306,2,447400,{'interleave': 'random'},0.4474
shared,1,thrashing,WSClock,LocalAllocation,306,2,459500,{'interleave': 'random'},0.4595
shared_total,,thrashing,WSClock,LocalAllocation,306,3,1160100,{'interleave': 'random'},1.1601
shared,0,thrashing,WSClock,LocalAllocation,306,3,422700,{'interleave': 'random'},0.4227
shared,1,thrashing,WSClock,LocalAllocation,306,3,434700,{'interleave': 'random'},0.4347
shared_total,,thrashing,WSClock,LocalAllocation,306,4,1175400,{'interleave': 'random'},1.1754
shared,0,thrashing,WSClock,LocalAllocation,306,4,433900,{'interleave': 'random'},0.4339
shared,1,thrashing,WSClock,LocalAllocation,306,4,424900,{'interleave': 'random'},0.4249
shared_total,,thrashing,WSClock,LocalAllocation,306,5,1254500,{'interleave': 'random'},1.2545
shared,0,thrashing,WSClock,LocalAllocation,306,5,459500,{'interleave': 'random'},0.4595
shared,1,thrashing,WSClock,LocalAllocation,306,5,469100,{'interleave': 'random'},0.4691
shared_total,,thrashing,WSClock,LocalAllocation,306,6,1230700,{'interleave': 'random'},1.2307
shared,0,thrashing,WSClock,LocalAllocation,306,6,441900,{'interleave': 'random'},0.4419
shared,1,thrashing,WSClock,LocalAllocation,306,6,457700,{'interleave': 'random'},0.4577
shared_total,,thrashing,WSClock,LocalAllocation,306,7,1232200,{'interleave': 'random'},1.2322
shared,0,thrashing,WSClock,LocalAllocation,306,7,436900,{'interleave': 'random'},0.4369
shared,1,thrashing,WSClock,LocalAllocation,306,7,453800,{'interleave': 'random'},0.4538
shared_total,,thrashing,WSClock,LocalAllocation,306,8,1235800,{'interleave': 'random'},1.2358
shared,0,thrashing,WSClock,LocalAllocation,306,8,444400,{'interleave': 'random'},0.4444
shared,1,thrashing,WSClock,LocalAllocation,306,8,456200,{'interleave': 'random'},0.4562
shared_total,,thrashing,WSClock,LocalAllocation,306,9,1624600,{'interleave': 'random'},1.6246
shared,0,thrashing,WSClock,LocalAllocation,306,9,596700,{'interleave': 'random'},0.5967
shared,1,thrashing,WSClock,LocalAllocation,306,9,597200,{'interleave': 'random'},0.5972
shared_total,,thrashing,WSClock,ProportionalAllocation,306,0,1234700,{'interleave': 'random'},1.2347
shared,0,thrashing,WSClock,ProportionalAllocation,306,0,445400,{'interleave': 'random'},0.4454
shared,1,thrashing,WSClock,ProportionalAllocation,306,0,456500,{'interleave': 'random'},0.4565
shared_total,,thrashing,WSClock,ProportionalAllocation,306,1,1229500,{'interleave': 'random'},1.2295
shared,0,thrashing,WSClock,ProportionalAllocation,306,1,447100,{'interleave': 'random'},0.4471
shared,1,thrashing,WSClock,ProportionalAllocation,306,1,457700,{'interleave': 'random'},0.4577
shared_total,,thrashing,WSClock,ProportionalAllocation,306,2,1245400,{'interleave': 'random'},1.2454
shared,0,thrashing,WSClock,ProportionalAllocation,306,2,456400,{'interleave': 'random'},0.4564
shared,1,thrashing,WSClock,ProportionalAllocation,306,2,466200,{'interleave': 'random'},0.4662
shared_total,,thrashing,WSClock,ProportionalAllocation,306,3,1213000,{'interleave': 'random'},1.213
shared,0,thrashing,WSClock,ProportionalAllocation,306,3,438800,{'interleave': 'random'},0.4388
shared,1,thrashing,WSClock,ProportionalAllocation,306,3,450100,{'interleave': 'random'},0.4501
shared_total,,thrashing,WSClock,ProportionalAllocation,306,4,1387800,{'interleave': 'random'},1.3878
shared,0,thrashing,WSClock,ProportionalAllocation,306,4,491700,{'interleave': 'random'},0.4917
shared,1,thrashing,WSClock,ProportionalAllocation,306,4,545900,{'interleave': 'random'},0.5459
shared_total,,thrashing,WSClock,ProportionalAllocation,306,5,1228500,{'interleave': 'random'},1.2285
shared,0,thrashing,WSClock,ProportionalAllocation,306,5,440900,{'interleave': 'random'},0.4409
shared,1,thrashing,WSClock,ProportionalAllocation,306,5,451600,{'interleave': 'random'},0.4516
shared_total,,thrashing,WSClock,ProportionalAllocation,306,6,1223900,{'interleave': 'random'},1.2239
shared,0,thrashing,WSClock,ProportionalAllocation,306,6,444600,{'interleave': 'random'},0.4446
shared,1,thrashing,WSClock,ProportionalAllocation,306,6,450500,{'interleave': 'random'},0.4505
shared_total,,thrashing,WSClock,ProportionalAllocation,306,7,1217800,{'interleave': 'random'},1.2178
shared,0,thrashing,WSClock,ProportionalAllocation,306,7,436600,{'interleave': 'random'},0.4366
shared,1,thrashing,WSClock,ProportionalAllocation,306,7,453100,{'interleave': 'random'},0.4531
shared_total,,thrashing,WSClock,ProportionalAllocation,306,8,1230200,{'interleave': 'random'},1.2302
shared,0,thrashing,WSClock,ProportionalAllocation,306,8,443300,{'interleave': 'random'},0.4433
shared,1,thrashing,WSClock,ProportionalAllocation,306,8,454500,{'interleave': 'random'},0.4545
shared_total,,thrashing,WSClock,ProportionalAllocation,306,9,1222600,{'interleave': 'random'},1.2226
shared,0,thrashing,WSClock,ProportionalAllocation,306,9,443600,{'interleave': 'random'},0.4436
shared,1,thrashing,WSClock,ProportionalAllocation,306,9,451900,{'interleave': 'random'},0.4519
shared_total,,thrashing,FIFO,GlobalAllocation,365,0,4953400,{'interleave': 'random'},4.9534
shared,0,thrashing,FIFO,GlobalAllocation,365,0,962100,{'interleave': 'random'},0.9621
shared,1,thrashing,FIFO,GlobalAllocation,365,0,1082000,{'interleave': 'random'},1.082
shared,2,thrashing,FIFO,GlobalAllocation,365,0,1082800,{'interleave': 'random'},1.0828
shared,3,thrashing,FIFO,GlobalAllocation,365,0,1138000,{'interleave': 'random'},1.138
shared_total,,thrashing,FIFO,GlobalAllocation,365,1,4971700,{'interleave': 'random'},4.9717
shared,0,thrashing,FIFO,GlobalAllocation,365,1,923800,{'interleave': 'random'},0.9238
shared,1,thrashing,FIFO,GlobalAllocation,365,1,1105800,{'interleave': 'random'},1.1058
shared,2,thrashing,FIFO,GlobalAllocation,365,1,1110600,{'interleave': 'random'},1.1106
shared,3,thrashing,FIFO,GlobalAllocation,365,1,1150800,{'interleave': 'random'},1.1508
shared_total,,thrashing,FIFO,GlobalAllocation,365,2,4977400,{'interleave': 'random'},4.9774
shared,0,thrashing,FIFO,GlobalAllocation,365,2,976300,{'interleave': 'random'},0.9763
shared,1,thrashing,FIFO,GlobalAllocation,365,2,1062600,{'interleave': 'random'},1.0626
shared,2,thrashing,FIFO,GlobalAllocation,365,2,1094900,{'interleave': 'random'},1.0949
shared,3,thrashing,FIFO,GlobalAllocation,365,2,1150100,{'interleave': 'random'},1.1501
shared_total,,thrashing,FIFO,GlobalAllocation,365,3,5093400,{'interleave': 'random'},5.0934
shared,0,thrashing,FIFO,GlobalAllocation,365,3,971400,{'interleave': 'random'},0.9714
shared,1,thrashing,FIFO,GlobalAllocation,365,3,1105700,{'interleave': 'random'},1.1057
shared,2,thrashing,FIFO,GlobalAllocation,365,3,1160300,{'interleave': 'random'},1.1603
shared,3,thrashing,FIFO,GlobalAllocation,365,3,1140200,{'interleave': 'random'},1.1402
shared_total,,thrashing,FIFO,GlobalAllocation,365,4,4953000,{'interleave': 'random'},4.953
shared,0,thrashing,FIFO,GlobalAllocation,365,4,965000,{'interleave': 'random'},0.965
shared,1,thrashing,FIFO,GlobalAllocation,365,4,1075300,{'interleave': 'random'},1.0753
shared,2,thrashing,FIFO,GlobalAllocation,365,4,1118500,{'interleave': 'random'},1.1185
shared,3,thrashing,FIFO,GlobalAllocation,365,4,1097000,{'interleave': 'random'},1.097
shared_total,,thrashing,FIFO,GlobalAllocation,365,5,4907700,{'interleave': 'random'},4.9077
shared,0,thrashing,FIFO,GlobalAllocation,365,5,930300,{'interleave': 'random'},0.9303
shared,1,thrashing,FIFO,GlobalAllocation,365,5,1038800,{'interleave': 'random'},1.0388
shared,2,thrashing,FIFO,GlobalAllocation,365,5,1097800,{'interleave': 'random'},1.0978
shared,3,thrashing,FIFO,GlobalAllocation,365,5,1123600,{'interleave': 'random'},1.1236
shared_total,,thrashing,FIFO,GlobalAllocation,365,6,5110800,{'interleave': 'random'},5.1108
shared,0,thrashing,FIFO,GlobalAllocation,365,6,980800,{'interleave': 'random'},0.9808
shared,1,thrashing,FIFO,GlobalAllocation,365,6,1086700,{'interleave': 'random'},1.0867
shared,2,thrashing,FIFO,GlobalAllocation,365,6,1189700,{'interleave': 'random'},1.1897
shared,3,thrashing,FIFO,GlobalAllocation,365,6,1153800,{'interleave': 'random'},1.1538
shared_total,,thrashing,FIFO,GlobalAllocation,365,7,5084700,{'interleave': 'random'},5.0847
shared,0,thrashing,FIFO,GlobalAllocation,365,7,961800,{'interleave': 'random'},0.9618
shared,1,thrashing,FIFO,GlobalAllocation,365,7,1074500,{'interleave': 'random'},1.0745
shared,2,thrashing,FIFO,GlobalAllocation,365,7,1169200,{'interleave': 'random'},1.1692
shared,3,thrashing,FIFO,GlobalAllocation,365,7,1179000,{'interleave': 'random'},1.179
shared_total,,thrashing,FIFO,GlobalAllocation,365,8,5477700,{'interleave': 'random'},5.4777
shared,0,thrashing,FIFO,GlobalAllocation,365,8,1038000,{'interleave': 'random'},1.038
shared,1,thrashing,FIFO,GlobalAllocation,365,8,1165200,{'interleave': 'random'},1.1652
shared,2,thrashing,FIFO,GlobalAllocation,365,8,1251200,{'interleave': 'random'},1.2512
shared,3,thrashing,FIFO,GlobalAllocation,365,8,1309500,{'interleave': 'random'},1.3095
shared_total,,thrashing,FIFO,GlobalAllocation,365,9,5096200,{'interleave': 'random'},5.0962
shared,0,thrashing,FIFO,GlobalAllocation,365,9,978800,{'interleave': 'random'},0.9788
shared,1,thrashing,FIFO,GlobalAllocation,365,9,1086600,{'interleave': 'random'},1.0866
shared,2,thrashing,FIFO,GlobalAllocation,365,9,1142000,{'interleave': 'random'},1.142
shared,3,thrashing,FIFO,GlobalAllocation,365,9,1172700,{'interleave': 'random'},1.1727
shared_total,,thrashing,FIFO,LocalAllocation,365,0,6659000,{'interleave': 'random'},6.659
shared,0,thrashing,FIFO,LocalAllocation,365,0,1432700,{'interleave': 'random'},1.4327
shared,1,thrashing,FIFO,LocalAllocation,365,0,1462700,{'interleave': 'random'},1.4627
shared,2,thrashing,FIFO,LocalAllocation,365,0,1460800,{'interleave': 'random'},1.4608
shared,3,thrashing,FIFO,LocalAllocation,365,0,1398400,{'interleave': 'random'},1.3984
shared_total,,thrashing,FIFO,LocalAllocation,365,1,5147700,{'interleave': 'random'},5.1477
shared,0,thrashing,FIFO,LocalAllocation,365,1,1108000,{'interleave': 'random'},1.108
shared,1,thrashing,FIFO,LocalAllocation,365,1,1111100,{'interleave': 'random'},1.1111
shared,2,thrashing,FIFO,LocalAllocation,365,1,1107000,{'interleave': 'random'},1.107
shared,3,thrashing,FIFO,LocalAllocation,365,1,1119300,{'interleave': 'random'},1.1193
shared_total,,thrashing,FIFO,LocalAllocation,365,2,5128400,{'interleave': 'random'},5.1284
shared,0,thrashing,FIFO,LocalAllocation,365,2,1107400,{'interleave': 'random'},1.1074
shared,1,thrashing,FIFO,LocalAllocation,365,2,1113200,{'interleave': 'random'},1.1132
shared,2,thrashing,FIFO,LocalAllocation,365,2,1105900,{'interleave': 'random'},1.1059
shared,3,thrashing,FIFO,LocalAllocation,365,2,1116400,{'interleave': 'random'},1.1164
shared_total,,thrashing,FIFO,LocalAllocation,365,3,5035900,{'interleave': 'random'},5.0359
shared,0,thrashing,FIFO,LocalAllocation,365,3,1090100,{'interleave': 'random'},1.0901
shared,1,thrashing,FIFO,LocalAllocation,365,3,1091600,{'interleave': 'random'},1.0916
shared,2,thrashing,FIFO,LocalAllocation,365,3,1081900,{'interleave': 'random'},1.0819
shared,3,thrashing,FIFO,LocalAllocation,365,3,1098200,{'interleave': 'random'},1.0982
shared_total,,thrashing,FIFO,LocalAllocation,365,4,5158000,{'interleave': 'random'},5.158
shared,0,thrashing,FIFO,LocalAllocation,365,4,1109300,{'interleave': 'random'},1.1093
shared,1,thrashing,FIFO,LocalAllocation,365,4,1117900,{'interleave': 'random'},1.1179
shared,2,thrashing,FIFO,LocalAllocation,365,4,1119600,{'interleave': 'random'},1.1196
shared,3,thrashing,FIFO,LocalAllocation,365,4,1124800,{'interleave': 'random'},1.1248
shared_total,,thrashing,FIFO,LocalAllocation,365,5,5107800,{'interleave': 'random'},5.1078
shared,0,thrashing,FIFO,LocalAllocation,365,5,1094600,{'interleave': 'random'},1.0946
shared,1,thrashing,FIFO,LocalAllocation,365,5,1104900,{'interleave': 'random'},1.1049
shared,2,thrashing,FIFO,LocalAllocation,365,5,1115000,{'interleave': 'random'},1.115
shared,3,thrashing,FIFO,LocalAllocation,365,5,1106900,{'interleave': 'random'},1.1069
shared_total,,thrashing,FIFO,LocalAllocation,365,6,5117300,{'interleave': 'random'},5.1173
shared,0,thrashing,FIFO,LocalAllocation,365,6,1096500,{'interleave': 'random'},1.0965
shared,1,thrashing,FIFO,LocalAllocation,365,6,1105900,{'interleave': 'random'},1.1059
shared,2,thrashing,FIFO,LocalAllocation,365,6,1115600,{'interleave': 'random'},1.1156
shared,3,thrashing,FIFO,LocalAllocation,365,6,1115700,{'interleave': 'random'},1.1157
shared_total,,thrashing,FIFO,LocalAllocation,365,7,5167000,{'interleave': 'random'},5.167
shared,0,thrashing,FIFO,LocalAllocation,365,7,1115700,{'interleave': 'random'},1.1157
shared,1,thrashing,FIFO,LocalAllocation,365,7,1120500,{'interleave': 'random'},1.1205
shared,2,thrashing,FIFO,LocalAllocation,365,7,1123100,{'interleave': 'random'},1.1231
shared,3,thrashing,FIFO,LocalAllocation,365,7,1130700,{'interleave': 'random'},1.1307
shared_total,,thrashing,FIFO,LocalAllocation,365,8,5257600,{'interleave': 'random'},5.2576
shared,0,thrashing,FIFO,LocalAllocation,365,8,1123900,{'interleave': 'random'},1.1239
shared,1,thrashing,FIFO,LocalAllocation,365,8,1123200,{'interleave': 'random'},1.1232
shared,2,thrashing,FIFO,LocalAllocation,365,8,1132400,{'interleave': 'random'},1.1324
shared,3,thrashing,FIFO,LocalAllocation,365,8,1160600,{'interleave': 'random'},1.1606
shared_total,,thrashing,FIFO,LocalAllocation,365,9,5166700,{'interleave': 'random'},5.1667
shared,0,thrashing,FIFO,LocalAllocation,365,9,1111600,{'interleave': 'random'},1.1116
shared,1,thrashing,FIFO,LocalAllocation,365,9,1121700,{'interleave': 'random'},1.1217
shared,2,thrashing,FIFO,LocalAllocation,365,9,1112700,{'interleave': 'random'},1.1127
shared,3,thrashing,FIFO,LocalAllocation,365,9,1131900,{'interleave': 'random'},1.1319
shared_total,,thrashing,FIFO,ProportionalAllocation,365,0,5181000,{'interleave': 'random'},5.181
shared,0,thrashing,FIFO,ProportionalAllocation,365,0,1130000,{'interleave': 'random'},1.13
shared,1,thrashing,FIFO,ProportionalAllocation,365,0,1139200,{'interleave': 'random'},1.1392
shared,2,thrashing,FIFO,ProportionalAllocation,365,0,1109600,{'interleave': 'random'},1.1096
shared,3,thrashing,FIFO,ProportionalAllocation,365,0,1111100,{'interleave': 'random'},1.1111
shared_total,,thrashing,FIFO,ProportionalAllocation,365,1,5200400,{'interleave': 'random'},5.2004
shared,0,thrashing,FIFO,ProportionalAllocation,365,1,1139700,{'interleave': 'random'},1.1397
shared,1,thrashing,FIFO,ProportionalAllocation,365,1,1130100,{'interleave': 'random'},1.1301
shared,2,thrashing,FIFO,ProportionalAllocation,365,1,1104300,{'interleave': 'random'},1.1043
shared,3,thrashing,FIFO,ProportionalAllocation,365,1,1111500,{'interleave': 'random'},1.1115
shared_total,,thrashing,FIFO,ProportionalAllocation,365,2,5720700,{'interleave': 'random'},5.7207
shared,0,thrashing,FIFO,ProportionalAllocation,365,2,1237100,{'interleave': 'random'},1.2371
shared,1,thrashing,FIFO,ProportionalAllocation,365,2,1237200,{'interleave': 'random'},1.2372
shared,2,thrashing,FIFO,ProportionalAllocation,365,2,1196400,{'interleave': 'random'},1.1964
shared,3,thrashing,FIFO,ProportionalAllocation,365,2,1209200,{'interleave': 'random'},1.2092
shared_total,,thrashing,FIFO,ProportionalAllocation,365,3,5178700,{'interleave': 'random'},5.1787
shared,0,thrashing,FIFO,ProportionalAllocation,365,3,1128700,{'interleave': 'random'},1.1287
shared,1,thrashing,FIFO,ProportionalAllocation,365,3,1136300,{'interleave': 'random'},1.1363
shared,2,thrashing,FIFO,ProportionalAllocation,365,3,1108600,{'interleave': 'random'},1.1086
shared,3,thrashing,FIFO,ProportionalAllocation,365,3,1113600,{'interleave': 'random'},1.1136
shared_total,,thrashing,FIFO,ProportionalAllocation,365,4,5181100,{'interleave': 'random'},5.1811
shared,0,thrashing,FIFO,ProportionalAllocation,365,4,1128500,{'interleave': 'random'},1.1285
shared,1,thrashing,FIFO,ProportionalAllocation,365,4,1150200,{'interleave': 'random'},1.1502
shared,2,thrashing,FIFO,ProportionalAllocation,365,4,1115000,{'interleave': 'random'},1.115
shared,3,thrashing,FIFO,ProportionalAllocation,365,4,1117300,{'interleave': 'random'},1.1173
shared_total,,thrashing,FIFO,ProportionalAllocation,365,5,5253300,{'interleave': 'random'},5.2533
shared,0,thrashing,FIFO,ProportionalAllocation,365,5,1144900,{'interleave': 'random'},1.1449
shared,1,thrashing,FIFO,ProportionalAllocation,365,5,1157700,{'interleave': 'random'},1.1577
shared,2,thrashing,FIFO,ProportionalAllocation,365,5,1120000,{'interleave': 'random'},1.12
shared,3,thrashing,FIFO,ProportionalAllocation,365,5,1130300,{'interleave': 'random'},1.1303
shared_total,,thrashing,FIFO,ProportionalAllocation,365,6,5249400,{'interleave': 'random'},5.2494
shared,0,thrashing,FIFO,ProportionalAllocation,365,6,1144700,{'interleave': 'random'},1.1447
shared,1,thrashing,FIFO,ProportionalAllocation,365,6,1156500,{'interleave': 'random'},1.1565
shared,2,thrashing,FIFO,ProportionalAllocation,365,6,1117700,{'interleave': 'random'},1.1177
shared,3,thrashing,FIFO,ProportionalAllocation,365,6,1124900,{'interleave': 'random'},1.1249
shared_total,,thrashing,FIFO,ProportionalAllocation,365,7,5240800,{'interleave': 'random'},5.2408
shared,0,thrashing,FIFO,ProportionalAllocation,365,7,1155600,{'interleave': 'random'},1.1556
shared,1,thrashing,FIFO,ProportionalAllocation,365,7,1138800,{'interleave': 'random'},1.1388
shared,2,thrashing,FIFO,ProportionalAllocation,365,7,1122700,{'interleave': 'random'},1.1227
shared,3,thrashing,FIFO,ProportionalAllocation,365,7,1117200,{'interleave': 'random'},1.1172
shared_total,,thrashing,FIFO,ProportionalAllocation,365,8,5177300,{'interleave': 'random'},5.1773
shared,0,thrashing,FIFO,ProportionalAllocation,365,8,1123100,{'interleave': 'random'},1.1231
shared,1,thrashing,FIFO,ProportionalAllocation,365,8,1126800,{'interleave': 'random'},1.1268
shared,2,thrashing,FIFO,ProportionalAllocation,365,8,1120400,{'interleave': 'random'},1.1204
shared,3,thrashing,FIFO,ProportionalAllocation,365,8,1107600,{'interleave': 'random'},1.1076
shared_total,,thrashing,FIFO,ProportionalAllocation,365,9,5140000,{'interleave': 'random'},5.14
shared,0,thrashing,FIFO,ProportionalAllocation,365,9,1123800,{'interleave': 'random'},1.1238
shared,1,thrashing,FIFO,ProportionalAllocation,365,9,1122500,{'interleave': 'random'},1.1225
shared,2,thrashing,FIFO,ProportionalAllocation,365,9,1098200,{'interleave': 'random'},1.0982
shared,3,thrashing,FIFO,ProportionalAllocation,365,9,1103800,{'interleave': 'random'},1.1038
shared_total,,thrashing,LRU,GlobalAllocation,365,0,8655200,{'interleave': 'random'},8.6552
shared,0,thrashing,LRU,GlobalAllocation,365,0,1865900,{'interleave': 'random'},1.8659
shared,1,thrashing,LRU,GlobalAllocation,365,0,1992000,{'interleave': 'random'},1.992
shared,2,thrashing,LRU,GlobalAllocation,365,0,2003300,{'interleave': 'random'},2.0033
shared,3,thrashing,LRU,GlobalAllocation,365,0,2027200,{'interleave': 'random'},2.0272
shared_total,,thrashing,LRU,GlobalAllocation,365,1,8390400,{'interleave': 'random'},8.3904
shared,0,thrashing,LRU,GlobalAllocation,365,1,1569000,{'interleave': 'random'},1.569
shared,1,thrashing,LRU,GlobalAllocation,365,1,1959000,{'interleave': 'random'},1.959
shared,2,thrashing,LRU,GlobalAllocation,365,1,2087800,{'interleave': 'random'},2.0878
shared,3,thrashing,LRU,GlobalAllocation,365,1,2021800,{'interleave': 'random'},2.0218
shared_total,,thrashing,LRU,GlobalAllocation,365,2,8698700,{'interleave': 'random'},8.6987
shared,0,thrashing,LRU,GlobalAllocation,365,2,1734700,{'interleave': 'random'},1.7347
shared,1,thrashing,LRU,GlobalAllocation,365,2,2028500,{'interleave': 'random'},2.0285
shared,2,thrashing,LRU,GlobalAllocation,365,2,2096800,{'interleave': 'random'},2.0968
shared,3,thrashing,LRU,GlobalAllocation,365,2,2079100,{'interleave': 'random'},2.0791
shared_total,,thrashing,LRU,GlobalAllocation,365,3,8778400,{'interleave': 'random'},8.7784
shared,0,thrashing,LRU,GlobalAllocation,365,3,1758500,{'interleave': 'random'},1.7585
shared,1,thrashing,LRU,GlobalAllocation,365,3,2117200,{'interleave': 'random'},2.1172
shared,2,thrashing,LRU,GlobalAllocation,365,3,2076800,{'interleave': 'random'},2.0768
shared,3,thrashing,LRU,GlobalAllocation,365,3,2032000,{'interleave': 'random'},2.032
shared_total,,thrashing,LRU,GlobalAllocation,365,4,8528100,{'interleave': 'random'},8.5281
shared,0,thrashing,LRU,GlobalAllocation,365,4,1719400,{'interleave': 'random'},1.7194
shared,1,thrashing,LRU,GlobalAllocation,365,4,1997700,{'interleave': 'random'},1.9977
shared,2,thrashing,LRU,GlobalAllocation,365,4,2029200,{'interleave': 'random'},2.0292
shared,3,thrashing,LRU,GlobalAllocation,365,4,2023700,{'interleave': 'random'},2.0237
shared_total,,thrashing,LRU,GlobalAllocation,365,5,8386100,{'interleave': 'random'},8.3861
shared,0,thrashing,LRU,GlobalAllocation,365,5,1672600,{'interleave': 'random'},1.6726
shared,1,thrashing,LRU,GlobalAllocation,365,5,1920200,{'interleave': 'random'},1.9202
shared,2,thrashing,LRU,GlobalAllocation,365,5,2028200,{'interleave': 'random'},2.0282
shared,3,thrashing,LRU,GlobalAllocation,365,5,2018800,{'interleave': 'random'},2.0188
shared_total,,thrashing,LRU,GlobalAllocation,365,6,16190100,{'interleave': 'random'},16.1901
shared,0,thrashing,LRU,GlobalAllocation,365,6,3228300,{'interleave': 'random'},3.2283
shared,1,thrashing,LRU,GlobalAllocation,365,6,3832600,{'interleave': 'random'},3.8326
shared,2,thrashing,LRU,GlobalAllocation,365,6,3773700,{'interleave': 'random'},3.7737
shared,3,thrashing,LRU,GlobalAllocation,365,6,3891700,{'interleave': 'random'},3.8917
shared_total,,thrashing,LRU,GlobalAllocation,365,7,8464700,{'interleave': 'random'},8.4647
shared,0,thrashing,LRU,GlobalAllocation,365,7,1728300,{'interleave': 'random'},1.7283
shared,1,thrashing,LRU,GlobalAllocation,365,7,2007900,{'interleave': 'random'},2.0079
shared,2,thrashing,LRU,GlobalAllocation,365,7,1989600,{'interleave': 'random'},1.9896
shared,3,thrashing,LRU,GlobalAllocation,365,7,1987700,{'interleave': 'random'},1.9877
shared_total,,thrashing,LRU,GlobalAllocation,365,8,8264200,{'interleave': 'random'},8.2642
shared,0,thrashing,LRU,GlobalAllocation,365,8,1542600,{'interleave': 'random'},1.5426
shared,1,thrashing,LRU,GlobalAllocation,365,8,1984700,{'interleave': 'random'},1.9847
shared,2,thrashing,LRU,GlobalAllocation,365,8,1977100,{'interleave': 'random'},1.9771
shared,3,thrashing,LRU,GlobalAllocation,365,8,2015800,{'interleave': 'random'},2.0158
shared_total,,thrashing,LRU,GlobalAllocation,365,9,8288800,{'interleave': 'random'},8.2888
shared,0,thrashing,LRU,GlobalAllocation,365,9,1462100,{'interleave': 'random'},1.4621
shared,1,thrashing,LRU,GlobalAllocation,365,9,1998900,{'interleave': 'random'},1.9989
shared,2,thrashing,LRU,GlobalAllocation,365,9,2024900,{'interleave': 'random'},2.0249
shared,3,thrashing,LRU,GlobalAllocation,365,9,2041400,{'interleave': 'random'},2.0414
shared_total,,thrashing,LRU,LocalAllocation,365,0,6114400,{'interleave': 'random'},6.1144
shared,0,thrashing,LRU,LocalAllocation,365,0,1338800,{'interleave': 'random'},1.3388
shared,1,thrashing,LRU,LocalAllocation,365,0,1349400,{'interleave': 'random'},1.3494
shared,2,thrashing,LRU,LocalAllocation,365,0,1362800,{'interleave': 'random'},1.3628
shared,3,thrashing,LRU,LocalAllocation,365,0,1360800,{'interleave': 'random'},1.3608
shared_total,,thrashing,LRU,LocalAllocation,365,1,6139800,{'interleave': 'random'},6.1398
shared,0,thrashing,LRU,LocalAllocation,365,1,1367000,{'interleave': 'random'},1.367
shared,1,thrashing,LRU,LocalAllocation,365,1,1356500,{'interleave': 'random'},1.3565
shared,2,thrashing,LRU,LocalAllocation,365,1,1350900,{'interleave': 'random'},1.3509
shared,3,thrashing,LRU,LocalAllocation,365,1,1360400,{'interleave': 'random'},1.3604
shared_total,,thrashing,LRU,LocalAllocation,365,2,6043200,{'interleave': 'random'},6.0432
shared,0,thrashing,LRU,LocalAllocation,365,2,1331200,{'interleave': 'random'},1.3312
shared,1,thrashing,LRU,LocalAllocation,365,2,1338300,{'interleave': 'random'},1.3383
shared,2,thrashing,LRU,LocalAllocation,365,2,1336300,{'interleave': 'random'},1.3363
shared,3,thrashing,LRU,LocalAllocation,365,2,1342500,{'interleave': 'random'},1.3425
shared_total,,thrashing,LRU,LocalAllocation,365,3,6168000,{'interleave': 'random'},6.168
shared,0,thrashing,LRU,LocalAllocation,365,3,1353600,{'interleave': 'random'},1.3536
shared,1,thrashing,LRU,LocalAllocation,365,3,1367000,{'interleave': 'random'},1.367
shared,2,thrashing,LRU,LocalAllocation,365,3,1364700,{'interleave': 'random'},1.3647
shared,3,thrashing,LRU,LocalAllocation,365,3,1379100,{'interleave': 'random'},1.3791
shared_total,,thrashing,LRU,LocalAllocation,365,4,6079900,{'interleave': 'random'},6.0799
shared,0,thrashing,LRU,LocalAllocation,365,4,1333000,{'interleave': 'random'},1.333
shared,1,thrashing,LRU,LocalAllocation,365,4,1340900,{'interleave': 'random'},1.3409
shared,2,thrashing,LRU,LocalAllocation,365,4,1351500,{'interleave': 'random'},1.3515
shared,3,thrashing,LRU,LocalAllocation,365,4,1358800,{'interleave': 'random'},1.3588
shared_total,,thrashing,LRU,LocalAllocation,365,5,6088300,{'interleave': 'random'},6.0883
shared,0,thrashing,LRU,LocalAllocation,365,5,1341800,{'interleave': 'random'},1.3418
shared,1,thrashing,LRU,LocalAllocation,365,5,1356400,{'interleave': 'random'},1.3564
shared,2,thrashing,LRU,LocalAllocation,365,5,1350000,{'interleave': 'random'},1.35
shared,3,thrashing,LRU,LocalAllocation,365,5,1357100,{'interleave': 'random'},1.3571
shared_total,,thrashing,LRU,LocalAllocation,365,6,6112000,{'interleave': 'random'},6.112
shared,0,thrashing,LRU,LocalAllocation,365,6,1336400,{'interleave': 'random'},1.3364
shared,1,thrashing,LRU,LocalAllocation,365,6,1341100,{'interleave': 'random'},1.3411
shared,2,thrashing,LRU,LocalAllocation,365,6,1359000,{'interleave': 'random'},1.359
shared,3,thrashing,LRU,LocalAllocation,365,6,1365300,{'interleave': 'random'},1.3653
shared_total,,thrashing,LRU,LocalAllocation,365,7,10710800,{'interleave': 'random'},10.7108
shared,0,thrashing,LRU,LocalAllocation,365,7,1859500,{'interleave': 'random'},1.8595
shared,1,thrashing,LRU,LocalAllocation,365,7,1906700,{'interleave': 'random'},1.9067
shared,2,thrashing,LRU,LocalAllocation,365,7,3954200,{'interleave': 'random'},3.9542
shared,3,thrashing,LRU,LocalAllocation,365,7,1916500,{'interleave': 'random'},1.9165
shared_total,,thrashing,LRU,LocalAllocation,365,8,6256900,{'interleave': 'random'},6.2569
shared,0,thrashing,LRU,LocalAllocation,365,8,1357300,{'interleave': 'random'},1.3573
shared,1,thrashing,LRU,LocalAllocation,365,8,1367400,{'interleave': 'random'},1.3674
shared,2,thrashing,LRU,LocalAllocation,365,8,1401900,{'interleave': 'random'},1.4019
shared,3,thrashing,LRU,LocalAllocation,365,8,1377900,{'interleave': 'random'},1.3779
shared_total,,thrashing,LRU,LocalAllocation,365,9,6172200,{'interleave': 'random'},6.1722
shared,0,thrashing,LRU,LocalAllocation,365,9,1354100,{'interleave': 'random'},1.3541
shared,1,thrashing,LRU,LocalAllocation,365,9,1363900,{'interleave': 'random'},1.3639
shared,2,thrashing,LRU,LocalAllocation,365,9,1370500,{'interleave': 'random'},1.3705
shared,3,thrashing,LRU,LocalAllocation,365,9,1374200,{'interleave': 'random'},1.3742
shared_total,,thrashing,LRU,ProportionalAllocation,365,0,6541800,{'interleave': 'random'},6.5418
shared,0,thrashing,LRU,ProportionalAllocation,365,0,1457200,{'interleave': 'random'},1.4572
shared,1,thrashing,LRU,ProportionalAllocation,365,0,1456900,{'interleave': 'random'},1.4569
shared,2,thrashing,LRU,ProportionalAllocation,365,0,1428800,{'interleave': 'random'},1.4288
shared,3,thrashing,LRU,ProportionalAllocation,365,0,1423000,{'interleave': 'random'},1.423
shared_total,,thrashing,LRU,ProportionalAllocation,365,1,5594400,{'interleave': 'random'},5.5944
shared,0,thrashing,LRU,ProportionalAllocation,365,1,1256400,{'interleave': 'random'},1.2564
shared,1,thrashing,LRU,ProportionalAllocation,365,1,1264800,{'interleave': 'random'},1.2648
shared,2,thrashing,LRU,ProportionalAllocation,365,1,1229500,{'interleave': 'random'},1.2295
shared,3,thrashing,LRU,ProportionalAllocation,365,1,1224600,{'interleave': 'random'},1.2246
shared_total,,thrashing,LRU,ProportionalAllocation,365,2,6200400,{'interleave': 'random'},6.2004
shared,0,thrashing,LRU,ProportionalAllocation,365,2,1385700,{'interleave': 'random'},1.3857
shared,1,thrashing,LRU,ProportionalAllocation,365,2,1399000,{'interleave': 'random'},1.399
shared,2,thrashing,LRU,ProportionalAllocation,365,2,1354200,{'interleave': 'random'},1.3542
shared,3,thrashing,LRU,ProportionalAllocation,365,2,1368200,{'interleave': 'random'},1.3682
shared_total,,thrashing,LRU,ProportionalAllocation,365,3,6211000,{'interleave': 'random'},6.211
shared,0,thrashing,LRU,ProportionalAllocation,365,3,1382400,{'interleave': 'random'},1.3824
shared,1,thrashing,LRU,ProportionalAllocation,365,3,1392000,{'interleave': 'random'},1.392
shared,2,thrashing,LRU,ProportionalAllocation,365,3,1365000,{'interleave': 'random'},1.365
shared,3,thrashing,LRU,ProportionalAllocation,365,3,1367400,{'interleave': 'random'},1.3674
shared_total,,thrashing,LRU,ProportionalAllocation,365,4,6225400,{'interleave': 'random'},6.2254
shared,0,thrashing,LRU,ProportionalAllocation,365,4,1388400,{'interleave': 'random'},1.3884
shared,1,thrashing,LRU,ProportionalAllocation,365,4,1396700,{'interleave': 'random'},1.3967
shared,2,thrashing,LRU,ProportionalAllocation,365,4,1362300,{'interleave': 'random'},1.3623
shared,3,thrashing,LRU,ProportionalAllocation,365,4,1367100,{'interleave': 'random'},1.3671
shared_total,,thrashing,LRU,ProportionalAllocation,365,5,6234600,{'interleave': 'random'},6.2346
shared,0,thrashing,LRU,ProportionalAllocation,365,5,1388200,{'interleave': 'random'},1.3882
shared,1,thrashing,LRU,ProportionalAllocation,365,5,1405500,{'interleave': 'random'},1.4055
shared,2,thrashing,LRU,ProportionalAllocation,365,5,1359600,{'interleave': 'random'},1.3596
shared,3,thrashing,LRU,ProportionalAllocation,365,5,1376300,{'interleave': 'random'},1.3763
shared_total,,thrashing,LRU,ProportionalAllocation,365,6,6223400,{'interleave': 'random'},6.2234
shared,0,thrashing,LRU,ProportionalAllocation,365,6,1379800,{'interleave': 'random'},1.3798
shared,1,thrashing,LRU,ProportionalAllocation,365,6,1399500,{'interleave': 'random'},1.3995
shared,2,thrashing,LRU,ProportionalAllocation,365,6,1360000,{'interleave': 'random'},1.36
shared,3,thrashing,LRU,ProportionalAllocation,365,6,1376000,{'interleave': 'random'},1.376
shared_total,,thrashing,LRU,ProportionalAllocation,365,7,6238400,{'interleave': 'random'},6.2384
shared,0,thrashing,LRU,ProportionalAllocation,365,7,1403700,{'interleave': 'random'},1.4037
shared,1,thrashing,LRU,ProportionalAllocation,365,7,1406900,{'interleave': 'random'},1.4069
shared,2,thrashing,LRU,ProportionalAllocation,365,7,1367600,{'interleave': 'random'},1.3676
shared,3,thrashing,LRU,ProportionalAllocation,365,7,1374700,{'interleave': 'random'},1.3747
shared_total,,thrashing,LRU,ProportionalAllocation,365,8,6155400,{'interleave': 'random'},6.1554
shared,0,thrashing,LRU,ProportionalAllocation,365,8,1376800,{'interleave': 'random'},1.3768
shared,1,thrashing,LRU,ProportionalAllocation,365,8,1392700,{'interleave': 'random'},1.3927
shared,2,thrashing,LRU,ProportionalAllocation,365,8,1355400,{'interleave': 'random'},1.3554
shared,3,thrashing,LRU,ProportionalAllocation,365,8,1353300,{'interleave': 'random'},1.3533
shared_total,,thrashing,LRU,ProportionalAllocation,365,9,6238300,{'interleave': 'random'},6.2383
shared,0,thrashing,LRU,ProportionalAllocation,365,9,1401500,{'interleave': 'random'},1.4015
shared,1,thrashing,LRU,ProportionalAllocation,365,9,1409000,{'interleave': 'random'},1.409
shared,2,thrashing,LRU,ProportionalAllocation,365,9,1362000,{'interleave': 'random'},1.362
shared,3,thrashing,LRU,ProportionalAllocation,365,9,1379800,{'interleave': 'random'},1.3798
shared_total,,thrashing,NRU,GlobalAllocation,365,0,73740000,{'interleave': 'random'},73.74
shared,0,thrashing,NRU,GlobalAllocation,365,0,15290700,{'interleave': 'random'},15.2907
shared,1,thrashing,NRU,GlobalAllocation,365,0,18357000,{'interleave': 'random'},18.357
shared,2,thrashing,NRU,GlobalAllocation,365,0,18695100,{'interleave': 'random'},18.6951
shared,3,thrashing,NRU,GlobalAllocation,365,0,20546600,{'interleave': 'random'},20.5466
shared_total,,thrashing,NRU,GlobalAllocation,365,1,72668400,{'interleave': 'random'},72.6684
shared,0,thrashing,NRU,GlobalAllocation,365,1,15940300,{'interleave': 'random'},15.9403
shared,1,thrashing,NRU,GlobalAllocation,365,1,17142500,{'interleave': 'random'},17.1425
shared,2,thrashing,NRU,GlobalAllocation,365,1,17490600,{'interleave': 'random'},17.4906
shared,3,thrashing,NRU,GlobalAllocation,365,1,21247900,{'interleave': 'random'},21.2479
shared_total,,thrashing,NRU,GlobalAllocation,365,2,69355000,{'interleave': 'random'},69.355
shared,0,thrashing,NRU,GlobalAllocation,365,2,14125800,{'interleave': 'random'},14.1258
shared,1,thrashing,NRU,GlobalAllocation,365,2,16469700,{'interleave': 'random'},16.4697
shared,2,thrashing,NRU,GlobalAllocation,365,2,18589700,{'interleave': 'random'},18.5897
shared,3,thrashing,NRU,GlobalAllocation,365,2,19344400,{'interleave': 'random'},19.3444
shared_total,,thrashing,NRU,GlobalAllocation,365,3,71404400,{'interleave': 'random'},71.4044
shared,0,thrashing,NRU,GlobalAllocation,365,3,15284600,{'interleave': 'random'},15.2846
shared,1,thrashing,NRU,GlobalAllocation,365,3,15760900,{'interleave': 'random'},15.7609
shared,2,thrashing,NRU,GlobalAllocation,365,3,20920300,{'interleave': 'random'},20.9203
shared,3,thrashing,NRU,GlobalAllocation,365,3,18592700,{'interleave': 'random'},18.5927
shared_total,,thrashing,NRU,GlobalAllocation,365,4,72812700,{'interleave': 'random'},72.8127
shared,0,thrashing,NRU,GlobalAllocation,365,4,15396100,{'interleave': 'random'},15.3961
shared,1,thrashing,NRU,GlobalAllocation,365,4,18279600,{'interleave': 'random'},18.2796
shared,2,thrashing,NRU,GlobalAllocation,365,4,18451600,{'interleave': 'random'},18.4516
shared,3,thrashing,NRU,GlobalAllocation,365,4,19844200,{'interleave': 'random'},19.8442
shared_total,,thrashing,NRU,GlobalAllocation,365,5,81341500,{'interleave': 'random'},81.3415
shared,0,thrashing,NRU,GlobalAllocation,365,5,17326200,{'interleave': 'random'},17.3262
shared,1,thrashing,NRU,GlobalAllocation,365,5,19104700,{'interleave': 'random'},19.1047
shared,2,thrashing,NRU,GlobalAllocation,365,5,19366300,{'interleave': 'random'},19.3663
shared,3,thrashing,NRU,GlobalAllocation,365,5,24560400,{'interleave': 'random'},24.5604
shared_total,,thrashing,NRU,GlobalAllocation,365,6,72922300,{'interleave': 'random'},72.9223
shared,0,thrashing,NRU,GlobalAllocation,365,6,16835900,{'interleave': 'random'},16.8359
shared,1,thrashing,NRU,GlobalAllocation,365,6,17190200,{'interleave': 'random'},17.1902
shared,2,thrashing,NRU,GlobalAllocation,365,6,18117400,{'interleave': 'random'},18.1174
shared,3,thrashing,NRU,GlobalAllocation,365,6,19955400,{'interleave': 'random'},19.9554
shared_total,,thrashing,NRU,GlobalAllocation,365,7,70307800,{'interleave': 'random'},70.3078
shared,0,thrashing,NRU,GlobalAllocation,365,7,12825600,{'interleave': 'random'},12.8256
shared,1,thrashing,NRU,GlobalAllocation,365,7,17496800,{'interleave': 'random'},17.4968
shared,2,thrashing,NRU,GlobalAllocation,365,7,19043500,{'interleave': 'random'},19.0435
shared,3,thrashing,NRU,GlobalAllocation,365,7,20114100,{'interleave': 'random'},20.1141
shared_total,,thrashing,NRU,GlobalAllocation,365,8,78454700,{'interleave': 'random'},78.4547
shared,0,thrashing,NRU,GlobalAllocation,365,8,15366500,{'interleave': 'random'},15.3665
shared,1,thrashing,NRU,GlobalAllocation,365,8,19308700,{'interleave': 'random'},19.3087
shared,2,thrashing,NRU,GlobalAllocation,365,8,20196100,{'interleave': 'random'},20.1961
shared,3,thrashing,NRU,GlobalAllocation,365,8,22644000,{'interleave': 'random'},22.644
shared_total,,thrashing,NRU,GlobalAllocation,365,9,74163100,{'interleave': 'random'},74.1631
shared,0,thrashing,NRU,GlobalAllocation,365,9,15887300,{'interleave': 'random'},15.8873
shared,1,thrashing,NRU,GlobalAllocation,365,9,19108200,{'interleave': 'random'},19.1082
shared,2,thrashing,NRU,GlobalAllocation,365,9,19216400,{'interleave': 'random'},19.2164
shared,3,thrashing,NRU,GlobalAllocation,365,9,19078300,{'interleave': 'random'},19.0783
shared_total,,thrashing,NRU,LocalAllocation,365,0,32382700,{'interleave': 'random'},32.3827
shared,0,thrashing,NRU,LocalAllocation,365,0,3514600,{'interleave': 'random'},3.5146
shared,1,thrashing,NRU,LocalAllocation,365,0,7182100,{'interleave': 'random'},7.1821
shared,2,thrashing,NRU,LocalAllocation,365,0,9750000,{'interleave': 'random'},9.75
shared,3,thrashing,NRU,LocalAllocation,365,0,11152400,{'interleave': 'random'},11.1524
shared_total,,thrashing,NRU,LocalAllocation,365,1,41536100,{'interleave': 'random'},41.5361
shared,0,thrashing,NRU,LocalAllocation,365,1,4705600,{'interleave': 'random'},4.7056
shared,1,thrashing,NRU,LocalAllocation,365,1,9133600,{'interleave': 'random'},9.1336
shared,2,thrashing,NRU,LocalAllocation,365,1,12540300,{'interleave': 'random'},12.5403
shared,3,thrashing,NRU,LocalAllocation,365,1,14046400,{'interleave': 'random'},14.0464
shared_total,,thrashing,NRU,LocalAllocation,365,2,32008700,{'interleave': 'random'},32.0087
shared,0,thrashing,NRU,LocalAllocation,365,2,3535200,{'interleave': 'random'},3.5352
shared,1,thrashing,NRU,LocalAllocation,365,2,7080400,{'interleave': 'random'},7.0804
shared,2,thrashing,NRU,LocalAllocation,365,2,9707100,{'interleave': 'random'},9.7071
shared,3,thrashing,NRU,LocalAllocation,365,2,10894400,{'interleave': 'random'},10.8944
shared_total,,thrashing,NRU,LocalAllocation,365,3,32190000,{'interleave': 'random'},32.19
shared,0,thrashing,NRU,LocalAllocation,365,3,3717500,{'interleave': 'random'},3.7175
shared,1,thrashing,NRU,LocalAllocation,365,3,7219500,{'interleave': 'random'},7.2195
shared,2,thrashing,NRU,LocalAllocation,365,3,9576500,{'interleave': 'random'},9.5765
shared,3,thrashing,NRU,LocalAllocation,365,3,10882100,{'interleave': 'random'},10.8821
shared_total,,thrashing,NRU,LocalAllocation,365,4,31710300,{'interleave': 'random'},31.7103
shared,0,thrashing,NRU,LocalAllocation,365,4,3586500,{'interleave': 'random'},3.5865
shared,1,thrashing,NRU,LocalAllocation,365,4,6940100,{'interleave': 'random'},6.9401
shared,2,thrashing,NRU,LocalAllocation,365,4,9705800,{'interleave': 'random'},9.7058
shared,3,thrashing,NRU,LocalAllocation,365,4,10701200,{'interleave': 'random'},10.7012
shared_total,,thrashing,NRU,LocalAllocation,365,5,32679700,{'interleave': 'random'},32.6797
shared,0,thrashing,NRU,LocalAllocation,365,5,3966100,{'interleave': 'random'},3.9661
shared,1,thrashing,NRU,LocalAllocation,365,5,7316400,{'interleave': 'random'},7.3164
shared,2,thrashing,NRU,LocalAllocation,365,5,9671500,{'interleave': 'random'},9.6715
shared,3,thrashing,NRU,LocalAllocation,365,5,10941600,{'interleave': 'random'},10.9416
shared_total,,thrashing,NRU,LocalAllocation,365,6,35365100,{'interleave': 'random'},35.3651
shared,0,thrashing,NRU,LocalAllocation,365,6,4258500,{'interleave': 'random'},4.2585
shared,1,thrashing,NRU,LocalAllocation,365,6,7481700,{'interleave': 'random'},7.4817
shared,2,thrashing,NRU,LocalAllocation,365,6,10844700,{'interleave': 'random'},10.8447
shared,3,thrashing,NRU,LocalAllocation,365,6,11884400,{'interleave': 'random'},11.8844
shared_total,,thrashing,NRU,LocalAllocation,365,7,32496000,{'interleave': 'random'},32.496
shared,0,thrashing,NRU,LocalAllocation,365,7,3760000,{'interleave': 'random'},3.76
shared,1,thrashing,NRU,LocalAllocation,365,7,7113000,{'interleave': 'random'},7.113
shared,2,thrashing,NRU,LocalAllocation,365,7,9753600,{'interleave': 'random'},9.7536
shared,3,thrashing,NRU,LocalAllocation,365,7,11064700,{'interleave': 'random'},11.0647
shared_total,,thrashing,NRU,LocalAllocation,365,8,32172500,{'interleave': 'random'},32.1725
shared,0,thrashing,NRU,LocalAllocation,365,8,4052100,{'interleave': 'random'},4.0521
shared,1,thrashing,NRU,LocalAllocation,365,8,6956400,{'interleave': 'random'},6.9564
shared,2,thrashing,NRU,LocalAllocation,365,8,9645700,{'interleave': 'random'},9.6457
shared,3,thrashing,NRU,LocalAllocation,365,8,10754500,{'interleave': 'random'},10.7545
shared_total,,thrashing,NRU,LocalAllocation,365,9,33238800,{'interleave': 'random'},33.2388
shared,0,thrashing,NRU,LocalAllocation,365,9,3985500,{'interleave': 'random'},3.9855
shared,1,thrashing,NRU,LocalAllocation,365,9,7371500,{'interleave': 'random'},7.3715
shared,2,thrashing,NRU,LocalAllocation,365,9,9951200,{'interleave': 'random'},9.9512
shared,3,thrashing,NRU,LocalAllocation,365,9,11121600,{'interleave': 'random'},11.1216
shared_total,,thrashing,NRU,ProportionalAllocation,365,0,32944700,{'interleave': 'random'},32.9447
shared,0,thrashing,NRU,ProportionalAllocation,365,0,5462400,{'interleave': 'random'},5.4624
shared,1,thrashing,NRU,ProportionalAllocation,365,0,7367900,{'interleave': 'random'},7.3679
shared,2,thrashing,NRU,ProportionalAllocation,365,0,9389300,{'interleave': 'random'},9.3893
shared,3,thrashing,NRU,ProportionalAllocation,365,0,9955800,{'interleave': 'random'},9.9558
shared_total,,thrashing,NRU,ProportionalAllocation,365,1,33182600,{'interleave': 'random'},33.1826
shared,0,thrashing,NRU,ProportionalAllocation,365,1,5579500,{'interleave': 'random'},5.5795
shared,1,thrashing,NRU,ProportionalAllocation,365,1,7587100,{'interleave': 'random'},7.5871
shared,2,thrashing,NRU,ProportionalAllocation,365,1,9590200,{'interleave': 'random'},9.5902
shared,3,thrashing,NRU,ProportionalAllocation,365,1,9629000,{'interleave': 'random'},9.629
shared_total,,thrashing,NRU,ProportionalAllocation,365,2,32223800,{'interleave': 'random'},32.2238
shared,0,thrashing,NRU,ProportionalAllocation,365,2,5108900,{'interleave': 'random'},5.1089
shared,1,thrashing,NRU,ProportionalAllocation,365,2,7326300,{'interleave': 'random'},7.3263
shared,2,thrashing,NRU,ProportionalAllocation,365,2,9331800,{'interleave': 'random'},9.3318
shared,3,thrashing,NRU,ProportionalAllocation,365,2,9699700,{'interleave': 'random'},9.6997
shared_total,,thrashing,NRU,ProportionalAllocation,365,3,33664500,{'interleave': 'random'},33.6645
shared,0,thrashing,NRU,ProportionalAllocation,365,3,5433000,{'interleave': 'random'},5.433
shared,1,thrashing,NRU,ProportionalAllocation,365,3,7640100,{'interleave': 'random'},7.6401
shared,2,thrashing,NRU,ProportionalAllocation,365,3,9683500,{'interleave': 'random'},9.6835
shared,3,thrashing,NRU,ProportionalAllocation,365,3,10086000,{'interleave': 'random'},10.086
shared_total,,thrashing,NRU,ProportionalAllocation,365,4,32873700,{'interleave': 'random'},32.8737
shared,0,thrashing,NRU,ProportionalAllocation,365,4,5436900,{'interleave': 'random'},5.4369
shared,1,thrashing,NRU,ProportionalAllocation,365,4,7308700,{'interleave': 'random'},7.3087
shared,2,thrashing,NRU,ProportionalAllocation,365,4,9524900,{'interleave': 'random'},9.5249
shared,3,thrashing,NRU,ProportionalAllocation,365,4,9822800,{'interleave': 'random'},9.8228
shared_total,,thrashing,NRU,ProportionalAllocation,365,5,29968800,{'interleave': 'random'},29.9688
shared,0,thrashing,NRU,ProportionalAllocation,365,5,4820600,{'interleave': 'random'},4.8206
shared,1,thrashing,NRU,ProportionalAllocation,365,5,6786600,{'interleave': 'random'},6.7866
shared,2,thrashing,NRU,ProportionalAllocation,365,5,8636900,{'interleave': 'random'},8.6369
shared,3,thrashing,NRU,ProportionalAllocation,365,5,9049800,{'interleave': 'random'},9.0498
shared_total,,thrashing,NRU,ProportionalAllocation,365,6,32424800,{'interleave': 'random'},32.4248
shared,0,thrashing,NRU,ProportionalAllocation,365,6,5343000,{'interleave': 'random'},5.343
shared,1,thrashing,NRU,ProportionalAllocation,365,6,7051800,{'interleave': 'random'},7.0518
shared,2,thrashing,NRU,ProportionalAllocation,365,6,9468900,{'interleave': 'random'},9.4689
shared,3,thrashing,NRU,ProportionalAllocation,365,6,9821100,{'interleave': 'random'},9.8211
shared_total,,thrashing,NRU,ProportionalAllocation,365,7,32865200,{'interleave': 'random'},32.8652
shared,0,thrashing,NRU,ProportionalAllocation,365,7,5378300,{'interleave': 'random'},5.3783
shared,1,thrashing,NRU,ProportionalAllocation,365,7,7495700,{'interleave': 'random'},7.4957
shared,2,thrashing,NRU,ProportionalAllocation,365,7,9541800,{'interleave': 'random'},9.5418
shared,3,thrashing,NRU,ProportionalAllocation,365,7,9682000,{'interleave': 'random'},9.682
shared_total,,thrashing,NRU,ProportionalAllocation,365,8,32311800,{'interleave': 'random'},32.3118
shared,0,thrashing,NRU,ProportionalAllocation,365,8,5342400,{'interleave': 'random'},5.3424
shared,1,thrashing,NRU,ProportionalAllocation,365,8,7226200,{'interleave': 'random'},7.2262
shared,2,thrashing,NRU,ProportionalAllocation,365,8,9310700,{'interleave': 'random'},9.3107
shared,3,thrashing,NRU,ProportionalAllocation,365,8,9698400,{'interleave': 'random'},9.6984
shared_total,,thrashing,NRU,ProportionalAllocation,365,9,32757100,{'interleave': 'random'},32.7571
shared,0,thrashing,NRU,ProportionalAllocation,365,9,5222800,{'interleave': 'random'},5.2228
shared,1,thrashing,NRU,ProportionalAllocation,365,9,7530300,{'interleave': 'random'},7.5303
shared,2,thrashing,NRU,ProportionalAllocation,365,9,9628100,{'interleave': 'random'},9.6281
shared,3,thrashing,NRU,ProportionalAllocation,365,9,9616100,{'interleave': 'random'},9.6161
shared_total,,thrashing,SecondChance,GlobalAllocation,365,0,24970100,{'interleave': 'random'},24.9701
shared,0,thrashing,SecondChance,GlobalAllocation,365,0,5174800,{'interleave': 'random'},5.1748
shared,1,thrashing,SecondChance,GlobalAllocation,365,0,6049000,{'interleave': 'random'},6.049
shared,2,thrashing,SecondChance,GlobalAllocation,365,0,6332600,{'interleave': 'random'},6.3326
shared,3,thrashing,SecondChance,GlobalAllocation,365,0,6583000,{'interleave': 'random'},6.583
shared_total,,thrashing,SecondChance,GlobalAllocation,365,1,24152900,{'interleave': 'random'},24.1529
shared,0,thrashing,SecondChance,GlobalAllocation,365,1,4016400,{'interleave': 'random'},4.0164
shared,1,thrashing,SecondChance,GlobalAllocation,365,1,6441700,{'interleave': 'random'},6.4417
shared,2,thrashing,SecondChance,GlobalAllocation,365,1,6338700,{'interleave': 'random'},6.3387
shared,3,thrashing,SecondChance,GlobalAllocation,365,1,6529900,{'interleave': 'random'},6.5299
shared_total,,thrashing,SecondChance,GlobalAllocation,365,2,24648700,{'interleave': 'random'},24.6487
shared,0,thrashing,SecondChance,GlobalAllocation,365,2,4752500,{'interleave': 'random'},4.7525
shared,1,thrashing,SecondChance,GlobalAllocation,365,2,5862000,{'interleave': 'random'},5.862
shared,2,thrashing,SecondChance,GlobalAllocation,365,2,6577900,{'interleave': 'random'},6.5779
shared,3,thrashing,SecondChance,GlobalAllocation,365,2,6624000,{'interleave': 'random'},6.624
shared_total,,thrashing,SecondChance,GlobalAllocation,365,3,24971300,{'interleave': 'random'},24.9713
shared,0,thrashing,SecondChance,GlobalAllocation,365,3,4799500,{'interleave': 'random'},4.7995
shared,1,thrashing,SecondChance,GlobalAllocation,365,3,6160000,{'interleave': 'random'},6.16
shared,2,thrashing,SecondChance,GlobalAllocation,365,3,6493000,{'interleave': 'random'},6.493
shared,3,thrashing,SecondChance,GlobalAllocation,365,3,6684600,{'interleave': 'random'},6.6846
shared_total,,thrashing,SecondChance,GlobalAllocation,365,4,26429100,{'interleave': 'random'},26.4291
shared,0,thrashing,SecondChance,GlobalAllocation,365,4,5135700,{'interleave': 'random'},5.1357
shared,1,thrashing,SecondChance,GlobalAllocation,365,4,6040600,{'interleave': 'random'},6.0406
shared,2,thrashing,SecondChance,GlobalAllocation,365,4,6850900,{'interleave': 'random'},6.8509
shared,3,thrashing,SecondChance,GlobalAllocation,365,4,7383200,{'interleave': 'random'},7.3832
shared_total,,thrashing,SecondChance,GlobalAllocation,365,5,23258800,{'interleave': 'random'},23.2588
shared,0,thrashing,SecondChance,GlobalAllocation,365,5,4091700,{'interleave': 'random'},4.0917
shared,1,thrashing,SecondChance,GlobalAllocation,365,5,5172000,{'interleave': 'random'},5.172
shared,2,thrashing,SecondChance,GlobalAllocation,365,5,6687000,{'interleave': 'random'},6.687
shared,3,thrashing,SecondChance,GlobalAllocation,365,5,6470600,{'interleave': 'random'},6.4706
shared_total,,thrashing,SecondChance,GlobalAllocation,365,6,24813100,{'interleave': 'random'},24.8131
shared,0,thrashing,SecondChance,GlobalAllocation,365,6,4893500,{'interleave': 'random'},4.8935
shared,1,thrashing,SecondChance,GlobalAllocation,365,6,6034800,{'interleave': 'random'},6.0348
shared,2,thrashing,SecondChance,GlobalAllocation,365,6,6219800,{'interleave': 'random'},6.2198
shared,3,thrashing,SecondChance,GlobalAllocation,365,6,6840900,{'interleave': 'random'},6.8409
shared_total,,thrashing,SecondChance,GlobalAllocation,365,7,24524500,{'interleave': 'random'},24.5245
shared,0,thrashing,SecondChance,GlobalAllocation,365,7,4838400,{'interleave': 'random'},4.8384
shared,1,thrashing,SecondChance,GlobalAllocation,365,7,6266000,{'interleave': 'random'},6.266
shared,2,thrashing,SecondChance,GlobalAllocation,365,7,6220700,{'interleave': 'random'},6.2207
shared,3,thrashing,SecondChance,GlobalAllocation,365,7,6368700,{'interleave': 'random'},6.3687
shared_total,,thrashing,SecondChance,GlobalAllocation,365,8,29525000,{'interleave': 'random'},29.525
shared,0,thrashing,SecondChance,GlobalAllocation,365,8,5005000,{'interleave': 'random'},5.005
shared,1,thrashing,SecondChance,GlobalAllocation,365,8,7165800,{'interleave': 'random'},7.1658
shared,2,thrashing,SecondChance,GlobalAllocation,365,8,8019900,{'interleave': 'random'},8.0199
shared,3,thrashing,SecondChance,GlobalAllocation,365,8,8257800,{'interleave': 'random'},8.2578
shared_total,,thrashing,SecondChance,GlobalAllocation,365,9,23673200,{'interleave': 'random'},23.6732
shared,0,thrashing,SecondChance,GlobalAllocation,365,9,4000400,{'interleave': 'random'},4.0004
shared,1,thrashing,SecondChance,GlobalAllocation,365,9,5954000,{'interleave': 'random'},5.954
shared,2,thrashing,SecondChance,GlobalAllocation,365,9,6250500,{'interleave': 'random'},6.2505
shared,3,thrashing,SecondChance,GlobalAllocation,365,9,6646800,{'interleave': 'random'},6.6468
shared_total,,thrashing,SecondChance,LocalAllocation,365,0,12076500,{'interleave': 'random'},12.0765
shared,0,thrashing,SecondChance,LocalAllocation,365,0,2827000,{'interleave': 'random'},2.827
shared,1,thrashing,SecondChance,LocalAllocation,365,0,2725700,{'interleave': 'random'},2.7257
shared,2,thrashing,SecondChance,LocalAllocation,365,0,2770300,{'interleave': 'random'},2.7703
shared,3,thrashing,SecondChance,LocalAllocation,365,0,2773700,{'interleave': 'random'},2.7737
shared_total,,thrashing,SecondChance,LocalAllocation,365,1,9231500,{'interleave': 'random'},9.2315
shared,0,thrashing,SecondChance,LocalAllocation,365,1,2142400,{'interleave': 'random'},2.1424
shared,1,thrashing,SecondChance,LocalAllocation,365,1,2120800,{'interleave': 'random'},2.1208
shared,2,thrashing,SecondChance,LocalAllocation,365,1,2119000,{'interleave': 'random'},2.119
shared,3,thrashing,SecondChance,LocalAllocation,365,1,2118900,{'interleave': 'random'},2.1189
shared_total,,thrashing,SecondChance,LocalAllocation,365,2,9367000,{'interleave': 'random'},9.367
shared,0,thrashing,SecondChance,LocalAllocation,365,2,2168500,{'interleave': 'random'},2.1685
shared,1,thrashing,SecondChance,LocalAllocation,365,2,2163700,{'interleave': 'random'},2.1637
shared,2,thrashing,SecondChance,LocalAllocation,365,2,2159500,{'interleave': 'random'},2.1595
shared,3,thrashing,SecondChance,LocalAllocation,365,2,2175900,{'interleave': 'random'},2.1759
shared_total,,thrashing,SecondChance,LocalAllocation,365,3,9338800,{'interleave': 'random'},9.3388
shared,0,thrashing,SecondChance,LocalAllocation,365,3,2156700,{'interleave': 'random'},2.1567
shared,1,thrashing,SecondChance,LocalAllocation,365,3,2155100,{'interleave': 'random'},2.1551
shared,2,thrashing,SecondChance,LocalAllocation,365,3,2160100,{'interleave': 'random'},2.1601
shared,3,thrashing,SecondChance,LocalAllocation,365,3,2165000,{'interleave': 'random'},2.165
shared_total,,thrashing,SecondChance,LocalAllocation,365,4,9387100,{'interleave': 'random'},9.3871
shared,0,thrashing,SecondChance,LocalAllocation,365,4,2172400,{'interleave': 'random'},2.1724
shared,1,thrashing,SecondChance,LocalAllocation,365,4,2167300,{'interleave': 'random'},2.1673
shared,2,thrashing,SecondChance,LocalAllocation,365,4,2161900,{'interleave': 'random'},2.1619
shared,3,thrashing,SecondChance,LocalAllocation,365,4,2174500,{'interleave': 'random'},2.1745
shared_total,,thrashing,SecondChance,LocalAllocation,365,5,9387800,{'interleave': 'random'},9.3878
shared,0,thrashing,SecondChance,LocalAllocation,365,5,2169500,{'interleave': 'random'},2.1695
shared,1,thrashing,SecondChance,LocalAllocation,365,5,2183500,{'interleave': 'random'},2.1835
shared,2,thrashing,SecondChance,LocalAllocation,365,5,2170700,{'interleave': 'random'},2.1707
shared,3,thrashing,SecondChance,LocalAllocation,365,5,2172000,{'interleave': 'random'},2.172
shared_total,,thrashing,SecondChance,LocalAllocation,365,6,9567100,{'interleave': 'random'},9.5671
shared,0,thrashing,SecondChance,LocalAllocation,365,6,2231900,{'interleave': 'random'},2.2319
shared,1,thrashing,SecondChance,LocalAllocation,365,6,2196800,{'interleave': 'random'},2.1968
shared,2,thrashing,SecondChance,LocalAllocation,365,6,2202300,{'interleave': 'random'},2.2023
shared,3,thrashing,SecondChance,LocalAllocation,365,6,2203700,{'interleave': 'random'},2.2037
shared_total,,thrashing,SecondChance,LocalAllocation,365,7,9349500,{'interleave': 'random'},9.3495
shared,0,thrashing,SecondChance,LocalAllocation,365,7,2169500,{'interleave': 'random'},2.1695
shared,1,thrashing,SecondChance,LocalAllocation,365,7,2160000,{'interleave': 'random'},2.16
shared,2,thrashing,SecondChance,LocalAllocation,365,7,2166800,{'interleave': 'random'},2.1668
shared,3,thrashing,SecondChance,LocalAllocation,365,7,2165200,{'interleave': 'random'},2.1652
shared_total,,thrashing,SecondChance,LocalAllocation,365,8,9422600,{'interleave': 'random'},9.4226
shared,0,thrashing,SecondChance,LocalAllocation,365,8,2183600,{'interleave': 'random'},2.1836
shared,1,thrashing,SecondChance,LocalAllocation,365,8,2160600,{'interleave': 'random'},2.1606
shared,2,thrashing,SecondChance,LocalAllocation,365,8,2172000,{'interleave': 'random'},2.172
shared,3,thrashing,SecondChance,LocalAllocation,365,8,2175000,{'interleave': 'random'},2.175
shared_total,,thrashing,SecondChance,LocalAllocation,365,9,9422500,{'interleave': 'random'},9.4225
shared,0,thrashing,SecondChance,LocalAllocation,365,9,2175800,{'interleave': 'random'},2.1758
shared,1,thrashing,SecondChance,LocalAllocation,365,9,2165600,{'interleave': 'random'},2.1656
shared,2,thrashing,SecondChance,LocalAllocation,365,9,2176400,{'interleave': 'random'},2.1764
shared,3,thrashing,SecondChance,LocalAllocation,365,9,2195200,{'interleave': 'random'},2.1952
shared_total,,thrashing,SecondChance,ProportionalAllocation,365,0,9531000,{'interleave': 'random'},9.531
shared,0,thrashing,SecondChance,ProportionalAllocation,365,0,2102500,{'interleave': 'random'},2.1025
shared,1,thrashing,SecondChance,ProportionalAllocation,365,0,2172100,{'interleave': 'random'},2.1721
shared,2,thrashing,SecondChance,ProportionalAllocation,365,0,2248900,{'interleave': 'random'},2.2489
shared,3,thrashing,SecondChance,ProportionalAllocation,365,0,2301500,{'interleave': 'random'},2.3015
shared_total,,thrashing,SecondChance,ProportionalAllocation,365,1,9509000,{'interleave': 'random'},9.509
shared,0,thrashing,SecondChance,ProportionalAllocation,365,1,2108600,{'interleave': 'random'},2.1086
shared,1,thrashing,SecondChance,ProportionalAllocation,365,1,2171500,{'interleave': 'random'},2.1715
shared,2,thrashing,SecondChance,ProportionalAllocation,365,1,2226100,{'interleave': 'random'},2.2261
shared,3,thrashing,SecondChance,ProportionalAllocation,365,1,2305100,{'interleave': 'random'},2.3051
shared_total,,thrashing,SecondChance,ProportionalAllocation,365,2,9508900,{'interleave': 'random'},9.5089
shared,0,thrashing,SecondChance,ProportionalAllocation,365,2,2095300,{'interleave': 'random'},2.0953
shared,1,thrashing,SecondChance,ProportionalAllocation,365,2,2175200,{'interleave': 'random'},2.1752
shared,2,thrashing,SecondChance,ProportionalAllocation,365,2,2224200,{'interleave': 'random'},2.2242
shared,3,thrashing,SecondChance,ProportionalAllocation,365,2,2295200,{'interleave': 'random'},2.2952
shared_total,,thrashing,SecondChance,ProportionalAllocation,365,3,9452400,{'interleave': 'random'},9.4524
shared,0,thrashing,SecondChance,ProportionalAllocation,365,3,2075300,{'interleave': 'random'},2.0753
shared,1,thrashing,SecondChance,ProportionalAllocation,365,3,2165100,{'interleave': 'random'},2.1651
shared,2,thrashing,SecondChance,ProportionalAllocation,365,3,2216100,{'interleave': 'random'},2.2161
shared,3,thrashing,SecondChance,ProportionalAllocation,365,3,2297400,{'interleave': 'random'},2.2974
shared_total,,thrashing,SecondChance,ProportionalAllocation,365,4,9467400,{'interleave': 'random'},9.4674
shared,0,thrashing,SecondChance,ProportionalAllocation,365,4,2082200,{'interleave': 'random'},2.0822
shared,1,thrashing,SecondChance,ProportionalAllocation,365,4,2172500,{'interleave': 'random'},2.1725
shared,2,thrashing,SecondChance,ProportionalAllocation,365,4,2224600,{'interleave': 'random'},2.2246
shared,3,thrashing,SecondChance,ProportionalAllocation,365,4,2295900,{'interleave': 'random'},2.2959
shared_total,,thrashing,SecondChance,ProportionalAllocation,365,5,9507700,{'interleave': 'random'},9.5077
shared,0,thrashing,SecondChance,ProportionalAllocation,365,5,2091500,{'interleave': 'random'},2.0915
shared,1,thrashing,SecondChance,ProportionalAllocation,365,5,2177600,{'interleave': 'random'},2.1776
shared,2,thrashing,SecondChance,ProportionalAllocation,365,5,2222700,{'interleave': 'random'},2.2227
shared,3,thrashing,SecondChance,ProportionalAllocation,365,5,2300400,{'interleave': 'random'},2.3004
shared_total,,thrashing,SecondChance,ProportionalAllocation,365,6,9477000,{'interleave': 'random'},9.477
shared,0,thrashing,SecondChance,ProportionalAllocation,365,6,2088500,{'interleave': 'random'},2.0885
shared,1,thrashing,SecondChance,ProportionalAllocation,365,6,2169600,{'interleave': 'random'},2.1696
shared,2,thrashing,SecondChance,ProportionalAllocation,365,6,2232800,{'interleave': 'random'},2.2328
shared,3,thrashing,SecondChance,ProportionalAllocation,365,6,2297900,{'interleave': 'random'},2.2979
shared_total,,thrashing,SecondChance,ProportionalAllocation,365,7,9560900,{'interleave': 'random'},9.5609
shared,0,thrashing,SecondChance,ProportionalAllocation,365,7,2104500,{'interleave': 'random'},2.1045
shared,1,thrashing,SecondChance,ProportionalAllocation,365,7,2190000,{'interleave': 'random'},2.19
shared,2,thrashing,SecondChance,ProportionalAllocation,365,7,2243300,{'interleave': 'random'},2.2433
shared,3,thrashing,SecondChance,ProportionalAllocation,365,7,2313800,{'interleave': 'random'},2.3138
shared_total,,thrashing,SecondChance,ProportionalAllocation,365,8,9501800,{'interleave': 'random'},9.5018
shared,0,thrashing,SecondChance,ProportionalAllocation,365,8,2098200,{'interleave': 'random'},2.0982
shared,1,thrashing,SecondChance,ProportionalAllocation,365,8,2175700,{'interleave': 'random'},2.1757
shared,2,thrashing,SecondChance,ProportionalAllocation,365,8,2238900,{'interleave': 'random'},2.2389
shared,3,thrashing,SecondChance,ProportionalAllocation,365,8,2303900,{'interleave': 'random'},2.3039
shared_total,,thrashing,SecondChance,ProportionalAllocation,365,9,9512800,{'interleave': 'random'},9.5128
shared,0,thrashing,SecondChance,ProportionalAllocation,365,9,2090000,{'interleave': 'random'},2.09
shared,1,thrashing,SecondChance,ProportionalAllocation,365,9,2176900,{'interleave': 'random'},2.1769
shared,2,thrashing,SecondChance,ProportionalAllocation,365,9,2220500,{'interleave': 'random'},2.2205
shared,3,thrashing,SecondChance,ProportionalAllocation,365,9,2300600,{'interleave': 'random'},2.3006
shared_total,,thrashing,WSClock,GlobalAllocation,365,0,86328600,{'interleave': 'random'},86.3286
shared,0,thrashing,WSClock,GlobalAllocation,365,0,20796800,{'interleave': 'random'},20.7968
shared,1,thrashing,WSClock,GlobalAllocation,365,0,18921400,{'interleave': 'random'},18.9214
shared,2,thrashing,WSClock,GlobalAllocation,365,0,23763300,{'interleave': 'random'},23.7633
shared,3,thrashing,WSClock,GlobalAllocation,365,0,22001600,{'interleave': 'random'},22.0016
shared_total,,thrashing,WSClock,GlobalAllocation,365,1,100854900,{'interleave': 'random'},100.8549
shared,0,thrashing,WSClock,GlobalAllocation,365,1,23595300,{'interleave': 'random'},23.5953
shared,1,thrashing,WSClock,GlobalAllocation,365,1,23817600,{'interleave': 'random'},23.8176
shared,2,thrashing,WSClock,GlobalAllocation,365,1,21329300,{'interleave': 'random'},21.3293
shared,3,thrashing,WSClock,GlobalAllocation,365,1,31253900,{'interleave': 'random'},31.2539
shared_total,,thrashing,WSClock,GlobalAllocation,365,2,96605900,{'interleave': 'random'},96.6059
shared,0,thrashing,WSClock,GlobalAllocation,365,2,25999600,{'interleave': 'random'},25.9996
shared,1,thrashing,WSClock,GlobalAllocation,365,2,24545900,{'interleave': 'random'},24.5459
shared,2,thrashing,WSClock,GlobalAllocation,365,2,21223100,{'interleave': 'random'},21.2231
shared,3,thrashing,WSClock,GlobalAllocation,365,2,24035800,{'interleave': 'random'},24.0358
shared_total,,thrashing,WSClock,GlobalAllocation,365,3,111813900,{'interleave': 'random'},111.8139
shared,0,thrashing,WSClock,GlobalAllocation,365,3,23259200,{'interleave': 'random'},23.2592
shared,1,thrashing,WSClock,GlobalAllocation,365,3,25783100,{'interleave': 'random'},25.7831
shared,2,thrashing,WSClock,GlobalAllocation,365,3,32858200,{'interleave': 'random'},32.8582
shared,3,thrashing,WSClock,GlobalAllocation,365,3,28920300,{'interleave': 'random'},28.9203
shared_total,,thrashing,WSClock,GlobalAllocation,365,4,94016400,{'interleave': 'random'},94.0164
shared,0,thrashing,WSClock,GlobalAllocation,365,4,22705900,{'interleave': 'random'},22.7059
shared,1,thrashing,WSClock,GlobalAllocation,365,4,19886600,{'interleave': 'random'},19.8866
shared,2,thrashing,WSClock,GlobalAllocation,365,4,25446500,{'interleave': 'random'},25.4465
shared,3,thrashing,WSClock,GlobalAllocation,365,4,25161800,{'interleave': 'random'},25.1618
shared_total,,thrashing,WSClock,GlobalAllocation,365,5,90920200,{'interleave': 'random'},90.9202
shared,0,thrashing,WSClock,GlobalAllocation,365,5,21930500,{'interleave': 'random'},21.9305
shared,1,thrashing,WSClock,GlobalAllocation,365,5,21818300,{'interleave': 'random'},21.8183
shared,2,thrashing,WSClock,GlobalAllocation,365,5,20613300,{'interleave': 'random'},20.6133
shared,3,thrashing,WSClock,GlobalAllocation,365,5,25738700,{'interleave': 'random'},25.7387
shared_total,,thrashing,WSClock,GlobalAllocation,365,6,119495100,{'interleave': 'random'},119.4951
shared,0,thrashing,WSClock,GlobalAllocation,365,6,24402600,{'interleave': 'random'},24.4026
shared,1,thrashing,WSClock,GlobalAllocation,365,6,30282600,{'interleave': 'random'},30.2826
shared,2,thrashing,WSClock,GlobalAllocation,365,6,32019600,{'interleave': 'random'},32.0196
shared,3,thrashing,WSClock,GlobalAllocation,365,6,31791900,{'interleave': 'random'},31.7919
shared_total,,thrashing,WSClock,GlobalAllocation,365,7,95356800,{'interleave': 'random'},95.3568
shared,0,thrashing,WSClock,GlobalAllocation,365,7,21561800,{'interleave': 'random'},21.5618
shared,1,thrashing,WSClock,GlobalAllocation,365,7,20203200,{'interleave': 'random'},20.2032
shared,2,thrashing,WSClock,GlobalAllocation,365,7,24153700,{'interleave': 'random'},24.1537
shared,3,thrashing,WSClock,GlobalAllocation,365,7,28574300,{'interleave': 'random'},28.5743
shared_total,,thrashing,WSClock,GlobalAllocation,365,8,95895300,{'interleave': 'random'},95.8953
shared,0,thrashing,WSClock,GlobalAllocation,365,8,21268200,{'interleave': 'random'},21.2682
shared,1,thrashing,WSClock,GlobalAllocation,365,8,20947400,{'interleave': 'random'},20.9474
shared,2,thrashing,WSClock,GlobalAllocation,365,8,27836500,{'interleave': 'random'},27.8365
shared,3,thrashing,WSClock,GlobalAllocation,365,8,25008800,{'interleave': 'random'},25.0088
shared_total,,thrashing,WSClock,GlobalAllocation,365,9,97423100,{'interleave': 'random'},97.4231
shared,0,thrashing,WSClock,GlobalAllocation,365,9,19074700,{'interleave': 'random'},19.0747
shared,1,thrashing,WSClock,GlobalAllocation,365,9,26511200,{'interleave': 'random'},26.5112
shared,2,thrashing,WSClock,GlobalAllocation,365,9,24581400,{'interleave': 'random'},24.5814
shared,3,thrashing,WSClock,GlobalAllocation,365,9,26246200,{'interleave': 'random'},26.2462
shared_total,,thrashing,WSClock,LocalAllocation,365,0,198906800,{'interleave': 'random'},198.9068
shared,0,thrashing,WSClock,LocalAllocation,365,0,49960700,{'interleave': 'random'},49.9607
shared,1,thrashing,WSClock,LocalAllocation,365,0,49433800,{'interleave': 'random'},49.4338
shared,2,thrashing,WSClock,LocalAllocation,365,0,49441100,{'interleave': 'random'},49.4411
shared,3,thrashing,WSClock,LocalAllocation,365,0,49201900,{'interleave': 'random'},49.2019
shared_total,,thrashing,WSClock,LocalAllocation,365,1,198687700,{'interleave': 'random'},198.6877
shared,0,thrashing,WSClock,LocalAllocation,365,1,49879200,{'interleave': 'random'},49.8792
shared,1,thrashing,WSClock,LocalAllocation,365,1,49288500,{'interleave': 'random'},49.2885
shared,2,thrashing,WSClock,LocalAllocation,365,1,49342500,{'interleave': 'random'},49.3425
shared,3,thrashing,WSClock,LocalAllocation,365,1,49276600,{'interleave': 'random'},49.2766
shared_total,,thrashing,WSClock,LocalAllocation,365,2,212311400,{'interleave': 'random'},212.3114
shared,0,thrashing,WSClock,LocalAllocation,365,2,52718500,{'interleave': 'random'},52.7185
shared,1,thrashing,WSClock,LocalAllocation,365,2,52014500,{'interleave': 'random'},52.0145
shared,2,thrashing,WSClock,LocalAllocation,365,2,51782900,{'interleave': 'random'},51.7829
shared,3,thrashing,WSClock,LocalAllocation,365,2,54799200,{'interleave': 'random'},54.7992
shared_total,,thrashing,WSClock,LocalAllocation,365,3,199395600,{'interleave': 'random'},199.3956
shared,0,thrashing,WSClock,LocalAllocation,365,3,50117600,{'interleave': 'random'},50.1176
shared,1,thrashing,WSClock,LocalAllocation,365,3,49539600,{'interleave': 'random'},49.5396
shared,2,thrashing,WSClock,LocalAllocation,365,3,49435700,{'interleave': 'random'},49.4357
shared,3,thrashing,WSClock,LocalAllocation,365,3,49373400,{'interleave': 'random'},49.3734
shared_total,,thrashing,WSClock,LocalAllocation,365,4,199575700,{'interleave': 'random'},199.5757
shared,0,thrashing,WSClock,LocalAllocation,365,4,49987800,{'interleave': 'random'},49.9878
shared,1,thrashing,WSClock,LocalAllocation,365,4,49514000,{'interleave': 'random'},49.514
shared,2,thrashing,WSClock,LocalAllocation,365,4,49673700,{'interleave': 'random'},49.6737
shared,3,thrashing,WSClock,LocalAllocation,365,4,49490600,{'interleave': 'random'},49.4906
shared_total,,thrashing,WSClock,LocalAllocation,365,5,209149700,{'interleave': 'random'},209.1497
shared,0,thrashing,WSClock,LocalAllocation,365,5,51953000,{'interleave': 'random'},51.953
shared,1,thrashing,WSClock,LocalAllocation,365,5,51502100,{'interleave': 'random'},51.5021
shared,2,thrashing,WSClock,LocalAllocation,365,5,53399600,{'interleave': 'random'},53.3996
shared,3,thrashing,WSClock,LocalAllocation,365,5,51336700,{'interleave': 'random'},51.3367
shared_total,,thrashing,WSClock,LocalAllocation,365,6,208291600,{'interleave': 'random'},208.2916
shared,0,thrashing,WSClock,LocalAllocation,365,6,52177200,{'interleave': 'random'},52.1772
shared,1,thrashing,WSClock,LocalAllocation,365,6,52080000,{'interleave': 'random'},52.08
shared,2,thrashing,WSClock,LocalAllocation,365,6,51241500,{'interleave': 'random'},51.2415
shared,3,thrashing,WSClock,LocalAllocation,365,6,51863400,{'interleave': 'random'},51.8634
shared_total,,thrashing,WSClock,LocalAllocation,365,7,199012400,{'interleave': 'random'},199.0124
shared,0,thrashing,WSClock,LocalAllocation,365,7,49872700,{'interleave': 'random'},49.8727
shared,1,thrashing,WSClock,LocalAllocation,365,7,49420200,{'interleave': 'random'},49.4202
shared,2,thrashing,WSClock,LocalAllocation,365,7,49406400,{'interleave': 'random'},49.4064
shared,3,thrashing,WSClock,LocalAllocation,365,7,49449500,{'interleave': 'random'},49.4495
shared_total,,thrashing,WSClock,LocalAllocation,365,8,199143100,{'interleave': 'random'},199.1431
shared,0,thrashing,WSClock,LocalAllocation,365,8,49941600,{'interleave': 'random'},49.9416
shared,1,thrashing,WSClock,LocalAllocation,365,8,49447800,{'interleave': 'random'},49.4478
shared,2,thrashing,WSClock,LocalAllocation,365,8,49455400,{'interleave': 'random'},49.4554
shared,3,thrashing,WSClock,LocalAllocation,365,8,49409900,{'interleave': 'random'},49.4099
shared_total,,thrashing,WSClock,LocalAllocation,365,9,198017300,{'interleave': 'random'},198.0173
shared,0,thrashing,WSClock,LocalAllocation,365,9,49767800,{'interleave': 'random'},49.7678
shared,1,thrashing,WSClock,LocalAllocation,365,9,49099300,{'interleave': 'random'},49.0993
shared,2,thrashing,WSClock,LocalAllocation,365,9,49079800,{'interleave': 'random'},49.0798
shared,3,thrashing,WSClock,LocalAllocation,365,9,49197000,{'interleave': 'random'},49.197
shared_total,,thrashing,WSClock,ProportionalAllocation,365,0,164135100,{'interleave': 'random'},164.1351
shared,0,thrashing,WSClock,ProportionalAllocation,365,0,43335800,{'interleave': 'random'},43.3358
shared,1,thrashing,WSClock,ProportionalAllocation,365,0,48737600,{'interleave': 'random'},48.7376
shared,2,thrashing,WSClock,ProportionalAllocation,365,0,54075000,{'interleave': 'random'},54.075
shared,3,thrashing,WSClock,ProportionalAllocation,365,0,17036400,{'interleave': 'random'},17.0364
shared_total,,thrashing,WSClock,ProportionalAllocation,365,1,160312000,{'interleave': 'random'},160.312
shared,0,thrashing,WSClock,ProportionalAllocation,365,1,42379900,{'interleave': 'random'},42.3799
shared,1,thrashing,WSClock,ProportionalAllocation,365,1,46991800,{'interleave': 'random'},46.9918
shared,2,thrashing,WSClock,ProportionalAllocation,365,1,52518700,{'interleave': 'random'},52.5187
shared,3,thrashing,WSClock,ProportionalAllocation,365,1,17583300,{'interleave': 'random'},17.5833
shared_total,,thrashing,WSClock,ProportionalAllocation,365,2,163886800,{'interleave': 'random'},163.8868
shared,0,thrashing,WSClock,ProportionalAllocation,365,2,43315700,{'interleave': 'random'},43.3157
shared,1,thrashing,WSClock,ProportionalAllocation,365,2,48324600,{'interleave': 'random'},48.3246
shared,2,thrashing,WSClock,ProportionalAllocation,365,2,53739600,{'interleave': 'random'},53.7396
shared,3,thrashing,WSClock,ProportionalAllocation,365,2,17611000,{'interleave': 'random'},17.611
shared_total,,thrashing,WSClock,ProportionalAllocation,365,3,173378600,{'interleave': 'random'},173.3786
shared,0,thrashing,WSClock,ProportionalAllocation,365,3,44993700,{'interleave': 'random'},44.9937
shared,1,thrashing,WSClock,ProportionalAllocation,365,3,51060600,{'interleave': 'random'},51.0606
shared,2,thrashing,WSClock,ProportionalAllocation,365,3,57419900,{'interleave': 'random'},57.4199
shared,3,thrashing,WSClock,ProportionalAllocation,365,3,18943600,{'interleave': 'random'},18.9436
shared_total,,thrashing,WSClock,ProportionalAllocation,365,4,159986500,{'interleave': 'random'},159.9865
shared,0,thrashing,WSClock,ProportionalAllocation,365,4,42080000,{'interleave': 'random'},42.08
shared,1,thrashing,WSClock,ProportionalAllocation,365,4,47081200,{'interleave': 'random'},47.0812
shared,2,thrashing,WSClock,ProportionalAllocation,365,4,52617100,{'interleave': 'random'},52.6171
shared,3,thrashing,WSClock,ProportionalAllocation,365,4,17358800,{'interleave': 'random'},17.3588
shared_total,,thrashing,WSClock,ProportionalAllocation,365,5,158637400,{'interleave': 'random'},158.6374
shared,0,thrashing,WSClock,ProportionalAllocation,365,5,42255100,{'interleave': 'random'},42.2551
shared,1,thrashing,WSClock,ProportionalAllocation,365,5,47096800,{'interleave': 'random'},47.0968
shared,2,thrashing,WSClock,ProportionalAllocation,365,5,52533300,{'interleave': 'random'},52.5333
shared,3,thrashing,WSClock,ProportionalAllocation,365,5,15892500,{'interleave': 'random'},15.8925
shared_total,,thrashing,WSClock,ProportionalAllocation,365,6,160080400,{'interleave': 'random'},160.0804
shared,0,thrashing,WSClock,ProportionalAllocation,365,6,42150900,{'interleave': 'random'},42.1509
shared,1,thrashing,WSClock,ProportionalAllocation,365,6,46936400,{'interleave': 'random'},46.9364
shared,2,thrashing,WSClock,ProportionalAllocation,365,6,52469700,{'interleave': 'random'},52.4697
shared,3,thrashing,WSClock,ProportionalAllocation,365,6,17663600,{'interleave': 'random'},17.6636
shared_total,,thrashing,WSClock,ProportionalAllocation,365,7,159856800,{'interleave': 'random'},159.8568
shared,0,thrashing,WSClock,ProportionalAllocation,365,7,41967700,{'interleave': 'random'},41.9677
shared,1,thrashing,WSClock,ProportionalAllocation,365,7,46983200,{'interleave': 'random'},46.9832
shared,2,thrashing,WSClock,ProportionalAllocation,365,7,52486700,{'interleave': 'random'},52.4867
shared,3,thrashing,WSClock,ProportionalAllocation,365,7,17551100,{'interleave': 'random'},17.5511
shared_total,,thrashing,WSClock,ProportionalAllocation,365,8,158798700,{'interleave': 'random'},158.7987
shared,0,thrashing,WSClock,ProportionalAllocation,365,8,41834600,{'interleave': 'random'},41.8346
shared,1,thrashing,WSClock,ProportionalAllocation,365,8,46997500,{'interleave': 'random'},46.9975
shared,2,thrashing,WSClock,ProportionalAllocation,365,8,52177800,{'interleave': 'random'},52.1778
shared,3,thrashing,WSClock,ProportionalAllocation,365,8,16950300,{'interleave': 'random'},16.9503
shared_total,,thrashing,WSClock,ProportionalAllocation,365,9,177852900,{'interleave': 'random'},177.8529
shared,0,thrashing,WSClock,ProportionalAllocation,365,9,46949500,{'interleave': 'random'},46.9495
shared,1,thrashing,WSClock,ProportionalAllocation,365,9,51586700,{'interleave': 'random'},51.5867
shared,2,thrashing,WSClock,ProportionalAllocation,365,9,57920600,{'interleave': 'random'},57.9206
shared,3,thrashing,WSClock,ProportionalAllocation,365,9,20377700,{'interleave': 'random'},20.3777
shared_total,,thrashing,FIFO,GlobalAllocation,456,0,2816700,{'interleave': 'random'},2.8167
shared,0,thrashing,FIFO,GlobalAllocation,456,0,488400,{'interleave': 'random'},0.4884
shared,1,thrashing,FIFO,GlobalAllocation,456,0,549500,{'interleave': 'random'},0.5495
shared,2,thrashing,FIFO,GlobalAllocation,456,0,564600,{'interleave': 'random'},0.5646
shared,3,thrashing,FIFO,GlobalAllocation,456,0,565000,{'interleave': 'random'},0.565
shared_total,,thrashing,FIFO,GlobalAllocation,456,1,2807000,{'interleave': 'random'},2.807
shared,0,thrashing,FIFO,GlobalAllocation,456,1,484300,{'interleave': 'random'},0.4843
shared,1,thrashing,FIFO,GlobalAllocation,456,1,555800,{'interleave': 'random'},0.5558
shared,2,thrashing,FIFO,GlobalAllocation,456,1,558600,{'interleave': 'random'},0.5586
shared,3,thrashing,FIFO,GlobalAllocation,456,1,570200,{'interleave': 'random'},0.5702
shared_total,,thrashing,FIFO,GlobalAllocation,456,2,2826400,{'interleave': 'random'},2.8264
shared,0,thrashing,FIFO,GlobalAllocation,456,2,487400,{'interleave': 'random'},0.4874
shared,1,thrashing,FIFO,GlobalAllocation,456,2,560100,{'interleave': 'random'},0.5601
shared,2,thrashing,FIFO,GlobalAllocation,456,2,565000,{'interleave': 'random'},0.565
shared,3,thrashing,FIFO,GlobalAllocation,456,2,566600,{'interleave': 'random'},0.5666
shared_total,,thrashing,FIFO,GlobalAllocation,456,3,2700700,{'interleave': 'random'},2.7007
shared,0,thrashing,FIFO,GlobalAllocation,456,3,468200,{'interleave': 'random'},0.4682
shared,1,thrashing,FIFO,GlobalAllocation,456,3,524000,{'interleave': 'random'},0.524
shared,2,thrashing,FIFO,GlobalAllocation,456,3,541600,{'interleave': 'random'},0.5416
shared,3,thrashing,FIFO,GlobalAllocation,456,3,535500,{'interleave': 'random'},0.5355
shared_total,,thrashing,FIFO,GlobalAllocation,456,4,2566200,{'interleave': 'random'},2.5662
shared,0,thrashing,FIFO,GlobalAllocation,456,4,443000,{'interleave': 'random'},0.443
shared,1,thrashing,FIFO,GlobalAllocation,456,4,505000,{'interleave': 'random'},0.505
shared,2,thrashing,FIFO,GlobalAllocation,456,4,509600,{'interleave': 'random'},0.5096
shared,3,thrashing,FIFO,GlobalAllocation,456,4,517800,{'interleave': 'random'},0.5178
shared_total,,thrashing,FIFO,GlobalAllocation,456,5,2853200,{'interleave': 'random'},2.8532
shared,0,thrashing,FIFO,GlobalAllocation,456,5,489600,{'interleave': 'random'},0.4896
shared,1,thrashing,FIFO,GlobalAllocation,456,5,568100,{'interleave': 'random'},0.5681
shared,2,thrashing,FIFO,GlobalAllocation,456,5,568500,{'interleave': 'random'},0.5685
shared,3,thrashing,FIFO,GlobalAllocation,456,5,573300,{'interleave': 'random'},0.5733
shared_total,,thrashing,FIFO,GlobalAllocation,456,6,2916900,{'interleave': 'random'},2.9169
shared,0,thrashing,FIFO,GlobalAllocation,456,6,505300,{'interleave': 'random'},0.5053
shared,1,thrashing,FIFO,GlobalAllocation,456,6,578900,{'interleave': 'random'},0.5789
shared,2,thrashing,FIFO,GlobalAllocation,456,6,575900,{'interleave': 'random'},0.5759
shared,3,thrashing,FIFO,GlobalAllocation,456,6,592300,{'interleave': 'random'},0.5923
shared_total,,thrashing,FIFO,GlobalAllocation,456,7,2866500,{'interleave': 'random'},2.8665
shared,0,thrashing,FIFO,GlobalAllocation,456,7,497100,{'interleave': 'random'},0.4971
shared,1,thrashing,FIFO,GlobalAllocation,456,7,560000,{'interleave': 'random'},0.56
shared,2,thrashing,FIFO,GlobalAllocation,456,7,569000,{'interleave': 'random'},0.569
shared,3,thrashing,FIFO,GlobalAllocation,456,7,573200,{'interleave': 'random'},0.5732
shared_total,,thrashing,FIFO,GlobalAllocation,456,8,2833800,{'interleave': 'random'},2.8338
shared,0,thrashing,FIFO,GlobalAllocation,456,8,493600,{'interleave': 'random'},0.4936
shared,1,thrashing,FIFO,GlobalAllocation,456,8,551700,{'interleave': 'random'},0.5517
shared,2,thrashing,FIFO,GlobalAllocation,456,8,565800,{'interleave': 'random'},0.5658
shared,3,thrashing,FIFO,GlobalAllocation,456,8,572600,{'interleave': 'random'},0.5726
shared_total,,thrashing,FIFO,GlobalAllocation,456,9,2831100,{'interleave': 'random'},2.8311
shared,0,thrashing,FIFO,GlobalAllocation,456,9,484100,{'interleave': 'random'},0.4841
shared,1,thrashing,FIFO,GlobalAllocation,456,9,562600,{'interleave': 'random'},0.5626
shared,2,thrashing,FIFO,GlobalAllocation,456,9,562400,{'interleave': 'random'},0.5624
shared,3,thrashing,FIFO,GlobalAllocation,456,9,569100,{'interleave': 'random'},0.5691
shared_total,,thrashing,FIFO,LocalAllocation,456,0,3678700,{'interleave': 'random'},3.6787
shared,0,thrashing,FIFO,LocalAllocation,456,0,362700,{'interleave': 'random'},0.3627
shared,1,thrashing,FIFO,LocalAllocation,456,0,366500,{'interleave': 'random'},0.3665
shared,2,thrashing,FIFO,LocalAllocation,456,0,1137600,{'interleave': 'random'},1.1376
shared,3,thrashing,FIFO,LocalAllocation,456,0,1135500,{'interleave': 'random'},1.1355
shared_total,,thrashing,FIFO,LocalAllocation,456,1,3657800,{'interleave': 'random'},3.6578
shared,0,thrashing,FIFO,LocalAllocation,456,1,357700,{'interleave': 'random'},0.3577
shared,1,thrashing,FIFO,LocalAllocation,456,1,368300,{'interleave': 'random'},0.3683
shared,2,thrashing,FIFO,LocalAllocation,456,1,1130500,{'interleave': 'random'},1.1305
shared,3,thrashing,FIFO,LocalAllocation,456,1,1131600,{'interleave': 'random'},1.1316
shared_total,,thrashing,FIFO,LocalAllocation,456,2,3653000,{'interleave': 'random'},3.653
shared,0,thrashing,FIFO,LocalAllocation,456,2,358200,{'interleave': 'random'},0.3582
shared,1,thrashing,FIFO,LocalAllocation,456,2,362900,{'interleave': 'random'},0.3629
shared,2,thrashing,FIFO,LocalAllocation,456,2,1131100,{'interleave': 'random'},1.1311
shared,3,thrashing,FIFO,LocalAllocation,456,2,1133400,{'interleave': 'random'},1.1334
shared_total,,thrashing,FIFO,LocalAllocation,456,3,3639700,{'interleave': 'random'},3.6397
shared,0,thrashing,FIFO,LocalAllocation,456,3,361200,{'interleave': 'random'},0.3612
shared,1,thrashing,FIFO,LocalAllocation,456,3,362300,{'interleave': 'random'},0.3623
shared,2,thrashing,FIFO,LocalAllocation,456,3,1119200,{'interleave': 'random'},1.1192
shared,3,thrashing,FIFO,LocalAllocation,456,3,1124000,{'interleave': 'random'},1.124
shared_total,,thrashing,FIFO,LocalAllocation,456,4,3643300,{'interleave': 'random'},3.6433
shared,0,thrashing,FIFO,LocalAllocation,456,4,359300,{'interleave': 'random'},0.3593
shared,1,thrashing,FIFO,LocalAllocation,456,4,366400,{'interleave': 'random'},0.3664
shared,2,thrashing,FIFO,LocalAllocation,456,4,1119800,{'interleave': 'random'},1.1198
shared,3,thrashing,FIFO,LocalAllocation,456,4,1122400,{'interleave': 'random'},1.1224
shared_total,,thrashing,FIFO,LocalAllocation,456,5,3637100,{'interleave': 'random'},3.6371
shared,0,thrashing,FIFO,LocalAllocation,456,5,361800,{'interleave': 'random'},0.3618
shared,1,thrashing,FIFO,LocalAllocation,456,5,366200,{'interleave': 'random'},0.3662
shared,2,thrashing,FIFO,LocalAllocation,456,5,1122000,{'interleave': 'random'},1.122
shared,3,thrashing,FIFO,LocalAllocation,456,5,1120500,{'interleave': 'random'},1.1205
shared_total,,thrashing,FIFO,LocalAllocation,456,6,3711300,{'interleave': 'random'},3.7113
shared,0,thrashing,FIFO,LocalAllocation,456,6,361000,{'interleave': 'random'},0.361
shared,1,thrashing,FIFO,LocalAllocation,456,6,364900,{'interleave': 'random'},0.3649
shared,2,thrashing,FIFO,LocalAllocation,456,6,1127400,{'interleave': 'random'},1.1274
shared,3,thrashing,FIFO,LocalAllocation,456,6,1165100,{'interleave': 'random'},1.1651
shared_total,,thrashing,FIFO,LocalAllocation,456,7,3616900,{'interleave': 'random'},3.6169
shared,0,thrashing,FIFO,LocalAllocation,456,7,358400,{'interleave': 'random'},0.3584
shared,1,thrashing,FIFO,LocalAllocation,456,7,357100,{'interleave': 'random'},0.3571
shared,2,thrashing,FIFO,LocalAllocation,456,7,1117400,{'interleave': 'random'},1.1174
shared,3,thrashing,FIFO,LocalAllocation,456,7,1120700,{'interleave': 'random'},1.1207
shared_total,,thrashing,FIFO,LocalAllocation,456,8,3667600,{'interleave': 'random'},3.6676
shared,0,thrashing,FIFO,LocalAllocation,456,8,360900,{'interleave': 'random'},0.3609
shared,1,thrashing,FIFO,LocalAllocation,456,8,361900,{'interleave': 'random'},0.3619
shared,2,thrashing,FIFO,LocalAllocation,456,8,1133200,{'interleave': 'random'},1.1332
shared,3,thrashing,FIFO,LocalAllocation,456,8,1131000,{'interleave': 'random'},1.131
shared_total,,thrashing,FIFO,LocalAllocation,456,9,3657600,{'interleave': 'random'},3.6576
shared,0,thrashing,FIFO,LocalAllocation,456,9,361700,{'interleave': 'random'},0.3617
shared,1,thrashing,FIFO,LocalAllocation,456,9,361200,{'interleave': 'random'},0.3612
shared,2,thrashing,FIFO,LocalAllocation,456,9,1126900,{'interleave': 'random'},1.1269
shared,3,thrashing,FIFO,LocalAllocation,456,9,1134400,{'interleave': 'random'},1.1344
shared_total,,thrashing,FIFO,ProportionalAllocation,456,0,2001200,{'interleave': 'random'},2.0012
shared,0,thrashing,FIFO,ProportionalAllocation,456,0,338700,{'interleave': 'random'},0.3387
shared,1,thrashing,FIFO,ProportionalAllocation,456,0,342600,{'interleave': 'random'},0.3426
shared,2,thrashing,FIFO,ProportionalAllocation,456,0,346100,{'interleave': 'random'},0.3461
shared,3,thrashing,FIFO,ProportionalAllocation,456,0,347900,{'interleave': 'random'},0.3479
shared_total,,thrashing,FIFO,ProportionalAllocation,456,1,2026800,{'interleave': 'random'},2.0268
shared,0,thrashing,FIFO,ProportionalAllocation,456,1,346700,{'interleave': 'random'},0.3467
shared,1,thrashing,FIFO,ProportionalAllocation,456,1,353700,{'interleave': 'random'},0.3537
shared,2,thrashing,FIFO,ProportionalAllocation,456,1,350400,{'interleave': 'random'},0.3504
shared,3,thrashing,FIFO,ProportionalAllocation,456,1,353200,{'interleave': 'random'},0.3532
shared_total,,thrashing,FIFO,ProportionalAllocation,456,2,2017600,{'interleave': 'random'},2.0176
shared,0,thrashing,FIFO,ProportionalAllocation,456,2,339600,{'interleave': 'random'},0.3396
shared,1,thrashing,FIFO,ProportionalAllocation,456,2,348500,{'interleave': 'random'},0.3485
shared,2,thrashing,FIFO,ProportionalAllocation,456,2,351900,{'interleave': 'random'},0.3519
shared,3,thrashing,FIFO,ProportionalAllocation,456,2,353100,{'interleave': 'random'},0.3531
shared_total,,thrashing,FIFO,ProportionalAllocation,456,3,2107100,{'interleave': 'random'},2.1071
shared,0,thrashing,FIFO,ProportionalAllocation,456,3,349700,{'interleave': 'random'},0.3497
shared,1,thrashing,FIFO,ProportionalAllocation,456,3,360300,{'interleave': 'random'},0.3603
shared,2,thrashing,FIFO,ProportionalAllocation,456,3,367500,{'interleave': 'random'},0.3675
shared,3,thrashing,FIFO,ProportionalAllocation,456,3,366000,{'interleave': 'random'},0.366
shared_total,,thrashing,FIFO,ProportionalAllocation,456,4,1991300,{'interleave': 'random'},1.9913
shared,0,thrashing,FIFO,ProportionalAllocation,456,4,337400,{'interleave': 'random'},0.3374
shared,1,thrashing,FIFO,ProportionalAllocation,456,4,342900,{'interleave': 'random'},0.3429
shared,2,thrashing,FIFO,ProportionalAllocation,456,4,346300,{'interleave': 'random'},0.3463
shared,3,thrashing,FIFO,ProportionalAllocation,456,4,349400,{'interleave': 'random'},0.3494
shared_total,,thrashing,FIFO,ProportionalAllocation,456,5,1981600,{'interleave': 'random'},1.9816
shared,0,thrashing,FIFO,ProportionalAllocation,456,5,338500,{'interleave': 'random'},0.3385
shared,1,thrashing,FIFO,ProportionalAllocation,456,5,342500,{'interleave': 'random'},0.3425
shared,2,thrashing,FIFO,ProportionalAllocation,456,5,345400,{'interleave': 'random'},0.3454
shared,3,thrashing,FIFO,ProportionalAllocation,456,5,345200,{'interleave': 'random'},0.3452
shared_total,,thrashing,FIFO,ProportionalAllocation,456,6,1988900,{'interleave': 'random'},1.9889
shared,0,thrashing,FIFO,ProportionalAllocation,456,6,335200,{'interleave': 'random'},0.3352
shared,1,thrashing,FIFO,ProportionalAllocation,456,6,340300,{'interleave': 'random'},0.3403
shared,2,thrashing,FIFO,ProportionalAllocation,456,6,345300,{'interleave': 'random'},0.3453
shared,3,thrashing,FIFO,ProportionalAllocation,456,6,348000,{'interleave': 'random'},0.348
shared_total,,thrashing,FIFO,ProportionalAllocation,456,7,1969400,{'interleave': 'random'},1.9694
shared,0,thrashing,FIFO,ProportionalAllocation,456,7,334700,{'interleave': 'random'},0.3347
shared,1,thrashing,FIFO,ProportionalAllocation,456,7,333000,{'interleave': 'random'},0.333
shared,2,thrashing,FIFO,ProportionalAllocation,456,7,338400,{'interleave': 'random'},0.3384
shared,3,thrashing,FIFO,ProportionalAllocation,456,7,340100,{'interleave': 'random'},0.3401
shared_total,,thrashing,FIFO,ProportionalAllocation,456,8,1988900,{'interleave': 'random'},1.9889
shared,0,thrashing,FIFO,ProportionalAllocation,456,8,340100,{'interleave': 'random'},0.3401
shared,1,thrashing,FIFO,ProportionalAllocation,456,8,340300,{'interleave': 'random'},0.3403
shared,2,thrashing,FIFO,ProportionalAllocation,456,8,350200,{'interleave': 'random'},0.3502
shared,3,thrashing,FIFO,ProportionalAllocation,456,8,344100,{'interleave': 'random'},0.3441
shared_total,,thrashing,FIFO,ProportionalAllocation,456,9,1981000,{'interleave': 'random'},1.981
shared,0,thrashing,FIFO,ProportionalAllocation,456,9,340900,{'interleave': 'random'},0.3409
shared,1,thrashing,FIFO,ProportionalAllocation,456,9,343900,{'interleave': 'random'},0.3439
shared,2,thrashing,FIFO,ProportionalAllocation,456,9,344800,{'interleave': 'random'},0.3448
shared,3,thrashing,FIFO,ProportionalAllocation,456,9,348100,{'interleave': 'random'},0.3481
shared_total,,thrashing,LRU,GlobalAllocation,456,0,3786800,{'interleave': 'random'},3.7868
shared,0,thrashing,LRU,GlobalAllocation,456,0,702400,{'interleave': 'random'},0.7024
shared,1,thrashing,LRU,GlobalAllocation,456,0,781200,{'interleave': 'random'},0.7812
shared,2,thrashing,LRU,GlobalAllocation,456,0,809100,{'interleave': 'random'},0.8091
shared,3,thrashing,LRU,GlobalAllocation,456,0,807300,{'interleave': 'random'},0.8073
shared_total,,thrashing,LRU,GlobalAllocation,456,1,3777700,{'interleave': 'random'},3.7777
shared,0,thrashing,LRU,GlobalAllocation,456,1,699200,{'interleave': 'random'},0.6992
shared,1,thrashing,LRU,GlobalAllocation,456,1,788200,{'interleave': 'random'},0.7882
shared,2,thrashing,LRU,GlobalAllocation,456,1,788200,{'interleave': 'random'},0.7882
shared,3,thrashing,LRU,GlobalAllocation,456,1,828600,{'interleave': 'random'},0.8286
shared_total,,thrashing,LRU,GlobalAllocation,456,2,3753000,{'interleave': 'random'},3.753
shared,0,thrashing,LRU,GlobalAllocation,456,2,685200,{'interleave': 'random'},0.6852
shared,1,thrashing,LRU,GlobalAllocation,456,2,791200,{'interleave': 'random'},0.7912
shared,2,thrashing,LRU,GlobalAllocation,456,2,799600,{'interleave': 'random'},0.7996
shared,3,thrashing,LRU,GlobalAllocation,456,2,802100,{'interleave': 'random'},0.8021
shared_total,,thrashing,LRU,GlobalAllocation,456,3,3753900,{'interleave': 'random'},3.7539
shared,0,thrashing,LRU,GlobalAllocation,456,3,697700,{'interleave': 'random'},0.6977
shared,1,thrashing,LRU,GlobalAllocation,456,3,781500,{'interleave': 'random'},0.7815
shared,2,thrashing,LRU,GlobalAllocation,456,3,811200,{'interleave': 'random'},0.8112
shared,3,thrashing,LRU,GlobalAllocation,456,3,789600,{'interleave': 'random'},0.7896
shared_total,,thrashing,LRU,GlobalAllocation,456,4,4160600,{'interleave': 'random'},4.1606
shared,0,thrashing,LRU,GlobalAllocation,456,4,764100,{'interleave': 'random'},0.7641
shared,1,thrashing,LRU,GlobalAllocation,456,4,885700,{'interleave': 'random'},0.8857
shared,2,thrashing,LRU,GlobalAllocation,456,4,870400,{'interleave': 'random'},0.8704
shared,3,thrashing,LRU,GlobalAllocation,456,4,911000,{'interleave': 'random'},0.911
shared_total,,thrashing,LRU,GlobalAllocation,456,5,4895400,{'interleave': 'random'},4.8954
shared,0,thrashing,LRU,GlobalAllocation,456,5,866500,{'interleave': 'random'},0.8665
shared,1,thrashing,LRU,GlobalAllocation,456,5,1020100,{'interleave': 'random'},1.0201
shared,2,thrashing,LRU,GlobalAllocation,456,5,993500,{'interleave': 'random'},0.9935
shared,3,thrashing,LRU,GlobalAllocation,456,5,1038300,{'interleave': 'random'},1.0383
shared_total,,thrashing,LRU,GlobalAllocation,456,6,3744300,{'interleave': 'random'},3.7443
shared,0,thrashing,LRU,GlobalAllocation,456,6,687700,{'interleave': 'random'},0.6877
shared,1,thrashing,LRU,GlobalAllocation,456,6,791000,{'interleave': 'random'},0.791
shared,2,thrashing,LRU,GlobalAllocation,456,6,782400,{'interleave': 'random'},0.7824
shared,3,thrashing,LRU,GlobalAllocation,456,6,809700,{'interleave': 'random'},0.8097
shared_total,,thrashing,LRU,GlobalAllocation,456,7,3716500,{'interleave': 'random'},3.7165
shared,0,thrashing,LRU,GlobalAllocation,456,7,684300,{'interleave': 'random'},0.6843
shared,1,thrashing,LRU,GlobalAllocation,456,7,772000,{'interleave': 'random'},0.772
shared,2,thrashing,LRU,GlobalAllocation,456,7,788100,{'interleave': 'random'},0.7881
shared,3,thrashing,LRU,GlobalAllocation,456,7,798600,{'interleave': 'random'},0.7986
shared_total,,thrashing,LRU,GlobalAllocation,456,8,3676800,{'interleave': 'random'},3.6768
shared,0,thrashing,LRU,GlobalAllocation,456,8,690000,{'interleave': 'random'},0.69
shared,1,thrashing,LRU,GlobalAllocation,456,8,760100,{'interleave': 'random'},0.7601
shared,2,thrashing,LRU,GlobalAllocation,456,8,760500,{'interleave': 'random'},0.7605
shared,3,thrashing,LRU,GlobalAllocation,456,8,779800,{'interleave': 'random'},0.7798
shared_total,,thrashing,LRU,GlobalAllocation,456,9,4084000,{'interleave': 'random'},4.084
shared,0,thrashing,LRU,GlobalAllocation,456,9,740100,{'interleave': 'random'},0.7401
shared,1,thrashing,LRU,GlobalAllocation,456,9,847400,{'interleave': 'random'},0.8474
shared,2,thrashing,LRU,GlobalAllocation,456,9,864600,{'interleave': 'random'},0.8646
shared,3,thrashing,LRU,GlobalAllocation,456,9,879100,{'interleave': 'random'},0.8791
shared_total,,thrashing,LRU,LocalAllocation,456,0,4955500,{'interleave': 'random'},4.9555
shared,0,thrashing,LRU,LocalAllocation,456,0,564500,{'interleave': 'random'},0.5645
shared,1,thrashing,LRU,LocalAllocation,456,0,579400,{'interleave': 'random'},0.5794
shared,2,thrashing,LRU,LocalAllocation,456,0,1528700,{'interleave': 'random'},1.5287
shared,3,thrashing,LRU,LocalAllocation,456,0,1513300,{'interleave': 'random'},1.5133
shared_total,,thrashing,LRU,LocalAllocation,456,1,4447300,{'interleave': 'random'},4.4473
shared,0,thrashing,LRU,LocalAllocation,456,1,513800,{'interleave': 'random'},0.5138
shared,1,thrashing,LRU,LocalAllocation,456,1,516800,{'interleave': 'random'},0.5168
shared,2,thrashing,LRU,LocalAllocation,456,1,1369600,{'interleave': 'random'},1.3696
shared,3,thrashing,LRU,LocalAllocation,456,1,1371800,{'interleave': 'random'},1.3718
shared_total,,thrashing,LRU,LocalAllocation,456,2,4493900,{'interleave': 'random'},4.4939
shared,0,thrashing,LRU,LocalAllocation,456,2,516700,{'interleave': 'random'},0.5167
shared,1,thrashing,LRU,LocalAllocation,456,2,521100,{'interleave': 'random'},0.5211
shared,2,thrashing,LRU,LocalAllocation,456,2,1381600,{'interleave': 'random'},1.3816
shared,3,thrashing,LRU,LocalAllocation,456,2,1394600,{'interleave': 'random'},1.3946
shared_total,,thrashing,LRU,LocalAllocation,456,3,4532000,{'interleave': 'random'},4.532
shared,0,thrashing,LRU,LocalAllocation,456,3,527100,{'interleave': 'random'},0.5271
shared,1,thrashing,LRU,LocalAllocation,456,3,527100,{'interleave': 'random'},0.5271
shared,2,thrashing,LRU,LocalAllocation,456,3,1399900,{'interleave': 'random'},1.3999
shared,3,thrashing,LRU,LocalAllocation,456,3,1404600,{'interleave': 'random'},1.4046
shared_total,,thrashing,LRU,LocalAllocation,456,4,8724700,{'interleave': 'random'},8.7247
shared,0,thrashing,LRU,LocalAllocation,456,4,1034800,{'interleave': 'random'},1.0348
shared,1,thrashing,LRU,LocalAllocation,456,4,1035400,{'interleave': 'random'},1.0354
shared,2,thrashing,LRU,LocalAllocation,456,4,2616700,{'interleave': 'random'},2.6167
shared,3,thrashing,LRU,LocalAllocation,456,4,2615100,{'interleave': 'random'},2.6151
shared_total,,thrashing,LRU,LocalAllocation,456,5,4508100,{'interleave': 'random'},4.5081
shared,0,thrashing,LRU,LocalAllocation,456,5,519700,{'interleave': 'random'},0.5197
shared,1,thrashing,LRU,LocalAllocation,456,5,528200,{'interleave': 'random'},0.5282
shared,2,thrashing,LRU,LocalAllocation,456,5,1399200,{'interleave': 'random'},1.3992
shared,3,thrashing,LRU,LocalAllocation,456,5,1397200,{'interleave': 'random'},1.3972
shared_total,,thrashing,LRU,LocalAllocation,456,6,4462200,{'interleave': 'random'},4.4622
shared,0,thrashing,LRU,LocalAllocation,456,6,513000,{'interleave': 'random'},0.513
shared,1,thrashing,LRU,LocalAllocation,456,6,517000,{'interleave': 'random'},0.517
shared,2,thrashing,LRU,LocalAllocation,456,6,1378700,{'interleave': 'random'},1.3787
shared,3,thrashing,LRU,LocalAllocation,456,6,1379900,{'interleave': 'random'},1.3799
shared_total,,thrashing,LRU,LocalAllocation,456,7,4465800,{'interleave': 'random'},4.4658
shared,0,thrashing,LRU,LocalAllocation,456,7,522700,{'interleave': 'random'},0.5227
shared,1,thrashing,LRU,LocalAllocation,456,7,514400,{'interleave': 'random'},0.5144
shared,2,thrashing,LRU,LocalAllocation,456,7,1376300,{'interleave': 'random'},1.3763
shared,3,thrashing,LRU,LocalAllocation,456,7,1389000,{'interleave': 'random'},1.389
shared_total,,thrashing,LRU,LocalAllocation,456,8,4460800,{'interleave': 'random'},4.4608
shared,0,thrashing,LRU,LocalAllocation,456,8,515300,{'interleave': 'random'},0.5153
shared,1,thrashing,LRU,LocalAllocation,456,8,521500,{'interleave': 'random'},0.5215
shared,2,thrashing,LRU,LocalAllocation,456,8,1377900,{'interleave': 'random'},1.3779
shared,3,thrashing,LRU,LocalAllocation,456,8,1378900,{'interleave': 'random'},1.3789
shared_total,,thrashing,LRU,LocalAllocation,456,9,4473700,{'interleave': 'random'},4.4737
shared,0,thrashing,LRU,LocalAllocation,456,9,516500,{'interleave': 'random'},0.5165
shared,1,thrashing,LRU,LocalAllocation,456,9,521000,{'interleave': 'random'},0.521
shared,2,thrashing,LRU,LocalAllocation,456,9,1373900,{'interleave': 'random'},1.3739
shared,3,thrashing,LRU,LocalAllocation,456,9,1384700,{'interleave': 'random'},1.3847
shared_total,,thrashing,LRU,ProportionalAllocation,456,0,2620000,{'interleave': 'random'},2.62
shared,0,thrashing,LRU,ProportionalAllocation,456,0,484300,{'interleave': 'random'},0.4843
shared,1,thrashing,LRU,ProportionalAllocation,456,0,486700,{'interleave': 'random'},0.4867
shared,2,thrashing,LRU,ProportionalAllocation,456,0,493200,{'interleave': 'random'},0.4932
shared,3,thrashing,LRU,ProportionalAllocation,456,0,492200,{'interleave': 'random'},0.4922
shared_total,,thrashing,LRU,ProportionalAllocation,456,1,2580800,{'interleave': 'random'},2.5808
shared,0,thrashing,LRU,ProportionalAllocation,456,1,466400,{'interleave': 'random'},0.4664
shared,1,thrashing,LRU,ProportionalAllocation,456,1,472000,{'interleave': 'random'},0.472
shared,2,thrashing,LRU,ProportionalAllocation,456,1,476200,{'interleave': 'random'},0.4762
shared,3,thrashing,LRU,ProportionalAllocation,456,1,472700,{'interleave': 'random'},0.4727
shared_total,,thrashing,LRU,ProportionalAllocation,456,2,2580200,{'interleave': 'random'},2.5802
shared,0,thrashing,LRU,ProportionalAllocation,456,2,473400,{'interleave': 'random'},0.4734
shared,1,thrashing,LRU,ProportionalAllocation,456,2,481600,{'interleave': 'random'},0.4816
shared,2,thrashing,LRU,ProportionalAllocation,456,2,481000,{'interleave': 'random'},0.481
shared,3,thrashing,LRU,ProportionalAllocation,456,2,483700,{'interleave': 'random'},0.4837
shared_total,,thrashing,LRU,ProportionalAllocation,456,3,4738900,{'interleave': 'random'},4.7389
shared,0,thrashing,LRU,ProportionalAllocation,456,3,572500,{'interleave': 'random'},0.5725
shared,1,thrashing,LRU,ProportionalAllocation,456,3,652400,{'interleave': 'random'},0.6524
shared,2,thrashing,LRU,ProportionalAllocation,456,3,2192200,{'interleave': 'random'},2.1922
shared,3,thrashing,LRU,ProportionalAllocation,456,3,563600,{'interleave': 'random'},0.5636
shared_total,,thrashing,LRU,ProportionalAllocation,456,4,2592000,{'interleave': 'random'},2.592
shared,0,thrashing,LRU,ProportionalAllocation,456,4,475000,{'interleave': 'random'},0.475
shared,1,thrashing,LRU,ProportionalAllocation,456,4,476700,{'interleave': 'random'},0.4767
shared,2,thrashing,LRU,ProportionalAllocation,456,4,482800,{'interleave': 'random'},0.4828
shared,3,thrashing,LRU,ProportionalAllocation,456,4,481100,{'interleave': 'random'},0.4811
shared_total,,thrashing,LRU,ProportionalAllocation,456,5,2636200,{'interleave': 'random'},2.6362
shared,0,thrashing,LRU,ProportionalAllocation,456,5,494700,{'interleave': 'random'},0.4947
shared,1,thrashing,LRU,ProportionalAllocation,456,5,502500,{'interleave': 'random'},0.5025
shared,2,thrashing,LRU,ProportionalAllocation,456,5,501200,{'interleave': 'random'},0.5012
shared,3,thrashing,LRU,ProportionalAllocation,456,5,503200,{'interleave': 'random'},0.5032
shared_total,,thrashing,LRU,ProportionalAllocation,456,6,2582900,{'interleave': 'random'},2.5829
shared,0,thrashing,LRU,ProportionalAllocation,456,6,471400,{'interleave': 'random'},0.4714
shared,1,thrashing,LRU,ProportionalAllocation,456,6,478000,{'interleave': 'random'},0.478
shared,2,thrashing,LRU,ProportionalAllocation,456,6,485700,{'interleave': 'random'},0.4857
shared,3,thrashing,LRU,ProportionalAllocation,456,6,490500,{'interleave': 'random'},0.4905
shared_total,,thrashing,LRU,ProportionalAllocation,456,7,2594300,{'interleave': 'random'},2.5943
shared,0,thrashing,LRU,ProportionalAllocation,456,7,479200,{'interleave': 'random'},0.4792
shared,1,thrashing,LRU,ProportionalAllocation,456,7,474400,{'interleave': 'random'},0.4744
shared,2,thrashing,LRU,ProportionalAllocation,456,7,481900,{'interleave': 'random'},0.4819
shared,3,thrashing,LRU,ProportionalAllocation,456,7,483100,{'interleave': 'random'},0.4831
shared_total,,thrashing,LRU,ProportionalAllocation,456,8,2577500,{'interleave': 'random'},2.5775
shared,0,thrashing,LRU,ProportionalAllocation,456,8,468600,{'interleave': 'random'},0.4686
shared,1,thrashing,LRU,ProportionalAllocation,456,8,470100,{'interleave': 'random'},0.4701
shared,2,thrashing,LRU,ProportionalAllocation,456,8,475000,{'interleave': 'random'},0.475
shared,3,thrashing,LRU,ProportionalAllocation,456,8,481000,{'interleave': 'random'},0.481
shared_total,,thrashing,LRU,ProportionalAllocation,456,9,2585300,{'interleave': 'random'},2.5853
shared,0,thrashing,LRU,ProportionalAllocation,456,9,474200,{'interleave': 'random'},0.4742
shared,1,thrashing,LRU,ProportionalAllocation,456,9,471800,{'interleave': 'random'},0.4718
shared,2,thrashing,LRU,ProportionalAllocation,456,9,475400,{'interleave': 'random'},0.4754
shared,3,thrashing,LRU,ProportionalAllocation,456,9,475700,{'interleave': 'random'},0.4757
shared_total,,thrashing,NRU,GlobalAllocation,456,0,4366500,{'interleave': 'random'},4.3665
shared,0,thrashing,NRU,GlobalAllocation,456,0,912700,{'interleave': 'random'},0.9127
shared,1,thrashing,NRU,GlobalAllocation,456,0,856700,{'interleave': 'random'},0.8567
shared,2,thrashing,NRU,GlobalAllocation,456,0,952800,{'interleave': 'random'},0.9528
shared,3,thrashing,NRU,GlobalAllocation,456,0,882500,{'interleave': 'random'},0.8825
shared_total,,thrashing,NRU,GlobalAllocation,456,1,3962500,{'interleave': 'random'},3.9625
shared,0,thrashing,NRU,GlobalAllocation,456,1,770500,{'interleave': 'random'},0.7705
shared,1,thrashing,NRU,GlobalAllocation,456,1,862600,{'interleave': 'random'},0.8626
shared,2,thrashing,NRU,GlobalAllocation,456,1,848000,{'interleave': 'random'},0.848
shared,3,thrashing,NRU,GlobalAllocation,456,1,805000,{'interleave': 'random'},0.805
shared_total,,thrashing,NRU,GlobalAllocation,456,2,3976400,{'interleave': 'random'},3.9764
shared,0,thrashing,NRU,GlobalAllocation,456,2,779200,{'interleave': 'random'},0.7792
shared,1,thrashing,NRU,GlobalAllocation,456,2,829100,{'interleave': 'random'},0.8291
shared,2,thrashing,NRU,GlobalAllocation,456,2,818000,{'interleave': 'random'},0.818
shared,3,thrashing,NRU,GlobalAllocation,456,2,862500,{'interleave': 'random'},0.8625
shared_total,,thrashing,NRU,GlobalAllocation,456,3,4015000,{'interleave': 'random'},4.015
shared,0,thrashing,NRU,GlobalAllocation,456,3,793500,{'interleave': 'random'},0.7935
shared,1,thrashing,NRU,GlobalAllocation,456,3,865100,{'interleave': 'random'},0.8651
shared,2,thrashing,NRU,GlobalAllocation,456,3,839800,{'interleave': 'random'},0.8398
shared,3,thrashing,NRU,GlobalAllocation,456,3,825100,{'interleave': 'random'},0.8251
shared_total,,thrashing,NRU,GlobalAllocation,456,4,4035900,{'interleave': 'random'},4.0359
shared,0,thrashing,NRU,GlobalAllocation,456,4,802300,{'interleave': 'random'},0.8023
shared,1,thrashing,NRU,GlobalAllocation,456,4,811500,{'interleave': 'random'},0.8115
shared,2,thrashing,NRU,GlobalAllocation,456,4,871100,{'interleave': 'random'},0.8711
shared,3,thrashing,NRU,GlobalAllocation,456,4,850100,{'interleave': 'random'},0.8501
shared_total,,thrashing,NRU,GlobalAllocation,456,5,3915100,{'interleave': 'random'},3.9151
shared,0,thrashing,NRU,GlobalAllocation,456,5,761800,{'interleave': 'random'},0.7618
shared,1,thrashing,NRU,GlobalAllocation,456,5,849500,{'interleave': 'random'},0.8495
shared,2,thrashing,NRU,GlobalAllocation,456,5,827000,{'interleave': 'random'},0.827
shared,3,thrashing,NRU,GlobalAllocation,456,5,814900,{'interleave': 'random'},0.8149
shared_total,,thrashing,NRU,GlobalAllocation,456,6,3891800,{'interleave': 'random'},3.8918
shared,0,thrashing,NRU,GlobalAllocation,456,6,707200,{'interleave': 'random'},0.7072
shared,1,thrashing,NRU,GlobalAllocation,456,6,825700,{'interleave': 'random'},0.8257
shared,2,thrashing,NRU,GlobalAllocation,456,6,839400,{'interleave': 'random'},0.8394
shared,3,thrashing,NRU,GlobalAllocation,456,6,857900,{'interleave': 'random'},0.8579
shared_total,,thrashing,NRU,GlobalAllocation,456,7,3576000,{'interleave': 'random'},3.576
shared,0,thrashing,NRU,GlobalAllocation,456,7,658100,{'interleave': 'random'},0.6581
shared,1,thrashing,NRU,GlobalAllocation,456,7,719400,{'interleave': 'random'},0.7194
shared,2,thrashing,NRU,GlobalAllocation,456,7,803400,{'interleave': 'random'},0.8034
shared,3,thrashing,NRU,GlobalAllocation,456,7,790900,{'interleave': 'random'},0.7909
shared_total,,thrashing,NRU,GlobalAllocation,456,8,4130600,{'interleave': 'random'},4.1306
shared,0,thrashing,NRU,GlobalAllocation,456,8,776700,{'interleave': 'random'},0.7767
shared,1,thrashing,NRU,GlobalAllocation,456,8,872300,{'interleave': 'random'},0.8723
shared,2,thrashing,NRU,GlobalAllocation,456,8,883800,{'interleave': 'random'},0.8838
shared,3,thrashing,NRU,GlobalAllocation,456,8,867800,{'interleave': 'random'},0.8678
shared_total,,thrashing,NRU,GlobalAllocation,456,9,3957800,{'interleave': 'random'},3.9578
shared,0,thrashing,NRU,GlobalAllocation,456,9,752400,{'interleave': 'random'},0.7524
shared,1,thrashing,NRU,GlobalAllocation,456,9,861300,{'interleave': 'random'},0.8613
shared,2,thrashing,NRU,GlobalAllocation,456,9,826200,{'interleave': 'random'},0.8262
shared,3,thrashing,NRU,GlobalAllocation,456,9,848700,{'interleave': 'random'},0.8487
shared_total,,thrashing,NRU,LocalAllocation,456,0,15461800,{'interleave': 'random'},15.4618
shared,0,thrashing,NRU,LocalAllocation,456,0,536200,{'interleave': 'random'},0.5362
shared,1,thrashing,NRU,LocalAllocation,456,0,536100,{'interleave': 'random'},0.5361
shared,2,thrashing,NRU,LocalAllocation,456,0,5441600,{'interleave': 'random'},5.4416
shared,3,thrashing,NRU,LocalAllocation,456,0,8200100,{'interleave': 'random'},8.2001
shared_total,,thrashing,NRU,LocalAllocation,456,1,14425700,{'interleave': 'random'},14.4257
shared,0,thrashing,NRU,LocalAllocation,456,1,517600,{'interleave': 'random'},0.5176
shared,1,thrashing,NRU,LocalAllocation,456,1,523100,{'interleave': 'random'},0.5231
shared,2,thrashing,NRU,LocalAllocation,456,1,5061000,{'interleave': 'random'},5.061
shared,3,thrashing,NRU,LocalAllocation,456,1,7615600,{'interleave': 'random'},7.6156
shared_total,,thrashing,NRU,LocalAllocation,456,2,14450300,{'interleave': 'random'},14.4503
shared,0,thrashing,NRU,LocalAllocation,456,2,510700,{'interleave': 'random'},0.5107
shared,1,thrashing,NRU,LocalAllocation,456,2,515100,{'interleave': 'random'},0.5151
shared,2,thrashing,NRU,LocalAllocation,456,2,5095400,{'interleave': 'random'},5.0954
shared,3,thrashing,NRU,LocalAllocation,456,2,7627100,{'interleave': 'random'},7.6271
shared_total,,thrashing,NRU,LocalAllocation,456,3,14382700,{'interleave': 'random'},14.3827
shared,0,thrashing,NRU,LocalAllocation,456,3,509500,{'interleave': 'random'},0.5095
shared,1,thrashing,NRU,LocalAllocation,456,3,517700,{'interleave': 'random'},0.5177
shared,2,thrashing,NRU,LocalAllocation,456,3,4973100,{'interleave': 'random'},4.9731
shared,3,thrashing,NRU,LocalAllocation,456,3,7677300,{'interleave': 'random'},7.6773
shared_total,,thrashing,NRU,LocalAllocation,456,4,14815100,{'interleave': 'random'},14.8151
shared,0,thrashing,NRU,LocalAllocation,456,4,517300,{'interleave': 'random'},0.5173
shared,1,thrashing,NRU,LocalAllocation,456,4,521200,{'interleave': 'random'},0.5212
shared,2,thrashing,NRU,LocalAllocation,456,4,5243200,{'interleave': 'random'},5.2432
shared,3,thrashing,NRU,LocalAllocation,456,4,7835000,{'interleave': 'random'},7.835
shared_total,,thrashing,NRU,LocalAllocation,456,5,14415200,{'interleave': 'random'},14.4152
shared,0,thrashing,NRU,LocalAllocation,456,5,522700,{'interleave': 'random'},0.5227
shared,1,thrashing,NRU,LocalAllocation,456,5,520300,{'interleave': 'random'},0.5203
shared,2,thrashing,NRU,LocalAllocation,456,5,4820700,{'interleave': 'random'},4.8207
shared,3,thrashing,NRU,LocalAllocation,456,5,7855400,{'interleave': 'random'},7.8554
shared_total,,thrashing,NRU,LocalAllocation,456,6,14501700,{'interleave': 'random'},14.5017
shared,0,thrashing,NRU,LocalAllocation,456,6,520500,{'interleave': 'random'},0.5205
shared,1,thrashing,NRU,LocalAllocation,456,6,521900,{'interleave': 'random'},0.5219
shared,2,thrashing,NRU,LocalAllocation,456,6,5031100,{'interleave': 'random'},5.0311
shared,3,thrashing,NRU,LocalAllocation,456,6,7708200,{'interleave': 'random'},7.7082
shared_total,,thrashing,NRU,LocalAllocation,456,7,14755300,{'interleave': 'random'},14.7553
shared,0,thrashing,NRU,LocalAllocation,456,7,522300,{'interleave': 'random'},0.5223
shared,1,thrashing,NRU,LocalAllocation,456,7,523700,{'interleave': 'random'},0.5237
shared,2,thrashing,NRU,LocalAllocation,456,7,5157200,{'interleave': 'random'},5.1572
shared,3,thrashing,NRU,LocalAllocation,456,7,7821500,{'interleave': 'random'},7.8215
shared_total,,thrashing,NRU,LocalAllocation,456,8,15056100,{'interleave': 'random'},15.0561
shared,0,thrashing,NRU,LocalAllocation,456,8,518800,{'interleave': 'random'},0.5188
shared,1,thrashing,NRU,LocalAllocation,456,8,531100,{'interleave': 'random'},0.5311
shared,2,thrashing,NRU,LocalAllocation,456,8,5452900,{'interleave': 'random'},5.4529
shared,3,thrashing,NRU,LocalAllocation,456,8,7814800,{'interleave': 'random'},7.8148
shared_total,,thrashing,NRU,LocalAllocation,456,9,14352200,{'interleave': 'random'},14.3522
shared,0,thrashing,NRU,LocalAllocation,456,9,525300,{'interleave': 'random'},0.5253
shared,1,thrashing,NRU,LocalAllocation,456,9,524800,{'interleave': 'random'},0.5248
shared,2,thrashing,NRU,LocalAllocation,456,9,5023400,{'interleave': 'random'},5.0234
shared,3,thrashing,NRU,LocalAllocation,456,9,7558900,{'interleave': 'random'},7.5589
shared_total,,thrashing,NRU,ProportionalAllocation,456,0,2834300,{'interleave': 'random'},2.8343
shared,0,thrashing,NRU,ProportionalAllocation,456,0,539400,{'interleave': 'random'},0.5394
shared,1,thrashing,NRU,ProportionalAllocation,456,0,516700,{'interleave': 'random'},0.5167
shared,2,thrashing,NRU,ProportionalAllocation,456,0,541300,{'interleave': 'random'},0.5413
shared,3,thrashing,NRU,ProportionalAllocation,456,0,528000,{'interleave': 'random'},0.528
shared_total,,thrashing,NRU,ProportionalAllocation,456,1,2611000,{'interleave': 'random'},2.611
shared,0,thrashing,NRU,ProportionalAllocation,456,1,478400,{'interleave': 'random'},0.4784
shared,1,thrashing,NRU,ProportionalAllocation,456,1,484500,{'interleave': 'random'},0.4845
shared,2,thrashing,NRU,ProportionalAllocation,456,1,488200,{'interleave': 'random'},0.4882
shared,3,thrashing,NRU,ProportionalAllocation,456,1,496000,{'interleave': 'random'},0.496
shared_total,,thrashing,NRU,ProportionalAllocation,456,2,2682600,{'interleave': 'random'},2.6826
shared,0,thrashing,NRU,ProportionalAllocation,456,2,497700,{'interleave': 'random'},0.4977
shared,1,thrashing,NRU,ProportionalAllocation,456,2,502700,{'interleave': 'random'},0.5027
shared,2,thrashing,NRU,ProportionalAllocation,456,2,509100,{'interleave': 'random'},0.5091
shared,3,thrashing,NRU,ProportionalAllocation,456,2,514600,{'interleave': 'random'},0.5146
shared_total,,thrashing,NRU,ProportionalAllocation,456,3,2679400,{'interleave': 'random'},2.6794
shared,0,thrashing,NRU,ProportionalAllocation,456,3,501200,{'interleave': 'random'},0.5012
shared,1,thrashing,NRU,ProportionalAllocation,456,3,501900,{'interleave': 'random'},0.5019
shared,2,thrashing,NRU,ProportionalAllocation,456,3,508600,{'interleave': 'random'},0.5086
shared,3,thrashing,NRU,ProportionalAllocation,456,3,514800,{'interleave': 'random'},0.5148
shared_total,,thrashing,NRU,ProportionalAllocation,456,4,2580000,{'interleave': 'random'},2.58
shared,0,thrashing,NRU,ProportionalAllocation,456,4,465500,{'interleave': 'random'},0.4655
shared,1,thrashing,NRU,ProportionalAllocation,456,4,470800,{'interleave': 'random'},0.4708
shared,2,thrashing,NRU,ProportionalAllocation,456,4,479400,{'interleave': 'random'},0.4794
shared,3,thrashing,NRU,ProportionalAllocation,456,4,482900,{'interleave': 'random'},0.4829
shared_total,,thrashing,NRU,ProportionalAllocation,456,5,2653000,{'interleave': 'random'},2.653
shared,0,thrashing,NRU,ProportionalAllocation,456,5,490500,{'interleave': 'random'},0.4905
shared,1,thrashing,NRU,ProportionalAllocation,456,5,493400,{'interleave': 'random'},0.4934
shared,2,thrashing,NRU,ProportionalAllocation,456,5,498400,{'interleave': 'random'},0.4984
shared,3,thrashing,NRU,ProportionalAllocation,456,5,504500,{'interleave': 'random'},0.5045
shared_total,,thrashing,NRU,ProportionalAllocation,456,6,2618900,{'interleave': 'random'},2.6189
shared,0,thrashing,NRU,ProportionalAllocation,456,6,478500,{'interleave': 'random'},0.4785
shared,1,thrashing,NRU,ProportionalAllocation,456,6,482000,{'interleave': 'random'},0.482
shared,2,thrashing,NRU,ProportionalAllocation,456,6,490400,{'interleave': 'random'},0.4904
shared,3,thrashing,NRU,ProportionalAllocation,456,6,498400,{'interleave': 'random'},0.4984
shared_total,,thrashing,NRU,ProportionalAllocation,456,7,2646200,{'interleave': 'random'},2.6462
shared,0,thrashing,NRU,ProportionalAllocation,456,7,491300,{'interleave': 'random'},0.4913
shared,1,thrashing,NRU,ProportionalAllocation,456,7,496300,{'interleave': 'random'},0.4963
shared,2,thrashing,NRU,ProportionalAllocation,456,7,501900,{'interleave': 'random'},0.5019
shared,3,thrashing,NRU,ProportionalAllocation,456,7,506200,{'interleave': 'random'},0.5062
shared_total,,thrashing,NRU,ProportionalAllocation,456,8,2646000,{'interleave': 'random'},2.646
shared,0,thrashing,NRU,ProportionalAllocation,456,8,488200,{'interleave': 'random'},0.4882
shared,1,thrashing,NRU,ProportionalAllocation,456,8,492300,{'interleave': 'random'},0.4923
shared,2,thrashing,NRU,ProportionalAllocation,456,8,500000,{'interleave': 'random'},0.5
shared,3,thrashing,NRU,ProportionalAllocation,456,8,505400,{'interleave': 'random'},0.5054
shared_total,,thrashing,NRU,ProportionalAllocation,456,9,2654000,{'interleave': 'random'},2.654
shared,0,thrashing,NRU,ProportionalAllocation,456,9,490700,{'interleave': 'random'},0.4907
shared,1,thrashing,NRU,ProportionalAllocation,456,9,488600,{'interleave': 'random'},0.4886
shared,2,thrashing,NRU,ProportionalAllocation,456,9,494100,{'interleave': 'random'},0.4941
shared,3,thrashing,NRU,ProportionalAllocation,456,9,500300,{'interleave': 'random'},0.5003
shared_total,,thrashing,SecondChance,GlobalAllocation,456,0,4073600,{'interleave': 'random'},4.0736
shared,0,thrashing,SecondChance,GlobalAllocation,456,0,718300,{'interleave': 'random'},0.7183
shared,1,thrashing,SecondChance,GlobalAllocation,456,0,831900,{'interleave': 'random'},0.8319
shared,2,thrashing,SecondChance,GlobalAllocation,456,0,922800,{'interleave': 'random'},0.9228
shared,3,thrashing,SecondChance,GlobalAllocation,456,0,943200,{'interleave': 'random'},0.9432
shared_total,,thrashing,SecondChance,GlobalAllocation,456,1,4029700,{'interleave': 'random'},4.0297
shared,0,thrashing,SecondChance,GlobalAllocation,456,1,705900,{'interleave': 'random'},0.7059
shared,1,thrashing,SecondChance,GlobalAllocation,456,1,839800,{'interleave': 'random'},0.8398
shared,2,thrashing,SecondChance,GlobalAllocation,456,1,886700,{'interleave': 'random'},0.8867
shared,3,thrashing,SecondChance,GlobalAllocation,456,1,944300,{'interleave': 'random'},0.9443
shared_total,,thrashing,SecondChance,GlobalAllocation,456,2,4170800,{'interleave': 'random'},4.1708
shared,0,thrashing,SecondChance,GlobalAllocation,456,2,737100,{'interleave': 'random'},0.7371
shared,1,thrashing,SecondChance,GlobalAllocation,456,2,883700,{'interleave': 'random'},0.8837
shared,2,thrashing,SecondChance,GlobalAllocation,456,2,922100,{'interleave': 'random'},0.9221
shared,3,thrashing,SecondChance,GlobalAllocation,456,2,938400,{'interleave': 'random'},0.9384
shared_total,,thrashing,SecondChance,GlobalAllocation,456,3,4608100,{'interleave': 'random'},4.6081
shared,0,thrashing,SecondChance,GlobalAllocation,456,3,819100,{'interleave': 'random'},0.8191
shared,1,thrashing,SecondChance,GlobalAllocation,456,3,911400,{'interleave': 'random'},0.9114
shared,2,thrashing,SecondChance,GlobalAllocation,456,3,1069300,{'interleave': 'random'},1.0693
shared,3,thrashing,SecondChance,GlobalAllocation,456,3,1009300,{'interleave': 'random'},1.0093
shared_total,,thrashing,SecondChance,GlobalAllocation,456,4,4081200,{'interleave': 'random'},4.0812
shared,0,thrashing,SecondChance,GlobalAllocation,456,4,730000,{'interleave': 'random'},0.73
shared,1,thrashing,SecondChance,GlobalAllocation,456,4,853800,{'interleave': 'random'},0.8538
shared,2,thrashing,SecondChance,GlobalAllocation,456,4,907500,{'interleave': 'random'},0.9075
shared,3,thrashing,SecondChance,GlobalAllocation,456,4,936600,{'interleave': 'random'},0.9366
shared_total,,thrashing,SecondChance,GlobalAllocation,456,5,8499400,{'interleave': 'random'},8.4994
shared,0,thrashing,SecondChance,GlobalAllocation,456,5,1503100,{'interleave': 'random'},1.5031
shared,1,thrashing,SecondChance,GlobalAllocation,456,5,1739300,{'interleave': 'random'},1.7393
shared,2,thrashing,SecondChance,GlobalAllocation,456,5,1881900,{'interleave': 'random'},1.8819
shared,3,thrashing,SecondChance,GlobalAllocation,456,5,2001200,{'interleave': 'random'},2.0012
shared_total,,thrashing,SecondChance,GlobalAllocation,456,6,4086800,{'interleave': 'random'},4.0868
shared,0,thrashing,SecondChance,GlobalAllocation,456,6,725700,{'interleave': 'random'},0.7257
shared,1,thrashing,SecondChance,GlobalAllocation,456,6,864600,{'interleave': 'random'},0.8646
shared,2,thrashing,SecondChance,GlobalAllocation,456,6,870700,{'interleave': 'random'},0.8707
shared,3,thrashing,SecondChance,GlobalAllocation,456,6,960700,{'interleave': 'random'},0.9607
shared_total,,thrashing,SecondChance,GlobalAllocation,456,7,4069400,{'interleave': 'random'},4.0694
shared,0,thrashing,SecondChance,GlobalAllocation,456,7,737800,{'interleave': 'random'},0.7378
shared,1,thrashing,SecondChance,GlobalAllocation,456,7,842100,{'interleave': 'random'},0.8421
shared,2,thrashing,SecondChance,GlobalAllocation,456,7,898100,{'interleave': 'random'},0.8981
shared,3,thrashing,SecondChance,GlobalAllocation,456,7,940800,{'interleave': 'random'},0.9408
shared_total,,thrashing,SecondChance,GlobalAllocation,456,8,4081500,{'interleave': 'random'},4.0815
shared,0,thrashing,SecondChance,GlobalAllocation,456,8,732800,{'interleave': 'random'},0.7328
shared,1,thrashing,SecondChance,GlobalAllocation,456,8,856600,{'interleave': 'random'},0.8566
shared,2,thrashing,SecondChance,GlobalAllocation,456,8,884000,{'interleave': 'random'},0.884
shared,3,thrashing,SecondChance,GlobalAllocation,456,8,957700,{'interleave': 'random'},0.9577
shared_total,,thrashing,SecondChance,GlobalAllocation,456,9,4122000,{'interleave': 'random'},4.122
shared,0,thrashing,SecondChance,GlobalAllocation,456,9,721100,{'interleave': 'random'},0.7211
shared,1,thrashing,SecondChance,GlobalAllocation,456,9,894700,{'interleave': 'random'},0.8947
shared,2,thrashing,SecondChance,GlobalAllocation,456,9,900100,{'interleave': 'random'},0.9001
shared,3,thrashing,SecondChance,GlobalAllocation,456,9,933300,{'interleave': 'random'},0.9333
shared_total,,thrashing,SecondChance,LocalAllocation,456,0,6498700,{'interleave': 'random'},6.4987
shared,0,thrashing,SecondChance,LocalAllocation,456,0,473800,{'interleave': 'random'},0.4738
shared,1,thrashing,SecondChance,LocalAllocation,456,0,489400,{'interleave': 'random'},0.4894
shared,2,thrashing,SecondChance,LocalAllocation,456,0,2397100,{'interleave': 'random'},2.3971
shared,3,thrashing,SecondChance,LocalAllocation,456,0,2425800,{'interleave': 'random'},2.4258
shared_total,,thrashing,SecondChance,LocalAllocation,456,1,6427800,{'interleave': 'random'},6.4278
shared,0,thrashing,SecondChance,LocalAllocation,456,1,486100,{'interleave': 'random'},0.4861
shared,1,thrashing,SecondChance,LocalAllocation,456,1,496500,{'interleave': 'random'},0.4965
shared,2,thrashing,SecondChance,LocalAllocation,456,1,2375700,{'interleave': 'random'},2.3757
shared,3,thrashing,SecondChance,LocalAllocation,456,1,2384200,{'interleave': 'random'},2.3842
shared_total,,thrashing,SecondChance,LocalAllocation,456,2,6461300,{'interleave': 'random'},6.4613
shared,0,thrashing,SecondChance,LocalAllocation,456,2,482000,{'interleave': 'random'},0.482
shared,1,thrashing,SecondChance,LocalAllocation,456,2,492000,{'interleave': 'random'},0.492
shared,2,thrashing,SecondChance,LocalAllocation,456,2,2396600,{'interleave': 'random'},2.3966
shared,3,thrashing,SecondChance,LocalAllocation,456,2,2387500,{'interleave': 'random'},2.3875
shared_total,,thrashing,SecondChance,LocalAllocation,456,3,6402800,{'interleave': 'random'},6.4028
shared,0,thrashing,SecondChance,LocalAllocation,456,3,478100,{'interleave': 'random'},0.4781
shared,1,thrashing,SecondChance,LocalAllocation,456,3,480500,{'interleave': 'random'},0.4805
shared,2,thrashing,SecondChance,LocalAllocation,456,3,2368000,{'interleave': 'random'},2.368
shared,3,thrashing,SecondChance,LocalAllocation,456,3,2373400,{'interleave': 'random'},2.3734
shared_total,,thrashing,SecondChance,LocalAllocation,456,4,6450700,{'interleave': 'random'},6.4507
shared,0,thrashing,SecondChance,LocalAllocation,456,4,481000,{'interleave': 'random'},0.481
shared,1,thrashing,SecondChance,LocalAllocation,456,4,488000,{'interleave': 'random'},0.488
shared,2,thrashing,SecondChance,LocalAllocation,456,4,2391200,{'interleave': 'random'},2.3912
shared,3,thrashing,SecondChance,LocalAllocation,456,4,2384000,{'interleave': 'random'},2.384
shared_total,,thrashing,SecondChance,LocalAllocation,456,5,9111800,{'interleave': 'random'},9.1118
shared,0,thrashing,SecondChance,LocalAllocation,456,5,658100,{'interleave': 'random'},0.6581
shared,1,thrashing,SecondChance,LocalAllocation,456,5,692300,{'interleave': 'random'},0.6923
shared,2,thrashing,SecondChance,LocalAllocation,456,5,3252700,{'interleave': 'random'},3.2527
shared,3,thrashing,SecondChance,LocalAllocation,456,5,3415700,{'interleave': 'random'},3.4157
shared_total,,thrashing,SecondChance,LocalAllocation,456,6,6797200,{'interleave': 'random'},6.7972
shared,0,thrashing,SecondChance,LocalAllocation,456,6,509000,{'interleave': 'random'},0.509
shared,1,thrashing,SecondChance,LocalAllocation,456,6,518600,{'interleave': 'random'},0.5186
shared,2,thrashing,SecondChance,LocalAllocation,456,6,2502200,{'interleave': 'random'},2.5022
shared,3,thrashing,SecondChance,LocalAllocation,456,6,2508700,{'interleave': 'random'},2.5087
shared_total,,thrashing,SecondChance,LocalAllocation,456,7,6875400,{'interleave': 'random'},6.8754
shared,0,thrashing,SecondChance,LocalAllocation,456,7,508400,{'interleave': 'random'},0.5084
shared,1,thrashing,SecondChance,LocalAllocation,456,7,518100,{'interleave': 'random'},0.5181
shared,2,thrashing,SecondChance,LocalAllocation,456,7,2520800,{'interleave': 'random'},2.5208
shared,3,thrashing,SecondChance,LocalAllocation,456,7,2575300,{'interleave': 'random'},2.5753
shared_total,,thrashing,SecondChance,LocalAllocation,456,8,6401000,{'interleave': 'random'},6.401
shared,0,thrashing,SecondChance,LocalAllocation,456,8,472200,{'interleave': 'random'},0.4722
shared,1,thrashing,SecondChance,LocalAllocation,456,8,482500,{'interleave': 'random'},0.4825
shared,2,thrashing,SecondChance,LocalAllocation,456,8,2376300,{'interleave': 'random'},2.3763
shared,3,thrashing,SecondChance,LocalAllocation,456,8,2372800,{'interleave': 'random'},2.3728
shared_total,,thrashing,SecondChance,LocalAllocation,456,9,6482300,{'interleave': 'random'},6.4823
shared,0,thrashing,SecondChance,LocalAllocation,456,9,485000,{'interleave': 'random'},0.485
shared,1,thrashing,SecondChance,LocalAllocation,456,9,488000,{'interleave': 'random'},0.488
shared,2,thrashing,SecondChance,LocalAllocation,456,9,2398200,{'interleave': 'random'},2.3982
shared,3,thrashing,SecondChance,LocalAllocation,456,9,2398600,{'interleave': 'random'},2.3986
shared_total,,thrashing,SecondChance,ProportionalAllocation,456,0,2541400,{'interleave': 'random'},2.5414
shared,0,thrashing,SecondChance,ProportionalAllocation,456,0,449900,{'interleave': 'random'},0.4499
shared,1,thrashing,SecondChance,ProportionalAllocation,456,0,457200,{'interleave': 'random'},0.4572
shared,2,thrashing,SecondChance,ProportionalAllocation,456,0,472700,{'interleave': 'random'},0.4727
shared,3,thrashing,SecondChance,ProportionalAllocation,456,0,483500,{'interleave': 'random'},0.4835
shared_total,,thrashing,SecondChance,ProportionalAllocation,456,1,2642300,{'interleave': 'random'},2.6423
shared,0,thrashing,SecondChance,ProportionalAllocation,456,1,477200,{'interleave': 'random'},0.4772
shared,1,thrashing,SecondChance,ProportionalAllocation,456,1,499100,{'interleave': 'random'},0.4991
shared,2,thrashing,SecondChance,ProportionalAllocation,456,1,485300,{'interleave': 'random'},0.4853
shared,3,thrashing,SecondChance,ProportionalAllocation,456,1,492500,{'interleave': 'random'},0.4925
shared_total,,thrashing,SecondChance,ProportionalAllocation,456,2,2529900,{'interleave': 'random'},2.5299
shared,0,thrashing,SecondChance,ProportionalAllocation,456,2,451900,{'interleave': 'random'},0.4519
shared,1,thrashing,SecondChance,ProportionalAllocation,456,2,458400,{'interleave': 'random'},0.4584
shared,2,thrashing,SecondChance,ProportionalAllocation,456,2,472700,{'interleave': 'random'},0.4727
shared,3,thrashing,SecondChance,ProportionalAllocation,456,2,486700,{'interleave': 'random'},0.4867
shared_total,,thrashing,SecondChance,ProportionalAllocation,456,3,2487300,{'interleave': 'random'},2.4873
shared,0,thrashing,SecondChance,ProportionalAllocation,456,3,444700,{'interleave': 'random'},0.4447
shared,1,thrashing,SecondChance,ProportionalAllocation,456,3,455600,{'interleave': 'random'},0.4556
shared,2,thrashing,SecondChance,ProportionalAllocation,456,3,468500,{'interleave': 'random'},0.4685
shared,3,thrashing,SecondChance,ProportionalAllocation,456,3,478800,{'interleave': 'random'},0.4788
shared_total,,thrashing,SecondChance,ProportionalAllocation,456,4,2540300,{'interleave': 'random'},2.5403
shared,0,thrashing,SecondChance,ProportionalAllocation,456,4,457800,{'interleave': 'random'},0.4578
shared,1,thrashing,SecondChance,ProportionalAllocation,456,4,468600,{'interleave': 'random'},0.4686
shared,2,thrashing,SecondChance,ProportionalAllocation,456,4,479900,{'interleave': 'random'},0.4799
shared,3,thrashing,SecondChance,ProportionalAllocation,456,4,489500,{'interleave': 'random'},0.4895
shared_total,,thrashing,SecondChance,ProportionalAllocation,456,5,2487000,{'interleave': 'random'},2.487
shared,0,thrashing,SecondChance,ProportionalAllocation,456,5,447600,{'interleave': 'random'},0.4476
shared,1,thrashing,SecondChance,ProportionalAllocation,456,5,456000,{'interleave': 'random'},0.456
shared,2,thrashing,SecondChance,ProportionalAllocation,456,5,467400,{'interleave': 'random'},0.4674
shared,3,thrashing,SecondChance,ProportionalAllocation,456,5,479000,{'interleave': 'random'},0.479
shared_total,,thrashing,SecondChance,ProportionalAllocation,456,6,2513000,{'interleave': 'random'},2.513
shared,0,thrashing,SecondChance,ProportionalAllocation,456,6,444700,{'interleave': 'random'},0.4447
shared,1,thrashing,SecondChance,ProportionalAllocation,456,6,457500,{'interleave': 'random'},0.4575
shared,2,thrashing,SecondChance,ProportionalAllocation,456,6,467600,{'interleave': 'random'},0.4676
shared,3,thrashing,SecondChance,ProportionalAllocation,456,6,482700,{'interleave': 'random'},0.4827
shared_total,,thrashing,SecondChance,ProportionalAllocation,456,7,2570700,{'interleave': 'random'},2.5707
shared,0,thrashing,SecondChance,ProportionalAllocation,456,7,454300,{'interleave': 'random'},0.4543
shared,1,thrashing,SecondChance,ProportionalAllocation,456,7,460300,{'interleave': 'random'},0.4603
shared,2,thrashing,SecondChance,ProportionalAllocation,456,7,477500,{'interleave': 'random'},0.4775
shared,3,thrashing,SecondChance,ProportionalAllocation,456,7,483700,{'interleave': 'random'},0.4837
shared_total,,thrashing,SecondChance,ProportionalAllocation,456,8,2571000,{'interleave': 'random'},2.571
shared,0,thrashing,SecondChance,ProportionalAllocation,456,8,465500,{'interleave': 'random'},0.4655
shared,1,thrashing,SecondChance,ProportionalAllocation,456,8,474700,{'interleave': 'random'},0.4747
shared,2,thrashing,SecondChance,ProportionalAllocation,456,8,489500,{'interleave': 'random'},0.4895
shared,3,thrashing,SecondChance,ProportionalAllocation,456,8,495000,{'interleave': 'random'},0.495
shared_total,,thrashing,SecondChance,ProportionalAllocation,456,9,2540800,{'interleave': 'random'},2.5408
shared,0,thrashing,SecondChance,ProportionalAllocation,456,9,459100,{'interleave': 'random'},0.4591
shared,1,thrashing,SecondChance,ProportionalAllocation,456,9,460700,{'interleave': 'random'},0.4607
shared,2,thrashing,SecondChance,ProportionalAllocation,456,9,469900,{'interleave': 'random'},0.4699
shared,3,thrashing,SecondChance,ProportionalAllocation,456,9,485400,{'interleave': 'random'},0.4854
shared_total,,thrashing,WSClock,GlobalAllocation,456,0,4158100,{'interleave': 'random'},4.1581
shared,0,thrashing,WSClock,GlobalAllocation,456,0,731000,{'interleave': 'random'},0.731
shared,1,thrashing,WSClock,GlobalAllocation,456,0,848400,{'interleave': 'random'},0.8484
shared,2,thrashing,WSClock,GlobalAllocation,456,0,931800,{'interleave': 'random'},0.9318
shared,3,thrashing,WSClock,GlobalAllocation,456,0,952700,{'interleave': 'random'},0.9527
shared_total,,thrashing,WSClock,GlobalAllocation,456,1,4128400,{'interleave': 'random'},4.1284
shared,0,thrashing,WSClock,GlobalAllocation,456,1,720300,{'interleave': 'random'},0.7203
shared,1,thrashing,WSClock,GlobalAllocation,456,1,859600,{'interleave': 'random'},0.8596
shared,2,thrashing,WSClock,GlobalAllocation,456,1,910200,{'interleave': 'random'},0.9102
shared,3,thrashing,WSClock,GlobalAllocation,456,1,966800,{'interleave': 'random'},0.9668
shared_total,,thrashing,WSClock,GlobalAllocation,456,2,5477600,{'interleave': 'random'},5.4776
shared,0,thrashing,WSClock,GlobalAllocation,456,2,941400,{'interleave': 'random'},0.9414
shared,1,thrashing,WSClock,GlobalAllocation,456,2,1157500,{'interleave': 'random'},1.1575
shared,2,thrashing,WSClock,GlobalAllocation,456,2,1239700,{'interleave': 'random'},1.2397
shared,3,thrashing,WSClock,GlobalAllocation,456,2,1284200,{'interleave': 'random'},1.2842
shared_total,,thrashing,WSClock,GlobalAllocation,456,3,4106100,{'interleave': 'random'},4.1061
shared,0,thrashing,WSClock,GlobalAllocation,456,3,743000,{'interleave': 'random'},0.743
shared,1,thrashing,WSClock,GlobalAllocation,456,3,835500,{'interleave': 'random'},0.8355
shared,2,thrashing,WSClock,GlobalAllocation,456,3,953600,{'interleave': 'random'},0.9536
shared,3,thrashing,WSClock,GlobalAllocation,456,3,914400,{'interleave': 'random'},0.9144
shared_total,,thrashing,WSClock,GlobalAllocation,456,4,4086900,{'interleave': 'random'},4.0869
shared,0,thrashing,WSClock,GlobalAllocation,456,4,736700,{'interleave': 'random'},0.7367
shared,1,thrashing,WSClock,GlobalAllocation,456,4,854800,{'interleave': 'random'},0.8548
shared,2,thrashing,WSClock,GlobalAllocation,456,4,904900,{'interleave': 'random'},0.9049
shared,3,thrashing,WSClock,GlobalAllocation,456,4,939500,{'interleave': 'random'},0.9395
shared_total,,thrashing,WSClock,GlobalAllocation,456,5,4106200,{'interleave': 'random'},4.1062
shared,0,thrashing,WSClock,GlobalAllocation,456,5,731400,{'interleave': 'random'},0.7314
shared,1,thrashing,WSClock,GlobalAllocation,456,5,829800,{'interleave': 'random'},0.8298
shared,2,thrashing,WSClock,GlobalAllocation,456,5,908000,{'interleave': 'random'},0.908
shared,3,thrashing,WSClock,GlobalAllocation,456,5,962300,{'interleave': 'random'},0.9623
shared_total,,thrashing,WSClock,GlobalAllocation,456,6,4104200,{'interleave': 'random'},4.1042
shared,0,thrashing,WSClock,GlobalAllocation,456,6,732300,{'interleave': 'random'},0.7323
shared,1,thrashing,WSClock,GlobalAllocation,456,6,880100,{'interleave': 'random'},0.8801
shared,2,thrashing,WSClock,GlobalAllocation,456,6,878700,{'interleave': 'random'},0.8787
shared,3,thrashing,WSClock,GlobalAllocation,456,6,955300,{'interleave': 'random'},0.9553
shared_total,,thrashing,WSClock,GlobalAllocation,456,7,3697600,{'interleave': 'random'},3.6976
shared,0,thrashing,WSClock,GlobalAllocation,456,7,669100,{'interleave': 'random'},0.6691
shared,1,thrashing,WSClock,GlobalAllocation,456,7,762700,{'interleave': 'random'},0.7627
shared,2,thrashing,WSClock,GlobalAllocation,456,7,808000,{'interleave': 'random'},0.808
shared,3,thrashing,WSClock,GlobalAllocation,456,7,866800,{'interleave': 'random'},0.8668
shared_total,,thrashing,WSClock,GlobalAllocation,456,8,4064100,{'interleave': 'random'},4.0641
shared,0,thrashing,WSClock,GlobalAllocation,456,8,719800,{'interleave': 'random'},0.7198
shared,1,thrashing,WSClock,GlobalAllocation,456,8,850700,{'interleave': 'random'},0.8507
shared,2,thrashing,WSClock,GlobalAllocation,456,8,880700,{'interleave': 'random'},0.8807
shared,3,thrashing,WSClock,GlobalAllocation,456,8,954100,{'interleave': 'random'},0.9541
shared_total,,thrashing,WSClock,GlobalAllocation,456,9,4072000,{'interleave': 'random'},4.072
shared,0,thrashing,WSClock,GlobalAllocation,456,9,709800,{'interleave': 'random'},0.7098
shared,1,thrashing,WSClock,GlobalAllocation,456,9,892000,{'interleave': 'random'},0.892
shared,2,thrashing,WSClock,GlobalAllocation,456,9,895600,{'interleave': 'random'},0.8956
shared,3,thrashing,WSClock,GlobalAllocation,456,9,916800,{'interleave': 'random'},0.9168
shared_total,,thrashing,WSClock,LocalAllocation,456,0,22306800,{'interleave': 'random'},22.3068
shared,0,thrashing,WSClock,LocalAllocation,456,0,476400,{'interleave': 'random'},0.4764
shared,1,thrashing,WSClock,LocalAllocation,456,0,494400,{'interleave': 'random'},0.4944
shared,2,thrashing,WSClock,LocalAllocation,456,0,7622700,{'interleave': 'random'},7.6227
shared,3,thrashing,WSClock,LocalAllocation,456,0,12956600,{'interleave': 'random'},12.9566
shared_total,,thrashing,WSClock,LocalAllocation,456,1,23415100,{'interleave': 'random'},23.4151
shared,0,thrashing,WSClock,LocalAllocation,456,1,465000,{'interleave': 'random'},0.465
shared,1,thrashing,WSClock,LocalAllocation,456,1,491900,{'interleave': 'random'},0.4919
shared,2,thrashing,WSClock,LocalAllocation,456,1,8760400,{'interleave': 'random'},8.7604
shared,3,thrashing,WSClock,LocalAllocation,456,1,12946300,{'interleave': 'random'},12.9463
shared_total,,thrashing,WSClock,LocalAllocation,456,2,22694400,{'interleave': 'random'},22.6944
shared,0,thrashing,WSClock,LocalAllocation,456,2,469300,{'interleave': 'random'},0.4693
shared,1,thrashing,WSClock,LocalAllocation,456,2,476500,{'interleave': 'random'},0.4765
shared,2,thrashing,WSClock,LocalAllocation,456,2,7820900,{'interleave': 'random'},7.8209
shared,3,thrashing,WSClock,LocalAllocation,456,2,13198800,{'interleave': 'random'},13.1988
shared_total,,thrashing,WSClock,LocalAllocation,456,3,26109000,{'interleave': 'random'},26.109
shared,0,thrashing,WSClock,LocalAllocation,456,3,628600,{'interleave': 'random'},0.6286
shared,1,thrashing,WSClock,LocalAllocation,456,3,650400,{'interleave': 'random'},0.6504
shared,2,thrashing,WSClock,LocalAllocation,456,3,8268200,{'interleave': 'random'},8.2682
shared,3,thrashing,WSClock,LocalAllocation,456,3,15554300,{'interleave': 'random'},15.5543
shared_total,,thrashing,WSClock,LocalAllocation,456,4,24438800,{'interleave': 'random'},24.4388
shared,0,thrashing,WSClock,LocalAllocation,456,4,457800,{'interleave': 'random'},0.4578
shared,1,thrashing,WSClock,LocalAllocation,456,4,473600,{'interleave': 'random'},0.4736
shared,2,thrashing,WSClock,LocalAllocation,456,4,8554600,{'interleave': 'random'},8.5546
shared,3,thrashing,WSClock,LocalAllocation,456,4,14214600,{'interleave': 'random'},14.2146
shared_total,,thrashing,WSClock,LocalAllocation,456,5,21703000,{'interleave': 'random'},21.703
shared,0,thrashing,WSClock,LocalAllocation,456,5,466200,{'interleave': 'random'},0.4662
shared,1,thrashing,WSClock,LocalAllocation,456,5,470700,{'interleave': 'random'},0.4707
shared,2,thrashing,WSClock,LocalAllocation,456,5,8591500,{'interleave': 'random'},8.5915
shared,3,thrashing,WSClock,LocalAllocation,456,5,11451800,{'interleave': 'random'},11.4518
shared_total,,thrashing,WSClock,LocalAllocation,456,6,24349900,{'interleave': 'random'},24.3499
shared,0,thrashing,WSClock,LocalAllocation,456,6,456100,{'interleave': 'random'},0.4561
shared,1,thrashing,WSClock,LocalAllocation,456,6,469200,{'interleave': 'random'},0.4692
shared,2,thrashing,WSClock,LocalAllocation,456,6,7796600,{'interleave': 'random'},7.7966
shared,3,thrashing,WSClock,LocalAllocation,456,6,14890200,{'interleave': 'random'},14.8902
shared_total,,thrashing,WSClock,LocalAllocation,456,7,23268500,{'interleave': 'random'},23.2685
shared,0,thrashing,WSClock,LocalAllocation,456,7,474200,{'interleave': 'random'},0.4742
shared,1,thrashing,WSClock,LocalAllocation,456,7,482400,{'interleave': 'random'},0.4824
shared,2,thrashing,WSClock,LocalAllocation,456,7,8195700,{'interleave': 'random'},8.1957
shared,3,thrashing,WSClock,LocalAllocation,456,7,13353100,{'interleave': 'random'},13.3531
shared_total,,thrashing,WSClock,LocalAllocation,456,8,23831400,{'interleave': 'random'},23.8314
shared,0,thrashing,WSClock,LocalAllocation,456,8,470700,{'interleave': 'random'},0.4707
shared,1,thrashing,WSClock,LocalAllocation,456,8,470000,{'interleave': 'random'},0.47
shared,2,thrashing,WSClock,LocalAllocation,456,8,7751600,{'interleave': 'random'},7.7516
shared,3,thrashing,WSClock,LocalAllocation,456,8,14393600,{'interleave': 'random'},14.3936
shared_total,,thrashing,WSClock,LocalAllocation,456,9,31314400,{'interleave': 'random'},31.3144
shared,0,thrashing,WSClock,LocalAllocation,456,9,610200,{'interleave': 'random'},0.6102
shared,1,thrashing,WSClock,LocalAllocation,456,9,605700,{'interleave': 'random'},0.6057
shared,2,thrashing,WSClock,LocalAllocation,456,9,9174800,{'interleave': 'random'},9.1748
shared,3,thrashing,WSClock,LocalAllocation,456,9,19984200,{'interleave': 'random'},19.9842
shared_total,,thrashing,WSClock,ProportionalAllocation,456,0,2534900,{'interleave': 'random'},2.5349
shared,0,thrashing,WSClock,ProportionalAllocation,456,0,446000,{'interleave': 'random'},0.446
shared,1,thrashing,WSClock,ProportionalAllocation,456,0,454300,{'interleave': 'random'},0.4543
shared,2,thrashing,WSClock,ProportionalAllocation,456,0,469200,{'interleave': 'random'},0.4692
shared,3,thrashing,WSClock,ProportionalAllocation,456,0,480400,{'interleave': 'random'},0.4804
shared_total,,thrashing,WSClock,ProportionalAllocation,456,1,2592400,{'interleave': 'random'},2.5924
shared,0,thrashing,WSClock,ProportionalAllocation,456,1,462700,{'interleave': 'random'},0.4627
shared,1,thrashing,WSClock,ProportionalAllocation,456,1,477600,{'interleave': 'random'},0.4776
shared,2,thrashing,WSClock,ProportionalAllocation,456,1,483200,{'interleave': 'random'},0.4832
shared,3,thrashing,WSClock,ProportionalAllocation,456,1,494500,{'interleave': 'random'},0.4945
shared_total,,thrashing,WSClock,ProportionalAllocation,456,2,2532100,{'interleave': 'random'},2.5321
shared,0,thrashing,WSClock,ProportionalAllocation,456,2,461100,{'interleave': 'random'},0.4611
shared,1,thrashing,WSClock,ProportionalAllocation,456,2,461600,{'interleave': 'random'},0.4616
shared,2,thrashing,WSClock,ProportionalAllocation,456,2,472100,{'interleave': 'random'},0.4721
shared,3,thrashing,WSClock,ProportionalAllocation,456,2,482100,{'interleave': 'random'},0.4821
shared_total,,thrashing,WSClock,ProportionalAllocation,456,3,2520000,{'interleave': 'random'},2.52
shared,0,thrashing,WSClock,ProportionalAllocation,456,3,450400,{'interleave': 'random'},0.4504
shared,1,thrashing,WSClock,ProportionalAllocation,456,3,457500,{'interleave': 'random'},0.4575
shared,2,thrashing,WSClock,ProportionalAllocation,456,3,473100,{'interleave': 'random'},0.4731
shared,3,thrashing,WSClock,ProportionalAllocation,456,3,482200,{'interleave': 'random'},0.4822
shared_total,,thrashing,WSClock,ProportionalAllocation,456,4,2478500,{'interleave': 'random'},2.4785
shared,0,thrashing,WSClock,ProportionalAllocation,456,4,442200,{'interleave': 'random'},0.4422
shared,1,thrashing,WSClock,ProportionalAllocation,456,4,454600,{'interleave': 'random'},0.4546
shared,2,thrashing,WSClock,ProportionalAllocation,456,4,468800,{'interleave': 'random'},0.4688
shared,3,thrashing,WSClock,ProportionalAllocation,456,4,472400,{'interleave': 'random'},0.4724
shared_total,,thrashing,WSClock,ProportionalAllocation,456,5,2460100,{'interleave': 'random'},2.4601
shared,0,thrashing,WSClock,ProportionalAllocation,456,5,436000,{'interleave': 'random'},0.436
shared,1,thrashing,WSClock,ProportionalAllocation,456,5,447600,{'interleave': 'random'},0.4476
shared,2,thrashing,WSClock,ProportionalAllocation,456,5,468900,{'interleave': 'random'},0.4689
shared,3,thrashing,WSClock,ProportionalAllocation,456,5,466000,{'interleave': 'random'},0.466
shared_total,,thrashing,WSClock,ProportionalAllocation,456,6,2531800,{'interleave': 'random'},2.5318
shared,0,thrashing,WSClock,ProportionalAllocation,456,6,446000,{'interleave': 'random'},0.446
shared,1,thrashing,WSClock,ProportionalAllocation,456,6,464200,{'interleave': 'random'},0.4642
shared,2,thrashing,WSClock,ProportionalAllocation,456,6,474100,{'interleave': 'random'},0.4741
shared,3,thrashing,WSClock,ProportionalAllocation,456,6,488500,{'interleave': 'random'},0.4885
shared_total,,thrashing,WSClock,ProportionalAllocation,456,7,2543300,{'interleave': 'random'},2.5433
shared,0,thrashing,WSClock,ProportionalAllocation,456,7,450900,{'interleave': 'random'},0.4509
shared,1,thrashing,WSClock,ProportionalAllocation,456,7,459500,{'interleave': 'random'},0.4595
shared,2,thrashing,WSClock,ProportionalAllocation,456,7,473900,{'interleave': 'random'},0.4739
shared,3,thrashing,WSClock,ProportionalAllocation,456,7,488900,{'interleave': 'random'},0.4889
shared_total,,thrashing,WSClock,ProportionalAllocation,456,8,2530200,{'interleave': 'random'},2.5302
shared,0,thrashing,WSClock,ProportionalAllocation,456,8,449200,{'interleave': 'random'},0.4492
shared,1,thrashing,WSClock,ProportionalAllocation,456,8,455900,{'interleave': 'random'},0.4559
shared,2,thrashing,WSClock,ProportionalAllocation,456,8,470800,{'interleave': 'random'},0.4708
shared,3,thrashing,WSClock,ProportionalAllocation,456,8,482100,{'interleave': 'random'},0.4821
shared_total,,thrashing,WSClock,ProportionalAllocation,456,9,2503600,{'interleave': 'random'},2.5036
shared,0,thrashing,WSClock,ProportionalAllocation,456,9,451300,{'interleave': 'random'},0.4513
shared,1,thrashing,WSClock,ProportionalAllocation,456,9,455100,{'interleave': 'random'},0.4551
shared,2,thrashing,WSClock,ProportionalAllocation,456,9,465700,{'interleave': 'random'},0.4657
shared,3,thrashing,WSClock,ProportionalAllocation,456,9,479300,{'interleave': 'random'},0.4793
shared_total,,thrashing,FIFO,GlobalAllocation,547,0,2908400,{'interleave': 'random'},2.9084
shared,0,thrashing,FIFO,GlobalAllocation,547,0,499700,{'interleave': 'random'},0.4997
shared,1,thrashing,FIFO,GlobalAllocation,547,0,569900,{'interleave': 'random'},0.5699
shared,2,thrashing,FIFO,GlobalAllocation,547,0,585900,{'interleave': 'random'},0.5859
shared,3,thrashing,FIFO,GlobalAllocation,547,0,586500,{'interleave': 'random'},0.5865
shared_total,,thrashing,FIFO,GlobalAllocation,547,1,2857400,{'interleave': 'random'},2.8574
shared,0,thrashing,FIFO,GlobalAllocation,547,1,490500,{'interleave': 'random'},0.4905
shared,1,thrashing,FIFO,GlobalAllocation,547,1,561700,{'interleave': 'random'},0.5617
shared,2,thrashing,FIFO,GlobalAllocation,547,1,578900,{'interleave': 'random'},0.5789
shared,3,thrashing,FIFO,GlobalAllocation,547,1,568300,{'interleave': 'random'},0.5683
shared_total,,thrashing,FIFO,GlobalAllocation,547,2,2980100,{'interleave': 'random'},2.9801
shared,0,thrashing,FIFO,GlobalAllocation,547,2,503500,{'interleave': 'random'},0.5035
shared,1,thrashing,FIFO,GlobalAllocation,547,2,578300,{'interleave': 'random'},0.5783
shared,2,thrashing,FIFO,GlobalAllocation,547,2,587000,{'interleave': 'random'},0.587
shared,3,thrashing,FIFO,GlobalAllocation,547,2,604300,{'interleave': 'random'},0.6043
shared_total,,thrashing,FIFO,GlobalAllocation,547,3,2858200,{'interleave': 'random'},2.8582
shared,0,thrashing,FIFO,GlobalAllocation,547,3,492700,{'interleave': 'random'},0.4927
shared,1,thrashing,FIFO,GlobalAllocation,547,3,557900,{'interleave': 'random'},0.5579
shared,2,thrashing,FIFO,GlobalAllocation,547,3,577800,{'interleave': 'random'},0.5778
shared,3,thrashing,FIFO,GlobalAllocation,547,3,570400,{'interleave': 'random'},0.5704
shared_total,,thrashing,FIFO,GlobalAllocation,547,4,2832400,{'interleave': 'random'},2.8324
shared,0,thrashing,FIFO,GlobalAllocation,547,4,483900,{'interleave': 'random'},0.4839
shared,1,thrashing,FIFO,GlobalAllocation,547,4,559500,{'interleave': 'random'},0.5595
shared,2,thrashing,FIFO,GlobalAllocation,547,4,559200,{'interleave': 'random'},0.5592
shared,3,thrashing,FIFO,GlobalAllocation,547,4,572100,{'interleave': 'random'},0.5721
shared_total,,thrashing,FIFO,GlobalAllocation,547,5,2834200,{'interleave': 'random'},2.8342
shared,0,thrashing,FIFO,GlobalAllocation,547,5,483800,{'interleave': 'random'},0.4838
shared,1,thrashing,FIFO,GlobalAllocation,547,5,566200,{'interleave': 'random'},0.5662
shared,2,thrashing,FIFO,GlobalAllocation,547,5,564900,{'interleave': 'random'},0.5649
shared,3,thrashing,FIFO,GlobalAllocation,547,5,568500,{'interleave': 'random'},0.5685
shared_total,,thrashing,FIFO,GlobalAllocation,547,6,2827700,{'interleave': 'random'},2.8277
shared,0,thrashing,FIFO,GlobalAllocation,547,6,487000,{'interleave': 'random'},0.487
shared,1,thrashing,FIFO,GlobalAllocation,547,6,559300,{'interleave': 'random'},0.5593
shared,2,thrashing,FIFO,GlobalAllocation,547,6,559300,{'interleave': 'random'},0.5593
shared,3,thrashing,FIFO,GlobalAllocation,547,6,570300,{'interleave': 'random'},0.5703
shared_total,,thrashing,FIFO,GlobalAllocation,547,7,2843800,{'interleave': 'random'},2.8438
shared,0,thrashing,FIFO,GlobalAllocation,547,7,493800,{'interleave': 'random'},0.4938
shared,1,thrashing,FIFO,GlobalAllocation,547,7,556500,{'interleave': 'random'},0.5565
shared,2,thrashing,FIFO,GlobalAllocation,547,7,568800,{'interleave': 'random'},0.5688
shared,3,thrashing,FIFO,GlobalAllocation,547,7,573100,{'interleave': 'random'},0.5731
shared_total,,thrashing,FIFO,GlobalAllocation,547,8,2857500,{'interleave': 'random'},2.8575
shared,0,thrashing,FIFO,GlobalAllocation,547,8,501600,{'interleave': 'random'},0.5016
shared,1,thrashing,FIFO,GlobalAllocation,547,8,561200,{'interleave': 'random'},0.5612
shared,2,thrashing,FIFO,GlobalAllocation,547,8,564600,{'interleave': 'random'},0.5646
shared,3,thrashing,FIFO,GlobalAllocation,547,8,576000,{'interleave': 'random'},0.576
shared_total,,thrashing,FIFO,GlobalAllocation,547,9,2872400,{'interleave': 'random'},2.8724
shared,0,thrashing,FIFO,GlobalAllocation,547,9,494400,{'interleave': 'random'},0.4944
shared,1,thrashing,FIFO,GlobalAllocation,547,9,570000,{'interleave': 'random'},0.57
shared,2,thrashing,FIFO,GlobalAllocation,547,9,567200,{'interleave': 'random'},0.5672
shared,3,thrashing,FIFO,GlobalAllocation,547,9,581000,{'interleave': 'random'},0.581
shared_total,,thrashing,FIFO,LocalAllocation,547,0,1994300,{'interleave': 'random'},1.9943
shared,0,thrashing,FIFO,LocalAllocation,547,0,337000,{'interleave': 'random'},0.337
shared,1,thrashing,FIFO,LocalAllocation,547,0,342100,{'interleave': 'random'},0.3421
shared,2,thrashing,FIFO,LocalAllocation,547,0,349000,{'interleave': 'random'},0.349
shared,3,thrashing,FIFO,LocalAllocation,547,0,348400,{'interleave': 'random'},0.3484
shared_total,,thrashing,FIFO,LocalAllocation,547,1,2011400,{'interleave': 'random'},2.0114
shared,0,thrashing,FIFO,LocalAllocation,547,1,344800,{'interleave': 'random'},0.3448
shared,1,thrashing,FIFO,LocalAllocation,547,1,349600,{'interleave': 'random'},0.3496
shared,2,thrashing,FIFO,LocalAllocation,547,1,349600,{'interleave': 'random'},0.3496
shared,3,thrashing,FIFO,LocalAllocation,547,1,352700,{'interleave': 'random'},0.3527
shared_total,,thrashing,FIFO,LocalAllocation,547,2,2050700,{'interleave': 'random'},2.0507
shared,0,thrashing,FIFO,LocalAllocation,547,2,342700,{'interleave': 'random'},0.3427
shared,1,thrashing,FIFO,LocalAllocation,547,2,353000,{'interleave': 'random'},0.353
shared,2,thrashing,FIFO,LocalAllocation,547,2,350400,{'interleave': 'random'},0.3504
shared,3,thrashing,FIFO,LocalAllocation,547,2,355300,{'interleave': 'random'},0.3553
shared_total,,thrashing,FIFO,LocalAllocation,547,3,2029300,{'interleave': 'random'},2.0293
shared,0,thrashing,FIFO,LocalAllocation,547,3,344800,{'interleave': 'random'},0.3448
shared,1,thrashing,FIFO,LocalAllocation,547,3,348700,{'interleave': 'random'},0.3487
shared,2,thrashing,FIFO,LocalAllocation,547,3,353100,{'interleave': 'random'},0.3531
shared,3,thrashing,FIFO,LocalAllocation,547,3,358500,{'interleave': 'random'},0.3585
shared_total,,thrashing,FIFO,LocalAllocation,547,4,1975500,{'interleave': 'random'},1.9755
shared,0,thrashing,FIFO,LocalAllocation,547,4,337600,{'interleave': 'random'},0.3376
shared,1,thrashing,FIFO,LocalAllocation,547,4,339900,{'interleave': 'random'},0.3399
shared,2,thrashing,FIFO,LocalAllocation,547,4,343700,{'interleave': 'random'},0.3437
shared,3,thrashing,FIFO,LocalAllocation,547,4,345900,{'interleave': 'random'},0.3459
shared_total,,thrashing,FIFO,LocalAllocation,547,5,1975300,{'interleave': 'random'},1.9753
shared,0,thrashing,FIFO,LocalAllocation,547,5,336900,{'interleave': 'random'},0.3369
shared,1,thrashing,FIFO,LocalAllocation,547,5,341100,{'interleave': 'random'},0.3411
shared,2,thrashing,FIFO,LocalAllocation,547,5,345800,{'interleave': 'random'},0.3458
shared,3,thrashing,FIFO,LocalAllocation,547,5,347200,{'interleave': 'random'},0.3472
shared_total,,thrashing,FIFO,LocalAllocation,547,6,1977900,{'interleave': 'random'},1.9779
shared,0,thrashing,FIFO,LocalAllocation,547,6,338300,{'interleave': 'random'},0.3383
shared,1,thrashing,FIFO,LocalAllocation,547,6,339600,{'interleave': 'random'},0.3396
shared,2,thrashing,FIFO,LocalAllocation,547,6,347700,{'interleave': 'random'},0.3477
shared,3,thrashing,FIFO,LocalAllocation,547,6,348600,{'interleave': 'random'},0.3486
shared_total,,thrashing,FIFO,LocalAllocation,547,7,1999100,{'interleave': 'random'},1.9991
shared,0,thrashing,FIFO,LocalAllocation,547,7,339500,{'interleave': 'random'},0.3395
shared,1,thrashing,FIFO,LocalAllocation,547,7,343600,{'interleave': 'random'},0.3436
shared,2,thrashing,FIFO,LocalAllocation,547,7,348800,{'interleave': 'random'},0.3488
shared,3,thrashing,FIFO,LocalAllocation,547,7,350100,{'interleave': 'random'},0.3501
shared_total,,thrashing,FIFO,LocalAllocation,547,8,1984100,{'interleave': 'random'},1.9841
shared,0,thrashing,FIFO,LocalAllocation,547,8,335000,{'interleave': 'random'},0.335
shared,1,thrashing,FIFO,LocalAllocation,547,8,341800,{'interleave': 'random'},0.3418
shared,2,thrashing,FIFO,LocalAllocation,547,8,348800,{'interleave': 'random'},0.3488
shared,3,thrashing,FIFO,LocalAllocation,547,8,342900,{'interleave': 'random'},0.3429
shared_total,,thrashing,FIFO,LocalAllocation,547,9,1988300,{'interleave': 'random'},1.9883
shared,0,thrashing,FIFO,LocalAllocation,547,9,340500,{'interleave': 'random'},0.3405
shared,1,thrashing,FIFO,LocalAllocation,547,9,339600,{'interleave': 'random'},0.3396
shared,2,thrashing,FIFO,LocalAllocation,547,9,342800,{'interleave': 'random'},0.3428
shared,3,thrashing,FIFO,LocalAllocation,547,9,348800,{'interleave': 'random'},0.3488
shared_total,,thrashing,FIFO,ProportionalAllocation,547,0,1975800,{'interleave': 'random'},1.9758
shared,0,thrashing,FIFO,ProportionalAllocation,547,0,338600,{'interleave': 'random'},0.3386
shared,1,thrashing,FIFO,ProportionalAllocation,547,0,339300,{'interleave': 'random'},0.3393
shared,2,thrashing,FIFO,ProportionalAllocation,547,0,347800,{'interleave': 'random'},0.3478
shared,3,thrashing,FIFO,ProportionalAllocation,547,0,347100,{'interleave': 'random'},0.3471
shared_total,,thrashing,FIFO,ProportionalAllocation,547,1,1990400,{'interleave': 'random'},1.9904
shared,0,thrashing,FIFO,ProportionalAllocation,547,1,342500,{'interleave': 'random'},0.3425
shared,1,thrashing,FIFO,ProportionalAllocation,547,1,343600,{'interleave': 'random'},0.3436
shared,2,thrashing,FIFO,ProportionalAllocation,547,1,345500,{'interleave': 'random'},0.3455
shared,3,thrashing,FIFO,ProportionalAllocation,547,1,348400,{'interleave': 'random'},0.3484
shared_total,,thrashing,FIFO,ProportionalAllocation,547,2,2034500,{'interleave': 'random'},2.0345
shared,0,thrashing,FIFO,ProportionalAllocation,547,2,340200,{'interleave': 'random'},0.3402
shared,1,thrashing,FIFO,ProportionalAllocation,547,2,352000,{'interleave': 'random'},0.352
shared,2,thrashing,FIFO,ProportionalAllocation,547,2,350600,{'interleave': 'random'},0.3506
shared,3,thrashing,FIFO,ProportionalAllocation,547,2,352700,{'interleave': 'random'},0.3527
shared_total,,thrashing,FIFO,ProportionalAllocation,547,3,2011300,{'interleave': 'random'},2.0113
shared,0,thrashing,FIFO,ProportionalAllocation,547,3,342100,{'interleave': 'random'},0.3421
shared,1,thrashing,FIFO,ProportionalAllocation,547,3,346800,{'interleave': 'random'},0.3468
shared,2,thrashing,FIFO,ProportionalAllocation,547,3,347900,{'interleave': 'random'},0.3479
shared,3,thrashing,FIFO,ProportionalAllocation,547,3,357000,{'interleave': 'random'},0.357
shared_total,,thrashing,FIFO,ProportionalAllocation,547,4,1994200,{'interleave': 'random'},1.9942
shared,0,thrashing,FIFO,ProportionalAllocation,547,4,338400,{'interleave': 'random'},0.3384
shared,1,thrashing,FIFO,ProportionalAllocation,547,4,344100,{'interleave': 'random'},0.3441
shared,2,thrashing,FIFO,ProportionalAllocation,547,4,346900,{'interleave': 'random'},0.3469
shared,3,thrashing,FIFO,ProportionalAllocation,547,4,350800,{'interleave': 'random'},0.3508
shared_total,,thrashing,FIFO,ProportionalAllocation,547,5,2021600,{'interleave': 'random'},2.0216
shared,0,thrashing,FIFO,ProportionalAllocation,547,5,356900,{'interleave': 'random'},0.3569
shared,1,thrashing,FIFO,ProportionalAllocation,547,5,346100,{'interleave': 'random'},0.3461
shared,2,thrashing,FIFO,ProportionalAllocation,547,5,344500,{'interleave': 'random'},0.3445
shared,3,thrashing,FIFO,ProportionalAllocation,547,5,346800,{'interleave': 'random'},0.3468
shared_total,,thrashing,FIFO,ProportionalAllocation,547,6,1979100,{'interleave': 'random'},1.9791
shared,0,thrashing,FIFO,ProportionalAllocation,547,6,333600,{'interleave': 'random'},0.3336
shared,1,thrashing,FIFO,ProportionalAllocation,547,6,342200,{'interleave': 'random'},0.3422
shared,2,thrashing,FIFO,ProportionalAllocation,547,6,347800,{'interleave': 'random'},0.3478
shared,3,thrashing,FIFO,ProportionalAllocation,547,6,351400,{'interleave': 'random'},0.3514
shared_total,,thrashing,FIFO,ProportionalAllocation,547,7,1987900,{'interleave': 'random'},1.9879
shared,0,thrashing,FIFO,ProportionalAllocation,547,7,339100,{'interleave': 'random'},0.3391
shared,1,thrashing,FIFO,ProportionalAllocation,547,7,343100,{'interleave': 'random'},0.3431
shared,2,thrashing,FIFO,ProportionalAllocation,547,7,348100,{'interleave': 'random'},0.3481
shared,3,thrashing,FIFO,ProportionalAllocation,547,7,349400,{'interleave': 'random'},0.3494
shared_total,,thrashing,FIFO,ProportionalAllocation,547,8,4370900,{'interleave': 'random'},4.3709
shared,0,thrashing,FIFO,ProportionalAllocation,547,8,756600,{'interleave': 'random'},0.7566
shared,1,thrashing,FIFO,ProportionalAllocation,547,8,770500,{'interleave': 'random'},0.7705
shared,2,thrashing,FIFO,ProportionalAllocation,547,8,789700,{'interleave': 'random'},0.7897
shared,3,thrashing,FIFO,ProportionalAllocation,547,8,782300,{'interleave': 'random'},0.7823
shared_total,,thrashing,FIFO,ProportionalAllocation,547,9,4371300,{'interleave': 'random'},4.3713
shared,0,thrashing,FIFO,ProportionalAllocation,547,9,765200,{'interleave': 'random'},0.7652
shared,1,thrashing,FIFO,ProportionalAllocation,547,9,765000,{'interleave': 'random'},0.765
shared,2,thrashing,FIFO,ProportionalAllocation,547,9,769900,{'interleave': 'random'},0.7699
shared,3,thrashing,FIFO,ProportionalAllocation,547,9,778500,{'interleave': 'random'},0.7785
shared_total,,thrashing,LRU,GlobalAllocation,547,0,3746300,{'interleave': 'random'},3.7463
shared,0,thrashing,LRU,GlobalAllocation,547,0,697300,{'interleave': 'random'},0.6973
shared,1,thrashing,LRU,GlobalAllocation,547,0,774200,{'interleave': 'random'},0.7742
shared,2,thrashing,LRU,GlobalAllocation,547,0,807300,{'interleave': 'random'},0.8073
shared,3,thrashing,LRU,GlobalAllocation,547,0,799000,{'interleave': 'random'},0.799
shared_total,,thrashing,LRU,GlobalAllocation,547,1,6548400,{'interleave': 'random'},6.5484
shared,0,thrashing,LRU,GlobalAllocation,547,1,1150000,{'interleave': 'random'},1.15
shared,1,thrashing,LRU,GlobalAllocation,547,1,1377400,{'interleave': 'random'},1.3774
shared,2,thrashing,LRU,GlobalAllocation,547,1,1348300,{'interleave': 'random'},1.3483
shared,3,thrashing,LRU,GlobalAllocation,547,1,1350900,{'interleave': 'random'},1.3509
shared_total,,thrashing,LRU,GlobalAllocation,547,2,3744600,{'interleave': 'random'},3.7446
shared,0,thrashing,LRU,GlobalAllocation,547,2,682500,{'interleave': 'random'},0.6825
shared,1,thrashing,LRU,GlobalAllocation,547,2,789200,{'interleave': 'random'},0.7892
shared,2,thrashing,LRU,GlobalAllocation,547,2,799700,{'interleave': 'random'},0.7997
shared,3,thrashing,LRU,GlobalAllocation,547,2,804900,{'interleave': 'random'},0.8049
shared_total,,thrashing,LRU,GlobalAllocation,547,3,3746600,{'interleave': 'random'},3.7466
shared,0,thrashing,LRU,GlobalAllocation,547,3,693300,{'interleave': 'random'},0.6933
shared,1,thrashing,LRU,GlobalAllocation,547,3,778300,{'interleave': 'random'},0.7783
shared,2,thrashing,LRU,GlobalAllocation,547,3,804400,{'interleave': 'random'},0.8044
shared,3,thrashing,LRU,GlobalAllocation,547,3,786600,{'interleave': 'random'},0.7866
shared_total,,thrashing,LRU,GlobalAllocation,547,4,3869400,{'interleave': 'random'},3.8694
shared,0,thrashing,LRU,GlobalAllocation,547,4,702000,{'interleave': 'random'},0.702
shared,1,thrashing,LRU,GlobalAllocation,547,4,812900,{'interleave': 'random'},0.8129
shared,2,thrashing,LRU,GlobalAllocation,547,4,810000,{'interleave': 'random'},0.81
shared,3,thrashing,LRU,GlobalAllocation,547,4,836500,{'interleave': 'random'},0.8365
shared_total,,thrashing,LRU,GlobalAllocation,547,5,3755900,{'interleave': 'random'},3.7559
shared,0,thrashing,LRU,GlobalAllocation,547,5,686400,{'interleave': 'random'},0.6864
shared,1,thrashing,LRU,GlobalAllocation,547,5,799300,{'interleave': 'random'},0.7993
shared,2,thrashing,LRU,GlobalAllocation,547,5,789700,{'interleave': 'random'},0.7897
shared,3,thrashing,LRU,GlobalAllocation,547,5,802700,{'interleave': 'random'},0.8027
shared_total,,thrashing,LRU,GlobalAllocation,547,6,3445500,{'interleave': 'random'},3.4455
shared,0,thrashing,LRU,GlobalAllocation,547,6,632800,{'interleave': 'random'},0.6328
shared,1,thrashing,LRU,GlobalAllocation,547,6,730700,{'interleave': 'random'},0.7307
shared,2,thrashing,LRU,GlobalAllocation,547,6,720500,{'interleave': 'random'},0.7205
shared,3,thrashing,LRU,GlobalAllocation,547,6,746200,{'interleave': 'random'},0.7462
shared_total,,thrashing,LRU,GlobalAllocation,547,7,3708600,{'interleave': 'random'},3.7086
shared,0,thrashing,LRU,GlobalAllocation,547,7,679800,{'interleave': 'random'},0.6798
shared,1,thrashing,LRU,GlobalAllocation,547,7,768900,{'interleave': 'random'},0.7689
shared,2,thrashing,LRU,GlobalAllocation,547,7,791300,{'interleave': 'random'},0.7913
shared,3,thrashing,LRU,GlobalAllocation,547,7,798700,{'interleave': 'random'},0.7987
shared_total,,thrashing,LRU,GlobalAllocation,547,8,3747800,{'interleave': 'random'},3.7478
shared,0,thrashing,LRU,GlobalAllocation,547,8,706400,{'interleave': 'random'},0.7064
shared,1,thrashing,LRU,GlobalAllocation,547,8,782800,{'interleave': 'random'},0.7828
shared,2,thrashing,LRU,GlobalAllocation,547,8,783100,{'interleave': 'random'},0.7831
shared,3,thrashing,LRU,GlobalAllocation,547,8,807100,{'interleave': 'random'},0.8071
shared_total,,thrashing,LRU,GlobalAllocation,547,9,3763900,{'interleave': 'random'},3.7639
shared,0,thrashing,LRU,GlobalAllocation,547,9,683900,{'interleave': 'random'},0.6839
shared,1,thrashing,LRU,GlobalAllocation,547,9,794900,{'interleave': 'random'},0.7949
shared,2,thrashing,LRU,GlobalAllocation,547,9,796200,{'interleave': 'random'},0.7962
shared,3,thrashing,LRU,GlobalAllocation,547,9,804900,{'interleave': 'random'},0.8049
shared_total,,thrashing,LRU,LocalAllocation,547,0,2546800,{'interleave': 'random'},2.5468
shared,0,thrashing,LRU,LocalAllocation,547,0,461500,{'interleave': 'random'},0.4615
shared,1,thrashing,LRU,LocalAllocation,547,0,461100,{'interleave': 'random'},0.4611
shared,2,thrashing,LRU,LocalAllocation,547,0,469700,{'interleave': 'random'},0.4697
shared,3,thrashing,LRU,LocalAllocation,547,0,468900,{'interleave': 'random'},0.4689
shared_total,,thrashing,LRU,LocalAllocation,547,1,2537000,{'interleave': 'random'},2.537
shared,0,thrashing,LRU,LocalAllocation,547,1,457900,{'interleave': 'random'},0.4579
shared,1,thrashing,LRU,LocalAllocation,547,1,465200,{'interleave': 'random'},0.4652
shared,2,thrashing,LRU,LocalAllocation,547,1,465700,{'interleave': 'random'},0.4657
shared,3,thrashing,LRU,LocalAllocation,547,1,466200,{'interleave': 'random'},0.4662
shared_total,,thrashing,LRU,LocalAllocation,547,2,2590300,{'interleave': 'random'},2.5903
shared,0,thrashing,LRU,LocalAllocation,547,2,474700,{'interleave': 'random'},0.4747
shared,1,thrashing,LRU,LocalAllocation,547,2,476500,{'interleave': 'random'},0.4765
shared,2,thrashing,LRU,LocalAllocation,547,2,478000,{'interleave': 'random'},0.478
shared,3,thrashing,LRU,LocalAllocation,547,2,484000,{'interleave': 'random'},0.484
shared_total,,thrashing,LRU,LocalAllocation,547,3,2722000,{'interleave': 'random'},2.722
shared,0,thrashing,LRU,LocalAllocation,547,3,492300,{'interleave': 'random'},0.4923
shared,1,thrashing,LRU,LocalAllocation,547,3,510200,{'interleave': 'random'},0.5102
shared,2,thrashing,LRU,LocalAllocation,547,3,498200,{'interleave': 'random'},0.4982
shared,3,thrashing,LRU,LocalAllocation,547,3,504400,{'interleave': 'random'},0.5044
shared_total,,thrashing,LRU,LocalAllocation,547,4,2582300,{'interleave': 'random'},2.5823
shared,0,thrashing,LRU,LocalAllocation,547,4,476900,{'interleave': 'random'},0.4769
shared,1,thrashing,LRU,LocalAllocation,547,4,485300,{'interleave': 'random'},0.4853
shared,2,thrashing,LRU,LocalAllocation,547,4,479700,{'interleave': 'random'},0.4797
shared,3,thrashing,LRU,LocalAllocation,547,4,487200,{'interleave': 'random'},0.4872
shared_total,,thrashing,LRU,LocalAllocation,547,5,2588700,{'interleave': 'random'},2.5887
shared,0,thrashing,LRU,LocalAllocation,547,5,469900,{'interleave': 'random'},0.4699
shared,1,thrashing,LRU,LocalAllocation,547,5,480900,{'interleave': 'random'},0.4809
shared,2,thrashing,LRU,LocalAllocation,547,5,479800,{'interleave': 'random'},0.4798
shared,3,thrashing,LRU,LocalAllocation,547,5,482400,{'interleave': 'random'},0.4824
shared_total,,thrashing,LRU,LocalAllocation,547,6,2626200,{'interleave': 'random'},2.6262
shared,0,thrashing,LRU,LocalAllocation,547,6,484300,{'interleave': 'random'},0.4843
shared,1,thrashing,LRU,LocalAllocation,547,6,491400,{'interleave': 'random'},0.4914
shared,2,thrashing,LRU,LocalAllocation,547,6,496800,{'interleave': 'random'},0.4968
shared,3,thrashing,LRU,LocalAllocation,547,6,495900,{'interleave': 'random'},0.4959
shared_total,,thrashing,LRU,LocalAllocation,547,7,2613100,{'interleave': 'random'},2.6131
shared,0,thrashing,LRU,LocalAllocation,547,7,489200,{'interleave': 'random'},0.4892
shared,1,thrashing,LRU,LocalAllocation,547,7,489300,{'interleave': 'random'},0.4893
shared,2,thrashing,LRU,LocalAllocation,547,7,498600,{'interleave': 'random'},0.4986
shared,3,thrashing,LRU,LocalAllocation,547,7,494500,{'interleave': 'random'},0.4945
shared_total,,thrashing,LRU,LocalAllocation,547,8,2666100,{'interleave': 'random'},2.6661
shared,0,thrashing,LRU,LocalAllocation,547,8,502700,{'interleave': 'random'},0.5027
shared,1,thrashing,LRU,LocalAllocation,547,8,496800,{'interleave': 'random'},0.4968
shared,2,thrashing,LRU,LocalAllocation,547,8,520700,{'interleave': 'random'},0.5207
shared,3,thrashing,LRU,LocalAllocation,547,8,503000,{'interleave': 'random'},0.503
shared_total,,thrashing,LRU,LocalAllocation,547,9,2630900,{'interleave': 'random'},2.6309
shared,0,thrashing,LRU,LocalAllocation,547,9,473700,{'interleave': 'random'},0.4737
shared,1,thrashing,LRU,LocalAllocation,547,9,494100,{'interleave': 'random'},0.4941
shared,2,thrashing,LRU,LocalAllocation,547,9,480400,{'interleave': 'random'},0.4804
shared,3,thrashing,LRU,LocalAllocation,547,9,479800,{'interleave': 'random'},0.4798
shared_total,,thrashing,LRU,ProportionalAllocation,547,0,3066300,{'interleave': 'random'},3.0663
shared,0,thrashing,LRU,ProportionalAllocation,547,0,568800,{'interleave': 'random'},0.5688
shared,1,thrashing,LRU,ProportionalAllocation,547,0,574300,{'interleave': 'random'},0.5743
shared,2,thrashing,LRU,ProportionalAllocation,547,0,583200,{'interleave': 'random'},0.5832
shared,3,thrashing,LRU,ProportionalAllocation,547,0,576600,{'interleave': 'random'},0.5766
shared_total,,thrashing,LRU,ProportionalAllocation,547,1,2542900,{'interleave': 'random'},2.5429
shared,0,thrashing,LRU,ProportionalAllocation,547,1,464100,{'interleave': 'random'},0.4641
shared,1,thrashing,LRU,ProportionalAllocation,547,1,467300,{'interleave': 'random'},0.4673
shared,2,thrashing,LRU,ProportionalAllocation,547,1,467500,{'interleave': 'random'},0.4675
shared,3,thrashing,LRU,ProportionalAllocation,547,1,470000,{'interleave': 'random'},0.47
shared_total,,thrashing,LRU,ProportionalAllocation,547,2,2563200,{'interleave': 'random'},2.5632
shared,0,thrashing,LRU,ProportionalAllocation,547,2,474000,{'interleave': 'random'},0.474
shared,1,thrashing,LRU,ProportionalAllocation,547,2,471700,{'interleave': 'random'},0.4717
shared,2,thrashing,LRU,ProportionalAllocation,547,2,480100,{'interleave': 'random'},0.4801
shared,3,thrashing,LRU,ProportionalAllocation,547,2,479400,{'interleave': 'random'},0.4794
shared_total,,thrashing,LRU,ProportionalAllocation,547,3,2645000,{'interleave': 'random'},2.645
shared,0,thrashing,LRU,ProportionalAllocation,547,3,489100,{'interleave': 'random'},0.4891
shared,1,thrashing,LRU,ProportionalAllocation,547,3,489600,{'interleave': 'random'},0.4896
shared,2,thrashing,LRU,ProportionalAllocation,547,3,496900,{'interleave': 'random'},0.4969
shared,3,thrashing,LRU,ProportionalAllocation,547,3,495700,{'interleave': 'random'},0.4957
shared_total,,thrashing,LRU,ProportionalAllocation,547,4,2584600,{'interleave': 'random'},2.5846
shared,0,thrashing,LRU,ProportionalAllocation,547,4,475300,{'interleave': 'random'},0.4753
shared,1,thrashing,LRU,ProportionalAllocation,547,4,476800,{'interleave': 'random'},0.4768
shared,2,thrashing,LRU,ProportionalAllocation,547,4,483900,{'interleave': 'random'},0.4839
shared,3,thrashing,LRU,ProportionalAllocation,547,4,487200,{'interleave': 'random'},0.4872
shared_total,,thrashing,LRU,ProportionalAllocation,547,5,2557700,{'interleave': 'random'},2.5577
shared,0,thrashing,LRU,ProportionalAllocation,547,5,464200,{'interleave': 'random'},0.4642
shared,1,thrashing,LRU,ProportionalAllocation,547,5,470600,{'interleave': 'random'},0.4706
shared,2,thrashing,LRU,ProportionalAllocation,547,5,469000,{'interleave': 'random'},0.469
shared,3,thrashing,LRU,ProportionalAllocation,547,5,467700,{'interleave': 'random'},0.4677
shared_total,,thrashing,LRU,ProportionalAllocation,547,6,2686800,{'interleave': 'random'},2.6868
shared,0,thrashing,LRU,ProportionalAllocation,547,6,496900,{'interleave': 'random'},0.4969
shared,1,thrashing,LRU,ProportionalAllocation,547,6,506600,{'interleave': 'random'},0.5066
shared,2,thrashing,LRU,ProportionalAllocation,547,6,513000,{'interleave': 'random'},0.513
shared,3,thrashing,LRU,ProportionalAllocation,547,6,514900,{'interleave': 'random'},0.5149
shared_total,,thrashing,LRU,ProportionalAllocation,547,7,2573400,{'interleave': 'random'},2.5734
shared,0,thrashing,LRU,ProportionalAllocation,547,7,470600,{'interleave': 'random'},0.4706
shared,1,thrashing,LRU,ProportionalAllocation,547,7,473300,{'interleave': 'random'},0.4733
shared,2,thrashing,LRU,ProportionalAllocation,547,7,482300,{'interleave': 'random'},0.4823
shared,3,thrashing,LRU,ProportionalAllocation,547,7,478800,{'interleave': 'random'},0.4788
shared_total,,thrashing,LRU,ProportionalAllocation,547,8,2555100,{'interleave': 'random'},2.5551
shared,0,thrashing,LRU,ProportionalAllocation,547,8,460400,{'interleave': 'random'},0.4604
shared,1,thrashing,LRU,ProportionalAllocation,547,8,460100,{'interleave': 'random'},0.4601
shared,2,thrashing,LRU,ProportionalAllocation,547,8,468900,{'interleave': 'random'},0.4689
shared,3,thrashing,LRU,ProportionalAllocation,547,8,474500,{'interleave': 'random'},0.4745
shared_total,,thrashing,LRU,ProportionalAllocation,547,9,2685100,{'interleave': 'random'},2.6851
shared,0,thrashing,LRU,ProportionalAllocation,547,9,482100,{'interleave': 'random'},0.4821
shared,1,thrashing,LRU,ProportionalAllocation,547,9,482500,{'interleave': 'random'},0.4825
shared,2,thrashing,LRU,ProportionalAllocation,547,9,492900,{'interleave': 'random'},0.4929
shared,3,thrashing,LRU,ProportionalAllocation,547,9,563500,{'interleave': 'random'},0.5635
shared_total,,thrashing,NRU,GlobalAllocation,547,0,3954500,{'interleave': 'random'},3.9545
shared,0,thrashing,NRU,GlobalAllocation,547,0,830300,{'interleave': 'random'},0.8303
shared,1,thrashing,NRU,GlobalAllocation,547,0,790800,{'interleave': 'random'},0.7908
shared,2,thrashing,NRU,GlobalAllocation,547,0,873700,{'interleave': 'random'},0.8737
shared,3,thrashing,NRU,GlobalAllocation,547,0,800900,{'interleave': 'random'},0.8009
shared_total,,thrashing,NRU,GlobalAllocation,547,1,3926400,{'interleave': 'random'},3.9264
shared,0,thrashing,NRU,GlobalAllocation,547,1,770900,{'interleave': 'random'},0.7709
shared,1,thrashing,NRU,GlobalAllocation,547,1,860800,{'interleave': 'random'},0.8608
shared,2,thrashing,NRU,GlobalAllocation,547,1,837500,{'interleave': 'random'},0.8375
shared,3,thrashing,NRU,GlobalAllocation,547,1,799100,{'interleave': 'random'},0.7991
shared_total,,thrashing,NRU,GlobalAllocation,547,2,3943300,{'interleave': 'random'},3.9433
shared,0,thrashing,NRU,GlobalAllocation,547,2,767800,{'interleave': 'random'},0.7678
shared,1,thrashing,NRU,GlobalAllocation,547,2,829700,{'interleave': 'random'},0.8297
shared,2,thrashing,NRU,GlobalAllocation,547,2,814900,{'interleave': 'random'},0.8149
shared,3,thrashing,NRU,GlobalAllocation,547,2,861900,{'interleave': 'random'},0.8619
shared_total,,thrashing,NRU,GlobalAllocation,547,3,3863400,{'interleave': 'random'},3.8634
shared,0,thrashing,NRU,GlobalAllocation,547,3,766700,{'interleave': 'random'},0.7667
shared,1,thrashing,NRU,GlobalAllocation,547,3,821500,{'interleave': 'random'},0.8215
shared,2,thrashing,NRU,GlobalAllocation,547,3,816600,{'interleave': 'random'},0.8166
shared,3,thrashing,NRU,GlobalAllocation,547,3,797600,{'interleave': 'random'},0.7976
shared_total,,thrashing,NRU,GlobalAllocation,547,4,3958200,{'interleave': 'random'},3.9582
shared,0,thrashing,NRU,GlobalAllocation,547,4,783800,{'interleave': 'random'},0.7838
shared,1,thrashing,NRU,GlobalAllocation,547,4,799600,{'interleave': 'random'},0.7996
shared,2,thrashing,NRU,GlobalAllocation,547,4,860000,{'interleave': 'random'},0.86
shared,3,thrashing,NRU,GlobalAllocation,547,4,841400,{'interleave': 'random'},0.8414
shared_total,,thrashing,NRU,GlobalAllocation,547,5,3911300,{'interleave': 'random'},3.9113
shared,0,thrashing,NRU,GlobalAllocation,547,5,750700,{'interleave': 'random'},0.7507
shared,1,thrashing,NRU,GlobalAllocation,547,5,848800,{'interleave': 'random'},0.8488
shared,2,thrashing,NRU,GlobalAllocation,547,5,832000,{'interleave': 'random'},0.832
shared,3,thrashing,NRU,GlobalAllocation,547,5,816700,{'interleave': 'random'},0.8167
shared_total,,thrashing,NRU,GlobalAllocation,547,6,3907700,{'interleave': 'random'},3.9077
shared,0,thrashing,NRU,GlobalAllocation,547,6,716500,{'interleave': 'random'},0.7165
shared,1,thrashing,NRU,GlobalAllocation,547,6,828300,{'interleave': 'random'},0.8283
shared,2,thrashing,NRU,GlobalAllocation,547,6,842600,{'interleave': 'random'},0.8426
shared,3,thrashing,NRU,GlobalAllocation,547,6,861300,{'interleave': 'random'},0.8613
shared_total,,thrashing,NRU,GlobalAllocation,547,7,3967800,{'interleave': 'random'},3.9678
shared,0,thrashing,NRU,GlobalAllocation,547,7,729500,{'interleave': 'random'},0.7295
shared,1,thrashing,NRU,GlobalAllocation,547,7,805000,{'interleave': 'random'},0.805
shared,2,thrashing,NRU,GlobalAllocation,547,7,887200,{'interleave': 'random'},0.8872
shared,3,thrashing,NRU,GlobalAllocation,547,7,876700,{'interleave': 'random'},0.8767
shared_total,,thrashing,NRU,GlobalAllocation,547,8,3918100,{'interleave': 'random'},3.9181
shared,0,thrashing,NRU,GlobalAllocation,547,8,759800,{'interleave': 'random'},0.7598
shared,1,thrashing,NRU,GlobalAllocation,547,8,824000,{'interleave': 'random'},0.824
shared,2,thrashing,NRU,GlobalAllocation,547,8,809800,{'interleave': 'random'},0.8098
shared,3,thrashing,NRU,GlobalAllocation,547,8,857300,{'interleave': 'random'},0.8573
shared_total,,thrashing,NRU,GlobalAllocation,547,9,3927600,{'interleave': 'random'},3.9276
shared,0,thrashing,NRU,GlobalAllocation,547,9,754400,{'interleave': 'random'},0.7544
shared,1,thrashing,NRU,GlobalAllocation,547,9,853800,{'interleave': 'random'},0.8538
shared,2,thrashing,NRU,GlobalAllocation,547,9,822000,{'interleave': 'random'},0.822
shared,3,thrashing,NRU,GlobalAllocation,547,9,844600,{'interleave': 'random'},0.8446
shared_total,,thrashing,NRU,LocalAllocation,547,0,2784600,{'interleave': 'random'},2.7846
shared,0,thrashing,NRU,LocalAllocation,547,0,506800,{'interleave': 'random'},0.5068
shared,1,thrashing,NRU,LocalAllocation,547,0,508300,{'interleave': 'random'},0.5083
shared,2,thrashing,NRU,LocalAllocation,547,0,522700,{'interleave': 'random'},0.5227
shared,3,thrashing,NRU,LocalAllocation,547,0,534800,{'interleave': 'random'},0.5348
shared_total,,thrashing,NRU,LocalAllocation,547,1,2657000,{'interleave': 'random'},2.657
shared,0,thrashing,NRU,LocalAllocation,547,1,486600,{'interleave': 'random'},0.4866
shared,1,thrashing,NRU,LocalAllocation,547,1,506100,{'interleave': 'random'},0.5061
shared,2,thrashing,NRU,LocalAllocation,547,1,486300,{'interleave': 'random'},0.4863
shared,3,thrashing,NRU,LocalAllocation,547,1,493900,{'interleave': 'random'},0.4939
shared_total,,thrashing,NRU,LocalAllocation,547,2,2616300,{'interleave': 'random'},2.6163
shared,0,thrashing,NRU,LocalAllocation,547,2,476400,{'interleave': 'random'},0.4764
shared,1,thrashing,NRU,LocalAllocation,547,2,480300,{'interleave': 'random'},0.4803
shared,2,thrashing,NRU,LocalAllocation,547,2,485800,{'interleave': 'random'},0.4858
shared,3,thrashing,NRU,LocalAllocation,547,2,497000,{'interleave': 'random'},0.497
shared_total,,thrashing,NRU,LocalAllocation,547,3,2619500,{'interleave': 'random'},2.6195
shared,0,thrashing,NRU,LocalAllocation,547,3,484600,{'interleave': 'random'},0.4846
shared,1,thrashing,NRU,LocalAllocation,547,3,485100,{'interleave': 'random'},0.4851
shared,2,thrashing,NRU,LocalAllocation,547,3,492000,{'interleave': 'random'},0.492
shared,3,thrashing,NRU,LocalAllocation,547,3,502500,{'interleave': 'random'},0.5025
shared_total,,thrashing,NRU,LocalAllocation,547,4,2675400,{'interleave': 'random'},2.6754
shared,0,thrashing,NRU,LocalAllocation,547,4,500500,{'interleave': 'random'},0.5005
shared,1,thrashing,NRU,LocalAllocation,547,4,493100,{'interleave': 'random'},0.4931
shared,2,thrashing,NRU,LocalAllocation,547,4,504500,{'interleave': 'random'},0.5045
shared,3,thrashing,NRU,LocalAllocation,547,4,503600,{'interleave': 'random'},0.5036
shared_total,,thrashing,NRU,LocalAllocation,547,5,2675300,{'interleave': 'random'},2.6753
shared,0,thrashing,NRU,LocalAllocation,547,5,498200,{'interleave': 'random'},0.4982
shared,1,thrashing,NRU,LocalAllocation,547,5,503500,{'interleave': 'random'},0.5035
shared,2,thrashing,NRU,LocalAllocation,547,5,506000,{'interleave': 'random'},0.506
shared,3,thrashing,NRU,LocalAllocation,547,5,509900,{'interleave': 'random'},0.5099
shared_total,,thrashing,NRU,LocalAllocation,547,6,2680400,{'interleave': 'random'},2.6804
shared,0,thrashing,NRU,LocalAllocation,547,6,496400,{'interleave': 'random'},0.4964
shared,1,thrashing,NRU,LocalAllocation,547,6,499700,{'interleave': 'random'},0.4997
shared,2,thrashing,NRU,LocalAllocation,547,6,509400,{'interleave': 'random'},0.5094
shared,3,thrashing,NRU,LocalAllocation,547,6,519200,{'interleave': 'random'},0.5192
shared_total,,thrashing,NRU,LocalAllocation,547,7,2980200,{'interleave': 'random'},2.9802
shared,0,thrashing,NRU,LocalAllocation,547,7,534500,{'interleave': 'random'},0.5345
shared,1,thrashing,NRU,LocalAllocation,547,7,662400,{'interleave': 'random'},0.6624
shared,2,thrashing,NRU,LocalAllocation,547,7,541900,{'interleave': 'random'},0.5419
shared,3,thrashing,NRU,LocalAllocation,547,7,522600,{'interleave': 'random'},0.5226
shared_total,,thrashing,NRU,LocalAllocation,547,8,2661300,{'interleave': 'random'},2.6613
shared,0,thrashing,NRU,LocalAllocation,547,8,486300,{'interleave': 'random'},0.4863
shared,1,thrashing,NRU,LocalAllocation,547,8,498100,{'interleave': 'random'},0.4981
shared,2,thrashing,NRU,LocalAllocation,547,8,511000,{'interleave': 'random'},0.511
shared,3,thrashing,NRU,LocalAllocation,547,8,505600,{'interleave': 'random'},0.5056
shared_total,,thrashing,NRU,LocalAllocation,547,9,2749000,{'interleave': 'random'},2.749
shared,0,thrashing,NRU,LocalAllocation,547,9,510700,{'interleave': 'random'},0.5107
shared,1,thrashing,NRU,LocalAllocation,547,9,514500,{'interleave': 'random'},0.5145
shared,2,thrashing,NRU,LocalAllocation,547,9,514100,{'interleave': 'random'},0.5141
shared,3,thrashing,NRU,LocalAllocation,547,9,521800,{'interleave': 'random'},0.5218
shared_total,,thrashing,NRU,ProportionalAllocation,547,0,2619700,{'interleave': 'random'},2.6197
shared,0,thrashing,NRU,ProportionalAllocation,547,0,477100,{'interleave': 'random'},0.4771
shared,1,thrashing,NRU,ProportionalAllocation,547,0,478800,{'interleave': 'random'},0.4788
shared,2,thrashing,NRU,ProportionalAllocation,547,0,486800,{'interleave': 'random'},0.4868
shared,3,thrashing,NRU,ProportionalAllocation,547,0,490300,{'interleave': 'random'},0.4903
shared_total,,thrashing,NRU,ProportionalAllocation,547,1,2593500,{'interleave': 'random'},2.5935
shared,0,thrashing,NRU,ProportionalAllocation,547,1,467400,{'interleave': 'random'},0.4674
shared,1,thrashing,NRU,ProportionalAllocation,547,1,480600,{'interleave': 'random'},0.4806
shared,2,thrashing,NRU,ProportionalAllocation,547,1,478300,{'interleave': 'random'},0.4783
shared,3,thrashing,NRU,ProportionalAllocation,547,1,483600,{'interleave': 'random'},0.4836
shared_total,,thrashing,NRU,ProportionalAllocation,547,2,2620400,{'interleave': 'random'},2.6204
shared,0,thrashing,NRU,ProportionalAllocation,547,2,483200,{'interleave': 'random'},0.4832
shared,1,thrashing,NRU,ProportionalAllocation,547,2,491700,{'interleave': 'random'},0.4917
shared,2,thrashing,NRU,ProportionalAllocation,547,2,494600,{'interleave': 'random'},0.4946
shared,3,thrashing,NRU,ProportionalAllocation,547,2,503500,{'interleave': 'random'},0.5035
shared_total,,thrashing,NRU,ProportionalAllocation,547,3,2615900,{'interleave': 'random'},2.6159
shared,0,thrashing,NRU,ProportionalAllocation,547,3,480900,{'interleave': 'random'},0.4809
shared,1,thrashing,NRU,ProportionalAllocation,547,3,487300,{'interleave': 'random'},0.4873
shared,2,thrashing,NRU,ProportionalAllocation,547,3,490400,{'interleave': 'random'},0.4904
shared,3,thrashing,NRU,ProportionalAllocation,547,3,493800,{'interleave': 'random'},0.4938
shared_total,,thrashing,NRU,ProportionalAllocation,547,4,2637400,{'interleave': 'random'},2.6374
shared,0,thrashing,NRU,ProportionalAllocation,547,4,484600,{'interleave': 'random'},0.4846
shared,1,thrashing,NRU,ProportionalAllocation,547,4,489400,{'interleave': 'random'},0.4894
shared,2,thrashing,NRU,ProportionalAllocation,547,4,497400,{'interleave': 'random'},0.4974
shared,3,thrashing,NRU,ProportionalAllocation,547,4,496700,{'interleave': 'random'},0.4967
shared_total,,thrashing,NRU,ProportionalAllocation,547,5,2626900,{'interleave': 'random'},2.6269
shared,0,thrashing,NRU,ProportionalAllocation,547,5,479200,{'interleave': 'random'},0.4792
shared,1,thrashing,NRU,ProportionalAllocation,547,5,484300,{'interleave': 'random'},0.4843
shared,2,thrashing,NRU,ProportionalAllocation,547,5,488100,{'interleave': 'random'},0.4881
shared,3,thrashing,NRU,ProportionalAllocation,547,5,492000,{'interleave': 'random'},0.492
shared_total,,thrashing,NRU,ProportionalAllocation,547,6,2646500,{'interleave': 'random'},2.6465
shared,0,thrashing,NRU,ProportionalAllocation,547,6,481700,{'interleave': 'random'},0.4817
shared,1,thrashing,NRU,ProportionalAllocation,547,6,488400,{'interleave': 'random'},0.4884
shared,2,thrashing,NRU,ProportionalAllocation,547,6,496400,{'interleave': 'random'},0.4964
shared,3,thrashing,NRU,ProportionalAllocation,547,6,504300,{'interleave': 'random'},0.5043
shared_total,,thrashing,NRU,ProportionalAllocation,547,7,2708300,{'interleave': 'random'},2.7083
shared,0,thrashing,NRU,ProportionalAllocation,547,7,493200,{'interleave': 'random'},0.4932
shared,1,thrashing,NRU,ProportionalAllocation,547,7,498300,{'interleave': 'random'},0.4983
shared,2,thrashing,NRU,ProportionalAllocation,547,7,508200,{'interleave': 'random'},0.5082
shared,3,thrashing,NRU,ProportionalAllocation,547,7,522300,{'interleave': 'random'},0.5223
shared_total,,thrashing,NRU,ProportionalAllocation,547,8,2666000,{'interleave': 'random'},2.666
shared,0,thrashing,NRU,ProportionalAllocation,547,8,498200,{'interleave': 'random'},0.4982
shared,1,thrashing,NRU,ProportionalAllocation,547,8,496600,{'interleave': 'random'},0.4966
shared,2,thrashing,NRU,ProportionalAllocation,547,8,510700,{'interleave': 'random'},0.5107
shared,3,thrashing,NRU,ProportionalAllocation,547,8,513400,{'interleave': 'random'},0.5134
shared_total,,thrashing,NRU,ProportionalAllocation,547,9,2652800,{'interleave': 'random'},2.6528
shared,0,thrashing,NRU,ProportionalAllocation,547,9,489800,{'interleave': 'random'},0.4898
shared,1,thrashing,NRU,ProportionalAllocation,547,9,489600,{'interleave': 'random'},0.4896
shared,2,thrashing,NRU,ProportionalAllocation,547,9,493300,{'interleave': 'random'},0.4933
shared,3,thrashing,NRU,ProportionalAllocation,547,9,500500,{'interleave': 'random'},0.5005
shared_total,,thrashing,SecondChance,GlobalAllocation,547,0,6171900,{'interleave': 'random'},6.1719
shared,0,thrashing,SecondChance,GlobalAllocation,547,0,1086400,{'interleave': 'random'},1.0864
shared,1,thrashing,SecondChance,GlobalAllocation,547,0,1272100,{'interleave': 'random'},1.2721
shared,2,thrashing,SecondChance,GlobalAllocation,547,0,1432300,{'interleave': 'random'},1.4323
shared,3,thrashing,SecondChance,GlobalAllocation,547,0,1486800,{'interleave': 'random'},1.4868
shared_total,,thrashing,SecondChance,GlobalAllocation,547,1,4154000,{'interleave': 'random'},4.154
shared,0,thrashing,SecondChance,GlobalAllocation,547,1,725000,{'interleave': 'random'},0.725
shared,1,thrashing,SecondChance,GlobalAllocation,547,1,854800,{'interleave': 'random'},0.8548
shared,2,thrashing,SecondChance,GlobalAllocation,547,1,922700,{'interleave': 'random'},0.9227
shared,3,thrashing,SecondChance,GlobalAllocation,547,1,966500,{'interleave': 'random'},0.9665
shared_total,,thrashing,SecondChance,GlobalAllocation,547,2,4068800,{'interleave': 'random'},4.0688
shared,0,thrashing,SecondChance,GlobalAllocation,547,2,716100,{'interleave': 'random'},0.7161
shared,1,thrashing,SecondChance,GlobalAllocation,547,2,853400,{'interleave': 'random'},0.8534
shared,2,thrashing,SecondChance,GlobalAllocation,547,2,913100,{'interleave': 'random'},0.9131
shared,3,thrashing,SecondChance,GlobalAllocation,547,2,928200,{'interleave': 'random'},0.9282
shared_total,,thrashing,SecondChance,GlobalAllocation,547,3,4081200,{'interleave': 'random'},4.0812
shared,0,thrashing,SecondChance,GlobalAllocation,547,3,735500,{'interleave': 'random'},0.7355
shared,1,thrashing,SecondChance,GlobalAllocation,547,3,824800,{'interleave': 'random'},0.8248
shared,2,thrashing,SecondChance,GlobalAllocation,547,3,951200,{'interleave': 'random'},0.9512
shared,3,thrashing,SecondChance,GlobalAllocation,547,3,906100,{'interleave': 'random'},0.9061
shared_total,,thrashing,SecondChance,GlobalAllocation,547,4,4083400,{'interleave': 'random'},4.0834
shared,0,thrashing,SecondChance,GlobalAllocation,547,4,725900,{'interleave': 'random'},0.7259
shared,1,thrashing,SecondChance,GlobalAllocation,547,4,853100,{'interleave': 'random'},0.8531
shared,2,thrashing,SecondChance,GlobalAllocation,547,4,906800,{'interleave': 'random'},0.9068
shared,3,thrashing,SecondChance,GlobalAllocation,547,4,932400,{'interleave': 'random'},0.9324
shared_total,,thrashing,SecondChance,GlobalAllocation,547,5,6089400,{'interleave': 'random'},6.0894
shared,0,thrashing,SecondChance,GlobalAllocation,547,5,1059000,{'interleave': 'random'},1.059
shared,1,thrashing,SecondChance,GlobalAllocation,547,5,1214700,{'interleave': 'random'},1.2147
shared,2,thrashing,SecondChance,GlobalAllocation,547,5,1287400,{'interleave': 'random'},1.2874
shared,3,thrashing,SecondChance,GlobalAllocation,547,5,1360800,{'interleave': 'random'},1.3608
shared_total,,thrashing,SecondChance,GlobalAllocation,547,6,4123400,{'interleave': 'random'},4.1234
shared,0,thrashing,SecondChance,GlobalAllocation,547,6,726200,{'interleave': 'random'},0.7262
shared,1,thrashing,SecondChance,GlobalAllocation,547,6,886500,{'interleave': 'random'},0.8865
shared,2,thrashing,SecondChance,GlobalAllocation,547,6,890000,{'interleave': 'random'},0.89
shared,3,thrashing,SecondChance,GlobalAllocation,547,6,962200,{'interleave': 'random'},0.9622
shared_total,,thrashing,SecondChance,GlobalAllocation,547,7,4128700,{'interleave': 'random'},4.1287
shared,0,thrashing,SecondChance,GlobalAllocation,547,7,743200,{'interleave': 'random'},0.7432
shared,1,thrashing,SecondChance,GlobalAllocation,547,7,851000,{'interleave': 'random'},0.851
shared,2,thrashing,SecondChance,GlobalAllocation,547,7,908700,{'interleave': 'random'},0.9087
shared,3,thrashing,SecondChance,GlobalAllocation,547,7,965000,{'interleave': 'random'},0.965
shared_total,,thrashing,SecondChance,GlobalAllocation,547,8,4060900,{'interleave': 'random'},4.0609
shared,0,thrashing,SecondChance,GlobalAllocation,547,8,721500,{'interleave': 'random'},0.7215
shared,1,thrashing,SecondChance,GlobalAllocation,547,8,851300,{'interleave': 'random'},0.8513
shared,2,thrashing,SecondChance,GlobalAllocation,547,8,881600,{'interleave': 'random'},0.8816
shared,3,thrashing,SecondChance,GlobalAllocation,547,8,950900,{'interleave': 'random'},0.9509
shared_total,,thrashing,SecondChance,GlobalAllocation,547,9,3838300,{'interleave': 'random'},3.8383
shared,0,thrashing,SecondChance,GlobalAllocation,547,9,668400,{'interleave': 'random'},0.6684
shared,1,thrashing,SecondChance,GlobalAllocation,547,9,834600,{'interleave': 'random'},0.8346
shared,2,thrashing,SecondChance,GlobalAllocation,547,9,842700,{'interleave': 'random'},0.8427
shared,3,thrashing,SecondChance,GlobalAllocation,547,9,877100,{'interleave': 'random'},0.8771
shared_total,,thrashing,SecondChance,LocalAllocation,547,0,2282900,{'interleave': 'random'},2.2829
shared,0,thrashing,SecondChance,LocalAllocation,547,0,408200,{'interleave': 'random'},0.4082
shared,1,thrashing,SecondChance,LocalAllocation,547,0,413100,{'interleave': 'random'},0.4131
shared,2,thrashing,SecondChance,LocalAllocation,547,0,426200,{'interleave': 'random'},0.4262
shared,3,thrashing,SecondChance,LocalAllocation,547,0,434100,{'interleave': 'random'},0.4341
shared_total,,thrashing,SecondChance,LocalAllocation,547,1,2484700,{'interleave': 'random'},2.4847
shared,0,thrashing,SecondChance,LocalAllocation,547,1,447400,{'interleave': 'random'},0.4474
shared,1,thrashing,SecondChance,LocalAllocation,547,1,456700,{'interleave': 'random'},0.4567
shared,2,thrashing,SecondChance,LocalAllocation,547,1,460100,{'interleave': 'random'},0.4601
shared,3,thrashing,SecondChance,LocalAllocation,547,1,476900,{'interleave': 'random'},0.4769
shared_total,,thrashing,SecondChance,LocalAllocation,547,2,2470900,{'interleave': 'random'},2.4709
shared,0,thrashing,SecondChance,LocalAllocation,547,2,442600,{'interleave': 'random'},0.4426
shared,1,thrashing,SecondChance,LocalAllocation,547,2,449900,{'interleave': 'random'},0.4499
shared,2,thrashing,SecondChance,LocalAllocation,547,2,462600,{'interleave': 'random'},0.4626
shared,3,thrashing,SecondChance,LocalAllocation,547,2,475300,{'interleave': 'random'},0.4753
shared_total,,thrashing,SecondChance,LocalAllocation,547,3,2552600,{'interleave': 'random'},2.5526
shared,0,thrashing,SecondChance,LocalAllocation,547,3,454500,{'interleave': 'random'},0.4545
shared,1,thrashing,SecondChance,LocalAllocation,547,3,456700,{'interleave': 'random'},0.4567
shared,2,thrashing,SecondChance,LocalAllocation,547,3,474300,{'interleave': 'random'},0.4743
shared,3,thrashing,SecondChance,LocalAllocation,547,3,484300,{'interleave': 'random'},0.4843
shared_total,,thrashing,SecondChance,LocalAllocation,547,4,2549500,{'interleave': 'random'},2.5495
shared,0,thrashing,SecondChance,LocalAllocation,547,4,448400,{'interleave': 'random'},0.4484
shared,1,thrashing,SecondChance,LocalAllocation,547,4,460500,{'interleave': 'random'},0.4605
shared,2,thrashing,SecondChance,LocalAllocation,547,4,468200,{'interleave': 'random'},0.4682
shared,3,thrashing,SecondChance,LocalAllocation,547,4,479100,{'interleave': 'random'},0.4791
shared_total,,thrashing,SecondChance,LocalAllocation,547,5,2545300,{'interleave': 'random'},2.5453
shared,0,thrashing,SecondChance,LocalAllocation,547,5,469200,{'interleave': 'random'},0.4692
shared,1,thrashing,SecondChance,LocalAllocation,547,5,458000,{'interleave': 'random'},0.458
shared,2,thrashing,SecondChance,LocalAllocation,547,5,468900,{'interleave': 'random'},0.4689
shared,3,thrashing,SecondChance,LocalAllocation,547,5,475700,{'interleave': 'random'},0.4757
shared_total,,thrashing,SecondChance,LocalAllocation,547,6,2569900,{'interleave': 'random'},2.5699
shared,0,thrashing,SecondChance,LocalAllocation,547,6,455300,{'interleave': 'random'},0.4553
shared,1,thrashing,SecondChance,LocalAllocation,547,6,466500,{'interleave': 'random'},0.4665
shared,2,thrashing,SecondChance,LocalAllocation,547,6,481600,{'interleave': 'random'},0.4816
shared,3,thrashing,SecondChance,LocalAllocation,547,6,494700,{'interleave': 'random'},0.4947
shared_total,,thrashing,SecondChance,LocalAllocation,547,7,2587600,{'interleave': 'random'},2.5876
shared,0,thrashing,SecondChance,LocalAllocation,547,7,460500,{'interleave': 'random'},0.4605
shared,1,thrashing,SecondChance,LocalAllocation,547,7,473400,{'interleave': 'random'},0.4734
shared,2,thrashing,SecondChance,LocalAllocation,547,7,487400,{'interleave': 'random'},0.4874
shared,3,thrashing,SecondChance,LocalAllocation,547,7,492000,{'interleave': 'random'},0.492
shared_total,,thrashing,SecondChance,LocalAllocation,547,8,2464300,{'interleave': 'random'},2.4643
shared,0,thrashing,SecondChance,LocalAllocation,547,8,436000,{'interleave': 'random'},0.436
shared,1,thrashing,SecondChance,LocalAllocation,547,8,447600,{'interleave': 'random'},0.4476
shared,2,thrashing,SecondChance,LocalAllocation,547,8,461500,{'interleave': 'random'},0.4615
shared,3,thrashing,SecondChance,LocalAllocation,547,8,469900,{'interleave': 'random'},0.4699
shared_total,,thrashing,SecondChance,LocalAllocation,547,9,2517200,{'interleave': 'random'},2.5172
shared,0,thrashing,SecondChance,LocalAllocation,547,9,446600,{'interleave': 'random'},0.4466
shared,1,thrashing,SecondChance,LocalAllocation,547,9,451900,{'interleave': 'random'},0.4519
shared,2,thrashing,SecondChance,LocalAllocation,547,9,462600,{'interleave': 'random'},0.4626
shared,3,thrashing,SecondChance,LocalAllocation,547,9,473300,{'interleave': 'random'},0.4733
shared_total,,thrashing,SecondChance,ProportionalAllocation,547,0,3704300,{'interleave': 'random'},3.7043
shared,0,thrashing,SecondChance,ProportionalAllocation,547,0,671600,{'interleave': 'random'},0.6716
shared,1,thrashing,SecondChance,ProportionalAllocation,547,0,685200,{'interleave': 'random'},0.6852
shared,2,thrashing,SecondChance,ProportionalAllocation,547,0,702600,{'interleave': 'random'},0.7026
shared,3,thrashing,SecondChance,ProportionalAllocation,547,0,738700,{'interleave': 'random'},0.7387
shared_total,,thrashing,SecondChance,ProportionalAllocation,547,1,2508900,{'interleave': 'random'},2.5089
shared,0,thrashing,SecondChance,ProportionalAllocation,547,1,443900,{'interleave': 'random'},0.4439
shared,1,thrashing,SecondChance,ProportionalAllocation,547,1,454600,{'interleave': 'random'},0.4546
shared,2,thrashing,SecondChance,ProportionalAllocation,547,1,464600,{'interleave': 'random'},0.4646
shared,3,thrashing,SecondChance,ProportionalAllocation,547,1,471200,{'interleave': 'random'},0.4712
shared_total,,thrashing,SecondChance,ProportionalAllocation,547,2,2552600,{'interleave': 'random'},2.5526
shared,0,thrashing,SecondChance,ProportionalAllocation,547,2,451900,{'interleave': 'random'},0.4519
shared,1,thrashing,SecondChance,ProportionalAllocation,547,2,462800,{'interleave': 'random'},0.4628
shared,2,thrashing,SecondChance,ProportionalAllocation,547,2,476400,{'interleave': 'random'},0.4764
shared,3,thrashing,SecondChance,ProportionalAllocation,547,2,488900,{'interleave': 'random'},0.4889
shared_total,,thrashing,SecondChance,ProportionalAllocation,547,3,2483900,{'interleave': 'random'},2.4839
shared,0,thrashing,SecondChance,ProportionalAllocation,547,3,444700,{'interleave': 'random'},0.4447
shared,1,thrashing,SecondChance,ProportionalAllocation,547,3,449100,{'interleave': 'random'},0.4491
shared,2,thrashing,SecondChance,ProportionalAllocation,547,3,463800,{'interleave': 'random'},0.4638
shared,3,thrashing,SecondChance,ProportionalAllocation,547,3,470000,{'interleave': 'random'},0.47
shared_total,,thrashing,SecondChance,ProportionalAllocation,547,4,2500200,{'interleave': 'random'},2.5002
shared,0,thrashing,SecondChance,ProportionalAllocation,547,4,441700,{'interleave': 'random'},0.4417
shared,1,thrashing,SecondChance,ProportionalAllocation,547,4,455700,{'interleave': 'random'},0.4557
shared,2,thrashing,SecondChance,ProportionalAllocation,547,4,466400,{'interleave': 'random'},0.4664
shared,3,thrashing,SecondChance,ProportionalAllocation,547,4,480000,{'interleave': 'random'},0.48
shared_total,,thrashing,SecondChance,ProportionalAllocation,547,5,2529700,{'interleave': 'random'},2.5297
shared,0,thrashing,SecondChance,ProportionalAllocation,547,5,450600,{'interleave': 'random'},0.4506
shared,1,thrashing,SecondChance,ProportionalAllocation,547,5,466200,{'interleave': 'random'},0.4662
shared,2,thrashing,SecondChance,ProportionalAllocation,547,5,469100,{'interleave': 'random'},0.4691
shared,3,thrashing,SecondChance,ProportionalAllocation,547,5,481200,{'interleave': 'random'},0.4812
shared_total,,thrashing,SecondChance,ProportionalAllocation,547,6,2504900,{'interleave': 'random'},2.5049
shared,0,thrashing,SecondChance,ProportionalAllocation,547,6,448700,{'interleave': 'random'},0.4487
shared,1,thrashing,SecondChance,ProportionalAllocation,547,6,454600,{'interleave': 'random'},0.4546
shared,2,thrashing,SecondChance,ProportionalAllocation,547,6,466100,{'interleave': 'random'},0.4661
shared,3,thrashing,SecondChance,ProportionalAllocation,547,6,479700,{'interleave': 'random'},0.4797
shared_total,,thrashing,SecondChance,ProportionalAllocation,547,7,2558300,{'interleave': 'random'},2.5583
shared,0,thrashing,SecondChance,ProportionalAllocation,547,7,454400,{'interleave': 'random'},0.4544
shared,1,thrashing,SecondChance,ProportionalAllocation,547,7,460500,{'interleave': 'random'},0.4605
shared,2,thrashing,SecondChance,ProportionalAllocation,547,7,471700,{'interleave': 'random'},0.4717
shared,3,thrashing,SecondChance,ProportionalAllocation,547,7,481400,{'interleave': 'random'},0.4814
shared_total,,thrashing,SecondChance,ProportionalAllocation,547,8,2491400,{'interleave': 'random'},2.4914
shared,0,thrashing,SecondChance,ProportionalAllocation,547,8,440800,{'interleave': 'random'},0.4408
shared,1,thrashing,SecondChance,ProportionalAllocation,547,8,452100,{'interleave': 'random'},0.4521
shared,2,thrashing,SecondChance,ProportionalAllocation,547,8,460000,{'interleave': 'random'},0.46
shared,3,thrashing,SecondChance,ProportionalAllocation,547,8,471700,{'interleave': 'random'},0.4717
shared_total,,thrashing,SecondChance,ProportionalAllocation,547,9,2617200,{'interleave': 'random'},2.6172
shared,0,thrashing,SecondChance,ProportionalAllocation,547,9,469700,{'interleave': 'random'},0.4697
shared,1,thrashing,SecondChance,ProportionalAllocation,547,9,473500,{'interleave': 'random'},0.4735
shared,2,thrashing,SecondChance,ProportionalAllocation,547,9,483100,{'interleave': 'random'},0.4831
shared,3,thrashing,SecondChance,ProportionalAllocation,547,9,495400,{'interleave': 'random'},0.4954
shared_total,,thrashing,WSClock,GlobalAllocation,547,0,4109500,{'interleave': 'random'},4.1095
shared,0,thrashing,WSClock,GlobalAllocation,547,0,716800,{'interleave': 'random'},0.7168
shared,1,thrashing,WSClock,GlobalAllocation,547,0,840800,{'interleave': 'random'},0.8408
shared,2,thrashing,WSClock,GlobalAllocation,547,0,941600,{'interleave': 'random'},0.9416
shared,3,thrashing,WSClock,GlobalAllocation,547,0,946600,{'interleave': 'random'},0.9466
shared_total,,thrashing,WSClock,GlobalAllocation,547,1,4088000,{'interleave': 'random'},4.088
shared,0,thrashing,WSClock,GlobalAllocation,547,1,714600,{'interleave': 'random'},0.7146
shared,1,thrashing,WSClock,GlobalAllocation,547,1,850900,{'interleave': 'random'},0.8509
shared,2,thrashing,WSClock,GlobalAllocation,547,1,894600,{'interleave': 'random'},0.8946
shared,3,thrashing,WSClock,GlobalAllocation,547,1,958700,{'interleave': 'random'},0.9587
shared_total,,thrashing,WSClock,GlobalAllocation,547,2,4178400,{'interleave': 'random'},4.1784
shared,0,thrashing,WSClock,GlobalAllocation,547,2,737000,{'interleave': 'random'},0.737
shared,1,thrashing,WSClock,GlobalAllocation,547,2,869000,{'interleave': 'random'},0.869
shared,2,thrashing,WSClock,GlobalAllocation,547,2,926800,{'interleave': 'random'},0.9268
shared,3,thrashing,WSClock,GlobalAllocation,547,2,951600,{'interleave': 'random'},0.9516
shared_total,,thrashing,WSClock,GlobalAllocation,547,3,4104900,{'interleave': 'random'},4.1049
shared,0,thrashing,WSClock,GlobalAllocation,547,3,742300,{'interleave': 'random'},0.7423
shared,1,thrashing,WSClock,GlobalAllocation,547,3,834600,{'interleave': 'random'},0.8346
shared,2,thrashing,WSClock,GlobalAllocation,547,3,945300,{'interleave': 'random'},0.9453
shared,3,thrashing,WSClock,GlobalAllocation,547,3,919400,{'interleave': 'random'},0.9194
shared_total,,thrashing,WSClock,GlobalAllocation,547,4,4062200,{'interleave': 'random'},4.0622
shared,0,thrashing,WSClock,GlobalAllocation,547,4,722200,{'interleave': 'random'},0.7222
shared,1,thrashing,WSClock,GlobalAllocation,547,4,848400,{'interleave': 'random'},0.8484
shared,2,thrashing,WSClock,GlobalAllocation,547,4,897800,{'interleave': 'random'},0.8978
shared,3,thrashing,WSClock,GlobalAllocation,547,4,930700,{'interleave': 'random'},0.9307
shared_total,,thrashing,WSClock,GlobalAllocation,547,5,4074900,{'interleave': 'random'},4.0749
shared,0,thrashing,WSClock,GlobalAllocation,547,5,727900,{'interleave': 'random'},0.7279
shared,1,thrashing,WSClock,GlobalAllocation,547,5,825500,{'interleave': 'random'},0.8255
shared,2,thrashing,WSClock,GlobalAllocation,547,5,902400,{'interleave': 'random'},0.9024
shared,3,thrashing,WSClock,GlobalAllocation,547,5,956500,{'interleave': 'random'},0.9565
shared_total,,thrashing,WSClock,GlobalAllocation,547,6,4100900,{'interleave': 'random'},4.1009
shared,0,thrashing,WSClock,GlobalAllocation,547,6,723200,{'interleave': 'random'},0.7232
shared,1,thrashing,WSClock,GlobalAllocation,547,6,886200,{'interleave': 'random'},0.8862
shared,2,thrashing,WSClock,GlobalAllocation,547,6,873600,{'interleave': 'random'},0.8736
shared,3,thrashing,WSClock,GlobalAllocation,547,6,948700,{'interleave': 'random'},0.9487
shared_total,,thrashing,WSClock,GlobalAllocation,547,7,4090900,{'interleave': 'random'},4.0909
shared,0,thrashing,WSClock,GlobalAllocation,547,7,743300,{'interleave': 'random'},0.7433
shared,1,thrashing,WSClock,GlobalAllocation,547,7,844300,{'interleave': 'random'},0.8443
shared,2,thrashing,WSClock,GlobalAllocation,547,7,898400,{'interleave': 'random'},0.8984
shared,3,thrashing,WSClock,GlobalAllocation,547,7,946300,{'interleave': 'random'},0.9463
shared_total,,thrashing,WSClock,GlobalAllocation,547,8,4102400,{'interleave': 'random'},4.1024
shared,0,thrashing,WSClock,GlobalAllocation,547,8,733300,{'interleave': 'random'},0.7333
shared,1,thrashing,WSClock,GlobalAllocation,547,8,860100,{'interleave': 'random'},0.8601
shared,2,thrashing,WSClock,GlobalAllocation,547,8,892400,{'interleave': 'random'},0.8924
shared,3,thrashing,WSClock,GlobalAllocation,547,8,954500,{'interleave': 'random'},0.9545
shared_total,,thrashing,WSClock,GlobalAllocation,547,9,4085700,{'interleave': 'random'},4.0857
shared,0,thrashing,WSClock,GlobalAllocation,547,9,710500,{'interleave': 'random'},0.7105
shared,1,thrashing,WSClock,GlobalAllocation,547,9,885900,{'interleave': 'random'},0.8859
shared,2,thrashing,WSClock,GlobalAllocation,547,9,896300,{'interleave': 'random'},0.8963
shared,3,thrashing,WSClock,GlobalAllocation,547,9,925500,{'interleave': 'random'},0.9255
shared_total,,thrashing,WSClock,LocalAllocation,547,0,2284100,{'interleave': 'random'},2.2841
shared,0,thrashing,WSClock,LocalAllocation,547,0,402900,{'interleave': 'random'},0.4029
shared,1,thrashing,WSClock,LocalAllocation,547,0,418400,{'interleave': 'random'},0.4184
shared,2,thrashing,WSClock,LocalAllocation,547,0,420200,{'interleave': 'random'},0.4202
shared,3,thrashing,WSClock,LocalAllocation,547,0,430100,{'interleave': 'random'},0.4301
shared_total,,thrashing,WSClock,LocalAllocation,547,1,2497100,{'interleave': 'random'},2.4971
shared,0,thrashing,WSClock,LocalAllocation,547,1,442300,{'interleave': 'random'},0.4423
shared,1,thrashing,WSClock,LocalAllocation,547,1,455000,{'interleave': 'random'},0.455
shared,2,thrashing,WSClock,LocalAllocation,547,1,464400,{'interleave': 'random'},0.4644
shared,3,thrashing,WSClock,LocalAllocation,547,1,470800,{'interleave': 'random'},0.4708
shared_total,,thrashing,WSClock,LocalAllocation,547,2,2602800,{'interleave': 'random'},2.6028
shared,0,thrashing,WSClock,LocalAllocation,547,2,462400,{'interleave': 'random'},0.4624
shared,1,thrashing,WSClock,LocalAllocation,547,2,476800,{'interleave': 'random'},0.4768
shared,2,thrashing,WSClock,LocalAllocation,547,2,483700,{'interleave': 'random'},0.4837
shared,3,thrashing,WSClock,LocalAllocation,547,2,498100,{'interleave': 'random'},0.4981
shared_total,,thrashing,WSClock,LocalAllocation,547,3,2493900,{'interleave': 'random'},2.4939
shared,0,thrashing,WSClock,LocalAllocation,547,3,446700,{'interleave': 'random'},0.4467
shared,1,thrashing,WSClock,LocalAllocation,547,3,452000,{'interleave': 'random'},0.452
shared,2,thrashing,WSClock,LocalAllocation,547,3,462300,{'interleave': 'random'},0.4623
shared,3,thrashing,WSClock,LocalAllocation,547,3,476400,{'interleave': 'random'},0.4764
shared_total,,thrashing,WSClock,LocalAllocation,547,4,2631600,{'interleave': 'random'},2.6316
shared,0,thrashing,WSClock,LocalAllocation,547,4,505000,{'interleave': 'random'},0.505
shared,1,thrashing,WSClock,LocalAllocation,547,4,469200,{'interleave': 'random'},0.4692
shared,2,thrashing,WSClock,LocalAllocation,547,4,481000,{'interleave': 'random'},0.481
shared,3,thrashing,WSClock,LocalAllocation,547,4,490600,{'interleave': 'random'},0.4906
shared_total,,thrashing,WSClock,LocalAllocation,547,5,2509900,{'interleave': 'random'},2.5099
shared,0,thrashing,WSClock,LocalAllocation,547,5,448600,{'interleave': 'random'},0.4486
shared,1,thrashing,WSClock,LocalAllocation,547,5,461600,{'interleave': 'random'},0.4616
shared,2,thrashing,WSClock,LocalAllocation,547,5,468200,{'interleave': 'random'},0.4682
shared,3,thrashing,WSClock,LocalAllocation,547,5,475700,{'interleave': 'random'},0.4757
shared_total,,thrashing,WSClock,LocalAllocation,547,6,2654500,{'interleave': 'random'},2.6545
shared,0,thrashing,WSClock,LocalAllocation,547,6,475400,{'interleave': 'random'},0.4754
shared,1,thrashing,WSClock,LocalAllocation,547,6,472800,{'interleave': 'random'},0.4728
shared,2,thrashing,WSClock,LocalAllocation,547,6,506900,{'interleave': 'random'},0.5069
shared,3,thrashing,WSClock,LocalAllocation,547,6,499600,{'interleave': 'random'},0.4996
shared_total,,thrashing,WSClock,LocalAllocation,547,7,2523800,{'interleave': 'random'},2.5238
shared,0,thrashing,WSClock,LocalAllocation,547,7,451000,{'interleave': 'random'},0.451
shared,1,thrashing,WSClock,LocalAllocation,547,7,456900,{'interleave': 'random'},0.4569
shared,2,thrashing,WSClock,LocalAllocation,547,7,468800,{'interleave': 'random'},0.4688
shared,3,thrashing,WSClock,LocalAllocation,547,7,478600,{'interleave': 'random'},0.4786
shared_total,,thrashing,WSClock,LocalAllocation,547,8,2494100,{'interleave': 'random'},2.4941
shared,0,thrashing,WSClock,LocalAllocation,547,8,443300,{'interleave': 'random'},0.4433
shared,1,thrashing,WSClock,LocalAllocation,547,8,453300,{'interleave': 'random'},0.4533
shared,2,thrashing,WSClock,LocalAllocation,547,8,467000,{'interleave': 'random'},0.467
shared,3,thrashing,WSClock,LocalAllocation,547,8,478000,{'interleave': 'random'},0.478
shared_total,,thrashing,WSClock,LocalAllocation,547,9,2518300,{'interleave': 'random'},2.5183
shared,0,thrashing,WSClock,LocalAllocation,547,9,450600,{'interleave': 'random'},0.4506
shared,1,thrashing,WSClock,LocalAllocation,547,9,454800,{'interleave': 'random'},0.4548
shared,2,thrashing,WSClock,LocalAllocation,547,9,465900,{'interleave': 'random'},0.4659
shared,3,thrashing,WSClock,LocalAllocation,547,9,483000,{'interleave': 'random'},0.483
shared_total,,thrashing,WSClock,ProportionalAllocation,547,0,2493200,{'interleave': 'random'},2.4932
shared,0,thrashing,WSClock,ProportionalAllocation,547,0,444300,{'interleave': 'random'},0.4443
shared,1,thrashing,WSClock,ProportionalAllocation,547,0,449900,{'interleave': 'random'},0.4499
shared,2,thrashing,WSClock,ProportionalAllocation,547,0,461200,{'interleave': 'random'},0.4612
shared,3,thrashing,WSClock,ProportionalAllocation,547,0,474000,{'interleave': 'random'},0.474
shared_total,,thrashing,WSClock,ProportionalAllocation,547,1,2542100,{'interleave': 'random'},2.5421
shared,0,thrashing,WSClock,ProportionalAllocation,547,1,450100,{'interleave': 'random'},0.4501
shared,1,thrashing,WSClock,ProportionalAllocation,547,1,466500,{'interleave': 'random'},0.4665
shared,2,thrashing,WSClock,ProportionalAllocation,547,1,469300,{'interleave': 'random'},0.4693
shared,3,thrashing,WSClock,ProportionalAllocation,547,1,483000,{'interleave': 'random'},0.483
shared_total,,thrashing,WSClock,ProportionalAllocation,547,2,2551700,{'interleave': 'random'},2.5517
shared,0,thrashing,WSClock,ProportionalAllocation,547,2,455200,{'interleave': 'random'},0.4552
shared,1,thrashing,WSClock,ProportionalAllocation,547,2,466200,{'interleave': 'random'},0.4662
shared,2,thrashing,WSClock,ProportionalAllocation,547,2,474500,{'interleave': 'random'},0.4745
shared,3,thrashing,WSClock,ProportionalAllocation,547,2,490100,{'interleave': 'random'},0.4901
shared_total,,thrashing,WSClock,ProportionalAllocation,547,3,2575200,{'interleave': 'random'},2.5752
shared,0,thrashing,WSClock,ProportionalAllocation,547,3,456300,{'interleave': 'random'},0.4563
shared,1,thrashing,WSClock,ProportionalAllocation,547,3,465800,{'interleave': 'random'},0.4658
shared,2,thrashing,WSClock,ProportionalAllocation,547,3,490700,{'interleave': 'random'},0.4907
shared,3,thrashing,WSClock,ProportionalAllocation,547,3,495300,{'interleave': 'random'},0.4953
shared_total,,thrashing,WSClock,ProportionalAllocation,547,4,2573600,{'interleave': 'random'},2.5736
shared,0,thrashing,WSClock,ProportionalAllocation,547,4,454000,{'interleave': 'random'},0.454
shared,1,thrashing,WSClock,ProportionalAllocation,547,4,471900,{'interleave': 'random'},0.4719
shared,2,thrashing,WSClock,ProportionalAllocation,547,4,477800,{'interleave': 'random'},0.4778
shared,3,thrashing,WSClock,ProportionalAllocation,547,4,483200,{'interleave': 'random'},0.4832
shared_total,,thrashing,WSClock,ProportionalAllocation,547,5,2573100,{'interleave': 'random'},2.5731
shared,0,thrashing,WSClock,ProportionalAllocation,547,5,484400,{'interleave': 'random'},0.4844
shared,1,thrashing,WSClock,ProportionalAllocation,547,5,470500,{'interleave': 'random'},0.4705
shared,2,thrashing,WSClock,ProportionalAllocation,547,5,476400,{'interleave': 'random'},0.4764
shared,3,thrashing,WSClock,ProportionalAllocation,547,5,476700,{'interleave': 'random'},0.4767
shared_total,,thrashing,WSClock,ProportionalAllocation,547,6,2507600,{'interleave': 'random'},2.5076
shared,0,thrashing,WSClock,ProportionalAllocation,547,6,447100,{'interleave': 'random'},0.4471
shared,1,thrashing,WSClock,ProportionalAllocation,547,6,451000,{'interleave': 'random'},0.451
shared,2,thrashing,WSClock,ProportionalAllocation,547,6,465300,{'interleave': 'random'},0.4653
shared,3,thrashing,WSClock,ProportionalAllocation,547,6,474400,{'interleave': 'random'},0.4744
shared_total,,thrashing,WSClock,ProportionalAllocation,547,7,2538400,{'interleave': 'random'},2.5384
shared,0,thrashing,WSClock,ProportionalAllocation,547,7,454200,{'interleave': 'random'},0.4542
shared,1,thrashing,WSClock,ProportionalAllocation,547,7,460700,{'interleave': 'random'},0.4607
shared,2,thrashing,WSClock,ProportionalAllocation,547,7,471800,{'interleave': 'random'},0.4718
shared,3,thrashing,WSClock,ProportionalAllocation,547,7,481000,{'interleave': 'random'},0.481
shared_total,,thrashing,WSClock,ProportionalAllocation,547,8,2538700,{'interleave': 'random'},2.5387
shared,0,thrashing,WSClock,ProportionalAllocation,547,8,452400,{'interleave': 'random'},0.4524
shared,1,thrashing,WSClock,ProportionalAllocation,547,8,461500,{'interleave': 'random'},0.4615
shared,2,thrashing,WSClock,ProportionalAllocation,547,8,473000,{'interleave': 'random'},0.473
shared,3,thrashing,WSClock,ProportionalAllocation,547,8,482600,{'interleave': 'random'},0.4826
shared_total,,thrashing,WSClock,ProportionalAllocation,547,9,3289700,{'interleave': 'random'},3.2897
shared,0,thrashing,WSClock,ProportionalAllocation,547,9,618900,{'interleave': 'random'},0.6189
shared,1,thrashing,WSClock,ProportionalAllocation,547,9,565700,{'interleave': 'random'},0.5657
shared,2,thrashing,WSClock,ProportionalAllocation,547,9,575900,{'interleave': 'random'},0.5759
shared,3,thrashing,WSClock,ProportionalAllocation,547,9,723500,{'interleave': 'random'},0.7235
shared_total,,thrashing,FIFO,GlobalAllocation,684,0,2878500,{'interleave': 'random'},2.8785
shared,0,thrashing,FIFO,GlobalAllocation,684,0,503400,{'interleave': 'random'},0.5034
shared,1,thrashing,FIFO,GlobalAllocation,684,0,565000,{'interleave': 'random'},0.565
shared,2,thrashing,FIFO,GlobalAllocation,684,0,580900,{'interleave': 'random'},0.5809
shared,3,thrashing,FIFO,GlobalAllocation,684,0,571900,{'interleave': 'random'},0.5719
shared_total,,thrashing,FIFO,GlobalAllocation,684,1,2853800,{'interleave': 'random'},2.8538
shared,0,thrashing,FIFO,GlobalAllocation,684,1,494500,{'interleave': 'random'},0.4945
shared,1,thrashing,FIFO,GlobalAllocation,684,1,567200,{'interleave': 'random'},0.5672
shared,2,thrashing,FIFO,GlobalAllocation,684,1,569200,{'interleave': 'random'},0.5692
shared,3,thrashing,FIFO,GlobalAllocation,684,1,576700,{'interleave': 'random'},0.5767
shared_total,,thrashing,FIFO,GlobalAllocation,684,2,2848800,{'interleave': 'random'},2.8488
shared,0,thrashing,FIFO,GlobalAllocation,684,2,490500,{'interleave': 'random'},0.4905
shared,1,thrashing,FIFO,GlobalAllocation,684,2,561500,{'interleave': 'random'},0.5615
shared,2,thrashing,FIFO,GlobalAllocation,684,2,565400,{'interleave': 'random'},0.5654
shared,3,thrashing,FIFO,GlobalAllocation,684,2,573900,{'interleave': 'random'},0.5739
shared_total,,thrashing,FIFO,GlobalAllocation,684,3,2950700,{'interleave': 'random'},2.9507
shared,0,thrashing,FIFO,GlobalAllocation,684,3,509500,{'interleave': 'random'},0.5095
shared,1,thrashing,FIFO,GlobalAllocation,684,3,578900,{'interleave': 'random'},0.5789
shared,2,thrashing,FIFO,GlobalAllocation,684,3,587600,{'interleave': 'random'},0.5876
shared,3,thrashing,FIFO,GlobalAllocation,684,3,585800,{'interleave': 'random'},0.5858
shared_total,,thrashing,FIFO,GlobalAllocation,684,4,2820900,{'interleave': 'random'},2.8209
shared,0,thrashing,FIFO,GlobalAllocation,684,4,486400,{'interleave': 'random'},0.4864
shared,1,thrashing,FIFO,GlobalAllocation,684,4,558400,{'interleave': 'random'},0.5584
shared,2,thrashing,FIFO,GlobalAllocation,684,4,558500,{'interleave': 'random'},0.5585
shared,3,thrashing,FIFO,GlobalAllocation,684,4,572500,{'interleave': 'random'},0.5725
shared_total,,thrashing,FIFO,GlobalAllocation,684,5,2843400,{'interleave': 'random'},2.8434
shared,0,thrashing,FIFO,GlobalAllocation,684,5,488700,{'interleave': 'random'},0.4887
shared,1,thrashing,FIFO,GlobalAllocation,684,5,564800,{'interleave': 'random'},0.5648
shared,2,thrashing,FIFO,GlobalAllocation,684,5,566800,{'interleave': 'random'},0.5668
shared,3,thrashing,FIFO,GlobalAllocation,684,5,571700,{'interleave': 'random'},0.5717
shared_total,,thrashing,FIFO,GlobalAllocation,684,6,2859000,{'interleave': 'random'},2.859
shared,0,thrashing,FIFO,GlobalAllocation,684,6,496700,{'interleave': 'random'},0.4967
shared,1,thrashing,FIFO,GlobalAllocation,684,6,568700,{'interleave': 'random'},0.5687
shared,2,thrashing,FIFO,GlobalAllocation,684,6,566800,{'interleave': 'random'},0.5668
shared,3,thrashing,FIFO,GlobalAllocation,684,6,580700,{'interleave': 'random'},0.5807
shared_total,,thrashing,FIFO,GlobalAllocation,684,7,2854800,{'interleave': 'random'},2.8548
shared,0,thrashing,FIFO,GlobalAllocation,684,7,486900,{'interleave': 'random'},0.4869
shared,1,thrashing,FIFO,GlobalAllocation,684,7,554400,{'interleave': 'random'},0.5544
shared,2,thrashing,FIFO,GlobalAllocation,684,7,578600,{'interleave': 'random'},0.5786
shared,3,thrashing,FIFO,GlobalAllocation,684,7,568500,{'interleave': 'random'},0.5685
shared_total,,thrashing,FIFO,GlobalAllocation,684,8,3892400,{'interleave': 'random'},3.8924
shared,0,thrashing,FIFO,GlobalAllocation,684,8,682100,{'interleave': 'random'},0.6821
shared,1,thrashing,FIFO,GlobalAllocation,684,8,728800,{'interleave': 'random'},0.7288
shared,2,thrashing,FIFO,GlobalAllocation,684,8,785800,{'interleave': 'random'},0.7858
shared,3,thrashing,FIFO,GlobalAllocation,684,8,769200,{'interleave': 'random'},0.7692
shared_total,,thrashing,FIFO,GlobalAllocation,684,9,2861400,{'interleave': 'random'},2.8614
shared,0,thrashing,FIFO,GlobalAllocation,684,9,491400,{'interleave': 'random'},0.4914
shared,1,thrashing,FIFO,GlobalAllocation,684,9,575000,{'interleave': 'random'},0.575
shared,2,thrashing,FIFO,GlobalAllocation,684,9,566200,{'interleave': 'random'},0.5662
shared,3,thrashing,FIFO,GlobalAllocation,684,9,575500,{'interleave': 'random'},0.5755
shared_total,,thrashing,FIFO,LocalAllocation,684,0,2364900,{'interleave': 'random'},2.3649
shared,0,thrashing,FIFO,LocalAllocation,684,0,399100,{'interleave': 'random'},0.3991
shared,1,thrashing,FIFO,LocalAllocation,684,0,403400,{'interleave': 'random'},0.4034
shared,2,thrashing,FIFO,LocalAllocation,684,0,411000,{'interleave': 'random'},0.411
shared,3,thrashing,FIFO,LocalAllocation,684,0,413200,{'interleave': 'random'},0.4132
shared_total,,thrashing,FIFO,LocalAllocation,684,1,2018700,{'interleave': 'random'},2.0187
shared,0,thrashing,FIFO,LocalAllocation,684,1,346000,{'interleave': 'random'},0.346
shared,1,thrashing,FIFO,LocalAllocation,684,1,351300,{'interleave': 'random'},0.3513
shared,2,thrashing,FIFO,LocalAllocation,684,1,349900,{'interleave': 'random'},0.3499
shared,3,thrashing,FIFO,LocalAllocation,684,1,356500,{'interleave': 'random'},0.3565
shared_total,,thrashing,FIFO,LocalAllocation,684,2,2021700,{'interleave': 'random'},2.0217
shared,0,thrashing,FIFO,LocalAllocation,684,2,343500,{'interleave': 'random'},0.3435
shared,1,thrashing,FIFO,LocalAllocation,684,2,348100,{'interleave': 'random'},0.3481
shared,2,thrashing,FIFO,LocalAllocation,684,2,352500,{'interleave': 'random'},0.3525
shared,3,thrashing,FIFO,LocalAllocation,684,2,355000,{'interleave': 'random'},0.355
shared_total,,thrashing,FIFO,LocalAllocation,684,3,2007200,{'interleave': 'random'},2.0072
shared,0,thrashing,FIFO,LocalAllocation,684,3,344300,{'interleave': 'random'},0.3443
shared,1,thrashing,FIFO,LocalAllocation,684,3,342000,{'interleave': 'random'},0.342
shared,2,thrashing,FIFO,LocalAllocation,684,3,349500,{'interleave': 'random'},0.3495
shared,3,thrashing,FIFO,LocalAllocation,684,3,352200,{'interleave': 'random'},0.3522
shared_total,,thrashing,FIFO,LocalAllocation,684,4,1832100,{'interleave': 'random'},1.8321
shared,0,thrashing,FIFO,LocalAllocation,684,4,311600,{'interleave': 'random'},0.3116
shared,1,thrashing,FIFO,LocalAllocation,684,4,311500,{'interleave': 'random'},0.3115
shared,2,thrashing,FIFO,LocalAllocation,684,4,316200,{'interleave': 'random'},0.3162
shared,3,thrashing,FIFO,LocalAllocation,684,4,317300,{'interleave': 'random'},0.3173
shared_total,,thrashing,FIFO,LocalAllocation,684,5,1911100,{'interleave': 'random'},1.9111
shared,0,thrashing,FIFO,LocalAllocation,684,5,330200,{'interleave': 'random'},0.3302
shared,1,thrashing,FIFO,LocalAllocation,684,5,333100,{'interleave': 'random'},0.3331
shared,2,thrashing,FIFO,LocalAllocation,684,5,329000,{'interleave': 'random'},0.329
shared,3,thrashing,FIFO,LocalAllocation,684,5,332500,{'interleave': 'random'},0.3325
shared_total,,thrashing,FIFO,LocalAllocation,684,6,1973800,{'interleave': 'random'},1.9738
shared,0,thrashing,FIFO,LocalAllocation,684,6,333000,{'interleave': 'random'},0.333
shared,1,thrashing,FIFO,LocalAllocation,684,6,335900,{'interleave': 'random'},0.3359
shared,2,thrashing,FIFO,LocalAllocation,684,6,345300,{'interleave': 'random'},0.3453
shared,3,thrashing,FIFO,LocalAllocation,684,6,346500,{'interleave': 'random'},0.3465
shared_total,,thrashing,FIFO,LocalAllocation,684,7,1981400,{'interleave': 'random'},1.9814
shared,0,thrashing,FIFO,LocalAllocation,684,7,336400,{'interleave': 'random'},0.3364
shared,1,thrashing,FIFO,LocalAllocation,684,7,341400,{'interleave': 'random'},0.3414
shared,2,thrashing,FIFO,LocalAllocation,684,7,345300,{'interleave': 'random'},0.3453
shared,3,thrashing,FIFO,LocalAllocation,684,7,351600,{'interleave': 'random'},0.3516
shared_total,,thrashing,FIFO,LocalAllocation,684,8,1986800,{'interleave': 'random'},1.9868
shared,0,thrashing,FIFO,LocalAllocation,684,8,337200,{'interleave': 'random'},0.3372
shared,1,thrashing,FIFO,LocalAllocation,684,8,340000,{'interleave': 'random'},0.34
shared,2,thrashing,FIFO,LocalAllocation,684,8,352600,{'interleave': 'random'},0.3526
shared,3,thrashing,FIFO,LocalAllocation,684,8,347800,{'interleave': 'random'},0.3478
shared_total,,thrashing,FIFO,LocalAllocation,684,9,2299000,{'interleave': 'random'},2.299
shared,0,thrashing,FIFO,LocalAllocation,684,9,394200,{'interleave': 'random'},0.3942
shared,1,thrashing,FIFO,LocalAllocation,684,9,403000,{'interleave': 'random'},0.403
shared,2,thrashing,FIFO,LocalAllocation,684,9,410000,{'interleave': 'random'},0.41
shared,3,thrashing,FIFO,LocalAllocation,684,9,380400,{'interleave': 'random'},0.3804
shared_total,,thrashing,FIFO,ProportionalAllocation,684,0,2177500,{'interleave': 'random'},2.1775
shared,0,thrashing,FIFO,ProportionalAllocation,684,0,355400,{'interleave': 'random'},0.3554
shared,1,thrashing,FIFO,ProportionalAllocation,684,0,400400,{'interleave': 'random'},0.4004
shared,2,thrashing,FIFO,ProportionalAllocation,684,0,366100,{'interleave': 'random'},0.3661
shared,3,thrashing,FIFO,ProportionalAllocation,684,0,367400,{'interleave': 'random'},0.3674
shared_total,,thrashing,FIFO,ProportionalAllocation,684,1,2099000,{'interleave': 'random'},2.099
shared,0,thrashing,FIFO,ProportionalAllocation,684,1,346900,{'interleave': 'random'},0.3469
shared,1,thrashing,FIFO,ProportionalAllocation,684,1,353800,{'interleave': 'random'},0.3538
shared,2,thrashing,FIFO,ProportionalAllocation,684,1,356900,{'interleave': 'random'},0.3569
shared,3,thrashing,FIFO,ProportionalAllocation,684,1,358800,{'interleave': 'random'},0.3588
shared_total,,thrashing,FIFO,ProportionalAllocation,684,2,1974900,{'interleave': 'random'},1.9749
shared,0,thrashing,FIFO,ProportionalAllocation,684,2,331100,{'interleave': 'random'},0.3311
shared,1,thrashing,FIFO,ProportionalAllocation,684,2,344400,{'interleave': 'random'},0.3444
shared,2,thrashing,FIFO,ProportionalAllocation,684,2,344600,{'interleave': 'random'},0.3446
shared,3,thrashing,FIFO,ProportionalAllocation,684,2,349400,{'interleave': 'random'},0.3494
shared_total,,thrashing,FIFO,ProportionalAllocation,684,3,2023200,{'interleave': 'random'},2.0232
shared,0,thrashing,FIFO,ProportionalAllocation,684,3,345400,{'interleave': 'random'},0.3454
shared,1,thrashing,FIFO,ProportionalAllocation,684,3,345700,{'interleave': 'random'},0.3457
shared,2,thrashing,FIFO,ProportionalAllocation,684,3,349600,{'interleave': 'random'},0.3496
shared,3,thrashing,FIFO,ProportionalAllocation,684,3,358300,{'interleave': 'random'},0.3583
shared_total,,thrashing,FIFO,ProportionalAllocation,684,4,1981700,{'interleave': 'random'},1.9817
shared,0,thrashing,FIFO,ProportionalAllocation,684,4,335700,{'interleave': 'random'},0.3357
shared,1,thrashing,FIFO,ProportionalAllocation,684,4,344500,{'interleave': 'random'},0.3445
shared,2,thrashing,FIFO,ProportionalAllocation,684,4,345600,{'interleave': 'random'},0.3456
shared,3,thrashing,FIFO,ProportionalAllocation,684,4,344700,{'interleave': 'random'},0.3447
shared_total,,thrashing,FIFO,ProportionalAllocation,684,5,2045300,{'interleave': 'random'},2.0453
shared,0,thrashing,FIFO,ProportionalAllocation,684,5,345400,{'interleave': 'random'},0.3454
shared,1,thrashing,FIFO,ProportionalAllocation,684,5,354300,{'interleave': 'random'},0.3543
shared,2,thrashing,FIFO,ProportionalAllocation,684,5,346600,{'interleave': 'random'},0.3466
shared,3,thrashing,FIFO,ProportionalAllocation,684,5,363200,{'interleave': 'random'},0.3632
shared_total,,thrashing,FIFO,ProportionalAllocation,684,6,1999000,{'interleave': 'random'},1.999
shared,0,thrashing,FIFO,ProportionalAllocation,684,6,336800,{'interleave': 'random'},0.3368
shared,1,thrashing,FIFO,ProportionalAllocation,684,6,342600,{'interleave': 'random'},0.3426
shared,2,thrashing,FIFO,ProportionalAllocation,684,6,349500,{'interleave': 'random'},0.3495
shared,3,thrashing,FIFO,ProportionalAllocation,684,6,353200,{'interleave': 'random'},0.3532
shared_total,,thrashing,FIFO,ProportionalAllocation,684,7,1994000,{'interleave': 'random'},1.994
shared,0,thrashing,FIFO,ProportionalAllocation,684,7,340200,{'interleave': 'random'},0.3402
shared,1,thrashing,FIFO,ProportionalAllocation,684,7,338800,{'interleave': 'random'},0.3388
shared,2,thrashing,FIFO,ProportionalAllocation,684,7,346400,{'interleave': 'random'},0.3464
shared,3,thrashing,FIFO,ProportionalAllocation,684,7,349000,{'interleave': 'random'},0.349
shared_total,,thrashing,FIFO,ProportionalAllocation,684,8,4401400,{'interleave': 'random'},4.4014
shared,0,thrashing,FIFO,ProportionalAllocation,684,8,747900,{'interleave': 'random'},0.7479
shared,1,thrashing,FIFO,ProportionalAllocation,684,8,733300,{'interleave': 'random'},0.7333
shared,2,thrashing,FIFO,ProportionalAllocation,684,8,818300,{'interleave': 'random'},0.8183
shared,3,thrashing,FIFO,ProportionalAllocation,684,8,746200,{'interleave': 'random'},0.7462
shared_total,,thrashing,FIFO,ProportionalAllocation,684,9,1942000,{'interleave': 'random'},1.942
shared,0,thrashing,FIFO,ProportionalAllocation,684,9,330300,{'interleave': 'random'},0.3303
shared,1,thrashing,FIFO,ProportionalAllocation,684,9,336200,{'interleave': 'random'},0.3362
shared,2,thrashing,FIFO,ProportionalAllocation,684,9,340600,{'interleave': 'random'},0.3406
shared,3,thrashing,FIFO,ProportionalAllocation,684,9,342100,{'interleave': 'random'},0.3421
shared_total,,thrashing,LRU,GlobalAllocation,684,0,3756400,{'interleave': 'random'},3.7564
shared,0,thrashing,LRU,GlobalAllocation,684,0,696400,{'interleave': 'random'},0.6964
shared,1,thrashing,LRU,GlobalAllocation,684,0,776700,{'interleave': 'random'},0.7767
shared,2,thrashing,LRU,GlobalAllocation,684,0,803800,{'interleave': 'random'},0.8038
shared,3,thrashing,LRU,GlobalAllocation,684,0,802000,{'interleave': 'random'},0.802
shared_total,,thrashing,LRU,GlobalAllocation,684,1,3846900,{'interleave': 'random'},3.8469
shared,0,thrashing,LRU,GlobalAllocation,684,1,705100,{'interleave': 'random'},0.7051
shared,1,thrashing,LRU,GlobalAllocation,684,1,801200,{'interleave': 'random'},0.8012
shared,2,thrashing,LRU,GlobalAllocation,684,1,800300,{'interleave': 'random'},0.8003
shared,3,thrashing,LRU,GlobalAllocation,684,1,843300,{'interleave': 'random'},0.8433
shared_total,,thrashing,LRU,GlobalAllocation,684,2,3709600,{'interleave': 'random'},3.7096
shared,0,thrashing,LRU,GlobalAllocation,684,2,673200,{'interleave': 'random'},0.6732
shared,1,thrashing,LRU,GlobalAllocation,684,2,778500,{'interleave': 'random'},0.7785
shared,2,thrashing,LRU,GlobalAllocation,684,2,792900,{'interleave': 'random'},0.7929
shared,3,thrashing,LRU,GlobalAllocation,684,2,788800,{'interleave': 'random'},0.7888
shared_total,,thrashing,LRU,GlobalAllocation,684,3,3808800,{'interleave': 'random'},3.8088
shared,0,thrashing,LRU,GlobalAllocation,684,3,706800,{'interleave': 'random'},0.7068
shared,1,thrashing,LRU,GlobalAllocation,684,3,791900,{'interleave': 'random'},0.7919
shared,2,thrashing,LRU,GlobalAllocation,684,3,821600,{'interleave': 'random'},0.8216
shared,3,thrashing,LRU,GlobalAllocation,684,3,798100,{'interleave': 'random'},0.7981
shared_total,,thrashing,LRU,GlobalAllocation,684,4,3780300,{'interleave': 'random'},3.7803
shared,0,thrashing,LRU,GlobalAllocation,684,4,693300,{'interleave': 'random'},0.6933
shared,1,thrashing,LRU,GlobalAllocation,684,4,796100,{'interleave': 'random'},0.7961
shared,2,thrashing,LRU,GlobalAllocation,684,4,792200,{'interleave': 'random'},0.7922
shared,3,thrashing,LRU,GlobalAllocation,684,4,816600,{'interleave': 'random'},0.8166
shared_total,,thrashing,LRU,GlobalAllocation,684,5,5702600,{'interleave': 'random'},5.7026
shared,0,thrashing,LRU,GlobalAllocation,684,5,1003700,{'interleave': 'random'},1.0037
shared,1,thrashing,LRU,GlobalAllocation,684,5,1197700,{'interleave': 'random'},1.1977
shared,2,thrashing,LRU,GlobalAllocation,684,5,1197800,{'interleave': 'random'},1.1978
shared,3,thrashing,LRU,GlobalAllocation,684,5,1196300,{'interleave': 'random'},1.1963
shared_total,,thrashing,LRU,GlobalAllocation,684,6,3832600,{'interleave': 'random'},3.8326
shared,0,thrashing,LRU,GlobalAllocation,684,6,702700,{'interleave': 'random'},0.7027
shared,1,thrashing,LRU,GlobalAllocation,684,6,802800,{'interleave': 'random'},0.8028
shared,2,thrashing,LRU,GlobalAllocation,684,6,804500,{'interleave': 'random'},0.8045
shared,3,thrashing,LRU,GlobalAllocation,684,6,827900,{'interleave': 'random'},0.8279
shared_total,,thrashing,LRU,GlobalAllocation,684,7,3766100,{'interleave': 'random'},3.7661
shared,0,thrashing,LRU,GlobalAllocation,684,7,694400,{'interleave': 'random'},0.6944
shared,1,thrashing,LRU,GlobalAllocation,684,7,783800,{'interleave': 'random'},0.7838
shared,2,thrashing,LRU,GlobalAllocation,684,7,800400,{'interleave': 'random'},0.8004
shared,3,thrashing,LRU,GlobalAllocation,684,7,812700,{'interleave': 'random'},0.8127
shared_total,,thrashing,LRU,GlobalAllocation,684,8,3746700,{'interleave': 'random'},3.7467
shared,0,thrashing,LRU,GlobalAllocation,684,8,711400,{'interleave': 'random'},0.7114
shared,1,thrashing,LRU,GlobalAllocation,684,8,776700,{'interleave': 'random'},0.7767
shared,2,thrashing,LRU,GlobalAllocation,684,8,786600,{'interleave': 'random'},0.7866
shared,3,thrashing,LRU,GlobalAllocation,684,8,800300,{'interleave': 'random'},0.8003
shared_total,,thrashing,LRU,GlobalAllocation,684,9,3776400,{'interleave': 'random'},3.7764
shared,0,thrashing,LRU,GlobalAllocation,684,9,686200,{'interleave': 'random'},0.6862
shared,1,thrashing,LRU,GlobalAllocation,684,9,798900,{'interleave': 'random'},0.7989
shared,2,thrashing,LRU,GlobalAllocation,684,9,796700,{'interleave': 'random'},0.7967
shared,3,thrashing,LRU,GlobalAllocation,684,9,810500,{'interleave': 'random'},0.8105
shared_total,,thrashing,LRU,LocalAllocation,684,0,2615200,{'interleave': 'random'},2.6152
shared,0,thrashing,LRU,LocalAllocation,684,0,479200,{'interleave': 'random'},0.4792
shared,1,thrashing,LRU,LocalAllocation,684,0,484500,{'interleave': 'random'},0.4845
shared,2,thrashing,LRU,LocalAllocation,684,0,487400,{'interleave': 'random'},0.4874
shared,3,thrashing,LRU,LocalAllocation,684,0,488200,{'interleave': 'random'},0.4882
shared_total,,thrashing,LRU,LocalAllocation,684,1,2595400,{'interleave': 'random'},2.5954
shared,0,thrashing,LRU,LocalAllocation,684,1,479800,{'interleave': 'random'},0.4798
shared,1,thrashing,LRU,LocalAllocation,684,1,481400,{'interleave': 'random'},0.4814
shared,2,thrashing,LRU,LocalAllocation,684,1,486600,{'interleave': 'random'},0.4866
shared,3,thrashing,LRU,LocalAllocation,684,1,486000,{'interleave': 'random'},0.486
shared_total,,thrashing,LRU,LocalAllocation,684,2,2543500,{'interleave': 'random'},2.5435
shared,0,thrashing,LRU,LocalAllocation,684,2,461100,{'interleave': 'random'},0.4611
shared,1,thrashing,LRU,LocalAllocation,684,2,463700,{'interleave': 'random'},0.4637
shared,2,thrashing,LRU,LocalAllocation,684,2,462600,{'interleave': 'random'},0.4626
shared,3,thrashing,LRU,LocalAllocation,684,2,469100,{'interleave': 'random'},0.4691
shared_total,,thrashing,LRU,LocalAllocation,684,3,2545100,{'interleave': 'random'},2.5451
shared,0,thrashing,LRU,LocalAllocation,684,3,460400,{'interleave': 'random'},0.4604
shared,1,thrashing,LRU,LocalAllocation,684,3,467000,{'interleave': 'random'},0.467
shared,2,thrashing,LRU,LocalAllocation,684,3,469200,{'interleave': 'random'},0.4692
shared,3,thrashing,LRU,LocalAllocation,684,3,474600,{'interleave': 'random'},0.4746
shared_total,,thrashing,LRU,LocalAllocation,684,4,2578100,{'interleave': 'random'},2.5781
shared,0,thrashing,LRU,LocalAllocation,684,4,478800,{'interleave': 'random'},0.4788
shared,1,thrashing,LRU,LocalAllocation,684,4,475800,{'interleave': 'random'},0.4758
shared,2,thrashing,LRU,LocalAllocation,684,4,481800,{'interleave': 'random'},0.4818
shared,3,thrashing,LRU,LocalAllocation,684,4,481200,{'interleave': 'random'},0.4812
shared_total,,thrashing,LRU,LocalAllocation,684,5,2552700,{'interleave': 'random'},2.5527
shared,0,thrashing,LRU,LocalAllocation,684,5,467600,{'interleave': 'random'},0.4676
shared,1,thrashing,LRU,LocalAllocation,684,5,468100,{'interleave': 'random'},0.4681
shared,2,thrashing,LRU,LocalAllocation,684,5,471200,{'interleave': 'random'},0.4712
shared,3,thrashing,LRU,LocalAllocation,684,5,473000,{'interleave': 'random'},0.473
shared_total,,thrashing,LRU,LocalAllocation,684,6,2557900,{'interleave': 'random'},2.5579
shared,0,thrashing,LRU,LocalAllocation,684,6,464900,{'interleave': 'random'},0.4649
shared,1,thrashing,LRU,LocalAllocation,684,6,460900,{'interleave': 'random'},0.4609
shared,2,thrashing,LRU,LocalAllocation,684,6,473500,{'interleave': 'random'},0.4735
shared,3,thrashing,LRU,LocalAllocation,684,6,471000,{'interleave': 'random'},0.471
shared_total,,thrashing,LRU,LocalAllocation,684,7,2593900,{'interleave': 'random'},2.5939
shared,0,thrashing,LRU,LocalAllocation,684,7,481900,{'interleave': 'random'},0.4819
shared,1,thrashing,LRU,LocalAllocation,684,7,485000,{'interleave': 'random'},0.485
shared,2,thrashing,LRU,LocalAllocation,684,7,491100,{'interleave': 'random'},0.4911
shared,3,thrashing,LRU,LocalAllocation,684,7,488000,{'interleave': 'random'},0.488
shared_total,,thrashing,LRU,LocalAllocation,684,8,2577100,{'interleave': 'random'},2.5771
shared,0,thrashing,LRU,LocalAllocation,684,8,471500,{'interleave': 'random'},0.4715
shared,1,thrashing,LRU,LocalAllocation,684,8,463600,{'interleave': 'random'},0.4636
shared,2,thrashing,LRU,LocalAllocation,684,8,470400,{'interleave': 'random'},0.4704
shared,3,thrashing,LRU,LocalAllocation,684,8,468800,{'interleave': 'random'},0.4688
shared_total,,thrashing,LRU,LocalAllocation,684,9,2572700,{'interleave': 'random'},2.5727
shared,0,thrashing,LRU,LocalAllocation,684,9,471200,{'interleave': 'random'},0.4712
shared,1,thrashing,LRU,LocalAllocation,684,9,476000,{'interleave': 'random'},0.476
shared,2,thrashing,LRU,LocalAllocation,684,9,471300,{'interleave': 'random'},0.4713
shared,3,thrashing,LRU,LocalAllocation,684,9,483500,{'interleave': 'random'},0.4835
shared_total,,thrashing,LRU,ProportionalAllocation,684,0,2722000,{'interleave': 'random'},2.722
shared,0,thrashing,LRU,ProportionalAllocation,684,0,534600,{'interleave': 'random'},0.5346
shared,1,thrashing,LRU,ProportionalAllocation,684,0,508100,{'interleave': 'random'},0.5081
shared,2,thrashing,LRU,ProportionalAllocation,684,0,512700,{'interleave': 'random'},0.5127
shared,3,thrashing,LRU,ProportionalAllocation,684,0,513600,{'interleave': 'random'},0.5136
shared_total,,thrashing,LRU,ProportionalAllocation,684,1,2555700,{'interleave': 'random'},2.5557
shared,0,thrashing,LRU,ProportionalAllocation,684,1,463400,{'interleave': 'random'},0.4634
shared,1,thrashing,LRU,ProportionalAllocation,684,1,464800,{'interleave': 'random'},0.4648
shared,2,thrashing,LRU,ProportionalAllocation,684,1,469200,{'interleave': 'random'},0.4692
shared,3,thrashing,LRU,ProportionalAllocation,684,1,469500,{'interleave': 'random'},0.4695
shared_total,,thrashing,LRU,ProportionalAllocation,684,2,2575100,{'interleave': 'random'},2.5751
shared,0,thrashing,LRU,ProportionalAllocation,684,2,470000,{'interleave': 'random'},0.47
shared,1,thrashing,LRU,ProportionalAllocation,684,2,474400,{'interleave': 'random'},0.4744
shared,2,thrashing,LRU,ProportionalAllocation,684,2,476900,{'interleave': 'random'},0.4769
shared,3,thrashing,LRU,ProportionalAllocation,684,2,477900,{'interleave': 'random'},0.4779
shared_total,,thrashing,LRU,ProportionalAllocation,684,3,2596300,{'interleave': 'random'},2.5963
shared,0,thrashing,LRU,ProportionalAllocation,684,3,479500,{'interleave': 'random'},0.4795
shared,1,thrashing,LRU,ProportionalAllocation,684,3,482300,{'interleave': 'random'},0.4823
shared,2,thrashing,LRU,ProportionalAllocation,684,3,483400,{'interleave': 'random'},0.4834
shared,3,thrashing,LRU,ProportionalAllocation,684,3,487400,{'interleave': 'random'},0.4874
shared_total,,thrashing,LRU,ProportionalAllocation,684,4,2590900,{'interleave': 'random'},2.5909
shared,0,thrashing,LRU,ProportionalAllocation,684,4,470100,{'interleave': 'random'},0.4701
shared,1,thrashing,LRU,ProportionalAllocation,684,4,476500,{'interleave': 'random'},0.4765
shared,2,thrashing,LRU,ProportionalAllocation,684,4,480600,{'interleave': 'random'},0.4806
shared,3,thrashing,LRU,ProportionalAllocation,684,4,482800,{'interleave': 'random'},0.4828
shared_total,,thrashing,LRU,ProportionalAllocation,684,5,2587700,{'interleave': 'random'},2.5877
shared,0,thrashing,LRU,ProportionalAllocation,684,5,475700,{'interleave': 'random'},0.4757
shared,1,thrashing,LRU,ProportionalAllocation,684,5,474000,{'interleave': 'random'},0.474
shared,2,thrashing,LRU,ProportionalAllocation,684,5,470000,{'interleave': 'random'},0.47
shared,3,thrashing,LRU,ProportionalAllocation,684,5,473300,{'interleave': 'random'},0.4733
shared_total,,thrashing,LRU,ProportionalAllocation,684,6,2592900,{'interleave': 'random'},2.5929
shared,0,thrashing,LRU,ProportionalAllocation,684,6,478800,{'interleave': 'random'},0.4788
shared,1,thrashing,LRU,ProportionalAllocation,684,6,482700,{'interleave': 'random'},0.4827
shared,2,thrashing,LRU,ProportionalAllocation,684,6,493800,{'interleave': 'random'},0.4938
shared,3,thrashing,LRU,ProportionalAllocation,684,6,493800,{'interleave': 'random'},0.4938
shared_total,,thrashing,LRU,ProportionalAllocation,684,7,2582900,{'interleave': 'random'},2.5829
shared,0,thrashing,LRU,ProportionalAllocation,684,7,474200,{'interleave': 'random'},0.4742
shared,1,thrashing,LRU,ProportionalAllocation,684,7,476700,{'interleave': 'random'},0.4767
shared,2,thrashing,LRU,ProportionalAllocation,684,7,473800,{'interleave': 'random'},0.4738
shared,3,thrashing,LRU,ProportionalAllocation,684,7,484700,{'interleave': 'random'},0.4847
shared_total,,thrashing,LRU,ProportionalAllocation,684,8,2566000,{'interleave': 'random'},2.566
shared,0,thrashing,LRU,ProportionalAllocation,684,8,476800,{'interleave': 'random'},0.4768
shared,1,thrashing,LRU,ProportionalAllocation,684,8,459900,{'interleave': 'random'},0.4599
shared,2,thrashing,LRU,ProportionalAllocation,684,8,470400,{'interleave': 'random'},0.4704
shared,3,thrashing,LRU,ProportionalAllocation,684,8,470400,{'interleave': 'random'},0.4704
shared_total,,thrashing,LRU,ProportionalAllocation,684,9,2554100,{'interleave': 'random'},2.5541
shared,0,thrashing,LRU,ProportionalAllocation,684,9,461100,{'interleave': 'random'},0.4611
shared,1,thrashing,LRU,ProportionalAllocation,684,9,469300,{'interleave': 'random'},0.4693
shared,2,thrashing,LRU,ProportionalAllocation,684,9,466500,{'interleave': 'random'},0.4665
shared,3,thrashing,LRU,ProportionalAllocation,684,9,474300,{'interleave': 'random'},0.4743
shared_total,,thrashing,NRU,GlobalAllocation,684,0,3973000,{'interleave': 'random'},3.973
shared,0,thrashing,NRU,GlobalAllocation,684,0,839400,{'interleave': 'random'},0.8394
shared,1,thrashing,NRU,GlobalAllocation,684,0,793500,{'interleave': 'random'},0.7935
shared,2,thrashing,NRU,GlobalAllocation,684,0,872000,{'interleave': 'random'},0.872
shared,3,thrashing,NRU,GlobalAllocation,684,0,801500,{'interleave': 'random'},0.8015
shared_total,,thrashing,NRU,GlobalAllocation,684,1,12308800,{'interleave': 'random'},12.3088
shared,0,thrashing,NRU,GlobalAllocation,684,1,1293600,{'interleave': 'random'},1.2936
shared,1,thrashing,NRU,GlobalAllocation,684,1,2391700,{'interleave': 'random'},2.3917
shared,2,thrashing,NRU,GlobalAllocation,684,1,5954200,{'interleave': 'random'},5.9542
shared,3,thrashing,NRU,GlobalAllocation,684,1,1382300,{'interleave': 'random'},1.3823
shared_total,,thrashing,NRU,GlobalAllocation,684,2,3986000,{'interleave': 'random'},3.986
shared,0,thrashing,NRU,GlobalAllocation,684,2,775000,{'interleave': 'random'},0.775
shared,1,thrashing,NRU,GlobalAllocation,684,2,831300,{'interleave': 'random'},0.8313
shared,2,thrashing,NRU,GlobalAllocation,684,2,821100,{'interleave': 'random'},0.8211
shared,3,thrashing,NRU,GlobalAllocation,684,2,873100,{'interleave': 'random'},0.8731
shared_total,,thrashing,NRU,GlobalAllocation,684,3,3917200,{'interleave': 'random'},3.9172
shared,0,thrashing,NRU,GlobalAllocation,684,3,781800,{'interleave': 'random'},0.7818
shared,1,thrashing,NRU,GlobalAllocation,684,3,832800,{'interleave': 'random'},0.8328
shared,2,thrashing,NRU,GlobalAllocation,684,3,823500,{'interleave': 'random'},0.8235
shared,3,thrashing,NRU,GlobalAllocation,684,3,806800,{'interleave': 'random'},0.8068
shared_total,,thrashing,NRU,GlobalAllocation,684,4,3948400,{'interleave': 'random'},3.9484
shared,0,thrashing,NRU,GlobalAllocation,684,4,787900,{'interleave': 'random'},0.7879
shared,1,thrashing,NRU,GlobalAllocation,684,4,795000,{'interleave': 'random'},0.795
shared,2,thrashing,NRU,GlobalAllocation,684,4,853500,{'interleave': 'random'},0.8535
shared,3,thrashing,NRU,GlobalAllocation,684,4,833900,{'interleave': 'random'},0.8339
shared_total,,thrashing,NRU,GlobalAllocation,684,5,3917600,{'interleave': 'random'},3.9176
shared,0,thrashing,NRU,GlobalAllocation,684,5,761600,{'interleave': 'random'},0.7616
shared,1,thrashing,NRU,GlobalAllocation,684,5,840200,{'interleave': 'random'},0.8402
shared,2,thrashing,NRU,GlobalAllocation,684,5,830800,{'interleave': 'random'},0.8308
shared,3,thrashing,NRU,GlobalAllocation,684,5,813100,{'interleave': 'random'},0.8131
shared_total,,thrashing,NRU,GlobalAllocation,684,6,3979500,{'interleave': 'random'},3.9795
shared,0,thrashing,NRU,GlobalAllocation,684,6,728000,{'interleave': 'random'},0.728
shared,1,thrashing,NRU,GlobalAllocation,684,6,848200,{'interleave': 'random'},0.8482
shared,2,thrashing,NRU,GlobalAllocation,684,6,857000,{'interleave': 'random'},0.857
shared,3,thrashing,NRU,GlobalAllocation,684,6,878600,{'interleave': 'random'},0.8786
shared_total,,thrashing,NRU,GlobalAllocation,684,7,6021800,{'interleave': 'random'},6.0218
shared,0,thrashing,NRU,GlobalAllocation,684,7,1072400,{'interleave': 'random'},1.0724
shared,1,thrashing,NRU,GlobalAllocation,684,7,1222300,{'interleave': 'random'},1.2223
shared,2,thrashing,NRU,GlobalAllocation,684,7,1338000,{'interleave': 'random'},1.338
shared,3,thrashing,NRU,GlobalAllocation,684,7,1310200,{'interleave': 'random'},1.3102
shared_total,,thrashing,NRU,GlobalAllocation,684,8,3909700,{'interleave': 'random'},3.9097
shared,0,thrashing,NRU,GlobalAllocation,684,8,766300,{'interleave': 'random'},0.7663
shared,1,thrashing,NRU,GlobalAllocation,684,8,823300,{'interleave': 'random'},0.8233
shared,2,thrashing,NRU,GlobalAllocation,684,8,801700,{'interleave': 'random'},0.8017
shared,3,thrashing,NRU,GlobalAllocation,684,8,856100,{'interleave': 'random'},0.8561
shared_total,,thrashing,NRU,GlobalAllocation,684,9,3964400,{'interleave': 'random'},3.9644
shared,0,thrashing,NRU,GlobalAllocation,684,9,757500,{'interleave': 'random'},0.7575
shared,1,thrashing,NRU,GlobalAllocation,684,9,856200,{'interleave': 'random'},0.8562
shared,2,thrashing,NRU,GlobalAllocation,684,9,825600,{'interleave': 'random'},0.8256
shared,3,thrashing,NRU,GlobalAllocation,684,9,852100,{'interleave': 'random'},0.8521
shared_total,,thrashing,NRU,LocalAllocation,684,0,2717200,{'interleave': 'random'},2.7172
shared,0,thrashing,NRU,LocalAllocation,684,0,503500,{'interleave': 'random'},0.5035
shared,1,thrashing,NRU,LocalAllocation,684,0,505200,{'interleave': 'random'},0.5052
shared,2,thrashing,NRU,LocalAllocation,684,0,511900,{'interleave': 'random'},0.5119
shared,3,thrashing,NRU,LocalAllocation,684,0,525200,{'interleave': 'random'},0.5252
shared_total,,thrashing,NRU,LocalAllocation,684,1,2714700,{'interleave': 'random'},2.7147
shared,0,thrashing,NRU,LocalAllocation,684,1,509300,{'interleave': 'random'},0.5093
shared,1,thrashing,NRU,LocalAllocation,684,1,507700,{'interleave': 'random'},0.5077
shared,2,thrashing,NRU,LocalAllocation,684,1,516300,{'interleave': 'random'},0.5163
shared,3,thrashing,NRU,LocalAllocation,684,1,516700,{'interleave': 'random'},0.5167
shared_total,,thrashing,NRU,LocalAllocation,684,2,2651800,{'interleave': 'random'},2.6518
shared,0,thrashing,NRU,LocalAllocation,684,2,487100,{'interleave': 'random'},0.4871
shared,1,thrashing,NRU,LocalAllocation,684,2,489900,{'interleave': 'random'},0.4899
shared,2,thrashing,NRU,LocalAllocation,684,2,496100,{'interleave': 'random'},0.4961
shared,3,thrashing,NRU,LocalAllocation,684,2,508900,{'interleave': 'random'},0.5089
shared_total,,thrashing,NRU,LocalAllocation,684,3,2611700,{'interleave': 'random'},2.6117
shared,0,thrashing,NRU,LocalAllocation,684,3,479200,{'interleave': 'random'},0.4792
shared,1,thrashing,NRU,LocalAllocation,684,3,481800,{'interleave': 'random'},0.4818
shared,2,thrashing,NRU,LocalAllocation,684,3,486700,{'interleave': 'random'},0.4867
shared,3,thrashing,NRU,LocalAllocation,684,3,498400,{'interleave': 'random'},0.4984
shared_total,,thrashing,NRU,LocalAllocation,684,4,2635100,{'interleave': 'random'},2.6351
shared,0,thrashing,NRU,LocalAllocation,684,4,474500,{'interleave': 'random'},0.4745
shared,1,thrashing,NRU,LocalAllocation,684,4,477000,{'interleave': 'random'},0.477
shared,2,thrashing,NRU,LocalAllocation,684,4,488300,{'interleave': 'random'},0.4883
shared,3,thrashing,NRU,LocalAllocation,684,4,494800,{'interleave': 'random'},0.4948
shared_total,,thrashing,NRU,LocalAllocation,684,5,2707100,{'interleave': 'random'},2.7071
shared,0,thrashing,NRU,LocalAllocation,684,5,495900,{'interleave': 'random'},0.4959
shared,1,thrashing,NRU,LocalAllocation,684,5,505500,{'interleave': 'random'},0.5055
shared,2,thrashing,NRU,LocalAllocation,684,5,515200,{'interleave': 'random'},0.5152
shared,3,thrashing,NRU,LocalAllocation,684,5,512700,{'interleave': 'random'},0.5127
shared_total,,thrashing,NRU,LocalAllocation,684,6,2723100,{'interleave': 'random'},2.7231
shared,0,thrashing,NRU,LocalAllocation,684,6,491400,{'interleave': 'random'},0.4914
shared,1,thrashing,NRU,LocalAllocation,684,6,493900,{'interleave': 'random'},0.4939
shared,2,thrashing,NRU,LocalAllocation,684,6,528200,{'interleave': 'random'},0.5282
shared,3,thrashing,NRU,LocalAllocation,684,6,518700,{'interleave': 'random'},0.5187
shared_total,,thrashing,NRU,LocalAllocation,684,7,2652200,{'interleave': 'random'},2.6522
shared,0,thrashing,NRU,LocalAllocation,684,7,493800,{'interleave': 'random'},0.4938
shared,1,thrashing,NRU,LocalAllocation,684,7,493000,{'interleave': 'random'},0.493
shared,2,thrashing,NRU,LocalAllocation,684,7,500400,{'interleave': 'random'},0.5004
shared,3,thrashing,NRU,LocalAllocation,684,7,500100,{'interleave': 'random'},0.5001
shared_total,,thrashing,NRU,LocalAllocation,684,8,2573200,{'interleave': 'random'},2.5732
shared,0,thrashing,NRU,LocalAllocation,684,8,460400,{'interleave': 'random'},0.4604
shared,1,thrashing,NRU,LocalAllocation,684,8,463000,{'interleave': 'random'},0.463
shared,2,thrashing,NRU,LocalAllocation,684,8,471900,{'interleave': 'random'},0.4719
shared,3,thrashing,NRU,LocalAllocation,684,8,576500,{'interleave': 'random'},0.5765
shared_total,,thrashing,NRU,LocalAllocation,684,9,2419400,{'interleave': 'random'},2.4194
shared,0,thrashing,NRU,LocalAllocation,684,9,449000,{'interleave': 'random'},0.449
shared,1,thrashing,NRU,LocalAllocation,684,9,453300,{'interleave': 'random'},0.4533
shared,2,thrashing,NRU,LocalAllocation,684,9,458000,{'interleave': 'random'},0.458
shared,3,thrashing,NRU,LocalAllocation,684,9,462000,{'interleave': 'random'},0.462
shared_total,,thrashing,NRU,ProportionalAllocation,684,0,2635700,{'interleave': 'random'},2.6357
shared,0,thrashing,NRU,ProportionalAllocation,684,0,484100,{'interleave': 'random'},0.4841
shared,1,thrashing,NRU,ProportionalAllocation,684,0,489800,{'interleave': 'random'},0.4898
shared,2,thrashing,NRU,ProportionalAllocation,684,0,493800,{'interleave': 'random'},0.4938
shared,3,thrashing,NRU,ProportionalAllocation,684,0,498300,{'interleave': 'random'},0.4983
shared_total,,thrashing,NRU,ProportionalAllocation,684,1,2703100,{'interleave': 'random'},2.7031
shared,0,thrashing,NRU,ProportionalAllocation,684,1,507200,{'interleave': 'random'},0.5072
shared,1,thrashing,NRU,ProportionalAllocation,684,1,513200,{'interleave': 'random'},0.5132
shared,2,thrashing,NRU,ProportionalAllocation,684,1,514700,{'interleave': 'random'},0.5147
shared,3,thrashing,NRU,ProportionalAllocation,684,1,517100,{'interleave': 'random'},0.5171
shared_total,,thrashing,NRU,ProportionalAllocation,684,2,2646400,{'interleave': 'random'},2.6464
shared,0,thrashing,NRU,ProportionalAllocation,684,2,508800,{'interleave': 'random'},0.5088
shared,1,thrashing,NRU,ProportionalAllocation,684,2,495200,{'interleave': 'random'},0.4952
shared,2,thrashing,NRU,ProportionalAllocation,684,2,499800,{'interleave': 'random'},0.4998
shared,3,thrashing,NRU,ProportionalAllocation,684,2,502800,{'interleave': 'random'},0.5028
shared_total,,thrashing,NRU,ProportionalAllocation,684,3,2648600,{'interleave': 'random'},2.6486
shared,0,thrashing,NRU,ProportionalAllocation,684,3,492400,{'interleave': 'random'},0.4924
shared,1,thrashing,NRU,ProportionalAllocation,684,3,495500,{'interleave': 'random'},0.4955
shared,2,thrashing,NRU,ProportionalAllocation,684,3,502000,{'interleave': 'random'},0.502
shared,3,thrashing,NRU,ProportionalAllocation,684,3,508900,{'interleave': 'random'},0.5089
shared_total,,thrashing,NRU,ProportionalAllocation,684,4,2631200,{'interleave': 'random'},2.6312
shared,0,thrashing,NRU,ProportionalAllocation,684,4,480200,{'interleave': 'random'},0.4802
shared,1,thrashing,NRU,ProportionalAllocation,684,4,493100,{'interleave': 'random'},0.4931
shared,2,thrashing,NRU,ProportionalAllocation,684,4,494200,{'interleave': 'random'},0.4942
shared,3,thrashing,NRU,ProportionalAllocation,684,4,498100,{'interleave': 'random'},0.4981
shared_total,,thrashing,NRU,ProportionalAllocation,684,5,3151500,{'interleave': 'random'},3.1515
shared,0,thrashing,NRU,ProportionalAllocation,684,5,575800,{'interleave': 'random'},0.5758
shared,1,thrashing,NRU,ProportionalAllocation,684,5,586900,{'interleave': 'random'},0.5869
shared,2,thrashing,NRU,ProportionalAllocation,684,5,586500,{'interleave': 'random'},0.5865
shared,3,thrashing,NRU,ProportionalAllocation,684,5,587600,{'interleave': 'random'},0.5876
shared_total,,thrashing,NRU,ProportionalAllocation,684,6,2663800,{'interleave': 'random'},2.6638
shared,0,thrashing,NRU,ProportionalAllocation,684,6,485400,{'interleave': 'random'},0.4854
shared,1,thrashing,NRU,ProportionalAllocation,684,6,494900,{'interleave': 'random'},0.4949
shared,2,thrashing,NRU,ProportionalAllocation,684,6,504400,{'interleave': 'random'},0.5044
shared,3,thrashing,NRU,ProportionalAllocation,684,6,503000,{'interleave': 'random'},0.503
shared_total,,thrashing,NRU,ProportionalAllocation,684,7,2687700,{'interleave': 'random'},2.6877
shared,0,thrashing,NRU,ProportionalAllocation,684,7,496700,{'interleave': 'random'},0.4967
shared,1,thrashing,NRU,ProportionalAllocation,684,7,500500,{'interleave': 'random'},0.5005
shared,2,thrashing,NRU,ProportionalAllocation,684,7,508400,{'interleave': 'random'},0.5084
shared,3,thrashing,NRU,ProportionalAllocation,684,7,511500,{'interleave': 'random'},0.5115
shared_total,,thrashing,NRU,ProportionalAllocation,684,8,2624500,{'interleave': 'random'},2.6245
shared,0,thrashing,NRU,ProportionalAllocation,684,8,486000,{'interleave': 'random'},0.486
shared,1,thrashing,NRU,ProportionalAllocation,684,8,491600,{'interleave': 'random'},0.4916
shared,2,thrashing,NRU,ProportionalAllocation,684,8,498700,{'interleave': 'random'},0.4987
shared,3,thrashing,NRU,ProportionalAllocation,684,8,496600,{'interleave': 'random'},0.4966
shared_total,,thrashing,NRU,ProportionalAllocation,684,9,2689800,{'interleave': 'random'},2.6898
shared,0,thrashing,NRU,ProportionalAllocation,684,9,490400,{'interleave': 'random'},0.4904
shared,1,thrashing,NRU,ProportionalAllocation,684,9,491300,{'interleave': 'random'},0.4913
shared,2,thrashing,NRU,ProportionalAllocation,684,9,498100,{'interleave': 'random'},0.4981
shared,3,thrashing,NRU,ProportionalAllocation,684,9,502000,{'interleave': 'random'},0.502
shared_total,,thrashing,SecondChance,GlobalAllocation,684,0,4062600,{'interleave': 'random'},4.0626
shared,0,thrashing,SecondChance,GlobalAllocation,684,0,720900,{'interleave': 'random'},0.7209
shared,1,thrashing,SecondChance,GlobalAllocation,684,0,827600,{'interleave': 'random'},0.8276
shared,2,thrashing,SecondChance,GlobalAllocation,684,0,916600,{'interleave': 'random'},0.9166
shared,3,thrashing,SecondChance,GlobalAllocation,684,0,937500,{'interleave': 'random'},0.9375
shared_total,,thrashing,SecondChance,GlobalAllocation,684,1,4143100,{'interleave': 'random'},4.1431
shared,0,thrashing,SecondChance,GlobalAllocation,684,1,722900,{'interleave': 'random'},0.7229
shared,1,thrashing,SecondChance,GlobalAllocation,684,1,859000,{'interleave': 'random'},0.859
shared,2,thrashing,SecondChance,GlobalAllocation,684,1,916900,{'interleave': 'random'},0.9169
shared,3,thrashing,SecondChance,GlobalAllocation,684,1,961800,{'interleave': 'random'},0.9618
shared_total,,thrashing,SecondChance,GlobalAllocation,684,2,4072400,{'interleave': 'random'},4.0724
shared,0,thrashing,SecondChance,GlobalAllocation,684,2,724600,{'interleave': 'random'},0.7246
shared,1,thrashing,SecondChance,GlobalAllocation,684,2,856900,{'interleave': 'random'},0.8569
shared,2,thrashing,SecondChance,GlobalAllocation,684,2,904900,{'interleave': 'random'},0.9049
shared,3,thrashing,SecondChance,GlobalAllocation,684,2,924400,{'interleave': 'random'},0.9244
shared_total,,thrashing,SecondChance,GlobalAllocation,684,3,4061800,{'interleave': 'random'},4.0618
shared,0,thrashing,SecondChance,GlobalAllocation,684,3,736100,{'interleave': 'random'},0.7361
shared,1,thrashing,SecondChance,GlobalAllocation,684,3,817800,{'interleave': 'random'},0.8178
shared,2,thrashing,SecondChance,GlobalAllocation,684,3,947400,{'interleave': 'random'},0.9474
shared,3,thrashing,SecondChance,GlobalAllocation,684,3,911000,{'interleave': 'random'},0.911
shared_total,,thrashing,SecondChance,GlobalAllocation,684,4,4062600,{'interleave': 'random'},4.0626
shared,0,thrashing,SecondChance,GlobalAllocation,684,4,724000,{'interleave': 'random'},0.724
shared,1,thrashing,SecondChance,GlobalAllocation,684,4,853400,{'interleave': 'random'},0.8534
shared,2,thrashing,SecondChance,GlobalAllocation,684,4,899100,{'interleave': 'random'},0.8991
shared,3,thrashing,SecondChance,GlobalAllocation,684,4,934800,{'interleave': 'random'},0.9348
shared_total,,thrashing,SecondChance,GlobalAllocation,684,5,4130700,{'interleave': 'random'},4.1307
shared,0,thrashing,SecondChance,GlobalAllocation,684,5,732100,{'interleave': 'random'},0.7321
shared,1,thrashing,SecondChance,GlobalAllocation,684,5,835200,{'interleave': 'random'},0.8352
shared,2,thrashing,SecondChance,GlobalAllocation,684,5,914600,{'interleave': 'random'},0.9146
shared,3,thrashing,SecondChance,GlobalAllocation,684,5,978500,{'interleave': 'random'},0.9785
shared_total,,thrashing,SecondChance,GlobalAllocation,684,6,4174000,{'interleave': 'random'},4.174
shared,0,thrashing,SecondChance,GlobalAllocation,684,6,741400,{'interleave': 'random'},0.7414
shared,1,thrashing,SecondChance,GlobalAllocation,684,6,896500,{'interleave': 'random'},0.8965
shared,2,thrashing,SecondChance,GlobalAllocation,684,6,887700,{'interleave': 'random'},0.8877
shared,3,thrashing,SecondChance,GlobalAllocation,684,6,970600,{'interleave': 'random'},0.9706
shared_total,,thrashing,SecondChance,GlobalAllocation,684,7,4126300,{'interleave': 'random'},4.1263
shared,0,thrashing,SecondChance,GlobalAllocation,684,7,744800,{'interleave': 'random'},0.7448
shared,1,thrashing,SecondChance,GlobalAllocation,684,7,843400,{'interleave': 'random'},0.8434
shared,2,thrashing,SecondChance,GlobalAllocation,684,7,898800,{'interleave': 'random'},0.8988
shared,3,thrashing,SecondChance,GlobalAllocation,684,7,961600,{'interleave': 'random'},0.9616
shared_total,,thrashing,SecondChance,GlobalAllocation,684,8,4058000,{'interleave': 'random'},4.058
shared,0,thrashing,SecondChance,GlobalAllocation,684,8,722300,{'interleave': 'random'},0.7223
shared,1,thrashing,SecondChance,GlobalAllocation,684,8,854100,{'interleave': 'random'},0.8541
shared,2,thrashing,SecondChance,GlobalAllocation,684,8,875800,{'interleave': 'random'},0.8758
shared,3,thrashing,SecondChance,GlobalAllocation,684,8,948900,{'interleave': 'random'},0.9489
shared_total,,thrashing,SecondChance,GlobalAllocation,684,9,4140500,{'interleave': 'random'},4.1405
shared,0,thrashing,SecondChance,GlobalAllocation,684,9,720700,{'interleave': 'random'},0.7207
shared,1,thrashing,SecondChance,GlobalAllocation,684,9,901000,{'interleave': 'random'},0.901
shared,2,thrashing,SecondChance,GlobalAllocation,684,9,909400,{'interleave': 'random'},0.9094
shared,3,thrashing,SecondChance,GlobalAllocation,684,9,934500,{'interleave': 'random'},0.9345
shared_total,,thrashing,SecondChance,LocalAllocation,684,0,2484200,{'interleave': 'random'},2.4842
shared,0,thrashing,SecondChance,LocalAllocation,684,0,439400,{'interleave': 'random'},0.4394
shared,1,thrashing,SecondChance,LocalAllocation,684,0,450900,{'interleave': 'random'},0.4509
shared,2,thrashing,SecondChance,LocalAllocation,684,0,459600,{'interleave': 'random'},0.4596
shared,3,thrashing,SecondChance,LocalAllocation,684,0,470400,{'interleave': 'random'},0.4704
shared_total,,thrashing,SecondChance,LocalAllocation,684,1,2491300,{'interleave': 'random'},2.4913
shared,0,thrashing,SecondChance,LocalAllocation,684,1,443400,{'interleave': 'random'},0.4434
shared,1,thrashing,SecondChance,LocalAllocation,684,1,451600,{'interleave': 'random'},0.4516
shared,2,thrashing,SecondChance,LocalAllocation,684,1,461600,{'interleave': 'random'},0.4616
shared,3,thrashing,SecondChance,LocalAllocation,684,1,472300,{'interleave': 'random'},0.4723
shared_total,,thrashing,SecondChance,LocalAllocation,684,2,2519400,{'interleave': 'random'},2.5194
shared,0,thrashing,SecondChance,LocalAllocation,684,2,447600,{'interleave': 'random'},0.4476
shared,1,thrashing,SecondChance,LocalAllocation,684,2,460800,{'interleave': 'random'},0.4608
shared,2,thrashing,SecondChance,LocalAllocation,684,2,466400,{'interleave': 'random'},0.4664
shared,3,thrashing,SecondChance,LocalAllocation,684,2,484800,{'interleave': 'random'},0.4848
shared_total,,thrashing,SecondChance,LocalAllocation,684,3,2504800,{'interleave': 'random'},2.5048
shared,0,thrashing,SecondChance,LocalAllocation,684,3,453600,{'interleave': 'random'},0.4536
shared,1,thrashing,SecondChance,LocalAllocation,684,3,457200,{'interleave': 'random'},0.4572
shared,2,thrashing,SecondChance,LocalAllocation,684,3,471800,{'interleave': 'random'},0.4718
shared,3,thrashing,SecondChance,LocalAllocation,684,3,482700,{'interleave': 'random'},0.4827
shared_total,,thrashing,SecondChance,LocalAllocation,684,4,2459800,{'interleave': 'random'},2.4598
shared,0,thrashing,SecondChance,LocalAllocation,684,4,438200,{'interleave': 'random'},0.4382
shared,1,thrashing,SecondChance,LocalAllocation,684,4,443500,{'interleave': 'random'},0.4435
shared,2,thrashing,SecondChance,LocalAllocation,684,4,460300,{'interleave': 'random'},0.4603
shared,3,thrashing,SecondChance,LocalAllocation,684,4,470000,{'interleave': 'random'},0.47
shared_total,,thrashing,SecondChance,LocalAllocation,684,5,2551900,{'interleave': 'random'},2.5519
shared,0,thrashing,SecondChance,LocalAllocation,684,5,452300,{'interleave': 'random'},0.4523
shared,1,thrashing,SecondChance,LocalAllocation,684,5,464700,{'interleave': 'random'},0.4647
shared,2,thrashing,SecondChance,LocalAllocation,684,5,474000,{'interleave': 'random'},0.474
shared,3,thrashing,SecondChance,LocalAllocation,684,5,491600,{'interleave': 'random'},0.4916
shared_total,,thrashing,SecondChance,LocalAllocation,684,6,2603600,{'interleave': 'random'},2.6036
shared,0,thrashing,SecondChance,LocalAllocation,684,6,463600,{'interleave': 'random'},0.4636
shared,1,thrashing,SecondChance,LocalAllocation,684,6,467100,{'interleave': 'random'},0.4671
shared,2,thrashing,SecondChance,LocalAllocation,684,6,481800,{'interleave': 'random'},0.4818
shared,3,thrashing,SecondChance,LocalAllocation,684,6,511800,{'interleave': 'random'},0.5118
shared_total,,thrashing,SecondChance,LocalAllocation,684,7,2547300,{'interleave': 'random'},2.5473
shared,0,thrashing,SecondChance,LocalAllocation,684,7,456400,{'interleave': 'random'},0.4564
shared,1,thrashing,SecondChance,LocalAllocation,684,7,461500,{'interleave': 'random'},0.4615
shared,2,thrashing,SecondChance,LocalAllocation,684,7,470900,{'interleave': 'random'},0.4709
shared,3,thrashing,SecondChance,LocalAllocation,684,7,485700,{'interleave': 'random'},0.4857
shared_total,,thrashing,SecondChance,LocalAllocation,684,8,2547400,{'interleave': 'random'},2.5474
shared,0,thrashing,SecondChance,LocalAllocation,684,8,457800,{'interleave': 'random'},0.4578
shared,1,thrashing,SecondChance,LocalAllocation,684,8,466000,{'interleave': 'random'},0.466
shared,2,thrashing,SecondChance,LocalAllocation,684,8,482100,{'interleave': 'random'},0.4821
shared,3,thrashing,SecondChance,LocalAllocation,684,8,487400,{'interleave': 'random'},0.4874
shared_total,,thrashing,SecondChance,LocalAllocation,684,9,2539800,{'interleave': 'random'},2.5398
shared,0,thrashing,SecondChance,LocalAllocation,684,9,461700,{'interleave': 'random'},0.4617
shared,1,thrashing,SecondChance,LocalAllocation,684,9,462700,{'interleave': 'random'},0.4627
shared,2,thrashing,SecondChance,LocalAllocation,684,9,475900,{'interleave': 'random'},0.4759
shared,3,thrashing,SecondChance,LocalAllocation,684,9,486800,{'interleave': 'random'},0.4868
shared_total,,thrashing,SecondChance,ProportionalAllocation,684,0,2605600,{'interleave': 'random'},2.6056
shared,0,thrashing,SecondChance,ProportionalAllocation,684,0,465400,{'interleave': 'random'},0.4654
shared,1,thrashing,SecondChance,ProportionalAllocation,684,0,476400,{'interleave': 'random'},0.4764
shared,2,thrashing,SecondChance,ProportionalAllocation,684,0,487400,{'interleave': 'random'},0.4874
shared,3,thrashing,SecondChance,ProportionalAllocation,684,0,496300,{'interleave': 'random'},0.4963
shared_total,,thrashing,SecondChance,ProportionalAllocation,684,1,2552800,{'interleave': 'random'},2.5528
shared,0,thrashing,SecondChance,ProportionalAllocation,684,1,449400,{'interleave': 'random'},0.4494
shared,1,thrashing,SecondChance,ProportionalAllocation,684,1,469600,{'interleave': 'random'},0.4696
shared,2,thrashing,SecondChance,ProportionalAllocation,684,1,474200,{'interleave': 'random'},0.4742
shared,3,thrashing,SecondChance,ProportionalAllocation,684,1,478100,{'interleave': 'random'},0.4781
shared_total,,thrashing,SecondChance,ProportionalAllocation,684,2,2510800,{'interleave': 'random'},2.5108
shared,0,thrashing,SecondChance,ProportionalAllocation,684,2,448600,{'interleave': 'random'},0.4486
shared,1,thrashing,SecondChance,ProportionalAllocation,684,2,459900,{'interleave': 'random'},0.4599
shared,2,thrashing,SecondChance,ProportionalAllocation,684,2,470100,{'interleave': 'random'},0.4701
shared,3,thrashing,SecondChance,ProportionalAllocation,684,2,484700,{'interleave': 'random'},0.4847
shared_total,,thrashing,SecondChance,ProportionalAllocation,684,3,2489700,{'interleave': 'random'},2.4897
shared,0,thrashing,SecondChance,ProportionalAllocation,684,3,438000,{'interleave': 'random'},0.438
shared,1,thrashing,SecondChance,ProportionalAllocation,684,3,454100,{'interleave': 'random'},0.4541
shared,2,thrashing,SecondChance,ProportionalAllocation,684,3,462300,{'interleave': 'random'},0.4623
shared,3,thrashing,SecondChance,ProportionalAllocation,684,3,476200,{'interleave': 'random'},0.4762
shared_total,,thrashing,SecondChance,ProportionalAllocation,684,4,2576300,{'interleave': 'random'},2.5763
shared,0,thrashing,SecondChance,ProportionalAllocation,684,4,452200,{'interleave': 'random'},0.4522
shared,1,thrashing,SecondChance,ProportionalAllocation,684,4,503700,{'interleave': 'random'},0.5037
shared,2,thrashing,SecondChance,ProportionalAllocation,684,4,474700,{'interleave': 'random'},0.4747
shared,3,thrashing,SecondChance,ProportionalAllocation,684,4,481300,{'interleave': 'random'},0.4813
shared_total,,thrashing,SecondChance,ProportionalAllocation,684,5,2517200,{'interleave': 'random'},2.5172
shared,0,thrashing,SecondChance,ProportionalAllocation,684,5,447300,{'interleave': 'random'},0.4473
shared,1,thrashing,SecondChance,ProportionalAllocation,684,5,462000,{'interleave': 'random'},0.462
shared,2,thrashing,SecondChance,ProportionalAllocation,684,5,469400,{'interleave': 'random'},0.4694
shared,3,thrashing,SecondChance,ProportionalAllocation,684,5,477400,{'interleave': 'random'},0.4774
shared_total,,thrashing,SecondChance,ProportionalAllocation,684,6,2509200,{'interleave': 'random'},2.5092
shared,0,thrashing,SecondChance,ProportionalAllocation,684,6,444100,{'interleave': 'random'},0.4441
shared,1,thrashing,SecondChance,ProportionalAllocation,684,6,455900,{'interleave': 'random'},0.4559
shared,2,thrashing,SecondChance,ProportionalAllocation,684,6,467300,{'interleave': 'random'},0.4673
shared,3,thrashing,SecondChance,ProportionalAllocation,684,6,484900,{'interleave': 'random'},0.4849
shared_total,,thrashing,SecondChance,ProportionalAllocation,684,7,2529100,{'interleave': 'random'},2.5291
shared,0,thrashing,SecondChance,ProportionalAllocation,684,7,455300,{'interleave': 'random'},0.4553
shared,1,thrashing,SecondChance,ProportionalAllocation,684,7,459900,{'interleave': 'random'},0.4599
shared,2,thrashing,SecondChance,ProportionalAllocation,684,7,473900,{'interleave': 'random'},0.4739
shared,3,thrashing,SecondChance,ProportionalAllocation,684,7,483300,{'interleave': 'random'},0.4833
shared_total,,thrashing,SecondChance,ProportionalAllocation,684,8,2522600,{'interleave': 'random'},2.5226
shared,0,thrashing,SecondChance,ProportionalAllocation,684,8,450900,{'interleave': 'random'},0.4509
shared,1,thrashing,SecondChance,ProportionalAllocation,684,8,454000,{'interleave': 'random'},0.454
shared,2,thrashing,SecondChance,ProportionalAllocation,684,8,471200,{'interleave': 'random'},0.4712
shared,3,thrashing,SecondChance,ProportionalAllocation,684,8,485000,{'interleave': 'random'},0.485
shared_total,,thrashing,SecondChance,ProportionalAllocation,684,9,2488700,{'interleave': 'random'},2.4887
shared,0,thrashing,SecondChance,ProportionalAllocation,684,9,442400,{'interleave': 'random'},0.4424
shared,1,thrashing,SecondChance,ProportionalAllocation,684,9,455300,{'interleave': 'random'},0.4553
shared,2,thrashing,SecondChance,ProportionalAllocation,684,9,463900,{'interleave': 'random'},0.4639
shared,3,thrashing,SecondChance,ProportionalAllocation,684,9,474600,{'interleave': 'random'},0.4746
shared_total,,thrashing,WSClock,GlobalAllocation,684,0,4084500,{'interleave': 'random'},4.0845
shared,0,thrashing,WSClock,GlobalAllocation,684,0,715000,{'interleave': 'random'},0.715
shared,1,thrashing,WSClock,GlobalAllocation,684,0,833300,{'interleave': 'random'},0.8333
shared,2,thrashing,WSClock,GlobalAllocation,684,0,930600,{'interleave': 'random'},0.9306
shared,3,thrashing,WSClock,GlobalAllocation,684,0,946900,{'interleave': 'random'},0.9469
shared_total,,thrashing,WSClock,GlobalAllocation,684,1,4085800,{'interleave': 'random'},4.0858
shared,0,thrashing,WSClock,GlobalAllocation,684,1,716700,{'interleave': 'random'},0.7167
shared,1,thrashing,WSClock,GlobalAllocation,684,1,853000,{'interleave': 'random'},0.853
shared,2,thrashing,WSClock,GlobalAllocation,684,1,899000,{'interleave': 'random'},0.899
shared,3,thrashing,WSClock,GlobalAllocation,684,1,963100,{'interleave': 'random'},0.9631
shared_total,,thrashing,WSClock,GlobalAllocation,684,2,4655100,{'interleave': 'random'},4.6551
shared,0,thrashing,WSClock,GlobalAllocation,684,2,786900,{'interleave': 'random'},0.7869
shared,1,thrashing,WSClock,GlobalAllocation,684,2,943100,{'interleave': 'random'},0.9431
shared,2,thrashing,WSClock,GlobalAllocation,684,2,1053300,{'interleave': 'random'},1.0533
shared,3,thrashing,WSClock,GlobalAllocation,684,2,1101500,{'interleave': 'random'},1.1015
shared_total,,thrashing,WSClock,GlobalAllocation,684,3,4093200,{'interleave': 'random'},4.0932
shared,0,thrashing,WSClock,GlobalAllocation,684,3,743000,{'interleave': 'random'},0.743
shared,1,thrashing,WSClock,GlobalAllocation,684,3,828600,{'interleave': 'random'},0.8286
shared,2,thrashing,WSClock,GlobalAllocation,684,3,955000,{'interleave': 'random'},0.955
shared,3,thrashing,WSClock,GlobalAllocation,684,3,908000,{'interleave': 'random'},0.908
shared_total,,thrashing,WSClock,GlobalAllocation,684,4,4054700,{'interleave': 'random'},4.0547
shared,0,thrashing,WSClock,GlobalAllocation,684,4,734500,{'interleave': 'random'},0.7345
shared,1,thrashing,WSClock,GlobalAllocation,684,4,844400,{'interleave': 'random'},0.8444
shared,2,thrashing,WSClock,GlobalAllocation,684,4,893200,{'interleave': 'random'},0.8932
shared,3,thrashing,WSClock,GlobalAllocation,684,4,927800,{'interleave': 'random'},0.9278
shared_total,,thrashing,WSClock,GlobalAllocation,684,5,4158400,{'interleave': 'random'},4.1584
shared,0,thrashing,WSClock,GlobalAllocation,684,5,722900,{'interleave': 'random'},0.7229
shared,1,thrashing,WSClock,GlobalAllocation,684,5,823300,{'interleave': 'random'},0.8233
shared,2,thrashing,WSClock,GlobalAllocation,684,5,931700,{'interleave': 'random'},0.9317
shared,3,thrashing,WSClock,GlobalAllocation,684,5,996900,{'interleave': 'random'},0.9969
shared_total,,thrashing,WSClock,GlobalAllocation,684,6,4108700,{'interleave': 'random'},4.1087
shared,0,thrashing,WSClock,GlobalAllocation,684,6,731500,{'interleave': 'random'},0.7315
shared,1,thrashing,WSClock,GlobalAllocation,684,6,882900,{'interleave': 'random'},0.8829
shared,2,thrashing,WSClock,GlobalAllocation,684,6,876900,{'interleave': 'random'},0.8769
shared,3,thrashing,WSClock,GlobalAllocation,684,6,957400,{'interleave': 'random'},0.9574
shared_total,,thrashing,WSClock,GlobalAllocation,684,7,4117400,{'interleave': 'random'},4.1174
shared,0,thrashing,WSClock,GlobalAllocation,684,7,749900,{'interleave': 'random'},0.7499
shared,1,thrashing,WSClock,GlobalAllocation,684,7,845300,{'interleave': 'random'},0.8453
shared,2,thrashing,WSClock,GlobalAllocation,684,7,904800,{'interleave': 'random'},0.9048
shared,3,thrashing,WSClock,GlobalAllocation,684,7,954600,{'interleave': 'random'},0.9546
shared_total,,thrashing,WSClock,GlobalAllocation,684,8,4046600,{'interleave': 'random'},4.0466
shared,0,thrashing,WSClock,GlobalAllocation,684,8,716800,{'interleave': 'random'},0.7168
shared,1,thrashing,WSClock,GlobalAllocation,684,8,851300,{'interleave': 'random'},0.8513
shared,2,thrashing,WSClock,GlobalAllocation,684,8,874500,{'interleave': 'random'},0.8745
shared,3,thrashing,WSClock,GlobalAllocation,684,8,945000,{'interleave': 'random'},0.945
shared_total,,thrashing,WSClock,GlobalAllocation,684,9,4123200,{'interleave': 'random'},4.1232
shared,0,thrashing,WSClock,GlobalAllocation,684,9,720900,{'interleave': 'random'},0.7209
shared,1,thrashing,WSClock,GlobalAllocation,684,9,900900,{'interleave': 'random'},0.9009
shared,2,thrashing,WSClock,GlobalAllocation,684,9,905300,{'interleave': 'random'},0.9053
shared,3,thrashing,WSClock,GlobalAllocation,684,9,934200,{'interleave': 'random'},0.9342
shared_total,,thrashing,WSClock,LocalAllocation,684,0,2666800,{'interleave': 'random'},2.6668
shared,0,thrashing,WSClock,LocalAllocation,684,0,477100,{'interleave': 'random'},0.4771
shared,1,thrashing,WSClock,LocalAllocation,684,0,479600,{'interleave': 'random'},0.4796
shared,2,thrashing,WSClock,LocalAllocation,684,0,488100,{'interleave': 'random'},0.4881
shared,3,thrashing,WSClock,LocalAllocation,684,0,504800,{'interleave': 'random'},0.5048
shared_total,,thrashing,WSClock,LocalAllocation,684,1,2514100,{'interleave': 'random'},2.5141
shared,0,thrashing,WSClock,LocalAllocation,684,1,447400,{'interleave': 'random'},0.4474
shared,1,thrashing,WSClock,LocalAllocation,684,1,459700,{'interleave': 'random'},0.4597
shared,2,thrashing,WSClock,LocalAllocation,684,1,471000,{'interleave': 'random'},0.471
shared,3,thrashing,WSClock,LocalAllocation,684,1,479600,{'interleave': 'random'},0.4796
shared_total,,thrashing,WSClock,LocalAllocation,684,2,2492300,{'interleave': 'random'},2.4923
shared,0,thrashing,WSClock,LocalAllocation,684,2,436900,{'interleave': 'random'},0.4369
shared,1,thrashing,WSClock,LocalAllocation,684,2,454200,{'interleave': 'random'},0.4542
shared,2,thrashing,WSClock,LocalAllocation,684,2,460300,{'interleave': 'random'},0.4603
shared,3,thrashing,WSClock,LocalAllocation,684,2,478800,{'interleave': 'random'},0.4788
shared_total,,thrashing,WSClock,LocalAllocation,684,3,2492200,{'interleave': 'random'},2.4922
shared,0,thrashing,WSClock,LocalAllocation,684,3,444500,{'interleave': 'random'},0.4445
shared,1,thrashing,WSClock,LocalAllocation,684,3,452700,{'interleave': 'random'},0.4527
shared,2,thrashing,WSClock,LocalAllocation,684,3,466600,{'interleave': 'random'},0.4666
shared,3,thrashing,WSClock,LocalAllocation,684,3,475700,{'interleave': 'random'},0.4757
shared_total,,thrashing,WSClock,LocalAllocation,684,4,2522200,{'interleave': 'random'},2.5222
shared,0,thrashing,WSClock,LocalAllocation,684,4,445900,{'interleave': 'random'},0.4459
shared,1,thrashing,WSClock,LocalAllocation,684,4,459900,{'interleave': 'random'},0.4599
shared,2,thrashing,WSClock,LocalAllocation,684,4,472900,{'interleave': 'random'},0.4729
shared,3,thrashing,WSClock,LocalAllocation,684,4,480800,{'interleave': 'random'},0.4808
shared_total,,thrashing,WSClock,LocalAllocation,684,5,2581200,{'interleave': 'random'},2.5812
shared,0,thrashing,WSClock,LocalAllocation,684,5,464900,{'interleave': 'random'},0.4649
shared,1,thrashing,WSClock,LocalAllocation,684,5,473400,{'interleave': 'random'},0.4734
shared,2,thrashing,WSClock,LocalAllocation,684,5,486300,{'interleave': 'random'},0.4863
shared,3,thrashing,WSClock,LocalAllocation,684,5,489800,{'interleave': 'random'},0.4898
shared_total,,thrashing,WSClock,LocalAllocation,684,6,2498600,{'interleave': 'random'},2.4986
shared,0,thrashing,WSClock,LocalAllocation,684,6,441400,{'interleave': 'random'},0.4414
shared,1,thrashing,WSClock,LocalAllocation,684,6,455000,{'interleave': 'random'},0.455
shared,2,thrashing,WSClock,LocalAllocation,684,6,470400,{'interleave': 'random'},0.4704
shared,3,thrashing,WSClock,LocalAllocation,684,6,481300,{'interleave': 'random'},0.4813
shared_total,,thrashing,WSClock,LocalAllocation,684,7,2530000,{'interleave': 'random'},2.53
shared,0,thrashing,WSClock,LocalAllocation,684,7,453800,{'interleave': 'random'},0.4538
shared,1,thrashing,WSClock,LocalAllocation,684,7,461600,{'interleave': 'random'},0.4616
shared,2,thrashing,WSClock,LocalAllocation,684,7,478300,{'interleave': 'random'},0.4783
shared,3,thrashing,WSClock,LocalAllocation,684,7,482900,{'interleave': 'random'},0.4829
shared_total,,thrashing,WSClock,LocalAllocation,684,8,2491000,{'interleave': 'random'},2.491
shared,0,thrashing,WSClock,LocalAllocation,684,8,444800,{'interleave': 'random'},0.4448
shared,1,thrashing,WSClock,LocalAllocation,684,8,452600,{'interleave': 'random'},0.4526
shared,2,thrashing,WSClock,LocalAllocation,684,8,471500,{'interleave': 'random'},0.4715
shared,3,thrashing,WSClock,LocalAllocation,684,8,474000,{'interleave': 'random'},0.474
shared_total,,thrashing,WSClock,LocalAllocation,684,9,2518000,{'interleave': 'random'},2.518
shared,0,thrashing,WSClock,LocalAllocation,684,9,447100,{'interleave': 'random'},0.4471
shared,1,thrashing,WSClock,LocalAllocation,684,9,454000,{'interleave': 'random'},0.454
shared,2,thrashing,WSClock,LocalAllocation,684,9,472900,{'interleave': 'random'},0.4729
shared,3,thrashing,WSClock,LocalAllocation,684,9,476400,{'interleave': 'random'},0.4764
shared_total,,thrashing,WSClock,ProportionalAllocation,684,0,5274200,{'interleave': 'random'},5.2742
shared,0,thrashing,WSClock,ProportionalAllocation,684,0,1029600,{'interleave': 'random'},1.0296
shared,1,thrashing,WSClock,ProportionalAllocation,684,0,947500,{'interleave': 'random'},0.9475
shared,2,thrashing,WSClock,ProportionalAllocation,684,0,974500,{'interleave': 'random'},0.9745
shared,3,thrashing,WSClock,ProportionalAllocation,684,0,986200,{'interleave': 'random'},0.9862
shared_total,,thrashing,WSClock,ProportionalAllocation,684,1,2497000,{'interleave': 'random'},2.497
shared,0,thrashing,WSClock,ProportionalAllocation,684,1,442200,{'interleave': 'random'},0.4422
shared,1,thrashing,WSClock,ProportionalAllocation,684,1,458600,{'interleave': 'random'},0.4586
shared,2,thrashing,WSClock,ProportionalAllocation,684,1,460100,{'interleave': 'random'},0.4601
shared,3,thrashing,WSClock,ProportionalAllocation,684,1,475700,{'interleave': 'random'},0.4757
shared_total,,thrashing,WSClock,ProportionalAllocation,684,2,2337300,{'interleave': 'random'},2.3373
shared,0,thrashing,WSClock,ProportionalAllocation,684,2,416500,{'interleave': 'random'},0.4165
shared,1,thrashing,WSClock,ProportionalAllocation,684,2,421200,{'interleave': 'random'},0.4212
shared,2,thrashing,WSClock,ProportionalAllocation,684,2,434500,{'interleave': 'random'},0.4345
shared,3,thrashing,WSClock,ProportionalAllocation,684,2,445800,{'interleave': 'random'},0.4458
shared_total,,thrashing,WSClock,ProportionalAllocation,684,3,2583100,{'interleave': 'random'},2.5831
shared,0,thrashing,WSClock,ProportionalAllocation,684,3,457600,{'interleave': 'random'},0.4576
shared,1,thrashing,WSClock,ProportionalAllocation,684,3,465900,{'interleave': 'random'},0.4659
shared,2,thrashing,WSClock,ProportionalAllocation,684,3,482500,{'interleave': 'random'},0.4825
shared,3,thrashing,WSClock,ProportionalAllocation,684,3,492700,{'interleave': 'random'},0.4927
shared_total,,thrashing,WSClock,ProportionalAllocation,684,4,2467000,{'interleave': 'random'},2.467
shared,0,thrashing,WSClock,ProportionalAllocation,684,4,441400,{'interleave': 'random'},0.4414
shared,1,thrashing,WSClock,ProportionalAllocation,684,4,453900,{'interleave': 'random'},0.4539
shared,2,thrashing,WSClock,ProportionalAllocation,684,4,457300,{'interleave': 'random'},0.4573
shared,3,thrashing,WSClock,ProportionalAllocation,684,4,467000,{'interleave': 'random'},0.467
shared_total,,thrashing,WSClock,ProportionalAllocation,684,5,2530400,{'interleave': 'random'},2.5304
shared,0,thrashing,WSClock,ProportionalAllocation,684,5,452600,{'interleave': 'random'},0.4526
shared,1,thrashing,WSClock,ProportionalAllocation,684,5,464900,{'interleave': 'random'},0.4649
shared,2,thrashing,WSClock,ProportionalAllocation,684,5,471100,{'interleave': 'random'},0.4711
shared,3,thrashing,WSClock,ProportionalAllocation,684,5,483300,{'interleave': 'random'},0.4833
shared_total,,thrashing,WSClock,ProportionalAllocation,684,6,2515600,{'interleave': 'random'},2.5156
shared,0,thrashing,WSClock,ProportionalAllocation,684,6,449800,{'interleave': 'random'},0.4498
shared,1,thrashing,WSClock,ProportionalAllocation,684,6,460400,{'interleave': 'random'},0.4604
shared,2,thrashing,WSClock,ProportionalAllocation,684,6,468900,{'interleave': 'random'},0.4689
shared,3,thrashing,WSClock,ProportionalAllocation,684,6,482200,{'interleave': 'random'},0.4822
shared_total,,thrashing,WSClock,ProportionalAllocation,684,7,2591800,{'interleave': 'random'},2.5918
shared,0,thrashing,WSClock,ProportionalAllocation,684,7,457000,{'interleave': 'random'},0.457
shared,1,thrashing,WSClock,ProportionalAllocation,684,7,468400,{'interleave': 'random'},0.4684
shared,2,thrashing,WSClock,ProportionalAllocation,684,7,485100,{'interleave': 'random'},0.4851
shared,3,thrashing,WSClock,ProportionalAllocation,684,7,491800,{'interleave': 'random'},0.4918
shared_total,,thrashing,WSClock,ProportionalAllocation,684,8,2498800,{'interleave': 'random'},2.4988
shared,0,thrashing,WSClock,ProportionalAllocation,684,8,440000,{'interleave': 'random'},0.44
shared,1,thrashing,WSClock,ProportionalAllocation,684,8,462200,{'interleave': 'random'},0.4622
shared,2,thrashing,WSClock,ProportionalAllocation,684,8,469100,{'interleave': 'random'},0.4691
shared,3,thrashing,WSClock,ProportionalAllocation,684,8,468500,{'interleave': 'random'},0.4685
shared_total,,thrashing,WSClock,ProportionalAllocation,684,9,2527100,{'interleave': 'random'},2.5271
shared,0,thrashing,WSClock,ProportionalAllocation,684,9,458100,{'interleave': 'random'},0.4581
shared,1,thrashing,WSClock,ProportionalAllocation,684,9,461000,{'interleave': 'random'},0.461
shared,2,thrashing,WSClock,ProportionalAllocation,684,9,473200,{'interleave': 'random'},0.4732
shared,3,thrashing,WSClock,ProportionalAllocation,684,9,483900,{'interleave': 'random'},0.4839
shared_total,,thrashing,FIFO,GlobalAllocation,768,0,9634200,{'interleave': 'random'},9.6342
shared,0,thrashing,FIFO,GlobalAllocation,768,0,947200,{'interleave': 'random'},0.9472
shared,1,thrashing,FIFO,GlobalAllocation,768,0,992400,{'interleave': 'random'},0.9924
shared,2,thrashing,FIFO,GlobalAllocation,768,0,1013000,{'interleave': 'random'},1.013
shared,3,thrashing,FIFO,GlobalAllocation,768,0,1081600,{'interleave': 'random'},1.0816
shared,4,thrashing,FIFO,GlobalAllocation,768,0,1168800,{'interleave': 'random'},1.1688
shared,5,thrashing,FIFO,GlobalAllocation,768,0,1213000,{'interleave': 'random'},1.213
shared,6,thrashing,FIFO,GlobalAllocation,768,0,671100,{'interleave': 'random'},0.6711
shared,7,thrashing,FIFO,GlobalAllocation,768,0,1154500,{'interleave': 'random'},1.1545
shared_total,,thrashing,FIFO,GlobalAllocation,768,1,9767900,{'interleave': 'random'},9.7679
shared,0,thrashing,FIFO,GlobalAllocation,768,1,965900,{'interleave': 'random'},0.9659
shared,1,thrashing,FIFO,GlobalAllocation,768,1,1006400,{'interleave': 'random'},1.0064
shared,2,thrashing,FIFO,GlobalAllocation,768,1,1006900,{'interleave': 'random'},1.0069
shared,3,thrashing,FIFO,GlobalAllocation,768,1,1193500,{'interleave': 'random'},1.1935
shared,4,thrashing,FIFO,GlobalAllocation,768,1,1163500,{'interleave': 'random'},1.1635
shared,5,thrashing,FIFO,GlobalAllocation,768,1,1176700,{'interleave': 'random'},1.1767
shared,6,thrashing,FIFO,GlobalAllocation,768,1,672400,{'interleave': 'random'},0.6724
shared,7,thrashing,FIFO,GlobalAllocation,768,1,1165400,{'interleave': 'random'},1.1654
shared_total,,thrashing,FIFO,GlobalAllocation,768,2,9365300,{'interleave': 'random'},9.3653
shared,0,thrashing,FIFO,GlobalAllocation,768,2,913900,{'interleave': 'random'},0.9139
shared,1,thrashing,FIFO,GlobalAllocation,768,2,942800,{'interleave': 'random'},0.9428
shared,2,thrashing,FIFO,GlobalAllocation,768,2,1058700,{'interleave': 'random'},1.0587
shared,3,thrashing,FIFO,GlobalAllocation,768,2,1032200,{'interleave': 'random'},1.0322
shared,4,thrashing,FIFO,GlobalAllocation,768,2,1113500,{'interleave': 'random'},1.1135
shared,5,thrashing,FIFO,GlobalAllocation,768,2,1087200,{'interleave': 'random'},1.0872
shared,6,thrashing,FIFO,GlobalAllocation,768,2,664600,{'interleave': 'random'},0.6646
shared,7,thrashing,FIFO,GlobalAllocation,768,2,1149100,{'interleave': 'random'},1.1491
shared_total,,thrashing,FIFO,GlobalAllocation,768,3,13111800,{'interleave': 'random'},13.1118
shared,0,thrashing,FIFO,GlobalAllocation,768,3,1241800,{'interleave': 'random'},1.2418
shared,1,thrashing,FIFO,GlobalAllocation,768,3,1449200,{'interleave': 'random'},1.4492
shared,2,thrashing,FIFO,GlobalAllocation,768,3,1352700,{'interleave': 'random'},1.3527
shared,3,thrashing,FIFO,GlobalAllocation,768,3,1439800,{'interleave': 'random'},1.4398
shared,4,thrashing,FIFO,GlobalAllocation,768,3,1478100,{'interleave': 'random'},1.4781
shared,5,thrashing,FIFO,GlobalAllocation,768,3,1685200,{'interleave': 'random'},1.6852
shared,6,thrashing,FIFO,GlobalAllocation,768,3,907200,{'interleave': 'random'},0.9072
shared,7,thrashing,FIFO,GlobalAllocation,768,3,1623300,{'interleave': 'random'},1.6233
shared_total,,thrashing,FIFO,GlobalAllocation,768,4,9555100,{'interleave': 'random'},9.5551
shared,0,thrashing,FIFO,GlobalAllocation,768,4,937400,{'interleave': 'random'},0.9374
shared,1,thrashing,FIFO,GlobalAllocation,768,4,1001300,{'interleave': 'random'},1.0013
shared,2,thrashing,FIFO,GlobalAllocation,768,4,1039500,{'interleave': 'random'},1.0395
shared,3,thrashing,FIFO,GlobalAllocation,768,4,1091800,{'interleave': 'random'},1.0918
shared,4,thrashing,FIFO,GlobalAllocation,768,4,1102400,{'interleave': 'random'},1.1024
shared,5,thrashing,FIFO,GlobalAllocation,768,4,1163700,{'interleave': 'random'},1.1637
shared,6,thrashing,FIFO,GlobalAllocation,768,4,678500,{'interleave': 'random'},0.6785
shared,7,thrashing,FIFO,GlobalAllocation,768,4,1135500,{'interleave': 'random'},1.1355
shared_total,,thrashing,FIFO,GlobalAllocation,768,5,9641800,{'interleave': 'random'},9.6418
shared,0,thrashing,FIFO,GlobalAllocation,768,5,936200,{'interleave': 'random'},0.9362
shared,1,thrashing,FIFO,GlobalAllocation,768,5,968200,{'interleave': 'random'},0.9682
shared,2,thrashing,FIFO,GlobalAllocation,768,5,996400,{'interleave': 'random'},0.9964
shared,3,thrashing,FIFO,GlobalAllocation,768,5,1080400,{'interleave': 'random'},1.0804
shared,4,thrashing,FIFO,GlobalAllocation,768,5,1162600,{'interleave': 'random'},1.1626
shared,5,thrashing,FIFO,GlobalAllocation,768,5,1206500,{'interleave': 'random'},1.2065
shared,6,thrashing,FIFO,GlobalAllocation,768,5,680100,{'interleave': 'random'},0.6801
shared,7,thrashing,FIFO,GlobalAllocation,768,5,1169300,{'interleave': 'random'},1.1693
shared_total,,thrashing,FIFO,GlobalAllocation,768,6,9641500,{'interleave': 'random'},9.6415
shared,0,thrashing,FIFO,GlobalAllocation,768,6,961600,{'interleave': 'random'},0.9616
shared,1,thrashing,FIFO,GlobalAllocation,768,6,1015700,{'interleave': 'random'},1.0157
shared,2,thrashing,FIFO,GlobalAllocation,768,6,1018200,{'interleave': 'random'},1.0182
shared,3,thrashing,FIFO,GlobalAllocation,768,6,1111000,{'interleave': 'random'},1.111
shared,4,thrashing,FIFO,GlobalAllocation,768,6,1118900,{'interleave': 'random'},1.1189
shared,5,thrashing,FIFO,GlobalAllocation,768,6,1191600,{'interleave': 'random'},1.1916
shared,6,thrashing,FIFO,GlobalAllocation,768,6,674000,{'interleave': 'random'},0.674
shared,7,thrashing,FIFO,GlobalAllocation,768,6,1139100,{'interleave': 'random'},1.1391
shared_total,,thrashing,FIFO,GlobalAllocation,768,7,9644100,{'interleave': 'random'},9.6441
shared,0,thrashing,FIFO,GlobalAllocation,768,7,960700,{'interleave': 'random'},0.9607
shared,1,thrashing,FIFO,GlobalAllocation,768,7,1041300,{'interleave': 'random'},1.0413
shared,2,thrashing,FIFO,GlobalAllocation,768,7,1037100,{'interleave': 'random'},1.0371
shared,3,thrashing,FIFO,GlobalAllocation,768,7,1082500,{'interleave': 'random'},1.0825
shared,4,thrashing,FIFO,GlobalAllocation,768,7,1122600,{'interleave': 'random'},1.1226
shared,5,thrashing,FIFO,GlobalAllocation,768,7,1171800,{'interleave': 'random'},1.1718
shared,6,thrashing,FIFO,GlobalAllocation,768,7,676100,{'interleave': 'random'},0.6761
shared,7,thrashing,FIFO,GlobalAllocation,768,7,1139200,{'interleave': 'random'},1.1392
shared_total,,thrashing,FIFO,GlobalAllocation,768,8,10019300,{'interleave': 'random'},10.0193
shared,0,thrashing,FIFO,GlobalAllocation,768,8,973800,{'interleave': 'random'},0.9738
shared,1,thrashing,FIFO,GlobalAllocation,768,8,1086100,{'interleave': 'random'},1.0861
shared,2,thrashing,FIFO,GlobalAllocation,768,8,1075900,{'interleave': 'random'},1.0759
shared,3,thrashing,FIFO,GlobalAllocation,768,8,1103600,{'interleave': 'random'},1.1036
shared,4,thrashing,FIFO,GlobalAllocation,768,8,1162500,{'interleave': 'random'},1.1625
shared,5,thrashing,FIFO,GlobalAllocation,768,8,1228300,{'interleave': 'random'},1.2283
shared,6,thrashing,FIFO,GlobalAllocation,768,8,702400,{'interleave': 'random'},0.7024
shared,7,thrashing,FIFO,GlobalAllocation,768,8,1209700,{'interleave': 'random'},1.2097
shared_total,,thrashing,FIFO,GlobalAllocation,768,9,9618200,{'interleave': 'random'},9.6182
shared,0,thrashing,FIFO,GlobalAllocation,768,9,966300,{'interleave': 'random'},0.9663
shared,1,thrashing,FIFO,GlobalAllocation,768,9,973300,{'interleave': 'random'},0.9733
shared,2,thrashing,FIFO,GlobalAllocation,768,9,1008500,{'interleave': 'random'},1.0085
shared,3,thrashing,FIFO,GlobalAllocation,768,9,1145800,{'interleave': 'random'},1.1458
shared,4,thrashing,FIFO,GlobalAllocation,768,9,1128100,{'interleave': 'random'},1.1281
shared,5,thrashing,FIFO,GlobalAllocation,768,9,1169000,{'interleave': 'random'},1.169
shared,6,thrashing,FIFO,GlobalAllocation,768,9,684700,{'interleave': 'random'},0.6847
shared,7,thrashing,FIFO,GlobalAllocation,768,9,1133700,{'interleave': 'random'},1.1337
shared_total,,thrashing,FIFO,LocalAllocation,768,0,8965500,{'interleave': 'random'},8.9655
shared,0,thrashing,FIFO,LocalAllocation,768,0,391500,{'interleave': 'random'},0.3915
shared,1,thrashing,FIFO,LocalAllocation,768,0,1142900,{'interleave': 'random'},1.1429
shared,2,thrashing,FIFO,LocalAllocation,768,0,1149100,{'interleave': 'random'},1.1491
shared,3,thrashing,FIFO,LocalAllocation,768,0,1142200,{'interleave': 'random'},1.1422
shared,4,thrashing,FIFO,LocalAllocation,768,0,1123500,{'interleave': 'random'},1.1235
shared,5,thrashing,FIFO,LocalAllocation,768,0,1126300,{'interleave': 'random'},1.1263
shared,6,thrashing,FIFO,LocalAllocation,768,0,365500,{'interleave': 'random'},0.3655
shared,7,thrashing,FIFO,LocalAllocation,768,0,1127000,{'interleave': 'random'},1.127
shared_total,,thrashing,FIFO,LocalAllocation,768,1,8868200,{'interleave': 'random'},8.8682
shared,0,thrashing,FIFO,LocalAllocation,768,1,388500,{'interleave': 'random'},0.3885
shared,1,thrashing,FIFO,LocalAllocation,768,1,1121500,{'interleave': 'random'},1.1215
shared,2,thrashing,FIFO,LocalAllocation,768,1,1112000,{'interleave': 'random'},1.112
shared,3,thrashing,FIFO,LocalAllocation,768,1,1108400,{'interleave': 'random'},1.1084
shared,4,thrashing,FIFO,LocalAllocation,768,1,1128100,{'interleave': 'random'},1.1281
shared,5,thrashing,FIFO,LocalAllocation,768,1,1117800,{'interleave': 'random'},1.1178
shared,6,thrashing,FIFO,LocalAllocation,768,1,362800,{'interleave': 'random'},0.3628
shared,7,thrashing,FIFO,LocalAllocation,768,1,1116000,{'interleave': 'random'},1.116
shared_total,,thrashing,FIFO,LocalAllocation,768,2,14393300,{'interleave': 'random'},14.3933
shared,0,thrashing,FIFO,LocalAllocation,768,2,583400,{'interleave': 'random'},0.5834
shared,1,thrashing,FIFO,LocalAllocation,768,2,1732200,{'interleave': 'random'},1.7322
shared,2,thrashing,FIFO,LocalAllocation,768,2,2280800,{'interleave': 'random'},2.2808
shared,3,thrashing,FIFO,LocalAllocation,768,2,1869100,{'interleave': 'random'},1.8691
shared,4,thrashing,FIFO,LocalAllocation,768,2,1724600,{'interleave': 'random'},1.7246
shared,5,thrashing,FIFO,LocalAllocation,768,2,1668700,{'interleave': 'random'},1.6687
shared,6,thrashing,FIFO,LocalAllocation,768,2,563500,{'interleave': 'random'},0.5635
shared,7,thrashing,FIFO,LocalAllocation,768,2,1714700,{'interleave': 'random'},1.7147
shared_total,,thrashing,FIFO,LocalAllocation,768,3,8922000,{'interleave': 'random'},8.922
shared,0,thrashing,FIFO,LocalAllocation,768,3,393800,{'interleave': 'random'},0.3938
shared,1,thrashing,FIFO,LocalAllocation,768,3,1129500,{'interleave': 'random'},1.1295
shared,2,thrashing,FIFO,LocalAllocation,768,3,1143900,{'interleave': 'random'},1.1439
shared,3,thrashing,FIFO,LocalAllocation,768,3,1129800,{'interleave': 'random'},1.1298
shared,4,thrashing,FIFO,LocalAllocation,768,3,1126100,{'interleave': 'random'},1.1261
shared,5,thrashing,FIFO,LocalAllocation,768,3,1126200,{'interleave': 'random'},1.1262
shared,6,thrashing,FIFO,LocalAllocation,768,3,363800,{'interleave': 'random'},0.3638
shared,7,thrashing,FIFO,LocalAllocation,768,3,1129400,{'interleave': 'random'},1.1294
shared_total,,thrashing,FIFO,LocalAllocation,768,4,9016900,{'interleave': 'random'},9.0169
shared,0,thrashing,FIFO,LocalAllocation,768,4,390300,{'interleave': 'random'},0.3903
shared,1,thrashing,FIFO,LocalAllocation,768,4,1135000,{'interleave': 'random'},1.135
shared,2,thrashing,FIFO,LocalAllocation,768,4,1153900,{'interleave': 'random'},1.1539
shared,3,thrashing,FIFO,LocalAllocation,768,4,1136500,{'interleave': 'random'},1.1365
shared,4,thrashing,FIFO,LocalAllocation,768,4,1138900,{'interleave': 'random'},1.1389
shared,5,thrashing,FIFO,LocalAllocation,768,4,1144600,{'interleave': 'random'},1.1446
shared,6,thrashing,FIFO,LocalAllocation,768,4,371700,{'interleave': 'random'},0.3717
shared,7,thrashing,FIFO,LocalAllocation,768,4,1140000,{'interleave': 'random'},1.14
shared_total,,thrashing,FIFO,LocalAllocation,768,5,8798800,{'interleave': 'random'},8.7988
shared,0,thrashing,FIFO,LocalAllocation,768,5,385000,{'interleave': 'random'},0.385
shared,1,thrashing,FIFO,LocalAllocation,768,5,1110600,{'interleave': 'random'},1.1106
shared,2,thrashing,FIFO,LocalAllocation,768,5,1131500,{'interleave': 'random'},1.1315
shared,3,thrashing,FIFO,LocalAllocation,768,5,1112900,{'interleave': 'random'},1.1129
shared,4,thrashing,FIFO,LocalAllocation,768,5,1109800,{'interleave': 'random'},1.1098
shared,5,thrashing,FIFO,LocalAllocation,768,5,1105100,{'interleave': 'random'},1.1051
shared,6,thrashing,FIFO,LocalAllocation,768,5,365500,{'interleave': 'random'},0.3655
shared,7,thrashing,FIFO,LocalAllocation,768,5,1107400,{'interleave': 'random'},1.1074
shared_total,,thrashing,FIFO,LocalAllocation,768,6,8776700,{'interleave': 'random'},8.7767
shared,0,thrashing,FIFO,LocalAllocation,768,6,385400,{'interleave': 'random'},0.3854
shared,1,thrashing,FIFO,LocalAllocation,768,6,1111400,{'interleave': 'random'},1.1114
shared,2,thrashing,FIFO,LocalAllocation,768,6,1122500,{'interleave': 'random'},1.1225
shared,3,thrashing,FIFO,LocalAllocation,768,6,1115900,{'interleave': 'random'},1.1159
shared,4,thrashing,FIFO,LocalAllocation,768,6,1105600,{'interleave': 'random'},1.1056
shared,5,thrashing,FIFO,LocalAllocation,768,6,1106000,{'interleave': 'random'},1.106
shared,6,thrashing,FIFO,LocalAllocation,768,6,361200,{'interleave': 'random'},0.3612
shared,7,thrashing,FIFO,LocalAllocation,768,6,1107600,{'interleave': 'random'},1.1076
shared_total,,thrashing,FIFO,LocalAllocation,768,7,8820600,{'interleave': 'random'},8.8206
shared,0,thrashing,FIFO,LocalAllocation,768,7,391000,{'interleave': 'random'},0.391
shared,1,thrashing,FIFO,LocalAllocation,768,7,1111700,{'interleave': 'random'},1.1117
shared,2,thrashing,FIFO,LocalAllocation,768,7,1153900,{'interleave': 'random'},1.1539
shared,3,thrashing,FIFO,LocalAllocation,768,7,1119100,{'interleave': 'random'},1.1191
shared,4,thrashing,FIFO,LocalAllocation,768,7,1112400,{'interleave': 'random'},1.1124
shared,5,thrashing,FIFO,LocalAllocation,768,7,1105100,{'interleave': 'random'},1.1051
shared,6,thrashing,FIFO,LocalAllocation,768,7,362500,{'interleave': 'random'},0.3625
shared,7,thrashing,FIFO,LocalAllocation,768,7,1111300,{'interleave': 'random'},1.1113
shared_total,,thrashing,FIFO,LocalAllocation,768,8,8819300,{'interleave': 'random'},8.8193
shared,0,thrashing,FIFO,LocalAllocation,768,8,383900,{'interleave': 'random'},0.3839
shared,1,thrashing,FIFO,LocalAllocation,768,8,1119500,{'interleave': 'random'},1.1195
shared,2,thrashing,FIFO,LocalAllocation,768,8,1135900,{'interleave': 'random'},1.1359
shared,3,thrashing,FIFO,LocalAllocation,768,8,1117200,{'interleave': 'random'},1.1172
shared,4,thrashing,FIFO,LocalAllocation,768,8,1112400,{'interleave': 'random'},1.1124
shared,5,thrashing,FIFO,LocalAllocation,768,8,1111500,{'interleave': 'random'},1.1115
shared,6,thrashing,FIFO,LocalAllocation,768,8,360600,{'interleave': 'random'},0.3606
shared,7,thrashing,FIFO,LocalAllocation,768,8,1114600,{'interleave': 'random'},1.1146
shared_total,,thrashing,FIFO,LocalAllocation,768,9,9321000,{'interleave': 'random'},9.321
shared,0,thrashing,FIFO,LocalAllocation,768,9,408700,{'interleave': 'random'},0.4087
shared,1,thrashing,FIFO,LocalAllocation,768,9,1170500,{'interleave': 'random'},1.1705
shared,2,thrashing,FIFO,LocalAllocation,768,9,1180300,{'interleave': 'random'},1.1803
shared,3,thrashing,FIFO,LocalAllocation,768,9,1175700,{'interleave': 'random'},1.1757
shared,4,thrashing,FIFO,LocalAllocation,768,9,1191900,{'interleave': 'random'},1.1919
shared,5,thrashing,FIFO,LocalAllocation,768,9,1173900,{'interleave': 'random'},1.1739
shared,6,thrashing,FIFO,LocalAllocation,768,9,382100,{'interleave': 'random'},0.3821
shared,7,thrashing,FIFO,LocalAllocation,768,9,1163700,{'interleave': 'random'},1.1637
shared_total,,thrashing,FIFO,ProportionalAllocation,768,0,13154400,{'interleave': 'random'},13.1544
shared,0,thrashing,FIFO,ProportionalAllocation,768,0,1258500,{'interleave': 'random'},1.2585
shared,1,thrashing,FIFO,ProportionalAllocation,768,0,1178100,{'interleave': 'random'},1.1781
shared,2,thrashing,FIFO,ProportionalAllocation,768,0,1307700,{'interleave': 'random'},1.3077
shared,3,thrashing,FIFO,ProportionalAllocation,768,0,1170500,{'interleave': 'random'},1.1705
shared,4,thrashing,FIFO,ProportionalAllocation,768,0,1168400,{'interleave': 'random'},1.1684
shared,5,thrashing,FIFO,ProportionalAllocation,768,0,3054600,{'interleave': 'random'},3.0546
shared,6,thrashing,FIFO,ProportionalAllocation,768,0,1209600,{'interleave': 'random'},1.2096
shared,7,thrashing,FIFO,ProportionalAllocation,768,0,1175800,{'interleave': 'random'},1.1758
shared_total,,thrashing,FIFO,ProportionalAllocation,768,1,10607800,{'interleave': 'random'},10.6078
shared,0,thrashing,FIFO,ProportionalAllocation,768,1,1133100,{'interleave': 'random'},1.1331
shared,1,thrashing,FIFO,ProportionalAllocation,768,1,1139200,{'interleave': 'random'},1.1392
shared,2,thrashing,FIFO,ProportionalAllocation,768,1,1111300,{'interleave': 'random'},1.1113
shared,3,thrashing,FIFO,ProportionalAllocation,768,1,1132400,{'interleave': 'random'},1.1324
shared,4,thrashing,FIFO,ProportionalAllocation,768,1,1115500,{'interleave': 'random'},1.1155
shared,5,thrashing,FIFO,ProportionalAllocation,768,1,1230400,{'interleave': 'random'},1.2304
shared,6,thrashing,FIFO,ProportionalAllocation,768,1,1167700,{'interleave': 'random'},1.1677
shared,7,thrashing,FIFO,ProportionalAllocation,768,1,1122300,{'interleave': 'random'},1.1223
shared_total,,thrashing,FIFO,ProportionalAllocation,768,2,10478500,{'interleave': 'random'},10.4785
shared,0,thrashing,FIFO,ProportionalAllocation,768,2,1134900,{'interleave': 'random'},1.1349
shared,1,thrashing,FIFO,ProportionalAllocation,768,2,1143600,{'interleave': 'random'},1.1436
shared,2,thrashing,FIFO,ProportionalAllocation,768,2,1122200,{'interleave': 'random'},1.1222
shared,3,thrashing,FIFO,ProportionalAllocation,768,2,1132900,{'interleave': 'random'},1.1329
shared,4,thrashing,FIFO,ProportionalAllocation,768,2,1115900,{'interleave': 'random'},1.1159
shared,5,thrashing,FIFO,ProportionalAllocation,768,2,1116800,{'interleave': 'random'},1.1168
shared,6,thrashing,FIFO,ProportionalAllocation,768,2,1196600,{'interleave': 'random'},1.1966
shared,7,thrashing,FIFO,ProportionalAllocation,768,2,1126400,{'interleave': 'random'},1.1264
shared_total,,thrashing,FIFO,ProportionalAllocation,768,3,10436200,{'interleave': 'random'},10.4362
shared,0,thrashing,FIFO,ProportionalAllocation,768,3,1125800,{'interleave': 'random'},1.1258
shared,1,thrashing,FIFO,ProportionalAllocation,768,3,1135600,{'interleave': 'random'},1.1356
shared,2,thrashing,FIFO,ProportionalAllocation,768,3,1112800,{'interleave': 'random'},1.1128
shared,3,thrashing,FIFO,ProportionalAllocation,768,3,1123600,{'interleave': 'random'},1.1236
shared,4,thrashing,FIFO,ProportionalAllocation,768,3,1108600,{'interleave': 'random'},1.1086
shared,5,thrashing,FIFO,ProportionalAllocation,768,3,1108200,{'interleave': 'random'},1.1082
shared,6,thrashing,FIFO,ProportionalAllocation,768,3,1207700,{'interleave': 'random'},1.2077
shared,7,thrashing,FIFO,ProportionalAllocation,768,3,1115400,{'interleave': 'random'},1.1154
shared_total,,thrashing,FIFO,ProportionalAllocation,768,4,10467700,{'interleave': 'random'},10.4677
shared,0,thrashing,FIFO,ProportionalAllocation,768,4,1134900,{'interleave': 'random'},1.1349
shared,1,thrashing,FIFO,ProportionalAllocation,768,4,1134700,{'interleave': 'random'},1.1347
shared,2,thrashing,FIFO,ProportionalAllocation,768,4,1114900,{'interleave': 'random'},1.1149
shared,3,thrashing,FIFO,ProportionalAllocation,768,4,1174200,{'interleave': 'random'},1.1742
shared,4,thrashing,FIFO,ProportionalAllocation,768,4,1122600,{'interleave': 'random'},1.1226
shared,5,thrashing,FIFO,ProportionalAllocation,768,4,1118000,{'interleave': 'random'},1.118
shared,6,thrashing,FIFO,ProportionalAllocation,768,4,1181400,{'interleave': 'random'},1.1814
shared,7,thrashing,FIFO,ProportionalAllocation,768,4,1118800,{'interleave': 'random'},1.1188
shared_total,,thrashing,FIFO,ProportionalAllocation,768,5,10554400,{'interleave': 'random'},10.5544
shared,0,thrashing,FIFO,ProportionalAllocation,768,5,1144000,{'interleave': 'random'},1.144
shared,1,thrashing,FIFO,ProportionalAllocation,768,5,1139700,{'interleave': 'random'},1.1397
shared,2,thrashing,FIFO,ProportionalAllocation,768,5,1124300,{'interleave': 'random'},1.1243
shared,3,thrashing,FIFO,ProportionalAllocation,768,5,1127700,{'interleave': 'random'},1.1277
shared,4,thrashing,FIFO,ProportionalAllocation,768,5,1125600,{'interleave': 'random'},1.1256
shared,5,thrashing,FIFO,ProportionalAllocation,768,5,1117600,{'interleave': 'random'},1.1176
shared,6,thrashing,FIFO,ProportionalAllocation,768,5,1177100,{'interleave': 'random'},1.1771
shared,7,thrashing,FIFO,ProportionalAllocation,768,5,1129800,{'interleave': 'random'},1.1298
shared_total,,thrashing,FIFO,ProportionalAllocation,768,6,9495600,{'interleave': 'random'},9.4956
shared,0,thrashing,FIFO,ProportionalAllocation,768,6,1023800,{'interleave': 'random'},1.0238
shared,1,thrashing,FIFO,ProportionalAllocation,768,6,1034000,{'interleave': 'random'},1.034
shared,2,thrashing,FIFO,ProportionalAllocation,768,6,1012300,{'interleave': 'random'},1.0123
shared,3,thrashing,FIFO,ProportionalAllocation,768,6,1021600,{'interleave': 'random'},1.0216
shared,4,thrashing,FIFO,ProportionalAllocation,768,6,1008100,{'interleave': 'random'},1.0081
shared,5,thrashing,FIFO,ProportionalAllocation,768,6,1020600,{'interleave': 'random'},1.0206
shared,6,thrashing,FIFO,ProportionalAllocation,768,6,1066500,{'interleave': 'random'},1.0665
shared,7,thrashing,FIFO,ProportionalAllocation,768,6,1013700,{'interleave': 'random'},1.0137
shared_total,,thrashing,FIFO,ProportionalAllocation,768,7,10521900,{'interleave': 'random'},10.5219
shared,0,thrashing,FIFO,ProportionalAllocation,768,7,1137800,{'interleave': 'random'},1.1378
shared,1,thrashing,FIFO,ProportionalAllocation,768,7,1144900,{'interleave': 'random'},1.1449
shared,2,thrashing,FIFO,ProportionalAllocation,768,7,1122400,{'interleave': 'random'},1.1224
shared,3,thrashing,FIFO,ProportionalAllocation,768,7,1138300,{'interleave': 'random'},1.1383
shared,4,thrashing,FIFO,ProportionalAllocation,768,7,1116300,{'interleave': 'random'},1.1163
shared,5,thrashing,FIFO,ProportionalAllocation,768,7,1121500,{'interleave': 'random'},1.1215
shared,6,thrashing,FIFO,ProportionalAllocation,768,7,1172100,{'interleave': 'random'},1.1721
shared,7,thrashing,FIFO,ProportionalAllocation,768,7,1123600,{'interleave': 'random'},1.1236
shared_total,,thrashing,FIFO,ProportionalAllocation,768,8,10547800,{'interleave': 'random'},10.5478
shared,0,thrashing,FIFO,ProportionalAllocation,768,8,1125800,{'interleave': 'random'},1.1258
shared,1,thrashing,FIFO,ProportionalAllocation,768,8,1147100,{'interleave': 'random'},1.1471
shared,2,thrashing,FIFO,ProportionalAllocation,768,8,1116700,{'interleave': 'random'},1.1167
shared,3,thrashing,FIFO,ProportionalAllocation,768,8,1129600,{'interleave': 'random'},1.1296
shared,4,thrashing,FIFO,ProportionalAllocation,768,8,1112200,{'interleave': 'random'},1.1122
shared,5,thrashing,FIFO,ProportionalAllocation,768,8,1117900,{'interleave': 'random'},1.1179
shared,6,thrashing,FIFO,ProportionalAllocation,768,8,1179600,{'interleave': 'random'},1.1796
shared,7,thrashing,FIFO,ProportionalAllocation,768,8,1229500,{'interleave': 'random'},1.2295
shared_total,,thrashing,FIFO,ProportionalAllocation,768,9,11919900,{'interleave': 'random'},11.9199
shared,0,thrashing,FIFO,ProportionalAllocation,768,9,1282100,{'interleave': 'random'},1.2821
shared,1,thrashing,FIFO,ProportionalAllocation,768,9,1305400,{'interleave': 'random'},1.3054
shared,2,thrashing,FIFO,ProportionalAllocation,768,9,1258600,{'interleave': 'random'},1.2586
shared,3,thrashing,FIFO,ProportionalAllocation,768,9,1297800,{'interleave': 'random'},1.2978
shared,4,thrashing,FIFO,ProportionalAllocation,768,9,1281700,{'interleave': 'random'},1.2817
shared,5,thrashing,FIFO,ProportionalAllocation,768,9,1252100,{'interleave': 'random'},1.2521
shared,6,thrashing,FIFO,ProportionalAllocation,768,9,1330000,{'interleave': 'random'},1.33
shared,7,thrashing,FIFO,ProportionalAllocation,768,9,1264500,{'interleave': 'random'},1.2645
shared_total,,thrashing,LRU,GlobalAllocation,768,0,21529000,{'interleave': 'random'},21.529
shared,0,thrashing,LRU,GlobalAllocation,768,0,985100,{'interleave': 'random'},0.9851
shared,1,thrashing,LRU,GlobalAllocation,768,0,2249100,{'interleave': 'random'},2.2491
shared,2,thrashing,LRU,GlobalAllocation,768,0,2551100,{'interleave': 'random'},2.5511
shared,3,thrashing,LRU,GlobalAllocation,768,0,2571600,{'interleave': 'random'},2.5716
shared,4,thrashing,LRU,GlobalAllocation,768,0,4903200,{'interleave': 'random'},4.9032
shared,5,thrashing,LRU,GlobalAllocation,768,0,2592200,{'interleave': 'random'},2.5922
shared,6,thrashing,LRU,GlobalAllocation,768,0,1006800,{'interleave': 'random'},1.0068
shared,7,thrashing,LRU,GlobalAllocation,768,0,2650500,{'interleave': 'random'},2.6505
shared_total,,thrashing,LRU,GlobalAllocation,768,1,15038100,{'interleave': 'random'},15.0381
shared,0,thrashing,LRU,GlobalAllocation,768,1,823100,{'interleave': 'random'},0.8231
shared,1,thrashing,LRU,GlobalAllocation,768,1,1558400,{'interleave': 'random'},1.5584
shared,2,thrashing,LRU,GlobalAllocation,768,1,2054900,{'interleave': 'random'},2.0549
shared,3,thrashing,LRU,GlobalAllocation,768,1,2156100,{'interleave': 'random'},2.1561
shared,4,thrashing,LRU,GlobalAllocation,768,1,2019500,{'interleave': 'random'},2.0195
shared,5,thrashing,LRU,GlobalAllocation,768,1,2067200,{'interleave': 'random'},2.0672
shared,6,thrashing,LRU,GlobalAllocation,768,1,776200,{'interleave': 'random'},0.7762
shared,7,thrashing,LRU,GlobalAllocation,768,1,2101800,{'interleave': 'random'},2.1018
shared_total,,thrashing,LRU,GlobalAllocation,768,2,14949500,{'interleave': 'random'},14.9495
shared,0,thrashing,LRU,GlobalAllocation,768,2,816900,{'interleave': 'random'},0.8169
shared,1,thrashing,LRU,GlobalAllocation,768,2,1572100,{'interleave': 'random'},1.5721
shared,2,thrashing,LRU,GlobalAllocation,768,2,1948600,{'interleave': 'random'},1.9486
shared,3,thrashing,LRU,GlobalAllocation,768,2,2075500,{'interleave': 'random'},2.0755
shared,4,thrashing,LRU,GlobalAllocation,768,2,2123800,{'interleave': 'random'},2.1238
shared,5,thrashing,LRU,GlobalAllocation,768,2,2095200,{'interleave': 'random'},2.0952
shared,6,thrashing,LRU,GlobalAllocation,768,2,778900,{'interleave': 'random'},0.7789
shared,7,thrashing,LRU,GlobalAllocation,768,2,2041500,{'interleave': 'random'},2.0415
shared_total,,thrashing,LRU,GlobalAllocation,768,3,17758800,{'interleave': 'random'},17.7588
shared,0,thrashing,LRU,GlobalAllocation,768,3,996900,{'interleave': 'random'},0.9969
shared,1,thrashing,LRU,GlobalAllocation,768,3,1705800,{'interleave': 'random'},1.7058
shared,2,thrashing,LRU,GlobalAllocation,768,3,2315600,{'interleave': 'random'},2.3156
shared,3,thrashing,LRU,GlobalAllocation,768,3,2520100,{'interleave': 'random'},2.5201
shared,4,thrashing,LRU,GlobalAllocation,768,3,2396800,{'interleave': 'random'},2.3968
shared,5,thrashing,LRU,GlobalAllocation,768,3,2532500,{'interleave': 'random'},2.5325
shared,6,thrashing,LRU,GlobalAllocation,768,3,953000,{'interleave': 'random'},0.953
shared,7,thrashing,LRU,GlobalAllocation,768,3,2472700,{'interleave': 'random'},2.4727
shared_total,,thrashing,LRU,GlobalAllocation,768,4,15044200,{'interleave': 'random'},15.0442
shared,0,thrashing,LRU,GlobalAllocation,768,4,823500,{'interleave': 'random'},0.8235
shared,1,thrashing,LRU,GlobalAllocation,768,4,1694100,{'interleave': 'random'},1.6941
shared,2,thrashing,LRU,GlobalAllocation,768,4,1745300,{'interleave': 'random'},1.7453
shared,3,thrashing,LRU,GlobalAllocation,768,4,2113400,{'interleave': 'random'},2.1134
shared,4,thrashing,LRU,GlobalAllocation,768,4,2072200,{'interleave': 'random'},2.0722
shared,5,thrashing,LRU,GlobalAllocation,768,4,2176600,{'interleave': 'random'},2.1766
shared,6,thrashing,LRU,GlobalAllocation,768,4,781800,{'interleave': 'random'},0.7818
shared,7,thrashing,LRU,GlobalAllocation,768,4,2117100,{'interleave': 'random'},2.1171
shared_total,,thrashing,LRU,GlobalAllocation,768,5,14977500,{'interleave': 'random'},14.9775
shared,0,thrashing,LRU,GlobalAllocation,768,5,822300,{'interleave': 'random'},0.8223
shared,1,thrashing,LRU,GlobalAllocation,768,5,1511000,{'interleave': 'random'},1.511
shared,2,thrashing,LRU,GlobalAllocation,768,5,1881900,{'interleave': 'random'},1.8819
shared,3,thrashing,LRU,GlobalAllocation,768,5,2119700,{'interleave': 'random'},2.1197
shared,4,thrashing,LRU,GlobalAllocation,768,5,2186300,{'interleave': 'random'},2.1863
shared,5,thrashing,LRU,GlobalAllocation,768,5,2064800,{'interleave': 'random'},2.0648
shared,6,thrashing,LRU,GlobalAllocation,768,5,791500,{'interleave': 'random'},0.7915
shared,7,thrashing,LRU,GlobalAllocation,768,5,2080300,{'interleave': 'random'},2.0803
shared_total,,thrashing,LRU,GlobalAllocation,768,6,15459600,{'interleave': 'random'},15.4596
shared,0,thrashing,LRU,GlobalAllocation,768,6,907900,{'interleave': 'random'},0.9079
shared,1,thrashing,LRU,GlobalAllocation,768,6,1460500,{'interleave': 'random'},1.4605
shared,2,thrashing,LRU,GlobalAllocation,768,6,2083400,{'interleave': 'random'},2.0834
shared,3,thrashing,LRU,GlobalAllocation,768,6,2180100,{'interleave': 'random'},2.1801
shared,4,thrashing,LRU,GlobalAllocation,768,6,2171100,{'interleave': 'random'},2.1711
shared,5,thrashing,LRU,GlobalAllocation,768,6,2137900,{'interleave': 'random'},2.1379
shared,6,thrashing,LRU,GlobalAllocation,768,6,797600,{'interleave': 'random'},0.7976
shared,7,thrashing,LRU,GlobalAllocation,768,6,2178000,{'interleave': 'random'},2.178
shared_total,,thrashing,LRU,GlobalAllocation,768,7,15331400,{'interleave': 'random'},15.3314
shared,0,thrashing,LRU,GlobalAllocation,768,7,889200,{'interleave': 'random'},0.8892
shared,1,thrashing,LRU,GlobalAllocation,768,7,1630600,{'interleave': 'random'},1.6306
shared,2,thrashing,LRU,GlobalAllocation,768,7,2010900,{'interleave': 'random'},2.0109
shared,3,thrashing,LRU,GlobalAllocation,768,7,2175500,{'interleave': 'random'},2.1755
shared,4,thrashing,LRU,GlobalAllocation,768,7,2090100,{'interleave': 'random'},2.0901
shared,5,thrashing,LRU,GlobalAllocation,768,7,2174100,{'interleave': 'random'},2.1741
shared,6,thrashing,LRU,GlobalAllocation,768,7,799600,{'interleave': 'random'},0.7996
shared,7,thrashing,LRU,GlobalAllocation,768,7,2056600,{'interleave': 'random'},2.0566
shared_total,,thrashing,LRU,GlobalAllocation,768,8,15599000,{'interleave': 'random'},15.599
shared,0,thrashing,LRU,GlobalAllocation,768,8,822600,{'interleave': 'random'},0.8226
shared,1,thrashing,LRU,GlobalAllocation,768,8,1575400,{'interleave': 'random'},1.5754
shared,2,thrashing,LRU,GlobalAllocation,768,8,1975500,{'interleave': 'random'},1.9755
shared,3,thrashing,LRU,GlobalAllocation,768,8,2173400,{'interleave': 'random'},2.1734
shared,4,thrashing,LRU,GlobalAllocation,768,8,2172400,{'interleave': 'random'},2.1724
shared,5,thrashing,LRU,GlobalAllocation,768,8,2218100,{'interleave': 'random'},2.2181
shared,6,thrashing,LRU,GlobalAllocation,768,8,800000,{'interleave': 'random'},0.8
shared,7,thrashing,LRU,GlobalAllocation,768,8,2269800,{'interleave': 'random'},2.2698
shared_total,,thrashing,LRU,GlobalAllocation,768,9,15537600,{'interleave': 'random'},15.5376
shared,0,thrashing,LRU,GlobalAllocation,768,9,1017400,{'interleave': 'random'},1.0174
shared,1,thrashing,LRU,GlobalAllocation,768,9,1307700,{'interleave': 'random'},1.3077
shared,2,thrashing,LRU,GlobalAllocation,768,9,2078100,{'interleave': 'random'},2.0781
shared,3,thrashing,LRU,GlobalAllocation,768,9,2190900,{'interleave': 'random'},2.1909
shared,4,thrashing,LRU,GlobalAllocation,768,9,2135500,{'interleave': 'random'},2.1355
shared,5,thrashing,LRU,GlobalAllocation,768,9,2232600,{'interleave': 'random'},2.2326
shared,6,thrashing,LRU,GlobalAllocation,768,9,805500,{'interleave': 'random'},0.8055
shared,7,thrashing,LRU,GlobalAllocation,768,9,2176200,{'interleave': 'random'},2.1762
shared_total,,thrashing,LRU,LocalAllocation,768,0,11038400,{'interleave': 'random'},11.0384
shared,0,thrashing,LRU,LocalAllocation,768,0,558100,{'interleave': 'random'},0.5581
shared,1,thrashing,LRU,LocalAllocation,768,0,1455300,{'interleave': 'random'},1.4553
shared,2,thrashing,LRU,LocalAllocation,768,0,1378600,{'interleave': 'random'},1.3786
shared,3,thrashing,LRU,LocalAllocation,768,0,1394600,{'interleave': 'random'},1.3946
shared,4,thrashing,LRU,LocalAllocation,768,0,1437100,{'interleave': 'random'},1.4371
shared,5,thrashing,LRU,LocalAllocation,768,0,1462600,{'interleave': 'random'},1.4626
shared,6,thrashing,LRU,LocalAllocation,768,0,527100,{'interleave': 'random'},0.5271
shared,7,thrashing,LRU,LocalAllocation,768,0,1397600,{'interleave': 'random'},1.3976
shared_total,,thrashing,LRU,LocalAllocation,768,1,10758200,{'interleave': 'random'},10.7582
shared,0,thrashing,LRU,LocalAllocation,768,1,555200,{'interleave': 'random'},0.5552
shared,1,thrashing,LRU,LocalAllocation,768,1,1363400,{'interleave': 'random'},1.3634
shared,2,thrashing,LRU,LocalAllocation,768,1,1379800,{'interleave': 'random'},1.3798
shared,3,thrashing,LRU,LocalAllocation,768,1,1375600,{'interleave': 'random'},1.3756
shared,4,thrashing,LRU,LocalAllocation,768,1,1394800,{'interleave': 'random'},1.3948
shared,5,thrashing,LRU,LocalAllocation,768,1,1385200,{'interleave': 'random'},1.3852
shared,6,thrashing,LRU,LocalAllocation,768,1,526600,{'interleave': 'random'},0.5266
shared,7,thrashing,LRU,LocalAllocation,768,1,1382100,{'interleave': 'random'},1.3821
shared_total,,thrashing,LRU,LocalAllocation,768,2,10571800,{'interleave': 'random'},10.5718
shared,0,thrashing,LRU,LocalAllocation,768,2,544700,{'interleave': 'random'},0.5447
shared,1,thrashing,LRU,LocalAllocation,768,2,1351100,{'interleave': 'random'},1.3511
shared,2,thrashing,LRU,LocalAllocation,768,2,1368100,{'interleave': 'random'},1.3681
shared,3,thrashing,LRU,LocalAllocation,768,2,1355500,{'interleave': 'random'},1.3555
shared,4,thrashing,LRU,LocalAllocation,768,2,1358800,{'interleave': 'random'},1.3588
shared,5,thrashing,LRU,LocalAllocation,768,2,1350800,{'interleave': 'random'},1.3508
shared,6,thrashing,LRU,LocalAllocation,768,2,512800,{'interleave': 'random'},0.5128
shared,7,thrashing,LRU,LocalAllocation,768,2,1356500,{'interleave': 'random'},1.3565
shared_total,,thrashing,LRU,LocalAllocation,768,3,10679000,{'interleave': 'random'},10.679
shared,0,thrashing,LRU,LocalAllocation,768,3,547900,{'interleave': 'random'},0.5479
shared,1,thrashing,LRU,LocalAllocation,768,3,1376400,{'interleave': 'random'},1.3764
shared,2,thrashing,LRU,LocalAllocation,768,3,1364000,{'interleave': 'random'},1.364
shared,3,thrashing,LRU,LocalAllocation,768,3,1358000,{'interleave': 'random'},1.358
shared,4,thrashing,LRU,LocalAllocation,768,3,1368200,{'interleave': 'random'},1.3682
shared,5,thrashing,LRU,LocalAllocation,768,3,1359900,{'interleave': 'random'},1.3599
shared,6,thrashing,LRU,LocalAllocation,768,3,521200,{'interleave': 'random'},0.5212
shared,7,thrashing,LRU,LocalAllocation,768,3,1372600,{'interleave': 'random'},1.3726
shared_total,,thrashing,LRU,LocalAllocation,768,4,10701100,{'interleave': 'random'},10.7011
shared,0,thrashing,LRU,LocalAllocation,768,4,543200,{'interleave': 'random'},0.5432
shared,1,thrashing,LRU,LocalAllocation,768,4,1365800,{'interleave': 'random'},1.3658
shared,2,thrashing,LRU,LocalAllocation,768,4,1376000,{'interleave': 'random'},1.376
shared,3,thrashing,LRU,LocalAllocation,768,4,1377200,{'interleave': 'random'},1.3772
shared,4,thrashing,LRU,LocalAllocation,768,4,1378000,{'interleave': 'random'},1.378
shared,5,thrashing,LRU,LocalAllocation,768,4,1364300,{'interleave': 'random'},1.3643
shared,6,thrashing,LRU,LocalAllocation,768,4,521300,{'interleave': 'random'},0.5213
shared,7,thrashing,LRU,LocalAllocation,768,4,1379900,{'interleave': 'random'},1.3799
shared_total,,thrashing,LRU,LocalAllocation,768,5,10560600,{'interleave': 'random'},10.5606
shared,0,thrashing,LRU,LocalAllocation,768,5,543000,{'interleave': 'random'},0.543
shared,1,thrashing,LRU,LocalAllocation,768,5,1347200,{'interleave': 'random'},1.3472
shared,2,thrashing,LRU,LocalAllocation,768,5,1354300,{'interleave': 'random'},1.3543
shared,3,thrashing,LRU,LocalAllocation,768,5,1353300,{'interleave': 'random'},1.3533
shared,4,thrashing,LRU,LocalAllocation,768,5,1368400,{'interleave': 'random'},1.3684
shared,5,thrashing,LRU,LocalAllocation,768,5,1355000,{'interleave': 'random'},1.355
shared,6,thrashing,LRU,LocalAllocation,768,5,516300,{'interleave': 'random'},0.5163
shared,7,thrashing,LRU,LocalAllocation,768,5,1354600,{'interleave': 'random'},1.3546
shared_total,,thrashing,LRU,LocalAllocation,768,6,10700600,{'interleave': 'random'},10.7006
shared,0,thrashing,LRU,LocalAllocation,768,6,550100,{'interleave': 'random'},0.5501
shared,1,thrashing,LRU,LocalAllocation,768,6,1375900,{'interleave': 'random'},1.3759
shared,2,thrashing,LRU,LocalAllocation,768,6,1367000,{'interleave': 'random'},1.367
shared,3,thrashing,LRU,LocalAllocation,768,6,1367300,{'interleave': 'random'},1.3673
shared,4,thrashing,LRU,LocalAllocation,768,6,1366400,{'interleave': 'random'},1.3664
shared,5,thrashing,LRU,LocalAllocation,768,6,1355400,{'interleave': 'random'},1.3554
shared,6,thrashing,LRU,LocalAllocation,768,6,513400,{'interleave': 'random'},0.5134
shared,7,thrashing,LRU,LocalAllocation,768,6,1370800,{'interleave': 'random'},1.3708
shared_total,,thrashing,LRU,LocalAllocation,768,7,11069300,{'interleave': 'random'},11.0693
shared,0,thrashing,LRU,LocalAllocation,768,7,567000,{'interleave': 'random'},0.567
shared,1,thrashing,LRU,LocalAllocation,768,7,1383500,{'interleave': 'random'},1.3835
shared,2,thrashing,LRU,LocalAllocation,768,7,1449000,{'interleave': 'random'},1.449
shared,3,thrashing,LRU,LocalAllocation,768,7,1427600,{'interleave': 'random'},1.4276
shared,4,thrashing,LRU,LocalAllocation,768,7,1410700,{'interleave': 'random'},1.4107
shared,5,thrashing,LRU,LocalAllocation,768,7,1410200,{'interleave': 'random'},1.4102
shared,6,thrashing,LRU,LocalAllocation,768,7,530000,{'interleave': 'random'},0.53
shared,7,thrashing,LRU,LocalAllocation,768,7,1399100,{'interleave': 'random'},1.3991
shared_total,,thrashing,LRU,LocalAllocation,768,8,10621400,{'interleave': 'random'},10.6214
shared,0,thrashing,LRU,LocalAllocation,768,8,545000,{'interleave': 'random'},0.545
shared,1,thrashing,LRU,LocalAllocation,768,8,1351500,{'interleave': 'random'},1.3515
shared,2,thrashing,LRU,LocalAllocation,768,8,1390100,{'interleave': 'random'},1.3901
shared,3,thrashing,LRU,LocalAllocation,768,8,1357000,{'interleave': 'random'},1.357
shared,4,thrashing,LRU,LocalAllocation,768,8,1358800,{'interleave': 'random'},1.3588
shared,5,thrashing,LRU,LocalAllocation,768,8,1354200,{'interleave': 'random'},1.3542
shared,6,thrashing,LRU,LocalAllocation,768,8,514100,{'interleave': 'random'},0.5141
shared,7,thrashing,LRU,LocalAllocation,768,8,1357500,{'interleave': 'random'},1.3575
shared_total,,thrashing,LRU,LocalAllocation,768,9,10650200,{'interleave': 'random'},10.6502
shared,0,thrashing,LRU,LocalAllocation,768,9,545700,{'interleave': 'random'},0.5457
shared,1,thrashing,LRU,LocalAllocation,768,9,1367400,{'interleave': 'random'},1.3674
shared,2,thrashing,LRU,LocalAllocation,768,9,1366200,{'interleave': 'random'},1.3662
shared,3,thrashing,LRU,LocalAllocation,768,9,1372100,{'interleave': 'random'},1.3721
shared,4,thrashing,LRU,LocalAllocation,768,9,1375100,{'interleave': 'random'},1.3751
shared,5,thrashing,LRU,LocalAllocation,768,9,1362300,{'interleave': 'random'},1.3623
shared,6,thrashing,LRU,LocalAllocation,768,9,516300,{'interleave': 'random'},0.5163
shared,7,thrashing,LRU,LocalAllocation,768,9,1359600,{'interleave': 'random'},1.3596
shared_total,,thrashing,LRU,ProportionalAllocation,768,0,12465900,{'interleave': 'random'},12.4659
shared,0,thrashing,LRU,ProportionalAllocation,768,0,1402700,{'interleave': 'random'},1.4027
shared,1,thrashing,LRU,ProportionalAllocation,768,0,1399000,{'interleave': 'random'},1.399
shared,2,thrashing,LRU,ProportionalAllocation,768,0,1364600,{'interleave': 'random'},1.3646
shared,3,thrashing,LRU,ProportionalAllocation,768,0,1364000,{'interleave': 'random'},1.364
shared,4,thrashing,LRU,ProportionalAllocation,768,0,1365800,{'interleave': 'random'},1.3658
shared,5,thrashing,LRU,ProportionalAllocation,768,0,1362800,{'interleave': 'random'},1.3628
shared,6,thrashing,LRU,ProportionalAllocation,768,0,1419800,{'interleave': 'random'},1.4198
shared,7,thrashing,LRU,ProportionalAllocation,768,0,1372300,{'interleave': 'random'},1.3723
shared_total,,thrashing,LRU,ProportionalAllocation,768,1,12464000,{'interleave': 'random'},12.464
shared,0,thrashing,LRU,ProportionalAllocation,768,1,1401500,{'interleave': 'random'},1.4015
shared,1,thrashing,LRU,ProportionalAllocation,768,1,1406400,{'interleave': 'random'},1.4064
shared,2,thrashing,LRU,ProportionalAllocation,768,1,1362700,{'interleave': 'random'},1.3627
shared,3,thrashing,LRU,ProportionalAllocation,768,1,1362900,{'interleave': 'random'},1.3629
shared,4,thrashing,LRU,ProportionalAllocation,768,1,1369500,{'interleave': 'random'},1.3695
shared,5,thrashing,LRU,ProportionalAllocation,768,1,1367500,{'interleave': 'random'},1.3675
shared,6,thrashing,LRU,ProportionalAllocation,768,1,1423200,{'interleave': 'random'},1.4232
shared,7,thrashing,LRU,ProportionalAllocation,768,1,1360300,{'interleave': 'random'},1.3603
shared_total,,thrashing,LRU,ProportionalAllocation,768,2,12383900,{'interleave': 'random'},12.3839
shared,0,thrashing,LRU,ProportionalAllocation,768,2,1390800,{'interleave': 'random'},1.3908
shared,1,thrashing,LRU,ProportionalAllocation,768,2,1396200,{'interleave': 'random'},1.3962
shared,2,thrashing,LRU,ProportionalAllocation,768,2,1359800,{'interleave': 'random'},1.3598
shared,3,thrashing,LRU,ProportionalAllocation,768,2,1355500,{'interleave': 'random'},1.3555
shared,4,thrashing,LRU,ProportionalAllocation,768,2,1358200,{'interleave': 'random'},1.3582
shared,5,thrashing,LRU,ProportionalAllocation,768,2,1354400,{'interleave': 'random'},1.3544
shared,6,thrashing,LRU,ProportionalAllocation,768,2,1410100,{'interleave': 'random'},1.4101
shared,7,thrashing,LRU,ProportionalAllocation,768,2,1346800,{'interleave': 'random'},1.3468
shared_total,,thrashing,LRU,ProportionalAllocation,768,3,12423000,{'interleave': 'random'},12.423
shared,0,thrashing,LRU,ProportionalAllocation,768,3,1380800,{'interleave': 'random'},1.3808
shared,1,thrashing,LRU,ProportionalAllocation,768,3,1398400,{'interleave': 'random'},1.3984
shared,2,thrashing,LRU,ProportionalAllocation,768,3,1356400,{'interleave': 'random'},1.3564
shared,3,thrashing,LRU,ProportionalAllocation,768,3,1362700,{'interleave': 'random'},1.3627
shared,4,thrashing,LRU,ProportionalAllocation,768,3,1357000,{'interleave': 'random'},1.357
shared,5,thrashing,LRU,ProportionalAllocation,768,3,1362800,{'interleave': 'random'},1.3628
shared,6,thrashing,LRU,ProportionalAllocation,768,3,1446500,{'interleave': 'random'},1.4465
shared,7,thrashing,LRU,ProportionalAllocation,768,3,1358700,{'interleave': 'random'},1.3587
shared_total,,thrashing,LRU,ProportionalAllocation,768,4,12353400,{'interleave': 'random'},12.3534
shared,0,thrashing,LRU,ProportionalAllocation,768,4,1375100,{'interleave': 'random'},1.3751
shared,1,thrashing,LRU,ProportionalAllocation,768,4,1376700,{'interleave': 'random'},1.3767
shared,2,thrashing,LRU,ProportionalAllocation,768,4,1351500,{'interleave': 'random'},1.3515
shared,3,thrashing,LRU,ProportionalAllocation,768,4,1348800,{'interleave': 'random'},1.3488
shared,4,thrashing,LRU,ProportionalAllocation,768,4,1352700,{'interleave': 'random'},1.3527
shared,5,thrashing,LRU,ProportionalAllocation,768,4,1365200,{'interleave': 'random'},1.3652
shared,6,thrashing,LRU,ProportionalAllocation,768,4,1408100,{'interleave': 'random'},1.4081
shared,7,thrashing,LRU,ProportionalAllocation,768,4,1376700,{'interleave': 'random'},1.3767
shared_total,,thrashing,LRU,ProportionalAllocation,768,5,12917300,{'interleave': 'random'},12.9173
shared,0,thrashing,LRU,ProportionalAllocation,768,5,1479500,{'interleave': 'random'},1.4795
shared,1,thrashing,LRU,ProportionalAllocation,768,5,1434800,{'interleave': 'random'},1.4348
shared,2,thrashing,LRU,ProportionalAllocation,768,5,1415900,{'interleave': 'random'},1.4159
shared,3,thrashing,LRU,ProportionalAllocation,768,5,1404800,{'interleave': 'random'},1.4048
shared,4,thrashing,LRU,ProportionalAllocation,768,5,1398500,{'interleave': 'random'},1.3985
shared,5,thrashing,LRU,ProportionalAllocation,768,5,1412200,{'interleave': 'random'},1.4122
shared,6,thrashing,LRU,ProportionalAllocation,768,5,1476000,{'interleave': 'random'},1.476
shared,7,thrashing,LRU,ProportionalAllocation,768,5,1413800,{'interleave': 'random'},1.4138
shared_total,,thrashing,LRU,ProportionalAllocation,768,6,12395300,{'interleave': 'random'},12.3953
shared,0,thrashing,LRU,ProportionalAllocation,768,6,1378400,{'interleave': 'random'},1.3784
shared,1,thrashing,LRU,ProportionalAllocation,768,6,1394300,{'interleave': 'random'},1.3943
shared,2,thrashing,LRU,ProportionalAllocation,768,6,1355100,{'interleave': 'random'},1.3551
shared,3,thrashing,LRU,ProportionalAllocation,768,6,1359000,{'interleave': 'random'},1.359
shared,4,thrashing,LRU,ProportionalAllocation,768,6,1360000,{'interleave': 'random'},1.36
shared,5,thrashing,LRU,ProportionalAllocation,768,6,1359800,{'interleave': 'random'},1.3598
shared,6,thrashing,LRU,ProportionalAllocation,768,6,1431600,{'interleave': 'random'},1.4316
shared,7,thrashing,LRU,ProportionalAllocation,768,6,1355900,{'interleave': 'random'},1.3559
shared_total,,thrashing,LRU,ProportionalAllocation,768,7,12535800,{'interleave': 'random'},12.5358
shared,0,thrashing,LRU,ProportionalAllocation,768,7,1384300,{'interleave': 'random'},1.3843
shared,1,thrashing,LRU,ProportionalAllocation,768,7,1398800,{'interleave': 'random'},1.3988
shared,2,thrashing,LRU,ProportionalAllocation,768,7,1386800,{'interleave': 'random'},1.3868
shared,3,thrashing,LRU,ProportionalAllocation,768,7,1374100,{'interleave': 'random'},1.3741
shared,4,thrashing,LRU,ProportionalAllocation,768,7,1361900,{'interleave': 'random'},1.3619
shared,5,thrashing,LRU,ProportionalAllocation,768,7,1379000,{'interleave': 'random'},1.379
shared,6,thrashing,LRU,ProportionalAllocation,768,7,1438300,{'interleave': 'random'},1.4383
shared,7,thrashing,LRU,ProportionalAllocation,768,7,1393300,{'interleave': 'random'},1.3933
shared_total,,thrashing,LRU,ProportionalAllocation,768,8,12451200,{'interleave': 'random'},12.4512
shared,0,thrashing,LRU,ProportionalAllocation,768,8,1371700,{'interleave': 'random'},1.3717
shared,1,thrashing,LRU,ProportionalAllocation,768,8,1399600,{'interleave': 'random'},1.3996
shared,2,thrashing,LRU,ProportionalAllocation,768,8,1368200,{'interleave': 'random'},1.3682
shared,3,thrashing,LRU,ProportionalAllocation,768,8,1375300,{'interleave': 'random'},1.3753
shared,4,thrashing,LRU,ProportionalAllocation,768,8,1364100,{'interleave': 'random'},1.3641
shared,5,thrashing,LRU,ProportionalAllocation,768,8,1368800,{'interleave': 'random'},1.3688
shared,6,thrashing,LRU,ProportionalAllocation,768,8,1420000,{'interleave': 'random'},1.42
shared,7,thrashing,LRU,ProportionalAllocation,768,8,1360800,{'interleave': 'random'},1.3608
shared_total,,thrashing,LRU,ProportionalAllocation,768,9,12328300,{'interleave': 'random'},12.3283
shared,0,thrashing,LRU,ProportionalAllocation,768,9,1376000,{'interleave': 'random'},1.376
shared,1,thrashing,LRU,ProportionalAllocation,768,9,1377000,{'interleave': 'random'},1.377
shared,2,thrashing,LRU,ProportionalAllocation,768,9,1347100,{'interleave': 'random'},1.3471
shared,3,thrashing,LRU,ProportionalAllocation,768,9,1352400,{'interleave': 'random'},1.3524
shared,4,thrashing,LRU,ProportionalAllocation,768,9,1343500,{'interleave': 'random'},1.3435
shared,5,thrashing,LRU,ProportionalAllocation,768,9,1357600,{'interleave': 'random'},1.3576
shared,6,thrashing,LRU,ProportionalAllocation,768,9,1416500,{'interleave': 'random'},1.4165
shared,7,thrashing,LRU,ProportionalAllocation,768,9,1343000,{'interleave': 'random'},1.343
shared_total,,thrashing,NRU,GlobalAllocation,768,0,233012100,{'interleave': 'random'},233.0121
shared,0,thrashing,NRU,GlobalAllocation,768,0,20807400,{'interleave': 'random'},20.8074
shared,1,thrashing,NRU,GlobalAllocation,768,0,26126300,{'interleave': 'random'},26.1263
shared,2,thrashing,NRU,GlobalAllocation,768,0,36243000,{'interleave': 'random'},36.243
shared,3,thrashing,NRU,GlobalAllocation,768,0,26859300,{'interleave': 'random'},26.8593
shared,4,thrashing,NRU,GlobalAllocation,768,0,35691500,{'interleave': 'random'},35.6915
shared,5,thrashing,NRU,GlobalAllocation,768,0,37654100,{'interleave': 'random'},37.6541
shared,6,thrashing,NRU,GlobalAllocation,768,0,6975900,{'interleave': 'random'},6.9759
shared,7,thrashing,NRU,GlobalAllocation,768,0,40872100,{'interleave': 'random'},40.8721
shared_total,,thrashing,NRU,GlobalAllocation,768,1,235577100,{'interleave': 'random'},235.5771
shared,0,thrashing,NRU,GlobalAllocation,768,1,23323900,{'interleave': 'random'},23.3239
shared,1,thrashing,NRU,GlobalAllocation,768,1,29167000,{'interleave': 'random'},29.167
shared,2,thrashing,NRU,GlobalAllocation,768,1,32398600,{'interleave': 'random'},32.3986
shared,3,thrashing,NRU,GlobalAllocation,768,1,30891600,{'interleave': 'random'},30.8916
shared,4,thrashing,NRU,GlobalAllocation,768,1,33369800,{'interleave': 'random'},33.3698
shared,5,thrashing,NRU,GlobalAllocation,768,1,40052500,{'interleave': 'random'},40.0525
shared,6,thrashing,NRU,GlobalAllocation,768,1,5862200,{'interleave': 'random'},5.8622
shared,7,thrashing,NRU,GlobalAllocation,768,1,38745200,{'interleave': 'random'},38.7452
shared_total,,thrashing,NRU,GlobalAllocation,768,2,229963200,{'interleave': 'random'},229.9632
shared,0,thrashing,NRU,GlobalAllocation,768,2,23008100,{'interleave': 'random'},23.0081
shared,1,thrashing,NRU,GlobalAllocation,768,2,24984400,{'interleave': 'random'},24.9844
shared,2,thrashing,NRU,GlobalAllocation,768,2,26340200,{'interleave': 'random'},26.3402
shared,3,thrashing,NRU,GlobalAllocation,768,2,33318100,{'interleave': 'random'},33.3181
shared,4,thrashing,NRU,GlobalAllocation,768,2,35253400,{'interleave': 'random'},35.2534
shared,5,thrashing,NRU,GlobalAllocation,768,2,35787600,{'interleave': 'random'},35.7876
shared,6,thrashing,NRU,GlobalAllocation,768,2,6323200,{'interleave': 'random'},6.3232
shared,7,thrashing,NRU,GlobalAllocation,768,2,43173400,{'interleave': 'random'},43.1734
shared_total,,thrashing,NRU,GlobalAllocation,768,3,240658900,{'interleave': 'random'},240.6589
shared,0,thrashing,NRU,GlobalAllocation,768,3,26830300,{'interleave': 'random'},26.8303
shared,1,thrashing,NRU,GlobalAllocation,768,3,26948300,{'interleave': 'random'},26.9483
shared,2,thrashing,NRU,GlobalAllocation,768,3,31986300,{'interleave': 'random'},31.9863
shared,3,thrashing,NRU,GlobalAllocation,768,3,33793100,{'interleave': 'random'},33.7931
shared,4,thrashing,NRU,GlobalAllocation,768,3,33565200,{'interleave': 'random'},33.5652
shared,5,thrashing,NRU,GlobalAllocation,768,3,38417100,{'interleave': 'random'},38.4171
shared,6,thrashing,NRU,GlobalAllocation,768,3,6635200,{'interleave': 'random'},6.6352
shared,7,thrashing,NRU,GlobalAllocation,768,3,40689600,{'interleave': 'random'},40.6896
shared_total,,thrashing,NRU,GlobalAllocation,768,4,253517600,{'interleave': 'random'},253.5176
shared,0,thrashing,NRU,GlobalAllocation,768,4,26049900,{'interleave': 'random'},26.0499
shared,1,thrashing,NRU,GlobalAllocation,768,4,25495500,{'interleave': 'random'},25.4955
shared,2,thrashing,NRU,GlobalAllocation,768,4,32839500,{'interleave': 'random'},32.8395
shared,3,thrashing,NRU,GlobalAllocation,768,4,35150300,{'interleave': 'random'},35.1503
shared,4,thrashing,NRU,GlobalAllocation,768,4,37235400,{'interleave': 'random'},37.2354
shared,5,thrashing,NRU,GlobalAllocation,768,4,39587500,{'interleave': 'random'},39.5875
shared,6,thrashing,NRU,GlobalAllocation,768,4,8185500,{'interleave': 'random'},8.1855
shared,7,thrashing,NRU,GlobalAllocation,768,4,47078300,{'interleave': 'random'},47.0783
shared_total,,thrashing,NRU,GlobalAllocation,768,5,235273200,{'interleave': 'random'},235.2732
shared,0,thrashing,NRU,GlobalAllocation,768,5,21791500,{'interleave': 'random'},21.7915
shared,1,thrashing,NRU,GlobalAllocation,768,5,30329200,{'interleave': 'random'},30.3292
shared,2,thrashing,NRU,GlobalAllocation,768,5,27372900,{'interleave': 'random'},27.3729
shared,3,thrashing,NRU,GlobalAllocation,768,5,34656000,{'interleave': 'random'},34.656
shared,4,thrashing,NRU,GlobalAllocation,768,5,30297000,{'interleave': 'random'},30.297
shared,5,thrashing,NRU,GlobalAllocation,768,5,39040100,{'interleave': 'random'},39.0401
shared,6,thrashing,NRU,GlobalAllocation,768,5,8231000,{'interleave': 'random'},8.231
shared,7,thrashing,NRU,GlobalAllocation,768,5,41623100,{'interleave': 'random'},41.6231
shared_total,,thrashing,NRU,GlobalAllocation,768,6,230124300,{'interleave': 'random'},230.1243
shared,0,thrashing,NRU,GlobalAllocation,768,6,21081700,{'interleave': 'random'},21.0817
shared,1,thrashing,NRU,GlobalAllocation,768,6,26884800,{'interleave': 'random'},26.8848
shared,2,thrashing,NRU,GlobalAllocation,768,6,28948500,{'interleave': 'random'},28.9485
shared,3,thrashing,NRU,GlobalAllocation,768,6,33588000,{'interleave': 'random'},33.588
shared,4,thrashing,NRU,GlobalAllocation,768,6,35131800,{'interleave': 'random'},35.1318
shared,5,thrashing,NRU,GlobalAllocation,768,6,37715200,{'interleave': 'random'},37.7152
shared,6,thrashing,NRU,GlobalAllocation,768,6,5273500,{'interleave': 'random'},5.2735
shared,7,thrashing,NRU,GlobalAllocation,768,6,39779700,{'interleave': 'random'},39.7797
shared_total,,thrashing,NRU,GlobalAllocation,768,7,232731200,{'interleave': 'random'},232.7312
shared,0,thrashing,NRU,GlobalAllocation,768,7,24281600,{'interleave': 'random'},24.2816
shared,1,thrashing,NRU,GlobalAllocation,768,7,26686100,{'interleave': 'random'},26.6861
shared,2,thrashing,NRU,GlobalAllocation,768,7,26480400,{'interleave': 'random'},26.4804
shared,3,thrashing,NRU,GlobalAllocation,768,7,29949400,{'interleave': 'random'},29.9494
shared,4,thrashing,NRU,GlobalAllocation,768,7,36875000,{'interleave': 'random'},36.875
shared,5,thrashing,NRU,GlobalAllocation,768,7,37540500,{'interleave': 'random'},37.5405
shared,6,thrashing,NRU,GlobalAllocation,768,7,7922400,{'interleave': 'random'},7.9224
shared,7,thrashing,NRU,GlobalAllocation,768,7,41230000,{'interleave': 'random'},41.23
shared_total,,thrashing,NRU,GlobalAllocation,768,8,234524100,{'interleave': 'random'},234.5241
shared,0,thrashing,NRU,GlobalAllocation,768,8,23670700,{'interleave': 'random'},23.6707
shared,1,thrashing,NRU,GlobalAllocation,768,8,27182600,{'interleave': 'random'},27.1826
shared,2,thrashing,NRU,GlobalAllocation,768,8,29390500,{'interleave': 'random'},29.3905
shared,3,thrashing,NRU,GlobalAllocation,768,8,31811400,{'interleave': 'random'},31.8114
shared,4,thrashing,NRU,GlobalAllocation,768,8,35730100,{'interleave': 'random'},35.7301
shared,5,thrashing,NRU,GlobalAllocation,768,8,37444300,{'interleave': 'random'},37.4443
shared,6,thrashing,NRU,GlobalAllocation,768,8,7695700,{'interleave': 'random'},7.6957
shared,7,thrashing,NRU,GlobalAllocation,768,8,39824600,{'interleave': 'random'},39.8246
shared_total,,thrashing,NRU,GlobalAllocation,768,9,243158500,{'interleave': 'random'},243.1585
shared,0,thrashing,NRU,GlobalAllocation,768,9,21939000,{'interleave': 'random'},21.939
shared,1,thrashing,NRU,GlobalAllocation,768,9,26083500,{'interleave': 'random'},26.0835
shared,2,thrashing,NRU,GlobalAllocation,768,9,30241500,{'interleave': 'random'},30.2415
shared,3,thrashing,NRU,GlobalAllocation,768,9,33728900,{'interleave': 'random'},33.7289
shared,4,thrashing,NRU,GlobalAllocation,768,9,34968400,{'interleave': 'random'},34.9684
shared,5,thrashing,NRU,GlobalAllocation,768,9,40163200,{'interleave': 'random'},40.1632
shared,6,thrashing,NRU,GlobalAllocation,768,9,7995400,{'interleave': 'random'},7.9954
shared,7,thrashing,NRU,GlobalAllocation,768,9,46169900,{'interleave': 'random'},46.1699
shared_total,,thrashing,NRU,LocalAllocation,768,0,66675400,{'interleave': 'random'},66.6754
shared,0,thrashing,NRU,LocalAllocation,768,0,587800,{'interleave': 'random'},0.5878
shared,1,thrashing,NRU,LocalAllocation,768,0,6637500,{'interleave': 'random'},6.6375
shared,2,thrashing,NRU,LocalAllocation,768,0,9598700,{'interleave': 'random'},9.5987
shared,3,thrashing,NRU,LocalAllocation,768,0,10999300,{'interleave': 'random'},10.9993
shared,4,thrashing,NRU,LocalAllocation,768,0,11570500,{'interleave': 'random'},11.5705
shared,5,thrashing,NRU,LocalAllocation,768,0,12309600,{'interleave': 'random'},12.3096
shared,6,thrashing,NRU,LocalAllocation,768,0,541500,{'interleave': 'random'},0.5415
shared,7,thrashing,NRU,LocalAllocation,768,0,12872200,{'interleave': 'random'},12.8722
shared_total,,thrashing,NRU,LocalAllocation,768,1,66693600,{'interleave': 'random'},66.6936
shared,0,thrashing,NRU,LocalAllocation,768,1,598700,{'interleave': 'random'},0.5987
shared,1,thrashing,NRU,LocalAllocation,768,1,6810700,{'interleave': 'random'},6.8107
shared,2,thrashing,NRU,LocalAllocation,768,1,9715000,{'interleave': 'random'},9.715
shared,3,thrashing,NRU,LocalAllocation,768,1,11015900,{'interleave': 'random'},11.0159
shared,4,thrashing,NRU,LocalAllocation,768,1,11459700,{'interleave': 'random'},11.4597
shared,5,thrashing,NRU,LocalAllocation,768,1,12094800,{'interleave': 'random'},12.0948
shared,6,thrashing,NRU,LocalAllocation,768,1,550300,{'interleave': 'random'},0.5503
shared,7,thrashing,NRU,LocalAllocation,768,1,12844500,{'interleave': 'random'},12.8445
shared_total,,thrashing,NRU,LocalAllocation,768,2,66808200,{'interleave': 'random'},66.8082
shared,0,thrashing,NRU,LocalAllocation,768,2,579300,{'interleave': 'random'},0.5793
shared,1,thrashing,NRU,LocalAllocation,768,2,6532800,{'interleave': 'random'},6.5328
shared,2,thrashing,NRU,LocalAllocation,768,2,9978900,{'interleave': 'random'},9.9789
shared,3,thrashing,NRU,LocalAllocation,768,2,10903000,{'interleave': 'random'},10.903
shared,4,thrashing,NRU,LocalAllocation,768,2,11744400,{'interleave': 'random'},11.7444
shared,5,thrashing,NRU,LocalAllocation,768,2,12254800,{'interleave': 'random'},12.2548
shared,6,thrashing,NRU,LocalAllocation,768,2,536000,{'interleave': 'random'},0.536
shared,7,thrashing,NRU,LocalAllocation,768,2,12718900,{'interleave': 'random'},12.7189
shared_total,,thrashing,NRU,LocalAllocation,768,3,66023500,{'interleave': 'random'},66.0235
shared,0,thrashing,NRU,LocalAllocation,768,3,581700,{'interleave': 'random'},0.5817
shared,1,thrashing,NRU,LocalAllocation,768,3,6425900,{'interleave': 'random'},6.4259
shared,2,thrashing,NRU,LocalAllocation,768,3,9245700,{'interleave': 'random'},9.2457
shared,3,thrashing,NRU,LocalAllocation,768,3,10958200,{'interleave': 'random'},10.9582
shared,4,thrashing,NRU,LocalAllocation,768,3,11595200,{'interleave': 'random'},11.5952
shared,5,thrashing,NRU,LocalAllocation,768,3,12203400,{'interleave': 'random'},12.2034
shared,6,thrashing,NRU,LocalAllocation,768,3,542500,{'interleave': 'random'},0.5425
shared,7,thrashing,NRU,LocalAllocation,768,3,12900100,{'interleave': 'random'},12.9001
shared_total,,thrashing,NRU,LocalAllocation,768,4,76088800,{'interleave': 'random'},76.0888
shared,0,thrashing,NRU,LocalAllocation,768,4,666300,{'interleave': 'random'},0.6663
shared,1,thrashing,NRU,LocalAllocation,768,4,7201900,{'interleave': 'random'},7.2019
shared,2,thrashing,NRU,LocalAllocation,768,4,10702700,{'interleave': 'random'},10.7027
shared,3,thrashing,NRU,LocalAllocation,768,4,12484800,{'interleave': 'random'},12.4848
shared,4,thrashing,NRU,LocalAllocation,768,4,12949500,{'interleave': 'random'},12.9495
shared,5,thrashing,NRU,LocalAllocation,768,4,15420800,{'interleave': 'random'},15.4208
shared,6,thrashing,NRU,LocalAllocation,768,4,635600,{'interleave': 'random'},0.6356
shared,7,thrashing,NRU,LocalAllocation,768,4,14071900,{'interleave': 'random'},14.0719
shared_total,,thrashing,NRU,LocalAllocation,768,5,65788100,{'interleave': 'random'},65.7881
shared,0,thrashing,NRU,LocalAllocation,768,5,583200,{'interleave': 'random'},0.5832
shared,1,thrashing,NRU,LocalAllocation,768,5,6375700,{'interleave': 'random'},6.3757
shared,2,thrashing,NRU,LocalAllocation,768,5,9211300,{'interleave': 'random'},9.2113
shared,3,thrashing,NRU,LocalAllocation,768,5,10960700,{'interleave': 'random'},10.9607
shared,4,thrashing,NRU,LocalAllocation,768,5,11573000,{'interleave': 'random'},11.573
shared,5,thrashing,NRU,LocalAllocation,768,5,12208000,{'interleave': 'random'},12.208
shared,6,thrashing,NRU,LocalAllocation,768,5,533700,{'interleave': 'random'},0.5337
shared,7,thrashing,NRU,LocalAllocation,768,5,12792700,{'interleave': 'random'},12.7927
shared_total,,thrashing,NRU,LocalAllocation,768,6,65856100,{'interleave': 'random'},65.8561
shared,0,thrashing,NRU,LocalAllocation,768,6,585300,{'interleave': 'random'},0.5853
shared,1,thrashing,NRU,LocalAllocation,768,6,6201500,{'interleave': 'random'},6.2015
shared,2,thrashing,NRU,LocalAllocation,768,6,9366300,{'interleave': 'random'},9.3663
shared,3,thrashing,NRU,LocalAllocation,768,6,11043800,{'interleave': 'random'},11.0438
shared,4,thrashing,NRU,LocalAllocation,768,6,11576200,{'interleave': 'random'},11.5762
shared,5,thrashing,NRU,LocalAllocation,768,6,12173900,{'interleave': 'random'},12.1739
shared,6,thrashing,NRU,LocalAllocation,768,6,538900,{'interleave': 'random'},0.5389
shared,7,thrashing,NRU,LocalAllocation,768,6,12819100,{'interleave': 'random'},12.8191
shared_total,,thrashing,NRU,LocalAllocation,768,7,66855500,{'interleave': 'random'},66.8555
shared,0,thrashing,NRU,LocalAllocation,768,7,583700,{'interleave': 'random'},0.5837
shared,1,thrashing,NRU,LocalAllocation,768,7,6656300,{'interleave': 'random'},6.6563
shared,2,thrashing,NRU,LocalAllocation,768,7,9414700,{'interleave': 'random'},9.4147
shared,3,thrashing,NRU,LocalAllocation,768,7,11103800,{'interleave': 'random'},11.1038
shared,4,thrashing,NRU,LocalAllocation,768,7,11673400,{'interleave': 'random'},11.6734
shared,5,thrashing,NRU,LocalAllocation,768,7,12314800,{'interleave': 'random'},12.3148
shared,6,thrashing,NRU,LocalAllocation,768,7,538400,{'interleave': 'random'},0.5384
shared,7,thrashing,NRU,LocalAllocation,768,7,12996200,{'interleave': 'random'},12.9962
shared_total,,thrashing,NRU,LocalAllocation,768,8,66656800,{'interleave': 'random'},66.6568
shared,0,thrashing,NRU,LocalAllocation,768,8,580600,{'interleave': 'random'},0.5806
shared,1,thrashing,NRU,LocalAllocation,768,8,6573100,{'interleave': 'random'},6.5731
shared,2,thrashing,NRU,LocalAllocation,768,8,9258200,{'interleave': 'random'},9.2582
shared,3,thrashing,NRU,LocalAllocation,768,8,11223400,{'interleave': 'random'},11.2234
shared,4,thrashing,NRU,LocalAllocation,768,8,11626700,{'interleave': 'random'},11.6267
shared,5,thrashing,NRU,LocalAllocation,768,8,12400100,{'interleave': 'random'},12.4001
shared,6,thrashing,NRU,LocalAllocation,768,8,542800,{'interleave': 'random'},0.5428
shared,7,thrashing,NRU,LocalAllocation,768,8,12862700,{'interleave': 'random'},12.8627
shared_total,,thrashing,NRU,LocalAllocation,768,9,66175500,{'interleave': 'random'},66.1755
shared,0,thrashing,NRU,LocalAllocation,768,9,578400,{'interleave': 'random'},0.5784
shared,1,thrashing,NRU,LocalAllocation,768,9,6764400,{'interleave': 'random'},6.7644
shared,2,thrashing,NRU,LocalAllocation,768,9,9123400,{'interleave': 'random'},9.1234
shared,3,thrashing,NRU,LocalAllocation,768,9,11199500,{'interleave': 'random'},11.1995
shared,4,thrashing,NRU,LocalAllocation,768,9,11470500,{'interleave': 'random'},11.4705
shared,5,thrashing,NRU,LocalAllocation,768,9,12239100,{'interleave': 'random'},12.2391
shared,6,thrashing,NRU,LocalAllocation,768,9,533500,{'interleave': 'random'},0.5335
shared,7,thrashing,NRU,LocalAllocation,768,9,12726500,{'interleave': 'random'},12.7265
shared_total,,thrashing,NRU,ProportionalAllocation,768,0,63255600,{'interleave': 'random'},63.2556
shared,0,thrashing,NRU,ProportionalAllocation,768,0,5198200,{'interleave': 'random'},5.1982
shared,1,thrashing,NRU,ProportionalAllocation,768,0,7240600,{'interleave': 'random'},7.2406
shared,2,thrashing,NRU,ProportionalAllocation,768,0,9614400,{'interleave': 'random'},9.6144
shared,3,thrashing,NRU,ProportionalAllocation,768,0,9669000,{'interleave': 'random'},9.669
shared,4,thrashing,NRU,ProportionalAllocation,768,0,9445300,{'interleave': 'random'},9.4453
shared,5,thrashing,NRU,ProportionalAllocation,768,0,9203300,{'interleave': 'random'},9.2033
shared,6,thrashing,NRU,ProportionalAllocation,768,0,2126700,{'interleave': 'random'},2.1267
shared,7,thrashing,NRU,ProportionalAllocation,768,0,9148400,{'interleave': 'random'},9.1484
shared_total,,thrashing,NRU,ProportionalAllocation,768,1,63336900,{'interleave': 'random'},63.3369
shared,0,thrashing,NRU,ProportionalAllocation,768,1,5232300,{'interleave': 'random'},5.2323
shared,1,thrashing,NRU,ProportionalAllocation,768,1,7126500,{'interleave': 'random'},7.1265
shared,2,thrashing,NRU,ProportionalAllocation,768,1,9650900,{'interleave': 'random'},9.6509
shared,3,thrashing,NRU,ProportionalAllocation,768,1,9723600,{'interleave': 'random'},9.7236
shared,4,thrashing,NRU,ProportionalAllocation,768,1,9209200,{'interleave': 'random'},9.2092
shared,5,thrashing,NRU,ProportionalAllocation,768,1,9400100,{'interleave': 'random'},9.4001
shared,6,thrashing,NRU,ProportionalAllocation,768,1,2143800,{'interleave': 'random'},2.1438
shared,7,thrashing,NRU,ProportionalAllocation,768,1,9294700,{'interleave': 'random'},9.2947
shared_total,,thrashing,NRU,ProportionalAllocation,768,2,64876600,{'interleave': 'random'},64.8766
shared,0,thrashing,NRU,ProportionalAllocation,768,2,5828500,{'interleave': 'random'},5.8285
shared,1,thrashing,NRU,ProportionalAllocation,768,2,7202000,{'interleave': 'random'},7.202
shared,2,thrashing,NRU,ProportionalAllocation,768,2,9876900,{'interleave': 'random'},9.8769
shared,3,thrashing,NRU,ProportionalAllocation,768,2,10059500,{'interleave': 'random'},10.0595
shared,4,thrashing,NRU,ProportionalAllocation,768,2,9738600,{'interleave': 'random'},9.7386
shared,5,thrashing,NRU,ProportionalAllocation,768,2,9326500,{'interleave': 'random'},9.3265
shared,6,thrashing,NRU,ProportionalAllocation,768,2,2043000,{'interleave': 'random'},2.043
shared,7,thrashing,NRU,ProportionalAllocation,768,2,9236800,{'interleave': 'random'},9.2368
shared_total,,thrashing,NRU,ProportionalAllocation,768,3,63640200,{'interleave': 'random'},63.6402
shared,0,thrashing,NRU,ProportionalAllocation,768,3,5463700,{'interleave': 'random'},5.4637
shared,1,thrashing,NRU,ProportionalAllocation,768,3,7054100,{'interleave': 'random'},7.0541
shared,2,thrashing,NRU,ProportionalAllocation,768,3,9282800,{'interleave': 'random'},9.2828
shared,3,thrashing,NRU,ProportionalAllocation,768,3,9913600,{'interleave': 'random'},9.9136
shared,4,thrashing,NRU,ProportionalAllocation,768,3,9376500,{'interleave': 'random'},9.3765
shared,5,thrashing,NRU,ProportionalAllocation,768,3,9340600,{'interleave': 'random'},9.3406
shared,6,thrashing,NRU,ProportionalAllocation,768,3,2200600,{'interleave': 'random'},2.2006
shared,7,thrashing,NRU,ProportionalAllocation,768,3,9432300,{'interleave': 'random'},9.4323
shared_total,,thrashing,NRU,ProportionalAllocation,768,4,66264900,{'interleave': 'random'},66.2649
shared,0,thrashing,NRU,ProportionalAllocation,768,4,5558100,{'interleave': 'random'},5.5581
shared,1,thrashing,NRU,ProportionalAllocation,768,4,7626700,{'interleave': 'random'},7.6267
shared,2,thrashing,NRU,ProportionalAllocation,768,4,10023800,{'interleave': 'random'},10.0238
shared,3,thrashing,NRU,ProportionalAllocation,768,4,10319400,{'interleave': 'random'},10.3194
shared,4,thrashing,NRU,ProportionalAllocation,768,4,9577100,{'interleave': 'random'},9.5771
shared,5,thrashing,NRU,ProportionalAllocation,768,4,9409200,{'interleave': 'random'},9.4092
shared,6,thrashing,NRU,ProportionalAllocation,768,4,2237300,{'interleave': 'random'},2.2373
shared,7,thrashing,NRU,ProportionalAllocation,768,4,9820900,{'interleave': 'random'},9.8209
shared_total,,thrashing,NRU,ProportionalAllocation,768,5,62923200,{'interleave': 'random'},62.9232
shared,0,thrashing,NRU,ProportionalAllocation,768,5,5166100,{'interleave': 'random'},5.1661
shared,1,thrashing,NRU,ProportionalAllocation,768,5,6890300,{'interleave': 'random'},6.8903
shared,2,thrashing,NRU,ProportionalAllocation,768,5,9191100,{'interleave': 'random'},9.1911
shared,3,thrashing,NRU,ProportionalAllocation,768,5,10103200,{'interleave': 'random'},10.1032
shared,4,thrashing,NRU,ProportionalAllocation,768,5,9359100,{'interleave': 'random'},9.3591
shared,5,thrashing,NRU,ProportionalAllocation,768,5,9260400,{'interleave': 'random'},9.2604
shared,6,thrashing,NRU,ProportionalAllocation,768,5,2154800,{'interleave': 'random'},2.1548
shared,7,thrashing,NRU,ProportionalAllocation,768,5,9228200,{'interleave': 'random'},9.2282
shared_total,,thrashing,NRU,ProportionalAllocation,768,6,63172500,{'interleave': 'random'},63.1725
shared,0,thrashing,NRU,ProportionalAllocation,768,6,5522500,{'interleave': 'random'},5.5225
shared,1,thrashing,NRU,ProportionalAllocation,768,6,6774800,{'interleave': 'random'},6.7748
shared,2,thrashing,NRU,ProportionalAllocation,768,6,9397900,{'interleave': 'random'},9.3979
shared,3,thrashing,NRU,ProportionalAllocation,768,6,10022500,{'interleave': 'random'},10.0225
shared,4,thrashing,NRU,ProportionalAllocation,768,6,9254200,{'interleave': 'random'},9.2542
shared,5,thrashing,NRU,ProportionalAllocation,768,6,9273000,{'interleave': 'random'},9.273
shared,6,thrashing,NRU,ProportionalAllocation,768,6,2119900,{'interleave': 'random'},2.1199
shared,7,thrashing,NRU,ProportionalAllocation,768,6,9265100,{'interleave': 'random'},9.2651
shared_total,,thrashing,NRU,ProportionalAllocation,768,7,63480300,{'interleave': 'random'},63.4803
shared,0,thrashing,NRU,ProportionalAllocation,768,7,5140700,{'interleave': 'random'},5.1407
shared,1,thrashing,NRU,ProportionalAllocation,768,7,7180900,{'interleave': 'random'},7.1809
shared,2,thrashing,NRU,ProportionalAllocation,768,7,9325800,{'interleave': 'random'},9.3258
shared,3,thrashing,NRU,ProportionalAllocation,768,7,10030000,{'interleave': 'random'},10.03
shared,4,thrashing,NRU,ProportionalAllocation,768,7,9329300,{'interleave': 'random'},9.3293
shared,5,thrashing,NRU,ProportionalAllocation,768,7,9512300,{'interleave': 'random'},9.5123
shared,6,thrashing,NRU,ProportionalAllocation,768,7,2040700,{'interleave': 'random'},2.0407
shared,7,thrashing,NRU,ProportionalAllocation,768,7,9368100,{'interleave': 'random'},9.3681
shared_total,,thrashing,NRU,ProportionalAllocation,768,8,63486700,{'interleave': 'random'},63.4867
shared,0,thrashing,NRU,ProportionalAllocation,768,8,5343900,{'interleave': 'random'},5.3439
shared,1,thrashing,NRU,ProportionalAllocation,768,8,7359900,{'interleave': 'random'},7.3599
shared,2,thrashing,NRU,ProportionalAllocation,768,8,9213300,{'interleave': 'random'},9.2133
shared,3,thrashing,NRU,ProportionalAllocation,768,8,9980600,{'interleave': 'random'},9.9806
shared,4,thrashing,NRU,ProportionalAllocation,768,8,9225300,{'interleave': 'random'},9.2253
shared,5,thrashing,NRU,ProportionalAllocation,768,8,9217300,{'interleave': 'random'},9.2173
shared,6,thrashing,NRU,ProportionalAllocation,768,8,2195000,{'interleave': 'random'},2.195
shared,7,thrashing,NRU,ProportionalAllocation,768,8,9391900,{'interleave': 'random'},9.3919
shared_total,,thrashing,NRU,ProportionalAllocation,768,9,62932600,{'interleave': 'random'},62.9326
shared,0,thrashing,NRU,ProportionalAllocation,768,9,5128500,{'interleave': 'random'},5.1285
shared,1,thrashing,NRU,ProportionalAllocation,768,9,7300700,{'interleave': 'random'},7.3007
shared,2,thrashing,NRU,ProportionalAllocation,768,9,9164800,{'interleave': 'random'},9.1648
shared,3,thrashing,NRU,ProportionalAllocation,768,9,10083100,{'interleave': 'random'},10.0831
shared,4,thrashing,NRU,ProportionalAllocation,768,9,9142600,{'interleave': 'random'},9.1426
shared,5,thrashing,NRU,ProportionalAllocation,768,9,9292000,{'interleave': 'random'},9.292
shared,6,thrashing,NRU,ProportionalAllocation,768,9,2167600,{'interleave': 'random'},2.1676
shared,7,thrashing,NRU,ProportionalAllocation,768,9,9090900,{'interleave': 'random'},9.0909
shared_total,,thrashing,SecondChance,GlobalAllocation,768,0,67616300,{'interleave': 'random'},67.6163
shared,0,thrashing,SecondChance,GlobalAllocation,768,0,2521500,{'interleave': 'random'},2.5215
shared,1,thrashing,SecondChance,GlobalAllocation,768,0,7066100,{'interleave': 'random'},7.0661
shared,2,thrashing,SecondChance,GlobalAllocation,768,0,9531100,{'interleave': 'random'},9.5311
shared,3,thrashing,SecondChance,GlobalAllocation,768,0,11109300,{'interleave': 'random'},11.1093
shared,4,thrashing,SecondChance,GlobalAllocation,768,0,11482000,{'interleave': 'random'},11.482
shared,5,thrashing,SecondChance,GlobalAllocation,768,0,11836800,{'interleave': 'random'},11.8368
shared,6,thrashing,SecondChance,GlobalAllocation,768,0,895500,{'interleave': 'random'},0.8955
shared,7,thrashing,SecondChance,GlobalAllocation,768,0,11437400,{'interleave': 'random'},11.4374
shared_total,,thrashing,SecondChance,GlobalAllocation,768,1,66789700,{'interleave': 'random'},66.7897
shared,0,thrashing,SecondChance,GlobalAllocation,768,1,2836500,{'interleave': 'random'},2.8365
shared,1,thrashing,SecondChance,GlobalAllocation,768,1,7330900,{'interleave': 'random'},7.3309
shared,2,thrashing,SecondChance,GlobalAllocation,768,1,9145700,{'interleave': 'random'},9.1457
shared,3,thrashing,SecondChance,GlobalAllocation,768,1,10404200,{'interleave': 'random'},10.4042
shared,4,thrashing,SecondChance,GlobalAllocation,768,1,11514800,{'interleave': 'random'},11.5148
shared,5,thrashing,SecondChance,GlobalAllocation,768,1,11634400,{'interleave': 'random'},11.6344
shared,6,thrashing,SecondChance,GlobalAllocation,768,1,794200,{'interleave': 'random'},0.7942
shared,7,thrashing,SecondChance,GlobalAllocation,768,1,11414900,{'interleave': 'random'},11.4149
shared_total,,thrashing,SecondChance,GlobalAllocation,768,2,67217200,{'interleave': 'random'},67.2172
shared,0,thrashing,SecondChance,GlobalAllocation,768,2,3056700,{'interleave': 'random'},3.0567
shared,1,thrashing,SecondChance,GlobalAllocation,768,2,7386400,{'interleave': 'random'},7.3864
shared,2,thrashing,SecondChance,GlobalAllocation,768,2,8522200,{'interleave': 'random'},8.5222
shared,3,thrashing,SecondChance,GlobalAllocation,768,2,10734400,{'interleave': 'random'},10.7344
shared,4,thrashing,SecondChance,GlobalAllocation,768,2,11801500,{'interleave': 'random'},11.8015
shared,5,thrashing,SecondChance,GlobalAllocation,768,2,11604700,{'interleave': 'random'},11.6047
shared,6,thrashing,SecondChance,GlobalAllocation,768,2,833300,{'interleave': 'random'},0.8333
shared,7,thrashing,SecondChance,GlobalAllocation,768,2,11508600,{'interleave': 'random'},11.5086
shared_total,,thrashing,SecondChance,GlobalAllocation,768,3,63239900,{'interleave': 'random'},63.2399
shared,0,thrashing,SecondChance,GlobalAllocation,768,3,3104100,{'interleave': 'random'},3.1041
shared,1,thrashing,SecondChance,GlobalAllocation,768,3,4595700,{'interleave': 'random'},4.5957
shared,2,thrashing,SecondChance,GlobalAllocation,768,3,8870200,{'interleave': 'random'},8.8702
shared,3,thrashing,SecondChance,GlobalAllocation,768,3,9990800,{'interleave': 'random'},9.9908
shared,4,thrashing,SecondChance,GlobalAllocation,768,3,11077700,{'interleave': 'random'},11.0777
shared,5,thrashing,SecondChance,GlobalAllocation,768,3,11427600,{'interleave': 'random'},11.4276
shared,6,thrashing,SecondChance,GlobalAllocation,768,3,860400,{'interleave': 'random'},0.8604
shared,7,thrashing,SecondChance,GlobalAllocation,768,3,11620500,{'interleave': 'random'},11.6205
shared_total,,thrashing,SecondChance,GlobalAllocation,768,4,65461400,{'interleave': 'random'},65.4614
shared,0,thrashing,SecondChance,GlobalAllocation,768,4,2218400,{'interleave': 'random'},2.2184
shared,1,thrashing,SecondChance,GlobalAllocation,768,4,7137500,{'interleave': 'random'},7.1375
shared,2,thrashing,SecondChance,GlobalAllocation,768,4,8160300,{'interleave': 'random'},8.1603
shared,3,thrashing,SecondChance,GlobalAllocation,768,4,10573600,{'interleave': 'random'},10.5736
shared,4,thrashing,SecondChance,GlobalAllocation,768,4,11364400,{'interleave': 'random'},11.3644
shared,5,thrashing,SecondChance,GlobalAllocation,768,4,11670200,{'interleave': 'random'},11.6702
shared,6,thrashing,SecondChance,GlobalAllocation,768,4,881900,{'interleave': 'random'},0.8819
shared,7,thrashing,SecondChance,GlobalAllocation,768,4,11675200,{'interleave': 'random'},11.6752
shared_total,,thrashing,SecondChance,GlobalAllocation,768,5,77404800,{'interleave': 'random'},77.4048
shared,0,thrashing,SecondChance,GlobalAllocation,768,5,2761200,{'interleave': 'random'},2.7612
shared,1,thrashing,SecondChance,GlobalAllocation,768,5,7880400,{'interleave': 'random'},7.8804
shared,2,thrashing,SecondChance,GlobalAllocation,768,5,9637000,{'interleave': 'random'},9.637
shared,3,thrashing,SecondChance,GlobalAllocation,768,5,12766100,{'interleave': 'random'},12.7661
shared,4,thrashing,SecondChance,GlobalAllocation,768,5,13604000,{'interleave': 'random'},13.604
shared,5,thrashing,SecondChance,GlobalAllocation,768,5,13789900,{'interleave': 'random'},13.7899
shared,6,thrashing,SecondChance,GlobalAllocation,768,5,1006100,{'interleave': 'random'},1.0061
shared,7,thrashing,SecondChance,GlobalAllocation,768,5,13842200,{'interleave': 'random'},13.8422
shared_total,,thrashing,SecondChance,GlobalAllocation,768,6,67792500,{'interleave': 'random'},67.7925
shared,0,thrashing,SecondChance,GlobalAllocation,768,6,2485100,{'interleave': 'random'},2.4851
shared,1,thrashing,SecondChance,GlobalAllocation,768,6,6373500,{'interleave': 'random'},6.3735
shared,2,thrashing,SecondChance,GlobalAllocation,768,6,10041600,{'interleave': 'random'},10.0416
shared,3,thrashing,SecondChance,GlobalAllocation,768,6,11427600,{'interleave': 'random'},11.4276
shared,4,thrashing,SecondChance,GlobalAllocation,768,6,11537600,{'interleave': 'random'},11.5376
shared,5,thrashing,SecondChance,GlobalAllocation,768,6,11523700,{'interleave': 'random'},11.5237
shared,6,thrashing,SecondChance,GlobalAllocation,768,6,886400,{'interleave': 'random'},0.8864
shared,7,thrashing,SecondChance,GlobalAllocation,768,6,11770100,{'interleave': 'random'},11.7701
shared_total,,thrashing,SecondChance,GlobalAllocation,768,7,73585100,{'interleave': 'random'},73.5851
shared,0,thrashing,SecondChance,GlobalAllocation,768,7,3328900,{'interleave': 'random'},3.3289
shared,1,thrashing,SecondChance,GlobalAllocation,768,7,7887300,{'interleave': 'random'},7.8873
shared,2,thrashing,SecondChance,GlobalAllocation,768,7,9923200,{'interleave': 'random'},9.9232
shared,3,thrashing,SecondChance,GlobalAllocation,768,7,11765200,{'interleave': 'random'},11.7652
shared,4,thrashing,SecondChance,GlobalAllocation,768,7,12368600,{'interleave': 'random'},12.3686
shared,5,thrashing,SecondChance,GlobalAllocation,768,7,12592400,{'interleave': 'random'},12.5924
shared,6,thrashing,SecondChance,GlobalAllocation,768,7,1038200,{'interleave': 'random'},1.0382
shared,7,thrashing,SecondChance,GlobalAllocation,768,7,12727900,{'interleave': 'random'},12.7279
shared_total,,thrashing,SecondChance,GlobalAllocation,768,8,68412200,{'interleave': 'random'},68.4122
shared,0,thrashing,SecondChance,GlobalAllocation,768,8,2531600,{'interleave': 'random'},2.5316
shared,1,thrashing,SecondChance,GlobalAllocation,768,8,7078300,{'interleave': 'random'},7.0783
shared,2,thrashing,SecondChance,GlobalAllocation,768,8,9406500,{'interleave': 'random'},9.4065
shared,3,thrashing,SecondChance,GlobalAllocation,768,8,11563100,{'interleave': 'random'},11.5631
shared,4,thrashing,SecondChance,GlobalAllocation,768,8,11753400,{'interleave': 'random'},11.7534
shared,5,thrashing,SecondChance,GlobalAllocation,768,8,11536200,{'interleave': 'random'},11.5362
shared,6,thrashing,SecondChance,GlobalAllocation,768,8,832800,{'interleave': 'random'},0.8328
shared,7,thrashing,SecondChance,GlobalAllocation,768,8,11924000,{'interleave': 'random'},11.924
shared_total,,thrashing,SecondChance,GlobalAllocation,768,9,73080200,{'interleave': 'random'},73.0802
shared,0,thrashing,SecondChance,GlobalAllocation,768,9,3419000,{'interleave': 'random'},3.419
shared,1,thrashing,SecondChance,GlobalAllocation,768,9,6199300,{'interleave': 'random'},6.1993
shared,2,thrashing,SecondChance,GlobalAllocation,768,9,10870500,{'interleave': 'random'},10.8705
shared,3,thrashing,SecondChance,GlobalAllocation,768,9,12141300,{'interleave': 'random'},12.1413
shared,4,thrashing,SecondChance,GlobalAllocation,768,9,12523300,{'interleave': 'random'},12.5233
shared,5,thrashing,SecondChance,GlobalAllocation,768,9,12286500,{'interleave': 'random'},12.2865
shared,6,thrashing,SecondChance,GlobalAllocation,768,9,900000,{'interleave': 'random'},0.9
shared,7,thrashing,SecondChance,GlobalAllocation,768,9,12729300,{'interleave': 'random'},12.7293
shared_total,,thrashing,SecondChance,LocalAllocation,768,0,15073000,{'interleave': 'random'},15.073
shared,0,thrashing,SecondChance,LocalAllocation,768,0,484400,{'interleave': 'random'},0.4844
shared,1,thrashing,SecondChance,LocalAllocation,768,0,2146800,{'interleave': 'random'},2.1468
shared,2,thrashing,SecondChance,LocalAllocation,768,0,2119300,{'interleave': 'random'},2.1193
shared,3,thrashing,SecondChance,LocalAllocation,768,0,2160100,{'interleave': 'random'},2.1601
shared,4,thrashing,SecondChance,LocalAllocation,768,0,2119200,{'interleave': 'random'},2.1192
shared,5,thrashing,SecondChance,LocalAllocation,768,0,2121000,{'interleave': 'random'},2.121
shared,6,thrashing,SecondChance,LocalAllocation,768,0,434300,{'interleave': 'random'},0.4343
shared,7,thrashing,SecondChance,LocalAllocation,768,0,2119300,{'interleave': 'random'},2.1193
shared_total,,thrashing,SecondChance,LocalAllocation,768,1,20603600,{'interleave': 'random'},20.6036
shared,0,thrashing,SecondChance,LocalAllocation,768,1,646400,{'interleave': 'random'},0.6464
shared,1,thrashing,SecondChance,LocalAllocation,768,1,2889800,{'interleave': 'random'},2.8898
shared,2,thrashing,SecondChance,LocalAllocation,768,1,2832000,{'interleave': 'random'},2.832
shared,3,thrashing,SecondChance,LocalAllocation,768,1,2859700,{'interleave': 'random'},2.8597
shared,4,thrashing,SecondChance,LocalAllocation,768,1,2839800,{'interleave': 'random'},2.8398
shared,5,thrashing,SecondChance,LocalAllocation,768,1,2901800,{'interleave': 'random'},2.9018
shared,6,thrashing,SecondChance,LocalAllocation,768,1,573700,{'interleave': 'random'},0.5737
shared,7,thrashing,SecondChance,LocalAllocation,768,1,2975500,{'interleave': 'random'},2.9755
shared_total,,thrashing,SecondChance,LocalAllocation,768,2,15959800,{'interleave': 'random'},15.9598
shared,0,thrashing,SecondChance,LocalAllocation,768,2,506300,{'interleave': 'random'},0.5063
shared,1,thrashing,SecondChance,LocalAllocation,768,2,2232400,{'interleave': 'random'},2.2324
shared,2,thrashing,SecondChance,LocalAllocation,768,2,2255200,{'interleave': 'random'},2.2552
shared,3,thrashing,SecondChance,LocalAllocation,768,2,2229400,{'interleave': 'random'},2.2294
shared,4,thrashing,SecondChance,LocalAllocation,768,2,2228600,{'interleave': 'random'},2.2286
shared,5,thrashing,SecondChance,LocalAllocation,768,2,2348600,{'interleave': 'random'},2.3486
shared,6,thrashing,SecondChance,LocalAllocation,768,2,457900,{'interleave': 'random'},0.4579
shared,7,thrashing,SecondChance,LocalAllocation,768,2,2234400,{'interleave': 'random'},2.2344
shared_total,,thrashing,SecondChance,LocalAllocation,768,3,15955100,{'interleave': 'random'},15.9551
shared,0,thrashing,SecondChance,LocalAllocation,768,3,511800,{'interleave': 'random'},0.5118
shared,1,thrashing,SecondChance,LocalAllocation,768,3,2254800,{'interleave': 'random'},2.2548
shared,2,thrashing,SecondChance,LocalAllocation,768,3,2236700,{'interleave': 'random'},2.2367
shared,3,thrashing,SecondChance,LocalAllocation,768,3,2264800,{'interleave': 'random'},2.2648
shared,4,thrashing,SecondChance,LocalAllocation,768,3,2242900,{'interleave': 'random'},2.2429
shared,5,thrashing,SecondChance,LocalAllocation,768,3,2244800,{'interleave': 'random'},2.2448
shared,6,thrashing,SecondChance,LocalAllocation,768,3,477200,{'interleave': 'random'},0.4772
shared,7,thrashing,SecondChance,LocalAllocation,768,3,2254100,{'interleave': 'random'},2.2541
shared_total,,thrashing,SecondChance,LocalAllocation,768,4,15898100,{'interleave': 'random'},15.8981
shared,0,thrashing,SecondChance,LocalAllocation,768,4,516000,{'interleave': 'random'},0.516
shared,1,thrashing,SecondChance,LocalAllocation,768,4,2246200,{'interleave': 'random'},2.2462
shared,2,thrashing,SecondChance,LocalAllocation,768,4,2243600,{'interleave': 'random'},2.2436
shared,3,thrashing,SecondChance,LocalAllocation,768,4,2245000,{'interleave': 'random'},2.245
shared,4,thrashing,SecondChance,LocalAllocation,768,4,2256300,{'interleave': 'random'},2.2563
shared,5,thrashing,SecondChance,LocalAllocation,768,4,2246900,{'interleave': 'random'},2.2469
shared,6,thrashing,SecondChance,LocalAllocation,768,4,458100,{'interleave': 'random'},0.4581
shared,7,thrashing,SecondChance,LocalAllocation,768,4,2239400,{'interleave': 'random'},2.2394
shared_total,,thrashing,SecondChance,LocalAllocation,768,5,15869000,{'interleave': 'random'},15.869
shared,0,thrashing,SecondChance,LocalAllocation,768,5,509800,{'interleave': 'random'},0.5098
shared,1,thrashing,SecondChance,LocalAllocation,768,5,2231300,{'interleave': 'random'},2.2313
shared,2,thrashing,SecondChance,LocalAllocation,768,5,2238900,{'interleave': 'random'},2.2389
shared,3,thrashing,SecondChance,LocalAllocation,768,5,2251200,{'interleave': 'random'},2.2512
shared,4,thrashing,SecondChance,LocalAllocation,768,5,2231400,{'interleave': 'random'},2.2314
shared,5,thrashing,SecondChance,LocalAllocation,768,5,2233600,{'interleave': 'random'},2.2336
shared,6,thrashing,SecondChance,LocalAllocation,768,5,458500,{'interleave': 'random'},0.4585
shared,7,thrashing,SecondChance,LocalAllocation,768,5,2250300,{'interleave': 'random'},2.2503
shared_total,,thrashing,SecondChance,LocalAllocation,768,6,15901100,{'interleave': 'random'},15.9011
shared,0,thrashing,SecondChance,LocalAllocation,768,6,512600,{'interleave': 'random'},0.5126
shared,1,thrashing,SecondChance,LocalAllocation,768,6,2255200,{'interleave': 'random'},2.2552
shared,2,thrashing,SecondChance,LocalAllocation,768,6,2243000,{'interleave': 'random'},2.243
shared,3,thrashing,SecondChance,LocalAllocation,768,6,2249200,{'interleave': 'random'},2.2492
shared,4,thrashing,SecondChance,LocalAllocation,768,6,2240800,{'interleave': 'random'},2.2408
shared,5,thrashing,SecondChance,LocalAllocation,768,6,2241100,{'interleave': 'random'},2.2411
shared,6,thrashing,SecondChance,LocalAllocation,768,6,451700,{'interleave': 'random'},0.4517
shared,7,thrashing,SecondChance,LocalAllocation,768,6,2268400,{'interleave': 'random'},2.2684
shared_total,,thrashing,SecondChance,LocalAllocation,768,7,15801600,{'interleave': 'random'},15.8016
shared,0,thrashing,SecondChance,LocalAllocation,768,7,499300,{'interleave': 'random'},0.4993
shared,1,thrashing,SecondChance,LocalAllocation,768,7,2224400,{'interleave': 'random'},2.2244
shared,2,thrashing,SecondChance,LocalAllocation,768,7,2245900,{'interleave': 'random'},2.2459
shared,3,thrashing,SecondChance,LocalAllocation,768,7,2242900,{'interleave': 'random'},2.2429
shared,4,thrashing,SecondChance,LocalAllocation,768,7,2221600,{'interleave': 'random'},2.2216
shared,5,thrashing,SecondChance,LocalAllocation,768,7,2234300,{'interleave': 'random'},2.2343
shared,6,thrashing,SecondChance,LocalAllocation,768,7,449400,{'interleave': 'random'},0.4494
shared,7,thrashing,SecondChance,LocalAllocation,768,7,2265700,{'interleave': 'random'},2.2657
shared_total,,thrashing,SecondChance,LocalAllocation,768,8,15724500,{'interleave': 'random'},15.7245
shared,0,thrashing,SecondChance,LocalAllocation,768,8,501800,{'interleave': 'random'},0.5018
shared,1,thrashing,SecondChance,LocalAllocation,768,8,2215800,{'interleave': 'random'},2.2158
shared,2,thrashing,SecondChance,LocalAllocation,768,8,2236100,{'interleave': 'random'},2.2361
shared,3,thrashing,SecondChance,LocalAllocation,768,8,2222400,{'interleave': 'random'},2.2224
shared,4,thrashing,SecondChance,LocalAllocation,768,8,2233900,{'interleave': 'random'},2.2339
shared,5,thrashing,SecondChance,LocalAllocation,768,8,2225200,{'interleave': 'random'},2.2252
shared,6,thrashing,SecondChance,LocalAllocation,768,8,455400,{'interleave': 'random'},0.4554
shared,7,thrashing,SecondChance,LocalAllocation,768,8,2223100,{'interleave': 'random'},2.2231
shared_total,,thrashing,SecondChance,LocalAllocation,768,9,15683000,{'interleave': 'random'},15.683
shared,0,thrashing,SecondChance,LocalAllocation,768,9,503100,{'interleave': 'random'},0.5031
shared,1,thrashing,SecondChance,LocalAllocation,768,9,2229900,{'interleave': 'random'},2.2299
shared,2,thrashing,SecondChance,LocalAllocation,768,9,2221300,{'interleave': 'random'},2.2213
shared,3,thrashing,SecondChance,LocalAllocation,768,9,2235600,{'interleave': 'random'},2.2356
shared,4,thrashing,SecondChance,LocalAllocation,768,9,2211200,{'interleave': 'random'},2.2112
shared,5,thrashing,SecondChance,LocalAllocation,768,9,2217500,{'interleave': 'random'},2.2175
shared,6,thrashing,SecondChance,LocalAllocation,768,9,449600,{'interleave': 'random'},0.4496
shared,7,thrashing,SecondChance,LocalAllocation,768,9,2209400,{'interleave': 'random'},2.2094
shared_total,,thrashing,SecondChance,ProportionalAllocation,768,0,19361200,{'interleave': 'random'},19.3612
shared,0,thrashing,SecondChance,ProportionalAllocation,768,0,2125200,{'interleave': 'random'},2.1252
shared,1,thrashing,SecondChance,ProportionalAllocation,768,0,2178600,{'interleave': 'random'},2.1786
shared,2,thrashing,SecondChance,ProportionalAllocation,768,0,2220000,{'interleave': 'random'},2.22
shared,3,thrashing,SecondChance,ProportionalAllocation,768,0,2309000,{'interleave': 'random'},2.309
shared,4,thrashing,SecondChance,ProportionalAllocation,768,0,2367900,{'interleave': 'random'},2.3679
shared,5,thrashing,SecondChance,ProportionalAllocation,768,0,2432900,{'interleave': 'random'},2.4329
shared,6,thrashing,SecondChance,ProportionalAllocation,768,0,1700900,{'interleave': 'random'},1.7009
shared,7,thrashing,SecondChance,ProportionalAllocation,768,0,2585100,{'interleave': 'random'},2.5851
shared_total,,thrashing,SecondChance,ProportionalAllocation,768,1,19593600,{'interleave': 'random'},19.5936
shared,0,thrashing,SecondChance,ProportionalAllocation,768,1,2153800,{'interleave': 'random'},2.1538
shared,1,thrashing,SecondChance,ProportionalAllocation,768,1,2209700,{'interleave': 'random'},2.2097
shared,2,thrashing,SecondChance,ProportionalAllocation,768,1,2258400,{'interleave': 'random'},2.2584
shared,3,thrashing,SecondChance,ProportionalAllocation,768,1,2322300,{'interleave': 'random'},2.3223
shared,4,thrashing,SecondChance,ProportionalAllocation,768,1,2387700,{'interleave': 'random'},2.3877
shared,5,thrashing,SecondChance,ProportionalAllocation,768,1,2443000,{'interleave': 'random'},2.443
shared,6,thrashing,SecondChance,ProportionalAllocation,768,1,1735600,{'interleave': 'random'},1.7356
shared,7,thrashing,SecondChance,ProportionalAllocation,768,1,2609700,{'interleave': 'random'},2.6097
shared_total,,thrashing,SecondChance,ProportionalAllocation,768,2,19403200,{'interleave': 'random'},19.4032
shared,0,thrashing,SecondChance,ProportionalAllocation,768,2,2125900,{'interleave': 'random'},2.1259
shared,1,thrashing,SecondChance,ProportionalAllocation,768,2,2195600,{'interleave': 'random'},2.1956
shared,2,thrashing,SecondChance,ProportionalAllocation,768,2,2233600,{'interleave': 'random'},2.2336
shared,3,thrashing,SecondChance,ProportionalAllocation,768,2,2313800,{'interleave': 'random'},2.3138
shared,4,thrashing,SecondChance,ProportionalAllocation,768,2,2372800,{'interleave': 'random'},2.3728
shared,5,thrashing,SecondChance,ProportionalAllocation,768,2,2432300,{'interleave': 'random'},2.4323
shared,6,thrashing,SecondChance,ProportionalAllocation,768,2,1711300,{'interleave': 'random'},1.7113
shared,7,thrashing,SecondChance,ProportionalAllocation,768,2,2586100,{'interleave': 'random'},2.5861
shared_total,,thrashing,SecondChance,ProportionalAllocation,768,3,23048100,{'interleave': 'random'},23.0481
shared,0,thrashing,SecondChance,ProportionalAllocation,768,3,2481300,{'interleave': 'random'},2.4813
shared,1,thrashing,SecondChance,ProportionalAllocation,768,3,2652100,{'interleave': 'random'},2.6521
shared,2,thrashing,SecondChance,ProportionalAllocation,768,3,2599700,{'interleave': 'random'},2.5997
shared,3,thrashing,SecondChance,ProportionalAllocation,768,3,2710200,{'interleave': 'random'},2.7102
shared,4,thrashing,SecondChance,ProportionalAllocation,768,3,2829800,{'interleave': 'random'},2.8298
shared,5,thrashing,SecondChance,ProportionalAllocation,768,3,2838200,{'interleave': 'random'},2.8382
shared,6,thrashing,SecondChance,ProportionalAllocation,768,3,1991000,{'interleave': 'random'},1.991
shared,7,thrashing,SecondChance,ProportionalAllocation,768,3,3004800,{'interleave': 'random'},3.0048
shared_total,,thrashing,SecondChance,ProportionalAllocation,768,4,19406100,{'interleave': 'random'},19.4061
shared,0,thrashing,SecondChance,ProportionalAllocation,768,4,2128600,{'interleave': 'random'},2.1286
shared,1,thrashing,SecondChance,ProportionalAllocation,768,4,2187000,{'interleave': 'random'},2.187
shared,2,thrashing,SecondChance,ProportionalAllocation,768,4,2244700,{'interleave': 'random'},2.2447
shared,3,thrashing,SecondChance,ProportionalAllocation,768,4,2314600,{'interleave': 'random'},2.3146
shared,4,thrashing,SecondChance,ProportionalAllocation,768,4,2373100,{'interleave': 'random'},2.3731
shared,5,thrashing,SecondChance,ProportionalAllocation,768,4,2436400,{'interleave': 'random'},2.4364
shared,6,thrashing,SecondChance,ProportionalAllocation,768,4,1720500,{'interleave': 'random'},1.7205
shared,7,thrashing,SecondChance,ProportionalAllocation,768,4,2597800,{'interleave': 'random'},2.5978
shared_total,,thrashing,SecondChance,ProportionalAllocation,768,5,19481800,{'interleave': 'random'},19.4818
shared,0,thrashing,SecondChance,ProportionalAllocation,768,5,2129400,{'interleave': 'random'},2.1294
shared,1,thrashing,SecondChance,ProportionalAllocation,768,5,2191900,{'interleave': 'random'},2.1919
shared,2,thrashing,SecondChance,ProportionalAllocation,768,5,2246900,{'interleave': 'random'},2.2469
shared,3,thrashing,SecondChance,ProportionalAllocation,768,5,2306700,{'interleave': 'random'},2.3067
shared,4,thrashing,SecondChance,ProportionalAllocation,768,5,2378800,{'interleave': 'random'},2.3788
shared,5,thrashing,SecondChance,ProportionalAllocation,768,5,2438400,{'interleave': 'random'},2.4384
shared,6,thrashing,SecondChance,ProportionalAllocation,768,5,1714800,{'interleave': 'random'},1.7148
shared,7,thrashing,SecondChance,ProportionalAllocation,768,5,2588200,{'interleave': 'random'},2.5882
shared_total,,thrashing,SecondChance,ProportionalAllocation,768,6,19516100,{'interleave': 'random'},19.5161
shared,0,thrashing,SecondChance,ProportionalAllocation,768,6,2118400,{'interleave': 'random'},2.1184
shared,1,thrashing,SecondChance,ProportionalAllocation,768,6,2211900,{'interleave': 'random'},2.2119
shared,2,thrashing,SecondChance,ProportionalAllocation,768,6,2255700,{'interleave': 'random'},2.2557
shared,3,thrashing,SecondChance,ProportionalAllocation,768,6,2332200,{'interleave': 'random'},2.3322
shared,4,thrashing,SecondChance,ProportionalAllocation,768,6,2379400,{'interleave': 'random'},2.3794
shared,5,thrashing,SecondChance,ProportionalAllocation,768,6,2448900,{'interleave': 'random'},2.4489
shared,6,thrashing,SecondChance,ProportionalAllocation,768,6,1712300,{'interleave': 'random'},1.7123
shared,7,thrashing,SecondChance,ProportionalAllocation,768,6,2599400,{'interleave': 'random'},2.5994
shared_total,,thrashing,SecondChance,ProportionalAllocation,768,7,19381500,{'interleave': 'random'},19.3815
shared,0,thrashing,SecondChance,ProportionalAllocation,768,7,2112000,{'interleave': 'random'},2.112
shared,1,thrashing,SecondChance,ProportionalAllocation,768,7,2189600,{'interleave': 'random'},2.1896
shared,2,thrashing,SecondChance,ProportionalAllocation,768,7,2243200,{'interleave': 'random'},2.2432
shared,3,thrashing,SecondChance,ProportionalAllocation,768,7,2315500,{'interleave': 'random'},2.3155
shared,4,thrashing,SecondChance,ProportionalAllocation,768,7,2381800,{'interleave': 'random'},2.3818
shared,5,thrashing,SecondChance,ProportionalAllocation,768,7,2433900,{'interleave': 'random'},2.4339
shared,6,thrashing,SecondChance,ProportionalAllocation,768,7,1717300,{'interleave': 'random'},1.7173
shared,7,thrashing,SecondChance,ProportionalAllocation,768,7,2591100,{'interleave': 'random'},2.5911
shared_total,,thrashing,SecondChance,ProportionalAllocation,768,8,19537200,{'interleave': 'random'},19.5372
shared,0,thrashing,SecondChance,ProportionalAllocation,768,8,2119800,{'interleave': 'random'},2.1198
shared,1,thrashing,SecondChance,ProportionalAllocation,768,8,2215200,{'interleave': 'random'},2.2152
shared,2,thrashing,SecondChance,ProportionalAllocation,768,8,2248800,{'interleave': 'random'},2.2488
shared,3,thrashing,SecondChance,ProportionalAllocation,768,8,2320500,{'interleave': 'random'},2.3205
shared,4,thrashing,SecondChance,ProportionalAllocation,768,8,2388000,{'interleave': 'random'},2.388
shared,5,thrashing,SecondChance,ProportionalAllocation,768,8,2454900,{'interleave': 'random'},2.4549
shared,6,thrashing,SecondChance,ProportionalAllocation,768,8,1717500,{'interleave': 'random'},1.7175
shared,7,thrashing,SecondChance,ProportionalAllocation,768,8,2600500,{'interleave': 'random'},2.6005
shared_total,,thrashing,SecondChance,ProportionalAllocation,768,9,19630400,{'interleave': 'random'},19.6304
shared,0,thrashing,SecondChance,ProportionalAllocation,768,9,2131900,{'interleave': 'random'},2.1319
shared,1,thrashing,SecondChance,ProportionalAllocation,768,9,2226500,{'interleave': 'random'},2.2265
shared,2,thrashing,SecondChance,ProportionalAllocation,768,9,2264600,{'interleave': 'random'},2.2646
shared,3,thrashing,SecondChance,ProportionalAllocation,768,9,2326900,{'interleave': 'random'},2.3269
shared,4,thrashing,SecondChance,ProportionalAllocation,768,9,2398600,{'interleave': 'random'},2.3986
shared,5,thrashing,SecondChance,ProportionalAllocation,768,9,2463800,{'interleave': 'random'},2.4638
shared,6,thrashing,SecondChance,ProportionalAllocation,768,9,1736000,{'interleave': 'random'},1.736
shared,7,thrashing,SecondChance,ProportionalAllocation,768,9,2618000,{'interleave': 'random'},2.618
shared_total,,thrashing,WSClock,GlobalAllocation,768,0,284439000,{'interleave': 'random'},284.439
shared,0,thrashing,WSClock,GlobalAllocation,768,0,35381100,{'interleave': 'random'},35.3811
shared,1,thrashing,WSClock,GlobalAllocation,768,0,33705100,{'interleave': 'random'},33.7051
shared,2,thrashing,WSClock,GlobalAllocation,768,0,44403000,{'interleave': 'random'},44.403
shared,3,thrashing,WSClock,GlobalAllocation,768,0,24916200,{'interleave': 'random'},24.9162
shared,4,thrashing,WSClock,GlobalAllocation,768,0,38729300,{'interleave': 'random'},38.7293
shared,5,thrashing,WSClock,GlobalAllocation,768,0,40987600,{'interleave': 'random'},40.9876
shared,6,thrashing,WSClock,GlobalAllocation,768,0,16135100,{'interleave': 'random'},16.1351
shared,7,thrashing,WSClock,GlobalAllocation,768,0,48498700,{'interleave': 'random'},48.4987
shared_total,,thrashing,WSClock,GlobalAllocation,768,1,287314900,{'interleave': 'random'},287.3149
shared,0,thrashing,WSClock,GlobalAllocation,768,1,41824600,{'interleave': 'random'},41.8246
shared,1,thrashing,WSClock,GlobalAllocation,768,1,26085500,{'interleave': 'random'},26.0855
shared,2,thrashing,WSClock,GlobalAllocation,768,1,34859900,{'interleave': 'random'},34.8599
shared,3,thrashing,WSClock,GlobalAllocation,768,1,40545600,{'interleave': 'random'},40.5456
shared,4,thrashing,WSClock,GlobalAllocation,768,1,39081600,{'interleave': 'random'},39.0816
shared,5,thrashing,WSClock,GlobalAllocation,768,1,47927100,{'interleave': 'random'},47.9271
shared,6,thrashing,WSClock,GlobalAllocation,768,1,18062000,{'interleave': 'random'},18.062
shared,7,thrashing,WSClock,GlobalAllocation,768,1,37194600,{'interleave': 'random'},37.1946
shared_total,,thrashing,WSClock,GlobalAllocation,768,2,320379400,{'interleave': 'random'},320.3794
shared,0,thrashing,WSClock,GlobalAllocation,768,2,39882900,{'interleave': 'random'},39.8829
shared,1,thrashing,WSClock,GlobalAllocation,768,2,56702000,{'interleave': 'random'},56.702
shared,2,thrashing,WSClock,GlobalAllocation,768,2,50853900,{'interleave': 'random'},50.8539
shared,3,thrashing,WSClock,GlobalAllocation,768,2,35100600,{'interleave': 'random'},35.1006
shared,4,thrashing,WSClock,GlobalAllocation,768,2,28868900,{'interleave': 'random'},28.8689
shared,5,thrashing,WSClock,GlobalAllocation,768,2,38199500,{'interleave': 'random'},38.1995
shared,6,thrashing,WSClock,GlobalAllocation,768,2,17561600,{'interleave': 'random'},17.5616
shared,7,thrashing,WSClock,GlobalAllocation,768,2,51349100,{'interleave': 'random'},51.3491
shared_total,,thrashing,WSClock,GlobalAllocation,768,3,278636100,{'interleave': 'random'},278.6361
shared,0,thrashing,WSClock,GlobalAllocation,768,3,26497600,{'interleave': 'random'},26.4976
shared,1,thrashing,WSClock,GlobalAllocation,768,3,28664500,{'interleave': 'random'},28.6645
shared,2,thrashing,WSClock,GlobalAllocation,768,3,39958300,{'interleave': 'random'},39.9583
shared,3,thrashing,WSClock,GlobalAllocation,768,3,32850300,{'interleave': 'random'},32.8503
shared,4,thrashing,WSClock,GlobalAllocation,768,3,36118400,{'interleave': 'random'},36.1184
shared,5,thrashing,WSClock,GlobalAllocation,768,3,49106800,{'interleave': 'random'},49.1068
shared,6,thrashing,WSClock,GlobalAllocation,768,3,11265200,{'interleave': 'random'},11.2652
shared,7,thrashing,WSClock,GlobalAllocation,768,3,52367100,{'interleave': 'random'},52.3671
shared_total,,thrashing,WSClock,GlobalAllocation,768,4,272128900,{'interleave': 'random'},272.1289
shared,0,thrashing,WSClock,GlobalAllocation,768,4,44236600,{'interleave': 'random'},44.2366
shared,1,thrashing,WSClock,GlobalAllocation,768,4,25856200,{'interleave': 'random'},25.8562
shared,2,thrashing,WSClock,GlobalAllocation,768,4,32111800,{'interleave': 'random'},32.1118
shared,3,thrashing,WSClock,GlobalAllocation,768,4,31819300,{'interleave': 'random'},31.8193
shared,4,thrashing,WSClock,GlobalAllocation,768,4,37533900,{'interleave': 'random'},37.5339
shared,5,thrashing,WSClock,GlobalAllocation,768,4,34526800,{'interleave': 'random'},34.5268
shared,6,thrashing,WSClock,GlobalAllocation,768,4,14745800,{'interleave': 'random'},14.7458
shared,7,thrashing,WSClock,GlobalAllocation,768,4,49506100,{'interleave': 'random'},49.5061
shared_total,,thrashing,WSClock,GlobalAllocation,768,5,304708000,{'interleave': 'random'},304.708
shared,0,thrashing,WSClock,GlobalAllocation,768,5,36958300,{'interleave': 'random'},36.9583
shared,1,thrashing,WSClock,GlobalAllocation,768,5,30446900,{'interleave': 'random'},30.4469
shared,2,thrashing,WSClock,GlobalAllocation,768,5,47755000,{'interleave': 'random'},47.755
shared,3,thrashing,WSClock,GlobalAllocation,768,5,37402800,{'interleave': 'random'},37.4028
shared,4,thrashing,WSClock,GlobalAllocation,768,5,35068400,{'interleave': 'random'},35.0684
shared,5,thrashing,WSClock,GlobalAllocation,768,5,54938600,{'interleave': 'random'},54.9386
shared,6,thrashing,WSClock,GlobalAllocation,768,5,18136400,{'interleave': 'random'},18.1364
shared,7,thrashing,WSClock,GlobalAllocation,768,5,42041700,{'interleave': 'random'},42.0417
shared_total,,thrashing,WSClock,GlobalAllocation,768,6,295797200,{'interleave': 'random'},295.7972
shared,0,thrashing,WSClock,GlobalAllocation,768,6,45770000,{'interleave': 'random'},45.77
shared,1,thrashing,WSClock,GlobalAllocation,768,6,35016900,{'interleave': 'random'},35.0169
shared,2,thrashing,WSClock,GlobalAllocation,768,6,33905600,{'interleave': 'random'},33.9056
shared,3,thrashing,WSClock,GlobalAllocation,768,6,40418100,{'interleave': 'random'},40.4181
shared,4,thrashing,WSClock,GlobalAllocation,768,6,36041100,{'interleave': 'random'},36.0411
shared,5,thrashing,WSClock,GlobalAllocation,768,6,43474900,{'interleave': 'random'},43.4749
shared,6,thrashing,WSClock,GlobalAllocation,768,6,12737500,{'interleave': 'random'},12.7375
shared,7,thrashing,WSClock,GlobalAllocation,768,6,46460400,{'interleave': 'random'},46.4604
shared_total,,thrashing,WSClock,GlobalAllocation,768,7,278715000,{'interleave': 'random'},278.715
shared,0,thrashing,WSClock,GlobalAllocation,768,7,52600900,{'interleave': 'random'},52.6009
shared,1,thrashing,WSClock,GlobalAllocation,768,7,23996600,{'interleave': 'random'},23.9966
shared,2,thrashing,WSClock,GlobalAllocation,768,7,47012700,{'interleave': 'random'},47.0127
shared,3,thrashing,WSClock,GlobalAllocation,768,7,27515600,{'interleave': 'random'},27.5156
shared,4,thrashing,WSClock,GlobalAllocation,768,7,38113900,{'interleave': 'random'},38.1139
shared,5,thrashing,WSClock,GlobalAllocation,768,7,32990400,{'interleave': 'random'},32.9904
shared,6,thrashing,WSClock,GlobalAllocation,768,7,14335700,{'interleave': 'random'},14.3357
shared,7,thrashing,WSClock,GlobalAllocation,768,7,40421000,{'interleave': 'random'},40.421
shared_total,,thrashing,WSClock,GlobalAllocation,768,8,273569100,{'interleave': 'random'},273.5691
shared,0,thrashing,WSClock,GlobalAllocation,768,8,38555800,{'interleave': 'random'},38.5558
shared,1,thrashing,WSClock,GlobalAllocation,768,8,23903600,{'interleave': 'random'},23.9036
shared,2,thrashing,WSClock,GlobalAllocation,768,8,30962300,{'interleave': 'random'},30.9623
shared,3,thrashing,WSClock,GlobalAllocation,768,8,36822800,{'interleave': 'random'},36.8228
shared,4,thrashing,WSClock,GlobalAllocation,768,8,39366300,{'interleave': 'random'},39.3663
shared,5,thrashing,WSClock,GlobalAllocation,768,8,47550500,{'interleave': 'random'},47.5505
shared,6,thrashing,WSClock,GlobalAllocation,768,8,13080800,{'interleave': 'random'},13.0808
shared,7,thrashing,WSClock,GlobalAllocation,768,8,41512100,{'interleave': 'random'},41.5121
shared_total,,thrashing,WSClock,GlobalAllocation,768,9,266424900,{'interleave': 'random'},266.4249
shared,0,thrashing,WSClock,GlobalAllocation,768,9,30815000,{'interleave': 'random'},30.815
shared,1,thrashing,WSClock,GlobalAllocation,768,9,50884900,{'interleave': 'random'},50.8849
shared,2,thrashing,WSClock,GlobalAllocation,768,9,30989900,{'interleave': 'random'},30.9899
shared,3,thrashing,WSClock,GlobalAllocation,768,9,29186700,{'interleave': 'random'},29.1867
shared,4,thrashing,WSClock,GlobalAllocation,768,9,34291700,{'interleave': 'random'},34.2917
shared,5,thrashing,WSClock,GlobalAllocation,768,9,32336900,{'interleave': 'random'},32.3369
shared,6,thrashing,WSClock,GlobalAllocation,768,9,13269900,{'interleave': 'random'},13.2699
shared,7,thrashing,WSClock,GlobalAllocation,768,9,43006100,{'interleave': 'random'},43.0061
shared_total,,thrashing,WSClock,LocalAllocation,768,0,316283200,{'interleave': 'random'},316.2832
shared,0,thrashing,WSClock,LocalAllocation,768,0,554500,{'interleave': 'random'},0.5545
shared,1,thrashing,WSClock,LocalAllocation,768,0,52213000,{'interleave': 'random'},52.213
shared,2,thrashing,WSClock,LocalAllocation,768,0,52374500,{'interleave': 'random'},52.3745
shared,3,thrashing,WSClock,LocalAllocation,768,0,52396000,{'interleave': 'random'},52.396
shared,4,thrashing,WSClock,LocalAllocation,768,0,52439300,{'interleave': 'random'},52.4393
shared,5,thrashing,WSClock,LocalAllocation,768,0,51970200,{'interleave': 'random'},51.9702
shared,6,thrashing,WSClock,LocalAllocation,768,0,486600,{'interleave': 'random'},0.4866
shared,7,thrashing,WSClock,LocalAllocation,768,0,52141100,{'interleave': 'random'},52.1411
shared_total,,thrashing,WSClock,LocalAllocation,768,1,316109900,{'interleave': 'random'},316.1099
shared,0,thrashing,WSClock,LocalAllocation,768,1,569800,{'interleave': 'random'},0.5698
shared,1,thrashing,WSClock,LocalAllocation,768,1,52399100,{'interleave': 'random'},52.3991
shared,2,thrashing,WSClock,LocalAllocation,768,1,52104800,{'interleave': 'random'},52.1048
shared,3,thrashing,WSClock,LocalAllocation,768,1,52143300,{'interleave': 'random'},52.1433
shared,4,thrashing,WSClock,LocalAllocation,768,1,52164500,{'interleave': 'random'},52.1645
shared,5,thrashing,WSClock,LocalAllocation,768,1,52475300,{'interleave': 'random'},52.4753
shared,6,thrashing,WSClock,LocalAllocation,768,1,496300,{'interleave': 'random'},0.4963
shared,7,thrashing,WSClock,LocalAllocation,768,1,52029900,{'interleave': 'random'},52.0299
shared_total,,thrashing,WSClock,LocalAllocation,768,2,324383500,{'interleave': 'random'},324.3835
shared,0,thrashing,WSClock,LocalAllocation,768,2,567600,{'interleave': 'random'},0.5676
shared,1,thrashing,WSClock,LocalAllocation,768,2,53350700,{'interleave': 'random'},53.3507
shared,2,thrashing,WSClock,LocalAllocation,768,2,53288000,{'interleave': 'random'},53.288
shared,3,thrashing,WSClock,LocalAllocation,768,2,55009400,{'interleave': 'random'},55.0094
shared,4,thrashing,WSClock,LocalAllocation,768,2,53220700,{'interleave': 'random'},53.2207
shared,5,thrashing,WSClock,LocalAllocation,768,2,53097000,{'interleave': 'random'},53.097
shared,6,thrashing,WSClock,LocalAllocation,768,2,509700,{'interleave': 'random'},0.5097
shared,7,thrashing,WSClock,LocalAllocation,768,2,53554100,{'interleave': 'random'},53.5541
shared_total,,thrashing,WSClock,LocalAllocation,768,3,313665900,{'interleave': 'random'},313.6659
shared,0,thrashing,WSClock,LocalAllocation,768,3,547900,{'interleave': 'random'},0.5479
shared,1,thrashing,WSClock,LocalAllocation,768,3,51845100,{'interleave': 'random'},51.8451
shared,2,thrashing,WSClock,LocalAllocation,768,3,51708700,{'interleave': 'random'},51.7087
shared,3,thrashing,WSClock,LocalAllocation,768,3,51859800,{'interleave': 'random'},51.8598
shared,4,thrashing,WSClock,LocalAllocation,768,3,51759500,{'interleave': 'random'},51.7595
shared,5,thrashing,WSClock,LocalAllocation,768,3,51797700,{'interleave': 'random'},51.7977
shared,6,thrashing,WSClock,LocalAllocation,768,3,489900,{'interleave': 'random'},0.4899
shared,7,thrashing,WSClock,LocalAllocation,768,3,51937900,{'interleave': 'random'},51.9379
shared_total,,thrashing,WSClock,LocalAllocation,768,4,338866600,{'interleave': 'random'},338.8666
shared,0,thrashing,WSClock,LocalAllocation,768,4,614700,{'interleave': 'random'},0.6147
shared,1,thrashing,WSClock,LocalAllocation,768,4,55003800,{'interleave': 'random'},55.0038
shared,2,thrashing,WSClock,LocalAllocation,768,4,60179800,{'interleave': 'random'},60.1798
shared,3,thrashing,WSClock,LocalAllocation,768,4,54604700,{'interleave': 'random'},54.6047
shared,4,thrashing,WSClock,LocalAllocation,768,4,55128400,{'interleave': 'random'},55.1284
shared,5,thrashing,WSClock,LocalAllocation,768,4,55077200,{'interleave': 'random'},55.0772
shared,6,thrashing,WSClock,LocalAllocation,768,4,551700,{'interleave': 'random'},0.5517
shared,7,thrashing,WSClock,LocalAllocation,768,4,55699900,{'interleave': 'random'},55.6999
shared_total,,thrashing,WSClock,LocalAllocation,768,5,323957600,{'interleave': 'random'},323.9576
shared,0,thrashing,WSClock,LocalAllocation,768,5,568900,{'interleave': 'random'},0.5689
shared,1,thrashing,WSClock,LocalAllocation,768,5,53099600,{'interleave': 'random'},53.0996
shared,2,thrashing,WSClock,LocalAllocation,768,5,55536600,{'interleave': 'random'},55.5366
shared,3,thrashing,WSClock,LocalAllocation,768,5,53068100,{'interleave': 'random'},53.0681
shared,4,thrashing,WSClock,LocalAllocation,768,5,53049100,{'interleave': 'random'},53.0491
shared,5,thrashing,WSClock,LocalAllocation,768,5,53204400,{'interleave': 'random'},53.2044
shared,6,thrashing,WSClock,LocalAllocation,768,5,501800,{'interleave': 'random'},0.5018
shared,7,thrashing,WSClock,LocalAllocation,768,5,53127100,{'interleave': 'random'},53.1271
shared_total,,thrashing,WSClock,LocalAllocation,768,6,323377300,{'interleave': 'random'},323.3773
shared,0,thrashing,WSClock,LocalAllocation,768,6,580700,{'interleave': 'random'},0.5807
shared,1,thrashing,WSClock,LocalAllocation,768,6,53373100,{'interleave': 'random'},53.3731
shared,2,thrashing,WSClock,LocalAllocation,768,6,52926300,{'interleave': 'random'},52.9263
shared,3,thrashing,WSClock,LocalAllocation,768,6,55622200,{'interleave': 'random'},55.6222
shared,4,thrashing,WSClock,LocalAllocation,768,6,53086100,{'interleave': 'random'},53.0861
shared,5,thrashing,WSClock,LocalAllocation,768,6,52896900,{'interleave': 'random'},52.8969
shared,6,thrashing,WSClock,LocalAllocation,768,6,521700,{'interleave': 'random'},0.5217
shared,7,thrashing,WSClock,LocalAllocation,768,6,52535400,{'interleave': 'random'},52.5354
shared_total,,thrashing,WSClock,LocalAllocation,768,7,325019500,{'interleave': 'random'},325.0195
shared,0,thrashing,WSClock,LocalAllocation,768,7,585100,{'interleave': 'random'},0.5851
shared,1,thrashing,WSClock,LocalAllocation,768,7,53369300,{'interleave': 'random'},53.3693
shared,2,thrashing,WSClock,LocalAllocation,768,7,53158300,{'interleave': 'random'},53.1583
shared,3,thrashing,WSClock,LocalAllocation,768,7,53365800,{'interleave': 'random'},53.3658
shared,4,thrashing,WSClock,LocalAllocation,768,7,55547900,{'interleave': 'random'},55.5479
shared,5,thrashing,WSClock,LocalAllocation,768,7,52970500,{'interleave': 'random'},52.9705
shared,6,thrashing,WSClock,LocalAllocation,768,7,518700,{'interleave': 'random'},0.5187
shared,7,thrashing,WSClock,LocalAllocation,768,7,53685900,{'interleave': 'random'},53.6859
shared_total,,thrashing,WSClock,LocalAllocation,768,8,323053900,{'interleave': 'random'},323.0539
shared,0,thrashing,WSClock,LocalAllocation,768,8,572200,{'interleave': 'random'},0.5722
shared,1,thrashing,WSClock,LocalAllocation,768,8,55423200,{'interleave': 'random'},55.4232
shared,2,thrashing,WSClock,LocalAllocation,768,8,53401000,{'interleave': 'random'},53.401
shared,3,thrashing,WSClock,LocalAllocation,768,8,52686600,{'interleave': 'random'},52.6866
shared,4,thrashing,WSClock,LocalAllocation,768,8,53007100,{'interleave': 'random'},53.0071
shared,5,thrashing,WSClock,LocalAllocation,768,8,52975300,{'interleave': 'random'},52.9753
shared,6,thrashing,WSClock,LocalAllocation,768,8,512600,{'interleave': 'random'},0.5126
shared,7,thrashing,WSClock,LocalAllocation,768,8,52628100,{'interleave': 'random'},52.6281
shared_total,,thrashing,WSClock,LocalAllocation,768,9,326943700,{'interleave': 'random'},326.9437
shared,0,thrashing,WSClock,LocalAllocation,768,9,588400,{'interleave': 'random'},0.5884
shared,1,thrashing,WSClock,LocalAllocation,768,9,53660200,{'interleave': 'random'},53.6602
shared,2,thrashing,WSClock,LocalAllocation,768,9,53542600,{'interleave': 'random'},53.5426
shared,3,thrashing,WSClock,LocalAllocation,768,9,53934900,{'interleave': 'random'},53.9349
shared,4,thrashing,WSClock,LocalAllocation,768,9,54153600,{'interleave': 'random'},54.1536
shared,5,thrashing,WSClock,LocalAllocation,768,9,54741100,{'interleave': 'random'},54.7411
shared,6,thrashing,WSClock,LocalAllocation,768,9,527900,{'interleave': 'random'},0.5279
shared,7,thrashing,WSClock,LocalAllocation,768,9,53889100,{'interleave': 'random'},53.8891
shared_total,,thrashing,WSClock,ProportionalAllocation,768,0,238387800,{'interleave': 'random'},238.3878
shared,0,thrashing,WSClock,ProportionalAllocation,768,0,45204800,{'interleave': 'random'},45.2048
shared,1,thrashing,WSClock,ProportionalAllocation,768,0,50354200,{'interleave': 'random'},50.3542
shared,2,thrashing,WSClock,ProportionalAllocation,768,0,56138900,{'interleave': 'random'},56.1389
shared,3,thrashing,WSClock,ProportionalAllocation,768,0,21343500,{'interleave': 'random'},21.3435
shared,4,thrashing,WSClock,ProportionalAllocation,768,0,17375800,{'interleave': 'random'},17.3758
shared,5,thrashing,WSClock,ProportionalAllocation,768,0,15405700,{'interleave': 'random'},15.4057
shared,6,thrashing,WSClock,ProportionalAllocation,768,0,15344600,{'interleave': 'random'},15.3446
shared,7,thrashing,WSClock,ProportionalAllocation,768,0,15290200,{'interleave': 'random'},15.2902
shared_total,,thrashing,WSClock,ProportionalAllocation,768,1,217521500,{'interleave': 'random'},217.5215
shared,0,thrashing,WSClock,ProportionalAllocation,768,1,42358300,{'interleave': 'random'},42.3583
shared,1,thrashing,WSClock,ProportionalAllocation,768,1,47358200,{'interleave': 'random'},47.3582
shared,2,thrashing,WSClock,ProportionalAllocation,768,1,52341800,{'interleave': 'random'},52.3418
shared,3,thrashing,WSClock,ProportionalAllocation,768,1,18806400,{'interleave': 'random'},18.8064
shared,4,thrashing,WSClock,ProportionalAllocation,768,1,16632700,{'interleave': 'random'},16.6327
shared,5,thrashing,WSClock,ProportionalAllocation,768,1,12284900,{'interleave': 'random'},12.2849
shared,6,thrashing,WSClock,ProportionalAllocation,768,1,12174300,{'interleave': 'random'},12.1743
shared,7,thrashing,WSClock,ProportionalAllocation,768,1,13878800,{'interleave': 'random'},13.8788
shared_total,,thrashing,WSClock,ProportionalAllocation,768,2,224405300,{'interleave': 'random'},224.4053
shared,0,thrashing,WSClock,ProportionalAllocation,768,2,44094800,{'interleave': 'random'},44.0948
shared,1,thrashing,WSClock,ProportionalAllocation,768,2,49215300,{'interleave': 'random'},49.2153
shared,2,thrashing,WSClock,ProportionalAllocation,768,2,54631500,{'interleave': 'random'},54.6315
shared,3,thrashing,WSClock,ProportionalAllocation,768,2,19016400,{'interleave': 'random'},19.0164
shared,4,thrashing,WSClock,ProportionalAllocation,768,2,15339300,{'interleave': 'random'},15.3393
shared,5,thrashing,WSClock,ProportionalAllocation,768,2,15056900,{'interleave': 'random'},15.0569
shared,6,thrashing,WSClock,ProportionalAllocation,768,2,12884800,{'interleave': 'random'},12.8848
shared,7,thrashing,WSClock,ProportionalAllocation,768,2,12386000,{'interleave': 'random'},12.386
shared_total,,thrashing,WSClock,ProportionalAllocation,768,3,207475300,{'interleave': 'random'},207.4753
shared,0,thrashing,WSClock,ProportionalAllocation,768,3,40922500,{'interleave': 'random'},40.9225
shared,1,thrashing,WSClock,ProportionalAllocation,768,3,45650000,{'interleave': 'random'},45.65
shared,2,thrashing,WSClock,ProportionalAllocation,768,3,50462700,{'interleave': 'random'},50.4627
shared,3,thrashing,WSClock,ProportionalAllocation,768,3,17050100,{'interleave': 'random'},17.0501
shared,4,thrashing,WSClock,ProportionalAllocation,768,3,14200900,{'interleave': 'random'},14.2009
shared,5,thrashing,WSClock,ProportionalAllocation,768,3,14269200,{'interleave': 'random'},14.2692
shared,6,thrashing,WSClock,ProportionalAllocation,768,3,11787300,{'interleave': 'random'},11.7873
shared,7,thrashing,WSClock,ProportionalAllocation,768,3,11394500,{'interleave': 'random'},11.3945
shared_total,,thrashing,WSClock,ProportionalAllocation,768,4,234533900,{'interleave': 'random'},234.5339
shared,0,thrashing,WSClock,ProportionalAllocation,768,4,45681900,{'interleave': 'random'},45.6819
shared,1,thrashing,WSClock,ProportionalAllocation,768,4,50510400,{'interleave': 'random'},50.5104
shared,2,thrashing,WSClock,ProportionalAllocation,768,4,61254600,{'interleave': 'random'},61.2546
shared,3,thrashing,WSClock,ProportionalAllocation,768,4,18474500,{'interleave': 'random'},18.4745
shared,4,thrashing,WSClock,ProportionalAllocation,768,4,16408700,{'interleave': 'random'},16.4087
shared,5,thrashing,WSClock,ProportionalAllocation,768,4,14900100,{'interleave': 'random'},14.9001
shared,6,thrashing,WSClock,ProportionalAllocation,768,4,13504000,{'interleave': 'random'},13.504
shared,7,thrashing,WSClock,ProportionalAllocation,768,4,11749400,{'interleave': 'random'},11.7494
shared_total,,thrashing,WSClock,ProportionalAllocation,768,5,234655600,{'interleave': 'random'},234.6556
shared,0,thrashing,WSClock,ProportionalAllocation,768,5,45728800,{'interleave': 'random'},45.7288
shared,1,thrashing,WSClock,ProportionalAllocation,768,5,50586400,{'interleave': 'random'},50.5864
shared,2,thrashing,WSClock,ProportionalAllocation,768,5,56099100,{'interleave': 'random'},56.0991
shared,3,thrashing,WSClock,ProportionalAllocation,768,5,17691400,{'interleave': 'random'},17.6914
shared,4,thrashing,WSClock,ProportionalAllocation,768,5,17984200,{'interleave': 'random'},17.9842
shared,5,thrashing,WSClock,ProportionalAllocation,768,5,16689700,{'interleave': 'random'},16.6897
shared,6,thrashing,WSClock,ProportionalAllocation,768,5,13079900,{'interleave': 'random'},13.0799
shared,7,thrashing,WSClock,ProportionalAllocation,768,5,14812800,{'interleave': 'random'},14.8128
shared_total,,thrashing,WSClock,ProportionalAllocation,768,6,230144100,{'interleave': 'random'},230.1441
shared,0,thrashing,WSClock,ProportionalAllocation,768,6,44660100,{'interleave': 'random'},44.6601
shared,1,thrashing,WSClock,ProportionalAllocation,768,6,50460500,{'interleave': 'random'},50.4605
shared,2,thrashing,WSClock,ProportionalAllocation,768,6,57517500,{'interleave': 'random'},57.5175
shared,3,thrashing,WSClock,ProportionalAllocation,768,6,18326400,{'interleave': 'random'},18.3264
shared,4,thrashing,WSClock,ProportionalAllocation,768,6,15480700,{'interleave': 'random'},15.4807
shared,5,thrashing,WSClock,ProportionalAllocation,768,6,14271000,{'interleave': 'random'},14.271
shared,6,thrashing,WSClock,ProportionalAllocation,768,6,12952200,{'interleave': 'random'},12.9522
shared,7,thrashing,WSClock,ProportionalAllocation,768,6,14534700,{'interleave': 'random'},14.5347
shared_total,,thrashing,WSClock,ProportionalAllocation,768,7,214160700,{'interleave': 'random'},214.1607
shared,0,thrashing,WSClock,ProportionalAllocation,768,7,42125100,{'interleave': 'random'},42.1251
shared,1,thrashing,WSClock,ProportionalAllocation,768,7,47420600,{'interleave': 'random'},47.4206
shared,2,thrashing,WSClock,ProportionalAllocation,768,7,52237300,{'interleave': 'random'},52.2373
shared,3,thrashing,WSClock,ProportionalAllocation,768,7,17119400,{'interleave': 'random'},17.1194
shared,4,thrashing,WSClock,ProportionalAllocation,768,7,15275000,{'interleave': 'random'},15.275
shared,5,thrashing,WSClock,ProportionalAllocation,768,7,14257700,{'interleave': 'random'},14.2577
shared,6,thrashing,WSClock,ProportionalAllocation,768,7,12139100,{'interleave': 'random'},12.1391
shared,7,thrashing,WSClock,ProportionalAllocation,768,7,11831100,{'interleave': 'random'},11.8311
shared_total,,thrashing,WSClock,ProportionalAllocation,768,8,221994900,{'interleave': 'random'},221.9949
shared,0,thrashing,WSClock,ProportionalAllocation,768,8,43825800,{'interleave': 'random'},43.8258
shared,1,thrashing,WSClock,ProportionalAllocation,768,8,48706800,{'interleave': 'random'},48.7068
shared,2,thrashing,WSClock,ProportionalAllocation,768,8,54622100,{'interleave': 'random'},54.6221
shared,3,thrashing,WSClock,ProportionalAllocation,768,8,17937900,{'interleave': 'random'},17.9379
shared,4,thrashing,WSClock,ProportionalAllocation,768,8,15594100,{'interleave': 'random'},15.5941
shared,5,thrashing,WSClock,ProportionalAllocation,768,8,14162200,{'interleave': 'random'},14.1622
shared,6,thrashing,WSClock,ProportionalAllocation,768,8,12665900,{'interleave': 'random'},12.6659
shared,7,thrashing,WSClock,ProportionalAllocation,768,8,12717700,{'interleave': 'random'},12.7177
shared_total,,thrashing,WSClock,ProportionalAllocation,768,9,214623700,{'interleave': 'random'},214.6237
shared,0,thrashing,WSClock,ProportionalAllocation,768,9,42146700,{'interleave': 'random'},42.1467
shared,1,thrashing,WSClock,ProportionalAllocation,768,9,47331100,{'interleave': 'random'},47.3311
shared,2,thrashing,WSClock,ProportionalAllocation,768,9,52103800,{'interleave': 'random'},52.1038
shared,3,thrashing,WSClock,ProportionalAllocation,768,9,17538200,{'interleave': 'random'},17.5382
shared,4,thrashing,WSClock,ProportionalAllocation,768,9,15979600,{'interleave': 'random'},15.9796
shared,5,thrashing,WSClock,ProportionalAllocation,768,9,14181000,{'interleave': 'random'},14.181
shared,6,thrashing,WSClock,ProportionalAllocation,768,9,12299400,{'interleave': 'random'},12.2994
shared,7,thrashing,WSClock,ProportionalAllocation,768,9,11355800,{'interleave': 'random'},11.3558
shared_total,,thrashing,FIFO,GlobalAllocation,960,0,5981400,{'interleave': 'random'},5.9814
shared,0,thrashing,FIFO,GlobalAllocation,960,0,504200,{'interleave': 'random'},0.5042
shared,1,thrashing,FIFO,GlobalAllocation,960,0,576100,{'interleave': 'random'},0.5761
shared,2,thrashing,FIFO,GlobalAllocation,960,0,587600,{'interleave': 'random'},0.5876
shared,3,thrashing,FIFO,GlobalAllocation,960,0,599900,{'interleave': 'random'},0.5999
shared,4,thrashing,FIFO,GlobalAllocation,960,0,605900,{'interleave': 'random'},0.6059
shared,5,thrashing,FIFO,GlobalAllocation,960,0,609900,{'interleave': 'random'},0.6099
shared,6,thrashing,FIFO,GlobalAllocation,960,0,539600,{'interleave': 'random'},0.5396
shared,7,thrashing,FIFO,GlobalAllocation,960,0,611500,{'interleave': 'random'},0.6115
shared_total,,thrashing,FIFO,GlobalAllocation,960,1,5876200,{'interleave': 'random'},5.8762
shared,0,thrashing,FIFO,GlobalAllocation,960,1,506500,{'interleave': 'random'},0.5065
shared,1,thrashing,FIFO,GlobalAllocation,960,1,563700,{'interleave': 'random'},0.5637
shared,2,thrashing,FIFO,GlobalAllocation,960,1,566900,{'interleave': 'random'},0.5669
shared,3,thrashing,FIFO,GlobalAllocation,960,1,591400,{'interleave': 'random'},0.5914
shared,4,thrashing,FIFO,GlobalAllocation,960,1,588100,{'interleave': 'random'},0.5881
shared,5,thrashing,FIFO,GlobalAllocation,960,1,579000,{'interleave': 'random'},0.579
shared,6,thrashing,FIFO,GlobalAllocation,960,1,528700,{'interleave': 'random'},0.5287
shared,7,thrashing,FIFO,GlobalAllocation,960,1,603600,{'interleave': 'random'},0.6036
shared_total,,thrashing,FIFO,GlobalAllocation,960,2,6431700,{'interleave': 'random'},6.4317
shared,0,thrashing,FIFO,GlobalAllocation,960,2,541000,{'interleave': 'random'},0.541
shared,1,thrashing,FIFO,GlobalAllocation,960,2,617500,{'interleave': 'random'},0.6175
shared,2,thrashing,FIFO,GlobalAllocation,960,2,650100,{'interleave': 'random'},0.6501
shared,3,thrashing,FIFO,GlobalAllocation,960,2,632000,{'interleave': 'random'},0.632
shared,4,thrashing,FIFO,GlobalAllocation,960,2,634000,{'interleave': 'random'},0.634
shared,5,thrashing,FIFO,GlobalAllocation,960,2,647000,{'interleave': 'random'},0.647
shared,6,thrashing,FIFO,GlobalAllocation,960,2,581200,{'interleave': 'random'},0.5812
shared,7,thrashing,FIFO,GlobalAllocation,960,2,648500,{'interleave': 'random'},0.6485
shared_total,,thrashing,FIFO,GlobalAllocation,960,3,5857100,{'interleave': 'random'},5.8571
shared,0,thrashing,FIFO,GlobalAllocation,960,3,510100,{'interleave': 'random'},0.5101
shared,1,thrashing,FIFO,GlobalAllocation,960,3,581100,{'interleave': 'random'},0.5811
shared,2,thrashing,FIFO,GlobalAllocation,960,3,574300,{'interleave': 'random'},0.5743
shared,3,thrashing,FIFO,GlobalAllocation,960,3,577300,{'interleave': 'random'},0.5773
shared,4,thrashing,FIFO,GlobalAllocation,960,3,576700,{'interleave': 'random'},0.5767
shared,5,thrashing,FIFO,GlobalAllocation,960,3,592700,{'interleave': 'random'},0.5927
shared,6,thrashing,FIFO,GlobalAllocation,960,3,530800,{'interleave': 'random'},0.5308
shared,7,thrashing,FIFO,GlobalAllocation,960,3,598300,{'interleave': 'random'},0.5983
shared_total,,thrashing,FIFO,GlobalAllocation,960,4,5832800,{'interleave': 'random'},5.8328
shared,0,thrashing,FIFO,GlobalAllocation,960,4,497800,{'interleave': 'random'},0.4978
shared,1,thrashing,FIFO,GlobalAllocation,960,4,573200,{'interleave': 'random'},0.5732
shared,2,thrashing,FIFO,GlobalAllocation,960,4,565700,{'interleave': 'random'},0.5657
shared,3,thrashing,FIFO,GlobalAllocation,960,4,586800,{'interleave': 'random'},0.5868
shared,4,thrashing,FIFO,GlobalAllocation,960,4,577900,{'interleave': 'random'},0.5779
shared,5,thrashing,FIFO,GlobalAllocation,960,4,584900,{'interleave': 'random'},0.5849
shared,6,thrashing,FIFO,GlobalAllocation,960,4,526400,{'interleave': 'random'},0.5264
shared,7,thrashing,FIFO,GlobalAllocation,960,4,593500,{'interleave': 'random'},0.5935
shared_total,,thrashing,FIFO,GlobalAllocation,960,5,8806100,{'interleave': 'random'},8.8061
shared,0,thrashing,FIFO,GlobalAllocation,960,5,520700,{'interleave': 'random'},0.5207
shared,1,thrashing,FIFO,GlobalAllocation,960,5,619900,{'interleave': 'random'},0.6199
shared,2,thrashing,FIFO,GlobalAllocation,960,5,595500,{'interleave': 'random'},0.5955
shared,3,thrashing,FIFO,GlobalAllocation,960,5,617800,{'interleave': 'random'},0.6178
shared,4,thrashing,FIFO,GlobalAllocation,960,5,615400,{'interleave': 'random'},0.6154
shared,5,thrashing,FIFO,GlobalAllocation,960,5,643900,{'interleave': 'random'},0.6439
shared,6,thrashing,FIFO,GlobalAllocation,960,5,768700,{'interleave': 'random'},0.7687
shared,7,thrashing,FIFO,GlobalAllocation,960,5,621600,{'interleave': 'random'},0.6216
shared_total,,thrashing,FIFO,GlobalAllocation,960,6,5888100,{'interleave': 'random'},5.8881
shared,0,thrashing,FIFO,GlobalAllocation,960,6,525700,{'interleave': 'random'},0.5257
shared,1,thrashing,FIFO,GlobalAllocation,960,6,566500,{'interleave': 'random'},0.5665
shared,2,thrashing,FIFO,GlobalAllocation,960,6,580800,{'interleave': 'random'},0.5808
shared,3,thrashing,FIFO,GlobalAllocation,960,6,576100,{'interleave': 'random'},0.5761
shared,4,thrashing,FIFO,GlobalAllocation,960,6,581900,{'interleave': 'random'},0.5819
shared,5,thrashing,FIFO,GlobalAllocation,960,6,596700,{'interleave': 'random'},0.5967
shared,6,thrashing,FIFO,GlobalAllocation,960,6,531600,{'interleave': 'random'},0.5316
shared,7,thrashing,FIFO,GlobalAllocation,960,6,606100,{'interleave': 'random'},0.6061
shared_total,,thrashing,FIFO,GlobalAllocation,960,7,5852100,{'interleave': 'random'},5.8521
shared,0,thrashing,FIFO,GlobalAllocation,960,7,506500,{'interleave': 'random'},0.5065
shared,1,thrashing,FIFO,GlobalAllocation,960,7,571400,{'interleave': 'random'},0.5714
shared,2,thrashing,FIFO,GlobalAllocation,960,7,573700,{'interleave': 'random'},0.5737
shared,3,thrashing,FIFO,GlobalAllocation,960,7,573400,{'interleave': 'random'},0.5734
shared,4,thrashing,FIFO,GlobalAllocation,960,7,584500,{'interleave': 'random'},0.5845
shared,5,thrashing,FIFO,GlobalAllocation,960,7,594900,{'interleave': 'random'},0.5949
shared,6,thrashing,FIFO,GlobalAllocation,960,7,531500,{'interleave': 'random'},0.5315
shared,7,thrashing,FIFO,GlobalAllocation,960,7,593300,{'interleave': 'random'},0.5933
shared_total,,thrashing,FIFO,GlobalAllocation,960,8,5870300,{'interleave': 'random'},5.8703
shared,0,thrashing,FIFO,GlobalAllocation,960,8,505400,{'interleave': 'random'},0.5054
shared,1,thrashing,FIFO,GlobalAllocation,960,8,574800,{'interleave': 'random'},0.5748
shared,2,thrashing,FIFO,GlobalAllocation,960,8,574700,{'interleave': 'random'},0.5747
shared,3,thrashing,FIFO,GlobalAllocation,960,8,579800,{'interleave': 'random'},0.5798
shared,4,thrashing,FIFO,GlobalAllocation,960,8,588600,{'interleave': 'random'},0.5886
shared,5,thrashing,FIFO,GlobalAllocation,960,8,592500,{'interleave': 'random'},0.5925
shared,6,thrashing,FIFO,GlobalAllocation,960,8,525500,{'interleave': 'random'},0.5255
shared,7,thrashing,FIFO,GlobalAllocation,960,8,600600,{'interleave': 'random'},0.6006
shared_total,,thrashing,FIFO,GlobalAllocation,960,9,5403000,{'interleave': 'random'},5.403
shared,0,thrashing,FIFO,GlobalAllocation,960,9,476100,{'interleave': 'random'},0.4761
shared,1,thrashing,FIFO,GlobalAllocation,960,9,518600,{'interleave': 'random'},0.5186
shared,2,thrashing,FIFO,GlobalAllocation,960,9,538400,{'interleave': 'random'},0.5384
shared,3,thrashing,FIFO,GlobalAllocation,960,9,530700,{'interleave': 'random'},0.5307
shared,4,thrashing,FIFO,GlobalAllocation,960,9,523000,{'interleave': 'random'},0.523
shared,5,thrashing,FIFO,GlobalAllocation,960,9,541100,{'interleave': 'random'},0.5411
shared,6,thrashing,FIFO,GlobalAllocation,960,9,485800,{'interleave': 'random'},0.4858
shared,7,thrashing,FIFO,GlobalAllocation,960,9,549800,{'interleave': 'random'},0.5498
shared_total,,thrashing,FIFO,LocalAllocation,960,0,10107300,{'interleave': 'random'},10.1073
shared,0,thrashing,FIFO,LocalAllocation,960,0,501800,{'interleave': 'random'},0.5018
shared,1,thrashing,FIFO,LocalAllocation,960,0,490900,{'interleave': 'random'},0.4909
shared,2,thrashing,FIFO,LocalAllocation,960,0,512500,{'interleave': 'random'},0.5125
shared,3,thrashing,FIFO,LocalAllocation,960,0,1556400,{'interleave': 'random'},1.5564
shared,4,thrashing,FIFO,LocalAllocation,960,0,1532700,{'interleave': 'random'},1.5327
shared,5,thrashing,FIFO,LocalAllocation,960,0,1525700,{'interleave': 'random'},1.5257
shared,6,thrashing,FIFO,LocalAllocation,960,0,487900,{'interleave': 'random'},0.4879
shared,7,thrashing,FIFO,LocalAllocation,960,0,1547300,{'interleave': 'random'},1.5473
shared_total,,thrashing,FIFO,LocalAllocation,960,1,7347700,{'interleave': 'random'},7.3477
shared,0,thrashing,FIFO,LocalAllocation,960,1,366300,{'interleave': 'random'},0.3663
shared,1,thrashing,FIFO,LocalAllocation,960,1,368600,{'interleave': 'random'},0.3686
shared,2,thrashing,FIFO,LocalAllocation,960,1,379100,{'interleave': 'random'},0.3791
shared,3,thrashing,FIFO,LocalAllocation,960,1,1134100,{'interleave': 'random'},1.1341
shared,4,thrashing,FIFO,LocalAllocation,960,1,1136500,{'interleave': 'random'},1.1365
shared,5,thrashing,FIFO,LocalAllocation,960,1,1136500,{'interleave': 'random'},1.1365
shared,6,thrashing,FIFO,LocalAllocation,960,1,360400,{'interleave': 'random'},0.3604
shared,7,thrashing,FIFO,LocalAllocation,960,1,1134800,{'interleave': 'random'},1.1348
shared_total,,thrashing,FIFO,LocalAllocation,960,2,7593000,{'interleave': 'random'},7.593
shared,0,thrashing,FIFO,LocalAllocation,960,2,368000,{'interleave': 'random'},0.368
shared,1,thrashing,FIFO,LocalAllocation,960,2,365500,{'interleave': 'random'},0.3655
shared,2,thrashing,FIFO,LocalAllocation,960,2,387100,{'interleave': 'random'},0.3871
shared,3,thrashing,FIFO,LocalAllocation,960,2,1144800,{'interleave': 'random'},1.1448
shared,4,thrashing,FIFO,LocalAllocation,960,2,1133800,{'interleave': 'random'},1.1338
shared,5,thrashing,FIFO,LocalAllocation,960,2,1260400,{'interleave': 'random'},1.2604
shared,6,thrashing,FIFO,LocalAllocation,960,2,366000,{'interleave': 'random'},0.366
shared,7,thrashing,FIFO,LocalAllocation,960,2,1140200,{'interleave': 'random'},1.1402
shared_total,,thrashing,FIFO,LocalAllocation,960,3,7335500,{'interleave': 'random'},7.3355
shared,0,thrashing,FIFO,LocalAllocation,960,3,360700,{'interleave': 'random'},0.3607
shared,1,thrashing,FIFO,LocalAllocation,960,3,364700,{'interleave': 'random'},0.3647
shared,2,thrashing,FIFO,LocalAllocation,960,3,382800,{'interleave': 'random'},0.3828
shared,3,thrashing,FIFO,LocalAllocation,960,3,1126100,{'interleave': 'random'},1.1261
shared,4,thrashing,FIFO,LocalAllocation,960,3,1128500,{'interleave': 'random'},1.1285
shared,5,thrashing,FIFO,LocalAllocation,960,3,1125400,{'interleave': 'random'},1.1254
shared,6,thrashing,FIFO,LocalAllocation,960,3,360300,{'interleave': 'random'},0.3603
shared,7,thrashing,FIFO,LocalAllocation,960,3,1121900,{'interleave': 'random'},1.1219
shared_total,,thrashing,FIFO,LocalAllocation,960,4,7376800,{'interleave': 'random'},7.3768
shared,0,thrashing,FIFO,LocalAllocation,960,4,360700,{'interleave': 'random'},0.3607
shared,1,thrashing,FIFO,LocalAllocation,960,4,365800,{'interleave': 'random'},0.3658
shared,2,thrashing,FIFO,LocalAllocation,960,4,378700,{'interleave': 'random'},0.3787
shared,3,thrashing,FIFO,LocalAllocation,960,4,1130800,{'interleave': 'random'},1.1308
shared,4,thrashing,FIFO,LocalAllocation,960,4,1128600,{'interleave': 'random'},1.1286
shared,5,thrashing,FIFO,LocalAllocation,960,4,1154200,{'interleave': 'random'},1.1542
shared,6,thrashing,FIFO,LocalAllocation,960,4,361700,{'interleave': 'random'},0.3617
shared,7,thrashing,FIFO,LocalAllocation,960,4,1144600,{'interleave': 'random'},1.1446
shared_total,,thrashing,FIFO,LocalAllocation,960,5,13534300,{'interleave': 'random'},13.5343
shared,0,thrashing,FIFO,LocalAllocation,960,5,648100,{'interleave': 'random'},0.6481
shared,1,thrashing,FIFO,LocalAllocation,960,5,665400,{'interleave': 'random'},0.6654
shared,2,thrashing,FIFO,LocalAllocation,960,5,670600,{'interleave': 'random'},0.6706
shared,3,thrashing,FIFO,LocalAllocation,960,5,2008100,{'interleave': 'random'},2.0081
shared,4,thrashing,FIFO,LocalAllocation,960,5,2021800,{'interleave': 'random'},2.0218
shared,5,thrashing,FIFO,LocalAllocation,960,5,2002200,{'interleave': 'random'},2.0022
shared,6,thrashing,FIFO,LocalAllocation,960,5,641100,{'interleave': 'random'},0.6411
shared,7,thrashing,FIFO,LocalAllocation,960,5,2240400,{'interleave': 'random'},2.2404
shared_total,,thrashing,FIFO,LocalAllocation,960,6,7358200,{'interleave': 'random'},7.3582
shared,0,thrashing,FIFO,LocalAllocation,960,6,360000,{'interleave': 'random'},0.36
shared,1,thrashing,FIFO,LocalAllocation,960,6,365100,{'interleave': 'random'},0.3651
shared,2,thrashing,FIFO,LocalAllocation,960,6,381800,{'interleave': 'random'},0.3818
shared,3,thrashing,FIFO,LocalAllocation,960,6,1134600,{'interleave': 'random'},1.1346
shared,4,thrashing,FIFO,LocalAllocation,960,6,1129100,{'interleave': 'random'},1.1291
shared,5,thrashing,FIFO,LocalAllocation,960,6,1132900,{'interleave': 'random'},1.1329
shared,6,thrashing,FIFO,LocalAllocation,960,6,359400,{'interleave': 'random'},0.3594
shared,7,thrashing,FIFO,LocalAllocation,960,6,1140100,{'interleave': 'random'},1.1401
shared_total,,thrashing,FIFO,LocalAllocation,960,7,7383800,{'interleave': 'random'},7.3838
shared,0,thrashing,FIFO,LocalAllocation,960,7,360800,{'interleave': 'random'},0.3608
shared,1,thrashing,FIFO,LocalAllocation,960,7,364200,{'interleave': 'random'},0.3642
shared,2,thrashing,FIFO,LocalAllocation,960,7,382500,{'interleave': 'random'},0.3825
shared,3,thrashing,FIFO,LocalAllocation,960,7,1144000,{'interleave': 'random'},1.144
shared,4,thrashing,FIFO,LocalAllocation,960,7,1141800,{'interleave': 'random'},1.1418
shared,5,thrashing,FIFO,LocalAllocation,960,7,1135000,{'interleave': 'random'},1.135
shared,6,thrashing,FIFO,LocalAllocation,960,7,362700,{'interleave': 'random'},0.3627
shared,7,thrashing,FIFO,LocalAllocation,960,7,1134400,{'interleave': 'random'},1.1344
shared_total,,thrashing,FIFO,LocalAllocation,960,8,7417800,{'interleave': 'random'},7.4178
shared,0,thrashing,FIFO,LocalAllocation,960,8,363400,{'interleave': 'random'},0.3634
shared,1,thrashing,FIFO,LocalAllocation,960,8,373300,{'interleave': 'random'},0.3733
shared,2,thrashing,FIFO,LocalAllocation,960,8,383800,{'interleave': 'random'},0.3838
shared,3,thrashing,FIFO,LocalAllocation,960,8,1133700,{'interleave': 'random'},1.1337
shared,4,thrashing,FIFO,LocalAllocation,960,8,1131700,{'interleave': 'random'},1.1317
shared,5,thrashing,FIFO,LocalAllocation,960,8,1138100,{'interleave': 'random'},1.1381
shared,6,thrashing,FIFO,LocalAllocation,960,8,358700,{'interleave': 'random'},0.3587
shared,7,thrashing,FIFO,LocalAllocation,960,8,1140400,{'interleave': 'random'},1.1404
shared_total,,thrashing,FIFO,LocalAllocation,960,9,7448400,{'interleave': 'random'},7.4484
shared,0,thrashing,FIFO,LocalAllocation,960,9,368800,{'interleave': 'random'},0.3688
shared,1,thrashing,FIFO,LocalAllocation,960,9,369400,{'interleave': 'random'},0.3694
shared,2,thrashing,FIFO,LocalAllocation,960,9,381400,{'interleave': 'random'},0.3814
shared,3,thrashing,FIFO,LocalAllocation,960,9,1145100,{'interleave': 'random'},1.1451
shared,4,thrashing,FIFO,LocalAllocation,960,9,1142100,{'interleave': 'random'},1.1421
shared,5,thrashing,FIFO,LocalAllocation,960,9,1140900,{'interleave': 'random'},1.1409
shared,6,thrashing,FIFO,LocalAllocation,960,9,361000,{'interleave': 'random'},0.361
shared,7,thrashing,FIFO,LocalAllocation,960,9,1135600,{'interleave': 'random'},1.1356
shared_total,,thrashing,FIFO,ProportionalAllocation,960,0,4069500,{'interleave': 'random'},4.0695
shared,0,thrashing,FIFO,ProportionalAllocation,960,0,342400,{'interleave': 'random'},0.3424
shared,1,thrashing,FIFO,ProportionalAllocation,960,0,351500,{'interleave': 'random'},0.3515
shared,2,thrashing,FIFO,ProportionalAllocation,960,0,353200,{'interleave': 'random'},0.3532
shared,3,thrashing,FIFO,ProportionalAllocation,960,0,351500,{'interleave': 'random'},0.3515
shared,4,thrashing,FIFO,ProportionalAllocation,960,0,359000,{'interleave': 'random'},0.359
shared,5,thrashing,FIFO,ProportionalAllocation,960,0,362200,{'interleave': 'random'},0.3622
shared,6,thrashing,FIFO,ProportionalAllocation,960,0,332300,{'interleave': 'random'},0.3323
shared,7,thrashing,FIFO,ProportionalAllocation,960,0,375400,{'interleave': 'random'},0.3754
shared_total,,thrashing,FIFO,ProportionalAllocation,960,1,4055100,{'interleave': 'random'},4.0551
shared,0,thrashing,FIFO,ProportionalAllocation,960,1,343100,{'interleave': 'random'},0.3431
shared,1,thrashing,FIFO,ProportionalAllocation,960,1,346600,{'interleave': 'random'},0.3466
shared,2,thrashing,FIFO,ProportionalAllocation,960,1,356900,{'interleave': 'random'},0.3569
shared,3,thrashing,FIFO,ProportionalAllocation,960,1,352800,{'interleave': 'random'},0.3528
shared,4,thrashing,FIFO,ProportionalAllocation,960,1,357500,{'interleave': 'random'},0.3575
shared,5,thrashing,FIFO,ProportionalAllocation,960,1,357500,{'interleave': 'random'},0.3575
shared,6,thrashing,FIFO,ProportionalAllocation,960,1,338300,{'interleave': 'random'},0.3383
shared,7,thrashing,FIFO,ProportionalAllocation,960,1,365000,{'interleave': 'random'},0.365
shared_total,,thrashing,FIFO,ProportionalAllocation,960,2,4052200,{'interleave': 'random'},4.0522
shared,0,thrashing,FIFO,ProportionalAllocation,960,2,342000,{'interleave': 'random'},0.342
shared,1,thrashing,FIFO,ProportionalAllocation,960,2,343200,{'interleave': 'random'},0.3432
shared,2,thrashing,FIFO,ProportionalAllocation,960,2,358500,{'interleave': 'random'},0.3585
shared,3,thrashing,FIFO,ProportionalAllocation,960,2,352700,{'interleave': 'random'},0.3527
shared,4,thrashing,FIFO,ProportionalAllocation,960,2,354900,{'interleave': 'random'},0.3549
shared,5,thrashing,FIFO,ProportionalAllocation,960,2,358800,{'interleave': 'random'},0.3588
shared,6,thrashing,FIFO,ProportionalAllocation,960,2,337500,{'interleave': 'random'},0.3375
shared,7,thrashing,FIFO,ProportionalAllocation,960,2,367100,{'interleave': 'random'},0.3671
shared_total,,thrashing,FIFO,ProportionalAllocation,960,3,4044300,{'interleave': 'random'},4.0443
shared,0,thrashing,FIFO,ProportionalAllocation,960,3,336200,{'interleave': 'random'},0.3362
shared,1,thrashing,FIFO,ProportionalAllocation,960,3,347000,{'interleave': 'random'},0.347
shared,2,thrashing,FIFO,ProportionalAllocation,960,3,358700,{'interleave': 'random'},0.3587
shared,3,thrashing,FIFO,ProportionalAllocation,960,3,347000,{'interleave': 'random'},0.347
shared,4,thrashing,FIFO,ProportionalAllocation,960,3,356100,{'interleave': 'random'},0.3561
shared,5,thrashing,FIFO,ProportionalAllocation,960,3,360400,{'interleave': 'random'},0.3604
shared,6,thrashing,FIFO,ProportionalAllocation,960,3,338600,{'interleave': 'random'},0.3386
shared,7,thrashing,FIFO,ProportionalAllocation,960,3,373600,{'interleave': 'random'},0.3736
shared_total,,thrashing,FIFO,ProportionalAllocation,960,4,4130200,{'interleave': 'random'},4.1302
shared,0,thrashing,FIFO,ProportionalAllocation,960,4,344900,{'interleave': 'random'},0.3449
shared,1,thrashing,FIFO,ProportionalAllocation,960,4,347100,{'interleave': 'random'},0.3471
shared,2,thrashing,FIFO,ProportionalAllocation,960,4,360600,{'interleave': 'random'},0.3606
shared,3,thrashing,FIFO,ProportionalAllocation,960,4,356000,{'interleave': 'random'},0.356
shared,4,thrashing,FIFO,ProportionalAllocation,960,4,364100,{'interleave': 'random'},0.3641
shared,5,thrashing,FIFO,ProportionalAllocation,960,4,372000,{'interleave': 'random'},0.372
shared,6,thrashing,FIFO,ProportionalAllocation,960,4,342700,{'interleave': 'random'},0.3427
shared,7,thrashing,FIFO,ProportionalAllocation,960,4,376500,{'interleave': 'random'},0.3765
shared_total,,thrashing,FIFO,ProportionalAllocation,960,5,4021900,{'interleave': 'random'},4.0219
shared,0,thrashing,FIFO,ProportionalAllocation,960,5,335300,{'interleave': 'random'},0.3353
shared,1,thrashing,FIFO,ProportionalAllocation,960,5,339100,{'interleave': 'random'},0.3391
shared,2,thrashing,FIFO,ProportionalAllocation,960,5,352500,{'interleave': 'random'},0.3525
shared,3,thrashing,FIFO,ProportionalAllocation,960,5,364000,{'interleave': 'random'},0.364
shared,4,thrashing,FIFO,ProportionalAllocation,960,5,351700,{'interleave': 'random'},0.3517
shared,5,thrashing,FIFO,ProportionalAllocation,960,5,350100,{'interleave': 'random'},0.3501
shared,6,thrashing,FIFO,ProportionalAllocation,960,5,333600,{'interleave': 'random'},0.3336
shared,7,thrashing,FIFO,ProportionalAllocation,960,5,373100,{'interleave': 'random'},0.3731
shared_total,,thrashing,FIFO,ProportionalAllocation,960,6,4203600,{'interleave': 'random'},4.2036
shared,0,thrashing,FIFO,ProportionalAllocation,960,6,347900,{'interleave': 'random'},0.3479
shared,1,thrashing,FIFO,ProportionalAllocation,960,6,357900,{'interleave': 'random'},0.3579
shared,2,thrashing,FIFO,ProportionalAllocation,960,6,378500,{'interleave': 'random'},0.3785
shared,3,thrashing,FIFO,ProportionalAllocation,960,6,362200,{'interleave': 'random'},0.3622
shared,4,thrashing,FIFO,ProportionalAllocation,960,6,363500,{'interleave': 'random'},0.3635
shared,5,thrashing,FIFO,ProportionalAllocation,960,6,370100,{'interleave': 'random'},0.3701
shared,6,thrashing,FIFO,ProportionalAllocation,960,6,348300,{'interleave': 'random'},0.3483
shared,7,thrashing,FIFO,ProportionalAllocation,960,6,382500,{'interleave': 'random'},0.3825
shared_total,,thrashing,FIFO,ProportionalAllocation,960,7,4035400,{'interleave': 'random'},4.0354
shared,0,thrashing,FIFO,ProportionalAllocation,960,7,342800,{'interleave': 'random'},0.3428
shared,1,thrashing,FIFO,ProportionalAllocation,960,7,339200,{'interleave': 'random'},0.3392
shared,2,thrashing,FIFO,ProportionalAllocation,960,7,357000,{'interleave': 'random'},0.357
shared,3,thrashing,FIFO,ProportionalAllocation,960,7,350800,{'interleave': 'random'},0.3508
shared,4,thrashing,FIFO,ProportionalAllocation,960,7,352100,{'interleave': 'random'},0.3521
shared,5,thrashing,FIFO,ProportionalAllocation,960,7,354900,{'interleave': 'random'},0.3549
shared,6,thrashing,FIFO,ProportionalAllocation,960,7,334300,{'interleave': 'random'},0.3343
shared,7,thrashing,FIFO,ProportionalAllocation,960,7,366100,{'interleave': 'random'},0.3661
shared_total,,thrashing,FIFO,ProportionalAllocation,960,8,4066800,{'interleave': 'random'},4.0668
shared,0,thrashing,FIFO,ProportionalAllocation,960,8,337900,{'interleave': 'random'},0.3379
shared,1,thrashing,FIFO,ProportionalAllocation,960,8,344500,{'interleave': 'random'},0.3445
shared,2,thrashing,FIFO,ProportionalAllocation,960,8,358900,{'interleave': 'random'},0.3589
shared,3,thrashing,FIFO,ProportionalAllocation,960,8,351300,{'interleave': 'random'},0.3513
shared,4,thrashing,FIFO,ProportionalAllocation,960,8,353500,{'interleave': 'random'},0.3535
shared,5,thrashing,FIFO,ProportionalAllocation,960,8,357500,{'interleave': 'random'},0.3575
shared,6,thrashing,FIFO,ProportionalAllocation,960,8,336500,{'interleave': 'random'},0.3365
shared,7,thrashing,FIFO,ProportionalAllocation,960,8,370700,{'interleave': 'random'},0.3707
shared_total,,thrashing,FIFO,ProportionalAllocation,960,9,4081800,{'interleave': 'random'},4.0818
shared,0,thrashing,FIFO,ProportionalAllocation,960,9,358200,{'interleave': 'random'},0.3582
shared,1,thrashing,FIFO,ProportionalAllocation,960,9,345500,{'interleave': 'random'},0.3455
shared,2,thrashing,FIFO,ProportionalAllocation,960,9,358000,{'interleave': 'random'},0.358
shared,3,thrashing,FIFO,ProportionalAllocation,960,9,354600,{'interleave': 'random'},0.3546
shared,4,thrashing,FIFO,ProportionalAllocation,960,9,358900,{'interleave': 'random'},0.3589
shared,5,thrashing,FIFO,ProportionalAllocation,960,9,360500,{'interleave': 'random'},0.3605
shared,6,thrashing,FIFO,ProportionalAllocation,960,9,341800,{'interleave': 'random'},0.3418
shared,7,thrashing,FIFO,ProportionalAllocation,960,9,375300,{'interleave': 'random'},0.3753
shared_total,,thrashing,LRU,GlobalAllocation,960,0,7882600,{'interleave': 'random'},7.8826
shared,0,thrashing,LRU,GlobalAllocation,960,0,708200,{'interleave': 'random'},0.7082
shared,1,thrashing,LRU,GlobalAllocation,960,0,801700,{'interleave': 'random'},0.8017
shared,2,thrashing,LRU,GlobalAllocation,960,0,817200,{'interleave': 'random'},0.8172
shared,3,thrashing,LRU,GlobalAllocation,960,0,804500,{'interleave': 'random'},0.8045
shared,4,thrashing,LRU,GlobalAllocation,960,0,845300,{'interleave': 'random'},0.8453
shared,5,thrashing,LRU,GlobalAllocation,960,0,844000,{'interleave': 'random'},0.844
shared,6,thrashing,LRU,GlobalAllocation,960,0,774700,{'interleave': 'random'},0.7747
shared,7,thrashing,LRU,GlobalAllocation,960,0,865200,{'interleave': 'random'},0.8652
shared_total,,thrashing,LRU,GlobalAllocation,960,1,7726900,{'interleave': 'random'},7.7269
shared,0,thrashing,LRU,GlobalAllocation,960,1,705900,{'interleave': 'random'},0.7059
shared,1,thrashing,LRU,GlobalAllocation,960,1,801700,{'interleave': 'random'},0.8017
shared,2,thrashing,LRU,GlobalAllocation,960,1,793100,{'interleave': 'random'},0.7931
shared,3,thrashing,LRU,GlobalAllocation,960,1,834300,{'interleave': 'random'},0.8343
shared,4,thrashing,LRU,GlobalAllocation,960,1,819100,{'interleave': 'random'},0.8191
shared,5,thrashing,LRU,GlobalAllocation,960,1,796700,{'interleave': 'random'},0.7967
shared,6,thrashing,LRU,GlobalAllocation,960,1,762000,{'interleave': 'random'},0.762
shared,7,thrashing,LRU,GlobalAllocation,960,1,850700,{'interleave': 'random'},0.8507
shared_total,,thrashing,LRU,GlobalAllocation,960,2,7841700,{'interleave': 'random'},7.8417
shared,0,thrashing,LRU,GlobalAllocation,960,2,696200,{'interleave': 'random'},0.6962
shared,1,thrashing,LRU,GlobalAllocation,960,2,795400,{'interleave': 'random'},0.7954
shared,2,thrashing,LRU,GlobalAllocation,960,2,863300,{'interleave': 'random'},0.8633
shared,3,thrashing,LRU,GlobalAllocation,960,2,809900,{'interleave': 'random'},0.8099
shared,4,thrashing,LRU,GlobalAllocation,960,2,839300,{'interleave': 'random'},0.8393
shared,5,thrashing,LRU,GlobalAllocation,960,2,832600,{'interleave': 'random'},0.8326
shared,6,thrashing,LRU,GlobalAllocation,960,2,769900,{'interleave': 'random'},0.7699
shared,7,thrashing,LRU,GlobalAllocation,960,2,849300,{'interleave': 'random'},0.8493
shared_total,,thrashing,LRU,GlobalAllocation,960,3,7818000,{'interleave': 'random'},7.818
shared,0,thrashing,LRU,GlobalAllocation,960,3,731800,{'interleave': 'random'},0.7318
shared,1,thrashing,LRU,GlobalAllocation,960,3,836500,{'interleave': 'random'},0.8365
shared,2,thrashing,LRU,GlobalAllocation,960,3,798900,{'interleave': 'random'},0.7989
shared,3,thrashing,LRU,GlobalAllocation,960,3,801600,{'interleave': 'random'},0.8016
shared,4,thrashing,LRU,GlobalAllocation,960,3,802100,{'interleave': 'random'},0.8021
shared,5,thrashing,LRU,GlobalAllocation,960,3,828800,{'interleave': 'random'},0.8288
shared,6,thrashing,LRU,GlobalAllocation,960,3,794200,{'interleave': 'random'},0.7942
shared,7,thrashing,LRU,GlobalAllocation,960,3,832800,{'interleave': 'random'},0.8328
shared_total,,thrashing,LRU,GlobalAllocation,960,4,7827300,{'interleave': 'random'},7.8273
shared,0,thrashing,LRU,GlobalAllocation,960,4,714600,{'interleave': 'random'},0.7146
shared,1,thrashing,LRU,GlobalAllocation,960,4,830800,{'interleave': 'random'},0.8308
shared,2,thrashing,LRU,GlobalAllocation,960,4,808500,{'interleave': 'random'},0.8085
shared,3,thrashing,LRU,GlobalAllocation,960,4,848900,{'interleave': 'random'},0.8489
shared,4,thrashing,LRU,GlobalAllocation,960,4,807700,{'interleave': 'random'},0.8077
shared,5,thrashing,LRU,GlobalAllocation,960,4,826200,{'interleave': 'random'},0.8262
shared,6,thrashing,LRU,GlobalAllocation,960,4,761200,{'interleave': 'random'},0.7612
shared,7,thrashing,LRU,GlobalAllocation,960,4,847900,{'interleave': 'random'},0.8479
shared_total,,thrashing,LRU,GlobalAllocation,960,5,7749200,{'interleave': 'random'},7.7492
shared,0,thrashing,LRU,GlobalAllocation,960,5,693400,{'interleave': 'random'},0.6934
shared,1,thrashing,LRU,GlobalAllocation,960,5,789400,{'interleave': 'random'},0.7894
shared,2,thrashing,LRU,GlobalAllocation,960,5,829500,{'interleave': 'random'},0.8295
shared,3,thrashing,LRU,GlobalAllocation,960,5,801000,{'interleave': 'random'},0.801
shared,4,thrashing,LRU,GlobalAllocation,960,5,833600,{'interleave': 'random'},0.8336
shared,5,thrashing,LRU,GlobalAllocation,960,5,815300,{'interleave': 'random'},0.8153
shared,6,thrashing,LRU,GlobalAllocation,960,5,780900,{'interleave': 'random'},0.7809
shared,7,thrashing,LRU,GlobalAllocation,960,5,829600,{'interleave': 'random'},0.8296
shared_total,,thrashing,LRU,GlobalAllocation,960,6,7796400,{'interleave': 'random'},7.7964
shared,0,thrashing,LRU,GlobalAllocation,960,6,767700,{'interleave': 'random'},0.7677
shared,1,thrashing,LRU,GlobalAllocation,960,6,786500,{'interleave': 'random'},0.7865
shared,2,thrashing,LRU,GlobalAllocation,960,6,816300,{'interleave': 'random'},0.8163
shared,3,thrashing,LRU,GlobalAllocation,960,6,797700,{'interleave': 'random'},0.7977
shared,4,thrashing,LRU,GlobalAllocation,960,6,807600,{'interleave': 'random'},0.8076
shared,5,thrashing,LRU,GlobalAllocation,960,6,833800,{'interleave': 'random'},0.8338
shared,6,thrashing,LRU,GlobalAllocation,960,6,751400,{'interleave': 'random'},0.7514
shared,7,thrashing,LRU,GlobalAllocation,960,6,852000,{'interleave': 'random'},0.852
shared_total,,thrashing,LRU,GlobalAllocation,960,7,7808900,{'interleave': 'random'},7.8089
shared,0,thrashing,LRU,GlobalAllocation,960,7,719400,{'interleave': 'random'},0.7194
shared,1,thrashing,LRU,GlobalAllocation,960,7,803300,{'interleave': 'random'},0.8033
shared,2,thrashing,LRU,GlobalAllocation,960,7,813400,{'interleave': 'random'},0.8134
shared,3,thrashing,LRU,GlobalAllocation,960,7,803900,{'interleave': 'random'},0.8039
shared,4,thrashing,LRU,GlobalAllocation,960,7,825600,{'interleave': 'random'},0.8256
shared,5,thrashing,LRU,GlobalAllocation,960,7,850700,{'interleave': 'random'},0.8507
shared,6,thrashing,LRU,GlobalAllocation,960,7,788400,{'interleave': 'random'},0.7884
shared,7,thrashing,LRU,GlobalAllocation,960,7,836900,{'interleave': 'random'},0.8369
shared_total,,thrashing,LRU,GlobalAllocation,960,8,7962600,{'interleave': 'random'},7.9626
shared,0,thrashing,LRU,GlobalAllocation,960,8,731900,{'interleave': 'random'},0.7319
shared,1,thrashing,LRU,GlobalAllocation,960,8,821000,{'interleave': 'random'},0.821
shared,2,thrashing,LRU,GlobalAllocation,960,8,823200,{'interleave': 'random'},0.8232
shared,3,thrashing,LRU,GlobalAllocation,960,8,830100,{'interleave': 'random'},0.8301
shared,4,thrashing,LRU,GlobalAllocation,960,8,857600,{'interleave': 'random'},0.8576
shared,5,thrashing,LRU,GlobalAllocation,960,8,857300,{'interleave': 'random'},0.8573
shared,6,thrashing,LRU,GlobalAllocation,960,8,770900,{'interleave': 'random'},0.7709
shared,7,thrashing,LRU,GlobalAllocation,960,8,861300,{'interleave': 'random'},0.8613
shared_total,,thrashing,LRU,GlobalAllocation,960,9,7830500,{'interleave': 'random'},7.8305
shared,0,thrashing,LRU,GlobalAllocation,960,9,763900,{'interleave': 'random'},0.7639
shared,1,thrashing,LRU,GlobalAllocation,960,9,797600,{'interleave': 'random'},0.7976
shared,2,thrashing,LRU,GlobalAllocation,960,9,814300,{'interleave': 'random'},0.8143
shared,3,thrashing,LRU,GlobalAllocation,960,9,812100,{'interleave': 'random'},0.8121
shared,4,thrashing,LRU,GlobalAllocation,960,9,808100,{'interleave': 'random'},0.8081
shared,5,thrashing,LRU,GlobalAllocation,960,9,833300,{'interleave': 'random'},0.8333
shared,6,thrashing,LRU,GlobalAllocation,960,9,778300,{'interleave': 'random'},0.7783
shared,7,thrashing,LRU,GlobalAllocation,960,9,848400,{'interleave': 'random'},0.8484
shared_total,,thrashing,LRU,LocalAllocation,960,0,9019400,{'interleave': 'random'},9.0194
shared,0,thrashing,LRU,LocalAllocation,960,0,527200,{'interleave': 'random'},0.5272
shared,1,thrashing,LRU,LocalAllocation,960,0,560600,{'interleave': 'random'},0.5606
shared,2,thrashing,LRU,LocalAllocation,960,0,533200,{'interleave': 'random'},0.5332
shared,3,thrashing,LRU,LocalAllocation,960,0,1393500,{'interleave': 'random'},1.3935
shared,4,thrashing,LRU,LocalAllocation,960,0,1380600,{'interleave': 'random'},1.3806
shared,5,thrashing,LRU,LocalAllocation,960,0,1381300,{'interleave': 'random'},1.3813
shared,6,thrashing,LRU,LocalAllocation,960,0,510800,{'interleave': 'random'},0.5108
shared,7,thrashing,LRU,LocalAllocation,960,0,1385200,{'interleave': 'random'},1.3852
shared_total,,thrashing,LRU,LocalAllocation,960,1,8278200,{'interleave': 'random'},8.2782
shared,0,thrashing,LRU,LocalAllocation,960,1,485500,{'interleave': 'random'},0.4855
shared,1,thrashing,LRU,LocalAllocation,960,1,489200,{'interleave': 'random'},0.4892
shared,2,thrashing,LRU,LocalAllocation,960,1,478700,{'interleave': 'random'},0.4787
shared,3,thrashing,LRU,LocalAllocation,960,1,1271200,{'interleave': 'random'},1.2712
shared,4,thrashing,LRU,LocalAllocation,960,1,1269700,{'interleave': 'random'},1.2697
shared,5,thrashing,LRU,LocalAllocation,960,1,1254400,{'interleave': 'random'},1.2544
shared,6,thrashing,LRU,LocalAllocation,960,1,467500,{'interleave': 'random'},0.4675
shared,7,thrashing,LRU,LocalAllocation,960,1,1274600,{'interleave': 'random'},1.2746
shared_total,,thrashing,LRU,LocalAllocation,960,2,8983000,{'interleave': 'random'},8.983
shared,0,thrashing,LRU,LocalAllocation,960,2,532500,{'interleave': 'random'},0.5325
shared,1,thrashing,LRU,LocalAllocation,960,2,533500,{'interleave': 'random'},0.5335
shared,2,thrashing,LRU,LocalAllocation,960,2,533800,{'interleave': 'random'},0.5338
shared,3,thrashing,LRU,LocalAllocation,960,2,1386400,{'interleave': 'random'},1.3864
shared,4,thrashing,LRU,LocalAllocation,960,2,1369800,{'interleave': 'random'},1.3698
shared,5,thrashing,LRU,LocalAllocation,960,2,1375900,{'interleave': 'random'},1.3759
shared,6,thrashing,LRU,LocalAllocation,960,2,511700,{'interleave': 'random'},0.5117
shared,7,thrashing,LRU,LocalAllocation,960,2,1378200,{'interleave': 'random'},1.3782
shared_total,,thrashing,LRU,LocalAllocation,960,3,9011600,{'interleave': 'random'},9.0116
shared,0,thrashing,LRU,LocalAllocation,960,3,533400,{'interleave': 'random'},0.5334
shared,1,thrashing,LRU,LocalAllocation,960,3,544400,{'interleave': 'random'},0.5444
shared,2,thrashing,LRU,LocalAllocation,960,3,534100,{'interleave': 'random'},0.5341
shared,3,thrashing,LRU,LocalAllocation,960,3,1376700,{'interleave': 'random'},1.3767
shared,4,thrashing,LRU,LocalAllocation,960,3,1380500,{'interleave': 'random'},1.3805
shared,5,thrashing,LRU,LocalAllocation,960,3,1377600,{'interleave': 'random'},1.3776
shared,6,thrashing,LRU,LocalAllocation,960,3,514000,{'interleave': 'random'},0.514
shared,7,thrashing,LRU,LocalAllocation,960,3,1388400,{'interleave': 'random'},1.3884
shared_total,,thrashing,LRU,LocalAllocation,960,4,9132900,{'interleave': 'random'},9.1329
shared,0,thrashing,LRU,LocalAllocation,960,4,538900,{'interleave': 'random'},0.5389
shared,1,thrashing,LRU,LocalAllocation,960,4,549400,{'interleave': 'random'},0.5494
shared,2,thrashing,LRU,LocalAllocation,960,4,538900,{'interleave': 'random'},0.5389
shared,3,thrashing,LRU,LocalAllocation,960,4,1391900,{'interleave': 'random'},1.3919
shared,4,thrashing,LRU,LocalAllocation,960,4,1400200,{'interleave': 'random'},1.4002
shared,5,thrashing,LRU,LocalAllocation,960,4,1393800,{'interleave': 'random'},1.3938
shared,6,thrashing,LRU,LocalAllocation,960,4,511100,{'interleave': 'random'},0.5111
shared,7,thrashing,LRU,LocalAllocation,960,4,1400900,{'interleave': 'random'},1.4009
shared_total,,thrashing,LRU,LocalAllocation,960,5,9081900,{'interleave': 'random'},9.0819
shared,0,thrashing,LRU,LocalAllocation,960,5,534900,{'interleave': 'random'},0.5349
shared,1,thrashing,LRU,LocalAllocation,960,5,542500,{'interleave': 'random'},0.5425
shared,2,thrashing,LRU,LocalAllocation,960,5,545800,{'interleave': 'random'},0.5458
shared,3,thrashing,LRU,LocalAllocation,960,5,1398800,{'interleave': 'random'},1.3988
shared,4,thrashing,LRU,LocalAllocation,960,5,1396700,{'interleave': 'random'},1.3967
shared,5,thrashing,LRU,LocalAllocation,960,5,1396200,{'interleave': 'random'},1.3962
shared,6,thrashing,LRU,LocalAllocation,960,5,512200,{'interleave': 'random'},0.5122
shared,7,thrashing,LRU,LocalAllocation,960,5,1399900,{'interleave': 'random'},1.3999
shared_total,,thrashing,LRU,LocalAllocation,960,6,11878600,{'interleave': 'random'},11.8786
shared,0,thrashing,LRU,LocalAllocation,960,6,708100,{'interleave': 'random'},0.7081
shared,1,thrashing,LRU,LocalAllocation,960,6,699000,{'interleave': 'random'},0.699
shared,2,thrashing,LRU,LocalAllocation,960,6,712200,{'interleave': 'random'},0.7122
shared,3,thrashing,LRU,LocalAllocation,960,6,1846700,{'interleave': 'random'},1.8467
shared,4,thrashing,LRU,LocalAllocation,960,6,1805800,{'interleave': 'random'},1.8058
shared,5,thrashing,LRU,LocalAllocation,960,6,1801800,{'interleave': 'random'},1.8018
shared,6,thrashing,LRU,LocalAllocation,960,6,655500,{'interleave': 'random'},0.6555
shared,7,thrashing,LRU,LocalAllocation,960,6,1849400,{'interleave': 'random'},1.8494
shared_total,,thrashing,LRU,LocalAllocation,960,7,9062800,{'interleave': 'random'},9.0628
shared,0,thrashing,LRU,LocalAllocation,960,7,536800,{'interleave': 'random'},0.5368
shared,1,thrashing,LRU,LocalAllocation,960,7,535800,{'interleave': 'random'},0.5358
shared,2,thrashing,LRU,LocalAllocation,960,7,533000,{'interleave': 'random'},0.533
shared,3,thrashing,LRU,LocalAllocation,960,7,1381700,{'interleave': 'random'},1.3817
shared,4,thrashing,LRU,LocalAllocation,960,7,1375900,{'interleave': 'random'},1.3759
shared,5,thrashing,LRU,LocalAllocation,960,7,1366900,{'interleave': 'random'},1.3669
shared,6,thrashing,LRU,LocalAllocation,960,7,505700,{'interleave': 'random'},0.5057
shared,7,thrashing,LRU,LocalAllocation,960,7,1464100,{'interleave': 'random'},1.4641
shared_total,,thrashing,LRU,LocalAllocation,960,8,9014000,{'interleave': 'random'},9.014
shared,0,thrashing,LRU,LocalAllocation,960,8,522700,{'interleave': 'random'},0.5227
shared,1,thrashing,LRU,LocalAllocation,960,8,531500,{'interleave': 'random'},0.5315
shared,2,thrashing,LRU,LocalAllocation,960,8,535700,{'interleave': 'random'},0.5357
shared,3,thrashing,LRU,LocalAllocation,960,8,1385900,{'interleave': 'random'},1.3859
shared,4,thrashing,LRU,LocalAllocation,960,8,1380700,{'interleave': 'random'},1.3807
shared,5,thrashing,LRU,LocalAllocation,960,8,1387700,{'interleave': 'random'},1.3877
shared,6,thrashing,LRU,LocalAllocation,960,8,506800,{'interleave': 'random'},0.5068
shared,7,thrashing,LRU,LocalAllocation,960,8,1389200,{'interleave': 'random'},1.3892
shared_total,,thrashing,LRU,LocalAllocation,960,9,8988800,{'interleave': 'random'},8.9888
shared,0,thrashing,LRU,LocalAllocation,960,9,531100,{'interleave': 'random'},0.5311
shared,1,thrashing,LRU,LocalAllocation,960,9,538500,{'interleave': 'random'},0.5385
shared,2,thrashing,LRU,LocalAllocation,960,9,543500,{'interleave': 'random'},0.5435
shared,3,thrashing,LRU,LocalAllocation,960,9,1392800,{'interleave': 'random'},1.3928
shared,4,thrashing,LRU,LocalAllocation,960,9,1381100,{'interleave': 'random'},1.3811
shared,5,thrashing,LRU,LocalAllocation,960,9,1382500,{'interleave': 'random'},1.3825
shared,6,thrashing,LRU,LocalAllocation,960,9,509300,{'interleave': 'random'},0.5093
shared,7,thrashing,LRU,LocalAllocation,960,9,1378800,{'interleave': 'random'},1.3788
shared_total,,thrashing,LRU,ProportionalAllocation,960,0,5246800,{'interleave': 'random'},5.2468
shared,0,thrashing,LRU,ProportionalAllocation,960,0,481900,{'interleave': 'random'},0.4819
shared,1,thrashing,LRU,ProportionalAllocation,960,0,480200,{'interleave': 'random'},0.4802
shared,2,thrashing,LRU,ProportionalAllocation,960,0,481700,{'interleave': 'random'},0.4817
shared,3,thrashing,LRU,ProportionalAllocation,960,0,487500,{'interleave': 'random'},0.4875
shared,4,thrashing,LRU,ProportionalAllocation,960,0,490000,{'interleave': 'random'},0.49
shared,5,thrashing,LRU,ProportionalAllocation,960,0,490800,{'interleave': 'random'},0.4908
shared,6,thrashing,LRU,ProportionalAllocation,960,0,484000,{'interleave': 'random'},0.484
shared,7,thrashing,LRU,ProportionalAllocation,960,0,508300,{'interleave': 'random'},0.5083
shared_total,,thrashing,LRU,ProportionalAllocation,960,1,5242000,{'interleave': 'random'},5.242
shared,0,thrashing,LRU,ProportionalAllocation,960,1,482700,{'interleave': 'random'},0.4827
shared,1,thrashing,LRU,ProportionalAllocation,960,1,478200,{'interleave': 'random'},0.4782
shared,2,thrashing,LRU,ProportionalAllocation,960,1,486200,{'interleave': 'random'},0.4862
shared,3,thrashing,LRU,ProportionalAllocation,960,1,485700,{'interleave': 'random'},0.4857
shared,4,thrashing,LRU,ProportionalAllocation,960,1,491400,{'interleave': 'random'},0.4914
shared,5,thrashing,LRU,ProportionalAllocation,960,1,496000,{'interleave': 'random'},0.496
shared,6,thrashing,LRU,ProportionalAllocation,960,1,490700,{'interleave': 'random'},0.4907
shared,7,thrashing,LRU,ProportionalAllocation,960,1,505700,{'interleave': 'random'},0.5057
shared_total,,thrashing,LRU,ProportionalAllocation,960,2,5136400,{'interleave': 'random'},5.1364
shared,0,thrashing,LRU,ProportionalAllocation,960,2,463700,{'interleave': 'random'},0.4637
shared,1,thrashing,LRU,ProportionalAllocation,960,2,468100,{'interleave': 'random'},0.4681
shared,2,thrashing,LRU,ProportionalAllocation,960,2,470700,{'interleave': 'random'},0.4707
shared,3,thrashing,LRU,ProportionalAllocation,960,2,469900,{'interleave': 'random'},0.4699
shared,4,thrashing,LRU,ProportionalAllocation,960,2,469900,{'interleave': 'random'},0.4699
shared,5,thrashing,LRU,ProportionalAllocation,960,2,476400,{'interleave': 'random'},0.4764
shared,6,thrashing,LRU,ProportionalAllocation,960,2,460200,{'interleave': 'random'},0.4602
shared,7,thrashing,LRU,ProportionalAllocation,960,2,483800,{'interleave': 'random'},0.4838
shared_total,,thrashing,LRU,ProportionalAllocation,960,3,5277900,{'interleave': 'random'},5.2779
shared,0,thrashing,LRU,ProportionalAllocation,960,3,478200,{'interleave': 'random'},0.4782
shared,1,thrashing,LRU,ProportionalAllocation,960,3,485800,{'interleave': 'random'},0.4858
shared,2,thrashing,LRU,ProportionalAllocation,960,3,485300,{'interleave': 'random'},0.4853
shared,3,thrashing,LRU,ProportionalAllocation,960,3,486600,{'interleave': 'random'},0.4866
shared,4,thrashing,LRU,ProportionalAllocation,960,3,494300,{'interleave': 'random'},0.4943
shared,5,thrashing,LRU,ProportionalAllocation,960,3,496800,{'interleave': 'random'},0.4968
shared,6,thrashing,LRU,ProportionalAllocation,960,3,479900,{'interleave': 'random'},0.4799
shared,7,thrashing,LRU,ProportionalAllocation,960,3,509400,{'interleave': 'random'},0.5094
shared_total,,thrashing,LRU,ProportionalAllocation,960,4,5299300,{'interleave': 'random'},5.2993
shared,0,thrashing,LRU,ProportionalAllocation,960,4,488200,{'interleave': 'random'},0.4882
shared,1,thrashing,LRU,ProportionalAllocation,960,4,487700,{'interleave': 'random'},0.4877
shared,2,thrashing,LRU,ProportionalAllocation,960,4,493700,{'interleave': 'random'},0.4937
shared,3,thrashing,LRU,ProportionalAllocation,960,4,500300,{'interleave': 'random'},0.5003
shared,4,thrashing,LRU,ProportionalAllocation,960,4,503600,{'interleave': 'random'},0.5036
shared,5,thrashing,LRU,ProportionalAllocation,960,4,510700,{'interleave': 'random'},0.5107
shared,6,thrashing,LRU,ProportionalAllocation,960,4,498300,{'interleave': 'random'},0.4983
shared,7,thrashing,LRU,ProportionalAllocation,960,4,522800,{'interleave': 'random'},0.5228
shared_total,,thrashing,LRU,ProportionalAllocation,960,5,5664400,{'interleave': 'random'},5.6644
shared,0,thrashing,LRU,ProportionalAllocation,960,5,486600,{'interleave': 'random'},0.4866
shared,1,thrashing,LRU,ProportionalAllocation,960,5,498800,{'interleave': 'random'},0.4988
shared,2,thrashing,LRU,ProportionalAllocation,960,5,491500,{'interleave': 'random'},0.4915
shared,3,thrashing,LRU,ProportionalAllocation,960,5,497800,{'interleave': 'random'},0.4978
shared,4,thrashing,LRU,ProportionalAllocation,960,5,537500,{'interleave': 'random'},0.5375
shared,5,thrashing,LRU,ProportionalAllocation,960,5,805500,{'interleave': 'random'},0.8055
shared,6,thrashing,LRU,ProportionalAllocation,960,5,480700,{'interleave': 'random'},0.4807
shared,7,thrashing,LRU,ProportionalAllocation,960,5,516200,{'interleave': 'random'},0.5162
shared_total,,thrashing,LRU,ProportionalAllocation,960,6,5306700,{'interleave': 'random'},5.3067
shared,0,thrashing,LRU,ProportionalAllocation,960,6,489300,{'interleave': 'random'},0.4893
shared,1,thrashing,LRU,ProportionalAllocation,960,6,507600,{'interleave': 'random'},0.5076
shared,2,thrashing,LRU,ProportionalAllocation,960,6,493900,{'interleave': 'random'},0.4939
shared,3,thrashing,LRU,ProportionalAllocation,960,6,490300,{'interleave': 'random'},0.4903
shared,4,thrashing,LRU,ProportionalAllocation,960,6,497300,{'interleave': 'random'},0.4973
shared,5,thrashing,LRU,ProportionalAllocation,960,6,500800,{'interleave': 'random'},0.5008
shared,6,thrashing,LRU,ProportionalAllocation,960,6,490300,{'interleave': 'random'},0.4903
shared,7,thrashing,LRU,ProportionalAllocation,960,6,521600,{'interleave': 'random'},0.5216
shared_total,,thrashing,LRU,ProportionalAllocation,960,7,5457100,{'interleave': 'random'},5.4571
shared,0,thrashing,LRU,ProportionalAllocation,960,7,504800,{'interleave': 'random'},0.5048
shared,1,thrashing,LRU,ProportionalAllocation,960,7,503800,{'interleave': 'random'},0.5038
shared,2,thrashing,LRU,ProportionalAllocation,960,7,514700,{'interleave': 'random'},0.5147
shared,3,thrashing,LRU,ProportionalAllocation,960,7,514600,{'interleave': 'random'},0.5146
shared,4,thrashing,LRU,ProportionalAllocation,960,7,513600,{'interleave': 'random'},0.5136
shared,5,thrashing,LRU,ProportionalAllocation,960,7,514200,{'interleave': 'random'},0.5142
shared,6,thrashing,LRU,ProportionalAllocation,960,7,512300,{'interleave': 'random'},0.5123
shared,7,thrashing,LRU,ProportionalAllocation,960,7,528400,{'interleave': 'random'},0.5284
shared_total,,thrashing,LRU,ProportionalAllocation,960,8,5404000,{'interleave': 'random'},5.404
shared,0,thrashing,LRU,ProportionalAllocation,960,8,493800,{'interleave': 'random'},0.4938
shared,1,thrashing,LRU,ProportionalAllocation,960,8,503100,{'interleave': 'random'},0.5031
shared,2,thrashing,LRU,ProportionalAllocation,960,8,514600,{'interleave': 'random'},0.5146
shared,3,thrashing,LRU,ProportionalAllocation,960,8,500700,{'interleave': 'random'},0.5007
shared,4,thrashing,LRU,ProportionalAllocation,960,8,501900,{'interleave': 'random'},0.5019
shared,5,thrashing,LRU,ProportionalAllocation,960,8,506900,{'interleave': 'random'},0.5069
shared,6,thrashing,LRU,ProportionalAllocation,960,8,498700,{'interleave': 'random'},0.4987
shared,7,thrashing,LRU,ProportionalAllocation,960,8,522700,{'interleave': 'random'},0.5227
shared_total,,thrashing,LRU,ProportionalAllocation,960,9,5334000,{'interleave': 'random'},5.334
shared,0,thrashing,LRU,ProportionalAllocation,960,9,497200,{'interleave': 'random'},0.4972
shared,1,thrashing,LRU,ProportionalAllocation,960,9,489000,{'interleave': 'random'},0.489
shared,2,thrashing,LRU,ProportionalAllocation,960,9,491100,{'interleave': 'random'},0.4911
shared,3,thrashing,LRU,ProportionalAllocation,960,9,498100,{'interleave': 'random'},0.4981
shared,4,thrashing,LRU,ProportionalAllocation,960,9,500600,{'interleave': 'random'},0.5006
shared,5,thrashing,LRU,ProportionalAllocation,960,9,504400,{'interleave': 'random'},0.5044
shared,6,thrashing,LRU,ProportionalAllocation,960,9,486700,{'interleave': 'random'},0.4867
shared,7,thrashing,LRU,ProportionalAllocation,960,9,514400,{'interleave': 'random'},0.5144
shared_total,,thrashing,NRU,GlobalAllocation,960,0,9036600,{'interleave': 'random'},9.0366
shared,0,thrashing,NRU,GlobalAllocation,960,0,912700,{'interleave': 'random'},0.9127
shared,1,thrashing,NRU,GlobalAllocation,960,0,921800,{'interleave': 'random'},0.9218
shared,2,thrashing,NRU,GlobalAllocation,960,0,1122100,{'interleave': 'random'},1.1221
shared,3,thrashing,NRU,GlobalAllocation,960,0,896100,{'interleave': 'random'},0.8961
shared,4,thrashing,NRU,GlobalAllocation,960,0,977300,{'interleave': 'random'},0.9773
shared,5,thrashing,NRU,GlobalAllocation,960,0,916200,{'interleave': 'random'},0.9162
shared,6,thrashing,NRU,GlobalAllocation,960,0,933500,{'interleave': 'random'},0.9335
shared,7,thrashing,NRU,GlobalAllocation,960,0,1018000,{'interleave': 'random'},1.018
shared_total,,thrashing,NRU,GlobalAllocation,960,1,9085700,{'interleave': 'random'},9.0857
shared,0,thrashing,NRU,GlobalAllocation,960,1,831500,{'interleave': 'random'},0.8315
shared,1,thrashing,NRU,GlobalAllocation,960,1,889200,{'interleave': 'random'},0.8892
shared,2,thrashing,NRU,GlobalAllocation,960,1,986000,{'interleave': 'random'},0.986
shared,3,thrashing,NRU,GlobalAllocation,960,1,1054600,{'interleave': 'random'},1.0546
shared,4,thrashing,NRU,GlobalAllocation,960,1,1009700,{'interleave': 'random'},1.0097
shared,5,thrashing,NRU,GlobalAllocation,960,1,1033800,{'interleave': 'random'},1.0338
shared,6,thrashing,NRU,GlobalAllocation,960,1,867200,{'interleave': 'random'},0.8672
shared,7,thrashing,NRU,GlobalAllocation,960,1,1012900,{'interleave': 'random'},1.0129
shared_total,,thrashing,NRU,GlobalAllocation,960,2,8995800,{'interleave': 'random'},8.9958
shared,0,thrashing,NRU,GlobalAllocation,960,2,877000,{'interleave': 'random'},0.877
shared,1,thrashing,NRU,GlobalAllocation,960,2,920700,{'interleave': 'random'},0.9207
shared,2,thrashing,NRU,GlobalAllocation,960,2,1004900,{'interleave': 'random'},1.0049
shared,3,thrashing,NRU,GlobalAllocation,960,2,970000,{'interleave': 'random'},0.97
shared,4,thrashing,NRU,GlobalAllocation,960,2,958600,{'interleave': 'random'},0.9586
shared,5,thrashing,NRU,GlobalAllocation,960,2,1000600,{'interleave': 'random'},1.0006
shared,6,thrashing,NRU,GlobalAllocation,960,2,883100,{'interleave': 'random'},0.8831
shared,7,thrashing,NRU,GlobalAllocation,960,2,1034300,{'interleave': 'random'},1.0343
shared_total,,thrashing,NRU,GlobalAllocation,960,3,8908700,{'interleave': 'random'},8.9087
shared,0,thrashing,NRU,GlobalAllocation,960,3,870700,{'interleave': 'random'},0.8707
shared,1,thrashing,NRU,GlobalAllocation,960,3,1067600,{'interleave': 'random'},1.0676
shared,2,thrashing,NRU,GlobalAllocation,960,3,940800,{'interleave': 'random'},0.9408
shared,3,thrashing,NRU,GlobalAllocation,960,3,945900,{'interleave': 'random'},0.9459
shared,4,thrashing,NRU,GlobalAllocation,960,3,997200,{'interleave': 'random'},0.9972
shared,5,thrashing,NRU,GlobalAllocation,960,3,912300,{'interleave': 'random'},0.9123
shared,6,thrashing,NRU,GlobalAllocation,960,3,927400,{'interleave': 'random'},0.9274
shared,7,thrashing,NRU,GlobalAllocation,960,3,905500,{'interleave': 'random'},0.9055
shared_total,,thrashing,NRU,GlobalAllocation,960,4,8938300,{'interleave': 'random'},8.9383
shared,0,thrashing,NRU,GlobalAllocation,960,4,854900,{'interleave': 'random'},0.8549
shared,1,thrashing,NRU,GlobalAllocation,960,4,997700,{'interleave': 'random'},0.9977
shared,2,thrashing,NRU,GlobalAllocation,960,4,920000,{'interleave': 'random'},0.92
shared,3,thrashing,NRU,GlobalAllocation,960,4,965500,{'interleave': 'random'},0.9655
shared,4,thrashing,NRU,GlobalAllocation,960,4,918700,{'interleave': 'random'},0.9187
shared,5,thrashing,NRU,GlobalAllocation,960,4,1053700,{'interleave': 'random'},1.0537
shared,6,thrashing,NRU,GlobalAllocation,960,4,903800,{'interleave': 'random'},0.9038
shared,7,thrashing,NRU,GlobalAllocation,960,4,977500,{'interleave': 'random'},0.9775
shared_total,,thrashing,NRU,GlobalAllocation,960,5,8965400,{'interleave': 'random'},8.9654
shared,0,thrashing,NRU,GlobalAllocation,960,5,998500,{'interleave': 'random'},0.9985
shared,1,thrashing,NRU,GlobalAllocation,960,5,989100,{'interleave': 'random'},0.9891
shared,2,thrashing,NRU,GlobalAllocation,960,5,936800,{'interleave': 'random'},0.9368
shared,3,thrashing,NRU,GlobalAllocation,960,5,976600,{'interleave': 'random'},0.9766
shared,4,thrashing,NRU,GlobalAllocation,960,5,932300,{'interleave': 'random'},0.9323
shared,5,thrashing,NRU,GlobalAllocation,960,5,904400,{'interleave': 'random'},0.9044
shared,6,thrashing,NRU,GlobalAllocation,960,5,941200,{'interleave': 'random'},0.9412
shared,7,thrashing,NRU,GlobalAllocation,960,5,956700,{'interleave': 'random'},0.9567
shared_total,,thrashing,NRU,GlobalAllocation,960,6,8998000,{'interleave': 'random'},8.998
shared,0,thrashing,NRU,GlobalAllocation,960,6,1011800,{'interleave': 'random'},1.0118
shared,1,thrashing,NRU,GlobalAllocation,960,6,900700,{'interleave': 'random'},0.9007
shared,2,thrashing,NRU,GlobalAllocation,960,6,955600,{'interleave': 'random'},0.9556
shared,3,thrashing,NRU,GlobalAllocation,960,6,891500,{'interleave': 'random'},0.8915
shared,4,thrashing,NRU,GlobalAllocation,960,6,1005300,{'interleave': 'random'},1.0053
shared,5,thrashing,NRU,GlobalAllocation,960,6,975100,{'interleave': 'random'},0.9751
shared,6,thrashing,NRU,GlobalAllocation,960,6,935900,{'interleave': 'random'},0.9359
shared,7,thrashing,NRU,GlobalAllocation,960,6,968900,{'interleave': 'random'},0.9689
shared_total,,thrashing,NRU,GlobalAllocation,960,7,9547000,{'interleave': 'random'},9.547
shared,0,thrashing,NRU,GlobalAllocation,960,7,926900,{'interleave': 'random'},0.9269
shared,1,thrashing,NRU,GlobalAllocation,960,7,991300,{'interleave': 'random'},0.9913
shared,2,thrashing,NRU,GlobalAllocation,960,7,1027300,{'interleave': 'random'},1.0273
shared,3,thrashing,NRU,GlobalAllocation,960,7,965300,{'interleave': 'random'},0.9653
shared,4,thrashing,NRU,GlobalAllocation,960,7,1011400,{'interleave': 'random'},1.0114
shared,5,thrashing,NRU,GlobalAllocation,960,7,1059700,{'interleave': 'random'},1.0597
shared,6,thrashing,NRU,GlobalAllocation,960,7,1080100,{'interleave': 'random'},1.0801
shared,7,thrashing,NRU,GlobalAllocation,960,7,1007800,{'interleave': 'random'},1.0078
shared_total,,thrashing,NRU,GlobalAllocation,960,8,8996800,{'interleave': 'random'},8.9968
shared,0,thrashing,NRU,GlobalAllocation,960,8,885900,{'interleave': 'random'},0.8859
shared,1,thrashing,NRU,GlobalAllocation,960,8,997500,{'interleave': 'random'},0.9975
shared,2,thrashing,NRU,GlobalAllocation,960,8,834300,{'interleave': 'random'},0.8343
shared,3,thrashing,NRU,GlobalAllocation,960,8,1019700,{'interleave': 'random'},1.0197
shared,4,thrashing,NRU,GlobalAllocation,960,8,998300,{'interleave': 'random'},0.9983
shared,5,thrashing,NRU,GlobalAllocation,960,8,927100,{'interleave': 'random'},0.9271
shared,6,thrashing,NRU,GlobalAllocation,960,8,976100,{'interleave': 'random'},0.9761
shared,7,thrashing,NRU,GlobalAllocation,960,8,1011700,{'interleave': 'random'},1.0117
shared_total,,thrashing,NRU,GlobalAllocation,960,9,9103900,{'interleave': 'random'},9.1039
shared,0,thrashing,NRU,GlobalAllocation,960,9,952900,{'interleave': 'random'},0.9529
shared,1,thrashing,NRU,GlobalAllocation,960,9,908300,{'interleave': 'random'},0.9083
shared,2,thrashing,NRU,GlobalAllocation,960,9,977100,{'interleave': 'random'},0.9771
shared,3,thrashing,NRU,GlobalAllocation,960,9,868600,{'interleave': 'random'},0.8686
shared,4,thrashing,NRU,GlobalAllocation,960,9,989300,{'interleave': 'random'},0.9893
shared,5,thrashing,NRU,GlobalAllocation,960,9,973800,{'interleave': 'random'},0.9738
shared,6,thrashing,NRU,GlobalAllocation,960,9,1047500,{'interleave': 'random'},1.0475
shared,7,thrashing,NRU,GlobalAllocation,960,9,1021200,{'interleave': 'random'},1.0212
shared_total,,thrashing,NRU,LocalAllocation,960,0,40725100,{'interleave': 'random'},40.7251
shared,0,thrashing,NRU,LocalAllocation,960,0,549100,{'interleave': 'random'},0.5491
shared,1,thrashing,NRU,LocalAllocation,960,0,541500,{'interleave': 'random'},0.5415
shared,2,thrashing,NRU,LocalAllocation,960,0,540900,{'interleave': 'random'},0.5409
shared,3,thrashing,NRU,LocalAllocation,960,0,6283200,{'interleave': 'random'},6.2832
shared,4,thrashing,NRU,LocalAllocation,960,0,8547400,{'interleave': 'random'},8.5474
shared,5,thrashing,NRU,LocalAllocation,960,0,10115600,{'interleave': 'random'},10.1156
shared,6,thrashing,NRU,LocalAllocation,960,0,523900,{'interleave': 'random'},0.5239
shared,7,thrashing,NRU,LocalAllocation,960,0,12103700,{'interleave': 'random'},12.1037
shared_total,,thrashing,NRU,LocalAllocation,960,1,40623100,{'interleave': 'random'},40.6231
shared,0,thrashing,NRU,LocalAllocation,960,1,527600,{'interleave': 'random'},0.5276
shared,1,thrashing,NRU,LocalAllocation,960,1,532100,{'interleave': 'random'},0.5321
shared,2,thrashing,NRU,LocalAllocation,960,1,537700,{'interleave': 'random'},0.5377
shared,3,thrashing,NRU,LocalAllocation,960,1,6316100,{'interleave': 'random'},6.3161
shared,4,thrashing,NRU,LocalAllocation,960,1,8519200,{'interleave': 'random'},8.5192
shared,5,thrashing,NRU,LocalAllocation,960,1,10170500,{'interleave': 'random'},10.1705
shared,6,thrashing,NRU,LocalAllocation,960,1,513700,{'interleave': 'random'},0.5137
shared,7,thrashing,NRU,LocalAllocation,960,1,12030000,{'interleave': 'random'},12.03
shared_total,,thrashing,NRU,LocalAllocation,960,2,40524800,{'interleave': 'random'},40.5248
shared,0,thrashing,NRU,LocalAllocation,960,2,533800,{'interleave': 'random'},0.5338
shared,1,thrashing,NRU,LocalAllocation,960,2,534500,{'interleave': 'random'},0.5345
shared,2,thrashing,NRU,LocalAllocation,960,2,548700,{'interleave': 'random'},0.5487
shared,3,thrashing,NRU,LocalAllocation,960,2,6258800,{'interleave': 'random'},6.2588
shared,4,thrashing,NRU,LocalAllocation,960,2,8740000,{'interleave': 'random'},8.74
shared,5,thrashing,NRU,LocalAllocation,960,2,10083800,{'interleave': 'random'},10.0838
shared,6,thrashing,NRU,LocalAllocation,960,2,512200,{'interleave': 'random'},0.5122
shared,7,thrashing,NRU,LocalAllocation,960,2,11850100,{'interleave': 'random'},11.8501
shared_total,,thrashing,NRU,LocalAllocation,960,3,40367800,{'interleave': 'random'},40.3678
shared,0,thrashing,NRU,LocalAllocation,960,3,543900,{'interleave': 'random'},0.5439
shared,1,thrashing,NRU,LocalAllocation,960,3,541800,{'interleave': 'random'},0.5418
shared,2,thrashing,NRU,LocalAllocation,960,3,544400,{'interleave': 'random'},0.5444
shared,3,thrashing,NRU,LocalAllocation,960,3,6435300,{'interleave': 'random'},6.4353
shared,4,thrashing,NRU,LocalAllocation,960,3,8401000,{'interleave': 'random'},8.401
shared,5,thrashing,NRU,LocalAllocation,960,3,9958100,{'interleave': 'random'},9.9581
shared,6,thrashing,NRU,LocalAllocation,960,3,520400,{'interleave': 'random'},0.5204
shared,7,thrashing,NRU,LocalAllocation,960,3,11966500,{'interleave': 'random'},11.9665
shared_total,,thrashing,NRU,LocalAllocation,960,4,40678200,{'interleave': 'random'},40.6782
shared,0,thrashing,NRU,LocalAllocation,960,4,544900,{'interleave': 'random'},0.5449
shared,1,thrashing,NRU,LocalAllocation,960,4,543000,{'interleave': 'random'},0.543
shared,2,thrashing,NRU,LocalAllocation,960,4,553300,{'interleave': 'random'},0.5533
shared,3,thrashing,NRU,LocalAllocation,960,4,6414000,{'interleave': 'random'},6.414
shared,4,thrashing,NRU,LocalAllocation,960,4,8568600,{'interleave': 'random'},8.5686
shared,5,thrashing,NRU,LocalAllocation,960,4,9978000,{'interleave': 'random'},9.978
shared,6,thrashing,NRU,LocalAllocation,960,4,525400,{'interleave': 'random'},0.5254
shared,7,thrashing,NRU,LocalAllocation,960,4,12080700,{'interleave': 'random'},12.0807
shared_total,,thrashing,NRU,LocalAllocation,960,5,40623500,{'interleave': 'random'},40.6235
shared,0,thrashing,NRU,LocalAllocation,960,5,546200,{'interleave': 'random'},0.5462
shared,1,thrashing,NRU,LocalAllocation,960,5,554500,{'interleave': 'random'},0.5545
shared,2,thrashing,NRU,LocalAllocation,960,5,557000,{'interleave': 'random'},0.557
shared,3,thrashing,NRU,LocalAllocation,960,5,6346500,{'interleave': 'random'},6.3465
shared,4,thrashing,NRU,LocalAllocation,960,5,8475100,{'interleave': 'random'},8.4751
shared,5,thrashing,NRU,LocalAllocation,960,5,10064900,{'interleave': 'random'},10.0649
shared,6,thrashing,NRU,LocalAllocation,960,5,526500,{'interleave': 'random'},0.5265
shared,7,thrashing,NRU,LocalAllocation,960,5,12091300,{'interleave': 'random'},12.0913
shared_total,,thrashing,NRU,LocalAllocation,960,6,40453300,{'interleave': 'random'},40.4533
shared,0,thrashing,NRU,LocalAllocation,960,6,544700,{'interleave': 'random'},0.5447
shared,1,thrashing,NRU,LocalAllocation,960,6,544400,{'interleave': 'random'},0.5444
shared,2,thrashing,NRU,LocalAllocation,960,6,553300,{'interleave': 'random'},0.5533
shared,3,thrashing,NRU,LocalAllocation,960,6,6069100,{'interleave': 'random'},6.0691
shared,4,thrashing,NRU,LocalAllocation,960,6,8676300,{'interleave': 'random'},8.6763
shared,5,thrashing,NRU,LocalAllocation,960,6,9948800,{'interleave': 'random'},9.9488
shared,6,thrashing,NRU,LocalAllocation,960,6,525900,{'interleave': 'random'},0.5259
shared,7,thrashing,NRU,LocalAllocation,960,6,12093800,{'interleave': 'random'},12.0938
shared_total,,thrashing,NRU,LocalAllocation,960,7,40802000,{'interleave': 'random'},40.802
shared,0,thrashing,NRU,LocalAllocation,960,7,535700,{'interleave': 'random'},0.5357
shared,1,thrashing,NRU,LocalAllocation,960,7,542900,{'interleave': 'random'},0.5429
shared,2,thrashing,NRU,LocalAllocation,960,7,546900,{'interleave': 'random'},0.5469
shared,3,thrashing,NRU,LocalAllocation,960,7,6504000,{'interleave': 'random'},6.504
shared,4,thrashing,NRU,LocalAllocation,960,7,8524900,{'interleave': 'random'},8.5249
shared,5,thrashing,NRU,LocalAllocation,960,7,10091600,{'interleave': 'random'},10.0916
shared,6,thrashing,NRU,LocalAllocation,960,7,515800,{'interleave': 'random'},0.5158
shared,7,thrashing,NRU,LocalAllocation,960,7,12056300,{'interleave': 'random'},12.0563
shared_total,,thrashing,NRU,LocalAllocation,960,8,40467900,{'interleave': 'random'},40.4679
shared,0,thrashing,NRU,LocalAllocation,960,8,536400,{'interleave': 'random'},0.5364
shared,1,thrashing,NRU,LocalAllocation,960,8,537800,{'interleave': 'random'},0.5378
shared,2,thrashing,NRU,LocalAllocation,960,8,546300,{'interleave': 'random'},0.5463
shared,3,thrashing,NRU,LocalAllocation,960,8,6267700,{'interleave': 'random'},6.2677
shared,4,thrashing,NRU,LocalAllocation,960,8,8531500,{'interleave': 'random'},8.5315
shared,5,thrashing,NRU,LocalAllocation,960,8,9905400,{'interleave': 'random'},9.9054
shared,6,thrashing,NRU,LocalAllocation,960,8,513900,{'interleave': 'random'},0.5139
shared,7,thrashing,NRU,LocalAllocation,960,8,12139500,{'interleave': 'random'},12.1395
shared_total,,thrashing,NRU,LocalAllocation,960,9,53239500,{'interleave': 'random'},53.2395
shared,0,thrashing,NRU,LocalAllocation,960,9,720500,{'interleave': 'random'},0.7205
shared,1,thrashing,NRU,LocalAllocation,960,9,720600,{'interleave': 'random'},0.7206
shared,2,thrashing,NRU,LocalAllocation,960,9,704600,{'interleave': 'random'},0.7046
shared,3,thrashing,NRU,LocalAllocation,960,9,8495900,{'interleave': 'random'},8.4959
shared,4,thrashing,NRU,LocalAllocation,960,9,10603200,{'interleave': 'random'},10.6032
shared,5,thrashing,NRU,LocalAllocation,960,9,14711500,{'interleave': 'random'},14.7115
shared,6,thrashing,NRU,LocalAllocation,960,9,657600,{'interleave': 'random'},0.6576
shared,7,thrashing,NRU,LocalAllocation,960,9,14570300,{'interleave': 'random'},14.5703
shared_total,,thrashing,NRU,ProportionalAllocation,960,0,5315700,{'interleave': 'random'},5.3157
shared,0,thrashing,NRU,ProportionalAllocation,960,0,482400,{'interleave': 'random'},0.4824
shared,1,thrashing,NRU,ProportionalAllocation,960,0,489000,{'interleave': 'random'},0.489
shared,2,thrashing,NRU,ProportionalAllocation,960,0,492400,{'interleave': 'random'},0.4924
shared,3,thrashing,NRU,ProportionalAllocation,960,0,498200,{'interleave': 'random'},0.4982
shared,4,thrashing,NRU,ProportionalAllocation,960,0,502800,{'interleave': 'random'},0.5028
shared,5,thrashing,NRU,ProportionalAllocation,960,0,510900,{'interleave': 'random'},0.5109
shared,6,thrashing,NRU,ProportionalAllocation,960,0,468800,{'interleave': 'random'},0.4688
shared,7,thrashing,NRU,ProportionalAllocation,960,0,524400,{'interleave': 'random'},0.5244
shared_total,,thrashing,NRU,ProportionalAllocation,960,1,5347300,{'interleave': 'random'},5.3473
shared,0,thrashing,NRU,ProportionalAllocation,960,1,491300,{'interleave': 'random'},0.4913
shared,1,thrashing,NRU,ProportionalAllocation,960,1,494000,{'interleave': 'random'},0.494
shared,2,thrashing,NRU,ProportionalAllocation,960,1,502100,{'interleave': 'random'},0.5021
shared,3,thrashing,NRU,ProportionalAllocation,960,1,506100,{'interleave': 'random'},0.5061
shared,4,thrashing,NRU,ProportionalAllocation,960,1,513000,{'interleave': 'random'},0.513
shared,5,thrashing,NRU,ProportionalAllocation,960,1,515100,{'interleave': 'random'},0.5151
shared,6,thrashing,NRU,ProportionalAllocation,960,1,477900,{'interleave': 'random'},0.4779
shared,7,thrashing,NRU,ProportionalAllocation,960,1,529000,{'interleave': 'random'},0.529
shared_total,,thrashing,NRU,ProportionalAllocation,960,2,5409900,{'interleave': 'random'},5.4099
shared,0,thrashing,NRU,ProportionalAllocation,960,2,493500,{'interleave': 'random'},0.4935
shared,1,thrashing,NRU,ProportionalAllocation,960,2,501100,{'interleave': 'random'},0.5011
shared,2,thrashing,NRU,ProportionalAllocation,960,2,508100,{'interleave': 'random'},0.5081
shared,3,thrashing,NRU,ProportionalAllocation,960,2,513000,{'interleave': 'random'},0.513
shared,4,thrashing,NRU,ProportionalAllocation,960,2,515300,{'interleave': 'random'},0.5153
shared,5,thrashing,NRU,ProportionalAllocation,960,2,516300,{'interleave': 'random'},0.5163
shared,6,thrashing,NRU,ProportionalAllocation,960,2,483700,{'interleave': 'random'},0.4837
shared,7,thrashing,NRU,ProportionalAllocation,960,2,531800,{'interleave': 'random'},0.5318
shared_total,,thrashing,NRU,ProportionalAllocation,960,3,5350800,{'interleave': 'random'},5.3508
shared,0,thrashing,NRU,ProportionalAllocation,960,3,491500,{'interleave': 'random'},0.4915
shared,1,thrashing,NRU,ProportionalAllocation,960,3,493300,{'interleave': 'random'},0.4933
shared,2,thrashing,NRU,ProportionalAllocation,960,3,501600,{'interleave': 'random'},0.5016
shared,3,thrashing,NRU,ProportionalAllocation,960,3,506700,{'interleave': 'random'},0.5067
shared,4,thrashing,NRU,ProportionalAllocation,960,3,512300,{'interleave': 'random'},0.5123
shared,5,thrashing,NRU,ProportionalAllocation,960,3,514100,{'interleave': 'random'},0.5141
shared,6,thrashing,NRU,ProportionalAllocation,960,3,478800,{'interleave': 'random'},0.4788
shared,7,thrashing,NRU,ProportionalAllocation,960,3,530700,{'interleave': 'random'},0.5307
shared_total,,thrashing,NRU,ProportionalAllocation,960,4,5379100,{'interleave': 'random'},5.3791
shared,0,thrashing,NRU,ProportionalAllocation,960,4,487100,{'interleave': 'random'},0.4871
shared,1,thrashing,NRU,ProportionalAllocation,960,4,493100,{'interleave': 'random'},0.4931
shared,2,thrashing,NRU,ProportionalAllocation,960,4,495700,{'interleave': 'random'},0.4957
shared,3,thrashing,NRU,ProportionalAllocation,960,4,504000,{'interleave': 'random'},0.504
shared,4,thrashing,NRU,ProportionalAllocation,960,4,507600,{'interleave': 'random'},0.5076
shared,5,thrashing,NRU,ProportionalAllocation,960,4,515400,{'interleave': 'random'},0.5154
shared,6,thrashing,NRU,ProportionalAllocation,960,4,476700,{'interleave': 'random'},0.4767
shared,7,thrashing,NRU,ProportionalAllocation,960,4,533700,{'interleave': 'random'},0.5337
shared_total,,thrashing,NRU,ProportionalAllocation,960,5,5341000,{'interleave': 'random'},5.341
shared,0,thrashing,NRU,ProportionalAllocation,960,5,493000,{'interleave': 'random'},0.493
shared,1,thrashing,NRU,ProportionalAllocation,960,5,495400,{'interleave': 'random'},0.4954
shared,2,thrashing,NRU,ProportionalAllocation,960,5,504500,{'interleave': 'random'},0.5045
shared,3,thrashing,NRU,ProportionalAllocation,960,5,503300,{'interleave': 'random'},0.5033
shared,4,thrashing,NRU,ProportionalAllocation,960,5,511300,{'interleave': 'random'},0.5113
shared,5,thrashing,NRU,ProportionalAllocation,960,5,514200,{'interleave': 'random'},0.5142
shared,6,thrashing,NRU,ProportionalAllocation,960,5,477100,{'interleave': 'random'},0.4771
shared,7,thrashing,NRU,ProportionalAllocation,960,5,531000,{'interleave': 'random'},0.531
shared_total,,thrashing,NRU,ProportionalAllocation,960,6,5385600,{'interleave': 'random'},5.3856
shared,0,thrashing,NRU,ProportionalAllocation,960,6,489900,{'interleave': 'random'},0.4899
shared,1,thrashing,NRU,ProportionalAllocation,960,6,500000,{'interleave': 'random'},0.5
shared,2,thrashing,NRU,ProportionalAllocation,960,6,506000,{'interleave': 'random'},0.506
shared,3,thrashing,NRU,ProportionalAllocation,960,6,505900,{'interleave': 'random'},0.5059
shared,4,thrashing,NRU,ProportionalAllocation,960,6,511700,{'interleave': 'random'},0.5117
shared,5,thrashing,NRU,ProportionalAllocation,960,6,518200,{'interleave': 'random'},0.5182
shared,6,thrashing,NRU,ProportionalAllocation,960,6,483300,{'interleave': 'random'},0.4833
shared,7,thrashing,NRU,ProportionalAllocation,960,6,540800,{'interleave': 'random'},0.5408
shared_total,,thrashing,NRU,ProportionalAllocation,960,7,10911300,{'interleave': 'random'},10.9113
shared,0,thrashing,NRU,ProportionalAllocation,960,7,978800,{'interleave': 'random'},0.9788
shared,1,thrashing,NRU,ProportionalAllocation,960,7,996200,{'interleave': 'random'},0.9962
shared,2,thrashing,NRU,ProportionalAllocation,960,7,1004400,{'interleave': 'random'},1.0044
shared,3,thrashing,NRU,ProportionalAllocation,960,7,1022800,{'interleave': 'random'},1.0228
shared,4,thrashing,NRU,ProportionalAllocation,960,7,1140100,{'interleave': 'random'},1.1401
shared,5,thrashing,NRU,ProportionalAllocation,960,7,1051900,{'interleave': 'random'},1.0519
shared,6,thrashing,NRU,ProportionalAllocation,960,7,928100,{'interleave': 'random'},0.9281
shared,7,thrashing,NRU,ProportionalAllocation,960,7,1053500,{'interleave': 'random'},1.0535
shared_total,,thrashing,NRU,ProportionalAllocation,960,8,5353300,{'interleave': 'random'},5.3533
shared,0,thrashing,NRU,ProportionalAllocation,960,8,489500,{'interleave': 'random'},0.4895
shared,1,thrashing,NRU,ProportionalAllocation,960,8,498000,{'interleave': 'random'},0.498
shared,2,thrashing,NRU,ProportionalAllocation,960,8,504400,{'interleave': 'random'},0.5044
shared,3,thrashing,NRU,ProportionalAllocation,960,8,509800,{'interleave': 'random'},0.5098
shared,4,thrashing,NRU,ProportionalAllocation,960,8,513300,{'interleave': 'random'},0.5133
shared,5,thrashing,NRU,ProportionalAllocation,960,8,516500,{'interleave': 'random'},0.5165
shared,6,thrashing,NRU,ProportionalAllocation,960,8,480000,{'interleave': 'random'},0.48
shared,7,thrashing,NRU,ProportionalAllocation,960,8,531300,{'interleave': 'random'},0.5313
shared_total,,thrashing,NRU,ProportionalAllocation,960,9,5281300,{'interleave': 'random'},5.2813
shared,0,thrashing,NRU,ProportionalAllocation,960,9,482000,{'interleave': 'random'},0.482
shared,1,thrashing,NRU,ProportionalAllocation,960,9,482500,{'interleave': 'random'},0.4825
shared,2,thrashing,NRU,ProportionalAllocation,960,9,487900,{'interleave': 'random'},0.4879
shared,3,thrashing,NRU,ProportionalAllocation,960,9,496400,{'interleave': 'random'},0.4964
shared,4,thrashing,NRU,ProportionalAllocation,960,9,502100,{'interleave': 'random'},0.5021
shared,5,thrashing,NRU,ProportionalAllocation,960,9,507300,{'interleave': 'random'},0.5073
shared,6,thrashing,NRU,ProportionalAllocation,960,9,471400,{'interleave': 'random'},0.4714
shared,7,thrashing,NRU,ProportionalAllocation,960,9,516500,{'interleave': 'random'},0.5165
shared_total,,thrashing,SecondChance,GlobalAllocation,960,0,10775800,{'interleave': 'random'},10.7758
shared,0,thrashing,SecondChance,GlobalAllocation,960,0,851600,{'interleave': 'random'},0.8516
shared,1,thrashing,SecondChance,GlobalAllocation,960,0,1074700,{'interleave': 'random'},1.0747
shared,2,thrashing,SecondChance,GlobalAllocation,960,0,1241000,{'interleave': 'random'},1.241
shared,3,thrashing,SecondChance,GlobalAllocation,960,0,1227800,{'interleave': 'random'},1.2278
shared,4,thrashing,SecondChance,GlobalAllocation,960,0,1373300,{'interleave': 'random'},1.3733
shared,5,thrashing,SecondChance,GlobalAllocation,960,0,1365500,{'interleave': 'random'},1.3655
shared,6,thrashing,SecondChance,GlobalAllocation,960,0,691300,{'interleave': 'random'},0.6913
shared,7,thrashing,SecondChance,GlobalAllocation,960,0,1604100,{'interleave': 'random'},1.6041
shared_total,,thrashing,SecondChance,GlobalAllocation,960,1,10600400,{'interleave': 'random'},10.6004
shared,0,thrashing,SecondChance,GlobalAllocation,960,1,835700,{'interleave': 'random'},0.8357
shared,1,thrashing,SecondChance,GlobalAllocation,960,1,1070800,{'interleave': 'random'},1.0708
shared,2,thrashing,SecondChance,GlobalAllocation,960,1,1110900,{'interleave': 'random'},1.1109
shared,3,thrashing,SecondChance,GlobalAllocation,960,1,1241200,{'interleave': 'random'},1.2412
shared,4,thrashing,SecondChance,GlobalAllocation,960,1,1327000,{'interleave': 'random'},1.327
shared,5,thrashing,SecondChance,GlobalAllocation,960,1,1373200,{'interleave': 'random'},1.3732
shared,6,thrashing,SecondChance,GlobalAllocation,960,1,685700,{'interleave': 'random'},0.6857
shared,7,thrashing,SecondChance,GlobalAllocation,960,1,1606300,{'interleave': 'random'},1.6063
shared_total,,thrashing,SecondChance,GlobalAllocation,960,2,11166000,{'interleave': 'random'},11.166
shared,0,thrashing,SecondChance,GlobalAllocation,960,2,835700,{'interleave': 'random'},0.8357
shared,1,thrashing,SecondChance,GlobalAllocation,960,2,1101400,{'interleave': 'random'},1.1014
shared,2,thrashing,SecondChance,GlobalAllocation,960,2,1127200,{'interleave': 'random'},1.1272
shared,3,thrashing,SecondChance,GlobalAllocation,960,2,1287700,{'interleave': 'random'},1.2877
shared,4,thrashing,SecondChance,GlobalAllocation,960,2,1419600,{'interleave': 'random'},1.4196
shared,5,thrashing,SecondChance,GlobalAllocation,960,2,1537600,{'interleave': 'random'},1.5376
shared,6,thrashing,SecondChance,GlobalAllocation,960,2,687600,{'interleave': 'random'},0.6876
shared,7,thrashing,SecondChance,GlobalAllocation,960,2,1673400,{'interleave': 'random'},1.6734
shared_total,,thrashing,SecondChance,GlobalAllocation,960,3,12496100,{'interleave': 'random'},12.4961
shared,0,thrashing,SecondChance,GlobalAllocation,960,3,1054200,{'interleave': 'random'},1.0542
shared,1,thrashing,SecondChance,GlobalAllocation,960,3,1223600,{'interleave': 'random'},1.2236
shared,2,thrashing,SecondChance,GlobalAllocation,960,3,1345400,{'interleave': 'random'},1.3454
shared,3,thrashing,SecondChance,GlobalAllocation,960,3,1434100,{'interleave': 'random'},1.4341
shared,4,thrashing,SecondChance,GlobalAllocation,960,3,1496300,{'interleave': 'random'},1.4963
shared,5,thrashing,SecondChance,GlobalAllocation,960,3,1545000,{'interleave': 'random'},1.545
shared,6,thrashing,SecondChance,GlobalAllocation,960,3,884300,{'interleave': 'random'},0.8843
shared,7,thrashing,SecondChance,GlobalAllocation,960,3,1748100,{'interleave': 'random'},1.7481
shared_total,,thrashing,SecondChance,GlobalAllocation,960,4,10723500,{'interleave': 'random'},10.7235
shared,0,thrashing,SecondChance,GlobalAllocation,960,4,827700,{'interleave': 'random'},0.8277
shared,1,thrashing,SecondChance,GlobalAllocation,960,4,1087800,{'interleave': 'random'},1.0878
shared,2,thrashing,SecondChance,GlobalAllocation,960,4,1148000,{'interleave': 'random'},1.148
shared,3,thrashing,SecondChance,GlobalAllocation,960,4,1250600,{'interleave': 'random'},1.2506
shared,4,thrashing,SecondChance,GlobalAllocation,960,4,1283100,{'interleave': 'random'},1.2831
shared,5,thrashing,SecondChance,GlobalAllocation,960,4,1418300,{'interleave': 'random'},1.4183
shared,6,thrashing,SecondChance,GlobalAllocation,960,4,681200,{'interleave': 'random'},0.6812
shared,7,thrashing,SecondChance,GlobalAllocation,960,4,1657200,{'interleave': 'random'},1.6572
shared_total,,thrashing,SecondChance,GlobalAllocation,960,5,10614400,{'interleave': 'random'},10.6144
shared,0,thrashing,SecondChance,GlobalAllocation,960,5,821400,{'interleave': 'random'},0.8214
shared,1,thrashing,SecondChance,GlobalAllocation,960,5,1063700,{'interleave': 'random'},1.0637
shared,2,thrashing,SecondChance,GlobalAllocation,960,5,1112300,{'interleave': 'random'},1.1123
shared,3,thrashing,SecondChance,GlobalAllocation,960,5,1251100,{'interleave': 'random'},1.2511
shared,4,thrashing,SecondChance,GlobalAllocation,960,5,1289500,{'interleave': 'random'},1.2895
shared,5,thrashing,SecondChance,GlobalAllocation,960,5,1430400,{'interleave': 'random'},1.4304
shared,6,thrashing,SecondChance,GlobalAllocation,960,5,685000,{'interleave': 'random'},0.685
shared,7,thrashing,SecondChance,GlobalAllocation,960,5,1619100,{'interleave': 'random'},1.6191
shared_total,,thrashing,SecondChance,GlobalAllocation,960,6,10653200,{'interleave': 'random'},10.6532
shared,0,thrashing,SecondChance,GlobalAllocation,960,6,901300,{'interleave': 'random'},0.9013
shared,1,thrashing,SecondChance,GlobalAllocation,960,6,982400,{'interleave': 'random'},0.9824
shared,2,thrashing,SecondChance,GlobalAllocation,960,6,1166900,{'interleave': 'random'},1.1669
shared,3,thrashing,SecondChance,GlobalAllocation,960,6,1202300,{'interleave': 'random'},1.2023
shared,4,thrashing,SecondChance,GlobalAllocation,960,6,1329000,{'interleave': 'random'},1.329
shared,5,thrashing,SecondChance,GlobalAllocation,960,6,1389600,{'interleave': 'random'},1.3896
shared,6,thrashing,SecondChance,GlobalAllocation,960,6,672200,{'interleave': 'random'},0.6722
shared,7,thrashing,SecondChance,GlobalAllocation,960,6,1672000,{'interleave': 'random'},1.672
shared_total,,thrashing,SecondChance,GlobalAllocation,960,7,11190700,{'interleave': 'random'},11.1907
shared,0,thrashing,SecondChance,GlobalAllocation,960,7,899700,{'interleave': 'random'},0.8997
shared,1,thrashing,SecondChance,GlobalAllocation,960,7,1138900,{'interleave': 'random'},1.1389
shared,2,thrashing,SecondChance,GlobalAllocation,960,7,1125600,{'interleave': 'random'},1.1256
shared,3,thrashing,SecondChance,GlobalAllocation,960,7,1226500,{'interleave': 'random'},1.2265
shared,4,thrashing,SecondChance,GlobalAllocation,960,7,1388700,{'interleave': 'random'},1.3887
shared,5,thrashing,SecondChance,GlobalAllocation,960,7,1476800,{'interleave': 'random'},1.4768
shared,6,thrashing,SecondChance,GlobalAllocation,960,7,725400,{'interleave': 'random'},0.7254
shared,7,thrashing,SecondChance,GlobalAllocation,960,7,1755200,{'interleave': 'random'},1.7552
shared_total,,thrashing,SecondChance,GlobalAllocation,960,8,10626700,{'interleave': 'random'},10.6267
shared,0,thrashing,SecondChance,GlobalAllocation,960,8,897700,{'interleave': 'random'},0.8977
shared,1,thrashing,SecondChance,GlobalAllocation,960,8,1026300,{'interleave': 'random'},1.0263
shared,2,thrashing,SecondChance,GlobalAllocation,960,8,1079900,{'interleave': 'random'},1.0799
shared,3,thrashing,SecondChance,GlobalAllocation,960,8,1236100,{'interleave': 'random'},1.2361
shared,4,thrashing,SecondChance,GlobalAllocation,960,8,1346100,{'interleave': 'random'},1.3461
shared,5,thrashing,SecondChance,GlobalAllocation,960,8,1404300,{'interleave': 'random'},1.4043
shared,6,thrashing,SecondChance,GlobalAllocation,960,8,668700,{'interleave': 'random'},0.6687
shared,7,thrashing,SecondChance,GlobalAllocation,960,8,1637400,{'interleave': 'random'},1.6374
shared_total,,thrashing,SecondChance,GlobalAllocation,960,9,10596600,{'interleave': 'random'},10.5966
shared,0,thrashing,SecondChance,GlobalAllocation,960,9,911700,{'interleave': 'random'},0.9117
shared,1,thrashing,SecondChance,GlobalAllocation,960,9,1023800,{'interleave': 'random'},1.0238
shared,2,thrashing,SecondChance,GlobalAllocation,960,9,1160700,{'interleave': 'random'},1.1607
shared,3,thrashing,SecondChance,GlobalAllocation,960,9,1156700,{'interleave': 'random'},1.1567
shared,4,thrashing,SecondChance,GlobalAllocation,960,9,1278900,{'interleave': 'random'},1.2789
shared,5,thrashing,SecondChance,GlobalAllocation,960,9,1373200,{'interleave': 'random'},1.3732
shared,6,thrashing,SecondChance,GlobalAllocation,960,9,690200,{'interleave': 'random'},0.6902
shared,7,thrashing,SecondChance,GlobalAllocation,960,9,1665700,{'interleave': 'random'},1.6657
shared_total,,thrashing,SecondChance,LocalAllocation,960,0,13164800,{'interleave': 'random'},13.1648
shared,0,thrashing,SecondChance,LocalAllocation,960,0,497600,{'interleave': 'random'},0.4976
shared,1,thrashing,SecondChance,LocalAllocation,960,0,501400,{'interleave': 'random'},0.5014
shared,2,thrashing,SecondChance,LocalAllocation,960,0,514200,{'interleave': 'random'},0.5142
shared,3,thrashing,SecondChance,LocalAllocation,960,0,2439100,{'interleave': 'random'},2.4391
shared,4,thrashing,SecondChance,LocalAllocation,960,0,2446100,{'interleave': 'random'},2.4461
shared,5,thrashing,SecondChance,LocalAllocation,960,0,2443700,{'interleave': 'random'},2.4437
shared,6,thrashing,SecondChance,LocalAllocation,960,0,442300,{'interleave': 'random'},0.4423
shared,7,thrashing,SecondChance,LocalAllocation,960,0,2437400,{'interleave': 'random'},2.4374
shared_total,,thrashing,SecondChance,LocalAllocation,960,1,24864800,{'interleave': 'random'},24.8648
shared,0,thrashing,SecondChance,LocalAllocation,960,1,969100,{'interleave': 'random'},0.9691
shared,1,thrashing,SecondChance,LocalAllocation,960,1,971900,{'interleave': 'random'},0.9719
shared,2,thrashing,SecondChance,LocalAllocation,960,1,993900,{'interleave': 'random'},0.9939
shared,3,thrashing,SecondChance,LocalAllocation,960,1,4513400,{'interleave': 'random'},4.5134
shared,4,thrashing,SecondChance,LocalAllocation,960,1,4444400,{'interleave': 'random'},4.4444
shared,5,thrashing,SecondChance,LocalAllocation,960,1,4631200,{'interleave': 'random'},4.6312
shared,6,thrashing,SecondChance,LocalAllocation,960,1,872300,{'interleave': 'random'},0.8723
shared,7,thrashing,SecondChance,LocalAllocation,960,1,4618100,{'interleave': 'random'},4.6181
shared_total,,thrashing,SecondChance,LocalAllocation,960,2,13177600,{'interleave': 'random'},13.1776
shared,0,thrashing,SecondChance,LocalAllocation,960,2,500200,{'interleave': 'random'},0.5002
shared,1,thrashing,SecondChance,LocalAllocation,960,2,504000,{'interleave': 'random'},0.504
shared,2,thrashing,SecondChance,LocalAllocation,960,2,517500,{'interleave': 'random'},0.5175
shared,3,thrashing,SecondChance,LocalAllocation,960,2,2452800,{'interleave': 'random'},2.4528
shared,4,thrashing,SecondChance,LocalAllocation,960,2,2435500,{'interleave': 'random'},2.4355
shared,5,thrashing,SecondChance,LocalAllocation,960,2,2454500,{'interleave': 'random'},2.4545
shared,6,thrashing,SecondChance,LocalAllocation,960,2,454100,{'interleave': 'random'},0.4541
shared,7,thrashing,SecondChance,LocalAllocation,960,2,2427400,{'interleave': 'random'},2.4274
shared_total,,thrashing,SecondChance,LocalAllocation,960,3,13210000,{'interleave': 'random'},13.21
shared,0,thrashing,SecondChance,LocalAllocation,960,3,493700,{'interleave': 'random'},0.4937
shared,1,thrashing,SecondChance,LocalAllocation,960,3,509900,{'interleave': 'random'},0.5099
shared,2,thrashing,SecondChance,LocalAllocation,960,3,514200,{'interleave': 'random'},0.5142
shared,3,thrashing,SecondChance,LocalAllocation,960,3,2448400,{'interleave': 'random'},2.4484
shared,4,thrashing,SecondChance,LocalAllocation,960,3,2448200,{'interleave': 'random'},2.4482
shared,5,thrashing,SecondChance,LocalAllocation,960,3,2450900,{'interleave': 'random'},2.4509
shared,6,thrashing,SecondChance,LocalAllocation,960,3,451800,{'interleave': 'random'},0.4518
shared,7,thrashing,SecondChance,LocalAllocation,960,3,2474500,{'interleave': 'random'},2.4745
shared_total,,thrashing,SecondChance,LocalAllocation,960,4,13188900,{'interleave': 'random'},13.1889
shared,0,thrashing,SecondChance,LocalAllocation,960,4,487400,{'interleave': 'random'},0.4874
shared,1,thrashing,SecondChance,LocalAllocation,960,4,502100,{'interleave': 'random'},0.5021
shared,2,thrashing,SecondChance,LocalAllocation,960,4,504400,{'interleave': 'random'},0.5044
shared,3,thrashing,SecondChance,LocalAllocation,960,4,2451300,{'interleave': 'random'},2.4513
shared,4,thrashing,SecondChance,LocalAllocation,960,4,2547100,{'interleave': 'random'},2.5471
shared,5,thrashing,SecondChance,LocalAllocation,960,4,2424600,{'interleave': 'random'},2.4246
shared,6,thrashing,SecondChance,LocalAllocation,960,4,447700,{'interleave': 'random'},0.4477
shared,7,thrashing,SecondChance,LocalAllocation,960,4,2423900,{'interleave': 'random'},2.4239
shared_total,,thrashing,SecondChance,LocalAllocation,960,5,13050500,{'interleave': 'random'},13.0505
shared,0,thrashing,SecondChance,LocalAllocation,960,5,485700,{'interleave': 'random'},0.4857
shared,1,thrashing,SecondChance,LocalAllocation,960,5,501000,{'interleave': 'random'},0.501
shared,2,thrashing,SecondChance,LocalAllocation,960,5,516900,{'interleave': 'random'},0.5169
shared,3,thrashing,SecondChance,LocalAllocation,960,5,2423900,{'interleave': 'random'},2.4239
shared,4,thrashing,SecondChance,LocalAllocation,960,5,2415700,{'interleave': 'random'},2.4157
shared,5,thrashing,SecondChance,LocalAllocation,960,5,2419400,{'interleave': 'random'},2.4194
shared,6,thrashing,SecondChance,LocalAllocation,960,5,443600,{'interleave': 'random'},0.4436
shared,7,thrashing,SecondChance,LocalAllocation,960,5,2425100,{'interleave': 'random'},2.4251
shared_total,,thrashing,SecondChance,LocalAllocation,960,6,13251700,{'interleave': 'random'},13.2517
shared,0,thrashing,SecondChance,LocalAllocation,960,6,518600,{'interleave': 'random'},0.5186
shared,1,thrashing,SecondChance,LocalAllocation,960,6,503100,{'interleave': 'random'},0.5031
shared,2,thrashing,SecondChance,LocalAllocation,960,6,513900,{'interleave': 'random'},0.5139
shared,3,thrashing,SecondChance,LocalAllocation,960,6,2461500,{'interleave': 'random'},2.4615
shared,4,thrashing,SecondChance,LocalAllocation,960,6,2465200,{'interleave': 'random'},2.4652
shared,5,thrashing,SecondChance,LocalAllocation,960,6,2449000,{'interleave': 'random'},2.449
shared,6,thrashing,SecondChance,LocalAllocation,960,6,458700,{'interleave': 'random'},0.4587
shared,7,thrashing,SecondChance,LocalAllocation,960,6,2458200,{'interleave': 'random'},2.4582
shared_total,,thrashing,SecondChance,LocalAllocation,960,7,13257400,{'interleave': 'random'},13.2574
shared,0,thrashing,SecondChance,LocalAllocation,960,7,498200,{'interleave': 'random'},0.4982
shared,1,thrashing,SecondChance,LocalAllocation,960,7,511700,{'interleave': 'random'},0.5117
shared,2,thrashing,SecondChance,LocalAllocation,960,7,520500,{'interleave': 'random'},0.5205
shared,3,thrashing,SecondChance,LocalAllocation,960,7,2452800,{'interleave': 'random'},2.4528
shared,4,thrashing,SecondChance,LocalAllocation,960,7,2458000,{'interleave': 'random'},2.458
shared,5,thrashing,SecondChance,LocalAllocation,960,7,2453400,{'interleave': 'random'},2.4534
shared,6,thrashing,SecondChance,LocalAllocation,960,7,452900,{'interleave': 'random'},0.4529
shared,7,thrashing,SecondChance,LocalAllocation,960,7,2474800,{'interleave': 'random'},2.4748
shared_total,,thrashing,SecondChance,LocalAllocation,960,8,13051200,{'interleave': 'random'},13.0512
shared,0,thrashing,SecondChance,LocalAllocation,960,8,491100,{'interleave': 'random'},0.4911
shared,1,thrashing,SecondChance,LocalAllocation,960,8,499800,{'interleave': 'random'},0.4998
shared,2,thrashing,SecondChance,LocalAllocation,960,8,515200,{'interleave': 'random'},0.5152
shared,3,thrashing,SecondChance,LocalAllocation,960,8,2427100,{'interleave': 'random'},2.4271
shared,4,thrashing,SecondChance,LocalAllocation,960,8,2421300,{'interleave': 'random'},2.4213
shared,5,thrashing,SecondChance,LocalAllocation,960,8,2431800,{'interleave': 'random'},2.4318
shared,6,thrashing,SecondChance,LocalAllocation,960,8,452300,{'interleave': 'random'},0.4523
shared,7,thrashing,SecondChance,LocalAllocation,960,8,2434600,{'interleave': 'random'},2.4346
shared_total,,thrashing,SecondChance,LocalAllocation,960,9,15144300,{'interleave': 'random'},15.1443
shared,0,thrashing,SecondChance,LocalAllocation,960,9,561400,{'interleave': 'random'},0.5614
shared,1,thrashing,SecondChance,LocalAllocation,960,9,577900,{'interleave': 'random'},0.5779
shared,2,thrashing,SecondChance,LocalAllocation,960,9,587300,{'interleave': 'random'},0.5873
shared,3,thrashing,SecondChance,LocalAllocation,960,9,2858700,{'interleave': 'random'},2.8587
shared,4,thrashing,SecondChance,LocalAllocation,960,9,2816200,{'interleave': 'random'},2.8162
shared,5,thrashing,SecondChance,LocalAllocation,960,9,2801600,{'interleave': 'random'},2.8016
shared,6,thrashing,SecondChance,LocalAllocation,960,9,524500,{'interleave': 'random'},0.5245
shared,7,thrashing,SecondChance,LocalAllocation,960,9,2817100,{'interleave': 'random'},2.8171
shared_total,,thrashing,SecondChance,ProportionalAllocation,960,0,5142700,{'interleave': 'random'},5.1427
shared,0,thrashing,SecondChance,ProportionalAllocation,960,0,454700,{'interleave': 'random'},0.4547
shared,1,thrashing,SecondChance,ProportionalAllocation,960,0,458800,{'interleave': 'random'},0.4588
shared,2,thrashing,SecondChance,ProportionalAllocation,960,0,466500,{'interleave': 'random'},0.4665
shared,3,thrashing,SecondChance,ProportionalAllocation,960,0,487200,{'interleave': 'random'},0.4872
shared,4,thrashing,SecondChance,ProportionalAllocation,960,0,493500,{'interleave': 'random'},0.4935
shared,5,thrashing,SecondChance,ProportionalAllocation,960,0,505900,{'interleave': 'random'},0.5059
shared,6,thrashing,SecondChance,ProportionalAllocation,960,0,426500,{'interleave': 'random'},0.4265
shared,7,thrashing,SecondChance,ProportionalAllocation,960,0,542100,{'interleave': 'random'},0.5421
shared_total,,thrashing,SecondChance,ProportionalAllocation,960,1,5274500,{'interleave': 'random'},5.2745
shared,0,thrashing,SecondChance,ProportionalAllocation,960,1,465100,{'interleave': 'random'},0.4651
shared,1,thrashing,SecondChance,ProportionalAllocation,960,1,469900,{'interleave': 'random'},0.4699
shared,2,thrashing,SecondChance,ProportionalAllocation,960,1,479800,{'interleave': 'random'},0.4798
shared,3,thrashing,SecondChance,ProportionalAllocation,960,1,489200,{'interleave': 'random'},0.4892
shared,4,thrashing,SecondChance,ProportionalAllocation,960,1,508300,{'interleave': 'random'},0.5083
shared,5,thrashing,SecondChance,ProportionalAllocation,960,1,515200,{'interleave': 'random'},0.5152
shared,6,thrashing,SecondChance,ProportionalAllocation,960,1,441500,{'interleave': 'random'},0.4415
shared,7,thrashing,SecondChance,ProportionalAllocation,960,1,544400,{'interleave': 'random'},0.5444
shared_total,,thrashing,SecondChance,ProportionalAllocation,960,2,5155800,{'interleave': 'random'},5.1558
shared,0,thrashing,SecondChance,ProportionalAllocation,960,2,452600,{'interleave': 'random'},0.4526
shared,1,thrashing,SecondChance,ProportionalAllocation,960,2,462600,{'interleave': 'random'},0.4626
shared,2,thrashing,SecondChance,ProportionalAllocation,960,2,483200,{'interleave': 'random'},0.4832
shared,3,thrashing,SecondChance,ProportionalAllocation,960,2,484900,{'interleave': 'random'},0.4849
shared,4,thrashing,SecondChance,ProportionalAllocation,960,2,498700,{'interleave': 'random'},0.4987
shared,5,thrashing,SecondChance,ProportionalAllocation,960,2,509900,{'interleave': 'random'},0.5099
shared,6,thrashing,SecondChance,ProportionalAllocation,960,2,435600,{'interleave': 'random'},0.4356
shared,7,thrashing,SecondChance,ProportionalAllocation,960,2,540800,{'interleave': 'random'},0.5408
shared_total,,thrashing,SecondChance,ProportionalAllocation,960,3,5173500,{'interleave': 'random'},5.1735
shared,0,thrashing,SecondChance,ProportionalAllocation,960,3,447500,{'interleave': 'random'},0.4475
shared,1,thrashing,SecondChance,ProportionalAllocation,960,3,462800,{'interleave': 'random'},0.4628
shared,2,thrashing,SecondChance,ProportionalAllocation,960,3,475100,{'interleave': 'random'},0.4751
shared,3,thrashing,SecondChance,ProportionalAllocation,960,3,481500,{'interleave': 'random'},0.4815
shared,4,thrashing,SecondChance,ProportionalAllocation,960,3,496800,{'interleave': 'random'},0.4968
shared,5,thrashing,SecondChance,ProportionalAllocation,960,3,507900,{'interleave': 'random'},0.5079
shared,6,thrashing,SecondChance,ProportionalAllocation,960,3,436000,{'interleave': 'random'},0.436
shared,7,thrashing,SecondChance,ProportionalAllocation,960,3,539700,{'interleave': 'random'},0.5397
shared_total,,thrashing,SecondChance,ProportionalAllocation,960,4,5245000,{'interleave': 'random'},5.245
shared,0,thrashing,SecondChance,ProportionalAllocation,960,4,459300,{'interleave': 'random'},0.4593
shared,1,thrashing,SecondChance,ProportionalAllocation,960,4,463000,{'interleave': 'random'},0.463
shared,2,thrashing,SecondChance,ProportionalAllocation,960,4,479800,{'interleave': 'random'},0.4798
shared,3,thrashing,SecondChance,ProportionalAllocation,960,4,487000,{'interleave': 'random'},0.487
shared,4,thrashing,SecondChance,ProportionalAllocation,960,4,507900,{'interleave': 'random'},0.5079
shared,5,thrashing,SecondChance,ProportionalAllocation,960,4,523200,{'interleave': 'random'},0.5232
shared,6,thrashing,SecondChance,ProportionalAllocation,960,4,435500,{'interleave': 'random'},0.4355
shared,7,thrashing,SecondChance,ProportionalAllocation,960,4,549900,{'interleave': 'random'},0.5499
shared_total,,thrashing,SecondChance,ProportionalAllocation,960,5,5181700,{'interleave': 'random'},5.1817
shared,0,thrashing,SecondChance,ProportionalAllocation,960,5,455500,{'interleave': 'random'},0.4555
shared,1,thrashing,SecondChance,ProportionalAllocation,960,5,459900,{'interleave': 'random'},0.4599
shared,2,thrashing,SecondChance,ProportionalAllocation,960,5,476400,{'interleave': 'random'},0.4764
shared,3,thrashing,SecondChance,ProportionalAllocation,960,5,485400,{'interleave': 'random'},0.4854
shared,4,thrashing,SecondChance,ProportionalAllocation,960,5,492400,{'interleave': 'random'},0.4924
shared,5,thrashing,SecondChance,ProportionalAllocation,960,5,510200,{'interleave': 'random'},0.5102
shared,6,thrashing,SecondChance,ProportionalAllocation,960,5,432400,{'interleave': 'random'},0.4324
shared,7,thrashing,SecondChance,ProportionalAllocation,960,5,544500,{'interleave': 'random'},0.5445
shared_total,,thrashing,SecondChance,ProportionalAllocation,960,6,5285600,{'interleave': 'random'},5.2856
shared,0,thrashing,SecondChance,ProportionalAllocation,960,6,469300,{'interleave': 'random'},0.4693
shared,1,thrashing,SecondChance,ProportionalAllocation,960,6,476600,{'interleave': 'random'},0.4766
shared,2,thrashing,SecondChance,ProportionalAllocation,960,6,484400,{'interleave': 'random'},0.4844
shared,3,thrashing,SecondChance,ProportionalAllocation,960,6,505200,{'interleave': 'random'},0.5052
shared,4,thrashing,SecondChance,ProportionalAllocation,960,6,506000,{'interleave': 'random'},0.506
shared,5,thrashing,SecondChance,ProportionalAllocation,960,6,520600,{'interleave': 'random'},0.5206
shared,6,thrashing,SecondChance,ProportionalAllocation,960,6,448300,{'interleave': 'random'},0.4483
shared,7,thrashing,SecondChance,ProportionalAllocation,960,6,552000,{'interleave': 'random'},0.552
shared_total,,thrashing,SecondChance,ProportionalAllocation,960,7,5095500,{'interleave': 'random'},5.0955
shared,0,thrashing,SecondChance,ProportionalAllocation,960,7,441100,{'interleave': 'random'},0.4411
shared,1,thrashing,SecondChance,ProportionalAllocation,960,7,453400,{'interleave': 'random'},0.4534
shared,2,thrashing,SecondChance,ProportionalAllocation,960,7,466400,{'interleave': 'random'},0.4664
shared,3,thrashing,SecondChance,ProportionalAllocation,960,7,481100,{'interleave': 'random'},0.4811
shared,4,thrashing,SecondChance,ProportionalAllocation,960,7,488600,{'interleave': 'random'},0.4886
shared,5,thrashing,SecondChance,ProportionalAllocation,960,7,498300,{'interleave': 'random'},0.4983
shared,6,thrashing,SecondChance,ProportionalAllocation,960,7,418500,{'interleave': 'random'},0.4185
shared,7,thrashing,SecondChance,ProportionalAllocation,960,7,535800,{'interleave': 'random'},0.5358
shared_total,,thrashing,SecondChance,ProportionalAllocation,960,8,5558900,{'interleave': 'random'},5.5589
shared,0,thrashing,SecondChance,ProportionalAllocation,960,8,487100,{'interleave': 'random'},0.4871
shared,1,thrashing,SecondChance,ProportionalAllocation,960,8,485800,{'interleave': 'random'},0.4858
shared,2,thrashing,SecondChance,ProportionalAllocation,960,8,507700,{'interleave': 'random'},0.5077
shared,3,thrashing,SecondChance,ProportionalAllocation,960,8,505300,{'interleave': 'random'},0.5053
shared,4,thrashing,SecondChance,ProportionalAllocation,960,8,521400,{'interleave': 'random'},0.5214
shared,5,thrashing,SecondChance,ProportionalAllocation,960,8,569400,{'interleave': 'random'},0.5694
shared,6,thrashing,SecondChance,ProportionalAllocation,960,8,452300,{'interleave': 'random'},0.4523
shared,7,thrashing,SecondChance,ProportionalAllocation,960,8,578900,{'interleave': 'random'},0.5789
shared_total,,thrashing,SecondChance,ProportionalAllocation,960,9,5126300,{'interleave': 'random'},5.1263
shared,0,thrashing,SecondChance,ProportionalAllocation,960,9,442600,{'interleave': 'random'},0.4426
shared,1,thrashing,SecondChance,ProportionalAllocation,960,9,453600,{'interleave': 'random'},0.4536
shared,2,thrashing,SecondChance,ProportionalAllocation,960,9,463200,{'interleave': 'random'},0.4632
shared,3,thrashing,SecondChance,ProportionalAllocation,960,9,481500,{'interleave': 'random'},0.4815
shared,4,thrashing,SecondChance,ProportionalAllocation,960,9,491700,{'interleave': 'random'},0.4917
shared,5,thrashing,SecondChance,ProportionalAllocation,960,9,502700,{'interleave': 'random'},0.5027
shared,6,thrashing,SecondChance,ProportionalAllocation,960,9,417100,{'interleave': 'random'},0.4171
shared,7,thrashing,SecondChance,ProportionalAllocation,960,9,538300,{'interleave': 'random'},0.5383
shared_total,,thrashing,WSClock,GlobalAllocation,960,0,11062500,{'interleave': 'random'},11.0625
shared,0,thrashing,WSClock,GlobalAllocation,960,0,900400,{'interleave': 'random'},0.9004
shared,1,thrashing,WSClock,GlobalAllocation,960,0,1105800,{'interleave': 'random'},1.1058
shared,2,thrashing,WSClock,GlobalAllocation,960,0,1261200,{'interleave': 'random'},1.2612
shared,3,thrashing,WSClock,GlobalAllocation,960,0,1272200,{'interleave': 'random'},1.2722
shared,4,thrashing,WSClock,GlobalAllocation,960,0,1383900,{'interleave': 'random'},1.3839
shared,5,thrashing,WSClock,GlobalAllocation,960,0,1407900,{'interleave': 'random'},1.4079
shared,6,thrashing,WSClock,GlobalAllocation,960,0,698800,{'interleave': 'random'},0.6988
shared,7,thrashing,WSClock,GlobalAllocation,960,0,1637000,{'interleave': 'random'},1.637
shared_total,,thrashing,WSClock,GlobalAllocation,960,1,11053500,{'interleave': 'random'},11.0535
shared,0,thrashing,WSClock,GlobalAllocation,960,1,851900,{'interleave': 'random'},0.8519
shared,1,thrashing,WSClock,GlobalAllocation,960,1,1206000,{'interleave': 'random'},1.206
shared,2,thrashing,WSClock,GlobalAllocation,960,1,1275000,{'interleave': 'random'},1.275
shared,3,thrashing,WSClock,GlobalAllocation,960,1,1276800,{'interleave': 'random'},1.2768
shared,4,thrashing,WSClock,GlobalAllocation,960,1,1339600,{'interleave': 'random'},1.3396
shared,5,thrashing,WSClock,GlobalAllocation,960,1,1394100,{'interleave': 'random'},1.3941
shared,6,thrashing,WSClock,GlobalAllocation,960,1,693600,{'interleave': 'random'},0.6936
shared,7,thrashing,WSClock,GlobalAllocation,960,1,1631600,{'interleave': 'random'},1.6316
shared_total,,thrashing,WSClock,GlobalAllocation,960,2,10793000,{'interleave': 'random'},10.793
shared,0,thrashing,WSClock,GlobalAllocation,960,2,808200,{'interleave': 'random'},0.8082
shared,1,thrashing,WSClock,GlobalAllocation,960,2,1077000,{'interleave': 'random'},1.077
shared,2,thrashing,WSClock,GlobalAllocation,960,2,1109900,{'interleave': 'random'},1.1099
shared,3,thrashing,WSClock,GlobalAllocation,960,2,1248200,{'interleave': 'random'},1.2482
shared,4,thrashing,WSClock,GlobalAllocation,960,2,1371500,{'interleave': 'random'},1.3715
shared,5,thrashing,WSClock,GlobalAllocation,960,2,1505700,{'interleave': 'random'},1.5057
shared,6,thrashing,WSClock,GlobalAllocation,960,2,685500,{'interleave': 'random'},0.6855
shared,7,thrashing,WSClock,GlobalAllocation,960,2,1602600,{'interleave': 'random'},1.6026
shared_total,,thrashing,WSClock,GlobalAllocation,960,3,10643900,{'interleave': 'random'},10.6439
shared,0,thrashing,WSClock,GlobalAllocation,960,3,906700,{'interleave': 'random'},0.9067
shared,1,thrashing,WSClock,GlobalAllocation,960,3,1065300,{'interleave': 'random'},1.0653
shared,2,thrashing,WSClock,GlobalAllocation,960,3,1163400,{'interleave': 'random'},1.1634
shared,3,thrashing,WSClock,GlobalAllocation,960,3,1256400,{'interleave': 'random'},1.2564
shared,4,thrashing,WSClock,GlobalAllocation,960,3,1268600,{'interleave': 'random'},1.2686
shared,5,thrashing,WSClock,GlobalAllocation,960,3,1389700,{'interleave': 'random'},1.3897
shared,6,thrashing,WSClock,GlobalAllocation,960,3,691600,{'interleave': 'random'},0.6916
shared,7,thrashing,WSClock,GlobalAllocation,960,3,1558000,{'interleave': 'random'},1.558
shared_total,,thrashing,WSClock,GlobalAllocation,960,4,10877900,{'interleave': 'random'},10.8779
shared,0,thrashing,WSClock,GlobalAllocation,960,4,829200,{'interleave': 'random'},0.8292
shared,1,thrashing,WSClock,GlobalAllocation,960,4,1084100,{'interleave': 'random'},1.0841
shared,2,thrashing,WSClock,GlobalAllocation,960,4,1213400,{'interleave': 'random'},1.2134
shared,3,thrashing,WSClock,GlobalAllocation,960,4,1241100,{'interleave': 'random'},1.2411
shared,4,thrashing,WSClock,GlobalAllocation,960,4,1284200,{'interleave': 'random'},1.2842
shared,5,thrashing,WSClock,GlobalAllocation,960,4,1423200,{'interleave': 'random'},1.4232
shared,6,thrashing,WSClock,GlobalAllocation,960,4,675000,{'interleave': 'random'},0.675
shared,7,thrashing,WSClock,GlobalAllocation,960,4,1643100,{'interleave': 'random'},1.6431
shared_total,,thrashing,WSClock,GlobalAllocation,960,5,10736100,{'interleave': 'random'},10.7361
shared,0,thrashing,WSClock,GlobalAllocation,960,5,828000,{'interleave': 'random'},0.828
shared,1,thrashing,WSClock,GlobalAllocation,960,5,1079300,{'interleave': 'random'},1.0793
shared,2,thrashing,WSClock,GlobalAllocation,960,5,1129800,{'interleave': 'random'},1.1298
shared,3,thrashing,WSClock,GlobalAllocation,960,5,1273300,{'interleave': 'random'},1.2733
shared,4,thrashing,WSClock,GlobalAllocation,960,5,1310400,{'interleave': 'random'},1.3104
shared,5,thrashing,WSClock,GlobalAllocation,960,5,1443400,{'interleave': 'random'},1.4434
shared,6,thrashing,WSClock,GlobalAllocation,960,5,692500,{'interleave': 'random'},0.6925
shared,7,thrashing,WSClock,GlobalAllocation,960,5,1635400,{'interleave': 'random'},1.6354
shared_total,,thrashing,WSClock,GlobalAllocation,960,6,10722000,{'interleave': 'random'},10.722
shared,0,thrashing,WSClock,GlobalAllocation,960,6,900500,{'interleave': 'random'},0.9005
shared,1,thrashing,WSClock,GlobalAllocation,960,6,983400,{'interleave': 'random'},0.9834
shared,2,thrashing,WSClock,GlobalAllocation,960,6,1174000,{'interleave': 'random'},1.174
shared,3,thrashing,WSClock,GlobalAllocation,960,6,1201500,{'interleave': 'random'},1.2015
shared,4,thrashing,WSClock,GlobalAllocation,960,6,1339600,{'interleave': 'random'},1.3396
shared,5,thrashing,WSClock,GlobalAllocation,960,6,1402300,{'interleave': 'random'},1.4023
shared,6,thrashing,WSClock,GlobalAllocation,960,6,672500,{'interleave': 'random'},0.6725
shared,7,thrashing,WSClock,GlobalAllocation,960,6,1686800,{'interleave': 'random'},1.6868
shared_total,,thrashing,WSClock,GlobalAllocation,960,7,10721500,{'interleave': 'random'},10.7215
shared,0,thrashing,WSClock,GlobalAllocation,960,7,873000,{'interleave': 'random'},0.873
shared,1,thrashing,WSClock,GlobalAllocation,960,7,1101900,{'interleave': 'random'},1.1019
shared,2,thrashing,WSClock,GlobalAllocation,960,7,1074600,{'interleave': 'random'},1.0746
shared,3,thrashing,WSClock,GlobalAllocation,960,7,1189700,{'interleave': 'random'},1.1897
shared,4,thrashing,WSClock,GlobalAllocation,960,7,1346400,{'interleave': 'random'},1.3464
shared,5,thrashing,WSClock,GlobalAllocation,960,7,1432300,{'interleave': 'random'},1.4323
shared,6,thrashing,WSClock,GlobalAllocation,960,7,689500,{'interleave': 'random'},0.6895
shared,7,thrashing,WSClock,GlobalAllocation,960,7,1645000,{'interleave': 'random'},1.645
shared_total,,thrashing,WSClock,GlobalAllocation,960,8,10742700,{'interleave': 'random'},10.7427
shared,0,thrashing,WSClock,GlobalAllocation,960,8,899800,{'interleave': 'random'},0.8998
shared,1,thrashing,WSClock,GlobalAllocation,960,8,1033200,{'interleave': 'random'},1.0332
shared,2,thrashing,WSClock,GlobalAllocation,960,8,1095500,{'interleave': 'random'},1.0955
shared,3,thrashing,WSClock,GlobalAllocation,960,8,1236800,{'interleave': 'random'},1.2368
shared,4,thrashing,WSClock,GlobalAllocation,960,8,1354900,{'interleave': 'random'},1.3549
shared,5,thrashing,WSClock,GlobalAllocation,960,8,1425700,{'interleave': 'random'},1.4257
shared,6,thrashing,WSClock,GlobalAllocation,960,8,667500,{'interleave': 'random'},0.6675
shared,7,thrashing,WSClock,GlobalAllocation,960,8,1657600,{'interleave': 'random'},1.6576
shared_total,,thrashing,WSClock,GlobalAllocation,960,9,10665300,{'interleave': 'random'},10.6653
shared,0,thrashing,WSClock,GlobalAllocation,960,9,909400,{'interleave': 'random'},0.9094
shared,1,thrashing,WSClock,GlobalAllocation,960,9,1024300,{'interleave': 'random'},1.0243
shared,2,thrashing,WSClock,GlobalAllocation,960,9,1160800,{'interleave': 'random'},1.1608
shared,3,thrashing,WSClock,GlobalAllocation,960,9,1160000,{'interleave': 'random'},1.16
shared,4,thrashing,WSClock,GlobalAllocation,960,9,1278000,{'interleave': 'random'},1.278
shared,5,thrashing,WSClock,GlobalAllocation,960,9,1380800,{'interleave': 'random'},1.3808
shared,6,thrashing,WSClock,GlobalAllocation,960,9,707600,{'interleave': 'random'},0.7076
shared,7,thrashing,WSClock,GlobalAllocation,960,9,1677300,{'interleave': 'random'},1.6773
shared_total,,thrashing,WSClock,LocalAllocation,960,0,64923600,{'interleave': 'random'},64.9236
shared,0,thrashing,WSClock,LocalAllocation,960,0,489200,{'interleave': 'random'},0.4892
shared,1,thrashing,WSClock,LocalAllocation,960,0,500400,{'interleave': 'random'},0.5004
shared,2,thrashing,WSClock,LocalAllocation,960,0,508200,{'interleave': 'random'},0.5082
shared,3,thrashing,WSClock,LocalAllocation,960,0,11633900,{'interleave': 'random'},11.6339
shared,4,thrashing,WSClock,LocalAllocation,960,0,14036800,{'interleave': 'random'},14.0368
shared,5,thrashing,WSClock,LocalAllocation,960,0,16583000,{'interleave': 'random'},16.583
shared,6,thrashing,WSClock,LocalAllocation,960,0,455900,{'interleave': 'random'},0.4559
shared,7,thrashing,WSClock,LocalAllocation,960,0,19102100,{'interleave': 'random'},19.1021
shared_total,,thrashing,WSClock,LocalAllocation,960,1,63511100,{'interleave': 'random'},63.5111
shared,0,thrashing,WSClock,LocalAllocation,960,1,484600,{'interleave': 'random'},0.4846
shared,1,thrashing,WSClock,LocalAllocation,960,1,480900,{'interleave': 'random'},0.4809
shared,2,thrashing,WSClock,LocalAllocation,960,1,504300,{'interleave': 'random'},0.5043
shared,3,thrashing,WSClock,LocalAllocation,960,1,10983500,{'interleave': 'random'},10.9835
shared,4,thrashing,WSClock,LocalAllocation,960,1,14712500,{'interleave': 'random'},14.7125
shared,5,thrashing,WSClock,LocalAllocation,960,1,15323100,{'interleave': 'random'},15.3231
shared,6,thrashing,WSClock,LocalAllocation,960,1,454700,{'interleave': 'random'},0.4547
shared,7,thrashing,WSClock,LocalAllocation,960,1,19026400,{'interleave': 'random'},19.0264
shared_total,,thrashing,WSClock,LocalAllocation,960,2,61412200,{'interleave': 'random'},61.4122
shared,0,thrashing,WSClock,LocalAllocation,960,2,489100,{'interleave': 'random'},0.4891
shared,1,thrashing,WSClock,LocalAllocation,960,2,496900,{'interleave': 'random'},0.4969
shared,2,thrashing,WSClock,LocalAllocation,960,2,509500,{'interleave': 'random'},0.5095
shared,3,thrashing,WSClock,LocalAllocation,960,2,9107700,{'interleave': 'random'},9.1077
shared,4,thrashing,WSClock,LocalAllocation,960,2,13342600,{'interleave': 'random'},13.3426
shared,5,thrashing,WSClock,LocalAllocation,960,2,17195200,{'interleave': 'random'},17.1952
shared,6,thrashing,WSClock,LocalAllocation,960,2,465700,{'interleave': 'random'},0.4657
shared,7,thrashing,WSClock,LocalAllocation,960,2,18247600,{'interleave': 'random'},18.2476
shared_total,,thrashing,WSClock,LocalAllocation,960,3,90116300,{'interleave': 'random'},90.1163
shared,0,thrashing,WSClock,LocalAllocation,960,3,666000,{'interleave': 'random'},0.666
shared,1,thrashing,WSClock,LocalAllocation,960,3,682800,{'interleave': 'random'},0.6828
shared,2,thrashing,WSClock,LocalAllocation,960,3,692100,{'interleave': 'random'},0.6921
shared,3,thrashing,WSClock,LocalAllocation,960,3,12068900,{'interleave': 'random'},12.0689
shared,4,thrashing,WSClock,LocalAllocation,960,3,17069600,{'interleave': 'random'},17.0696
shared,5,thrashing,WSClock,LocalAllocation,960,3,32432000,{'interleave': 'random'},32.432
shared,6,thrashing,WSClock,LocalAllocation,960,3,614500,{'interleave': 'random'},0.6145
shared,7,thrashing,WSClock,LocalAllocation,960,3,23785900,{'interleave': 'random'},23.7859
shared_total,,thrashing,WSClock,LocalAllocation,960,4,59542000,{'interleave': 'random'},59.542
shared,0,thrashing,WSClock,LocalAllocation,960,4,479200,{'interleave': 'random'},0.4792
shared,1,thrashing,WSClock,LocalAllocation,960,4,492300,{'interleave': 'random'},0.4923
shared,2,thrashing,WSClock,LocalAllocation,960,4,495000,{'interleave': 'random'},0.495
shared,3,thrashing,WSClock,LocalAllocation,960,4,10282300,{'interleave': 'random'},10.2823
shared,4,thrashing,WSClock,LocalAllocation,960,4,13238100,{'interleave': 'random'},13.2381
shared,5,thrashing,WSClock,LocalAllocation,960,4,16098700,{'interleave': 'random'},16.0987
shared,6,thrashing,WSClock,LocalAllocation,960,4,448900,{'interleave': 'random'},0.4489
shared,7,thrashing,WSClock,LocalAllocation,960,4,16459700,{'interleave': 'random'},16.4597
shared_total,,thrashing,WSClock,LocalAllocation,960,5,61541200,{'interleave': 'random'},61.5412
shared,0,thrashing,WSClock,LocalAllocation,960,5,487800,{'interleave': 'random'},0.4878
shared,1,thrashing,WSClock,LocalAllocation,960,5,496600,{'interleave': 'random'},0.4966
shared,2,thrashing,WSClock,LocalAllocation,960,5,508400,{'interleave': 'random'},0.5084
shared,3,thrashing,WSClock,LocalAllocation,960,5,8973500,{'interleave': 'random'},8.9735
shared,4,thrashing,WSClock,LocalAllocation,960,5,14692000,{'interleave': 'random'},14.692
shared,5,thrashing,WSClock,LocalAllocation,960,5,15865700,{'interleave': 'random'},15.8657
shared,6,thrashing,WSClock,LocalAllocation,960,5,454800,{'interleave': 'random'},0.4548
shared,7,thrashing,WSClock,LocalAllocation,960,5,18494400,{'interleave': 'random'},18.4944
shared_total,,thrashing,WSClock,LocalAllocation,960,6,60899400,{'interleave': 'random'},60.8994
shared,0,thrashing,WSClock,LocalAllocation,960,6,481600,{'interleave': 'random'},0.4816
shared,1,thrashing,WSClock,LocalAllocation,960,6,510100,{'interleave': 'random'},0.5101
shared,2,thrashing,WSClock,LocalAllocation,960,6,505400,{'interleave': 'random'},0.5054
shared,3,thrashing,WSClock,LocalAllocation,960,6,10316200,{'interleave': 'random'},10.3162
shared,4,thrashing,WSClock,LocalAllocation,960,6,13445400,{'interleave': 'random'},13.4454
shared,5,thrashing,WSClock,LocalAllocation,960,6,15416000,{'interleave': 'random'},15.416
shared,6,thrashing,WSClock,LocalAllocation,960,6,453400,{'interleave': 'random'},0.4534
shared,7,thrashing,WSClock,LocalAllocation,960,6,18202000,{'interleave': 'random'},18.202
shared_total,,thrashing,WSClock,LocalAllocation,960,7,59773100,{'interleave': 'random'},59.7731
shared,0,thrashing,WSClock,LocalAllocation,960,7,479300,{'interleave': 'random'},0.4793
shared,1,thrashing,WSClock,LocalAllocation,960,7,489300,{'interleave': 'random'},0.4893
shared,2,thrashing,WSClock,LocalAllocation,960,7,505700,{'interleave': 'random'},0.5057
shared,3,thrashing,WSClock,LocalAllocation,960,7,10016200,{'interleave': 'random'},10.0162
shared,4,thrashing,WSClock,LocalAllocation,960,7,13147100,{'interleave': 'random'},13.1471
shared,5,thrashing,WSClock,LocalAllocation,960,7,15669900,{'interleave': 'random'},15.6699
shared,6,thrashing,WSClock,LocalAllocation,960,7,456200,{'interleave': 'random'},0.4562
shared,7,thrashing,WSClock,LocalAllocation,960,7,17472400,{'interleave': 'random'},17.4724
shared_total,,thrashing,WSClock,LocalAllocation,960,8,61092400,{'interleave': 'random'},61.0924
shared,0,thrashing,WSClock,LocalAllocation,960,8,476900,{'interleave': 'random'},0.4769
shared,1,thrashing,WSClock,LocalAllocation,960,8,491500,{'interleave': 'random'},0.4915
shared,2,thrashing,WSClock,LocalAllocation,960,8,505900,{'interleave': 'random'},0.5059
shared,3,thrashing,WSClock,LocalAllocation,960,8,9647100,{'interleave': 'random'},9.6471
shared,4,thrashing,WSClock,LocalAllocation,960,8,13392100,{'interleave': 'random'},13.3921
shared,5,thrashing,WSClock,LocalAllocation,960,8,16613700,{'interleave': 'random'},16.6137
shared,6,thrashing,WSClock,LocalAllocation,960,8,452100,{'interleave': 'random'},0.4521
shared,7,thrashing,WSClock,LocalAllocation,960,8,17992400,{'interleave': 'random'},17.9924
shared_total,,thrashing,WSClock,LocalAllocation,960,9,68505200,{'interleave': 'random'},68.5052
shared,0,thrashing,WSClock,LocalAllocation,960,9,525400,{'interleave': 'random'},0.5254
shared,1,thrashing,WSClock,LocalAllocation,960,9,530000,{'interleave': 'random'},0.53
shared,2,thrashing,WSClock,LocalAllocation,960,9,549700,{'interleave': 'random'},0.5497
shared,3,thrashing,WSClock,LocalAllocation,960,9,10682200,{'interleave': 'random'},10.6822
shared,4,thrashing,WSClock,LocalAllocation,960,9,16343300,{'interleave': 'random'},16.3433
shared,5,thrashing,WSClock,LocalAllocation,960,9,18381400,{'interleave': 'random'},18.3814
shared,6,thrashing,WSClock,LocalAllocation,960,9,491300,{'interleave': 'random'},0.4913
shared,7,thrashing,WSClock,LocalAllocation,960,9,19323200,{'interleave': 'random'},19.3232
shared_total,,thrashing,WSClock,ProportionalAllocation,960,0,5191700,{'interleave': 'random'},5.1917
shared,0,thrashing,WSClock,ProportionalAllocation,960,0,455300,{'interleave': 'random'},0.4553
shared,1,thrashing,WSClock,ProportionalAllocation,960,0,458300,{'interleave': 'random'},0.4583
shared,2,thrashing,WSClock,ProportionalAllocation,960,0,472300,{'interleave': 'random'},0.4723
shared,3,thrashing,WSClock,ProportionalAllocation,960,0,486900,{'interleave': 'random'},0.4869
shared,4,thrashing,WSClock,ProportionalAllocation,960,0,490300,{'interleave': 'random'},0.4903
shared,5,thrashing,WSClock,ProportionalAllocation,960,0,508800,{'interleave': 'random'},0.5088
shared,6,thrashing,WSClock,ProportionalAllocation,960,0,430400,{'interleave': 'random'},0.4304
shared,7,thrashing,WSClock,ProportionalAllocation,960,0,548600,{'interleave': 'random'},0.5486
shared_total,,thrashing,WSClock,ProportionalAllocation,960,1,5278000,{'interleave': 'random'},5.278
shared,0,thrashing,WSClock,ProportionalAllocation,960,1,456200,{'interleave': 'random'},0.4562
shared,1,thrashing,WSClock,ProportionalAllocation,960,1,458000,{'interleave': 'random'},0.458
shared,2,thrashing,WSClock,ProportionalAllocation,960,1,474700,{'interleave': 'random'},0.4747
shared,3,thrashing,WSClock,ProportionalAllocation,960,1,532600,{'interleave': 'random'},0.5326
shared,4,thrashing,WSClock,ProportionalAllocation,960,1,501100,{'interleave': 'random'},0.5011
shared,5,thrashing,WSClock,ProportionalAllocation,960,1,521700,{'interleave': 'random'},0.5217
shared,6,thrashing,WSClock,ProportionalAllocation,960,1,438500,{'interleave': 'random'},0.4385
shared,7,thrashing,WSClock,ProportionalAllocation,960,1,545500,{'interleave': 'random'},0.5455
shared_total,,thrashing,WSClock,ProportionalAllocation,960,2,5204700,{'interleave': 'random'},5.2047
shared,0,thrashing,WSClock,ProportionalAllocation,960,2,451900,{'interleave': 'random'},0.4519
shared,1,thrashing,WSClock,ProportionalAllocation,960,2,455500,{'interleave': 'random'},0.4555
shared,2,thrashing,WSClock,ProportionalAllocation,960,2,471800,{'interleave': 'random'},0.4718
shared,3,thrashing,WSClock,ProportionalAllocation,960,2,481600,{'interleave': 'random'},0.4816
shared,4,thrashing,WSClock,ProportionalAllocation,960,2,497000,{'interleave': 'random'},0.497
shared,5,thrashing,WSClock,ProportionalAllocation,960,2,509200,{'interleave': 'random'},0.5092
shared,6,thrashing,WSClock,ProportionalAllocation,960,2,438400,{'interleave': 'random'},0.4384
shared,7,thrashing,WSClock,ProportionalAllocation,960,2,540800,{'interleave': 'random'},0.5408
shared_total,,thrashing,WSClock,ProportionalAllocation,960,3,5095100,{'interleave': 'random'},5.0951
shared,0,thrashing,WSClock,ProportionalAllocation,960,3,442700,{'interleave': 'random'},0.4427
shared,1,thrashing,WSClock,ProportionalAllocation,960,3,452900,{'interleave': 'random'},0.4529
shared,2,thrashing,WSClock,ProportionalAllocation,960,3,462400,{'interleave': 'random'},0.4624
shared,3,thrashing,WSClock,ProportionalAllocation,960,3,472000,{'interleave': 'random'},0.472
shared,4,thrashing,WSClock,ProportionalAllocation,960,3,486800,{'interleave': 'random'},0.4868
shared,5,thrashing,WSClock,ProportionalAllocation,960,3,493600,{'interleave': 'random'},0.4936
shared,6,thrashing,WSClock,ProportionalAllocation,960,3,420400,{'interleave': 'random'},0.4204
shared,7,thrashing,WSClock,ProportionalAllocation,960,3,533500,{'interleave': 'random'},0.5335
shared_total,,thrashing,WSClock,ProportionalAllocation,960,4,5157800,{'interleave': 'random'},5.1578
shared,0,thrashing,WSClock,ProportionalAllocation,960,4,442900,{'interleave': 'random'},0.4429
shared,1,thrashing,WSClock,ProportionalAllocation,960,4,453900,{'interleave': 'random'},0.4539
shared,2,thrashing,WSClock,ProportionalAllocation,960,4,464600,{'interleave': 'random'},0.4646
shared,3,thrashing,WSClock,ProportionalAllocation,960,4,474900,{'interleave': 'random'},0.4749
shared,4,thrashing,WSClock,ProportionalAllocation,960,4,488800,{'interleave': 'random'},0.4888
shared,5,thrashing,WSClock,ProportionalAllocation,960,4,510000,{'interleave': 'random'},0.51
shared,6,thrashing,WSClock,ProportionalAllocation,960,4,426600,{'interleave': 'random'},0.4266
shared,7,thrashing,WSClock,ProportionalAllocation,960,4,536400,{'interleave': 'random'},0.5364
shared_total,,thrashing,WSClock,ProportionalAllocation,960,5,5148000,{'interleave': 'random'},5.148
shared,0,thrashing,WSClock,ProportionalAllocation,960,5,452900,{'interleave': 'random'},0.4529
shared,1,thrashing,WSClock,ProportionalAllocation,960,5,457600,{'interleave': 'random'},0.4576
shared,2,thrashing,WSClock,ProportionalAllocation,960,5,470300,{'interleave': 'random'},0.4703
shared,3,thrashing,WSClock,ProportionalAllocation,960,5,478000,{'interleave': 'random'},0.478
shared,4,thrashing,WSClock,ProportionalAllocation,960,5,496400,{'interleave': 'random'},0.4964
shared,5,thrashing,WSClock,ProportionalAllocation,960,5,502700,{'interleave': 'random'},0.5027
shared,6,thrashing,WSClock,ProportionalAllocation,960,5,431200,{'interleave': 'random'},0.4312
shared,7,thrashing,WSClock,ProportionalAllocation,960,5,540500,{'interleave': 'random'},0.5405
shared_total,,thrashing,WSClock,ProportionalAllocation,960,6,5187900,{'interleave': 'random'},5.1879
shared,0,thrashing,WSClock,ProportionalAllocation,960,6,450900,{'interleave': 'random'},0.4509
shared,1,thrashing,WSClock,ProportionalAllocation,960,6,461800,{'interleave': 'random'},0.4618
shared,2,thrashing,WSClock,ProportionalAllocation,960,6,472900,{'interleave': 'random'},0.4729
shared,3,thrashing,WSClock,ProportionalAllocation,960,6,486300,{'interleave': 'random'},0.4863
shared,4,thrashing,WSClock,ProportionalAllocation,960,6,494200,{'interleave': 'random'},0.4942
shared,5,thrashing,WSClock,ProportionalAllocation,960,6,512400,{'interleave': 'random'},0.5124
shared,6,thrashing,WSClock,ProportionalAllocation,960,6,437300,{'interleave': 'random'},0.4373
shared,7,thrashing,WSClock,ProportionalAllocation,960,6,544200,{'interleave': 'random'},0.5442
shared_total,,thrashing,WSClock,ProportionalAllocation,960,7,7201200,{'interleave': 'random'},7.2012
shared,0,thrashing,WSClock,ProportionalAllocation,960,7,614000,{'interleave': 'random'},0.614
shared,1,thrashing,WSClock,ProportionalAllocation,960,7,635900,{'interleave': 'random'},0.6359
shared,2,thrashing,WSClock,ProportionalAllocation,960,7,682200,{'interleave': 'random'},0.6822
shared,3,thrashing,WSClock,ProportionalAllocation,960,7,706700,{'interleave': 'random'},0.7067
shared,4,thrashing,WSClock,ProportionalAllocation,960,7,702300,{'interleave': 'random'},0.7023
shared,5,thrashing,WSClock,ProportionalAllocation,960,7,737200,{'interleave': 'random'},0.7372
shared,6,thrashing,WSClock,ProportionalAllocation,960,7,550200,{'interleave': 'random'},0.5502
shared,7,thrashing,WSClock,ProportionalAllocation,960,7,817000,{'interleave': 'random'},0.817
shared_total,,thrashing,WSClock,ProportionalAllocation,960,8,5292600,{'interleave': 'random'},5.2926
shared,0,thrashing,WSClock,ProportionalAllocation,960,8,459700,{'interleave': 'random'},0.4597
shared,1,thrashing,WSClock,ProportionalAllocation,960,8,473600,{'interleave': 'random'},0.4736
shared,2,thrashing,WSClock,ProportionalAllocation,960,8,488800,{'interleave': 'random'},0.4888
shared,3,thrashing,WSClock,ProportionalAllocation,960,8,495500,{'interleave': 'random'},0.4955
shared,4,thrashing,WSClock,ProportionalAllocation,960,8,505300,{'interleave': 'random'},0.5053
shared,5,thrashing,WSClock,ProportionalAllocation,960,8,525000,{'interleave': 'random'},0.525
shared,6,thrashing,WSClock,ProportionalAllocation,960,8,445000,{'interleave': 'random'},0.445
shared,7,thrashing,WSClock,ProportionalAllocation,960,8,556800,{'interleave': 'random'},0.5568
shared_total,,thrashing,WSClock,ProportionalAllocation,960,9,5260800,{'interleave': 'random'},5.2608
shared,0,thrashing,WSClock,ProportionalAllocation,960,9,465700,{'interleave': 'random'},0.4657
shared,1,thrashing,WSClock,ProportionalAllocation,960,9,469300,{'interleave': 'random'},0.4693
shared,2,thrashing,WSClock,ProportionalAllocation,960,9,484900,{'interleave': 'random'},0.4849
shared,3,thrashing,WSClock,ProportionalAllocation,960,9,493200,{'interleave': 'random'},0.4932
shared,4,thrashing,WSClock,ProportionalAllocation,960,9,506300,{'interleave': 'random'},0.5063
shared,5,thrashing,WSClock,ProportionalAllocation,960,9,532400,{'interleave': 'random'},0.5324
shared,6,thrashing,WSClock,ProportionalAllocation,960,9,446700,{'interleave': 'random'},0.4467
shared,7,thrashing,WSClock,ProportionalAllocation,960,9,555600,{'interleave': 'random'},0.5556
shared_total,,thrashing,FIFO,GlobalAllocation,1152,0,5924500,{'interleave': 'random'},5.9245
shared,0,thrashing,FIFO,GlobalAllocation,1152,0,499700,{'interleave': 'random'},0.4997
shared,1,thrashing,FIFO,GlobalAllocation,1152,0,576100,{'interleave': 'random'},0.5761
shared,2,thrashing,FIFO,GlobalAllocation,1152,0,570400,{'interleave': 'random'},0.5704
shared,3,thrashing,FIFO,GlobalAllocation,1152,0,577300,{'interleave': 'random'},0.5773
shared,4,thrashing,FIFO,GlobalAllocation,1152,0,592200,{'interleave': 'random'},0.5922
shared,5,thrashing,FIFO,GlobalAllocation,1152,0,590100,{'interleave': 'random'},0.5901
shared,6,thrashing,FIFO,GlobalAllocation,1152,0,526500,{'interleave': 'random'},0.5265
shared,7,thrashing,FIFO,GlobalAllocation,1152,0,601400,{'interleave': 'random'},0.6014
shared_total,,thrashing,FIFO,GlobalAllocation,1152,1,8603900,{'interleave': 'random'},8.6039
shared,0,thrashing,FIFO,GlobalAllocation,1152,1,720200,{'interleave': 'random'},0.7202
shared,1,thrashing,FIFO,GlobalAllocation,1152,1,809600,{'interleave': 'random'},0.8096
shared,2,thrashing,FIFO,GlobalAllocation,1152,1,816300,{'interleave': 'random'},0.8163
shared,3,thrashing,FIFO,GlobalAllocation,1152,1,864800,{'interleave': 'random'},0.8648
shared,4,thrashing,FIFO,GlobalAllocation,1152,1,844600,{'interleave': 'random'},0.8446
shared,5,thrashing,FIFO,GlobalAllocation,1152,1,870000,{'interleave': 'random'},0.87
shared,6,thrashing,FIFO,GlobalAllocation,1152,1,765000,{'interleave': 'random'},0.765
shared,7,thrashing,FIFO,GlobalAllocation,1152,1,892500,{'interleave': 'random'},0.8925
shared_total,,thrashing,FIFO,GlobalAllocation,1152,2,5806600,{'interleave': 'random'},5.8066
shared,0,thrashing,FIFO,GlobalAllocation,1152,2,492200,{'interleave': 'random'},0.4922
shared,1,thrashing,FIFO,GlobalAllocation,1152,2,557700,{'interleave': 'random'},0.5577
shared,2,thrashing,FIFO,GlobalAllocation,1152,2,585600,{'interleave': 'random'},0.5856
shared,3,thrashing,FIFO,GlobalAllocation,1152,2,571700,{'interleave': 'random'},0.5717
shared,4,thrashing,FIFO,GlobalAllocation,1152,2,583900,{'interleave': 'random'},0.5839
shared,5,thrashing,FIFO,GlobalAllocation,1152,2,584600,{'interleave': 'random'},0.5846
shared,6,thrashing,FIFO,GlobalAllocation,1152,2,527100,{'interleave': 'random'},0.5271
shared,7,thrashing,FIFO,GlobalAllocation,1152,2,594300,{'interleave': 'random'},0.5943
shared_total,,thrashing,FIFO,GlobalAllocation,1152,3,5848900,{'interleave': 'random'},5.8489
shared,0,thrashing,FIFO,GlobalAllocation,1152,3,509400,{'interleave': 'random'},0.5094
shared,1,thrashing,FIFO,GlobalAllocation,1152,3,584700,{'interleave': 'random'},0.5847
shared,2,thrashing,FIFO,GlobalAllocation,1152,3,571000,{'interleave': 'random'},0.571
shared,3,thrashing,FIFO,GlobalAllocation,1152,3,576300,{'interleave': 'random'},0.5763
shared,4,thrashing,FIFO,GlobalAllocation,1152,3,574300,{'interleave': 'random'},0.5743
shared,5,thrashing,FIFO,GlobalAllocation,1152,3,588500,{'interleave': 'random'},0.5885
shared,6,thrashing,FIFO,GlobalAllocation,1152,3,537400,{'interleave': 'random'},0.5374
shared,7,thrashing,FIFO,GlobalAllocation,1152,3,599900,{'interleave': 'random'},0.5999
shared_total,,thrashing,FIFO,GlobalAllocation,1152,4,5835800,{'interleave': 'random'},5.8358
shared,0,thrashing,FIFO,GlobalAllocation,1152,4,495900,{'interleave': 'random'},0.4959
shared,1,thrashing,FIFO,GlobalAllocation,1152,4,577400,{'interleave': 'random'},0.5774
shared,2,thrashing,FIFO,GlobalAllocation,1152,4,572400,{'interleave': 'random'},0.5724
shared,3,thrashing,FIFO,GlobalAllocation,1152,4,588700,{'interleave': 'random'},0.5887
shared,4,thrashing,FIFO,GlobalAllocation,1152,4,581400,{'interleave': 'random'},0.5814
shared,5,thrashing,FIFO,GlobalAllocation,1152,4,583900,{'interleave': 'random'},0.5839
shared,6,thrashing,FIFO,GlobalAllocation,1152,4,527900,{'interleave': 'random'},0.5279
shared,7,thrashing,FIFO,GlobalAllocation,1152,4,597800,{'interleave': 'random'},0.5978
shared_total,,thrashing,FIFO,GlobalAllocation,1152,5,5441200,{'interleave': 'random'},5.4412
shared,0,thrashing,FIFO,GlobalAllocation,1152,5,459700,{'interleave': 'random'},0.4597
shared,1,thrashing,FIFO,GlobalAllocation,1152,5,519000,{'interleave': 'random'},0.519
shared,2,thrashing,FIFO,GlobalAllocation,1152,5,548700,{'interleave': 'random'},0.5487
shared,3,thrashing,FIFO,GlobalAllocation,1152,5,544200,{'interleave': 'random'},0.5442
shared,4,thrashing,FIFO,GlobalAllocation,1152,5,548500,{'interleave': 'random'},0.5485
shared,5,thrashing,FIFO,GlobalAllocation,1152,5,539400,{'interleave': 'random'},0.5394
shared,6,thrashing,FIFO,GlobalAllocation,1152,5,497400,{'interleave': 'random'},0.4974
shared,7,thrashing,FIFO,GlobalAllocation,1152,5,546600,{'interleave': 'random'},0.5466
shared_total,,thrashing,FIFO,GlobalAllocation,1152,6,8702000,{'interleave': 'random'},8.702
shared,0,thrashing,FIFO,GlobalAllocation,1152,6,740300,{'interleave': 'random'},0.7403
shared,1,thrashing,FIFO,GlobalAllocation,1152,6,800700,{'interleave': 'random'},0.8007
shared,2,thrashing,FIFO,GlobalAllocation,1152,6,822000,{'interleave': 'random'},0.822
shared,3,thrashing,FIFO,GlobalAllocation,1152,6,826000,{'interleave': 'random'},0.826
shared,4,thrashing,FIFO,GlobalAllocation,1152,6,820200,{'interleave': 'random'},0.8202
shared,5,thrashing,FIFO,GlobalAllocation,1152,6,842200,{'interleave': 'random'},0.8422
shared,6,thrashing,FIFO,GlobalAllocation,1152,6,777100,{'interleave': 'random'},0.7771
shared,7,thrashing,FIFO,GlobalAllocation,1152,6,866800,{'interleave': 'random'},0.8668
shared_total,,thrashing,FIFO,GlobalAllocation,1152,7,5884800,{'interleave': 'random'},5.8848
shared,0,thrashing,FIFO,GlobalAllocation,1152,7,508300,{'interleave': 'random'},0.5083
shared,1,thrashing,FIFO,GlobalAllocation,1152,7,567600,{'interleave': 'random'},0.5676
shared,2,thrashing,FIFO,GlobalAllocation,1152,7,579700,{'interleave': 'random'},0.5797
shared,3,thrashing,FIFO,GlobalAllocation,1152,7,575700,{'interleave': 'random'},0.5757
shared,4,thrashing,FIFO,GlobalAllocation,1152,7,591600,{'interleave': 'random'},0.5916
shared,5,thrashing,FIFO,GlobalAllocation,1152,7,603800,{'interleave': 'random'},0.6038
shared,6,thrashing,FIFO,GlobalAllocation,1152,7,538600,{'interleave': 'random'},0.5386
shared,7,thrashing,FIFO,GlobalAllocation,1152,7,595200,{'interleave': 'random'},0.5952
shared_total,,thrashing,FIFO,GlobalAllocation,1152,8,6075700,{'interleave': 'random'},6.0757
shared,0,thrashing,FIFO,GlobalAllocation,1152,8,517500,{'interleave': 'random'},0.5175
shared,1,thrashing,FIFO,GlobalAllocation,1152,8,590000,{'interleave': 'random'},0.59
shared,2,thrashing,FIFO,GlobalAllocation,1152,8,608000,{'interleave': 'random'},0.608
shared,3,thrashing,FIFO,GlobalAllocation,1152,8,600600,{'interleave': 'random'},0.6006
shared,4,thrashing,FIFO,GlobalAllocation,1152,8,607200,{'interleave': 'random'},0.6072
shared,5,thrashing,FIFO,GlobalAllocation,1152,8,617500,{'interleave': 'random'},0.6175
shared,6,thrashing,FIFO,GlobalAllocation,1152,8,539400,{'interleave': 'random'},0.5394
shared,7,thrashing,FIFO,GlobalAllocation,1152,8,616900,{'interleave': 'random'},0.6169
shared_total,,thrashing,FIFO,GlobalAllocation,1152,9,6070000,{'interleave': 'random'},6.07
shared,0,thrashing,FIFO,GlobalAllocation,1152,9,539300,{'interleave': 'random'},0.5393
shared,1,thrashing,FIFO,GlobalAllocation,1152,9,598400,{'interleave': 'random'},0.5984
shared,2,thrashing,FIFO,GlobalAllocation,1152,9,597600,{'interleave': 'random'},0.5976
shared,3,thrashing,FIFO,GlobalAllocation,1152,9,601600,{'interleave': 'random'},0.6016
shared,4,thrashing,FIFO,GlobalAllocation,1152,9,597300,{'interleave': 'random'},0.5973
shared,5,thrashing,FIFO,GlobalAllocation,1152,9,614700,{'interleave': 'random'},0.6147
shared,6,thrashing,FIFO,GlobalAllocation,1152,9,549800,{'interleave': 'random'},0.5498
shared,7,thrashing,FIFO,GlobalAllocation,1152,9,618200,{'interleave': 'random'},0.6182
shared_total,,thrashing,FIFO,LocalAllocation,1152,0,5764200,{'interleave': 'random'},5.7642
shared,0,thrashing,FIFO,LocalAllocation,1152,0,352200,{'interleave': 'random'},0.3522
shared,1,thrashing,FIFO,LocalAllocation,1152,0,357000,{'interleave': 'random'},0.357
shared,2,thrashing,FIFO,LocalAllocation,1152,0,355200,{'interleave': 'random'},0.3552
shared,3,thrashing,FIFO,LocalAllocation,1152,0,365900,{'interleave': 'random'},0.3659
shared,4,thrashing,FIFO,LocalAllocation,1152,0,361800,{'interleave': 'random'},0.3618
shared,5,thrashing,FIFO,LocalAllocation,1152,0,1161200,{'interleave': 'random'},1.1612
shared,6,thrashing,FIFO,LocalAllocation,1152,0,345800,{'interleave': 'random'},0.3458
shared,7,thrashing,FIFO,LocalAllocation,1152,0,1156200,{'interleave': 'random'},1.1562
shared_total,,thrashing,FIFO,LocalAllocation,1152,1,5737000,{'interleave': 'random'},5.737
shared,0,thrashing,FIFO,LocalAllocation,1152,1,349300,{'interleave': 'random'},0.3493
shared,1,thrashing,FIFO,LocalAllocation,1152,1,345200,{'interleave': 'random'},0.3452
shared,2,thrashing,FIFO,LocalAllocation,1152,1,351600,{'interleave': 'random'},0.3516
shared,3,thrashing,FIFO,LocalAllocation,1152,1,365400,{'interleave': 'random'},0.3654
shared,4,thrashing,FIFO,LocalAllocation,1152,1,363400,{'interleave': 'random'},0.3634
shared,5,thrashing,FIFO,LocalAllocation,1152,1,1153900,{'interleave': 'random'},1.1539
shared,6,thrashing,FIFO,LocalAllocation,1152,1,347000,{'interleave': 'random'},0.347
shared,7,thrashing,FIFO,LocalAllocation,1152,1,1145700,{'interleave': 'random'},1.1457
shared_total,,thrashing,FIFO,LocalAllocation,1152,2,5769800,{'interleave': 'random'},5.7698
shared,0,thrashing,FIFO,LocalAllocation,1152,2,356700,{'interleave': 'random'},0.3567
shared,1,thrashing,FIFO,LocalAllocation,1152,2,357000,{'interleave': 'random'},0.357
shared,2,thrashing,FIFO,LocalAllocation,1152,2,363200,{'interleave': 'random'},0.3632
shared,3,thrashing,FIFO,LocalAllocation,1152,2,365600,{'interleave': 'random'},0.3656
shared,4,thrashing,FIFO,LocalAllocation,1152,2,366100,{'interleave': 'random'},0.3661
shared,5,thrashing,FIFO,LocalAllocation,1152,2,1151200,{'interleave': 'random'},1.1512
shared,6,thrashing,FIFO,LocalAllocation,1152,2,354500,{'interleave': 'random'},0.3545
shared,7,thrashing,FIFO,LocalAllocation,1152,2,1148300,{'interleave': 'random'},1.1483
shared_total,,thrashing,FIFO,LocalAllocation,1152,3,5792400,{'interleave': 'random'},5.7924
shared,0,thrashing,FIFO,LocalAllocation,1152,3,351400,{'interleave': 'random'},0.3514
shared,1,thrashing,FIFO,LocalAllocation,1152,3,368900,{'interleave': 'random'},0.3689
shared,2,thrashing,FIFO,LocalAllocation,1152,3,359600,{'interleave': 'random'},0.3596
shared,3,thrashing,FIFO,LocalAllocation,1152,3,363300,{'interleave': 'random'},0.3633
shared,4,thrashing,FIFO,LocalAllocation,1152,3,366900,{'interleave': 'random'},0.3669
shared,5,thrashing,FIFO,LocalAllocation,1152,3,1155700,{'interleave': 'random'},1.1557
shared,6,thrashing,FIFO,LocalAllocation,1152,3,348000,{'interleave': 'random'},0.348
shared,7,thrashing,FIFO,LocalAllocation,1152,3,1161700,{'interleave': 'random'},1.1617
shared_total,,thrashing,FIFO,LocalAllocation,1152,4,5759700,{'interleave': 'random'},5.7597
shared,0,thrashing,FIFO,LocalAllocation,1152,4,344200,{'interleave': 'random'},0.3442
shared,1,thrashing,FIFO,LocalAllocation,1152,4,352000,{'interleave': 'random'},0.352
shared,2,thrashing,FIFO,LocalAllocation,1152,4,353800,{'interleave': 'random'},0.3538
shared,3,thrashing,FIFO,LocalAllocation,1152,4,359000,{'interleave': 'random'},0.359
shared,4,thrashing,FIFO,LocalAllocation,1152,4,364800,{'interleave': 'random'},0.3648
shared,5,thrashing,FIFO,LocalAllocation,1152,4,1162600,{'interleave': 'random'},1.1626
shared,6,thrashing,FIFO,LocalAllocation,1152,4,346900,{'interleave': 'random'},0.3469
shared,7,thrashing,FIFO,LocalAllocation,1152,4,1161600,{'interleave': 'random'},1.1616
shared_total,,thrashing,FIFO,LocalAllocation,1152,5,5714100,{'interleave': 'random'},5.7141
shared,0,thrashing,FIFO,LocalAllocation,1152,5,345700,{'interleave': 'random'},0.3457
shared,1,thrashing,FIFO,LocalAllocation,1152,5,349500,{'interleave': 'random'},0.3495
shared,2,thrashing,FIFO,LocalAllocation,1152,5,355000,{'interleave': 'random'},0.355
shared,3,thrashing,FIFO,LocalAllocation,1152,5,355700,{'interleave': 'random'},0.3557
shared,4,thrashing,FIFO,LocalAllocation,1152,5,361300,{'interleave': 'random'},0.3613
shared,5,thrashing,FIFO,LocalAllocation,1152,5,1156700,{'interleave': 'random'},1.1567
shared,6,thrashing,FIFO,LocalAllocation,1152,5,346700,{'interleave': 'random'},0.3467
shared,7,thrashing,FIFO,LocalAllocation,1152,5,1158500,{'interleave': 'random'},1.1585
shared_total,,thrashing,FIFO,LocalAllocation,1152,6,5777900,{'interleave': 'random'},5.7779
shared,0,thrashing,FIFO,LocalAllocation,1152,6,350600,{'interleave': 'random'},0.3506
shared,1,thrashing,FIFO,LocalAllocation,1152,6,348900,{'interleave': 'random'},0.3489
shared,2,thrashing,FIFO,LocalAllocation,1152,6,357600,{'interleave': 'random'},0.3576
shared,3,thrashing,FIFO,LocalAllocation,1152,6,355600,{'interleave': 'random'},0.3556
shared,4,thrashing,FIFO,LocalAllocation,1152,6,364700,{'interleave': 'random'},0.3647
shared,5,thrashing,FIFO,LocalAllocation,1152,6,1159800,{'interleave': 'random'},1.1598
shared,6,thrashing,FIFO,LocalAllocation,1152,6,344500,{'interleave': 'random'},0.3445
shared,7,thrashing,FIFO,LocalAllocation,1152,6,1153200,{'interleave': 'random'},1.1532
shared_total,,thrashing,FIFO,LocalAllocation,1152,7,7907200,{'interleave': 'random'},7.9072
shared,0,thrashing,FIFO,LocalAllocation,1152,7,503300,{'interleave': 'random'},0.5033
shared,1,thrashing,FIFO,LocalAllocation,1152,7,488300,{'interleave': 'random'},0.4883
shared,2,thrashing,FIFO,LocalAllocation,1152,7,491100,{'interleave': 'random'},0.4911
shared,3,thrashing,FIFO,LocalAllocation,1152,7,495400,{'interleave': 'random'},0.4954
shared,4,thrashing,FIFO,LocalAllocation,1152,7,500800,{'interleave': 'random'},0.5008
shared,5,thrashing,FIFO,LocalAllocation,1152,7,1566200,{'interleave': 'random'},1.5662
shared,6,thrashing,FIFO,LocalAllocation,1152,7,479100,{'interleave': 'random'},0.4791
shared,7,thrashing,FIFO,LocalAllocation,1152,7,1588500,{'interleave': 'random'},1.5885
shared_total,,thrashing,FIFO,LocalAllocation,1152,8,5728800,{'interleave': 'random'},5.7288
shared,0,thrashing,FIFO,LocalAllocation,1152,8,346000,{'interleave': 'random'},0.346
shared,1,thrashing,FIFO,LocalAllocation,1152,8,349700,{'interleave': 'random'},0.3497
shared,2,thrashing,FIFO,LocalAllocation,1152,8,354000,{'interleave': 'random'},0.354
shared,3,thrashing,FIFO,LocalAllocation,1152,8,360400,{'interleave': 'random'},0.3604
shared,4,thrashing,FIFO,LocalAllocation,1152,8,359700,{'interleave': 'random'},0.3597
shared,5,thrashing,FIFO,LocalAllocation,1152,8,1159100,{'interleave': 'random'},1.1591
shared,6,thrashing,FIFO,LocalAllocation,1152,8,344600,{'interleave': 'random'},0.3446
shared,7,thrashing,FIFO,LocalAllocation,1152,8,1157300,{'interleave': 'random'},1.1573
shared_total,,thrashing,FIFO,LocalAllocation,1152,9,11043700,{'interleave': 'random'},11.0437
shared,0,thrashing,FIFO,LocalAllocation,1152,9,679600,{'interleave': 'random'},0.6796
shared,1,thrashing,FIFO,LocalAllocation,1152,9,683400,{'interleave': 'random'},0.6834
shared,2,thrashing,FIFO,LocalAllocation,1152,9,689100,{'interleave': 'random'},0.6891
shared,3,thrashing,FIFO,LocalAllocation,1152,9,695100,{'interleave': 'random'},0.6951
shared,4,thrashing,FIFO,LocalAllocation,1152,9,704300,{'interleave': 'random'},0.7043
shared,5,thrashing,FIFO,LocalAllocation,1152,9,2130600,{'interleave': 'random'},2.1306
shared,6,thrashing,FIFO,LocalAllocation,1152,9,679700,{'interleave': 'random'},0.6797
shared,7,thrashing,FIFO,LocalAllocation,1152,9,2155100,{'interleave': 'random'},2.1551
shared_total,,thrashing,FIFO,ProportionalAllocation,1152,0,4151600,{'interleave': 'random'},4.1516
shared,0,thrashing,FIFO,ProportionalAllocation,1152,0,348300,{'interleave': 'random'},0.3483
shared,1,thrashing,FIFO,ProportionalAllocation,1152,0,356000,{'interleave': 'random'},0.356
shared,2,thrashing,FIFO,ProportionalAllocation,1152,0,352600,{'interleave': 'random'},0.3526
shared,3,thrashing,FIFO,ProportionalAllocation,1152,0,362800,{'interleave': 'random'},0.3628
shared,4,thrashing,FIFO,ProportionalAllocation,1152,0,375000,{'interleave': 'random'},0.375
shared,5,thrashing,FIFO,ProportionalAllocation,1152,0,365200,{'interleave': 'random'},0.3652
shared,6,thrashing,FIFO,ProportionalAllocation,1152,0,338800,{'interleave': 'random'},0.3388
shared,7,thrashing,FIFO,ProportionalAllocation,1152,0,381600,{'interleave': 'random'},0.3816
shared_total,,thrashing,FIFO,ProportionalAllocation,1152,1,5166000,{'interleave': 'random'},5.166
shared,0,thrashing,FIFO,ProportionalAllocation,1152,1,443800,{'interleave': 'random'},0.4438
shared,1,thrashing,FIFO,ProportionalAllocation,1152,1,600100,{'interleave': 'random'},0.6001
shared,2,thrashing,FIFO,ProportionalAllocation,1152,1,452600,{'interleave': 'random'},0.4526
shared,3,thrashing,FIFO,ProportionalAllocation,1152,1,433600,{'interleave': 'random'},0.4336
shared,4,thrashing,FIFO,ProportionalAllocation,1152,1,447600,{'interleave': 'random'},0.4476
shared,5,thrashing,FIFO,ProportionalAllocation,1152,1,427700,{'interleave': 'random'},0.4277
shared,6,thrashing,FIFO,ProportionalAllocation,1152,1,404200,{'interleave': 'random'},0.4042
shared,7,thrashing,FIFO,ProportionalAllocation,1152,1,441100,{'interleave': 'random'},0.4411
shared_total,,thrashing,FIFO,ProportionalAllocation,1152,2,4054900,{'interleave': 'random'},4.0549
shared,0,thrashing,FIFO,ProportionalAllocation,1152,2,341700,{'interleave': 'random'},0.3417
shared,1,thrashing,FIFO,ProportionalAllocation,1152,2,341800,{'interleave': 'random'},0.3418
shared,2,thrashing,FIFO,ProportionalAllocation,1152,2,351100,{'interleave': 'random'},0.3511
shared,3,thrashing,FIFO,ProportionalAllocation,1152,2,352200,{'interleave': 'random'},0.3522
shared,4,thrashing,FIFO,ProportionalAllocation,1152,2,358000,{'interleave': 'random'},0.358
shared,5,thrashing,FIFO,ProportionalAllocation,1152,2,359900,{'interleave': 'random'},0.3599
shared,6,thrashing,FIFO,ProportionalAllocation,1152,2,340200,{'interleave': 'random'},0.3402
shared,7,thrashing,FIFO,ProportionalAllocation,1152,2,367100,{'interleave': 'random'},0.3671
shared_total,,thrashing,FIFO,ProportionalAllocation,1152,3,4047400,{'interleave': 'random'},4.0474
shared,0,thrashing,FIFO,ProportionalAllocation,1152,3,342200,{'interleave': 'random'},0.3422
shared,1,thrashing,FIFO,ProportionalAllocation,1152,3,348700,{'interleave': 'random'},0.3487
shared,2,thrashing,FIFO,ProportionalAllocation,1152,3,349100,{'interleave': 'random'},0.3491
shared,3,thrashing,FIFO,ProportionalAllocation,1152,3,348800,{'interleave': 'random'},0.3488
shared,4,thrashing,FIFO,ProportionalAllocation,1152,3,357200,{'interleave': 'random'},0.3572
shared,5,thrashing,FIFO,ProportionalAllocation,1152,3,362200,{'interleave': 'random'},0.3622
shared,6,thrashing,FIFO,ProportionalAllocation,1152,3,334700,{'interleave': 'random'},0.3347
shared,7,thrashing,FIFO,ProportionalAllocation,1152,3,372000,{'interleave': 'random'},0.372
shared_total,,thrashing,FIFO,ProportionalAllocation,1152,4,4057700,{'interleave': 'random'},4.0577
shared,0,thrashing,FIFO,ProportionalAllocation,1152,4,341200,{'interleave': 'random'},0.3412
shared,1,thrashing,FIFO,ProportionalAllocation,1152,4,346100,{'interleave': 'random'},0.3461
shared,2,thrashing,FIFO,ProportionalAllocation,1152,4,347400,{'interleave': 'random'},0.3474
shared,3,thrashing,FIFO,ProportionalAllocation,1152,4,353300,{'interleave': 'random'},0.3533
shared,4,thrashing,FIFO,ProportionalAllocation,1152,4,358200,{'interleave': 'random'},0.3582
shared,5,thrashing,FIFO,ProportionalAllocation,1152,4,363700,{'interleave': 'random'},0.3637
shared,6,thrashing,FIFO,ProportionalAllocation,1152,4,341700,{'interleave': 'random'},0.3417
shared,7,thrashing,FIFO,ProportionalAllocation,1152,4,369200,{'interleave': 'random'},0.3692
shared_total,,thrashing,FIFO,ProportionalAllocation,1152,5,4009400,{'interleave': 'random'},4.0094
shared,0,thrashing,FIFO,ProportionalAllocation,1152,5,338300,{'interleave': 'random'},0.3383
shared,1,thrashing,FIFO,ProportionalAllocation,1152,5,342600,{'interleave': 'random'},0.3426
shared,2,thrashing,FIFO,ProportionalAllocation,1152,5,350200,{'interleave': 'random'},0.3502
shared,3,thrashing,FIFO,ProportionalAllocation,1152,5,345500,{'interleave': 'random'},0.3455
shared,4,thrashing,FIFO,ProportionalAllocation,1152,5,352200,{'interleave': 'random'},0.3522
shared,5,thrashing,FIFO,ProportionalAllocation,1152,5,355100,{'interleave': 'random'},0.3551
shared,6,thrashing,FIFO,ProportionalAllocation,1152,5,330400,{'interleave': 'random'},0.3304
shared,7,thrashing,FIFO,ProportionalAllocation,1152,5,367600,{'interleave': 'random'},0.3676
shared_total,,thrashing,FIFO,ProportionalAllocation,1152,6,4033400,{'interleave': 'random'},4.0334
shared,0,thrashing,FIFO,ProportionalAllocation,1152,6,338100,{'interleave': 'random'},0.3381
shared,1,thrashing,FIFO,ProportionalAllocation,1152,6,341900,{'interleave': 'random'},0.3419
shared,2,thrashing,FIFO,ProportionalAllocation,1152,6,345000,{'interleave': 'random'},0.345
shared,3,thrashing,FIFO,ProportionalAllocation,1152,6,343400,{'interleave': 'random'},0.3434
shared,4,thrashing,FIFO,ProportionalAllocation,1152,6,352500,{'interleave': 'random'},0.3525
shared,5,thrashing,FIFO,ProportionalAllocation,1152,6,385000,{'interleave': 'random'},0.385
shared,6,thrashing,FIFO,ProportionalAllocation,1152,6,337000,{'interleave': 'random'},0.337
shared,7,thrashing,FIFO,ProportionalAllocation,1152,6,363200,{'interleave': 'random'},0.3632
shared_total,,thrashing,FIFO,ProportionalAllocation,1152,7,6678500,{'interleave': 'random'},6.6785
shared,0,thrashing,FIFO,ProportionalAllocation,1152,7,571300,{'interleave': 'random'},0.5713
shared,1,thrashing,FIFO,ProportionalAllocation,1152,7,584400,{'interleave': 'random'},0.5844
shared,2,thrashing,FIFO,ProportionalAllocation,1152,7,575200,{'interleave': 'random'},0.5752
shared,3,thrashing,FIFO,ProportionalAllocation,1152,7,581900,{'interleave': 'random'},0.5819
shared,4,thrashing,FIFO,ProportionalAllocation,1152,7,585700,{'interleave': 'random'},0.5857
shared,5,thrashing,FIFO,ProportionalAllocation,1152,7,587400,{'interleave': 'random'},0.5874
shared,6,thrashing,FIFO,ProportionalAllocation,1152,7,573200,{'interleave': 'random'},0.5732
shared,7,thrashing,FIFO,ProportionalAllocation,1152,7,595500,{'interleave': 'random'},0.5955
shared_total,,thrashing,FIFO,ProportionalAllocation,1152,8,4551600,{'interleave': 'random'},4.5516
shared,0,thrashing,FIFO,ProportionalAllocation,1152,8,385600,{'interleave': 'random'},0.3856
shared,1,thrashing,FIFO,ProportionalAllocation,1152,8,381500,{'interleave': 'random'},0.3815
shared,2,thrashing,FIFO,ProportionalAllocation,1152,8,384100,{'interleave': 'random'},0.3841
shared,3,thrashing,FIFO,ProportionalAllocation,1152,8,399300,{'interleave': 'random'},0.3993
shared,4,thrashing,FIFO,ProportionalAllocation,1152,8,403600,{'interleave': 'random'},0.4036
shared,5,thrashing,FIFO,ProportionalAllocation,1152,8,401800,{'interleave': 'random'},0.4018
shared,6,thrashing,FIFO,ProportionalAllocation,1152,8,375300,{'interleave': 'random'},0.3753
shared,7,thrashing,FIFO,ProportionalAllocation,1152,8,407800,{'interleave': 'random'},0.4078
shared_total,,thrashing,FIFO,ProportionalAllocation,1152,9,4089100,{'interleave': 'random'},4.0891
shared,0,thrashing,FIFO,ProportionalAllocation,1152,9,343300,{'interleave': 'random'},0.3433
shared,1,thrashing,FIFO,ProportionalAllocation,1152,9,347700,{'interleave': 'random'},0.3477
shared,2,thrashing,FIFO,ProportionalAllocation,1152,9,352300,{'interleave': 'random'},0.3523
shared,3,thrashing,FIFO,ProportionalAllocation,1152,9,359100,{'interleave': 'random'},0.3591
shared,4,thrashing,FIFO,ProportionalAllocation,1152,9,359400,{'interleave': 'random'},0.3594
shared,5,thrashing,FIFO,ProportionalAllocation,1152,9,360500,{'interleave': 'random'},0.3605
shared,6,thrashing,FIFO,ProportionalAllocation,1152,9,340800,{'interleave': 'random'},0.3408
shared,7,thrashing,FIFO,ProportionalAllocation,1152,9,372200,{'interleave': 'random'},0.3722
shared_total,,thrashing,LRU,GlobalAllocation,1152,0,7756700,{'interleave': 'random'},7.7567
shared,0,thrashing,LRU,GlobalAllocation,1152,0,701700,{'interleave': 'random'},0.7017
shared,1,thrashing,LRU,GlobalAllocation,1152,0,796300,{'interleave': 'random'},0.7963
shared,2,thrashing,LRU,GlobalAllocation,1152,0,803200,{'interleave': 'random'},0.8032
shared,3,thrashing,LRU,GlobalAllocation,1152,0,802600,{'interleave': 'random'},0.8026
shared,4,thrashing,LRU,GlobalAllocation,1152,0,826800,{'interleave': 'random'},0.8268
shared,5,thrashing,LRU,GlobalAllocation,1152,0,835500,{'interleave': 'random'},0.8355
shared,6,thrashing,LRU,GlobalAllocation,1152,0,775900,{'interleave': 'random'},0.7759
shared,7,thrashing,LRU,GlobalAllocation,1152,0,851300,{'interleave': 'random'},0.8513
shared_total,,thrashing,LRU,GlobalAllocation,1152,1,7841400,{'interleave': 'random'},7.8414
shared,0,thrashing,LRU,GlobalAllocation,1152,1,715400,{'interleave': 'random'},0.7154
shared,1,thrashing,LRU,GlobalAllocation,1152,1,817900,{'interleave': 'random'},0.8179
shared,2,thrashing,LRU,GlobalAllocation,1152,1,809900,{'interleave': 'random'},0.8099
shared,3,thrashing,LRU,GlobalAllocation,1152,1,857300,{'interleave': 'random'},0.8573
shared,4,thrashing,LRU,GlobalAllocation,1152,1,824700,{'interleave': 'random'},0.8247
shared,5,thrashing,LRU,GlobalAllocation,1152,1,814000,{'interleave': 'random'},0.814
shared,6,thrashing,LRU,GlobalAllocation,1152,1,776900,{'interleave': 'random'},0.7769
shared,7,thrashing,LRU,GlobalAllocation,1152,1,857300,{'interleave': 'random'},0.8573
shared_total,,thrashing,LRU,GlobalAllocation,1152,2,7636300,{'interleave': 'random'},7.6363
shared,0,thrashing,LRU,GlobalAllocation,1152,2,677800,{'interleave': 'random'},0.6778
shared,1,thrashing,LRU,GlobalAllocation,1152,2,774400,{'interleave': 'random'},0.7744
shared,2,thrashing,LRU,GlobalAllocation,1152,2,832300,{'interleave': 'random'},0.8323
shared,3,thrashing,LRU,GlobalAllocation,1152,2,796900,{'interleave': 'random'},0.7969
shared,4,thrashing,LRU,GlobalAllocation,1152,2,814200,{'interleave': 'random'},0.8142
shared,5,thrashing,LRU,GlobalAllocation,1152,2,810600,{'interleave': 'random'},0.8106
shared,6,thrashing,LRU,GlobalAllocation,1152,2,758900,{'interleave': 'random'},0.7589
shared,7,thrashing,LRU,GlobalAllocation,1152,2,822800,{'interleave': 'random'},0.8228
shared_total,,thrashing,LRU,GlobalAllocation,1152,3,7842100,{'interleave': 'random'},7.8421
shared,0,thrashing,LRU,GlobalAllocation,1152,3,727700,{'interleave': 'random'},0.7277
shared,1,thrashing,LRU,GlobalAllocation,1152,3,840300,{'interleave': 'random'},0.8403
shared,2,thrashing,LRU,GlobalAllocation,1152,3,805600,{'interleave': 'random'},0.8056
shared,3,thrashing,LRU,GlobalAllocation,1152,3,812400,{'interleave': 'random'},0.8124
shared,4,thrashing,LRU,GlobalAllocation,1152,3,806200,{'interleave': 'random'},0.8062
shared,5,thrashing,LRU,GlobalAllocation,1152,3,834400,{'interleave': 'random'},0.8344
shared,6,thrashing,LRU,GlobalAllocation,1152,3,799200,{'interleave': 'random'},0.7992
shared,7,thrashing,LRU,GlobalAllocation,1152,3,839000,{'interleave': 'random'},0.839
shared_total,,thrashing,LRU,GlobalAllocation,1152,4,7749800,{'interleave': 'random'},7.7498
shared,0,thrashing,LRU,GlobalAllocation,1152,4,700200,{'interleave': 'random'},0.7002
shared,1,thrashing,LRU,GlobalAllocation,1152,4,818200,{'interleave': 'random'},0.8182
shared,2,thrashing,LRU,GlobalAllocation,1152,4,794800,{'interleave': 'random'},0.7948
shared,3,thrashing,LRU,GlobalAllocation,1152,4,839100,{'interleave': 'random'},0.8391
shared,4,thrashing,LRU,GlobalAllocation,1152,4,801800,{'interleave': 'random'},0.8018
shared,5,thrashing,LRU,GlobalAllocation,1152,4,816900,{'interleave': 'random'},0.8169
shared,6,thrashing,LRU,GlobalAllocation,1152,4,749000,{'interleave': 'random'},0.749
shared,7,thrashing,LRU,GlobalAllocation,1152,4,835600,{'interleave': 'random'},0.8356
shared_total,,thrashing,LRU,GlobalAllocation,1152,5,7788500,{'interleave': 'random'},7.7885
shared,0,thrashing,LRU,GlobalAllocation,1152,5,703400,{'interleave': 'random'},0.7034
shared,1,thrashing,LRU,GlobalAllocation,1152,5,797400,{'interleave': 'random'},0.7974
shared,2,thrashing,LRU,GlobalAllocation,1152,5,840600,{'interleave': 'random'},0.8406
shared,3,thrashing,LRU,GlobalAllocation,1152,5,815100,{'interleave': 'random'},0.8151
shared,4,thrashing,LRU,GlobalAllocation,1152,5,837600,{'interleave': 'random'},0.8376
shared,5,thrashing,LRU,GlobalAllocation,1152,5,824600,{'interleave': 'random'},0.8246
shared,6,thrashing,LRU,GlobalAllocation,1152,5,781300,{'interleave': 'random'},0.7813
shared,7,thrashing,LRU,GlobalAllocation,1152,5,834100,{'interleave': 'random'},0.8341
shared_total,,thrashing,LRU,GlobalAllocation,1152,6,7780300,{'interleave': 'random'},7.7803
shared,0,thrashing,LRU,GlobalAllocation,1152,6,763000,{'interleave': 'random'},0.763
shared,1,thrashing,LRU,GlobalAllocation,1152,6,789500,{'interleave': 'random'},0.7895
shared,2,thrashing,LRU,GlobalAllocation,1152,6,815500,{'interleave': 'random'},0.8155
shared,3,thrashing,LRU,GlobalAllocation,1152,6,801100,{'interleave': 'random'},0.8011
shared,4,thrashing,LRU,GlobalAllocation,1152,6,811700,{'interleave': 'random'},0.8117
shared,5,thrashing,LRU,GlobalAllocation,1152,6,833600,{'interleave': 'random'},0.8336
shared,6,thrashing,LRU,GlobalAllocation,1152,6,764000,{'interleave': 'random'},0.764
shared,7,thrashing,LRU,GlobalAllocation,1152,6,858300,{'interleave': 'random'},0.8583
shared_total,,thrashing,LRU,GlobalAllocation,1152,7,7400700,{'interleave': 'random'},7.4007
shared,0,thrashing,LRU,GlobalAllocation,1152,7,685400,{'interleave': 'random'},0.6854
shared,1,thrashing,LRU,GlobalAllocation,1152,7,761100,{'interleave': 'random'},0.7611
shared,2,thrashing,LRU,GlobalAllocation,1152,7,771600,{'interleave': 'random'},0.7716
shared,3,thrashing,LRU,GlobalAllocation,1152,7,760000,{'interleave': 'random'},0.76
shared,4,thrashing,LRU,GlobalAllocation,1152,7,773600,{'interleave': 'random'},0.7736
shared,5,thrashing,LRU,GlobalAllocation,1152,7,810700,{'interleave': 'random'},0.8107
shared,6,thrashing,LRU,GlobalAllocation,1152,7,755500,{'interleave': 'random'},0.7555
shared,7,thrashing,LRU,GlobalAllocation,1152,7,793900,{'interleave': 'random'},0.7939
shared_total,,thrashing,LRU,GlobalAllocation,1152,8,7715600,{'interleave': 'random'},7.7156
shared,0,thrashing,LRU,GlobalAllocation,1152,8,712200,{'interleave': 'random'},0.7122
shared,1,thrashing,LRU,GlobalAllocation,1152,8,793800,{'interleave': 'random'},0.7938
shared,2,thrashing,LRU,GlobalAllocation,1152,8,799900,{'interleave': 'random'},0.7999
shared,3,thrashing,LRU,GlobalAllocation,1152,8,799600,{'interleave': 'random'},0.7996
shared,4,thrashing,LRU,GlobalAllocation,1152,8,833400,{'interleave': 'random'},0.8334
shared,5,thrashing,LRU,GlobalAllocation,1152,8,829300,{'interleave': 'random'},0.8293
shared,6,thrashing,LRU,GlobalAllocation,1152,8,739500,{'interleave': 'random'},0.7395
shared,7,thrashing,LRU,GlobalAllocation,1152,8,834300,{'interleave': 'random'},0.8343
shared_total,,thrashing,LRU,GlobalAllocation,1152,9,7719100,{'interleave': 'random'},7.7191
shared,0,thrashing,LRU,GlobalAllocation,1152,9,752900,{'interleave': 'random'},0.7529
shared,1,thrashing,LRU,GlobalAllocation,1152,9,785000,{'interleave': 'random'},0.785
shared,2,thrashing,LRU,GlobalAllocation,1152,9,800800,{'interleave': 'random'},0.8008
shared,3,thrashing,LRU,GlobalAllocation,1152,9,801500,{'interleave': 'random'},0.8015
shared,4,thrashing,LRU,GlobalAllocation,1152,9,793100,{'interleave': 'random'},0.7931
shared,5,thrashing,LRU,GlobalAllocation,1152,9,819900,{'interleave': 'random'},0.8199
shared,6,thrashing,LRU,GlobalAllocation,1152,9,775800,{'interleave': 'random'},0.7758
shared,7,thrashing,LRU,GlobalAllocation,1152,9,832200,{'interleave': 'random'},0.8322
shared_total,,thrashing,LRU,LocalAllocation,1152,0,7281700,{'interleave': 'random'},7.2817
shared,0,thrashing,LRU,LocalAllocation,1152,0,502600,{'interleave': 'random'},0.5026
shared,1,thrashing,LRU,LocalAllocation,1152,0,498200,{'interleave': 'random'},0.4982
shared,2,thrashing,LRU,LocalAllocation,1152,0,507400,{'interleave': 'random'},0.5074
shared,3,thrashing,LRU,LocalAllocation,1152,0,512400,{'interleave': 'random'},0.5124
shared,4,thrashing,LRU,LocalAllocation,1152,0,513300,{'interleave': 'random'},0.5133
shared,5,thrashing,LRU,LocalAllocation,1152,0,1442000,{'interleave': 'random'},1.442
shared,6,thrashing,LRU,LocalAllocation,1152,0,504800,{'interleave': 'random'},0.5048
shared,7,thrashing,LRU,LocalAllocation,1152,0,1429600,{'interleave': 'random'},1.4296
shared_total,,thrashing,LRU,LocalAllocation,1152,1,7149000,{'interleave': 'random'},7.149
shared,0,thrashing,LRU,LocalAllocation,1152,1,499300,{'interleave': 'random'},0.4993
shared,1,thrashing,LRU,LocalAllocation,1152,1,496700,{'interleave': 'random'},0.4967
shared,2,thrashing,LRU,LocalAllocation,1152,1,499600,{'interleave': 'random'},0.4996
shared,3,thrashing,LRU,LocalAllocation,1152,1,504300,{'interleave': 'random'},0.5043
shared,4,thrashing,LRU,LocalAllocation,1152,1,509200,{'interleave': 'random'},0.5092
shared,5,thrashing,LRU,LocalAllocation,1152,1,1406500,{'interleave': 'random'},1.4065
shared,6,thrashing,LRU,LocalAllocation,1152,1,498000,{'interleave': 'random'},0.498
shared,7,thrashing,LRU,LocalAllocation,1152,1,1397600,{'interleave': 'random'},1.3976
shared_total,,thrashing,LRU,LocalAllocation,1152,2,7648900,{'interleave': 'random'},7.6489
shared,0,thrashing,LRU,LocalAllocation,1152,2,527800,{'interleave': 'random'},0.5278
shared,1,thrashing,LRU,LocalAllocation,1152,2,531200,{'interleave': 'random'},0.5312
shared,2,thrashing,LRU,LocalAllocation,1152,2,544900,{'interleave': 'random'},0.5449
shared,3,thrashing,LRU,LocalAllocation,1152,2,545100,{'interleave': 'random'},0.5451
shared,4,thrashing,LRU,LocalAllocation,1152,2,544900,{'interleave': 'random'},0.5449
shared,5,thrashing,LRU,LocalAllocation,1152,2,1491300,{'interleave': 'random'},1.4913
shared,6,thrashing,LRU,LocalAllocation,1152,2,529300,{'interleave': 'random'},0.5293
shared,7,thrashing,LRU,LocalAllocation,1152,2,1491300,{'interleave': 'random'},1.4913
shared_total,,thrashing,LRU,LocalAllocation,1152,3,7195600,{'interleave': 'random'},7.1956
shared,0,thrashing,LRU,LocalAllocation,1152,3,498100,{'interleave': 'random'},0.4981
shared,1,thrashing,LRU,LocalAllocation,1152,3,506300,{'interleave': 'random'},0.5063
shared,2,thrashing,LRU,LocalAllocation,1152,3,509600,{'interleave': 'random'},0.5096
shared,3,thrashing,LRU,LocalAllocation,1152,3,510400,{'interleave': 'random'},0.5104
shared,4,thrashing,LRU,LocalAllocation,1152,3,512900,{'interleave': 'random'},0.5129
shared,5,thrashing,LRU,LocalAllocation,1152,3,1413300,{'interleave': 'random'},1.4133
shared,6,thrashing,LRU,LocalAllocation,1152,3,503100,{'interleave': 'random'},0.5031
shared,7,thrashing,LRU,LocalAllocation,1152,3,1407600,{'interleave': 'random'},1.4076
shared_total,,thrashing,LRU,LocalAllocation,1152,4,7189800,{'interleave': 'random'},7.1898
shared,0,thrashing,LRU,LocalAllocation,1152,4,496800,{'interleave': 'random'},0.4968
shared,1,thrashing,LRU,LocalAllocation,1152,4,498600,{'interleave': 'random'},0.4986
shared,2,thrashing,LRU,LocalAllocation,1152,4,498100,{'interleave': 'random'},0.4981
shared,3,thrashing,LRU,LocalAllocation,1152,4,506500,{'interleave': 'random'},0.5065
shared,4,thrashing,LRU,LocalAllocation,1152,4,524000,{'interleave': 'random'},0.524
shared,5,thrashing,LRU,LocalAllocation,1152,4,1420000,{'interleave': 'random'},1.42
shared,6,thrashing,LRU,LocalAllocation,1152,4,501400,{'interleave': 'random'},0.5014
shared,7,thrashing,LRU,LocalAllocation,1152,4,1408000,{'interleave': 'random'},1.408
shared_total,,thrashing,LRU,LocalAllocation,1152,5,7580900,{'interleave': 'random'},7.5809
shared,0,thrashing,LRU,LocalAllocation,1152,5,534800,{'interleave': 'random'},0.5348
shared,1,thrashing,LRU,LocalAllocation,1152,5,521800,{'interleave': 'random'},0.5218
shared,2,thrashing,LRU,LocalAllocation,1152,5,526100,{'interleave': 'random'},0.5261
shared,3,thrashing,LRU,LocalAllocation,1152,5,528800,{'interleave': 'random'},0.5288
shared,4,thrashing,LRU,LocalAllocation,1152,5,537400,{'interleave': 'random'},0.5374
shared,5,thrashing,LRU,LocalAllocation,1152,5,1457300,{'interleave': 'random'},1.4573
shared,6,thrashing,LRU,LocalAllocation,1152,5,547000,{'interleave': 'random'},0.547
shared,7,thrashing,LRU,LocalAllocation,1152,5,1491500,{'interleave': 'random'},1.4915
shared_total,,thrashing,LRU,LocalAllocation,1152,6,7166500,{'interleave': 'random'},7.1665
shared,0,thrashing,LRU,LocalAllocation,1152,6,493100,{'interleave': 'random'},0.4931
shared,1,thrashing,LRU,LocalAllocation,1152,6,500900,{'interleave': 'random'},0.5009
shared,2,thrashing,LRU,LocalAllocation,1152,6,494700,{'interleave': 'random'},0.4947
shared,3,thrashing,LRU,LocalAllocation,1152,6,500800,{'interleave': 'random'},0.5008
shared,4,thrashing,LRU,LocalAllocation,1152,6,508200,{'interleave': 'random'},0.5082
shared,5,thrashing,LRU,LocalAllocation,1152,6,1410400,{'interleave': 'random'},1.4104
shared,6,thrashing,LRU,LocalAllocation,1152,6,498000,{'interleave': 'random'},0.498
shared,7,thrashing,LRU,LocalAllocation,1152,6,1413900,{'interleave': 'random'},1.4139
shared_total,,thrashing,LRU,LocalAllocation,1152,7,7664500,{'interleave': 'random'},7.6645
shared,0,thrashing,LRU,LocalAllocation,1152,7,533200,{'interleave': 'random'},0.5332
shared,1,thrashing,LRU,LocalAllocation,1152,7,531100,{'interleave': 'random'},0.5311
shared,2,thrashing,LRU,LocalAllocation,1152,7,533800,{'interleave': 'random'},0.5338
shared,3,thrashing,LRU,LocalAllocation,1152,7,543600,{'interleave': 'random'},0.5436
shared,4,thrashing,LRU,LocalAllocation,1152,7,537200,{'interleave': 'random'},0.5372
shared,5,thrashing,LRU,LocalAllocation,1152,7,1510400,{'interleave': 'random'},1.5104
shared,6,thrashing,LRU,LocalAllocation,1152,7,523200,{'interleave': 'random'},0.5232
shared,7,thrashing,LRU,LocalAllocation,1152,7,1499900,{'interleave': 'random'},1.4999
shared_total,,thrashing,LRU,LocalAllocation,1152,8,7211700,{'interleave': 'random'},7.2117
shared,0,thrashing,LRU,LocalAllocation,1152,8,494900,{'interleave': 'random'},0.4949
shared,1,thrashing,LRU,LocalAllocation,1152,8,499300,{'interleave': 'random'},0.4993
shared,2,thrashing,LRU,LocalAllocation,1152,8,507800,{'interleave': 'random'},0.5078
shared,3,thrashing,LRU,LocalAllocation,1152,8,518100,{'interleave': 'random'},0.5181
shared,4,thrashing,LRU,LocalAllocation,1152,8,510700,{'interleave': 'random'},0.5107
shared,5,thrashing,LRU,LocalAllocation,1152,8,1415600,{'interleave': 'random'},1.4156
shared,6,thrashing,LRU,LocalAllocation,1152,8,502300,{'interleave': 'random'},0.5023
shared,7,thrashing,LRU,LocalAllocation,1152,8,1407100,{'interleave': 'random'},1.4071
shared_total,,thrashing,LRU,LocalAllocation,1152,9,7131400,{'interleave': 'random'},7.1314
shared,0,thrashing,LRU,LocalAllocation,1152,9,493100,{'interleave': 'random'},0.4931
shared,1,thrashing,LRU,LocalAllocation,1152,9,499300,{'interleave': 'random'},0.4993
shared,2,thrashing,LRU,LocalAllocation,1152,9,499400,{'interleave': 'random'},0.4994
shared,3,thrashing,LRU,LocalAllocation,1152,9,502600,{'interleave': 'random'},0.5026
shared,4,thrashing,LRU,LocalAllocation,1152,9,510500,{'interleave': 'random'},0.5105
shared,5,thrashing,LRU,LocalAllocation,1152,9,1410200,{'interleave': 'random'},1.4102
shared,6,thrashing,LRU,LocalAllocation,1152,9,488900,{'interleave': 'random'},0.4889
shared,7,thrashing,LRU,LocalAllocation,1152,9,1397100,{'interleave': 'random'},1.3971
shared_total,,thrashing,LRU,ProportionalAllocation,1152,0,5235500,{'interleave': 'random'},5.2355
shared,0,thrashing,LRU,ProportionalAllocation,1152,0,481800,{'interleave': 'random'},0.4818
shared,1,thrashing,LRU,ProportionalAllocation,1152,0,480500,{'interleave': 'random'},0.4805
shared,2,thrashing,LRU,ProportionalAllocation,1152,0,485500,{'interleave': 'random'},0.4855
shared,3,thrashing,LRU,ProportionalAllocation,1152,0,488300,{'interleave': 'random'},0.4883
shared,4,thrashing,LRU,ProportionalAllocation,1152,0,489900,{'interleave': 'random'},0.4899
shared,5,thrashing,LRU,ProportionalAllocation,1152,0,497100,{'interleave': 'random'},0.4971
shared,6,thrashing,LRU,ProportionalAllocation,1152,0,491000,{'interleave': 'random'},0.491
shared,7,thrashing,LRU,ProportionalAllocation,1152,0,504800,{'interleave': 'random'},0.5048
shared_total,,thrashing,LRU,ProportionalAllocation,1152,1,6930100,{'interleave': 'random'},6.9301
shared,0,thrashing,LRU,ProportionalAllocation,1152,1,646000,{'interleave': 'random'},0.646
shared,1,thrashing,LRU,ProportionalAllocation,1152,1,638200,{'interleave': 'random'},0.6382
shared,2,thrashing,LRU,ProportionalAllocation,1152,1,652700,{'interleave': 'random'},0.6527
shared,3,thrashing,LRU,ProportionalAllocation,1152,1,652900,{'interleave': 'random'},0.6529
shared,4,thrashing,LRU,ProportionalAllocation,1152,1,657100,{'interleave': 'random'},0.6571
shared,5,thrashing,LRU,ProportionalAllocation,1152,1,641100,{'interleave': 'random'},0.6411
shared,6,thrashing,LRU,ProportionalAllocation,1152,1,667900,{'interleave': 'random'},0.6679
shared,7,thrashing,LRU,ProportionalAllocation,1152,1,669300,{'interleave': 'random'},0.6693
shared_total,,thrashing,LRU,ProportionalAllocation,1152,2,5271600,{'interleave': 'random'},5.2716
shared,0,thrashing,LRU,ProportionalAllocation,1152,2,480000,{'interleave': 'random'},0.48
shared,1,thrashing,LRU,ProportionalAllocation,1152,2,483400,{'interleave': 'random'},0.4834
shared,2,thrashing,LRU,ProportionalAllocation,1152,2,490500,{'interleave': 'random'},0.4905
shared,3,thrashing,LRU,ProportionalAllocation,1152,2,489900,{'interleave': 'random'},0.4899
shared,4,thrashing,LRU,ProportionalAllocation,1152,2,491200,{'interleave': 'random'},0.4912
shared,5,thrashing,LRU,ProportionalAllocation,1152,2,492900,{'interleave': 'random'},0.4929
shared,6,thrashing,LRU,ProportionalAllocation,1152,2,478700,{'interleave': 'random'},0.4787
shared,7,thrashing,LRU,ProportionalAllocation,1152,2,505500,{'interleave': 'random'},0.5055
shared_total,,thrashing,LRU,ProportionalAllocation,1152,3,5247700,{'interleave': 'random'},5.2477
shared,0,thrashing,LRU,ProportionalAllocation,1152,3,479600,{'interleave': 'random'},0.4796
shared,1,thrashing,LRU,ProportionalAllocation,1152,3,485600,{'interleave': 'random'},0.4856
shared,2,thrashing,LRU,ProportionalAllocation,1152,3,488200,{'interleave': 'random'},0.4882
shared,3,thrashing,LRU,ProportionalAllocation,1152,3,486500,{'interleave': 'random'},0.4865
shared,4,thrashing,LRU,ProportionalAllocation,1152,3,488900,{'interleave': 'random'},0.4889
shared,5,thrashing,LRU,ProportionalAllocation,1152,3,497400,{'interleave': 'random'},0.4974
shared,6,thrashing,LRU,ProportionalAllocation,1152,3,481700,{'interleave': 'random'},0.4817
shared,7,thrashing,LRU,ProportionalAllocation,1152,3,503100,{'interleave': 'random'},0.5031
shared_total,,thrashing,LRU,ProportionalAllocation,1152,4,6911700,{'interleave': 'random'},6.9117
shared,0,thrashing,LRU,ProportionalAllocation,1152,4,648800,{'interleave': 'random'},0.6488
shared,1,thrashing,LRU,ProportionalAllocation,1152,4,653000,{'interleave': 'random'},0.653
shared,2,thrashing,LRU,ProportionalAllocation,1152,4,652500,{'interleave': 'random'},0.6525
shared,3,thrashing,LRU,ProportionalAllocation,1152,4,665200,{'interleave': 'random'},0.6652
shared,4,thrashing,LRU,ProportionalAllocation,1152,4,667100,{'interleave': 'random'},0.6671
shared,5,thrashing,LRU,ProportionalAllocation,1152,4,679800,{'interleave': 'random'},0.6798
shared,6,thrashing,LRU,ProportionalAllocation,1152,4,645300,{'interleave': 'random'},0.6453
shared,7,thrashing,LRU,ProportionalAllocation,1152,4,681500,{'interleave': 'random'},0.6815
shared_total,,thrashing,LRU,ProportionalAllocation,1152,5,5230200,{'interleave': 'random'},5.2302
shared,0,thrashing,LRU,ProportionalAllocation,1152,5,476600,{'interleave': 'random'},0.4766
shared,1,thrashing,LRU,ProportionalAllocation,1152,5,482400,{'interleave': 'random'},0.4824
shared,2,thrashing,LRU,ProportionalAllocation,1152,5,481200,{'interleave': 'random'},0.4812
shared,3,thrashing,LRU,ProportionalAllocation,1152,5,485200,{'interleave': 'random'},0.4852
shared,4,thrashing,LRU,ProportionalAllocation,1152,5,486300,{'interleave': 'random'},0.4863
shared,5,thrashing,LRU,ProportionalAllocation,1152,5,494400,{'interleave': 'random'},0.4944
shared,6,thrashing,LRU,ProportionalAllocation,1152,5,484100,{'interleave': 'random'},0.4841
shared,7,thrashing,LRU,ProportionalAllocation,1152,5,503500,{'interleave': 'random'},0.5035
shared_total,,thrashing,LRU,ProportionalAllocation,1152,6,5308300,{'interleave': 'random'},5.3083
shared,0,thrashing,LRU,ProportionalAllocation,1152,6,487300,{'interleave': 'random'},0.4873
shared,1,thrashing,LRU,ProportionalAllocation,1152,6,494600,{'interleave': 'random'},0.4946
shared,2,thrashing,LRU,ProportionalAllocation,1152,6,492200,{'interleave': 'random'},0.4922
shared,3,thrashing,LRU,ProportionalAllocation,1152,6,499000,{'interleave': 'random'},0.499
shared,4,thrashing,LRU,ProportionalAllocation,1152,6,500300,{'interleave': 'random'},0.5003
shared,5,thrashing,LRU,ProportionalAllocation,1152,6,498100,{'interleave': 'random'},0.4981
shared,6,thrashing,LRU,ProportionalAllocation,1152,6,496400,{'interleave': 'random'},0.4964
shared,7,thrashing,LRU,ProportionalAllocation,1152,6,525100,{'interleave': 'random'},0.5251
shared_total,,thrashing,LRU,ProportionalAllocation,1152,7,5366500,{'interleave': 'random'},5.3665
shared,0,thrashing,LRU,ProportionalAllocation,1152,7,489200,{'interleave': 'random'},0.4892
shared,1,thrashing,LRU,ProportionalAllocation,1152,7,511900,{'interleave': 'random'},0.5119
shared,2,thrashing,LRU,ProportionalAllocation,1152,7,499700,{'interleave': 'random'},0.4997
shared,3,thrashing,LRU,ProportionalAllocation,1152,7,507200,{'interleave': 'random'},0.5072
shared,4,thrashing,LRU,ProportionalAllocation,1152,7,508700,{'interleave': 'random'},0.5087
shared,5,thrashing,LRU,ProportionalAllocation,1152,7,502900,{'interleave': 'random'},0.5029
shared,6,thrashing,LRU,ProportionalAllocation,1152,7,497800,{'interleave': 'random'},0.4978
shared,7,thrashing,LRU,ProportionalAllocation,1152,7,519200,{'interleave': 'random'},0.5192
shared_total,,thrashing,LRU,ProportionalAllocation,1152,8,5336600,{'interleave': 'random'},5.3366
shared,0,thrashing,LRU,ProportionalAllocation,1152,8,492400,{'interleave': 'random'},0.4924
shared,1,thrashing,LRU,ProportionalAllocation,1152,8,501700,{'interleave': 'random'},0.5017
shared,2,thrashing,LRU,ProportionalAllocation,1152,8,501400,{'interleave': 'random'},0.5014
shared,3,thrashing,LRU,ProportionalAllocation,1152,8,504200,{'interleave': 'random'},0.5042
shared,4,thrashing,LRU,ProportionalAllocation,1152,8,508800,{'interleave': 'random'},0.5088
shared,5,thrashing,LRU,ProportionalAllocation,1152,8,509800,{'interleave': 'random'},0.5098
shared,6,thrashing,LRU,ProportionalAllocation,1152,8,496200,{'interleave': 'random'},0.4962
shared,7,thrashing,LRU,ProportionalAllocation,1152,8,519600,{'interleave': 'random'},0.5196
shared_total,,thrashing,LRU,ProportionalAllocation,1152,9,11261200,{'interleave': 'random'},11.2612
shared,0,thrashing,LRU,ProportionalAllocation,1152,9,1005700,{'interleave': 'random'},1.0057
shared,1,thrashing,LRU,ProportionalAllocation,1152,9,1010500,{'interleave': 'random'},1.0105
shared,2,thrashing,LRU,ProportionalAllocation,1152,9,1019800,{'interleave': 'random'},1.0198
shared,3,thrashing,LRU,ProportionalAllocation,1152,9,1021800,{'interleave': 'random'},1.0218
shared,4,thrashing,LRU,ProportionalAllocation,1152,9,1063900,{'interleave': 'random'},1.0639
shared,5,thrashing,LRU,ProportionalAllocation,1152,9,1057400,{'interleave': 'random'},1.0574
shared,6,thrashing,LRU,ProportionalAllocation,1152,9,992200,{'interleave': 'random'},0.9922
shared,7,thrashing,LRU,ProportionalAllocation,1152,9,1090900,{'interleave': 'random'},1.0909
shared_total,,thrashing,NRU,GlobalAllocation,1152,0,9001100,{'interleave': 'random'},9.0011
shared,0,thrashing,NRU,GlobalAllocation,1152,0,903700,{'interleave': 'random'},0.9037
shared,1,thrashing,NRU,GlobalAllocation,1152,0,916600,{'interleave': 'random'},0.9166
shared,2,thrashing,NRU,GlobalAllocation,1152,0,1109600,{'interleave': 'random'},1.1096
shared,3,thrashing,NRU,GlobalAllocation,1152,0,885800,{'interleave': 'random'},0.8858
shared,4,thrashing,NRU,GlobalAllocation,1152,0,967800,{'interleave': 'random'},0.9678
shared,5,thrashing,NRU,GlobalAllocation,1152,0,902700,{'interleave': 'random'},0.9027
shared,6,thrashing,NRU,GlobalAllocation,1152,0,926200,{'interleave': 'random'},0.9262
shared,7,thrashing,NRU,GlobalAllocation,1152,0,1013500,{'interleave': 'random'},1.0135
shared_total,,thrashing,NRU,GlobalAllocation,1152,1,8980200,{'interleave': 'random'},8.9802
shared,0,thrashing,NRU,GlobalAllocation,1152,1,831900,{'interleave': 'random'},0.8319
shared,1,thrashing,NRU,GlobalAllocation,1152,1,879000,{'interleave': 'random'},0.879
shared,2,thrashing,NRU,GlobalAllocation,1152,1,978200,{'interleave': 'random'},0.9782
shared,3,thrashing,NRU,GlobalAllocation,1152,1,1044400,{'interleave': 'random'},1.0444
shared,4,thrashing,NRU,GlobalAllocation,1152,1,1004500,{'interleave': 'random'},1.0045
shared,5,thrashing,NRU,GlobalAllocation,1152,1,1020700,{'interleave': 'random'},1.0207
shared,6,thrashing,NRU,GlobalAllocation,1152,1,858200,{'interleave': 'random'},0.8582
shared,7,thrashing,NRU,GlobalAllocation,1152,1,1002500,{'interleave': 'random'},1.0025
shared_total,,thrashing,NRU,GlobalAllocation,1152,2,9326200,{'interleave': 'random'},9.3262
shared,0,thrashing,NRU,GlobalAllocation,1152,2,883400,{'interleave': 'random'},0.8834
shared,1,thrashing,NRU,GlobalAllocation,1152,2,959600,{'interleave': 'random'},0.9596
shared,2,thrashing,NRU,GlobalAllocation,1152,2,1046400,{'interleave': 'random'},1.0464
shared,3,thrashing,NRU,GlobalAllocation,1152,2,1003500,{'interleave': 'random'},1.0035
shared,4,thrashing,NRU,GlobalAllocation,1152,2,987500,{'interleave': 'random'},0.9875
shared,5,thrashing,NRU,GlobalAllocation,1152,2,1024500,{'interleave': 'random'},1.0245
shared,6,thrashing,NRU,GlobalAllocation,1152,2,916800,{'interleave': 'random'},0.9168
shared,7,thrashing,NRU,GlobalAllocation,1152,2,1065500,{'interleave': 'random'},1.0655
shared_total,,thrashing,NRU,GlobalAllocation,1152,3,9056200,{'interleave': 'random'},9.0562
shared,0,thrashing,NRU,GlobalAllocation,1152,3,886200,{'interleave': 'random'},0.8862
shared,1,thrashing,NRU,GlobalAllocation,1152,3,1079300,{'interleave': 'random'},1.0793
shared,2,thrashing,NRU,GlobalAllocation,1152,3,961700,{'interleave': 'random'},0.9617
shared,3,thrashing,NRU,GlobalAllocation,1152,3,959900,{'interleave': 'random'},0.9599
shared,4,thrashing,NRU,GlobalAllocation,1152,3,1015700,{'interleave': 'random'},1.0157
shared,5,thrashing,NRU,GlobalAllocation,1152,3,929500,{'interleave': 'random'},0.9295
shared,6,thrashing,NRU,GlobalAllocation,1152,3,945500,{'interleave': 'random'},0.9455
shared,7,thrashing,NRU,GlobalAllocation,1152,3,922400,{'interleave': 'random'},0.9224
shared_total,,thrashing,NRU,GlobalAllocation,1152,4,8994800,{'interleave': 'random'},8.9948
shared,0,thrashing,NRU,GlobalAllocation,1152,4,854500,{'interleave': 'random'},0.8545
shared,1,thrashing,NRU,GlobalAllocation,1152,4,1003900,{'interleave': 'random'},1.0039
shared,2,thrashing,NRU,GlobalAllocation,1152,4,929100,{'interleave': 'random'},0.9291
shared,3,thrashing,NRU,GlobalAllocation,1152,4,982100,{'interleave': 'random'},0.9821
shared,4,thrashing,NRU,GlobalAllocation,1152,4,923200,{'interleave': 'random'},0.9232
shared,5,thrashing,NRU,GlobalAllocation,1152,4,1063200,{'interleave': 'random'},1.0632
shared,6,thrashing,NRU,GlobalAllocation,1152,4,901100,{'interleave': 'random'},0.9011
shared,7,thrashing,NRU,GlobalAllocation,1152,4,984800,{'interleave': 'random'},0.9848
shared_total,,thrashing,NRU,GlobalAllocation,1152,5,9074100,{'interleave': 'random'},9.0741
shared,0,thrashing,NRU,GlobalAllocation,1152,5,996600,{'interleave': 'random'},0.9966
shared,1,thrashing,NRU,GlobalAllocation,1152,5,993800,{'interleave': 'random'},0.9938
shared,2,thrashing,NRU,GlobalAllocation,1152,5,945400,{'interleave': 'random'},0.9454
shared,3,thrashing,NRU,GlobalAllocation,1152,5,993700,{'interleave': 'random'},0.9937
shared,4,thrashing,NRU,GlobalAllocation,1152,5,942300,{'interleave': 'random'},0.9423
shared,5,thrashing,NRU,GlobalAllocation,1152,5,924300,{'interleave': 'random'},0.9243
shared,6,thrashing,NRU,GlobalAllocation,1152,5,943900,{'interleave': 'random'},0.9439
shared,7,thrashing,NRU,GlobalAllocation,1152,5,970200,{'interleave': 'random'},0.9702
shared_total,,thrashing,NRU,GlobalAllocation,1152,6,8993100,{'interleave': 'random'},8.9931
shared,0,thrashing,NRU,GlobalAllocation,1152,6,1010900,{'interleave': 'random'},1.0109
shared,1,thrashing,NRU,GlobalAllocation,1152,6,896000,{'interleave': 'random'},0.896
shared,2,thrashing,NRU,GlobalAllocation,1152,6,944100,{'interleave': 'random'},0.9441
shared,3,thrashing,NRU,GlobalAllocation,1152,6,889500,{'interleave': 'random'},0.8895
shared,4,thrashing,NRU,GlobalAllocation,1152,6,1003700,{'interleave': 'random'},1.0037
shared,5,thrashing,NRU,GlobalAllocation,1152,6,977800,{'interleave': 'random'},0.9778
shared,6,thrashing,NRU,GlobalAllocation,1152,6,943700,{'interleave': 'random'},0.9437
shared,7,thrashing,NRU,GlobalAllocation,1152,6,968700,{'interleave': 'random'},0.9687
shared_total,,thrashing,NRU,GlobalAllocation,1152,7,9033400,{'interleave': 'random'},9.0334
shared,0,thrashing,NRU,GlobalAllocation,1152,7,868000,{'interleave': 'random'},0.868
shared,1,thrashing,NRU,GlobalAllocation,1152,7,949700,{'interleave': 'random'},0.9497
shared,2,thrashing,NRU,GlobalAllocation,1152,7,973300,{'interleave': 'random'},0.9733
shared,3,thrashing,NRU,GlobalAllocation,1152,7,913100,{'interleave': 'random'},0.9131
shared,4,thrashing,NRU,GlobalAllocation,1152,7,977800,{'interleave': 'random'},0.9778
shared,5,thrashing,NRU,GlobalAllocation,1152,7,1009800,{'interleave': 'random'},1.0098
shared,6,thrashing,NRU,GlobalAllocation,1152,7,997800,{'interleave': 'random'},0.9978
shared,7,thrashing,NRU,GlobalAllocation,1152,7,961600,{'interleave': 'random'},0.9616
shared_total,,thrashing,NRU,GlobalAllocation,1152,8,8926600,{'interleave': 'random'},8.9266
shared,0,thrashing,NRU,GlobalAllocation,1152,8,869400,{'interleave': 'random'},0.8694
shared,1,thrashing,NRU,GlobalAllocation,1152,8,983600,{'interleave': 'random'},0.9836
shared,2,thrashing,NRU,GlobalAllocation,1152,8,821800,{'interleave': 'random'},0.8218
shared,3,thrashing,NRU,GlobalAllocation,1152,8,1013500,{'interleave': 'random'},1.0135
shared,4,thrashing,NRU,GlobalAllocation,1152,8,986100,{'interleave': 'random'},0.9861
shared,5,thrashing,NRU,GlobalAllocation,1152,8,926800,{'interleave': 'random'},0.9268
shared,6,thrashing,NRU,GlobalAllocation,1152,8,969000,{'interleave': 'random'},0.969
shared,7,thrashing,NRU,GlobalAllocation,1152,8,1001300,{'interleave': 'random'},1.0013
shared_total,,thrashing,NRU,GlobalAllocation,1152,9,8179900,{'interleave': 'random'},8.1799
shared,0,thrashing,NRU,GlobalAllocation,1152,9,863600,{'interleave': 'random'},0.8636
shared,1,thrashing,NRU,GlobalAllocation,1152,9,814000,{'interleave': 'random'},0.814
shared,2,thrashing,NRU,GlobalAllocation,1152,9,886400,{'interleave': 'random'},0.8864
shared,3,thrashing,NRU,GlobalAllocation,1152,9,792900,{'interleave': 'random'},0.7929
shared,4,thrashing,NRU,GlobalAllocation,1152,9,896500,{'interleave': 'random'},0.8965
shared,5,thrashing,NRU,GlobalAllocation,1152,9,852700,{'interleave': 'random'},0.8527
shared,6,thrashing,NRU,GlobalAllocation,1152,9,943500,{'interleave': 'random'},0.9435
shared,7,thrashing,NRU,GlobalAllocation,1152,9,926000,{'interleave': 'random'},0.926
shared_total,,thrashing,NRU,LocalAllocation,1152,0,20133000,{'interleave': 'random'},20.133
shared,0,thrashing,NRU,LocalAllocation,1152,0,502600,{'interleave': 'random'},0.5026
shared,1,thrashing,NRU,LocalAllocation,1152,0,506500,{'interleave': 'random'},0.5065
shared,2,thrashing,NRU,LocalAllocation,1152,0,511800,{'interleave': 'random'},0.5118
shared,3,thrashing,NRU,LocalAllocation,1152,0,540200,{'interleave': 'random'},0.5402
shared,4,thrashing,NRU,LocalAllocation,1152,0,522600,{'interleave': 'random'},0.5226
shared,5,thrashing,NRU,LocalAllocation,1152,0,6471000,{'interleave': 'random'},6.471
shared,6,thrashing,NRU,LocalAllocation,1152,0,487800,{'interleave': 'random'},0.4878
shared,7,thrashing,NRU,LocalAllocation,1152,0,9180500,{'interleave': 'random'},9.1805
shared_total,,thrashing,NRU,LocalAllocation,1152,1,20524300,{'interleave': 'random'},20.5243
shared,0,thrashing,NRU,LocalAllocation,1152,1,504300,{'interleave': 'random'},0.5043
shared,1,thrashing,NRU,LocalAllocation,1152,1,504800,{'interleave': 'random'},0.5048
shared,2,thrashing,NRU,LocalAllocation,1152,1,512300,{'interleave': 'random'},0.5123
shared,3,thrashing,NRU,LocalAllocation,1152,1,524100,{'interleave': 'random'},0.5241
shared,4,thrashing,NRU,LocalAllocation,1152,1,525800,{'interleave': 'random'},0.5258
shared,5,thrashing,NRU,LocalAllocation,1152,1,6722700,{'interleave': 'random'},6.7227
shared,6,thrashing,NRU,LocalAllocation,1152,1,489100,{'interleave': 'random'},0.4891
shared,7,thrashing,NRU,LocalAllocation,1152,1,9350000,{'interleave': 'random'},9.35
shared_total,,thrashing,NRU,LocalAllocation,1152,2,20369800,{'interleave': 'random'},20.3698
shared,0,thrashing,NRU,LocalAllocation,1152,2,514700,{'interleave': 'random'},0.5147
shared,1,thrashing,NRU,LocalAllocation,1152,2,516000,{'interleave': 'random'},0.516
shared,2,thrashing,NRU,LocalAllocation,1152,2,526600,{'interleave': 'random'},0.5266
shared,3,thrashing,NRU,LocalAllocation,1152,2,526900,{'interleave': 'random'},0.5269
shared,4,thrashing,NRU,LocalAllocation,1152,2,530900,{'interleave': 'random'},0.5309
shared,5,thrashing,NRU,LocalAllocation,1152,2,6546500,{'interleave': 'random'},6.5465
shared,6,thrashing,NRU,LocalAllocation,1152,2,503000,{'interleave': 'random'},0.503
shared,7,thrashing,NRU,LocalAllocation,1152,2,9294400,{'interleave': 'random'},9.2944
shared_total,,thrashing,NRU,LocalAllocation,1152,3,20438000,{'interleave': 'random'},20.438
shared,0,thrashing,NRU,LocalAllocation,1152,3,507500,{'interleave': 'random'},0.5075
shared,1,thrashing,NRU,LocalAllocation,1152,3,514300,{'interleave': 'random'},0.5143
shared,2,thrashing,NRU,LocalAllocation,1152,3,517900,{'interleave': 'random'},0.5179
shared,3,thrashing,NRU,LocalAllocation,1152,3,526600,{'interleave': 'random'},0.5266
shared,4,thrashing,NRU,LocalAllocation,1152,3,529000,{'interleave': 'random'},0.529
shared,5,thrashing,NRU,LocalAllocation,1152,3,6641700,{'interleave': 'random'},6.6417
shared,6,thrashing,NRU,LocalAllocation,1152,3,494700,{'interleave': 'random'},0.4947
shared,7,thrashing,NRU,LocalAllocation,1152,3,9305200,{'interleave': 'random'},9.3052
shared_total,,thrashing,NRU,LocalAllocation,1152,4,21138400,{'interleave': 'random'},21.1384
shared,0,thrashing,NRU,LocalAllocation,1152,4,521300,{'interleave': 'random'},0.5213
shared,1,thrashing,NRU,LocalAllocation,1152,4,529600,{'interleave': 'random'},0.5296
shared,2,thrashing,NRU,LocalAllocation,1152,4,542500,{'interleave': 'random'},0.5425
shared,3,thrashing,NRU,LocalAllocation,1152,4,536900,{'interleave': 'random'},0.5369
shared,4,thrashing,NRU,LocalAllocation,1152,4,566700,{'interleave': 'random'},0.5667
shared,5,thrashing,NRU,LocalAllocation,1152,4,6634100,{'interleave': 'random'},6.6341
shared,6,thrashing,NRU,LocalAllocation,1152,4,510500,{'interleave': 'random'},0.5105
shared,7,thrashing,NRU,LocalAllocation,1152,4,9854700,{'interleave': 'random'},9.8547
shared_total,,thrashing,NRU,LocalAllocation,1152,5,20548300,{'interleave': 'random'},20.5483
shared,0,thrashing,NRU,LocalAllocation,1152,5,513300,{'interleave': 'random'},0.5133
shared,1,thrashing,NRU,LocalAllocation,1152,5,520900,{'interleave': 'random'},0.5209
shared,2,thrashing,NRU,LocalAllocation,1152,5,532500,{'interleave': 'random'},0.5325
shared,3,thrashing,NRU,LocalAllocation,1152,5,534200,{'interleave': 'random'},0.5342
shared,4,thrashing,NRU,LocalAllocation,1152,5,537600,{'interleave': 'random'},0.5376
shared,5,thrashing,NRU,LocalAllocation,1152,5,6461200,{'interleave': 'random'},6.4612
shared,6,thrashing,NRU,LocalAllocation,1152,5,498400,{'interleave': 'random'},0.4984
shared,7,thrashing,NRU,LocalAllocation,1152,5,9484300,{'interleave': 'random'},9.4843
shared_total,,thrashing,NRU,LocalAllocation,1152,6,26320800,{'interleave': 'random'},26.3208
shared,0,thrashing,NRU,LocalAllocation,1152,6,698900,{'interleave': 'random'},0.6989
shared,1,thrashing,NRU,LocalAllocation,1152,6,733300,{'interleave': 'random'},0.7333
shared,2,thrashing,NRU,LocalAllocation,1152,6,722100,{'interleave': 'random'},0.7221
shared,3,thrashing,NRU,LocalAllocation,1152,6,720600,{'interleave': 'random'},0.7206
shared,4,thrashing,NRU,LocalAllocation,1152,6,734300,{'interleave': 'random'},0.7343
shared,5,thrashing,NRU,LocalAllocation,1152,6,8378100,{'interleave': 'random'},8.3781
shared,6,thrashing,NRU,LocalAllocation,1152,6,692500,{'interleave': 'random'},0.6925
shared,7,thrashing,NRU,LocalAllocation,1152,6,11611500,{'interleave': 'random'},11.6115
shared_total,,thrashing,NRU,LocalAllocation,1152,7,20643800,{'interleave': 'random'},20.6438
shared,0,thrashing,NRU,LocalAllocation,1152,7,513000,{'interleave': 'random'},0.513
shared,1,thrashing,NRU,LocalAllocation,1152,7,530200,{'interleave': 'random'},0.5302
shared,2,thrashing,NRU,LocalAllocation,1152,7,524000,{'interleave': 'random'},0.524
shared,3,thrashing,NRU,LocalAllocation,1152,7,533300,{'interleave': 'random'},0.5333
shared,4,thrashing,NRU,LocalAllocation,1152,7,535500,{'interleave': 'random'},0.5355
shared,5,thrashing,NRU,LocalAllocation,1152,7,6682300,{'interleave': 'random'},6.6823
shared,6,thrashing,NRU,LocalAllocation,1152,7,496100,{'interleave': 'random'},0.4961
shared,7,thrashing,NRU,LocalAllocation,1152,7,9417600,{'interleave': 'random'},9.4176
shared_total,,thrashing,NRU,LocalAllocation,1152,8,19909800,{'interleave': 'random'},19.9098
shared,0,thrashing,NRU,LocalAllocation,1152,8,499300,{'interleave': 'random'},0.4993
shared,1,thrashing,NRU,LocalAllocation,1152,8,505600,{'interleave': 'random'},0.5056
shared,2,thrashing,NRU,LocalAllocation,1152,8,512800,{'interleave': 'random'},0.5128
shared,3,thrashing,NRU,LocalAllocation,1152,8,521000,{'interleave': 'random'},0.521
shared,4,thrashing,NRU,LocalAllocation,1152,8,520100,{'interleave': 'random'},0.5201
shared,5,thrashing,NRU,LocalAllocation,1152,8,5953800,{'interleave': 'random'},5.9538
shared,6,thrashing,NRU,LocalAllocation,1152,8,484800,{'interleave': 'random'},0.4848
shared,7,thrashing,NRU,LocalAllocation,1152,8,9498000,{'interleave': 'random'},9.498
shared_total,,thrashing,NRU,LocalAllocation,1152,9,20328600,{'interleave': 'random'},20.3286
shared,0,thrashing,NRU,LocalAllocation,1152,9,523300,{'interleave': 'random'},0.5233
shared,1,thrashing,NRU,LocalAllocation,1152,9,509400,{'interleave': 'random'},0.5094
shared,2,thrashing,NRU,LocalAllocation,1152,9,514000,{'interleave': 'random'},0.514
shared,3,thrashing,NRU,LocalAllocation,1152,9,522200,{'interleave': 'random'},0.5222
shared,4,thrashing,NRU,LocalAllocation,1152,9,527100,{'interleave': 'random'},0.5271
shared,5,thrashing,NRU,LocalAllocation,1152,9,6651200,{'interleave': 'random'},6.6512
shared,6,thrashing,NRU,LocalAllocation,1152,9,490700,{'interleave': 'random'},0.4907
shared,7,thrashing,NRU,LocalAllocation,1152,9,9152900,{'interleave': 'random'},9.1529
shared_total,,thrashing,NRU,ProportionalAllocation,1152,0,5349800,{'interleave': 'random'},5.3498
shared,0,thrashing,NRU,ProportionalAllocation,1152,0,486800,{'interleave': 'random'},0.4868
shared,1,thrashing,NRU,ProportionalAllocation,1152,0,496100,{'interleave': 'random'},0.4961
shared,2,thrashing,NRU,ProportionalAllocation,1152,0,513200,{'interleave': 'random'},0.5132
shared,3,thrashing,NRU,ProportionalAllocation,1152,0,505300,{'interleave': 'random'},0.5053
shared,4,thrashing,NRU,ProportionalAllocation,1152,0,505500,{'interleave': 'random'},0.5055
shared,5,thrashing,NRU,ProportionalAllocation,1152,0,513700,{'interleave': 'random'},0.5137
shared,6,thrashing,NRU,ProportionalAllocation,1152,0,474200,{'interleave': 'random'},0.4742
shared,7,thrashing,NRU,ProportionalAllocation,1152,0,530000,{'interleave': 'random'},0.53
shared_total,,thrashing,NRU,ProportionalAllocation,1152,1,5419800,{'interleave': 'random'},5.4198
shared,0,thrashing,NRU,ProportionalAllocation,1152,1,493300,{'interleave': 'random'},0.4933
shared,1,thrashing,NRU,ProportionalAllocation,1152,1,494400,{'interleave': 'random'},0.4944
shared,2,thrashing,NRU,ProportionalAllocation,1152,1,507700,{'interleave': 'random'},0.5077
shared,3,thrashing,NRU,ProportionalAllocation,1152,1,509800,{'interleave': 'random'},0.5098
shared,4,thrashing,NRU,ProportionalAllocation,1152,1,537500,{'interleave': 'random'},0.5375
shared,5,thrashing,NRU,ProportionalAllocation,1152,1,519500,{'interleave': 'random'},0.5195
shared,6,thrashing,NRU,ProportionalAllocation,1152,1,485200,{'interleave': 'random'},0.4852
shared,7,thrashing,NRU,ProportionalAllocation,1152,1,534200,{'interleave': 'random'},0.5342
shared_total,,thrashing,NRU,ProportionalAllocation,1152,2,5364900,{'interleave': 'random'},5.3649
shared,0,thrashing,NRU,ProportionalAllocation,1152,2,496000,{'interleave': 'random'},0.496
shared,1,thrashing,NRU,ProportionalAllocation,1152,2,503300,{'interleave': 'random'},0.5033
shared,2,thrashing,NRU,ProportionalAllocation,1152,2,511100,{'interleave': 'random'},0.5111
shared,3,thrashing,NRU,ProportionalAllocation,1152,2,509900,{'interleave': 'random'},0.5099
shared,4,thrashing,NRU,ProportionalAllocation,1152,2,518200,{'interleave': 'random'},0.5182
shared,5,thrashing,NRU,ProportionalAllocation,1152,2,526100,{'interleave': 'random'},0.5261
shared,6,thrashing,NRU,ProportionalAllocation,1152,2,486100,{'interleave': 'random'},0.4861
shared,7,thrashing,NRU,ProportionalAllocation,1152,2,536300,{'interleave': 'random'},0.5363
shared_total,,thrashing,NRU,ProportionalAllocation,1152,3,5337400,{'interleave': 'random'},5.3374
shared,0,thrashing,NRU,ProportionalAllocation,1152,3,481600,{'interleave': 'random'},0.4816
shared,1,thrashing,NRU,ProportionalAllocation,1152,3,488000,{'interleave': 'random'},0.488
shared,2,thrashing,NRU,ProportionalAllocation,1152,3,493800,{'interleave': 'random'},0.4938
shared,3,thrashing,NRU,ProportionalAllocation,1152,3,504600,{'interleave': 'random'},0.5046
shared,4,thrashing,NRU,ProportionalAllocation,1152,3,506400,{'interleave': 'random'},0.5064
shared,5,thrashing,NRU,ProportionalAllocation,1152,3,513800,{'interleave': 'random'},0.5138
shared,6,thrashing,NRU,ProportionalAllocation,1152,3,472000,{'interleave': 'random'},0.472
shared,7,thrashing,NRU,ProportionalAllocation,1152,3,530000,{'interleave': 'random'},0.53
shared_total,,thrashing,NRU,ProportionalAllocation,1152,4,6333100,{'interleave': 'random'},6.3331
shared,0,thrashing,NRU,ProportionalAllocation,1152,4,569300,{'interleave': 'random'},0.5693
shared,1,thrashing,NRU,ProportionalAllocation,1152,4,548600,{'interleave': 'random'},0.5486
shared,2,thrashing,NRU,ProportionalAllocation,1152,4,618400,{'interleave': 'random'},0.6184
shared,3,thrashing,NRU,ProportionalAllocation,1152,4,601800,{'interleave': 'random'},0.6018
shared,4,thrashing,NRU,ProportionalAllocation,1152,4,614700,{'interleave': 'random'},0.6147
shared,5,thrashing,NRU,ProportionalAllocation,1152,4,628300,{'interleave': 'random'},0.6283
shared,6,thrashing,NRU,ProportionalAllocation,1152,4,546400,{'interleave': 'random'},0.5464
shared,7,thrashing,NRU,ProportionalAllocation,1152,4,617400,{'interleave': 'random'},0.6174
shared_total,,thrashing,NRU,ProportionalAllocation,1152,5,5295800,{'interleave': 'random'},5.2958
shared,0,thrashing,NRU,ProportionalAllocation,1152,5,481500,{'interleave': 'random'},0.4815
shared,1,thrashing,NRU,ProportionalAllocation,1152,5,486100,{'interleave': 'random'},0.4861
shared,2,thrashing,NRU,ProportionalAllocation,1152,5,497200,{'interleave': 'random'},0.4972
shared,3,thrashing,NRU,ProportionalAllocation,1152,5,501900,{'interleave': 'random'},0.5019
shared,4,thrashing,NRU,ProportionalAllocation,1152,5,501600,{'interleave': 'random'},0.5016
shared,5,thrashing,NRU,ProportionalAllocation,1152,5,509300,{'interleave': 'random'},0.5093
shared,6,thrashing,NRU,ProportionalAllocation,1152,5,470100,{'interleave': 'random'},0.4701
shared,7,thrashing,NRU,ProportionalAllocation,1152,5,526000,{'interleave': 'random'},0.526
shared_total,,thrashing,NRU,ProportionalAllocation,1152,6,5458500,{'interleave': 'random'},5.4585
shared,0,thrashing,NRU,ProportionalAllocation,1152,6,506200,{'interleave': 'random'},0.5062
shared,1,thrashing,NRU,ProportionalAllocation,1152,6,508300,{'interleave': 'random'},0.5083
shared,2,thrashing,NRU,ProportionalAllocation,1152,6,515000,{'interleave': 'random'},0.515
shared,3,thrashing,NRU,ProportionalAllocation,1152,6,520700,{'interleave': 'random'},0.5207
shared,4,thrashing,NRU,ProportionalAllocation,1152,6,524100,{'interleave': 'random'},0.5241
shared,5,thrashing,NRU,ProportionalAllocation,1152,6,531000,{'interleave': 'random'},0.531
shared,6,thrashing,NRU,ProportionalAllocation,1152,6,499200,{'interleave': 'random'},0.4992
shared,7,thrashing,NRU,ProportionalAllocation,1152,6,551300,{'interleave': 'random'},0.5513
shared_total,,thrashing,NRU,ProportionalAllocation,1152,7,5382800,{'interleave': 'random'},5.3828
shared,0,thrashing,NRU,ProportionalAllocation,1152,7,495300,{'interleave': 'random'},0.4953
shared,1,thrashing,NRU,ProportionalAllocation,1152,7,496600,{'interleave': 'random'},0.4966
shared,2,thrashing,NRU,ProportionalAllocation,1152,7,508000,{'interleave': 'random'},0.508
shared,3,thrashing,NRU,ProportionalAllocation,1152,7,519000,{'interleave': 'random'},0.519
shared,4,thrashing,NRU,ProportionalAllocation,1152,7,511400,{'interleave': 'random'},0.5114
shared,5,thrashing,NRU,ProportionalAllocation,1152,7,523200,{'interleave': 'random'},0.5232
shared,6,thrashing,NRU,ProportionalAllocation,1152,7,481600,{'interleave': 'random'},0.4816
shared,7,thrashing,NRU,ProportionalAllocation,1152,7,537400,{'interleave': 'random'},0.5374
shared_total,,thrashing,NRU,ProportionalAllocation,1152,8,5360400,{'interleave': 'random'},5.3604
shared,0,thrashing,NRU,ProportionalAllocation,1152,8,489200,{'interleave': 'random'},0.4892
shared,1,thrashing,NRU,ProportionalAllocation,1152,8,495800,{'interleave': 'random'},0.4958
shared,2,thrashing,NRU,ProportionalAllocation,1152,8,500400,{'interleave': 'random'},0.5004
shared,3,thrashing,NRU,ProportionalAllocation,1152,8,505900,{'interleave': 'random'},0.5059
shared,4,thrashing,NRU,ProportionalAllocation,1152,8,511000,{'interleave': 'random'},0.511
shared,5,thrashing,NRU,ProportionalAllocation,1152,8,520500,{'interleave': 'random'},0.5205
shared,6,thrashing,NRU,ProportionalAllocation,1152,8,477900,{'interleave': 'random'},0.4779
shared,7,thrashing,NRU,ProportionalAllocation,1152,8,537800,{'interleave': 'random'},0.5378
shared_total,,thrashing,NRU,ProportionalAllocation,1152,9,5349400,{'interleave': 'random'},5.3494
shared,0,thrashing,NRU,ProportionalAllocation,1152,9,491900,{'interleave': 'random'},0.4919
shared,1,thrashing,NRU,ProportionalAllocation,1152,9,497300,{'interleave': 'random'},0.4973
shared,2,thrashing,NRU,ProportionalAllocation,1152,9,499900,{'interleave': 'random'},0.4999
shared,3,thrashing,NRU,ProportionalAllocation,1152,9,507900,{'interleave': 'random'},0.5079
shared,4,thrashing,NRU,ProportionalAllocation,1152,9,512300,{'interleave': 'random'},0.5123
shared,5,thrashing,NRU,ProportionalAllocation,1152,9,518000,{'interleave': 'random'},0.518
shared,6,thrashing,NRU,ProportionalAllocation,1152,9,476600,{'interleave': 'random'},0.4766
shared,7,thrashing,NRU,ProportionalAllocation,1152,9,532500,{'interleave': 'random'},0.5325
shared_total,,thrashing,SecondChance,GlobalAllocation,1152,0,11045800,{'interleave': 'random'},11.0458
shared,0,thrashing,SecondChance,GlobalAllocation,1152,0,859300,{'interleave': 'random'},0.8593
shared,1,thrashing,SecondChance,GlobalAllocation,1152,0,1086800,{'interleave': 'random'},1.0868
shared,2,thrashing,SecondChance,GlobalAllocation,1152,0,1245500,{'interleave': 'random'},1.2455
shared,3,thrashing,SecondChance,GlobalAllocation,1152,0,1227700,{'interleave': 'random'},1.2277
shared,4,thrashing,SecondChance,GlobalAllocation,1152,0,1388800,{'interleave': 'random'},1.3888
shared,5,thrashing,SecondChance,GlobalAllocation,1152,0,1517400,{'interleave': 'random'},1.5174
shared,6,thrashing,SecondChance,GlobalAllocation,1152,0,690800,{'interleave': 'random'},0.6908
shared,7,thrashing,SecondChance,GlobalAllocation,1152,0,1618700,{'interleave': 'random'},1.6187
shared_total,,thrashing,SecondChance,GlobalAllocation,1152,1,10871900,{'interleave': 'random'},10.8719
shared,0,thrashing,SecondChance,GlobalAllocation,1152,1,855100,{'interleave': 'random'},0.8551
shared,1,thrashing,SecondChance,GlobalAllocation,1152,1,1095300,{'interleave': 'random'},1.0953
shared,2,thrashing,SecondChance,GlobalAllocation,1152,1,1130000,{'interleave': 'random'},1.13
shared,3,thrashing,SecondChance,GlobalAllocation,1152,1,1272700,{'interleave': 'random'},1.2727
shared,4,thrashing,SecondChance,GlobalAllocation,1152,1,1357700,{'interleave': 'random'},1.3577
shared,5,thrashing,SecondChance,GlobalAllocation,1152,1,1402800,{'interleave': 'random'},1.4028
shared,6,thrashing,SecondChance,GlobalAllocation,1152,1,706900,{'interleave': 'random'},0.7069
shared,7,thrashing,SecondChance,GlobalAllocation,1152,1,1639300,{'interleave': 'random'},1.6393
shared_total,,thrashing,SecondChance,GlobalAllocation,1152,2,10777200,{'interleave': 'random'},10.7772
shared,0,thrashing,SecondChance,GlobalAllocation,1152,2,802500,{'interleave': 'random'},0.8025
shared,1,thrashing,SecondChance,GlobalAllocation,1152,2,1037300,{'interleave': 'random'},1.0373
shared,2,thrashing,SecondChance,GlobalAllocation,1152,2,1121400,{'interleave': 'random'},1.1214
shared,3,thrashing,SecondChance,GlobalAllocation,1152,2,1268300,{'interleave': 'random'},1.2683
shared,4,thrashing,SecondChance,GlobalAllocation,1152,2,1392300,{'interleave': 'random'},1.3923
shared,5,thrashing,SecondChance,GlobalAllocation,1152,2,1487200,{'interleave': 'random'},1.4872
shared,6,thrashing,SecondChance,GlobalAllocation,1152,2,680100,{'interleave': 'random'},0.6801
shared,7,thrashing,SecondChance,GlobalAllocation,1152,2,1609500,{'interleave': 'random'},1.6095
shared_total,,thrashing,SecondChance,GlobalAllocation,1152,3,10745400,{'interleave': 'random'},10.7454
shared,0,thrashing,SecondChance,GlobalAllocation,1152,3,920300,{'interleave': 'random'},0.9203
shared,1,thrashing,SecondChance,GlobalAllocation,1152,3,1071500,{'interleave': 'random'},1.0715
shared,2,thrashing,SecondChance,GlobalAllocation,1152,3,1169300,{'interleave': 'random'},1.1693
shared,3,thrashing,SecondChance,GlobalAllocation,1152,3,1257200,{'interleave': 'random'},1.2572
shared,4,thrashing,SecondChance,GlobalAllocation,1152,3,1273300,{'interleave': 'random'},1.2733
shared,5,thrashing,SecondChance,GlobalAllocation,1152,3,1392900,{'interleave': 'random'},1.3929
shared,6,thrashing,SecondChance,GlobalAllocation,1152,3,699900,{'interleave': 'random'},0.6999
shared,7,thrashing,SecondChance,GlobalAllocation,1152,3,1554200,{'interleave': 'random'},1.5542
shared_total,,thrashing,SecondChance,GlobalAllocation,1152,4,10582900,{'interleave': 'random'},10.5829
shared,0,thrashing,SecondChance,GlobalAllocation,1152,4,821900,{'interleave': 'random'},0.8219
shared,1,thrashing,SecondChance,GlobalAllocation,1152,4,1067700,{'interleave': 'random'},1.0677
shared,2,thrashing,SecondChance,GlobalAllocation,1152,4,1131500,{'interleave': 'random'},1.1315
shared,3,thrashing,SecondChance,GlobalAllocation,1152,4,1224300,{'interleave': 'random'},1.2243
shared,4,thrashing,SecondChance,GlobalAllocation,1152,4,1263000,{'interleave': 'random'},1.263
shared,5,thrashing,SecondChance,GlobalAllocation,1152,4,1394200,{'interleave': 'random'},1.3942
shared,6,thrashing,SecondChance,GlobalAllocation,1152,4,687400,{'interleave': 'random'},0.6874
shared,7,thrashing,SecondChance,GlobalAllocation,1152,4,1640900,{'interleave': 'random'},1.6409
shared_total,,thrashing,SecondChance,GlobalAllocation,1152,5,10631200,{'interleave': 'random'},10.6312
shared,0,thrashing,SecondChance,GlobalAllocation,1152,5,820400,{'interleave': 'random'},0.8204
shared,1,thrashing,SecondChance,GlobalAllocation,1152,5,1070600,{'interleave': 'random'},1.0706
shared,2,thrashing,SecondChance,GlobalAllocation,1152,5,1115700,{'interleave': 'random'},1.1157
shared,3,thrashing,SecondChance,GlobalAllocation,1152,5,1256500,{'interleave': 'random'},1.2565
shared,4,thrashing,SecondChance,GlobalAllocation,1152,5,1297400,{'interleave': 'random'},1.2974
shared,5,thrashing,SecondChance,GlobalAllocation,1152,5,1427100,{'interleave': 'random'},1.4271
shared,6,thrashing,SecondChance,GlobalAllocation,1152,5,685600,{'interleave': 'random'},0.6856
shared,7,thrashing,SecondChance,GlobalAllocation,1152,5,1619800,{'interleave': 'random'},1.6198
shared_total,,thrashing,SecondChance,GlobalAllocation,1152,6,10809900,{'interleave': 'random'},10.8099
shared,0,thrashing,SecondChance,GlobalAllocation,1152,6,921400,{'interleave': 'random'},0.9214
shared,1,thrashing,SecondChance,GlobalAllocation,1152,6,989800,{'interleave': 'random'},0.9898
shared,2,thrashing,SecondChance,GlobalAllocation,1152,6,1167000,{'interleave': 'random'},1.167
shared,3,thrashing,SecondChance,GlobalAllocation,1152,6,1201800,{'interleave': 'random'},1.2018
shared,4,thrashing,SecondChance,GlobalAllocation,1152,6,1350500,{'interleave': 'random'},1.3505
shared,5,thrashing,SecondChance,GlobalAllocation,1152,6,1423600,{'interleave': 'random'},1.4236
shared,6,thrashing,SecondChance,GlobalAllocation,1152,6,675000,{'interleave': 'random'},0.675
shared,7,thrashing,SecondChance,GlobalAllocation,1152,6,1692500,{'interleave': 'random'},1.6925
shared_total,,thrashing,SecondChance,GlobalAllocation,1152,7,10706500,{'interleave': 'random'},10.7065
shared,0,thrashing,SecondChance,GlobalAllocation,1152,7,868900,{'interleave': 'random'},0.8689
shared,1,thrashing,SecondChance,GlobalAllocation,1152,7,1103900,{'interleave': 'random'},1.1039
shared,2,thrashing,SecondChance,GlobalAllocation,1152,7,1080800,{'interleave': 'random'},1.0808
shared,3,thrashing,SecondChance,GlobalAllocation,1152,7,1182600,{'interleave': 'random'},1.1826
shared,4,thrashing,SecondChance,GlobalAllocation,1152,7,1345100,{'interleave': 'random'},1.3451
shared,5,thrashing,SecondChance,GlobalAllocation,1152,7,1433000,{'interleave': 'random'},1.433
shared,6,thrashing,SecondChance,GlobalAllocation,1152,7,691500,{'interleave': 'random'},0.6915
shared,7,thrashing,SecondChance,GlobalAllocation,1152,7,1650600,{'interleave': 'random'},1.6506
shared_total,,thrashing,SecondChance,GlobalAllocation,1152,8,10112100,{'interleave': 'random'},10.1121
shared,0,thrashing,SecondChance,GlobalAllocation,1152,8,854100,{'interleave': 'random'},0.8541
shared,1,thrashing,SecondChance,GlobalAllocation,1152,8,974700,{'interleave': 'random'},0.9747
shared,2,thrashing,SecondChance,GlobalAllocation,1152,8,1025500,{'interleave': 'random'},1.0255
shared,3,thrashing,SecondChance,GlobalAllocation,1152,8,1182200,{'interleave': 'random'},1.1822
shared,4,thrashing,SecondChance,GlobalAllocation,1152,8,1285200,{'interleave': 'random'},1.2852
shared,5,thrashing,SecondChance,GlobalAllocation,1152,8,1343600,{'interleave': 'random'},1.3436
shared,6,thrashing,SecondChance,GlobalAllocation,1152,8,635400,{'interleave': 'random'},0.6354
shared,7,thrashing,SecondChance,GlobalAllocation,1152,8,1558900,{'interleave': 'random'},1.5589
shared_total,,thrashing,SecondChance,GlobalAllocation,1152,9,10787900,{'interleave': 'random'},10.7879
shared,0,thrashing,SecondChance,GlobalAllocation,1152,9,921500,{'interleave': 'random'},0.9215
shared,1,thrashing,SecondChance,GlobalAllocation,1152,9,1043000,{'interleave': 'random'},1.043
shared,2,thrashing,SecondChance,GlobalAllocation,1152,9,1176000,{'interleave': 'random'},1.176
shared,3,thrashing,SecondChance,GlobalAllocation,1152,9,1171200,{'interleave': 'random'},1.1712
shared,4,thrashing,SecondChance,GlobalAllocation,1152,9,1297200,{'interleave': 'random'},1.2972
shared,5,thrashing,SecondChance,GlobalAllocation,1152,9,1403600,{'interleave': 'random'},1.4036
shared,6,thrashing,SecondChance,GlobalAllocation,1152,9,701300,{'interleave': 'random'},0.7013
shared,7,thrashing,SecondChance,GlobalAllocation,1152,9,1675000,{'interleave': 'random'},1.675
shared_total,,thrashing,SecondChance,LocalAllocation,1152,0,9580500,{'interleave': 'random'},9.5805
shared,0,thrashing,SecondChance,LocalAllocation,1152,0,469500,{'interleave': 'random'},0.4695
shared,1,thrashing,SecondChance,LocalAllocation,1152,0,476400,{'interleave': 'random'},0.4764
shared,2,thrashing,SecondChance,LocalAllocation,1152,0,482600,{'interleave': 'random'},0.4826
shared,3,thrashing,SecondChance,LocalAllocation,1152,0,494700,{'interleave': 'random'},0.4947
shared,4,thrashing,SecondChance,LocalAllocation,1152,0,521800,{'interleave': 'random'},0.5218
shared,5,thrashing,SecondChance,LocalAllocation,1152,0,2644100,{'interleave': 'random'},2.6441
shared,6,thrashing,SecondChance,LocalAllocation,1152,0,448300,{'interleave': 'random'},0.4483
shared,7,thrashing,SecondChance,LocalAllocation,1152,0,2627400,{'interleave': 'random'},2.6274
shared_total,,thrashing,SecondChance,LocalAllocation,1152,1,9470500,{'interleave': 'random'},9.4705
shared,0,thrashing,SecondChance,LocalAllocation,1152,1,465400,{'interleave': 'random'},0.4654
shared,1,thrashing,SecondChance,LocalAllocation,1152,1,465200,{'interleave': 'random'},0.4652
shared,2,thrashing,SecondChance,LocalAllocation,1152,1,477600,{'interleave': 'random'},0.4776
shared,3,thrashing,SecondChance,LocalAllocation,1152,1,490400,{'interleave': 'random'},0.4904
shared,4,thrashing,SecondChance,LocalAllocation,1152,1,506900,{'interleave': 'random'},0.5069
shared,5,thrashing,SecondChance,LocalAllocation,1152,1,2613900,{'interleave': 'random'},2.6139
shared,6,thrashing,SecondChance,LocalAllocation,1152,1,430600,{'interleave': 'random'},0.4306
shared,7,thrashing,SecondChance,LocalAllocation,1152,1,2612200,{'interleave': 'random'},2.6122
shared_total,,thrashing,SecondChance,LocalAllocation,1152,2,9433700,{'interleave': 'random'},9.4337
shared,0,thrashing,SecondChance,LocalAllocation,1152,2,455300,{'interleave': 'random'},0.4553
shared,1,thrashing,SecondChance,LocalAllocation,1152,2,465700,{'interleave': 'random'},0.4657
shared,2,thrashing,SecondChance,LocalAllocation,1152,2,483300,{'interleave': 'random'},0.4833
shared,3,thrashing,SecondChance,LocalAllocation,1152,2,488100,{'interleave': 'random'},0.4881
shared,4,thrashing,SecondChance,LocalAllocation,1152,2,496300,{'interleave': 'random'},0.4963
shared,5,thrashing,SecondChance,LocalAllocation,1152,2,2616300,{'interleave': 'random'},2.6163
shared,6,thrashing,SecondChance,LocalAllocation,1152,2,428400,{'interleave': 'random'},0.4284
shared,7,thrashing,SecondChance,LocalAllocation,1152,2,2615000,{'interleave': 'random'},2.615
shared_total,,thrashing,SecondChance,LocalAllocation,1152,3,9425200,{'interleave': 'random'},9.4252
shared,0,thrashing,SecondChance,LocalAllocation,1152,3,454300,{'interleave': 'random'},0.4543
shared,1,thrashing,SecondChance,LocalAllocation,1152,3,466400,{'interleave': 'random'},0.4664
shared,2,thrashing,SecondChance,LocalAllocation,1152,3,476400,{'interleave': 'random'},0.4764
shared,3,thrashing,SecondChance,LocalAllocation,1152,3,500000,{'interleave': 'random'},0.5
shared,4,thrashing,SecondChance,LocalAllocation,1152,3,498800,{'interleave': 'random'},0.4988
shared,5,thrashing,SecondChance,LocalAllocation,1152,3,2601600,{'interleave': 'random'},2.6016
shared,6,thrashing,SecondChance,LocalAllocation,1152,3,430000,{'interleave': 'random'},0.43
shared,7,thrashing,SecondChance,LocalAllocation,1152,3,2595200,{'interleave': 'random'},2.5952
shared_total,,thrashing,SecondChance,LocalAllocation,1152,4,9494100,{'interleave': 'random'},9.4941
shared,0,thrashing,SecondChance,LocalAllocation,1152,4,457800,{'interleave': 'random'},0.4578
shared,1,thrashing,SecondChance,LocalAllocation,1152,4,470800,{'interleave': 'random'},0.4708
shared,2,thrashing,SecondChance,LocalAllocation,1152,4,473400,{'interleave': 'random'},0.4734
shared,3,thrashing,SecondChance,LocalAllocation,1152,4,489700,{'interleave': 'random'},0.4897
shared,4,thrashing,SecondChance,LocalAllocation,1152,4,503400,{'interleave': 'random'},0.5034
shared,5,thrashing,SecondChance,LocalAllocation,1152,4,2625000,{'interleave': 'random'},2.625
shared,6,thrashing,SecondChance,LocalAllocation,1152,4,441200,{'interleave': 'random'},0.4412
shared,7,thrashing,SecondChance,LocalAllocation,1152,4,2631900,{'interleave': 'random'},2.6319
shared_total,,thrashing,SecondChance,LocalAllocation,1152,5,9590500,{'interleave': 'random'},9.5905
shared,0,thrashing,SecondChance,LocalAllocation,1152,5,465800,{'interleave': 'random'},0.4658
shared,1,thrashing,SecondChance,LocalAllocation,1152,5,483600,{'interleave': 'random'},0.4836
shared,2,thrashing,SecondChance,LocalAllocation,1152,5,496600,{'interleave': 'random'},0.4966
shared,3,thrashing,SecondChance,LocalAllocation,1152,5,499400,{'interleave': 'random'},0.4994
shared,4,thrashing,SecondChance,LocalAllocation,1152,5,514600,{'interleave': 'random'},0.5146
shared,5,thrashing,SecondChance,LocalAllocation,1152,5,2627500,{'interleave': 'random'},2.6275
shared,6,thrashing,SecondChance,LocalAllocation,1152,5,439600,{'interleave': 'random'},0.4396
shared,7,thrashing,SecondChance,LocalAllocation,1152,5,2640000,{'interleave': 'random'},2.64
shared_total,,thrashing,SecondChance,LocalAllocation,1152,6,9262300,{'interleave': 'random'},9.2623
shared,0,thrashing,SecondChance,LocalAllocation,1152,6,450500,{'interleave': 'random'},0.4505
shared,1,thrashing,SecondChance,LocalAllocation,1152,6,464300,{'interleave': 'random'},0.4643
shared,2,thrashing,SecondChance,LocalAllocation,1152,6,470900,{'interleave': 'random'},0.4709
shared,3,thrashing,SecondChance,LocalAllocation,1152,6,482500,{'interleave': 'random'},0.4825
shared,4,thrashing,SecondChance,LocalAllocation,1152,6,492800,{'interleave': 'random'},0.4928
shared,5,thrashing,SecondChance,LocalAllocation,1152,6,2531600,{'interleave': 'random'},2.5316
shared,6,thrashing,SecondChance,LocalAllocation,1152,6,424600,{'interleave': 'random'},0.4246
shared,7,thrashing,SecondChance,LocalAllocation,1152,6,2539000,{'interleave': 'random'},2.539
shared_total,,thrashing,SecondChance,LocalAllocation,1152,7,9411800,{'interleave': 'random'},9.4118
shared,0,thrashing,SecondChance,LocalAllocation,1152,7,449700,{'interleave': 'random'},0.4497
shared,1,thrashing,SecondChance,LocalAllocation,1152,7,460100,{'interleave': 'random'},0.4601
shared,2,thrashing,SecondChance,LocalAllocation,1152,7,473700,{'interleave': 'random'},0.4737
shared,3,thrashing,SecondChance,LocalAllocation,1152,7,486500,{'interleave': 'random'},0.4865
shared,4,thrashing,SecondChance,LocalAllocation,1152,7,495900,{'interleave': 'random'},0.4959
shared,5,thrashing,SecondChance,LocalAllocation,1152,7,2596100,{'interleave': 'random'},2.5961
shared,6,thrashing,SecondChance,LocalAllocation,1152,7,430100,{'interleave': 'random'},0.4301
shared,7,thrashing,SecondChance,LocalAllocation,1152,7,2601200,{'interleave': 'random'},2.6012
shared_total,,thrashing,SecondChance,LocalAllocation,1152,8,9549500,{'interleave': 'random'},9.5495
shared,0,thrashing,SecondChance,LocalAllocation,1152,8,457400,{'interleave': 'random'},0.4574
shared,1,thrashing,SecondChance,LocalAllocation,1152,8,469800,{'interleave': 'random'},0.4698
shared,2,thrashing,SecondChance,LocalAllocation,1152,8,484000,{'interleave': 'random'},0.484
shared,3,thrashing,SecondChance,LocalAllocation,1152,8,490800,{'interleave': 'random'},0.4908
shared,4,thrashing,SecondChance,LocalAllocation,1152,8,508800,{'interleave': 'random'},0.5088
shared,5,thrashing,SecondChance,LocalAllocation,1152,8,2631000,{'interleave': 'random'},2.631
shared,6,thrashing,SecondChance,LocalAllocation,1152,8,436000,{'interleave': 'random'},0.436
shared,7,thrashing,SecondChance,LocalAllocation,1152,8,2653300,{'interleave': 'random'},2.6533
shared_total,,thrashing,SecondChance,LocalAllocation,1152,9,9459400,{'interleave': 'random'},9.4594
shared,0,thrashing,SecondChance,LocalAllocation,1152,9,460900,{'interleave': 'random'},0.4609
shared,1,thrashing,SecondChance,LocalAllocation,1152,9,469400,{'interleave': 'random'},0.4694
shared,2,thrashing,SecondChance,LocalAllocation,1152,9,480200,{'interleave': 'random'},0.4802
shared,3,thrashing,SecondChance,LocalAllocation,1152,9,493200,{'interleave': 'random'},0.4932
shared,4,thrashing,SecondChance,LocalAllocation,1152,9,506600,{'interleave': 'random'},0.5066
shared,5,thrashing,SecondChance,LocalAllocation,1152,9,2634300,{'interleave': 'random'},2.6343
shared,6,thrashing,SecondChance,LocalAllocation,1152,9,431900,{'interleave': 'random'},0.4319
shared,7,thrashing,SecondChance,LocalAllocation,1152,9,2611300,{'interleave': 'random'},2.6113
shared_total,,thrashing,SecondChance,ProportionalAllocation,1152,0,5124500,{'interleave': 'random'},5.1245
shared,0,thrashing,SecondChance,ProportionalAllocation,1152,0,451600,{'interleave': 'random'},0.4516
shared,1,thrashing,SecondChance,ProportionalAllocation,1152,0,453700,{'interleave': 'random'},0.4537
shared,2,thrashing,SecondChance,ProportionalAllocation,1152,0,469400,{'interleave': 'random'},0.4694
shared,3,thrashing,SecondChance,ProportionalAllocation,1152,0,477700,{'interleave': 'random'},0.4777
shared,4,thrashing,SecondChance,ProportionalAllocation,1152,0,488000,{'interleave': 'random'},0.488
shared,5,thrashing,SecondChance,ProportionalAllocation,1152,0,504800,{'interleave': 'random'},0.5048
shared,6,thrashing,SecondChance,ProportionalAllocation,1152,0,415200,{'interleave': 'random'},0.4152
shared,7,thrashing,SecondChance,ProportionalAllocation,1152,0,536500,{'interleave': 'random'},0.5365
shared_total,,thrashing,SecondChance,ProportionalAllocation,1152,1,5277500,{'interleave': 'random'},5.2775
shared,0,thrashing,SecondChance,ProportionalAllocation,1152,1,461000,{'interleave': 'random'},0.461
shared,1,thrashing,SecondChance,ProportionalAllocation,1152,1,470200,{'interleave': 'random'},0.4702
shared,2,thrashing,SecondChance,ProportionalAllocation,1152,1,483800,{'interleave': 'random'},0.4838
shared,3,thrashing,SecondChance,ProportionalAllocation,1152,1,487500,{'interleave': 'random'},0.4875
shared,4,thrashing,SecondChance,ProportionalAllocation,1152,1,505900,{'interleave': 'random'},0.5059
shared,5,thrashing,SecondChance,ProportionalAllocation,1152,1,522600,{'interleave': 'random'},0.5226
shared,6,thrashing,SecondChance,ProportionalAllocation,1152,1,440200,{'interleave': 'random'},0.4402
shared,7,thrashing,SecondChance,ProportionalAllocation,1152,1,563100,{'interleave': 'random'},0.5631
shared_total,,thrashing,SecondChance,ProportionalAllocation,1152,2,5125900,{'interleave': 'random'},5.1259
shared,0,thrashing,SecondChance,ProportionalAllocation,1152,2,446300,{'interleave': 'random'},0.4463
shared,1,thrashing,SecondChance,ProportionalAllocation,1152,2,454700,{'interleave': 'random'},0.4547
shared,2,thrashing,SecondChance,ProportionalAllocation,1152,2,469700,{'interleave': 'random'},0.4697
shared,3,thrashing,SecondChance,ProportionalAllocation,1152,2,476900,{'interleave': 'random'},0.4769
shared,4,thrashing,SecondChance,ProportionalAllocation,1152,2,489500,{'interleave': 'random'},0.4895
shared,5,thrashing,SecondChance,ProportionalAllocation,1152,2,500200,{'interleave': 'random'},0.5002
shared,6,thrashing,SecondChance,ProportionalAllocation,1152,2,419200,{'interleave': 'random'},0.4192
shared,7,thrashing,SecondChance,ProportionalAllocation,1152,2,535200,{'interleave': 'random'},0.5352
shared_total,,thrashing,SecondChance,ProportionalAllocation,1152,3,5226400,{'interleave': 'random'},5.2264
shared,0,thrashing,SecondChance,ProportionalAllocation,1152,3,453200,{'interleave': 'random'},0.4532
shared,1,thrashing,SecondChance,ProportionalAllocation,1152,3,469300,{'interleave': 'random'},0.4693
shared,2,thrashing,SecondChance,ProportionalAllocation,1152,3,480600,{'interleave': 'random'},0.4806
shared,3,thrashing,SecondChance,ProportionalAllocation,1152,3,488100,{'interleave': 'random'},0.4881
shared,4,thrashing,SecondChance,ProportionalAllocation,1152,3,498500,{'interleave': 'random'},0.4985
shared,5,thrashing,SecondChance,ProportionalAllocation,1152,3,512600,{'interleave': 'random'},0.5126
shared,6,thrashing,SecondChance,ProportionalAllocation,1152,3,438800,{'interleave': 'random'},0.4388
shared,7,thrashing,SecondChance,ProportionalAllocation,1152,3,542100,{'interleave': 'random'},0.5421
shared_total,,thrashing,SecondChance,ProportionalAllocation,1152,4,5225800,{'interleave': 'random'},5.2258
shared,0,thrashing,SecondChance,ProportionalAllocation,1152,4,454100,{'interleave': 'random'},0.4541
shared,1,thrashing,SecondChance,ProportionalAllocation,1152,4,464000,{'interleave': 'random'},0.464
shared,2,thrashing,SecondChance,ProportionalAllocation,1152,4,470000,{'interleave': 'random'},0.47
shared,3,thrashing,SecondChance,ProportionalAllocation,1152,4,482600,{'interleave': 'random'},0.4826
shared,4,thrashing,SecondChance,ProportionalAllocation,1152,4,500900,{'interleave': 'random'},0.5009
shared,5,thrashing,SecondChance,ProportionalAllocation,1152,4,513400,{'interleave': 'random'},0.5134
shared,6,thrashing,SecondChance,ProportionalAllocation,1152,4,433900,{'interleave': 'random'},0.4339
shared,7,thrashing,SecondChance,ProportionalAllocation,1152,4,543300,{'interleave': 'random'},0.5433
shared_total,,thrashing,SecondChance,ProportionalAllocation,1152,5,5210300,{'interleave': 'random'},5.2103
shared,0,thrashing,SecondChance,ProportionalAllocation,1152,5,454400,{'interleave': 'random'},0.4544
shared,1,thrashing,SecondChance,ProportionalAllocation,1152,5,464800,{'interleave': 'random'},0.4648
shared,2,thrashing,SecondChance,ProportionalAllocation,1152,5,479200,{'interleave': 'random'},0.4792
shared,3,thrashing,SecondChance,ProportionalAllocation,1152,5,483200,{'interleave': 'random'},0.4832
shared,4,thrashing,SecondChance,ProportionalAllocation,1152,5,511700,{'interleave': 'random'},0.5117
shared,5,thrashing,SecondChance,ProportionalAllocation,1152,5,517400,{'interleave': 'random'},0.5174
shared,6,thrashing,SecondChance,ProportionalAllocation,1152,5,431300,{'interleave': 'random'},0.4313
shared,7,thrashing,SecondChance,ProportionalAllocation,1152,5,548400,{'interleave': 'random'},0.5484
shared_total,,thrashing,SecondChance,ProportionalAllocation,1152,6,5156400,{'interleave': 'random'},5.1564
shared,0,thrashing,SecondChance,ProportionalAllocation,1152,6,447400,{'interleave': 'random'},0.4474
shared,1,thrashing,SecondChance,ProportionalAllocation,1152,6,463800,{'interleave': 'random'},0.4638
shared,2,thrashing,SecondChance,ProportionalAllocation,1152,6,473000,{'interleave': 'random'},0.473
shared,3,thrashing,SecondChance,ProportionalAllocation,1152,6,481400,{'interleave': 'random'},0.4814
shared,4,thrashing,SecondChance,ProportionalAllocation,1152,6,490700,{'interleave': 'random'},0.4907
shared,5,thrashing,SecondChance,ProportionalAllocation,1152,6,508800,{'interleave': 'random'},0.5088
shared,6,thrashing,SecondChance,ProportionalAllocation,1152,6,427200,{'interleave': 'random'},0.4272
shared,7,thrashing,SecondChance,ProportionalAllocation,1152,6,543400,{'interleave': 'random'},0.5434
shared_total,,thrashing,SecondChance,ProportionalAllocation,1152,7,5184600,{'interleave': 'random'},5.1846
shared,0,thrashing,SecondChance,ProportionalAllocation,1152,7,450200,{'interleave': 'random'},0.4502
shared,1,thrashing,SecondChance,ProportionalAllocation,1152,7,463000,{'interleave': 'random'},0.463
shared,2,thrashing,SecondChance,ProportionalAllocation,1152,7,481900,{'interleave': 'random'},0.4819
shared,3,thrashing,SecondChance,ProportionalAllocation,1152,7,489300,{'interleave': 'random'},0.4893
shared,4,thrashing,SecondChance,ProportionalAllocation,1152,7,500100,{'interleave': 'random'},0.5001
shared,5,thrashing,SecondChance,ProportionalAllocation,1152,7,514600,{'interleave': 'random'},0.5146
shared,6,thrashing,SecondChance,ProportionalAllocation,1152,7,433600,{'interleave': 'random'},0.4336
shared,7,thrashing,SecondChance,ProportionalAllocation,1152,7,543300,{'interleave': 'random'},0.5433
shared_total,,thrashing,SecondChance,ProportionalAllocation,1152,8,5121700,{'interleave': 'random'},5.1217
shared,0,thrashing,SecondChance,ProportionalAllocation,1152,8,443800,{'interleave': 'random'},0.4438
shared,1,thrashing,SecondChance,ProportionalAllocation,1152,8,457700,{'interleave': 'random'},0.4577
shared,2,thrashing,SecondChance,ProportionalAllocation,1152,8,470800,{'interleave': 'random'},0.4708
shared,3,thrashing,SecondChance,ProportionalAllocation,1152,8,481500,{'interleave': 'random'},0.4815
shared,4,thrashing,SecondChance,ProportionalAllocation,1152,8,488200,{'interleave': 'random'},0.4882
shared,5,thrashing,SecondChance,ProportionalAllocation,1152,8,501600,{'interleave': 'random'},0.5016
shared,6,thrashing,SecondChance,ProportionalAllocation,1152,8,417800,{'interleave': 'random'},0.4178
shared,7,thrashing,SecondChance,ProportionalAllocation,1152,8,535300,{'interleave': 'random'},0.5353
shared_total,,thrashing,SecondChance,ProportionalAllocation,1152,9,5436600,{'interleave': 'random'},5.4366
shared,0,thrashing,SecondChance,ProportionalAllocation,1152,9,473700,{'interleave': 'random'},0.4737
shared,1,thrashing,SecondChance,ProportionalAllocation,1152,9,487100,{'interleave': 'random'},0.4871
shared,2,thrashing,SecondChance,ProportionalAllocation,1152,9,518800,{'interleave': 'random'},0.5188
shared,3,thrashing,SecondChance,ProportionalAllocation,1152,9,504300,{'interleave': 'random'},0.5043
shared,4,thrashing,SecondChance,ProportionalAllocation,1152,9,520500,{'interleave': 'random'},0.5205
shared,5,thrashing,SecondChance,ProportionalAllocation,1152,9,528000,{'interleave': 'random'},0.528
shared,6,thrashing,SecondChance,ProportionalAllocation,1152,9,444900,{'interleave': 'random'},0.4449
shared,7,thrashing,SecondChance,ProportionalAllocation,1152,9,556100,{'interleave': 'random'},0.5561
shared_total,,thrashing,WSClock,GlobalAllocation,1152,0,10690500,{'interleave': 'random'},10.6905
shared,0,thrashing,WSClock,GlobalAllocation,1152,0,839500,{'interleave': 'random'},0.8395
shared,1,thrashing,WSClock,GlobalAllocation,1152,0,1066600,{'interleave': 'random'},1.0666
shared,2,thrashing,WSClock,GlobalAllocation,1152,0,1225300,{'interleave': 'random'},1.2253
shared,3,thrashing,WSClock,GlobalAllocation,1152,0,1214100,{'interleave': 'random'},1.2141
shared,4,thrashing,WSClock,GlobalAllocation,1152,0,1360500,{'interleave': 'random'},1.3605
shared,5,thrashing,WSClock,GlobalAllocation,1152,0,1350500,{'interleave': 'random'},1.3505
shared,6,thrashing,WSClock,GlobalAllocation,1152,0,686200,{'interleave': 'random'},0.6862
shared,7,thrashing,WSClock,GlobalAllocation,1152,0,1594500,{'interleave': 'random'},1.5945
shared_total,,thrashing,WSClock,GlobalAllocation,1152,1,10664700,{'interleave': 'random'},10.6647
shared,0,thrashing,WSClock,GlobalAllocation,1152,1,832400,{'interleave': 'random'},0.8324
shared,1,thrashing,WSClock,GlobalAllocation,1152,1,1079500,{'interleave': 'random'},1.0795
shared,2,thrashing,WSClock,GlobalAllocation,1152,1,1115900,{'interleave': 'random'},1.1159
shared,3,thrashing,WSClock,GlobalAllocation,1152,1,1252000,{'interleave': 'random'},1.252
shared,4,thrashing,WSClock,GlobalAllocation,1152,1,1336200,{'interleave': 'random'},1.3362
shared,5,thrashing,WSClock,GlobalAllocation,1152,1,1384300,{'interleave': 'random'},1.3843
shared,6,thrashing,WSClock,GlobalAllocation,1152,1,684000,{'interleave': 'random'},0.684
shared,7,thrashing,WSClock,GlobalAllocation,1152,1,1619800,{'interleave': 'random'},1.6198
shared_total,,thrashing,WSClock,GlobalAllocation,1152,2,10664400,{'interleave': 'random'},10.6644
shared,0,thrashing,WSClock,GlobalAllocation,1152,2,800800,{'interleave': 'random'},0.8008
shared,1,thrashing,WSClock,GlobalAllocation,1152,2,1032100,{'interleave': 'random'},1.0321
shared,2,thrashing,WSClock,GlobalAllocation,1152,2,1095100,{'interleave': 'random'},1.0951
shared,3,thrashing,WSClock,GlobalAllocation,1152,2,1235100,{'interleave': 'random'},1.2351
shared,4,thrashing,WSClock,GlobalAllocation,1152,2,1367800,{'interleave': 'random'},1.3678
shared,5,thrashing,WSClock,GlobalAllocation,1152,2,1488400,{'interleave': 'random'},1.4884
shared,6,thrashing,WSClock,GlobalAllocation,1152,2,679600,{'interleave': 'random'},0.6796
shared,7,thrashing,WSClock,GlobalAllocation,1152,2,1608100,{'interleave': 'random'},1.6081
shared_total,,thrashing,WSClock,GlobalAllocation,1152,3,10553100,{'interleave': 'random'},10.5531
shared,0,thrashing,WSClock,GlobalAllocation,1152,3,907200,{'interleave': 'random'},0.9072
shared,1,thrashing,WSClock,GlobalAllocation,1152,3,1048400,{'interleave': 'random'},1.0484
shared,2,thrashing,WSClock,GlobalAllocation,1152,3,1158800,{'interleave': 'random'},1.1588
shared,3,thrashing,WSClock,GlobalAllocation,1152,3,1243700,{'interleave': 'random'},1.2437
shared,4,thrashing,WSClock,GlobalAllocation,1152,3,1254400,{'interleave': 'random'},1.2544
shared,5,thrashing,WSClock,GlobalAllocation,1152,3,1373000,{'interleave': 'random'},1.373
shared,6,thrashing,WSClock,GlobalAllocation,1152,3,686500,{'interleave': 'random'},0.6865
shared,7,thrashing,WSClock,GlobalAllocation,1152,3,1538400,{'interleave': 'random'},1.5384
shared_total,,thrashing,WSClock,GlobalAllocation,1152,4,16538000,{'interleave': 'random'},16.538
shared,0,thrashing,WSClock,GlobalAllocation,1152,4,1252100,{'interleave': 'random'},1.2521
shared,1,thrashing,WSClock,GlobalAllocation,1152,4,1698200,{'interleave': 'random'},1.6982
shared,2,thrashing,WSClock,GlobalAllocation,1152,4,1790900,{'interleave': 'random'},1.7909
shared,3,thrashing,WSClock,GlobalAllocation,1152,4,1930700,{'interleave': 'random'},1.9307
shared,4,thrashing,WSClock,GlobalAllocation,1152,4,2041600,{'interleave': 'random'},2.0416
shared,5,thrashing,WSClock,GlobalAllocation,1152,4,2282900,{'interleave': 'random'},2.2829
shared,6,thrashing,WSClock,GlobalAllocation,1152,4,968000,{'interleave': 'random'},0.968
shared,7,thrashing,WSClock,GlobalAllocation,1152,4,2471300,{'interleave': 'random'},2.4713
shared_total,,thrashing,WSClock,GlobalAllocation,1152,5,10857500,{'interleave': 'random'},10.8575
shared,0,thrashing,WSClock,GlobalAllocation,1152,5,903800,{'interleave': 'random'},0.9038
shared,1,thrashing,WSClock,GlobalAllocation,1152,5,1084800,{'interleave': 'random'},1.0848
shared,2,thrashing,WSClock,GlobalAllocation,1152,5,1131300,{'interleave': 'random'},1.1313
shared,3,thrashing,WSClock,GlobalAllocation,1152,5,1271400,{'interleave': 'random'},1.2714
shared,4,thrashing,WSClock,GlobalAllocation,1152,5,1323300,{'interleave': 'random'},1.3233
shared,5,thrashing,WSClock,GlobalAllocation,1152,5,1450300,{'interleave': 'random'},1.4503
shared,6,thrashing,WSClock,GlobalAllocation,1152,5,697100,{'interleave': 'random'},0.6971
shared,7,thrashing,WSClock,GlobalAllocation,1152,5,1640700,{'interleave': 'random'},1.6407
shared_total,,thrashing,WSClock,GlobalAllocation,1152,6,11082400,{'interleave': 'random'},11.0824
shared,0,thrashing,WSClock,GlobalAllocation,1152,6,941000,{'interleave': 'random'},0.941
shared,1,thrashing,WSClock,GlobalAllocation,1152,6,1037100,{'interleave': 'random'},1.0371
shared,2,thrashing,WSClock,GlobalAllocation,1152,6,1207200,{'interleave': 'random'},1.2072
shared,3,thrashing,WSClock,GlobalAllocation,1152,6,1250800,{'interleave': 'random'},1.2508
shared,4,thrashing,WSClock,GlobalAllocation,1152,6,1367400,{'interleave': 'random'},1.3674
shared,5,thrashing,WSClock,GlobalAllocation,1152,6,1440600,{'interleave': 'random'},1.4406
shared,6,thrashing,WSClock,GlobalAllocation,1152,6,721300,{'interleave': 'random'},0.7213
shared,7,thrashing,WSClock,GlobalAllocation,1152,6,1734900,{'interleave': 'random'},1.7349
shared_total,,thrashing,WSClock,GlobalAllocation,1152,7,10925300,{'interleave': 'random'},10.9253
shared,0,thrashing,WSClock,GlobalAllocation,1152,7,903500,{'interleave': 'random'},0.9035
shared,1,thrashing,WSClock,GlobalAllocation,1152,7,1124500,{'interleave': 'random'},1.1245
shared,2,thrashing,WSClock,GlobalAllocation,1152,7,1099100,{'interleave': 'random'},1.0991
shared,3,thrashing,WSClock,GlobalAllocation,1152,7,1217300,{'interleave': 'random'},1.2173
shared,4,thrashing,WSClock,GlobalAllocation,1152,7,1363800,{'interleave': 'random'},1.3638
shared,5,thrashing,WSClock,GlobalAllocation,1152,7,1457000,{'interleave': 'random'},1.457
shared,6,thrashing,WSClock,GlobalAllocation,1152,7,710900,{'interleave': 'random'},0.7109
shared,7,thrashing,WSClock,GlobalAllocation,1152,7,1660700,{'interleave': 'random'},1.6607
shared_total,,thrashing,WSClock,GlobalAllocation,1152,8,10639900,{'interleave': 'random'},10.6399
shared,0,thrashing,WSClock,GlobalAllocation,1152,8,890700,{'interleave': 'random'},0.8907
shared,1,thrashing,WSClock,GlobalAllocation,1152,8,1029100,{'interleave': 'random'},1.0291
shared,2,thrashing,WSClock,GlobalAllocation,1152,8,1085600,{'interleave': 'random'},1.0856
shared,3,thrashing,WSClock,GlobalAllocation,1152,8,1228700,{'interleave': 'random'},1.2287
shared,4,thrashing,WSClock,GlobalAllocation,1152,8,1346700,{'interleave': 'random'},1.3467
shared,5,thrashing,WSClock,GlobalAllocation,1152,8,1418500,{'interleave': 'random'},1.4185
shared,6,thrashing,WSClock,GlobalAllocation,1152,8,663700,{'interleave': 'random'},0.6637
shared,7,thrashing,WSClock,GlobalAllocation,1152,8,1632800,{'interleave': 'random'},1.6328
shared_total,,thrashing,WSClock,GlobalAllocation,1152,9,9953600,{'interleave': 'random'},9.9536
shared,0,thrashing,WSClock,GlobalAllocation,1152,9,848700,{'interleave': 'random'},0.8487
shared,1,thrashing,WSClock,GlobalAllocation,1152,9,950400,{'interleave': 'random'},0.9504
shared,2,thrashing,WSClock,GlobalAllocation,1152,9,1080900,{'interleave': 'random'},1.0809
shared,3,thrashing,WSClock,GlobalAllocation,1152,9,1072400,{'interleave': 'random'},1.0724
shared,4,thrashing,WSClock,GlobalAllocation,1152,9,1214800,{'interleave': 'random'},1.2148
shared,5,thrashing,WSClock,GlobalAllocation,1152,9,1308500,{'interleave': 'random'},1.3085
shared,6,thrashing,WSClock,GlobalAllocation,1152,9,658900,{'interleave': 'random'},0.6589
shared,7,thrashing,WSClock,GlobalAllocation,1152,9,1539400,{'interleave': 'random'},1.5394
shared_total,,thrashing,WSClock,LocalAllocation,1152,0,24145500,{'interleave': 'random'},24.1455
shared,0,thrashing,WSClock,LocalAllocation,1152,0,455900,{'interleave': 'random'},0.4559
shared,1,thrashing,WSClock,LocalAllocation,1152,0,465700,{'interleave': 'random'},0.4657
shared,2,thrashing,WSClock,LocalAllocation,1152,0,475400,{'interleave': 'random'},0.4754
shared,3,thrashing,WSClock,LocalAllocation,1152,0,487500,{'interleave': 'random'},0.4875
shared,4,thrashing,WSClock,LocalAllocation,1152,0,510700,{'interleave': 'random'},0.5107
shared,5,thrashing,WSClock,LocalAllocation,1152,0,5948300,{'interleave': 'random'},5.9483
shared,6,thrashing,WSClock,LocalAllocation,1152,0,429400,{'interleave': 'random'},0.4294
shared,7,thrashing,WSClock,LocalAllocation,1152,0,13944900,{'interleave': 'random'},13.9449
shared_total,,thrashing,WSClock,LocalAllocation,1152,1,23253500,{'interleave': 'random'},23.2535
shared,0,thrashing,WSClock,LocalAllocation,1152,1,458300,{'interleave': 'random'},0.4583
shared,1,thrashing,WSClock,LocalAllocation,1152,1,463600,{'interleave': 'random'},0.4636
shared,2,thrashing,WSClock,LocalAllocation,1152,1,485400,{'interleave': 'random'},0.4854
shared,3,thrashing,WSClock,LocalAllocation,1152,1,483800,{'interleave': 'random'},0.4838
shared,4,thrashing,WSClock,LocalAllocation,1152,1,499800,{'interleave': 'random'},0.4998
shared,5,thrashing,WSClock,LocalAllocation,1152,1,5033600,{'interleave': 'random'},5.0336
shared,6,thrashing,WSClock,LocalAllocation,1152,1,429700,{'interleave': 'random'},0.4297
shared,7,thrashing,WSClock,LocalAllocation,1152,1,13977000,{'interleave': 'random'},13.977
shared_total,,thrashing,WSClock,LocalAllocation,1152,2,22109800,{'interleave': 'random'},22.1098
shared,0,thrashing,WSClock,LocalAllocation,1152,2,464400,{'interleave': 'random'},0.4644
shared,1,thrashing,WSClock,LocalAllocation,1152,2,472300,{'interleave': 'random'},0.4723
shared,2,thrashing,WSClock,LocalAllocation,1152,2,484200,{'interleave': 'random'},0.4842
shared,3,thrashing,WSClock,LocalAllocation,1152,2,490200,{'interleave': 'random'},0.4902
shared,4,thrashing,WSClock,LocalAllocation,1152,2,510000,{'interleave': 'random'},0.51
shared,5,thrashing,WSClock,LocalAllocation,1152,2,5838400,{'interleave': 'random'},5.8384
shared,6,thrashing,WSClock,LocalAllocation,1152,2,437700,{'interleave': 'random'},0.4377
shared,7,thrashing,WSClock,LocalAllocation,1152,2,11971500,{'interleave': 'random'},11.9715
shared_total,,thrashing,WSClock,LocalAllocation,1152,3,22034700,{'interleave': 'random'},22.0347
shared,0,thrashing,WSClock,LocalAllocation,1152,3,453300,{'interleave': 'random'},0.4533
shared,1,thrashing,WSClock,LocalAllocation,1152,3,474400,{'interleave': 'random'},0.4744
shared,2,thrashing,WSClock,LocalAllocation,1152,3,472500,{'interleave': 'random'},0.4725
shared,3,thrashing,WSClock,LocalAllocation,1152,3,487600,{'interleave': 'random'},0.4876
shared,4,thrashing,WSClock,LocalAllocation,1152,3,497300,{'interleave': 'random'},0.4973
shared,5,thrashing,WSClock,LocalAllocation,1152,3,5941600,{'interleave': 'random'},5.9416
shared,6,thrashing,WSClock,LocalAllocation,1152,3,427700,{'interleave': 'random'},0.4277
shared,7,thrashing,WSClock,LocalAllocation,1152,3,11871000,{'interleave': 'random'},11.871
shared_total,,thrashing,WSClock,LocalAllocation,1152,4,23657100,{'interleave': 'random'},23.6571
shared,0,thrashing,WSClock,LocalAllocation,1152,4,466900,{'interleave': 'random'},0.4669
shared,1,thrashing,WSClock,LocalAllocation,1152,4,476400,{'interleave': 'random'},0.4764
shared,2,thrashing,WSClock,LocalAllocation,1152,4,527800,{'interleave': 'random'},0.5278
shared,3,thrashing,WSClock,LocalAllocation,1152,4,499200,{'interleave': 'random'},0.4992
shared,4,thrashing,WSClock,LocalAllocation,1152,4,517800,{'interleave': 'random'},0.5178
shared,5,thrashing,WSClock,LocalAllocation,1152,4,6971800,{'interleave': 'random'},6.9718
shared,6,thrashing,WSClock,LocalAllocation,1152,4,449200,{'interleave': 'random'},0.4492
shared,7,thrashing,WSClock,LocalAllocation,1152,4,12264100,{'interleave': 'random'},12.2641
shared_total,,thrashing,WSClock,LocalAllocation,1152,5,23662600,{'interleave': 'random'},23.6626
shared,0,thrashing,WSClock,LocalAllocation,1152,5,461400,{'interleave': 'random'},0.4614
shared,1,thrashing,WSClock,LocalAllocation,1152,5,461400,{'interleave': 'random'},0.4614
shared,2,thrashing,WSClock,LocalAllocation,1152,5,483100,{'interleave': 'random'},0.4831
shared,3,thrashing,WSClock,LocalAllocation,1152,5,490900,{'interleave': 'random'},0.4909
shared,4,thrashing,WSClock,LocalAllocation,1152,5,498400,{'interleave': 'random'},0.4984
shared,5,thrashing,WSClock,LocalAllocation,1152,5,6197300,{'interleave': 'random'},6.1973
shared,6,thrashing,WSClock,LocalAllocation,1152,5,433300,{'interleave': 'random'},0.4333
shared,7,thrashing,WSClock,LocalAllocation,1152,5,13174300,{'interleave': 'random'},13.1743
shared_total,,thrashing,WSClock,LocalAllocation,1152,6,23457000,{'interleave': 'random'},23.457
shared,0,thrashing,WSClock,LocalAllocation,1152,6,449800,{'interleave': 'random'},0.4498
shared,1,thrashing,WSClock,LocalAllocation,1152,6,465600,{'interleave': 'random'},0.4656
shared,2,thrashing,WSClock,LocalAllocation,1152,6,473000,{'interleave': 'random'},0.473
shared,3,thrashing,WSClock,LocalAllocation,1152,6,482200,{'interleave': 'random'},0.4822
shared,4,thrashing,WSClock,LocalAllocation,1152,6,498800,{'interleave': 'random'},0.4988
shared,5,thrashing,WSClock,LocalAllocation,1152,6,5440800,{'interleave': 'random'},5.4408
shared,6,thrashing,WSClock,LocalAllocation,1152,6,429300,{'interleave': 'random'},0.4293
shared,7,thrashing,WSClock,LocalAllocation,1152,6,13780300,{'interleave': 'random'},13.7803
shared_total,,thrashing,WSClock,LocalAllocation,1152,7,24109000,{'interleave': 'random'},24.109
shared,0,thrashing,WSClock,LocalAllocation,1152,7,486700,{'interleave': 'random'},0.4867
shared,1,thrashing,WSClock,LocalAllocation,1152,7,470800,{'interleave': 'random'},0.4708
shared,2,thrashing,WSClock,LocalAllocation,1152,7,481700,{'interleave': 'random'},0.4817
shared,3,thrashing,WSClock,LocalAllocation,1152,7,495900,{'interleave': 'random'},0.4959
shared,4,thrashing,WSClock,LocalAllocation,1152,7,499300,{'interleave': 'random'},0.4993
shared,5,thrashing,WSClock,LocalAllocation,1152,7,6723100,{'interleave': 'random'},6.7231
shared,6,thrashing,WSClock,LocalAllocation,1152,7,434500,{'interleave': 'random'},0.4345
shared,7,thrashing,WSClock,LocalAllocation,1152,7,13089300,{'interleave': 'random'},13.0893
shared_total,,thrashing,WSClock,LocalAllocation,1152,8,23409600,{'interleave': 'random'},23.4096
shared,0,thrashing,WSClock,LocalAllocation,1152,8,464200,{'interleave': 'random'},0.4642
shared,1,thrashing,WSClock,LocalAllocation,1152,8,478900,{'interleave': 'random'},0.4789
shared,2,thrashing,WSClock,LocalAllocation,1152,8,485000,{'interleave': 'random'},0.485
shared,3,thrashing,WSClock,LocalAllocation,1152,8,497700,{'interleave': 'random'},0.4977
shared,4,thrashing,WSClock,LocalAllocation,1152,8,509300,{'interleave': 'random'},0.5093
shared,5,thrashing,WSClock,LocalAllocation,1152,8,5820600,{'interleave': 'random'},5.8206
shared,6,thrashing,WSClock,LocalAllocation,1152,8,441800,{'interleave': 'random'},0.4418
shared,7,thrashing,WSClock,LocalAllocation,1152,8,13257600,{'interleave': 'random'},13.2576
shared_total,,thrashing,WSClock,LocalAllocation,1152,9,22831300,{'interleave': 'random'},22.8313
shared,0,thrashing,WSClock,LocalAllocation,1152,9,454600,{'interleave': 'random'},0.4546
shared,1,thrashing,WSClock,LocalAllocation,1152,9,460800,{'interleave': 'random'},0.4608
shared,2,thrashing,WSClock,LocalAllocation,1152,9,469800,{'interleave': 'random'},0.4698
shared,3,thrashing,WSClock,LocalAllocation,1152,9,487500,{'interleave': 'random'},0.4875
shared,4,thrashing,WSClock,LocalAllocation,1152,9,495500,{'interleave': 'random'},0.4955
shared,5,thrashing,WSClock,LocalAllocation,1152,9,6110700,{'interleave': 'random'},6.1107
shared,6,thrashing,WSClock,LocalAllocation,1152,9,424400,{'interleave': 'random'},0.4244
shared,7,thrashing,WSClock,LocalAllocation,1152,9,12480300,{'interleave': 'random'},12.4803
shared_total,,thrashing,WSClock,ProportionalAllocation,1152,0,5259000,{'interleave': 'random'},5.259
shared,0,thrashing,WSClock,ProportionalAllocation,1152,0,464700,{'interleave': 'random'},0.4647
shared,1,thrashing,WSClock,ProportionalAllocation,1152,0,471300,{'interleave': 'random'},0.4713
shared,2,thrashing,WSClock,ProportionalAllocation,1152,0,485000,{'interleave': 'random'},0.485
shared,3,thrashing,WSClock,ProportionalAllocation,1152,0,491000,{'interleave': 'random'},0.491
shared,4,thrashing,WSClock,ProportionalAllocation,1152,0,505600,{'interleave': 'random'},0.5056
shared,5,thrashing,WSClock,ProportionalAllocation,1152,0,514800,{'interleave': 'random'},0.5148
shared,6,thrashing,WSClock,ProportionalAllocation,1152,0,442100,{'interleave': 'random'},0.4421
shared,7,thrashing,WSClock,ProportionalAllocation,1152,0,553900,{'interleave': 'random'},0.5539
shared_total,,thrashing,WSClock,ProportionalAllocation,1152,1,5245100,{'interleave': 'random'},5.2451
shared,0,thrashing,WSClock,ProportionalAllocation,1152,1,459400,{'interleave': 'random'},0.4594
shared,1,thrashing,WSClock,ProportionalAllocation,1152,1,466700,{'interleave': 'random'},0.4667
shared,2,thrashing,WSClock,ProportionalAllocation,1152,1,479600,{'interleave': 'random'},0.4796
shared,3,thrashing,WSClock,ProportionalAllocation,1152,1,486800,{'interleave': 'random'},0.4868
shared,4,thrashing,WSClock,ProportionalAllocation,1152,1,499900,{'interleave': 'random'},0.4999
shared,5,thrashing,WSClock,ProportionalAllocation,1152,1,511200,{'interleave': 'random'},0.5112
shared,6,thrashing,WSClock,ProportionalAllocation,1152,1,432500,{'interleave': 'random'},0.4325
shared,7,thrashing,WSClock,ProportionalAllocation,1152,1,546200,{'interleave': 'random'},0.5462
shared_total,,thrashing,WSClock,ProportionalAllocation,1152,2,5224300,{'interleave': 'random'},5.2243
shared,0,thrashing,WSClock,ProportionalAllocation,1152,2,476800,{'interleave': 'random'},0.4768
shared,1,thrashing,WSClock,ProportionalAllocation,1152,2,458600,{'interleave': 'random'},0.4586
shared,2,thrashing,WSClock,ProportionalAllocation,1152,2,481000,{'interleave': 'random'},0.481
shared,3,thrashing,WSClock,ProportionalAllocation,1152,2,483400,{'interleave': 'random'},0.4834
shared,4,thrashing,WSClock,ProportionalAllocation,1152,2,497400,{'interleave': 'random'},0.4974
shared,5,thrashing,WSClock,ProportionalAllocation,1152,2,509500,{'interleave': 'random'},0.5095
shared,6,thrashing,WSClock,ProportionalAllocation,1152,2,436400,{'interleave': 'random'},0.4364
shared,7,thrashing,WSClock,ProportionalAllocation,1152,2,549000,{'interleave': 'random'},0.549
shared_total,,thrashing,WSClock,ProportionalAllocation,1152,3,5250500,{'interleave': 'random'},5.2505
shared,0,thrashing,WSClock,ProportionalAllocation,1152,3,455000,{'interleave': 'random'},0.455
shared,1,thrashing,WSClock,ProportionalAllocation,1152,3,467400,{'interleave': 'random'},0.4674
shared,2,thrashing,WSClock,ProportionalAllocation,1152,3,477700,{'interleave': 'random'},0.4777
shared,3,thrashing,WSClock,ProportionalAllocation,1152,3,489800,{'interleave': 'random'},0.4898
shared,4,thrashing,WSClock,ProportionalAllocation,1152,3,500400,{'interleave': 'random'},0.5004
shared,5,thrashing,WSClock,ProportionalAllocation,1152,3,514500,{'interleave': 'random'},0.5145
shared,6,thrashing,WSClock,ProportionalAllocation,1152,3,431700,{'interleave': 'random'},0.4317
shared,7,thrashing,WSClock,ProportionalAllocation,1152,3,548600,{'interleave': 'random'},0.5486
shared_total,,thrashing,WSClock,ProportionalAllocation,1152,4,5137000,{'interleave': 'random'},5.137
shared,0,thrashing,WSClock,ProportionalAllocation,1152,4,454200,{'interleave': 'random'},0.4542
shared,1,thrashing,WSClock,ProportionalAllocation,1152,4,459100,{'interleave': 'random'},0.4591
shared,2,thrashing,WSClock,ProportionalAllocation,1152,4,469600,{'interleave': 'random'},0.4696
shared,3,thrashing,WSClock,ProportionalAllocation,1152,4,477600,{'interleave': 'random'},0.4776
shared,4,thrashing,WSClock,ProportionalAllocation,1152,4,493900,{'interleave': 'random'},0.4939
shared,5,thrashing,WSClock,ProportionalAllocation,1152,4,508000,{'interleave': 'random'},0.508
shared,6,thrashing,WSClock,ProportionalAllocation,1152,4,428300,{'interleave': 'random'},0.4283
shared,7,thrashing,WSClock,ProportionalAllocation,1152,4,535900,{'interleave': 'random'},0.5359
shared_total,,thrashing,WSClock,ProportionalAllocation,1152,5,5313600,{'interleave': 'random'},5.3136
shared,0,thrashing,WSClock,ProportionalAllocation,1152,5,447700,{'interleave': 'random'},0.4477
shared,1,thrashing,WSClock,ProportionalAllocation,1152,5,572300,{'interleave': 'random'},0.5723
shared,2,thrashing,WSClock,ProportionalAllocation,1152,5,474200,{'interleave': 'random'},0.4742
shared,3,thrashing,WSClock,ProportionalAllocation,1152,5,479100,{'interleave': 'random'},0.4791
shared,4,thrashing,WSClock,ProportionalAllocation,1152,5,491300,{'interleave': 'random'},0.4913
shared,5,thrashing,WSClock,ProportionalAllocation,1152,5,505300,{'interleave': 'random'},0.5053
shared,6,thrashing,WSClock,ProportionalAllocation,1152,5,421300,{'interleave': 'random'},0.4213
shared,7,thrashing,WSClock,ProportionalAllocation,1152,5,536600,{'interleave': 'random'},0.5366
shared_total,,thrashing,WSClock,ProportionalAllocation,1152,6,5309400,{'interleave': 'random'},5.3094
shared,0,thrashing,WSClock,ProportionalAllocation,1152,6,460300,{'interleave': 'random'},0.4603
shared,1,thrashing,WSClock,ProportionalAllocation,1152,6,477800,{'interleave': 'random'},0.4778
shared,2,thrashing,WSClock,ProportionalAllocation,1152,6,487900,{'interleave': 'random'},0.4879
shared,3,thrashing,WSClock,ProportionalAllocation,1152,6,497300,{'interleave': 'random'},0.4973
shared,4,thrashing,WSClock,ProportionalAllocation,1152,6,505200,{'interleave': 'random'},0.5052
shared,5,thrashing,WSClock,ProportionalAllocation,1152,6,524100,{'interleave': 'random'},0.5241
shared,6,thrashing,WSClock,ProportionalAllocation,1152,6,442700,{'interleave': 'random'},0.4427
shared,7,thrashing,WSClock,ProportionalAllocation,1152,6,550500,{'interleave': 'random'},0.5505
shared_total,,thrashing,WSClock,ProportionalAllocation,1152,7,5441600,{'interleave': 'random'},5.4416
shared,0,thrashing,WSClock,ProportionalAllocation,1152,7,470100,{'interleave': 'random'},0.4701
shared,1,thrashing,WSClock,ProportionalAllocation,1152,7,474400,{'interleave': 'random'},0.4744
shared,2,thrashing,WSClock,ProportionalAllocation,1152,7,490800,{'interleave': 'random'},0.4908
shared,3,thrashing,WSClock,ProportionalAllocation,1152,7,506500,{'interleave': 'random'},0.5065
shared,4,thrashing,WSClock,ProportionalAllocation,1152,7,518800,{'interleave': 'random'},0.5188
shared,5,thrashing,WSClock,ProportionalAllocation,1152,7,531600,{'interleave': 'random'},0.5316
shared,6,thrashing,WSClock,ProportionalAllocation,1152,7,436900,{'interleave': 'random'},0.4369
shared,7,thrashing,WSClock,ProportionalAllocation,1152,7,563400,{'interleave': 'random'},0.5634
shared_total,,thrashing,WSClock,ProportionalAllocation,1152,8,5272100,{'interleave': 'random'},5.2721
shared,0,thrashing,WSClock,ProportionalAllocation,1152,8,454800,{'interleave': 'random'},0.4548
shared,1,thrashing,WSClock,ProportionalAllocation,1152,8,468600,{'interleave': 'random'},0.4686
shared,2,thrashing,WSClock,ProportionalAllocation,1152,8,480800,{'interleave': 'random'},0.4808
shared,3,thrashing,WSClock,ProportionalAllocation,1152,8,496000,{'interleave': 'random'},0.496
shared,4,thrashing,WSClock,ProportionalAllocation,1152,8,500100,{'interleave': 'random'},0.5001
shared,5,thrashing,WSClock,ProportionalAllocation,1152,8,515400,{'interleave': 'random'},0.5154
shared,6,thrashing,WSClock,ProportionalAllocation,1152,8,435100,{'interleave': 'random'},0.4351
shared,7,thrashing,WSClock,ProportionalAllocation,1152,8,551900,{'interleave': 'random'},0.5519
shared_total,,thrashing,WSClock,ProportionalAllocation,1152,9,5214200,{'interleave': 'random'},5.2142
shared,0,thrashing,WSClock,ProportionalAllocation,1152,9,455100,{'interleave': 'random'},0.4551
shared,1,thrashing,WSClock,ProportionalAllocation,1152,9,461400,{'interleave': 'random'},0.4614
shared,2,thrashing,WSClock,ProportionalAllocation,1152,9,471800,{'interleave': 'random'},0.4718
shared,3,thrashing,WSClock,ProportionalAllocation,1152,9,488100,{'interleave': 'random'},0.4881
shared,4,thrashing,WSClock,ProportionalAllocation,1152,9,495000,{'interleave': 'random'},0.495
shared,5,thrashing,WSClock,ProportionalAllocation,1152,9,505400,{'interleave': 'random'},0.5054
shared,6,thrashing,WSClock,ProportionalAllocation,1152,9,429200,{'interleave': 'random'},0.4292
shared,7,thrashing,WSClock,ProportionalAllocation,1152,9,538100,{'interleave': 'random'},0.5381
shared_total,,thrashing,FIFO,GlobalAllocation,1440,0,5884600,{'interleave': 'random'},5.8846
shared,0,thrashing,FIFO,GlobalAllocation,1440,0,502600,{'interleave': 'random'},0.5026
shared,1,thrashing,FIFO,GlobalAllocation,1440,0,572800,{'interleave': 'random'},0.5728
shared,2,thrashing,FIFO,GlobalAllocation,1440,0,582500,{'interleave': 'random'},0.5825
shared,3,thrashing,FIFO,GlobalAllocation,1440,0,583000,{'interleave': 'random'},0.583
shared,4,thrashing,FIFO,GlobalAllocation,1440,0,596600,{'interleave': 'random'},0.5966
shared,5,thrashing,FIFO,GlobalAllocation,1440,0,598500,{'interleave': 'random'},0.5985
shared,6,thrashing,FIFO,GlobalAllocation,1440,0,528800,{'interleave': 'random'},0.5288
shared,7,thrashing,FIFO,GlobalAllocation,1440,0,606900,{'interleave': 'random'},0.6069
shared_total,,thrashing,FIFO,GlobalAllocation,1440,1,5936700,{'interleave': 'random'},5.9367
shared,0,thrashing,FIFO,GlobalAllocation,1440,1,507800,{'interleave': 'random'},0.5078
shared,1,thrashing,FIFO,GlobalAllocation,1440,1,570800,{'interleave': 'random'},0.5708
shared,2,thrashing,FIFO,GlobalAllocation,1440,1,580300,{'interleave': 'random'},0.5803
shared,3,thrashing,FIFO,GlobalAllocation,1440,1,595800,{'interleave': 'random'},0.5958
shared,4,thrashing,FIFO,GlobalAllocation,1440,1,598600,{'interleave': 'random'},0.5986
shared,5,thrashing,FIFO,GlobalAllocation,1440,1,583700,{'interleave': 'random'},0.5837
shared,6,thrashing,FIFO,GlobalAllocation,1440,1,538800,{'interleave': 'random'},0.5388
shared,7,thrashing,FIFO,GlobalAllocation,1440,1,622600,{'interleave': 'random'},0.6226
shared_total,,thrashing,FIFO,GlobalAllocation,1440,2,6017500,{'interleave': 'random'},6.0175
shared,0,thrashing,FIFO,GlobalAllocation,1440,2,510000,{'interleave': 'random'},0.51
shared,1,thrashing,FIFO,GlobalAllocation,1440,2,579300,{'interleave': 'random'},0.5793
shared,2,thrashing,FIFO,GlobalAllocation,1440,2,603600,{'interleave': 'random'},0.6036
shared,3,thrashing,FIFO,GlobalAllocation,1440,2,595800,{'interleave': 'random'},0.5958
shared,4,thrashing,FIFO,GlobalAllocation,1440,2,604000,{'interleave': 'random'},0.604
shared,5,thrashing,FIFO,GlobalAllocation,1440,2,607000,{'interleave': 'random'},0.607
shared,6,thrashing,FIFO,GlobalAllocation,1440,2,544700,{'interleave': 'random'},0.5447
shared,7,thrashing,FIFO,GlobalAllocation,1440,2,610500,{'interleave': 'random'},0.6105
shared_total,,thrashing,FIFO,GlobalAllocation,1440,3,5851400,{'interleave': 'random'},5.8514
shared,0,thrashing,FIFO,GlobalAllocation,1440,3,509400,{'interleave': 'random'},0.5094
shared,1,thrashing,FIFO,GlobalAllocation,1440,3,581800,{'interleave': 'random'},0.5818
shared,2,thrashing,FIFO,GlobalAllocation,1440,3,574900,{'interleave': 'random'},0.5749
shared,3,thrashing,FIFO,GlobalAllocation,1440,3,574700,{'interleave': 'random'},0.5747
shared,4,thrashing,FIFO,GlobalAllocation,1440,3,573700,{'interleave': 'random'},0.5737
shared,5,thrashing,FIFO,GlobalAllocation,1440,3,590000,{'interleave': 'random'},0.59
shared,6,thrashing,FIFO,GlobalAllocation,1440,3,534900,{'interleave': 'random'},0.5349
shared,7,thrashing,FIFO,GlobalAllocation,1440,3,597200,{'interleave': 'random'},0.5972
shared_total,,thrashing,FIFO,GlobalAllocation,1440,4,5897400,{'interleave': 'random'},5.8974
shared,0,thrashing,FIFO,GlobalAllocation,1440,4,491200,{'interleave': 'random'},0.4912
shared,1,thrashing,FIFO,GlobalAllocation,1440,4,583500,{'interleave': 'random'},0.5835
shared,2,thrashing,FIFO,GlobalAllocation,1440,4,566300,{'interleave': 'random'},0.5663
shared,3,thrashing,FIFO,GlobalAllocation,1440,4,590200,{'interleave': 'random'},0.5902
shared,4,thrashing,FIFO,GlobalAllocation,1440,4,582200,{'interleave': 'random'},0.5822
shared,5,thrashing,FIFO,GlobalAllocation,1440,4,589100,{'interleave': 'random'},0.5891
shared,6,thrashing,FIFO,GlobalAllocation,1440,4,533800,{'interleave': 'random'},0.5338
shared,7,thrashing,FIFO,GlobalAllocation,1440,4,596400,{'interleave': 'random'},0.5964
shared_total,,thrashing,FIFO,GlobalAllocation,1440,5,5916300,{'interleave': 'random'},5.9163
shared,0,thrashing,FIFO,GlobalAllocation,1440,5,499600,{'interleave': 'random'},0.4996
shared,1,thrashing,FIFO,GlobalAllocation,1440,5,570300,{'interleave': 'random'},0.5703
shared,2,thrashing,FIFO,GlobalAllocation,1440,5,592500,{'interleave': 'random'},0.5925
shared,3,thrashing,FIFO,GlobalAllocation,1440,5,580700,{'interleave': 'random'},0.5807
shared,4,thrashing,FIFO,GlobalAllocation,1440,5,595400,{'interleave': 'random'},0.5954
shared,5,thrashing,FIFO,GlobalAllocation,1440,5,593800,{'interleave': 'random'},0.5938
shared,6,thrashing,FIFO,GlobalAllocation,1440,5,532200,{'interleave': 'random'},0.5322
shared,7,thrashing,FIFO,GlobalAllocation,1440,5,600100,{'interleave': 'random'},0.6001
shared_total,,thrashing,FIFO,GlobalAllocation,1440,6,5887900,{'interleave': 'random'},5.8879
shared,0,thrashing,FIFO,GlobalAllocation,1440,6,523700,{'interleave': 'random'},0.5237
shared,1,thrashing,FIFO,GlobalAllocation,1440,6,568100,{'interleave': 'random'},0.5681
shared,2,thrashing,FIFO,GlobalAllocation,1440,6,575600,{'interleave': 'random'},0.5756
shared,3,thrashing,FIFO,GlobalAllocation,1440,6,573400,{'interleave': 'random'},0.5734
shared,4,thrashing,FIFO,GlobalAllocation,1440,6,581200,{'interleave': 'random'},0.5812
shared,5,thrashing,FIFO,GlobalAllocation,1440,6,599500,{'interleave': 'random'},0.5995
shared,6,thrashing,FIFO,GlobalAllocation,1440,6,532900,{'interleave': 'random'},0.5329
shared,7,thrashing,FIFO,GlobalAllocation,1440,6,608900,{'interleave': 'random'},0.6089
shared_total,,thrashing,FIFO,GlobalAllocation,1440,7,6699700,{'interleave': 'random'},6.6997
shared,0,thrashing,FIFO,GlobalAllocation,1440,7,578400,{'interleave': 'random'},0.5784
shared,1,thrashing,FIFO,GlobalAllocation,1440,7,663800,{'interleave': 'random'},0.6638
shared,2,thrashing,FIFO,GlobalAllocation,1440,7,645200,{'interleave': 'random'},0.6452
shared,3,thrashing,FIFO,GlobalAllocation,1440,7,644000,{'interleave': 'random'},0.644
shared,4,thrashing,FIFO,GlobalAllocation,1440,7,663100,{'interleave': 'random'},0.6631
shared,5,thrashing,FIFO,GlobalAllocation,1440,7,667700,{'interleave': 'random'},0.6677
shared,6,thrashing,FIFO,GlobalAllocation,1440,7,632700,{'interleave': 'random'},0.6327
shared,7,thrashing,FIFO,GlobalAllocation,1440,7,658500,{'interleave': 'random'},0.6585
shared_total,,thrashing,FIFO,GlobalAllocation,1440,8,5969100,{'interleave': 'random'},5.9691
shared,0,thrashing,FIFO,GlobalAllocation,1440,8,513700,{'interleave': 'random'},0.5137
shared,1,thrashing,FIFO,GlobalAllocation,1440,8,580900,{'interleave': 'random'},0.5809
shared,2,thrashing,FIFO,GlobalAllocation,1440,8,590900,{'interleave': 'random'},0.5909
shared,3,thrashing,FIFO,GlobalAllocation,1440,8,585500,{'interleave': 'random'},0.5855
shared,4,thrashing,FIFO,GlobalAllocation,1440,8,601200,{'interleave': 'random'},0.6012
shared,5,thrashing,FIFO,GlobalAllocation,1440,8,604700,{'interleave': 'random'},0.6047
shared,6,thrashing,FIFO,GlobalAllocation,1440,8,528600,{'interleave': 'random'},0.5286
shared,7,thrashing,FIFO,GlobalAllocation,1440,8,613300,{'interleave': 'random'},0.6133
shared_total,,thrashing,FIFO,GlobalAllocation,1440,9,5888600,{'interleave': 'random'},5.8886
shared,0,thrashing,FIFO,GlobalAllocation,1440,9,521200,{'interleave': 'random'},0.5212
shared,1,thrashing,FIFO,GlobalAllocation,1440,9,562600,{'interleave': 'random'},0.5626
shared,2,thrashing,FIFO,GlobalAllocation,1440,9,579500,{'interleave': 'random'},0.5795
shared,3,thrashing,FIFO,GlobalAllocation,1440,9,578500,{'interleave': 'random'},0.5785
shared,4,thrashing,FIFO,GlobalAllocation,1440,9,581600,{'interleave': 'random'},0.5816
shared,5,thrashing,FIFO,GlobalAllocation,1440,9,595600,{'interleave': 'random'},0.5956
shared,6,thrashing,FIFO,GlobalAllocation,1440,9,537500,{'interleave': 'random'},0.5375
shared,7,thrashing,FIFO,GlobalAllocation,1440,9,602200,{'interleave': 'random'},0.6022
shared_total,,thrashing,FIFO,LocalAllocation,1440,0,3787800,{'interleave': 'random'},3.7878
shared,0,thrashing,FIFO,LocalAllocation,1440,0,317400,{'interleave': 'random'},0.3174
shared,1,thrashing,FIFO,LocalAllocation,1440,0,318900,{'interleave': 'random'},0.3189
shared,2,thrashing,FIFO,LocalAllocation,1440,0,321900,{'interleave': 'random'},0.3219
shared,3,thrashing,FIFO,LocalAllocation,1440,0,329800,{'interleave': 'random'},0.3298
shared,4,thrashing,FIFO,LocalAllocation,1440,0,325200,{'interleave': 'random'},0.3252
shared,5,thrashing,FIFO,LocalAllocation,1440,0,337500,{'interleave': 'random'},0.3375
shared,6,thrashing,FIFO,LocalAllocation,1440,0,308800,{'interleave': 'random'},0.3088
shared,7,thrashing,FIFO,LocalAllocation,1440,0,347300,{'interleave': 'random'},0.3473
shared_total,,thrashing,FIFO,LocalAllocation,1440,1,4065200,{'interleave': 'random'},4.0652
shared,0,thrashing,FIFO,LocalAllocation,1440,1,341200,{'interleave': 'random'},0.3412
shared,1,thrashing,FIFO,LocalAllocation,1440,1,344100,{'interleave': 'random'},0.3441
shared,2,thrashing,FIFO,LocalAllocation,1440,1,348300,{'interleave': 'random'},0.3483
shared,3,thrashing,FIFO,LocalAllocation,1440,1,355500,{'interleave': 'random'},0.3555
shared,4,thrashing,FIFO,LocalAllocation,1440,1,358500,{'interleave': 'random'},0.3585
shared,5,thrashing,FIFO,LocalAllocation,1440,1,360100,{'interleave': 'random'},0.3601
shared,6,thrashing,FIFO,LocalAllocation,1440,1,337100,{'interleave': 'random'},0.3371
shared,7,thrashing,FIFO,LocalAllocation,1440,1,371300,{'interleave': 'random'},0.3713
shared_total,,thrashing,FIFO,LocalAllocation,1440,2,4046400,{'interleave': 'random'},4.0464
shared,0,thrashing,FIFO,LocalAllocation,1440,2,339500,{'interleave': 'random'},0.3395
shared,1,thrashing,FIFO,LocalAllocation,1440,2,344800,{'interleave': 'random'},0.3448
shared,2,thrashing,FIFO,LocalAllocation,1440,2,351100,{'interleave': 'random'},0.3511
shared,3,thrashing,FIFO,LocalAllocation,1440,2,354800,{'interleave': 'random'},0.3548
shared,4,thrashing,FIFO,LocalAllocation,1440,2,358300,{'interleave': 'random'},0.3583
shared,5,thrashing,FIFO,LocalAllocation,1440,2,360200,{'interleave': 'random'},0.3602
shared,6,thrashing,FIFO,LocalAllocation,1440,2,338000,{'interleave': 'random'},0.338
shared,7,thrashing,FIFO,LocalAllocation,1440,2,371300,{'interleave': 'random'},0.3713
shared_total,,thrashing,FIFO,LocalAllocation,1440,3,4120600,{'interleave': 'random'},4.1206
shared,0,thrashing,FIFO,LocalAllocation,1440,3,345900,{'interleave': 'random'},0.3459
shared,1,thrashing,FIFO,LocalAllocation,1440,3,351200,{'interleave': 'random'},0.3512
shared,2,thrashing,FIFO,LocalAllocation,1440,3,353400,{'interleave': 'random'},0.3534
shared,3,thrashing,FIFO,LocalAllocation,1440,3,355100,{'interleave': 'random'},0.3551
shared,4,thrashing,FIFO,LocalAllocation,1440,3,359400,{'interleave': 'random'},0.3594
shared,5,thrashing,FIFO,LocalAllocation,1440,3,362200,{'interleave': 'random'},0.3622
shared,6,thrashing,FIFO,LocalAllocation,1440,3,342400,{'interleave': 'random'},0.3424
shared,7,thrashing,FIFO,LocalAllocation,1440,3,379200,{'interleave': 'random'},0.3792
shared_total,,thrashing,FIFO,LocalAllocation,1440,4,4017400,{'interleave': 'random'},4.0174
shared,0,thrashing,FIFO,LocalAllocation,1440,4,335300,{'interleave': 'random'},0.3353
shared,1,thrashing,FIFO,LocalAllocation,1440,4,342300,{'interleave': 'random'},0.3423
shared,2,thrashing,FIFO,LocalAllocation,1440,4,342900,{'interleave': 'random'},0.3429
shared,3,thrashing,FIFO,LocalAllocation,1440,4,348900,{'interleave': 'random'},0.3489
shared,4,thrashing,FIFO,LocalAllocation,1440,4,355000,{'interleave': 'random'},0.355
shared,5,thrashing,FIFO,LocalAllocation,1440,4,361100,{'interleave': 'random'},0.3611
shared,6,thrashing,FIFO,LocalAllocation,1440,4,337500,{'interleave': 'random'},0.3375
shared,7,thrashing,FIFO,LocalAllocation,1440,4,364900,{'interleave': 'random'},0.3649
shared_total,,thrashing,FIFO,LocalAllocation,1440,5,4327200,{'interleave': 'random'},4.3272
shared,0,thrashing,FIFO,LocalAllocation,1440,5,365100,{'interleave': 'random'},0.3651
shared,1,thrashing,FIFO,LocalAllocation,1440,5,369100,{'interleave': 'random'},0.3691
shared,2,thrashing,FIFO,LocalAllocation,1440,5,366700,{'interleave': 'random'},0.3667
shared,3,thrashing,FIFO,LocalAllocation,1440,5,373500,{'interleave': 'random'},0.3735
shared,4,thrashing,FIFO,LocalAllocation,1440,5,374700,{'interleave': 'random'},0.3747
shared,5,thrashing,FIFO,LocalAllocation,1440,5,385400,{'interleave': 'random'},0.3854
shared,6,thrashing,FIFO,LocalAllocation,1440,5,356200,{'interleave': 'random'},0.3562
shared,7,thrashing,FIFO,LocalAllocation,1440,5,394300,{'interleave': 'random'},0.3943
shared_total,,thrashing,FIFO,LocalAllocation,1440,6,4179700,{'interleave': 'random'},4.1797
shared,0,thrashing,FIFO,LocalAllocation,1440,6,347500,{'interleave': 'random'},0.3475
shared,1,thrashing,FIFO,LocalAllocation,1440,6,355300,{'interleave': 'random'},0.3553
shared,2,thrashing,FIFO,LocalAllocation,1440,6,355900,{'interleave': 'random'},0.3559
shared,3,thrashing,FIFO,LocalAllocation,1440,6,360300,{'interleave': 'random'},0.3603
shared,4,thrashing,FIFO,LocalAllocation,1440,6,359900,{'interleave': 'random'},0.3599
shared,5,thrashing,FIFO,LocalAllocation,1440,6,365200,{'interleave': 'random'},0.3652
shared,6,thrashing,FIFO,LocalAllocation,1440,6,345400,{'interleave': 'random'},0.3454
shared,7,thrashing,FIFO,LocalAllocation,1440,6,381500,{'interleave': 'random'},0.3815
shared_total,,thrashing,FIFO,LocalAllocation,1440,7,4105800,{'interleave': 'random'},4.1058
shared,0,thrashing,FIFO,LocalAllocation,1440,7,343100,{'interleave': 'random'},0.3431
shared,1,thrashing,FIFO,LocalAllocation,1440,7,347700,{'interleave': 'random'},0.3477
shared,2,thrashing,FIFO,LocalAllocation,1440,7,351400,{'interleave': 'random'},0.3514
shared,3,thrashing,FIFO,LocalAllocation,1440,7,358000,{'interleave': 'random'},0.358
shared,4,thrashing,FIFO,LocalAllocation,1440,7,357800,{'interleave': 'random'},0.3578
shared,5,thrashing,FIFO,LocalAllocation,1440,7,362000,{'interleave': 'random'},0.362
shared,6,thrashing,FIFO,LocalAllocation,1440,7,341200,{'interleave': 'random'},0.3412
shared,7,thrashing,FIFO,LocalAllocation,1440,7,371900,{'interleave': 'random'},0.3719
shared_total,,thrashing,FIFO,LocalAllocation,1440,8,4259700,{'interleave': 'random'},4.2597
shared,0,thrashing,FIFO,LocalAllocation,1440,8,354900,{'interleave': 'random'},0.3549
shared,1,thrashing,FIFO,LocalAllocation,1440,8,360600,{'interleave': 'random'},0.3606
shared,2,thrashing,FIFO,LocalAllocation,1440,8,366000,{'interleave': 'random'},0.366
shared,3,thrashing,FIFO,LocalAllocation,1440,8,367400,{'interleave': 'random'},0.3674
shared,4,thrashing,FIFO,LocalAllocation,1440,8,369000,{'interleave': 'random'},0.369
shared,5,thrashing,FIFO,LocalAllocation,1440,8,374700,{'interleave': 'random'},0.3747
shared,6,thrashing,FIFO,LocalAllocation,1440,8,347200,{'interleave': 'random'},0.3472
shared,7,thrashing,FIFO,LocalAllocation,1440,8,385900,{'interleave': 'random'},0.3859
shared_total,,thrashing,FIFO,LocalAllocation,1440,9,4735800,{'interleave': 'random'},4.7358
shared,0,thrashing,FIFO,LocalAllocation,1440,9,394900,{'interleave': 'random'},0.3949
shared,1,thrashing,FIFO,LocalAllocation,1440,9,396700,{'interleave': 'random'},0.3967
shared,2,thrashing,FIFO,LocalAllocation,1440,9,406200,{'interleave': 'random'},0.4062
shared,3,thrashing,FIFO,LocalAllocation,1440,9,419100,{'interleave': 'random'},0.4191
shared,4,thrashing,FIFO,LocalAllocation,1440,9,405300,{'interleave': 'random'},0.4053
shared,5,thrashing,FIFO,LocalAllocation,1440,9,416600,{'interleave': 'random'},0.4166
shared,6,thrashing,FIFO,LocalAllocation,1440,9,386500,{'interleave': 'random'},0.3865
shared,7,thrashing,FIFO,LocalAllocation,1440,9,432700,{'interleave': 'random'},0.4327
shared_total,,thrashing,FIFO,ProportionalAllocation,1440,0,4052600,{'interleave': 'random'},4.0526
shared,0,thrashing,FIFO,ProportionalAllocation,1440,0,339800,{'interleave': 'random'},0.3398
shared,1,thrashing,FIFO,ProportionalAllocation,1440,0,345200,{'interleave': 'random'},0.3452
shared,2,thrashing,FIFO,ProportionalAllocation,1440,0,349400,{'interleave': 'random'},0.3494
shared,3,thrashing,FIFO,ProportionalAllocation,1440,0,353400,{'interleave': 'random'},0.3534
shared,4,thrashing,FIFO,ProportionalAllocation,1440,0,356700,{'interleave': 'random'},0.3567
shared,5,thrashing,FIFO,ProportionalAllocation,1440,0,362500,{'interleave': 'random'},0.3625
shared,6,thrashing,FIFO,ProportionalAllocation,1440,0,334800,{'interleave': 'random'},0.3348
shared,7,thrashing,FIFO,ProportionalAllocation,1440,0,375100,{'interleave': 'random'},0.3751
shared_total,,thrashing,FIFO,ProportionalAllocation,1440,1,4038600,{'interleave': 'random'},4.0386
shared,0,thrashing,FIFO,ProportionalAllocation,1440,1,343700,{'interleave': 'random'},0.3437
shared,1,thrashing,FIFO,ProportionalAllocation,1440,1,344700,{'interleave': 'random'},0.3447
shared,2,thrashing,FIFO,ProportionalAllocation,1440,1,348200,{'interleave': 'random'},0.3482
shared,3,thrashing,FIFO,ProportionalAllocation,1440,1,352700,{'interleave': 'random'},0.3527
shared,4,thrashing,FIFO,ProportionalAllocation,1440,1,359300,{'interleave': 'random'},0.3593
shared,5,thrashing,FIFO,ProportionalAllocation,1440,1,355300,{'interleave': 'random'},0.3553
shared,6,thrashing,FIFO,ProportionalAllocation,1440,1,334300,{'interleave': 'random'},0.3343
shared,7,thrashing,FIFO,ProportionalAllocation,1440,1,371100,{'interleave': 'random'},0.3711
shared_total,,thrashing,FIFO,ProportionalAllocation,1440,2,4051100,{'interleave': 'random'},4.0511
shared,0,thrashing,FIFO,ProportionalAllocation,1440,2,339100,{'interleave': 'random'},0.3391
shared,1,thrashing,FIFO,ProportionalAllocation,1440,2,341900,{'interleave': 'random'},0.3419
shared,2,thrashing,FIFO,ProportionalAllocation,1440,2,354700,{'interleave': 'random'},0.3547
shared,3,thrashing,FIFO,ProportionalAllocation,1440,2,348500,{'interleave': 'random'},0.3485
shared,4,thrashing,FIFO,ProportionalAllocation,1440,2,352300,{'interleave': 'random'},0.3523
shared,5,thrashing,FIFO,ProportionalAllocation,1440,2,374400,{'interleave': 'random'},0.3744
shared,6,thrashing,FIFO,ProportionalAllocation,1440,2,338100,{'interleave': 'random'},0.3381
shared,7,thrashing,FIFO,ProportionalAllocation,1440,2,369300,{'interleave': 'random'},0.3693
shared_total,,thrashing,FIFO,ProportionalAllocation,1440,3,4033400,{'interleave': 'random'},4.0334
shared,0,thrashing,FIFO,ProportionalAllocation,1440,3,339100,{'interleave': 'random'},0.3391
shared,1,thrashing,FIFO,ProportionalAllocation,1440,3,343700,{'interleave': 'random'},0.3437
shared,2,thrashing,FIFO,ProportionalAllocation,1440,3,347500,{'interleave': 'random'},0.3475
shared,3,thrashing,FIFO,ProportionalAllocation,1440,3,351200,{'interleave': 'random'},0.3512
shared,4,thrashing,FIFO,ProportionalAllocation,1440,3,352500,{'interleave': 'random'},0.3525
shared,5,thrashing,FIFO,ProportionalAllocation,1440,3,355200,{'interleave': 'random'},0.3552
shared,6,thrashing,FIFO,ProportionalAllocation,1440,3,333700,{'interleave': 'random'},0.3337
shared,7,thrashing,FIFO,ProportionalAllocation,1440,3,369500,{'interleave': 'random'},0.3695
shared_total,,thrashing,FIFO,ProportionalAllocation,1440,4,4089700,{'interleave': 'random'},4.0897
shared,0,thrashing,FIFO,ProportionalAllocation,1440,4,348800,{'interleave': 'random'},0.3488
shared,1,thrashing,FIFO,ProportionalAllocation,1440,4,347300,{'interleave': 'random'},0.3473
shared,2,thrashing,FIFO,ProportionalAllocation,1440,4,349500,{'interleave': 'random'},0.3495
shared,3,thrashing,FIFO,ProportionalAllocation,1440,4,353500,{'interleave': 'random'},0.3535
shared,4,thrashing,FIFO,ProportionalAllocation,1440,4,357900,{'interleave': 'random'},0.3579
shared,5,thrashing,FIFO,ProportionalAllocation,1440,4,362300,{'interleave': 'random'},0.3623
shared,6,thrashing,FIFO,ProportionalAllocation,1440,4,341000,{'interleave': 'random'},0.341
shared,7,thrashing,FIFO,ProportionalAllocation,1440,4,364700,{'interleave': 'random'},0.3647
shared_total,,thrashing,FIFO,ProportionalAllocation,1440,5,4031400,{'interleave': 'random'},4.0314
shared,0,thrashing,FIFO,ProportionalAllocation,1440,5,339400,{'interleave': 'random'},0.3394
shared,1,thrashing,FIFO,ProportionalAllocation,1440,5,340600,{'interleave': 'random'},0.3406
shared,2,thrashing,FIFO,ProportionalAllocation,1440,5,349300,{'interleave': 'random'},0.3493
shared,3,thrashing,FIFO,ProportionalAllocation,1440,5,350800,{'interleave': 'random'},0.3508
shared,4,thrashing,FIFO,ProportionalAllocation,1440,5,356400,{'interleave': 'random'},0.3564
shared,5,thrashing,FIFO,ProportionalAllocation,1440,5,358700,{'interleave': 'random'},0.3587
shared,6,thrashing,FIFO,ProportionalAllocation,1440,5,332500,{'interleave': 'random'},0.3325
shared,7,thrashing,FIFO,ProportionalAllocation,1440,5,370600,{'interleave': 'random'},0.3706
shared_total,,thrashing,FIFO,ProportionalAllocation,1440,6,4128300,{'interleave': 'random'},4.1283
shared,0,thrashing,FIFO,ProportionalAllocation,1440,6,345400,{'interleave': 'random'},0.3454
shared,1,thrashing,FIFO,ProportionalAllocation,1440,6,352600,{'interleave': 'random'},0.3526
shared,2,thrashing,FIFO,ProportionalAllocation,1440,6,355100,{'interleave': 'random'},0.3551
shared,3,thrashing,FIFO,ProportionalAllocation,1440,6,354200,{'interleave': 'random'},0.3542
shared,4,thrashing,FIFO,ProportionalAllocation,1440,6,359900,{'interleave': 'random'},0.3599
shared,5,thrashing,FIFO,ProportionalAllocation,1440,6,366100,{'interleave': 'random'},0.3661
shared,6,thrashing,FIFO,ProportionalAllocation,1440,6,347500,{'interleave': 'random'},0.3475
shared,7,thrashing,FIFO,ProportionalAllocation,1440,6,375100,{'interleave': 'random'},0.3751
shared_total,,thrashing,FIFO,ProportionalAllocation,1440,7,4119500,{'interleave': 'random'},4.1195
shared,0,thrashing,FIFO,ProportionalAllocation,1440,7,343100,{'interleave': 'random'},0.3431
shared,1,thrashing,FIFO,ProportionalAllocation,1440,7,349900,{'interleave': 'random'},0.3499
shared,2,thrashing,FIFO,ProportionalAllocation,1440,7,356100,{'interleave': 'random'},0.3561
shared,3,thrashing,FIFO,ProportionalAllocation,1440,7,357600,{'interleave': 'random'},0.3576
shared,4,thrashing,FIFO,ProportionalAllocation,1440,7,362100,{'interleave': 'random'},0.3621
shared,5,thrashing,FIFO,ProportionalAllocation,1440,7,360700,{'interleave': 'random'},0.3607
shared,6,thrashing,FIFO,ProportionalAllocation,1440,7,339200,{'interleave': 'random'},0.3392
shared,7,thrashing,FIFO,ProportionalAllocation,1440,7,372500,{'interleave': 'random'},0.3725
shared_total,,thrashing,FIFO,ProportionalAllocation,1440,8,4110500,{'interleave': 'random'},4.1105
shared,0,thrashing,FIFO,ProportionalAllocation,1440,8,340500,{'interleave': 'random'},0.3405
shared,1,thrashing,FIFO,ProportionalAllocation,1440,8,348700,{'interleave': 'random'},0.3487
shared,2,thrashing,FIFO,ProportionalAllocation,1440,8,348900,{'interleave': 'random'},0.3489
shared,3,thrashing,FIFO,ProportionalAllocation,1440,8,353500,{'interleave': 'random'},0.3535
shared,4,thrashing,FIFO,ProportionalAllocation,1440,8,353700,{'interleave': 'random'},0.3537
shared,5,thrashing,FIFO,ProportionalAllocation,1440,8,364500,{'interleave': 'random'},0.3645
shared,6,thrashing,FIFO,ProportionalAllocation,1440,8,337600,{'interleave': 'random'},0.3376
shared,7,thrashing,FIFO,ProportionalAllocation,1440,8,379500,{'interleave': 'random'},0.3795
shared_total,,thrashing,FIFO,ProportionalAllocation,1440,9,4486800,{'interleave': 'random'},4.4868
shared,0,thrashing,FIFO,ProportionalAllocation,1440,9,347200,{'interleave': 'random'},0.3472
shared,1,thrashing,FIFO,ProportionalAllocation,1440,9,346800,{'interleave': 'random'},0.3468
shared,2,thrashing,FIFO,ProportionalAllocation,1440,9,354900,{'interleave': 'random'},0.3549
shared,3,thrashing,FIFO,ProportionalAllocation,1440,9,355200,{'interleave': 'random'},0.3552
shared,4,thrashing,FIFO,ProportionalAllocation,1440,9,397600,{'interleave': 'random'},0.3976
shared,5,thrashing,FIFO,ProportionalAllocation,1440,9,367100,{'interleave': 'random'},0.3671
shared,6,thrashing,FIFO,ProportionalAllocation,1440,9,344400,{'interleave': 'random'},0.3444
shared,7,thrashing,FIFO,ProportionalAllocation,1440,9,379200,{'interleave': 'random'},0.3792
shared_total,,thrashing,LRU,GlobalAllocation,1440,0,7858400,{'interleave': 'random'},7.8584
shared,0,thrashing,LRU,GlobalAllocation,1440,0,703100,{'interleave': 'random'},0.7031
shared,1,thrashing,LRU,GlobalAllocation,1440,0,807400,{'interleave': 'random'},0.8074
shared,2,thrashing,LRU,GlobalAllocation,1440,0,813300,{'interleave': 'random'},0.8133
shared,3,thrashing,LRU,GlobalAllocation,1440,0,806700,{'interleave': 'random'},0.8067
shared,4,thrashing,LRU,GlobalAllocation,1440,0,833900,{'interleave': 'random'},0.8339
shared,5,thrashing,LRU,GlobalAllocation,1440,0,841800,{'interleave': 'random'},0.8418
shared,6,thrashing,LRU,GlobalAllocation,1440,0,777200,{'interleave': 'random'},0.7772
shared,7,thrashing,LRU,GlobalAllocation,1440,0,858900,{'interleave': 'random'},0.8589
shared_total,,thrashing,LRU,GlobalAllocation,1440,1,8004800,{'interleave': 'random'},8.0048
shared,0,thrashing,LRU,GlobalAllocation,1440,1,729800,{'interleave': 'random'},0.7298
shared,1,thrashing,LRU,GlobalAllocation,1440,1,814200,{'interleave': 'random'},0.8142
shared,2,thrashing,LRU,GlobalAllocation,1440,1,816600,{'interleave': 'random'},0.8166
shared,3,thrashing,LRU,GlobalAllocation,1440,1,866200,{'interleave': 'random'},0.8662
shared,4,thrashing,LRU,GlobalAllocation,1440,1,828500,{'interleave': 'random'},0.8285
shared,5,thrashing,LRU,GlobalAllocation,1440,1,828000,{'interleave': 'random'},0.828
shared,6,thrashing,LRU,GlobalAllocation,1440,1,793200,{'interleave': 'random'},0.7932
shared,7,thrashing,LRU,GlobalAllocation,1440,1,894100,{'interleave': 'random'},0.8941
shared_total,,thrashing,LRU,GlobalAllocation,1440,2,8203400,{'interleave': 'random'},8.2034
shared,0,thrashing,LRU,GlobalAllocation,1440,2,722100,{'interleave': 'random'},0.7221
shared,1,thrashing,LRU,GlobalAllocation,1440,2,832200,{'interleave': 'random'},0.8322
shared,2,thrashing,LRU,GlobalAllocation,1440,2,878400,{'interleave': 'random'},0.8784
shared,3,thrashing,LRU,GlobalAllocation,1440,2,843700,{'interleave': 'random'},0.8437
shared,4,thrashing,LRU,GlobalAllocation,1440,2,866700,{'interleave': 'random'},0.8667
shared,5,thrashing,LRU,GlobalAllocation,1440,2,862100,{'interleave': 'random'},0.8621
shared,6,thrashing,LRU,GlobalAllocation,1440,2,798000,{'interleave': 'random'},0.798
shared,7,thrashing,LRU,GlobalAllocation,1440,2,883300,{'interleave': 'random'},0.8833
shared_total,,thrashing,LRU,GlobalAllocation,1440,3,8266000,{'interleave': 'random'},8.266
shared,0,thrashing,LRU,GlobalAllocation,1440,3,737100,{'interleave': 'random'},0.7371
shared,1,thrashing,LRU,GlobalAllocation,1440,3,881600,{'interleave': 'random'},0.8816
shared,2,thrashing,LRU,GlobalAllocation,1440,3,851700,{'interleave': 'random'},0.8517
shared,3,thrashing,LRU,GlobalAllocation,1440,3,840300,{'interleave': 'random'},0.8403
shared,4,thrashing,LRU,GlobalAllocation,1440,3,831500,{'interleave': 'random'},0.8315
shared,5,thrashing,LRU,GlobalAllocation,1440,3,841700,{'interleave': 'random'},0.8417
shared,6,thrashing,LRU,GlobalAllocation,1440,3,864200,{'interleave': 'random'},0.8642
shared,7,thrashing,LRU,GlobalAllocation,1440,3,874300,{'interleave': 'random'},0.8743
shared_total,,thrashing,LRU,GlobalAllocation,1440,4,7979900,{'interleave': 'random'},7.9799
shared,0,thrashing,LRU,GlobalAllocation,1440,4,718400,{'interleave': 'random'},0.7184
shared,1,thrashing,LRU,GlobalAllocation,1440,4,836900,{'interleave': 'random'},0.8369
shared,2,thrashing,LRU,GlobalAllocation,1440,4,817700,{'interleave': 'random'},0.8177
shared,3,thrashing,LRU,GlobalAllocation,1440,4,864700,{'interleave': 'random'},0.8647
shared,4,thrashing,LRU,GlobalAllocation,1440,4,827200,{'interleave': 'random'},0.8272
shared,5,thrashing,LRU,GlobalAllocation,1440,4,841400,{'interleave': 'random'},0.8414
shared,6,thrashing,LRU,GlobalAllocation,1440,4,776900,{'interleave': 'random'},0.7769
shared,7,thrashing,LRU,GlobalAllocation,1440,4,856100,{'interleave': 'random'},0.8561
shared_total,,thrashing,LRU,GlobalAllocation,1440,5,7846600,{'interleave': 'random'},7.8466
shared,0,thrashing,LRU,GlobalAllocation,1440,5,704500,{'interleave': 'random'},0.7045
shared,1,thrashing,LRU,GlobalAllocation,1440,5,810700,{'interleave': 'random'},0.8107
shared,2,thrashing,LRU,GlobalAllocation,1440,5,836700,{'interleave': 'random'},0.8367
shared,3,thrashing,LRU,GlobalAllocation,1440,5,813900,{'interleave': 'random'},0.8139
shared,4,thrashing,LRU,GlobalAllocation,1440,5,832900,{'interleave': 'random'},0.8329
shared,5,thrashing,LRU,GlobalAllocation,1440,5,816800,{'interleave': 'random'},0.8168
shared,6,thrashing,LRU,GlobalAllocation,1440,5,782300,{'interleave': 'random'},0.7823
shared,7,thrashing,LRU,GlobalAllocation,1440,5,839100,{'interleave': 'random'},0.8391
shared_total,,thrashing,LRU,GlobalAllocation,1440,6,7816500,{'interleave': 'random'},7.8165
shared,0,thrashing,LRU,GlobalAllocation,1440,6,764000,{'interleave': 'random'},0.764
shared,1,thrashing,LRU,GlobalAllocation,1440,6,787100,{'interleave': 'random'},0.7871
shared,2,thrashing,LRU,GlobalAllocation,1440,6,816600,{'interleave': 'random'},0.8166
shared,3,thrashing,LRU,GlobalAllocation,1440,6,802700,{'interleave': 'random'},0.8027
shared,4,thrashing,LRU,GlobalAllocation,1440,6,807400,{'interleave': 'random'},0.8074
shared,5,thrashing,LRU,GlobalAllocation,1440,6,828800,{'interleave': 'random'},0.8288
shared,6,thrashing,LRU,GlobalAllocation,1440,6,773800,{'interleave': 'random'},0.7738
shared,7,thrashing,LRU,GlobalAllocation,1440,6,850600,{'interleave': 'random'},0.8506
shared_total,,thrashing,LRU,GlobalAllocation,1440,7,7913600,{'interleave': 'random'},7.9136
shared,0,thrashing,LRU,GlobalAllocation,1440,7,726900,{'interleave': 'random'},0.7269
shared,1,thrashing,LRU,GlobalAllocation,1440,7,814400,{'interleave': 'random'},0.8144
shared,2,thrashing,LRU,GlobalAllocation,1440,7,823700,{'interleave': 'random'},0.8237
shared,3,thrashing,LRU,GlobalAllocation,1440,7,814700,{'interleave': 'random'},0.8147
shared,4,thrashing,LRU,GlobalAllocation,1440,7,832200,{'interleave': 'random'},0.8322
shared,5,thrashing,LRU,GlobalAllocation,1440,7,858000,{'interleave': 'random'},0.858
shared,6,thrashing,LRU,GlobalAllocation,1440,7,798500,{'interleave': 'random'},0.7985
shared,7,thrashing,LRU,GlobalAllocation,1440,7,845200,{'interleave': 'random'},0.8452
shared_total,,thrashing,LRU,GlobalAllocation,1440,8,7914500,{'interleave': 'random'},7.9145
shared,0,thrashing,LRU,GlobalAllocation,1440,8,727400,{'interleave': 'random'},0.7274
shared,1,thrashing,LRU,GlobalAllocation,1440,8,815200,{'interleave': 'random'},0.8152
shared,2,thrashing,LRU,GlobalAllocation,1440,8,816000,{'interleave': 'random'},0.816
shared,3,thrashing,LRU,GlobalAllocation,1440,8,821300,{'interleave': 'random'},0.8213
shared,4,thrashing,LRU,GlobalAllocation,1440,8,855600,{'interleave': 'random'},0.8556
shared,5,thrashing,LRU,GlobalAllocation,1440,8,852500,{'interleave': 'random'},0.8525
shared,6,thrashing,LRU,GlobalAllocation,1440,8,760700,{'interleave': 'random'},0.7607
shared,7,thrashing,LRU,GlobalAllocation,1440,8,850500,{'interleave': 'random'},0.8505
shared_total,,thrashing,LRU,GlobalAllocation,1440,9,8578600,{'interleave': 'random'},8.5786
shared,0,thrashing,LRU,GlobalAllocation,1440,9,846400,{'interleave': 'random'},0.8464
shared,1,thrashing,LRU,GlobalAllocation,1440,9,864200,{'interleave': 'random'},0.8642
shared,2,thrashing,LRU,GlobalAllocation,1440,9,881600,{'interleave': 'random'},0.8816
shared,3,thrashing,LRU,GlobalAllocation,1440,9,889700,{'interleave': 'random'},0.8897
shared,4,thrashing,LRU,GlobalAllocation,1440,9,867600,{'interleave': 'random'},0.8676
shared,5,thrashing,LRU,GlobalAllocation,1440,9,913600,{'interleave': 'random'},0.9136
shared,6,thrashing,LRU,GlobalAllocation,1440,9,845300,{'interleave': 'random'},0.8453
shared,7,thrashing,LRU,GlobalAllocation,1440,9,936200,{'interleave': 'random'},0.9362
shared_total,,thrashing,LRU,LocalAllocation,1440,0,5429200,{'interleave': 'random'},5.4292
shared,0,thrashing,LRU,LocalAllocation,1440,0,490500,{'interleave': 'random'},0.4905
shared,1,thrashing,LRU,LocalAllocation,1440,0,492100,{'interleave': 'random'},0.4921
shared,2,thrashing,LRU,LocalAllocation,1440,0,496100,{'interleave': 'random'},0.4961
shared,3,thrashing,LRU,LocalAllocation,1440,0,495100,{'interleave': 'random'},0.4951
shared,4,thrashing,LRU,LocalAllocation,1440,0,497500,{'interleave': 'random'},0.4975
shared,5,thrashing,LRU,LocalAllocation,1440,0,506100,{'interleave': 'random'},0.5061
shared,6,thrashing,LRU,LocalAllocation,1440,0,614100,{'interleave': 'random'},0.6141
shared,7,thrashing,LRU,LocalAllocation,1440,0,513900,{'interleave': 'random'},0.5139
shared_total,,thrashing,LRU,LocalAllocation,1440,1,5341300,{'interleave': 'random'},5.3413
shared,0,thrashing,LRU,LocalAllocation,1440,1,491200,{'interleave': 'random'},0.4912
shared,1,thrashing,LRU,LocalAllocation,1440,1,492600,{'interleave': 'random'},0.4926
shared,2,thrashing,LRU,LocalAllocation,1440,1,496300,{'interleave': 'random'},0.4963
shared,3,thrashing,LRU,LocalAllocation,1440,1,502900,{'interleave': 'random'},0.5029
shared,4,thrashing,LRU,LocalAllocation,1440,1,500800,{'interleave': 'random'},0.5008
shared,5,thrashing,LRU,LocalAllocation,1440,1,504700,{'interleave': 'random'},0.5047
shared,6,thrashing,LRU,LocalAllocation,1440,1,496000,{'interleave': 'random'},0.496
shared,7,thrashing,LRU,LocalAllocation,1440,1,519200,{'interleave': 'random'},0.5192
shared_total,,thrashing,LRU,LocalAllocation,1440,2,5300300,{'interleave': 'random'},5.3003
shared,0,thrashing,LRU,LocalAllocation,1440,2,482500,{'interleave': 'random'},0.4825
shared,1,thrashing,LRU,LocalAllocation,1440,2,485600,{'interleave': 'random'},0.4856
shared,2,thrashing,LRU,LocalAllocation,1440,2,506100,{'interleave': 'random'},0.5061
shared,3,thrashing,LRU,LocalAllocation,1440,2,494900,{'interleave': 'random'},0.4949
shared,4,thrashing,LRU,LocalAllocation,1440,2,486400,{'interleave': 'random'},0.4864
shared,5,thrashing,LRU,LocalAllocation,1440,2,500400,{'interleave': 'random'},0.5004
shared,6,thrashing,LRU,LocalAllocation,1440,2,484000,{'interleave': 'random'},0.484
shared,7,thrashing,LRU,LocalAllocation,1440,2,509900,{'interleave': 'random'},0.5099
shared_total,,thrashing,LRU,LocalAllocation,1440,3,5298100,{'interleave': 'random'},5.2981
shared,0,thrashing,LRU,LocalAllocation,1440,3,491300,{'interleave': 'random'},0.4913
shared,1,thrashing,LRU,LocalAllocation,1440,3,496200,{'interleave': 'random'},0.4962
shared,2,thrashing,LRU,LocalAllocation,1440,3,495900,{'interleave': 'random'},0.4959
shared,3,thrashing,LRU,LocalAllocation,1440,3,499400,{'interleave': 'random'},0.4994
shared,4,thrashing,LRU,LocalAllocation,1440,3,500100,{'interleave': 'random'},0.5001
shared,5,thrashing,LRU,LocalAllocation,1440,3,505900,{'interleave': 'random'},0.5059
shared,6,thrashing,LRU,LocalAllocation,1440,3,487500,{'interleave': 'random'},0.4875
shared,7,thrashing,LRU,LocalAllocation,1440,3,518600,{'interleave': 'random'},0.5186
shared_total,,thrashing,LRU,LocalAllocation,1440,4,5236200,{'interleave': 'random'},5.2362
shared,0,thrashing,LRU,LocalAllocation,1440,4,474500,{'interleave': 'random'},0.4745
shared,1,thrashing,LRU,LocalAllocation,1440,4,476100,{'interleave': 'random'},0.4761
shared,2,thrashing,LRU,LocalAllocation,1440,4,479500,{'interleave': 'random'},0.4795
shared,3,thrashing,LRU,LocalAllocation,1440,4,486000,{'interleave': 'random'},0.486
shared,4,thrashing,LRU,LocalAllocation,1440,4,487300,{'interleave': 'random'},0.4873
shared,5,thrashing,LRU,LocalAllocation,1440,4,495200,{'interleave': 'random'},0.4952
shared,6,thrashing,LRU,LocalAllocation,1440,4,475800,{'interleave': 'random'},0.4758
shared,7,thrashing,LRU,LocalAllocation,1440,4,507300,{'interleave': 'random'},0.5073
shared_total,,thrashing,LRU,LocalAllocation,1440,5,5255000,{'interleave': 'random'},5.255
shared,0,thrashing,LRU,LocalAllocation,1440,5,481700,{'interleave': 'random'},0.4817
shared,1,thrashing,LRU,LocalAllocation,1440,5,479500,{'interleave': 'random'},0.4795
shared,2,thrashing,LRU,LocalAllocation,1440,5,487600,{'interleave': 'random'},0.4876
shared,3,thrashing,LRU,LocalAllocation,1440,5,492200,{'interleave': 'random'},0.4922
shared,4,thrashing,LRU,LocalAllocation,1440,5,493400,{'interleave': 'random'},0.4934
shared,5,thrashing,LRU,LocalAllocation,1440,5,493900,{'interleave': 'random'},0.4939
shared,6,thrashing,LRU,LocalAllocation,1440,5,477300,{'interleave': 'random'},0.4773
shared,7,thrashing,LRU,LocalAllocation,1440,5,505900,{'interleave': 'random'},0.5059
shared_total,,thrashing,LRU,LocalAllocation,1440,6,5232200,{'interleave': 'random'},5.2322
shared,0,thrashing,LRU,LocalAllocation,1440,6,468000,{'interleave': 'random'},0.468
shared,1,thrashing,LRU,LocalAllocation,1440,6,475900,{'interleave': 'random'},0.4759
shared,2,thrashing,LRU,LocalAllocation,1440,6,478200,{'interleave': 'random'},0.4782
shared,3,thrashing,LRU,LocalAllocation,1440,6,483400,{'interleave': 'random'},0.4834
shared,4,thrashing,LRU,LocalAllocation,1440,6,480700,{'interleave': 'random'},0.4807
shared,5,thrashing,LRU,LocalAllocation,1440,6,484100,{'interleave': 'random'},0.4841
shared,6,thrashing,LRU,LocalAllocation,1440,6,495200,{'interleave': 'random'},0.4952
shared,7,thrashing,LRU,LocalAllocation,1440,6,498100,{'interleave': 'random'},0.4981
shared_total,,thrashing,LRU,LocalAllocation,1440,7,5288900,{'interleave': 'random'},5.2889
shared,0,thrashing,LRU,LocalAllocation,1440,7,482900,{'interleave': 'random'},0.4829
shared,1,thrashing,LRU,LocalAllocation,1440,7,486500,{'interleave': 'random'},0.4865
shared,2,thrashing,LRU,LocalAllocation,1440,7,493200,{'interleave': 'random'},0.4932
shared,3,thrashing,LRU,LocalAllocation,1440,7,497700,{'interleave': 'random'},0.4977
shared,4,thrashing,LRU,LocalAllocation,1440,7,493900,{'interleave': 'random'},0.4939
shared,5,thrashing,LRU,LocalAllocation,1440,7,493100,{'interleave': 'random'},0.4931
shared,6,thrashing,LRU,LocalAllocation,1440,7,481100,{'interleave': 'random'},0.4811
shared,7,thrashing,LRU,LocalAllocation,1440,7,507800,{'interleave': 'random'},0.5078
shared_total,,thrashing,LRU,LocalAllocation,1440,8,5488500,{'interleave': 'random'},5.4885
shared,0,thrashing,LRU,LocalAllocation,1440,8,506100,{'interleave': 'random'},0.5061
shared,1,thrashing,LRU,LocalAllocation,1440,8,510200,{'interleave': 'random'},0.5102
shared,2,thrashing,LRU,LocalAllocation,1440,8,515700,{'interleave': 'random'},0.5157
shared,3,thrashing,LRU,LocalAllocation,1440,8,512100,{'interleave': 'random'},0.5121
shared,4,thrashing,LRU,LocalAllocation,1440,8,515600,{'interleave': 'random'},0.5156
shared,5,thrashing,LRU,LocalAllocation,1440,8,522300,{'interleave': 'random'},0.5223
shared,6,thrashing,LRU,LocalAllocation,1440,8,500400,{'interleave': 'random'},0.5004
shared,7,thrashing,LRU,LocalAllocation,1440,8,531500,{'interleave': 'random'},0.5315
shared_total,,thrashing,LRU,LocalAllocation,1440,9,5289300,{'interleave': 'random'},5.2893
shared,0,thrashing,LRU,LocalAllocation,1440,9,484300,{'interleave': 'random'},0.4843
shared,1,thrashing,LRU,LocalAllocation,1440,9,487100,{'interleave': 'random'},0.4871
shared,2,thrashing,LRU,LocalAllocation,1440,9,490600,{'interleave': 'random'},0.4906
shared,3,thrashing,LRU,LocalAllocation,1440,9,495100,{'interleave': 'random'},0.4951
shared,4,thrashing,LRU,LocalAllocation,1440,9,499800,{'interleave': 'random'},0.4998
shared,5,thrashing,LRU,LocalAllocation,1440,9,503300,{'interleave': 'random'},0.5033
shared,6,thrashing,LRU,LocalAllocation,1440,9,487000,{'interleave': 'random'},0.487
shared,7,thrashing,LRU,LocalAllocation,1440,9,511900,{'interleave': 'random'},0.5119
shared_total,,thrashing,LRU,ProportionalAllocation,1440,0,5323900,{'interleave': 'random'},5.3239
shared,0,thrashing,LRU,ProportionalAllocation,1440,0,502900,{'interleave': 'random'},0.5029
shared,1,thrashing,LRU,ProportionalAllocation,1440,0,473600,{'interleave': 'random'},0.4736
shared,2,thrashing,LRU,ProportionalAllocation,1440,0,480000,{'interleave': 'random'},0.48
shared,3,thrashing,LRU,ProportionalAllocation,1440,0,481000,{'interleave': 'random'},0.481
shared,4,thrashing,LRU,ProportionalAllocation,1440,0,506700,{'interleave': 'random'},0.5067
shared,5,thrashing,LRU,ProportionalAllocation,1440,0,524400,{'interleave': 'random'},0.5244
shared,6,thrashing,LRU,ProportionalAllocation,1440,0,477900,{'interleave': 'random'},0.4779
shared,7,thrashing,LRU,ProportionalAllocation,1440,0,505900,{'interleave': 'random'},0.5059
shared_total,,thrashing,LRU,ProportionalAllocation,1440,1,5292700,{'interleave': 'random'},5.2927
shared,0,thrashing,LRU,ProportionalAllocation,1440,1,489700,{'interleave': 'random'},0.4897
shared,1,thrashing,LRU,ProportionalAllocation,1440,1,489200,{'interleave': 'random'},0.4892
shared,2,thrashing,LRU,ProportionalAllocation,1440,1,488600,{'interleave': 'random'},0.4886
shared,3,thrashing,LRU,ProportionalAllocation,1440,1,497900,{'interleave': 'random'},0.4979
shared,4,thrashing,LRU,ProportionalAllocation,1440,1,500400,{'interleave': 'random'},0.5004
shared,5,thrashing,LRU,ProportionalAllocation,1440,1,497600,{'interleave': 'random'},0.4976
shared,6,thrashing,LRU,ProportionalAllocation,1440,1,489300,{'interleave': 'random'},0.4893
shared,7,thrashing,LRU,ProportionalAllocation,1440,1,514500,{'interleave': 'random'},0.5145
shared_total,,thrashing,LRU,ProportionalAllocation,1440,2,5279700,{'interleave': 'random'},5.2797
shared,0,thrashing,LRU,ProportionalAllocation,1440,2,489900,{'interleave': 'random'},0.4899
shared,1,thrashing,LRU,ProportionalAllocation,1440,2,481800,{'interleave': 'random'},0.4818
shared,2,thrashing,LRU,ProportionalAllocation,1440,2,490200,{'interleave': 'random'},0.4902
shared,3,thrashing,LRU,ProportionalAllocation,1440,2,491700,{'interleave': 'random'},0.4917
shared,4,thrashing,LRU,ProportionalAllocation,1440,2,495000,{'interleave': 'random'},0.495
shared,5,thrashing,LRU,ProportionalAllocation,1440,2,500800,{'interleave': 'random'},0.5008
shared,6,thrashing,LRU,ProportionalAllocation,1440,2,485400,{'interleave': 'random'},0.4854
shared,7,thrashing,LRU,ProportionalAllocation,1440,2,513000,{'interleave': 'random'},0.513
shared_total,,thrashing,LRU,ProportionalAllocation,1440,3,5249400,{'interleave': 'random'},5.2494
shared,0,thrashing,LRU,ProportionalAllocation,1440,3,472300,{'interleave': 'random'},0.4723
shared,1,thrashing,LRU,ProportionalAllocation,1440,3,483600,{'interleave': 'random'},0.4836
shared,2,thrashing,LRU,ProportionalAllocation,1440,3,481500,{'interleave': 'random'},0.4815
shared,3,thrashing,LRU,ProportionalAllocation,1440,3,484000,{'interleave': 'random'},0.484
shared,4,thrashing,LRU,ProportionalAllocation,1440,3,487100,{'interleave': 'random'},0.4871
shared,5,thrashing,LRU,ProportionalAllocation,1440,3,492700,{'interleave': 'random'},0.4927
shared,6,thrashing,LRU,ProportionalAllocation,1440,3,482500,{'interleave': 'random'},0.4825
shared,7,thrashing,LRU,ProportionalAllocation,1440,3,506300,{'interleave': 'random'},0.5063
shared_total,,thrashing,LRU,ProportionalAllocation,1440,4,7719700,{'interleave': 'random'},7.7197
shared,0,thrashing,LRU,ProportionalAllocation,1440,4,725800,{'interleave': 'random'},0.7258
shared,1,thrashing,LRU,ProportionalAllocation,1440,4,717000,{'interleave': 'random'},0.717
shared,2,thrashing,LRU,ProportionalAllocation,1440,4,723700,{'interleave': 'random'},0.7237
shared,3,thrashing,LRU,ProportionalAllocation,1440,4,736100,{'interleave': 'random'},0.7361
shared,4,thrashing,LRU,ProportionalAllocation,1440,4,743700,{'interleave': 'random'},0.7437
shared,5,thrashing,LRU,ProportionalAllocation,1440,4,767900,{'interleave': 'random'},0.7679
shared,6,thrashing,LRU,ProportionalAllocation,1440,4,713800,{'interleave': 'random'},0.7138
shared,7,thrashing,LRU,ProportionalAllocation,1440,4,762300,{'interleave': 'random'},0.7623
shared_total,,thrashing,LRU,ProportionalAllocation,1440,5,5231100,{'interleave': 'random'},5.2311
shared,0,thrashing,LRU,ProportionalAllocation,1440,5,475300,{'interleave': 'random'},0.4753
shared,1,thrashing,LRU,ProportionalAllocation,1440,5,476100,{'interleave': 'random'},0.4761
shared,2,thrashing,LRU,ProportionalAllocation,1440,5,482800,{'interleave': 'random'},0.4828
shared,3,thrashing,LRU,ProportionalAllocation,1440,5,482100,{'interleave': 'random'},0.4821
shared,4,thrashing,LRU,ProportionalAllocation,1440,5,486500,{'interleave': 'random'},0.4865
shared,5,thrashing,LRU,ProportionalAllocation,1440,5,489900,{'interleave': 'random'},0.4899
shared,6,thrashing,LRU,ProportionalAllocation,1440,5,477900,{'interleave': 'random'},0.4779
shared,7,thrashing,LRU,ProportionalAllocation,1440,5,503100,{'interleave': 'random'},0.5031
shared_total,,thrashing,LRU,ProportionalAllocation,1440,6,5391300,{'interleave': 'random'},5.3913
shared,0,thrashing,LRU,ProportionalAllocation,1440,6,490300,{'interleave': 'random'},0.4903
shared,1,thrashing,LRU,ProportionalAllocation,1440,6,493300,{'interleave': 'random'},0.4933
shared,2,thrashing,LRU,ProportionalAllocation,1440,6,500300,{'interleave': 'random'},0.5003
shared,3,thrashing,LRU,ProportionalAllocation,1440,6,500900,{'interleave': 'random'},0.5009
shared,4,thrashing,LRU,ProportionalAllocation,1440,6,504000,{'interleave': 'random'},0.504
shared,5,thrashing,LRU,ProportionalAllocation,1440,6,506000,{'interleave': 'random'},0.506
shared,6,thrashing,LRU,ProportionalAllocation,1440,6,496200,{'interleave': 'random'},0.4962
shared,7,thrashing,LRU,ProportionalAllocation,1440,6,531900,{'interleave': 'random'},0.5319
shared_total,,thrashing,LRU,ProportionalAllocation,1440,7,5334900,{'interleave': 'random'},5.3349
shared,0,thrashing,LRU,ProportionalAllocation,1440,7,489100,{'interleave': 'random'},0.4891
shared,1,thrashing,LRU,ProportionalAllocation,1440,7,489500,{'interleave': 'random'},0.4895
shared,2,thrashing,LRU,ProportionalAllocation,1440,7,500300,{'interleave': 'random'},0.5003
shared,3,thrashing,LRU,ProportionalAllocation,1440,7,500300,{'interleave': 'random'},0.5003
shared,4,thrashing,LRU,ProportionalAllocation,1440,7,499200,{'interleave': 'random'},0.4992
shared,5,thrashing,LRU,ProportionalAllocation,1440,7,499900,{'interleave': 'random'},0.4999
shared,6,thrashing,LRU,ProportionalAllocation,1440,7,488800,{'interleave': 'random'},0.4888
shared,7,thrashing,LRU,ProportionalAllocation,1440,7,513600,{'interleave': 'random'},0.5136
shared_total,,thrashing,LRU,ProportionalAllocation,1440,8,5177100,{'interleave': 'random'},5.1771
shared,0,thrashing,LRU,ProportionalAllocation,1440,8,467100,{'interleave': 'random'},0.4671
shared,1,thrashing,LRU,ProportionalAllocation,1440,8,472800,{'interleave': 'random'},0.4728
shared,2,thrashing,LRU,ProportionalAllocation,1440,8,474600,{'interleave': 'random'},0.4746
shared,3,thrashing,LRU,ProportionalAllocation,1440,8,474400,{'interleave': 'random'},0.4744
shared,4,thrashing,LRU,ProportionalAllocation,1440,8,474700,{'interleave': 'random'},0.4747
shared,5,thrashing,LRU,ProportionalAllocation,1440,8,483800,{'interleave': 'random'},0.4838
shared,6,thrashing,LRU,ProportionalAllocation,1440,8,471200,{'interleave': 'random'},0.4712
shared,7,thrashing,LRU,ProportionalAllocation,1440,8,498500,{'interleave': 'random'},0.4985
shared_total,,thrashing,LRU,ProportionalAllocation,1440,9,11590700,{'interleave': 'random'},11.5907
shared,0,thrashing,LRU,ProportionalAllocation,1440,9,988400,{'interleave': 'random'},0.9884
shared,1,thrashing,LRU,ProportionalAllocation,1440,9,923500,{'interleave': 'random'},0.9235
shared,2,thrashing,LRU,ProportionalAllocation,1440,9,958200,{'interleave': 'random'},0.9582
shared,3,thrashing,LRU,ProportionalAllocation,1440,9,999700,{'interleave': 'random'},0.9997
shared,4,thrashing,LRU,ProportionalAllocation,1440,9,954300,{'interleave': 'random'},0.9543
shared,5,thrashing,LRU,ProportionalAllocation,1440,9,1007700,{'interleave': 'random'},1.0077
shared,6,thrashing,LRU,ProportionalAllocation,1440,9,880400,{'interleave': 'random'},0.8804
shared,7,thrashing,LRU,ProportionalAllocation,1440,9,986500,{'interleave': 'random'},0.9865
shared_total,,thrashing,NRU,GlobalAllocation,1440,0,9541700,{'interleave': 'random'},9.5417
shared,0,thrashing,NRU,GlobalAllocation,1440,0,940000,{'interleave': 'random'},0.94
shared,1,thrashing,NRU,GlobalAllocation,1440,0,974500,{'interleave': 'random'},0.9745
shared,2,thrashing,NRU,GlobalAllocation,1440,0,1185100,{'interleave': 'random'},1.1851
shared,3,thrashing,NRU,GlobalAllocation,1440,0,938100,{'interleave': 'random'},0.9381
shared,4,thrashing,NRU,GlobalAllocation,1440,0,1026000,{'interleave': 'random'},1.026
shared,5,thrashing,NRU,GlobalAllocation,1440,0,952600,{'interleave': 'random'},0.9526
shared,6,thrashing,NRU,GlobalAllocation,1440,0,972100,{'interleave': 'random'},0.9721
shared,7,thrashing,NRU,GlobalAllocation,1440,0,1081500,{'interleave': 'random'},1.0815
shared_total,,thrashing,NRU,GlobalAllocation,1440,1,9306900,{'interleave': 'random'},9.3069
shared,0,thrashing,NRU,GlobalAllocation,1440,1,826100,{'interleave': 'random'},0.8261
shared,1,thrashing,NRU,GlobalAllocation,1440,1,885600,{'interleave': 'random'},0.8856
shared,2,thrashing,NRU,GlobalAllocation,1440,1,1019700,{'interleave': 'random'},1.0197
shared,3,thrashing,NRU,GlobalAllocation,1440,1,1050300,{'interleave': 'random'},1.0503
shared,4,thrashing,NRU,GlobalAllocation,1440,1,1024900,{'interleave': 'random'},1.0249
shared,5,thrashing,NRU,GlobalAllocation,1440,1,1158100,{'interleave': 'random'},1.1581
shared,6,thrashing,NRU,GlobalAllocation,1440,1,865300,{'interleave': 'random'},0.8653
shared,7,thrashing,NRU,GlobalAllocation,1440,1,1020900,{'interleave': 'random'},1.0209
shared_total,,thrashing,NRU,GlobalAllocation,1440,2,9035300,{'interleave': 'random'},9.0353
shared,0,thrashing,NRU,GlobalAllocation,1440,2,865900,{'interleave': 'random'},0.8659
shared,1,thrashing,NRU,GlobalAllocation,1440,2,929700,{'interleave': 'random'},0.9297
shared,2,thrashing,NRU,GlobalAllocation,1440,2,1002900,{'interleave': 'random'},1.0029
shared,3,thrashing,NRU,GlobalAllocation,1440,2,978600,{'interleave': 'random'},0.9786
shared,4,thrashing,NRU,GlobalAllocation,1440,2,964400,{'interleave': 'random'},0.9644
shared,5,thrashing,NRU,GlobalAllocation,1440,2,1002700,{'interleave': 'random'},1.0027
shared,6,thrashing,NRU,GlobalAllocation,1440,2,887600,{'interleave': 'random'},0.8876
shared,7,thrashing,NRU,GlobalAllocation,1440,2,1040600,{'interleave': 'random'},1.0406
shared_total,,thrashing,NRU,GlobalAllocation,1440,3,13277800,{'interleave': 'random'},13.2778
shared,0,thrashing,NRU,GlobalAllocation,1440,3,1248100,{'interleave': 'random'},1.2481
shared,1,thrashing,NRU,GlobalAllocation,1440,3,1585900,{'interleave': 'random'},1.5859
shared,2,thrashing,NRU,GlobalAllocation,1440,3,1378500,{'interleave': 'random'},1.3785
shared,3,thrashing,NRU,GlobalAllocation,1440,3,1399400,{'interleave': 'random'},1.3994
shared,4,thrashing,NRU,GlobalAllocation,1440,3,1467500,{'interleave': 'random'},1.4675
shared,5,thrashing,NRU,GlobalAllocation,1440,3,1306400,{'interleave': 'random'},1.3064
shared,6,thrashing,NRU,GlobalAllocation,1440,3,1335500,{'interleave': 'random'},1.3355
shared,7,thrashing,NRU,GlobalAllocation,1440,3,1355800,{'interleave': 'random'},1.3558
shared_total,,thrashing,NRU,GlobalAllocation,1440,4,9133900,{'interleave': 'random'},9.1339
shared,0,thrashing,NRU,GlobalAllocation,1440,4,850700,{'interleave': 'random'},0.8507
shared,1,thrashing,NRU,GlobalAllocation,1440,4,1032100,{'interleave': 'random'},1.0321
shared,2,thrashing,NRU,GlobalAllocation,1440,4,916100,{'interleave': 'random'},0.9161
shared,3,thrashing,NRU,GlobalAllocation,1440,4,971100,{'interleave': 'random'},0.9711
shared,4,thrashing,NRU,GlobalAllocation,1440,4,913600,{'interleave': 'random'},0.9136
shared,5,thrashing,NRU,GlobalAllocation,1440,4,1057400,{'interleave': 'random'},1.0574
shared,6,thrashing,NRU,GlobalAllocation,1440,4,936400,{'interleave': 'random'},0.9364
shared,7,thrashing,NRU,GlobalAllocation,1440,4,993100,{'interleave': 'random'},0.9931
shared_total,,thrashing,NRU,GlobalAllocation,1440,5,8988300,{'interleave': 'random'},8.9883
shared,0,thrashing,NRU,GlobalAllocation,1440,5,991800,{'interleave': 'random'},0.9918
shared,1,thrashing,NRU,GlobalAllocation,1440,5,991300,{'interleave': 'random'},0.9913
shared,2,thrashing,NRU,GlobalAllocation,1440,5,928500,{'interleave': 'random'},0.9285
shared,3,thrashing,NRU,GlobalAllocation,1440,5,973000,{'interleave': 'random'},0.973
shared,4,thrashing,NRU,GlobalAllocation,1440,5,931400,{'interleave': 'random'},0.9314
shared,5,thrashing,NRU,GlobalAllocation,1440,5,898000,{'interleave': 'random'},0.898
shared,6,thrashing,NRU,GlobalAllocation,1440,5,946300,{'interleave': 'random'},0.9463
shared,7,thrashing,NRU,GlobalAllocation,1440,5,965800,{'interleave': 'random'},0.9658
shared_total,,thrashing,NRU,GlobalAllocation,1440,6,8973400,{'interleave': 'random'},8.9734
shared,0,thrashing,NRU,GlobalAllocation,1440,6,1011800,{'interleave': 'random'},1.0118
shared,1,thrashing,NRU,GlobalAllocation,1440,6,894400,{'interleave': 'random'},0.8944
shared,2,thrashing,NRU,GlobalAllocation,1440,6,944400,{'interleave': 'random'},0.9444
shared,3,thrashing,NRU,GlobalAllocation,1440,6,885800,{'interleave': 'random'},0.8858
shared,4,thrashing,NRU,GlobalAllocation,1440,6,1003100,{'interleave': 'random'},1.0031
shared,5,thrashing,NRU,GlobalAllocation,1440,6,977800,{'interleave': 'random'},0.9778
shared,6,thrashing,NRU,GlobalAllocation,1440,6,935500,{'interleave': 'random'},0.9355
shared,7,thrashing,NRU,GlobalAllocation,1440,6,976000,{'interleave': 'random'},0.976
shared_total,,thrashing,NRU,GlobalAllocation,1440,7,8928300,{'interleave': 'random'},8.9283
shared,0,thrashing,NRU,GlobalAllocation,1440,7,859700,{'interleave': 'random'},0.8597
shared,1,thrashing,NRU,GlobalAllocation,1440,7,945300,{'interleave': 'random'},0.9453
shared,2,thrashing,NRU,GlobalAllocation,1440,7,968800,{'interleave': 'random'},0.9688
shared,3,thrashing,NRU,GlobalAllocation,1440,7,906600,{'interleave': 'random'},0.9066
shared,4,thrashing,NRU,GlobalAllocation,1440,7,961800,{'interleave': 'random'},0.9618
shared,5,thrashing,NRU,GlobalAllocation,1440,7,1008400,{'interleave': 'random'},1.0084
shared,6,thrashing,NRU,GlobalAllocation,1440,7,984500,{'interleave': 'random'},0.9845
shared,7,thrashing,NRU,GlobalAllocation,1440,7,952000,{'interleave': 'random'},0.952
shared_total,,thrashing,NRU,GlobalAllocation,1440,8,9083800,{'interleave': 'random'},9.0838
shared,0,thrashing,NRU,GlobalAllocation,1440,8,874200,{'interleave': 'random'},0.8742
shared,1,thrashing,NRU,GlobalAllocation,1440,8,996100,{'interleave': 'random'},0.9961
shared,2,thrashing,NRU,GlobalAllocation,1440,8,833600,{'interleave': 'random'},0.8336
shared,3,thrashing,NRU,GlobalAllocation,1440,8,1022900,{'interleave': 'random'},1.0229
shared,4,thrashing,NRU,GlobalAllocation,1440,8,993300,{'interleave': 'random'},0.9933
shared,5,thrashing,NRU,GlobalAllocation,1440,8,937500,{'interleave': 'random'},0.9375
shared,6,thrashing,NRU,GlobalAllocation,1440,8,969100,{'interleave': 'random'},0.9691
shared,7,thrashing,NRU,GlobalAllocation,1440,8,1122000,{'interleave': 'random'},1.122
shared_total,,thrashing,NRU,GlobalAllocation,1440,9,9118400,{'interleave': 'random'},9.1184
shared,0,thrashing,NRU,GlobalAllocation,1440,9,947100,{'interleave': 'random'},0.9471
shared,1,thrashing,NRU,GlobalAllocation,1440,9,883900,{'interleave': 'random'},0.8839
shared,2,thrashing,NRU,GlobalAllocation,1440,9,1069600,{'interleave': 'random'},1.0696
shared,3,thrashing,NRU,GlobalAllocation,1440,9,856800,{'interleave': 'random'},0.8568
shared,4,thrashing,NRU,GlobalAllocation,1440,9,978700,{'interleave': 'random'},0.9787
shared,5,thrashing,NRU,GlobalAllocation,1440,9,947700,{'interleave': 'random'},0.9477
shared,6,thrashing,NRU,GlobalAllocation,1440,9,1043700,{'interleave': 'random'},1.0437
shared,7,thrashing,NRU,GlobalAllocation,1440,9,1010100,{'interleave': 'random'},1.0101
shared_total,,thrashing,NRU,LocalAllocation,1440,0,5452700,{'interleave': 'random'},5.4527
shared,0,thrashing,NRU,LocalAllocation,1440,0,527800,{'interleave': 'random'},0.5278
shared,1,thrashing,NRU,LocalAllocation,1440,0,505200,{'interleave': 'random'},0.5052
shared,2,thrashing,NRU,LocalAllocation,1440,0,504900,{'interleave': 'random'},0.5049
shared,3,thrashing,NRU,LocalAllocation,1440,0,516000,{'interleave': 'random'},0.516
shared,4,thrashing,NRU,LocalAllocation,1440,0,517100,{'interleave': 'random'},0.5171
shared,5,thrashing,NRU,LocalAllocation,1440,0,525500,{'interleave': 'random'},0.5255
shared,6,thrashing,NRU,LocalAllocation,1440,0,486800,{'interleave': 'random'},0.4868
shared,7,thrashing,NRU,LocalAllocation,1440,0,546300,{'interleave': 'random'},0.5463
shared_total,,thrashing,NRU,LocalAllocation,1440,1,5343000,{'interleave': 'random'},5.343
shared,0,thrashing,NRU,LocalAllocation,1440,1,486300,{'interleave': 'random'},0.4863
shared,1,thrashing,NRU,LocalAllocation,1440,1,491100,{'interleave': 'random'},0.4911
shared,2,thrashing,NRU,LocalAllocation,1440,1,504000,{'interleave': 'random'},0.504
shared,3,thrashing,NRU,LocalAllocation,1440,1,506600,{'interleave': 'random'},0.5066
shared,4,thrashing,NRU,LocalAllocation,1440,1,513200,{'interleave': 'random'},0.5132
shared,5,thrashing,NRU,LocalAllocation,1440,1,518200,{'interleave': 'random'},0.5182
shared,6,thrashing,NRU,LocalAllocation,1440,1,473900,{'interleave': 'random'},0.4739
shared,7,thrashing,NRU,LocalAllocation,1440,1,526100,{'interleave': 'random'},0.5261
shared_total,,thrashing,NRU,LocalAllocation,1440,2,5396100,{'interleave': 'random'},5.3961
shared,0,thrashing,NRU,LocalAllocation,1440,2,498300,{'interleave': 'random'},0.4983
shared,1,thrashing,NRU,LocalAllocation,1440,2,503400,{'interleave': 'random'},0.5034
shared,2,thrashing,NRU,LocalAllocation,1440,2,512200,{'interleave': 'random'},0.5122
shared,3,thrashing,NRU,LocalAllocation,1440,2,517200,{'interleave': 'random'},0.5172
shared,4,thrashing,NRU,LocalAllocation,1440,2,519200,{'interleave': 'random'},0.5192
shared,5,thrashing,NRU,LocalAllocation,1440,2,534400,{'interleave': 'random'},0.5344
shared,6,thrashing,NRU,LocalAllocation,1440,2,493500,{'interleave': 'random'},0.4935
shared,7,thrashing,NRU,LocalAllocation,1440,2,541500,{'interleave': 'random'},0.5415
shared_total,,thrashing,NRU,LocalAllocation,1440,3,5401200,{'interleave': 'random'},5.4012
shared,0,thrashing,NRU,LocalAllocation,1440,3,489500,{'interleave': 'random'},0.4895
shared,1,thrashing,NRU,LocalAllocation,1440,3,497800,{'interleave': 'random'},0.4978
shared,2,thrashing,NRU,LocalAllocation,1440,3,507300,{'interleave': 'random'},0.5073
shared,3,thrashing,NRU,LocalAllocation,1440,3,505100,{'interleave': 'random'},0.5051
shared,4,thrashing,NRU,LocalAllocation,1440,3,515700,{'interleave': 'random'},0.5157
shared,5,thrashing,NRU,LocalAllocation,1440,3,518900,{'interleave': 'random'},0.5189
shared,6,thrashing,NRU,LocalAllocation,1440,3,482800,{'interleave': 'random'},0.4828
shared,7,thrashing,NRU,LocalAllocation,1440,3,535700,{'interleave': 'random'},0.5357
shared_total,,thrashing,NRU,LocalAllocation,1440,4,5413600,{'interleave': 'random'},5.4136
shared,0,thrashing,NRU,LocalAllocation,1440,4,492200,{'interleave': 'random'},0.4922
shared,1,thrashing,NRU,LocalAllocation,1440,4,495300,{'interleave': 'random'},0.4953
shared,2,thrashing,NRU,LocalAllocation,1440,4,506000,{'interleave': 'random'},0.506
shared,3,thrashing,NRU,LocalAllocation,1440,4,508300,{'interleave': 'random'},0.5083
shared,4,thrashing,NRU,LocalAllocation,1440,4,514500,{'interleave': 'random'},0.5145
shared,5,thrashing,NRU,LocalAllocation,1440,4,523200,{'interleave': 'random'},0.5232
shared,6,thrashing,NRU,LocalAllocation,1440,4,487000,{'interleave': 'random'},0.487
shared,7,thrashing,NRU,LocalAllocation,1440,4,535200,{'interleave': 'random'},0.5352
shared_total,,thrashing,NRU,LocalAllocation,1440,5,5325600,{'interleave': 'random'},5.3256
shared,0,thrashing,NRU,LocalAllocation,1440,5,491300,{'interleave': 'random'},0.4913
shared,1,thrashing,NRU,LocalAllocation,1440,5,489000,{'interleave': 'random'},0.489
shared,2,thrashing,NRU,LocalAllocation,1440,5,497900,{'interleave': 'random'},0.4979
shared,3,thrashing,NRU,LocalAllocation,1440,5,498400,{'interleave': 'random'},0.4984
shared,4,thrashing,NRU,LocalAllocation,1440,5,512700,{'interleave': 'random'},0.5127
shared,5,thrashing,NRU,LocalAllocation,1440,5,513000,{'interleave': 'random'},0.513
shared,6,thrashing,NRU,LocalAllocation,1440,5,479500,{'interleave': 'random'},0.4795
shared,7,thrashing,NRU,LocalAllocation,1440,5,531600,{'interleave': 'random'},0.5316
shared_total,,thrashing,NRU,LocalAllocation,1440,6,5389400,{'interleave': 'random'},5.3894
shared,0,thrashing,NRU,LocalAllocation,1440,6,487200,{'interleave': 'random'},0.4872
shared,1,thrashing,NRU,LocalAllocation,1440,6,496300,{'interleave': 'random'},0.4963
shared,2,thrashing,NRU,LocalAllocation,1440,6,500400,{'interleave': 'random'},0.5004
shared,3,thrashing,NRU,LocalAllocation,1440,6,505800,{'interleave': 'random'},0.5058
shared,4,thrashing,NRU,LocalAllocation,1440,6,508900,{'interleave': 'random'},0.5089
shared,5,thrashing,NRU,LocalAllocation,1440,6,517300,{'interleave': 'random'},0.5173
shared,6,thrashing,NRU,LocalAllocation,1440,6,483300,{'interleave': 'random'},0.4833
shared,7,thrashing,NRU,LocalAllocation,1440,6,548600,{'interleave': 'random'},0.5486
shared_total,,thrashing,NRU,LocalAllocation,1440,7,5789200,{'interleave': 'random'},5.7892
shared,0,thrashing,NRU,LocalAllocation,1440,7,527900,{'interleave': 'random'},0.5279
shared,1,thrashing,NRU,LocalAllocation,1440,7,541400,{'interleave': 'random'},0.5414
shared,2,thrashing,NRU,LocalAllocation,1440,7,568200,{'interleave': 'random'},0.5682
shared,3,thrashing,NRU,LocalAllocation,1440,7,550200,{'interleave': 'random'},0.5502
shared,4,thrashing,NRU,LocalAllocation,1440,7,541300,{'interleave': 'random'},0.5413
shared,5,thrashing,NRU,LocalAllocation,1440,7,546100,{'interleave': 'random'},0.5461
shared,6,thrashing,NRU,LocalAllocation,1440,7,504600,{'interleave': 'random'},0.5046
shared,7,thrashing,NRU,LocalAllocation,1440,7,563900,{'interleave': 'random'},0.5639
shared_total,,thrashing,NRU,LocalAllocation,1440,8,5982500,{'interleave': 'random'},5.9825
shared,0,thrashing,NRU,LocalAllocation,1440,8,537400,{'interleave': 'random'},0.5374
shared,1,thrashing,NRU,LocalAllocation,1440,8,554100,{'interleave': 'random'},0.5541
shared,2,thrashing,NRU,LocalAllocation,1440,8,560400,{'interleave': 'random'},0.5604
shared,3,thrashing,NRU,LocalAllocation,1440,8,561900,{'interleave': 'random'},0.5619
shared,4,thrashing,NRU,LocalAllocation,1440,8,577300,{'interleave': 'random'},0.5773
shared,5,thrashing,NRU,LocalAllocation,1440,8,584000,{'interleave': 'random'},0.584
shared,6,thrashing,NRU,LocalAllocation,1440,8,524900,{'interleave': 'random'},0.5249
shared,7,thrashing,NRU,LocalAllocation,1440,8,603200,{'interleave': 'random'},0.6032
shared_total,,thrashing,NRU,LocalAllocation,1440,9,4859700,{'interleave': 'random'},4.8597
shared,0,thrashing,NRU,LocalAllocation,1440,9,444800,{'interleave': 'random'},0.4448
shared,1,thrashing,NRU,LocalAllocation,1440,9,451300,{'interleave': 'random'},0.4513
shared,2,thrashing,NRU,LocalAllocation,1440,9,447200,{'interleave': 'random'},0.4472
shared,3,thrashing,NRU,LocalAllocation,1440,9,457500,{'interleave': 'random'},0.4575
shared,4,thrashing,NRU,LocalAllocation,1440,9,461500,{'interleave': 'random'},0.4615
shared,5,thrashing,NRU,LocalAllocation,1440,9,468800,{'interleave': 'random'},0.4688
shared,6,thrashing,NRU,LocalAllocation,1440,9,423800,{'interleave': 'random'},0.4238
shared,7,thrashing,NRU,LocalAllocation,1440,9,472600,{'interleave': 'random'},0.4726
shared_total,,thrashing,NRU,ProportionalAllocation,1440,0,5358100,{'interleave': 'random'},5.3581
shared,0,thrashing,NRU,ProportionalAllocation,1440,0,496000,{'interleave': 'random'},0.496
shared,1,thrashing,NRU,ProportionalAllocation,1440,0,500700,{'interleave': 'random'},0.5007
shared,2,thrashing,NRU,ProportionalAllocation,1440,0,502500,{'interleave': 'random'},0.5025
shared,3,thrashing,NRU,ProportionalAllocation,1440,0,511000,{'interleave': 'random'},0.511
shared,4,thrashing,NRU,ProportionalAllocation,1440,0,514100,{'interleave': 'random'},0.5141
shared,5,thrashing,NRU,ProportionalAllocation,1440,0,518400,{'interleave': 'random'},0.5184
shared,6,thrashing,NRU,ProportionalAllocation,1440,0,476200,{'interleave': 'random'},0.4762
shared,7,thrashing,NRU,ProportionalAllocation,1440,0,541800,{'interleave': 'random'},0.5418
shared_total,,thrashing,NRU,ProportionalAllocation,1440,1,5418600,{'interleave': 'random'},5.4186
shared,0,thrashing,NRU,ProportionalAllocation,1440,1,502400,{'interleave': 'random'},0.5024
shared,1,thrashing,NRU,ProportionalAllocation,1440,1,501900,{'interleave': 'random'},0.5019
shared,2,thrashing,NRU,ProportionalAllocation,1440,1,507700,{'interleave': 'random'},0.5077
shared,3,thrashing,NRU,ProportionalAllocation,1440,1,510300,{'interleave': 'random'},0.5103
shared,4,thrashing,NRU,ProportionalAllocation,1440,1,524400,{'interleave': 'random'},0.5244
shared,5,thrashing,NRU,ProportionalAllocation,1440,1,521200,{'interleave': 'random'},0.5212
shared,6,thrashing,NRU,ProportionalAllocation,1440,1,488200,{'interleave': 'random'},0.4882
shared,7,thrashing,NRU,ProportionalAllocation,1440,1,543200,{'interleave': 'random'},0.5432
shared_total,,thrashing,NRU,ProportionalAllocation,1440,2,5337700,{'interleave': 'random'},5.3377
shared,0,thrashing,NRU,ProportionalAllocation,1440,2,488400,{'interleave': 'random'},0.4884
shared,1,thrashing,NRU,ProportionalAllocation,1440,2,490300,{'interleave': 'random'},0.4903
shared,2,thrashing,NRU,ProportionalAllocation,1440,2,499400,{'interleave': 'random'},0.4994
shared,3,thrashing,NRU,ProportionalAllocation,1440,2,508700,{'interleave': 'random'},0.5087
shared,4,thrashing,NRU,ProportionalAllocation,1440,2,506700,{'interleave': 'random'},0.5067
shared,5,thrashing,NRU,ProportionalAllocation,1440,2,515900,{'interleave': 'random'},0.5159
shared,6,thrashing,NRU,ProportionalAllocation,1440,2,477800,{'interleave': 'random'},0.4778
shared,7,thrashing,NRU,ProportionalAllocation,1440,2,530900,{'interleave': 'random'},0.5309
shared_total,,thrashing,NRU,ProportionalAllocation,1440,3,5634500,{'interleave': 'random'},5.6345
shared,0,thrashing,NRU,ProportionalAllocation,1440,3,509900,{'interleave': 'random'},0.5099
shared,1,thrashing,NRU,ProportionalAllocation,1440,3,519400,{'interleave': 'random'},0.5194
shared,2,thrashing,NRU,ProportionalAllocation,1440,3,521700,{'interleave': 'random'},0.5217
shared,3,thrashing,NRU,ProportionalAllocation,1440,3,526600,{'interleave': 'random'},0.5266
shared,4,thrashing,NRU,ProportionalAllocation,1440,3,528900,{'interleave': 'random'},0.5289
shared,5,thrashing,NRU,ProportionalAllocation,1440,3,538200,{'interleave': 'random'},0.5382
shared,6,thrashing,NRU,ProportionalAllocation,1440,3,501300,{'interleave': 'random'},0.5013
shared,7,thrashing,NRU,ProportionalAllocation,1440,3,554200,{'interleave': 'random'},0.5542
shared_total,,thrashing,NRU,ProportionalAllocation,1440,4,6382000,{'interleave': 'random'},6.382
shared,0,thrashing,NRU,ProportionalAllocation,1440,4,573600,{'interleave': 'random'},0.5736
shared,1,thrashing,NRU,ProportionalAllocation,1440,4,566800,{'interleave': 'random'},0.5668
shared,2,thrashing,NRU,ProportionalAllocation,1440,4,578400,{'interleave': 'random'},0.5784
shared,3,thrashing,NRU,ProportionalAllocation,1440,4,582700,{'interleave': 'random'},0.5827
shared,4,thrashing,NRU,ProportionalAllocation,1440,4,595800,{'interleave': 'random'},0.5958
shared,5,thrashing,NRU,ProportionalAllocation,1440,4,609000,{'interleave': 'random'},0.609
shared,6,thrashing,NRU,ProportionalAllocation,1440,4,545200,{'interleave': 'random'},0.5452
shared,7,thrashing,NRU,ProportionalAllocation,1440,4,767900,{'interleave': 'random'},0.7679
shared_total,,thrashing,NRU,ProportionalAllocation,1440,5,5642500,{'interleave': 'random'},5.6425
shared,0,thrashing,NRU,ProportionalAllocation,1440,5,515500,{'interleave': 'random'},0.5155
shared,1,thrashing,NRU,ProportionalAllocation,1440,5,518700,{'interleave': 'random'},0.5187
shared,2,thrashing,NRU,ProportionalAllocation,1440,5,528500,{'interleave': 'random'},0.5285
shared,3,thrashing,NRU,ProportionalAllocation,1440,5,526900,{'interleave': 'random'},0.5269
shared,4,thrashing,NRU,ProportionalAllocation,1440,5,539700,{'interleave': 'random'},0.5397
shared,5,thrashing,NRU,ProportionalAllocation,1440,5,539800,{'interleave': 'random'},0.5398
shared,6,thrashing,NRU,ProportionalAllocation,1440,5,495000,{'interleave': 'random'},0.495
shared,7,thrashing,NRU,ProportionalAllocation,1440,5,561100,{'interleave': 'random'},0.5611
shared_total,,thrashing,NRU,ProportionalAllocation,1440,6,5416400,{'interleave': 'random'},5.4164
shared,0,thrashing,NRU,ProportionalAllocation,1440,6,494900,{'interleave': 'random'},0.4949
shared,1,thrashing,NRU,ProportionalAllocation,1440,6,496000,{'interleave': 'random'},0.496
shared,2,thrashing,NRU,ProportionalAllocation,1440,6,507700,{'interleave': 'random'},0.5077
shared,3,thrashing,NRU,ProportionalAllocation,1440,6,510400,{'interleave': 'random'},0.5104
shared,4,thrashing,NRU,ProportionalAllocation,1440,6,517100,{'interleave': 'random'},0.5171
shared,5,thrashing,NRU,ProportionalAllocation,1440,6,519700,{'interleave': 'random'},0.5197
shared,6,thrashing,NRU,ProportionalAllocation,1440,6,486100,{'interleave': 'random'},0.4861
shared,7,thrashing,NRU,ProportionalAllocation,1440,6,541700,{'interleave': 'random'},0.5417
shared_total,,thrashing,NRU,ProportionalAllocation,1440,7,5809000,{'interleave': 'random'},5.809
shared,0,thrashing,NRU,ProportionalAllocation,1440,7,533700,{'interleave': 'random'},0.5337
shared,1,thrashing,NRU,ProportionalAllocation,1440,7,550500,{'interleave': 'random'},0.5505
shared,2,thrashing,NRU,ProportionalAllocation,1440,7,537300,{'interleave': 'random'},0.5373
shared,3,thrashing,NRU,ProportionalAllocation,1440,7,536500,{'interleave': 'random'},0.5365
shared,4,thrashing,NRU,ProportionalAllocation,1440,7,554600,{'interleave': 'random'},0.5546
shared,5,thrashing,NRU,ProportionalAllocation,1440,7,562100,{'interleave': 'random'},0.5621
shared,6,thrashing,NRU,ProportionalAllocation,1440,7,513900,{'interleave': 'random'},0.5139
shared,7,thrashing,NRU,ProportionalAllocation,1440,7,592500,{'interleave': 'random'},0.5925
shared_total,,thrashing,NRU,ProportionalAllocation,1440,8,5431700,{'interleave': 'random'},5.4317
shared,0,thrashing,NRU,ProportionalAllocation,1440,8,500700,{'interleave': 'random'},0.5007
shared,1,thrashing,NRU,ProportionalAllocation,1440,8,507100,{'interleave': 'random'},0.5071
shared,2,thrashing,NRU,ProportionalAllocation,1440,8,513400,{'interleave': 'random'},0.5134
shared,3,thrashing,NRU,ProportionalAllocation,1440,8,515200,{'interleave': 'random'},0.5152
shared,4,thrashing,NRU,ProportionalAllocation,1440,8,521400,{'interleave': 'random'},0.5214
shared,5,thrashing,NRU,ProportionalAllocation,1440,8,529900,{'interleave': 'random'},0.5299
shared,6,thrashing,NRU,ProportionalAllocation,1440,8,484800,{'interleave': 'random'},0.4848
shared,7,thrashing,NRU,ProportionalAllocation,1440,8,549100,{'interleave': 'random'},0.5491
shared_total,,thrashing,NRU,ProportionalAllocation,1440,9,5327100,{'interleave': 'random'},5.3271
shared,0,thrashing,NRU,ProportionalAllocation,1440,9,484000,{'interleave': 'random'},0.484
shared,1,thrashing,NRU,ProportionalAllocation,1440,9,486300,{'interleave': 'random'},0.4863
shared,2,thrashing,NRU,ProportionalAllocation,1440,9,497400,{'interleave': 'random'},0.4974
shared,3,thrashing,NRU,ProportionalAllocation,1440,9,505500,{'interleave': 'random'},0.5055
shared,4,thrashing,NRU,ProportionalAllocation,1440,9,507600,{'interleave': 'random'},0.5076
shared,5,thrashing,NRU,ProportionalAllocation,1440,9,512000,{'interleave': 'random'},0.512
shared,6,thrashing,NRU,ProportionalAllocation,1440,9,470600,{'interleave': 'random'},0.4706
shared,7,thrashing,NRU,ProportionalAllocation,1440,9,531800,{'interleave': 'random'},0.5318
shared_total,,thrashing,SecondChance,GlobalAllocation,1440,0,10740800,{'interleave': 'random'},10.7408
shared,0,thrashing,SecondChance,GlobalAllocation,1440,0,837300,{'interleave': 'random'},0.8373
shared,1,thrashing,SecondChance,GlobalAllocation,1440,0,1063800,{'interleave': 'random'},1.0638
shared,2,thrashing,SecondChance,GlobalAllocation,1440,0,1232000,{'interleave': 'random'},1.232
shared,3,thrashing,SecondChance,GlobalAllocation,1440,0,1215100,{'interleave': 'random'},1.2151
shared,4,thrashing,SecondChance,GlobalAllocation,1440,0,1362400,{'interleave': 'random'},1.3624
shared,5,thrashing,SecondChance,GlobalAllocation,1440,0,1380800,{'interleave': 'random'},1.3808
shared,6,thrashing,SecondChance,GlobalAllocation,1440,0,693300,{'interleave': 'random'},0.6933
shared,7,thrashing,SecondChance,GlobalAllocation,1440,0,1587900,{'interleave': 'random'},1.5879
shared_total,,thrashing,SecondChance,GlobalAllocation,1440,1,10655900,{'interleave': 'random'},10.6559
shared,0,thrashing,SecondChance,GlobalAllocation,1440,1,849800,{'interleave': 'random'},0.8498
shared,1,thrashing,SecondChance,GlobalAllocation,1440,1,1076100,{'interleave': 'random'},1.0761
shared,2,thrashing,SecondChance,GlobalAllocation,1440,1,1111800,{'interleave': 'random'},1.1118
shared,3,thrashing,SecondChance,GlobalAllocation,1440,1,1243400,{'interleave': 'random'},1.2434
shared,4,thrashing,SecondChance,GlobalAllocation,1440,1,1332500,{'interleave': 'random'},1.3325
shared,5,thrashing,SecondChance,GlobalAllocation,1440,1,1378600,{'interleave': 'random'},1.3786
shared,6,thrashing,SecondChance,GlobalAllocation,1440,1,688600,{'interleave': 'random'},0.6886
shared,7,thrashing,SecondChance,GlobalAllocation,1440,1,1617900,{'interleave': 'random'},1.6179
shared_total,,thrashing,SecondChance,GlobalAllocation,1440,2,10747800,{'interleave': 'random'},10.7478
shared,0,thrashing,SecondChance,GlobalAllocation,1440,2,806200,{'interleave': 'random'},0.8062
shared,1,thrashing,SecondChance,GlobalAllocation,1440,2,1034900,{'interleave': 'random'},1.0349
shared,2,thrashing,SecondChance,GlobalAllocation,1440,2,1107400,{'interleave': 'random'},1.1074
shared,3,thrashing,SecondChance,GlobalAllocation,1440,2,1241800,{'interleave': 'random'},1.2418
shared,4,thrashing,SecondChance,GlobalAllocation,1440,2,1369200,{'interleave': 'random'},1.3692
shared,5,thrashing,SecondChance,GlobalAllocation,1440,2,1510700,{'interleave': 'random'},1.5107
shared,6,thrashing,SecondChance,GlobalAllocation,1440,2,683400,{'interleave': 'random'},0.6834
shared,7,thrashing,SecondChance,GlobalAllocation,1440,2,1616400,{'interleave': 'random'},1.6164
shared_total,,thrashing,SecondChance,GlobalAllocation,1440,3,10725300,{'interleave': 'random'},10.7253
shared,0,thrashing,SecondChance,GlobalAllocation,1440,3,910600,{'interleave': 'random'},0.9106
shared,1,thrashing,SecondChance,GlobalAllocation,1440,3,1068200,{'interleave': 'random'},1.0682
shared,2,thrashing,SecondChance,GlobalAllocation,1440,3,1172600,{'interleave': 'random'},1.1726
shared,3,thrashing,SecondChance,GlobalAllocation,1440,3,1259500,{'interleave': 'random'},1.2595
shared,4,thrashing,SecondChance,GlobalAllocation,1440,3,1281900,{'interleave': 'random'},1.2819
shared,5,thrashing,SecondChance,GlobalAllocation,1440,3,1394000,{'interleave': 'random'},1.394
shared,6,thrashing,SecondChance,GlobalAllocation,1440,3,696600,{'interleave': 'random'},0.6966
shared,7,thrashing,SecondChance,GlobalAllocation,1440,3,1567200,{'interleave': 'random'},1.5672
shared_total,,thrashing,SecondChance,GlobalAllocation,1440,4,10661000,{'interleave': 'random'},10.661
shared,0,thrashing,SecondChance,GlobalAllocation,1440,4,818100,{'interleave': 'random'},0.8181
shared,1,thrashing,SecondChance,GlobalAllocation,1440,4,1083900,{'interleave': 'random'},1.0839
shared,2,thrashing,SecondChance,GlobalAllocation,1440,4,1139200,{'interleave': 'random'},1.1392
shared,3,thrashing,SecondChance,GlobalAllocation,1440,4,1239200,{'interleave': 'random'},1.2392
shared,4,thrashing,SecondChance,GlobalAllocation,1440,4,1273500,{'interleave': 'random'},1.2735
shared,5,thrashing,SecondChance,GlobalAllocation,1440,4,1411100,{'interleave': 'random'},1.4111
shared,6,thrashing,SecondChance,GlobalAllocation,1440,4,675300,{'interleave': 'random'},0.6753
shared,7,thrashing,SecondChance,GlobalAllocation,1440,4,1635400,{'interleave': 'random'},1.6354
shared_total,,thrashing,SecondChance,GlobalAllocation,1440,5,10739900,{'interleave': 'random'},10.7399
shared,0,thrashing,SecondChance,GlobalAllocation,1440,5,824100,{'interleave': 'random'},0.8241
shared,1,thrashing,SecondChance,GlobalAllocation,1440,5,1071900,{'interleave': 'random'},1.0719
shared,2,thrashing,SecondChance,GlobalAllocation,1440,5,1121700,{'interleave': 'random'},1.1217
shared,3,thrashing,SecondChance,GlobalAllocation,1440,5,1274800,{'interleave': 'random'},1.2748
shared,4,thrashing,SecondChance,GlobalAllocation,1440,5,1292800,{'interleave': 'random'},1.2928
shared,5,thrashing,SecondChance,GlobalAllocation,1440,5,1434100,{'interleave': 'random'},1.4341
shared,6,thrashing,SecondChance,GlobalAllocation,1440,5,688900,{'interleave': 'random'},0.6889
shared,7,thrashing,SecondChance,GlobalAllocation,1440,5,1616000,{'interleave': 'random'},1.616
shared_total,,thrashing,SecondChance,GlobalAllocation,1440,6,10948700,{'interleave': 'random'},10.9487
shared,0,thrashing,SecondChance,GlobalAllocation,1440,6,924400,{'interleave': 'random'},0.9244
shared,1,thrashing,SecondChance,GlobalAllocation,1440,6,1032700,{'interleave': 'random'},1.0327
shared,2,thrashing,SecondChance,GlobalAllocation,1440,6,1183200,{'interleave': 'random'},1.1832
shared,3,thrashing,SecondChance,GlobalAllocation,1440,6,1223100,{'interleave': 'random'},1.2231
shared,4,thrashing,SecondChance,GlobalAllocation,1440,6,1352600,{'interleave': 'random'},1.3526
shared,5,thrashing,SecondChance,GlobalAllocation,1440,6,1421200,{'interleave': 'random'},1.4212
shared,6,thrashing,SecondChance,GlobalAllocation,1440,6,694100,{'interleave': 'random'},0.6941
shared,7,thrashing,SecondChance,GlobalAllocation,1440,6,1704400,{'interleave': 'random'},1.7044
shared_total,,thrashing,SecondChance,GlobalAllocation,1440,7,17084800,{'interleave': 'random'},17.0848
shared,0,thrashing,SecondChance,GlobalAllocation,1440,7,1384200,{'interleave': 'random'},1.3842
shared,1,thrashing,SecondChance,GlobalAllocation,1440,7,1741100,{'interleave': 'random'},1.7411
shared,2,thrashing,SecondChance,GlobalAllocation,1440,7,1735000,{'interleave': 'random'},1.735
shared,3,thrashing,SecondChance,GlobalAllocation,1440,7,1937100,{'interleave': 'random'},1.9371
shared,4,thrashing,SecondChance,GlobalAllocation,1440,7,2171100,{'interleave': 'random'},2.1711
shared,5,thrashing,SecondChance,GlobalAllocation,1440,7,2357400,{'interleave': 'random'},2.3574
shared,6,thrashing,SecondChance,GlobalAllocation,1440,7,1014700,{'interleave': 'random'},1.0147
shared,7,thrashing,SecondChance,GlobalAllocation,1440,7,2729800,{'interleave': 'random'},2.7298
shared_total,,thrashing,SecondChance,GlobalAllocation,1440,8,10758800,{'interleave': 'random'},10.7588
shared,0,thrashing,SecondChance,GlobalAllocation,1440,8,892900,{'interleave': 'random'},0.8929
shared,1,thrashing,SecondChance,GlobalAllocation,1440,8,1037800,{'interleave': 'random'},1.0378
shared,2,thrashing,SecondChance,GlobalAllocation,1440,8,1092300,{'interleave': 'random'},1.0923
shared,3,thrashing,SecondChance,GlobalAllocation,1440,8,1237200,{'interleave': 'random'},1.2372
shared,4,thrashing,SecondChance,GlobalAllocation,1440,8,1365100,{'interleave': 'random'},1.3651
shared,5,thrashing,SecondChance,GlobalAllocation,1440,8,1421900,{'interleave': 'random'},1.4219
shared,6,thrashing,SecondChance,GlobalAllocation,1440,8,676100,{'interleave': 'random'},0.6761
shared,7,thrashing,SecondChance,GlobalAllocation,1440,8,1651100,{'interleave': 'random'},1.6511
shared_total,,thrashing,SecondChance,GlobalAllocation,1440,9,10808700,{'interleave': 'random'},10.8087
shared,0,thrashing,SecondChance,GlobalAllocation,1440,9,928300,{'interleave': 'random'},0.9283
shared,1,thrashing,SecondChance,GlobalAllocation,1440,9,1033500,{'interleave': 'random'},1.0335
shared,2,thrashing,SecondChance,GlobalAllocation,1440,9,1171900,{'interleave': 'random'},1.1719
shared,3,thrashing,SecondChance,GlobalAllocation,1440,9,1171500,{'interleave': 'random'},1.1715
shared,4,thrashing,SecondChance,GlobalAllocation,1440,9,1288500,{'interleave': 'random'},1.2885
shared,5,thrashing,SecondChance,GlobalAllocation,1440,9,1403100,{'interleave': 'random'},1.4031
shared,6,thrashing,SecondChance,GlobalAllocation,1440,9,701300,{'interleave': 'random'},0.7013
shared,7,thrashing,SecondChance,GlobalAllocation,1440,9,1673600,{'interleave': 'random'},1.6736
shared_total,,thrashing,SecondChance,LocalAllocation,1440,0,5643300,{'interleave': 'random'},5.6433
shared,0,thrashing,SecondChance,LocalAllocation,1440,0,497700,{'interleave': 'random'},0.4977
shared,1,thrashing,SecondChance,LocalAllocation,1440,0,508400,{'interleave': 'random'},0.5084
shared,2,thrashing,SecondChance,LocalAllocation,1440,0,517200,{'interleave': 'random'},0.5172
shared,3,thrashing,SecondChance,LocalAllocation,1440,0,530000,{'interleave': 'random'},0.53
shared,4,thrashing,SecondChance,LocalAllocation,1440,0,535700,{'interleave': 'random'},0.5357
shared,5,thrashing,SecondChance,LocalAllocation,1440,0,562500,{'interleave': 'random'},0.5625
shared,6,thrashing,SecondChance,LocalAllocation,1440,0,464700,{'interleave': 'random'},0.4647
shared,7,thrashing,SecondChance,LocalAllocation,1440,0,577800,{'interleave': 'random'},0.5778
shared_total,,thrashing,SecondChance,LocalAllocation,1440,1,5389400,{'interleave': 'random'},5.3894
shared,0,thrashing,SecondChance,LocalAllocation,1440,1,466200,{'interleave': 'random'},0.4662
shared,1,thrashing,SecondChance,LocalAllocation,1440,1,473800,{'interleave': 'random'},0.4738
shared,2,thrashing,SecondChance,LocalAllocation,1440,1,489600,{'interleave': 'random'},0.4896
shared,3,thrashing,SecondChance,LocalAllocation,1440,1,502200,{'interleave': 'random'},0.5022
shared,4,thrashing,SecondChance,LocalAllocation,1440,1,510300,{'interleave': 'random'},0.5103
shared,5,thrashing,SecondChance,LocalAllocation,1440,1,523400,{'interleave': 'random'},0.5234
shared,6,thrashing,SecondChance,LocalAllocation,1440,1,438600,{'interleave': 'random'},0.4386
shared,7,thrashing,SecondChance,LocalAllocation,1440,1,551000,{'interleave': 'random'},0.551
shared_total,,thrashing,SecondChance,LocalAllocation,1440,2,5187800,{'interleave': 'random'},5.1878
shared,0,thrashing,SecondChance,LocalAllocation,1440,2,456300,{'interleave': 'random'},0.4563
shared,1,thrashing,SecondChance,LocalAllocation,1440,2,457600,{'interleave': 'random'},0.4576
shared,2,thrashing,SecondChance,LocalAllocation,1440,2,475700,{'interleave': 'random'},0.4757
shared,3,thrashing,SecondChance,LocalAllocation,1440,2,496400,{'interleave': 'random'},0.4964
shared,4,thrashing,SecondChance,LocalAllocation,1440,2,493600,{'interleave': 'random'},0.4936
shared,5,thrashing,SecondChance,LocalAllocation,1440,2,506800,{'interleave': 'random'},0.5068
shared,6,thrashing,SecondChance,LocalAllocation,1440,2,422300,{'interleave': 'random'},0.4223
shared,7,thrashing,SecondChance,LocalAllocation,1440,2,535800,{'interleave': 'random'},0.5358
shared_total,,thrashing,SecondChance,LocalAllocation,1440,3,11045600,{'interleave': 'random'},11.0456
shared,0,thrashing,SecondChance,LocalAllocation,1440,3,994300,{'interleave': 'random'},0.9943
shared,1,thrashing,SecondChance,LocalAllocation,1440,3,1028900,{'interleave': 'random'},1.0289
shared,2,thrashing,SecondChance,LocalAllocation,1440,3,1042600,{'interleave': 'random'},1.0426
shared,3,thrashing,SecondChance,LocalAllocation,1440,3,1056000,{'interleave': 'random'},1.056
shared,4,thrashing,SecondChance,LocalAllocation,1440,3,1081200,{'interleave': 'random'},1.0812
shared,5,thrashing,SecondChance,LocalAllocation,1440,3,1115500,{'interleave': 'random'},1.1155
shared,6,thrashing,SecondChance,LocalAllocation,1440,3,918500,{'interleave': 'random'},0.9185
shared,7,thrashing,SecondChance,LocalAllocation,1440,3,1174000,{'interleave': 'random'},1.174
shared_total,,thrashing,SecondChance,LocalAllocation,1440,4,5601000,{'interleave': 'random'},5.601
shared,0,thrashing,SecondChance,LocalAllocation,1440,4,484300,{'interleave': 'random'},0.4843
shared,1,thrashing,SecondChance,LocalAllocation,1440,4,539400,{'interleave': 'random'},0.5394
shared,2,thrashing,SecondChance,LocalAllocation,1440,4,499500,{'interleave': 'random'},0.4995
shared,3,thrashing,SecondChance,LocalAllocation,1440,4,522900,{'interleave': 'random'},0.5229
shared,4,thrashing,SecondChance,LocalAllocation,1440,4,534800,{'interleave': 'random'},0.5348
shared,5,thrashing,SecondChance,LocalAllocation,1440,4,543100,{'interleave': 'random'},0.5431
shared,6,thrashing,SecondChance,LocalAllocation,1440,4,452000,{'interleave': 'random'},0.452
shared,7,thrashing,SecondChance,LocalAllocation,1440,4,576300,{'interleave': 'random'},0.5763
shared_total,,thrashing,SecondChance,LocalAllocation,1440,5,5224300,{'interleave': 'random'},5.2243
shared,0,thrashing,SecondChance,LocalAllocation,1440,5,457700,{'interleave': 'random'},0.4577
shared,1,thrashing,SecondChance,LocalAllocation,1440,5,460600,{'interleave': 'random'},0.4606
shared,2,thrashing,SecondChance,LocalAllocation,1440,5,474300,{'interleave': 'random'},0.4743
shared,3,thrashing,SecondChance,LocalAllocation,1440,5,487100,{'interleave': 'random'},0.4871
shared,4,thrashing,SecondChance,LocalAllocation,1440,5,499700,{'interleave': 'random'},0.4997
shared,5,thrashing,SecondChance,LocalAllocation,1440,5,511100,{'interleave': 'random'},0.5111
shared,6,thrashing,SecondChance,LocalAllocation,1440,5,427300,{'interleave': 'random'},0.4273
shared,7,thrashing,SecondChance,LocalAllocation,1440,5,544800,{'interleave': 'random'},0.5448
shared_total,,thrashing,SecondChance,LocalAllocation,1440,6,5226000,{'interleave': 'random'},5.226
shared,0,thrashing,SecondChance,LocalAllocation,1440,6,449800,{'interleave': 'random'},0.4498
shared,1,thrashing,SecondChance,LocalAllocation,1440,6,465500,{'interleave': 'random'},0.4655
shared,2,thrashing,SecondChance,LocalAllocation,1440,6,476300,{'interleave': 'random'},0.4763
shared,3,thrashing,SecondChance,LocalAllocation,1440,6,487200,{'interleave': 'random'},0.4872
shared,4,thrashing,SecondChance,LocalAllocation,1440,6,497900,{'interleave': 'random'},0.4979
shared,5,thrashing,SecondChance,LocalAllocation,1440,6,512200,{'interleave': 'random'},0.5122
shared,6,thrashing,SecondChance,LocalAllocation,1440,6,435500,{'interleave': 'random'},0.4355
shared,7,thrashing,SecondChance,LocalAllocation,1440,6,547900,{'interleave': 'random'},0.5479
shared_total,,thrashing,SecondChance,LocalAllocation,1440,7,5360300,{'interleave': 'random'},5.3603
shared,0,thrashing,SecondChance,LocalAllocation,1440,7,478800,{'interleave': 'random'},0.4788
shared,1,thrashing,SecondChance,LocalAllocation,1440,7,495300,{'interleave': 'random'},0.4953
shared,2,thrashing,SecondChance,LocalAllocation,1440,7,489300,{'interleave': 'random'},0.4893
shared,3,thrashing,SecondChance,LocalAllocation,1440,7,507500,{'interleave': 'random'},0.5075
shared,4,thrashing,SecondChance,LocalAllocation,1440,7,515900,{'interleave': 'random'},0.5159
shared,5,thrashing,SecondChance,LocalAllocation,1440,7,520700,{'interleave': 'random'},0.5207
shared,6,thrashing,SecondChance,LocalAllocation,1440,7,433700,{'interleave': 'random'},0.4337
shared,7,thrashing,SecondChance,LocalAllocation,1440,7,558800,{'interleave': 'random'},0.5588
shared_total,,thrashing,SecondChance,LocalAllocation,1440,8,5178200,{'interleave': 'random'},5.1782
shared,0,thrashing,SecondChance,LocalAllocation,1440,8,451400,{'interleave': 'random'},0.4514
shared,1,thrashing,SecondChance,LocalAllocation,1440,8,462000,{'interleave': 'random'},0.462
shared,2,thrashing,SecondChance,LocalAllocation,1440,8,470900,{'interleave': 'random'},0.4709
shared,3,thrashing,SecondChance,LocalAllocation,1440,8,492400,{'interleave': 'random'},0.4924
shared,4,thrashing,SecondChance,LocalAllocation,1440,8,488500,{'interleave': 'random'},0.4885
shared,5,thrashing,SecondChance,LocalAllocation,1440,8,508300,{'interleave': 'random'},0.5083
shared,6,thrashing,SecondChance,LocalAllocation,1440,8,421000,{'interleave': 'random'},0.421
shared,7,thrashing,SecondChance,LocalAllocation,1440,8,541500,{'interleave': 'random'},0.5415
shared_total,,thrashing,SecondChance,LocalAllocation,1440,9,5392700,{'interleave': 'random'},5.3927
shared,0,thrashing,SecondChance,LocalAllocation,1440,9,469400,{'interleave': 'random'},0.4694
shared,1,thrashing,SecondChance,LocalAllocation,1440,9,482400,{'interleave': 'random'},0.4824
shared,2,thrashing,SecondChance,LocalAllocation,1440,9,487700,{'interleave': 'random'},0.4877
shared,3,thrashing,SecondChance,LocalAllocation,1440,9,504500,{'interleave': 'random'},0.5045
shared,4,thrashing,SecondChance,LocalAllocation,1440,9,517000,{'interleave': 'random'},0.517
shared,5,thrashing,SecondChance,LocalAllocation,1440,9,527500,{'interleave': 'random'},0.5275
shared,6,thrashing,SecondChance,LocalAllocation,1440,9,440600,{'interleave': 'random'},0.4406
shared,7,thrashing,SecondChance,LocalAllocation,1440,9,560400,{'interleave': 'random'},0.5604
shared_total,,thrashing,SecondChance,ProportionalAllocation,1440,0,5254700,{'interleave': 'random'},5.2547
shared,0,thrashing,SecondChance,ProportionalAllocation,1440,0,462500,{'interleave': 'random'},0.4625
shared,1,thrashing,SecondChance,ProportionalAllocation,1440,0,481000,{'interleave': 'random'},0.481
shared,2,thrashing,SecondChance,ProportionalAllocation,1440,0,478800,{'interleave': 'random'},0.4788
shared,3,thrashing,SecondChance,ProportionalAllocation,1440,0,491200,{'interleave': 'random'},0.4912
shared,4,thrashing,SecondChance,ProportionalAllocation,1440,0,502200,{'interleave': 'random'},0.5022
shared,5,thrashing,SecondChance,ProportionalAllocation,1440,0,518600,{'interleave': 'random'},0.5186
shared,6,thrashing,SecondChance,ProportionalAllocation,1440,0,434300,{'interleave': 'random'},0.4343
shared,7,thrashing,SecondChance,ProportionalAllocation,1440,0,554700,{'interleave': 'random'},0.5547
shared_total,,thrashing,SecondChance,ProportionalAllocation,1440,1,7481400,{'interleave': 'random'},7.4814
shared,0,thrashing,SecondChance,ProportionalAllocation,1440,1,670500,{'interleave': 'random'},0.6705
shared,1,thrashing,SecondChance,ProportionalAllocation,1440,1,713700,{'interleave': 'random'},0.7137
shared,2,thrashing,SecondChance,ProportionalAllocation,1440,1,662800,{'interleave': 'random'},0.6628
shared,3,thrashing,SecondChance,ProportionalAllocation,1440,1,671600,{'interleave': 'random'},0.6716
shared,4,thrashing,SecondChance,ProportionalAllocation,1440,1,676900,{'interleave': 'random'},0.6769
shared,5,thrashing,SecondChance,ProportionalAllocation,1440,1,689800,{'interleave': 'random'},0.6898
shared,6,thrashing,SecondChance,ProportionalAllocation,1440,1,602100,{'interleave': 'random'},0.6021
shared,7,thrashing,SecondChance,ProportionalAllocation,1440,1,771600,{'interleave': 'random'},0.7716
shared_total,,thrashing,SecondChance,ProportionalAllocation,1440,2,5261800,{'interleave': 'random'},5.2618
shared,0,thrashing,SecondChance,ProportionalAllocation,1440,2,456900,{'interleave': 'random'},0.4569
shared,1,thrashing,SecondChance,ProportionalAllocation,1440,2,460000,{'interleave': 'random'},0.46
shared,2,thrashing,SecondChance,ProportionalAllocation,1440,2,477300,{'interleave': 'random'},0.4773
shared,3,thrashing,SecondChance,ProportionalAllocation,1440,2,486500,{'interleave': 'random'},0.4865
shared,4,thrashing,SecondChance,ProportionalAllocation,1440,2,500300,{'interleave': 'random'},0.5003
shared,5,thrashing,SecondChance,ProportionalAllocation,1440,2,513000,{'interleave': 'random'},0.513
shared,6,thrashing,SecondChance,ProportionalAllocation,1440,2,434000,{'interleave': 'random'},0.434
shared,7,thrashing,SecondChance,ProportionalAllocation,1440,2,559000,{'interleave': 'random'},0.559
shared_total,,thrashing,SecondChance,ProportionalAllocation,1440,3,5242200,{'interleave': 'random'},5.2422
shared,0,thrashing,SecondChance,ProportionalAllocation,1440,3,450300,{'interleave': 'random'},0.4503
shared,1,thrashing,SecondChance,ProportionalAllocation,1440,3,466900,{'interleave': 'random'},0.4669
shared,2,thrashing,SecondChance,ProportionalAllocation,1440,3,472900,{'interleave': 'random'},0.4729
shared,3,thrashing,SecondChance,ProportionalAllocation,1440,3,483700,{'interleave': 'random'},0.4837
shared,4,thrashing,SecondChance,ProportionalAllocation,1440,3,496900,{'interleave': 'random'},0.4969
shared,5,thrashing,SecondChance,ProportionalAllocation,1440,3,516000,{'interleave': 'random'},0.516
shared,6,thrashing,SecondChance,ProportionalAllocation,1440,3,433400,{'interleave': 'random'},0.4334
shared,7,thrashing,SecondChance,ProportionalAllocation,1440,3,548200,{'interleave': 'random'},0.5482
shared_total,,thrashing,SecondChance,ProportionalAllocation,1440,4,5136300,{'interleave': 'random'},5.1363
shared,0,thrashing,SecondChance,ProportionalAllocation,1440,4,438300,{'interleave': 'random'},0.4383
shared,1,thrashing,SecondChance,ProportionalAllocation,1440,4,449000,{'interleave': 'random'},0.449
shared,2,thrashing,SecondChance,ProportionalAllocation,1440,4,461300,{'interleave': 'random'},0.4613
shared,3,thrashing,SecondChance,ProportionalAllocation,1440,4,471200,{'interleave': 'random'},0.4712
shared,4,thrashing,SecondChance,ProportionalAllocation,1440,4,495900,{'interleave': 'random'},0.4959
shared,5,thrashing,SecondChance,ProportionalAllocation,1440,4,501200,{'interleave': 'random'},0.5012
shared,6,thrashing,SecondChance,ProportionalAllocation,1440,4,415100,{'interleave': 'random'},0.4151
shared,7,thrashing,SecondChance,ProportionalAllocation,1440,4,533500,{'interleave': 'random'},0.5335
shared_total,,thrashing,SecondChance,ProportionalAllocation,1440,5,5176100,{'interleave': 'random'},5.1761
shared,0,thrashing,SecondChance,ProportionalAllocation,1440,5,451000,{'interleave': 'random'},0.451
shared,1,thrashing,SecondChance,ProportionalAllocation,1440,5,461400,{'interleave': 'random'},0.4614
shared,2,thrashing,SecondChance,ProportionalAllocation,1440,5,469300,{'interleave': 'random'},0.4693
shared,3,thrashing,SecondChance,ProportionalAllocation,1440,5,483000,{'interleave': 'random'},0.483
shared,4,thrashing,SecondChance,ProportionalAllocation,1440,5,496900,{'interleave': 'random'},0.4969
shared,5,thrashing,SecondChance,ProportionalAllocation,1440,5,500100,{'interleave': 'random'},0.5001
shared,6,thrashing,SecondChance,ProportionalAllocation,1440,5,423100,{'interleave': 'random'},0.4231
shared,7,thrashing,SecondChance,ProportionalAllocation,1440,5,538700,{'interleave': 'random'},0.5387
shared_total,,thrashing,SecondChance,ProportionalAllocation,1440,6,6359000,{'interleave': 'random'},6.359
shared,0,thrashing,SecondChance,ProportionalAllocation,1440,6,551700,{'interleave': 'random'},0.5517
shared,1,thrashing,SecondChance,ProportionalAllocation,1440,6,570700,{'interleave': 'random'},0.5707
shared,2,thrashing,SecondChance,ProportionalAllocation,1440,6,578700,{'interleave': 'random'},0.5787
shared,3,thrashing,SecondChance,ProportionalAllocation,1440,6,588500,{'interleave': 'random'},0.5885
shared,4,thrashing,SecondChance,ProportionalAllocation,1440,6,605400,{'interleave': 'random'},0.6054
shared,5,thrashing,SecondChance,ProportionalAllocation,1440,6,616100,{'interleave': 'random'},0.6161
shared,6,thrashing,SecondChance,ProportionalAllocation,1440,6,525100,{'interleave': 'random'},0.5251
shared,7,thrashing,SecondChance,ProportionalAllocation,1440,6,656700,{'interleave': 'random'},0.6567
shared_total,,thrashing,SecondChance,ProportionalAllocation,1440,7,5275500,{'interleave': 'random'},5.2755
shared,0,thrashing,SecondChance,ProportionalAllocation,1440,7,458500,{'interleave': 'random'},0.4585
shared,1,thrashing,SecondChance,ProportionalAllocation,1440,7,481700,{'interleave': 'random'},0.4817
shared,2,thrashing,SecondChance,ProportionalAllocation,1440,7,485700,{'interleave': 'random'},0.4857
shared,3,thrashing,SecondChance,ProportionalAllocation,1440,7,493600,{'interleave': 'random'},0.4936
shared,4,thrashing,SecondChance,ProportionalAllocation,1440,7,500400,{'interleave': 'random'},0.5004
shared,5,thrashing,SecondChance,ProportionalAllocation,1440,7,510500,{'interleave': 'random'},0.5105
shared,6,thrashing,SecondChance,ProportionalAllocation,1440,7,433000,{'interleave': 'random'},0.433
shared,7,thrashing,SecondChance,ProportionalAllocation,1440,7,550600,{'interleave': 'random'},0.5506
shared_total,,thrashing,SecondChance,ProportionalAllocation,1440,8,5194100,{'interleave': 'random'},5.1941
shared,0,thrashing,SecondChance,ProportionalAllocation,1440,8,448500,{'interleave': 'random'},0.4485
shared,1,thrashing,SecondChance,ProportionalAllocation,1440,8,462800,{'interleave': 'random'},0.4628
shared,2,thrashing,SecondChance,ProportionalAllocation,1440,8,472600,{'interleave': 'random'},0.4726
shared,3,thrashing,SecondChance,ProportionalAllocation,1440,8,482900,{'interleave': 'random'},0.4829
shared,4,thrashing,SecondChance,ProportionalAllocation,1440,8,491900,{'interleave': 'random'},0.4919
shared,5,thrashing,SecondChance,ProportionalAllocation,1440,8,517200,{'interleave': 'random'},0.5172
shared,6,thrashing,SecondChance,ProportionalAllocation,1440,8,426000,{'interleave': 'random'},0.426
shared,7,thrashing,SecondChance,ProportionalAllocation,1440,8,544200,{'interleave': 'random'},0.5442
shared_total,,thrashing,SecondChance,ProportionalAllocation,1440,9,5876600,{'interleave': 'random'},5.8766
shared,0,thrashing,SecondChance,ProportionalAllocation,1440,9,519100,{'interleave': 'random'},0.5191
shared,1,thrashing,SecondChance,ProportionalAllocation,1440,9,513800,{'interleave': 'random'},0.5138
shared,2,thrashing,SecondChance,ProportionalAllocation,1440,9,526400,{'interleave': 'random'},0.5264
shared,3,thrashing,SecondChance,ProportionalAllocation,1440,9,544600,{'interleave': 'random'},0.5446
shared,4,thrashing,SecondChance,ProportionalAllocation,1440,9,560000,{'interleave': 'random'},0.56
shared,5,thrashing,SecondChance,ProportionalAllocation,1440,9,565500,{'interleave': 'random'},0.5655
shared,6,thrashing,SecondChance,ProportionalAllocation,1440,9,478700,{'interleave': 'random'},0.4787
shared,7,thrashing,SecondChance,ProportionalAllocation,1440,9,599000,{'interleave': 'random'},0.599
shared_total,,thrashing,WSClock,GlobalAllocation,1440,0,10835200,{'interleave': 'random'},10.8352
shared,0,thrashing,WSClock,GlobalAllocation,1440,0,848800,{'interleave': 'random'},0.8488
shared,1,thrashing,WSClock,GlobalAllocation,1440,0,1078400,{'interleave': 'random'},1.0784
shared,2,thrashing,WSClock,GlobalAllocation,1440,0,1241600,{'interleave': 'random'},1.2416
shared,3,thrashing,WSClock,GlobalAllocation,1440,0,1218500,{'interleave': 'random'},1.2185
shared,4,thrashing,WSClock,GlobalAllocation,1440,0,1374800,{'interleave': 'random'},1.3748
shared,5,thrashing,WSClock,GlobalAllocation,1440,0,1372900,{'interleave': 'random'},1.3729
shared,6,thrashing,WSClock,GlobalAllocation,1440,0,695900,{'interleave': 'random'},0.6959
shared,7,thrashing,WSClock,GlobalAllocation,1440,0,1607300,{'interleave': 'random'},1.6073
shared_total,,thrashing,WSClock,GlobalAllocation,1440,1,10801800,{'interleave': 'random'},10.8018
shared,0,thrashing,WSClock,GlobalAllocation,1440,1,870500,{'interleave': 'random'},0.8705
shared,1,thrashing,WSClock,GlobalAllocation,1440,1,1081500,{'interleave': 'random'},1.0815
shared,2,thrashing,WSClock,GlobalAllocation,1440,1,1126300,{'interleave': 'random'},1.1263
shared,3,thrashing,WSClock,GlobalAllocation,1440,1,1260800,{'interleave': 'random'},1.2608
shared,4,thrashing,WSClock,GlobalAllocation,1440,1,1339800,{'interleave': 'random'},1.3398
shared,5,thrashing,WSClock,GlobalAllocation,1440,1,1395700,{'interleave': 'random'},1.3957
shared,6,thrashing,WSClock,GlobalAllocation,1440,1,685500,{'interleave': 'random'},0.6855
shared,7,thrashing,WSClock,GlobalAllocation,1440,1,1629700,{'interleave': 'random'},1.6297
shared_total,,thrashing,WSClock,GlobalAllocation,1440,2,11162900,{'interleave': 'random'},11.1629
shared,0,thrashing,WSClock,GlobalAllocation,1440,2,813100,{'interleave': 'random'},0.8131
shared,1,thrashing,WSClock,GlobalAllocation,1440,2,1053700,{'interleave': 'random'},1.0537
shared,2,thrashing,WSClock,GlobalAllocation,1440,2,1117900,{'interleave': 'random'},1.1179
shared,3,thrashing,WSClock,GlobalAllocation,1440,2,1275000,{'interleave': 'random'},1.275
shared,4,thrashing,WSClock,GlobalAllocation,1440,2,1441000,{'interleave': 'random'},1.441
shared,5,thrashing,WSClock,GlobalAllocation,1440,2,1595600,{'interleave': 'random'},1.5956
shared,6,thrashing,WSClock,GlobalAllocation,1440,2,694100,{'interleave': 'random'},0.6941
shared,7,thrashing,WSClock,GlobalAllocation,1440,2,1713200,{'interleave': 'random'},1.7132
shared_total,,thrashing,WSClock,GlobalAllocation,1440,3,10717000,{'interleave': 'random'},10.717
shared,0,thrashing,WSClock,GlobalAllocation,1440,3,907000,{'interleave': 'random'},0.907
shared,1,thrashing,WSClock,GlobalAllocation,1440,3,1088100,{'interleave': 'random'},1.0881
shared,2,thrashing,WSClock,GlobalAllocation,1440,3,1166600,{'interleave': 'random'},1.1666
shared,3,thrashing,WSClock,GlobalAllocation,1440,3,1256700,{'interleave': 'random'},1.2567
shared,4,thrashing,WSClock,GlobalAllocation,1440,3,1272800,{'interleave': 'random'},1.2728
shared,5,thrashing,WSClock,GlobalAllocation,1440,3,1385100,{'interleave': 'random'},1.3851
shared,6,thrashing,WSClock,GlobalAllocation,1440,3,692500,{'interleave': 'random'},0.6925
shared,7,thrashing,WSClock,GlobalAllocation,1440,3,1559900,{'interleave': 'random'},1.5599
shared_total,,thrashing,WSClock,GlobalAllocation,1440,4,10619200,{'interleave': 'random'},10.6192
shared,0,thrashing,WSClock,GlobalAllocation,1440,4,819700,{'interleave': 'random'},0.8197
shared,1,thrashing,WSClock,GlobalAllocation,1440,4,1063400,{'interleave': 'random'},1.0634
shared,2,thrashing,WSClock,GlobalAllocation,1440,4,1130800,{'interleave': 'random'},1.1308
shared,3,thrashing,WSClock,GlobalAllocation,1440,4,1240000,{'interleave': 'random'},1.24
shared,4,thrashing,WSClock,GlobalAllocation,1440,4,1272900,{'interleave': 'random'},1.2729
shared,5,thrashing,WSClock,GlobalAllocation,1440,4,1405100,{'interleave': 'random'},1.4051
shared,6,thrashing,WSClock,GlobalAllocation,1440,4,667500,{'interleave': 'random'},0.6675
shared,7,thrashing,WSClock,GlobalAllocation,1440,4,1638000,{'interleave': 'random'},1.638
shared_total,,thrashing,WSClock,GlobalAllocation,1440,5,10776400,{'interleave': 'random'},10.7764
shared,0,thrashing,WSClock,GlobalAllocation,1440,5,829300,{'interleave': 'random'},0.8293
shared,1,thrashing,WSClock,GlobalAllocation,1440,5,1077000,{'interleave': 'random'},1.077
shared,2,thrashing,WSClock,GlobalAllocation,1440,5,1125300,{'interleave': 'random'},1.1253
shared,3,thrashing,WSClock,GlobalAllocation,1440,5,1266400,{'interleave': 'random'},1.2664
shared,4,thrashing,WSClock,GlobalAllocation,1440,5,1309600,{'interleave': 'random'},1.3096
shared,5,thrashing,WSClock,GlobalAllocation,1440,5,1440200,{'interleave': 'random'},1.4402
shared,6,thrashing,WSClock,GlobalAllocation,1440,5,694100,{'interleave': 'random'},0.6941
shared,7,thrashing,WSClock,GlobalAllocation,1440,5,1628900,{'interleave': 'random'},1.6289
shared_total,,thrashing,WSClock,GlobalAllocation,1440,6,11153800,{'interleave': 'random'},11.1538
shared,0,thrashing,WSClock,GlobalAllocation,1440,6,937800,{'interleave': 'random'},0.9378
shared,1,thrashing,WSClock,GlobalAllocation,1440,6,1016500,{'interleave': 'random'},1.0165
shared,2,thrashing,WSClock,GlobalAllocation,1440,6,1204100,{'interleave': 'random'},1.2041
shared,3,thrashing,WSClock,GlobalAllocation,1440,6,1237100,{'interleave': 'random'},1.2371
shared,4,thrashing,WSClock,GlobalAllocation,1440,6,1376600,{'interleave': 'random'},1.3766
shared,5,thrashing,WSClock,GlobalAllocation,1440,6,1431100,{'interleave': 'random'},1.4311
shared,6,thrashing,WSClock,GlobalAllocation,1440,6,711300,{'interleave': 'random'},0.7113
shared,7,thrashing,WSClock,GlobalAllocation,1440,6,1748600,{'interleave': 'random'},1.7486
shared_total,,thrashing,WSClock,GlobalAllocation,1440,7,11687500,{'interleave': 'random'},11.6875
shared,0,thrashing,WSClock,GlobalAllocation,1440,7,1092100,{'interleave': 'random'},1.0921
shared,1,thrashing,WSClock,GlobalAllocation,1440,7,1136900,{'interleave': 'random'},1.1369
shared,2,thrashing,WSClock,GlobalAllocation,1440,7,1348100,{'interleave': 'random'},1.3481
shared,3,thrashing,WSClock,GlobalAllocation,1440,7,1280100,{'interleave': 'random'},1.2801
shared,4,thrashing,WSClock,GlobalAllocation,1440,7,1398600,{'interleave': 'random'},1.3986
shared,5,thrashing,WSClock,GlobalAllocation,1440,7,1565100,{'interleave': 'random'},1.5651
shared,6,thrashing,WSClock,GlobalAllocation,1440,7,718300,{'interleave': 'random'},0.7183
shared,7,thrashing,WSClock,GlobalAllocation,1440,7,1665600,{'interleave': 'random'},1.6656
shared_total,,thrashing,WSClock,GlobalAllocation,1440,8,17260500,{'interleave': 'random'},17.2605
shared,0,thrashing,WSClock,GlobalAllocation,1440,8,1490400,{'interleave': 'random'},1.4904
shared,1,thrashing,WSClock,GlobalAllocation,1440,8,1840800,{'interleave': 'random'},1.8408
shared,2,thrashing,WSClock,GlobalAllocation,1440,8,1661000,{'interleave': 'random'},1.661
shared,3,thrashing,WSClock,GlobalAllocation,1440,8,1845100,{'interleave': 'random'},1.8451
shared,4,thrashing,WSClock,GlobalAllocation,1440,8,2106500,{'interleave': 'random'},2.1065
shared,5,thrashing,WSClock,GlobalAllocation,1440,8,2018800,{'interleave': 'random'},2.0188
shared,6,thrashing,WSClock,GlobalAllocation,1440,8,1136900,{'interleave': 'random'},1.1369
shared,7,thrashing,WSClock,GlobalAllocation,1440,8,2422800,{'interleave': 'random'},2.4228
shared_total,,thrashing,WSClock,GlobalAllocation,1440,9,10931100,{'interleave': 'random'},10.9311
shared,0,thrashing,WSClock,GlobalAllocation,1440,9,932000,{'interleave': 'random'},0.932
shared,1,thrashing,WSClock,GlobalAllocation,1440,9,1048400,{'interleave': 'random'},1.0484
shared,2,thrashing,WSClock,GlobalAllocation,1440,9,1174400,{'interleave': 'random'},1.1744
shared,3,thrashing,WSClock,GlobalAllocation,1440,9,1186500,{'interleave': 'random'},1.1865
shared,4,thrashing,WSClock,GlobalAllocation,1440,9,1308000,{'interleave': 'random'},1.308
shared,5,thrashing,WSClock,GlobalAllocation,1440,9,1410700,{'interleave': 'random'},1.4107
shared,6,thrashing,WSClock,GlobalAllocation,1440,9,713600,{'interleave': 'random'},0.7136
shared,7,thrashing,WSClock,GlobalAllocation,1440,9,1683700,{'interleave': 'random'},1.6837
shared_total,,thrashing,WSClock,LocalAllocation,1440,0,5236400,{'interleave': 'random'},5.2364
shared,0,thrashing,WSClock,LocalAllocation,1440,0,465800,{'interleave': 'random'},0.4658
shared,1,thrashing,WSClock,LocalAllocation,1440,0,460900,{'interleave': 'random'},0.4609
shared,2,thrashing,WSClock,LocalAllocation,1440,0,473500,{'interleave': 'random'},0.4735
shared,3,thrashing,WSClock,LocalAllocation,1440,0,494500,{'interleave': 'random'},0.4945
shared,4,thrashing,WSClock,LocalAllocation,1440,0,506800,{'interleave': 'random'},0.5068
shared,5,thrashing,WSClock,LocalAllocation,1440,0,513400,{'interleave': 'random'},0.5134
shared,6,thrashing,WSClock,LocalAllocation,1440,0,429000,{'interleave': 'random'},0.429
shared,7,thrashing,WSClock,LocalAllocation,1440,0,546900,{'interleave': 'random'},0.5469
shared_total,,thrashing,WSClock,LocalAllocation,1440,1,5324700,{'interleave': 'random'},5.3247
shared,0,thrashing,WSClock,LocalAllocation,1440,1,465500,{'interleave': 'random'},0.4655
shared,1,thrashing,WSClock,LocalAllocation,1440,1,476000,{'interleave': 'random'},0.476
shared,2,thrashing,WSClock,LocalAllocation,1440,1,485900,{'interleave': 'random'},0.4859
shared,3,thrashing,WSClock,LocalAllocation,1440,1,497600,{'interleave': 'random'},0.4976
shared,4,thrashing,WSClock,LocalAllocation,1440,1,531900,{'interleave': 'random'},0.5319
shared,5,thrashing,WSClock,LocalAllocation,1440,1,506600,{'interleave': 'random'},0.5066
shared,6,thrashing,WSClock,LocalAllocation,1440,1,430000,{'interleave': 'random'},0.43
shared,7,thrashing,WSClock,LocalAllocation,1440,1,540100,{'interleave': 'random'},0.5401
shared_total,,thrashing,WSClock,LocalAllocation,1440,2,5456200,{'interleave': 'random'},5.4562
shared,0,thrashing,WSClock,LocalAllocation,1440,2,470300,{'interleave': 'random'},0.4703
shared,1,thrashing,WSClock,LocalAllocation,1440,2,481200,{'interleave': 'random'},0.4812
shared,2,thrashing,WSClock,LocalAllocation,1440,2,496500,{'interleave': 'random'},0.4965
shared,3,thrashing,WSClock,LocalAllocation,1440,2,499600,{'interleave': 'random'},0.4996
shared,4,thrashing,WSClock,LocalAllocation,1440,2,520800,{'interleave': 'random'},0.5208
shared,5,thrashing,WSClock,LocalAllocation,1440,2,535500,{'interleave': 'random'},0.5355
shared,6,thrashing,WSClock,LocalAllocation,1440,2,444400,{'interleave': 'random'},0.4444
shared,7,thrashing,WSClock,LocalAllocation,1440,2,550100,{'interleave': 'random'},0.5501
shared_total,,thrashing,WSClock,LocalAllocation,1440,3,5274700,{'interleave': 'random'},5.2747
shared,0,thrashing,WSClock,LocalAllocation,1440,3,457200,{'interleave': 'random'},0.4572
shared,1,thrashing,WSClock,LocalAllocation,1440,3,470300,{'interleave': 'random'},0.4703
shared,2,thrashing,WSClock,LocalAllocation,1440,3,474900,{'interleave': 'random'},0.4749
shared,3,thrashing,WSClock,LocalAllocation,1440,3,484900,{'interleave': 'random'},0.4849
shared,4,thrashing,WSClock,LocalAllocation,1440,3,530300,{'interleave': 'random'},0.5303
shared,5,thrashing,WSClock,LocalAllocation,1440,3,516700,{'interleave': 'random'},0.5167
shared,6,thrashing,WSClock,LocalAllocation,1440,3,430300,{'interleave': 'random'},0.4303
shared,7,thrashing,WSClock,LocalAllocation,1440,3,550700,{'interleave': 'random'},0.5507
shared_total,,thrashing,WSClock,LocalAllocation,1440,4,5357100,{'interleave': 'random'},5.3571
shared,0,thrashing,WSClock,LocalAllocation,1440,4,467600,{'interleave': 'random'},0.4676
shared,1,thrashing,WSClock,LocalAllocation,1440,4,475900,{'interleave': 'random'},0.4759
shared,2,thrashing,WSClock,LocalAllocation,1440,4,484600,{'interleave': 'random'},0.4846
shared,3,thrashing,WSClock,LocalAllocation,1440,4,496800,{'interleave': 'random'},0.4968
shared,4,thrashing,WSClock,LocalAllocation,1440,4,516600,{'interleave': 'random'},0.5166
shared,5,thrashing,WSClock,LocalAllocation,1440,4,530200,{'interleave': 'random'},0.5302
shared,6,thrashing,WSClock,LocalAllocation,1440,4,440900,{'interleave': 'random'},0.4409
shared,7,thrashing,WSClock,LocalAllocation,1440,4,556200,{'interleave': 'random'},0.5562
shared_total,,thrashing,WSClock,LocalAllocation,1440,5,5367400,{'interleave': 'random'},5.3674
shared,0,thrashing,WSClock,LocalAllocation,1440,5,461700,{'interleave': 'random'},0.4617
shared,1,thrashing,WSClock,LocalAllocation,1440,5,471300,{'interleave': 'random'},0.4713
shared,2,thrashing,WSClock,LocalAllocation,1440,5,483300,{'interleave': 'random'},0.4833
shared,3,thrashing,WSClock,LocalAllocation,1440,5,544900,{'interleave': 'random'},0.5449
shared,4,thrashing,WSClock,LocalAllocation,1440,5,516100,{'interleave': 'random'},0.5161
shared,5,thrashing,WSClock,LocalAllocation,1440,5,515300,{'interleave': 'random'},0.5153
shared,6,thrashing,WSClock,LocalAllocation,1440,5,437500,{'interleave': 'random'},0.4375
shared,7,thrashing,WSClock,LocalAllocation,1440,5,548900,{'interleave': 'random'},0.5489
shared_total,,thrashing,WSClock,LocalAllocation,1440,6,5279300,{'interleave': 'random'},5.2793
shared,0,thrashing,WSClock,LocalAllocation,1440,6,465300,{'interleave': 'random'},0.4653
shared,1,thrashing,WSClock,LocalAllocation,1440,6,464700,{'interleave': 'random'},0.4647
shared,2,thrashing,WSClock,LocalAllocation,1440,6,478600,{'interleave': 'random'},0.4786
shared,3,thrashing,WSClock,LocalAllocation,1440,6,484000,{'interleave': 'random'},0.484
shared,4,thrashing,WSClock,LocalAllocation,1440,6,498100,{'interleave': 'random'},0.4981
shared,5,thrashing,WSClock,LocalAllocation,1440,6,509600,{'interleave': 'random'},0.5096
shared,6,thrashing,WSClock,LocalAllocation,1440,6,436800,{'interleave': 'random'},0.4368
shared,7,thrashing,WSClock,LocalAllocation,1440,6,544500,{'interleave': 'random'},0.5445
shared_total,,thrashing,WSClock,LocalAllocation,1440,7,5226100,{'interleave': 'random'},5.2261
shared,0,thrashing,WSClock,LocalAllocation,1440,7,450000,{'interleave': 'random'},0.45
shared,1,thrashing,WSClock,LocalAllocation,1440,7,462600,{'interleave': 'random'},0.4626
shared,2,thrashing,WSClock,LocalAllocation,1440,7,474600,{'interleave': 'random'},0.4746
shared,3,thrashing,WSClock,LocalAllocation,1440,7,489000,{'interleave': 'random'},0.489
shared,4,thrashing,WSClock,LocalAllocation,1440,7,502900,{'interleave': 'random'},0.5029
shared,5,thrashing,WSClock,LocalAllocation,1440,7,508900,{'interleave': 'random'},0.5089
shared,6,thrashing,WSClock,LocalAllocation,1440,7,430400,{'interleave': 'random'},0.4304
shared,7,thrashing,WSClock,LocalAllocation,1440,7,538500,{'interleave': 'random'},0.5385
shared_total,,thrashing,WSClock,LocalAllocation,1440,8,5253300,{'interleave': 'random'},5.2533
shared,0,thrashing,WSClock,LocalAllocation,1440,8,460100,{'interleave': 'random'},0.4601
shared,1,thrashing,WSClock,LocalAllocation,1440,8,470200,{'interleave': 'random'},0.4702
shared,2,thrashing,WSClock,LocalAllocation,1440,8,477800,{'interleave': 'random'},0.4778
shared,3,thrashing,WSClock,LocalAllocation,1440,8,492800,{'interleave': 'random'},0.4928
shared,4,thrashing,WSClock,LocalAllocation,1440,8,510500,{'interleave': 'random'},0.5105
shared,5,thrashing,WSClock,LocalAllocation,1440,8,515900,{'interleave': 'random'},0.5159
shared,6,thrashing,WSClock,LocalAllocation,1440,8,433300,{'interleave': 'random'},0.4333
shared,7,thrashing,WSClock,LocalAllocation,1440,8,548000,{'interleave': 'random'},0.548
shared_total,,thrashing,WSClock,LocalAllocation,1440,9,5407100,{'interleave': 'random'},5.4071
shared,0,thrashing,WSClock,LocalAllocation,1440,9,474400,{'interleave': 'random'},0.4744
shared,1,thrashing,WSClock,LocalAllocation,1440,9,478700,{'interleave': 'random'},0.4787
shared,2,thrashing,WSClock,LocalAllocation,1440,9,486000,{'interleave': 'random'},0.486
shared,3,thrashing,WSClock,LocalAllocation,1440,9,498500,{'interleave': 'random'},0.4985
shared,4,thrashing,WSClock,LocalAllocation,1440,9,521300,{'interleave': 'random'},0.5213
shared,5,thrashing,WSClock,LocalAllocation,1440,9,523000,{'interleave': 'random'},0.523
shared,6,thrashing,WSClock,LocalAllocation,1440,9,444100,{'interleave': 'random'},0.4441
shared,7,thrashing,WSClock,LocalAllocation,1440,9,576400,{'interleave': 'random'},0.5764
shared_total,,thrashing,WSClock,ProportionalAllocation,1440,0,6220700,{'interleave': 'random'},6.2207
shared,0,thrashing,WSClock,ProportionalAllocation,1440,0,534900,{'interleave': 'random'},0.5349
shared,1,thrashing,WSClock,ProportionalAllocation,1440,0,536400,{'interleave': 'random'},0.5364
shared,2,thrashing,WSClock,ProportionalAllocation,1440,0,572200,{'interleave': 'random'},0.5722
shared,3,thrashing,WSClock,ProportionalAllocation,1440,0,570600,{'interleave': 'random'},0.5706
shared,4,thrashing,WSClock,ProportionalAllocation,1440,0,605800,{'interleave': 'random'},0.6058
shared,5,thrashing,WSClock,ProportionalAllocation,1440,0,622000,{'interleave': 'random'},0.622
shared,6,thrashing,WSClock,ProportionalAllocation,1440,0,506700,{'interleave': 'random'},0.5067
shared,7,thrashing,WSClock,ProportionalAllocation,1440,0,693500,{'interleave': 'random'},0.6935
shared_total,,thrashing,WSClock,ProportionalAllocation,1440,1,5295800,{'interleave': 'random'},5.2958
shared,0,thrashing,WSClock,ProportionalAllocation,1440,1,462800,{'interleave': 'random'},0.4628
shared,1,thrashing,WSClock,ProportionalAllocation,1440,1,464400,{'interleave': 'random'},0.4644
shared,2,thrashing,WSClock,ProportionalAllocation,1440,1,477900,{'interleave': 'random'},0.4779
shared,3,thrashing,WSClock,ProportionalAllocation,1440,1,501000,{'interleave': 'random'},0.501
shared,4,thrashing,WSClock,ProportionalAllocation,1440,1,506600,{'interleave': 'random'},0.5066
shared,5,thrashing,WSClock,ProportionalAllocation,1440,1,517900,{'interleave': 'random'},0.5179
shared,6,thrashing,WSClock,ProportionalAllocation,1440,1,435700,{'interleave': 'random'},0.4357
shared,7,thrashing,WSClock,ProportionalAllocation,1440,1,551200,{'interleave': 'random'},0.5512
shared_total,,thrashing,WSClock,ProportionalAllocation,1440,2,5305500,{'interleave': 'random'},5.3055
shared,0,thrashing,WSClock,ProportionalAllocation,1440,2,454600,{'interleave': 'random'},0.4546
shared,1,thrashing,WSClock,ProportionalAllocation,1440,2,463200,{'interleave': 'random'},0.4632
shared,2,thrashing,WSClock,ProportionalAllocation,1440,2,477400,{'interleave': 'random'},0.4774
shared,3,thrashing,WSClock,ProportionalAllocation,1440,2,479400,{'interleave': 'random'},0.4794
shared,4,thrashing,WSClock,ProportionalAllocation,1440,2,495600,{'interleave': 'random'},0.4956
shared,5,thrashing,WSClock,ProportionalAllocation,1440,2,607800,{'interleave': 'random'},0.6078
shared,6,thrashing,WSClock,ProportionalAllocation,1440,2,425600,{'interleave': 'random'},0.4256
shared,7,thrashing,WSClock,ProportionalAllocation,1440,2,546600,{'interleave': 'random'},0.5466
shared_total,,thrashing,WSClock,ProportionalAllocation,1440,3,5272400,{'interleave': 'random'},5.2724
shared,0,thrashing,WSClock,ProportionalAllocation,1440,3,459000,{'interleave': 'random'},0.459
shared,1,thrashing,WSClock,ProportionalAllocation,1440,3,472900,{'interleave': 'random'},0.4729
shared,2,thrashing,WSClock,ProportionalAllocation,1440,3,481700,{'interleave': 'random'},0.4817
shared,3,thrashing,WSClock,ProportionalAllocation,1440,3,494700,{'interleave': 'random'},0.4947
shared,4,thrashing,WSClock,ProportionalAllocation,1440,3,514500,{'interleave': 'random'},0.5145
shared,5,thrashing,WSClock,ProportionalAllocation,1440,3,518200,{'interleave': 'random'},0.5182
shared,6,thrashing,WSClock,ProportionalAllocation,1440,3,441500,{'interleave': 'random'},0.4415
shared,7,thrashing,WSClock,ProportionalAllocation,1440,3,554500,{'interleave': 'random'},0.5545
shared_total,,thrashing,WSClock,ProportionalAllocation,1440,4,5123200,{'interleave': 'random'},5.1232
shared,0,thrashing,WSClock,ProportionalAllocation,1440,4,444600,{'interleave': 'random'},0.4446
shared,1,thrashing,WSClock,ProportionalAllocation,1440,4,455700,{'interleave': 'random'},0.4557
shared,2,thrashing,WSClock,ProportionalAllocation,1440,4,458500,{'interleave': 'random'},0.4585
shared,3,thrashing,WSClock,ProportionalAllocation,1440,4,476700,{'interleave': 'random'},0.4767
shared,4,thrashing,WSClock,ProportionalAllocation,1440,4,488800,{'interleave': 'random'},0.4888
shared,5,thrashing,WSClock,ProportionalAllocation,1440,4,508500,{'interleave': 'random'},0.5085
shared,6,thrashing,WSClock,ProportionalAllocation,1440,4,426700,{'interleave': 'random'},0.4267
shared,7,thrashing,WSClock,ProportionalAllocation,1440,4,536100,{'interleave': 'random'},0.5361
shared_total,,thrashing,WSClock,ProportionalAllocation,1440,5,5173700,{'interleave': 'random'},5.1737
shared,0,thrashing,WSClock,ProportionalAllocation,1440,5,454400,{'interleave': 'random'},0.4544
shared,1,thrashing,WSClock,ProportionalAllocation,1440,5,461100,{'interleave': 'random'},0.4611
shared,2,thrashing,WSClock,ProportionalAllocation,1440,5,475500,{'interleave': 'random'},0.4755
shared,3,thrashing,WSClock,ProportionalAllocation,1440,5,483700,{'interleave': 'random'},0.4837
shared,4,thrashing,WSClock,ProportionalAllocation,1440,5,496600,{'interleave': 'random'},0.4966
shared,5,thrashing,WSClock,ProportionalAllocation,1440,5,511300,{'interleave': 'random'},0.5113
shared,6,thrashing,WSClock,ProportionalAllocation,1440,5,433500,{'interleave': 'random'},0.4335
shared,7,thrashing,WSClock,ProportionalAllocation,1440,5,543800,{'interleave': 'random'},0.5438
shared_total,,thrashing,WSClock,ProportionalAllocation,1440,6,5184000,{'interleave': 'random'},5.184
shared,0,thrashing,WSClock,ProportionalAllocation,1440,6,453600,{'interleave': 'random'},0.4536
shared,1,thrashing,WSClock,ProportionalAllocation,1440,6,465300,{'interleave': 'random'},0.4653
shared,2,thrashing,WSClock,ProportionalAllocation,1440,6,476700,{'interleave': 'random'},0.4767
shared,3,thrashing,WSClock,ProportionalAllocation,1440,6,481200,{'interleave': 'random'},0.4812
shared,4,thrashing,WSClock,ProportionalAllocation,1440,6,496300,{'interleave': 'random'},0.4963
shared,5,thrashing,WSClock,ProportionalAllocation,1440,6,508000,{'interleave': 'random'},0.508
shared,6,thrashing,WSClock,ProportionalAllocation,1440,6,430300,{'interleave': 'random'},0.4303
shared,7,thrashing,WSClock,ProportionalAllocation,1440,6,547500,{'interleave': 'random'},0.5475
shared_total,,thrashing,WSClock,ProportionalAllocation,1440,7,5203100,{'interleave': 'random'},5.2031
shared,0,thrashing,WSClock,ProportionalAllocation,1440,7,445300,{'interleave': 'random'},0.4453
shared,1,thrashing,WSClock,ProportionalAllocation,1440,7,459900,{'interleave': 'random'},0.4599
shared,2,thrashing,WSClock,ProportionalAllocation,1440,7,471000,{'interleave': 'random'},0.471
shared,3,thrashing,WSClock,ProportionalAllocation,1440,7,484900,{'interleave': 'random'},0.4849
shared,4,thrashing,WSClock,ProportionalAllocation,1440,7,492800,{'interleave': 'random'},0.4928
shared,5,thrashing,WSClock,ProportionalAllocation,1440,7,504100,{'interleave': 'random'},0.5041
shared,6,thrashing,WSClock,ProportionalAllocation,1440,7,420400,{'interleave': 'random'},0.4204
shared,7,thrashing,WSClock,ProportionalAllocation,1440,7,543900,{'interleave': 'random'},0.5439
shared_total,,thrashing,WSClock,ProportionalAllocation,1440,8,5242200,{'interleave': 'random'},5.2422
shared,0,thrashing,WSClock,ProportionalAllocation,1440,8,453000,{'interleave': 'random'},0.453
shared,1,thrashing,WSClock,ProportionalAllocation,1440,8,466200,{'interleave': 'random'},0.4662
shared,2,thrashing,WSClock,ProportionalAllocation,1440,8,477300,{'interleave': 'random'},0.4773
shared,3,thrashing,WSClock,ProportionalAllocation,1440,8,489700,{'interleave': 'random'},0.4897
shared,4,thrashing,WSClock,ProportionalAllocation,1440,8,500400,{'interleave': 'random'},0.5004
shared,5,thrashing,WSClock,ProportionalAllocation,1440,8,511200,{'interleave': 'random'},0.5112
shared,6,thrashing,WSClock,ProportionalAllocation,1440,8,438400,{'interleave': 'random'},0.4384
shared,7,thrashing,WSClock,ProportionalAllocation,1440,8,550000,{'interleave': 'random'},0.55
shared_total,,thrashing,WSClock,ProportionalAllocation,1440,9,5332000,{'interleave': 'random'},5.332
shared,0,thrashing,WSClock,ProportionalAllocation,1440,9,464000,{'interleave': 'random'},0.464
shared,1,thrashing,WSClock,ProportionalAllocation,1440,9,472000,{'interleave': 'random'},0.472
shared,2,thrashing,WSClock,ProportionalAllocation,1440,9,484700,{'interleave': 'random'},0.4847
shared,3,thrashing,WSClock,ProportionalAllocation,1440,9,499900,{'interleave': 'random'},0.4999
shared,4,thrashing,WSClock,ProportionalAllocation,1440,9,512100,{'interleave': 'random'},0.5121
shared,5,thrashing,WSClock,ProportionalAllocation,1440,9,519600,{'interleave': 'random'},0.5196
shared,6,thrashing,WSClock,ProportionalAllocation,1440,9,443800,{'interleave': 'random'},0.4438
shared,7,thrashing,WSClock,ProportionalAllocation,1440,9,557200,{'interleave': 'random'},0.5572
