mode,process_id,workload_name,algorithm,allocation_policy,memory_frames,repetition_id,duration_ns,metadata,duration_ms
isolation,0,streaming,FIFO,GlobalAllocation,272,0,201700,{'trace_kind': 'synthetic'},0.2017
isolation,1,streaming,FIFO,GlobalAllocation,272,0,210300,{'trace_kind': 'synthetic'},0.2103
isolation,0,streaming,FIFO,GlobalAllocation,272,1,199700,{'trace_kind': 'synthetic'},0.1997
isolation,1,streaming,FIFO,GlobalAllocation,272,1,207000,{'trace_kind': 'synthetic'},0.207
isolation,0,streaming,FIFO,GlobalAllocation,272,2,202000,{'trace_kind': 'synthetic'},0.202
isolation,1,streaming,FIFO,GlobalAllocation,272,2,209100,{'trace_kind': 'synthetic'},0.2091
isolation,0,streaming,FIFO,GlobalAllocation,272,3,201400,{'trace_kind': 'synthetic'},0.2014
isolation,1,streaming,FIFO,GlobalAllocation,272,3,206600,{'trace_kind': 'synthetic'},0.2066
isolation,0,streaming,FIFO,GlobalAllocation,272,4,200600,{'trace_kind': 'synthetic'},0.2006
isolation,1,streaming,FIFO,GlobalAllocation,272,4,209200,{'trace_kind': 'synthetic'},0.2092
isolation,0,streaming,FIFO,GlobalAllocation,272,5,200200,{'trace_kind': 'synthetic'},0.2002
isolation,1,streaming,FIFO,GlobalAllocation,272,5,204100,{'trace_kind': 'synthetic'},0.2041
isolation,0,streaming,FIFO,GlobalAllocation,272,6,204100,{'trace_kind': 'synthetic'},0.2041
isolation,1,streaming,FIFO,GlobalAllocation,272,6,209100,{'trace_kind': 'synthetic'},0.2091
isolation,0,streaming,FIFO,GlobalAllocation,272,7,200200,{'trace_kind': 'synthetic'},0.2002
isolation,1,streaming,FIFO,GlobalAllocation,272,7,210800,{'trace_kind': 'synthetic'},0.2108
isolation,0,streaming,FIFO,GlobalAllocation,272,8,211200,{'trace_kind': 'synthetic'},0.2112
isolation,1,streaming,FIFO,GlobalAllocation,272,8,209000,{'trace_kind': 'synthetic'},0.209
isolation,0,streaming,FIFO,GlobalAllocation,272,9,202700,{'trace_kind': 'synthetic'},0.2027
isolation,1,streaming,FIFO,GlobalAllocation,272,9,206200,{'trace_kind': 'synthetic'},0.2062
isolation,0,streaming,FIFO,LocalAllocation,272,0,196100,{'trace_kind': 'synthetic'},0.1961
isolation,1,streaming,FIFO,LocalAllocation,272,0,206900,{'trace_kind': 'synthetic'},0.2069
isolation,0,streaming,FIFO,LocalAllocation,272,1,394400,{'trace_kind': 'synthetic'},0.3944
isolation,1,streaming,FIFO,LocalAllocation,272,1,416700,{'trace_kind': 'synthetic'},0.4167
isolation,0,streaming,FIFO,LocalAllocation,272,2,190100,{'trace_kind': 'synthetic'},0.1901
isolation,1,streaming,FIFO,LocalAllocation,272,2,199700,{'trace_kind': 'synthetic'},0.1997
isolation,0,streaming,FIFO,LocalAllocation,272,3,196800,{'trace_kind': 'synthetic'},0.1968
isolation,1,streaming,FIFO,LocalAllocation,272,3,197400,{'trace_kind': 'synthetic'},0.1974
isolation,0,streaming,FIFO,LocalAllocation,272,4,210600,{'trace_kind': 'synthetic'},0.2106
isolation,1,streaming,FIFO,LocalAllocation,272,4,208700,{'trace_kind': 'synthetic'},0.2087
isolation,0,streaming,FIFO,LocalAllocation,272,5,359000,{'trace_kind': 'synthetic'},0.359
isolation,1,streaming,FIFO,LocalAllocation,272,5,399400,{'trace_kind': 'synthetic'},0.3994
isolation,0,streaming,FIFO,LocalAllocation,272,6,196800,{'trace_kind': 'synthetic'},0.1968
isolation,1,streaming,FIFO,LocalAllocation,272,6,205500,{'trace_kind': 'synthetic'},0.2055
isolation,0,streaming,FIFO,LocalAllocation,272,7,200200,{'trace_kind': 'synthetic'},0.2002
isolation,1,streaming,FIFO,LocalAllocation,272,7,208100,{'trace_kind': 'synthetic'},0.2081
isolation,0,streaming,FIFO,LocalAllocation,272,8,198200,{'trace_kind': 'synthetic'},0.1982
isolation,1,streaming,FIFO,LocalAllocation,272,8,207100,{'trace_kind': 'synthetic'},0.2071
isolation,0,streaming,FIFO,LocalAllocation,272,9,200200,{'trace_kind': 'synthetic'},0.2002
isolation,1,streaming,FIFO,LocalAllocation,272,9,209000,{'trace_kind': 'synthetic'},0.209
isolation,0,streaming,FIFO,ProportionalAllocation,272,0,199600,{'trace_kind': 'synthetic'},0.1996
isolation,1,streaming,FIFO,ProportionalAllocation,272,0,211000,{'trace_kind': 'synthetic'},0.211
isolation,0,streaming,FIFO,ProportionalAllocation,272,1,201300,{'trace_kind': 'synthetic'},0.2013
isolation,1,streaming,FIFO,ProportionalAllocation,272,1,211600,{'trace_kind': 'synthetic'},0.2116
isolation,0,streaming,FIFO,ProportionalAllocation,272,2,202200,{'trace_kind': 'synthetic'},0.2022
isolation,1,streaming,FIFO,ProportionalAllocation,272,2,204800,{'trace_kind': 'synthetic'},0.2048
isolation,0,streaming,FIFO,ProportionalAllocation,272,3,200800,{'trace_kind': 'synthetic'},0.2008
isolation,1,streaming,FIFO,ProportionalAllocation,272,3,205000,{'trace_kind': 'synthetic'},0.205
isolation,0,streaming,FIFO,ProportionalAllocation,272,4,203300,{'trace_kind': 'synthetic'},0.2033
isolation,1,streaming,FIFO,ProportionalAllocation,272,4,210200,{'trace_kind': 'synthetic'},0.2102
isolation,0,streaming,FIFO,ProportionalAllocation,272,5,202700,{'trace_kind': 'synthetic'},0.2027
isolation,1,streaming,FIFO,ProportionalAllocation,272,5,205100,{'trace_kind': 'synthetic'},0.2051
isolation,0,streaming,FIFO,ProportionalAllocation,272,6,406800,{'trace_kind': 'synthetic'},0.4068
isolation,1,streaming,FIFO,ProportionalAllocation,272,6,386100,{'trace_kind': 'synthetic'},0.3861
isolation,0,streaming,FIFO,ProportionalAllocation,272,7,199000,{'trace_kind': 'synthetic'},0.199
isolation,1,streaming,FIFO,ProportionalAllocation,272,7,207700,{'trace_kind': 'synthetic'},0.2077
isolation,0,streaming,FIFO,ProportionalAllocation,272,8,199200,{'trace_kind': 'synthetic'},0.1992
isolation,1,streaming,FIFO,ProportionalAllocation,272,8,208100,{'trace_kind': 'synthetic'},0.2081
isolation,0,streaming,FIFO,ProportionalAllocation,272,9,200500,{'trace_kind': 'synthetic'},0.2005
isolation,1,streaming,FIFO,ProportionalAllocation,272,9,217500,{'trace_kind': 'synthetic'},0.2175
isolation,0,streaming,LRU,GlobalAllocation,272,0,328700,{'trace_kind': 'synthetic'},0.3287
isolation,1,streaming,LRU,GlobalAllocation,272,0,338900,{'trace_kind': 'synthetic'},0.3389
isolation,0,streaming,LRU,GlobalAllocation,272,1,327000,{'trace_kind': 'synthetic'},0.327
isolation,1,streaming,LRU,GlobalAllocation,272,1,333200,{'trace_kind': 'synthetic'},0.3332
isolation,0,streaming,LRU,GlobalAllocation,272,2,322700,{'trace_kind': 'synthetic'},0.3227
isolation,1,streaming,LRU,GlobalAllocation,272,2,609400,{'trace_kind': 'synthetic'},0.6094
isolation,0,streaming,LRU,GlobalAllocation,272,3,326600,{'trace_kind': 'synthetic'},0.3266
isolation,1,streaming,LRU,GlobalAllocation,272,3,333100,{'trace_kind': 'synthetic'},0.3331
isolation,0,streaming,LRU,GlobalAllocation,272,4,320100,{'trace_kind': 'synthetic'},0.3201
isolation,1,streaming,LRU,GlobalAllocation,272,4,334200,{'trace_kind': 'synthetic'},0.3342
isolation,0,streaming,LRU,GlobalAllocation,272,5,320600,{'trace_kind': 'synthetic'},0.3206
isolation,1,streaming,LRU,GlobalAllocation,272,5,333900,{'trace_kind': 'synthetic'},0.3339
isolation,0,streaming,LRU,GlobalAllocation,272,6,320400,{'trace_kind': 'synthetic'},0.3204
isolation,1,streaming,LRU,GlobalAllocation,272,6,329900,{'trace_kind': 'synthetic'},0.3299
isolation,0,streaming,LRU,GlobalAllocation,272,7,322700,{'trace_kind': 'synthetic'},0.3227
isolation,1,streaming,LRU,GlobalAllocation,272,7,333500,{'trace_kind': 'synthetic'},0.3335
isolation,0,streaming,LRU,GlobalAllocation,272,8,324700,{'trace_kind': 'synthetic'},0.3247
isolation,1,streaming,LRU,GlobalAllocation,272,8,338900,{'trace_kind': 'synthetic'},0.3389
isolation,0,streaming,LRU,GlobalAllocation,272,9,324600,{'trace_kind': 'synthetic'},0.3246
isolation,1,streaming,LRU,GlobalAllocation,272,9,332800,{'trace_kind': 'synthetic'},0.3328
isolation,0,streaming,LRU,LocalAllocation,272,0,318200,{'trace_kind': 'synthetic'},0.3182
isolation,1,streaming,LRU,LocalAllocation,272,0,370600,{'trace_kind': 'synthetic'},0.3706
isolation,0,streaming,LRU,LocalAllocation,272,1,324200,{'trace_kind': 'synthetic'},0.3242
isolation,1,streaming,LRU,LocalAllocation,272,1,329100,{'trace_kind': 'synthetic'},0.3291
isolation,0,streaming,LRU,LocalAllocation,272,2,319400,{'trace_kind': 'synthetic'},0.3194
isolation,1,streaming,LRU,LocalAllocation,272,2,330000,{'trace_kind': 'synthetic'},0.33
isolation,0,streaming,LRU,LocalAllocation,272,3,325600,{'trace_kind': 'synthetic'},0.3256
isolation,1,streaming,LRU,LocalAllocation,272,3,601700,{'trace_kind': 'synthetic'},0.6017
isolation,0,streaming,LRU,LocalAllocation,272,4,321800,{'trace_kind': 'synthetic'},0.3218
isolation,1,streaming,LRU,LocalAllocation,272,4,333800,{'trace_kind': 'synthetic'},0.3338
isolation,0,streaming,LRU,LocalAllocation,272,5,316500,{'trace_kind': 'synthetic'},0.3165
isolation,1,streaming,LRU,LocalAllocation,272,5,331300,{'trace_kind': 'synthetic'},0.3313
isolation,0,streaming,LRU,LocalAllocation,272,6,327200,{'trace_kind': 'synthetic'},0.3272
isolation,1,streaming,LRU,LocalAllocation,272,6,329500,{'trace_kind': 'synthetic'},0.3295
isolation,0,streaming,LRU,LocalAllocation,272,7,323100,{'trace_kind': 'synthetic'},0.3231
isolation,1,streaming,LRU,LocalAllocation,272,7,331200,{'trace_kind': 'synthetic'},0.3312
isolation,0,streaming,LRU,LocalAllocation,272,8,315200,{'trace_kind': 'synthetic'},0.3152
isolation,1,streaming,LRU,LocalAllocation,272,8,329700,{'trace_kind': 'synthetic'},0.3297
isolation,0,streaming,LRU,LocalAllocation,272,9,693500,{'trace_kind': 'synthetic'},0.6935
isolation,1,streaming,LRU,LocalAllocation,272,9,649000,{'trace_kind': 'synthetic'},0.649
isolation,0,streaming,LRU,ProportionalAllocation,272,0,315800,{'trace_kind': 'synthetic'},0.3158
isolation,1,streaming,LRU,ProportionalAllocation,272,0,334900,{'trace_kind': 'synthetic'},0.3349
isolation,0,streaming,LRU,ProportionalAllocation,272,1,638800,{'trace_kind': 'synthetic'},0.6388
isolation,1,streaming,LRU,ProportionalAllocation,272,1,344000,{'trace_kind': 'synthetic'},0.344
isolation,0,streaming,LRU,ProportionalAllocation,272,2,318800,{'trace_kind': 'synthetic'},0.3188
isolation,1,streaming,LRU,ProportionalAllocation,272,2,334000,{'trace_kind': 'synthetic'},0.334
isolation,0,streaming,LRU,ProportionalAllocation,272,3,322100,{'trace_kind': 'synthetic'},0.3221
isolation,1,streaming,LRU,ProportionalAllocation,272,3,341900,{'trace_kind': 'synthetic'},0.3419
isolation,0,streaming,LRU,ProportionalAllocation,272,4,378500,{'trace_kind': 'synthetic'},0.3785
isolation,1,streaming,LRU,ProportionalAllocation,272,4,334600,{'trace_kind': 'synthetic'},0.3346
isolation,0,streaming,LRU,ProportionalAllocation,272,5,381200,{'trace_kind': 'synthetic'},0.3812
isolation,1,streaming,LRU,ProportionalAllocation,272,5,359400,{'trace_kind': 'synthetic'},0.3594
isolation,0,streaming,LRU,ProportionalAllocation,272,6,323200,{'trace_kind': 'synthetic'},0.3232
isolation,1,streaming,LRU,ProportionalAllocation,272,6,355300,{'trace_kind': 'synthetic'},0.3553
isolation,0,streaming,LRU,ProportionalAllocation,272,7,320800,{'trace_kind': 'synthetic'},0.3208
isolation,1,streaming,LRU,ProportionalAllocation,272,7,343500,{'trace_kind': 'synthetic'},0.3435
isolation,0,streaming,LRU,ProportionalAllocation,272,8,693100,{'trace_kind': 'synthetic'},0.6931
isolation,1,streaming,LRU,ProportionalAllocation,272,8,717500,{'trace_kind': 'synthetic'},0.7175
isolation,0,streaming,LRU,ProportionalAllocation,272,9,355700,{'trace_kind': 'synthetic'},0.3557
isolation,1,streaming,LRU,ProportionalAllocation,272,9,379500,{'trace_kind': 'synthetic'},0.3795
isolation,0,streaming,NRU,GlobalAllocation,272,0,367100,{'trace_kind': 'synthetic'},0.3671
isolation,1,streaming,NRU,GlobalAllocation,272,0,365500,{'trace_kind': 'synthetic'},0.3655
isolation,0,streaming,NRU,GlobalAllocation,272,1,351600,{'trace_kind': 'synthetic'},0.3516
isolation,1,streaming,NRU,GlobalAllocation,272,1,373500,{'trace_kind': 'synthetic'},0.3735
isolation,0,streaming,NRU,GlobalAllocation,272,2,349000,{'trace_kind': 'synthetic'},0.349
isolation,1,streaming,NRU,GlobalAllocation,272,2,359300,{'trace_kind': 'synthetic'},0.3593
isolation,0,streaming,NRU,GlobalAllocation,272,3,362900,{'trace_kind': 'synthetic'},0.3629
isolation,1,streaming,NRU,GlobalAllocation,272,3,368300,{'trace_kind': 'synthetic'},0.3683
isolation,0,streaming,NRU,GlobalAllocation,272,4,347500,{'trace_kind': 'synthetic'},0.3475
isolation,1,streaming,NRU,GlobalAllocation,272,4,361100,{'trace_kind': 'synthetic'},0.3611
isolation,0,streaming,NRU,GlobalAllocation,272,5,350300,{'trace_kind': 'synthetic'},0.3503
isolation,1,streaming,NRU,GlobalAllocation,272,5,355400,{'trace_kind': 'synthetic'},0.3554
isolation,0,streaming,NRU,GlobalAllocation,272,6,358100,{'trace_kind': 'synthetic'},0.3581
isolation,1,streaming,NRU,GlobalAllocation,272,6,395000,{'trace_kind': 'synthetic'},0.395
isolation,0,streaming,NRU,GlobalAllocation,272,7,363500,{'trace_kind': 'synthetic'},0.3635
isolation,1,streaming,NRU,GlobalAllocation,272,7,373300,{'trace_kind': 'synthetic'},0.3733
isolation,0,streaming,NRU,GlobalAllocation,272,8,347600,{'trace_kind': 'synthetic'},0.3476
isolation,1,streaming,NRU,GlobalAllocation,272,8,357900,{'trace_kind': 'synthetic'},0.3579
isolation,0,streaming,NRU,GlobalAllocation,272,9,353900,{'trace_kind': 'synthetic'},0.3539
isolation,1,streaming,NRU,GlobalAllocation,272,9,362900,{'trace_kind': 'synthetic'},0.3629
isolation,0,streaming,NRU,LocalAllocation,272,0,360800,{'trace_kind': 'synthetic'},0.3608
isolation,1,streaming,NRU,LocalAllocation,272,0,364100,{'trace_kind': 'synthetic'},0.3641
isolation,0,streaming,NRU,LocalAllocation,272,1,352600,{'trace_kind': 'synthetic'},0.3526
isolation,1,streaming,NRU,LocalAllocation,272,1,359500,{'trace_kind': 'synthetic'},0.3595
isolation,0,streaming,NRU,LocalAllocation,272,2,349100,{'trace_kind': 'synthetic'},0.3491
isolation,1,streaming,NRU,LocalAllocation,272,2,355900,{'trace_kind': 'synthetic'},0.3559
isolation,0,streaming,NRU,LocalAllocation,272,3,346900,{'trace_kind': 'synthetic'},0.3469
isolation,1,streaming,NRU,LocalAllocation,272,3,357000,{'trace_kind': 'synthetic'},0.357
isolation,0,streaming,NRU,LocalAllocation,272,4,347500,{'trace_kind': 'synthetic'},0.3475
isolation,1,streaming,NRU,LocalAllocation,272,4,369600,{'trace_kind': 'synthetic'},0.3696
isolation,0,streaming,NRU,LocalAllocation,272,5,353100,{'trace_kind': 'synthetic'},0.3531
isolation,1,streaming,NRU,LocalAllocation,272,5,374600,{'trace_kind': 'synthetic'},0.3746
isolation,0,streaming,NRU,LocalAllocation,272,6,346600,{'trace_kind': 'synthetic'},0.3466
isolation,1,streaming,NRU,LocalAllocation,272,6,356800,{'trace_kind': 'synthetic'},0.3568
isolation,0,streaming,NRU,LocalAllocation,272,7,360900,{'trace_kind': 'synthetic'},0.3609
isolation,1,streaming,NRU,LocalAllocation,272,7,361300,{'trace_kind': 'synthetic'},0.3613
isolation,0,streaming,NRU,LocalAllocation,272,8,345000,{'trace_kind': 'synthetic'},0.345
isolation,1,streaming,NRU,LocalAllocation,272,8,355300,{'trace_kind': 'synthetic'},0.3553
isolation,0,streaming,NRU,LocalAllocation,272,9,356600,{'trace_kind': 'synthetic'},0.3566
isolation,1,streaming,NRU,LocalAllocation,272,9,376900,{'trace_kind': 'synthetic'},0.3769
isolation,0,streaming,NRU,ProportionalAllocation,272,0,343000,{'trace_kind': 'synthetic'},0.343
isolation,1,streaming,NRU,ProportionalAllocation,272,0,360600,{'trace_kind': 'synthetic'},0.3606
isolation,0,streaming,NRU,ProportionalAllocation,272,1,352200,{'trace_kind': 'synthetic'},0.3522
isolation,1,streaming,NRU,ProportionalAllocation,272,1,351400,{'trace_kind': 'synthetic'},0.3514
isolation,0,streaming,NRU,ProportionalAllocation,272,2,367200,{'trace_kind': 'synthetic'},0.3672
isolation,1,streaming,NRU,ProportionalAllocation,272,2,354700,{'trace_kind': 'synthetic'},0.3547
isolation,0,streaming,NRU,ProportionalAllocation,272,3,353300,{'trace_kind': 'synthetic'},0.3533
isolation,1,streaming,NRU,ProportionalAllocation,272,3,364800,{'trace_kind': 'synthetic'},0.3648
isolation,0,streaming,NRU,ProportionalAllocation,272,4,927800,{'trace_kind': 'synthetic'},0.9278
isolation,1,streaming,NRU,ProportionalAllocation,272,4,364100,{'trace_kind': 'synthetic'},0.3641
isolation,0,streaming,NRU,ProportionalAllocation,272,5,347700,{'trace_kind': 'synthetic'},0.3477
isolation,1,streaming,NRU,ProportionalAllocation,272,5,359600,{'trace_kind': 'synthetic'},0.3596
isolation,0,streaming,NRU,ProportionalAllocation,272,6,366500,{'trace_kind': 'synthetic'},0.3665
isolation,1,streaming,NRU,ProportionalAllocation,272,6,374600,{'trace_kind': 'synthetic'},0.3746
isolation,0,streaming,NRU,ProportionalAllocation,272,7,368600,{'trace_kind': 'synthetic'},0.3686
isolation,1,streaming,NRU,ProportionalAllocation,272,7,369800,{'trace_kind': 'synthetic'},0.3698
isolation,0,streaming,NRU,ProportionalAllocation,272,8,351300,{'trace_kind': 'synthetic'},0.3513
isolation,1,streaming,NRU,ProportionalAllocation,272,8,358200,{'trace_kind': 'synthetic'},0.3582
isolation,0,streaming,NRU,ProportionalAllocation,272,9,350500,{'trace_kind': 'synthetic'},0.3505
isolation,1,streaming,NRU,ProportionalAllocation,272,9,362000,{'trace_kind': 'synthetic'},0.362
isolation,0,streaming,SecondChance,GlobalAllocation,272,0,349000,{'trace_kind': 'synthetic'},0.349
isolation,1,streaming,SecondChance,GlobalAllocation,272,0,369000,{'trace_kind': 'synthetic'},0.369
isolation,0,streaming,SecondChance,GlobalAllocation,272,1,342100,{'trace_kind': 'synthetic'},0.3421
isolation,1,streaming,SecondChance,GlobalAllocation,272,1,368500,{'trace_kind': 'synthetic'},0.3685
isolation,0,streaming,SecondChance,GlobalAllocation,272,2,348400,{'trace_kind': 'synthetic'},0.3484
isolation,1,streaming,SecondChance,GlobalAllocation,272,2,370200,{'trace_kind': 'synthetic'},0.3702
isolation,0,streaming,SecondChance,GlobalAllocation,272,3,348300,{'trace_kind': 'synthetic'},0.3483
isolation,1,streaming,SecondChance,GlobalAllocation,272,3,372800,{'trace_kind': 'synthetic'},0.3728
isolation,0,streaming,SecondChance,GlobalAllocation,272,4,344200,{'trace_kind': 'synthetic'},0.3442
isolation,1,streaming,SecondChance,GlobalAllocation,272,4,368500,{'trace_kind': 'synthetic'},0.3685
isolation,0,streaming,SecondChance,GlobalAllocation,272,5,363600,{'trace_kind': 'synthetic'},0.3636
isolation,1,streaming,SecondChance,GlobalAllocation,272,5,371300,{'trace_kind': 'synthetic'},0.3713
isolation,0,streaming,SecondChance,GlobalAllocation,272,6,402000,{'trace_kind': 'synthetic'},0.402
isolation,1,streaming,SecondChance,GlobalAllocation,272,6,401800,{'trace_kind': 'synthetic'},0.4018
isolation,0,streaming,SecondChance,GlobalAllocation,272,7,348700,{'trace_kind': 'synthetic'},0.3487
isolation,1,streaming,SecondChance,GlobalAllocation,272,7,372900,{'trace_kind': 'synthetic'},0.3729
isolation,0,streaming,SecondChance,GlobalAllocation,272,8,344200,{'trace_kind': 'synthetic'},0.3442
isolation,1,streaming,SecondChance,GlobalAllocation,272,8,373400,{'trace_kind': 'synthetic'},0.3734
isolation,0,streaming,SecondChance,GlobalAllocation,272,9,344500,{'trace_kind': 'synthetic'},0.3445
isolation,1,streaming,SecondChance,GlobalAllocation,272,9,373100,{'trace_kind': 'synthetic'},0.3731
isolation,0,streaming,SecondChance,LocalAllocation,272,0,340700,{'trace_kind': 'synthetic'},0.3407
isolation,1,streaming,SecondChance,LocalAllocation,272,0,369900,{'trace_kind': 'synthetic'},0.3699
isolation,0,streaming,SecondChance,LocalAllocation,272,1,343900,{'trace_kind': 'synthetic'},0.3439
isolation,1,streaming,SecondChance,LocalAllocation,272,1,373200,{'trace_kind': 'synthetic'},0.3732
isolation,0,streaming,SecondChance,LocalAllocation,272,2,342900,{'trace_kind': 'synthetic'},0.3429
isolation,1,streaming,SecondChance,LocalAllocation,272,2,440000,{'trace_kind': 'synthetic'},0.44
isolation,0,streaming,SecondChance,LocalAllocation,272,3,344500,{'trace_kind': 'synthetic'},0.3445
isolation,1,streaming,SecondChance,LocalAllocation,272,3,367400,{'trace_kind': 'synthetic'},0.3674
isolation,0,streaming,SecondChance,LocalAllocation,272,4,348600,{'trace_kind': 'synthetic'},0.3486
isolation,1,streaming,SecondChance,LocalAllocation,272,4,373600,{'trace_kind': 'synthetic'},0.3736
isolation,0,streaming,SecondChance,LocalAllocation,272,5,341200,{'trace_kind': 'synthetic'},0.3412
isolation,1,streaming,SecondChance,LocalAllocation,272,5,364100,{'trace_kind': 'synthetic'},0.3641
isolation,0,streaming,SecondChance,LocalAllocation,272,6,345000,{'trace_kind': 'synthetic'},0.345
isolation,1,streaming,SecondChance,LocalAllocation,272,6,368100,{'trace_kind': 'synthetic'},0.3681
isolation,0,streaming,SecondChance,LocalAllocation,272,7,348800,{'trace_kind': 'synthetic'},0.3488
isolation,1,streaming,SecondChance,LocalAllocation,272,7,374800,{'trace_kind': 'synthetic'},0.3748
isolation,0,streaming,SecondChance,LocalAllocation,272,8,347000,{'trace_kind': 'synthetic'},0.347
isolation,1,streaming,SecondChance,LocalAllocation,272,8,368200,{'trace_kind': 'synthetic'},0.3682
isolation,0,streaming,SecondChance,LocalAllocation,272,9,344700,{'trace_kind': 'synthetic'},0.3447
isolation,1,streaming,SecondChance,LocalAllocation,272,9,371100,{'trace_kind': 'synthetic'},0.3711
isolation,0,streaming,SecondChance,ProportionalAllocation,272,0,339300,{'trace_kind': 'synthetic'},0.3393
isolation,1,streaming,SecondChance,ProportionalAllocation,272,0,394400,{'trace_kind': 'synthetic'},0.3944
isolation,0,streaming,SecondChance,ProportionalAllocation,272,1,343200,{'trace_kind': 'synthetic'},0.3432
isolation,1,streaming,SecondChance,ProportionalAllocation,272,1,350000,{'trace_kind': 'synthetic'},0.35
isolation,0,streaming,SecondChance,ProportionalAllocation,272,2,347000,{'trace_kind': 'synthetic'},0.347
isolation,1,streaming,SecondChance,ProportionalAllocation,272,2,368800,{'trace_kind': 'synthetic'},0.3688
isolation,0,streaming,SecondChance,ProportionalAllocation,272,3,349500,{'trace_kind': 'synthetic'},0.3495
isolation,1,streaming,SecondChance,ProportionalAllocation,272,3,370700,{'trace_kind': 'synthetic'},0.3707
isolation,0,streaming,SecondChance,ProportionalAllocation,272,4,341700,{'trace_kind': 'synthetic'},0.3417
isolation,1,streaming,SecondChance,ProportionalAllocation,272,4,370300,{'trace_kind': 'synthetic'},0.3703
isolation,0,streaming,SecondChance,ProportionalAllocation,272,5,344100,{'trace_kind': 'synthetic'},0.3441
isolation,1,streaming,SecondChance,ProportionalAllocation,272,5,367200,{'trace_kind': 'synthetic'},0.3672
isolation,0,streaming,SecondChance,ProportionalAllocation,272,6,345100,{'trace_kind': 'synthetic'},0.3451
isolation,1,streaming,SecondChance,ProportionalAllocation,272,6,369500,{'trace_kind': 'synthetic'},0.3695
isolation,0,streaming,SecondChance,ProportionalAllocation,272,7,342400,{'trace_kind': 'synthetic'},0.3424
isolation,1,streaming,SecondChance,ProportionalAllocation,272,7,366200,{'trace_kind': 'synthetic'},0.3662
isolation,0,streaming,SecondChance,ProportionalAllocation,272,8,350200,{'trace_kind': 'synthetic'},0.3502
isolation,1,streaming,SecondChance,ProportionalAllocation,272,8,375100,{'trace_kind': 'synthetic'},0.3751
isolation,0,streaming,SecondChance,ProportionalAllocation,272,9,346200,{'trace_kind': 'synthetic'},0.3462
isolation,1,streaming,SecondChance,ProportionalAllocation,272,9,370500,{'trace_kind': 'synthetic'},0.3705
isolation,0,streaming,WSClock,GlobalAllocation,272,0,345900,{'trace_kind': 'synthetic'},0.3459
isolation,1,streaming,WSClock,GlobalAllocation,272,0,376600,{'trace_kind': 'synthetic'},0.3766
isolation,0,streaming,WSClock,GlobalAllocation,272,1,315100,{'trace_kind': 'synthetic'},0.3151
isolation,1,streaming,WSClock,GlobalAllocation,272,1,349900,{'trace_kind': 'synthetic'},0.3499
isolation,0,streaming,WSClock,GlobalAllocation,272,2,308300,{'trace_kind': 'synthetic'},0.3083
isolation,1,streaming,WSClock,GlobalAllocation,272,2,334600,{'trace_kind': 'synthetic'},0.3346
isolation,0,streaming,WSClock,GlobalAllocation,272,3,345300,{'trace_kind': 'synthetic'},0.3453
isolation,1,streaming,WSClock,GlobalAllocation,272,3,368200,{'trace_kind': 'synthetic'},0.3682
isolation,0,streaming,WSClock,GlobalAllocation,272,4,343900,{'trace_kind': 'synthetic'},0.3439
isolation,1,streaming,WSClock,GlobalAllocation,272,4,379000,{'trace_kind': 'synthetic'},0.379
isolation,0,streaming,WSClock,GlobalAllocation,272,5,329200,{'trace_kind': 'synthetic'},0.3292
isolation,1,streaming,WSClock,GlobalAllocation,272,5,361600,{'trace_kind': 'synthetic'},0.3616
isolation,0,streaming,WSClock,GlobalAllocation,272,6,347700,{'trace_kind': 'synthetic'},0.3477
isolation,1,streaming,WSClock,GlobalAllocation,272,6,369900,{'trace_kind': 'synthetic'},0.3699
isolation,0,streaming,WSClock,GlobalAllocation,272,7,345100,{'trace_kind': 'synthetic'},0.3451
isolation,1,streaming,WSClock,GlobalAllocation,272,7,449300,{'trace_kind': 'synthetic'},0.4493
isolation,0,streaming,WSClock,GlobalAllocation,272,8,342400,{'trace_kind': 'synthetic'},0.3424
isolation,1,streaming,WSClock,GlobalAllocation,272,8,391800,{'trace_kind': 'synthetic'},0.3918
isolation,0,streaming,WSClock,GlobalAllocation,272,9,345700,{'trace_kind': 'synthetic'},0.3457
isolation,1,streaming,WSClock,GlobalAllocation,272,9,370900,{'trace_kind': 'synthetic'},0.3709
isolation,0,streaming,WSClock,LocalAllocation,272,0,340400,{'trace_kind': 'synthetic'},0.3404
isolation,1,streaming,WSClock,LocalAllocation,272,0,383100,{'trace_kind': 'synthetic'},0.3831
isolation,0,streaming,WSClock,LocalAllocation,272,1,357500,{'trace_kind': 'synthetic'},0.3575
isolation,1,streaming,WSClock,LocalAllocation,272,1,488700,{'trace_kind': 'synthetic'},0.4887
isolation,0,streaming,WSClock,LocalAllocation,272,2,346000,{'trace_kind': 'synthetic'},0.346
isolation,1,streaming,WSClock,LocalAllocation,272,2,367700,{'trace_kind': 'synthetic'},0.3677
isolation,0,streaming,WSClock,LocalAllocation,272,3,347000,{'trace_kind': 'synthetic'},0.347
isolation,1,streaming,WSClock,LocalAllocation,272,3,373800,{'trace_kind': 'synthetic'},0.3738
isolation,0,streaming,WSClock,LocalAllocation,272,4,340800,{'trace_kind': 'synthetic'},0.3408
isolation,1,streaming,WSClock,LocalAllocation,272,4,368900,{'trace_kind': 'synthetic'},0.3689
isolation,0,streaming,WSClock,LocalAllocation,272,5,341800,{'trace_kind': 'synthetic'},0.3418
isolation,1,streaming,WSClock,LocalAllocation,272,5,365800,{'trace_kind': 'synthetic'},0.3658
isolation,0,streaming,WSClock,LocalAllocation,272,6,342700,{'trace_kind': 'synthetic'},0.3427
isolation,1,streaming,WSClock,LocalAllocation,272,6,364900,{'trace_kind': 'synthetic'},0.3649
isolation,0,streaming,WSClock,LocalAllocation,272,7,348800,{'trace_kind': 'synthetic'},0.3488
isolation,1,streaming,WSClock,LocalAllocation,272,7,375200,{'trace_kind': 'synthetic'},0.3752
isolation,0,streaming,WSClock,LocalAllocation,272,8,350200,{'trace_kind': 'synthetic'},0.3502
isolation,1,streaming,WSClock,LocalAllocation,272,8,366400,{'trace_kind': 'synthetic'},0.3664
isolation,0,streaming,WSClock,LocalAllocation,272,9,346000,{'trace_kind': 'synthetic'},0.346
isolation,1,streaming,WSClock,LocalAllocation,272,9,369200,{'trace_kind': 'synthetic'},0.3692
isolation,0,streaming,WSClock,ProportionalAllocation,272,0,341100,{'trace_kind': 'synthetic'},0.3411
isolation,1,streaming,WSClock,ProportionalAllocation,272,0,369700,{'trace_kind': 'synthetic'},0.3697
isolation,0,streaming,WSClock,ProportionalAllocation,272,1,345700,{'trace_kind': 'synthetic'},0.3457
isolation,1,streaming,WSClock,ProportionalAllocation,272,1,367100,{'trace_kind': 'synthetic'},0.3671
isolation,0,streaming,WSClock,ProportionalAllocation,272,2,343300,{'trace_kind': 'synthetic'},0.3433
isolation,1,streaming,WSClock,ProportionalAllocation,272,2,369900,{'trace_kind': 'synthetic'},0.3699
isolation,0,streaming,WSClock,ProportionalAllocation,272,3,342400,{'trace_kind': 'synthetic'},0.3424
isolation,1,streaming,WSClock,ProportionalAllocation,272,3,366600,{'trace_kind': 'synthetic'},0.3666
isolation,0,streaming,WSClock,ProportionalAllocation,272,4,341400,{'trace_kind': 'synthetic'},0.3414
isolation,1,streaming,WSClock,ProportionalAllocation,272,4,368800,{'trace_kind': 'synthetic'},0.3688
isolation,0,streaming,WSClock,ProportionalAllocation,272,5,349400,{'trace_kind': 'synthetic'},0.3494
isolation,1,streaming,WSClock,ProportionalAllocation,272,5,369800,{'trace_kind': 'synthetic'},0.3698
isolation,0,streaming,WSClock,ProportionalAllocation,272,6,339600,{'trace_kind': 'synthetic'},0.3396
isolation,1,streaming,WSClock,ProportionalAllocation,272,6,366100,{'trace_kind': 'synthetic'},0.3661
isolation,0,streaming,WSClock,ProportionalAllocation,272,7,349600,{'trace_kind': 'synthetic'},0.3496
isolation,1,streaming,WSClock,ProportionalAllocation,272,7,366600,{'trace_kind': 'synthetic'},0.3666
isolation,0,streaming,WSClock,ProportionalAllocation,272,8,343700,{'trace_kind': 'synthetic'},0.3437
isolation,1,streaming,WSClock,ProportionalAllocation,272,8,368500,{'trace_kind': 'synthetic'},0.3685
isolation,0,streaming,WSClock,ProportionalAllocation,272,9,341700,{'trace_kind': 'synthetic'},0.3417
isolation,1,streaming,WSClock,ProportionalAllocation,272,9,366100,{'trace_kind': 'synthetic'},0.3661
isolation,0,streaming,FIFO,GlobalAllocation,340,0,193200,{'trace_kind': 'synthetic'},0.1932
isolation,1,streaming,FIFO,GlobalAllocation,340,0,204100,{'trace_kind': 'synthetic'},0.2041
isolation,0,streaming,FIFO,GlobalAllocation,340,1,204300,{'trace_kind': 'synthetic'},0.2043
isolation,1,streaming,FIFO,GlobalAllocation,340,1,209900,{'trace_kind': 'synthetic'},0.2099
isolation,0,streaming,FIFO,GlobalAllocation,340,2,200400,{'trace_kind': 'synthetic'},0.2004
isolation,1,streaming,FIFO,GlobalAllocation,340,2,208200,{'trace_kind': 'synthetic'},0.2082
isolation,0,streaming,FIFO,GlobalAllocation,340,3,200400,{'trace_kind': 'synthetic'},0.2004
isolation,1,streaming,FIFO,GlobalAllocation,340,3,207300,{'trace_kind': 'synthetic'},0.2073
isolation,0,streaming,FIFO,GlobalAllocation,340,4,385800,{'trace_kind': 'synthetic'},0.3858
isolation,1,streaming,FIFO,GlobalAllocation,340,4,426000,{'trace_kind': 'synthetic'},0.426
isolation,0,streaming,FIFO,GlobalAllocation,340,5,201900,{'trace_kind': 'synthetic'},0.2019
isolation,1,streaming,FIFO,GlobalAllocation,340,5,214700,{'trace_kind': 'synthetic'},0.2147
isolation,0,streaming,FIFO,GlobalAllocation,340,6,200000,{'trace_kind': 'synthetic'},0.2
isolation,1,streaming,FIFO,GlobalAllocation,340,6,206400,{'trace_kind': 'synthetic'},0.2064
isolation,0,streaming,FIFO,GlobalAllocation,340,7,200600,{'trace_kind': 'synthetic'},0.2006
isolation,1,streaming,FIFO,GlobalAllocation,340,7,209500,{'trace_kind': 'synthetic'},0.2095
isolation,0,streaming,FIFO,GlobalAllocation,340,8,199200,{'trace_kind': 'synthetic'},0.1992
isolation,1,streaming,FIFO,GlobalAllocation,340,8,208000,{'trace_kind': 'synthetic'},0.208
isolation,0,streaming,FIFO,GlobalAllocation,340,9,199600,{'trace_kind': 'synthetic'},0.1996
isolation,1,streaming,FIFO,GlobalAllocation,340,9,209400,{'trace_kind': 'synthetic'},0.2094
isolation,0,streaming,FIFO,LocalAllocation,340,0,199500,{'trace_kind': 'synthetic'},0.1995
isolation,1,streaming,FIFO,LocalAllocation,340,0,211400,{'trace_kind': 'synthetic'},0.2114
isolation,0,streaming,FIFO,LocalAllocation,340,1,200100,{'trace_kind': 'synthetic'},0.2001
isolation,1,streaming,FIFO,LocalAllocation,340,1,204300,{'trace_kind': 'synthetic'},0.2043
isolation,0,streaming,FIFO,LocalAllocation,340,2,200300,{'trace_kind': 'synthetic'},0.2003
isolation,1,streaming,FIFO,LocalAllocation,340,2,210400,{'trace_kind': 'synthetic'},0.2104
isolation,0,streaming,FIFO,LocalAllocation,340,3,204300,{'trace_kind': 'synthetic'},0.2043
isolation,1,streaming,FIFO,LocalAllocation,340,3,208300,{'trace_kind': 'synthetic'},0.2083
isolation,0,streaming,FIFO,LocalAllocation,340,4,196500,{'trace_kind': 'synthetic'},0.1965
isolation,1,streaming,FIFO,LocalAllocation,340,4,210500,{'trace_kind': 'synthetic'},0.2105
isolation,0,streaming,FIFO,LocalAllocation,340,5,198900,{'trace_kind': 'synthetic'},0.1989
isolation,1,streaming,FIFO,LocalAllocation,340,5,391000,{'trace_kind': 'synthetic'},0.391
isolation,0,streaming,FIFO,LocalAllocation,340,6,200200,{'trace_kind': 'synthetic'},0.2002
isolation,1,streaming,FIFO,LocalAllocation,340,6,208700,{'trace_kind': 'synthetic'},0.2087
isolation,0,streaming,FIFO,LocalAllocation,340,7,198900,{'trace_kind': 'synthetic'},0.1989
isolation,1,streaming,FIFO,LocalAllocation,340,7,206200,{'trace_kind': 'synthetic'},0.2062
isolation,0,streaming,FIFO,LocalAllocation,340,8,196700,{'trace_kind': 'synthetic'},0.1967
isolation,1,streaming,FIFO,LocalAllocation,340,8,206900,{'trace_kind': 'synthetic'},0.2069
isolation,0,streaming,FIFO,LocalAllocation,340,9,198900,{'trace_kind': 'synthetic'},0.1989
isolation,1,streaming,FIFO,LocalAllocation,340,9,208700,{'trace_kind': 'synthetic'},0.2087
isolation,0,streaming,FIFO,ProportionalAllocation,340,0,197700,{'trace_kind': 'synthetic'},0.1977
isolation,1,streaming,FIFO,ProportionalAllocation,340,0,268100,{'trace_kind': 'synthetic'},0.2681
isolation,0,streaming,FIFO,ProportionalAllocation,340,1,391200,{'trace_kind': 'synthetic'},0.3912
isolation,1,streaming,FIFO,ProportionalAllocation,340,1,403900,{'trace_kind': 'synthetic'},0.4039
isolation,0,streaming,FIFO,ProportionalAllocation,340,2,200600,{'trace_kind': 'synthetic'},0.2006
isolation,1,streaming,FIFO,ProportionalAllocation,340,2,207700,{'trace_kind': 'synthetic'},0.2077
isolation,0,streaming,FIFO,ProportionalAllocation,340,3,203100,{'trace_kind': 'synthetic'},0.2031
isolation,1,streaming,FIFO,ProportionalAllocation,340,3,204900,{'trace_kind': 'synthetic'},0.2049
isolation,0,streaming,FIFO,ProportionalAllocation,340,4,202100,{'trace_kind': 'synthetic'},0.2021
isolation,1,streaming,FIFO,ProportionalAllocation,340,4,209600,{'trace_kind': 'synthetic'},0.2096
isolation,0,streaming,FIFO,ProportionalAllocation,340,5,206600,{'trace_kind': 'synthetic'},0.2066
isolation,1,streaming,FIFO,ProportionalAllocation,340,5,203200,{'trace_kind': 'synthetic'},0.2032
isolation,0,streaming,FIFO,ProportionalAllocation,340,6,201800,{'trace_kind': 'synthetic'},0.2018
isolation,1,streaming,FIFO,ProportionalAllocation,340,6,204300,{'trace_kind': 'synthetic'},0.2043
isolation,0,streaming,FIFO,ProportionalAllocation,340,7,198000,{'trace_kind': 'synthetic'},0.198
isolation,1,streaming,FIFO,ProportionalAllocation,340,7,212100,{'trace_kind': 'synthetic'},0.2121
isolation,0,streaming,FIFO,ProportionalAllocation,340,8,198500,{'trace_kind': 'synthetic'},0.1985
isolation,1,streaming,FIFO,ProportionalAllocation,340,8,211000,{'trace_kind': 'synthetic'},0.211
isolation,0,streaming,FIFO,ProportionalAllocation,340,9,200600,{'trace_kind': 'synthetic'},0.2006
isolation,1,streaming,FIFO,ProportionalAllocation,340,9,206600,{'trace_kind': 'synthetic'},0.2066
isolation,0,streaming,LRU,GlobalAllocation,340,0,319200,{'trace_kind': 'synthetic'},0.3192
isolation,1,streaming,LRU,GlobalAllocation,340,0,336400,{'trace_kind': 'synthetic'},0.3364
isolation,0,streaming,LRU,GlobalAllocation,340,1,329800,{'trace_kind': 'synthetic'},0.3298
isolation,1,streaming,LRU,GlobalAllocation,340,1,330300,{'trace_kind': 'synthetic'},0.3303
isolation,0,streaming,LRU,GlobalAllocation,340,2,330500,{'trace_kind': 'synthetic'},0.3305
isolation,1,streaming,LRU,GlobalAllocation,340,2,314100,{'trace_kind': 'synthetic'},0.3141
isolation,0,streaming,LRU,GlobalAllocation,340,3,326200,{'trace_kind': 'synthetic'},0.3262
isolation,1,streaming,LRU,GlobalAllocation,340,3,339300,{'trace_kind': 'synthetic'},0.3393
isolation,0,streaming,LRU,GlobalAllocation,340,4,318800,{'trace_kind': 'synthetic'},0.3188
isolation,1,streaming,LRU,GlobalAllocation,340,4,337900,{'trace_kind': 'synthetic'},0.3379
isolation,0,streaming,LRU,GlobalAllocation,340,5,323500,{'trace_kind': 'synthetic'},0.3235
isolation,1,streaming,LRU,GlobalAllocation,340,5,332700,{'trace_kind': 'synthetic'},0.3327
isolation,0,streaming,LRU,GlobalAllocation,340,6,320700,{'trace_kind': 'synthetic'},0.3207
isolation,1,streaming,LRU,GlobalAllocation,340,6,332600,{'trace_kind': 'synthetic'},0.3326
isolation,0,streaming,LRU,GlobalAllocation,340,7,319800,{'trace_kind': 'synthetic'},0.3198
isolation,1,streaming,LRU,GlobalAllocation,340,7,330200,{'trace_kind': 'synthetic'},0.3302
isolation,0,streaming,LRU,GlobalAllocation,340,8,320600,{'trace_kind': 'synthetic'},0.3206
isolation,1,streaming,LRU,GlobalAllocation,340,8,336400,{'trace_kind': 'synthetic'},0.3364
isolation,0,streaming,LRU,GlobalAllocation,340,9,325600,{'trace_kind': 'synthetic'},0.3256
isolation,1,streaming,LRU,GlobalAllocation,340,9,330500,{'trace_kind': 'synthetic'},0.3305
isolation,0,streaming,LRU,LocalAllocation,340,0,327700,{'trace_kind': 'synthetic'},0.3277
isolation,1,streaming,LRU,LocalAllocation,340,0,334600,{'trace_kind': 'synthetic'},0.3346
isolation,0,streaming,LRU,LocalAllocation,340,1,320900,{'trace_kind': 'synthetic'},0.3209
isolation,1,streaming,LRU,LocalAllocation,340,1,331000,{'trace_kind': 'synthetic'},0.331
isolation,0,streaming,LRU,LocalAllocation,340,2,321000,{'trace_kind': 'synthetic'},0.321
isolation,1,streaming,LRU,LocalAllocation,340,2,335300,{'trace_kind': 'synthetic'},0.3353
isolation,0,streaming,LRU,LocalAllocation,340,3,322400,{'trace_kind': 'synthetic'},0.3224
isolation,1,streaming,LRU,LocalAllocation,340,3,327100,{'trace_kind': 'synthetic'},0.3271
isolation,0,streaming,LRU,LocalAllocation,340,4,319400,{'trace_kind': 'synthetic'},0.3194
isolation,1,streaming,LRU,LocalAllocation,340,4,330400,{'trace_kind': 'synthetic'},0.3304
isolation,0,streaming,LRU,LocalAllocation,340,5,323800,{'trace_kind': 'synthetic'},0.3238
isolation,1,streaming,LRU,LocalAllocation,340,5,328100,{'trace_kind': 'synthetic'},0.3281
isolation,0,streaming,LRU,LocalAllocation,340,6,351000,{'trace_kind': 'synthetic'},0.351
isolation,1,streaming,LRU,LocalAllocation,340,6,407400,{'trace_kind': 'synthetic'},0.4074
isolation,0,streaming,LRU,LocalAllocation,340,7,326300,{'trace_kind': 'synthetic'},0.3263
isolation,1,streaming,LRU,LocalAllocation,340,7,331400,{'trace_kind': 'synthetic'},0.3314
isolation,0,streaming,LRU,LocalAllocation,340,8,326400,{'trace_kind': 'synthetic'},0.3264
isolation,1,streaming,LRU,LocalAllocation,340,8,332600,{'trace_kind': 'synthetic'},0.3326
isolation,0,streaming,LRU,LocalAllocation,340,9,333400,{'trace_kind': 'synthetic'},0.3334
isolation,1,streaming,LRU,LocalAllocation,340,9,335700,{'trace_kind': 'synthetic'},0.3357
isolation,0,streaming,LRU,ProportionalAllocation,340,0,322500,{'trace_kind': 'synthetic'},0.3225
isolation,1,streaming,LRU,ProportionalAllocation,340,0,330900,{'trace_kind': 'synthetic'},0.3309
isolation,0,streaming,LRU,ProportionalAllocation,340,1,325700,{'trace_kind': 'synthetic'},0.3257
isolation,1,streaming,LRU,ProportionalAllocation,340,1,327800,{'trace_kind': 'synthetic'},0.3278
isolation,0,streaming,LRU,ProportionalAllocation,340,2,480700,{'trace_kind': 'synthetic'},0.4807
isolation,1,streaming,LRU,ProportionalAllocation,340,2,328100,{'trace_kind': 'synthetic'},0.3281
isolation,0,streaming,LRU,ProportionalAllocation,340,3,322200,{'trace_kind': 'synthetic'},0.3222
isolation,1,streaming,LRU,ProportionalAllocation,340,3,330100,{'trace_kind': 'synthetic'},0.3301
isolation,0,streaming,LRU,ProportionalAllocation,340,4,318100,{'trace_kind': 'synthetic'},0.3181
isolation,1,streaming,LRU,ProportionalAllocation,340,4,331000,{'trace_kind': 'synthetic'},0.331
isolation,0,streaming,LRU,ProportionalAllocation,340,5,325200,{'trace_kind': 'synthetic'},0.3252
isolation,1,streaming,LRU,ProportionalAllocation,340,5,333000,{'trace_kind': 'synthetic'},0.333
isolation,0,streaming,LRU,ProportionalAllocation,340,6,325700,{'trace_kind': 'synthetic'},0.3257
isolation,1,streaming,LRU,ProportionalAllocation,340,6,328200,{'trace_kind': 'synthetic'},0.3282
isolation,0,streaming,LRU,ProportionalAllocation,340,7,321700,{'trace_kind': 'synthetic'},0.3217
isolation,1,streaming,LRU,ProportionalAllocation,340,7,343900,{'trace_kind': 'synthetic'},0.3439
isolation,0,streaming,LRU,ProportionalAllocation,340,8,323500,{'trace_kind': 'synthetic'},0.3235
isolation,1,streaming,LRU,ProportionalAllocation,340,8,333400,{'trace_kind': 'synthetic'},0.3334
isolation,0,streaming,LRU,ProportionalAllocation,340,9,324900,{'trace_kind': 'synthetic'},0.3249
isolation,1,streaming,LRU,ProportionalAllocation,340,9,337200,{'trace_kind': 'synthetic'},0.3372
isolation,0,streaming,NRU,GlobalAllocation,340,0,343200,{'trace_kind': 'synthetic'},0.3432
isolation,1,streaming,NRU,GlobalAllocation,340,0,376000,{'trace_kind': 'synthetic'},0.376
isolation,0,streaming,NRU,GlobalAllocation,340,1,365300,{'trace_kind': 'synthetic'},0.3653
isolation,1,streaming,NRU,GlobalAllocation,340,1,368600,{'trace_kind': 'synthetic'},0.3686
isolation,0,streaming,NRU,GlobalAllocation,340,2,344700,{'trace_kind': 'synthetic'},0.3447
isolation,1,streaming,NRU,GlobalAllocation,340,2,356100,{'trace_kind': 'synthetic'},0.3561
isolation,0,streaming,NRU,GlobalAllocation,340,3,366100,{'trace_kind': 'synthetic'},0.3661
isolation,1,streaming,NRU,GlobalAllocation,340,3,363600,{'trace_kind': 'synthetic'},0.3636
isolation,0,streaming,NRU,GlobalAllocation,340,4,344200,{'trace_kind': 'synthetic'},0.3442
isolation,1,streaming,NRU,GlobalAllocation,340,4,361700,{'trace_kind': 'synthetic'},0.3617
isolation,0,streaming,NRU,GlobalAllocation,340,5,372800,{'trace_kind': 'synthetic'},0.3728
isolation,1,streaming,NRU,GlobalAllocation,340,5,354700,{'trace_kind': 'synthetic'},0.3547
isolation,0,streaming,NRU,GlobalAllocation,340,6,368200,{'trace_kind': 'synthetic'},0.3682
isolation,1,streaming,NRU,GlobalAllocation,340,6,375000,{'trace_kind': 'synthetic'},0.375
isolation,0,streaming,NRU,GlobalAllocation,340,7,356100,{'trace_kind': 'synthetic'},0.3561
isolation,1,streaming,NRU,GlobalAllocation,340,7,362600,{'trace_kind': 'synthetic'},0.3626
isolation,0,streaming,NRU,GlobalAllocation,340,8,574900,{'trace_kind': 'synthetic'},0.5749
isolation,1,streaming,NRU,GlobalAllocation,340,8,388400,{'trace_kind': 'synthetic'},0.3884
isolation,0,streaming,NRU,GlobalAllocation,340,9,352200,{'trace_kind': 'synthetic'},0.3522
isolation,1,streaming,NRU,GlobalAllocation,340,9,363300,{'trace_kind': 'synthetic'},0.3633
isolation,0,streaming,NRU,LocalAllocation,340,0,363200,{'trace_kind': 'synthetic'},0.3632
isolation,1,streaming,NRU,LocalAllocation,340,0,387000,{'trace_kind': 'synthetic'},0.387
isolation,0,streaming,NRU,LocalAllocation,340,1,504100,{'trace_kind': 'synthetic'},0.5041
isolation,1,streaming,NRU,LocalAllocation,340,1,390800,{'trace_kind': 'synthetic'},0.3908
isolation,0,streaming,NRU,LocalAllocation,340,2,348700,{'trace_kind': 'synthetic'},0.3487
isolation,1,streaming,NRU,LocalAllocation,340,2,353100,{'trace_kind': 'synthetic'},0.3531
isolation,0,streaming,NRU,LocalAllocation,340,3,823800,{'trace_kind': 'synthetic'},0.8238
isolation,1,streaming,NRU,LocalAllocation,340,3,721900,{'trace_kind': 'synthetic'},0.7219
isolation,0,streaming,NRU,LocalAllocation,340,4,358500,{'trace_kind': 'synthetic'},0.3585
isolation,1,streaming,NRU,LocalAllocation,340,4,358600,{'trace_kind': 'synthetic'},0.3586
isolation,0,streaming,NRU,LocalAllocation,340,5,344100,{'trace_kind': 'synthetic'},0.3441
isolation,1,streaming,NRU,LocalAllocation,340,5,355200,{'trace_kind': 'synthetic'},0.3552
isolation,0,streaming,NRU,LocalAllocation,340,6,347400,{'trace_kind': 'synthetic'},0.3474
isolation,1,streaming,NRU,LocalAllocation,340,6,358500,{'trace_kind': 'synthetic'},0.3585
isolation,0,streaming,NRU,LocalAllocation,340,7,344900,{'trace_kind': 'synthetic'},0.3449
isolation,1,streaming,NRU,LocalAllocation,340,7,357700,{'trace_kind': 'synthetic'},0.3577
isolation,0,streaming,NRU,LocalAllocation,340,8,364100,{'trace_kind': 'synthetic'},0.3641
isolation,1,streaming,NRU,LocalAllocation,340,8,379000,{'trace_kind': 'synthetic'},0.379
isolation,0,streaming,NRU,LocalAllocation,340,9,357700,{'trace_kind': 'synthetic'},0.3577
isolation,1,streaming,NRU,LocalAllocation,340,9,361500,{'trace_kind': 'synthetic'},0.3615
isolation,0,streaming,NRU,ProportionalAllocation,340,0,427500,{'trace_kind': 'synthetic'},0.4275
isolation,1,streaming,NRU,ProportionalAllocation,340,0,386500,{'trace_kind': 'synthetic'},0.3865
isolation,0,streaming,NRU,ProportionalAllocation,340,1,625900,{'trace_kind': 'synthetic'},0.6259
isolation,1,streaming,NRU,ProportionalAllocation,340,1,681200,{'trace_kind': 'synthetic'},0.6812
isolation,0,streaming,NRU,ProportionalAllocation,340,2,369000,{'trace_kind': 'synthetic'},0.369
isolation,1,streaming,NRU,ProportionalAllocation,340,2,359200,{'trace_kind': 'synthetic'},0.3592
isolation,0,streaming,NRU,ProportionalAllocation,340,3,358400,{'trace_kind': 'synthetic'},0.3584
isolation,1,streaming,NRU,ProportionalAllocation,340,3,361800,{'trace_kind': 'synthetic'},0.3618
isolation,0,streaming,NRU,ProportionalAllocation,340,4,381600,{'trace_kind': 'synthetic'},0.3816
isolation,1,streaming,NRU,ProportionalAllocation,340,4,644200,{'trace_kind': 'synthetic'},0.6442
isolation,0,streaming,NRU,ProportionalAllocation,340,5,347600,{'trace_kind': 'synthetic'},0.3476
isolation,1,streaming,NRU,ProportionalAllocation,340,5,358700,{'trace_kind': 'synthetic'},0.3587
isolation,0,streaming,NRU,ProportionalAllocation,340,6,366200,{'trace_kind': 'synthetic'},0.3662
isolation,1,streaming,NRU,ProportionalAllocation,340,6,357200,{'trace_kind': 'synthetic'},0.3572
isolation,0,streaming,NRU,ProportionalAllocation,340,7,346700,{'trace_kind': 'synthetic'},0.3467
isolation,1,streaming,NRU,ProportionalAllocation,340,7,362600,{'trace_kind': 'synthetic'},0.3626
isolation,0,streaming,NRU,ProportionalAllocation,340,8,347100,{'trace_kind': 'synthetic'},0.3471
isolation,1,streaming,NRU,ProportionalAllocation,340,8,376700,{'trace_kind': 'synthetic'},0.3767
isolation,0,streaming,NRU,ProportionalAllocation,340,9,355300,{'trace_kind': 'synthetic'},0.3553
isolation,1,streaming,NRU,ProportionalAllocation,340,9,357800,{'trace_kind': 'synthetic'},0.3578
isolation,0,streaming,SecondChance,GlobalAllocation,340,0,336000,{'trace_kind': 'synthetic'},0.336
isolation,1,streaming,SecondChance,GlobalAllocation,340,0,368800,{'trace_kind': 'synthetic'},0.3688
isolation,0,streaming,SecondChance,GlobalAllocation,340,1,345300,{'trace_kind': 'synthetic'},0.3453
isolation,1,streaming,SecondChance,GlobalAllocation,340,1,366900,{'trace_kind': 'synthetic'},0.3669
isolation,0,streaming,SecondChance,GlobalAllocation,340,2,345600,{'trace_kind': 'synthetic'},0.3456
isolation,1,streaming,SecondChance,GlobalAllocation,340,2,368500,{'trace_kind': 'synthetic'},0.3685
isolation,0,streaming,SecondChance,GlobalAllocation,340,3,346700,{'trace_kind': 'synthetic'},0.3467
isolation,1,streaming,SecondChance,GlobalAllocation,340,3,370400,{'trace_kind': 'synthetic'},0.3704
isolation,0,streaming,SecondChance,GlobalAllocation,340,4,341500,{'trace_kind': 'synthetic'},0.3415
isolation,1,streaming,SecondChance,GlobalAllocation,340,4,367900,{'trace_kind': 'synthetic'},0.3679
isolation,0,streaming,SecondChance,GlobalAllocation,340,5,350700,{'trace_kind': 'synthetic'},0.3507
isolation,1,streaming,SecondChance,GlobalAllocation,340,5,365600,{'trace_kind': 'synthetic'},0.3656
isolation,0,streaming,SecondChance,GlobalAllocation,340,6,342600,{'trace_kind': 'synthetic'},0.3426
isolation,1,streaming,SecondChance,GlobalAllocation,340,6,367700,{'trace_kind': 'synthetic'},0.3677
isolation,0,streaming,SecondChance,GlobalAllocation,340,7,346000,{'trace_kind': 'synthetic'},0.346
isolation,1,streaming,SecondChance,GlobalAllocation,340,7,366100,{'trace_kind': 'synthetic'},0.3661
isolation,0,streaming,SecondChance,GlobalAllocation,340,8,339800,{'trace_kind': 'synthetic'},0.3398
isolation,1,streaming,SecondChance,GlobalAllocation,340,8,371200,{'trace_kind': 'synthetic'},0.3712
isolation,0,streaming,SecondChance,GlobalAllocation,340,9,335600,{'trace_kind': 'synthetic'},0.3356
isolation,1,streaming,SecondChance,GlobalAllocation,340,9,353000,{'trace_kind': 'synthetic'},0.353
isolation,0,streaming,SecondChance,LocalAllocation,340,0,346800,{'trace_kind': 'synthetic'},0.3468
isolation,1,streaming,SecondChance,LocalAllocation,340,0,367600,{'trace_kind': 'synthetic'},0.3676
isolation,0,streaming,SecondChance,LocalAllocation,340,1,342800,{'trace_kind': 'synthetic'},0.3428
isolation,1,streaming,SecondChance,LocalAllocation,340,1,369400,{'trace_kind': 'synthetic'},0.3694
isolation,0,streaming,SecondChance,LocalAllocation,340,2,347900,{'trace_kind': 'synthetic'},0.3479
isolation,1,streaming,SecondChance,LocalAllocation,340,2,375200,{'trace_kind': 'synthetic'},0.3752
isolation,0,streaming,SecondChance,LocalAllocation,340,3,344500,{'trace_kind': 'synthetic'},0.3445
isolation,1,streaming,SecondChance,LocalAllocation,340,3,383800,{'trace_kind': 'synthetic'},0.3838
isolation,0,streaming,SecondChance,LocalAllocation,340,4,342600,{'trace_kind': 'synthetic'},0.3426
isolation,1,streaming,SecondChance,LocalAllocation,340,4,381100,{'trace_kind': 'synthetic'},0.3811
isolation,0,streaming,SecondChance,LocalAllocation,340,5,345900,{'trace_kind': 'synthetic'},0.3459
isolation,1,streaming,SecondChance,LocalAllocation,340,5,369800,{'trace_kind': 'synthetic'},0.3698
isolation,0,streaming,SecondChance,LocalAllocation,340,6,347200,{'trace_kind': 'synthetic'},0.3472
isolation,1,streaming,SecondChance,LocalAllocation,340,6,365700,{'trace_kind': 'synthetic'},0.3657
isolation,0,streaming,SecondChance,LocalAllocation,340,7,343900,{'trace_kind': 'synthetic'},0.3439
isolation,1,streaming,SecondChance,LocalAllocation,340,7,409700,{'trace_kind': 'synthetic'},0.4097
isolation,0,streaming,SecondChance,LocalAllocation,340,8,341000,{'trace_kind': 'synthetic'},0.341
isolation,1,streaming,SecondChance,LocalAllocation,340,8,370700,{'trace_kind': 'synthetic'},0.3707
isolation,0,streaming,SecondChance,LocalAllocation,340,9,343000,{'trace_kind': 'synthetic'},0.343
isolation,1,streaming,SecondChance,LocalAllocation,340,9,370400,{'trace_kind': 'synthetic'},0.3704
isolation,0,streaming,SecondChance,ProportionalAllocation,340,0,341200,{'trace_kind': 'synthetic'},0.3412
isolation,1,streaming,SecondChance,ProportionalAllocation,340,0,374200,{'trace_kind': 'synthetic'},0.3742
isolation,0,streaming,SecondChance,ProportionalAllocation,340,1,344800,{'trace_kind': 'synthetic'},0.3448
isolation,1,streaming,SecondChance,ProportionalAllocation,340,1,374000,{'trace_kind': 'synthetic'},0.374
isolation,0,streaming,SecondChance,ProportionalAllocation,340,2,344900,{'trace_kind': 'synthetic'},0.3449
isolation,1,streaming,SecondChance,ProportionalAllocation,340,2,367500,{'trace_kind': 'synthetic'},0.3675
isolation,0,streaming,SecondChance,ProportionalAllocation,340,3,344300,{'trace_kind': 'synthetic'},0.3443
isolation,1,streaming,SecondChance,ProportionalAllocation,340,3,366900,{'trace_kind': 'synthetic'},0.3669
isolation,0,streaming,SecondChance,ProportionalAllocation,340,4,687800,{'trace_kind': 'synthetic'},0.6878
isolation,1,streaming,SecondChance,ProportionalAllocation,340,4,713900,{'trace_kind': 'synthetic'},0.7139
isolation,0,streaming,SecondChance,ProportionalAllocation,340,5,339800,{'trace_kind': 'synthetic'},0.3398
isolation,1,streaming,SecondChance,ProportionalAllocation,340,5,365200,{'trace_kind': 'synthetic'},0.3652
isolation,0,streaming,SecondChance,ProportionalAllocation,340,6,340800,{'trace_kind': 'synthetic'},0.3408
isolation,1,streaming,SecondChance,ProportionalAllocation,340,6,400600,{'trace_kind': 'synthetic'},0.4006
isolation,0,streaming,SecondChance,ProportionalAllocation,340,7,344500,{'trace_kind': 'synthetic'},0.3445
isolation,1,streaming,SecondChance,ProportionalAllocation,340,7,370200,{'trace_kind': 'synthetic'},0.3702
isolation,0,streaming,SecondChance,ProportionalAllocation,340,8,348200,{'trace_kind': 'synthetic'},0.3482
isolation,1,streaming,SecondChance,ProportionalAllocation,340,8,387500,{'trace_kind': 'synthetic'},0.3875
isolation,0,streaming,SecondChance,ProportionalAllocation,340,9,343800,{'trace_kind': 'synthetic'},0.3438
isolation,1,streaming,SecondChance,ProportionalAllocation,340,9,376500,{'trace_kind': 'synthetic'},0.3765
isolation,0,streaming,WSClock,GlobalAllocation,340,0,342000,{'trace_kind': 'synthetic'},0.342
isolation,1,streaming,WSClock,GlobalAllocation,340,0,379700,{'trace_kind': 'synthetic'},0.3797
isolation,0,streaming,WSClock,GlobalAllocation,340,1,347400,{'trace_kind': 'synthetic'},0.3474
isolation,1,streaming,WSClock,GlobalAllocation,340,1,371700,{'trace_kind': 'synthetic'},0.3717
isolation,0,streaming,WSClock,GlobalAllocation,340,2,344400,{'trace_kind': 'synthetic'},0.3444
isolation,1,streaming,WSClock,GlobalAllocation,340,2,373900,{'trace_kind': 'synthetic'},0.3739
isolation,0,streaming,WSClock,GlobalAllocation,340,3,350700,{'trace_kind': 'synthetic'},0.3507
isolation,1,streaming,WSClock,GlobalAllocation,340,3,370500,{'trace_kind': 'synthetic'},0.3705
isolation,0,streaming,WSClock,GlobalAllocation,340,4,341900,{'trace_kind': 'synthetic'},0.3419
isolation,1,streaming,WSClock,GlobalAllocation,340,4,369400,{'trace_kind': 'synthetic'},0.3694
isolation,0,streaming,WSClock,GlobalAllocation,340,5,343300,{'trace_kind': 'synthetic'},0.3433
isolation,1,streaming,WSClock,GlobalAllocation,340,5,368900,{'trace_kind': 'synthetic'},0.3689
isolation,0,streaming,WSClock,GlobalAllocation,340,6,345000,{'trace_kind': 'synthetic'},0.345
isolation,1,streaming,WSClock,GlobalAllocation,340,6,369900,{'trace_kind': 'synthetic'},0.3699
isolation,0,streaming,WSClock,GlobalAllocation,340,7,345200,{'trace_kind': 'synthetic'},0.3452
isolation,1,streaming,WSClock,GlobalAllocation,340,7,371500,{'trace_kind': 'synthetic'},0.3715
isolation,0,streaming,WSClock,GlobalAllocation,340,8,335800,{'trace_kind': 'synthetic'},0.3358
isolation,1,streaming,WSClock,GlobalAllocation,340,8,379500,{'trace_kind': 'synthetic'},0.3795
isolation,0,streaming,WSClock,GlobalAllocation,340,9,362600,{'trace_kind': 'synthetic'},0.3626
isolation,1,streaming,WSClock,GlobalAllocation,340,9,366700,{'trace_kind': 'synthetic'},0.3667
isolation,0,streaming,WSClock,LocalAllocation,340,0,339300,{'trace_kind': 'synthetic'},0.3393
isolation,1,streaming,WSClock,LocalAllocation,340,0,369000,{'trace_kind': 'synthetic'},0.369
isolation,0,streaming,WSClock,LocalAllocation,340,1,343300,{'trace_kind': 'synthetic'},0.3433
isolation,1,streaming,WSClock,LocalAllocation,340,1,378000,{'trace_kind': 'synthetic'},0.378
isolation,0,streaming,WSClock,LocalAllocation,340,2,695300,{'trace_kind': 'synthetic'},0.6953
isolation,1,streaming,WSClock,LocalAllocation,340,2,771700,{'trace_kind': 'synthetic'},0.7717
isolation,0,streaming,WSClock,LocalAllocation,340,3,346600,{'trace_kind': 'synthetic'},0.3466
isolation,1,streaming,WSClock,LocalAllocation,340,3,362100,{'trace_kind': 'synthetic'},0.3621
isolation,0,streaming,WSClock,LocalAllocation,340,4,343800,{'trace_kind': 'synthetic'},0.3438
isolation,1,streaming,WSClock,LocalAllocation,340,4,415300,{'trace_kind': 'synthetic'},0.4153
isolation,0,streaming,WSClock,LocalAllocation,340,5,344400,{'trace_kind': 'synthetic'},0.3444
isolation,1,streaming,WSClock,LocalAllocation,340,5,366000,{'trace_kind': 'synthetic'},0.366
isolation,0,streaming,WSClock,LocalAllocation,340,6,346200,{'trace_kind': 'synthetic'},0.3462
isolation,1,streaming,WSClock,LocalAllocation,340,6,368200,{'trace_kind': 'synthetic'},0.3682
isolation,0,streaming,WSClock,LocalAllocation,340,7,341900,{'trace_kind': 'synthetic'},0.3419
isolation,1,streaming,WSClock,LocalAllocation,340,7,373800,{'trace_kind': 'synthetic'},0.3738
isolation,0,streaming,WSClock,LocalAllocation,340,8,341300,{'trace_kind': 'synthetic'},0.3413
isolation,1,streaming,WSClock,LocalAllocation,340,8,375500,{'trace_kind': 'synthetic'},0.3755
isolation,0,streaming,WSClock,LocalAllocation,340,9,353400,{'trace_kind': 'synthetic'},0.3534
isolation,1,streaming,WSClock,LocalAllocation,340,9,370700,{'trace_kind': 'synthetic'},0.3707
isolation,0,streaming,WSClock,ProportionalAllocation,340,0,337900,{'trace_kind': 'synthetic'},0.3379
isolation,1,streaming,WSClock,ProportionalAllocation,340,0,368300,{'trace_kind': 'synthetic'},0.3683
isolation,0,streaming,WSClock,ProportionalAllocation,340,1,344100,{'trace_kind': 'synthetic'},0.3441
isolation,1,streaming,WSClock,ProportionalAllocation,340,1,369600,{'trace_kind': 'synthetic'},0.3696
isolation,0,streaming,WSClock,ProportionalAllocation,340,2,667700,{'trace_kind': 'synthetic'},0.6677
isolation,1,streaming,WSClock,ProportionalAllocation,340,2,685700,{'trace_kind': 'synthetic'},0.6857
isolation,0,streaming,WSClock,ProportionalAllocation,340,3,359800,{'trace_kind': 'synthetic'},0.3598
isolation,1,streaming,WSClock,ProportionalAllocation,340,3,365600,{'trace_kind': 'synthetic'},0.3656
isolation,0,streaming,WSClock,ProportionalAllocation,340,4,342900,{'trace_kind': 'synthetic'},0.3429
isolation,1,streaming,WSClock,ProportionalAllocation,340,4,370000,{'trace_kind': 'synthetic'},0.37
isolation,0,streaming,WSClock,ProportionalAllocation,340,5,341100,{'trace_kind': 'synthetic'},0.3411
isolation,1,streaming,WSClock,ProportionalAllocation,340,5,367100,{'trace_kind': 'synthetic'},0.3671
isolation,0,streaming,WSClock,ProportionalAllocation,340,6,342700,{'trace_kind': 'synthetic'},0.3427
isolation,1,streaming,WSClock,ProportionalAllocation,340,6,370500,{'trace_kind': 'synthetic'},0.3705
isolation,0,streaming,WSClock,ProportionalAllocation,340,7,359200,{'trace_kind': 'synthetic'},0.3592
isolation,1,streaming,WSClock,ProportionalAllocation,340,7,365700,{'trace_kind': 'synthetic'},0.3657
isolation,0,streaming,WSClock,ProportionalAllocation,340,8,340400,{'trace_kind': 'synthetic'},0.3404
isolation,1,streaming,WSClock,ProportionalAllocation,340,8,365200,{'trace_kind': 'synthetic'},0.3652
isolation,0,streaming,WSClock,ProportionalAllocation,340,9,347500,{'trace_kind': 'synthetic'},0.3475
isolation,1,streaming,WSClock,ProportionalAllocation,340,9,371900,{'trace_kind': 'synthetic'},0.3719
isolation,0,streaming,FIFO,GlobalAllocation,408,0,201000,{'trace_kind': 'synthetic'},0.201
isolation,1,streaming,FIFO,GlobalAllocation,408,0,209200,{'trace_kind': 'synthetic'},0.2092
isolation,0,streaming,FIFO,GlobalAllocation,408,1,205200,{'trace_kind': 'synthetic'},0.2052
isolation,1,streaming,FIFO,GlobalAllocation,408,1,205800,{'trace_kind': 'synthetic'},0.2058
isolation,0,streaming,FIFO,GlobalAllocation,408,2,197400,{'trace_kind': 'synthetic'},0.1974
isolation,1,streaming,FIFO,GlobalAllocation,408,2,207000,{'trace_kind': 'synthetic'},0.207
isolation,0,streaming,FIFO,GlobalAllocation,408,3,198400,{'trace_kind': 'synthetic'},0.1984
isolation,1,streaming,FIFO,GlobalAllocation,408,3,204800,{'trace_kind': 'synthetic'},0.2048
isolation,0,streaming,FIFO,GlobalAllocation,408,4,205000,{'trace_kind': 'synthetic'},0.205
isolation,1,streaming,FIFO,GlobalAllocation,408,4,216200,{'trace_kind': 'synthetic'},0.2162
isolation,0,streaming,FIFO,GlobalAllocation,408,5,201500,{'trace_kind': 'synthetic'},0.2015
isolation,1,streaming,FIFO,GlobalAllocation,408,5,206800,{'trace_kind': 'synthetic'},0.2068
isolation,0,streaming,FIFO,GlobalAllocation,408,6,204200,{'trace_kind': 'synthetic'},0.2042
isolation,1,streaming,FIFO,GlobalAllocation,408,6,207200,{'trace_kind': 'synthetic'},0.2072
isolation,0,streaming,FIFO,GlobalAllocation,408,7,201600,{'trace_kind': 'synthetic'},0.2016
isolation,1,streaming,FIFO,GlobalAllocation,408,7,211500,{'trace_kind': 'synthetic'},0.2115
isolation,0,streaming,FIFO,GlobalAllocation,408,8,198700,{'trace_kind': 'synthetic'},0.1987
isolation,1,streaming,FIFO,GlobalAllocation,408,8,210400,{'trace_kind': 'synthetic'},0.2104
isolation,0,streaming,FIFO,GlobalAllocation,408,9,197600,{'trace_kind': 'synthetic'},0.1976
isolation,1,streaming,FIFO,GlobalAllocation,408,9,211100,{'trace_kind': 'synthetic'},0.2111
isolation,0,streaming,FIFO,LocalAllocation,408,0,197500,{'trace_kind': 'synthetic'},0.1975
isolation,1,streaming,FIFO,LocalAllocation,408,0,210200,{'trace_kind': 'synthetic'},0.2102
isolation,0,streaming,FIFO,LocalAllocation,408,1,202100,{'trace_kind': 'synthetic'},0.2021
isolation,1,streaming,FIFO,LocalAllocation,408,1,205900,{'trace_kind': 'synthetic'},0.2059
isolation,0,streaming,FIFO,LocalAllocation,408,2,199200,{'trace_kind': 'synthetic'},0.1992
isolation,1,streaming,FIFO,LocalAllocation,408,2,207600,{'trace_kind': 'synthetic'},0.2076
isolation,0,streaming,FIFO,LocalAllocation,408,3,194900,{'trace_kind': 'synthetic'},0.1949
isolation,1,streaming,FIFO,LocalAllocation,408,3,206700,{'trace_kind': 'synthetic'},0.2067
isolation,0,streaming,FIFO,LocalAllocation,408,4,199400,{'trace_kind': 'synthetic'},0.1994
isolation,1,streaming,FIFO,LocalAllocation,408,4,211400,{'trace_kind': 'synthetic'},0.2114
isolation,0,streaming,FIFO,LocalAllocation,408,5,201300,{'trace_kind': 'synthetic'},0.2013
isolation,1,streaming,FIFO,LocalAllocation,408,5,204600,{'trace_kind': 'synthetic'},0.2046
isolation,0,streaming,FIFO,LocalAllocation,408,6,199900,{'trace_kind': 'synthetic'},0.1999
isolation,1,streaming,FIFO,LocalAllocation,408,6,208700,{'trace_kind': 'synthetic'},0.2087
isolation,0,streaming,FIFO,LocalAllocation,408,7,198700,{'trace_kind': 'synthetic'},0.1987
isolation,1,streaming,FIFO,LocalAllocation,408,7,207200,{'trace_kind': 'synthetic'},0.2072
isolation,0,streaming,FIFO,LocalAllocation,408,8,200900,{'trace_kind': 'synthetic'},0.2009
isolation,1,streaming,FIFO,LocalAllocation,408,8,209700,{'trace_kind': 'synthetic'},0.2097
isolation,0,streaming,FIFO,LocalAllocation,408,9,198900,{'trace_kind': 'synthetic'},0.1989
isolation,1,streaming,FIFO,LocalAllocation,408,9,208600,{'trace_kind': 'synthetic'},0.2086
isolation,0,streaming,FIFO,ProportionalAllocation,408,0,199200,{'trace_kind': 'synthetic'},0.1992
isolation,1,streaming,FIFO,ProportionalAllocation,408,0,207000,{'trace_kind': 'synthetic'},0.207
isolation,0,streaming,FIFO,ProportionalAllocation,408,1,202400,{'trace_kind': 'synthetic'},0.2024
isolation,1,streaming,FIFO,ProportionalAllocation,408,1,209200,{'trace_kind': 'synthetic'},0.2092
isolation,0,streaming,FIFO,ProportionalAllocation,408,2,198200,{'trace_kind': 'synthetic'},0.1982
isolation,1,streaming,FIFO,ProportionalAllocation,408,2,206900,{'trace_kind': 'synthetic'},0.2069
isolation,0,streaming,FIFO,ProportionalAllocation,408,3,201900,{'trace_kind': 'synthetic'},0.2019
isolation,1,streaming,FIFO,ProportionalAllocation,408,3,207700,{'trace_kind': 'synthetic'},0.2077
isolation,0,streaming,FIFO,ProportionalAllocation,408,4,196500,{'trace_kind': 'synthetic'},0.1965
isolation,1,streaming,FIFO,ProportionalAllocation,408,4,210700,{'trace_kind': 'synthetic'},0.2107
isolation,0,streaming,FIFO,ProportionalAllocation,408,5,201700,{'trace_kind': 'synthetic'},0.2017
isolation,1,streaming,FIFO,ProportionalAllocation,408,5,208700,{'trace_kind': 'synthetic'},0.2087
isolation,0,streaming,FIFO,ProportionalAllocation,408,6,198300,{'trace_kind': 'synthetic'},0.1983
isolation,1,streaming,FIFO,ProportionalAllocation,408,6,210400,{'trace_kind': 'synthetic'},0.2104
isolation,0,streaming,FIFO,ProportionalAllocation,408,7,197600,{'trace_kind': 'synthetic'},0.1976
isolation,1,streaming,FIFO,ProportionalAllocation,408,7,209800,{'trace_kind': 'synthetic'},0.2098
isolation,0,streaming,FIFO,ProportionalAllocation,408,8,201200,{'trace_kind': 'synthetic'},0.2012
isolation,1,streaming,FIFO,ProportionalAllocation,408,8,207900,{'trace_kind': 'synthetic'},0.2079
isolation,0,streaming,FIFO,ProportionalAllocation,408,9,189200,{'trace_kind': 'synthetic'},0.1892
isolation,1,streaming,FIFO,ProportionalAllocation,408,9,207900,{'trace_kind': 'synthetic'},0.2079
isolation,0,streaming,LRU,GlobalAllocation,408,0,322600,{'trace_kind': 'synthetic'},0.3226
isolation,1,streaming,LRU,GlobalAllocation,408,0,338300,{'trace_kind': 'synthetic'},0.3383
isolation,0,streaming,LRU,GlobalAllocation,408,1,322400,{'trace_kind': 'synthetic'},0.3224
isolation,1,streaming,LRU,GlobalAllocation,408,1,331100,{'trace_kind': 'synthetic'},0.3311
isolation,0,streaming,LRU,GlobalAllocation,408,2,319200,{'trace_kind': 'synthetic'},0.3192
isolation,1,streaming,LRU,GlobalAllocation,408,2,333600,{'trace_kind': 'synthetic'},0.3336
isolation,0,streaming,LRU,GlobalAllocation,408,3,326700,{'trace_kind': 'synthetic'},0.3267
isolation,1,streaming,LRU,GlobalAllocation,408,3,335200,{'trace_kind': 'synthetic'},0.3352
isolation,0,streaming,LRU,GlobalAllocation,408,4,320400,{'trace_kind': 'synthetic'},0.3204
isolation,1,streaming,LRU,GlobalAllocation,408,4,336800,{'trace_kind': 'synthetic'},0.3368
isolation,0,streaming,LRU,GlobalAllocation,408,5,661500,{'trace_kind': 'synthetic'},0.6615
isolation,1,streaming,LRU,GlobalAllocation,408,5,669600,{'trace_kind': 'synthetic'},0.6696
isolation,0,streaming,LRU,GlobalAllocation,408,6,324300,{'trace_kind': 'synthetic'},0.3243
isolation,1,streaming,LRU,GlobalAllocation,408,6,329100,{'trace_kind': 'synthetic'},0.3291
isolation,0,streaming,LRU,GlobalAllocation,408,7,322900,{'trace_kind': 'synthetic'},0.3229
isolation,1,streaming,LRU,GlobalAllocation,408,7,332400,{'trace_kind': 'synthetic'},0.3324
isolation,0,streaming,LRU,GlobalAllocation,408,8,323500,{'trace_kind': 'synthetic'},0.3235
isolation,1,streaming,LRU,GlobalAllocation,408,8,335200,{'trace_kind': 'synthetic'},0.3352
isolation,0,streaming,LRU,GlobalAllocation,408,9,320300,{'trace_kind': 'synthetic'},0.3203
isolation,1,streaming,LRU,GlobalAllocation,408,9,332800,{'trace_kind': 'synthetic'},0.3328
isolation,0,streaming,LRU,LocalAllocation,408,0,323600,{'trace_kind': 'synthetic'},0.3236
isolation,1,streaming,LRU,LocalAllocation,408,0,332900,{'trace_kind': 'synthetic'},0.3329
isolation,0,streaming,LRU,LocalAllocation,408,1,327600,{'trace_kind': 'synthetic'},0.3276
isolation,1,streaming,LRU,LocalAllocation,408,1,336500,{'trace_kind': 'synthetic'},0.3365
isolation,0,streaming,LRU,LocalAllocation,408,2,321500,{'trace_kind': 'synthetic'},0.3215
isolation,1,streaming,LRU,LocalAllocation,408,2,333600,{'trace_kind': 'synthetic'},0.3336
isolation,0,streaming,LRU,LocalAllocation,408,3,320800,{'trace_kind': 'synthetic'},0.3208
isolation,1,streaming,LRU,LocalAllocation,408,3,331000,{'trace_kind': 'synthetic'},0.331
isolation,0,streaming,LRU,LocalAllocation,408,4,2356400,{'trace_kind': 'synthetic'},2.3564
isolation,1,streaming,LRU,LocalAllocation,408,4,744100,{'trace_kind': 'synthetic'},0.7441
isolation,0,streaming,LRU,LocalAllocation,408,5,319400,{'trace_kind': 'synthetic'},0.3194
isolation,1,streaming,LRU,LocalAllocation,408,5,326000,{'trace_kind': 'synthetic'},0.326
isolation,0,streaming,LRU,LocalAllocation,408,6,319400,{'trace_kind': 'synthetic'},0.3194
isolation,1,streaming,LRU,LocalAllocation,408,6,329100,{'trace_kind': 'synthetic'},0.3291
isolation,0,streaming,LRU,LocalAllocation,408,7,323900,{'trace_kind': 'synthetic'},0.3239
isolation,1,streaming,LRU,LocalAllocation,408,7,331400,{'trace_kind': 'synthetic'},0.3314
isolation,0,streaming,LRU,LocalAllocation,408,8,318900,{'trace_kind': 'synthetic'},0.3189
isolation,1,streaming,LRU,LocalAllocation,408,8,329200,{'trace_kind': 'synthetic'},0.3292
isolation,0,streaming,LRU,LocalAllocation,408,9,319200,{'trace_kind': 'synthetic'},0.3192
isolation,1,streaming,LRU,LocalAllocation,408,9,331300,{'trace_kind': 'synthetic'},0.3313
isolation,0,streaming,LRU,ProportionalAllocation,408,0,319100,{'trace_kind': 'synthetic'},0.3191
isolation,1,streaming,LRU,ProportionalAllocation,408,0,334300,{'trace_kind': 'synthetic'},0.3343
isolation,0,streaming,LRU,ProportionalAllocation,408,1,321200,{'trace_kind': 'synthetic'},0.3212
isolation,1,streaming,LRU,ProportionalAllocation,408,1,328700,{'trace_kind': 'synthetic'},0.3287
isolation,0,streaming,LRU,ProportionalAllocation,408,2,317700,{'trace_kind': 'synthetic'},0.3177
isolation,1,streaming,LRU,ProportionalAllocation,408,2,330000,{'trace_kind': 'synthetic'},0.33
isolation,0,streaming,LRU,ProportionalAllocation,408,3,320500,{'trace_kind': 'synthetic'},0.3205
isolation,1,streaming,LRU,ProportionalAllocation,408,3,329500,{'trace_kind': 'synthetic'},0.3295
isolation,0,streaming,LRU,ProportionalAllocation,408,4,324400,{'trace_kind': 'synthetic'},0.3244
isolation,1,streaming,LRU,ProportionalAllocation,408,4,335900,{'trace_kind': 'synthetic'},0.3359
isolation,0,streaming,LRU,ProportionalAllocation,408,5,324200,{'trace_kind': 'synthetic'},0.3242
isolation,1,streaming,LRU,ProportionalAllocation,408,5,328600,{'trace_kind': 'synthetic'},0.3286
isolation,0,streaming,LRU,ProportionalAllocation,408,6,317800,{'trace_kind': 'synthetic'},0.3178
isolation,1,streaming,LRU,ProportionalAllocation,408,6,331200,{'trace_kind': 'synthetic'},0.3312
isolation,0,streaming,LRU,ProportionalAllocation,408,7,321500,{'trace_kind': 'synthetic'},0.3215
isolation,1,streaming,LRU,ProportionalAllocation,408,7,325500,{'trace_kind': 'synthetic'},0.3255
isolation,0,streaming,LRU,ProportionalAllocation,408,8,395800,{'trace_kind': 'synthetic'},0.3958
isolation,1,streaming,LRU,ProportionalAllocation,408,8,336700,{'trace_kind': 'synthetic'},0.3367
isolation,0,streaming,LRU,ProportionalAllocation,408,9,320700,{'trace_kind': 'synthetic'},0.3207
isolation,1,streaming,LRU,ProportionalAllocation,408,9,337600,{'trace_kind': 'synthetic'},0.3376
isolation,0,streaming,NRU,GlobalAllocation,408,0,341900,{'trace_kind': 'synthetic'},0.3419
isolation,1,streaming,NRU,GlobalAllocation,408,0,351800,{'trace_kind': 'synthetic'},0.3518
isolation,0,streaming,NRU,GlobalAllocation,408,1,327000,{'trace_kind': 'synthetic'},0.327
isolation,1,streaming,NRU,GlobalAllocation,408,1,322700,{'trace_kind': 'synthetic'},0.3227
isolation,0,streaming,NRU,GlobalAllocation,408,2,330600,{'trace_kind': 'synthetic'},0.3306
isolation,1,streaming,NRU,GlobalAllocation,408,2,354000,{'trace_kind': 'synthetic'},0.354
isolation,0,streaming,NRU,GlobalAllocation,408,3,349000,{'trace_kind': 'synthetic'},0.349
isolation,1,streaming,NRU,GlobalAllocation,408,3,361200,{'trace_kind': 'synthetic'},0.3612
isolation,0,streaming,NRU,GlobalAllocation,408,4,372000,{'trace_kind': 'synthetic'},0.372
isolation,1,streaming,NRU,GlobalAllocation,408,4,360700,{'trace_kind': 'synthetic'},0.3607
isolation,0,streaming,NRU,GlobalAllocation,408,5,314100,{'trace_kind': 'synthetic'},0.3141
isolation,1,streaming,NRU,GlobalAllocation,408,5,343400,{'trace_kind': 'synthetic'},0.3434
isolation,0,streaming,NRU,GlobalAllocation,408,6,366200,{'trace_kind': 'synthetic'},0.3662
isolation,1,streaming,NRU,GlobalAllocation,408,6,361700,{'trace_kind': 'synthetic'},0.3617
isolation,0,streaming,NRU,GlobalAllocation,408,7,367800,{'trace_kind': 'synthetic'},0.3678
isolation,1,streaming,NRU,GlobalAllocation,408,7,360700,{'trace_kind': 'synthetic'},0.3607
isolation,0,streaming,NRU,GlobalAllocation,408,8,362900,{'trace_kind': 'synthetic'},0.3629
isolation,1,streaming,NRU,GlobalAllocation,408,8,368000,{'trace_kind': 'synthetic'},0.368
isolation,0,streaming,NRU,GlobalAllocation,408,9,366100,{'trace_kind': 'synthetic'},0.3661
isolation,1,streaming,NRU,GlobalAllocation,408,9,444000,{'trace_kind': 'synthetic'},0.444
isolation,0,streaming,NRU,LocalAllocation,408,0,346400,{'trace_kind': 'synthetic'},0.3464
isolation,1,streaming,NRU,LocalAllocation,408,0,370400,{'trace_kind': 'synthetic'},0.3704
isolation,0,streaming,NRU,LocalAllocation,408,1,356300,{'trace_kind': 'synthetic'},0.3563
isolation,1,streaming,NRU,LocalAllocation,408,1,365700,{'trace_kind': 'synthetic'},0.3657
isolation,0,streaming,NRU,LocalAllocation,408,2,365900,{'trace_kind': 'synthetic'},0.3659
isolation,1,streaming,NRU,LocalAllocation,408,2,357000,{'trace_kind': 'synthetic'},0.357
isolation,0,streaming,NRU,LocalAllocation,408,3,345800,{'trace_kind': 'synthetic'},0.3458
isolation,1,streaming,NRU,LocalAllocation,408,3,368900,{'trace_kind': 'synthetic'},0.3689
isolation,0,streaming,NRU,LocalAllocation,408,4,345800,{'trace_kind': 'synthetic'},0.3458
isolation,1,streaming,NRU,LocalAllocation,408,4,368200,{'trace_kind': 'synthetic'},0.3682
isolation,0,streaming,NRU,LocalAllocation,408,5,375400,{'trace_kind': 'synthetic'},0.3754
isolation,1,streaming,NRU,LocalAllocation,408,5,370500,{'trace_kind': 'synthetic'},0.3705
isolation,0,streaming,NRU,LocalAllocation,408,6,363800,{'trace_kind': 'synthetic'},0.3638
isolation,1,streaming,NRU,LocalAllocation,408,6,358800,{'trace_kind': 'synthetic'},0.3588
isolation,0,streaming,NRU,LocalAllocation,408,7,347900,{'trace_kind': 'synthetic'},0.3479
isolation,1,streaming,NRU,LocalAllocation,408,7,362300,{'trace_kind': 'synthetic'},0.3623
isolation,0,streaming,NRU,LocalAllocation,408,8,357100,{'trace_kind': 'synthetic'},0.3571
isolation,1,streaming,NRU,LocalAllocation,408,8,376900,{'trace_kind': 'synthetic'},0.3769
isolation,0,streaming,NRU,LocalAllocation,408,9,703100,{'trace_kind': 'synthetic'},0.7031
isolation,1,streaming,NRU,LocalAllocation,408,9,601500,{'trace_kind': 'synthetic'},0.6015
isolation,0,streaming,NRU,ProportionalAllocation,408,0,345600,{'trace_kind': 'synthetic'},0.3456
isolation,1,streaming,NRU,ProportionalAllocation,408,0,373600,{'trace_kind': 'synthetic'},0.3736
isolation,0,streaming,NRU,ProportionalAllocation,408,1,365500,{'trace_kind': 'synthetic'},0.3655
isolation,1,streaming,NRU,ProportionalAllocation,408,1,372300,{'trace_kind': 'synthetic'},0.3723
isolation,0,streaming,NRU,ProportionalAllocation,408,2,349700,{'trace_kind': 'synthetic'},0.3497
isolation,1,streaming,NRU,ProportionalAllocation,408,2,357200,{'trace_kind': 'synthetic'},0.3572
isolation,0,streaming,NRU,ProportionalAllocation,408,3,345300,{'trace_kind': 'synthetic'},0.3453
isolation,1,streaming,NRU,ProportionalAllocation,408,3,360000,{'trace_kind': 'synthetic'},0.36
isolation,0,streaming,NRU,ProportionalAllocation,408,4,367500,{'trace_kind': 'synthetic'},0.3675
isolation,1,streaming,NRU,ProportionalAllocation,408,4,376500,{'trace_kind': 'synthetic'},0.3765
isolation,0,streaming,NRU,ProportionalAllocation,408,5,361400,{'trace_kind': 'synthetic'},0.3614
isolation,1,streaming,NRU,ProportionalAllocation,408,5,358000,{'trace_kind': 'synthetic'},0.358
isolation,0,streaming,NRU,ProportionalAllocation,408,6,344800,{'trace_kind': 'synthetic'},0.3448
isolation,1,streaming,NRU,ProportionalAllocation,408,6,365400,{'trace_kind': 'synthetic'},0.3654
isolation,0,streaming,NRU,ProportionalAllocation,408,7,364200,{'trace_kind': 'synthetic'},0.3642
isolation,1,streaming,NRU,ProportionalAllocation,408,7,362400,{'trace_kind': 'synthetic'},0.3624
isolation,0,streaming,NRU,ProportionalAllocation,408,8,346900,{'trace_kind': 'synthetic'},0.3469
isolation,1,streaming,NRU,ProportionalAllocation,408,8,361900,{'trace_kind': 'synthetic'},0.3619
isolation,0,streaming,NRU,ProportionalAllocation,408,9,346700,{'trace_kind': 'synthetic'},0.3467
isolation,1,streaming,NRU,ProportionalAllocation,408,9,375600,{'trace_kind': 'synthetic'},0.3756
isolation,0,streaming,SecondChance,GlobalAllocation,408,0,344700,{'trace_kind': 'synthetic'},0.3447
isolation,1,streaming,SecondChance,GlobalAllocation,408,0,369300,{'trace_kind': 'synthetic'},0.3693
isolation,0,streaming,SecondChance,GlobalAllocation,408,1,345100,{'trace_kind': 'synthetic'},0.3451
isolation,1,streaming,SecondChance,GlobalAllocation,408,1,369900,{'trace_kind': 'synthetic'},0.3699
isolation,0,streaming,SecondChance,GlobalAllocation,408,2,349200,{'trace_kind': 'synthetic'},0.3492
isolation,1,streaming,SecondChance,GlobalAllocation,408,2,372800,{'trace_kind': 'synthetic'},0.3728
isolation,0,streaming,SecondChance,GlobalAllocation,408,3,344600,{'trace_kind': 'synthetic'},0.3446
isolation,1,streaming,SecondChance,GlobalAllocation,408,3,366900,{'trace_kind': 'synthetic'},0.3669
isolation,0,streaming,SecondChance,GlobalAllocation,408,4,640500,{'trace_kind': 'synthetic'},0.6405
isolation,1,streaming,SecondChance,GlobalAllocation,408,4,741200,{'trace_kind': 'synthetic'},0.7412
isolation,0,streaming,SecondChance,GlobalAllocation,408,5,349900,{'trace_kind': 'synthetic'},0.3499
isolation,1,streaming,SecondChance,GlobalAllocation,408,5,369000,{'trace_kind': 'synthetic'},0.369
isolation,0,streaming,SecondChance,GlobalAllocation,408,6,341000,{'trace_kind': 'synthetic'},0.341
isolation,1,streaming,SecondChance,GlobalAllocation,408,6,372600,{'trace_kind': 'synthetic'},0.3726
isolation,0,streaming,SecondChance,GlobalAllocation,408,7,344700,{'trace_kind': 'synthetic'},0.3447
isolation,1,streaming,SecondChance,GlobalAllocation,408,7,372800,{'trace_kind': 'synthetic'},0.3728
isolation,0,streaming,SecondChance,GlobalAllocation,408,8,346500,{'trace_kind': 'synthetic'},0.3465
isolation,1,streaming,SecondChance,GlobalAllocation,408,8,373800,{'trace_kind': 'synthetic'},0.3738
isolation,0,streaming,SecondChance,GlobalAllocation,408,9,344200,{'trace_kind': 'synthetic'},0.3442
isolation,1,streaming,SecondChance,GlobalAllocation,408,9,370100,{'trace_kind': 'synthetic'},0.3701
isolation,0,streaming,SecondChance,LocalAllocation,408,0,346000,{'trace_kind': 'synthetic'},0.346
isolation,1,streaming,SecondChance,LocalAllocation,408,0,372200,{'trace_kind': 'synthetic'},0.3722
isolation,0,streaming,SecondChance,LocalAllocation,408,1,342500,{'trace_kind': 'synthetic'},0.3425
isolation,1,streaming,SecondChance,LocalAllocation,408,1,370100,{'trace_kind': 'synthetic'},0.3701
isolation,0,streaming,SecondChance,LocalAllocation,408,2,339200,{'trace_kind': 'synthetic'},0.3392
isolation,1,streaming,SecondChance,LocalAllocation,408,2,365400,{'trace_kind': 'synthetic'},0.3654
isolation,0,streaming,SecondChance,LocalAllocation,408,3,342500,{'trace_kind': 'synthetic'},0.3425
isolation,1,streaming,SecondChance,LocalAllocation,408,3,372800,{'trace_kind': 'synthetic'},0.3728
isolation,0,streaming,SecondChance,LocalAllocation,408,4,362600,{'trace_kind': 'synthetic'},0.3626
isolation,1,streaming,SecondChance,LocalAllocation,408,4,378100,{'trace_kind': 'synthetic'},0.3781
isolation,0,streaming,SecondChance,LocalAllocation,408,5,340600,{'trace_kind': 'synthetic'},0.3406
isolation,1,streaming,SecondChance,LocalAllocation,408,5,371000,{'trace_kind': 'synthetic'},0.371
isolation,0,streaming,SecondChance,LocalAllocation,408,6,367100,{'trace_kind': 'synthetic'},0.3671
isolation,1,streaming,SecondChance,LocalAllocation,408,6,384400,{'trace_kind': 'synthetic'},0.3844
isolation,0,streaming,SecondChance,LocalAllocation,408,7,356200,{'trace_kind': 'synthetic'},0.3562
isolation,1,streaming,SecondChance,LocalAllocation,408,7,367300,{'trace_kind': 'synthetic'},0.3673
isolation,0,streaming,SecondChance,LocalAllocation,408,8,340900,{'trace_kind': 'synthetic'},0.3409
isolation,1,streaming,SecondChance,LocalAllocation,408,8,370500,{'trace_kind': 'synthetic'},0.3705
isolation,0,streaming,SecondChance,LocalAllocation,408,9,349200,{'trace_kind': 'synthetic'},0.3492
isolation,1,streaming,SecondChance,LocalAllocation,408,9,371200,{'trace_kind': 'synthetic'},0.3712
isolation,0,streaming,SecondChance,ProportionalAllocation,408,0,316600,{'trace_kind': 'synthetic'},0.3166
isolation,1,streaming,SecondChance,ProportionalAllocation,408,0,337100,{'trace_kind': 'synthetic'},0.3371
isolation,0,streaming,SecondChance,ProportionalAllocation,408,1,365200,{'trace_kind': 'synthetic'},0.3652
isolation,1,streaming,SecondChance,ProportionalAllocation,408,1,371000,{'trace_kind': 'synthetic'},0.371
isolation,0,streaming,SecondChance,ProportionalAllocation,408,2,594600,{'trace_kind': 'synthetic'},0.5946
isolation,1,streaming,SecondChance,ProportionalAllocation,408,2,377500,{'trace_kind': 'synthetic'},0.3775
isolation,0,streaming,SecondChance,ProportionalAllocation,408,3,353000,{'trace_kind': 'synthetic'},0.353
isolation,1,streaming,SecondChance,ProportionalAllocation,408,3,375400,{'trace_kind': 'synthetic'},0.3754
isolation,0,streaming,SecondChance,ProportionalAllocation,408,4,341100,{'trace_kind': 'synthetic'},0.3411
isolation,1,streaming,SecondChance,ProportionalAllocation,408,4,368900,{'trace_kind': 'synthetic'},0.3689
isolation,0,streaming,SecondChance,ProportionalAllocation,408,5,343500,{'trace_kind': 'synthetic'},0.3435
isolation,1,streaming,SecondChance,ProportionalAllocation,408,5,372700,{'trace_kind': 'synthetic'},0.3727
isolation,0,streaming,SecondChance,ProportionalAllocation,408,6,387800,{'trace_kind': 'synthetic'},0.3878
isolation,1,streaming,SecondChance,ProportionalAllocation,408,6,367400,{'trace_kind': 'synthetic'},0.3674
isolation,0,streaming,SecondChance,ProportionalAllocation,408,7,341700,{'trace_kind': 'synthetic'},0.3417
isolation,1,streaming,SecondChance,ProportionalAllocation,408,7,389500,{'trace_kind': 'synthetic'},0.3895
isolation,0,streaming,SecondChance,ProportionalAllocation,408,8,340000,{'trace_kind': 'synthetic'},0.34
isolation,1,streaming,SecondChance,ProportionalAllocation,408,8,368400,{'trace_kind': 'synthetic'},0.3684
isolation,0,streaming,SecondChance,ProportionalAllocation,408,9,344600,{'trace_kind': 'synthetic'},0.3446
isolation,1,streaming,SecondChance,ProportionalAllocation,408,9,372700,{'trace_kind': 'synthetic'},0.3727
isolation,0,streaming,WSClock,GlobalAllocation,408,0,345400,{'trace_kind': 'synthetic'},0.3454
isolation,1,streaming,WSClock,GlobalAllocation,408,0,371600,{'trace_kind': 'synthetic'},0.3716
isolation,0,streaming,WSClock,GlobalAllocation,408,1,349600,{'trace_kind': 'synthetic'},0.3496
isolation,1,streaming,WSClock,GlobalAllocation,408,1,368100,{'trace_kind': 'synthetic'},0.3681
isolation,0,streaming,WSClock,GlobalAllocation,408,2,348200,{'trace_kind': 'synthetic'},0.3482
isolation,1,streaming,WSClock,GlobalAllocation,408,2,372100,{'trace_kind': 'synthetic'},0.3721
isolation,0,streaming,WSClock,GlobalAllocation,408,3,364200,{'trace_kind': 'synthetic'},0.3642
isolation,1,streaming,WSClock,GlobalAllocation,408,3,368100,{'trace_kind': 'synthetic'},0.3681
isolation,0,streaming,WSClock,GlobalAllocation,408,4,343100,{'trace_kind': 'synthetic'},0.3431
isolation,1,streaming,WSClock,GlobalAllocation,408,4,375300,{'trace_kind': 'synthetic'},0.3753
isolation,0,streaming,WSClock,GlobalAllocation,408,5,352800,{'trace_kind': 'synthetic'},0.3528
isolation,1,streaming,WSClock,GlobalAllocation,408,5,366400,{'trace_kind': 'synthetic'},0.3664
isolation,0,streaming,WSClock,GlobalAllocation,408,6,349100,{'trace_kind': 'synthetic'},0.3491
isolation,1,streaming,WSClock,GlobalAllocation,408,6,366500,{'trace_kind': 'synthetic'},0.3665
isolation,0,streaming,WSClock,GlobalAllocation,408,7,346700,{'trace_kind': 'synthetic'},0.3467
isolation,1,streaming,WSClock,GlobalAllocation,408,7,365300,{'trace_kind': 'synthetic'},0.3653
isolation,0,streaming,WSClock,GlobalAllocation,408,8,343000,{'trace_kind': 'synthetic'},0.343
isolation,1,streaming,WSClock,GlobalAllocation,408,8,366100,{'trace_kind': 'synthetic'},0.3661
isolation,0,streaming,WSClock,GlobalAllocation,408,9,344000,{'trace_kind': 'synthetic'},0.344
isolation,1,streaming,WSClock,GlobalAllocation,408,9,369300,{'trace_kind': 'synthetic'},0.3693
isolation,0,streaming,WSClock,LocalAllocation,408,0,343700,{'trace_kind': 'synthetic'},0.3437
isolation,1,streaming,WSClock,LocalAllocation,408,0,370700,{'trace_kind': 'synthetic'},0.3707
isolation,0,streaming,WSClock,LocalAllocation,408,1,345200,{'trace_kind': 'synthetic'},0.3452
isolation,1,streaming,WSClock,LocalAllocation,408,1,368000,{'trace_kind': 'synthetic'},0.368
isolation,0,streaming,WSClock,LocalAllocation,408,2,343600,{'trace_kind': 'synthetic'},0.3436
isolation,1,streaming,WSClock,LocalAllocation,408,2,366600,{'trace_kind': 'synthetic'},0.3666
isolation,0,streaming,WSClock,LocalAllocation,408,3,345600,{'trace_kind': 'synthetic'},0.3456
isolation,1,streaming,WSClock,LocalAllocation,408,3,365900,{'trace_kind': 'synthetic'},0.3659
isolation,0,streaming,WSClock,LocalAllocation,408,4,345100,{'trace_kind': 'synthetic'},0.3451
isolation,1,streaming,WSClock,LocalAllocation,408,4,369200,{'trace_kind': 'synthetic'},0.3692
isolation,0,streaming,WSClock,LocalAllocation,408,5,341100,{'trace_kind': 'synthetic'},0.3411
isolation,1,streaming,WSClock,LocalAllocation,408,5,368800,{'trace_kind': 'synthetic'},0.3688
isolation,0,streaming,WSClock,LocalAllocation,408,6,369700,{'trace_kind': 'synthetic'},0.3697
isolation,1,streaming,WSClock,LocalAllocation,408,6,383500,{'trace_kind': 'synthetic'},0.3835
isolation,0,streaming,WSClock,LocalAllocation,408,7,339300,{'trace_kind': 'synthetic'},0.3393
isolation,1,streaming,WSClock,LocalAllocation,408,7,374000,{'trace_kind': 'synthetic'},0.374
isolation,0,streaming,WSClock,LocalAllocation,408,8,340600,{'trace_kind': 'synthetic'},0.3406
isolation,1,streaming,WSClock,LocalAllocation,408,8,370100,{'trace_kind': 'synthetic'},0.3701
isolation,0,streaming,WSClock,LocalAllocation,408,9,345100,{'trace_kind': 'synthetic'},0.3451
isolation,1,streaming,WSClock,LocalAllocation,408,9,369900,{'trace_kind': 'synthetic'},0.3699
isolation,0,streaming,WSClock,ProportionalAllocation,408,0,342300,{'trace_kind': 'synthetic'},0.3423
isolation,1,streaming,WSClock,ProportionalAllocation,408,0,373600,{'trace_kind': 'synthetic'},0.3736
isolation,0,streaming,WSClock,ProportionalAllocation,408,1,345700,{'trace_kind': 'synthetic'},0.3457
isolation,1,streaming,WSClock,ProportionalAllocation,408,1,368500,{'trace_kind': 'synthetic'},0.3685
isolation,0,streaming,WSClock,ProportionalAllocation,408,2,343200,{'trace_kind': 'synthetic'},0.3432
isolation,1,streaming,WSClock,ProportionalAllocation,408,2,367100,{'trace_kind': 'synthetic'},0.3671
isolation,0,streaming,WSClock,ProportionalAllocation,408,3,360900,{'trace_kind': 'synthetic'},0.3609
isolation,1,streaming,WSClock,ProportionalAllocation,408,3,434100,{'trace_kind': 'synthetic'},0.4341
isolation,0,streaming,WSClock,ProportionalAllocation,408,4,343500,{'trace_kind': 'synthetic'},0.3435
isolation,1,streaming,WSClock,ProportionalAllocation,408,4,371300,{'trace_kind': 'synthetic'},0.3713
isolation,0,streaming,WSClock,ProportionalAllocation,408,5,734200,{'trace_kind': 'synthetic'},0.7342
isolation,1,streaming,WSClock,ProportionalAllocation,408,5,760600,{'trace_kind': 'synthetic'},0.7606
isolation,0,streaming,WSClock,ProportionalAllocation,408,6,341400,{'trace_kind': 'synthetic'},0.3414
isolation,1,streaming,WSClock,ProportionalAllocation,408,6,374000,{'trace_kind': 'synthetic'},0.374
isolation,0,streaming,WSClock,ProportionalAllocation,408,7,342600,{'trace_kind': 'synthetic'},0.3426
isolation,1,streaming,WSClock,ProportionalAllocation,408,7,369300,{'trace_kind': 'synthetic'},0.3693
isolation,0,streaming,WSClock,ProportionalAllocation,408,8,343700,{'trace_kind': 'synthetic'},0.3437
isolation,1,streaming,WSClock,ProportionalAllocation,408,8,369100,{'trace_kind': 'synthetic'},0.3691
isolation,0,streaming,WSClock,ProportionalAllocation,408,9,340900,{'trace_kind': 'synthetic'},0.3409
isolation,1,streaming,WSClock,ProportionalAllocation,408,9,376100,{'trace_kind': 'synthetic'},0.3761
isolation,0,streaming,FIFO,GlobalAllocation,510,0,199200,{'trace_kind': 'synthetic'},0.1992
isolation,1,streaming,FIFO,GlobalAllocation,510,0,211500,{'trace_kind': 'synthetic'},0.2115
isolation,0,streaming,FIFO,GlobalAllocation,510,1,204100,{'trace_kind': 'synthetic'},0.2041
isolation,1,streaming,FIFO,GlobalAllocation,510,1,207500,{'trace_kind': 'synthetic'},0.2075
isolation,0,streaming,FIFO,GlobalAllocation,510,2,200200,{'trace_kind': 'synthetic'},0.2002
isolation,1,streaming,FIFO,GlobalAllocation,510,2,207900,{'trace_kind': 'synthetic'},0.2079
isolation,0,streaming,FIFO,GlobalAllocation,510,3,202600,{'trace_kind': 'synthetic'},0.2026
isolation,1,streaming,FIFO,GlobalAllocation,510,3,210800,{'trace_kind': 'synthetic'},0.2108
isolation,0,streaming,FIFO,GlobalAllocation,510,4,198400,{'trace_kind': 'synthetic'},0.1984
isolation,1,streaming,FIFO,GlobalAllocation,510,4,212100,{'trace_kind': 'synthetic'},0.2121
isolation,0,streaming,FIFO,GlobalAllocation,510,5,199900,{'trace_kind': 'synthetic'},0.1999
isolation,1,streaming,FIFO,GlobalAllocation,510,5,205100,{'trace_kind': 'synthetic'},0.2051
isolation,0,streaming,FIFO,GlobalAllocation,510,6,200600,{'trace_kind': 'synthetic'},0.2006
isolation,1,streaming,FIFO,GlobalAllocation,510,6,204500,{'trace_kind': 'synthetic'},0.2045
isolation,0,streaming,FIFO,GlobalAllocation,510,7,241300,{'trace_kind': 'synthetic'},0.2413
isolation,1,streaming,FIFO,GlobalAllocation,510,7,211200,{'trace_kind': 'synthetic'},0.2112
isolation,0,streaming,FIFO,GlobalAllocation,510,8,202600,{'trace_kind': 'synthetic'},0.2026
isolation,1,streaming,FIFO,GlobalAllocation,510,8,209100,{'trace_kind': 'synthetic'},0.2091
isolation,0,streaming,FIFO,GlobalAllocation,510,9,202900,{'trace_kind': 'synthetic'},0.2029
isolation,1,streaming,FIFO,GlobalAllocation,510,9,208700,{'trace_kind': 'synthetic'},0.2087
isolation,0,streaming,FIFO,LocalAllocation,510,0,228300,{'trace_kind': 'synthetic'},0.2283
isolation,1,streaming,FIFO,LocalAllocation,510,0,207700,{'trace_kind': 'synthetic'},0.2077
isolation,0,streaming,FIFO,LocalAllocation,510,1,205400,{'trace_kind': 'synthetic'},0.2054
isolation,1,streaming,FIFO,LocalAllocation,510,1,207300,{'trace_kind': 'synthetic'},0.2073
isolation,0,streaming,FIFO,LocalAllocation,510,2,200000,{'trace_kind': 'synthetic'},0.2
isolation,1,streaming,FIFO,LocalAllocation,510,2,211200,{'trace_kind': 'synthetic'},0.2112
isolation,0,streaming,FIFO,LocalAllocation,510,3,200900,{'trace_kind': 'synthetic'},0.2009
isolation,1,streaming,FIFO,LocalAllocation,510,3,208200,{'trace_kind': 'synthetic'},0.2082
isolation,0,streaming,FIFO,LocalAllocation,510,4,197700,{'trace_kind': 'synthetic'},0.1977
isolation,1,streaming,FIFO,LocalAllocation,510,4,207700,{'trace_kind': 'synthetic'},0.2077
isolation,0,streaming,FIFO,LocalAllocation,510,5,201700,{'trace_kind': 'synthetic'},0.2017
isolation,1,streaming,FIFO,LocalAllocation,510,5,206400,{'trace_kind': 'synthetic'},0.2064
isolation,0,streaming,FIFO,LocalAllocation,510,6,197700,{'trace_kind': 'synthetic'},0.1977
isolation,1,streaming,FIFO,LocalAllocation,510,6,207000,{'trace_kind': 'synthetic'},0.207
isolation,0,streaming,FIFO,LocalAllocation,510,7,198000,{'trace_kind': 'synthetic'},0.198
isolation,1,streaming,FIFO,LocalAllocation,510,7,206400,{'trace_kind': 'synthetic'},0.2064
isolation,0,streaming,FIFO,LocalAllocation,510,8,202900,{'trace_kind': 'synthetic'},0.2029
isolation,1,streaming,FIFO,LocalAllocation,510,8,206400,{'trace_kind': 'synthetic'},0.2064
isolation,0,streaming,FIFO,LocalAllocation,510,9,201200,{'trace_kind': 'synthetic'},0.2012
isolation,1,streaming,FIFO,LocalAllocation,510,9,209600,{'trace_kind': 'synthetic'},0.2096
isolation,0,streaming,FIFO,ProportionalAllocation,510,0,198700,{'trace_kind': 'synthetic'},0.1987
isolation,1,streaming,FIFO,ProportionalAllocation,510,0,210400,{'trace_kind': 'synthetic'},0.2104
isolation,0,streaming,FIFO,ProportionalAllocation,510,1,200400,{'trace_kind': 'synthetic'},0.2004
isolation,1,streaming,FIFO,ProportionalAllocation,510,1,204300,{'trace_kind': 'synthetic'},0.2043
isolation,0,streaming,FIFO,ProportionalAllocation,510,2,197400,{'trace_kind': 'synthetic'},0.1974
isolation,1,streaming,FIFO,ProportionalAllocation,510,2,204400,{'trace_kind': 'synthetic'},0.2044
isolation,0,streaming,FIFO,ProportionalAllocation,510,3,230600,{'trace_kind': 'synthetic'},0.2306
isolation,1,streaming,FIFO,ProportionalAllocation,510,3,212000,{'trace_kind': 'synthetic'},0.212
isolation,0,streaming,FIFO,ProportionalAllocation,510,4,202300,{'trace_kind': 'synthetic'},0.2023
isolation,1,streaming,FIFO,ProportionalAllocation,510,4,211500,{'trace_kind': 'synthetic'},0.2115
isolation,0,streaming,FIFO,ProportionalAllocation,510,5,226700,{'trace_kind': 'synthetic'},0.2267
isolation,1,streaming,FIFO,ProportionalAllocation,510,5,205500,{'trace_kind': 'synthetic'},0.2055
isolation,0,streaming,FIFO,ProportionalAllocation,510,6,203000,{'trace_kind': 'synthetic'},0.203
isolation,1,streaming,FIFO,ProportionalAllocation,510,6,210100,{'trace_kind': 'synthetic'},0.2101
isolation,0,streaming,FIFO,ProportionalAllocation,510,7,201000,{'trace_kind': 'synthetic'},0.201
isolation,1,streaming,FIFO,ProportionalAllocation,510,7,208800,{'trace_kind': 'synthetic'},0.2088
isolation,0,streaming,FIFO,ProportionalAllocation,510,8,395000,{'trace_kind': 'synthetic'},0.395
isolation,1,streaming,FIFO,ProportionalAllocation,510,8,414600,{'trace_kind': 'synthetic'},0.4146
isolation,0,streaming,FIFO,ProportionalAllocation,510,9,201000,{'trace_kind': 'synthetic'},0.201
isolation,1,streaming,FIFO,ProportionalAllocation,510,9,212600,{'trace_kind': 'synthetic'},0.2126
isolation,0,streaming,LRU,GlobalAllocation,510,0,339600,{'trace_kind': 'synthetic'},0.3396
isolation,1,streaming,LRU,GlobalAllocation,510,0,333900,{'trace_kind': 'synthetic'},0.3339
isolation,0,streaming,LRU,GlobalAllocation,510,1,328500,{'trace_kind': 'synthetic'},0.3285
isolation,1,streaming,LRU,GlobalAllocation,510,1,333700,{'trace_kind': 'synthetic'},0.3337
isolation,0,streaming,LRU,GlobalAllocation,510,2,327300,{'trace_kind': 'synthetic'},0.3273
isolation,1,streaming,LRU,GlobalAllocation,510,2,329200,{'trace_kind': 'synthetic'},0.3292
isolation,0,streaming,LRU,GlobalAllocation,510,3,324500,{'trace_kind': 'synthetic'},0.3245
isolation,1,streaming,LRU,GlobalAllocation,510,3,345300,{'trace_kind': 'synthetic'},0.3453
isolation,0,streaming,LRU,GlobalAllocation,510,4,334500,{'trace_kind': 'synthetic'},0.3345
isolation,1,streaming,LRU,GlobalAllocation,510,4,331100,{'trace_kind': 'synthetic'},0.3311
isolation,0,streaming,LRU,GlobalAllocation,510,5,325400,{'trace_kind': 'synthetic'},0.3254
isolation,1,streaming,LRU,GlobalAllocation,510,5,337300,{'trace_kind': 'synthetic'},0.3373
isolation,0,streaming,LRU,GlobalAllocation,510,6,778900,{'trace_kind': 'synthetic'},0.7789
isolation,1,streaming,LRU,GlobalAllocation,510,6,736600,{'trace_kind': 'synthetic'},0.7366
isolation,0,streaming,LRU,GlobalAllocation,510,7,322500,{'trace_kind': 'synthetic'},0.3225
isolation,1,streaming,LRU,GlobalAllocation,510,7,328500,{'trace_kind': 'synthetic'},0.3285
isolation,0,streaming,LRU,GlobalAllocation,510,8,319700,{'trace_kind': 'synthetic'},0.3197
isolation,1,streaming,LRU,GlobalAllocation,510,8,335200,{'trace_kind': 'synthetic'},0.3352
isolation,0,streaming,LRU,GlobalAllocation,510,9,322800,{'trace_kind': 'synthetic'},0.3228
isolation,1,streaming,LRU,GlobalAllocation,510,9,350800,{'trace_kind': 'synthetic'},0.3508
isolation,0,streaming,LRU,LocalAllocation,510,0,321400,{'trace_kind': 'synthetic'},0.3214
isolation,1,streaming,LRU,LocalAllocation,510,0,338400,{'trace_kind': 'synthetic'},0.3384
isolation,0,streaming,LRU,LocalAllocation,510,1,321700,{'trace_kind': 'synthetic'},0.3217
isolation,1,streaming,LRU,LocalAllocation,510,1,329900,{'trace_kind': 'synthetic'},0.3299
isolation,0,streaming,LRU,LocalAllocation,510,2,321300,{'trace_kind': 'synthetic'},0.3213
isolation,1,streaming,LRU,LocalAllocation,510,2,333200,{'trace_kind': 'synthetic'},0.3332
isolation,0,streaming,LRU,LocalAllocation,510,3,341500,{'trace_kind': 'synthetic'},0.3415
isolation,1,streaming,LRU,LocalAllocation,510,3,326600,{'trace_kind': 'synthetic'},0.3266
isolation,0,streaming,LRU,LocalAllocation,510,4,317100,{'trace_kind': 'synthetic'},0.3171
isolation,1,streaming,LRU,LocalAllocation,510,4,337300,{'trace_kind': 'synthetic'},0.3373
isolation,0,streaming,LRU,LocalAllocation,510,5,321100,{'trace_kind': 'synthetic'},0.3211
isolation,1,streaming,LRU,LocalAllocation,510,5,335200,{'trace_kind': 'synthetic'},0.3352
isolation,0,streaming,LRU,LocalAllocation,510,6,322700,{'trace_kind': 'synthetic'},0.3227
isolation,1,streaming,LRU,LocalAllocation,510,6,405500,{'trace_kind': 'synthetic'},0.4055
isolation,0,streaming,LRU,LocalAllocation,510,7,321400,{'trace_kind': 'synthetic'},0.3214
isolation,1,streaming,LRU,LocalAllocation,510,7,333900,{'trace_kind': 'synthetic'},0.3339
isolation,0,streaming,LRU,LocalAllocation,510,8,318700,{'trace_kind': 'synthetic'},0.3187
isolation,1,streaming,LRU,LocalAllocation,510,8,332400,{'trace_kind': 'synthetic'},0.3324
isolation,0,streaming,LRU,LocalAllocation,510,9,327800,{'trace_kind': 'synthetic'},0.3278
isolation,1,streaming,LRU,LocalAllocation,510,9,333800,{'trace_kind': 'synthetic'},0.3338
isolation,0,streaming,LRU,ProportionalAllocation,510,0,321600,{'trace_kind': 'synthetic'},0.3216
isolation,1,streaming,LRU,ProportionalAllocation,510,0,333500,{'trace_kind': 'synthetic'},0.3335
isolation,0,streaming,LRU,ProportionalAllocation,510,1,323700,{'trace_kind': 'synthetic'},0.3237
isolation,1,streaming,LRU,ProportionalAllocation,510,1,329000,{'trace_kind': 'synthetic'},0.329
isolation,0,streaming,LRU,ProportionalAllocation,510,2,326600,{'trace_kind': 'synthetic'},0.3266
isolation,1,streaming,LRU,ProportionalAllocation,510,2,333700,{'trace_kind': 'synthetic'},0.3337
isolation,0,streaming,LRU,ProportionalAllocation,510,3,322300,{'trace_kind': 'synthetic'},0.3223
isolation,1,streaming,LRU,ProportionalAllocation,510,3,331300,{'trace_kind': 'synthetic'},0.3313
isolation,0,streaming,LRU,ProportionalAllocation,510,4,325600,{'trace_kind': 'synthetic'},0.3256
isolation,1,streaming,LRU,ProportionalAllocation,510,4,344400,{'trace_kind': 'synthetic'},0.3444
isolation,0,streaming,LRU,ProportionalAllocation,510,5,322400,{'trace_kind': 'synthetic'},0.3224
isolation,1,streaming,LRU,ProportionalAllocation,510,5,334200,{'trace_kind': 'synthetic'},0.3342
isolation,0,streaming,LRU,ProportionalAllocation,510,6,310900,{'trace_kind': 'synthetic'},0.3109
isolation,1,streaming,LRU,ProportionalAllocation,510,6,315700,{'trace_kind': 'synthetic'},0.3157
isolation,0,streaming,LRU,ProportionalAllocation,510,7,305900,{'trace_kind': 'synthetic'},0.3059
isolation,1,streaming,LRU,ProportionalAllocation,510,7,317500,{'trace_kind': 'synthetic'},0.3175
isolation,0,streaming,LRU,ProportionalAllocation,510,8,298900,{'trace_kind': 'synthetic'},0.2989
isolation,1,streaming,LRU,ProportionalAllocation,510,8,304900,{'trace_kind': 'synthetic'},0.3049
isolation,0,streaming,LRU,ProportionalAllocation,510,9,688000,{'trace_kind': 'synthetic'},0.688
isolation,1,streaming,LRU,ProportionalAllocation,510,9,724400,{'trace_kind': 'synthetic'},0.7244
isolation,0,streaming,NRU,GlobalAllocation,510,0,367400,{'trace_kind': 'synthetic'},0.3674
isolation,1,streaming,NRU,GlobalAllocation,510,0,377900,{'trace_kind': 'synthetic'},0.3779
isolation,0,streaming,NRU,GlobalAllocation,510,1,355500,{'trace_kind': 'synthetic'},0.3555
isolation,1,streaming,NRU,GlobalAllocation,510,1,361500,{'trace_kind': 'synthetic'},0.3615
isolation,0,streaming,NRU,GlobalAllocation,510,2,372900,{'trace_kind': 'synthetic'},0.3729
isolation,1,streaming,NRU,GlobalAllocation,510,2,355400,{'trace_kind': 'synthetic'},0.3554
isolation,0,streaming,NRU,GlobalAllocation,510,3,347600,{'trace_kind': 'synthetic'},0.3476
isolation,1,streaming,NRU,GlobalAllocation,510,3,357500,{'trace_kind': 'synthetic'},0.3575
isolation,0,streaming,NRU,GlobalAllocation,510,4,346200,{'trace_kind': 'synthetic'},0.3462
isolation,1,streaming,NRU,GlobalAllocation,510,4,360700,{'trace_kind': 'synthetic'},0.3607
isolation,0,streaming,NRU,GlobalAllocation,510,5,355400,{'trace_kind': 'synthetic'},0.3554
isolation,1,streaming,NRU,GlobalAllocation,510,5,358400,{'trace_kind': 'synthetic'},0.3584
isolation,0,streaming,NRU,GlobalAllocation,510,6,348900,{'trace_kind': 'synthetic'},0.3489
isolation,1,streaming,NRU,GlobalAllocation,510,6,621200,{'trace_kind': 'synthetic'},0.6212
isolation,0,streaming,NRU,GlobalAllocation,510,7,369100,{'trace_kind': 'synthetic'},0.3691
isolation,1,streaming,NRU,GlobalAllocation,510,7,356100,{'trace_kind': 'synthetic'},0.3561
isolation,0,streaming,NRU,GlobalAllocation,510,8,345000,{'trace_kind': 'synthetic'},0.345
isolation,1,streaming,NRU,GlobalAllocation,510,8,375200,{'trace_kind': 'synthetic'},0.3752
isolation,0,streaming,NRU,GlobalAllocation,510,9,362600,{'trace_kind': 'synthetic'},0.3626
isolation,1,streaming,NRU,GlobalAllocation,510,9,360300,{'trace_kind': 'synthetic'},0.3603
isolation,0,streaming,NRU,LocalAllocation,510,0,361900,{'trace_kind': 'synthetic'},0.3619
isolation,1,streaming,NRU,LocalAllocation,510,0,372400,{'trace_kind': 'synthetic'},0.3724
isolation,0,streaming,NRU,LocalAllocation,510,1,363900,{'trace_kind': 'synthetic'},0.3639
isolation,1,streaming,NRU,LocalAllocation,510,1,356400,{'trace_kind': 'synthetic'},0.3564
isolation,0,streaming,NRU,LocalAllocation,510,2,334000,{'trace_kind': 'synthetic'},0.334
isolation,1,streaming,NRU,LocalAllocation,510,2,356100,{'trace_kind': 'synthetic'},0.3561
isolation,0,streaming,NRU,LocalAllocation,510,3,346900,{'trace_kind': 'synthetic'},0.3469
isolation,1,streaming,NRU,LocalAllocation,510,3,355600,{'trace_kind': 'synthetic'},0.3556
isolation,0,streaming,NRU,LocalAllocation,510,4,360200,{'trace_kind': 'synthetic'},0.3602
isolation,1,streaming,NRU,LocalAllocation,510,4,372800,{'trace_kind': 'synthetic'},0.3728
isolation,0,streaming,NRU,LocalAllocation,510,5,366700,{'trace_kind': 'synthetic'},0.3667
isolation,1,streaming,NRU,LocalAllocation,510,5,352600,{'trace_kind': 'synthetic'},0.3526
isolation,0,streaming,NRU,LocalAllocation,510,6,362200,{'trace_kind': 'synthetic'},0.3622
isolation,1,streaming,NRU,LocalAllocation,510,6,377300,{'trace_kind': 'synthetic'},0.3773
isolation,0,streaming,NRU,LocalAllocation,510,7,365400,{'trace_kind': 'synthetic'},0.3654
isolation,1,streaming,NRU,LocalAllocation,510,7,364400,{'trace_kind': 'synthetic'},0.3644
isolation,0,streaming,NRU,LocalAllocation,510,8,357700,{'trace_kind': 'synthetic'},0.3577
isolation,1,streaming,NRU,LocalAllocation,510,8,367800,{'trace_kind': 'synthetic'},0.3678
isolation,0,streaming,NRU,LocalAllocation,510,9,344500,{'trace_kind': 'synthetic'},0.3445
isolation,1,streaming,NRU,LocalAllocation,510,9,358800,{'trace_kind': 'synthetic'},0.3588
isolation,0,streaming,NRU,ProportionalAllocation,510,0,350600,{'trace_kind': 'synthetic'},0.3506
isolation,1,streaming,NRU,ProportionalAllocation,510,0,359300,{'trace_kind': 'synthetic'},0.3593
isolation,0,streaming,NRU,ProportionalAllocation,510,1,346400,{'trace_kind': 'synthetic'},0.3464
isolation,1,streaming,NRU,ProportionalAllocation,510,1,356800,{'trace_kind': 'synthetic'},0.3568
isolation,0,streaming,NRU,ProportionalAllocation,510,2,348100,{'trace_kind': 'synthetic'},0.3481
isolation,1,streaming,NRU,ProportionalAllocation,510,2,358200,{'trace_kind': 'synthetic'},0.3582
isolation,0,streaming,NRU,ProportionalAllocation,510,3,371800,{'trace_kind': 'synthetic'},0.3718
isolation,1,streaming,NRU,ProportionalAllocation,510,3,355600,{'trace_kind': 'synthetic'},0.3556
isolation,0,streaming,NRU,ProportionalAllocation,510,4,344600,{'trace_kind': 'synthetic'},0.3446
isolation,1,streaming,NRU,ProportionalAllocation,510,4,355600,{'trace_kind': 'synthetic'},0.3556
isolation,0,streaming,NRU,ProportionalAllocation,510,5,361000,{'trace_kind': 'synthetic'},0.361
isolation,1,streaming,NRU,ProportionalAllocation,510,5,354100,{'trace_kind': 'synthetic'},0.3541
isolation,0,streaming,NRU,ProportionalAllocation,510,6,357700,{'trace_kind': 'synthetic'},0.3577
isolation,1,streaming,NRU,ProportionalAllocation,510,6,379200,{'trace_kind': 'synthetic'},0.3792
isolation,0,streaming,NRU,ProportionalAllocation,510,7,753900,{'trace_kind': 'synthetic'},0.7539
isolation,1,streaming,NRU,ProportionalAllocation,510,7,736100,{'trace_kind': 'synthetic'},0.7361
isolation,0,streaming,NRU,ProportionalAllocation,510,8,373700,{'trace_kind': 'synthetic'},0.3737
isolation,1,streaming,NRU,ProportionalAllocation,510,8,359400,{'trace_kind': 'synthetic'},0.3594
isolation,0,streaming,NRU,ProportionalAllocation,510,9,373300,{'trace_kind': 'synthetic'},0.3733
isolation,1,streaming,NRU,ProportionalAllocation,510,9,378700,{'trace_kind': 'synthetic'},0.3787
isolation,0,streaming,SecondChance,GlobalAllocation,510,0,358900,{'trace_kind': 'synthetic'},0.3589
isolation,1,streaming,SecondChance,GlobalAllocation,510,0,372300,{'trace_kind': 'synthetic'},0.3723
isolation,0,streaming,SecondChance,GlobalAllocation,510,1,350600,{'trace_kind': 'synthetic'},0.3506
isolation,1,streaming,SecondChance,GlobalAllocation,510,1,371600,{'trace_kind': 'synthetic'},0.3716
isolation,0,streaming,SecondChance,GlobalAllocation,510,2,340600,{'trace_kind': 'synthetic'},0.3406
isolation,1,streaming,SecondChance,GlobalAllocation,510,2,373400,{'trace_kind': 'synthetic'},0.3734
isolation,0,streaming,SecondChance,GlobalAllocation,510,3,339600,{'trace_kind': 'synthetic'},0.3396
isolation,1,streaming,SecondChance,GlobalAllocation,510,3,370900,{'trace_kind': 'synthetic'},0.3709
isolation,0,streaming,SecondChance,GlobalAllocation,510,4,347100,{'trace_kind': 'synthetic'},0.3471
isolation,1,streaming,SecondChance,GlobalAllocation,510,4,373000,{'trace_kind': 'synthetic'},0.373
isolation,0,streaming,SecondChance,GlobalAllocation,510,5,342100,{'trace_kind': 'synthetic'},0.3421
isolation,1,streaming,SecondChance,GlobalAllocation,510,5,369400,{'trace_kind': 'synthetic'},0.3694
isolation,0,streaming,SecondChance,GlobalAllocation,510,6,346700,{'trace_kind': 'synthetic'},0.3467
isolation,1,streaming,SecondChance,GlobalAllocation,510,6,367600,{'trace_kind': 'synthetic'},0.3676
isolation,0,streaming,SecondChance,GlobalAllocation,510,7,346000,{'trace_kind': 'synthetic'},0.346
isolation,1,streaming,SecondChance,GlobalAllocation,510,7,372200,{'trace_kind': 'synthetic'},0.3722
isolation,0,streaming,SecondChance,GlobalAllocation,510,8,343900,{'trace_kind': 'synthetic'},0.3439
isolation,1,streaming,SecondChance,GlobalAllocation,510,8,368500,{'trace_kind': 'synthetic'},0.3685
isolation,0,streaming,SecondChance,GlobalAllocation,510,9,342800,{'trace_kind': 'synthetic'},0.3428
isolation,1,streaming,SecondChance,GlobalAllocation,510,9,371400,{'trace_kind': 'synthetic'},0.3714
isolation,0,streaming,SecondChance,LocalAllocation,510,0,352800,{'trace_kind': 'synthetic'},0.3528
isolation,1,streaming,SecondChance,LocalAllocation,510,0,370400,{'trace_kind': 'synthetic'},0.3704
isolation,0,streaming,SecondChance,LocalAllocation,510,1,343400,{'trace_kind': 'synthetic'},0.3434
isolation,1,streaming,SecondChance,LocalAllocation,510,1,369500,{'trace_kind': 'synthetic'},0.3695
isolation,0,streaming,SecondChance,LocalAllocation,510,2,340400,{'trace_kind': 'synthetic'},0.3404
isolation,1,streaming,SecondChance,LocalAllocation,510,2,366800,{'trace_kind': 'synthetic'},0.3668
isolation,0,streaming,SecondChance,LocalAllocation,510,3,344300,{'trace_kind': 'synthetic'},0.3443
isolation,1,streaming,SecondChance,LocalAllocation,510,3,371000,{'trace_kind': 'synthetic'},0.371
isolation,0,streaming,SecondChance,LocalAllocation,510,4,340800,{'trace_kind': 'synthetic'},0.3408
isolation,1,streaming,SecondChance,LocalAllocation,510,4,377600,{'trace_kind': 'synthetic'},0.3776
isolation,0,streaming,SecondChance,LocalAllocation,510,5,342500,{'trace_kind': 'synthetic'},0.3425
isolation,1,streaming,SecondChance,LocalAllocation,510,5,368100,{'trace_kind': 'synthetic'},0.3681
isolation,0,streaming,SecondChance,LocalAllocation,510,6,341000,{'trace_kind': 'synthetic'},0.341
isolation,1,streaming,SecondChance,LocalAllocation,510,6,370000,{'trace_kind': 'synthetic'},0.37
isolation,0,streaming,SecondChance,LocalAllocation,510,7,342500,{'trace_kind': 'synthetic'},0.3425
isolation,1,streaming,SecondChance,LocalAllocation,510,7,366900,{'trace_kind': 'synthetic'},0.3669
isolation,0,streaming,SecondChance,LocalAllocation,510,8,342400,{'trace_kind': 'synthetic'},0.3424
isolation,1,streaming,SecondChance,LocalAllocation,510,8,365300,{'trace_kind': 'synthetic'},0.3653
isolation,0,streaming,SecondChance,LocalAllocation,510,9,349500,{'trace_kind': 'synthetic'},0.3495
isolation,1,streaming,SecondChance,LocalAllocation,510,9,375600,{'trace_kind': 'synthetic'},0.3756
isolation,0,streaming,SecondChance,ProportionalAllocation,510,0,343600,{'trace_kind': 'synthetic'},0.3436
isolation,1,streaming,SecondChance,ProportionalAllocation,510,0,367900,{'trace_kind': 'synthetic'},0.3679
isolation,0,streaming,SecondChance,ProportionalAllocation,510,1,366600,{'trace_kind': 'synthetic'},0.3666
isolation,1,streaming,SecondChance,ProportionalAllocation,510,1,368100,{'trace_kind': 'synthetic'},0.3681
isolation,0,streaming,SecondChance,ProportionalAllocation,510,2,339200,{'trace_kind': 'synthetic'},0.3392
isolation,1,streaming,SecondChance,ProportionalAllocation,510,2,365900,{'trace_kind': 'synthetic'},0.3659
isolation,0,streaming,SecondChance,ProportionalAllocation,510,3,347100,{'trace_kind': 'synthetic'},0.3471
isolation,1,streaming,SecondChance,ProportionalAllocation,510,3,369000,{'trace_kind': 'synthetic'},0.369
isolation,0,streaming,SecondChance,ProportionalAllocation,510,4,344300,{'trace_kind': 'synthetic'},0.3443
isolation,1,streaming,SecondChance,ProportionalAllocation,510,4,371900,{'trace_kind': 'synthetic'},0.3719
isolation,0,streaming,SecondChance,ProportionalAllocation,510,5,343500,{'trace_kind': 'synthetic'},0.3435
isolation,1,streaming,SecondChance,ProportionalAllocation,510,5,386500,{'trace_kind': 'synthetic'},0.3865
isolation,0,streaming,SecondChance,ProportionalAllocation,510,6,340700,{'trace_kind': 'synthetic'},0.3407
isolation,1,streaming,SecondChance,ProportionalAllocation,510,6,366900,{'trace_kind': 'synthetic'},0.3669
isolation,0,streaming,SecondChance,ProportionalAllocation,510,7,344200,{'trace_kind': 'synthetic'},0.3442
isolation,1,streaming,SecondChance,ProportionalAllocation,510,7,370100,{'trace_kind': 'synthetic'},0.3701
isolation,0,streaming,SecondChance,ProportionalAllocation,510,8,346900,{'trace_kind': 'synthetic'},0.3469
isolation,1,streaming,SecondChance,ProportionalAllocation,510,8,380300,{'trace_kind': 'synthetic'},0.3803
isolation,0,streaming,SecondChance,ProportionalAllocation,510,9,343000,{'trace_kind': 'synthetic'},0.343
isolation,1,streaming,SecondChance,ProportionalAllocation,510,9,371600,{'trace_kind': 'synthetic'},0.3716
isolation,0,streaming,WSClock,GlobalAllocation,510,0,343000,{'trace_kind': 'synthetic'},0.343
isolation,1,streaming,WSClock,GlobalAllocation,510,0,374500,{'trace_kind': 'synthetic'},0.3745
isolation,0,streaming,WSClock,GlobalAllocation,510,1,348200,{'trace_kind': 'synthetic'},0.3482
isolation,1,streaming,WSClock,GlobalAllocation,510,1,386100,{'trace_kind': 'synthetic'},0.3861
isolation,0,streaming,WSClock,GlobalAllocation,510,2,366400,{'trace_kind': 'synthetic'},0.3664
isolation,1,streaming,WSClock,GlobalAllocation,510,2,379700,{'trace_kind': 'synthetic'},0.3797
isolation,0,streaming,WSClock,GlobalAllocation,510,3,719700,{'trace_kind': 'synthetic'},0.7197
isolation,1,streaming,WSClock,GlobalAllocation,510,3,773400,{'trace_kind': 'synthetic'},0.7734
isolation,0,streaming,WSClock,GlobalAllocation,510,4,344600,{'trace_kind': 'synthetic'},0.3446
isolation,1,streaming,WSClock,GlobalAllocation,510,4,367200,{'trace_kind': 'synthetic'},0.3672
isolation,0,streaming,WSClock,GlobalAllocation,510,5,344500,{'trace_kind': 'synthetic'},0.3445
isolation,1,streaming,WSClock,GlobalAllocation,510,5,370200,{'trace_kind': 'synthetic'},0.3702
isolation,0,streaming,WSClock,GlobalAllocation,510,6,341600,{'trace_kind': 'synthetic'},0.3416
isolation,1,streaming,WSClock,GlobalAllocation,510,6,370700,{'trace_kind': 'synthetic'},0.3707
isolation,0,streaming,WSClock,GlobalAllocation,510,7,344100,{'trace_kind': 'synthetic'},0.3441
isolation,1,streaming,WSClock,GlobalAllocation,510,7,365100,{'trace_kind': 'synthetic'},0.3651
isolation,0,streaming,WSClock,GlobalAllocation,510,8,340000,{'trace_kind': 'synthetic'},0.34
isolation,1,streaming,WSClock,GlobalAllocation,510,8,368000,{'trace_kind': 'synthetic'},0.368
isolation,0,streaming,WSClock,GlobalAllocation,510,9,339400,{'trace_kind': 'synthetic'},0.3394
isolation,1,streaming,WSClock,GlobalAllocation,510,9,379300,{'trace_kind': 'synthetic'},0.3793
isolation,0,streaming,WSClock,LocalAllocation,510,0,342800,{'trace_kind': 'synthetic'},0.3428
isolation,1,streaming,WSClock,LocalAllocation,510,0,390700,{'trace_kind': 'synthetic'},0.3907
isolation,0,streaming,WSClock,LocalAllocation,510,1,343100,{'trace_kind': 'synthetic'},0.3431
isolation,1,streaming,WSClock,LocalAllocation,510,1,375800,{'trace_kind': 'synthetic'},0.3758
isolation,0,streaming,WSClock,LocalAllocation,510,2,338700,{'trace_kind': 'synthetic'},0.3387
isolation,1,streaming,WSClock,LocalAllocation,510,2,363100,{'trace_kind': 'synthetic'},0.3631
isolation,0,streaming,WSClock,LocalAllocation,510,3,366900,{'trace_kind': 'synthetic'},0.3669
isolation,1,streaming,WSClock,LocalAllocation,510,3,361500,{'trace_kind': 'synthetic'},0.3615
isolation,0,streaming,WSClock,LocalAllocation,510,4,339000,{'trace_kind': 'synthetic'},0.339
isolation,1,streaming,WSClock,LocalAllocation,510,4,373800,{'trace_kind': 'synthetic'},0.3738
isolation,0,streaming,WSClock,LocalAllocation,510,5,343200,{'trace_kind': 'synthetic'},0.3432
isolation,1,streaming,WSClock,LocalAllocation,510,5,372800,{'trace_kind': 'synthetic'},0.3728
isolation,0,streaming,WSClock,LocalAllocation,510,6,339800,{'trace_kind': 'synthetic'},0.3398
isolation,1,streaming,WSClock,LocalAllocation,510,6,370100,{'trace_kind': 'synthetic'},0.3701
isolation,0,streaming,WSClock,LocalAllocation,510,7,341200,{'trace_kind': 'synthetic'},0.3412
isolation,1,streaming,WSClock,LocalAllocation,510,7,374600,{'trace_kind': 'synthetic'},0.3746
isolation,0,streaming,WSClock,LocalAllocation,510,8,340200,{'trace_kind': 'synthetic'},0.3402
isolation,1,streaming,WSClock,LocalAllocation,510,8,388200,{'trace_kind': 'synthetic'},0.3882
isolation,0,streaming,WSClock,LocalAllocation,510,9,344700,{'trace_kind': 'synthetic'},0.3447
isolation,1,streaming,WSClock,LocalAllocation,510,9,416700,{'trace_kind': 'synthetic'},0.4167
isolation,0,streaming,WSClock,ProportionalAllocation,510,0,346400,{'trace_kind': 'synthetic'},0.3464
isolation,1,streaming,WSClock,ProportionalAllocation,510,0,378400,{'trace_kind': 'synthetic'},0.3784
isolation,0,streaming,WSClock,ProportionalAllocation,510,1,344800,{'trace_kind': 'synthetic'},0.3448
isolation,1,streaming,WSClock,ProportionalAllocation,510,1,364000,{'trace_kind': 'synthetic'},0.364
isolation,0,streaming,WSClock,ProportionalAllocation,510,2,344400,{'trace_kind': 'synthetic'},0.3444
isolation,1,streaming,WSClock,ProportionalAllocation,510,2,370900,{'trace_kind': 'synthetic'},0.3709
isolation,0,streaming,WSClock,ProportionalAllocation,510,3,343200,{'trace_kind': 'synthetic'},0.3432
isolation,1,streaming,WSClock,ProportionalAllocation,510,3,376000,{'trace_kind': 'synthetic'},0.376
isolation,0,streaming,WSClock,ProportionalAllocation,510,4,360800,{'trace_kind': 'synthetic'},0.3608
isolation,1,streaming,WSClock,ProportionalAllocation,510,4,368500,{'trace_kind': 'synthetic'},0.3685
isolation,0,streaming,WSClock,ProportionalAllocation,510,5,341700,{'trace_kind': 'synthetic'},0.3417
isolation,1,streaming,WSClock,ProportionalAllocation,510,5,371500,{'trace_kind': 'synthetic'},0.3715
isolation,0,streaming,WSClock,ProportionalAllocation,510,6,339800,{'trace_kind': 'synthetic'},0.3398
isolation,1,streaming,WSClock,ProportionalAllocation,510,6,367600,{'trace_kind': 'synthetic'},0.3676
isolation,0,streaming,WSClock,ProportionalAllocation,510,7,346800,{'trace_kind': 'synthetic'},0.3468
isolation,1,streaming,WSClock,ProportionalAllocation,510,7,369900,{'trace_kind': 'synthetic'},0.3699
isolation,0,streaming,WSClock,ProportionalAllocation,510,8,341000,{'trace_kind': 'synthetic'},0.341
isolation,1,streaming,WSClock,ProportionalAllocation,510,8,365100,{'trace_kind': 'synthetic'},0.3651
isolation,0,streaming,WSClock,ProportionalAllocation,510,9,343600,{'trace_kind': 'synthetic'},0.3436
isolation,1,streaming,WSClock,ProportionalAllocation,510,9,376900,{'trace_kind': 'synthetic'},0.3769
isolation,0,streaming,FIFO,GlobalAllocation,605,0,200400,{'trace_kind': 'synthetic'},0.2004
isolation,1,streaming,FIFO,GlobalAllocation,605,0,210100,{'trace_kind': 'synthetic'},0.2101
isolation,2,streaming,FIFO,GlobalAllocation,605,0,212900,{'trace_kind': 'synthetic'},0.2129
isolation,3,streaming,FIFO,GlobalAllocation,605,0,221900,{'trace_kind': 'synthetic'},0.2219
isolation,0,streaming,FIFO,GlobalAllocation,605,1,201600,{'trace_kind': 'synthetic'},0.2016
isolation,1,streaming,FIFO,GlobalAllocation,605,1,208100,{'trace_kind': 'synthetic'},0.2081
isolation,2,streaming,FIFO,GlobalAllocation,605,1,212600,{'trace_kind': 'synthetic'},0.2126
isolation,3,streaming,FIFO,GlobalAllocation,605,1,219700,{'trace_kind': 'synthetic'},0.2197
isolation,0,streaming,FIFO,GlobalAllocation,605,2,200200,{'trace_kind': 'synthetic'},0.2002
isolation,1,streaming,FIFO,GlobalAllocation,605,2,207500,{'trace_kind': 'synthetic'},0.2075
isolation,2,streaming,FIFO,GlobalAllocation,605,2,215800,{'trace_kind': 'synthetic'},0.2158
isolation,3,streaming,FIFO,GlobalAllocation,605,2,217100,{'trace_kind': 'synthetic'},0.2171
isolation,0,streaming,FIFO,GlobalAllocation,605,3,202400,{'trace_kind': 'synthetic'},0.2024
isolation,1,streaming,FIFO,GlobalAllocation,605,3,209700,{'trace_kind': 'synthetic'},0.2097
isolation,2,streaming,FIFO,GlobalAllocation,605,3,214100,{'trace_kind': 'synthetic'},0.2141
isolation,3,streaming,FIFO,GlobalAllocation,605,3,220400,{'trace_kind': 'synthetic'},0.2204
isolation,0,streaming,FIFO,GlobalAllocation,605,4,204500,{'trace_kind': 'synthetic'},0.2045
isolation,1,streaming,FIFO,GlobalAllocation,605,4,208200,{'trace_kind': 'synthetic'},0.2082
isolation,2,streaming,FIFO,GlobalAllocation,605,4,214300,{'trace_kind': 'synthetic'},0.2143
isolation,3,streaming,FIFO,GlobalAllocation,605,4,223800,{'trace_kind': 'synthetic'},0.2238
isolation,0,streaming,FIFO,GlobalAllocation,605,5,201600,{'trace_kind': 'synthetic'},0.2016
isolation,1,streaming,FIFO,GlobalAllocation,605,5,211200,{'trace_kind': 'synthetic'},0.2112
isolation,2,streaming,FIFO,GlobalAllocation,605,5,215700,{'trace_kind': 'synthetic'},0.2157
isolation,3,streaming,FIFO,GlobalAllocation,605,5,220200,{'trace_kind': 'synthetic'},0.2202
isolation,0,streaming,FIFO,GlobalAllocation,605,6,202200,{'trace_kind': 'synthetic'},0.2022
isolation,1,streaming,FIFO,GlobalAllocation,605,6,204900,{'trace_kind': 'synthetic'},0.2049
isolation,2,streaming,FIFO,GlobalAllocation,605,6,215500,{'trace_kind': 'synthetic'},0.2155
isolation,3,streaming,FIFO,GlobalAllocation,605,6,223500,{'trace_kind': 'synthetic'},0.2235
isolation,0,streaming,FIFO,GlobalAllocation,605,7,442100,{'trace_kind': 'synthetic'},0.4421
isolation,1,streaming,FIFO,GlobalAllocation,605,7,431500,{'trace_kind': 'synthetic'},0.4315
isolation,2,streaming,FIFO,GlobalAllocation,605,7,431900,{'trace_kind': 'synthetic'},0.4319
isolation,3,streaming,FIFO,GlobalAllocation,605,7,445700,{'trace_kind': 'synthetic'},0.4457
isolation,0,streaming,FIFO,GlobalAllocation,605,8,200700,{'trace_kind': 'synthetic'},0.2007
isolation,1,streaming,FIFO,GlobalAllocation,605,8,209300,{'trace_kind': 'synthetic'},0.2093
isolation,2,streaming,FIFO,GlobalAllocation,605,8,213600,{'trace_kind': 'synthetic'},0.2136
isolation,3,streaming,FIFO,GlobalAllocation,605,8,221300,{'trace_kind': 'synthetic'},0.2213
isolation,0,streaming,FIFO,GlobalAllocation,605,9,199200,{'trace_kind': 'synthetic'},0.1992
isolation,1,streaming,FIFO,GlobalAllocation,605,9,225400,{'trace_kind': 'synthetic'},0.2254
isolation,2,streaming,FIFO,GlobalAllocation,605,9,215500,{'trace_kind': 'synthetic'},0.2155
isolation,3,streaming,FIFO,GlobalAllocation,605,9,223800,{'trace_kind': 'synthetic'},0.2238
isolation,0,streaming,FIFO,LocalAllocation,605,0,199900,{'trace_kind': 'synthetic'},0.1999
isolation,1,streaming,FIFO,LocalAllocation,605,0,209600,{'trace_kind': 'synthetic'},0.2096
isolation,2,streaming,FIFO,LocalAllocation,605,0,212500,{'trace_kind': 'synthetic'},0.2125
isolation,3,streaming,FIFO,LocalAllocation,605,0,219000,{'trace_kind': 'synthetic'},0.219
isolation,0,streaming,FIFO,LocalAllocation,605,1,201400,{'trace_kind': 'synthetic'},0.2014
isolation,1,streaming,FIFO,LocalAllocation,605,1,208800,{'trace_kind': 'synthetic'},0.2088
isolation,2,streaming,FIFO,LocalAllocation,605,1,210900,{'trace_kind': 'synthetic'},0.2109
isolation,3,streaming,FIFO,LocalAllocation,605,1,219000,{'trace_kind': 'synthetic'},0.219
isolation,0,streaming,FIFO,LocalAllocation,605,2,201700,{'trace_kind': 'synthetic'},0.2017
isolation,1,streaming,FIFO,LocalAllocation,605,2,210600,{'trace_kind': 'synthetic'},0.2106
isolation,2,streaming,FIFO,LocalAllocation,605,2,219100,{'trace_kind': 'synthetic'},0.2191
isolation,3,streaming,FIFO,LocalAllocation,605,2,217400,{'trace_kind': 'synthetic'},0.2174
isolation,0,streaming,FIFO,LocalAllocation,605,3,190500,{'trace_kind': 'synthetic'},0.1905
isolation,1,streaming,FIFO,LocalAllocation,605,3,199300,{'trace_kind': 'synthetic'},0.1993
isolation,2,streaming,FIFO,LocalAllocation,605,3,202500,{'trace_kind': 'synthetic'},0.2025
isolation,3,streaming,FIFO,LocalAllocation,605,3,205900,{'trace_kind': 'synthetic'},0.2059
isolation,0,streaming,FIFO,LocalAllocation,605,4,200100,{'trace_kind': 'synthetic'},0.2001
isolation,1,streaming,FIFO,LocalAllocation,605,4,207900,{'trace_kind': 'synthetic'},0.2079
isolation,2,streaming,FIFO,LocalAllocation,605,4,215200,{'trace_kind': 'synthetic'},0.2152
isolation,3,streaming,FIFO,LocalAllocation,605,4,223000,{'trace_kind': 'synthetic'},0.223
isolation,0,streaming,FIFO,LocalAllocation,605,5,206700,{'trace_kind': 'synthetic'},0.2067
isolation,1,streaming,FIFO,LocalAllocation,605,5,208600,{'trace_kind': 'synthetic'},0.2086
isolation,2,streaming,FIFO,LocalAllocation,605,5,213500,{'trace_kind': 'synthetic'},0.2135
isolation,3,streaming,FIFO,LocalAllocation,605,5,221300,{'trace_kind': 'synthetic'},0.2213
isolation,0,streaming,FIFO,LocalAllocation,605,6,390900,{'trace_kind': 'synthetic'},0.3909
isolation,1,streaming,FIFO,LocalAllocation,605,6,411900,{'trace_kind': 'synthetic'},0.4119
isolation,2,streaming,FIFO,LocalAllocation,605,6,429600,{'trace_kind': 'synthetic'},0.4296
isolation,3,streaming,FIFO,LocalAllocation,605,6,452100,{'trace_kind': 'synthetic'},0.4521
isolation,0,streaming,FIFO,LocalAllocation,605,7,404700,{'trace_kind': 'synthetic'},0.4047
isolation,1,streaming,FIFO,LocalAllocation,605,7,211900,{'trace_kind': 'synthetic'},0.2119
isolation,2,streaming,FIFO,LocalAllocation,605,7,214600,{'trace_kind': 'synthetic'},0.2146
isolation,3,streaming,FIFO,LocalAllocation,605,7,219100,{'trace_kind': 'synthetic'},0.2191
isolation,0,streaming,FIFO,LocalAllocation,605,8,201600,{'trace_kind': 'synthetic'},0.2016
isolation,1,streaming,FIFO,LocalAllocation,605,8,205400,{'trace_kind': 'synthetic'},0.2054
isolation,2,streaming,FIFO,LocalAllocation,605,8,218300,{'trace_kind': 'synthetic'},0.2183
isolation,3,streaming,FIFO,LocalAllocation,605,8,225500,{'trace_kind': 'synthetic'},0.2255
isolation,0,streaming,FIFO,LocalAllocation,605,9,197900,{'trace_kind': 'synthetic'},0.1979
isolation,1,streaming,FIFO,LocalAllocation,605,9,203700,{'trace_kind': 'synthetic'},0.2037
isolation,2,streaming,FIFO,LocalAllocation,605,9,212900,{'trace_kind': 'synthetic'},0.2129
isolation,3,streaming,FIFO,LocalAllocation,605,9,220300,{'trace_kind': 'synthetic'},0.2203
isolation,0,streaming,FIFO,ProportionalAllocation,605,0,200700,{'trace_kind': 'synthetic'},0.2007
isolation,1,streaming,FIFO,ProportionalAllocation,605,0,205000,{'trace_kind': 'synthetic'},0.205
isolation,2,streaming,FIFO,ProportionalAllocation,605,0,212700,{'trace_kind': 'synthetic'},0.2127
isolation,3,streaming,FIFO,ProportionalAllocation,605,0,219900,{'trace_kind': 'synthetic'},0.2199
isolation,0,streaming,FIFO,ProportionalAllocation,605,1,199600,{'trace_kind': 'synthetic'},0.1996
isolation,1,streaming,FIFO,ProportionalAllocation,605,1,208700,{'trace_kind': 'synthetic'},0.2087
isolation,2,streaming,FIFO,ProportionalAllocation,605,1,213100,{'trace_kind': 'synthetic'},0.2131
isolation,3,streaming,FIFO,ProportionalAllocation,605,1,220400,{'trace_kind': 'synthetic'},0.2204
isolation,0,streaming,FIFO,ProportionalAllocation,605,2,204800,{'trace_kind': 'synthetic'},0.2048
isolation,1,streaming,FIFO,ProportionalAllocation,605,2,207700,{'trace_kind': 'synthetic'},0.2077
isolation,2,streaming,FIFO,ProportionalAllocation,605,2,213100,{'trace_kind': 'synthetic'},0.2131
isolation,3,streaming,FIFO,ProportionalAllocation,605,2,218500,{'trace_kind': 'synthetic'},0.2185
isolation,0,streaming,FIFO,ProportionalAllocation,605,3,202300,{'trace_kind': 'synthetic'},0.2023
isolation,1,streaming,FIFO,ProportionalAllocation,605,3,213400,{'trace_kind': 'synthetic'},0.2134
isolation,2,streaming,FIFO,ProportionalAllocation,605,3,217800,{'trace_kind': 'synthetic'},0.2178
isolation,3,streaming,FIFO,ProportionalAllocation,605,3,220300,{'trace_kind': 'synthetic'},0.2203
isolation,0,streaming,FIFO,ProportionalAllocation,605,4,227900,{'trace_kind': 'synthetic'},0.2279
isolation,1,streaming,FIFO,ProportionalAllocation,605,4,212200,{'trace_kind': 'synthetic'},0.2122
isolation,2,streaming,FIFO,ProportionalAllocation,605,4,216500,{'trace_kind': 'synthetic'},0.2165
isolation,3,streaming,FIFO,ProportionalAllocation,605,4,222800,{'trace_kind': 'synthetic'},0.2228
isolation,0,streaming,FIFO,ProportionalAllocation,605,5,203300,{'trace_kind': 'synthetic'},0.2033
isolation,1,streaming,FIFO,ProportionalAllocation,605,5,208900,{'trace_kind': 'synthetic'},0.2089
isolation,2,streaming,FIFO,ProportionalAllocation,605,5,219900,{'trace_kind': 'synthetic'},0.2199
isolation,3,streaming,FIFO,ProportionalAllocation,605,5,219400,{'trace_kind': 'synthetic'},0.2194
isolation,0,streaming,FIFO,ProportionalAllocation,605,6,205200,{'trace_kind': 'synthetic'},0.2052
isolation,1,streaming,FIFO,ProportionalAllocation,605,6,210600,{'trace_kind': 'synthetic'},0.2106
isolation,2,streaming,FIFO,ProportionalAllocation,605,6,228600,{'trace_kind': 'synthetic'},0.2286
isolation,3,streaming,FIFO,ProportionalAllocation,605,6,228500,{'trace_kind': 'synthetic'},0.2285
isolation,0,streaming,FIFO,ProportionalAllocation,605,7,199800,{'trace_kind': 'synthetic'},0.1998
isolation,1,streaming,FIFO,ProportionalAllocation,605,7,211100,{'trace_kind': 'synthetic'},0.2111
isolation,2,streaming,FIFO,ProportionalAllocation,605,7,217300,{'trace_kind': 'synthetic'},0.2173
isolation,3,streaming,FIFO,ProportionalAllocation,605,7,223900,{'trace_kind': 'synthetic'},0.2239
isolation,0,streaming,FIFO,ProportionalAllocation,605,8,202700,{'trace_kind': 'synthetic'},0.2027
isolation,1,streaming,FIFO,ProportionalAllocation,605,8,206200,{'trace_kind': 'synthetic'},0.2062
isolation,2,streaming,FIFO,ProportionalAllocation,605,8,215100,{'trace_kind': 'synthetic'},0.2151
isolation,3,streaming,FIFO,ProportionalAllocation,605,8,221800,{'trace_kind': 'synthetic'},0.2218
isolation,0,streaming,FIFO,ProportionalAllocation,605,9,405500,{'trace_kind': 'synthetic'},0.4055
isolation,1,streaming,FIFO,ProportionalAllocation,605,9,209200,{'trace_kind': 'synthetic'},0.2092
isolation,2,streaming,FIFO,ProportionalAllocation,605,9,212200,{'trace_kind': 'synthetic'},0.2122
isolation,3,streaming,FIFO,ProportionalAllocation,605,9,219300,{'trace_kind': 'synthetic'},0.2193
isolation,0,streaming,LRU,GlobalAllocation,605,0,331000,{'trace_kind': 'synthetic'},0.331
isolation,1,streaming,LRU,GlobalAllocation,605,0,333800,{'trace_kind': 'synthetic'},0.3338
isolation,2,streaming,LRU,GlobalAllocation,605,0,333400,{'trace_kind': 'synthetic'},0.3334
isolation,3,streaming,LRU,GlobalAllocation,605,0,343400,{'trace_kind': 'synthetic'},0.3434
isolation,0,streaming,LRU,GlobalAllocation,605,1,323600,{'trace_kind': 'synthetic'},0.3236
isolation,1,streaming,LRU,GlobalAllocation,605,1,332800,{'trace_kind': 'synthetic'},0.3328
isolation,2,streaming,LRU,GlobalAllocation,605,1,342400,{'trace_kind': 'synthetic'},0.3424
isolation,3,streaming,LRU,GlobalAllocation,605,1,346200,{'trace_kind': 'synthetic'},0.3462
isolation,0,streaming,LRU,GlobalAllocation,605,2,322100,{'trace_kind': 'synthetic'},0.3221
isolation,1,streaming,LRU,GlobalAllocation,605,2,333300,{'trace_kind': 'synthetic'},0.3333
isolation,2,streaming,LRU,GlobalAllocation,605,2,337300,{'trace_kind': 'synthetic'},0.3373
isolation,3,streaming,LRU,GlobalAllocation,605,2,344200,{'trace_kind': 'synthetic'},0.3442
isolation,0,streaming,LRU,GlobalAllocation,605,3,658600,{'trace_kind': 'synthetic'},0.6586
isolation,1,streaming,LRU,GlobalAllocation,605,3,664100,{'trace_kind': 'synthetic'},0.6641
isolation,2,streaming,LRU,GlobalAllocation,605,3,686900,{'trace_kind': 'synthetic'},0.6869
isolation,3,streaming,LRU,GlobalAllocation,605,3,699900,{'trace_kind': 'synthetic'},0.6999
isolation,0,streaming,LRU,GlobalAllocation,605,4,326900,{'trace_kind': 'synthetic'},0.3269
isolation,1,streaming,LRU,GlobalAllocation,605,4,334200,{'trace_kind': 'synthetic'},0.3342
isolation,2,streaming,LRU,GlobalAllocation,605,4,339200,{'trace_kind': 'synthetic'},0.3392
isolation,3,streaming,LRU,GlobalAllocation,605,4,347500,{'trace_kind': 'synthetic'},0.3475
isolation,0,streaming,LRU,GlobalAllocation,605,5,322400,{'trace_kind': 'synthetic'},0.3224
isolation,1,streaming,LRU,GlobalAllocation,605,5,338100,{'trace_kind': 'synthetic'},0.3381
isolation,2,streaming,LRU,GlobalAllocation,605,5,336700,{'trace_kind': 'synthetic'},0.3367
isolation,3,streaming,LRU,GlobalAllocation,605,5,347700,{'trace_kind': 'synthetic'},0.3477
isolation,0,streaming,LRU,GlobalAllocation,605,6,325900,{'trace_kind': 'synthetic'},0.3259
isolation,1,streaming,LRU,GlobalAllocation,605,6,339100,{'trace_kind': 'synthetic'},0.3391
isolation,2,streaming,LRU,GlobalAllocation,605,6,338900,{'trace_kind': 'synthetic'},0.3389
isolation,3,streaming,LRU,GlobalAllocation,605,6,359700,{'trace_kind': 'synthetic'},0.3597
isolation,0,streaming,LRU,GlobalAllocation,605,7,328200,{'trace_kind': 'synthetic'},0.3282
isolation,1,streaming,LRU,GlobalAllocation,605,7,331600,{'trace_kind': 'synthetic'},0.3316
isolation,2,streaming,LRU,GlobalAllocation,605,7,339900,{'trace_kind': 'synthetic'},0.3399
isolation,3,streaming,LRU,GlobalAllocation,605,7,351400,{'trace_kind': 'synthetic'},0.3514
isolation,0,streaming,LRU,GlobalAllocation,605,8,326000,{'trace_kind': 'synthetic'},0.326
isolation,1,streaming,LRU,GlobalAllocation,605,8,334000,{'trace_kind': 'synthetic'},0.334
isolation,2,streaming,LRU,GlobalAllocation,605,8,340900,{'trace_kind': 'synthetic'},0.3409
isolation,3,streaming,LRU,GlobalAllocation,605,8,345100,{'trace_kind': 'synthetic'},0.3451
isolation,0,streaming,LRU,GlobalAllocation,605,9,323100,{'trace_kind': 'synthetic'},0.3231
isolation,1,streaming,LRU,GlobalAllocation,605,9,337900,{'trace_kind': 'synthetic'},0.3379
isolation,2,streaming,LRU,GlobalAllocation,605,9,340900,{'trace_kind': 'synthetic'},0.3409
isolation,3,streaming,LRU,GlobalAllocation,605,9,346600,{'trace_kind': 'synthetic'},0.3466
isolation,0,streaming,LRU,LocalAllocation,605,0,324100,{'trace_kind': 'synthetic'},0.3241
isolation,1,streaming,LRU,LocalAllocation,605,0,332600,{'trace_kind': 'synthetic'},0.3326
isolation,2,streaming,LRU,LocalAllocation,605,0,335600,{'trace_kind': 'synthetic'},0.3356
isolation,3,streaming,LRU,LocalAllocation,605,0,344700,{'trace_kind': 'synthetic'},0.3447
isolation,0,streaming,LRU,LocalAllocation,605,1,325800,{'trace_kind': 'synthetic'},0.3258
isolation,1,streaming,LRU,LocalAllocation,605,1,331200,{'trace_kind': 'synthetic'},0.3312
isolation,2,streaming,LRU,LocalAllocation,605,1,336000,{'trace_kind': 'synthetic'},0.336
isolation,3,streaming,LRU,LocalAllocation,605,1,344500,{'trace_kind': 'synthetic'},0.3445
isolation,0,streaming,LRU,LocalAllocation,605,2,319500,{'trace_kind': 'synthetic'},0.3195
isolation,1,streaming,LRU,LocalAllocation,605,2,331000,{'trace_kind': 'synthetic'},0.331
isolation,2,streaming,LRU,LocalAllocation,605,2,337000,{'trace_kind': 'synthetic'},0.337
isolation,3,streaming,LRU,LocalAllocation,605,2,348100,{'trace_kind': 'synthetic'},0.3481
isolation,0,streaming,LRU,LocalAllocation,605,3,324600,{'trace_kind': 'synthetic'},0.3246
isolation,1,streaming,LRU,LocalAllocation,605,3,335700,{'trace_kind': 'synthetic'},0.3357
isolation,2,streaming,LRU,LocalAllocation,605,3,341300,{'trace_kind': 'synthetic'},0.3413
isolation,3,streaming,LRU,LocalAllocation,605,3,340300,{'trace_kind': 'synthetic'},0.3403
isolation,0,streaming,LRU,LocalAllocation,605,4,321200,{'trace_kind': 'synthetic'},0.3212
isolation,1,streaming,LRU,LocalAllocation,605,4,337300,{'trace_kind': 'synthetic'},0.3373
isolation,2,streaming,LRU,LocalAllocation,605,4,338700,{'trace_kind': 'synthetic'},0.3387
isolation,3,streaming,LRU,LocalAllocation,605,4,347200,{'trace_kind': 'synthetic'},0.3472
isolation,0,streaming,LRU,LocalAllocation,605,5,321600,{'trace_kind': 'synthetic'},0.3216
isolation,1,streaming,LRU,LocalAllocation,605,5,332000,{'trace_kind': 'synthetic'},0.332
isolation,2,streaming,LRU,LocalAllocation,605,5,341600,{'trace_kind': 'synthetic'},0.3416
isolation,3,streaming,LRU,LocalAllocation,605,5,341700,{'trace_kind': 'synthetic'},0.3417
isolation,0,streaming,LRU,LocalAllocation,605,6,323400,{'trace_kind': 'synthetic'},0.3234
isolation,1,streaming,LRU,LocalAllocation,605,6,332300,{'trace_kind': 'synthetic'},0.3323
isolation,2,streaming,LRU,LocalAllocation,605,6,339400,{'trace_kind': 'synthetic'},0.3394
isolation,3,streaming,LRU,LocalAllocation,605,6,349200,{'trace_kind': 'synthetic'},0.3492
isolation,0,streaming,LRU,LocalAllocation,605,7,320600,{'trace_kind': 'synthetic'},0.3206
isolation,1,streaming,LRU,LocalAllocation,605,7,432100,{'trace_kind': 'synthetic'},0.4321
isolation,2,streaming,LRU,LocalAllocation,605,7,336600,{'trace_kind': 'synthetic'},0.3366
isolation,3,streaming,LRU,LocalAllocation,605,7,350500,{'trace_kind': 'synthetic'},0.3505
isolation,0,streaming,LRU,LocalAllocation,605,8,322300,{'trace_kind': 'synthetic'},0.3223
isolation,1,streaming,LRU,LocalAllocation,605,8,332500,{'trace_kind': 'synthetic'},0.3325
isolation,2,streaming,LRU,LocalAllocation,605,8,334900,{'trace_kind': 'synthetic'},0.3349
isolation,3,streaming,LRU,LocalAllocation,605,8,344300,{'trace_kind': 'synthetic'},0.3443
isolation,0,streaming,LRU,LocalAllocation,605,9,645700,{'trace_kind': 'synthetic'},0.6457
isolation,1,streaming,LRU,LocalAllocation,605,9,340400,{'trace_kind': 'synthetic'},0.3404
isolation,2,streaming,LRU,LocalAllocation,605,9,389200,{'trace_kind': 'synthetic'},0.3892
isolation,3,streaming,LRU,LocalAllocation,605,9,379700,{'trace_kind': 'synthetic'},0.3797
isolation,0,streaming,LRU,ProportionalAllocation,605,0,323900,{'trace_kind': 'synthetic'},0.3239
isolation,1,streaming,LRU,ProportionalAllocation,605,0,330800,{'trace_kind': 'synthetic'},0.3308
isolation,2,streaming,LRU,ProportionalAllocation,605,0,333700,{'trace_kind': 'synthetic'},0.3337
isolation,3,streaming,LRU,ProportionalAllocation,605,0,345400,{'trace_kind': 'synthetic'},0.3454
isolation,0,streaming,LRU,ProportionalAllocation,605,1,324900,{'trace_kind': 'synthetic'},0.3249
isolation,1,streaming,LRU,ProportionalAllocation,605,1,335200,{'trace_kind': 'synthetic'},0.3352
isolation,2,streaming,LRU,ProportionalAllocation,605,1,348900,{'trace_kind': 'synthetic'},0.3489
isolation,3,streaming,LRU,ProportionalAllocation,605,1,342700,{'trace_kind': 'synthetic'},0.3427
isolation,0,streaming,LRU,ProportionalAllocation,605,2,323200,{'trace_kind': 'synthetic'},0.3232
isolation,1,streaming,LRU,ProportionalAllocation,605,2,328700,{'trace_kind': 'synthetic'},0.3287
isolation,2,streaming,LRU,ProportionalAllocation,605,2,345200,{'trace_kind': 'synthetic'},0.3452
isolation,3,streaming,LRU,ProportionalAllocation,605,2,344500,{'trace_kind': 'synthetic'},0.3445
isolation,0,streaming,LRU,ProportionalAllocation,605,3,322800,{'trace_kind': 'synthetic'},0.3228
isolation,1,streaming,LRU,ProportionalAllocation,605,3,330900,{'trace_kind': 'synthetic'},0.3309
isolation,2,streaming,LRU,ProportionalAllocation,605,3,340600,{'trace_kind': 'synthetic'},0.3406
isolation,3,streaming,LRU,ProportionalAllocation,605,3,346000,{'trace_kind': 'synthetic'},0.346
isolation,0,streaming,LRU,ProportionalAllocation,605,4,325500,{'trace_kind': 'synthetic'},0.3255
isolation,1,streaming,LRU,ProportionalAllocation,605,4,332200,{'trace_kind': 'synthetic'},0.3322
isolation,2,streaming,LRU,ProportionalAllocation,605,4,340700,{'trace_kind': 'synthetic'},0.3407
isolation,3,streaming,LRU,ProportionalAllocation,605,4,354800,{'trace_kind': 'synthetic'},0.3548
isolation,0,streaming,LRU,ProportionalAllocation,605,5,321700,{'trace_kind': 'synthetic'},0.3217
isolation,1,streaming,LRU,ProportionalAllocation,605,5,336000,{'trace_kind': 'synthetic'},0.336
isolation,2,streaming,LRU,ProportionalAllocation,605,5,337300,{'trace_kind': 'synthetic'},0.3373
isolation,3,streaming,LRU,ProportionalAllocation,605,5,349000,{'trace_kind': 'synthetic'},0.349
isolation,0,streaming,LRU,ProportionalAllocation,605,6,319100,{'trace_kind': 'synthetic'},0.3191
isolation,1,streaming,LRU,ProportionalAllocation,605,6,331100,{'trace_kind': 'synthetic'},0.3311
isolation,2,streaming,LRU,ProportionalAllocation,605,6,345200,{'trace_kind': 'synthetic'},0.3452
isolation,3,streaming,LRU,ProportionalAllocation,605,6,344200,{'trace_kind': 'synthetic'},0.3442
isolation,0,streaming,LRU,ProportionalAllocation,605,7,316600,{'trace_kind': 'synthetic'},0.3166
isolation,1,streaming,LRU,ProportionalAllocation,605,7,337000,{'trace_kind': 'synthetic'},0.337
isolation,2,streaming,LRU,ProportionalAllocation,605,7,335400,{'trace_kind': 'synthetic'},0.3354
isolation,3,streaming,LRU,ProportionalAllocation,605,7,726800,{'trace_kind': 'synthetic'},0.7268
isolation,0,streaming,LRU,ProportionalAllocation,605,8,317200,{'trace_kind': 'synthetic'},0.3172
isolation,1,streaming,LRU,ProportionalAllocation,605,8,332300,{'trace_kind': 'synthetic'},0.3323
isolation,2,streaming,LRU,ProportionalAllocation,605,8,335200,{'trace_kind': 'synthetic'},0.3352
isolation,3,streaming,LRU,ProportionalAllocation,605,8,344700,{'trace_kind': 'synthetic'},0.3447
isolation,0,streaming,LRU,ProportionalAllocation,605,9,325500,{'trace_kind': 'synthetic'},0.3255
isolation,1,streaming,LRU,ProportionalAllocation,605,9,326400,{'trace_kind': 'synthetic'},0.3264
isolation,2,streaming,LRU,ProportionalAllocation,605,9,352800,{'trace_kind': 'synthetic'},0.3528
isolation,3,streaming,LRU,ProportionalAllocation,605,9,347900,{'trace_kind': 'synthetic'},0.3479
isolation,0,streaming,NRU,GlobalAllocation,605,0,354300,{'trace_kind': 'synthetic'},0.3543
isolation,1,streaming,NRU,GlobalAllocation,605,0,356000,{'trace_kind': 'synthetic'},0.356
isolation,2,streaming,NRU,GlobalAllocation,605,0,363500,{'trace_kind': 'synthetic'},0.3635
isolation,3,streaming,NRU,GlobalAllocation,605,0,373400,{'trace_kind': 'synthetic'},0.3734
isolation,0,streaming,NRU,GlobalAllocation,605,1,349900,{'trace_kind': 'synthetic'},0.3499
isolation,1,streaming,NRU,GlobalAllocation,605,1,366900,{'trace_kind': 'synthetic'},0.3669
isolation,2,streaming,NRU,GlobalAllocation,605,1,366400,{'trace_kind': 'synthetic'},0.3664
isolation,3,streaming,NRU,GlobalAllocation,605,1,375600,{'trace_kind': 'synthetic'},0.3756
isolation,0,streaming,NRU,GlobalAllocation,605,2,362800,{'trace_kind': 'synthetic'},0.3628
isolation,1,streaming,NRU,GlobalAllocation,605,2,365800,{'trace_kind': 'synthetic'},0.3658
isolation,2,streaming,NRU,GlobalAllocation,605,2,373100,{'trace_kind': 'synthetic'},0.3731
isolation,3,streaming,NRU,GlobalAllocation,605,2,376800,{'trace_kind': 'synthetic'},0.3768
isolation,0,streaming,NRU,GlobalAllocation,605,3,363500,{'trace_kind': 'synthetic'},0.3635
isolation,1,streaming,NRU,GlobalAllocation,605,3,357800,{'trace_kind': 'synthetic'},0.3578
isolation,2,streaming,NRU,GlobalAllocation,605,3,369500,{'trace_kind': 'synthetic'},0.3695
isolation,3,streaming,NRU,GlobalAllocation,605,3,391400,{'trace_kind': 'synthetic'},0.3914
isolation,0,streaming,NRU,GlobalAllocation,605,4,346800,{'trace_kind': 'synthetic'},0.3468
isolation,1,streaming,NRU,GlobalAllocation,605,4,359100,{'trace_kind': 'synthetic'},0.3591
isolation,2,streaming,NRU,GlobalAllocation,605,4,375200,{'trace_kind': 'synthetic'},0.3752
isolation,3,streaming,NRU,GlobalAllocation,605,4,375700,{'trace_kind': 'synthetic'},0.3757
isolation,0,streaming,NRU,GlobalAllocation,605,5,347800,{'trace_kind': 'synthetic'},0.3478
isolation,1,streaming,NRU,GlobalAllocation,605,5,359400,{'trace_kind': 'synthetic'},0.3594
isolation,2,streaming,NRU,GlobalAllocation,605,5,371400,{'trace_kind': 'synthetic'},0.3714
isolation,3,streaming,NRU,GlobalAllocation,605,5,373700,{'trace_kind': 'synthetic'},0.3737
isolation,0,streaming,NRU,GlobalAllocation,605,6,346700,{'trace_kind': 'synthetic'},0.3467
isolation,1,streaming,NRU,GlobalAllocation,605,6,367800,{'trace_kind': 'synthetic'},0.3678
isolation,2,streaming,NRU,GlobalAllocation,605,6,382600,{'trace_kind': 'synthetic'},0.3826
isolation,3,streaming,NRU,GlobalAllocation,605,6,378900,{'trace_kind': 'synthetic'},0.3789
isolation,0,streaming,NRU,GlobalAllocation,605,7,362200,{'trace_kind': 'synthetic'},0.3622
isolation,1,streaming,NRU,GlobalAllocation,605,7,361600,{'trace_kind': 'synthetic'},0.3616
isolation,2,streaming,NRU,GlobalAllocation,605,7,383900,{'trace_kind': 'synthetic'},0.3839
isolation,3,streaming,NRU,GlobalAllocation,605,7,384800,{'trace_kind': 'synthetic'},0.3848
isolation,0,streaming,NRU,GlobalAllocation,605,8,387400,{'trace_kind': 'synthetic'},0.3874
isolation,1,streaming,NRU,GlobalAllocation,605,8,366900,{'trace_kind': 'synthetic'},0.3669
isolation,2,streaming,NRU,GlobalAllocation,605,8,395100,{'trace_kind': 'synthetic'},0.3951
isolation,3,streaming,NRU,GlobalAllocation,605,8,395900,{'trace_kind': 'synthetic'},0.3959
isolation,0,streaming,NRU,GlobalAllocation,605,9,366200,{'trace_kind': 'synthetic'},0.3662
isolation,1,streaming,NRU,GlobalAllocation,605,9,359100,{'trace_kind': 'synthetic'},0.3591
isolation,2,streaming,NRU,GlobalAllocation,605,9,364600,{'trace_kind': 'synthetic'},0.3646
isolation,3,streaming,NRU,GlobalAllocation,605,9,374300,{'trace_kind': 'synthetic'},0.3743
isolation,0,streaming,NRU,LocalAllocation,605,0,352700,{'trace_kind': 'synthetic'},0.3527
isolation,1,streaming,NRU,LocalAllocation,605,0,388700,{'trace_kind': 'synthetic'},0.3887
isolation,2,streaming,NRU,LocalAllocation,605,0,365100,{'trace_kind': 'synthetic'},0.3651
isolation,3,streaming,NRU,LocalAllocation,605,0,376700,{'trace_kind': 'synthetic'},0.3767
isolation,0,streaming,NRU,LocalAllocation,605,1,343800,{'trace_kind': 'synthetic'},0.3438
isolation,1,streaming,NRU,LocalAllocation,605,1,373000,{'trace_kind': 'synthetic'},0.373
isolation,2,streaming,NRU,LocalAllocation,605,1,367900,{'trace_kind': 'synthetic'},0.3679
isolation,3,streaming,NRU,LocalAllocation,605,1,377700,{'trace_kind': 'synthetic'},0.3777
isolation,0,streaming,NRU,LocalAllocation,605,2,349800,{'trace_kind': 'synthetic'},0.3498
isolation,1,streaming,NRU,LocalAllocation,605,2,356200,{'trace_kind': 'synthetic'},0.3562
isolation,2,streaming,NRU,LocalAllocation,605,2,370900,{'trace_kind': 'synthetic'},0.3709
isolation,3,streaming,NRU,LocalAllocation,605,2,498000,{'trace_kind': 'synthetic'},0.498
isolation,0,streaming,NRU,LocalAllocation,605,3,363800,{'trace_kind': 'synthetic'},0.3638
isolation,1,streaming,NRU,LocalAllocation,605,3,357500,{'trace_kind': 'synthetic'},0.3575
isolation,2,streaming,NRU,LocalAllocation,605,3,387900,{'trace_kind': 'synthetic'},0.3879
isolation,3,streaming,NRU,LocalAllocation,605,3,373000,{'trace_kind': 'synthetic'},0.373
isolation,0,streaming,NRU,LocalAllocation,605,4,363700,{'trace_kind': 'synthetic'},0.3637
isolation,1,streaming,NRU,LocalAllocation,605,4,379400,{'trace_kind': 'synthetic'},0.3794
isolation,2,streaming,NRU,LocalAllocation,605,4,382200,{'trace_kind': 'synthetic'},0.3822
isolation,3,streaming,NRU,LocalAllocation,605,4,377800,{'trace_kind': 'synthetic'},0.3778
isolation,0,streaming,NRU,LocalAllocation,605,5,353000,{'trace_kind': 'synthetic'},0.353
isolation,1,streaming,NRU,LocalAllocation,605,5,355100,{'trace_kind': 'synthetic'},0.3551
isolation,2,streaming,NRU,LocalAllocation,605,5,363400,{'trace_kind': 'synthetic'},0.3634
isolation,3,streaming,NRU,LocalAllocation,605,5,380200,{'trace_kind': 'synthetic'},0.3802
isolation,0,streaming,NRU,LocalAllocation,605,6,742000,{'trace_kind': 'synthetic'},0.742
isolation,1,streaming,NRU,LocalAllocation,605,6,661900,{'trace_kind': 'synthetic'},0.6619
isolation,2,streaming,NRU,LocalAllocation,605,6,455600,{'trace_kind': 'synthetic'},0.4556
isolation,3,streaming,NRU,LocalAllocation,605,6,477200,{'trace_kind': 'synthetic'},0.4772
isolation,0,streaming,NRU,LocalAllocation,605,7,350600,{'trace_kind': 'synthetic'},0.3506
isolation,1,streaming,NRU,LocalAllocation,605,7,372800,{'trace_kind': 'synthetic'},0.3728
isolation,2,streaming,NRU,LocalAllocation,605,7,384400,{'trace_kind': 'synthetic'},0.3844
isolation,3,streaming,NRU,LocalAllocation,605,7,388700,{'trace_kind': 'synthetic'},0.3887
isolation,0,streaming,NRU,LocalAllocation,605,8,349600,{'trace_kind': 'synthetic'},0.3496
isolation,1,streaming,NRU,LocalAllocation,605,8,371700,{'trace_kind': 'synthetic'},0.3717
isolation,2,streaming,NRU,LocalAllocation,605,8,383900,{'trace_kind': 'synthetic'},0.3839
isolation,3,streaming,NRU,LocalAllocation,605,8,375300,{'trace_kind': 'synthetic'},0.3753
isolation,0,streaming,NRU,LocalAllocation,605,9,346100,{'trace_kind': 'synthetic'},0.3461
isolation,1,streaming,NRU,LocalAllocation,605,9,357900,{'trace_kind': 'synthetic'},0.3579
isolation,2,streaming,NRU,LocalAllocation,605,9,380000,{'trace_kind': 'synthetic'},0.38
isolation,3,streaming,NRU,LocalAllocation,605,9,371500,{'trace_kind': 'synthetic'},0.3715
isolation,0,streaming,NRU,ProportionalAllocation,605,0,348700,{'trace_kind': 'synthetic'},0.3487
isolation,1,streaming,NRU,ProportionalAllocation,605,0,361500,{'trace_kind': 'synthetic'},0.3615
isolation,2,streaming,NRU,ProportionalAllocation,605,0,378200,{'trace_kind': 'synthetic'},0.3782
isolation,3,streaming,NRU,ProportionalAllocation,605,0,379800,{'trace_kind': 'synthetic'},0.3798
isolation,0,streaming,NRU,ProportionalAllocation,605,1,371100,{'trace_kind': 'synthetic'},0.3711
isolation,1,streaming,NRU,ProportionalAllocation,605,1,372100,{'trace_kind': 'synthetic'},0.3721
isolation,2,streaming,NRU,ProportionalAllocation,605,1,364300,{'trace_kind': 'synthetic'},0.3643
isolation,3,streaming,NRU,ProportionalAllocation,605,1,391100,{'trace_kind': 'synthetic'},0.3911
isolation,0,streaming,NRU,ProportionalAllocation,605,2,347600,{'trace_kind': 'synthetic'},0.3476
isolation,1,streaming,NRU,ProportionalAllocation,605,2,355700,{'trace_kind': 'synthetic'},0.3557
isolation,2,streaming,NRU,ProportionalAllocation,605,2,373200,{'trace_kind': 'synthetic'},0.3732
isolation,3,streaming,NRU,ProportionalAllocation,605,2,374700,{'trace_kind': 'synthetic'},0.3747
isolation,0,streaming,NRU,ProportionalAllocation,605,3,328600,{'trace_kind': 'synthetic'},0.3286
isolation,1,streaming,NRU,ProportionalAllocation,605,3,780500,{'trace_kind': 'synthetic'},0.7805
isolation,2,streaming,NRU,ProportionalAllocation,605,3,829400,{'trace_kind': 'synthetic'},0.8294
isolation,3,streaming,NRU,ProportionalAllocation,605,3,382400,{'trace_kind': 'synthetic'},0.3824
isolation,0,streaming,NRU,ProportionalAllocation,605,4,364300,{'trace_kind': 'synthetic'},0.3643
isolation,1,streaming,NRU,ProportionalAllocation,605,4,374600,{'trace_kind': 'synthetic'},0.3746
isolation,2,streaming,NRU,ProportionalAllocation,605,4,367500,{'trace_kind': 'synthetic'},0.3675
isolation,3,streaming,NRU,ProportionalAllocation,605,4,375700,{'trace_kind': 'synthetic'},0.3757
isolation,0,streaming,NRU,ProportionalAllocation,605,5,368700,{'trace_kind': 'synthetic'},0.3687
isolation,1,streaming,NRU,ProportionalAllocation,605,5,362600,{'trace_kind': 'synthetic'},0.3626
isolation,2,streaming,NRU,ProportionalAllocation,605,5,367800,{'trace_kind': 'synthetic'},0.3678
isolation,3,streaming,NRU,ProportionalAllocation,605,5,375900,{'trace_kind': 'synthetic'},0.3759
isolation,0,streaming,NRU,ProportionalAllocation,605,6,347000,{'trace_kind': 'synthetic'},0.347
isolation,1,streaming,NRU,ProportionalAllocation,605,6,379700,{'trace_kind': 'synthetic'},0.3797
isolation,2,streaming,NRU,ProportionalAllocation,605,6,382800,{'trace_kind': 'synthetic'},0.3828
isolation,3,streaming,NRU,ProportionalAllocation,605,6,393300,{'trace_kind': 'synthetic'},0.3933
isolation,0,streaming,NRU,ProportionalAllocation,605,7,346500,{'trace_kind': 'synthetic'},0.3465
isolation,1,streaming,NRU,ProportionalAllocation,605,7,359700,{'trace_kind': 'synthetic'},0.3597
isolation,2,streaming,NRU,ProportionalAllocation,605,7,376800,{'trace_kind': 'synthetic'},0.3768
isolation,3,streaming,NRU,ProportionalAllocation,605,7,378500,{'trace_kind': 'synthetic'},0.3785
isolation,0,streaming,NRU,ProportionalAllocation,605,8,362600,{'trace_kind': 'synthetic'},0.3626
isolation,1,streaming,NRU,ProportionalAllocation,605,8,361700,{'trace_kind': 'synthetic'},0.3617
isolation,2,streaming,NRU,ProportionalAllocation,605,8,382100,{'trace_kind': 'synthetic'},0.3821
isolation,3,streaming,NRU,ProportionalAllocation,605,8,372800,{'trace_kind': 'synthetic'},0.3728
isolation,0,streaming,NRU,ProportionalAllocation,605,9,355100,{'trace_kind': 'synthetic'},0.3551
isolation,1,streaming,NRU,ProportionalAllocation,605,9,368500,{'trace_kind': 'synthetic'},0.3685
isolation,2,streaming,NRU,ProportionalAllocation,605,9,379300,{'trace_kind': 'synthetic'},0.3793
isolation,3,streaming,NRU,ProportionalAllocation,605,9,374100,{'trace_kind': 'synthetic'},0.3741
isolation,0,streaming,SecondChance,GlobalAllocation,605,0,346000,{'trace_kind': 'synthetic'},0.346
isolation,1,streaming,SecondChance,GlobalAllocation,605,0,370800,{'trace_kind': 'synthetic'},0.3708
isolation,2,streaming,SecondChance,GlobalAllocation,605,0,400800,{'trace_kind': 'synthetic'},0.4008
isolation,3,streaming,SecondChance,GlobalAllocation,605,0,424500,{'trace_kind': 'synthetic'},0.4245
isolation,0,streaming,SecondChance,GlobalAllocation,605,1,363100,{'trace_kind': 'synthetic'},0.3631
isolation,1,streaming,SecondChance,GlobalAllocation,605,1,375800,{'trace_kind': 'synthetic'},0.3758
isolation,2,streaming,SecondChance,GlobalAllocation,605,1,403200,{'trace_kind': 'synthetic'},0.4032
isolation,3,streaming,SecondChance,GlobalAllocation,605,1,428300,{'trace_kind': 'synthetic'},0.4283
isolation,0,streaming,SecondChance,GlobalAllocation,605,2,345000,{'trace_kind': 'synthetic'},0.345
isolation,1,streaming,SecondChance,GlobalAllocation,605,2,370300,{'trace_kind': 'synthetic'},0.3703
isolation,2,streaming,SecondChance,GlobalAllocation,605,2,402800,{'trace_kind': 'synthetic'},0.4028
isolation,3,streaming,SecondChance,GlobalAllocation,605,2,424100,{'trace_kind': 'synthetic'},0.4241
isolation,0,streaming,SecondChance,GlobalAllocation,605,3,348700,{'trace_kind': 'synthetic'},0.3487
isolation,1,streaming,SecondChance,GlobalAllocation,605,3,373400,{'trace_kind': 'synthetic'},0.3734
isolation,2,streaming,SecondChance,GlobalAllocation,605,3,399100,{'trace_kind': 'synthetic'},0.3991
isolation,3,streaming,SecondChance,GlobalAllocation,605,3,418900,{'trace_kind': 'synthetic'},0.4189
isolation,0,streaming,SecondChance,GlobalAllocation,605,4,350100,{'trace_kind': 'synthetic'},0.3501
isolation,1,streaming,SecondChance,GlobalAllocation,605,4,373200,{'trace_kind': 'synthetic'},0.3732
isolation,2,streaming,SecondChance,GlobalAllocation,605,4,398000,{'trace_kind': 'synthetic'},0.398
isolation,3,streaming,SecondChance,GlobalAllocation,605,4,424000,{'trace_kind': 'synthetic'},0.424
isolation,0,streaming,SecondChance,GlobalAllocation,605,5,350000,{'trace_kind': 'synthetic'},0.35
isolation,1,streaming,SecondChance,GlobalAllocation,605,5,374500,{'trace_kind': 'synthetic'},0.3745
isolation,2,streaming,SecondChance,GlobalAllocation,605,5,397600,{'trace_kind': 'synthetic'},0.3976
isolation,3,streaming,SecondChance,GlobalAllocation,605,5,421200,{'trace_kind': 'synthetic'},0.4212
isolation,0,streaming,SecondChance,GlobalAllocation,605,6,347200,{'trace_kind': 'synthetic'},0.3472
isolation,1,streaming,SecondChance,GlobalAllocation,605,6,370200,{'trace_kind': 'synthetic'},0.3702
isolation,2,streaming,SecondChance,GlobalAllocation,605,6,399800,{'trace_kind': 'synthetic'},0.3998
isolation,3,streaming,SecondChance,GlobalAllocation,605,6,426100,{'trace_kind': 'synthetic'},0.4261
isolation,0,streaming,SecondChance,GlobalAllocation,605,7,361700,{'trace_kind': 'synthetic'},0.3617
isolation,1,streaming,SecondChance,GlobalAllocation,605,7,376500,{'trace_kind': 'synthetic'},0.3765
isolation,2,streaming,SecondChance,GlobalAllocation,605,7,395800,{'trace_kind': 'synthetic'},0.3958
isolation,3,streaming,SecondChance,GlobalAllocation,605,7,427900,{'trace_kind': 'synthetic'},0.4279
isolation,0,streaming,SecondChance,GlobalAllocation,605,8,346400,{'trace_kind': 'synthetic'},0.3464
isolation,1,streaming,SecondChance,GlobalAllocation,605,8,368100,{'trace_kind': 'synthetic'},0.3681
isolation,2,streaming,SecondChance,GlobalAllocation,605,8,397900,{'trace_kind': 'synthetic'},0.3979
isolation,3,streaming,SecondChance,GlobalAllocation,605,8,427100,{'trace_kind': 'synthetic'},0.4271
isolation,0,streaming,SecondChance,GlobalAllocation,605,9,355200,{'trace_kind': 'synthetic'},0.3552
isolation,1,streaming,SecondChance,GlobalAllocation,605,9,364200,{'trace_kind': 'synthetic'},0.3642
isolation,2,streaming,SecondChance,GlobalAllocation,605,9,392800,{'trace_kind': 'synthetic'},0.3928
isolation,3,streaming,SecondChance,GlobalAllocation,605,9,422200,{'trace_kind': 'synthetic'},0.4222
isolation,0,streaming,SecondChance,LocalAllocation,605,0,344800,{'trace_kind': 'synthetic'},0.3448
isolation,1,streaming,SecondChance,LocalAllocation,605,0,374600,{'trace_kind': 'synthetic'},0.3746
isolation,2,streaming,SecondChance,LocalAllocation,605,0,393800,{'trace_kind': 'synthetic'},0.3938
isolation,3,streaming,SecondChance,LocalAllocation,605,0,421400,{'trace_kind': 'synthetic'},0.4214
isolation,0,streaming,SecondChance,LocalAllocation,605,1,349500,{'trace_kind': 'synthetic'},0.3495
isolation,1,streaming,SecondChance,LocalAllocation,605,1,372200,{'trace_kind': 'synthetic'},0.3722
isolation,2,streaming,SecondChance,LocalAllocation,605,1,391800,{'trace_kind': 'synthetic'},0.3918
isolation,3,streaming,SecondChance,LocalAllocation,605,1,429700,{'trace_kind': 'synthetic'},0.4297
isolation,0,streaming,SecondChance,LocalAllocation,605,2,342600,{'trace_kind': 'synthetic'},0.3426
isolation,1,streaming,SecondChance,LocalAllocation,605,2,367400,{'trace_kind': 'synthetic'},0.3674
isolation,2,streaming,SecondChance,LocalAllocation,605,2,396500,{'trace_kind': 'synthetic'},0.3965
isolation,3,streaming,SecondChance,LocalAllocation,605,2,419900,{'trace_kind': 'synthetic'},0.4199
isolation,0,streaming,SecondChance,LocalAllocation,605,3,348600,{'trace_kind': 'synthetic'},0.3486
isolation,1,streaming,SecondChance,LocalAllocation,605,3,372700,{'trace_kind': 'synthetic'},0.3727
isolation,2,streaming,SecondChance,LocalAllocation,605,3,400400,{'trace_kind': 'synthetic'},0.4004
isolation,3,streaming,SecondChance,LocalAllocation,605,3,430800,{'trace_kind': 'synthetic'},0.4308
isolation,0,streaming,SecondChance,LocalAllocation,605,4,341900,{'trace_kind': 'synthetic'},0.3419
isolation,1,streaming,SecondChance,LocalAllocation,605,4,371300,{'trace_kind': 'synthetic'},0.3713
isolation,2,streaming,SecondChance,LocalAllocation,605,4,393000,{'trace_kind': 'synthetic'},0.393
isolation,3,streaming,SecondChance,LocalAllocation,605,4,427000,{'trace_kind': 'synthetic'},0.427
isolation,0,streaming,SecondChance,LocalAllocation,605,5,345500,{'trace_kind': 'synthetic'},0.3455
isolation,1,streaming,SecondChance,LocalAllocation,605,5,379700,{'trace_kind': 'synthetic'},0.3797
isolation,2,streaming,SecondChance,LocalAllocation,605,5,400100,{'trace_kind': 'synthetic'},0.4001
isolation,3,streaming,SecondChance,LocalAllocation,605,5,423500,{'trace_kind': 'synthetic'},0.4235
isolation,0,streaming,SecondChance,LocalAllocation,605,6,346100,{'trace_kind': 'synthetic'},0.3461
isolation,1,streaming,SecondChance,LocalAllocation,605,6,369800,{'trace_kind': 'synthetic'},0.3698
isolation,2,streaming,SecondChance,LocalAllocation,605,6,400500,{'trace_kind': 'synthetic'},0.4005
isolation,3,streaming,SecondChance,LocalAllocation,605,6,451700,{'trace_kind': 'synthetic'},0.4517
isolation,0,streaming,SecondChance,LocalAllocation,605,7,351500,{'trace_kind': 'synthetic'},0.3515
isolation,1,streaming,SecondChance,LocalAllocation,605,7,375000,{'trace_kind': 'synthetic'},0.375
isolation,2,streaming,SecondChance,LocalAllocation,605,7,396600,{'trace_kind': 'synthetic'},0.3966
isolation,3,streaming,SecondChance,LocalAllocation,605,7,425800,{'trace_kind': 'synthetic'},0.4258
isolation,0,streaming,SecondChance,LocalAllocation,605,8,343200,{'trace_kind': 'synthetic'},0.3432
isolation,1,streaming,SecondChance,LocalAllocation,605,8,390400,{'trace_kind': 'synthetic'},0.3904
isolation,2,streaming,SecondChance,LocalAllocation,605,8,393000,{'trace_kind': 'synthetic'},0.393
isolation,3,streaming,SecondChance,LocalAllocation,605,8,422500,{'trace_kind': 'synthetic'},0.4225
isolation,0,streaming,SecondChance,LocalAllocation,605,9,349100,{'trace_kind': 'synthetic'},0.3491
isolation,1,streaming,SecondChance,LocalAllocation,605,9,373600,{'trace_kind': 'synthetic'},0.3736
isolation,2,streaming,SecondChance,LocalAllocation,605,9,392300,{'trace_kind': 'synthetic'},0.3923
isolation,3,streaming,SecondChance,LocalAllocation,605,9,422100,{'trace_kind': 'synthetic'},0.4221
isolation,0,streaming,SecondChance,ProportionalAllocation,605,0,570400,{'trace_kind': 'synthetic'},0.5704
isolation,1,streaming,SecondChance,ProportionalAllocation,605,0,727900,{'trace_kind': 'synthetic'},0.7279
isolation,2,streaming,SecondChance,ProportionalAllocation,605,0,882700,{'trace_kind': 'synthetic'},0.8827
isolation,3,streaming,SecondChance,ProportionalAllocation,605,0,761600,{'trace_kind': 'synthetic'},0.7616
isolation,0,streaming,SecondChance,ProportionalAllocation,605,1,342200,{'trace_kind': 'synthetic'},0.3422
isolation,1,streaming,SecondChance,ProportionalAllocation,605,1,369700,{'trace_kind': 'synthetic'},0.3697
isolation,2,streaming,SecondChance,ProportionalAllocation,605,1,390100,{'trace_kind': 'synthetic'},0.3901
isolation,3,streaming,SecondChance,ProportionalAllocation,605,1,422400,{'trace_kind': 'synthetic'},0.4224
isolation,0,streaming,SecondChance,ProportionalAllocation,605,2,351700,{'trace_kind': 'synthetic'},0.3517
isolation,1,streaming,SecondChance,ProportionalAllocation,605,2,362200,{'trace_kind': 'synthetic'},0.3622
isolation,2,streaming,SecondChance,ProportionalAllocation,605,2,395400,{'trace_kind': 'synthetic'},0.3954
isolation,3,streaming,SecondChance,ProportionalAllocation,605,2,418800,{'trace_kind': 'synthetic'},0.4188
isolation,0,streaming,SecondChance,ProportionalAllocation,605,3,323000,{'trace_kind': 'synthetic'},0.323
isolation,1,streaming,SecondChance,ProportionalAllocation,605,3,340500,{'trace_kind': 'synthetic'},0.3405
isolation,2,streaming,SecondChance,ProportionalAllocation,605,3,360900,{'trace_kind': 'synthetic'},0.3609
isolation,3,streaming,SecondChance,ProportionalAllocation,605,3,386800,{'trace_kind': 'synthetic'},0.3868
isolation,0,streaming,SecondChance,ProportionalAllocation,605,4,345800,{'trace_kind': 'synthetic'},0.3458
isolation,1,streaming,SecondChance,ProportionalAllocation,605,4,371300,{'trace_kind': 'synthetic'},0.3713
isolation,2,streaming,SecondChance,ProportionalAllocation,605,4,538500,{'trace_kind': 'synthetic'},0.5385
isolation,3,streaming,SecondChance,ProportionalAllocation,605,4,410600,{'trace_kind': 'synthetic'},0.4106
isolation,0,streaming,SecondChance,ProportionalAllocation,605,5,347300,{'trace_kind': 'synthetic'},0.3473
isolation,1,streaming,SecondChance,ProportionalAllocation,605,5,369700,{'trace_kind': 'synthetic'},0.3697
isolation,2,streaming,SecondChance,ProportionalAllocation,605,5,394700,{'trace_kind': 'synthetic'},0.3947
isolation,3,streaming,SecondChance,ProportionalAllocation,605,5,426000,{'trace_kind': 'synthetic'},0.426
isolation,0,streaming,SecondChance,ProportionalAllocation,605,6,340000,{'trace_kind': 'synthetic'},0.34
isolation,1,streaming,SecondChance,ProportionalAllocation,605,6,369200,{'trace_kind': 'synthetic'},0.3692
isolation,2,streaming,SecondChance,ProportionalAllocation,605,6,396800,{'trace_kind': 'synthetic'},0.3968
isolation,3,streaming,SecondChance,ProportionalAllocation,605,6,425300,{'trace_kind': 'synthetic'},0.4253
isolation,0,streaming,SecondChance,ProportionalAllocation,605,7,346000,{'trace_kind': 'synthetic'},0.346
isolation,1,streaming,SecondChance,ProportionalAllocation,605,7,375600,{'trace_kind': 'synthetic'},0.3756
isolation,2,streaming,SecondChance,ProportionalAllocation,605,7,395200,{'trace_kind': 'synthetic'},0.3952
isolation,3,streaming,SecondChance,ProportionalAllocation,605,7,425900,{'trace_kind': 'synthetic'},0.4259
isolation,0,streaming,SecondChance,ProportionalAllocation,605,8,345900,{'trace_kind': 'synthetic'},0.3459
isolation,1,streaming,SecondChance,ProportionalAllocation,605,8,370700,{'trace_kind': 'synthetic'},0.3707
isolation,2,streaming,SecondChance,ProportionalAllocation,605,8,400900,{'trace_kind': 'synthetic'},0.4009
isolation,3,streaming,SecondChance,ProportionalAllocation,605,8,426600,{'trace_kind': 'synthetic'},0.4266
isolation,0,streaming,SecondChance,ProportionalAllocation,605,9,712100,{'trace_kind': 'synthetic'},0.7121
isolation,1,streaming,SecondChance,ProportionalAllocation,605,9,781700,{'trace_kind': 'synthetic'},0.7817
isolation,2,streaming,SecondChance,ProportionalAllocation,605,9,836400,{'trace_kind': 'synthetic'},0.8364
isolation,3,streaming,SecondChance,ProportionalAllocation,605,9,887700,{'trace_kind': 'synthetic'},0.8877
isolation,0,streaming,WSClock,GlobalAllocation,605,0,346800,{'trace_kind': 'synthetic'},0.3468
isolation,1,streaming,WSClock,GlobalAllocation,605,0,389600,{'trace_kind': 'synthetic'},0.3896
isolation,2,streaming,WSClock,GlobalAllocation,605,0,409500,{'trace_kind': 'synthetic'},0.4095
isolation,3,streaming,WSClock,GlobalAllocation,605,0,422400,{'trace_kind': 'synthetic'},0.4224
isolation,0,streaming,WSClock,GlobalAllocation,605,1,347700,{'trace_kind': 'synthetic'},0.3477
isolation,1,streaming,WSClock,GlobalAllocation,605,1,367700,{'trace_kind': 'synthetic'},0.3677
isolation,2,streaming,WSClock,GlobalAllocation,605,1,392200,{'trace_kind': 'synthetic'},0.3922
isolation,3,streaming,WSClock,GlobalAllocation,605,1,422100,{'trace_kind': 'synthetic'},0.4221
isolation,0,streaming,WSClock,GlobalAllocation,605,2,359000,{'trace_kind': 'synthetic'},0.359
isolation,1,streaming,WSClock,GlobalAllocation,605,2,373400,{'trace_kind': 'synthetic'},0.3734
isolation,2,streaming,WSClock,GlobalAllocation,605,2,398400,{'trace_kind': 'synthetic'},0.3984
isolation,3,streaming,WSClock,GlobalAllocation,605,2,461300,{'trace_kind': 'synthetic'},0.4613
isolation,0,streaming,WSClock,GlobalAllocation,605,3,353700,{'trace_kind': 'synthetic'},0.3537
isolation,1,streaming,WSClock,GlobalAllocation,605,3,370600,{'trace_kind': 'synthetic'},0.3706
isolation,2,streaming,WSClock,GlobalAllocation,605,3,405900,{'trace_kind': 'synthetic'},0.4059
isolation,3,streaming,WSClock,GlobalAllocation,605,3,439800,{'trace_kind': 'synthetic'},0.4398
isolation,0,streaming,WSClock,GlobalAllocation,605,4,360900,{'trace_kind': 'synthetic'},0.3609
isolation,1,streaming,WSClock,GlobalAllocation,605,4,376500,{'trace_kind': 'synthetic'},0.3765
isolation,2,streaming,WSClock,GlobalAllocation,605,4,397700,{'trace_kind': 'synthetic'},0.3977
isolation,3,streaming,WSClock,GlobalAllocation,605,4,421700,{'trace_kind': 'synthetic'},0.4217
isolation,0,streaming,WSClock,GlobalAllocation,605,5,348600,{'trace_kind': 'synthetic'},0.3486
isolation,1,streaming,WSClock,GlobalAllocation,605,5,374000,{'trace_kind': 'synthetic'},0.374
isolation,2,streaming,WSClock,GlobalAllocation,605,5,397300,{'trace_kind': 'synthetic'},0.3973
isolation,3,streaming,WSClock,GlobalAllocation,605,5,423100,{'trace_kind': 'synthetic'},0.4231
isolation,0,streaming,WSClock,GlobalAllocation,605,6,345400,{'trace_kind': 'synthetic'},0.3454
isolation,1,streaming,WSClock,GlobalAllocation,605,6,372200,{'trace_kind': 'synthetic'},0.3722
isolation,2,streaming,WSClock,GlobalAllocation,605,6,405600,{'trace_kind': 'synthetic'},0.4056
isolation,3,streaming,WSClock,GlobalAllocation,605,6,421300,{'trace_kind': 'synthetic'},0.4213
isolation,0,streaming,WSClock,GlobalAllocation,605,7,326800,{'trace_kind': 'synthetic'},0.3268
isolation,1,streaming,WSClock,GlobalAllocation,605,7,356100,{'trace_kind': 'synthetic'},0.3561
isolation,2,streaming,WSClock,GlobalAllocation,605,7,409800,{'trace_kind': 'synthetic'},0.4098
isolation,3,streaming,WSClock,GlobalAllocation,605,7,424900,{'trace_kind': 'synthetic'},0.4249
isolation,0,streaming,WSClock,GlobalAllocation,605,8,348200,{'trace_kind': 'synthetic'},0.3482
isolation,1,streaming,WSClock,GlobalAllocation,605,8,366300,{'trace_kind': 'synthetic'},0.3663
isolation,2,streaming,WSClock,GlobalAllocation,605,8,410000,{'trace_kind': 'synthetic'},0.41
isolation,3,streaming,WSClock,GlobalAllocation,605,8,423200,{'trace_kind': 'synthetic'},0.4232
isolation,0,streaming,WSClock,GlobalAllocation,605,9,343300,{'trace_kind': 'synthetic'},0.3433
isolation,1,streaming,WSClock,GlobalAllocation,605,9,369800,{'trace_kind': 'synthetic'},0.3698
isolation,2,streaming,WSClock,GlobalAllocation,605,9,393100,{'trace_kind': 'synthetic'},0.3931
isolation,3,streaming,WSClock,GlobalAllocation,605,9,440200,{'trace_kind': 'synthetic'},0.4402
isolation,0,streaming,WSClock,LocalAllocation,605,0,343600,{'trace_kind': 'synthetic'},0.3436
isolation,1,streaming,WSClock,LocalAllocation,605,0,365900,{'trace_kind': 'synthetic'},0.3659
isolation,2,streaming,WSClock,LocalAllocation,605,0,403900,{'trace_kind': 'synthetic'},0.4039
isolation,3,streaming,WSClock,LocalAllocation,605,0,421400,{'trace_kind': 'synthetic'},0.4214
isolation,0,streaming,WSClock,LocalAllocation,605,1,359800,{'trace_kind': 'synthetic'},0.3598
isolation,1,streaming,WSClock,LocalAllocation,605,1,374200,{'trace_kind': 'synthetic'},0.3742
isolation,2,streaming,WSClock,LocalAllocation,605,1,397000,{'trace_kind': 'synthetic'},0.397
isolation,3,streaming,WSClock,LocalAllocation,605,1,437300,{'trace_kind': 'synthetic'},0.4373
isolation,0,streaming,WSClock,LocalAllocation,605,2,344500,{'trace_kind': 'synthetic'},0.3445
isolation,1,streaming,WSClock,LocalAllocation,605,2,369500,{'trace_kind': 'synthetic'},0.3695
isolation,2,streaming,WSClock,LocalAllocation,605,2,403900,{'trace_kind': 'synthetic'},0.4039
isolation,3,streaming,WSClock,LocalAllocation,605,2,417300,{'trace_kind': 'synthetic'},0.4173
isolation,0,streaming,WSClock,LocalAllocation,605,3,345100,{'trace_kind': 'synthetic'},0.3451
isolation,1,streaming,WSClock,LocalAllocation,605,3,369300,{'trace_kind': 'synthetic'},0.3693
isolation,2,streaming,WSClock,LocalAllocation,605,3,401600,{'trace_kind': 'synthetic'},0.4016
isolation,3,streaming,WSClock,LocalAllocation,605,3,429300,{'trace_kind': 'synthetic'},0.4293
isolation,0,streaming,WSClock,LocalAllocation,605,4,363100,{'trace_kind': 'synthetic'},0.3631
isolation,1,streaming,WSClock,LocalAllocation,605,4,371000,{'trace_kind': 'synthetic'},0.371
isolation,2,streaming,WSClock,LocalAllocation,605,4,392300,{'trace_kind': 'synthetic'},0.3923
isolation,3,streaming,WSClock,LocalAllocation,605,4,433500,{'trace_kind': 'synthetic'},0.4335
isolation,0,streaming,WSClock,LocalAllocation,605,5,345100,{'trace_kind': 'synthetic'},0.3451
isolation,1,streaming,WSClock,LocalAllocation,605,5,371900,{'trace_kind': 'synthetic'},0.3719
isolation,2,streaming,WSClock,LocalAllocation,605,5,398100,{'trace_kind': 'synthetic'},0.3981
isolation,3,streaming,WSClock,LocalAllocation,605,5,426600,{'trace_kind': 'synthetic'},0.4266
isolation,0,streaming,WSClock,LocalAllocation,605,6,348000,{'trace_kind': 'synthetic'},0.348
isolation,1,streaming,WSClock,LocalAllocation,605,6,368700,{'trace_kind': 'synthetic'},0.3687
isolation,2,streaming,WSClock,LocalAllocation,605,6,393600,{'trace_kind': 'synthetic'},0.3936
isolation,3,streaming,WSClock,LocalAllocation,605,6,423700,{'trace_kind': 'synthetic'},0.4237
isolation,0,streaming,WSClock,LocalAllocation,605,7,342500,{'trace_kind': 'synthetic'},0.3425
isolation,1,streaming,WSClock,LocalAllocation,605,7,374100,{'trace_kind': 'synthetic'},0.3741
isolation,2,streaming,WSClock,LocalAllocation,605,7,400200,{'trace_kind': 'synthetic'},0.4002
isolation,3,streaming,WSClock,LocalAllocation,605,7,487000,{'trace_kind': 'synthetic'},0.487
isolation,0,streaming,WSClock,LocalAllocation,605,8,340700,{'trace_kind': 'synthetic'},0.3407
isolation,1,streaming,WSClock,LocalAllocation,605,8,373000,{'trace_kind': 'synthetic'},0.373
isolation,2,streaming,WSClock,LocalAllocation,605,8,396100,{'trace_kind': 'synthetic'},0.3961
isolation,3,streaming,WSClock,LocalAllocation,605,8,430000,{'trace_kind': 'synthetic'},0.43
isolation,0,streaming,WSClock,LocalAllocation,605,9,344200,{'trace_kind': 'synthetic'},0.3442
isolation,1,streaming,WSClock,LocalAllocation,605,9,366400,{'trace_kind': 'synthetic'},0.3664
isolation,2,streaming,WSClock,LocalAllocation,605,9,395200,{'trace_kind': 'synthetic'},0.3952
isolation,3,streaming,WSClock,LocalAllocation,605,9,426100,{'trace_kind': 'synthetic'},0.4261
isolation,0,streaming,WSClock,ProportionalAllocation,605,0,346100,{'trace_kind': 'synthetic'},0.3461
isolation,1,streaming,WSClock,ProportionalAllocation,605,0,369200,{'trace_kind': 'synthetic'},0.3692
isolation,2,streaming,WSClock,ProportionalAllocation,605,0,395800,{'trace_kind': 'synthetic'},0.3958
isolation,3,streaming,WSClock,ProportionalAllocation,605,0,422900,{'trace_kind': 'synthetic'},0.4229
isolation,0,streaming,WSClock,ProportionalAllocation,605,1,350200,{'trace_kind': 'synthetic'},0.3502
isolation,1,streaming,WSClock,ProportionalAllocation,605,1,377500,{'trace_kind': 'synthetic'},0.3775
isolation,2,streaming,WSClock,ProportionalAllocation,605,1,399100,{'trace_kind': 'synthetic'},0.3991
isolation,3,streaming,WSClock,ProportionalAllocation,605,1,430600,{'trace_kind': 'synthetic'},0.4306
isolation,0,streaming,WSClock,ProportionalAllocation,605,2,345900,{'trace_kind': 'synthetic'},0.3459
isolation,1,streaming,WSClock,ProportionalAllocation,605,2,368200,{'trace_kind': 'synthetic'},0.3682
isolation,2,streaming,WSClock,ProportionalAllocation,605,2,395400,{'trace_kind': 'synthetic'},0.3954
isolation,3,streaming,WSClock,ProportionalAllocation,605,2,421100,{'trace_kind': 'synthetic'},0.4211
isolation,0,streaming,WSClock,ProportionalAllocation,605,3,343200,{'trace_kind': 'synthetic'},0.3432
isolation,1,streaming,WSClock,ProportionalAllocation,605,3,369100,{'trace_kind': 'synthetic'},0.3691
isolation,2,streaming,WSClock,ProportionalAllocation,605,3,397000,{'trace_kind': 'synthetic'},0.397
isolation,3,streaming,WSClock,ProportionalAllocation,605,3,418900,{'trace_kind': 'synthetic'},0.4189
isolation,0,streaming,WSClock,ProportionalAllocation,605,4,365300,{'trace_kind': 'synthetic'},0.3653
isolation,1,streaming,WSClock,ProportionalAllocation,605,4,369200,{'trace_kind': 'synthetic'},0.3692
isolation,2,streaming,WSClock,ProportionalAllocation,605,4,398500,{'trace_kind': 'synthetic'},0.3985
isolation,3,streaming,WSClock,ProportionalAllocation,605,4,424700,{'trace_kind': 'synthetic'},0.4247
isolation,0,streaming,WSClock,ProportionalAllocation,605,5,341800,{'trace_kind': 'synthetic'},0.3418
isolation,1,streaming,WSClock,ProportionalAllocation,605,5,377100,{'trace_kind': 'synthetic'},0.3771
isolation,2,streaming,WSClock,ProportionalAllocation,605,5,395600,{'trace_kind': 'synthetic'},0.3956
isolation,3,streaming,WSClock,ProportionalAllocation,605,5,429400,{'trace_kind': 'synthetic'},0.4294
isolation,0,streaming,WSClock,ProportionalAllocation,605,6,343200,{'trace_kind': 'synthetic'},0.3432
isolation,1,streaming,WSClock,ProportionalAllocation,605,6,368000,{'trace_kind': 'synthetic'},0.368
isolation,2,streaming,WSClock,ProportionalAllocation,605,6,395100,{'trace_kind': 'synthetic'},0.3951
isolation,3,streaming,WSClock,ProportionalAllocation,605,6,425800,{'trace_kind': 'synthetic'},0.4258
isolation,0,streaming,WSClock,ProportionalAllocation,605,7,344400,{'trace_kind': 'synthetic'},0.3444
isolation,1,streaming,WSClock,ProportionalAllocation,605,7,371400,{'trace_kind': 'synthetic'},0.3714
isolation,2,streaming,WSClock,ProportionalAllocation,605,7,397500,{'trace_kind': 'synthetic'},0.3975
isolation,3,streaming,WSClock,ProportionalAllocation,605,7,422600,{'trace_kind': 'synthetic'},0.4226
isolation,0,streaming,WSClock,ProportionalAllocation,605,8,341700,{'trace_kind': 'synthetic'},0.3417
isolation,1,streaming,WSClock,ProportionalAllocation,605,8,366500,{'trace_kind': 'synthetic'},0.3665
isolation,2,streaming,WSClock,ProportionalAllocation,605,8,397000,{'trace_kind': 'synthetic'},0.397
isolation,3,streaming,WSClock,ProportionalAllocation,605,8,423200,{'trace_kind': 'synthetic'},0.4232
isolation,0,streaming,WSClock,ProportionalAllocation,605,9,350900,{'trace_kind': 'synthetic'},0.3509
isolation,1,streaming,WSClock,ProportionalAllocation,605,9,375200,{'trace_kind': 'synthetic'},0.3752
isolation,2,streaming,WSClock,ProportionalAllocation,605,9,400500,{'trace_kind': 'synthetic'},0.4005
isolation,3,streaming,WSClock,ProportionalAllocation,605,9,426500,{'trace_kind': 'synthetic'},0.4265
isolation,0,streaming,FIFO,GlobalAllocation,756,0,206400,{'trace_kind': 'synthetic'},0.2064
isolation,1,streaming,FIFO,GlobalAllocation,756,0,208000,{'trace_kind': 'synthetic'},0.208
isolation,2,streaming,FIFO,GlobalAllocation,756,0,214400,{'trace_kind': 'synthetic'},0.2144
isolation,3,streaming,FIFO,GlobalAllocation,756,0,219300,{'trace_kind': 'synthetic'},0.2193
isolation,0,streaming,FIFO,GlobalAllocation,756,1,204900,{'trace_kind': 'synthetic'},0.2049
isolation,1,streaming,FIFO,GlobalAllocation,756,1,206300,{'trace_kind': 'synthetic'},0.2063
isolation,2,streaming,FIFO,GlobalAllocation,756,1,209700,{'trace_kind': 'synthetic'},0.2097
isolation,3,streaming,FIFO,GlobalAllocation,756,1,220900,{'trace_kind': 'synthetic'},0.2209
isolation,0,streaming,FIFO,GlobalAllocation,756,2,204400,{'trace_kind': 'synthetic'},0.2044
isolation,1,streaming,FIFO,GlobalAllocation,756,2,206200,{'trace_kind': 'synthetic'},0.2062
isolation,2,streaming,FIFO,GlobalAllocation,756,2,215300,{'trace_kind': 'synthetic'},0.2153
isolation,3,streaming,FIFO,GlobalAllocation,756,2,220600,{'trace_kind': 'synthetic'},0.2206
isolation,0,streaming,FIFO,GlobalAllocation,756,3,202500,{'trace_kind': 'synthetic'},0.2025
isolation,1,streaming,FIFO,GlobalAllocation,756,3,210600,{'trace_kind': 'synthetic'},0.2106
isolation,2,streaming,FIFO,GlobalAllocation,756,3,252900,{'trace_kind': 'synthetic'},0.2529
isolation,3,streaming,FIFO,GlobalAllocation,756,3,218200,{'trace_kind': 'synthetic'},0.2182
isolation,0,streaming,FIFO,GlobalAllocation,756,4,201500,{'trace_kind': 'synthetic'},0.2015
isolation,1,streaming,FIFO,GlobalAllocation,756,4,208400,{'trace_kind': 'synthetic'},0.2084
isolation,2,streaming,FIFO,GlobalAllocation,756,4,214700,{'trace_kind': 'synthetic'},0.2147
isolation,3,streaming,FIFO,GlobalAllocation,756,4,221800,{'trace_kind': 'synthetic'},0.2218
isolation,0,streaming,FIFO,GlobalAllocation,756,5,199700,{'trace_kind': 'synthetic'},0.1997
isolation,1,streaming,FIFO,GlobalAllocation,756,5,212700,{'trace_kind': 'synthetic'},0.2127
isolation,2,streaming,FIFO,GlobalAllocation,756,5,216200,{'trace_kind': 'synthetic'},0.2162
isolation,3,streaming,FIFO,GlobalAllocation,756,5,220600,{'trace_kind': 'synthetic'},0.2206
isolation,0,streaming,FIFO,GlobalAllocation,756,6,201300,{'trace_kind': 'synthetic'},0.2013
isolation,1,streaming,FIFO,GlobalAllocation,756,6,204300,{'trace_kind': 'synthetic'},0.2043
isolation,2,streaming,FIFO,GlobalAllocation,756,6,218100,{'trace_kind': 'synthetic'},0.2181
isolation,3,streaming,FIFO,GlobalAllocation,756,6,219400,{'trace_kind': 'synthetic'},0.2194
isolation,0,streaming,FIFO,GlobalAllocation,756,7,230200,{'trace_kind': 'synthetic'},0.2302
isolation,1,streaming,FIFO,GlobalAllocation,756,7,211500,{'trace_kind': 'synthetic'},0.2115
isolation,2,streaming,FIFO,GlobalAllocation,756,7,348900,{'trace_kind': 'synthetic'},0.3489
isolation,3,streaming,FIFO,GlobalAllocation,756,7,434500,{'trace_kind': 'synthetic'},0.4345
isolation,0,streaming,FIFO,GlobalAllocation,756,8,203800,{'trace_kind': 'synthetic'},0.2038
isolation,1,streaming,FIFO,GlobalAllocation,756,8,207600,{'trace_kind': 'synthetic'},0.2076
isolation,2,streaming,FIFO,GlobalAllocation,756,8,213000,{'trace_kind': 'synthetic'},0.213
isolation,3,streaming,FIFO,GlobalAllocation,756,8,230000,{'trace_kind': 'synthetic'},0.23
isolation,0,streaming,FIFO,GlobalAllocation,756,9,202300,{'trace_kind': 'synthetic'},0.2023
isolation,1,streaming,FIFO,GlobalAllocation,756,9,210300,{'trace_kind': 'synthetic'},0.2103
isolation,2,streaming,FIFO,GlobalAllocation,756,9,212000,{'trace_kind': 'synthetic'},0.212
isolation,3,streaming,FIFO,GlobalAllocation,756,9,218900,{'trace_kind': 'synthetic'},0.2189
isolation,0,streaming,FIFO,LocalAllocation,756,0,199500,{'trace_kind': 'synthetic'},0.1995
isolation,1,streaming,FIFO,LocalAllocation,756,0,205800,{'trace_kind': 'synthetic'},0.2058
isolation,2,streaming,FIFO,LocalAllocation,756,0,212600,{'trace_kind': 'synthetic'},0.2126
isolation,3,streaming,FIFO,LocalAllocation,756,0,218700,{'trace_kind': 'synthetic'},0.2187
isolation,0,streaming,FIFO,LocalAllocation,756,1,197700,{'trace_kind': 'synthetic'},0.1977
isolation,1,streaming,FIFO,LocalAllocation,756,1,204500,{'trace_kind': 'synthetic'},0.2045
isolation,2,streaming,FIFO,LocalAllocation,756,1,213800,{'trace_kind': 'synthetic'},0.2138
isolation,3,streaming,FIFO,LocalAllocation,756,1,218300,{'trace_kind': 'synthetic'},0.2183
isolation,0,streaming,FIFO,LocalAllocation,756,2,200600,{'trace_kind': 'synthetic'},0.2006
isolation,1,streaming,FIFO,LocalAllocation,756,2,206300,{'trace_kind': 'synthetic'},0.2063
isolation,2,streaming,FIFO,LocalAllocation,756,2,214600,{'trace_kind': 'synthetic'},0.2146
isolation,3,streaming,FIFO,LocalAllocation,756,2,220100,{'trace_kind': 'synthetic'},0.2201
isolation,0,streaming,FIFO,LocalAllocation,756,3,195900,{'trace_kind': 'synthetic'},0.1959
isolation,1,streaming,FIFO,LocalAllocation,756,3,207400,{'trace_kind': 'synthetic'},0.2074
isolation,2,streaming,FIFO,LocalAllocation,756,3,217200,{'trace_kind': 'synthetic'},0.2172
isolation,3,streaming,FIFO,LocalAllocation,756,3,217700,{'trace_kind': 'synthetic'},0.2177
isolation,0,streaming,FIFO,LocalAllocation,756,4,194000,{'trace_kind': 'synthetic'},0.194
isolation,1,streaming,FIFO,LocalAllocation,756,4,202000,{'trace_kind': 'synthetic'},0.202
isolation,2,streaming,FIFO,LocalAllocation,756,4,206500,{'trace_kind': 'synthetic'},0.2065
isolation,3,streaming,FIFO,LocalAllocation,756,4,213900,{'trace_kind': 'synthetic'},0.2139
isolation,0,streaming,FIFO,LocalAllocation,756,5,195500,{'trace_kind': 'synthetic'},0.1955
isolation,1,streaming,FIFO,LocalAllocation,756,5,209400,{'trace_kind': 'synthetic'},0.2094
isolation,2,streaming,FIFO,LocalAllocation,756,5,192500,{'trace_kind': 'synthetic'},0.1925
isolation,3,streaming,FIFO,LocalAllocation,756,5,200900,{'trace_kind': 'synthetic'},0.2009
isolation,0,streaming,FIFO,LocalAllocation,756,6,201200,{'trace_kind': 'synthetic'},0.2012
isolation,1,streaming,FIFO,LocalAllocation,756,6,209100,{'trace_kind': 'synthetic'},0.2091
isolation,2,streaming,FIFO,LocalAllocation,756,6,221400,{'trace_kind': 'synthetic'},0.2214
isolation,3,streaming,FIFO,LocalAllocation,756,6,219800,{'trace_kind': 'synthetic'},0.2198
isolation,0,streaming,FIFO,LocalAllocation,756,7,196300,{'trace_kind': 'synthetic'},0.1963
isolation,1,streaming,FIFO,LocalAllocation,756,7,207000,{'trace_kind': 'synthetic'},0.207
isolation,2,streaming,FIFO,LocalAllocation,756,7,216400,{'trace_kind': 'synthetic'},0.2164
isolation,3,streaming,FIFO,LocalAllocation,756,7,222500,{'trace_kind': 'synthetic'},0.2225
isolation,0,streaming,FIFO,LocalAllocation,756,8,204100,{'trace_kind': 'synthetic'},0.2041
isolation,1,streaming,FIFO,LocalAllocation,756,8,208100,{'trace_kind': 'synthetic'},0.2081
isolation,2,streaming,FIFO,LocalAllocation,756,8,214000,{'trace_kind': 'synthetic'},0.214
isolation,3,streaming,FIFO,LocalAllocation,756,8,221000,{'trace_kind': 'synthetic'},0.221
isolation,0,streaming,FIFO,LocalAllocation,756,9,205500,{'trace_kind': 'synthetic'},0.2055
isolation,1,streaming,FIFO,LocalAllocation,756,9,210900,{'trace_kind': 'synthetic'},0.2109
isolation,2,streaming,FIFO,LocalAllocation,756,9,215700,{'trace_kind': 'synthetic'},0.2157
isolation,3,streaming,FIFO,LocalAllocation,756,9,223600,{'trace_kind': 'synthetic'},0.2236
isolation,0,streaming,FIFO,ProportionalAllocation,756,0,201000,{'trace_kind': 'synthetic'},0.201
isolation,1,streaming,FIFO,ProportionalAllocation,756,0,207000,{'trace_kind': 'synthetic'},0.207
isolation,2,streaming,FIFO,ProportionalAllocation,756,0,234200,{'trace_kind': 'synthetic'},0.2342
isolation,3,streaming,FIFO,ProportionalAllocation,756,0,223100,{'trace_kind': 'synthetic'},0.2231
isolation,0,streaming,FIFO,ProportionalAllocation,756,1,201100,{'trace_kind': 'synthetic'},0.2011
isolation,1,streaming,FIFO,ProportionalAllocation,756,1,208100,{'trace_kind': 'synthetic'},0.2081
isolation,2,streaming,FIFO,ProportionalAllocation,756,1,214100,{'trace_kind': 'synthetic'},0.2141
isolation,3,streaming,FIFO,ProportionalAllocation,756,1,223300,{'trace_kind': 'synthetic'},0.2233
isolation,0,streaming,FIFO,ProportionalAllocation,756,2,198400,{'trace_kind': 'synthetic'},0.1984
isolation,1,streaming,FIFO,ProportionalAllocation,756,2,207300,{'trace_kind': 'synthetic'},0.2073
isolation,2,streaming,FIFO,ProportionalAllocation,756,2,216000,{'trace_kind': 'synthetic'},0.216
isolation,3,streaming,FIFO,ProportionalAllocation,756,2,218400,{'trace_kind': 'synthetic'},0.2184
isolation,0,streaming,FIFO,ProportionalAllocation,756,3,197800,{'trace_kind': 'synthetic'},0.1978
isolation,1,streaming,FIFO,ProportionalAllocation,756,3,206500,{'trace_kind': 'synthetic'},0.2065
isolation,2,streaming,FIFO,ProportionalAllocation,756,3,213600,{'trace_kind': 'synthetic'},0.2136
isolation,3,streaming,FIFO,ProportionalAllocation,756,3,224800,{'trace_kind': 'synthetic'},0.2248
isolation,0,streaming,FIFO,ProportionalAllocation,756,4,201300,{'trace_kind': 'synthetic'},0.2013
isolation,1,streaming,FIFO,ProportionalAllocation,756,4,208100,{'trace_kind': 'synthetic'},0.2081
isolation,2,streaming,FIFO,ProportionalAllocation,756,4,216800,{'trace_kind': 'synthetic'},0.2168
isolation,3,streaming,FIFO,ProportionalAllocation,756,4,279600,{'trace_kind': 'synthetic'},0.2796
isolation,0,streaming,FIFO,ProportionalAllocation,756,5,199900,{'trace_kind': 'synthetic'},0.1999
isolation,1,streaming,FIFO,ProportionalAllocation,756,5,212600,{'trace_kind': 'synthetic'},0.2126
isolation,2,streaming,FIFO,ProportionalAllocation,756,5,215600,{'trace_kind': 'synthetic'},0.2156
isolation,3,streaming,FIFO,ProportionalAllocation,756,5,218900,{'trace_kind': 'synthetic'},0.2189
isolation,0,streaming,FIFO,ProportionalAllocation,756,6,199900,{'trace_kind': 'synthetic'},0.1999
isolation,1,streaming,FIFO,ProportionalAllocation,756,6,210200,{'trace_kind': 'synthetic'},0.2102
isolation,2,streaming,FIFO,ProportionalAllocation,756,6,219500,{'trace_kind': 'synthetic'},0.2195
isolation,3,streaming,FIFO,ProportionalAllocation,756,6,222100,{'trace_kind': 'synthetic'},0.2221
isolation,0,streaming,FIFO,ProportionalAllocation,756,7,201200,{'trace_kind': 'synthetic'},0.2012
isolation,1,streaming,FIFO,ProportionalAllocation,756,7,210800,{'trace_kind': 'synthetic'},0.2108
isolation,2,streaming,FIFO,ProportionalAllocation,756,7,218200,{'trace_kind': 'synthetic'},0.2182
isolation,3,streaming,FIFO,ProportionalAllocation,756,7,228400,{'trace_kind': 'synthetic'},0.2284
isolation,0,streaming,FIFO,ProportionalAllocation,756,8,203300,{'trace_kind': 'synthetic'},0.2033
isolation,1,streaming,FIFO,ProportionalAllocation,756,8,209100,{'trace_kind': 'synthetic'},0.2091
isolation,2,streaming,FIFO,ProportionalAllocation,756,8,217000,{'trace_kind': 'synthetic'},0.217
isolation,3,streaming,FIFO,ProportionalAllocation,756,8,225400,{'trace_kind': 'synthetic'},0.2254
isolation,0,streaming,FIFO,ProportionalAllocation,756,9,200400,{'trace_kind': 'synthetic'},0.2004
isolation,1,streaming,FIFO,ProportionalAllocation,756,9,206100,{'trace_kind': 'synthetic'},0.2061
isolation,2,streaming,FIFO,ProportionalAllocation,756,9,213500,{'trace_kind': 'synthetic'},0.2135
isolation,3,streaming,FIFO,ProportionalAllocation,756,9,224800,{'trace_kind': 'synthetic'},0.2248
isolation,0,streaming,LRU,GlobalAllocation,756,0,328300,{'trace_kind': 'synthetic'},0.3283
isolation,1,streaming,LRU,GlobalAllocation,756,0,335300,{'trace_kind': 'synthetic'},0.3353
isolation,2,streaming,LRU,GlobalAllocation,756,0,334800,{'trace_kind': 'synthetic'},0.3348
isolation,3,streaming,LRU,GlobalAllocation,756,0,342700,{'trace_kind': 'synthetic'},0.3427
isolation,0,streaming,LRU,GlobalAllocation,756,1,323900,{'trace_kind': 'synthetic'},0.3239
isolation,1,streaming,LRU,GlobalAllocation,756,1,333400,{'trace_kind': 'synthetic'},0.3334
isolation,2,streaming,LRU,GlobalAllocation,756,1,338300,{'trace_kind': 'synthetic'},0.3383
isolation,3,streaming,LRU,GlobalAllocation,756,1,350600,{'trace_kind': 'synthetic'},0.3506
isolation,0,streaming,LRU,GlobalAllocation,756,2,325500,{'trace_kind': 'synthetic'},0.3255
isolation,1,streaming,LRU,GlobalAllocation,756,2,332800,{'trace_kind': 'synthetic'},0.3328
isolation,2,streaming,LRU,GlobalAllocation,756,2,351900,{'trace_kind': 'synthetic'},0.3519
isolation,3,streaming,LRU,GlobalAllocation,756,2,351900,{'trace_kind': 'synthetic'},0.3519
isolation,0,streaming,LRU,GlobalAllocation,756,3,321200,{'trace_kind': 'synthetic'},0.3212
isolation,1,streaming,LRU,GlobalAllocation,756,3,338500,{'trace_kind': 'synthetic'},0.3385
isolation,2,streaming,LRU,GlobalAllocation,756,3,342500,{'trace_kind': 'synthetic'},0.3425
isolation,3,streaming,LRU,GlobalAllocation,756,3,342000,{'trace_kind': 'synthetic'},0.342
isolation,0,streaming,LRU,GlobalAllocation,756,4,331300,{'trace_kind': 'synthetic'},0.3313
isolation,1,streaming,LRU,GlobalAllocation,756,4,334300,{'trace_kind': 'synthetic'},0.3343
isolation,2,streaming,LRU,GlobalAllocation,756,4,339200,{'trace_kind': 'synthetic'},0.3392
isolation,3,streaming,LRU,GlobalAllocation,756,4,343300,{'trace_kind': 'synthetic'},0.3433
isolation,0,streaming,LRU,GlobalAllocation,756,5,322100,{'trace_kind': 'synthetic'},0.3221
isolation,1,streaming,LRU,GlobalAllocation,756,5,333500,{'trace_kind': 'synthetic'},0.3335
isolation,2,streaming,LRU,GlobalAllocation,756,5,336400,{'trace_kind': 'synthetic'},0.3364
isolation,3,streaming,LRU,GlobalAllocation,756,5,373900,{'trace_kind': 'synthetic'},0.3739
isolation,0,streaming,LRU,GlobalAllocation,756,6,321800,{'trace_kind': 'synthetic'},0.3218
isolation,1,streaming,LRU,GlobalAllocation,756,6,333200,{'trace_kind': 'synthetic'},0.3332
isolation,2,streaming,LRU,GlobalAllocation,756,6,340600,{'trace_kind': 'synthetic'},0.3406
isolation,3,streaming,LRU,GlobalAllocation,756,6,348300,{'trace_kind': 'synthetic'},0.3483
isolation,0,streaming,LRU,GlobalAllocation,756,7,326000,{'trace_kind': 'synthetic'},0.326
isolation,1,streaming,LRU,GlobalAllocation,756,7,335100,{'trace_kind': 'synthetic'},0.3351
isolation,2,streaming,LRU,GlobalAllocation,756,7,336800,{'trace_kind': 'synthetic'},0.3368
isolation,3,streaming,LRU,GlobalAllocation,756,7,346400,{'trace_kind': 'synthetic'},0.3464
isolation,0,streaming,LRU,GlobalAllocation,756,8,323100,{'trace_kind': 'synthetic'},0.3231
isolation,1,streaming,LRU,GlobalAllocation,756,8,331000,{'trace_kind': 'synthetic'},0.331
isolation,2,streaming,LRU,GlobalAllocation,756,8,349500,{'trace_kind': 'synthetic'},0.3495
isolation,3,streaming,LRU,GlobalAllocation,756,8,343900,{'trace_kind': 'synthetic'},0.3439
isolation,0,streaming,LRU,GlobalAllocation,756,9,321800,{'trace_kind': 'synthetic'},0.3218
isolation,1,streaming,LRU,GlobalAllocation,756,9,332700,{'trace_kind': 'synthetic'},0.3327
isolation,2,streaming,LRU,GlobalAllocation,756,9,350600,{'trace_kind': 'synthetic'},0.3506
isolation,3,streaming,LRU,GlobalAllocation,756,9,348100,{'trace_kind': 'synthetic'},0.3481
isolation,0,streaming,LRU,LocalAllocation,756,0,324600,{'trace_kind': 'synthetic'},0.3246
isolation,1,streaming,LRU,LocalAllocation,756,0,334400,{'trace_kind': 'synthetic'},0.3344
isolation,2,streaming,LRU,LocalAllocation,756,0,337700,{'trace_kind': 'synthetic'},0.3377
isolation,3,streaming,LRU,LocalAllocation,756,0,345500,{'trace_kind': 'synthetic'},0.3455
isolation,0,streaming,LRU,LocalAllocation,756,1,319400,{'trace_kind': 'synthetic'},0.3194
isolation,1,streaming,LRU,LocalAllocation,756,1,333100,{'trace_kind': 'synthetic'},0.3331
isolation,2,streaming,LRU,LocalAllocation,756,1,335500,{'trace_kind': 'synthetic'},0.3355
isolation,3,streaming,LRU,LocalAllocation,756,1,346700,{'trace_kind': 'synthetic'},0.3467
isolation,0,streaming,LRU,LocalAllocation,756,2,320600,{'trace_kind': 'synthetic'},0.3206
isolation,1,streaming,LRU,LocalAllocation,756,2,344600,{'trace_kind': 'synthetic'},0.3446
isolation,2,streaming,LRU,LocalAllocation,756,2,341100,{'trace_kind': 'synthetic'},0.3411
isolation,3,streaming,LRU,LocalAllocation,756,2,344300,{'trace_kind': 'synthetic'},0.3443
isolation,0,streaming,LRU,LocalAllocation,756,3,319200,{'trace_kind': 'synthetic'},0.3192
isolation,1,streaming,LRU,LocalAllocation,756,3,331100,{'trace_kind': 'synthetic'},0.3311
isolation,2,streaming,LRU,LocalAllocation,756,3,338800,{'trace_kind': 'synthetic'},0.3388
isolation,3,streaming,LRU,LocalAllocation,756,3,347100,{'trace_kind': 'synthetic'},0.3471
isolation,0,streaming,LRU,LocalAllocation,756,4,320600,{'trace_kind': 'synthetic'},0.3206
isolation,1,streaming,LRU,LocalAllocation,756,4,336200,{'trace_kind': 'synthetic'},0.3362
isolation,2,streaming,LRU,LocalAllocation,756,4,337500,{'trace_kind': 'synthetic'},0.3375
isolation,3,streaming,LRU,LocalAllocation,756,4,349300,{'trace_kind': 'synthetic'},0.3493
isolation,0,streaming,LRU,LocalAllocation,756,5,336200,{'trace_kind': 'synthetic'},0.3362
isolation,1,streaming,LRU,LocalAllocation,756,5,338200,{'trace_kind': 'synthetic'},0.3382
isolation,2,streaming,LRU,LocalAllocation,756,5,337100,{'trace_kind': 'synthetic'},0.3371
isolation,3,streaming,LRU,LocalAllocation,756,5,348000,{'trace_kind': 'synthetic'},0.348
isolation,0,streaming,LRU,LocalAllocation,756,6,324100,{'trace_kind': 'synthetic'},0.3241
isolation,1,streaming,LRU,LocalAllocation,756,6,334300,{'trace_kind': 'synthetic'},0.3343
isolation,2,streaming,LRU,LocalAllocation,756,6,343300,{'trace_kind': 'synthetic'},0.3433
isolation,3,streaming,LRU,LocalAllocation,756,6,345600,{'trace_kind': 'synthetic'},0.3456
isolation,0,streaming,LRU,LocalAllocation,756,7,322700,{'trace_kind': 'synthetic'},0.3227
isolation,1,streaming,LRU,LocalAllocation,756,7,333400,{'trace_kind': 'synthetic'},0.3334
isolation,2,streaming,LRU,LocalAllocation,756,7,375400,{'trace_kind': 'synthetic'},0.3754
isolation,3,streaming,LRU,LocalAllocation,756,7,347000,{'trace_kind': 'synthetic'},0.347
isolation,0,streaming,LRU,LocalAllocation,756,8,323900,{'trace_kind': 'synthetic'},0.3239
isolation,1,streaming,LRU,LocalAllocation,756,8,335000,{'trace_kind': 'synthetic'},0.335
isolation,2,streaming,LRU,LocalAllocation,756,8,339700,{'trace_kind': 'synthetic'},0.3397
isolation,3,streaming,LRU,LocalAllocation,756,8,346300,{'trace_kind': 'synthetic'},0.3463
isolation,0,streaming,LRU,LocalAllocation,756,9,322800,{'trace_kind': 'synthetic'},0.3228
isolation,1,streaming,LRU,LocalAllocation,756,9,331000,{'trace_kind': 'synthetic'},0.331
isolation,2,streaming,LRU,LocalAllocation,756,9,337500,{'trace_kind': 'synthetic'},0.3375
isolation,3,streaming,LRU,LocalAllocation,756,9,346600,{'trace_kind': 'synthetic'},0.3466
isolation,0,streaming,LRU,ProportionalAllocation,756,0,326700,{'trace_kind': 'synthetic'},0.3267
isolation,1,streaming,LRU,ProportionalAllocation,756,0,335800,{'trace_kind': 'synthetic'},0.3358
isolation,2,streaming,LRU,ProportionalAllocation,756,0,336800,{'trace_kind': 'synthetic'},0.3368
isolation,3,streaming,LRU,ProportionalAllocation,756,0,347800,{'trace_kind': 'synthetic'},0.3478
isolation,0,streaming,LRU,ProportionalAllocation,756,1,322700,{'trace_kind': 'synthetic'},0.3227
isolation,1,streaming,LRU,ProportionalAllocation,756,1,333900,{'trace_kind': 'synthetic'},0.3339
isolation,2,streaming,LRU,ProportionalAllocation,756,1,337900,{'trace_kind': 'synthetic'},0.3379
isolation,3,streaming,LRU,ProportionalAllocation,756,1,345100,{'trace_kind': 'synthetic'},0.3451
isolation,0,streaming,LRU,ProportionalAllocation,756,2,322300,{'trace_kind': 'synthetic'},0.3223
isolation,1,streaming,LRU,ProportionalAllocation,756,2,333900,{'trace_kind': 'synthetic'},0.3339
isolation,2,streaming,LRU,ProportionalAllocation,756,2,338200,{'trace_kind': 'synthetic'},0.3382
isolation,3,streaming,LRU,ProportionalAllocation,756,2,342500,{'trace_kind': 'synthetic'},0.3425
isolation,0,streaming,LRU,ProportionalAllocation,756,3,322400,{'trace_kind': 'synthetic'},0.3224
isolation,1,streaming,LRU,ProportionalAllocation,756,3,332500,{'trace_kind': 'synthetic'},0.3325
isolation,2,streaming,LRU,ProportionalAllocation,756,3,337300,{'trace_kind': 'synthetic'},0.3373
isolation,3,streaming,LRU,ProportionalAllocation,756,3,342500,{'trace_kind': 'synthetic'},0.3425
isolation,0,streaming,LRU,ProportionalAllocation,756,4,320300,{'trace_kind': 'synthetic'},0.3203
isolation,1,streaming,LRU,ProportionalAllocation,756,4,335400,{'trace_kind': 'synthetic'},0.3354
isolation,2,streaming,LRU,ProportionalAllocation,756,4,339800,{'trace_kind': 'synthetic'},0.3398
isolation,3,streaming,LRU,ProportionalAllocation,756,4,347600,{'trace_kind': 'synthetic'},0.3476
isolation,0,streaming,LRU,ProportionalAllocation,756,5,327100,{'trace_kind': 'synthetic'},0.3271
isolation,1,streaming,LRU,ProportionalAllocation,756,5,338000,{'trace_kind': 'synthetic'},0.338
isolation,2,streaming,LRU,ProportionalAllocation,756,5,339900,{'trace_kind': 'synthetic'},0.3399
isolation,3,streaming,LRU,ProportionalAllocation,756,5,343400,{'trace_kind': 'synthetic'},0.3434
isolation,0,streaming,LRU,ProportionalAllocation,756,6,321600,{'trace_kind': 'synthetic'},0.3216
isolation,1,streaming,LRU,ProportionalAllocation,756,6,326600,{'trace_kind': 'synthetic'},0.3266
isolation,2,streaming,LRU,ProportionalAllocation,756,6,339000,{'trace_kind': 'synthetic'},0.339
isolation,3,streaming,LRU,ProportionalAllocation,756,6,345800,{'trace_kind': 'synthetic'},0.3458
isolation,0,streaming,LRU,ProportionalAllocation,756,7,320500,{'trace_kind': 'synthetic'},0.3205
isolation,1,streaming,LRU,ProportionalAllocation,756,7,331900,{'trace_kind': 'synthetic'},0.3319
isolation,2,streaming,LRU,ProportionalAllocation,756,7,348900,{'trace_kind': 'synthetic'},0.3489
isolation,3,streaming,LRU,ProportionalAllocation,756,7,343800,{'trace_kind': 'synthetic'},0.3438
isolation,0,streaming,LRU,ProportionalAllocation,756,8,333800,{'trace_kind': 'synthetic'},0.3338
isolation,1,streaming,LRU,ProportionalAllocation,756,8,332500,{'trace_kind': 'synthetic'},0.3325
isolation,2,streaming,LRU,ProportionalAllocation,756,8,336700,{'trace_kind': 'synthetic'},0.3367
isolation,3,streaming,LRU,ProportionalAllocation,756,8,347600,{'trace_kind': 'synthetic'},0.3476
isolation,0,streaming,LRU,ProportionalAllocation,756,9,324500,{'trace_kind': 'synthetic'},0.3245
isolation,1,streaming,LRU,ProportionalAllocation,756,9,327600,{'trace_kind': 'synthetic'},0.3276
isolation,2,streaming,LRU,ProportionalAllocation,756,9,337600,{'trace_kind': 'synthetic'},0.3376
isolation,3,streaming,LRU,ProportionalAllocation,756,9,345300,{'trace_kind': 'synthetic'},0.3453
isolation,0,streaming,NRU,GlobalAllocation,756,0,347600,{'trace_kind': 'synthetic'},0.3476
isolation,1,streaming,NRU,GlobalAllocation,756,0,356100,{'trace_kind': 'synthetic'},0.3561
isolation,2,streaming,NRU,GlobalAllocation,756,0,370200,{'trace_kind': 'synthetic'},0.3702
isolation,3,streaming,NRU,GlobalAllocation,756,0,389400,{'trace_kind': 'synthetic'},0.3894
isolation,0,streaming,NRU,GlobalAllocation,756,1,371800,{'trace_kind': 'synthetic'},0.3718
isolation,1,streaming,NRU,GlobalAllocation,756,1,356100,{'trace_kind': 'synthetic'},0.3561
isolation,2,streaming,NRU,GlobalAllocation,756,1,366900,{'trace_kind': 'synthetic'},0.3669
isolation,3,streaming,NRU,GlobalAllocation,756,1,394300,{'trace_kind': 'synthetic'},0.3943
isolation,0,streaming,NRU,GlobalAllocation,756,2,349300,{'trace_kind': 'synthetic'},0.3493
isolation,1,streaming,NRU,GlobalAllocation,756,2,360400,{'trace_kind': 'synthetic'},0.3604
isolation,2,streaming,NRU,GlobalAllocation,756,2,391000,{'trace_kind': 'synthetic'},0.391
isolation,3,streaming,NRU,GlobalAllocation,756,2,398600,{'trace_kind': 'synthetic'},0.3986
isolation,0,streaming,NRU,GlobalAllocation,756,3,350000,{'trace_kind': 'synthetic'},0.35
isolation,1,streaming,NRU,GlobalAllocation,756,3,374300,{'trace_kind': 'synthetic'},0.3743
isolation,2,streaming,NRU,GlobalAllocation,756,3,382000,{'trace_kind': 'synthetic'},0.382
isolation,3,streaming,NRU,GlobalAllocation,756,3,372700,{'trace_kind': 'synthetic'},0.3727
isolation,0,streaming,NRU,GlobalAllocation,756,4,647800,{'trace_kind': 'synthetic'},0.6478
isolation,1,streaming,NRU,GlobalAllocation,756,4,689200,{'trace_kind': 'synthetic'},0.6892
isolation,2,streaming,NRU,GlobalAllocation,756,4,714200,{'trace_kind': 'synthetic'},0.7142
isolation,3,streaming,NRU,GlobalAllocation,756,4,731600,{'trace_kind': 'synthetic'},0.7316
isolation,0,streaming,NRU,GlobalAllocation,756,5,349000,{'trace_kind': 'synthetic'},0.349
isolation,1,streaming,NRU,GlobalAllocation,756,5,361500,{'trace_kind': 'synthetic'},0.3615
isolation,2,streaming,NRU,GlobalAllocation,756,5,393200,{'trace_kind': 'synthetic'},0.3932
isolation,3,streaming,NRU,GlobalAllocation,756,5,376300,{'trace_kind': 'synthetic'},0.3763
isolation,0,streaming,NRU,GlobalAllocation,756,6,365600,{'trace_kind': 'synthetic'},0.3656
isolation,1,streaming,NRU,GlobalAllocation,756,6,353600,{'trace_kind': 'synthetic'},0.3536
isolation,2,streaming,NRU,GlobalAllocation,756,6,386500,{'trace_kind': 'synthetic'},0.3865
isolation,3,streaming,NRU,GlobalAllocation,756,6,382900,{'trace_kind': 'synthetic'},0.3829
isolation,0,streaming,NRU,GlobalAllocation,756,7,345300,{'trace_kind': 'synthetic'},0.3453
isolation,1,streaming,NRU,GlobalAllocation,756,7,356200,{'trace_kind': 'synthetic'},0.3562
isolation,2,streaming,NRU,GlobalAllocation,756,7,367400,{'trace_kind': 'synthetic'},0.3674
isolation,3,streaming,NRU,GlobalAllocation,756,7,385000,{'trace_kind': 'synthetic'},0.385
isolation,0,streaming,NRU,GlobalAllocation,756,8,363700,{'trace_kind': 'synthetic'},0.3637
isolation,1,streaming,NRU,GlobalAllocation,756,8,372900,{'trace_kind': 'synthetic'},0.3729
isolation,2,streaming,NRU,GlobalAllocation,756,8,386400,{'trace_kind': 'synthetic'},0.3864
isolation,3,streaming,NRU,GlobalAllocation,756,8,376100,{'trace_kind': 'synthetic'},0.3761
isolation,0,streaming,NRU,GlobalAllocation,756,9,364500,{'trace_kind': 'synthetic'},0.3645
isolation,1,streaming,NRU,GlobalAllocation,756,9,371800,{'trace_kind': 'synthetic'},0.3718
isolation,2,streaming,NRU,GlobalAllocation,756,9,372700,{'trace_kind': 'synthetic'},0.3727
isolation,3,streaming,NRU,GlobalAllocation,756,9,394300,{'trace_kind': 'synthetic'},0.3943
isolation,0,streaming,NRU,LocalAllocation,756,0,344500,{'trace_kind': 'synthetic'},0.3445
isolation,1,streaming,NRU,LocalAllocation,756,0,375700,{'trace_kind': 'synthetic'},0.3757
isolation,2,streaming,NRU,LocalAllocation,756,0,385300,{'trace_kind': 'synthetic'},0.3853
isolation,3,streaming,NRU,LocalAllocation,756,0,379800,{'trace_kind': 'synthetic'},0.3798
isolation,0,streaming,NRU,LocalAllocation,756,1,360200,{'trace_kind': 'synthetic'},0.3602
isolation,1,streaming,NRU,LocalAllocation,756,1,357900,{'trace_kind': 'synthetic'},0.3579
isolation,2,streaming,NRU,LocalAllocation,756,1,368000,{'trace_kind': 'synthetic'},0.368
isolation,3,streaming,NRU,LocalAllocation,756,1,374100,{'trace_kind': 'synthetic'},0.3741
isolation,0,streaming,NRU,LocalAllocation,756,2,347500,{'trace_kind': 'synthetic'},0.3475
isolation,1,streaming,NRU,LocalAllocation,756,2,358500,{'trace_kind': 'synthetic'},0.3585
isolation,2,streaming,NRU,LocalAllocation,756,2,370900,{'trace_kind': 'synthetic'},0.3709
isolation,3,streaming,NRU,LocalAllocation,756,2,377000,{'trace_kind': 'synthetic'},0.377
isolation,0,streaming,NRU,LocalAllocation,756,3,358300,{'trace_kind': 'synthetic'},0.3583
isolation,1,streaming,NRU,LocalAllocation,756,3,372600,{'trace_kind': 'synthetic'},0.3726
isolation,2,streaming,NRU,LocalAllocation,756,3,398100,{'trace_kind': 'synthetic'},0.3981
isolation,3,streaming,NRU,LocalAllocation,756,3,376900,{'trace_kind': 'synthetic'},0.3769
isolation,0,streaming,NRU,LocalAllocation,756,4,371400,{'trace_kind': 'synthetic'},0.3714
isolation,1,streaming,NRU,LocalAllocation,756,4,378900,{'trace_kind': 'synthetic'},0.3789
isolation,2,streaming,NRU,LocalAllocation,756,4,383500,{'trace_kind': 'synthetic'},0.3835
isolation,3,streaming,NRU,LocalAllocation,756,4,401200,{'trace_kind': 'synthetic'},0.4012
isolation,0,streaming,NRU,LocalAllocation,756,5,315300,{'trace_kind': 'synthetic'},0.3153
isolation,1,streaming,NRU,LocalAllocation,756,5,322900,{'trace_kind': 'synthetic'},0.3229
isolation,2,streaming,NRU,LocalAllocation,756,5,332200,{'trace_kind': 'synthetic'},0.3322
isolation,3,streaming,NRU,LocalAllocation,756,5,351500,{'trace_kind': 'synthetic'},0.3515
isolation,0,streaming,NRU,LocalAllocation,756,6,362300,{'trace_kind': 'synthetic'},0.3623
isolation,1,streaming,NRU,LocalAllocation,756,6,353000,{'trace_kind': 'synthetic'},0.353
isolation,2,streaming,NRU,LocalAllocation,756,6,371400,{'trace_kind': 'synthetic'},0.3714
isolation,3,streaming,NRU,LocalAllocation,756,6,376700,{'trace_kind': 'synthetic'},0.3767
isolation,0,streaming,NRU,LocalAllocation,756,7,347000,{'trace_kind': 'synthetic'},0.347
isolation,1,streaming,NRU,LocalAllocation,756,7,358900,{'trace_kind': 'synthetic'},0.3589
isolation,2,streaming,NRU,LocalAllocation,756,7,383600,{'trace_kind': 'synthetic'},0.3836
isolation,3,streaming,NRU,LocalAllocation,756,7,376700,{'trace_kind': 'synthetic'},0.3767
isolation,0,streaming,NRU,LocalAllocation,756,8,360400,{'trace_kind': 'synthetic'},0.3604
isolation,1,streaming,NRU,LocalAllocation,756,8,357300,{'trace_kind': 'synthetic'},0.3573
isolation,2,streaming,NRU,LocalAllocation,756,8,364600,{'trace_kind': 'synthetic'},0.3646
isolation,3,streaming,NRU,LocalAllocation,756,8,400800,{'trace_kind': 'synthetic'},0.4008
isolation,0,streaming,NRU,LocalAllocation,756,9,721400,{'trace_kind': 'synthetic'},0.7214
isolation,1,streaming,NRU,LocalAllocation,756,9,687800,{'trace_kind': 'synthetic'},0.6878
isolation,2,streaming,NRU,LocalAllocation,756,9,724400,{'trace_kind': 'synthetic'},0.7244
isolation,3,streaming,NRU,LocalAllocation,756,9,771100,{'trace_kind': 'synthetic'},0.7711
isolation,0,streaming,NRU,ProportionalAllocation,756,0,350800,{'trace_kind': 'synthetic'},0.3508
isolation,1,streaming,NRU,ProportionalAllocation,756,0,370800,{'trace_kind': 'synthetic'},0.3708
isolation,2,streaming,NRU,ProportionalAllocation,756,0,399700,{'trace_kind': 'synthetic'},0.3997
isolation,3,streaming,NRU,ProportionalAllocation,756,0,386700,{'trace_kind': 'synthetic'},0.3867
isolation,0,streaming,NRU,ProportionalAllocation,756,1,353000,{'trace_kind': 'synthetic'},0.353
isolation,1,streaming,NRU,ProportionalAllocation,756,1,353500,{'trace_kind': 'synthetic'},0.3535
isolation,2,streaming,NRU,ProportionalAllocation,756,1,366400,{'trace_kind': 'synthetic'},0.3664
isolation,3,streaming,NRU,ProportionalAllocation,756,1,391600,{'trace_kind': 'synthetic'},0.3916
isolation,0,streaming,NRU,ProportionalAllocation,756,2,364700,{'trace_kind': 'synthetic'},0.3647
isolation,1,streaming,NRU,ProportionalAllocation,756,2,355100,{'trace_kind': 'synthetic'},0.3551
isolation,2,streaming,NRU,ProportionalAllocation,756,2,369600,{'trace_kind': 'synthetic'},0.3696
isolation,3,streaming,NRU,ProportionalAllocation,756,2,373900,{'trace_kind': 'synthetic'},0.3739
isolation,0,streaming,NRU,ProportionalAllocation,756,3,344100,{'trace_kind': 'synthetic'},0.3441
isolation,1,streaming,NRU,ProportionalAllocation,756,3,360000,{'trace_kind': 'synthetic'},0.36
isolation,2,streaming,NRU,ProportionalAllocation,756,3,384000,{'trace_kind': 'synthetic'},0.384
isolation,3,streaming,NRU,ProportionalAllocation,756,3,383400,{'trace_kind': 'synthetic'},0.3834
isolation,0,streaming,NRU,ProportionalAllocation,756,4,366600,{'trace_kind': 'synthetic'},0.3666
isolation,1,streaming,NRU,ProportionalAllocation,756,4,378700,{'trace_kind': 'synthetic'},0.3787
isolation,2,streaming,NRU,ProportionalAllocation,756,4,368400,{'trace_kind': 'synthetic'},0.3684
isolation,3,streaming,NRU,ProportionalAllocation,756,4,376200,{'trace_kind': 'synthetic'},0.3762
isolation,0,streaming,NRU,ProportionalAllocation,756,5,346700,{'trace_kind': 'synthetic'},0.3467
isolation,1,streaming,NRU,ProportionalAllocation,756,5,365500,{'trace_kind': 'synthetic'},0.3655
isolation,2,streaming,NRU,ProportionalAllocation,756,5,366400,{'trace_kind': 'synthetic'},0.3664
isolation,3,streaming,NRU,ProportionalAllocation,756,5,383500,{'trace_kind': 'synthetic'},0.3835
isolation,0,streaming,NRU,ProportionalAllocation,756,6,442400,{'trace_kind': 'synthetic'},0.4424
isolation,1,streaming,NRU,ProportionalAllocation,756,6,356400,{'trace_kind': 'synthetic'},0.3564
isolation,2,streaming,NRU,ProportionalAllocation,756,6,387800,{'trace_kind': 'synthetic'},0.3878
isolation,3,streaming,NRU,ProportionalAllocation,756,6,401000,{'trace_kind': 'synthetic'},0.401
isolation,0,streaming,NRU,ProportionalAllocation,756,7,348700,{'trace_kind': 'synthetic'},0.3487
isolation,1,streaming,NRU,ProportionalAllocation,756,7,358000,{'trace_kind': 'synthetic'},0.358
isolation,2,streaming,NRU,ProportionalAllocation,756,7,397500,{'trace_kind': 'synthetic'},0.3975
isolation,3,streaming,NRU,ProportionalAllocation,756,7,375900,{'trace_kind': 'synthetic'},0.3759
isolation,0,streaming,NRU,ProportionalAllocation,756,8,359100,{'trace_kind': 'synthetic'},0.3591
isolation,1,streaming,NRU,ProportionalAllocation,756,8,373500,{'trace_kind': 'synthetic'},0.3735
isolation,2,streaming,NRU,ProportionalAllocation,756,8,393000,{'trace_kind': 'synthetic'},0.393
isolation,3,streaming,NRU,ProportionalAllocation,756,8,378300,{'trace_kind': 'synthetic'},0.3783
isolation,0,streaming,NRU,ProportionalAllocation,756,9,346600,{'trace_kind': 'synthetic'},0.3466
isolation,1,streaming,NRU,ProportionalAllocation,756,9,359900,{'trace_kind': 'synthetic'},0.3599
isolation,2,streaming,NRU,ProportionalAllocation,756,9,365300,{'trace_kind': 'synthetic'},0.3653
isolation,3,streaming,NRU,ProportionalAllocation,756,9,402200,{'trace_kind': 'synthetic'},0.4022
isolation,0,streaming,SecondChance,GlobalAllocation,756,0,695700,{'trace_kind': 'synthetic'},0.6957
isolation,1,streaming,SecondChance,GlobalAllocation,756,0,380600,{'trace_kind': 'synthetic'},0.3806
isolation,2,streaming,SecondChance,GlobalAllocation,756,0,402300,{'trace_kind': 'synthetic'},0.4023
isolation,3,streaming,SecondChance,GlobalAllocation,756,0,428200,{'trace_kind': 'synthetic'},0.4282
isolation,0,streaming,SecondChance,GlobalAllocation,756,1,349500,{'trace_kind': 'synthetic'},0.3495
isolation,1,streaming,SecondChance,GlobalAllocation,756,1,368000,{'trace_kind': 'synthetic'},0.368
isolation,2,streaming,SecondChance,GlobalAllocation,756,1,391900,{'trace_kind': 'synthetic'},0.3919
isolation,3,streaming,SecondChance,GlobalAllocation,756,1,428700,{'trace_kind': 'synthetic'},0.4287
isolation,0,streaming,SecondChance,GlobalAllocation,756,2,349400,{'trace_kind': 'synthetic'},0.3494
isolation,1,streaming,SecondChance,GlobalAllocation,756,2,369000,{'trace_kind': 'synthetic'},0.369
isolation,2,streaming,SecondChance,GlobalAllocation,756,2,392100,{'trace_kind': 'synthetic'},0.3921
isolation,3,streaming,SecondChance,GlobalAllocation,756,2,421300,{'trace_kind': 'synthetic'},0.4213
isolation,0,streaming,SecondChance,GlobalAllocation,756,3,342600,{'trace_kind': 'synthetic'},0.3426
isolation,1,streaming,SecondChance,GlobalAllocation,756,3,366500,{'trace_kind': 'synthetic'},0.3665
isolation,2,streaming,SecondChance,GlobalAllocation,756,3,401700,{'trace_kind': 'synthetic'},0.4017
isolation,3,streaming,SecondChance,GlobalAllocation,756,3,418100,{'trace_kind': 'synthetic'},0.4181
isolation,0,streaming,SecondChance,GlobalAllocation,756,4,728700,{'trace_kind': 'synthetic'},0.7287
isolation,1,streaming,SecondChance,GlobalAllocation,756,4,727100,{'trace_kind': 'synthetic'},0.7271
isolation,2,streaming,SecondChance,GlobalAllocation,756,4,810100,{'trace_kind': 'synthetic'},0.8101
isolation,3,streaming,SecondChance,GlobalAllocation,756,4,429900,{'trace_kind': 'synthetic'},0.4299
isolation,0,streaming,SecondChance,GlobalAllocation,756,5,347200,{'trace_kind': 'synthetic'},0.3472
isolation,1,streaming,SecondChance,GlobalAllocation,756,5,371800,{'trace_kind': 'synthetic'},0.3718
isolation,2,streaming,SecondChance,GlobalAllocation,756,5,397500,{'trace_kind': 'synthetic'},0.3975
isolation,3,streaming,SecondChance,GlobalAllocation,756,5,425900,{'trace_kind': 'synthetic'},0.4259
isolation,0,streaming,SecondChance,GlobalAllocation,756,6,348600,{'trace_kind': 'synthetic'},0.3486
isolation,1,streaming,SecondChance,GlobalAllocation,756,6,374400,{'trace_kind': 'synthetic'},0.3744
isolation,2,streaming,SecondChance,GlobalAllocation,756,6,404400,{'trace_kind': 'synthetic'},0.4044
isolation,3,streaming,SecondChance,GlobalAllocation,756,6,428100,{'trace_kind': 'synthetic'},0.4281
isolation,0,streaming,SecondChance,GlobalAllocation,756,7,346400,{'trace_kind': 'synthetic'},0.3464
isolation,1,streaming,SecondChance,GlobalAllocation,756,7,376300,{'trace_kind': 'synthetic'},0.3763
isolation,2,streaming,SecondChance,GlobalAllocation,756,7,396000,{'trace_kind': 'synthetic'},0.396
isolation,3,streaming,SecondChance,GlobalAllocation,756,7,425400,{'trace_kind': 'synthetic'},0.4254
isolation,0,streaming,SecondChance,GlobalAllocation,756,8,714700,{'trace_kind': 'synthetic'},0.7147
isolation,1,streaming,SecondChance,GlobalAllocation,756,8,740100,{'trace_kind': 'synthetic'},0.7401
isolation,2,streaming,SecondChance,GlobalAllocation,756,8,830800,{'trace_kind': 'synthetic'},0.8308
isolation,3,streaming,SecondChance,GlobalAllocation,756,8,910000,{'trace_kind': 'synthetic'},0.91
isolation,0,streaming,SecondChance,GlobalAllocation,756,9,498600,{'trace_kind': 'synthetic'},0.4986
isolation,1,streaming,SecondChance,GlobalAllocation,756,9,348800,{'trace_kind': 'synthetic'},0.3488
isolation,2,streaming,SecondChance,GlobalAllocation,756,9,377000,{'trace_kind': 'synthetic'},0.377
isolation,3,streaming,SecondChance,GlobalAllocation,756,9,405400,{'trace_kind': 'synthetic'},0.4054
isolation,0,streaming,SecondChance,LocalAllocation,756,0,366600,{'trace_kind': 'synthetic'},0.3666
isolation,1,streaming,SecondChance,LocalAllocation,756,0,375600,{'trace_kind': 'synthetic'},0.3756
isolation,2,streaming,SecondChance,LocalAllocation,756,0,391700,{'trace_kind': 'synthetic'},0.3917
isolation,3,streaming,SecondChance,LocalAllocation,756,0,424200,{'trace_kind': 'synthetic'},0.4242
isolation,0,streaming,SecondChance,LocalAllocation,756,1,343800,{'trace_kind': 'synthetic'},0.3438
isolation,1,streaming,SecondChance,LocalAllocation,756,1,366800,{'trace_kind': 'synthetic'},0.3668
isolation,2,streaming,SecondChance,LocalAllocation,756,1,394600,{'trace_kind': 'synthetic'},0.3946
isolation,3,streaming,SecondChance,LocalAllocation,756,1,424700,{'trace_kind': 'synthetic'},0.4247
isolation,0,streaming,SecondChance,LocalAllocation,756,2,351100,{'trace_kind': 'synthetic'},0.3511
isolation,1,streaming,SecondChance,LocalAllocation,756,2,372100,{'trace_kind': 'synthetic'},0.3721
isolation,2,streaming,SecondChance,LocalAllocation,756,2,402500,{'trace_kind': 'synthetic'},0.4025
isolation,3,streaming,SecondChance,LocalAllocation,756,2,429700,{'trace_kind': 'synthetic'},0.4297
isolation,0,streaming,SecondChance,LocalAllocation,756,3,348800,{'trace_kind': 'synthetic'},0.3488
isolation,1,streaming,SecondChance,LocalAllocation,756,3,375700,{'trace_kind': 'synthetic'},0.3757
isolation,2,streaming,SecondChance,LocalAllocation,756,3,398200,{'trace_kind': 'synthetic'},0.3982
isolation,3,streaming,SecondChance,LocalAllocation,756,3,429600,{'trace_kind': 'synthetic'},0.4296
isolation,0,streaming,SecondChance,LocalAllocation,756,4,344600,{'trace_kind': 'synthetic'},0.3446
isolation,1,streaming,SecondChance,LocalAllocation,756,4,369200,{'trace_kind': 'synthetic'},0.3692
isolation,2,streaming,SecondChance,LocalAllocation,756,4,397600,{'trace_kind': 'synthetic'},0.3976
isolation,3,streaming,SecondChance,LocalAllocation,756,4,424100,{'trace_kind': 'synthetic'},0.4241
isolation,0,streaming,SecondChance,LocalAllocation,756,5,343600,{'trace_kind': 'synthetic'},0.3436
isolation,1,streaming,SecondChance,LocalAllocation,756,5,367600,{'trace_kind': 'synthetic'},0.3676
isolation,2,streaming,SecondChance,LocalAllocation,756,5,398300,{'trace_kind': 'synthetic'},0.3983
isolation,3,streaming,SecondChance,LocalAllocation,756,5,424500,{'trace_kind': 'synthetic'},0.4245
isolation,0,streaming,SecondChance,LocalAllocation,756,6,343600,{'trace_kind': 'synthetic'},0.3436
isolation,1,streaming,SecondChance,LocalAllocation,756,6,367300,{'trace_kind': 'synthetic'},0.3673
isolation,2,streaming,SecondChance,LocalAllocation,756,6,405400,{'trace_kind': 'synthetic'},0.4054
isolation,3,streaming,SecondChance,LocalAllocation,756,6,436300,{'trace_kind': 'synthetic'},0.4363
isolation,0,streaming,SecondChance,LocalAllocation,756,7,345100,{'trace_kind': 'synthetic'},0.3451
isolation,1,streaming,SecondChance,LocalAllocation,756,7,373300,{'trace_kind': 'synthetic'},0.3733
isolation,2,streaming,SecondChance,LocalAllocation,756,7,405800,{'trace_kind': 'synthetic'},0.4058
isolation,3,streaming,SecondChance,LocalAllocation,756,7,429500,{'trace_kind': 'synthetic'},0.4295
isolation,0,streaming,SecondChance,LocalAllocation,756,8,340800,{'trace_kind': 'synthetic'},0.3408
isolation,1,streaming,SecondChance,LocalAllocation,756,8,365200,{'trace_kind': 'synthetic'},0.3652
isolation,2,streaming,SecondChance,LocalAllocation,756,8,395900,{'trace_kind': 'synthetic'},0.3959
isolation,3,streaming,SecondChance,LocalAllocation,756,8,441900,{'trace_kind': 'synthetic'},0.4419
isolation,0,streaming,SecondChance,LocalAllocation,756,9,344300,{'trace_kind': 'synthetic'},0.3443
isolation,1,streaming,SecondChance,LocalAllocation,756,9,373500,{'trace_kind': 'synthetic'},0.3735
isolation,2,streaming,SecondChance,LocalAllocation,756,9,391900,{'trace_kind': 'synthetic'},0.3919
isolation,3,streaming,SecondChance,LocalAllocation,756,9,422800,{'trace_kind': 'synthetic'},0.4228
isolation,0,streaming,SecondChance,ProportionalAllocation,756,0,348300,{'trace_kind': 'synthetic'},0.3483
isolation,1,streaming,SecondChance,ProportionalAllocation,756,0,379800,{'trace_kind': 'synthetic'},0.3798
isolation,2,streaming,SecondChance,ProportionalAllocation,756,0,394100,{'trace_kind': 'synthetic'},0.3941
isolation,3,streaming,SecondChance,ProportionalAllocation,756,0,422000,{'trace_kind': 'synthetic'},0.422
isolation,0,streaming,SecondChance,ProportionalAllocation,756,1,346300,{'trace_kind': 'synthetic'},0.3463
isolation,1,streaming,SecondChance,ProportionalAllocation,756,1,370500,{'trace_kind': 'synthetic'},0.3705
isolation,2,streaming,SecondChance,ProportionalAllocation,756,1,396300,{'trace_kind': 'synthetic'},0.3963
isolation,3,streaming,SecondChance,ProportionalAllocation,756,1,647000,{'trace_kind': 'synthetic'},0.647
isolation,0,streaming,SecondChance,ProportionalAllocation,756,2,340900,{'trace_kind': 'synthetic'},0.3409
isolation,1,streaming,SecondChance,ProportionalAllocation,756,2,363000,{'trace_kind': 'synthetic'},0.363
isolation,2,streaming,SecondChance,ProportionalAllocation,756,2,394900,{'trace_kind': 'synthetic'},0.3949
isolation,3,streaming,SecondChance,ProportionalAllocation,756,2,421000,{'trace_kind': 'synthetic'},0.421
isolation,0,streaming,SecondChance,ProportionalAllocation,756,3,345200,{'trace_kind': 'synthetic'},0.3452
isolation,1,streaming,SecondChance,ProportionalAllocation,756,3,375400,{'trace_kind': 'synthetic'},0.3754
isolation,2,streaming,SecondChance,ProportionalAllocation,756,3,398600,{'trace_kind': 'synthetic'},0.3986
isolation,3,streaming,SecondChance,ProportionalAllocation,756,3,419900,{'trace_kind': 'synthetic'},0.4199
isolation,0,streaming,SecondChance,ProportionalAllocation,756,4,345800,{'trace_kind': 'synthetic'},0.3458
isolation,1,streaming,SecondChance,ProportionalAllocation,756,4,370800,{'trace_kind': 'synthetic'},0.3708
isolation,2,streaming,SecondChance,ProportionalAllocation,756,4,396000,{'trace_kind': 'synthetic'},0.396
isolation,3,streaming,SecondChance,ProportionalAllocation,756,4,421600,{'trace_kind': 'synthetic'},0.4216
isolation,0,streaming,SecondChance,ProportionalAllocation,756,5,347400,{'trace_kind': 'synthetic'},0.3474
isolation,1,streaming,SecondChance,ProportionalAllocation,756,5,371000,{'trace_kind': 'synthetic'},0.371
isolation,2,streaming,SecondChance,ProportionalAllocation,756,5,402500,{'trace_kind': 'synthetic'},0.4025
isolation,3,streaming,SecondChance,ProportionalAllocation,756,5,432500,{'trace_kind': 'synthetic'},0.4325
isolation,0,streaming,SecondChance,ProportionalAllocation,756,6,383700,{'trace_kind': 'synthetic'},0.3837
isolation,1,streaming,SecondChance,ProportionalAllocation,756,6,367900,{'trace_kind': 'synthetic'},0.3679
isolation,2,streaming,SecondChance,ProportionalAllocation,756,6,398500,{'trace_kind': 'synthetic'},0.3985
isolation,3,streaming,SecondChance,ProportionalAllocation,756,6,422500,{'trace_kind': 'synthetic'},0.4225
isolation,0,streaming,SecondChance,ProportionalAllocation,756,7,342700,{'trace_kind': 'synthetic'},0.3427
isolation,1,streaming,SecondChance,ProportionalAllocation,756,7,380400,{'trace_kind': 'synthetic'},0.3804
isolation,2,streaming,SecondChance,ProportionalAllocation,756,7,396000,{'trace_kind': 'synthetic'},0.396
isolation,3,streaming,SecondChance,ProportionalAllocation,756,7,419000,{'trace_kind': 'synthetic'},0.419
isolation,0,streaming,SecondChance,ProportionalAllocation,756,8,346800,{'trace_kind': 'synthetic'},0.3468
isolation,1,streaming,SecondChance,ProportionalAllocation,756,8,364700,{'trace_kind': 'synthetic'},0.3647
isolation,2,streaming,SecondChance,ProportionalAllocation,756,8,413900,{'trace_kind': 'synthetic'},0.4139
isolation,3,streaming,SecondChance,ProportionalAllocation,756,8,417600,{'trace_kind': 'synthetic'},0.4176
isolation,0,streaming,SecondChance,ProportionalAllocation,756,9,356500,{'trace_kind': 'synthetic'},0.3565
isolation,1,streaming,SecondChance,ProportionalAllocation,756,9,366000,{'trace_kind': 'synthetic'},0.366
isolation,2,streaming,SecondChance,ProportionalAllocation,756,9,392900,{'trace_kind': 'synthetic'},0.3929
isolation,3,streaming,SecondChance,ProportionalAllocation,756,9,422300,{'trace_kind': 'synthetic'},0.4223
isolation,0,streaming,WSClock,GlobalAllocation,756,0,346600,{'trace_kind': 'synthetic'},0.3466
isolation,1,streaming,WSClock,GlobalAllocation,756,0,363100,{'trace_kind': 'synthetic'},0.3631
isolation,2,streaming,WSClock,GlobalAllocation,756,0,392500,{'trace_kind': 'synthetic'},0.3925
isolation,3,streaming,WSClock,GlobalAllocation,756,0,425200,{'trace_kind': 'synthetic'},0.4252
isolation,0,streaming,WSClock,GlobalAllocation,756,1,348200,{'trace_kind': 'synthetic'},0.3482
isolation,1,streaming,WSClock,GlobalAllocation,756,1,373500,{'trace_kind': 'synthetic'},0.3735
isolation,2,streaming,WSClock,GlobalAllocation,756,1,398000,{'trace_kind': 'synthetic'},0.398
isolation,3,streaming,WSClock,GlobalAllocation,756,1,427700,{'trace_kind': 'synthetic'},0.4277
isolation,0,streaming,WSClock,GlobalAllocation,756,2,346800,{'trace_kind': 'synthetic'},0.3468
isolation,1,streaming,WSClock,GlobalAllocation,756,2,365700,{'trace_kind': 'synthetic'},0.3657
isolation,2,streaming,WSClock,GlobalAllocation,756,2,398000,{'trace_kind': 'synthetic'},0.398
isolation,3,streaming,WSClock,GlobalAllocation,756,2,435400,{'trace_kind': 'synthetic'},0.4354
isolation,0,streaming,WSClock,GlobalAllocation,756,3,343900,{'trace_kind': 'synthetic'},0.3439
isolation,1,streaming,WSClock,GlobalAllocation,756,3,371100,{'trace_kind': 'synthetic'},0.3711
isolation,2,streaming,WSClock,GlobalAllocation,756,3,394900,{'trace_kind': 'synthetic'},0.3949
isolation,3,streaming,WSClock,GlobalAllocation,756,3,425400,{'trace_kind': 'synthetic'},0.4254
isolation,0,streaming,WSClock,GlobalAllocation,756,4,361200,{'trace_kind': 'synthetic'},0.3612
isolation,1,streaming,WSClock,GlobalAllocation,756,4,385600,{'trace_kind': 'synthetic'},0.3856
isolation,2,streaming,WSClock,GlobalAllocation,756,4,397900,{'trace_kind': 'synthetic'},0.3979
isolation,3,streaming,WSClock,GlobalAllocation,756,4,431500,{'trace_kind': 'synthetic'},0.4315
isolation,0,streaming,WSClock,GlobalAllocation,756,5,355400,{'trace_kind': 'synthetic'},0.3554
isolation,1,streaming,WSClock,GlobalAllocation,756,5,367100,{'trace_kind': 'synthetic'},0.3671
isolation,2,streaming,WSClock,GlobalAllocation,756,5,394200,{'trace_kind': 'synthetic'},0.3942
isolation,3,streaming,WSClock,GlobalAllocation,756,5,438500,{'trace_kind': 'synthetic'},0.4385
isolation,0,streaming,WSClock,GlobalAllocation,756,6,345700,{'trace_kind': 'synthetic'},0.3457
isolation,1,streaming,WSClock,GlobalAllocation,756,6,367400,{'trace_kind': 'synthetic'},0.3674
isolation,2,streaming,WSClock,GlobalAllocation,756,6,395300,{'trace_kind': 'synthetic'},0.3953
isolation,3,streaming,WSClock,GlobalAllocation,756,6,427000,{'trace_kind': 'synthetic'},0.427
isolation,0,streaming,WSClock,GlobalAllocation,756,7,340900,{'trace_kind': 'synthetic'},0.3409
isolation,1,streaming,WSClock,GlobalAllocation,756,7,370000,{'trace_kind': 'synthetic'},0.37
isolation,2,streaming,WSClock,GlobalAllocation,756,7,395500,{'trace_kind': 'synthetic'},0.3955
isolation,3,streaming,WSClock,GlobalAllocation,756,7,433800,{'trace_kind': 'synthetic'},0.4338
isolation,0,streaming,WSClock,GlobalAllocation,756,8,342000,{'trace_kind': 'synthetic'},0.342
isolation,1,streaming,WSClock,GlobalAllocation,756,8,366100,{'trace_kind': 'synthetic'},0.3661
isolation,2,streaming,WSClock,GlobalAllocation,756,8,404900,{'trace_kind': 'synthetic'},0.4049
isolation,3,streaming,WSClock,GlobalAllocation,756,8,426000,{'trace_kind': 'synthetic'},0.426
isolation,0,streaming,WSClock,GlobalAllocation,756,9,347900,{'trace_kind': 'synthetic'},0.3479
isolation,1,streaming,WSClock,GlobalAllocation,756,9,371300,{'trace_kind': 'synthetic'},0.3713
isolation,2,streaming,WSClock,GlobalAllocation,756,9,394700,{'trace_kind': 'synthetic'},0.3947
isolation,3,streaming,WSClock,GlobalAllocation,756,9,422100,{'trace_kind': 'synthetic'},0.4221
isolation,0,streaming,WSClock,LocalAllocation,756,0,354000,{'trace_kind': 'synthetic'},0.354
isolation,1,streaming,WSClock,LocalAllocation,756,0,375000,{'trace_kind': 'synthetic'},0.375
isolation,2,streaming,WSClock,LocalAllocation,756,0,395200,{'trace_kind': 'synthetic'},0.3952
isolation,3,streaming,WSClock,LocalAllocation,756,0,427200,{'trace_kind': 'synthetic'},0.4272
isolation,0,streaming,WSClock,LocalAllocation,756,1,340500,{'trace_kind': 'synthetic'},0.3405
isolation,1,streaming,WSClock,LocalAllocation,756,1,374200,{'trace_kind': 'synthetic'},0.3742
isolation,2,streaming,WSClock,LocalAllocation,756,1,393300,{'trace_kind': 'synthetic'},0.3933
isolation,3,streaming,WSClock,LocalAllocation,756,1,423900,{'trace_kind': 'synthetic'},0.4239
isolation,0,streaming,WSClock,LocalAllocation,756,2,350300,{'trace_kind': 'synthetic'},0.3503
isolation,1,streaming,WSClock,LocalAllocation,756,2,368900,{'trace_kind': 'synthetic'},0.3689
isolation,2,streaming,WSClock,LocalAllocation,756,2,403500,{'trace_kind': 'synthetic'},0.4035
isolation,3,streaming,WSClock,LocalAllocation,756,2,428400,{'trace_kind': 'synthetic'},0.4284
isolation,0,streaming,WSClock,LocalAllocation,756,3,342900,{'trace_kind': 'synthetic'},0.3429
isolation,1,streaming,WSClock,LocalAllocation,756,3,371800,{'trace_kind': 'synthetic'},0.3718
isolation,2,streaming,WSClock,LocalAllocation,756,3,401000,{'trace_kind': 'synthetic'},0.401
isolation,3,streaming,WSClock,LocalAllocation,756,3,424200,{'trace_kind': 'synthetic'},0.4242
isolation,0,streaming,WSClock,LocalAllocation,756,4,328200,{'trace_kind': 'synthetic'},0.3282
isolation,1,streaming,WSClock,LocalAllocation,756,4,351400,{'trace_kind': 'synthetic'},0.3514
isolation,2,streaming,WSClock,LocalAllocation,756,4,375500,{'trace_kind': 'synthetic'},0.3755
isolation,3,streaming,WSClock,LocalAllocation,756,4,398400,{'trace_kind': 'synthetic'},0.3984
isolation,0,streaming,WSClock,LocalAllocation,756,5,331900,{'trace_kind': 'synthetic'},0.3319
isolation,1,streaming,WSClock,LocalAllocation,756,5,355500,{'trace_kind': 'synthetic'},0.3555
isolation,2,streaming,WSClock,LocalAllocation,756,5,407200,{'trace_kind': 'synthetic'},0.4072
isolation,3,streaming,WSClock,LocalAllocation,756,5,409000,{'trace_kind': 'synthetic'},0.409
isolation,0,streaming,WSClock,LocalAllocation,756,6,346300,{'trace_kind': 'synthetic'},0.3463
isolation,1,streaming,WSClock,LocalAllocation,756,6,363500,{'trace_kind': 'synthetic'},0.3635
isolation,2,streaming,WSClock,LocalAllocation,756,6,398700,{'trace_kind': 'synthetic'},0.3987
isolation,3,streaming,WSClock,LocalAllocation,756,6,428500,{'trace_kind': 'synthetic'},0.4285
isolation,0,streaming,WSClock,LocalAllocation,756,7,473900,{'trace_kind': 'synthetic'},0.4739
isolation,1,streaming,WSClock,LocalAllocation,756,7,689500,{'trace_kind': 'synthetic'},0.6895
isolation,2,streaming,WSClock,LocalAllocation,756,7,720800,{'trace_kind': 'synthetic'},0.7208
isolation,3,streaming,WSClock,LocalAllocation,756,7,426200,{'trace_kind': 'synthetic'},0.4262
isolation,0,streaming,WSClock,LocalAllocation,756,8,344700,{'trace_kind': 'synthetic'},0.3447
isolation,1,streaming,WSClock,LocalAllocation,756,8,368300,{'trace_kind': 'synthetic'},0.3683
isolation,2,streaming,WSClock,LocalAllocation,756,8,398600,{'trace_kind': 'synthetic'},0.3986
isolation,3,streaming,WSClock,LocalAllocation,756,8,427100,{'trace_kind': 'synthetic'},0.4271
isolation,0,streaming,WSClock,LocalAllocation,756,9,348600,{'trace_kind': 'synthetic'},0.3486
isolation,1,streaming,WSClock,LocalAllocation,756,9,366900,{'trace_kind': 'synthetic'},0.3669
isolation,2,streaming,WSClock,LocalAllocation,756,9,397500,{'trace_kind': 'synthetic'},0.3975
isolation,3,streaming,WSClock,LocalAllocation,756,9,436500,{'trace_kind': 'synthetic'},0.4365
isolation,0,streaming,WSClock,ProportionalAllocation,756,0,346000,{'trace_kind': 'synthetic'},0.346
isolation,1,streaming,WSClock,ProportionalAllocation,756,0,366100,{'trace_kind': 'synthetic'},0.3661
isolation,2,streaming,WSClock,ProportionalAllocation,756,0,393000,{'trace_kind': 'synthetic'},0.393
isolation,3,streaming,WSClock,ProportionalAllocation,756,0,423200,{'trace_kind': 'synthetic'},0.4232
isolation,0,streaming,WSClock,ProportionalAllocation,756,1,341800,{'trace_kind': 'synthetic'},0.3418
isolation,1,streaming,WSClock,ProportionalAllocation,756,1,367600,{'trace_kind': 'synthetic'},0.3676
isolation,2,streaming,WSClock,ProportionalAllocation,756,1,393800,{'trace_kind': 'synthetic'},0.3938
isolation,3,streaming,WSClock,ProportionalAllocation,756,1,432900,{'trace_kind': 'synthetic'},0.4329
isolation,0,streaming,WSClock,ProportionalAllocation,756,2,343600,{'trace_kind': 'synthetic'},0.3436
isolation,1,streaming,WSClock,ProportionalAllocation,756,2,367800,{'trace_kind': 'synthetic'},0.3678
isolation,2,streaming,WSClock,ProportionalAllocation,756,2,394800,{'trace_kind': 'synthetic'},0.3948
isolation,3,streaming,WSClock,ProportionalAllocation,756,2,424700,{'trace_kind': 'synthetic'},0.4247
isolation,0,streaming,WSClock,ProportionalAllocation,756,3,358300,{'trace_kind': 'synthetic'},0.3583
isolation,1,streaming,WSClock,ProportionalAllocation,756,3,365500,{'trace_kind': 'synthetic'},0.3655
isolation,2,streaming,WSClock,ProportionalAllocation,756,3,398200,{'trace_kind': 'synthetic'},0.3982
isolation,3,streaming,WSClock,ProportionalAllocation,756,3,426200,{'trace_kind': 'synthetic'},0.4262
isolation,0,streaming,WSClock,ProportionalAllocation,756,4,343700,{'trace_kind': 'synthetic'},0.3437
isolation,1,streaming,WSClock,ProportionalAllocation,756,4,372800,{'trace_kind': 'synthetic'},0.3728
isolation,2,streaming,WSClock,ProportionalAllocation,756,4,402800,{'trace_kind': 'synthetic'},0.4028
isolation,3,streaming,WSClock,ProportionalAllocation,756,4,420500,{'trace_kind': 'synthetic'},0.4205
isolation,0,streaming,WSClock,ProportionalAllocation,756,5,353100,{'trace_kind': 'synthetic'},0.3531
isolation,1,streaming,WSClock,ProportionalAllocation,756,5,367600,{'trace_kind': 'synthetic'},0.3676
isolation,2,streaming,WSClock,ProportionalAllocation,756,5,393300,{'trace_kind': 'synthetic'},0.3933
isolation,3,streaming,WSClock,ProportionalAllocation,756,5,421100,{'trace_kind': 'synthetic'},0.4211
isolation,0,streaming,WSClock,ProportionalAllocation,756,6,661900,{'trace_kind': 'synthetic'},0.6619
isolation,1,streaming,WSClock,ProportionalAllocation,756,6,763200,{'trace_kind': 'synthetic'},0.7632
isolation,2,streaming,WSClock,ProportionalAllocation,756,6,404700,{'trace_kind': 'synthetic'},0.4047
isolation,3,streaming,WSClock,ProportionalAllocation,756,6,423000,{'trace_kind': 'synthetic'},0.423
isolation,0,streaming,WSClock,ProportionalAllocation,756,7,341500,{'trace_kind': 'synthetic'},0.3415
isolation,1,streaming,WSClock,ProportionalAllocation,756,7,373700,{'trace_kind': 'synthetic'},0.3737
isolation,2,streaming,WSClock,ProportionalAllocation,756,7,396700,{'trace_kind': 'synthetic'},0.3967
isolation,3,streaming,WSClock,ProportionalAllocation,756,7,433000,{'trace_kind': 'synthetic'},0.433
isolation,0,streaming,WSClock,ProportionalAllocation,756,8,343900,{'trace_kind': 'synthetic'},0.3439
isolation,1,streaming,WSClock,ProportionalAllocation,756,8,383200,{'trace_kind': 'synthetic'},0.3832
isolation,2,streaming,WSClock,ProportionalAllocation,756,8,394600,{'trace_kind': 'synthetic'},0.3946
isolation,3,streaming,WSClock,ProportionalAllocation,756,8,429600,{'trace_kind': 'synthetic'},0.4296
isolation,0,streaming,WSClock,ProportionalAllocation,756,9,342200,{'trace_kind': 'synthetic'},0.3422
isolation,1,streaming,WSClock,ProportionalAllocation,756,9,368400,{'trace_kind': 'synthetic'},0.3684
isolation,2,streaming,WSClock,ProportionalAllocation,756,9,398000,{'trace_kind': 'synthetic'},0.398
isolation,3,streaming,WSClock,ProportionalAllocation,756,9,424800,{'trace_kind': 'synthetic'},0.4248
isolation,0,streaming,FIFO,GlobalAllocation,907,0,207900,{'trace_kind': 'synthetic'},0.2079
isolation,1,streaming,FIFO,GlobalAllocation,907,0,210600,{'trace_kind': 'synthetic'},0.2106
isolation,2,streaming,FIFO,GlobalAllocation,907,0,212100,{'trace_kind': 'synthetic'},0.2121
isolation,3,streaming,FIFO,GlobalAllocation,907,0,220500,{'trace_kind': 'synthetic'},0.2205
isolation,0,streaming,FIFO,GlobalAllocation,907,1,204100,{'trace_kind': 'synthetic'},0.2041
isolation,1,streaming,FIFO,GlobalAllocation,907,1,209700,{'trace_kind': 'synthetic'},0.2097
isolation,2,streaming,FIFO,GlobalAllocation,907,1,215500,{'trace_kind': 'synthetic'},0.2155
isolation,3,streaming,FIFO,GlobalAllocation,907,1,230600,{'trace_kind': 'synthetic'},0.2306
isolation,0,streaming,FIFO,GlobalAllocation,907,2,219400,{'trace_kind': 'synthetic'},0.2194
isolation,1,streaming,FIFO,GlobalAllocation,907,2,203900,{'trace_kind': 'synthetic'},0.2039
isolation,2,streaming,FIFO,GlobalAllocation,907,2,206600,{'trace_kind': 'synthetic'},0.2066
isolation,3,streaming,FIFO,GlobalAllocation,907,2,213300,{'trace_kind': 'synthetic'},0.2133
isolation,0,streaming,FIFO,GlobalAllocation,907,3,199800,{'trace_kind': 'synthetic'},0.1998
isolation,1,streaming,FIFO,GlobalAllocation,907,3,209200,{'trace_kind': 'synthetic'},0.2092
isolation,2,streaming,FIFO,GlobalAllocation,907,3,214600,{'trace_kind': 'synthetic'},0.2146
isolation,3,streaming,FIFO,GlobalAllocation,907,3,219800,{'trace_kind': 'synthetic'},0.2198
isolation,0,streaming,FIFO,GlobalAllocation,907,4,208600,{'trace_kind': 'synthetic'},0.2086
isolation,1,streaming,FIFO,GlobalAllocation,907,4,208100,{'trace_kind': 'synthetic'},0.2081
isolation,2,streaming,FIFO,GlobalAllocation,907,4,216600,{'trace_kind': 'synthetic'},0.2166
isolation,3,streaming,FIFO,GlobalAllocation,907,4,225200,{'trace_kind': 'synthetic'},0.2252
isolation,0,streaming,FIFO,GlobalAllocation,907,5,199900,{'trace_kind': 'synthetic'},0.1999
isolation,1,streaming,FIFO,GlobalAllocation,907,5,207800,{'trace_kind': 'synthetic'},0.2078
isolation,2,streaming,FIFO,GlobalAllocation,907,5,218900,{'trace_kind': 'synthetic'},0.2189
isolation,3,streaming,FIFO,GlobalAllocation,907,5,225600,{'trace_kind': 'synthetic'},0.2256
isolation,0,streaming,FIFO,GlobalAllocation,907,6,206000,{'trace_kind': 'synthetic'},0.206
isolation,1,streaming,FIFO,GlobalAllocation,907,6,206800,{'trace_kind': 'synthetic'},0.2068
isolation,2,streaming,FIFO,GlobalAllocation,907,6,218600,{'trace_kind': 'synthetic'},0.2186
isolation,3,streaming,FIFO,GlobalAllocation,907,6,222000,{'trace_kind': 'synthetic'},0.222
isolation,0,streaming,FIFO,GlobalAllocation,907,7,198500,{'trace_kind': 'synthetic'},0.1985
isolation,1,streaming,FIFO,GlobalAllocation,907,7,212500,{'trace_kind': 'synthetic'},0.2125
isolation,2,streaming,FIFO,GlobalAllocation,907,7,216800,{'trace_kind': 'synthetic'},0.2168
isolation,3,streaming,FIFO,GlobalAllocation,907,7,228700,{'trace_kind': 'synthetic'},0.2287
isolation,0,streaming,FIFO,GlobalAllocation,907,8,202600,{'trace_kind': 'synthetic'},0.2026
isolation,1,streaming,FIFO,GlobalAllocation,907,8,208400,{'trace_kind': 'synthetic'},0.2084
isolation,2,streaming,FIFO,GlobalAllocation,907,8,216300,{'trace_kind': 'synthetic'},0.2163
isolation,3,streaming,FIFO,GlobalAllocation,907,8,225300,{'trace_kind': 'synthetic'},0.2253
isolation,0,streaming,FIFO,GlobalAllocation,907,9,199400,{'trace_kind': 'synthetic'},0.1994
isolation,1,streaming,FIFO,GlobalAllocation,907,9,209100,{'trace_kind': 'synthetic'},0.2091
isolation,2,streaming,FIFO,GlobalAllocation,907,9,211600,{'trace_kind': 'synthetic'},0.2116
isolation,3,streaming,FIFO,GlobalAllocation,907,9,219800,{'trace_kind': 'synthetic'},0.2198
isolation,0,streaming,FIFO,LocalAllocation,907,0,200400,{'trace_kind': 'synthetic'},0.2004
isolation,1,streaming,FIFO,LocalAllocation,907,0,198000,{'trace_kind': 'synthetic'},0.198
isolation,2,streaming,FIFO,LocalAllocation,907,0,229100,{'trace_kind': 'synthetic'},0.2291
isolation,3,streaming,FIFO,LocalAllocation,907,0,210700,{'trace_kind': 'synthetic'},0.2107
isolation,0,streaming,FIFO,LocalAllocation,907,1,202500,{'trace_kind': 'synthetic'},0.2025
isolation,1,streaming,FIFO,LocalAllocation,907,1,212400,{'trace_kind': 'synthetic'},0.2124
isolation,2,streaming,FIFO,LocalAllocation,907,1,213400,{'trace_kind': 'synthetic'},0.2134
isolation,3,streaming,FIFO,LocalAllocation,907,1,218800,{'trace_kind': 'synthetic'},0.2188
isolation,0,streaming,FIFO,LocalAllocation,907,2,200600,{'trace_kind': 'synthetic'},0.2006
isolation,1,streaming,FIFO,LocalAllocation,907,2,210500,{'trace_kind': 'synthetic'},0.2105
isolation,2,streaming,FIFO,LocalAllocation,907,2,213800,{'trace_kind': 'synthetic'},0.2138
isolation,3,streaming,FIFO,LocalAllocation,907,2,223500,{'trace_kind': 'synthetic'},0.2235
isolation,0,streaming,FIFO,LocalAllocation,907,3,196900,{'trace_kind': 'synthetic'},0.1969
isolation,1,streaming,FIFO,LocalAllocation,907,3,211200,{'trace_kind': 'synthetic'},0.2112
isolation,2,streaming,FIFO,LocalAllocation,907,3,216600,{'trace_kind': 'synthetic'},0.2166
isolation,3,streaming,FIFO,LocalAllocation,907,3,218500,{'trace_kind': 'synthetic'},0.2185
isolation,0,streaming,FIFO,LocalAllocation,907,4,198900,{'trace_kind': 'synthetic'},0.1989
isolation,1,streaming,FIFO,LocalAllocation,907,4,210100,{'trace_kind': 'synthetic'},0.2101
isolation,2,streaming,FIFO,LocalAllocation,907,4,214700,{'trace_kind': 'synthetic'},0.2147
isolation,3,streaming,FIFO,LocalAllocation,907,4,220800,{'trace_kind': 'synthetic'},0.2208
isolation,0,streaming,FIFO,LocalAllocation,907,5,200400,{'trace_kind': 'synthetic'},0.2004
isolation,1,streaming,FIFO,LocalAllocation,907,5,209700,{'trace_kind': 'synthetic'},0.2097
isolation,2,streaming,FIFO,LocalAllocation,907,5,214300,{'trace_kind': 'synthetic'},0.2143
isolation,3,streaming,FIFO,LocalAllocation,907,5,222600,{'trace_kind': 'synthetic'},0.2226
isolation,0,streaming,FIFO,LocalAllocation,907,6,198100,{'trace_kind': 'synthetic'},0.1981
isolation,1,streaming,FIFO,LocalAllocation,907,6,204000,{'trace_kind': 'synthetic'},0.204
isolation,2,streaming,FIFO,LocalAllocation,907,6,216900,{'trace_kind': 'synthetic'},0.2169
isolation,3,streaming,FIFO,LocalAllocation,907,6,219600,{'trace_kind': 'synthetic'},0.2196
isolation,0,streaming,FIFO,LocalAllocation,907,7,206200,{'trace_kind': 'synthetic'},0.2062
isolation,1,streaming,FIFO,LocalAllocation,907,7,208200,{'trace_kind': 'synthetic'},0.2082
isolation,2,streaming,FIFO,LocalAllocation,907,7,215900,{'trace_kind': 'synthetic'},0.2159
isolation,3,streaming,FIFO,LocalAllocation,907,7,219900,{'trace_kind': 'synthetic'},0.2199
isolation,0,streaming,FIFO,LocalAllocation,907,8,201900,{'trace_kind': 'synthetic'},0.2019
isolation,1,streaming,FIFO,LocalAllocation,907,8,206100,{'trace_kind': 'synthetic'},0.2061
isolation,2,streaming,FIFO,LocalAllocation,907,8,211400,{'trace_kind': 'synthetic'},0.2114
isolation,3,streaming,FIFO,LocalAllocation,907,8,220700,{'trace_kind': 'synthetic'},0.2207
isolation,0,streaming,FIFO,LocalAllocation,907,9,200200,{'trace_kind': 'synthetic'},0.2002
isolation,1,streaming,FIFO,LocalAllocation,907,9,204200,{'trace_kind': 'synthetic'},0.2042
isolation,2,streaming,FIFO,LocalAllocation,907,9,214500,{'trace_kind': 'synthetic'},0.2145
isolation,3,streaming,FIFO,LocalAllocation,907,9,221900,{'trace_kind': 'synthetic'},0.2219
isolation,0,streaming,FIFO,ProportionalAllocation,907,0,202900,{'trace_kind': 'synthetic'},0.2029
isolation,1,streaming,FIFO,ProportionalAllocation,907,0,207200,{'trace_kind': 'synthetic'},0.2072
isolation,2,streaming,FIFO,ProportionalAllocation,907,0,214900,{'trace_kind': 'synthetic'},0.2149
isolation,3,streaming,FIFO,ProportionalAllocation,907,0,221200,{'trace_kind': 'synthetic'},0.2212
isolation,0,streaming,FIFO,ProportionalAllocation,907,1,200100,{'trace_kind': 'synthetic'},0.2001
isolation,1,streaming,FIFO,ProportionalAllocation,907,1,207100,{'trace_kind': 'synthetic'},0.2071
isolation,2,streaming,FIFO,ProportionalAllocation,907,1,213900,{'trace_kind': 'synthetic'},0.2139
isolation,3,streaming,FIFO,ProportionalAllocation,907,1,224500,{'trace_kind': 'synthetic'},0.2245
isolation,0,streaming,FIFO,ProportionalAllocation,907,2,200300,{'trace_kind': 'synthetic'},0.2003
isolation,1,streaming,FIFO,ProportionalAllocation,907,2,206800,{'trace_kind': 'synthetic'},0.2068
isolation,2,streaming,FIFO,ProportionalAllocation,907,2,212700,{'trace_kind': 'synthetic'},0.2127
isolation,3,streaming,FIFO,ProportionalAllocation,907,2,221800,{'trace_kind': 'synthetic'},0.2218
isolation,0,streaming,FIFO,ProportionalAllocation,907,3,200400,{'trace_kind': 'synthetic'},0.2004
isolation,1,streaming,FIFO,ProportionalAllocation,907,3,213300,{'trace_kind': 'synthetic'},0.2133
isolation,2,streaming,FIFO,ProportionalAllocation,907,3,218200,{'trace_kind': 'synthetic'},0.2182
isolation,3,streaming,FIFO,ProportionalAllocation,907,3,220600,{'trace_kind': 'synthetic'},0.2206
isolation,0,streaming,FIFO,ProportionalAllocation,907,4,197800,{'trace_kind': 'synthetic'},0.1978
isolation,1,streaming,FIFO,ProportionalAllocation,907,4,206400,{'trace_kind': 'synthetic'},0.2064
isolation,2,streaming,FIFO,ProportionalAllocation,907,4,215000,{'trace_kind': 'synthetic'},0.215
isolation,3,streaming,FIFO,ProportionalAllocation,907,4,218200,{'trace_kind': 'synthetic'},0.2182
isolation,0,streaming,FIFO,ProportionalAllocation,907,5,203700,{'trace_kind': 'synthetic'},0.2037
isolation,1,streaming,FIFO,ProportionalAllocation,907,5,209600,{'trace_kind': 'synthetic'},0.2096
isolation,2,streaming,FIFO,ProportionalAllocation,907,5,216500,{'trace_kind': 'synthetic'},0.2165
isolation,3,streaming,FIFO,ProportionalAllocation,907,5,218600,{'trace_kind': 'synthetic'},0.2186
isolation,0,streaming,FIFO,ProportionalAllocation,907,6,191200,{'trace_kind': 'synthetic'},0.1912
isolation,1,streaming,FIFO,ProportionalAllocation,907,6,204000,{'trace_kind': 'synthetic'},0.204
isolation,2,streaming,FIFO,ProportionalAllocation,907,6,215700,{'trace_kind': 'synthetic'},0.2157
isolation,3,streaming,FIFO,ProportionalAllocation,907,6,220000,{'trace_kind': 'synthetic'},0.22
isolation,0,streaming,FIFO,ProportionalAllocation,907,7,199400,{'trace_kind': 'synthetic'},0.1994
isolation,1,streaming,FIFO,ProportionalAllocation,907,7,209900,{'trace_kind': 'synthetic'},0.2099
isolation,2,streaming,FIFO,ProportionalAllocation,907,7,216100,{'trace_kind': 'synthetic'},0.2161
isolation,3,streaming,FIFO,ProportionalAllocation,907,7,234500,{'trace_kind': 'synthetic'},0.2345
isolation,0,streaming,FIFO,ProportionalAllocation,907,8,205200,{'trace_kind': 'synthetic'},0.2052
isolation,1,streaming,FIFO,ProportionalAllocation,907,8,203100,{'trace_kind': 'synthetic'},0.2031
isolation,2,streaming,FIFO,ProportionalAllocation,907,8,215700,{'trace_kind': 'synthetic'},0.2157
isolation,3,streaming,FIFO,ProportionalAllocation,907,8,228200,{'trace_kind': 'synthetic'},0.2282
isolation,0,streaming,FIFO,ProportionalAllocation,907,9,199600,{'trace_kind': 'synthetic'},0.1996
isolation,1,streaming,FIFO,ProportionalAllocation,907,9,206800,{'trace_kind': 'synthetic'},0.2068
isolation,2,streaming,FIFO,ProportionalAllocation,907,9,212900,{'trace_kind': 'synthetic'},0.2129
isolation,3,streaming,FIFO,ProportionalAllocation,907,9,218900,{'trace_kind': 'synthetic'},0.2189
isolation,0,streaming,LRU,GlobalAllocation,907,0,328400,{'trace_kind': 'synthetic'},0.3284
isolation,1,streaming,LRU,GlobalAllocation,907,0,332900,{'trace_kind': 'synthetic'},0.3329
isolation,2,streaming,LRU,GlobalAllocation,907,0,332800,{'trace_kind': 'synthetic'},0.3328
isolation,3,streaming,LRU,GlobalAllocation,907,0,342400,{'trace_kind': 'synthetic'},0.3424
isolation,0,streaming,LRU,GlobalAllocation,907,1,322200,{'trace_kind': 'synthetic'},0.3222
isolation,1,streaming,LRU,GlobalAllocation,907,1,335800,{'trace_kind': 'synthetic'},0.3358
isolation,2,streaming,LRU,GlobalAllocation,907,1,339100,{'trace_kind': 'synthetic'},0.3391
isolation,3,streaming,LRU,GlobalAllocation,907,1,348500,{'trace_kind': 'synthetic'},0.3485
isolation,0,streaming,LRU,GlobalAllocation,907,2,326500,{'trace_kind': 'synthetic'},0.3265
isolation,1,streaming,LRU,GlobalAllocation,907,2,336200,{'trace_kind': 'synthetic'},0.3362
isolation,2,streaming,LRU,GlobalAllocation,907,2,344500,{'trace_kind': 'synthetic'},0.3445
isolation,3,streaming,LRU,GlobalAllocation,907,2,367400,{'trace_kind': 'synthetic'},0.3674
isolation,0,streaming,LRU,GlobalAllocation,907,3,313200,{'trace_kind': 'synthetic'},0.3132
isolation,1,streaming,LRU,GlobalAllocation,907,3,327500,{'trace_kind': 'synthetic'},0.3275
isolation,2,streaming,LRU,GlobalAllocation,907,3,348500,{'trace_kind': 'synthetic'},0.3485
isolation,3,streaming,LRU,GlobalAllocation,907,3,345900,{'trace_kind': 'synthetic'},0.3459
isolation,0,streaming,LRU,GlobalAllocation,907,4,327600,{'trace_kind': 'synthetic'},0.3276
isolation,1,streaming,LRU,GlobalAllocation,907,4,339200,{'trace_kind': 'synthetic'},0.3392
isolation,2,streaming,LRU,GlobalAllocation,907,4,338600,{'trace_kind': 'synthetic'},0.3386
isolation,3,streaming,LRU,GlobalAllocation,907,4,342700,{'trace_kind': 'synthetic'},0.3427
isolation,0,streaming,LRU,GlobalAllocation,907,5,334400,{'trace_kind': 'synthetic'},0.3344
isolation,1,streaming,LRU,GlobalAllocation,907,5,345200,{'trace_kind': 'synthetic'},0.3452
isolation,2,streaming,LRU,GlobalAllocation,907,5,343000,{'trace_kind': 'synthetic'},0.343
isolation,3,streaming,LRU,GlobalAllocation,907,5,346800,{'trace_kind': 'synthetic'},0.3468
isolation,0,streaming,LRU,GlobalAllocation,907,6,321900,{'trace_kind': 'synthetic'},0.3219
isolation,1,streaming,LRU,GlobalAllocation,907,6,330900,{'trace_kind': 'synthetic'},0.3309
isolation,2,streaming,LRU,GlobalAllocation,907,6,336300,{'trace_kind': 'synthetic'},0.3363
isolation,3,streaming,LRU,GlobalAllocation,907,6,343600,{'trace_kind': 'synthetic'},0.3436
isolation,0,streaming,LRU,GlobalAllocation,907,7,377700,{'trace_kind': 'synthetic'},0.3777
isolation,1,streaming,LRU,GlobalAllocation,907,7,333000,{'trace_kind': 'synthetic'},0.333
isolation,2,streaming,LRU,GlobalAllocation,907,7,337200,{'trace_kind': 'synthetic'},0.3372
isolation,3,streaming,LRU,GlobalAllocation,907,7,347500,{'trace_kind': 'synthetic'},0.3475
isolation,0,streaming,LRU,GlobalAllocation,907,8,336600,{'trace_kind': 'synthetic'},0.3366
isolation,1,streaming,LRU,GlobalAllocation,907,8,328900,{'trace_kind': 'synthetic'},0.3289
isolation,2,streaming,LRU,GlobalAllocation,907,8,336800,{'trace_kind': 'synthetic'},0.3368
isolation,3,streaming,LRU,GlobalAllocation,907,8,345400,{'trace_kind': 'synthetic'},0.3454
isolation,0,streaming,LRU,GlobalAllocation,907,9,327400,{'trace_kind': 'synthetic'},0.3274
isolation,1,streaming,LRU,GlobalAllocation,907,9,332600,{'trace_kind': 'synthetic'},0.3326
isolation,2,streaming,LRU,GlobalAllocation,907,9,339000,{'trace_kind': 'synthetic'},0.339
isolation,3,streaming,LRU,GlobalAllocation,907,9,344500,{'trace_kind': 'synthetic'},0.3445
isolation,0,streaming,LRU,LocalAllocation,907,0,324000,{'trace_kind': 'synthetic'},0.324
isolation,1,streaming,LRU,LocalAllocation,907,0,340600,{'trace_kind': 'synthetic'},0.3406
isolation,2,streaming,LRU,LocalAllocation,907,0,500000,{'trace_kind': 'synthetic'},0.5
isolation,3,streaming,LRU,LocalAllocation,907,0,352800,{'trace_kind': 'synthetic'},0.3528
isolation,0,streaming,LRU,LocalAllocation,907,1,324800,{'trace_kind': 'synthetic'},0.3248
isolation,1,streaming,LRU,LocalAllocation,907,1,332500,{'trace_kind': 'synthetic'},0.3325
isolation,2,streaming,LRU,LocalAllocation,907,1,335800,{'trace_kind': 'synthetic'},0.3358
isolation,3,streaming,LRU,LocalAllocation,907,1,345700,{'trace_kind': 'synthetic'},0.3457
isolation,0,streaming,LRU,LocalAllocation,907,2,322400,{'trace_kind': 'synthetic'},0.3224
isolation,1,streaming,LRU,LocalAllocation,907,2,327700,{'trace_kind': 'synthetic'},0.3277
isolation,2,streaming,LRU,LocalAllocation,907,2,338600,{'trace_kind': 'synthetic'},0.3386
isolation,3,streaming,LRU,LocalAllocation,907,2,344300,{'trace_kind': 'synthetic'},0.3443
isolation,0,streaming,LRU,LocalAllocation,907,3,323900,{'trace_kind': 'synthetic'},0.3239
isolation,1,streaming,LRU,LocalAllocation,907,3,336700,{'trace_kind': 'synthetic'},0.3367
isolation,2,streaming,LRU,LocalAllocation,907,3,340400,{'trace_kind': 'synthetic'},0.3404
isolation,3,streaming,LRU,LocalAllocation,907,3,340600,{'trace_kind': 'synthetic'},0.3406
isolation,0,streaming,LRU,LocalAllocation,907,4,321000,{'trace_kind': 'synthetic'},0.321
isolation,1,streaming,LRU,LocalAllocation,907,4,339000,{'trace_kind': 'synthetic'},0.339
isolation,2,streaming,LRU,LocalAllocation,907,4,337900,{'trace_kind': 'synthetic'},0.3379
isolation,3,streaming,LRU,LocalAllocation,907,4,345800,{'trace_kind': 'synthetic'},0.3458
isolation,0,streaming,LRU,LocalAllocation,907,5,324700,{'trace_kind': 'synthetic'},0.3247
isolation,1,streaming,LRU,LocalAllocation,907,5,333400,{'trace_kind': 'synthetic'},0.3334
isolation,2,streaming,LRU,LocalAllocation,907,5,336600,{'trace_kind': 'synthetic'},0.3366
isolation,3,streaming,LRU,LocalAllocation,907,5,345700,{'trace_kind': 'synthetic'},0.3457
isolation,0,streaming,LRU,LocalAllocation,907,6,304100,{'trace_kind': 'synthetic'},0.3041
isolation,1,streaming,LRU,LocalAllocation,907,6,319100,{'trace_kind': 'synthetic'},0.3191
isolation,2,streaming,LRU,LocalAllocation,907,6,322900,{'trace_kind': 'synthetic'},0.3229
isolation,3,streaming,LRU,LocalAllocation,907,6,326500,{'trace_kind': 'synthetic'},0.3265
isolation,0,streaming,LRU,LocalAllocation,907,7,294500,{'trace_kind': 'synthetic'},0.2945
isolation,1,streaming,LRU,LocalAllocation,907,7,305300,{'trace_kind': 'synthetic'},0.3053
isolation,2,streaming,LRU,LocalAllocation,907,7,307900,{'trace_kind': 'synthetic'},0.3079
isolation,3,streaming,LRU,LocalAllocation,907,7,318900,{'trace_kind': 'synthetic'},0.3189
isolation,0,streaming,LRU,LocalAllocation,907,8,323900,{'trace_kind': 'synthetic'},0.3239
isolation,1,streaming,LRU,LocalAllocation,907,8,327000,{'trace_kind': 'synthetic'},0.327
isolation,2,streaming,LRU,LocalAllocation,907,8,337800,{'trace_kind': 'synthetic'},0.3378
isolation,3,streaming,LRU,LocalAllocation,907,8,351900,{'trace_kind': 'synthetic'},0.3519
isolation,0,streaming,LRU,LocalAllocation,907,9,326100,{'trace_kind': 'synthetic'},0.3261
isolation,1,streaming,LRU,LocalAllocation,907,9,333400,{'trace_kind': 'synthetic'},0.3334
isolation,2,streaming,LRU,LocalAllocation,907,9,340300,{'trace_kind': 'synthetic'},0.3403
isolation,3,streaming,LRU,LocalAllocation,907,9,350400,{'trace_kind': 'synthetic'},0.3504
isolation,0,streaming,LRU,ProportionalAllocation,907,0,326500,{'trace_kind': 'synthetic'},0.3265
isolation,1,streaming,LRU,ProportionalAllocation,907,0,332900,{'trace_kind': 'synthetic'},0.3329
isolation,2,streaming,LRU,ProportionalAllocation,907,0,338200,{'trace_kind': 'synthetic'},0.3382
isolation,3,streaming,LRU,ProportionalAllocation,907,0,342300,{'trace_kind': 'synthetic'},0.3423
isolation,0,streaming,LRU,ProportionalAllocation,907,1,322000,{'trace_kind': 'synthetic'},0.322
isolation,1,streaming,LRU,ProportionalAllocation,907,1,333600,{'trace_kind': 'synthetic'},0.3336
isolation,2,streaming,LRU,ProportionalAllocation,907,1,336400,{'trace_kind': 'synthetic'},0.3364
isolation,3,streaming,LRU,ProportionalAllocation,907,1,335600,{'trace_kind': 'synthetic'},0.3356
isolation,0,streaming,LRU,ProportionalAllocation,907,2,703700,{'trace_kind': 'synthetic'},0.7037
isolation,1,streaming,LRU,ProportionalAllocation,907,2,710900,{'trace_kind': 'synthetic'},0.7109
isolation,2,streaming,LRU,ProportionalAllocation,907,2,671100,{'trace_kind': 'synthetic'},0.6711
isolation,3,streaming,LRU,ProportionalAllocation,907,2,522600,{'trace_kind': 'synthetic'},0.5226
isolation,0,streaming,LRU,ProportionalAllocation,907,3,670200,{'trace_kind': 'synthetic'},0.6702
isolation,1,streaming,LRU,ProportionalAllocation,907,3,721800,{'trace_kind': 'synthetic'},0.7218
isolation,2,streaming,LRU,ProportionalAllocation,907,3,355300,{'trace_kind': 'synthetic'},0.3553
isolation,3,streaming,LRU,ProportionalAllocation,907,3,346000,{'trace_kind': 'synthetic'},0.346
isolation,0,streaming,LRU,ProportionalAllocation,907,4,323300,{'trace_kind': 'synthetic'},0.3233
isolation,1,streaming,LRU,ProportionalAllocation,907,4,332000,{'trace_kind': 'synthetic'},0.332
isolation,2,streaming,LRU,ProportionalAllocation,907,4,336500,{'trace_kind': 'synthetic'},0.3365
isolation,3,streaming,LRU,ProportionalAllocation,907,4,353800,{'trace_kind': 'synthetic'},0.3538
isolation,0,streaming,LRU,ProportionalAllocation,907,5,332200,{'trace_kind': 'synthetic'},0.3322
isolation,1,streaming,LRU,ProportionalAllocation,907,5,367000,{'trace_kind': 'synthetic'},0.367
isolation,2,streaming,LRU,ProportionalAllocation,907,5,342500,{'trace_kind': 'synthetic'},0.3425
isolation,3,streaming,LRU,ProportionalAllocation,907,5,349200,{'trace_kind': 'synthetic'},0.3492
isolation,0,streaming,LRU,ProportionalAllocation,907,6,327800,{'trace_kind': 'synthetic'},0.3278
isolation,1,streaming,LRU,ProportionalAllocation,907,6,334600,{'trace_kind': 'synthetic'},0.3346
isolation,2,streaming,LRU,ProportionalAllocation,907,6,344500,{'trace_kind': 'synthetic'},0.3445
isolation,3,streaming,LRU,ProportionalAllocation,907,6,349300,{'trace_kind': 'synthetic'},0.3493
isolation,0,streaming,LRU,ProportionalAllocation,907,7,322000,{'trace_kind': 'synthetic'},0.322
isolation,1,streaming,LRU,ProportionalAllocation,907,7,332400,{'trace_kind': 'synthetic'},0.3324
isolation,2,streaming,LRU,ProportionalAllocation,907,7,342100,{'trace_kind': 'synthetic'},0.3421
isolation,3,streaming,LRU,ProportionalAllocation,907,7,342800,{'trace_kind': 'synthetic'},0.3428
isolation,0,streaming,LRU,ProportionalAllocation,907,8,325400,{'trace_kind': 'synthetic'},0.3254
isolation,1,streaming,LRU,ProportionalAllocation,907,8,329700,{'trace_kind': 'synthetic'},0.3297
isolation,2,streaming,LRU,ProportionalAllocation,907,8,337200,{'trace_kind': 'synthetic'},0.3372
isolation,3,streaming,LRU,ProportionalAllocation,907,8,343600,{'trace_kind': 'synthetic'},0.3436
isolation,0,streaming,LRU,ProportionalAllocation,907,9,321500,{'trace_kind': 'synthetic'},0.3215
isolation,1,streaming,LRU,ProportionalAllocation,907,9,334200,{'trace_kind': 'synthetic'},0.3342
isolation,2,streaming,LRU,ProportionalAllocation,907,9,337600,{'trace_kind': 'synthetic'},0.3376
isolation,3,streaming,LRU,ProportionalAllocation,907,9,354400,{'trace_kind': 'synthetic'},0.3544
isolation,0,streaming,NRU,GlobalAllocation,907,0,350200,{'trace_kind': 'synthetic'},0.3502
isolation,1,streaming,NRU,GlobalAllocation,907,0,364700,{'trace_kind': 'synthetic'},0.3647
isolation,2,streaming,NRU,GlobalAllocation,907,0,382800,{'trace_kind': 'synthetic'},0.3828
isolation,3,streaming,NRU,GlobalAllocation,907,0,373200,{'trace_kind': 'synthetic'},0.3732
isolation,0,streaming,NRU,GlobalAllocation,907,1,350700,{'trace_kind': 'synthetic'},0.3507
isolation,1,streaming,NRU,GlobalAllocation,907,1,361800,{'trace_kind': 'synthetic'},0.3618
isolation,2,streaming,NRU,GlobalAllocation,907,1,368600,{'trace_kind': 'synthetic'},0.3686
isolation,3,streaming,NRU,GlobalAllocation,907,1,376300,{'trace_kind': 'synthetic'},0.3763
isolation,0,streaming,NRU,GlobalAllocation,907,2,345500,{'trace_kind': 'synthetic'},0.3455
isolation,1,streaming,NRU,GlobalAllocation,907,2,354700,{'trace_kind': 'synthetic'},0.3547
isolation,2,streaming,NRU,GlobalAllocation,907,2,368200,{'trace_kind': 'synthetic'},0.3682
isolation,3,streaming,NRU,GlobalAllocation,907,2,375200,{'trace_kind': 'synthetic'},0.3752
isolation,0,streaming,NRU,GlobalAllocation,907,3,353700,{'trace_kind': 'synthetic'},0.3537
isolation,1,streaming,NRU,GlobalAllocation,907,3,386000,{'trace_kind': 'synthetic'},0.386
isolation,2,streaming,NRU,GlobalAllocation,907,3,367800,{'trace_kind': 'synthetic'},0.3678
isolation,3,streaming,NRU,GlobalAllocation,907,3,374300,{'trace_kind': 'synthetic'},0.3743
isolation,0,streaming,NRU,GlobalAllocation,907,4,365300,{'trace_kind': 'synthetic'},0.3653
isolation,1,streaming,NRU,GlobalAllocation,907,4,355200,{'trace_kind': 'synthetic'},0.3552
isolation,2,streaming,NRU,GlobalAllocation,907,4,386900,{'trace_kind': 'synthetic'},0.3869
isolation,3,streaming,NRU,GlobalAllocation,907,4,377900,{'trace_kind': 'synthetic'},0.3779
isolation,0,streaming,NRU,GlobalAllocation,907,5,350200,{'trace_kind': 'synthetic'},0.3502
isolation,1,streaming,NRU,GlobalAllocation,907,5,362400,{'trace_kind': 'synthetic'},0.3624
isolation,2,streaming,NRU,GlobalAllocation,907,5,369100,{'trace_kind': 'synthetic'},0.3691
isolation,3,streaming,NRU,GlobalAllocation,907,5,375300,{'trace_kind': 'synthetic'},0.3753
isolation,0,streaming,NRU,GlobalAllocation,907,6,367200,{'trace_kind': 'synthetic'},0.3672
isolation,1,streaming,NRU,GlobalAllocation,907,6,352200,{'trace_kind': 'synthetic'},0.3522
isolation,2,streaming,NRU,GlobalAllocation,907,6,381000,{'trace_kind': 'synthetic'},0.381
isolation,3,streaming,NRU,GlobalAllocation,907,6,418000,{'trace_kind': 'synthetic'},0.418
isolation,0,streaming,NRU,GlobalAllocation,907,7,344700,{'trace_kind': 'synthetic'},0.3447
isolation,1,streaming,NRU,GlobalAllocation,907,7,357500,{'trace_kind': 'synthetic'},0.3575
isolation,2,streaming,NRU,GlobalAllocation,907,7,384500,{'trace_kind': 'synthetic'},0.3845
isolation,3,streaming,NRU,GlobalAllocation,907,7,390400,{'trace_kind': 'synthetic'},0.3904
isolation,0,streaming,NRU,GlobalAllocation,907,8,884700,{'trace_kind': 'synthetic'},0.8847
isolation,1,streaming,NRU,GlobalAllocation,907,8,364400,{'trace_kind': 'synthetic'},0.3644
isolation,2,streaming,NRU,GlobalAllocation,907,8,368700,{'trace_kind': 'synthetic'},0.3687
isolation,3,streaming,NRU,GlobalAllocation,907,8,375400,{'trace_kind': 'synthetic'},0.3754
isolation,0,streaming,NRU,GlobalAllocation,907,9,350300,{'trace_kind': 'synthetic'},0.3503
isolation,1,streaming,NRU,GlobalAllocation,907,9,468100,{'trace_kind': 'synthetic'},0.4681
isolation,2,streaming,NRU,GlobalAllocation,907,9,370100,{'trace_kind': 'synthetic'},0.3701
isolation,3,streaming,NRU,GlobalAllocation,907,9,390700,{'trace_kind': 'synthetic'},0.3907
isolation,0,streaming,NRU,LocalAllocation,907,0,362100,{'trace_kind': 'synthetic'},0.3621
isolation,1,streaming,NRU,LocalAllocation,907,0,364300,{'trace_kind': 'synthetic'},0.3643
isolation,2,streaming,NRU,LocalAllocation,907,0,389500,{'trace_kind': 'synthetic'},0.3895
isolation,3,streaming,NRU,LocalAllocation,907,0,377400,{'trace_kind': 'synthetic'},0.3774
isolation,0,streaming,NRU,LocalAllocation,907,1,350000,{'trace_kind': 'synthetic'},0.35
isolation,1,streaming,NRU,LocalAllocation,907,1,370600,{'trace_kind': 'synthetic'},0.3706
isolation,2,streaming,NRU,LocalAllocation,907,1,383900,{'trace_kind': 'synthetic'},0.3839
isolation,3,streaming,NRU,LocalAllocation,907,1,395400,{'trace_kind': 'synthetic'},0.3954
isolation,0,streaming,NRU,LocalAllocation,907,2,357500,{'trace_kind': 'synthetic'},0.3575
isolation,1,streaming,NRU,LocalAllocation,907,2,354600,{'trace_kind': 'synthetic'},0.3546
isolation,2,streaming,NRU,LocalAllocation,907,2,370900,{'trace_kind': 'synthetic'},0.3709
isolation,3,streaming,NRU,LocalAllocation,907,2,371200,{'trace_kind': 'synthetic'},0.3712
isolation,0,streaming,NRU,LocalAllocation,907,3,349300,{'trace_kind': 'synthetic'},0.3493
isolation,1,streaming,NRU,LocalAllocation,907,3,354200,{'trace_kind': 'synthetic'},0.3542
isolation,2,streaming,NRU,LocalAllocation,907,3,365100,{'trace_kind': 'synthetic'},0.3651
isolation,3,streaming,NRU,LocalAllocation,907,3,375300,{'trace_kind': 'synthetic'},0.3753
isolation,0,streaming,NRU,LocalAllocation,907,4,367200,{'trace_kind': 'synthetic'},0.3672
isolation,1,streaming,NRU,LocalAllocation,907,4,372600,{'trace_kind': 'synthetic'},0.3726
isolation,2,streaming,NRU,LocalAllocation,907,4,365600,{'trace_kind': 'synthetic'},0.3656
isolation,3,streaming,NRU,LocalAllocation,907,4,370000,{'trace_kind': 'synthetic'},0.37
isolation,0,streaming,NRU,LocalAllocation,907,5,365400,{'trace_kind': 'synthetic'},0.3654
isolation,1,streaming,NRU,LocalAllocation,907,5,358300,{'trace_kind': 'synthetic'},0.3583
isolation,2,streaming,NRU,LocalAllocation,907,5,367700,{'trace_kind': 'synthetic'},0.3677
isolation,3,streaming,NRU,LocalAllocation,907,5,387700,{'trace_kind': 'synthetic'},0.3877
isolation,0,streaming,NRU,LocalAllocation,907,6,375600,{'trace_kind': 'synthetic'},0.3756
isolation,1,streaming,NRU,LocalAllocation,907,6,353400,{'trace_kind': 'synthetic'},0.3534
isolation,2,streaming,NRU,LocalAllocation,907,6,369700,{'trace_kind': 'synthetic'},0.3697
isolation,3,streaming,NRU,LocalAllocation,907,6,394800,{'trace_kind': 'synthetic'},0.3948
isolation,0,streaming,NRU,LocalAllocation,907,7,366400,{'trace_kind': 'synthetic'},0.3664
isolation,1,streaming,NRU,LocalAllocation,907,7,363500,{'trace_kind': 'synthetic'},0.3635
isolation,2,streaming,NRU,LocalAllocation,907,7,371700,{'trace_kind': 'synthetic'},0.3717
isolation,3,streaming,NRU,LocalAllocation,907,7,373600,{'trace_kind': 'synthetic'},0.3736
isolation,0,streaming,NRU,LocalAllocation,907,8,358700,{'trace_kind': 'synthetic'},0.3587
isolation,1,streaming,NRU,LocalAllocation,907,8,368700,{'trace_kind': 'synthetic'},0.3687
isolation,2,streaming,NRU,LocalAllocation,907,8,364900,{'trace_kind': 'synthetic'},0.3649
isolation,3,streaming,NRU,LocalAllocation,907,8,392300,{'trace_kind': 'synthetic'},0.3923
isolation,0,streaming,NRU,LocalAllocation,907,9,345600,{'trace_kind': 'synthetic'},0.3456
isolation,1,streaming,NRU,LocalAllocation,907,9,378100,{'trace_kind': 'synthetic'},0.3781
isolation,2,streaming,NRU,LocalAllocation,907,9,368200,{'trace_kind': 'synthetic'},0.3682
isolation,3,streaming,NRU,LocalAllocation,907,9,403800,{'trace_kind': 'synthetic'},0.4038
isolation,0,streaming,NRU,ProportionalAllocation,907,0,352600,{'trace_kind': 'synthetic'},0.3526
isolation,1,streaming,NRU,ProportionalAllocation,907,0,378300,{'trace_kind': 'synthetic'},0.3783
isolation,2,streaming,NRU,ProportionalAllocation,907,0,370200,{'trace_kind': 'synthetic'},0.3702
isolation,3,streaming,NRU,ProportionalAllocation,907,0,372700,{'trace_kind': 'synthetic'},0.3727
isolation,0,streaming,NRU,ProportionalAllocation,907,1,364900,{'trace_kind': 'synthetic'},0.3649
isolation,1,streaming,NRU,ProportionalAllocation,907,1,357500,{'trace_kind': 'synthetic'},0.3575
isolation,2,streaming,NRU,ProportionalAllocation,907,1,374400,{'trace_kind': 'synthetic'},0.3744
isolation,3,streaming,NRU,ProportionalAllocation,907,1,389100,{'trace_kind': 'synthetic'},0.3891
isolation,0,streaming,NRU,ProportionalAllocation,907,2,361100,{'trace_kind': 'synthetic'},0.3611
isolation,1,streaming,NRU,ProportionalAllocation,907,2,379800,{'trace_kind': 'synthetic'},0.3798
isolation,2,streaming,NRU,ProportionalAllocation,907,2,390500,{'trace_kind': 'synthetic'},0.3905
isolation,3,streaming,NRU,ProportionalAllocation,907,2,372400,{'trace_kind': 'synthetic'},0.3724
isolation,0,streaming,NRU,ProportionalAllocation,907,3,323400,{'trace_kind': 'synthetic'},0.3234
isolation,1,streaming,NRU,ProportionalAllocation,907,3,341100,{'trace_kind': 'synthetic'},0.3411
isolation,2,streaming,NRU,ProportionalAllocation,907,3,349400,{'trace_kind': 'synthetic'},0.3494
isolation,3,streaming,NRU,ProportionalAllocation,907,3,358000,{'trace_kind': 'synthetic'},0.358
isolation,0,streaming,NRU,ProportionalAllocation,907,4,373900,{'trace_kind': 'synthetic'},0.3739
isolation,1,streaming,NRU,ProportionalAllocation,907,4,359300,{'trace_kind': 'synthetic'},0.3593
isolation,2,streaming,NRU,ProportionalAllocation,907,4,369700,{'trace_kind': 'synthetic'},0.3697
isolation,3,streaming,NRU,ProportionalAllocation,907,4,382200,{'trace_kind': 'synthetic'},0.3822
isolation,0,streaming,NRU,ProportionalAllocation,907,5,350600,{'trace_kind': 'synthetic'},0.3506
isolation,1,streaming,NRU,ProportionalAllocation,907,5,356300,{'trace_kind': 'synthetic'},0.3563
isolation,2,streaming,NRU,ProportionalAllocation,907,5,363200,{'trace_kind': 'synthetic'},0.3632
isolation,3,streaming,NRU,ProportionalAllocation,907,5,375700,{'trace_kind': 'synthetic'},0.3757
isolation,0,streaming,NRU,ProportionalAllocation,907,6,372900,{'trace_kind': 'synthetic'},0.3729
isolation,1,streaming,NRU,ProportionalAllocation,907,6,361500,{'trace_kind': 'synthetic'},0.3615
isolation,2,streaming,NRU,ProportionalAllocation,907,6,365600,{'trace_kind': 'synthetic'},0.3656
isolation,3,streaming,NRU,ProportionalAllocation,907,6,391100,{'trace_kind': 'synthetic'},0.3911
isolation,0,streaming,NRU,ProportionalAllocation,907,7,343500,{'trace_kind': 'synthetic'},0.3435
isolation,1,streaming,NRU,ProportionalAllocation,907,7,369500,{'trace_kind': 'synthetic'},0.3695
isolation,2,streaming,NRU,ProportionalAllocation,907,7,388800,{'trace_kind': 'synthetic'},0.3888
isolation,3,streaming,NRU,ProportionalAllocation,907,7,376500,{'trace_kind': 'synthetic'},0.3765
isolation,0,streaming,NRU,ProportionalAllocation,907,8,346800,{'trace_kind': 'synthetic'},0.3468
isolation,1,streaming,NRU,ProportionalAllocation,907,8,366800,{'trace_kind': 'synthetic'},0.3668
isolation,2,streaming,NRU,ProportionalAllocation,907,8,385300,{'trace_kind': 'synthetic'},0.3853
isolation,3,streaming,NRU,ProportionalAllocation,907,8,375000,{'trace_kind': 'synthetic'},0.375
isolation,0,streaming,NRU,ProportionalAllocation,907,9,341600,{'trace_kind': 'synthetic'},0.3416
isolation,1,streaming,NRU,ProportionalAllocation,907,9,358000,{'trace_kind': 'synthetic'},0.358
isolation,2,streaming,NRU,ProportionalAllocation,907,9,366600,{'trace_kind': 'synthetic'},0.3666
isolation,3,streaming,NRU,ProportionalAllocation,907,9,401700,{'trace_kind': 'synthetic'},0.4017
isolation,0,streaming,SecondChance,GlobalAllocation,907,0,348100,{'trace_kind': 'synthetic'},0.3481
isolation,1,streaming,SecondChance,GlobalAllocation,907,0,568300,{'trace_kind': 'synthetic'},0.5683
isolation,2,streaming,SecondChance,GlobalAllocation,907,0,410400,{'trace_kind': 'synthetic'},0.4104
isolation,3,streaming,SecondChance,GlobalAllocation,907,0,626100,{'trace_kind': 'synthetic'},0.6261
isolation,0,streaming,SecondChance,GlobalAllocation,907,1,347900,{'trace_kind': 'synthetic'},0.3479
isolation,1,streaming,SecondChance,GlobalAllocation,907,1,372100,{'trace_kind': 'synthetic'},0.3721
isolation,2,streaming,SecondChance,GlobalAllocation,907,1,397200,{'trace_kind': 'synthetic'},0.3972
isolation,3,streaming,SecondChance,GlobalAllocation,907,1,429800,{'trace_kind': 'synthetic'},0.4298
isolation,0,streaming,SecondChance,GlobalAllocation,907,2,343400,{'trace_kind': 'synthetic'},0.3434
isolation,1,streaming,SecondChance,GlobalAllocation,907,2,368400,{'trace_kind': 'synthetic'},0.3684
isolation,2,streaming,SecondChance,GlobalAllocation,907,2,396600,{'trace_kind': 'synthetic'},0.3966
isolation,3,streaming,SecondChance,GlobalAllocation,907,2,421200,{'trace_kind': 'synthetic'},0.4212
isolation,0,streaming,SecondChance,GlobalAllocation,907,3,344600,{'trace_kind': 'synthetic'},0.3446
isolation,1,streaming,SecondChance,GlobalAllocation,907,3,371300,{'trace_kind': 'synthetic'},0.3713
isolation,2,streaming,SecondChance,GlobalAllocation,907,3,401100,{'trace_kind': 'synthetic'},0.4011
isolation,3,streaming,SecondChance,GlobalAllocation,907,3,422500,{'trace_kind': 'synthetic'},0.4225
isolation,0,streaming,SecondChance,GlobalAllocation,907,4,351400,{'trace_kind': 'synthetic'},0.3514
isolation,1,streaming,SecondChance,GlobalAllocation,907,4,370300,{'trace_kind': 'synthetic'},0.3703
isolation,2,streaming,SecondChance,GlobalAllocation,907,4,395900,{'trace_kind': 'synthetic'},0.3959
isolation,3,streaming,SecondChance,GlobalAllocation,907,4,417600,{'trace_kind': 'synthetic'},0.4176
isolation,0,streaming,SecondChance,GlobalAllocation,907,5,343900,{'trace_kind': 'synthetic'},0.3439
isolation,1,streaming,SecondChance,GlobalAllocation,907,5,378500,{'trace_kind': 'synthetic'},0.3785
isolation,2,streaming,SecondChance,GlobalAllocation,907,5,400400,{'trace_kind': 'synthetic'},0.4004
isolation,3,streaming,SecondChance,GlobalAllocation,907,5,424200,{'trace_kind': 'synthetic'},0.4242
isolation,0,streaming,SecondChance,GlobalAllocation,907,6,339100,{'trace_kind': 'synthetic'},0.3391
isolation,1,streaming,SecondChance,GlobalAllocation,907,6,369400,{'trace_kind': 'synthetic'},0.3694
isolation,2,streaming,SecondChance,GlobalAllocation,907,6,403100,{'trace_kind': 'synthetic'},0.4031
isolation,3,streaming,SecondChance,GlobalAllocation,907,6,425900,{'trace_kind': 'synthetic'},0.4259
isolation,0,streaming,SecondChance,GlobalAllocation,907,7,342500,{'trace_kind': 'synthetic'},0.3425
isolation,1,streaming,SecondChance,GlobalAllocation,907,7,399900,{'trace_kind': 'synthetic'},0.3999
isolation,2,streaming,SecondChance,GlobalAllocation,907,7,392700,{'trace_kind': 'synthetic'},0.3927
isolation,3,streaming,SecondChance,GlobalAllocation,907,7,445600,{'trace_kind': 'synthetic'},0.4456
isolation,0,streaming,SecondChance,GlobalAllocation,907,8,462800,{'trace_kind': 'synthetic'},0.4628
isolation,1,streaming,SecondChance,GlobalAllocation,907,8,366800,{'trace_kind': 'synthetic'},0.3668
isolation,2,streaming,SecondChance,GlobalAllocation,907,8,396100,{'trace_kind': 'synthetic'},0.3961
isolation,3,streaming,SecondChance,GlobalAllocation,907,8,428400,{'trace_kind': 'synthetic'},0.4284
isolation,0,streaming,SecondChance,GlobalAllocation,907,9,341000,{'trace_kind': 'synthetic'},0.341
isolation,1,streaming,SecondChance,GlobalAllocation,907,9,368200,{'trace_kind': 'synthetic'},0.3682
isolation,2,streaming,SecondChance,GlobalAllocation,907,9,397600,{'trace_kind': 'synthetic'},0.3976
isolation,3,streaming,SecondChance,GlobalAllocation,907,9,423200,{'trace_kind': 'synthetic'},0.4232
isolation,0,streaming,SecondChance,LocalAllocation,907,0,346200,{'trace_kind': 'synthetic'},0.3462
isolation,1,streaming,SecondChance,LocalAllocation,907,0,377700,{'trace_kind': 'synthetic'},0.3777
isolation,2,streaming,SecondChance,LocalAllocation,907,0,389000,{'trace_kind': 'synthetic'},0.389
isolation,3,streaming,SecondChance,LocalAllocation,907,0,423200,{'trace_kind': 'synthetic'},0.4232
isolation,0,streaming,SecondChance,LocalAllocation,907,1,347500,{'trace_kind': 'synthetic'},0.3475
isolation,1,streaming,SecondChance,LocalAllocation,907,1,371700,{'trace_kind': 'synthetic'},0.3717
isolation,2,streaming,SecondChance,LocalAllocation,907,1,396700,{'trace_kind': 'synthetic'},0.3967
isolation,3,streaming,SecondChance,LocalAllocation,907,1,424900,{'trace_kind': 'synthetic'},0.4249
isolation,0,streaming,SecondChance,LocalAllocation,907,2,346100,{'trace_kind': 'synthetic'},0.3461
isolation,1,streaming,SecondChance,LocalAllocation,907,2,369100,{'trace_kind': 'synthetic'},0.3691
isolation,2,streaming,SecondChance,LocalAllocation,907,2,396600,{'trace_kind': 'synthetic'},0.3966
isolation,3,streaming,SecondChance,LocalAllocation,907,2,423300,{'trace_kind': 'synthetic'},0.4233
isolation,0,streaming,SecondChance,LocalAllocation,907,3,344900,{'trace_kind': 'synthetic'},0.3449
isolation,1,streaming,SecondChance,LocalAllocation,907,3,369700,{'trace_kind': 'synthetic'},0.3697
isolation,2,streaming,SecondChance,LocalAllocation,907,3,395600,{'trace_kind': 'synthetic'},0.3956
isolation,3,streaming,SecondChance,LocalAllocation,907,3,429700,{'trace_kind': 'synthetic'},0.4297
isolation,0,streaming,SecondChance,LocalAllocation,907,4,349800,{'trace_kind': 'synthetic'},0.3498
isolation,1,streaming,SecondChance,LocalAllocation,907,4,373900,{'trace_kind': 'synthetic'},0.3739
isolation,2,streaming,SecondChance,LocalAllocation,907,4,400200,{'trace_kind': 'synthetic'},0.4002
isolation,3,streaming,SecondChance,LocalAllocation,907,4,425600,{'trace_kind': 'synthetic'},0.4256
isolation,0,streaming,SecondChance,LocalAllocation,907,5,352800,{'trace_kind': 'synthetic'},0.3528
isolation,1,streaming,SecondChance,LocalAllocation,907,5,368400,{'trace_kind': 'synthetic'},0.3684
isolation,2,streaming,SecondChance,LocalAllocation,907,5,391000,{'trace_kind': 'synthetic'},0.391
isolation,3,streaming,SecondChance,LocalAllocation,907,5,418500,{'trace_kind': 'synthetic'},0.4185
isolation,0,streaming,SecondChance,LocalAllocation,907,6,331400,{'trace_kind': 'synthetic'},0.3314
isolation,1,streaming,SecondChance,LocalAllocation,907,6,361900,{'trace_kind': 'synthetic'},0.3619
isolation,2,streaming,SecondChance,LocalAllocation,907,6,803600,{'trace_kind': 'synthetic'},0.8036
isolation,3,streaming,SecondChance,LocalAllocation,907,6,875500,{'trace_kind': 'synthetic'},0.8755
isolation,0,streaming,SecondChance,LocalAllocation,907,7,340000,{'trace_kind': 'synthetic'},0.34
isolation,1,streaming,SecondChance,LocalAllocation,907,7,374000,{'trace_kind': 'synthetic'},0.374
isolation,2,streaming,SecondChance,LocalAllocation,907,7,382300,{'trace_kind': 'synthetic'},0.3823
isolation,3,streaming,SecondChance,LocalAllocation,907,7,401900,{'trace_kind': 'synthetic'},0.4019
isolation,0,streaming,SecondChance,LocalAllocation,907,8,309500,{'trace_kind': 'synthetic'},0.3095
isolation,1,streaming,SecondChance,LocalAllocation,907,8,339800,{'trace_kind': 'synthetic'},0.3398
isolation,2,streaming,SecondChance,LocalAllocation,907,8,361500,{'trace_kind': 'synthetic'},0.3615
isolation,3,streaming,SecondChance,LocalAllocation,907,8,389200,{'trace_kind': 'synthetic'},0.3892
isolation,0,streaming,SecondChance,LocalAllocation,907,9,341800,{'trace_kind': 'synthetic'},0.3418
isolation,1,streaming,SecondChance,LocalAllocation,907,9,366600,{'trace_kind': 'synthetic'},0.3666
isolation,2,streaming,SecondChance,LocalAllocation,907,9,394700,{'trace_kind': 'synthetic'},0.3947
isolation,3,streaming,SecondChance,LocalAllocation,907,9,434800,{'trace_kind': 'synthetic'},0.4348
isolation,0,streaming,SecondChance,ProportionalAllocation,907,0,343600,{'trace_kind': 'synthetic'},0.3436
isolation,1,streaming,SecondChance,ProportionalAllocation,907,0,471600,{'trace_kind': 'synthetic'},0.4716
isolation,2,streaming,SecondChance,ProportionalAllocation,907,0,426700,{'trace_kind': 'synthetic'},0.4267
isolation,3,streaming,SecondChance,ProportionalAllocation,907,0,436800,{'trace_kind': 'synthetic'},0.4368
isolation,0,streaming,SecondChance,ProportionalAllocation,907,1,346800,{'trace_kind': 'synthetic'},0.3468
isolation,1,streaming,SecondChance,ProportionalAllocation,907,1,367500,{'trace_kind': 'synthetic'},0.3675
isolation,2,streaming,SecondChance,ProportionalAllocation,907,1,396600,{'trace_kind': 'synthetic'},0.3966
isolation,3,streaming,SecondChance,ProportionalAllocation,907,1,638400,{'trace_kind': 'synthetic'},0.6384
isolation,0,streaming,SecondChance,ProportionalAllocation,907,2,346700,{'trace_kind': 'synthetic'},0.3467
isolation,1,streaming,SecondChance,ProportionalAllocation,907,2,369800,{'trace_kind': 'synthetic'},0.3698
isolation,2,streaming,SecondChance,ProportionalAllocation,907,2,398200,{'trace_kind': 'synthetic'},0.3982
isolation,3,streaming,SecondChance,ProportionalAllocation,907,2,428400,{'trace_kind': 'synthetic'},0.4284
isolation,0,streaming,SecondChance,ProportionalAllocation,907,3,345600,{'trace_kind': 'synthetic'},0.3456
isolation,1,streaming,SecondChance,ProportionalAllocation,907,3,369900,{'trace_kind': 'synthetic'},0.3699
isolation,2,streaming,SecondChance,ProportionalAllocation,907,3,394200,{'trace_kind': 'synthetic'},0.3942
isolation,3,streaming,SecondChance,ProportionalAllocation,907,3,422100,{'trace_kind': 'synthetic'},0.4221
isolation,0,streaming,SecondChance,ProportionalAllocation,907,4,435400,{'trace_kind': 'synthetic'},0.4354
isolation,1,streaming,SecondChance,ProportionalAllocation,907,4,632400,{'trace_kind': 'synthetic'},0.6324
isolation,2,streaming,SecondChance,ProportionalAllocation,907,4,404900,{'trace_kind': 'synthetic'},0.4049
isolation,3,streaming,SecondChance,ProportionalAllocation,907,4,444600,{'trace_kind': 'synthetic'},0.4446
isolation,0,streaming,SecondChance,ProportionalAllocation,907,5,345000,{'trace_kind': 'synthetic'},0.345
isolation,1,streaming,SecondChance,ProportionalAllocation,907,5,368400,{'trace_kind': 'synthetic'},0.3684
isolation,2,streaming,SecondChance,ProportionalAllocation,907,5,397300,{'trace_kind': 'synthetic'},0.3973
isolation,3,streaming,SecondChance,ProportionalAllocation,907,5,421800,{'trace_kind': 'synthetic'},0.4218
isolation,0,streaming,SecondChance,ProportionalAllocation,907,6,342700,{'trace_kind': 'synthetic'},0.3427
isolation,1,streaming,SecondChance,ProportionalAllocation,907,6,368200,{'trace_kind': 'synthetic'},0.3682
isolation,2,streaming,SecondChance,ProportionalAllocation,907,6,391200,{'trace_kind': 'synthetic'},0.3912
isolation,3,streaming,SecondChance,ProportionalAllocation,907,6,422600,{'trace_kind': 'synthetic'},0.4226
isolation,0,streaming,SecondChance,ProportionalAllocation,907,7,347200,{'trace_kind': 'synthetic'},0.3472
isolation,1,streaming,SecondChance,ProportionalAllocation,907,7,373700,{'trace_kind': 'synthetic'},0.3737
isolation,2,streaming,SecondChance,ProportionalAllocation,907,7,390100,{'trace_kind': 'synthetic'},0.3901
isolation,3,streaming,SecondChance,ProportionalAllocation,907,7,424100,{'trace_kind': 'synthetic'},0.4241
isolation,0,streaming,SecondChance,ProportionalAllocation,907,8,337700,{'trace_kind': 'synthetic'},0.3377
isolation,1,streaming,SecondChance,ProportionalAllocation,907,8,365200,{'trace_kind': 'synthetic'},0.3652
isolation,2,streaming,SecondChance,ProportionalAllocation,907,8,393700,{'trace_kind': 'synthetic'},0.3937
isolation,3,streaming,SecondChance,ProportionalAllocation,907,8,424700,{'trace_kind': 'synthetic'},0.4247
isolation,0,streaming,SecondChance,ProportionalAllocation,907,9,343600,{'trace_kind': 'synthetic'},0.3436
isolation,1,streaming,SecondChance,ProportionalAllocation,907,9,364400,{'trace_kind': 'synthetic'},0.3644
isolation,2,streaming,SecondChance,ProportionalAllocation,907,9,533100,{'trace_kind': 'synthetic'},0.5331
isolation,3,streaming,SecondChance,ProportionalAllocation,907,9,422500,{'trace_kind': 'synthetic'},0.4225
isolation,0,streaming,WSClock,GlobalAllocation,907,0,350300,{'trace_kind': 'synthetic'},0.3503
isolation,1,streaming,WSClock,GlobalAllocation,907,0,369200,{'trace_kind': 'synthetic'},0.3692
isolation,2,streaming,WSClock,GlobalAllocation,907,0,408000,{'trace_kind': 'synthetic'},0.408
isolation,3,streaming,WSClock,GlobalAllocation,907,0,421500,{'trace_kind': 'synthetic'},0.4215
isolation,0,streaming,WSClock,GlobalAllocation,907,1,348200,{'trace_kind': 'synthetic'},0.3482
isolation,1,streaming,WSClock,GlobalAllocation,907,1,374600,{'trace_kind': 'synthetic'},0.3746
isolation,2,streaming,WSClock,GlobalAllocation,907,1,402800,{'trace_kind': 'synthetic'},0.4028
isolation,3,streaming,WSClock,GlobalAllocation,907,1,423000,{'trace_kind': 'synthetic'},0.423
isolation,0,streaming,WSClock,GlobalAllocation,907,2,348900,{'trace_kind': 'synthetic'},0.3489
isolation,1,streaming,WSClock,GlobalAllocation,907,2,388800,{'trace_kind': 'synthetic'},0.3888
isolation,2,streaming,WSClock,GlobalAllocation,907,2,394000,{'trace_kind': 'synthetic'},0.394
isolation,3,streaming,WSClock,GlobalAllocation,907,2,428300,{'trace_kind': 'synthetic'},0.4283
isolation,0,streaming,WSClock,GlobalAllocation,907,3,345500,{'trace_kind': 'synthetic'},0.3455
isolation,1,streaming,WSClock,GlobalAllocation,907,3,369000,{'trace_kind': 'synthetic'},0.369
isolation,2,streaming,WSClock,GlobalAllocation,907,3,395000,{'trace_kind': 'synthetic'},0.395
isolation,3,streaming,WSClock,GlobalAllocation,907,3,428700,{'trace_kind': 'synthetic'},0.4287
isolation,0,streaming,WSClock,GlobalAllocation,907,4,350800,{'trace_kind': 'synthetic'},0.3508
isolation,1,streaming,WSClock,GlobalAllocation,907,4,369200,{'trace_kind': 'synthetic'},0.3692
isolation,2,streaming,WSClock,GlobalAllocation,907,4,412300,{'trace_kind': 'synthetic'},0.4123
isolation,3,streaming,WSClock,GlobalAllocation,907,4,430200,{'trace_kind': 'synthetic'},0.4302
isolation,0,streaming,WSClock,GlobalAllocation,907,5,349800,{'trace_kind': 'synthetic'},0.3498
isolation,1,streaming,WSClock,GlobalAllocation,907,5,368600,{'trace_kind': 'synthetic'},0.3686
isolation,2,streaming,WSClock,GlobalAllocation,907,5,402700,{'trace_kind': 'synthetic'},0.4027
isolation,3,streaming,WSClock,GlobalAllocation,907,5,424100,{'trace_kind': 'synthetic'},0.4241
isolation,0,streaming,WSClock,GlobalAllocation,907,6,351100,{'trace_kind': 'synthetic'},0.3511
isolation,1,streaming,WSClock,GlobalAllocation,907,6,371000,{'trace_kind': 'synthetic'},0.371
isolation,2,streaming,WSClock,GlobalAllocation,907,6,393400,{'trace_kind': 'synthetic'},0.3934
isolation,3,streaming,WSClock,GlobalAllocation,907,6,429100,{'trace_kind': 'synthetic'},0.4291
isolation,0,streaming,WSClock,GlobalAllocation,907,7,339300,{'trace_kind': 'synthetic'},0.3393
isolation,1,streaming,WSClock,GlobalAllocation,907,7,373000,{'trace_kind': 'synthetic'},0.373
isolation,2,streaming,WSClock,GlobalAllocation,907,7,395900,{'trace_kind': 'synthetic'},0.3959
isolation,3,streaming,WSClock,GlobalAllocation,907,7,417800,{'trace_kind': 'synthetic'},0.4178
isolation,0,streaming,WSClock,GlobalAllocation,907,8,668700,{'trace_kind': 'synthetic'},0.6687
isolation,1,streaming,WSClock,GlobalAllocation,907,8,725300,{'trace_kind': 'synthetic'},0.7253
isolation,2,streaming,WSClock,GlobalAllocation,907,8,786900,{'trace_kind': 'synthetic'},0.7869
isolation,3,streaming,WSClock,GlobalAllocation,907,8,841600,{'trace_kind': 'synthetic'},0.8416
isolation,0,streaming,WSClock,GlobalAllocation,907,9,350000,{'trace_kind': 'synthetic'},0.35
isolation,1,streaming,WSClock,GlobalAllocation,907,9,371300,{'trace_kind': 'synthetic'},0.3713
isolation,2,streaming,WSClock,GlobalAllocation,907,9,397000,{'trace_kind': 'synthetic'},0.397
isolation,3,streaming,WSClock,GlobalAllocation,907,9,426400,{'trace_kind': 'synthetic'},0.4264
isolation,0,streaming,WSClock,LocalAllocation,907,0,350000,{'trace_kind': 'synthetic'},0.35
isolation,1,streaming,WSClock,LocalAllocation,907,0,368200,{'trace_kind': 'synthetic'},0.3682
isolation,2,streaming,WSClock,LocalAllocation,907,0,399500,{'trace_kind': 'synthetic'},0.3995
isolation,3,streaming,WSClock,LocalAllocation,907,0,420500,{'trace_kind': 'synthetic'},0.4205
isolation,0,streaming,WSClock,LocalAllocation,907,1,466000,{'trace_kind': 'synthetic'},0.466
isolation,1,streaming,WSClock,LocalAllocation,907,1,361500,{'trace_kind': 'synthetic'},0.3615
isolation,2,streaming,WSClock,LocalAllocation,907,1,391500,{'trace_kind': 'synthetic'},0.3915
isolation,3,streaming,WSClock,LocalAllocation,907,1,726800,{'trace_kind': 'synthetic'},0.7268
isolation,0,streaming,WSClock,LocalAllocation,907,2,351800,{'trace_kind': 'synthetic'},0.3518
isolation,1,streaming,WSClock,LocalAllocation,907,2,369200,{'trace_kind': 'synthetic'},0.3692
isolation,2,streaming,WSClock,LocalAllocation,907,2,399700,{'trace_kind': 'synthetic'},0.3997
isolation,3,streaming,WSClock,LocalAllocation,907,2,428700,{'trace_kind': 'synthetic'},0.4287
isolation,0,streaming,WSClock,LocalAllocation,907,3,343200,{'trace_kind': 'synthetic'},0.3432
isolation,1,streaming,WSClock,LocalAllocation,907,3,368400,{'trace_kind': 'synthetic'},0.3684
isolation,2,streaming,WSClock,LocalAllocation,907,3,397800,{'trace_kind': 'synthetic'},0.3978
isolation,3,streaming,WSClock,LocalAllocation,907,3,423100,{'trace_kind': 'synthetic'},0.4231
isolation,0,streaming,WSClock,LocalAllocation,907,4,350200,{'trace_kind': 'synthetic'},0.3502
isolation,1,streaming,WSClock,LocalAllocation,907,4,365600,{'trace_kind': 'synthetic'},0.3656
isolation,2,streaming,WSClock,LocalAllocation,907,4,396000,{'trace_kind': 'synthetic'},0.396
isolation,3,streaming,WSClock,LocalAllocation,907,4,417200,{'trace_kind': 'synthetic'},0.4172
isolation,0,streaming,WSClock,LocalAllocation,907,5,348600,{'trace_kind': 'synthetic'},0.3486
isolation,1,streaming,WSClock,LocalAllocation,907,5,370400,{'trace_kind': 'synthetic'},0.3704
isolation,2,streaming,WSClock,LocalAllocation,907,5,396300,{'trace_kind': 'synthetic'},0.3963
isolation,3,streaming,WSClock,LocalAllocation,907,5,442200,{'trace_kind': 'synthetic'},0.4422
isolation,0,streaming,WSClock,LocalAllocation,907,6,344000,{'trace_kind': 'synthetic'},0.344
isolation,1,streaming,WSClock,LocalAllocation,907,6,393700,{'trace_kind': 'synthetic'},0.3937
isolation,2,streaming,WSClock,LocalAllocation,907,6,397300,{'trace_kind': 'synthetic'},0.3973
isolation,3,streaming,WSClock,LocalAllocation,907,6,428600,{'trace_kind': 'synthetic'},0.4286
isolation,0,streaming,WSClock,LocalAllocation,907,7,345900,{'trace_kind': 'synthetic'},0.3459
isolation,1,streaming,WSClock,LocalAllocation,907,7,373100,{'trace_kind': 'synthetic'},0.3731
isolation,2,streaming,WSClock,LocalAllocation,907,7,397400,{'trace_kind': 'synthetic'},0.3974
isolation,3,streaming,WSClock,LocalAllocation,907,7,419600,{'trace_kind': 'synthetic'},0.4196
isolation,0,streaming,WSClock,LocalAllocation,907,8,345400,{'trace_kind': 'synthetic'},0.3454
isolation,1,streaming,WSClock,LocalAllocation,907,8,361700,{'trace_kind': 'synthetic'},0.3617
isolation,2,streaming,WSClock,LocalAllocation,907,8,398300,{'trace_kind': 'synthetic'},0.3983
isolation,3,streaming,WSClock,LocalAllocation,907,8,429800,{'trace_kind': 'synthetic'},0.4298
isolation,0,streaming,WSClock,LocalAllocation,907,9,341400,{'trace_kind': 'synthetic'},0.3414
isolation,1,streaming,WSClock,LocalAllocation,907,9,371000,{'trace_kind': 'synthetic'},0.371
isolation,2,streaming,WSClock,LocalAllocation,907,9,420700,{'trace_kind': 'synthetic'},0.4207
isolation,3,streaming,WSClock,LocalAllocation,907,9,423900,{'trace_kind': 'synthetic'},0.4239
isolation,0,streaming,WSClock,ProportionalAllocation,907,0,342400,{'trace_kind': 'synthetic'},0.3424
isolation,1,streaming,WSClock,ProportionalAllocation,907,0,367500,{'trace_kind': 'synthetic'},0.3675
isolation,2,streaming,WSClock,ProportionalAllocation,907,0,391700,{'trace_kind': 'synthetic'},0.3917
isolation,3,streaming,WSClock,ProportionalAllocation,907,0,425000,{'trace_kind': 'synthetic'},0.425
isolation,0,streaming,WSClock,ProportionalAllocation,907,1,341000,{'trace_kind': 'synthetic'},0.341
isolation,1,streaming,WSClock,ProportionalAllocation,907,1,369400,{'trace_kind': 'synthetic'},0.3694
isolation,2,streaming,WSClock,ProportionalAllocation,907,1,393500,{'trace_kind': 'synthetic'},0.3935
isolation,3,streaming,WSClock,ProportionalAllocation,907,1,417900,{'trace_kind': 'synthetic'},0.4179
isolation,0,streaming,WSClock,ProportionalAllocation,907,2,346400,{'trace_kind': 'synthetic'},0.3464
isolation,1,streaming,WSClock,ProportionalAllocation,907,2,369500,{'trace_kind': 'synthetic'},0.3695
isolation,2,streaming,WSClock,ProportionalAllocation,907,2,408100,{'trace_kind': 'synthetic'},0.4081
isolation,3,streaming,WSClock,ProportionalAllocation,907,2,419300,{'trace_kind': 'synthetic'},0.4193
isolation,0,streaming,WSClock,ProportionalAllocation,907,3,344900,{'trace_kind': 'synthetic'},0.3449
isolation,1,streaming,WSClock,ProportionalAllocation,907,3,369800,{'trace_kind': 'synthetic'},0.3698
isolation,2,streaming,WSClock,ProportionalAllocation,907,3,396600,{'trace_kind': 'synthetic'},0.3966
isolation,3,streaming,WSClock,ProportionalAllocation,907,3,422000,{'trace_kind': 'synthetic'},0.422
isolation,0,streaming,WSClock,ProportionalAllocation,907,4,353600,{'trace_kind': 'synthetic'},0.3536
isolation,1,streaming,WSClock,ProportionalAllocation,907,4,417800,{'trace_kind': 'synthetic'},0.4178
isolation,2,streaming,WSClock,ProportionalAllocation,907,4,411900,{'trace_kind': 'synthetic'},0.4119
isolation,3,streaming,WSClock,ProportionalAllocation,907,4,405700,{'trace_kind': 'synthetic'},0.4057
isolation,0,streaming,WSClock,ProportionalAllocation,907,5,343600,{'trace_kind': 'synthetic'},0.3436
isolation,1,streaming,WSClock,ProportionalAllocation,907,5,368800,{'trace_kind': 'synthetic'},0.3688
isolation,2,streaming,WSClock,ProportionalAllocation,907,5,394900,{'trace_kind': 'synthetic'},0.3949
isolation,3,streaming,WSClock,ProportionalAllocation,907,5,423200,{'trace_kind': 'synthetic'},0.4232
isolation,0,streaming,WSClock,ProportionalAllocation,907,6,341400,{'trace_kind': 'synthetic'},0.3414
isolation,1,streaming,WSClock,ProportionalAllocation,907,6,373200,{'trace_kind': 'synthetic'},0.3732
isolation,2,streaming,WSClock,ProportionalAllocation,907,6,395900,{'trace_kind': 'synthetic'},0.3959
isolation,3,streaming,WSClock,ProportionalAllocation,907,6,419700,{'trace_kind': 'synthetic'},0.4197
isolation,0,streaming,WSClock,ProportionalAllocation,907,7,342600,{'trace_kind': 'synthetic'},0.3426
isolation,1,streaming,WSClock,ProportionalAllocation,907,7,378200,{'trace_kind': 'synthetic'},0.3782
isolation,2,streaming,WSClock,ProportionalAllocation,907,7,392600,{'trace_kind': 'synthetic'},0.3926
isolation,3,streaming,WSClock,ProportionalAllocation,907,7,421700,{'trace_kind': 'synthetic'},0.4217
isolation,0,streaming,WSClock,ProportionalAllocation,907,8,341600,{'trace_kind': 'synthetic'},0.3416
isolation,1,streaming,WSClock,ProportionalAllocation,907,8,367100,{'trace_kind': 'synthetic'},0.3671
isolation,2,streaming,WSClock,ProportionalAllocation,907,8,393300,{'trace_kind': 'synthetic'},0.3933
isolation,3,streaming,WSClock,ProportionalAllocation,907,8,429700,{'trace_kind': 'synthetic'},0.4297
isolation,0,streaming,WSClock,ProportionalAllocation,907,9,325200,{'trace_kind': 'synthetic'},0.3252
isolation,1,streaming,WSClock,ProportionalAllocation,907,9,346600,{'trace_kind': 'synthetic'},0.3466
isolation,2,streaming,WSClock,ProportionalAllocation,907,9,397300,{'trace_kind': 'synthetic'},0.3973
isolation,3,streaming,WSClock,ProportionalAllocation,907,9,418000,{'trace_kind': 'synthetic'},0.418
isolation,0,streaming,FIFO,GlobalAllocation,1134,0,317900,{'trace_kind': 'synthetic'},0.3179
isolation,1,streaming,FIFO,GlobalAllocation,1134,0,212400,{'trace_kind': 'synthetic'},0.2124
isolation,2,streaming,FIFO,GlobalAllocation,1134,0,220300,{'trace_kind': 'synthetic'},0.2203
isolation,3,streaming,FIFO,GlobalAllocation,1134,0,224300,{'trace_kind': 'synthetic'},0.2243
isolation,0,streaming,FIFO,GlobalAllocation,1134,1,201600,{'trace_kind': 'synthetic'},0.2016
isolation,1,streaming,FIFO,GlobalAllocation,1134,1,204800,{'trace_kind': 'synthetic'},0.2048
isolation,2,streaming,FIFO,GlobalAllocation,1134,1,214200,{'trace_kind': 'synthetic'},0.2142
isolation,3,streaming,FIFO,GlobalAllocation,1134,1,224000,{'trace_kind': 'synthetic'},0.224
isolation,0,streaming,FIFO,GlobalAllocation,1134,2,202600,{'trace_kind': 'synthetic'},0.2026
isolation,1,streaming,FIFO,GlobalAllocation,1134,2,207800,{'trace_kind': 'synthetic'},0.2078
isolation,2,streaming,FIFO,GlobalAllocation,1134,2,216400,{'trace_kind': 'synthetic'},0.2164
isolation,3,streaming,FIFO,GlobalAllocation,1134,2,225000,{'trace_kind': 'synthetic'},0.225
isolation,0,streaming,FIFO,GlobalAllocation,1134,3,209800,{'trace_kind': 'synthetic'},0.2098
isolation,1,streaming,FIFO,GlobalAllocation,1134,3,212200,{'trace_kind': 'synthetic'},0.2122
isolation,2,streaming,FIFO,GlobalAllocation,1134,3,214600,{'trace_kind': 'synthetic'},0.2146
isolation,3,streaming,FIFO,GlobalAllocation,1134,3,219200,{'trace_kind': 'synthetic'},0.2192
isolation,0,streaming,FIFO,GlobalAllocation,1134,4,201300,{'trace_kind': 'synthetic'},0.2013
isolation,1,streaming,FIFO,GlobalAllocation,1134,4,210700,{'trace_kind': 'synthetic'},0.2107
isolation,2,streaming,FIFO,GlobalAllocation,1134,4,217900,{'trace_kind': 'synthetic'},0.2179
isolation,3,streaming,FIFO,GlobalAllocation,1134,4,222300,{'trace_kind': 'synthetic'},0.2223
isolation,0,streaming,FIFO,GlobalAllocation,1134,5,200000,{'trace_kind': 'synthetic'},0.2
isolation,1,streaming,FIFO,GlobalAllocation,1134,5,219000,{'trace_kind': 'synthetic'},0.219
isolation,2,streaming,FIFO,GlobalAllocation,1134,5,216600,{'trace_kind': 'synthetic'},0.2166
isolation,3,streaming,FIFO,GlobalAllocation,1134,5,219500,{'trace_kind': 'synthetic'},0.2195
isolation,0,streaming,FIFO,GlobalAllocation,1134,6,198500,{'trace_kind': 'synthetic'},0.1985
isolation,1,streaming,FIFO,GlobalAllocation,1134,6,203500,{'trace_kind': 'synthetic'},0.2035
isolation,2,streaming,FIFO,GlobalAllocation,1134,6,216000,{'trace_kind': 'synthetic'},0.216
isolation,3,streaming,FIFO,GlobalAllocation,1134,6,218900,{'trace_kind': 'synthetic'},0.2189
isolation,0,streaming,FIFO,GlobalAllocation,1134,7,199600,{'trace_kind': 'synthetic'},0.1996
isolation,1,streaming,FIFO,GlobalAllocation,1134,7,210900,{'trace_kind': 'synthetic'},0.2109
isolation,2,streaming,FIFO,GlobalAllocation,1134,7,214500,{'trace_kind': 'synthetic'},0.2145
isolation,3,streaming,FIFO,GlobalAllocation,1134,7,220000,{'trace_kind': 'synthetic'},0.22
isolation,0,streaming,FIFO,GlobalAllocation,1134,8,211000,{'trace_kind': 'synthetic'},0.211
isolation,1,streaming,FIFO,GlobalAllocation,1134,8,210100,{'trace_kind': 'synthetic'},0.2101
isolation,2,streaming,FIFO,GlobalAllocation,1134,8,214800,{'trace_kind': 'synthetic'},0.2148
isolation,3,streaming,FIFO,GlobalAllocation,1134,8,226100,{'trace_kind': 'synthetic'},0.2261
isolation,0,streaming,FIFO,GlobalAllocation,1134,9,197900,{'trace_kind': 'synthetic'},0.1979
isolation,1,streaming,FIFO,GlobalAllocation,1134,9,205400,{'trace_kind': 'synthetic'},0.2054
isolation,2,streaming,FIFO,GlobalAllocation,1134,9,212300,{'trace_kind': 'synthetic'},0.2123
isolation,3,streaming,FIFO,GlobalAllocation,1134,9,221300,{'trace_kind': 'synthetic'},0.2213
isolation,0,streaming,FIFO,LocalAllocation,1134,0,230400,{'trace_kind': 'synthetic'},0.2304
isolation,1,streaming,FIFO,LocalAllocation,1134,0,322600,{'trace_kind': 'synthetic'},0.3226
isolation,2,streaming,FIFO,LocalAllocation,1134,0,216700,{'trace_kind': 'synthetic'},0.2167
isolation,3,streaming,FIFO,LocalAllocation,1134,0,222800,{'trace_kind': 'synthetic'},0.2228
isolation,0,streaming,FIFO,LocalAllocation,1134,1,319200,{'trace_kind': 'synthetic'},0.3192
isolation,1,streaming,FIFO,LocalAllocation,1134,1,214000,{'trace_kind': 'synthetic'},0.214
isolation,2,streaming,FIFO,LocalAllocation,1134,1,214800,{'trace_kind': 'synthetic'},0.2148
isolation,3,streaming,FIFO,LocalAllocation,1134,1,222900,{'trace_kind': 'synthetic'},0.2229
isolation,0,streaming,FIFO,LocalAllocation,1134,2,198800,{'trace_kind': 'synthetic'},0.1988
isolation,1,streaming,FIFO,LocalAllocation,1134,2,204800,{'trace_kind': 'synthetic'},0.2048
isolation,2,streaming,FIFO,LocalAllocation,1134,2,212700,{'trace_kind': 'synthetic'},0.2127
isolation,3,streaming,FIFO,LocalAllocation,1134,2,216500,{'trace_kind': 'synthetic'},0.2165
isolation,0,streaming,FIFO,LocalAllocation,1134,3,197200,{'trace_kind': 'synthetic'},0.1972
isolation,1,streaming,FIFO,LocalAllocation,1134,3,209000,{'trace_kind': 'synthetic'},0.209
isolation,2,streaming,FIFO,LocalAllocation,1134,3,216500,{'trace_kind': 'synthetic'},0.2165
isolation,3,streaming,FIFO,LocalAllocation,1134,3,219200,{'trace_kind': 'synthetic'},0.2192
isolation,0,streaming,FIFO,LocalAllocation,1134,4,411000,{'trace_kind': 'synthetic'},0.411
isolation,1,streaming,FIFO,LocalAllocation,1134,4,393900,{'trace_kind': 'synthetic'},0.3939
isolation,2,streaming,FIFO,LocalAllocation,1134,4,438900,{'trace_kind': 'synthetic'},0.4389
isolation,3,streaming,FIFO,LocalAllocation,1134,4,439500,{'trace_kind': 'synthetic'},0.4395
isolation,0,streaming,FIFO,LocalAllocation,1134,5,204100,{'trace_kind': 'synthetic'},0.2041
isolation,1,streaming,FIFO,LocalAllocation,1134,5,211300,{'trace_kind': 'synthetic'},0.2113
isolation,2,streaming,FIFO,LocalAllocation,1134,5,212300,{'trace_kind': 'synthetic'},0.2123
isolation,3,streaming,FIFO,LocalAllocation,1134,5,223000,{'trace_kind': 'synthetic'},0.223
isolation,0,streaming,FIFO,LocalAllocation,1134,6,395700,{'trace_kind': 'synthetic'},0.3957
isolation,1,streaming,FIFO,LocalAllocation,1134,6,388600,{'trace_kind': 'synthetic'},0.3886
isolation,2,streaming,FIFO,LocalAllocation,1134,6,444000,{'trace_kind': 'synthetic'},0.444
isolation,3,streaming,FIFO,LocalAllocation,1134,6,439800,{'trace_kind': 'synthetic'},0.4398
isolation,0,streaming,FIFO,LocalAllocation,1134,7,196600,{'trace_kind': 'synthetic'},0.1966
isolation,1,streaming,FIFO,LocalAllocation,1134,7,207200,{'trace_kind': 'synthetic'},0.2072
isolation,2,streaming,FIFO,LocalAllocation,1134,7,212400,{'trace_kind': 'synthetic'},0.2124
isolation,3,streaming,FIFO,LocalAllocation,1134,7,221300,{'trace_kind': 'synthetic'},0.2213
isolation,0,streaming,FIFO,LocalAllocation,1134,8,201000,{'trace_kind': 'synthetic'},0.201
isolation,1,streaming,FIFO,LocalAllocation,1134,8,208300,{'trace_kind': 'synthetic'},0.2083
isolation,2,streaming,FIFO,LocalAllocation,1134,8,214400,{'trace_kind': 'synthetic'},0.2144
isolation,3,streaming,FIFO,LocalAllocation,1134,8,221900,{'trace_kind': 'synthetic'},0.2219
isolation,0,streaming,FIFO,LocalAllocation,1134,9,181000,{'trace_kind': 'synthetic'},0.181
isolation,1,streaming,FIFO,LocalAllocation,1134,9,187600,{'trace_kind': 'synthetic'},0.1876
isolation,2,streaming,FIFO,LocalAllocation,1134,9,197600,{'trace_kind': 'synthetic'},0.1976
isolation,3,streaming,FIFO,LocalAllocation,1134,9,202200,{'trace_kind': 'synthetic'},0.2022
isolation,0,streaming,FIFO,ProportionalAllocation,1134,0,206600,{'trace_kind': 'synthetic'},0.2066
isolation,1,streaming,FIFO,ProportionalAllocation,1134,0,210800,{'trace_kind': 'synthetic'},0.2108
isolation,2,streaming,FIFO,ProportionalAllocation,1134,0,213600,{'trace_kind': 'synthetic'},0.2136
isolation,3,streaming,FIFO,ProportionalAllocation,1134,0,219700,{'trace_kind': 'synthetic'},0.2197
isolation,0,streaming,FIFO,ProportionalAllocation,1134,1,201400,{'trace_kind': 'synthetic'},0.2014
isolation,1,streaming,FIFO,ProportionalAllocation,1134,1,207400,{'trace_kind': 'synthetic'},0.2074
isolation,2,streaming,FIFO,ProportionalAllocation,1134,1,214600,{'trace_kind': 'synthetic'},0.2146
isolation,3,streaming,FIFO,ProportionalAllocation,1134,1,220700,{'trace_kind': 'synthetic'},0.2207
isolation,0,streaming,FIFO,ProportionalAllocation,1134,2,207600,{'trace_kind': 'synthetic'},0.2076
isolation,1,streaming,FIFO,ProportionalAllocation,1134,2,209100,{'trace_kind': 'synthetic'},0.2091
isolation,2,streaming,FIFO,ProportionalAllocation,1134,2,221000,{'trace_kind': 'synthetic'},0.221
isolation,3,streaming,FIFO,ProportionalAllocation,1134,2,218000,{'trace_kind': 'synthetic'},0.218
isolation,0,streaming,FIFO,ProportionalAllocation,1134,3,198600,{'trace_kind': 'synthetic'},0.1986
isolation,1,streaming,FIFO,ProportionalAllocation,1134,3,210100,{'trace_kind': 'synthetic'},0.2101
isolation,2,streaming,FIFO,ProportionalAllocation,1134,3,217000,{'trace_kind': 'synthetic'},0.217
isolation,3,streaming,FIFO,ProportionalAllocation,1134,3,221800,{'trace_kind': 'synthetic'},0.2218
isolation,0,streaming,FIFO,ProportionalAllocation,1134,4,201600,{'trace_kind': 'synthetic'},0.2016
isolation,1,streaming,FIFO,ProportionalAllocation,1134,4,208900,{'trace_kind': 'synthetic'},0.2089
isolation,2,streaming,FIFO,ProportionalAllocation,1134,4,216200,{'trace_kind': 'synthetic'},0.2162
isolation,3,streaming,FIFO,ProportionalAllocation,1134,4,223600,{'trace_kind': 'synthetic'},0.2236
isolation,0,streaming,FIFO,ProportionalAllocation,1134,5,199400,{'trace_kind': 'synthetic'},0.1994
isolation,1,streaming,FIFO,ProportionalAllocation,1134,5,211700,{'trace_kind': 'synthetic'},0.2117
isolation,2,streaming,FIFO,ProportionalAllocation,1134,5,214300,{'trace_kind': 'synthetic'},0.2143
isolation,3,streaming,FIFO,ProportionalAllocation,1134,5,219400,{'trace_kind': 'synthetic'},0.2194
isolation,0,streaming,FIFO,ProportionalAllocation,1134,6,198600,{'trace_kind': 'synthetic'},0.1986
isolation,1,streaming,FIFO,ProportionalAllocation,1134,6,206300,{'trace_kind': 'synthetic'},0.2063
isolation,2,streaming,FIFO,ProportionalAllocation,1134,6,216500,{'trace_kind': 'synthetic'},0.2165
isolation,3,streaming,FIFO,ProportionalAllocation,1134,6,226800,{'trace_kind': 'synthetic'},0.2268
isolation,0,streaming,FIFO,ProportionalAllocation,1134,7,198700,{'trace_kind': 'synthetic'},0.1987
isolation,1,streaming,FIFO,ProportionalAllocation,1134,7,212200,{'trace_kind': 'synthetic'},0.2122
isolation,2,streaming,FIFO,ProportionalAllocation,1134,7,214500,{'trace_kind': 'synthetic'},0.2145
isolation,3,streaming,FIFO,ProportionalAllocation,1134,7,221800,{'trace_kind': 'synthetic'},0.2218
isolation,0,streaming,FIFO,ProportionalAllocation,1134,8,203900,{'trace_kind': 'synthetic'},0.2039
isolation,1,streaming,FIFO,ProportionalAllocation,1134,8,211000,{'trace_kind': 'synthetic'},0.211
isolation,2,streaming,FIFO,ProportionalAllocation,1134,8,216500,{'trace_kind': 'synthetic'},0.2165
isolation,3,streaming,FIFO,ProportionalAllocation,1134,8,219200,{'trace_kind': 'synthetic'},0.2192
isolation,0,streaming,FIFO,ProportionalAllocation,1134,9,198200,{'trace_kind': 'synthetic'},0.1982
isolation,1,streaming,FIFO,ProportionalAllocation,1134,9,206000,{'trace_kind': 'synthetic'},0.206
isolation,2,streaming,FIFO,ProportionalAllocation,1134,9,218300,{'trace_kind': 'synthetic'},0.2183
isolation,3,streaming,FIFO,ProportionalAllocation,1134,9,227600,{'trace_kind': 'synthetic'},0.2276
isolation,0,streaming,LRU,GlobalAllocation,1134,0,329300,{'trace_kind': 'synthetic'},0.3293
isolation,1,streaming,LRU,GlobalAllocation,1134,0,335700,{'trace_kind': 'synthetic'},0.3357
isolation,2,streaming,LRU,GlobalAllocation,1134,0,339000,{'trace_kind': 'synthetic'},0.339
isolation,3,streaming,LRU,GlobalAllocation,1134,0,344100,{'trace_kind': 'synthetic'},0.3441
isolation,0,streaming,LRU,GlobalAllocation,1134,1,329200,{'trace_kind': 'synthetic'},0.3292
isolation,1,streaming,LRU,GlobalAllocation,1134,1,335300,{'trace_kind': 'synthetic'},0.3353
isolation,2,streaming,LRU,GlobalAllocation,1134,1,341800,{'trace_kind': 'synthetic'},0.3418
isolation,3,streaming,LRU,GlobalAllocation,1134,1,347300,{'trace_kind': 'synthetic'},0.3473
isolation,0,streaming,LRU,GlobalAllocation,1134,2,324700,{'trace_kind': 'synthetic'},0.3247
isolation,1,streaming,LRU,GlobalAllocation,1134,2,331700,{'trace_kind': 'synthetic'},0.3317
isolation,2,streaming,LRU,GlobalAllocation,1134,2,339300,{'trace_kind': 'synthetic'},0.3393
isolation,3,streaming,LRU,GlobalAllocation,1134,2,342000,{'trace_kind': 'synthetic'},0.342
isolation,0,streaming,LRU,GlobalAllocation,1134,3,322400,{'trace_kind': 'synthetic'},0.3224
isolation,1,streaming,LRU,GlobalAllocation,1134,3,336500,{'trace_kind': 'synthetic'},0.3365
isolation,2,streaming,LRU,GlobalAllocation,1134,3,341600,{'trace_kind': 'synthetic'},0.3416
isolation,3,streaming,LRU,GlobalAllocation,1134,3,349500,{'trace_kind': 'synthetic'},0.3495
isolation,0,streaming,LRU,GlobalAllocation,1134,4,337600,{'trace_kind': 'synthetic'},0.3376
isolation,1,streaming,LRU,GlobalAllocation,1134,4,340000,{'trace_kind': 'synthetic'},0.34
isolation,2,streaming,LRU,GlobalAllocation,1134,4,342300,{'trace_kind': 'synthetic'},0.3423
isolation,3,streaming,LRU,GlobalAllocation,1134,4,349300,{'trace_kind': 'synthetic'},0.3493
isolation,0,streaming,LRU,GlobalAllocation,1134,5,324100,{'trace_kind': 'synthetic'},0.3241
isolation,1,streaming,LRU,GlobalAllocation,1134,5,332000,{'trace_kind': 'synthetic'},0.332
isolation,2,streaming,LRU,GlobalAllocation,1134,5,339500,{'trace_kind': 'synthetic'},0.3395
isolation,3,streaming,LRU,GlobalAllocation,1134,5,345700,{'trace_kind': 'synthetic'},0.3457
isolation,0,streaming,LRU,GlobalAllocation,1134,6,320900,{'trace_kind': 'synthetic'},0.3209
isolation,1,streaming,LRU,GlobalAllocation,1134,6,331600,{'trace_kind': 'synthetic'},0.3316
isolation,2,streaming,LRU,GlobalAllocation,1134,6,336100,{'trace_kind': 'synthetic'},0.3361
isolation,3,streaming,LRU,GlobalAllocation,1134,6,353700,{'trace_kind': 'synthetic'},0.3537
isolation,0,streaming,LRU,GlobalAllocation,1134,7,320400,{'trace_kind': 'synthetic'},0.3204
isolation,1,streaming,LRU,GlobalAllocation,1134,7,333300,{'trace_kind': 'synthetic'},0.3333
isolation,2,streaming,LRU,GlobalAllocation,1134,7,337600,{'trace_kind': 'synthetic'},0.3376
isolation,3,streaming,LRU,GlobalAllocation,1134,7,348300,{'trace_kind': 'synthetic'},0.3483
isolation,0,streaming,LRU,GlobalAllocation,1134,8,323800,{'trace_kind': 'synthetic'},0.3238
isolation,1,streaming,LRU,GlobalAllocation,1134,8,332800,{'trace_kind': 'synthetic'},0.3328
isolation,2,streaming,LRU,GlobalAllocation,1134,8,334600,{'trace_kind': 'synthetic'},0.3346
isolation,3,streaming,LRU,GlobalAllocation,1134,8,344600,{'trace_kind': 'synthetic'},0.3446
isolation,0,streaming,LRU,GlobalAllocation,1134,9,323600,{'trace_kind': 'synthetic'},0.3236
isolation,1,streaming,LRU,GlobalAllocation,1134,9,330500,{'trace_kind': 'synthetic'},0.3305
isolation,2,streaming,LRU,GlobalAllocation,1134,9,343800,{'trace_kind': 'synthetic'},0.3438
isolation,3,streaming,LRU,GlobalAllocation,1134,9,348300,{'trace_kind': 'synthetic'},0.3483
isolation,0,streaming,LRU,LocalAllocation,1134,0,324900,{'trace_kind': 'synthetic'},0.3249
isolation,1,streaming,LRU,LocalAllocation,1134,0,330400,{'trace_kind': 'synthetic'},0.3304
isolation,2,streaming,LRU,LocalAllocation,1134,0,338000,{'trace_kind': 'synthetic'},0.338
isolation,3,streaming,LRU,LocalAllocation,1134,0,342000,{'trace_kind': 'synthetic'},0.342
isolation,0,streaming,LRU,LocalAllocation,1134,1,326600,{'trace_kind': 'synthetic'},0.3266
isolation,1,streaming,LRU,LocalAllocation,1134,1,331900,{'trace_kind': 'synthetic'},0.3319
isolation,2,streaming,LRU,LocalAllocation,1134,1,347900,{'trace_kind': 'synthetic'},0.3479
isolation,3,streaming,LRU,LocalAllocation,1134,1,3119200,{'trace_kind': 'synthetic'},3.1192
isolation,0,streaming,LRU,LocalAllocation,1134,2,326000,{'trace_kind': 'synthetic'},0.326
isolation,1,streaming,LRU,LocalAllocation,1134,2,327600,{'trace_kind': 'synthetic'},0.3276
isolation,2,streaming,LRU,LocalAllocation,1134,2,340000,{'trace_kind': 'synthetic'},0.34
isolation,3,streaming,LRU,LocalAllocation,1134,2,350900,{'trace_kind': 'synthetic'},0.3509
isolation,0,streaming,LRU,LocalAllocation,1134,3,320300,{'trace_kind': 'synthetic'},0.3203
isolation,1,streaming,LRU,LocalAllocation,1134,3,330900,{'trace_kind': 'synthetic'},0.3309
isolation,2,streaming,LRU,LocalAllocation,1134,3,335300,{'trace_kind': 'synthetic'},0.3353
isolation,3,streaming,LRU,LocalAllocation,1134,3,340700,{'trace_kind': 'synthetic'},0.3407
isolation,0,streaming,LRU,LocalAllocation,1134,4,323000,{'trace_kind': 'synthetic'},0.323
isolation,1,streaming,LRU,LocalAllocation,1134,4,333100,{'trace_kind': 'synthetic'},0.3331
isolation,2,streaming,LRU,LocalAllocation,1134,4,340300,{'trace_kind': 'synthetic'},0.3403
isolation,3,streaming,LRU,LocalAllocation,1134,4,346800,{'trace_kind': 'synthetic'},0.3468
isolation,0,streaming,LRU,LocalAllocation,1134,5,323000,{'trace_kind': 'synthetic'},0.323
isolation,1,streaming,LRU,LocalAllocation,1134,5,336200,{'trace_kind': 'synthetic'},0.3362
isolation,2,streaming,LRU,LocalAllocation,1134,5,334600,{'trace_kind': 'synthetic'},0.3346
isolation,3,streaming,LRU,LocalAllocation,1134,5,344600,{'trace_kind': 'synthetic'},0.3446
isolation,0,streaming,LRU,LocalAllocation,1134,6,320600,{'trace_kind': 'synthetic'},0.3206
isolation,1,streaming,LRU,LocalAllocation,1134,6,332000,{'trace_kind': 'synthetic'},0.332
isolation,2,streaming,LRU,LocalAllocation,1134,6,333900,{'trace_kind': 'synthetic'},0.3339
isolation,3,streaming,LRU,LocalAllocation,1134,6,343800,{'trace_kind': 'synthetic'},0.3438
isolation,0,streaming,LRU,LocalAllocation,1134,7,321400,{'trace_kind': 'synthetic'},0.3214
isolation,1,streaming,LRU,LocalAllocation,1134,7,339400,{'trace_kind': 'synthetic'},0.3394
isolation,2,streaming,LRU,LocalAllocation,1134,7,337100,{'trace_kind': 'synthetic'},0.3371
isolation,3,streaming,LRU,LocalAllocation,1134,7,361700,{'trace_kind': 'synthetic'},0.3617
isolation,0,streaming,LRU,LocalAllocation,1134,8,325300,{'trace_kind': 'synthetic'},0.3253
isolation,1,streaming,LRU,LocalAllocation,1134,8,369700,{'trace_kind': 'synthetic'},0.3697
isolation,2,streaming,LRU,LocalAllocation,1134,8,348400,{'trace_kind': 'synthetic'},0.3484
isolation,3,streaming,LRU,LocalAllocation,1134,8,348400,{'trace_kind': 'synthetic'},0.3484
isolation,0,streaming,LRU,LocalAllocation,1134,9,325900,{'trace_kind': 'synthetic'},0.3259
isolation,1,streaming,LRU,LocalAllocation,1134,9,333700,{'trace_kind': 'synthetic'},0.3337
isolation,2,streaming,LRU,LocalAllocation,1134,9,340500,{'trace_kind': 'synthetic'},0.3405
isolation,3,streaming,LRU,LocalAllocation,1134,9,345900,{'trace_kind': 'synthetic'},0.3459
isolation,0,streaming,LRU,ProportionalAllocation,1134,0,339400,{'trace_kind': 'synthetic'},0.3394
isolation,1,streaming,LRU,ProportionalAllocation,1134,0,326000,{'trace_kind': 'synthetic'},0.326
isolation,2,streaming,LRU,ProportionalAllocation,1134,0,333900,{'trace_kind': 'synthetic'},0.3339
isolation,3,streaming,LRU,ProportionalAllocation,1134,0,344700,{'trace_kind': 'synthetic'},0.3447
isolation,0,streaming,LRU,ProportionalAllocation,1134,1,323100,{'trace_kind': 'synthetic'},0.3231
isolation,1,streaming,LRU,ProportionalAllocation,1134,1,331000,{'trace_kind': 'synthetic'},0.331
isolation,2,streaming,LRU,ProportionalAllocation,1134,1,335700,{'trace_kind': 'synthetic'},0.3357
isolation,3,streaming,LRU,ProportionalAllocation,1134,1,341500,{'trace_kind': 'synthetic'},0.3415
isolation,0,streaming,LRU,ProportionalAllocation,1134,2,326400,{'trace_kind': 'synthetic'},0.3264
isolation,1,streaming,LRU,ProportionalAllocation,1134,2,333200,{'trace_kind': 'synthetic'},0.3332
isolation,2,streaming,LRU,ProportionalAllocation,1134,2,341200,{'trace_kind': 'synthetic'},0.3412
isolation,3,streaming,LRU,ProportionalAllocation,1134,2,351800,{'trace_kind': 'synthetic'},0.3518
isolation,0,streaming,LRU,ProportionalAllocation,1134,3,323200,{'trace_kind': 'synthetic'},0.3232
isolation,1,streaming,LRU,ProportionalAllocation,1134,3,330000,{'trace_kind': 'synthetic'},0.33
isolation,2,streaming,LRU,ProportionalAllocation,1134,3,337500,{'trace_kind': 'synthetic'},0.3375
isolation,3,streaming,LRU,ProportionalAllocation,1134,3,342500,{'trace_kind': 'synthetic'},0.3425
isolation,0,streaming,LRU,ProportionalAllocation,1134,4,323900,{'trace_kind': 'synthetic'},0.3239
isolation,1,streaming,LRU,ProportionalAllocation,1134,4,340000,{'trace_kind': 'synthetic'},0.34
isolation,2,streaming,LRU,ProportionalAllocation,1134,4,337800,{'trace_kind': 'synthetic'},0.3378
isolation,3,streaming,LRU,ProportionalAllocation,1134,4,342300,{'trace_kind': 'synthetic'},0.3423
isolation,0,streaming,LRU,ProportionalAllocation,1134,5,324500,{'trace_kind': 'synthetic'},0.3245
isolation,1,streaming,LRU,ProportionalAllocation,1134,5,334800,{'trace_kind': 'synthetic'},0.3348
isolation,2,streaming,LRU,ProportionalAllocation,1134,5,340400,{'trace_kind': 'synthetic'},0.3404
isolation,3,streaming,LRU,ProportionalAllocation,1134,5,345700,{'trace_kind': 'synthetic'},0.3457
isolation,0,streaming,LRU,ProportionalAllocation,1134,6,321800,{'trace_kind': 'synthetic'},0.3218
isolation,1,streaming,LRU,ProportionalAllocation,1134,6,326300,{'trace_kind': 'synthetic'},0.3263
isolation,2,streaming,LRU,ProportionalAllocation,1134,6,337800,{'trace_kind': 'synthetic'},0.3378
isolation,3,streaming,LRU,ProportionalAllocation,1134,6,345200,{'trace_kind': 'synthetic'},0.3452
isolation,0,streaming,LRU,ProportionalAllocation,1134,7,326900,{'trace_kind': 'synthetic'},0.3269
isolation,1,streaming,LRU,ProportionalAllocation,1134,7,338000,{'trace_kind': 'synthetic'},0.338
isolation,2,streaming,LRU,ProportionalAllocation,1134,7,339800,{'trace_kind': 'synthetic'},0.3398
isolation,3,streaming,LRU,ProportionalAllocation,1134,7,354800,{'trace_kind': 'synthetic'},0.3548
isolation,0,streaming,LRU,ProportionalAllocation,1134,8,322100,{'trace_kind': 'synthetic'},0.3221
isolation,1,streaming,LRU,ProportionalAllocation,1134,8,327700,{'trace_kind': 'synthetic'},0.3277
isolation,2,streaming,LRU,ProportionalAllocation,1134,8,341000,{'trace_kind': 'synthetic'},0.341
isolation,3,streaming,LRU,ProportionalAllocation,1134,8,343000,{'trace_kind': 'synthetic'},0.343
isolation,0,streaming,LRU,ProportionalAllocation,1134,9,325900,{'trace_kind': 'synthetic'},0.3259
isolation,1,streaming,LRU,ProportionalAllocation,1134,9,334900,{'trace_kind': 'synthetic'},0.3349
isolation,2,streaming,LRU,ProportionalAllocation,1134,9,340300,{'trace_kind': 'synthetic'},0.3403
isolation,3,streaming,LRU,ProportionalAllocation,1134,9,349000,{'trace_kind': 'synthetic'},0.349
isolation,0,streaming,NRU,GlobalAllocation,1134,0,381500,{'trace_kind': 'synthetic'},0.3815
isolation,1,streaming,NRU,GlobalAllocation,1134,0,402200,{'trace_kind': 'synthetic'},0.4022
isolation,2,streaming,NRU,GlobalAllocation,1134,0,368300,{'trace_kind': 'synthetic'},0.3683
isolation,3,streaming,NRU,GlobalAllocation,1134,0,744200,{'trace_kind': 'synthetic'},0.7442
isolation,0,streaming,NRU,GlobalAllocation,1134,1,365900,{'trace_kind': 'synthetic'},0.3659
isolation,1,streaming,NRU,GlobalAllocation,1134,1,355900,{'trace_kind': 'synthetic'},0.3559
isolation,2,streaming,NRU,GlobalAllocation,1134,1,382300,{'trace_kind': 'synthetic'},0.3823
isolation,3,streaming,NRU,GlobalAllocation,1134,1,379800,{'trace_kind': 'synthetic'},0.3798
isolation,0,streaming,NRU,GlobalAllocation,1134,2,362000,{'trace_kind': 'synthetic'},0.362
isolation,1,streaming,NRU,GlobalAllocation,1134,2,364500,{'trace_kind': 'synthetic'},0.3645
isolation,2,streaming,NRU,GlobalAllocation,1134,2,370200,{'trace_kind': 'synthetic'},0.3702
isolation,3,streaming,NRU,GlobalAllocation,1134,2,392600,{'trace_kind': 'synthetic'},0.3926
isolation,0,streaming,NRU,GlobalAllocation,1134,3,349000,{'trace_kind': 'synthetic'},0.349
isolation,1,streaming,NRU,GlobalAllocation,1134,3,368600,{'trace_kind': 'synthetic'},0.3686
isolation,2,streaming,NRU,GlobalAllocation,1134,3,383400,{'trace_kind': 'synthetic'},0.3834
isolation,3,streaming,NRU,GlobalAllocation,1134,3,392900,{'trace_kind': 'synthetic'},0.3929
isolation,0,streaming,NRU,GlobalAllocation,1134,4,348200,{'trace_kind': 'synthetic'},0.3482
isolation,1,streaming,NRU,GlobalAllocation,1134,4,359300,{'trace_kind': 'synthetic'},0.3593
isolation,2,streaming,NRU,GlobalAllocation,1134,4,370700,{'trace_kind': 'synthetic'},0.3707
isolation,3,streaming,NRU,GlobalAllocation,1134,4,378500,{'trace_kind': 'synthetic'},0.3785
isolation,0,streaming,NRU,GlobalAllocation,1134,5,350700,{'trace_kind': 'synthetic'},0.3507
isolation,1,streaming,NRU,GlobalAllocation,1134,5,364900,{'trace_kind': 'synthetic'},0.3649
isolation,2,streaming,NRU,GlobalAllocation,1134,5,383300,{'trace_kind': 'synthetic'},0.3833
isolation,3,streaming,NRU,GlobalAllocation,1134,5,386600,{'trace_kind': 'synthetic'},0.3866
isolation,0,streaming,NRU,GlobalAllocation,1134,6,361000,{'trace_kind': 'synthetic'},0.361
isolation,1,streaming,NRU,GlobalAllocation,1134,6,374300,{'trace_kind': 'synthetic'},0.3743
isolation,2,streaming,NRU,GlobalAllocation,1134,6,370700,{'trace_kind': 'synthetic'},0.3707
isolation,3,streaming,NRU,GlobalAllocation,1134,6,392900,{'trace_kind': 'synthetic'},0.3929
isolation,0,streaming,NRU,GlobalAllocation,1134,7,349100,{'trace_kind': 'synthetic'},0.3491
isolation,1,streaming,NRU,GlobalAllocation,1134,7,374500,{'trace_kind': 'synthetic'},0.3745
isolation,2,streaming,NRU,GlobalAllocation,1134,7,385700,{'trace_kind': 'synthetic'},0.3857
isolation,3,streaming,NRU,GlobalAllocation,1134,7,387700,{'trace_kind': 'synthetic'},0.3877
isolation,0,streaming,NRU,GlobalAllocation,1134,8,366800,{'trace_kind': 'synthetic'},0.3668
isolation,1,streaming,NRU,GlobalAllocation,1134,8,380400,{'trace_kind': 'synthetic'},0.3804
isolation,2,streaming,NRU,GlobalAllocation,1134,8,613100,{'trace_kind': 'synthetic'},0.6131
isolation,3,streaming,NRU,GlobalAllocation,1134,8,391200,{'trace_kind': 'synthetic'},0.3912
isolation,0,streaming,NRU,GlobalAllocation,1134,9,356000,{'trace_kind': 'synthetic'},0.356
isolation,1,streaming,NRU,GlobalAllocation,1134,9,370300,{'trace_kind': 'synthetic'},0.3703
isolation,2,streaming,NRU,GlobalAllocation,1134,9,380000,{'trace_kind': 'synthetic'},0.38
isolation,3,streaming,NRU,GlobalAllocation,1134,9,373800,{'trace_kind': 'synthetic'},0.3738
isolation,0,streaming,NRU,LocalAllocation,1134,0,352000,{'trace_kind': 'synthetic'},0.352
isolation,1,streaming,NRU,LocalAllocation,1134,0,364800,{'trace_kind': 'synthetic'},0.3648
isolation,2,streaming,NRU,LocalAllocation,1134,0,377400,{'trace_kind': 'synthetic'},0.3774
isolation,3,streaming,NRU,LocalAllocation,1134,0,390900,{'trace_kind': 'synthetic'},0.3909
isolation,0,streaming,NRU,LocalAllocation,1134,1,703700,{'trace_kind': 'synthetic'},0.7037
isolation,1,streaming,NRU,LocalAllocation,1134,1,682500,{'trace_kind': 'synthetic'},0.6825
isolation,2,streaming,NRU,LocalAllocation,1134,1,728100,{'trace_kind': 'synthetic'},0.7281
isolation,3,streaming,NRU,LocalAllocation,1134,1,787600,{'trace_kind': 'synthetic'},0.7876
isolation,0,streaming,NRU,LocalAllocation,1134,2,346500,{'trace_kind': 'synthetic'},0.3465
isolation,1,streaming,NRU,LocalAllocation,1134,2,378100,{'trace_kind': 'synthetic'},0.3781
isolation,2,streaming,NRU,LocalAllocation,1134,2,366300,{'trace_kind': 'synthetic'},0.3663
isolation,3,streaming,NRU,LocalAllocation,1134,2,376300,{'trace_kind': 'synthetic'},0.3763
isolation,0,streaming,NRU,LocalAllocation,1134,3,361700,{'trace_kind': 'synthetic'},0.3617
isolation,1,streaming,NRU,LocalAllocation,1134,3,379800,{'trace_kind': 'synthetic'},0.3798
isolation,2,streaming,NRU,LocalAllocation,1134,3,366700,{'trace_kind': 'synthetic'},0.3667
isolation,3,streaming,NRU,LocalAllocation,1134,3,383700,{'trace_kind': 'synthetic'},0.3837
isolation,0,streaming,NRU,LocalAllocation,1134,4,362700,{'trace_kind': 'synthetic'},0.3627
isolation,1,streaming,NRU,LocalAllocation,1134,4,369900,{'trace_kind': 'synthetic'},0.3699
isolation,2,streaming,NRU,LocalAllocation,1134,4,395100,{'trace_kind': 'synthetic'},0.3951
isolation,3,streaming,NRU,LocalAllocation,1134,4,379400,{'trace_kind': 'synthetic'},0.3794
isolation,0,streaming,NRU,LocalAllocation,1134,5,345500,{'trace_kind': 'synthetic'},0.3455
isolation,1,streaming,NRU,LocalAllocation,1134,5,361400,{'trace_kind': 'synthetic'},0.3614
isolation,2,streaming,NRU,LocalAllocation,1134,5,385900,{'trace_kind': 'synthetic'},0.3859
isolation,3,streaming,NRU,LocalAllocation,1134,5,373800,{'trace_kind': 'synthetic'},0.3738
isolation,0,streaming,NRU,LocalAllocation,1134,6,344900,{'trace_kind': 'synthetic'},0.3449
isolation,1,streaming,NRU,LocalAllocation,1134,6,356900,{'trace_kind': 'synthetic'},0.3569
isolation,2,streaming,NRU,LocalAllocation,1134,6,365900,{'trace_kind': 'synthetic'},0.3659
isolation,3,streaming,NRU,LocalAllocation,1134,6,378400,{'trace_kind': 'synthetic'},0.3784
isolation,0,streaming,NRU,LocalAllocation,1134,7,355200,{'trace_kind': 'synthetic'},0.3552
isolation,1,streaming,NRU,LocalAllocation,1134,7,376300,{'trace_kind': 'synthetic'},0.3763
isolation,2,streaming,NRU,LocalAllocation,1134,7,364300,{'trace_kind': 'synthetic'},0.3643
isolation,3,streaming,NRU,LocalAllocation,1134,7,376600,{'trace_kind': 'synthetic'},0.3766
isolation,0,streaming,NRU,LocalAllocation,1134,8,347000,{'trace_kind': 'synthetic'},0.347
isolation,1,streaming,NRU,LocalAllocation,1134,8,356500,{'trace_kind': 'synthetic'},0.3565
isolation,2,streaming,NRU,LocalAllocation,1134,8,385200,{'trace_kind': 'synthetic'},0.3852
isolation,3,streaming,NRU,LocalAllocation,1134,8,377500,{'trace_kind': 'synthetic'},0.3775
isolation,0,streaming,NRU,LocalAllocation,1134,9,376700,{'trace_kind': 'synthetic'},0.3767
isolation,1,streaming,NRU,LocalAllocation,1134,9,368200,{'trace_kind': 'synthetic'},0.3682
isolation,2,streaming,NRU,LocalAllocation,1134,9,375800,{'trace_kind': 'synthetic'},0.3758
isolation,3,streaming,NRU,LocalAllocation,1134,9,441900,{'trace_kind': 'synthetic'},0.4419
isolation,0,streaming,NRU,ProportionalAllocation,1134,0,333000,{'trace_kind': 'synthetic'},0.333
isolation,1,streaming,NRU,ProportionalAllocation,1134,0,325700,{'trace_kind': 'synthetic'},0.3257
isolation,2,streaming,NRU,ProportionalAllocation,1134,0,336500,{'trace_kind': 'synthetic'},0.3365
isolation,3,streaming,NRU,ProportionalAllocation,1134,0,357100,{'trace_kind': 'synthetic'},0.3571
isolation,0,streaming,NRU,ProportionalAllocation,1134,1,353000,{'trace_kind': 'synthetic'},0.353
isolation,1,streaming,NRU,ProportionalAllocation,1134,1,357100,{'trace_kind': 'synthetic'},0.3571
isolation,2,streaming,NRU,ProportionalAllocation,1134,1,368200,{'trace_kind': 'synthetic'},0.3682
isolation,3,streaming,NRU,ProportionalAllocation,1134,1,373600,{'trace_kind': 'synthetic'},0.3736
isolation,0,streaming,NRU,ProportionalAllocation,1134,2,366000,{'trace_kind': 'synthetic'},0.366
isolation,1,streaming,NRU,ProportionalAllocation,1134,2,360600,{'trace_kind': 'synthetic'},0.3606
isolation,2,streaming,NRU,ProportionalAllocation,1134,2,367100,{'trace_kind': 'synthetic'},0.3671
isolation,3,streaming,NRU,ProportionalAllocation,1134,2,375300,{'trace_kind': 'synthetic'},0.3753
isolation,0,streaming,NRU,ProportionalAllocation,1134,3,360900,{'trace_kind': 'synthetic'},0.3609
isolation,1,streaming,NRU,ProportionalAllocation,1134,3,355700,{'trace_kind': 'synthetic'},0.3557
isolation,2,streaming,NRU,ProportionalAllocation,1134,3,370900,{'trace_kind': 'synthetic'},0.3709
isolation,3,streaming,NRU,ProportionalAllocation,1134,3,370800,{'trace_kind': 'synthetic'},0.3708
isolation,0,streaming,NRU,ProportionalAllocation,1134,4,347300,{'trace_kind': 'synthetic'},0.3473
isolation,1,streaming,NRU,ProportionalAllocation,1134,4,356300,{'trace_kind': 'synthetic'},0.3563
isolation,2,streaming,NRU,ProportionalAllocation,1134,4,368500,{'trace_kind': 'synthetic'},0.3685
isolation,3,streaming,NRU,ProportionalAllocation,1134,4,381600,{'trace_kind': 'synthetic'},0.3816
isolation,0,streaming,NRU,ProportionalAllocation,1134,5,375700,{'trace_kind': 'synthetic'},0.3757
isolation,1,streaming,NRU,ProportionalAllocation,1134,5,364900,{'trace_kind': 'synthetic'},0.3649
isolation,2,streaming,NRU,ProportionalAllocation,1134,5,374300,{'trace_kind': 'synthetic'},0.3743
isolation,3,streaming,NRU,ProportionalAllocation,1134,5,384300,{'trace_kind': 'synthetic'},0.3843
isolation,0,streaming,NRU,ProportionalAllocation,1134,6,346200,{'trace_kind': 'synthetic'},0.3462
isolation,1,streaming,NRU,ProportionalAllocation,1134,6,353400,{'trace_kind': 'synthetic'},0.3534
isolation,2,streaming,NRU,ProportionalAllocation,1134,6,379500,{'trace_kind': 'synthetic'},0.3795
isolation,3,streaming,NRU,ProportionalAllocation,1134,6,391800,{'trace_kind': 'synthetic'},0.3918
isolation,0,streaming,NRU,ProportionalAllocation,1134,7,346400,{'trace_kind': 'synthetic'},0.3464
isolation,1,streaming,NRU,ProportionalAllocation,1134,7,466100,{'trace_kind': 'synthetic'},0.4661
isolation,2,streaming,NRU,ProportionalAllocation,1134,7,366300,{'trace_kind': 'synthetic'},0.3663
isolation,3,streaming,NRU,ProportionalAllocation,1134,7,378700,{'trace_kind': 'synthetic'},0.3787
isolation,0,streaming,NRU,ProportionalAllocation,1134,8,372700,{'trace_kind': 'synthetic'},0.3727
isolation,1,streaming,NRU,ProportionalAllocation,1134,8,361900,{'trace_kind': 'synthetic'},0.3619
isolation,2,streaming,NRU,ProportionalAllocation,1134,8,369500,{'trace_kind': 'synthetic'},0.3695
isolation,3,streaming,NRU,ProportionalAllocation,1134,8,379800,{'trace_kind': 'synthetic'},0.3798
isolation,0,streaming,NRU,ProportionalAllocation,1134,9,708000,{'trace_kind': 'synthetic'},0.708
isolation,1,streaming,NRU,ProportionalAllocation,1134,9,679100,{'trace_kind': 'synthetic'},0.6791
isolation,2,streaming,NRU,ProportionalAllocation,1134,9,723000,{'trace_kind': 'synthetic'},0.723
isolation,3,streaming,NRU,ProportionalAllocation,1134,9,704400,{'trace_kind': 'synthetic'},0.7044
isolation,0,streaming,SecondChance,GlobalAllocation,1134,0,354000,{'trace_kind': 'synthetic'},0.354
isolation,1,streaming,SecondChance,GlobalAllocation,1134,0,368400,{'trace_kind': 'synthetic'},0.3684
isolation,2,streaming,SecondChance,GlobalAllocation,1134,0,393700,{'trace_kind': 'synthetic'},0.3937
isolation,3,streaming,SecondChance,GlobalAllocation,1134,0,420300,{'trace_kind': 'synthetic'},0.4203
isolation,0,streaming,SecondChance,GlobalAllocation,1134,1,351000,{'trace_kind': 'synthetic'},0.351
isolation,1,streaming,SecondChance,GlobalAllocation,1134,1,369400,{'trace_kind': 'synthetic'},0.3694
isolation,2,streaming,SecondChance,GlobalAllocation,1134,1,391700,{'trace_kind': 'synthetic'},0.3917
isolation,3,streaming,SecondChance,GlobalAllocation,1134,1,424200,{'trace_kind': 'synthetic'},0.4242
isolation,0,streaming,SecondChance,GlobalAllocation,1134,2,430000,{'trace_kind': 'synthetic'},0.43
isolation,1,streaming,SecondChance,GlobalAllocation,1134,2,381100,{'trace_kind': 'synthetic'},0.3811
isolation,2,streaming,SecondChance,GlobalAllocation,1134,2,402700,{'trace_kind': 'synthetic'},0.4027
isolation,3,streaming,SecondChance,GlobalAllocation,1134,2,450300,{'trace_kind': 'synthetic'},0.4503
isolation,0,streaming,SecondChance,GlobalAllocation,1134,3,347900,{'trace_kind': 'synthetic'},0.3479
isolation,1,streaming,SecondChance,GlobalAllocation,1134,3,369800,{'trace_kind': 'synthetic'},0.3698
isolation,2,streaming,SecondChance,GlobalAllocation,1134,3,399400,{'trace_kind': 'synthetic'},0.3994
isolation,3,streaming,SecondChance,GlobalAllocation,1134,3,426400,{'trace_kind': 'synthetic'},0.4264
isolation,0,streaming,SecondChance,GlobalAllocation,1134,4,348900,{'trace_kind': 'synthetic'},0.3489
isolation,1,streaming,SecondChance,GlobalAllocation,1134,4,375400,{'trace_kind': 'synthetic'},0.3754
isolation,2,streaming,SecondChance,GlobalAllocation,1134,4,398900,{'trace_kind': 'synthetic'},0.3989
isolation,3,streaming,SecondChance,GlobalAllocation,1134,4,424700,{'trace_kind': 'synthetic'},0.4247
isolation,0,streaming,SecondChance,GlobalAllocation,1134,5,347800,{'trace_kind': 'synthetic'},0.3478
isolation,1,streaming,SecondChance,GlobalAllocation,1134,5,373400,{'trace_kind': 'synthetic'},0.3734
isolation,2,streaming,SecondChance,GlobalAllocation,1134,5,405800,{'trace_kind': 'synthetic'},0.4058
isolation,3,streaming,SecondChance,GlobalAllocation,1134,5,428200,{'trace_kind': 'synthetic'},0.4282
isolation,0,streaming,SecondChance,GlobalAllocation,1134,6,347000,{'trace_kind': 'synthetic'},0.347
isolation,1,streaming,SecondChance,GlobalAllocation,1134,6,369000,{'trace_kind': 'synthetic'},0.369
isolation,2,streaming,SecondChance,GlobalAllocation,1134,6,392000,{'trace_kind': 'synthetic'},0.392
isolation,3,streaming,SecondChance,GlobalAllocation,1134,6,427900,{'trace_kind': 'synthetic'},0.4279
isolation,0,streaming,SecondChance,GlobalAllocation,1134,7,342800,{'trace_kind': 'synthetic'},0.3428
isolation,1,streaming,SecondChance,GlobalAllocation,1134,7,370900,{'trace_kind': 'synthetic'},0.3709
isolation,2,streaming,SecondChance,GlobalAllocation,1134,7,401100,{'trace_kind': 'synthetic'},0.4011
isolation,3,streaming,SecondChance,GlobalAllocation,1134,7,418900,{'trace_kind': 'synthetic'},0.4189
isolation,0,streaming,SecondChance,GlobalAllocation,1134,8,344000,{'trace_kind': 'synthetic'},0.344
isolation,1,streaming,SecondChance,GlobalAllocation,1134,8,369300,{'trace_kind': 'synthetic'},0.3693
isolation,2,streaming,SecondChance,GlobalAllocation,1134,8,391800,{'trace_kind': 'synthetic'},0.3918
isolation,3,streaming,SecondChance,GlobalAllocation,1134,8,427400,{'trace_kind': 'synthetic'},0.4274
isolation,0,streaming,SecondChance,GlobalAllocation,1134,9,333800,{'trace_kind': 'synthetic'},0.3338
isolation,1,streaming,SecondChance,GlobalAllocation,1134,9,360100,{'trace_kind': 'synthetic'},0.3601
isolation,2,streaming,SecondChance,GlobalAllocation,1134,9,376200,{'trace_kind': 'synthetic'},0.3762
isolation,3,streaming,SecondChance,GlobalAllocation,1134,9,415400,{'trace_kind': 'synthetic'},0.4154
isolation,0,streaming,SecondChance,LocalAllocation,1134,0,392700,{'trace_kind': 'synthetic'},0.3927
isolation,1,streaming,SecondChance,LocalAllocation,1134,0,369200,{'trace_kind': 'synthetic'},0.3692
isolation,2,streaming,SecondChance,LocalAllocation,1134,0,393900,{'trace_kind': 'synthetic'},0.3939
isolation,3,streaming,SecondChance,LocalAllocation,1134,0,425700,{'trace_kind': 'synthetic'},0.4257
isolation,0,streaming,SecondChance,LocalAllocation,1134,1,347400,{'trace_kind': 'synthetic'},0.3474
isolation,1,streaming,SecondChance,LocalAllocation,1134,1,369900,{'trace_kind': 'synthetic'},0.3699
isolation,2,streaming,SecondChance,LocalAllocation,1134,1,393300,{'trace_kind': 'synthetic'},0.3933
isolation,3,streaming,SecondChance,LocalAllocation,1134,1,429000,{'trace_kind': 'synthetic'},0.429
isolation,0,streaming,SecondChance,LocalAllocation,1134,2,344700,{'trace_kind': 'synthetic'},0.3447
isolation,1,streaming,SecondChance,LocalAllocation,1134,2,362400,{'trace_kind': 'synthetic'},0.3624
isolation,2,streaming,SecondChance,LocalAllocation,1134,2,398000,{'trace_kind': 'synthetic'},0.398
isolation,3,streaming,SecondChance,LocalAllocation,1134,2,424800,{'trace_kind': 'synthetic'},0.4248
isolation,0,streaming,SecondChance,LocalAllocation,1134,3,338500,{'trace_kind': 'synthetic'},0.3385
isolation,1,streaming,SecondChance,LocalAllocation,1134,3,376000,{'trace_kind': 'synthetic'},0.376
isolation,2,streaming,SecondChance,LocalAllocation,1134,3,394900,{'trace_kind': 'synthetic'},0.3949
isolation,3,streaming,SecondChance,LocalAllocation,1134,3,424600,{'trace_kind': 'synthetic'},0.4246
isolation,0,streaming,SecondChance,LocalAllocation,1134,4,339400,{'trace_kind': 'synthetic'},0.3394
isolation,1,streaming,SecondChance,LocalAllocation,1134,4,373800,{'trace_kind': 'synthetic'},0.3738
isolation,2,streaming,SecondChance,LocalAllocation,1134,4,397400,{'trace_kind': 'synthetic'},0.3974
isolation,3,streaming,SecondChance,LocalAllocation,1134,4,422500,{'trace_kind': 'synthetic'},0.4225
isolation,0,streaming,SecondChance,LocalAllocation,1134,5,343400,{'trace_kind': 'synthetic'},0.3434
isolation,1,streaming,SecondChance,LocalAllocation,1134,5,374900,{'trace_kind': 'synthetic'},0.3749
isolation,2,streaming,SecondChance,LocalAllocation,1134,5,399400,{'trace_kind': 'synthetic'},0.3994
isolation,3,streaming,SecondChance,LocalAllocation,1134,5,424100,{'trace_kind': 'synthetic'},0.4241
isolation,0,streaming,SecondChance,LocalAllocation,1134,6,341900,{'trace_kind': 'synthetic'},0.3419
isolation,1,streaming,SecondChance,LocalAllocation,1134,6,364200,{'trace_kind': 'synthetic'},0.3642
isolation,2,streaming,SecondChance,LocalAllocation,1134,6,392300,{'trace_kind': 'synthetic'},0.3923
isolation,3,streaming,SecondChance,LocalAllocation,1134,6,423200,{'trace_kind': 'synthetic'},0.4232
isolation,0,streaming,SecondChance,LocalAllocation,1134,7,348800,{'trace_kind': 'synthetic'},0.3488
isolation,1,streaming,SecondChance,LocalAllocation,1134,7,370500,{'trace_kind': 'synthetic'},0.3705
isolation,2,streaming,SecondChance,LocalAllocation,1134,7,395600,{'trace_kind': 'synthetic'},0.3956
isolation,3,streaming,SecondChance,LocalAllocation,1134,7,420300,{'trace_kind': 'synthetic'},0.4203
isolation,0,streaming,SecondChance,LocalAllocation,1134,8,345400,{'trace_kind': 'synthetic'},0.3454
isolation,1,streaming,SecondChance,LocalAllocation,1134,8,369500,{'trace_kind': 'synthetic'},0.3695
isolation,2,streaming,SecondChance,LocalAllocation,1134,8,396300,{'trace_kind': 'synthetic'},0.3963
isolation,3,streaming,SecondChance,LocalAllocation,1134,8,457300,{'trace_kind': 'synthetic'},0.4573
isolation,0,streaming,SecondChance,LocalAllocation,1134,9,342900,{'trace_kind': 'synthetic'},0.3429
isolation,1,streaming,SecondChance,LocalAllocation,1134,9,368700,{'trace_kind': 'synthetic'},0.3687
isolation,2,streaming,SecondChance,LocalAllocation,1134,9,391900,{'trace_kind': 'synthetic'},0.3919
isolation,3,streaming,SecondChance,LocalAllocation,1134,9,428100,{'trace_kind': 'synthetic'},0.4281
isolation,0,streaming,SecondChance,ProportionalAllocation,1134,0,346900,{'trace_kind': 'synthetic'},0.3469
isolation,1,streaming,SecondChance,ProportionalAllocation,1134,0,395500,{'trace_kind': 'synthetic'},0.3955
isolation,2,streaming,SecondChance,ProportionalAllocation,1134,0,389500,{'trace_kind': 'synthetic'},0.3895
isolation,3,streaming,SecondChance,ProportionalAllocation,1134,0,422600,{'trace_kind': 'synthetic'},0.4226
isolation,0,streaming,SecondChance,ProportionalAllocation,1134,1,343100,{'trace_kind': 'synthetic'},0.3431
isolation,1,streaming,SecondChance,ProportionalAllocation,1134,1,376500,{'trace_kind': 'synthetic'},0.3765
isolation,2,streaming,SecondChance,ProportionalAllocation,1134,1,395600,{'trace_kind': 'synthetic'},0.3956
isolation,3,streaming,SecondChance,ProportionalAllocation,1134,1,424400,{'trace_kind': 'synthetic'},0.4244
isolation,0,streaming,SecondChance,ProportionalAllocation,1134,2,351300,{'trace_kind': 'synthetic'},0.3513
isolation,1,streaming,SecondChance,ProportionalAllocation,1134,2,372300,{'trace_kind': 'synthetic'},0.3723
isolation,2,streaming,SecondChance,ProportionalAllocation,1134,2,395600,{'trace_kind': 'synthetic'},0.3956
isolation,3,streaming,SecondChance,ProportionalAllocation,1134,2,421600,{'trace_kind': 'synthetic'},0.4216
isolation,0,streaming,SecondChance,ProportionalAllocation,1134,3,341900,{'trace_kind': 'synthetic'},0.3419
isolation,1,streaming,SecondChance,ProportionalAllocation,1134,3,370200,{'trace_kind': 'synthetic'},0.3702
isolation,2,streaming,SecondChance,ProportionalAllocation,1134,3,397900,{'trace_kind': 'synthetic'},0.3979
isolation,3,streaming,SecondChance,ProportionalAllocation,1134,3,421300,{'trace_kind': 'synthetic'},0.4213
isolation,0,streaming,SecondChance,ProportionalAllocation,1134,4,344300,{'trace_kind': 'synthetic'},0.3443
isolation,1,streaming,SecondChance,ProportionalAllocation,1134,4,381300,{'trace_kind': 'synthetic'},0.3813
isolation,2,streaming,SecondChance,ProportionalAllocation,1134,4,394700,{'trace_kind': 'synthetic'},0.3947
isolation,3,streaming,SecondChance,ProportionalAllocation,1134,4,419900,{'trace_kind': 'synthetic'},0.4199
isolation,0,streaming,SecondChance,ProportionalAllocation,1134,5,346800,{'trace_kind': 'synthetic'},0.3468
isolation,1,streaming,SecondChance,ProportionalAllocation,1134,5,372900,{'trace_kind': 'synthetic'},0.3729
isolation,2,streaming,SecondChance,ProportionalAllocation,1134,5,415000,{'trace_kind': 'synthetic'},0.415
isolation,3,streaming,SecondChance,ProportionalAllocation,1134,5,437100,{'trace_kind': 'synthetic'},0.4371
isolation,0,streaming,SecondChance,ProportionalAllocation,1134,6,400700,{'trace_kind': 'synthetic'},0.4007
isolation,1,streaming,SecondChance,ProportionalAllocation,1134,6,394300,{'trace_kind': 'synthetic'},0.3943
isolation,2,streaming,SecondChance,ProportionalAllocation,1134,6,381600,{'trace_kind': 'synthetic'},0.3816
isolation,3,streaming,SecondChance,ProportionalAllocation,1134,6,429700,{'trace_kind': 'synthetic'},0.4297
isolation,0,streaming,SecondChance,ProportionalAllocation,1134,7,347500,{'trace_kind': 'synthetic'},0.3475
isolation,1,streaming,SecondChance,ProportionalAllocation,1134,7,370500,{'trace_kind': 'synthetic'},0.3705
isolation,2,streaming,SecondChance,ProportionalAllocation,1134,7,394500,{'trace_kind': 'synthetic'},0.3945
isolation,3,streaming,SecondChance,ProportionalAllocation,1134,7,426000,{'trace_kind': 'synthetic'},0.426
isolation,0,streaming,SecondChance,ProportionalAllocation,1134,8,351900,{'trace_kind': 'synthetic'},0.3519
isolation,1,streaming,SecondChance,ProportionalAllocation,1134,8,409000,{'trace_kind': 'synthetic'},0.409
isolation,2,streaming,SecondChance,ProportionalAllocation,1134,8,430900,{'trace_kind': 'synthetic'},0.4309
isolation,3,streaming,SecondChance,ProportionalAllocation,1134,8,441800,{'trace_kind': 'synthetic'},0.4418
isolation,0,streaming,SecondChance,ProportionalAllocation,1134,9,343900,{'trace_kind': 'synthetic'},0.3439
isolation,1,streaming,SecondChance,ProportionalAllocation,1134,9,368900,{'trace_kind': 'synthetic'},0.3689
isolation,2,streaming,SecondChance,ProportionalAllocation,1134,9,389000,{'trace_kind': 'synthetic'},0.389
isolation,3,streaming,SecondChance,ProportionalAllocation,1134,9,423000,{'trace_kind': 'synthetic'},0.423
isolation,0,streaming,WSClock,GlobalAllocation,1134,0,354300,{'trace_kind': 'synthetic'},0.3543
isolation,1,streaming,WSClock,GlobalAllocation,1134,0,366500,{'trace_kind': 'synthetic'},0.3665
isolation,2,streaming,WSClock,GlobalAllocation,1134,0,429100,{'trace_kind': 'synthetic'},0.4291
isolation,3,streaming,WSClock,GlobalAllocation,1134,0,424900,{'trace_kind': 'synthetic'},0.4249
isolation,0,streaming,WSClock,GlobalAllocation,1134,1,348000,{'trace_kind': 'synthetic'},0.348
isolation,1,streaming,WSClock,GlobalAllocation,1134,1,369400,{'trace_kind': 'synthetic'},0.3694
isolation,2,streaming,WSClock,GlobalAllocation,1134,1,396300,{'trace_kind': 'synthetic'},0.3963
isolation,3,streaming,WSClock,GlobalAllocation,1134,1,429300,{'trace_kind': 'synthetic'},0.4293
isolation,0,streaming,WSClock,GlobalAllocation,1134,2,357800,{'trace_kind': 'synthetic'},0.3578
isolation,1,streaming,WSClock,GlobalAllocation,1134,2,380000,{'trace_kind': 'synthetic'},0.38
isolation,2,streaming,WSClock,GlobalAllocation,1134,2,415100,{'trace_kind': 'synthetic'},0.4151
isolation,3,streaming,WSClock,GlobalAllocation,1134,2,443500,{'trace_kind': 'synthetic'},0.4435
isolation,0,streaming,WSClock,GlobalAllocation,1134,3,342500,{'trace_kind': 'synthetic'},0.3425
isolation,1,streaming,WSClock,GlobalAllocation,1134,3,387900,{'trace_kind': 'synthetic'},0.3879
isolation,2,streaming,WSClock,GlobalAllocation,1134,3,394500,{'trace_kind': 'synthetic'},0.3945
isolation,3,streaming,WSClock,GlobalAllocation,1134,3,423100,{'trace_kind': 'synthetic'},0.4231
isolation,0,streaming,WSClock,GlobalAllocation,1134,4,536000,{'trace_kind': 'synthetic'},0.536
isolation,1,streaming,WSClock,GlobalAllocation,1134,4,839000,{'trace_kind': 'synthetic'},0.839
isolation,2,streaming,WSClock,GlobalAllocation,1134,4,496400,{'trace_kind': 'synthetic'},0.4964
isolation,3,streaming,WSClock,GlobalAllocation,1134,4,429000,{'trace_kind': 'synthetic'},0.429
isolation,0,streaming,WSClock,GlobalAllocation,1134,5,348100,{'trace_kind': 'synthetic'},0.3481
isolation,1,streaming,WSClock,GlobalAllocation,1134,5,372100,{'trace_kind': 'synthetic'},0.3721
isolation,2,streaming,WSClock,GlobalAllocation,1134,5,403500,{'trace_kind': 'synthetic'},0.4035
isolation,3,streaming,WSClock,GlobalAllocation,1134,5,422300,{'trace_kind': 'synthetic'},0.4223
isolation,0,streaming,WSClock,GlobalAllocation,1134,6,345800,{'trace_kind': 'synthetic'},0.3458
isolation,1,streaming,WSClock,GlobalAllocation,1134,6,364300,{'trace_kind': 'synthetic'},0.3643
isolation,2,streaming,WSClock,GlobalAllocation,1134,6,394500,{'trace_kind': 'synthetic'},0.3945
isolation,3,streaming,WSClock,GlobalAllocation,1134,6,421900,{'trace_kind': 'synthetic'},0.4219
isolation,0,streaming,WSClock,GlobalAllocation,1134,7,351200,{'trace_kind': 'synthetic'},0.3512
isolation,1,streaming,WSClock,GlobalAllocation,1134,7,377600,{'trace_kind': 'synthetic'},0.3776
isolation,2,streaming,WSClock,GlobalAllocation,1134,7,394200,{'trace_kind': 'synthetic'},0.3942
isolation,3,streaming,WSClock,GlobalAllocation,1134,7,424100,{'trace_kind': 'synthetic'},0.4241
isolation,0,streaming,WSClock,GlobalAllocation,1134,8,344000,{'trace_kind': 'synthetic'},0.344
isolation,1,streaming,WSClock,GlobalAllocation,1134,8,372300,{'trace_kind': 'synthetic'},0.3723
isolation,2,streaming,WSClock,GlobalAllocation,1134,8,391300,{'trace_kind': 'synthetic'},0.3913
isolation,3,streaming,WSClock,GlobalAllocation,1134,8,421700,{'trace_kind': 'synthetic'},0.4217
isolation,0,streaming,WSClock,GlobalAllocation,1134,9,699100,{'trace_kind': 'synthetic'},0.6991
isolation,1,streaming,WSClock,GlobalAllocation,1134,9,537300,{'trace_kind': 'synthetic'},0.5373
isolation,2,streaming,WSClock,GlobalAllocation,1134,9,405800,{'trace_kind': 'synthetic'},0.4058
isolation,3,streaming,WSClock,GlobalAllocation,1134,9,424300,{'trace_kind': 'synthetic'},0.4243
isolation,0,streaming,WSClock,LocalAllocation,1134,0,685500,{'trace_kind': 'synthetic'},0.6855
isolation,1,streaming,WSClock,LocalAllocation,1134,0,770100,{'trace_kind': 'synthetic'},0.7701
isolation,2,streaming,WSClock,LocalAllocation,1134,0,835200,{'trace_kind': 'synthetic'},0.8352
isolation,3,streaming,WSClock,LocalAllocation,1134,0,429500,{'trace_kind': 'synthetic'},0.4295
isolation,0,streaming,WSClock,LocalAllocation,1134,1,353100,{'trace_kind': 'synthetic'},0.3531
isolation,1,streaming,WSClock,LocalAllocation,1134,1,368400,{'trace_kind': 'synthetic'},0.3684
isolation,2,streaming,WSClock,LocalAllocation,1134,1,396400,{'trace_kind': 'synthetic'},0.3964
isolation,3,streaming,WSClock,LocalAllocation,1134,1,423200,{'trace_kind': 'synthetic'},0.4232
isolation,0,streaming,WSClock,LocalAllocation,1134,2,350200,{'trace_kind': 'synthetic'},0.3502
isolation,1,streaming,WSClock,LocalAllocation,1134,2,371400,{'trace_kind': 'synthetic'},0.3714
isolation,2,streaming,WSClock,LocalAllocation,1134,2,400900,{'trace_kind': 'synthetic'},0.4009
isolation,3,streaming,WSClock,LocalAllocation,1134,2,416800,{'trace_kind': 'synthetic'},0.4168
isolation,0,streaming,WSClock,LocalAllocation,1134,3,341500,{'trace_kind': 'synthetic'},0.3415
isolation,1,streaming,WSClock,LocalAllocation,1134,3,367600,{'trace_kind': 'synthetic'},0.3676
isolation,2,streaming,WSClock,LocalAllocation,1134,3,399700,{'trace_kind': 'synthetic'},0.3997
isolation,3,streaming,WSClock,LocalAllocation,1134,3,423500,{'trace_kind': 'synthetic'},0.4235
isolation,0,streaming,WSClock,LocalAllocation,1134,4,344800,{'trace_kind': 'synthetic'},0.3448
isolation,1,streaming,WSClock,LocalAllocation,1134,4,371700,{'trace_kind': 'synthetic'},0.3717
isolation,2,streaming,WSClock,LocalAllocation,1134,4,397000,{'trace_kind': 'synthetic'},0.397
isolation,3,streaming,WSClock,LocalAllocation,1134,4,424400,{'trace_kind': 'synthetic'},0.4244
isolation,0,streaming,WSClock,LocalAllocation,1134,5,337600,{'trace_kind': 'synthetic'},0.3376
isolation,1,streaming,WSClock,LocalAllocation,1134,5,375400,{'trace_kind': 'synthetic'},0.3754
isolation,2,streaming,WSClock,LocalAllocation,1134,5,398500,{'trace_kind': 'synthetic'},0.3985
isolation,3,streaming,WSClock,LocalAllocation,1134,5,419400,{'trace_kind': 'synthetic'},0.4194
isolation,0,streaming,WSClock,LocalAllocation,1134,6,342300,{'trace_kind': 'synthetic'},0.3423
isolation,1,streaming,WSClock,LocalAllocation,1134,6,368700,{'trace_kind': 'synthetic'},0.3687
isolation,2,streaming,WSClock,LocalAllocation,1134,6,394200,{'trace_kind': 'synthetic'},0.3942
isolation,3,streaming,WSClock,LocalAllocation,1134,6,427000,{'trace_kind': 'synthetic'},0.427
isolation,0,streaming,WSClock,LocalAllocation,1134,7,341300,{'trace_kind': 'synthetic'},0.3413
isolation,1,streaming,WSClock,LocalAllocation,1134,7,368600,{'trace_kind': 'synthetic'},0.3686
isolation,2,streaming,WSClock,LocalAllocation,1134,7,398400,{'trace_kind': 'synthetic'},0.3984
isolation,3,streaming,WSClock,LocalAllocation,1134,7,440600,{'trace_kind': 'synthetic'},0.4406
isolation,0,streaming,WSClock,LocalAllocation,1134,8,345900,{'trace_kind': 'synthetic'},0.3459
isolation,1,streaming,WSClock,LocalAllocation,1134,8,363000,{'trace_kind': 'synthetic'},0.363
isolation,2,streaming,WSClock,LocalAllocation,1134,8,398500,{'trace_kind': 'synthetic'},0.3985
isolation,3,streaming,WSClock,LocalAllocation,1134,8,421600,{'trace_kind': 'synthetic'},0.4216
isolation,0,streaming,WSClock,LocalAllocation,1134,9,342600,{'trace_kind': 'synthetic'},0.3426
isolation,1,streaming,WSClock,LocalAllocation,1134,9,369400,{'trace_kind': 'synthetic'},0.3694
isolation,2,streaming,WSClock,LocalAllocation,1134,9,395600,{'trace_kind': 'synthetic'},0.3956
isolation,3,streaming,WSClock,LocalAllocation,1134,9,420600,{'trace_kind': 'synthetic'},0.4206
isolation,0,streaming,WSClock,ProportionalAllocation,1134,0,343700,{'trace_kind': 'synthetic'},0.3437
isolation,1,streaming,WSClock,ProportionalAllocation,1134,0,438100,{'trace_kind': 'synthetic'},0.4381
isolation,2,streaming,WSClock,ProportionalAllocation,1134,0,395000,{'trace_kind': 'synthetic'},0.395
isolation,3,streaming,WSClock,ProportionalAllocation,1134,0,424400,{'trace_kind': 'synthetic'},0.4244
isolation,0,streaming,WSClock,ProportionalAllocation,1134,1,344800,{'trace_kind': 'synthetic'},0.3448
isolation,1,streaming,WSClock,ProportionalAllocation,1134,1,368300,{'trace_kind': 'synthetic'},0.3683
isolation,2,streaming,WSClock,ProportionalAllocation,1134,1,396800,{'trace_kind': 'synthetic'},0.3968
isolation,3,streaming,WSClock,ProportionalAllocation,1134,1,897100,{'trace_kind': 'synthetic'},0.8971
isolation,0,streaming,WSClock,ProportionalAllocation,1134,2,345100,{'trace_kind': 'synthetic'},0.3451
isolation,1,streaming,WSClock,ProportionalAllocation,1134,2,365000,{'trace_kind': 'synthetic'},0.365
isolation,2,streaming,WSClock,ProportionalAllocation,1134,2,394100,{'trace_kind': 'synthetic'},0.3941
isolation,3,streaming,WSClock,ProportionalAllocation,1134,2,425300,{'trace_kind': 'synthetic'},0.4253
isolation,0,streaming,WSClock,ProportionalAllocation,1134,3,341900,{'trace_kind': 'synthetic'},0.3419
isolation,1,streaming,WSClock,ProportionalAllocation,1134,3,368700,{'trace_kind': 'synthetic'},0.3687
isolation,2,streaming,WSClock,ProportionalAllocation,1134,3,396400,{'trace_kind': 'synthetic'},0.3964
isolation,3,streaming,WSClock,ProportionalAllocation,1134,3,425300,{'trace_kind': 'synthetic'},0.4253
isolation,0,streaming,WSClock,ProportionalAllocation,1134,4,364700,{'trace_kind': 'synthetic'},0.3647
isolation,1,streaming,WSClock,ProportionalAllocation,1134,4,370100,{'trace_kind': 'synthetic'},0.3701
isolation,2,streaming,WSClock,ProportionalAllocation,1134,4,398300,{'trace_kind': 'synthetic'},0.3983
isolation,3,streaming,WSClock,ProportionalAllocation,1134,4,425800,{'trace_kind': 'synthetic'},0.4258
isolation,0,streaming,WSClock,ProportionalAllocation,1134,5,342800,{'trace_kind': 'synthetic'},0.3428
isolation,1,streaming,WSClock,ProportionalAllocation,1134,5,370600,{'trace_kind': 'synthetic'},0.3706
isolation,2,streaming,WSClock,ProportionalAllocation,1134,5,396000,{'trace_kind': 'synthetic'},0.396
isolation,3,streaming,WSClock,ProportionalAllocation,1134,5,424200,{'trace_kind': 'synthetic'},0.4242
isolation,0,streaming,WSClock,ProportionalAllocation,1134,6,345400,{'trace_kind': 'synthetic'},0.3454
isolation,1,streaming,WSClock,ProportionalAllocation,1134,6,369400,{'trace_kind': 'synthetic'},0.3694
isolation,2,streaming,WSClock,ProportionalAllocation,1134,6,397400,{'trace_kind': 'synthetic'},0.3974
isolation,3,streaming,WSClock,ProportionalAllocation,1134,6,429000,{'trace_kind': 'synthetic'},0.429
isolation,0,streaming,WSClock,ProportionalAllocation,1134,7,346300,{'trace_kind': 'synthetic'},0.3463
isolation,1,streaming,WSClock,ProportionalAllocation,1134,7,372600,{'trace_kind': 'synthetic'},0.3726
isolation,2,streaming,WSClock,ProportionalAllocation,1134,7,400200,{'trace_kind': 'synthetic'},0.4002
isolation,3,streaming,WSClock,ProportionalAllocation,1134,7,432300,{'trace_kind': 'synthetic'},0.4323
isolation,0,streaming,WSClock,ProportionalAllocation,1134,8,346400,{'trace_kind': 'synthetic'},0.3464
isolation,1,streaming,WSClock,ProportionalAllocation,1134,8,370600,{'trace_kind': 'synthetic'},0.3706
isolation,2,streaming,WSClock,ProportionalAllocation,1134,8,396000,{'trace_kind': 'synthetic'},0.396
isolation,3,streaming,WSClock,ProportionalAllocation,1134,8,423900,{'trace_kind': 'synthetic'},0.4239
isolation,0,streaming,WSClock,ProportionalAllocation,1134,9,347600,{'trace_kind': 'synthetic'},0.3476
isolation,1,streaming,WSClock,ProportionalAllocation,1134,9,368100,{'trace_kind': 'synthetic'},0.3681
isolation,2,streaming,WSClock,ProportionalAllocation,1134,9,396100,{'trace_kind': 'synthetic'},0.3961
isolation,3,streaming,WSClock,ProportionalAllocation,1134,9,418500,{'trace_kind': 'synthetic'},0.4185
isolation,0,streaming,FIFO,GlobalAllocation,1465,0,200300,{'trace_kind': 'synthetic'},0.2003
isolation,1,streaming,FIFO,GlobalAllocation,1465,0,213900,{'trace_kind': 'synthetic'},0.2139
isolation,2,streaming,FIFO,GlobalAllocation,1465,0,214900,{'trace_kind': 'synthetic'},0.2149
isolation,3,streaming,FIFO,GlobalAllocation,1465,0,223600,{'trace_kind': 'synthetic'},0.2236
isolation,4,streaming,FIFO,GlobalAllocation,1465,0,225100,{'trace_kind': 'synthetic'},0.2251
isolation,5,streaming,FIFO,GlobalAllocation,1465,0,234500,{'trace_kind': 'synthetic'},0.2345
isolation,6,streaming,FIFO,GlobalAllocation,1465,0,249200,{'trace_kind': 'synthetic'},0.2492
isolation,7,streaming,FIFO,GlobalAllocation,1465,0,260500,{'trace_kind': 'synthetic'},0.2605
isolation,0,streaming,FIFO,GlobalAllocation,1465,1,201500,{'trace_kind': 'synthetic'},0.2015
isolation,1,streaming,FIFO,GlobalAllocation,1465,1,209800,{'trace_kind': 'synthetic'},0.2098
isolation,2,streaming,FIFO,GlobalAllocation,1465,1,221100,{'trace_kind': 'synthetic'},0.2211
isolation,3,streaming,FIFO,GlobalAllocation,1465,1,223200,{'trace_kind': 'synthetic'},0.2232
isolation,4,streaming,FIFO,GlobalAllocation,1465,1,228600,{'trace_kind': 'synthetic'},0.2286
isolation,5,streaming,FIFO,GlobalAllocation,1465,1,235200,{'trace_kind': 'synthetic'},0.2352
isolation,6,streaming,FIFO,GlobalAllocation,1465,1,243300,{'trace_kind': 'synthetic'},0.2433
isolation,7,streaming,FIFO,GlobalAllocation,1465,1,253900,{'trace_kind': 'synthetic'},0.2539
isolation,0,streaming,FIFO,GlobalAllocation,1465,2,201000,{'trace_kind': 'synthetic'},0.201
isolation,1,streaming,FIFO,GlobalAllocation,1465,2,205800,{'trace_kind': 'synthetic'},0.2058
isolation,2,streaming,FIFO,GlobalAllocation,1465,2,214100,{'trace_kind': 'synthetic'},0.2141
isolation,3,streaming,FIFO,GlobalAllocation,1465,2,221100,{'trace_kind': 'synthetic'},0.2211
isolation,4,streaming,FIFO,GlobalAllocation,1465,2,226100,{'trace_kind': 'synthetic'},0.2261
isolation,5,streaming,FIFO,GlobalAllocation,1465,2,234300,{'trace_kind': 'synthetic'},0.2343
isolation,6,streaming,FIFO,GlobalAllocation,1465,2,247600,{'trace_kind': 'synthetic'},0.2476
isolation,7,streaming,FIFO,GlobalAllocation,1465,2,254400,{'trace_kind': 'synthetic'},0.2544
isolation,0,streaming,FIFO,GlobalAllocation,1465,3,202200,{'trace_kind': 'synthetic'},0.2022
isolation,1,streaming,FIFO,GlobalAllocation,1465,3,211500,{'trace_kind': 'synthetic'},0.2115
isolation,2,streaming,FIFO,GlobalAllocation,1465,3,214600,{'trace_kind': 'synthetic'},0.2146
isolation,3,streaming,FIFO,GlobalAllocation,1465,3,221700,{'trace_kind': 'synthetic'},0.2217
isolation,4,streaming,FIFO,GlobalAllocation,1465,3,227400,{'trace_kind': 'synthetic'},0.2274
isolation,5,streaming,FIFO,GlobalAllocation,1465,3,232700,{'trace_kind': 'synthetic'},0.2327
isolation,6,streaming,FIFO,GlobalAllocation,1465,3,245300,{'trace_kind': 'synthetic'},0.2453
isolation,7,streaming,FIFO,GlobalAllocation,1465,3,256500,{'trace_kind': 'synthetic'},0.2565
isolation,0,streaming,FIFO,GlobalAllocation,1465,4,201400,{'trace_kind': 'synthetic'},0.2014
isolation,1,streaming,FIFO,GlobalAllocation,1465,4,208500,{'trace_kind': 'synthetic'},0.2085
isolation,2,streaming,FIFO,GlobalAllocation,1465,4,213700,{'trace_kind': 'synthetic'},0.2137
isolation,3,streaming,FIFO,GlobalAllocation,1465,4,222200,{'trace_kind': 'synthetic'},0.2222
isolation,4,streaming,FIFO,GlobalAllocation,1465,4,227800,{'trace_kind': 'synthetic'},0.2278
isolation,5,streaming,FIFO,GlobalAllocation,1465,4,238800,{'trace_kind': 'synthetic'},0.2388
isolation,6,streaming,FIFO,GlobalAllocation,1465,4,245000,{'trace_kind': 'synthetic'},0.245
isolation,7,streaming,FIFO,GlobalAllocation,1465,4,259600,{'trace_kind': 'synthetic'},0.2596
isolation,0,streaming,FIFO,GlobalAllocation,1465,5,200300,{'trace_kind': 'synthetic'},0.2003
isolation,1,streaming,FIFO,GlobalAllocation,1465,5,204500,{'trace_kind': 'synthetic'},0.2045
isolation,2,streaming,FIFO,GlobalAllocation,1465,5,211800,{'trace_kind': 'synthetic'},0.2118
isolation,3,streaming,FIFO,GlobalAllocation,1465,5,222800,{'trace_kind': 'synthetic'},0.2228
isolation,4,streaming,FIFO,GlobalAllocation,1465,5,226100,{'trace_kind': 'synthetic'},0.2261
isolation,5,streaming,FIFO,GlobalAllocation,1465,5,241600,{'trace_kind': 'synthetic'},0.2416
isolation,6,streaming,FIFO,GlobalAllocation,1465,5,249000,{'trace_kind': 'synthetic'},0.249
isolation,7,streaming,FIFO,GlobalAllocation,1465,5,256400,{'trace_kind': 'synthetic'},0.2564
isolation,0,streaming,FIFO,GlobalAllocation,1465,6,209600,{'trace_kind': 'synthetic'},0.2096
isolation,1,streaming,FIFO,GlobalAllocation,1465,6,205900,{'trace_kind': 'synthetic'},0.2059
isolation,2,streaming,FIFO,GlobalAllocation,1465,6,219600,{'trace_kind': 'synthetic'},0.2196
isolation,3,streaming,FIFO,GlobalAllocation,1465,6,222400,{'trace_kind': 'synthetic'},0.2224
isolation,4,streaming,FIFO,GlobalAllocation,1465,6,225300,{'trace_kind': 'synthetic'},0.2253
isolation,5,streaming,FIFO,GlobalAllocation,1465,6,238200,{'trace_kind': 'synthetic'},0.2382
isolation,6,streaming,FIFO,GlobalAllocation,1465,6,242200,{'trace_kind': 'synthetic'},0.2422
isolation,7,streaming,FIFO,GlobalAllocation,1465,6,253700,{'trace_kind': 'synthetic'},0.2537
isolation,0,streaming,FIFO,GlobalAllocation,1465,7,203600,{'trace_kind': 'synthetic'},0.2036
isolation,1,streaming,FIFO,GlobalAllocation,1465,7,205300,{'trace_kind': 'synthetic'},0.2053
isolation,2,streaming,FIFO,GlobalAllocation,1465,7,217100,{'trace_kind': 'synthetic'},0.2171
isolation,3,streaming,FIFO,GlobalAllocation,1465,7,217400,{'trace_kind': 'synthetic'},0.2174
isolation,4,streaming,FIFO,GlobalAllocation,1465,7,226600,{'trace_kind': 'synthetic'},0.2266
isolation,5,streaming,FIFO,GlobalAllocation,1465,7,239900,{'trace_kind': 'synthetic'},0.2399
isolation,6,streaming,FIFO,GlobalAllocation,1465,7,243500,{'trace_kind': 'synthetic'},0.2435
isolation,7,streaming,FIFO,GlobalAllocation,1465,7,251700,{'trace_kind': 'synthetic'},0.2517
isolation,0,streaming,FIFO,GlobalAllocation,1465,8,402100,{'trace_kind': 'synthetic'},0.4021
isolation,1,streaming,FIFO,GlobalAllocation,1465,8,419900,{'trace_kind': 'synthetic'},0.4199
isolation,2,streaming,FIFO,GlobalAllocation,1465,8,433500,{'trace_kind': 'synthetic'},0.4335
isolation,3,streaming,FIFO,GlobalAllocation,1465,8,442200,{'trace_kind': 'synthetic'},0.4422
isolation,4,streaming,FIFO,GlobalAllocation,1465,8,465300,{'trace_kind': 'synthetic'},0.4653
isolation,5,streaming,FIFO,GlobalAllocation,1465,8,234300,{'trace_kind': 'synthetic'},0.2343
isolation,6,streaming,FIFO,GlobalAllocation,1465,8,244000,{'trace_kind': 'synthetic'},0.244
isolation,7,streaming,FIFO,GlobalAllocation,1465,8,256800,{'trace_kind': 'synthetic'},0.2568
isolation,0,streaming,FIFO,GlobalAllocation,1465,9,202900,{'trace_kind': 'synthetic'},0.2029
isolation,1,streaming,FIFO,GlobalAllocation,1465,9,209800,{'trace_kind': 'synthetic'},0.2098
isolation,2,streaming,FIFO,GlobalAllocation,1465,9,211100,{'trace_kind': 'synthetic'},0.2111
isolation,3,streaming,FIFO,GlobalAllocation,1465,9,220800,{'trace_kind': 'synthetic'},0.2208
isolation,4,streaming,FIFO,GlobalAllocation,1465,9,227900,{'trace_kind': 'synthetic'},0.2279
isolation,5,streaming,FIFO,GlobalAllocation,1465,9,237500,{'trace_kind': 'synthetic'},0.2375
isolation,6,streaming,FIFO,GlobalAllocation,1465,9,249800,{'trace_kind': 'synthetic'},0.2498
isolation,7,streaming,FIFO,GlobalAllocation,1465,9,267300,{'trace_kind': 'synthetic'},0.2673
isolation,0,streaming,FIFO,LocalAllocation,1465,0,398900,{'trace_kind': 'synthetic'},0.3989
isolation,1,streaming,FIFO,LocalAllocation,1465,0,439400,{'trace_kind': 'synthetic'},0.4394
isolation,2,streaming,FIFO,LocalAllocation,1465,0,425800,{'trace_kind': 'synthetic'},0.4258
isolation,3,streaming,FIFO,LocalAllocation,1465,0,443200,{'trace_kind': 'synthetic'},0.4432
isolation,4,streaming,FIFO,LocalAllocation,1465,0,434400,{'trace_kind': 'synthetic'},0.4344
isolation,5,streaming,FIFO,LocalAllocation,1465,0,389300,{'trace_kind': 'synthetic'},0.3893
isolation,6,streaming,FIFO,LocalAllocation,1465,0,252000,{'trace_kind': 'synthetic'},0.252
isolation,7,streaming,FIFO,LocalAllocation,1465,0,276600,{'trace_kind': 'synthetic'},0.2766
isolation,0,streaming,FIFO,LocalAllocation,1465,1,202800,{'trace_kind': 'synthetic'},0.2028
isolation,1,streaming,FIFO,LocalAllocation,1465,1,209100,{'trace_kind': 'synthetic'},0.2091
isolation,2,streaming,FIFO,LocalAllocation,1465,1,212700,{'trace_kind': 'synthetic'},0.2127
isolation,3,streaming,FIFO,LocalAllocation,1465,1,221400,{'trace_kind': 'synthetic'},0.2214
isolation,4,streaming,FIFO,LocalAllocation,1465,1,228500,{'trace_kind': 'synthetic'},0.2285
isolation,5,streaming,FIFO,LocalAllocation,1465,1,233800,{'trace_kind': 'synthetic'},0.2338
isolation,6,streaming,FIFO,LocalAllocation,1465,1,244100,{'trace_kind': 'synthetic'},0.2441
isolation,7,streaming,FIFO,LocalAllocation,1465,1,257100,{'trace_kind': 'synthetic'},0.2571
isolation,0,streaming,FIFO,LocalAllocation,1465,2,199500,{'trace_kind': 'synthetic'},0.1995
isolation,1,streaming,FIFO,LocalAllocation,1465,2,206400,{'trace_kind': 'synthetic'},0.2064
isolation,2,streaming,FIFO,LocalAllocation,1465,2,213300,{'trace_kind': 'synthetic'},0.2133
isolation,3,streaming,FIFO,LocalAllocation,1465,2,343500,{'trace_kind': 'synthetic'},0.3435
isolation,4,streaming,FIFO,LocalAllocation,1465,2,226200,{'trace_kind': 'synthetic'},0.2262
isolation,5,streaming,FIFO,LocalAllocation,1465,2,234900,{'trace_kind': 'synthetic'},0.2349
isolation,6,streaming,FIFO,LocalAllocation,1465,2,244800,{'trace_kind': 'synthetic'},0.2448
isolation,7,streaming,FIFO,LocalAllocation,1465,2,252000,{'trace_kind': 'synthetic'},0.252
isolation,0,streaming,FIFO,LocalAllocation,1465,3,201200,{'trace_kind': 'synthetic'},0.2012
isolation,1,streaming,FIFO,LocalAllocation,1465,3,206300,{'trace_kind': 'synthetic'},0.2063
isolation,2,streaming,FIFO,LocalAllocation,1465,3,210900,{'trace_kind': 'synthetic'},0.2109
isolation,3,streaming,FIFO,LocalAllocation,1465,3,219700,{'trace_kind': 'synthetic'},0.2197
isolation,4,streaming,FIFO,LocalAllocation,1465,3,229700,{'trace_kind': 'synthetic'},0.2297
isolation,5,streaming,FIFO,LocalAllocation,1465,3,232900,{'trace_kind': 'synthetic'},0.2329
isolation,6,streaming,FIFO,LocalAllocation,1465,3,246100,{'trace_kind': 'synthetic'},0.2461
isolation,7,streaming,FIFO,LocalAllocation,1465,3,253800,{'trace_kind': 'synthetic'},0.2538
isolation,0,streaming,FIFO,LocalAllocation,1465,4,200900,{'trace_kind': 'synthetic'},0.2009
isolation,1,streaming,FIFO,LocalAllocation,1465,4,204100,{'trace_kind': 'synthetic'},0.2041
isolation,2,streaming,FIFO,LocalAllocation,1465,4,210900,{'trace_kind': 'synthetic'},0.2109
isolation,3,streaming,FIFO,LocalAllocation,1465,4,221900,{'trace_kind': 'synthetic'},0.2219
isolation,4,streaming,FIFO,LocalAllocation,1465,4,227000,{'trace_kind': 'synthetic'},0.227
isolation,5,streaming,FIFO,LocalAllocation,1465,4,236600,{'trace_kind': 'synthetic'},0.2366
isolation,6,streaming,FIFO,LocalAllocation,1465,4,244600,{'trace_kind': 'synthetic'},0.2446
isolation,7,streaming,FIFO,LocalAllocation,1465,4,261300,{'trace_kind': 'synthetic'},0.2613
isolation,0,streaming,FIFO,LocalAllocation,1465,5,197000,{'trace_kind': 'synthetic'},0.197
isolation,1,streaming,FIFO,LocalAllocation,1465,5,205900,{'trace_kind': 'synthetic'},0.2059
isolation,2,streaming,FIFO,LocalAllocation,1465,5,210200,{'trace_kind': 'synthetic'},0.2102
isolation,3,streaming,FIFO,LocalAllocation,1465,5,219200,{'trace_kind': 'synthetic'},0.2192
isolation,4,streaming,FIFO,LocalAllocation,1465,5,225800,{'trace_kind': 'synthetic'},0.2258
isolation,5,streaming,FIFO,LocalAllocation,1465,5,238600,{'trace_kind': 'synthetic'},0.2386
isolation,6,streaming,FIFO,LocalAllocation,1465,5,247000,{'trace_kind': 'synthetic'},0.247
isolation,7,streaming,FIFO,LocalAllocation,1465,5,254700,{'trace_kind': 'synthetic'},0.2547
isolation,0,streaming,FIFO,LocalAllocation,1465,6,202300,{'trace_kind': 'synthetic'},0.2023
isolation,1,streaming,FIFO,LocalAllocation,1465,6,212200,{'trace_kind': 'synthetic'},0.2122
isolation,2,streaming,FIFO,LocalAllocation,1465,6,210100,{'trace_kind': 'synthetic'},0.2101
isolation,3,streaming,FIFO,LocalAllocation,1465,6,221400,{'trace_kind': 'synthetic'},0.2214
isolation,4,streaming,FIFO,LocalAllocation,1465,6,225400,{'trace_kind': 'synthetic'},0.2254
isolation,5,streaming,FIFO,LocalAllocation,1465,6,236000,{'trace_kind': 'synthetic'},0.236
isolation,6,streaming,FIFO,LocalAllocation,1465,6,241900,{'trace_kind': 'synthetic'},0.2419
isolation,7,streaming,FIFO,LocalAllocation,1465,6,253700,{'trace_kind': 'synthetic'},0.2537
isolation,0,streaming,FIFO,LocalAllocation,1465,7,199100,{'trace_kind': 'synthetic'},0.1991
isolation,1,streaming,FIFO,LocalAllocation,1465,7,223100,{'trace_kind': 'synthetic'},0.2231
isolation,2,streaming,FIFO,LocalAllocation,1465,7,219600,{'trace_kind': 'synthetic'},0.2196
isolation,3,streaming,FIFO,LocalAllocation,1465,7,234800,{'trace_kind': 'synthetic'},0.2348
isolation,4,streaming,FIFO,LocalAllocation,1465,7,226900,{'trace_kind': 'synthetic'},0.2269
isolation,5,streaming,FIFO,LocalAllocation,1465,7,243500,{'trace_kind': 'synthetic'},0.2435
isolation,6,streaming,FIFO,LocalAllocation,1465,7,249600,{'trace_kind': 'synthetic'},0.2496
isolation,7,streaming,FIFO,LocalAllocation,1465,7,256800,{'trace_kind': 'synthetic'},0.2568
isolation,0,streaming,FIFO,LocalAllocation,1465,8,207600,{'trace_kind': 'synthetic'},0.2076
isolation,1,streaming,FIFO,LocalAllocation,1465,8,300700,{'trace_kind': 'synthetic'},0.3007
isolation,2,streaming,FIFO,LocalAllocation,1465,8,397800,{'trace_kind': 'synthetic'},0.3978
isolation,3,streaming,FIFO,LocalAllocation,1465,8,420100,{'trace_kind': 'synthetic'},0.4201
isolation,4,streaming,FIFO,LocalAllocation,1465,8,501300,{'trace_kind': 'synthetic'},0.5013
isolation,5,streaming,FIFO,LocalAllocation,1465,8,396600,{'trace_kind': 'synthetic'},0.3966
isolation,6,streaming,FIFO,LocalAllocation,1465,8,245000,{'trace_kind': 'synthetic'},0.245
isolation,7,streaming,FIFO,LocalAllocation,1465,8,259400,{'trace_kind': 'synthetic'},0.2594
isolation,0,streaming,FIFO,LocalAllocation,1465,9,245600,{'trace_kind': 'synthetic'},0.2456
isolation,1,streaming,FIFO,LocalAllocation,1465,9,208300,{'trace_kind': 'synthetic'},0.2083
isolation,2,streaming,FIFO,LocalAllocation,1465,9,213100,{'trace_kind': 'synthetic'},0.2131
isolation,3,streaming,FIFO,LocalAllocation,1465,9,221700,{'trace_kind': 'synthetic'},0.2217
isolation,4,streaming,FIFO,LocalAllocation,1465,9,224900,{'trace_kind': 'synthetic'},0.2249
isolation,5,streaming,FIFO,LocalAllocation,1465,9,234500,{'trace_kind': 'synthetic'},0.2345
isolation,6,streaming,FIFO,LocalAllocation,1465,9,247300,{'trace_kind': 'synthetic'},0.2473
isolation,7,streaming,FIFO,LocalAllocation,1465,9,256500,{'trace_kind': 'synthetic'},0.2565
isolation,0,streaming,FIFO,ProportionalAllocation,1465,0,203400,{'trace_kind': 'synthetic'},0.2034
isolation,1,streaming,FIFO,ProportionalAllocation,1465,0,209200,{'trace_kind': 'synthetic'},0.2092
isolation,2,streaming,FIFO,ProportionalAllocation,1465,0,215000,{'trace_kind': 'synthetic'},0.215
isolation,3,streaming,FIFO,ProportionalAllocation,1465,0,222700,{'trace_kind': 'synthetic'},0.2227
isolation,4,streaming,FIFO,ProportionalAllocation,1465,0,226300,{'trace_kind': 'synthetic'},0.2263
isolation,5,streaming,FIFO,ProportionalAllocation,1465,0,235800,{'trace_kind': 'synthetic'},0.2358
isolation,6,streaming,FIFO,ProportionalAllocation,1465,0,247700,{'trace_kind': 'synthetic'},0.2477
isolation,7,streaming,FIFO,ProportionalAllocation,1465,0,447400,{'trace_kind': 'synthetic'},0.4474
isolation,0,streaming,FIFO,ProportionalAllocation,1465,1,205700,{'trace_kind': 'synthetic'},0.2057
isolation,1,streaming,FIFO,ProportionalAllocation,1465,1,212700,{'trace_kind': 'synthetic'},0.2127
isolation,2,streaming,FIFO,ProportionalAllocation,1465,1,214000,{'trace_kind': 'synthetic'},0.214
isolation,3,streaming,FIFO,ProportionalAllocation,1465,1,227100,{'trace_kind': 'synthetic'},0.2271
isolation,4,streaming,FIFO,ProportionalAllocation,1465,1,294400,{'trace_kind': 'synthetic'},0.2944
isolation,5,streaming,FIFO,ProportionalAllocation,1465,1,248000,{'trace_kind': 'synthetic'},0.248
isolation,6,streaming,FIFO,ProportionalAllocation,1465,1,248500,{'trace_kind': 'synthetic'},0.2485
isolation,7,streaming,FIFO,ProportionalAllocation,1465,1,260900,{'trace_kind': 'synthetic'},0.2609
isolation,0,streaming,FIFO,ProportionalAllocation,1465,2,191100,{'trace_kind': 'synthetic'},0.1911
isolation,1,streaming,FIFO,ProportionalAllocation,1465,2,205700,{'trace_kind': 'synthetic'},0.2057
isolation,2,streaming,FIFO,ProportionalAllocation,1465,2,211400,{'trace_kind': 'synthetic'},0.2114
isolation,3,streaming,FIFO,ProportionalAllocation,1465,2,222900,{'trace_kind': 'synthetic'},0.2229
isolation,4,streaming,FIFO,ProportionalAllocation,1465,2,225400,{'trace_kind': 'synthetic'},0.2254
isolation,5,streaming,FIFO,ProportionalAllocation,1465,2,231600,{'trace_kind': 'synthetic'},0.2316
isolation,6,streaming,FIFO,ProportionalAllocation,1465,2,249300,{'trace_kind': 'synthetic'},0.2493
isolation,7,streaming,FIFO,ProportionalAllocation,1465,2,252000,{'trace_kind': 'synthetic'},0.252
isolation,0,streaming,FIFO,ProportionalAllocation,1465,3,200700,{'trace_kind': 'synthetic'},0.2007
isolation,1,streaming,FIFO,ProportionalAllocation,1465,3,212600,{'trace_kind': 'synthetic'},0.2126
isolation,2,streaming,FIFO,ProportionalAllocation,1465,3,216300,{'trace_kind': 'synthetic'},0.2163
isolation,3,streaming,FIFO,ProportionalAllocation,1465,3,222600,{'trace_kind': 'synthetic'},0.2226
isolation,4,streaming,FIFO,ProportionalAllocation,1465,3,226900,{'trace_kind': 'synthetic'},0.2269
isolation,5,streaming,FIFO,ProportionalAllocation,1465,3,234000,{'trace_kind': 'synthetic'},0.234
isolation,6,streaming,FIFO,ProportionalAllocation,1465,3,245700,{'trace_kind': 'synthetic'},0.2457
isolation,7,streaming,FIFO,ProportionalAllocation,1465,3,255400,{'trace_kind': 'synthetic'},0.2554
isolation,0,streaming,FIFO,ProportionalAllocation,1465,4,191800,{'trace_kind': 'synthetic'},0.1918
isolation,1,streaming,FIFO,ProportionalAllocation,1465,4,198100,{'trace_kind': 'synthetic'},0.1981
isolation,2,streaming,FIFO,ProportionalAllocation,1465,4,202900,{'trace_kind': 'synthetic'},0.2029
isolation,3,streaming,FIFO,ProportionalAllocation,1465,4,207600,{'trace_kind': 'synthetic'},0.2076
isolation,4,streaming,FIFO,ProportionalAllocation,1465,4,215100,{'trace_kind': 'synthetic'},0.2151
isolation,5,streaming,FIFO,ProportionalAllocation,1465,4,221500,{'trace_kind': 'synthetic'},0.2215
isolation,6,streaming,FIFO,ProportionalAllocation,1465,4,232500,{'trace_kind': 'synthetic'},0.2325
isolation,7,streaming,FIFO,ProportionalAllocation,1465,4,245100,{'trace_kind': 'synthetic'},0.2451
isolation,0,streaming,FIFO,ProportionalAllocation,1465,5,200500,{'trace_kind': 'synthetic'},0.2005
isolation,1,streaming,FIFO,ProportionalAllocation,1465,5,206200,{'trace_kind': 'synthetic'},0.2062
isolation,2,streaming,FIFO,ProportionalAllocation,1465,5,225400,{'trace_kind': 'synthetic'},0.2254
isolation,3,streaming,FIFO,ProportionalAllocation,1465,5,224800,{'trace_kind': 'synthetic'},0.2248
isolation,4,streaming,FIFO,ProportionalAllocation,1465,5,233100,{'trace_kind': 'synthetic'},0.2331
isolation,5,streaming,FIFO,ProportionalAllocation,1465,5,237400,{'trace_kind': 'synthetic'},0.2374
isolation,6,streaming,FIFO,ProportionalAllocation,1465,5,250800,{'trace_kind': 'synthetic'},0.2508
isolation,7,streaming,FIFO,ProportionalAllocation,1465,5,257500,{'trace_kind': 'synthetic'},0.2575
isolation,0,streaming,FIFO,ProportionalAllocation,1465,6,202900,{'trace_kind': 'synthetic'},0.2029
isolation,1,streaming,FIFO,ProportionalAllocation,1465,6,210000,{'trace_kind': 'synthetic'},0.21
isolation,2,streaming,FIFO,ProportionalAllocation,1465,6,214500,{'trace_kind': 'synthetic'},0.2145
isolation,3,streaming,FIFO,ProportionalAllocation,1465,6,219700,{'trace_kind': 'synthetic'},0.2197
isolation,4,streaming,FIFO,ProportionalAllocation,1465,6,226600,{'trace_kind': 'synthetic'},0.2266
isolation,5,streaming,FIFO,ProportionalAllocation,1465,6,236200,{'trace_kind': 'synthetic'},0.2362
isolation,6,streaming,FIFO,ProportionalAllocation,1465,6,243200,{'trace_kind': 'synthetic'},0.2432
isolation,7,streaming,FIFO,ProportionalAllocation,1465,6,269900,{'trace_kind': 'synthetic'},0.2699
isolation,0,streaming,FIFO,ProportionalAllocation,1465,7,201200,{'trace_kind': 'synthetic'},0.2012
isolation,1,streaming,FIFO,ProportionalAllocation,1465,7,205500,{'trace_kind': 'synthetic'},0.2055
isolation,2,streaming,FIFO,ProportionalAllocation,1465,7,219600,{'trace_kind': 'synthetic'},0.2196
isolation,3,streaming,FIFO,ProportionalAllocation,1465,7,219700,{'trace_kind': 'synthetic'},0.2197
isolation,4,streaming,FIFO,ProportionalAllocation,1465,7,225500,{'trace_kind': 'synthetic'},0.2255
isolation,5,streaming,FIFO,ProportionalAllocation,1465,7,241200,{'trace_kind': 'synthetic'},0.2412
isolation,6,streaming,FIFO,ProportionalAllocation,1465,7,249300,{'trace_kind': 'synthetic'},0.2493
isolation,7,streaming,FIFO,ProportionalAllocation,1465,7,255500,{'trace_kind': 'synthetic'},0.2555
isolation,0,streaming,FIFO,ProportionalAllocation,1465,8,204700,{'trace_kind': 'synthetic'},0.2047
isolation,1,streaming,FIFO,ProportionalAllocation,1465,8,207500,{'trace_kind': 'synthetic'},0.2075
isolation,2,streaming,FIFO,ProportionalAllocation,1465,8,210700,{'trace_kind': 'synthetic'},0.2107
isolation,3,streaming,FIFO,ProportionalAllocation,1465,8,222100,{'trace_kind': 'synthetic'},0.2221
isolation,4,streaming,FIFO,ProportionalAllocation,1465,8,227300,{'trace_kind': 'synthetic'},0.2273
isolation,5,streaming,FIFO,ProportionalAllocation,1465,8,241300,{'trace_kind': 'synthetic'},0.2413
isolation,6,streaming,FIFO,ProportionalAllocation,1465,8,245000,{'trace_kind': 'synthetic'},0.245
isolation,7,streaming,FIFO,ProportionalAllocation,1465,8,256400,{'trace_kind': 'synthetic'},0.2564
isolation,0,streaming,FIFO,ProportionalAllocation,1465,9,198600,{'trace_kind': 'synthetic'},0.1986
isolation,1,streaming,FIFO,ProportionalAllocation,1465,9,204000,{'trace_kind': 'synthetic'},0.204
isolation,2,streaming,FIFO,ProportionalAllocation,1465,9,218500,{'trace_kind': 'synthetic'},0.2185
isolation,3,streaming,FIFO,ProportionalAllocation,1465,9,216100,{'trace_kind': 'synthetic'},0.2161
isolation,4,streaming,FIFO,ProportionalAllocation,1465,9,228400,{'trace_kind': 'synthetic'},0.2284
isolation,5,streaming,FIFO,ProportionalAllocation,1465,9,236600,{'trace_kind': 'synthetic'},0.2366
isolation,6,streaming,FIFO,ProportionalAllocation,1465,9,244100,{'trace_kind': 'synthetic'},0.2441
isolation,7,streaming,FIFO,ProportionalAllocation,1465,9,257400,{'trace_kind': 'synthetic'},0.2574
isolation,0,streaming,LRU,GlobalAllocation,1465,0,324600,{'trace_kind': 'synthetic'},0.3246
isolation,1,streaming,LRU,GlobalAllocation,1465,0,331000,{'trace_kind': 'synthetic'},0.331
isolation,2,streaming,LRU,GlobalAllocation,1465,0,340600,{'trace_kind': 'synthetic'},0.3406
isolation,3,streaming,LRU,GlobalAllocation,1465,0,343600,{'trace_kind': 'synthetic'},0.3436
isolation,4,streaming,LRU,GlobalAllocation,1465,0,347300,{'trace_kind': 'synthetic'},0.3473
isolation,5,streaming,LRU,GlobalAllocation,1465,0,363000,{'trace_kind': 'synthetic'},0.363
isolation,6,streaming,LRU,GlobalAllocation,1465,0,369800,{'trace_kind': 'synthetic'},0.3698
isolation,7,streaming,LRU,GlobalAllocation,1465,0,384900,{'trace_kind': 'synthetic'},0.3849
isolation,0,streaming,LRU,GlobalAllocation,1465,1,324500,{'trace_kind': 'synthetic'},0.3245
isolation,1,streaming,LRU,GlobalAllocation,1465,1,334400,{'trace_kind': 'synthetic'},0.3344
isolation,2,streaming,LRU,GlobalAllocation,1465,1,337800,{'trace_kind': 'synthetic'},0.3378
isolation,3,streaming,LRU,GlobalAllocation,1465,1,341700,{'trace_kind': 'synthetic'},0.3417
isolation,4,streaming,LRU,GlobalAllocation,1465,1,358600,{'trace_kind': 'synthetic'},0.3586
isolation,5,streaming,LRU,GlobalAllocation,1465,1,360100,{'trace_kind': 'synthetic'},0.3601
isolation,6,streaming,LRU,GlobalAllocation,1465,1,372800,{'trace_kind': 'synthetic'},0.3728
isolation,7,streaming,LRU,GlobalAllocation,1465,1,385500,{'trace_kind': 'synthetic'},0.3855
isolation,0,streaming,LRU,GlobalAllocation,1465,2,320000,{'trace_kind': 'synthetic'},0.32
isolation,1,streaming,LRU,GlobalAllocation,1465,2,327400,{'trace_kind': 'synthetic'},0.3274
isolation,2,streaming,LRU,GlobalAllocation,1465,2,335500,{'trace_kind': 'synthetic'},0.3355
isolation,3,streaming,LRU,GlobalAllocation,1465,2,360700,{'trace_kind': 'synthetic'},0.3607
isolation,4,streaming,LRU,GlobalAllocation,1465,2,353300,{'trace_kind': 'synthetic'},0.3533
isolation,5,streaming,LRU,GlobalAllocation,1465,2,354900,{'trace_kind': 'synthetic'},0.3549
isolation,6,streaming,LRU,GlobalAllocation,1465,2,378600,{'trace_kind': 'synthetic'},0.3786
isolation,7,streaming,LRU,GlobalAllocation,1465,2,386500,{'trace_kind': 'synthetic'},0.3865
isolation,0,streaming,LRU,GlobalAllocation,1465,3,325100,{'trace_kind': 'synthetic'},0.3251
isolation,1,streaming,LRU,GlobalAllocation,1465,3,333200,{'trace_kind': 'synthetic'},0.3332
isolation,2,streaming,LRU,GlobalAllocation,1465,3,340400,{'trace_kind': 'synthetic'},0.3404
isolation,3,streaming,LRU,GlobalAllocation,1465,3,347100,{'trace_kind': 'synthetic'},0.3471
isolation,4,streaming,LRU,GlobalAllocation,1465,3,356400,{'trace_kind': 'synthetic'},0.3564
isolation,5,streaming,LRU,GlobalAllocation,1465,3,354200,{'trace_kind': 'synthetic'},0.3542
isolation,6,streaming,LRU,GlobalAllocation,1465,3,369900,{'trace_kind': 'synthetic'},0.3699
isolation,7,streaming,LRU,GlobalAllocation,1465,3,383700,{'trace_kind': 'synthetic'},0.3837
isolation,0,streaming,LRU,GlobalAllocation,1465,4,327100,{'trace_kind': 'synthetic'},0.3271
isolation,1,streaming,LRU,GlobalAllocation,1465,4,342100,{'trace_kind': 'synthetic'},0.3421
isolation,2,streaming,LRU,GlobalAllocation,1465,4,340600,{'trace_kind': 'synthetic'},0.3406
isolation,3,streaming,LRU,GlobalAllocation,1465,4,342700,{'trace_kind': 'synthetic'},0.3427
isolation,4,streaming,LRU,GlobalAllocation,1465,4,357400,{'trace_kind': 'synthetic'},0.3574
isolation,5,streaming,LRU,GlobalAllocation,1465,4,363700,{'trace_kind': 'synthetic'},0.3637
isolation,6,streaming,LRU,GlobalAllocation,1465,4,374900,{'trace_kind': 'synthetic'},0.3749
isolation,7,streaming,LRU,GlobalAllocation,1465,4,393800,{'trace_kind': 'synthetic'},0.3938
isolation,0,streaming,LRU,GlobalAllocation,1465,5,327500,{'trace_kind': 'synthetic'},0.3275
isolation,1,streaming,LRU,GlobalAllocation,1465,5,337200,{'trace_kind': 'synthetic'},0.3372
isolation,2,streaming,LRU,GlobalAllocation,1465,5,336100,{'trace_kind': 'synthetic'},0.3361
isolation,3,streaming,LRU,GlobalAllocation,1465,5,342600,{'trace_kind': 'synthetic'},0.3426
isolation,4,streaming,LRU,GlobalAllocation,1465,5,352400,{'trace_kind': 'synthetic'},0.3524
isolation,5,streaming,LRU,GlobalAllocation,1465,5,365800,{'trace_kind': 'synthetic'},0.3658
isolation,6,streaming,LRU,GlobalAllocation,1465,5,369300,{'trace_kind': 'synthetic'},0.3693
isolation,7,streaming,LRU,GlobalAllocation,1465,5,376100,{'trace_kind': 'synthetic'},0.3761
isolation,0,streaming,LRU,GlobalAllocation,1465,6,329200,{'trace_kind': 'synthetic'},0.3292
isolation,1,streaming,LRU,GlobalAllocation,1465,6,331700,{'trace_kind': 'synthetic'},0.3317
isolation,2,streaming,LRU,GlobalAllocation,1465,6,337400,{'trace_kind': 'synthetic'},0.3374
isolation,3,streaming,LRU,GlobalAllocation,1465,6,345000,{'trace_kind': 'synthetic'},0.345
isolation,4,streaming,LRU,GlobalAllocation,1465,6,351300,{'trace_kind': 'synthetic'},0.3513
isolation,5,streaming,LRU,GlobalAllocation,1465,6,361700,{'trace_kind': 'synthetic'},0.3617
isolation,6,streaming,LRU,GlobalAllocation,1465,6,365200,{'trace_kind': 'synthetic'},0.3652
isolation,7,streaming,LRU,GlobalAllocation,1465,6,379900,{'trace_kind': 'synthetic'},0.3799
isolation,0,streaming,LRU,GlobalAllocation,1465,7,330100,{'trace_kind': 'synthetic'},0.3301
isolation,1,streaming,LRU,GlobalAllocation,1465,7,332400,{'trace_kind': 'synthetic'},0.3324
isolation,2,streaming,LRU,GlobalAllocation,1465,7,339700,{'trace_kind': 'synthetic'},0.3397
isolation,3,streaming,LRU,GlobalAllocation,1465,7,347300,{'trace_kind': 'synthetic'},0.3473
isolation,4,streaming,LRU,GlobalAllocation,1465,7,346800,{'trace_kind': 'synthetic'},0.3468
isolation,5,streaming,LRU,GlobalAllocation,1465,7,363400,{'trace_kind': 'synthetic'},0.3634
isolation,6,streaming,LRU,GlobalAllocation,1465,7,371400,{'trace_kind': 'synthetic'},0.3714
isolation,7,streaming,LRU,GlobalAllocation,1465,7,380900,{'trace_kind': 'synthetic'},0.3809
isolation,0,streaming,LRU,GlobalAllocation,1465,8,325700,{'trace_kind': 'synthetic'},0.3257
isolation,1,streaming,LRU,GlobalAllocation,1465,8,329700,{'trace_kind': 'synthetic'},0.3297
isolation,2,streaming,LRU,GlobalAllocation,1465,8,339700,{'trace_kind': 'synthetic'},0.3397
isolation,3,streaming,LRU,GlobalAllocation,1465,8,343200,{'trace_kind': 'synthetic'},0.3432
isolation,4,streaming,LRU,GlobalAllocation,1465,8,367200,{'trace_kind': 'synthetic'},0.3672
isolation,5,streaming,LRU,GlobalAllocation,1465,8,362300,{'trace_kind': 'synthetic'},0.3623
isolation,6,streaming,LRU,GlobalAllocation,1465,8,372700,{'trace_kind': 'synthetic'},0.3727
isolation,7,streaming,LRU,GlobalAllocation,1465,8,382400,{'trace_kind': 'synthetic'},0.3824
isolation,0,streaming,LRU,GlobalAllocation,1465,9,325000,{'trace_kind': 'synthetic'},0.325
isolation,1,streaming,LRU,GlobalAllocation,1465,9,334800,{'trace_kind': 'synthetic'},0.3348
isolation,2,streaming,LRU,GlobalAllocation,1465,9,330100,{'trace_kind': 'synthetic'},0.3301
isolation,3,streaming,LRU,GlobalAllocation,1465,9,339300,{'trace_kind': 'synthetic'},0.3393
isolation,4,streaming,LRU,GlobalAllocation,1465,9,353900,{'trace_kind': 'synthetic'},0.3539
isolation,5,streaming,LRU,GlobalAllocation,1465,9,354000,{'trace_kind': 'synthetic'},0.354
isolation,6,streaming,LRU,GlobalAllocation,1465,9,372200,{'trace_kind': 'synthetic'},0.3722
isolation,7,streaming,LRU,GlobalAllocation,1465,9,381700,{'trace_kind': 'synthetic'},0.3817
isolation,0,streaming,LRU,LocalAllocation,1465,0,323900,{'trace_kind': 'synthetic'},0.3239
isolation,1,streaming,LRU,LocalAllocation,1465,0,342500,{'trace_kind': 'synthetic'},0.3425
isolation,2,streaming,LRU,LocalAllocation,1465,0,341500,{'trace_kind': 'synthetic'},0.3415
isolation,3,streaming,LRU,LocalAllocation,1465,0,344600,{'trace_kind': 'synthetic'},0.3446
isolation,4,streaming,LRU,LocalAllocation,1465,0,352400,{'trace_kind': 'synthetic'},0.3524
isolation,5,streaming,LRU,LocalAllocation,1465,0,377700,{'trace_kind': 'synthetic'},0.3777
isolation,6,streaming,LRU,LocalAllocation,1465,0,378700,{'trace_kind': 'synthetic'},0.3787
isolation,7,streaming,LRU,LocalAllocation,1465,0,381500,{'trace_kind': 'synthetic'},0.3815
isolation,0,streaming,LRU,LocalAllocation,1465,1,319600,{'trace_kind': 'synthetic'},0.3196
isolation,1,streaming,LRU,LocalAllocation,1465,1,334800,{'trace_kind': 'synthetic'},0.3348
isolation,2,streaming,LRU,LocalAllocation,1465,1,336500,{'trace_kind': 'synthetic'},0.3365
isolation,3,streaming,LRU,LocalAllocation,1465,1,345200,{'trace_kind': 'synthetic'},0.3452
isolation,4,streaming,LRU,LocalAllocation,1465,1,362300,{'trace_kind': 'synthetic'},0.3623
isolation,5,streaming,LRU,LocalAllocation,1465,1,370700,{'trace_kind': 'synthetic'},0.3707
isolation,6,streaming,LRU,LocalAllocation,1465,1,541100,{'trace_kind': 'synthetic'},0.5411
isolation,7,streaming,LRU,LocalAllocation,1465,1,388200,{'trace_kind': 'synthetic'},0.3882
isolation,0,streaming,LRU,LocalAllocation,1465,2,324600,{'trace_kind': 'synthetic'},0.3246
isolation,1,streaming,LRU,LocalAllocation,1465,2,330400,{'trace_kind': 'synthetic'},0.3304
isolation,2,streaming,LRU,LocalAllocation,1465,2,335000,{'trace_kind': 'synthetic'},0.335
isolation,3,streaming,LRU,LocalAllocation,1465,2,341700,{'trace_kind': 'synthetic'},0.3417
isolation,4,streaming,LRU,LocalAllocation,1465,2,354600,{'trace_kind': 'synthetic'},0.3546
isolation,5,streaming,LRU,LocalAllocation,1465,2,353200,{'trace_kind': 'synthetic'},0.3532
isolation,6,streaming,LRU,LocalAllocation,1465,2,372400,{'trace_kind': 'synthetic'},0.3724
isolation,7,streaming,LRU,LocalAllocation,1465,2,379200,{'trace_kind': 'synthetic'},0.3792
isolation,0,streaming,LRU,LocalAllocation,1465,3,323500,{'trace_kind': 'synthetic'},0.3235
isolation,1,streaming,LRU,LocalAllocation,1465,3,336500,{'trace_kind': 'synthetic'},0.3365
isolation,2,streaming,LRU,LocalAllocation,1465,3,338600,{'trace_kind': 'synthetic'},0.3386
isolation,3,streaming,LRU,LocalAllocation,1465,3,347500,{'trace_kind': 'synthetic'},0.3475
isolation,4,streaming,LRU,LocalAllocation,1465,3,348800,{'trace_kind': 'synthetic'},0.3488
isolation,5,streaming,LRU,LocalAllocation,1465,3,360500,{'trace_kind': 'synthetic'},0.3605
isolation,6,streaming,LRU,LocalAllocation,1465,3,364800,{'trace_kind': 'synthetic'},0.3648
isolation,7,streaming,LRU,LocalAllocation,1465,3,379300,{'trace_kind': 'synthetic'},0.3793
isolation,0,streaming,LRU,LocalAllocation,1465,4,326700,{'trace_kind': 'synthetic'},0.3267
isolation,1,streaming,LRU,LocalAllocation,1465,4,334700,{'trace_kind': 'synthetic'},0.3347
isolation,2,streaming,LRU,LocalAllocation,1465,4,339300,{'trace_kind': 'synthetic'},0.3393
isolation,3,streaming,LRU,LocalAllocation,1465,4,346200,{'trace_kind': 'synthetic'},0.3462
isolation,4,streaming,LRU,LocalAllocation,1465,4,351000,{'trace_kind': 'synthetic'},0.351
isolation,5,streaming,LRU,LocalAllocation,1465,4,366100,{'trace_kind': 'synthetic'},0.3661
isolation,6,streaming,LRU,LocalAllocation,1465,4,368800,{'trace_kind': 'synthetic'},0.3688
isolation,7,streaming,LRU,LocalAllocation,1465,4,391000,{'trace_kind': 'synthetic'},0.391
isolation,0,streaming,LRU,LocalAllocation,1465,5,321100,{'trace_kind': 'synthetic'},0.3211
isolation,1,streaming,LRU,LocalAllocation,1465,5,327700,{'trace_kind': 'synthetic'},0.3277
isolation,2,streaming,LRU,LocalAllocation,1465,5,336100,{'trace_kind': 'synthetic'},0.3361
isolation,3,streaming,LRU,LocalAllocation,1465,5,341700,{'trace_kind': 'synthetic'},0.3417
isolation,4,streaming,LRU,LocalAllocation,1465,5,356900,{'trace_kind': 'synthetic'},0.3569
isolation,5,streaming,LRU,LocalAllocation,1465,5,359800,{'trace_kind': 'synthetic'},0.3598
isolation,6,streaming,LRU,LocalAllocation,1465,5,368800,{'trace_kind': 'synthetic'},0.3688
isolation,7,streaming,LRU,LocalAllocation,1465,5,435000,{'trace_kind': 'synthetic'},0.435
isolation,0,streaming,LRU,LocalAllocation,1465,6,636000,{'trace_kind': 'synthetic'},0.636
isolation,1,streaming,LRU,LocalAllocation,1465,6,692500,{'trace_kind': 'synthetic'},0.6925
isolation,2,streaming,LRU,LocalAllocation,1465,6,703400,{'trace_kind': 'synthetic'},0.7034
isolation,3,streaming,LRU,LocalAllocation,1465,6,718200,{'trace_kind': 'synthetic'},0.7182
isolation,4,streaming,LRU,LocalAllocation,1465,6,351600,{'trace_kind': 'synthetic'},0.3516
isolation,5,streaming,LRU,LocalAllocation,1465,6,388100,{'trace_kind': 'synthetic'},0.3881
isolation,6,streaming,LRU,LocalAllocation,1465,6,363900,{'trace_kind': 'synthetic'},0.3639
isolation,7,streaming,LRU,LocalAllocation,1465,6,388600,{'trace_kind': 'synthetic'},0.3886
isolation,0,streaming,LRU,LocalAllocation,1465,7,324900,{'trace_kind': 'synthetic'},0.3249
isolation,1,streaming,LRU,LocalAllocation,1465,7,334200,{'trace_kind': 'synthetic'},0.3342
isolation,2,streaming,LRU,LocalAllocation,1465,7,339700,{'trace_kind': 'synthetic'},0.3397
isolation,3,streaming,LRU,LocalAllocation,1465,7,343900,{'trace_kind': 'synthetic'},0.3439
isolation,4,streaming,LRU,LocalAllocation,1465,7,346800,{'trace_kind': 'synthetic'},0.3468
isolation,5,streaming,LRU,LocalAllocation,1465,7,365400,{'trace_kind': 'synthetic'},0.3654
isolation,6,streaming,LRU,LocalAllocation,1465,7,368600,{'trace_kind': 'synthetic'},0.3686
isolation,7,streaming,LRU,LocalAllocation,1465,7,379800,{'trace_kind': 'synthetic'},0.3798
isolation,0,streaming,LRU,LocalAllocation,1465,8,324700,{'trace_kind': 'synthetic'},0.3247
isolation,1,streaming,LRU,LocalAllocation,1465,8,334000,{'trace_kind': 'synthetic'},0.334
isolation,2,streaming,LRU,LocalAllocation,1465,8,341000,{'trace_kind': 'synthetic'},0.341
isolation,3,streaming,LRU,LocalAllocation,1465,8,344900,{'trace_kind': 'synthetic'},0.3449
isolation,4,streaming,LRU,LocalAllocation,1465,8,350700,{'trace_kind': 'synthetic'},0.3507
isolation,5,streaming,LRU,LocalAllocation,1465,8,359200,{'trace_kind': 'synthetic'},0.3592
isolation,6,streaming,LRU,LocalAllocation,1465,8,371800,{'trace_kind': 'synthetic'},0.3718
isolation,7,streaming,LRU,LocalAllocation,1465,8,392400,{'trace_kind': 'synthetic'},0.3924
isolation,0,streaming,LRU,LocalAllocation,1465,9,330500,{'trace_kind': 'synthetic'},0.3305
isolation,1,streaming,LRU,LocalAllocation,1465,9,342000,{'trace_kind': 'synthetic'},0.342
isolation,2,streaming,LRU,LocalAllocation,1465,9,334600,{'trace_kind': 'synthetic'},0.3346
isolation,3,streaming,LRU,LocalAllocation,1465,9,347300,{'trace_kind': 'synthetic'},0.3473
isolation,4,streaming,LRU,LocalAllocation,1465,9,347700,{'trace_kind': 'synthetic'},0.3477
isolation,5,streaming,LRU,LocalAllocation,1465,9,356600,{'trace_kind': 'synthetic'},0.3566
isolation,6,streaming,LRU,LocalAllocation,1465,9,374500,{'trace_kind': 'synthetic'},0.3745
isolation,7,streaming,LRU,LocalAllocation,1465,9,380900,{'trace_kind': 'synthetic'},0.3809
isolation,0,streaming,LRU,ProportionalAllocation,1465,0,331400,{'trace_kind': 'synthetic'},0.3314
isolation,1,streaming,LRU,ProportionalAllocation,1465,0,332700,{'trace_kind': 'synthetic'},0.3327
isolation,2,streaming,LRU,ProportionalAllocation,1465,0,338500,{'trace_kind': 'synthetic'},0.3385
isolation,3,streaming,LRU,ProportionalAllocation,1465,0,345500,{'trace_kind': 'synthetic'},0.3455
isolation,4,streaming,LRU,ProportionalAllocation,1465,0,359800,{'trace_kind': 'synthetic'},0.3598
isolation,5,streaming,LRU,ProportionalAllocation,1465,0,359800,{'trace_kind': 'synthetic'},0.3598
isolation,6,streaming,LRU,ProportionalAllocation,1465,0,372700,{'trace_kind': 'synthetic'},0.3727
isolation,7,streaming,LRU,ProportionalAllocation,1465,0,382100,{'trace_kind': 'synthetic'},0.3821
isolation,0,streaming,LRU,ProportionalAllocation,1465,1,323500,{'trace_kind': 'synthetic'},0.3235
isolation,1,streaming,LRU,ProportionalAllocation,1465,1,332100,{'trace_kind': 'synthetic'},0.3321
isolation,2,streaming,LRU,ProportionalAllocation,1465,1,337100,{'trace_kind': 'synthetic'},0.3371
isolation,3,streaming,LRU,ProportionalAllocation,1465,1,337400,{'trace_kind': 'synthetic'},0.3374
isolation,4,streaming,LRU,ProportionalAllocation,1465,1,345200,{'trace_kind': 'synthetic'},0.3452
isolation,5,streaming,LRU,ProportionalAllocation,1465,1,358600,{'trace_kind': 'synthetic'},0.3586
isolation,6,streaming,LRU,ProportionalAllocation,1465,1,366600,{'trace_kind': 'synthetic'},0.3666
isolation,7,streaming,LRU,ProportionalAllocation,1465,1,392100,{'trace_kind': 'synthetic'},0.3921
isolation,0,streaming,LRU,ProportionalAllocation,1465,2,321900,{'trace_kind': 'synthetic'},0.3219
isolation,1,streaming,LRU,ProportionalAllocation,1465,2,333300,{'trace_kind': 'synthetic'},0.3333
isolation,2,streaming,LRU,ProportionalAllocation,1465,2,342400,{'trace_kind': 'synthetic'},0.3424
isolation,3,streaming,LRU,ProportionalAllocation,1465,2,342100,{'trace_kind': 'synthetic'},0.3421
isolation,4,streaming,LRU,ProportionalAllocation,1465,2,350900,{'trace_kind': 'synthetic'},0.3509
isolation,5,streaming,LRU,ProportionalAllocation,1465,2,356100,{'trace_kind': 'synthetic'},0.3561
isolation,6,streaming,LRU,ProportionalAllocation,1465,2,371200,{'trace_kind': 'synthetic'},0.3712
isolation,7,streaming,LRU,ProportionalAllocation,1465,2,382200,{'trace_kind': 'synthetic'},0.3822
isolation,0,streaming,LRU,ProportionalAllocation,1465,3,322400,{'trace_kind': 'synthetic'},0.3224
isolation,1,streaming,LRU,ProportionalAllocation,1465,3,357400,{'trace_kind': 'synthetic'},0.3574
isolation,2,streaming,LRU,ProportionalAllocation,1465,3,337000,{'trace_kind': 'synthetic'},0.337
isolation,3,streaming,LRU,ProportionalAllocation,1465,3,346300,{'trace_kind': 'synthetic'},0.3463
isolation,4,streaming,LRU,ProportionalAllocation,1465,3,351000,{'trace_kind': 'synthetic'},0.351
isolation,5,streaming,LRU,ProportionalAllocation,1465,3,353000,{'trace_kind': 'synthetic'},0.353
isolation,6,streaming,LRU,ProportionalAllocation,1465,3,365500,{'trace_kind': 'synthetic'},0.3655
isolation,7,streaming,LRU,ProportionalAllocation,1465,3,383500,{'trace_kind': 'synthetic'},0.3835
isolation,0,streaming,LRU,ProportionalAllocation,1465,4,296300,{'trace_kind': 'synthetic'},0.2963
isolation,1,streaming,LRU,ProportionalAllocation,1465,4,311500,{'trace_kind': 'synthetic'},0.3115
isolation,2,streaming,LRU,ProportionalAllocation,1465,4,308100,{'trace_kind': 'synthetic'},0.3081
isolation,3,streaming,LRU,ProportionalAllocation,1465,4,314400,{'trace_kind': 'synthetic'},0.3144
isolation,4,streaming,LRU,ProportionalAllocation,1465,4,323000,{'trace_kind': 'synthetic'},0.323
isolation,5,streaming,LRU,ProportionalAllocation,1465,4,331500,{'trace_kind': 'synthetic'},0.3315
isolation,6,streaming,LRU,ProportionalAllocation,1465,4,342700,{'trace_kind': 'synthetic'},0.3427
isolation,7,streaming,LRU,ProportionalAllocation,1465,4,349400,{'trace_kind': 'synthetic'},0.3494
isolation,0,streaming,LRU,ProportionalAllocation,1465,5,322900,{'trace_kind': 'synthetic'},0.3229
isolation,1,streaming,LRU,ProportionalAllocation,1465,5,334100,{'trace_kind': 'synthetic'},0.3341
isolation,2,streaming,LRU,ProportionalAllocation,1465,5,338900,{'trace_kind': 'synthetic'},0.3389
isolation,3,streaming,LRU,ProportionalAllocation,1465,5,345400,{'trace_kind': 'synthetic'},0.3454
isolation,4,streaming,LRU,ProportionalAllocation,1465,5,349900,{'trace_kind': 'synthetic'},0.3499
isolation,5,streaming,LRU,ProportionalAllocation,1465,5,365800,{'trace_kind': 'synthetic'},0.3658
isolation,6,streaming,LRU,ProportionalAllocation,1465,5,370100,{'trace_kind': 'synthetic'},0.3701
isolation,7,streaming,LRU,ProportionalAllocation,1465,5,381300,{'trace_kind': 'synthetic'},0.3813
isolation,0,streaming,LRU,ProportionalAllocation,1465,6,326500,{'trace_kind': 'synthetic'},0.3265
isolation,1,streaming,LRU,ProportionalAllocation,1465,6,335100,{'trace_kind': 'synthetic'},0.3351
isolation,2,streaming,LRU,ProportionalAllocation,1465,6,338200,{'trace_kind': 'synthetic'},0.3382
isolation,3,streaming,LRU,ProportionalAllocation,1465,6,348800,{'trace_kind': 'synthetic'},0.3488
isolation,4,streaming,LRU,ProportionalAllocation,1465,6,351700,{'trace_kind': 'synthetic'},0.3517
isolation,5,streaming,LRU,ProportionalAllocation,1465,6,364700,{'trace_kind': 'synthetic'},0.3647
isolation,6,streaming,LRU,ProportionalAllocation,1465,6,370600,{'trace_kind': 'synthetic'},0.3706
isolation,7,streaming,LRU,ProportionalAllocation,1465,6,381200,{'trace_kind': 'synthetic'},0.3812
isolation,0,streaming,LRU,ProportionalAllocation,1465,7,325200,{'trace_kind': 'synthetic'},0.3252
isolation,1,streaming,LRU,ProportionalAllocation,1465,7,336100,{'trace_kind': 'synthetic'},0.3361
isolation,2,streaming,LRU,ProportionalAllocation,1465,7,337500,{'trace_kind': 'synthetic'},0.3375
isolation,3,streaming,LRU,ProportionalAllocation,1465,7,347100,{'trace_kind': 'synthetic'},0.3471
isolation,4,streaming,LRU,ProportionalAllocation,1465,7,353000,{'trace_kind': 'synthetic'},0.353
isolation,5,streaming,LRU,ProportionalAllocation,1465,7,364900,{'trace_kind': 'synthetic'},0.3649
isolation,6,streaming,LRU,ProportionalAllocation,1465,7,384900,{'trace_kind': 'synthetic'},0.3849
isolation,7,streaming,LRU,ProportionalAllocation,1465,7,381600,{'trace_kind': 'synthetic'},0.3816
isolation,0,streaming,LRU,ProportionalAllocation,1465,8,326300,{'trace_kind': 'synthetic'},0.3263
isolation,1,streaming,LRU,ProportionalAllocation,1465,8,334200,{'trace_kind': 'synthetic'},0.3342
isolation,2,streaming,LRU,ProportionalAllocation,1465,8,336900,{'trace_kind': 'synthetic'},0.3369
isolation,3,streaming,LRU,ProportionalAllocation,1465,8,343800,{'trace_kind': 'synthetic'},0.3438
isolation,4,streaming,LRU,ProportionalAllocation,1465,8,351800,{'trace_kind': 'synthetic'},0.3518
isolation,5,streaming,LRU,ProportionalAllocation,1465,8,361100,{'trace_kind': 'synthetic'},0.3611
isolation,6,streaming,LRU,ProportionalAllocation,1465,8,368500,{'trace_kind': 'synthetic'},0.3685
isolation,7,streaming,LRU,ProportionalAllocation,1465,8,382800,{'trace_kind': 'synthetic'},0.3828
isolation,0,streaming,LRU,ProportionalAllocation,1465,9,325000,{'trace_kind': 'synthetic'},0.325
isolation,1,streaming,LRU,ProportionalAllocation,1465,9,335400,{'trace_kind': 'synthetic'},0.3354
isolation,2,streaming,LRU,ProportionalAllocation,1465,9,331600,{'trace_kind': 'synthetic'},0.3316
isolation,3,streaming,LRU,ProportionalAllocation,1465,9,340800,{'trace_kind': 'synthetic'},0.3408
isolation,4,streaming,LRU,ProportionalAllocation,1465,9,343400,{'trace_kind': 'synthetic'},0.3434
isolation,5,streaming,LRU,ProportionalAllocation,1465,9,359700,{'trace_kind': 'synthetic'},0.3597
isolation,6,streaming,LRU,ProportionalAllocation,1465,9,365600,{'trace_kind': 'synthetic'},0.3656
isolation,7,streaming,LRU,ProportionalAllocation,1465,9,377600,{'trace_kind': 'synthetic'},0.3776
isolation,0,streaming,NRU,GlobalAllocation,1465,0,368900,{'trace_kind': 'synthetic'},0.3689
isolation,1,streaming,NRU,GlobalAllocation,1465,0,370400,{'trace_kind': 'synthetic'},0.3704
isolation,2,streaming,NRU,GlobalAllocation,1465,0,391800,{'trace_kind': 'synthetic'},0.3918
isolation,3,streaming,NRU,GlobalAllocation,1465,0,404500,{'trace_kind': 'synthetic'},0.4045
isolation,4,streaming,NRU,GlobalAllocation,1465,0,384200,{'trace_kind': 'synthetic'},0.3842
isolation,5,streaming,NRU,GlobalAllocation,1465,0,421100,{'trace_kind': 'synthetic'},0.4211
isolation,6,streaming,NRU,GlobalAllocation,1465,0,417700,{'trace_kind': 'synthetic'},0.4177
isolation,7,streaming,NRU,GlobalAllocation,1465,0,426200,{'trace_kind': 'synthetic'},0.4262
isolation,0,streaming,NRU,GlobalAllocation,1465,1,378700,{'trace_kind': 'synthetic'},0.3787
isolation,1,streaming,NRU,GlobalAllocation,1465,1,365700,{'trace_kind': 'synthetic'},0.3657
isolation,2,streaming,NRU,GlobalAllocation,1465,1,387600,{'trace_kind': 'synthetic'},0.3876
isolation,3,streaming,NRU,GlobalAllocation,1465,1,395700,{'trace_kind': 'synthetic'},0.3957
isolation,4,streaming,NRU,GlobalAllocation,1465,1,381800,{'trace_kind': 'synthetic'},0.3818
isolation,5,streaming,NRU,GlobalAllocation,1465,1,400400,{'trace_kind': 'synthetic'},0.4004
isolation,6,streaming,NRU,GlobalAllocation,1465,1,407100,{'trace_kind': 'synthetic'},0.4071
isolation,7,streaming,NRU,GlobalAllocation,1465,1,430800,{'trace_kind': 'synthetic'},0.4308
isolation,0,streaming,NRU,GlobalAllocation,1465,2,683400,{'trace_kind': 'synthetic'},0.6834
isolation,1,streaming,NRU,GlobalAllocation,1465,2,718400,{'trace_kind': 'synthetic'},0.7184
isolation,2,streaming,NRU,GlobalAllocation,1465,2,714100,{'trace_kind': 'synthetic'},0.7141
isolation,3,streaming,NRU,GlobalAllocation,1465,2,391500,{'trace_kind': 'synthetic'},0.3915
isolation,4,streaming,NRU,GlobalAllocation,1465,2,385300,{'trace_kind': 'synthetic'},0.3853
isolation,5,streaming,NRU,GlobalAllocation,1465,2,411600,{'trace_kind': 'synthetic'},0.4116
isolation,6,streaming,NRU,GlobalAllocation,1465,2,419800,{'trace_kind': 'synthetic'},0.4198
isolation,7,streaming,NRU,GlobalAllocation,1465,2,423600,{'trace_kind': 'synthetic'},0.4236
isolation,0,streaming,NRU,GlobalAllocation,1465,3,367800,{'trace_kind': 'synthetic'},0.3678
isolation,1,streaming,NRU,GlobalAllocation,1465,3,364600,{'trace_kind': 'synthetic'},0.3646
isolation,2,streaming,NRU,GlobalAllocation,1465,3,370800,{'trace_kind': 'synthetic'},0.3708
isolation,3,streaming,NRU,GlobalAllocation,1465,3,375800,{'trace_kind': 'synthetic'},0.3758
isolation,4,streaming,NRU,GlobalAllocation,1465,3,390100,{'trace_kind': 'synthetic'},0.3901
isolation,5,streaming,NRU,GlobalAllocation,1465,3,409500,{'trace_kind': 'synthetic'},0.4095
isolation,6,streaming,NRU,GlobalAllocation,1465,3,425900,{'trace_kind': 'synthetic'},0.4259
isolation,7,streaming,NRU,GlobalAllocation,1465,3,439500,{'trace_kind': 'synthetic'},0.4395
isolation,0,streaming,NRU,GlobalAllocation,1465,4,349300,{'trace_kind': 'synthetic'},0.3493
isolation,1,streaming,NRU,GlobalAllocation,1465,4,384000,{'trace_kind': 'synthetic'},0.384
isolation,2,streaming,NRU,GlobalAllocation,1465,4,373900,{'trace_kind': 'synthetic'},0.3739
isolation,3,streaming,NRU,GlobalAllocation,1465,4,385000,{'trace_kind': 'synthetic'},0.385
isolation,4,streaming,NRU,GlobalAllocation,1465,4,393200,{'trace_kind': 'synthetic'},0.3932
isolation,5,streaming,NRU,GlobalAllocation,1465,4,424100,{'trace_kind': 'synthetic'},0.4241
isolation,6,streaming,NRU,GlobalAllocation,1465,4,415000,{'trace_kind': 'synthetic'},0.415
isolation,7,streaming,NRU,GlobalAllocation,1465,4,435500,{'trace_kind': 'synthetic'},0.4355
isolation,0,streaming,NRU,GlobalAllocation,1465,5,346800,{'trace_kind': 'synthetic'},0.3468
isolation,1,streaming,NRU,GlobalAllocation,1465,5,372300,{'trace_kind': 'synthetic'},0.3723
isolation,2,streaming,NRU,GlobalAllocation,1465,5,409500,{'trace_kind': 'synthetic'},0.4095
isolation,3,streaming,NRU,GlobalAllocation,1465,5,379500,{'trace_kind': 'synthetic'},0.3795
isolation,4,streaming,NRU,GlobalAllocation,1465,5,404500,{'trace_kind': 'synthetic'},0.4045
isolation,5,streaming,NRU,GlobalAllocation,1465,5,415100,{'trace_kind': 'synthetic'},0.4151
isolation,6,streaming,NRU,GlobalAllocation,1465,5,427900,{'trace_kind': 'synthetic'},0.4279
isolation,7,streaming,NRU,GlobalAllocation,1465,5,417500,{'trace_kind': 'synthetic'},0.4175
isolation,0,streaming,NRU,GlobalAllocation,1465,6,351700,{'trace_kind': 'synthetic'},0.3517
isolation,1,streaming,NRU,GlobalAllocation,1465,6,355500,{'trace_kind': 'synthetic'},0.3555
isolation,2,streaming,NRU,GlobalAllocation,1465,6,365200,{'trace_kind': 'synthetic'},0.3652
isolation,3,streaming,NRU,GlobalAllocation,1465,6,377600,{'trace_kind': 'synthetic'},0.3776
isolation,4,streaming,NRU,GlobalAllocation,1465,6,381800,{'trace_kind': 'synthetic'},0.3818
isolation,5,streaming,NRU,GlobalAllocation,1465,6,400300,{'trace_kind': 'synthetic'},0.4003
isolation,6,streaming,NRU,GlobalAllocation,1465,6,408900,{'trace_kind': 'synthetic'},0.4089
isolation,7,streaming,NRU,GlobalAllocation,1465,6,424900,{'trace_kind': 'synthetic'},0.4249
isolation,0,streaming,NRU,GlobalAllocation,1465,7,355500,{'trace_kind': 'synthetic'},0.3555
isolation,1,streaming,NRU,GlobalAllocation,1465,7,373300,{'trace_kind': 'synthetic'},0.3733
isolation,2,streaming,NRU,GlobalAllocation,1465,7,373800,{'trace_kind': 'synthetic'},0.3738
isolation,3,streaming,NRU,GlobalAllocation,1465,7,396300,{'trace_kind': 'synthetic'},0.3963
isolation,4,streaming,NRU,GlobalAllocation,1465,7,380400,{'trace_kind': 'synthetic'},0.3804
isolation,5,streaming,NRU,GlobalAllocation,1465,7,399500,{'trace_kind': 'synthetic'},0.3995
isolation,6,streaming,NRU,GlobalAllocation,1465,7,418100,{'trace_kind': 'synthetic'},0.4181
isolation,7,streaming,NRU,GlobalAllocation,1465,7,424100,{'trace_kind': 'synthetic'},0.4241
isolation,0,streaming,NRU,GlobalAllocation,1465,8,352100,{'trace_kind': 'synthetic'},0.3521
isolation,1,streaming,NRU,GlobalAllocation,1465,8,373800,{'trace_kind': 'synthetic'},0.3738
isolation,2,streaming,NRU,GlobalAllocation,1465,8,380400,{'trace_kind': 'synthetic'},0.3804
isolation,3,streaming,NRU,GlobalAllocation,1465,8,375800,{'trace_kind': 'synthetic'},0.3758
isolation,4,streaming,NRU,GlobalAllocation,1465,8,383300,{'trace_kind': 'synthetic'},0.3833
isolation,5,streaming,NRU,GlobalAllocation,1465,8,397000,{'trace_kind': 'synthetic'},0.397
isolation,6,streaming,NRU,GlobalAllocation,1465,8,427600,{'trace_kind': 'synthetic'},0.4276
isolation,7,streaming,NRU,GlobalAllocation,1465,8,424700,{'trace_kind': 'synthetic'},0.4247
isolation,0,streaming,NRU,GlobalAllocation,1465,9,365400,{'trace_kind': 'synthetic'},0.3654
isolation,1,streaming,NRU,GlobalAllocation,1465,9,368000,{'trace_kind': 'synthetic'},0.368
isolation,2,streaming,NRU,GlobalAllocation,1465,9,365900,{'trace_kind': 'synthetic'},0.3659
isolation,3,streaming,NRU,GlobalAllocation,1465,9,382300,{'trace_kind': 'synthetic'},0.3823
isolation,4,streaming,NRU,GlobalAllocation,1465,9,387100,{'trace_kind': 'synthetic'},0.3871
isolation,5,streaming,NRU,GlobalAllocation,1465,9,399700,{'trace_kind': 'synthetic'},0.3997
isolation,6,streaming,NRU,GlobalAllocation,1465,9,412000,{'trace_kind': 'synthetic'},0.412
isolation,7,streaming,NRU,GlobalAllocation,1465,9,424200,{'trace_kind': 'synthetic'},0.4242
isolation,0,streaming,NRU,LocalAllocation,1465,0,350400,{'trace_kind': 'synthetic'},0.3504
isolation,1,streaming,NRU,LocalAllocation,1465,0,359000,{'trace_kind': 'synthetic'},0.359
isolation,2,streaming,NRU,LocalAllocation,1465,0,390300,{'trace_kind': 'synthetic'},0.3903
isolation,3,streaming,NRU,LocalAllocation,1465,0,376000,{'trace_kind': 'synthetic'},0.376
isolation,4,streaming,NRU,LocalAllocation,1465,0,383900,{'trace_kind': 'synthetic'},0.3839
isolation,5,streaming,NRU,LocalAllocation,1465,0,545000,{'trace_kind': 'synthetic'},0.545
isolation,6,streaming,NRU,LocalAllocation,1465,0,422300,{'trace_kind': 'synthetic'},0.4223
isolation,7,streaming,NRU,LocalAllocation,1465,0,425000,{'trace_kind': 'synthetic'},0.425
isolation,0,streaming,NRU,LocalAllocation,1465,1,346900,{'trace_kind': 'synthetic'},0.3469
isolation,1,streaming,NRU,LocalAllocation,1465,1,355000,{'trace_kind': 'synthetic'},0.355
isolation,2,streaming,NRU,LocalAllocation,1465,1,365500,{'trace_kind': 'synthetic'},0.3655
isolation,3,streaming,NRU,LocalAllocation,1465,1,374300,{'trace_kind': 'synthetic'},0.3743
isolation,4,streaming,NRU,LocalAllocation,1465,1,384400,{'trace_kind': 'synthetic'},0.3844
isolation,5,streaming,NRU,LocalAllocation,1465,1,397100,{'trace_kind': 'synthetic'},0.3971
isolation,6,streaming,NRU,LocalAllocation,1465,1,412800,{'trace_kind': 'synthetic'},0.4128
isolation,7,streaming,NRU,LocalAllocation,1465,1,431700,{'trace_kind': 'synthetic'},0.4317
isolation,0,streaming,NRU,LocalAllocation,1465,2,348900,{'trace_kind': 'synthetic'},0.3489
isolation,1,streaming,NRU,LocalAllocation,1465,2,361500,{'trace_kind': 'synthetic'},0.3615
isolation,2,streaming,NRU,LocalAllocation,1465,2,363200,{'trace_kind': 'synthetic'},0.3632
isolation,3,streaming,NRU,LocalAllocation,1465,2,393500,{'trace_kind': 'synthetic'},0.3935
isolation,4,streaming,NRU,LocalAllocation,1465,2,381400,{'trace_kind': 'synthetic'},0.3814
isolation,5,streaming,NRU,LocalAllocation,1465,2,391000,{'trace_kind': 'synthetic'},0.391
isolation,6,streaming,NRU,LocalAllocation,1465,2,423700,{'trace_kind': 'synthetic'},0.4237
isolation,7,streaming,NRU,LocalAllocation,1465,2,424600,{'trace_kind': 'synthetic'},0.4246
isolation,0,streaming,NRU,LocalAllocation,1465,3,349000,{'trace_kind': 'synthetic'},0.349
isolation,1,streaming,NRU,LocalAllocation,1465,3,357100,{'trace_kind': 'synthetic'},0.3571
isolation,2,streaming,NRU,LocalAllocation,1465,3,374400,{'trace_kind': 'synthetic'},0.3744
isolation,3,streaming,NRU,LocalAllocation,1465,3,376300,{'trace_kind': 'synthetic'},0.3763
isolation,4,streaming,NRU,LocalAllocation,1465,3,388900,{'trace_kind': 'synthetic'},0.3889
isolation,5,streaming,NRU,LocalAllocation,1465,3,394300,{'trace_kind': 'synthetic'},0.3943
isolation,6,streaming,NRU,LocalAllocation,1465,3,408200,{'trace_kind': 'synthetic'},0.4082
isolation,7,streaming,NRU,LocalAllocation,1465,3,424000,{'trace_kind': 'synthetic'},0.424
isolation,0,streaming,NRU,LocalAllocation,1465,4,357100,{'trace_kind': 'synthetic'},0.3571
isolation,1,streaming,NRU,LocalAllocation,1465,4,365000,{'trace_kind': 'synthetic'},0.365
isolation,2,streaming,NRU,LocalAllocation,1465,4,392300,{'trace_kind': 'synthetic'},0.3923
isolation,3,streaming,NRU,LocalAllocation,1465,4,377600,{'trace_kind': 'synthetic'},0.3776
isolation,4,streaming,NRU,LocalAllocation,1465,4,386800,{'trace_kind': 'synthetic'},0.3868
isolation,5,streaming,NRU,LocalAllocation,1465,4,410200,{'trace_kind': 'synthetic'},0.4102
isolation,6,streaming,NRU,LocalAllocation,1465,4,421500,{'trace_kind': 'synthetic'},0.4215
isolation,7,streaming,NRU,LocalAllocation,1465,4,512400,{'trace_kind': 'synthetic'},0.5124
isolation,0,streaming,NRU,LocalAllocation,1465,5,363100,{'trace_kind': 'synthetic'},0.3631
isolation,1,streaming,NRU,LocalAllocation,1465,5,354400,{'trace_kind': 'synthetic'},0.3544
isolation,2,streaming,NRU,LocalAllocation,1465,5,380700,{'trace_kind': 'synthetic'},0.3807
isolation,3,streaming,NRU,LocalAllocation,1465,5,375900,{'trace_kind': 'synthetic'},0.3759
isolation,4,streaming,NRU,LocalAllocation,1465,5,411100,{'trace_kind': 'synthetic'},0.4111
isolation,5,streaming,NRU,LocalAllocation,1465,5,400500,{'trace_kind': 'synthetic'},0.4005
isolation,6,streaming,NRU,LocalAllocation,1465,5,422500,{'trace_kind': 'synthetic'},0.4225
isolation,7,streaming,NRU,LocalAllocation,1465,5,418600,{'trace_kind': 'synthetic'},0.4186
isolation,0,streaming,NRU,LocalAllocation,1465,6,352300,{'trace_kind': 'synthetic'},0.3523
isolation,1,streaming,NRU,LocalAllocation,1465,6,367000,{'trace_kind': 'synthetic'},0.367
isolation,2,streaming,NRU,LocalAllocation,1465,6,367100,{'trace_kind': 'synthetic'},0.3671
isolation,3,streaming,NRU,LocalAllocation,1465,6,377700,{'trace_kind': 'synthetic'},0.3777
isolation,4,streaming,NRU,LocalAllocation,1465,6,387500,{'trace_kind': 'synthetic'},0.3875
isolation,5,streaming,NRU,LocalAllocation,1465,6,411500,{'trace_kind': 'synthetic'},0.4115
isolation,6,streaming,NRU,LocalAllocation,1465,6,428400,{'trace_kind': 'synthetic'},0.4284
isolation,7,streaming,NRU,LocalAllocation,1465,6,429500,{'trace_kind': 'synthetic'},0.4295
isolation,0,streaming,NRU,LocalAllocation,1465,7,376100,{'trace_kind': 'synthetic'},0.3761
isolation,1,streaming,NRU,LocalAllocation,1465,7,352600,{'trace_kind': 'synthetic'},0.3526
isolation,2,streaming,NRU,LocalAllocation,1465,7,365800,{'trace_kind': 'synthetic'},0.3658
isolation,3,streaming,NRU,LocalAllocation,1465,7,373000,{'trace_kind': 'synthetic'},0.373
isolation,4,streaming,NRU,LocalAllocation,1465,7,384300,{'trace_kind': 'synthetic'},0.3843
isolation,5,streaming,NRU,LocalAllocation,1465,7,421800,{'trace_kind': 'synthetic'},0.4218
isolation,6,streaming,NRU,LocalAllocation,1465,7,429200,{'trace_kind': 'synthetic'},0.4292
isolation,7,streaming,NRU,LocalAllocation,1465,7,420900,{'trace_kind': 'synthetic'},0.4209
isolation,0,streaming,NRU,LocalAllocation,1465,8,349900,{'trace_kind': 'synthetic'},0.3499
isolation,1,streaming,NRU,LocalAllocation,1465,8,374900,{'trace_kind': 'synthetic'},0.3749
isolation,2,streaming,NRU,LocalAllocation,1465,8,367200,{'trace_kind': 'synthetic'},0.3672
isolation,3,streaming,NRU,LocalAllocation,1465,8,386700,{'trace_kind': 'synthetic'},0.3867
isolation,4,streaming,NRU,LocalAllocation,1465,8,388500,{'trace_kind': 'synthetic'},0.3885
isolation,5,streaming,NRU,LocalAllocation,1465,8,392100,{'trace_kind': 'synthetic'},0.3921
isolation,6,streaming,NRU,LocalAllocation,1465,8,404300,{'trace_kind': 'synthetic'},0.4043
isolation,7,streaming,NRU,LocalAllocation,1465,8,438700,{'trace_kind': 'synthetic'},0.4387
isolation,0,streaming,NRU,LocalAllocation,1465,9,681400,{'trace_kind': 'synthetic'},0.6814
isolation,1,streaming,NRU,LocalAllocation,1465,9,373000,{'trace_kind': 'synthetic'},0.373
isolation,2,streaming,NRU,LocalAllocation,1465,9,377200,{'trace_kind': 'synthetic'},0.3772
isolation,3,streaming,NRU,LocalAllocation,1465,9,377400,{'trace_kind': 'synthetic'},0.3774
isolation,4,streaming,NRU,LocalAllocation,1465,9,386900,{'trace_kind': 'synthetic'},0.3869
isolation,5,streaming,NRU,LocalAllocation,1465,9,426700,{'trace_kind': 'synthetic'},0.4267
isolation,6,streaming,NRU,LocalAllocation,1465,9,422600,{'trace_kind': 'synthetic'},0.4226
isolation,7,streaming,NRU,LocalAllocation,1465,9,421100,{'trace_kind': 'synthetic'},0.4211
isolation,0,streaming,NRU,ProportionalAllocation,1465,0,373100,{'trace_kind': 'synthetic'},0.3731
isolation,1,streaming,NRU,ProportionalAllocation,1465,0,360300,{'trace_kind': 'synthetic'},0.3603
isolation,2,streaming,NRU,ProportionalAllocation,1465,0,380900,{'trace_kind': 'synthetic'},0.3809
isolation,3,streaming,NRU,ProportionalAllocation,1465,0,389800,{'trace_kind': 'synthetic'},0.3898
isolation,4,streaming,NRU,ProportionalAllocation,1465,0,390700,{'trace_kind': 'synthetic'},0.3907
isolation,5,streaming,NRU,ProportionalAllocation,1465,0,712100,{'trace_kind': 'synthetic'},0.7121
isolation,6,streaming,NRU,ProportionalAllocation,1465,0,797000,{'trace_kind': 'synthetic'},0.797
isolation,7,streaming,NRU,ProportionalAllocation,1465,0,1067100,{'trace_kind': 'synthetic'},1.0671
isolation,0,streaming,NRU,ProportionalAllocation,1465,1,350300,{'trace_kind': 'synthetic'},0.3503
isolation,1,streaming,NRU,ProportionalAllocation,1465,1,356400,{'trace_kind': 'synthetic'},0.3564
isolation,2,streaming,NRU,ProportionalAllocation,1465,1,364500,{'trace_kind': 'synthetic'},0.3645
isolation,3,streaming,NRU,ProportionalAllocation,1465,1,378700,{'trace_kind': 'synthetic'},0.3787
isolation,4,streaming,NRU,ProportionalAllocation,1465,1,383600,{'trace_kind': 'synthetic'},0.3836
isolation,5,streaming,NRU,ProportionalAllocation,1465,1,397800,{'trace_kind': 'synthetic'},0.3978
isolation,6,streaming,NRU,ProportionalAllocation,1465,1,408700,{'trace_kind': 'synthetic'},0.4087
isolation,7,streaming,NRU,ProportionalAllocation,1465,1,423900,{'trace_kind': 'synthetic'},0.4239
isolation,0,streaming,NRU,ProportionalAllocation,1465,2,685400,{'trace_kind': 'synthetic'},0.6854
isolation,1,streaming,NRU,ProportionalAllocation,1465,2,400400,{'trace_kind': 'synthetic'},0.4004
isolation,2,streaming,NRU,ProportionalAllocation,1465,2,411200,{'trace_kind': 'synthetic'},0.4112
isolation,3,streaming,NRU,ProportionalAllocation,1465,2,398600,{'trace_kind': 'synthetic'},0.3986
isolation,4,streaming,NRU,ProportionalAllocation,1465,2,404000,{'trace_kind': 'synthetic'},0.404
isolation,5,streaming,NRU,ProportionalAllocation,1465,2,407800,{'trace_kind': 'synthetic'},0.4078
isolation,6,streaming,NRU,ProportionalAllocation,1465,2,439400,{'trace_kind': 'synthetic'},0.4394
isolation,7,streaming,NRU,ProportionalAllocation,1465,2,433900,{'trace_kind': 'synthetic'},0.4339
isolation,0,streaming,NRU,ProportionalAllocation,1465,3,347900,{'trace_kind': 'synthetic'},0.3479
isolation,1,streaming,NRU,ProportionalAllocation,1465,3,376500,{'trace_kind': 'synthetic'},0.3765
isolation,2,streaming,NRU,ProportionalAllocation,1465,3,383300,{'trace_kind': 'synthetic'},0.3833
isolation,3,streaming,NRU,ProportionalAllocation,1465,3,381500,{'trace_kind': 'synthetic'},0.3815
isolation,4,streaming,NRU,ProportionalAllocation,1465,3,388200,{'trace_kind': 'synthetic'},0.3882
isolation,5,streaming,NRU,ProportionalAllocation,1465,3,393700,{'trace_kind': 'synthetic'},0.3937
isolation,6,streaming,NRU,ProportionalAllocation,1465,3,418100,{'trace_kind': 'synthetic'},0.4181
isolation,7,streaming,NRU,ProportionalAllocation,1465,3,423600,{'trace_kind': 'synthetic'},0.4236
isolation,0,streaming,NRU,ProportionalAllocation,1465,4,330800,{'trace_kind': 'synthetic'},0.3308
isolation,1,streaming,NRU,ProportionalAllocation,1465,4,358100,{'trace_kind': 'synthetic'},0.3581
isolation,2,streaming,NRU,ProportionalAllocation,1465,4,405600,{'trace_kind': 'synthetic'},0.4056
isolation,3,streaming,NRU,ProportionalAllocation,1465,4,386700,{'trace_kind': 'synthetic'},0.3867
isolation,4,streaming,NRU,ProportionalAllocation,1465,4,389400,{'trace_kind': 'synthetic'},0.3894
isolation,5,streaming,NRU,ProportionalAllocation,1465,4,397900,{'trace_kind': 'synthetic'},0.3979
isolation,6,streaming,NRU,ProportionalAllocation,1465,4,412800,{'trace_kind': 'synthetic'},0.4128
isolation,7,streaming,NRU,ProportionalAllocation,1465,4,447900,{'trace_kind': 'synthetic'},0.4479
isolation,0,streaming,NRU,ProportionalAllocation,1465,5,344300,{'trace_kind': 'synthetic'},0.3443
isolation,1,streaming,NRU,ProportionalAllocation,1465,5,355600,{'trace_kind': 'synthetic'},0.3556
isolation,2,streaming,NRU,ProportionalAllocation,1465,5,364500,{'trace_kind': 'synthetic'},0.3645
isolation,3,streaming,NRU,ProportionalAllocation,1465,5,375500,{'trace_kind': 'synthetic'},0.3755
isolation,4,streaming,NRU,ProportionalAllocation,1465,5,384000,{'trace_kind': 'synthetic'},0.384
isolation,5,streaming,NRU,ProportionalAllocation,1465,5,400600,{'trace_kind': 'synthetic'},0.4006
isolation,6,streaming,NRU,ProportionalAllocation,1465,5,408900,{'trace_kind': 'synthetic'},0.4089
isolation,7,streaming,NRU,ProportionalAllocation,1465,5,424300,{'trace_kind': 'synthetic'},0.4243
isolation,0,streaming,NRU,ProportionalAllocation,1465,6,348600,{'trace_kind': 'synthetic'},0.3486
isolation,1,streaming,NRU,ProportionalAllocation,1465,6,375000,{'trace_kind': 'synthetic'},0.375
isolation,2,streaming,NRU,ProportionalAllocation,1465,6,387400,{'trace_kind': 'synthetic'},0.3874
isolation,3,streaming,NRU,ProportionalAllocation,1465,6,391500,{'trace_kind': 'synthetic'},0.3915
isolation,4,streaming,NRU,ProportionalAllocation,1465,6,388500,{'trace_kind': 'synthetic'},0.3885
isolation,5,streaming,NRU,ProportionalAllocation,1465,6,406900,{'trace_kind': 'synthetic'},0.4069
isolation,6,streaming,NRU,ProportionalAllocation,1465,6,428200,{'trace_kind': 'synthetic'},0.4282
isolation,7,streaming,NRU,ProportionalAllocation,1465,6,444400,{'trace_kind': 'synthetic'},0.4444
isolation,0,streaming,NRU,ProportionalAllocation,1465,7,348500,{'trace_kind': 'synthetic'},0.3485
isolation,1,streaming,NRU,ProportionalAllocation,1465,7,356900,{'trace_kind': 'synthetic'},0.3569
isolation,2,streaming,NRU,ProportionalAllocation,1465,7,369300,{'trace_kind': 'synthetic'},0.3693
isolation,3,streaming,NRU,ProportionalAllocation,1465,7,375300,{'trace_kind': 'synthetic'},0.3753
isolation,4,streaming,NRU,ProportionalAllocation,1465,7,384300,{'trace_kind': 'synthetic'},0.3843
isolation,5,streaming,NRU,ProportionalAllocation,1465,7,395600,{'trace_kind': 'synthetic'},0.3956
isolation,6,streaming,NRU,ProportionalAllocation,1465,7,406800,{'trace_kind': 'synthetic'},0.4068
isolation,7,streaming,NRU,ProportionalAllocation,1465,7,422700,{'trace_kind': 'synthetic'},0.4227
isolation,0,streaming,NRU,ProportionalAllocation,1465,8,349500,{'trace_kind': 'synthetic'},0.3495
isolation,1,streaming,NRU,ProportionalAllocation,1465,8,375800,{'trace_kind': 'synthetic'},0.3758
isolation,2,streaming,NRU,ProportionalAllocation,1465,8,382300,{'trace_kind': 'synthetic'},0.3823
isolation,3,streaming,NRU,ProportionalAllocation,1465,8,371200,{'trace_kind': 'synthetic'},0.3712
isolation,4,streaming,NRU,ProportionalAllocation,1465,8,398200,{'trace_kind': 'synthetic'},0.3982
isolation,5,streaming,NRU,ProportionalAllocation,1465,8,390500,{'trace_kind': 'synthetic'},0.3905
isolation,6,streaming,NRU,ProportionalAllocation,1465,8,530700,{'trace_kind': 'synthetic'},0.5307
isolation,7,streaming,NRU,ProportionalAllocation,1465,8,433600,{'trace_kind': 'synthetic'},0.4336
isolation,0,streaming,NRU,ProportionalAllocation,1465,9,363600,{'trace_kind': 'synthetic'},0.3636
isolation,1,streaming,NRU,ProportionalAllocation,1465,9,371800,{'trace_kind': 'synthetic'},0.3718
isolation,2,streaming,NRU,ProportionalAllocation,1465,9,382800,{'trace_kind': 'synthetic'},0.3828
isolation,3,streaming,NRU,ProportionalAllocation,1465,9,399700,{'trace_kind': 'synthetic'},0.3997
isolation,4,streaming,NRU,ProportionalAllocation,1465,9,381400,{'trace_kind': 'synthetic'},0.3814
isolation,5,streaming,NRU,ProportionalAllocation,1465,9,396900,{'trace_kind': 'synthetic'},0.3969
isolation,6,streaming,NRU,ProportionalAllocation,1465,9,421600,{'trace_kind': 'synthetic'},0.4216
isolation,7,streaming,NRU,ProportionalAllocation,1465,9,419900,{'trace_kind': 'synthetic'},0.4199
isolation,0,streaming,SecondChance,GlobalAllocation,1465,0,347500,{'trace_kind': 'synthetic'},0.3475
isolation,1,streaming,SecondChance,GlobalAllocation,1465,0,370900,{'trace_kind': 'synthetic'},0.3709
isolation,2,streaming,SecondChance,GlobalAllocation,1465,0,398600,{'trace_kind': 'synthetic'},0.3986
isolation,3,streaming,SecondChance,GlobalAllocation,1465,0,424900,{'trace_kind': 'synthetic'},0.4249
isolation,4,streaming,SecondChance,GlobalAllocation,1465,0,447300,{'trace_kind': 'synthetic'},0.4473
isolation,5,streaming,SecondChance,GlobalAllocation,1465,0,497600,{'trace_kind': 'synthetic'},0.4976
isolation,6,streaming,SecondChance,GlobalAllocation,1465,0,551400,{'trace_kind': 'synthetic'},0.5514
isolation,7,streaming,SecondChance,GlobalAllocation,1465,0,604000,{'trace_kind': 'synthetic'},0.604
isolation,0,streaming,SecondChance,GlobalAllocation,1465,1,343200,{'trace_kind': 'synthetic'},0.3432
isolation,1,streaming,SecondChance,GlobalAllocation,1465,1,369800,{'trace_kind': 'synthetic'},0.3698
isolation,2,streaming,SecondChance,GlobalAllocation,1465,1,404100,{'trace_kind': 'synthetic'},0.4041
isolation,3,streaming,SecondChance,GlobalAllocation,1465,1,424200,{'trace_kind': 'synthetic'},0.4242
isolation,4,streaming,SecondChance,GlobalAllocation,1465,1,450400,{'trace_kind': 'synthetic'},0.4504
isolation,5,streaming,SecondChance,GlobalAllocation,1465,1,496300,{'trace_kind': 'synthetic'},0.4963
isolation,6,streaming,SecondChance,GlobalAllocation,1465,1,536600,{'trace_kind': 'synthetic'},0.5366
isolation,7,streaming,SecondChance,GlobalAllocation,1465,1,588700,{'trace_kind': 'synthetic'},0.5887
isolation,0,streaming,SecondChance,GlobalAllocation,1465,2,344700,{'trace_kind': 'synthetic'},0.3447
isolation,1,streaming,SecondChance,GlobalAllocation,1465,2,390000,{'trace_kind': 'synthetic'},0.39
isolation,2,streaming,SecondChance,GlobalAllocation,1465,2,423600,{'trace_kind': 'synthetic'},0.4236
isolation,3,streaming,SecondChance,GlobalAllocation,1465,2,433000,{'trace_kind': 'synthetic'},0.433
isolation,4,streaming,SecondChance,GlobalAllocation,1465,2,469000,{'trace_kind': 'synthetic'},0.469
isolation,5,streaming,SecondChance,GlobalAllocation,1465,2,506100,{'trace_kind': 'synthetic'},0.5061
isolation,6,streaming,SecondChance,GlobalAllocation,1465,2,537800,{'trace_kind': 'synthetic'},0.5378
isolation,7,streaming,SecondChance,GlobalAllocation,1465,2,623300,{'trace_kind': 'synthetic'},0.6233
isolation,0,streaming,SecondChance,GlobalAllocation,1465,3,345100,{'trace_kind': 'synthetic'},0.3451
isolation,1,streaming,SecondChance,GlobalAllocation,1465,3,370700,{'trace_kind': 'synthetic'},0.3707
isolation,2,streaming,SecondChance,GlobalAllocation,1465,3,394400,{'trace_kind': 'synthetic'},0.3944
isolation,3,streaming,SecondChance,GlobalAllocation,1465,3,427500,{'trace_kind': 'synthetic'},0.4275
isolation,4,streaming,SecondChance,GlobalAllocation,1465,3,457400,{'trace_kind': 'synthetic'},0.4574
isolation,5,streaming,SecondChance,GlobalAllocation,1465,3,487300,{'trace_kind': 'synthetic'},0.4873
isolation,6,streaming,SecondChance,GlobalAllocation,1465,3,519700,{'trace_kind': 'synthetic'},0.5197
isolation,7,streaming,SecondChance,GlobalAllocation,1465,3,592900,{'trace_kind': 'synthetic'},0.5929
isolation,0,streaming,SecondChance,GlobalAllocation,1465,4,343100,{'trace_kind': 'synthetic'},0.3431
isolation,1,streaming,SecondChance,GlobalAllocation,1465,4,367800,{'trace_kind': 'synthetic'},0.3678
isolation,2,streaming,SecondChance,GlobalAllocation,1465,4,396700,{'trace_kind': 'synthetic'},0.3967
isolation,3,streaming,SecondChance,GlobalAllocation,1465,4,424600,{'trace_kind': 'synthetic'},0.4246
isolation,4,streaming,SecondChance,GlobalAllocation,1465,4,454100,{'trace_kind': 'synthetic'},0.4541
isolation,5,streaming,SecondChance,GlobalAllocation,1465,4,492200,{'trace_kind': 'synthetic'},0.4922
isolation,6,streaming,SecondChance,GlobalAllocation,1465,4,537500,{'trace_kind': 'synthetic'},0.5375
isolation,7,streaming,SecondChance,GlobalAllocation,1465,4,602200,{'trace_kind': 'synthetic'},0.6022
isolation,0,streaming,SecondChance,GlobalAllocation,1465,5,345500,{'trace_kind': 'synthetic'},0.3455
isolation,1,streaming,SecondChance,GlobalAllocation,1465,5,379600,{'trace_kind': 'synthetic'},0.3796
isolation,2,streaming,SecondChance,GlobalAllocation,1465,5,401900,{'trace_kind': 'synthetic'},0.4019
isolation,3,streaming,SecondChance,GlobalAllocation,1465,5,427000,{'trace_kind': 'synthetic'},0.427
isolation,4,streaming,SecondChance,GlobalAllocation,1465,5,455000,{'trace_kind': 'synthetic'},0.455
isolation,5,streaming,SecondChance,GlobalAllocation,1465,5,498300,{'trace_kind': 'synthetic'},0.4983
isolation,6,streaming,SecondChance,GlobalAllocation,1465,5,535100,{'trace_kind': 'synthetic'},0.5351
isolation,7,streaming,SecondChance,GlobalAllocation,1465,5,589600,{'trace_kind': 'synthetic'},0.5896
isolation,0,streaming,SecondChance,GlobalAllocation,1465,6,351200,{'trace_kind': 'synthetic'},0.3512
isolation,1,streaming,SecondChance,GlobalAllocation,1465,6,386900,{'trace_kind': 'synthetic'},0.3869
isolation,2,streaming,SecondChance,GlobalAllocation,1465,6,393400,{'trace_kind': 'synthetic'},0.3934
isolation,3,streaming,SecondChance,GlobalAllocation,1465,6,424900,{'trace_kind': 'synthetic'},0.4249
isolation,4,streaming,SecondChance,GlobalAllocation,1465,6,470500,{'trace_kind': 'synthetic'},0.4705
isolation,5,streaming,SecondChance,GlobalAllocation,1465,6,488800,{'trace_kind': 'synthetic'},0.4888
isolation,6,streaming,SecondChance,GlobalAllocation,1465,6,526100,{'trace_kind': 'synthetic'},0.5261
isolation,7,streaming,SecondChance,GlobalAllocation,1465,6,590800,{'trace_kind': 'synthetic'},0.5908
isolation,0,streaming,SecondChance,GlobalAllocation,1465,7,344200,{'trace_kind': 'synthetic'},0.3442
isolation,1,streaming,SecondChance,GlobalAllocation,1465,7,368000,{'trace_kind': 'synthetic'},0.368
isolation,2,streaming,SecondChance,GlobalAllocation,1465,7,398100,{'trace_kind': 'synthetic'},0.3981
isolation,3,streaming,SecondChance,GlobalAllocation,1465,7,429900,{'trace_kind': 'synthetic'},0.4299
isolation,4,streaming,SecondChance,GlobalAllocation,1465,7,456500,{'trace_kind': 'synthetic'},0.4565
isolation,5,streaming,SecondChance,GlobalAllocation,1465,7,489100,{'trace_kind': 'synthetic'},0.4891
isolation,6,streaming,SecondChance,GlobalAllocation,1465,7,553700,{'trace_kind': 'synthetic'},0.5537
isolation,7,streaming,SecondChance,GlobalAllocation,1465,7,586000,{'trace_kind': 'synthetic'},0.586
isolation,0,streaming,SecondChance,GlobalAllocation,1465,8,348700,{'trace_kind': 'synthetic'},0.3487
isolation,1,streaming,SecondChance,GlobalAllocation,1465,8,369400,{'trace_kind': 'synthetic'},0.3694
isolation,2,streaming,SecondChance,GlobalAllocation,1465,8,392300,{'trace_kind': 'synthetic'},0.3923
isolation,3,streaming,SecondChance,GlobalAllocation,1465,8,424600,{'trace_kind': 'synthetic'},0.4246
isolation,4,streaming,SecondChance,GlobalAllocation,1465,8,451500,{'trace_kind': 'synthetic'},0.4515
isolation,5,streaming,SecondChance,GlobalAllocation,1465,8,478700,{'trace_kind': 'synthetic'},0.4787
isolation,6,streaming,SecondChance,GlobalAllocation,1465,8,549300,{'trace_kind': 'synthetic'},0.5493
isolation,7,streaming,SecondChance,GlobalAllocation,1465,8,593700,{'trace_kind': 'synthetic'},0.5937
isolation,0,streaming,SecondChance,GlobalAllocation,1465,9,346600,{'trace_kind': 'synthetic'},0.3466
isolation,1,streaming,SecondChance,GlobalAllocation,1465,9,371100,{'trace_kind': 'synthetic'},0.3711
isolation,2,streaming,SecondChance,GlobalAllocation,1465,9,395200,{'trace_kind': 'synthetic'},0.3952
isolation,3,streaming,SecondChance,GlobalAllocation,1465,9,418500,{'trace_kind': 'synthetic'},0.4185
isolation,4,streaming,SecondChance,GlobalAllocation,1465,9,465800,{'trace_kind': 'synthetic'},0.4658
isolation,5,streaming,SecondChance,GlobalAllocation,1465,9,492800,{'trace_kind': 'synthetic'},0.4928
isolation,6,streaming,SecondChance,GlobalAllocation,1465,9,554300,{'trace_kind': 'synthetic'},0.5543
isolation,7,streaming,SecondChance,GlobalAllocation,1465,9,600200,{'trace_kind': 'synthetic'},0.6002
isolation,0,streaming,SecondChance,LocalAllocation,1465,0,341700,{'trace_kind': 'synthetic'},0.3417
isolation,1,streaming,SecondChance,LocalAllocation,1465,0,372800,{'trace_kind': 'synthetic'},0.3728
isolation,2,streaming,SecondChance,LocalAllocation,1465,0,398200,{'trace_kind': 'synthetic'},0.3982
isolation,3,streaming,SecondChance,LocalAllocation,1465,0,423800,{'trace_kind': 'synthetic'},0.4238
isolation,4,streaming,SecondChance,LocalAllocation,1465,0,449000,{'trace_kind': 'synthetic'},0.449
isolation,5,streaming,SecondChance,LocalAllocation,1465,0,490000,{'trace_kind': 'synthetic'},0.49
isolation,6,streaming,SecondChance,LocalAllocation,1465,0,539400,{'trace_kind': 'synthetic'},0.5394
isolation,7,streaming,SecondChance,LocalAllocation,1465,0,600900,{'trace_kind': 'synthetic'},0.6009
isolation,0,streaming,SecondChance,LocalAllocation,1465,1,341800,{'trace_kind': 'synthetic'},0.3418
isolation,1,streaming,SecondChance,LocalAllocation,1465,1,376500,{'trace_kind': 'synthetic'},0.3765
isolation,2,streaming,SecondChance,LocalAllocation,1465,1,398900,{'trace_kind': 'synthetic'},0.3989
isolation,3,streaming,SecondChance,LocalAllocation,1465,1,425300,{'trace_kind': 'synthetic'},0.4253
isolation,4,streaming,SecondChance,LocalAllocation,1465,1,454200,{'trace_kind': 'synthetic'},0.4542
isolation,5,streaming,SecondChance,LocalAllocation,1465,1,497100,{'trace_kind': 'synthetic'},0.4971
isolation,6,streaming,SecondChance,LocalAllocation,1465,1,533200,{'trace_kind': 'synthetic'},0.5332
isolation,7,streaming,SecondChance,LocalAllocation,1465,1,600400,{'trace_kind': 'synthetic'},0.6004
isolation,0,streaming,SecondChance,LocalAllocation,1465,2,346300,{'trace_kind': 'synthetic'},0.3463
isolation,1,streaming,SecondChance,LocalAllocation,1465,2,369000,{'trace_kind': 'synthetic'},0.369
isolation,2,streaming,SecondChance,LocalAllocation,1465,2,391900,{'trace_kind': 'synthetic'},0.3919
isolation,3,streaming,SecondChance,LocalAllocation,1465,2,425400,{'trace_kind': 'synthetic'},0.4254
isolation,4,streaming,SecondChance,LocalAllocation,1465,2,457000,{'trace_kind': 'synthetic'},0.457
isolation,5,streaming,SecondChance,LocalAllocation,1465,2,483100,{'trace_kind': 'synthetic'},0.4831
isolation,6,streaming,SecondChance,LocalAllocation,1465,2,534000,{'trace_kind': 'synthetic'},0.534
isolation,7,streaming,SecondChance,LocalAllocation,1465,2,582700,{'trace_kind': 'synthetic'},0.5827
isolation,0,streaming,SecondChance,LocalAllocation,1465,3,343800,{'trace_kind': 'synthetic'},0.3438
isolation,1,streaming,SecondChance,LocalAllocation,1465,3,370000,{'trace_kind': 'synthetic'},0.37
isolation,2,streaming,SecondChance,LocalAllocation,1465,3,397100,{'trace_kind': 'synthetic'},0.3971
isolation,3,streaming,SecondChance,LocalAllocation,1465,3,425000,{'trace_kind': 'synthetic'},0.425
isolation,4,streaming,SecondChance,LocalAllocation,1465,3,473500,{'trace_kind': 'synthetic'},0.4735
isolation,5,streaming,SecondChance,LocalAllocation,1465,3,489500,{'trace_kind': 'synthetic'},0.4895
isolation,6,streaming,SecondChance,LocalAllocation,1465,3,525600,{'trace_kind': 'synthetic'},0.5256
isolation,7,streaming,SecondChance,LocalAllocation,1465,3,595200,{'trace_kind': 'synthetic'},0.5952
isolation,0,streaming,SecondChance,LocalAllocation,1465,4,327500,{'trace_kind': 'synthetic'},0.3275
isolation,1,streaming,SecondChance,LocalAllocation,1465,4,350800,{'trace_kind': 'synthetic'},0.3508
isolation,2,streaming,SecondChance,LocalAllocation,1465,4,377100,{'trace_kind': 'synthetic'},0.3771
isolation,3,streaming,SecondChance,LocalAllocation,1465,4,399600,{'trace_kind': 'synthetic'},0.3996
isolation,4,streaming,SecondChance,LocalAllocation,1465,4,439200,{'trace_kind': 'synthetic'},0.4392
isolation,5,streaming,SecondChance,LocalAllocation,1465,4,467700,{'trace_kind': 'synthetic'},0.4677
isolation,6,streaming,SecondChance,LocalAllocation,1465,4,512200,{'trace_kind': 'synthetic'},0.5122
isolation,7,streaming,SecondChance,LocalAllocation,1465,4,575000,{'trace_kind': 'synthetic'},0.575
isolation,0,streaming,SecondChance,LocalAllocation,1465,5,339500,{'trace_kind': 'synthetic'},0.3395
isolation,1,streaming,SecondChance,LocalAllocation,1465,5,377700,{'trace_kind': 'synthetic'},0.3777
isolation,2,streaming,SecondChance,LocalAllocation,1465,5,396200,{'trace_kind': 'synthetic'},0.3962
isolation,3,streaming,SecondChance,LocalAllocation,1465,5,426300,{'trace_kind': 'synthetic'},0.4263
isolation,4,streaming,SecondChance,LocalAllocation,1465,5,458300,{'trace_kind': 'synthetic'},0.4583
isolation,5,streaming,SecondChance,LocalAllocation,1465,5,489800,{'trace_kind': 'synthetic'},0.4898
isolation,6,streaming,SecondChance,LocalAllocation,1465,5,532100,{'trace_kind': 'synthetic'},0.5321
isolation,7,streaming,SecondChance,LocalAllocation,1465,5,597400,{'trace_kind': 'synthetic'},0.5974
isolation,0,streaming,SecondChance,LocalAllocation,1465,6,346900,{'trace_kind': 'synthetic'},0.3469
isolation,1,streaming,SecondChance,LocalAllocation,1465,6,378400,{'trace_kind': 'synthetic'},0.3784
isolation,2,streaming,SecondChance,LocalAllocation,1465,6,393900,{'trace_kind': 'synthetic'},0.3939
isolation,3,streaming,SecondChance,LocalAllocation,1465,6,423700,{'trace_kind': 'synthetic'},0.4237
isolation,4,streaming,SecondChance,LocalAllocation,1465,6,459400,{'trace_kind': 'synthetic'},0.4594
isolation,5,streaming,SecondChance,LocalAllocation,1465,6,488100,{'trace_kind': 'synthetic'},0.4881
isolation,6,streaming,SecondChance,LocalAllocation,1465,6,520800,{'trace_kind': 'synthetic'},0.5208
isolation,7,streaming,SecondChance,LocalAllocation,1465,6,595300,{'trace_kind': 'synthetic'},0.5953
isolation,0,streaming,SecondChance,LocalAllocation,1465,7,342500,{'trace_kind': 'synthetic'},0.3425
isolation,1,streaming,SecondChance,LocalAllocation,1465,7,370200,{'trace_kind': 'synthetic'},0.3702
isolation,2,streaming,SecondChance,LocalAllocation,1465,7,401200,{'trace_kind': 'synthetic'},0.4012
isolation,3,streaming,SecondChance,LocalAllocation,1465,7,427200,{'trace_kind': 'synthetic'},0.4272
isolation,4,streaming,SecondChance,LocalAllocation,1465,7,451100,{'trace_kind': 'synthetic'},0.4511
isolation,5,streaming,SecondChance,LocalAllocation,1465,7,495800,{'trace_kind': 'synthetic'},0.4958
isolation,6,streaming,SecondChance,LocalAllocation,1465,7,538700,{'trace_kind': 'synthetic'},0.5387
isolation,7,streaming,SecondChance,LocalAllocation,1465,7,635600,{'trace_kind': 'synthetic'},0.6356
isolation,0,streaming,SecondChance,LocalAllocation,1465,8,342800,{'trace_kind': 'synthetic'},0.3428
isolation,1,streaming,SecondChance,LocalAllocation,1465,8,364700,{'trace_kind': 'synthetic'},0.3647
isolation,2,streaming,SecondChance,LocalAllocation,1465,8,395500,{'trace_kind': 'synthetic'},0.3955
isolation,3,streaming,SecondChance,LocalAllocation,1465,8,427200,{'trace_kind': 'synthetic'},0.4272
isolation,4,streaming,SecondChance,LocalAllocation,1465,8,454300,{'trace_kind': 'synthetic'},0.4543
isolation,5,streaming,SecondChance,LocalAllocation,1465,8,484500,{'trace_kind': 'synthetic'},0.4845
isolation,6,streaming,SecondChance,LocalAllocation,1465,8,543600,{'trace_kind': 'synthetic'},0.5436
isolation,7,streaming,SecondChance,LocalAllocation,1465,8,593300,{'trace_kind': 'synthetic'},0.5933
isolation,0,streaming,SecondChance,LocalAllocation,1465,9,341300,{'trace_kind': 'synthetic'},0.3413
isolation,1,streaming,SecondChance,LocalAllocation,1465,9,370500,{'trace_kind': 'synthetic'},0.3705
isolation,2,streaming,SecondChance,LocalAllocation,1465,9,391100,{'trace_kind': 'synthetic'},0.3911
isolation,3,streaming,SecondChance,LocalAllocation,1465,9,418500,{'trace_kind': 'synthetic'},0.4185
isolation,4,streaming,SecondChance,LocalAllocation,1465,9,452100,{'trace_kind': 'synthetic'},0.4521
isolation,5,streaming,SecondChance,LocalAllocation,1465,9,495100,{'trace_kind': 'synthetic'},0.4951
isolation,6,streaming,SecondChance,LocalAllocation,1465,9,532200,{'trace_kind': 'synthetic'},0.5322
isolation,7,streaming,SecondChance,LocalAllocation,1465,9,585100,{'trace_kind': 'synthetic'},0.5851
isolation,0,streaming,SecondChance,ProportionalAllocation,1465,0,349800,{'trace_kind': 'synthetic'},0.3498
isolation,1,streaming,SecondChance,ProportionalAllocation,1465,0,366300,{'trace_kind': 'synthetic'},0.3663
isolation,2,streaming,SecondChance,ProportionalAllocation,1465,0,393200,{'trace_kind': 'synthetic'},0.3932
isolation,3,streaming,SecondChance,ProportionalAllocation,1465,0,421900,{'trace_kind': 'synthetic'},0.4219
isolation,4,streaming,SecondChance,ProportionalAllocation,1465,0,457700,{'trace_kind': 'synthetic'},0.4577
isolation,5,streaming,SecondChance,ProportionalAllocation,1465,0,493000,{'trace_kind': 'synthetic'},0.493
isolation,6,streaming,SecondChance,ProportionalAllocation,1465,0,538500,{'trace_kind': 'synthetic'},0.5385
isolation,7,streaming,SecondChance,ProportionalAllocation,1465,0,605000,{'trace_kind': 'synthetic'},0.605
isolation,0,streaming,SecondChance,ProportionalAllocation,1465,1,346500,{'trace_kind': 'synthetic'},0.3465
isolation,1,streaming,SecondChance,ProportionalAllocation,1465,1,368200,{'trace_kind': 'synthetic'},0.3682
isolation,2,streaming,SecondChance,ProportionalAllocation,1465,1,391700,{'trace_kind': 'synthetic'},0.3917
isolation,3,streaming,SecondChance,ProportionalAllocation,1465,1,427300,{'trace_kind': 'synthetic'},0.4273
isolation,4,streaming,SecondChance,ProportionalAllocation,1465,1,456200,{'trace_kind': 'synthetic'},0.4562
isolation,5,streaming,SecondChance,ProportionalAllocation,1465,1,497900,{'trace_kind': 'synthetic'},0.4979
isolation,6,streaming,SecondChance,ProportionalAllocation,1465,1,537300,{'trace_kind': 'synthetic'},0.5373
isolation,7,streaming,SecondChance,ProportionalAllocation,1465,1,580800,{'trace_kind': 'synthetic'},0.5808
isolation,0,streaming,SecondChance,ProportionalAllocation,1465,2,341400,{'trace_kind': 'synthetic'},0.3414
isolation,1,streaming,SecondChance,ProportionalAllocation,1465,2,372200,{'trace_kind': 'synthetic'},0.3722
isolation,2,streaming,SecondChance,ProportionalAllocation,1465,2,393300,{'trace_kind': 'synthetic'},0.3933
isolation,3,streaming,SecondChance,ProportionalAllocation,1465,2,424900,{'trace_kind': 'synthetic'},0.4249
isolation,4,streaming,SecondChance,ProportionalAllocation,1465,2,452300,{'trace_kind': 'synthetic'},0.4523
isolation,5,streaming,SecondChance,ProportionalAllocation,1465,2,513600,{'trace_kind': 'synthetic'},0.5136
isolation,6,streaming,SecondChance,ProportionalAllocation,1465,2,546500,{'trace_kind': 'synthetic'},0.5465
isolation,7,streaming,SecondChance,ProportionalAllocation,1465,2,598100,{'trace_kind': 'synthetic'},0.5981
isolation,0,streaming,SecondChance,ProportionalAllocation,1465,3,344200,{'trace_kind': 'synthetic'},0.3442
isolation,1,streaming,SecondChance,ProportionalAllocation,1465,3,366200,{'trace_kind': 'synthetic'},0.3662
isolation,2,streaming,SecondChance,ProportionalAllocation,1465,3,393900,{'trace_kind': 'synthetic'},0.3939
isolation,3,streaming,SecondChance,ProportionalAllocation,1465,3,423500,{'trace_kind': 'synthetic'},0.4235
isolation,4,streaming,SecondChance,ProportionalAllocation,1465,3,453700,{'trace_kind': 'synthetic'},0.4537
isolation,5,streaming,SecondChance,ProportionalAllocation,1465,3,488800,{'trace_kind': 'synthetic'},0.4888
isolation,6,streaming,SecondChance,ProportionalAllocation,1465,3,527500,{'trace_kind': 'synthetic'},0.5275
isolation,7,streaming,SecondChance,ProportionalAllocation,1465,3,584400,{'trace_kind': 'synthetic'},0.5844
isolation,0,streaming,SecondChance,ProportionalAllocation,1465,4,346100,{'trace_kind': 'synthetic'},0.3461
isolation,1,streaming,SecondChance,ProportionalAllocation,1465,4,364800,{'trace_kind': 'synthetic'},0.3648
isolation,2,streaming,SecondChance,ProportionalAllocation,1465,4,399700,{'trace_kind': 'synthetic'},0.3997
isolation,3,streaming,SecondChance,ProportionalAllocation,1465,4,433600,{'trace_kind': 'synthetic'},0.4336
isolation,4,streaming,SecondChance,ProportionalAllocation,1465,4,457400,{'trace_kind': 'synthetic'},0.4574
isolation,5,streaming,SecondChance,ProportionalAllocation,1465,4,527500,{'trace_kind': 'synthetic'},0.5275
isolation,6,streaming,SecondChance,ProportionalAllocation,1465,4,541100,{'trace_kind': 'synthetic'},0.5411
isolation,7,streaming,SecondChance,ProportionalAllocation,1465,4,723600,{'trace_kind': 'synthetic'},0.7236
isolation,0,streaming,SecondChance,ProportionalAllocation,1465,5,367900,{'trace_kind': 'synthetic'},0.3679
isolation,1,streaming,SecondChance,ProportionalAllocation,1465,5,369600,{'trace_kind': 'synthetic'},0.3696
isolation,2,streaming,SecondChance,ProportionalAllocation,1465,5,391500,{'trace_kind': 'synthetic'},0.3915
isolation,3,streaming,SecondChance,ProportionalAllocation,1465,5,431600,{'trace_kind': 'synthetic'},0.4316
isolation,4,streaming,SecondChance,ProportionalAllocation,1465,5,453100,{'trace_kind': 'synthetic'},0.4531
isolation,5,streaming,SecondChance,ProportionalAllocation,1465,5,487400,{'trace_kind': 'synthetic'},0.4874
isolation,6,streaming,SecondChance,ProportionalAllocation,1465,5,528300,{'trace_kind': 'synthetic'},0.5283
isolation,7,streaming,SecondChance,ProportionalAllocation,1465,5,598700,{'trace_kind': 'synthetic'},0.5987
isolation,0,streaming,SecondChance,ProportionalAllocation,1465,6,345600,{'trace_kind': 'synthetic'},0.3456
isolation,1,streaming,SecondChance,ProportionalAllocation,1465,6,367200,{'trace_kind': 'synthetic'},0.3672
isolation,2,streaming,SecondChance,ProportionalAllocation,1465,6,390600,{'trace_kind': 'synthetic'},0.3906
isolation,3,streaming,SecondChance,ProportionalAllocation,1465,6,423700,{'trace_kind': 'synthetic'},0.4237
isolation,4,streaming,SecondChance,ProportionalAllocation,1465,6,453800,{'trace_kind': 'synthetic'},0.4538
isolation,5,streaming,SecondChance,ProportionalAllocation,1465,6,494200,{'trace_kind': 'synthetic'},0.4942
isolation,6,streaming,SecondChance,ProportionalAllocation,1465,6,524300,{'trace_kind': 'synthetic'},0.5243
isolation,7,streaming,SecondChance,ProportionalAllocation,1465,6,600900,{'trace_kind': 'synthetic'},0.6009
isolation,0,streaming,SecondChance,ProportionalAllocation,1465,7,347900,{'trace_kind': 'synthetic'},0.3479
isolation,1,streaming,SecondChance,ProportionalAllocation,1465,7,372600,{'trace_kind': 'synthetic'},0.3726
isolation,2,streaming,SecondChance,ProportionalAllocation,1465,7,395100,{'trace_kind': 'synthetic'},0.3951
isolation,3,streaming,SecondChance,ProportionalAllocation,1465,7,430700,{'trace_kind': 'synthetic'},0.4307
isolation,4,streaming,SecondChance,ProportionalAllocation,1465,7,478000,{'trace_kind': 'synthetic'},0.478
isolation,5,streaming,SecondChance,ProportionalAllocation,1465,7,490800,{'trace_kind': 'synthetic'},0.4908
isolation,6,streaming,SecondChance,ProportionalAllocation,1465,7,539600,{'trace_kind': 'synthetic'},0.5396
isolation,7,streaming,SecondChance,ProportionalAllocation,1465,7,591700,{'trace_kind': 'synthetic'},0.5917
isolation,0,streaming,SecondChance,ProportionalAllocation,1465,8,346300,{'trace_kind': 'synthetic'},0.3463
isolation,1,streaming,SecondChance,ProportionalAllocation,1465,8,373200,{'trace_kind': 'synthetic'},0.3732
isolation,2,streaming,SecondChance,ProportionalAllocation,1465,8,392300,{'trace_kind': 'synthetic'},0.3923
isolation,3,streaming,SecondChance,ProportionalAllocation,1465,8,432100,{'trace_kind': 'synthetic'},0.4321
isolation,4,streaming,SecondChance,ProportionalAllocation,1465,8,448000,{'trace_kind': 'synthetic'},0.448
isolation,5,streaming,SecondChance,ProportionalAllocation,1465,8,490900,{'trace_kind': 'synthetic'},0.4909
isolation,6,streaming,SecondChance,ProportionalAllocation,1465,8,558600,{'trace_kind': 'synthetic'},0.5586
isolation,7,streaming,SecondChance,ProportionalAllocation,1465,8,605700,{'trace_kind': 'synthetic'},0.6057
isolation,0,streaming,SecondChance,ProportionalAllocation,1465,9,340600,{'trace_kind': 'synthetic'},0.3406
isolation,1,streaming,SecondChance,ProportionalAllocation,1465,9,367000,{'trace_kind': 'synthetic'},0.367
isolation,2,streaming,SecondChance,ProportionalAllocation,1465,9,389700,{'trace_kind': 'synthetic'},0.3897
isolation,3,streaming,SecondChance,ProportionalAllocation,1465,9,422200,{'trace_kind': 'synthetic'},0.4222
isolation,4,streaming,SecondChance,ProportionalAllocation,1465,9,456300,{'trace_kind': 'synthetic'},0.4563
isolation,5,streaming,SecondChance,ProportionalAllocation,1465,9,490100,{'trace_kind': 'synthetic'},0.4901
isolation,6,streaming,SecondChance,ProportionalAllocation,1465,9,539100,{'trace_kind': 'synthetic'},0.5391
isolation,7,streaming,SecondChance,ProportionalAllocation,1465,9,588900,{'trace_kind': 'synthetic'},0.5889
isolation,0,streaming,WSClock,GlobalAllocation,1465,0,344100,{'trace_kind': 'synthetic'},0.3441
isolation,1,streaming,WSClock,GlobalAllocation,1465,0,374400,{'trace_kind': 'synthetic'},0.3744
isolation,2,streaming,WSClock,GlobalAllocation,1465,0,394700,{'trace_kind': 'synthetic'},0.3947
isolation,3,streaming,WSClock,GlobalAllocation,1465,0,428000,{'trace_kind': 'synthetic'},0.428
isolation,4,streaming,WSClock,GlobalAllocation,1465,0,456400,{'trace_kind': 'synthetic'},0.4564
isolation,5,streaming,WSClock,GlobalAllocation,1465,0,490500,{'trace_kind': 'synthetic'},0.4905
isolation,6,streaming,WSClock,GlobalAllocation,1465,0,539000,{'trace_kind': 'synthetic'},0.539
isolation,7,streaming,WSClock,GlobalAllocation,1465,0,610000,{'trace_kind': 'synthetic'},0.61
isolation,0,streaming,WSClock,GlobalAllocation,1465,1,341500,{'trace_kind': 'synthetic'},0.3415
isolation,1,streaming,WSClock,GlobalAllocation,1465,1,380800,{'trace_kind': 'synthetic'},0.3808
isolation,2,streaming,WSClock,GlobalAllocation,1465,1,415900,{'trace_kind': 'synthetic'},0.4159
isolation,3,streaming,WSClock,GlobalAllocation,1465,1,422700,{'trace_kind': 'synthetic'},0.4227
isolation,4,streaming,WSClock,GlobalAllocation,1465,1,454800,{'trace_kind': 'synthetic'},0.4548
isolation,5,streaming,WSClock,GlobalAllocation,1465,1,498100,{'trace_kind': 'synthetic'},0.4981
isolation,6,streaming,WSClock,GlobalAllocation,1465,1,532500,{'trace_kind': 'synthetic'},0.5325
isolation,7,streaming,WSClock,GlobalAllocation,1465,1,596900,{'trace_kind': 'synthetic'},0.5969
isolation,0,streaming,WSClock,GlobalAllocation,1465,2,327800,{'trace_kind': 'synthetic'},0.3278
isolation,1,streaming,WSClock,GlobalAllocation,1465,2,344000,{'trace_kind': 'synthetic'},0.344
isolation,2,streaming,WSClock,GlobalAllocation,1465,2,372700,{'trace_kind': 'synthetic'},0.3727
isolation,3,streaming,WSClock,GlobalAllocation,1465,2,444500,{'trace_kind': 'synthetic'},0.4445
isolation,4,streaming,WSClock,GlobalAllocation,1465,2,445500,{'trace_kind': 'synthetic'},0.4455
isolation,5,streaming,WSClock,GlobalAllocation,1465,2,484000,{'trace_kind': 'synthetic'},0.484
isolation,6,streaming,WSClock,GlobalAllocation,1465,2,538800,{'trace_kind': 'synthetic'},0.5388
isolation,7,streaming,WSClock,GlobalAllocation,1465,2,585500,{'trace_kind': 'synthetic'},0.5855
isolation,0,streaming,WSClock,GlobalAllocation,1465,3,348300,{'trace_kind': 'synthetic'},0.3483
isolation,1,streaming,WSClock,GlobalAllocation,1465,3,379600,{'trace_kind': 'synthetic'},0.3796
isolation,2,streaming,WSClock,GlobalAllocation,1465,3,400000,{'trace_kind': 'synthetic'},0.4
isolation,3,streaming,WSClock,GlobalAllocation,1465,3,432200,{'trace_kind': 'synthetic'},0.4322
isolation,4,streaming,WSClock,GlobalAllocation,1465,3,468100,{'trace_kind': 'synthetic'},0.4681
isolation,5,streaming,WSClock,GlobalAllocation,1465,3,491900,{'trace_kind': 'synthetic'},0.4919
isolation,6,streaming,WSClock,GlobalAllocation,1465,3,530400,{'trace_kind': 'synthetic'},0.5304
isolation,7,streaming,WSClock,GlobalAllocation,1465,3,585400,{'trace_kind': 'synthetic'},0.5854
isolation,0,streaming,WSClock,GlobalAllocation,1465,4,347800,{'trace_kind': 'synthetic'},0.3478
isolation,1,streaming,WSClock,GlobalAllocation,1465,4,375400,{'trace_kind': 'synthetic'},0.3754
isolation,2,streaming,WSClock,GlobalAllocation,1465,4,395400,{'trace_kind': 'synthetic'},0.3954
isolation,3,streaming,WSClock,GlobalAllocation,1465,4,423300,{'trace_kind': 'synthetic'},0.4233
isolation,4,streaming,WSClock,GlobalAllocation,1465,4,456600,{'trace_kind': 'synthetic'},0.4566
isolation,5,streaming,WSClock,GlobalAllocation,1465,4,489000,{'trace_kind': 'synthetic'},0.489
isolation,6,streaming,WSClock,GlobalAllocation,1465,4,538100,{'trace_kind': 'synthetic'},0.5381
isolation,7,streaming,WSClock,GlobalAllocation,1465,4,600400,{'trace_kind': 'synthetic'},0.6004
isolation,0,streaming,WSClock,GlobalAllocation,1465,5,342400,{'trace_kind': 'synthetic'},0.3424
isolation,1,streaming,WSClock,GlobalAllocation,1465,5,387800,{'trace_kind': 'synthetic'},0.3878
isolation,2,streaming,WSClock,GlobalAllocation,1465,5,400100,{'trace_kind': 'synthetic'},0.4001
isolation,3,streaming,WSClock,GlobalAllocation,1465,5,426300,{'trace_kind': 'synthetic'},0.4263
isolation,4,streaming,WSClock,GlobalAllocation,1465,5,460800,{'trace_kind': 'synthetic'},0.4608
isolation,5,streaming,WSClock,GlobalAllocation,1465,5,495300,{'trace_kind': 'synthetic'},0.4953
isolation,6,streaming,WSClock,GlobalAllocation,1465,5,547400,{'trace_kind': 'synthetic'},0.5474
isolation,7,streaming,WSClock,GlobalAllocation,1465,5,593300,{'trace_kind': 'synthetic'},0.5933
isolation,0,streaming,WSClock,GlobalAllocation,1465,6,347700,{'trace_kind': 'synthetic'},0.3477
isolation,1,streaming,WSClock,GlobalAllocation,1465,6,373000,{'trace_kind': 'synthetic'},0.373
isolation,2,streaming,WSClock,GlobalAllocation,1465,6,394000,{'trace_kind': 'synthetic'},0.394
isolation,3,streaming,WSClock,GlobalAllocation,1465,6,425600,{'trace_kind': 'synthetic'},0.4256
isolation,4,streaming,WSClock,GlobalAllocation,1465,6,460200,{'trace_kind': 'synthetic'},0.4602
isolation,5,streaming,WSClock,GlobalAllocation,1465,6,510800,{'trace_kind': 'synthetic'},0.5108
isolation,6,streaming,WSClock,GlobalAllocation,1465,6,524100,{'trace_kind': 'synthetic'},0.5241
isolation,7,streaming,WSClock,GlobalAllocation,1465,6,601600,{'trace_kind': 'synthetic'},0.6016
isolation,0,streaming,WSClock,GlobalAllocation,1465,7,345400,{'trace_kind': 'synthetic'},0.3454
isolation,1,streaming,WSClock,GlobalAllocation,1465,7,374900,{'trace_kind': 'synthetic'},0.3749
isolation,2,streaming,WSClock,GlobalAllocation,1465,7,400900,{'trace_kind': 'synthetic'},0.4009
isolation,3,streaming,WSClock,GlobalAllocation,1465,7,423700,{'trace_kind': 'synthetic'},0.4237
isolation,4,streaming,WSClock,GlobalAllocation,1465,7,450300,{'trace_kind': 'synthetic'},0.4503
isolation,5,streaming,WSClock,GlobalAllocation,1465,7,492500,{'trace_kind': 'synthetic'},0.4925
isolation,6,streaming,WSClock,GlobalAllocation,1465,7,550500,{'trace_kind': 'synthetic'},0.5505
isolation,7,streaming,WSClock,GlobalAllocation,1465,7,588600,{'trace_kind': 'synthetic'},0.5886
isolation,0,streaming,WSClock,GlobalAllocation,1465,8,347100,{'trace_kind': 'synthetic'},0.3471
isolation,1,streaming,WSClock,GlobalAllocation,1465,8,366300,{'trace_kind': 'synthetic'},0.3663
isolation,2,streaming,WSClock,GlobalAllocation,1465,8,388800,{'trace_kind': 'synthetic'},0.3888
isolation,3,streaming,WSClock,GlobalAllocation,1465,8,853100,{'trace_kind': 'synthetic'},0.8531
isolation,4,streaming,WSClock,GlobalAllocation,1465,8,452000,{'trace_kind': 'synthetic'},0.452
isolation,5,streaming,WSClock,GlobalAllocation,1465,8,483300,{'trace_kind': 'synthetic'},0.4833
isolation,6,streaming,WSClock,GlobalAllocation,1465,8,543400,{'trace_kind': 'synthetic'},0.5434
isolation,7,streaming,WSClock,GlobalAllocation,1465,8,589800,{'trace_kind': 'synthetic'},0.5898
isolation,0,streaming,WSClock,GlobalAllocation,1465,9,314500,{'trace_kind': 'synthetic'},0.3145
isolation,1,streaming,WSClock,GlobalAllocation,1465,9,335900,{'trace_kind': 'synthetic'},0.3359
isolation,2,streaming,WSClock,GlobalAllocation,1465,9,356400,{'trace_kind': 'synthetic'},0.3564
isolation,3,streaming,WSClock,GlobalAllocation,1465,9,383200,{'trace_kind': 'synthetic'},0.3832
isolation,4,streaming,WSClock,GlobalAllocation,1465,9,404700,{'trace_kind': 'synthetic'},0.4047
isolation,5,streaming,WSClock,GlobalAllocation,1465,9,444200,{'trace_kind': 'synthetic'},0.4442
isolation,6,streaming,WSClock,GlobalAllocation,1465,9,485600,{'trace_kind': 'synthetic'},0.4856
isolation,7,streaming,WSClock,GlobalAllocation,1465,9,537400,{'trace_kind': 'synthetic'},0.5374
isolation,0,streaming,WSClock,LocalAllocation,1465,0,343500,{'trace_kind': 'synthetic'},0.3435
isolation,1,streaming,WSClock,LocalAllocation,1465,0,377200,{'trace_kind': 'synthetic'},0.3772
isolation,2,streaming,WSClock,LocalAllocation,1465,0,386600,{'trace_kind': 'synthetic'},0.3866
isolation,3,streaming,WSClock,LocalAllocation,1465,0,421700,{'trace_kind': 'synthetic'},0.4217
isolation,4,streaming,WSClock,LocalAllocation,1465,0,476400,{'trace_kind': 'synthetic'},0.4764
isolation,5,streaming,WSClock,LocalAllocation,1465,0,489100,{'trace_kind': 'synthetic'},0.4891
isolation,6,streaming,WSClock,LocalAllocation,1465,0,536400,{'trace_kind': 'synthetic'},0.5364
isolation,7,streaming,WSClock,LocalAllocation,1465,0,593100,{'trace_kind': 'synthetic'},0.5931
isolation,0,streaming,WSClock,LocalAllocation,1465,1,439900,{'trace_kind': 'synthetic'},0.4399
isolation,1,streaming,WSClock,LocalAllocation,1465,1,383400,{'trace_kind': 'synthetic'},0.3834
isolation,2,streaming,WSClock,LocalAllocation,1465,1,387200,{'trace_kind': 'synthetic'},0.3872
isolation,3,streaming,WSClock,LocalAllocation,1465,1,431500,{'trace_kind': 'synthetic'},0.4315
isolation,4,streaming,WSClock,LocalAllocation,1465,1,573900,{'trace_kind': 'synthetic'},0.5739
isolation,5,streaming,WSClock,LocalAllocation,1465,1,970200,{'trace_kind': 'synthetic'},0.9702
isolation,6,streaming,WSClock,LocalAllocation,1465,1,1076000,{'trace_kind': 'synthetic'},1.076
isolation,7,streaming,WSClock,LocalAllocation,1465,1,616000,{'trace_kind': 'synthetic'},0.616
isolation,0,streaming,WSClock,LocalAllocation,1465,2,346500,{'trace_kind': 'synthetic'},0.3465
isolation,1,streaming,WSClock,LocalAllocation,1465,2,364200,{'trace_kind': 'synthetic'},0.3642
isolation,2,streaming,WSClock,LocalAllocation,1465,2,389800,{'trace_kind': 'synthetic'},0.3898
isolation,3,streaming,WSClock,LocalAllocation,1465,2,430000,{'trace_kind': 'synthetic'},0.43
isolation,4,streaming,WSClock,LocalAllocation,1465,2,449200,{'trace_kind': 'synthetic'},0.4492
isolation,5,streaming,WSClock,LocalAllocation,1465,2,491800,{'trace_kind': 'synthetic'},0.4918
isolation,6,streaming,WSClock,LocalAllocation,1465,2,552100,{'trace_kind': 'synthetic'},0.5521
isolation,7,streaming,WSClock,LocalAllocation,1465,2,592500,{'trace_kind': 'synthetic'},0.5925
isolation,0,streaming,WSClock,LocalAllocation,1465,3,358600,{'trace_kind': 'synthetic'},0.3586
isolation,1,streaming,WSClock,LocalAllocation,1465,3,381100,{'trace_kind': 'synthetic'},0.3811
isolation,2,streaming,WSClock,LocalAllocation,1465,3,424200,{'trace_kind': 'synthetic'},0.4242
isolation,3,streaming,WSClock,LocalAllocation,1465,3,424600,{'trace_kind': 'synthetic'},0.4246
isolation,4,streaming,WSClock,LocalAllocation,1465,3,464600,{'trace_kind': 'synthetic'},0.4646
isolation,5,streaming,WSClock,LocalAllocation,1465,3,492200,{'trace_kind': 'synthetic'},0.4922
isolation,6,streaming,WSClock,LocalAllocation,1465,3,529400,{'trace_kind': 'synthetic'},0.5294
isolation,7,streaming,WSClock,LocalAllocation,1465,3,584100,{'trace_kind': 'synthetic'},0.5841
isolation,0,streaming,WSClock,LocalAllocation,1465,4,361900,{'trace_kind': 'synthetic'},0.3619
isolation,1,streaming,WSClock,LocalAllocation,1465,4,371900,{'trace_kind': 'synthetic'},0.3719
isolation,2,streaming,WSClock,LocalAllocation,1465,4,393900,{'trace_kind': 'synthetic'},0.3939
isolation,3,streaming,WSClock,LocalAllocation,1465,4,417600,{'trace_kind': 'synthetic'},0.4176
isolation,4,streaming,WSClock,LocalAllocation,1465,4,457600,{'trace_kind': 'synthetic'},0.4576
isolation,5,streaming,WSClock,LocalAllocation,1465,4,506400,{'trace_kind': 'synthetic'},0.5064
isolation,6,streaming,WSClock,LocalAllocation,1465,4,530500,{'trace_kind': 'synthetic'},0.5305
isolation,7,streaming,WSClock,LocalAllocation,1465,4,604000,{'trace_kind': 'synthetic'},0.604
isolation,0,streaming,WSClock,LocalAllocation,1465,5,352900,{'trace_kind': 'synthetic'},0.3529
isolation,1,streaming,WSClock,LocalAllocation,1465,5,371400,{'trace_kind': 'synthetic'},0.3714
isolation,2,streaming,WSClock,LocalAllocation,1465,5,399600,{'trace_kind': 'synthetic'},0.3996
isolation,3,streaming,WSClock,LocalAllocation,1465,5,423500,{'trace_kind': 'synthetic'},0.4235
isolation,4,streaming,WSClock,LocalAllocation,1465,5,457700,{'trace_kind': 'synthetic'},0.4577
isolation,5,streaming,WSClock,LocalAllocation,1465,5,493400,{'trace_kind': 'synthetic'},0.4934
isolation,6,streaming,WSClock,LocalAllocation,1465,5,533700,{'trace_kind': 'synthetic'},0.5337
isolation,7,streaming,WSClock,LocalAllocation,1465,5,588400,{'trace_kind': 'synthetic'},0.5884
isolation,0,streaming,WSClock,LocalAllocation,1465,6,344000,{'trace_kind': 'synthetic'},0.344
isolation,1,streaming,WSClock,LocalAllocation,1465,6,370100,{'trace_kind': 'synthetic'},0.3701
isolation,2,streaming,WSClock,LocalAllocation,1465,6,387600,{'trace_kind': 'synthetic'},0.3876
isolation,3,streaming,WSClock,LocalAllocation,1465,6,423700,{'trace_kind': 'synthetic'},0.4237
isolation,4,streaming,WSClock,LocalAllocation,1465,6,451700,{'trace_kind': 'synthetic'},0.4517
isolation,5,streaming,WSClock,LocalAllocation,1465,6,491300,{'trace_kind': 'synthetic'},0.4913
isolation,6,streaming,WSClock,LocalAllocation,1465,6,526600,{'trace_kind': 'synthetic'},0.5266
isolation,7,streaming,WSClock,LocalAllocation,1465,6,604300,{'trace_kind': 'synthetic'},0.6043
isolation,0,streaming,WSClock,LocalAllocation,1465,7,341400,{'trace_kind': 'synthetic'},0.3414
isolation,1,streaming,WSClock,LocalAllocation,1465,7,366300,{'trace_kind': 'synthetic'},0.3663
isolation,2,streaming,WSClock,LocalAllocation,1465,7,398100,{'trace_kind': 'synthetic'},0.3981
isolation,3,streaming,WSClock,LocalAllocation,1465,7,424800,{'trace_kind': 'synthetic'},0.4248
isolation,4,streaming,WSClock,LocalAllocation,1465,7,454000,{'trace_kind': 'synthetic'},0.454
isolation,5,streaming,WSClock,LocalAllocation,1465,7,493200,{'trace_kind': 'synthetic'},0.4932
isolation,6,streaming,WSClock,LocalAllocation,1465,7,542700,{'trace_kind': 'synthetic'},0.5427
isolation,7,streaming,WSClock,LocalAllocation,1465,7,585800,{'trace_kind': 'synthetic'},0.5858
isolation,0,streaming,WSClock,LocalAllocation,1465,8,344900,{'trace_kind': 'synthetic'},0.3449
isolation,1,streaming,WSClock,LocalAllocation,1465,8,373500,{'trace_kind': 'synthetic'},0.3735
isolation,2,streaming,WSClock,LocalAllocation,1465,8,391700,{'trace_kind': 'synthetic'},0.3917
isolation,3,streaming,WSClock,LocalAllocation,1465,8,424400,{'trace_kind': 'synthetic'},0.4244
isolation,4,streaming,WSClock,LocalAllocation,1465,8,457200,{'trace_kind': 'synthetic'},0.4572
isolation,5,streaming,WSClock,LocalAllocation,1465,8,509500,{'trace_kind': 'synthetic'},0.5095
isolation,6,streaming,WSClock,LocalAllocation,1465,8,544800,{'trace_kind': 'synthetic'},0.5448
isolation,7,streaming,WSClock,LocalAllocation,1465,8,598400,{'trace_kind': 'synthetic'},0.5984
isolation,0,streaming,WSClock,LocalAllocation,1465,9,346400,{'trace_kind': 'synthetic'},0.3464
isolation,1,streaming,WSClock,LocalAllocation,1465,9,369900,{'trace_kind': 'synthetic'},0.3699
isolation,2,streaming,WSClock,LocalAllocation,1465,9,390500,{'trace_kind': 'synthetic'},0.3905
isolation,3,streaming,WSClock,LocalAllocation,1465,9,422600,{'trace_kind': 'synthetic'},0.4226
isolation,4,streaming,WSClock,LocalAllocation,1465,9,448700,{'trace_kind': 'synthetic'},0.4487
isolation,5,streaming,WSClock,LocalAllocation,1465,9,486000,{'trace_kind': 'synthetic'},0.486
isolation,6,streaming,WSClock,LocalAllocation,1465,9,544300,{'trace_kind': 'synthetic'},0.5443
isolation,7,streaming,WSClock,LocalAllocation,1465,9,578800,{'trace_kind': 'synthetic'},0.5788
isolation,0,streaming,WSClock,ProportionalAllocation,1465,0,346900,{'trace_kind': 'synthetic'},0.3469
isolation,1,streaming,WSClock,ProportionalAllocation,1465,0,367000,{'trace_kind': 'synthetic'},0.367
isolation,2,streaming,WSClock,ProportionalAllocation,1465,0,397000,{'trace_kind': 'synthetic'},0.397
isolation,3,streaming,WSClock,ProportionalAllocation,1465,0,430200,{'trace_kind': 'synthetic'},0.4302
isolation,4,streaming,WSClock,ProportionalAllocation,1465,0,449600,{'trace_kind': 'synthetic'},0.4496
isolation,5,streaming,WSClock,ProportionalAllocation,1465,0,503900,{'trace_kind': 'synthetic'},0.5039
isolation,6,streaming,WSClock,ProportionalAllocation,1465,0,543100,{'trace_kind': 'synthetic'},0.5431
isolation,7,streaming,WSClock,ProportionalAllocation,1465,0,600700,{'trace_kind': 'synthetic'},0.6007
isolation,0,streaming,WSClock,ProportionalAllocation,1465,1,346000,{'trace_kind': 'synthetic'},0.346
isolation,1,streaming,WSClock,ProportionalAllocation,1465,1,367600,{'trace_kind': 'synthetic'},0.3676
isolation,2,streaming,WSClock,ProportionalAllocation,1465,1,393700,{'trace_kind': 'synthetic'},0.3937
isolation,3,streaming,WSClock,ProportionalAllocation,1465,1,420100,{'trace_kind': 'synthetic'},0.4201
isolation,4,streaming,WSClock,ProportionalAllocation,1465,1,449300,{'trace_kind': 'synthetic'},0.4493
isolation,5,streaming,WSClock,ProportionalAllocation,1465,1,490800,{'trace_kind': 'synthetic'},0.4908
isolation,6,streaming,WSClock,ProportionalAllocation,1465,1,537900,{'trace_kind': 'synthetic'},0.5379
isolation,7,streaming,WSClock,ProportionalAllocation,1465,1,595400,{'trace_kind': 'synthetic'},0.5954
isolation,0,streaming,WSClock,ProportionalAllocation,1465,2,343400,{'trace_kind': 'synthetic'},0.3434
isolation,1,streaming,WSClock,ProportionalAllocation,1465,2,363000,{'trace_kind': 'synthetic'},0.363
isolation,2,streaming,WSClock,ProportionalAllocation,1465,2,395100,{'trace_kind': 'synthetic'},0.3951
isolation,3,streaming,WSClock,ProportionalAllocation,1465,2,420700,{'trace_kind': 'synthetic'},0.4207
isolation,4,streaming,WSClock,ProportionalAllocation,1465,2,453900,{'trace_kind': 'synthetic'},0.4539
isolation,5,streaming,WSClock,ProportionalAllocation,1465,2,492900,{'trace_kind': 'synthetic'},0.4929
isolation,6,streaming,WSClock,ProportionalAllocation,1465,2,551400,{'trace_kind': 'synthetic'},0.5514
isolation,7,streaming,WSClock,ProportionalAllocation,1465,2,586300,{'trace_kind': 'synthetic'},0.5863
isolation,0,streaming,WSClock,ProportionalAllocation,1465,3,347800,{'trace_kind': 'synthetic'},0.3478
isolation,1,streaming,WSClock,ProportionalAllocation,1465,3,371200,{'trace_kind': 'synthetic'},0.3712
isolation,2,streaming,WSClock,ProportionalAllocation,1465,3,396600,{'trace_kind': 'synthetic'},0.3966
isolation,3,streaming,WSClock,ProportionalAllocation,1465,3,424200,{'trace_kind': 'synthetic'},0.4242
isolation,4,streaming,WSClock,ProportionalAllocation,1465,3,456800,{'trace_kind': 'synthetic'},0.4568
isolation,5,streaming,WSClock,ProportionalAllocation,1465,3,492800,{'trace_kind': 'synthetic'},0.4928
isolation,6,streaming,WSClock,ProportionalAllocation,1465,3,533700,{'trace_kind': 'synthetic'},0.5337
isolation,7,streaming,WSClock,ProportionalAllocation,1465,3,584400,{'trace_kind': 'synthetic'},0.5844
isolation,0,streaming,WSClock,ProportionalAllocation,1465,4,1509400,{'trace_kind': 'synthetic'},1.5094
isolation,1,streaming,WSClock,ProportionalAllocation,1465,4,822300,{'trace_kind': 'synthetic'},0.8223
isolation,2,streaming,WSClock,ProportionalAllocation,1465,4,936300,{'trace_kind': 'synthetic'},0.9363
isolation,3,streaming,WSClock,ProportionalAllocation,1465,4,868300,{'trace_kind': 'synthetic'},0.8683
isolation,4,streaming,WSClock,ProportionalAllocation,1465,4,1314800,{'trace_kind': 'synthetic'},1.3148
isolation,5,streaming,WSClock,ProportionalAllocation,1465,4,518600,{'trace_kind': 'synthetic'},0.5186
isolation,6,streaming,WSClock,ProportionalAllocation,1465,4,557900,{'trace_kind': 'synthetic'},0.5579
isolation,7,streaming,WSClock,ProportionalAllocation,1465,4,623900,{'trace_kind': 'synthetic'},0.6239
isolation,0,streaming,WSClock,ProportionalAllocation,1465,5,342500,{'trace_kind': 'synthetic'},0.3425
isolation,1,streaming,WSClock,ProportionalAllocation,1465,5,369700,{'trace_kind': 'synthetic'},0.3697
isolation,2,streaming,WSClock,ProportionalAllocation,1465,5,393800,{'trace_kind': 'synthetic'},0.3938
isolation,3,streaming,WSClock,ProportionalAllocation,1465,5,422600,{'trace_kind': 'synthetic'},0.4226
isolation,4,streaming,WSClock,ProportionalAllocation,1465,5,459600,{'trace_kind': 'synthetic'},0.4596
isolation,5,streaming,WSClock,ProportionalAllocation,1465,5,490600,{'trace_kind': 'synthetic'},0.4906
isolation,6,streaming,WSClock,ProportionalAllocation,1465,5,529500,{'trace_kind': 'synthetic'},0.5295
isolation,7,streaming,WSClock,ProportionalAllocation,1465,5,591600,{'trace_kind': 'synthetic'},0.5916
isolation,0,streaming,WSClock,ProportionalAllocation,1465,6,348900,{'trace_kind': 'synthetic'},0.3489
isolation,1,streaming,WSClock,ProportionalAllocation,1465,6,372500,{'trace_kind': 'synthetic'},0.3725
isolation,2,streaming,WSClock,ProportionalAllocation,1465,6,397300,{'trace_kind': 'synthetic'},0.3973
isolation,3,streaming,WSClock,ProportionalAllocation,1465,6,425200,{'trace_kind': 'synthetic'},0.4252
isolation,4,streaming,WSClock,ProportionalAllocation,1465,6,454000,{'trace_kind': 'synthetic'},0.454
isolation,5,streaming,WSClock,ProportionalAllocation,1465,6,500500,{'trace_kind': 'synthetic'},0.5005
isolation,6,streaming,WSClock,ProportionalAllocation,1465,6,542800,{'trace_kind': 'synthetic'},0.5428
isolation,7,streaming,WSClock,ProportionalAllocation,1465,6,606300,{'trace_kind': 'synthetic'},0.6063
isolation,0,streaming,WSClock,ProportionalAllocation,1465,7,348000,{'trace_kind': 'synthetic'},0.348
isolation,1,streaming,WSClock,ProportionalAllocation,1465,7,389600,{'trace_kind': 'synthetic'},0.3896
isolation,2,streaming,WSClock,ProportionalAllocation,1465,7,401600,{'trace_kind': 'synthetic'},0.4016
isolation,3,streaming,WSClock,ProportionalAllocation,1465,7,422600,{'trace_kind': 'synthetic'},0.4226
isolation,4,streaming,WSClock,ProportionalAllocation,1465,7,449000,{'trace_kind': 'synthetic'},0.449
isolation,5,streaming,WSClock,ProportionalAllocation,1465,7,502200,{'trace_kind': 'synthetic'},0.5022
isolation,6,streaming,WSClock,ProportionalAllocation,1465,7,546300,{'trace_kind': 'synthetic'},0.5463
isolation,7,streaming,WSClock,ProportionalAllocation,1465,7,592400,{'trace_kind': 'synthetic'},0.5924
isolation,0,streaming,WSClock,ProportionalAllocation,1465,8,346200,{'trace_kind': 'synthetic'},0.3462
isolation,1,streaming,WSClock,ProportionalAllocation,1465,8,365500,{'trace_kind': 'synthetic'},0.3655
isolation,2,streaming,WSClock,ProportionalAllocation,1465,8,391800,{'trace_kind': 'synthetic'},0.3918
isolation,3,streaming,WSClock,ProportionalAllocation,1465,8,444000,{'trace_kind': 'synthetic'},0.444
isolation,4,streaming,WSClock,ProportionalAllocation,1465,8,455400,{'trace_kind': 'synthetic'},0.4554
isolation,5,streaming,WSClock,ProportionalAllocation,1465,8,494800,{'trace_kind': 'synthetic'},0.4948
isolation,6,streaming,WSClock,ProportionalAllocation,1465,8,579900,{'trace_kind': 'synthetic'},0.5799
isolation,7,streaming,WSClock,ProportionalAllocation,1465,8,602700,{'trace_kind': 'synthetic'},0.6027
isolation,0,streaming,WSClock,ProportionalAllocation,1465,9,339700,{'trace_kind': 'synthetic'},0.3397
isolation,1,streaming,WSClock,ProportionalAllocation,1465,9,370600,{'trace_kind': 'synthetic'},0.3706
isolation,2,streaming,WSClock,ProportionalAllocation,1465,9,395100,{'trace_kind': 'synthetic'},0.3951
isolation,3,streaming,WSClock,ProportionalAllocation,1465,9,426600,{'trace_kind': 'synthetic'},0.4266
isolation,4,streaming,WSClock,ProportionalAllocation,1465,9,449800,{'trace_kind': 'synthetic'},0.4498
isolation,5,streaming,WSClock,ProportionalAllocation,1465,9,494100,{'trace_kind': 'synthetic'},0.4941
isolation,6,streaming,WSClock,ProportionalAllocation,1465,9,536200,{'trace_kind': 'synthetic'},0.5362
isolation,7,streaming,WSClock,ProportionalAllocation,1465,9,580500,{'trace_kind': 'synthetic'},0.5805
isolation,0,streaming,FIFO,GlobalAllocation,1831,0,204000,{'trace_kind': 'synthetic'},0.204
isolation,1,streaming,FIFO,GlobalAllocation,1831,0,209300,{'trace_kind': 'synthetic'},0.2093
isolation,2,streaming,FIFO,GlobalAllocation,1831,0,215500,{'trace_kind': 'synthetic'},0.2155
isolation,3,streaming,FIFO,GlobalAllocation,1831,0,224200,{'trace_kind': 'synthetic'},0.2242
isolation,4,streaming,FIFO,GlobalAllocation,1831,0,229000,{'trace_kind': 'synthetic'},0.229
isolation,5,streaming,FIFO,GlobalAllocation,1831,0,256900,{'trace_kind': 'synthetic'},0.2569
isolation,6,streaming,FIFO,GlobalAllocation,1831,0,245100,{'trace_kind': 'synthetic'},0.2451
isolation,7,streaming,FIFO,GlobalAllocation,1831,0,257700,{'trace_kind': 'synthetic'},0.2577
isolation,0,streaming,FIFO,GlobalAllocation,1831,1,199500,{'trace_kind': 'synthetic'},0.1995
isolation,1,streaming,FIFO,GlobalAllocation,1831,1,209200,{'trace_kind': 'synthetic'},0.2092
isolation,2,streaming,FIFO,GlobalAllocation,1831,1,215200,{'trace_kind': 'synthetic'},0.2152
isolation,3,streaming,FIFO,GlobalAllocation,1831,1,220200,{'trace_kind': 'synthetic'},0.2202
isolation,4,streaming,FIFO,GlobalAllocation,1831,1,229700,{'trace_kind': 'synthetic'},0.2297
isolation,5,streaming,FIFO,GlobalAllocation,1831,1,235000,{'trace_kind': 'synthetic'},0.235
isolation,6,streaming,FIFO,GlobalAllocation,1831,1,244500,{'trace_kind': 'synthetic'},0.2445
isolation,7,streaming,FIFO,GlobalAllocation,1831,1,256100,{'trace_kind': 'synthetic'},0.2561
isolation,0,streaming,FIFO,GlobalAllocation,1831,2,198600,{'trace_kind': 'synthetic'},0.1986
isolation,1,streaming,FIFO,GlobalAllocation,1831,2,208600,{'trace_kind': 'synthetic'},0.2086
isolation,2,streaming,FIFO,GlobalAllocation,1831,2,216300,{'trace_kind': 'synthetic'},0.2163
isolation,3,streaming,FIFO,GlobalAllocation,1831,2,219300,{'trace_kind': 'synthetic'},0.2193
isolation,4,streaming,FIFO,GlobalAllocation,1831,2,225200,{'trace_kind': 'synthetic'},0.2252
isolation,5,streaming,FIFO,GlobalAllocation,1831,2,238100,{'trace_kind': 'synthetic'},0.2381
isolation,6,streaming,FIFO,GlobalAllocation,1831,2,247800,{'trace_kind': 'synthetic'},0.2478
isolation,7,streaming,FIFO,GlobalAllocation,1831,2,257300,{'trace_kind': 'synthetic'},0.2573
isolation,0,streaming,FIFO,GlobalAllocation,1831,3,199000,{'trace_kind': 'synthetic'},0.199
isolation,1,streaming,FIFO,GlobalAllocation,1831,3,211700,{'trace_kind': 'synthetic'},0.2117
isolation,2,streaming,FIFO,GlobalAllocation,1831,3,228200,{'trace_kind': 'synthetic'},0.2282
isolation,3,streaming,FIFO,GlobalAllocation,1831,3,219400,{'trace_kind': 'synthetic'},0.2194
isolation,4,streaming,FIFO,GlobalAllocation,1831,3,270800,{'trace_kind': 'synthetic'},0.2708
isolation,5,streaming,FIFO,GlobalAllocation,1831,3,234300,{'trace_kind': 'synthetic'},0.2343
isolation,6,streaming,FIFO,GlobalAllocation,1831,3,246400,{'trace_kind': 'synthetic'},0.2464
isolation,7,streaming,FIFO,GlobalAllocation,1831,3,260000,{'trace_kind': 'synthetic'},0.26
isolation,0,streaming,FIFO,GlobalAllocation,1831,4,201400,{'trace_kind': 'synthetic'},0.2014
isolation,1,streaming,FIFO,GlobalAllocation,1831,4,210800,{'trace_kind': 'synthetic'},0.2108
isolation,2,streaming,FIFO,GlobalAllocation,1831,4,215900,{'trace_kind': 'synthetic'},0.2159
isolation,3,streaming,FIFO,GlobalAllocation,1831,4,219400,{'trace_kind': 'synthetic'},0.2194
isolation,4,streaming,FIFO,GlobalAllocation,1831,4,226700,{'trace_kind': 'synthetic'},0.2267
isolation,5,streaming,FIFO,GlobalAllocation,1831,4,233100,{'trace_kind': 'synthetic'},0.2331
isolation,6,streaming,FIFO,GlobalAllocation,1831,4,244700,{'trace_kind': 'synthetic'},0.2447
isolation,7,streaming,FIFO,GlobalAllocation,1831,4,262500,{'trace_kind': 'synthetic'},0.2625
isolation,0,streaming,FIFO,GlobalAllocation,1831,5,190600,{'trace_kind': 'synthetic'},0.1906
isolation,1,streaming,FIFO,GlobalAllocation,1831,5,197600,{'trace_kind': 'synthetic'},0.1976
isolation,2,streaming,FIFO,GlobalAllocation,1831,5,203000,{'trace_kind': 'synthetic'},0.203
isolation,3,streaming,FIFO,GlobalAllocation,1831,5,211800,{'trace_kind': 'synthetic'},0.2118
isolation,4,streaming,FIFO,GlobalAllocation,1831,5,217000,{'trace_kind': 'synthetic'},0.217
isolation,5,streaming,FIFO,GlobalAllocation,1831,5,250500,{'trace_kind': 'synthetic'},0.2505
isolation,6,streaming,FIFO,GlobalAllocation,1831,5,243300,{'trace_kind': 'synthetic'},0.2433
isolation,7,streaming,FIFO,GlobalAllocation,1831,5,256100,{'trace_kind': 'synthetic'},0.2561
isolation,0,streaming,FIFO,GlobalAllocation,1831,6,202400,{'trace_kind': 'synthetic'},0.2024
isolation,1,streaming,FIFO,GlobalAllocation,1831,6,206400,{'trace_kind': 'synthetic'},0.2064
isolation,2,streaming,FIFO,GlobalAllocation,1831,6,213900,{'trace_kind': 'synthetic'},0.2139
isolation,3,streaming,FIFO,GlobalAllocation,1831,6,219600,{'trace_kind': 'synthetic'},0.2196
isolation,4,streaming,FIFO,GlobalAllocation,1831,6,226400,{'trace_kind': 'synthetic'},0.2264
isolation,5,streaming,FIFO,GlobalAllocation,1831,6,236700,{'trace_kind': 'synthetic'},0.2367
isolation,6,streaming,FIFO,GlobalAllocation,1831,6,245100,{'trace_kind': 'synthetic'},0.2451
isolation,7,streaming,FIFO,GlobalAllocation,1831,6,253000,{'trace_kind': 'synthetic'},0.253
isolation,0,streaming,FIFO,GlobalAllocation,1831,7,199800,{'trace_kind': 'synthetic'},0.1998
isolation,1,streaming,FIFO,GlobalAllocation,1831,7,204100,{'trace_kind': 'synthetic'},0.2041
isolation,2,streaming,FIFO,GlobalAllocation,1831,7,213800,{'trace_kind': 'synthetic'},0.2138
isolation,3,streaming,FIFO,GlobalAllocation,1831,7,218900,{'trace_kind': 'synthetic'},0.2189
isolation,4,streaming,FIFO,GlobalAllocation,1831,7,226900,{'trace_kind': 'synthetic'},0.2269
isolation,5,streaming,FIFO,GlobalAllocation,1831,7,237700,{'trace_kind': 'synthetic'},0.2377
isolation,6,streaming,FIFO,GlobalAllocation,1831,7,246200,{'trace_kind': 'synthetic'},0.2462
isolation,7,streaming,FIFO,GlobalAllocation,1831,7,255100,{'trace_kind': 'synthetic'},0.2551
isolation,0,streaming,FIFO,GlobalAllocation,1831,8,202100,{'trace_kind': 'synthetic'},0.2021
isolation,1,streaming,FIFO,GlobalAllocation,1831,8,203100,{'trace_kind': 'synthetic'},0.2031
isolation,2,streaming,FIFO,GlobalAllocation,1831,8,210300,{'trace_kind': 'synthetic'},0.2103
isolation,3,streaming,FIFO,GlobalAllocation,1831,8,217400,{'trace_kind': 'synthetic'},0.2174
isolation,4,streaming,FIFO,GlobalAllocation,1831,8,226300,{'trace_kind': 'synthetic'},0.2263
isolation,5,streaming,FIFO,GlobalAllocation,1831,8,233600,{'trace_kind': 'synthetic'},0.2336
isolation,6,streaming,FIFO,GlobalAllocation,1831,8,254300,{'trace_kind': 'synthetic'},0.2543
isolation,7,streaming,FIFO,GlobalAllocation,1831,8,254500,{'trace_kind': 'synthetic'},0.2545
isolation,0,streaming,FIFO,GlobalAllocation,1831,9,202300,{'trace_kind': 'synthetic'},0.2023
isolation,1,streaming,FIFO,GlobalAllocation,1831,9,205600,{'trace_kind': 'synthetic'},0.2056
isolation,2,streaming,FIFO,GlobalAllocation,1831,9,213000,{'trace_kind': 'synthetic'},0.213
isolation,3,streaming,FIFO,GlobalAllocation,1831,9,219300,{'trace_kind': 'synthetic'},0.2193
isolation,4,streaming,FIFO,GlobalAllocation,1831,9,225000,{'trace_kind': 'synthetic'},0.225
isolation,5,streaming,FIFO,GlobalAllocation,1831,9,235800,{'trace_kind': 'synthetic'},0.2358
isolation,6,streaming,FIFO,GlobalAllocation,1831,9,254900,{'trace_kind': 'synthetic'},0.2549
isolation,7,streaming,FIFO,GlobalAllocation,1831,9,257600,{'trace_kind': 'synthetic'},0.2576
isolation,0,streaming,FIFO,LocalAllocation,1831,0,203700,{'trace_kind': 'synthetic'},0.2037
isolation,1,streaming,FIFO,LocalAllocation,1831,0,207500,{'trace_kind': 'synthetic'},0.2075
isolation,2,streaming,FIFO,LocalAllocation,1831,0,215300,{'trace_kind': 'synthetic'},0.2153
isolation,3,streaming,FIFO,LocalAllocation,1831,0,222400,{'trace_kind': 'synthetic'},0.2224
isolation,4,streaming,FIFO,LocalAllocation,1831,0,228600,{'trace_kind': 'synthetic'},0.2286
isolation,5,streaming,FIFO,LocalAllocation,1831,0,232900,{'trace_kind': 'synthetic'},0.2329
isolation,6,streaming,FIFO,LocalAllocation,1831,0,244200,{'trace_kind': 'synthetic'},0.2442
isolation,7,streaming,FIFO,LocalAllocation,1831,0,254200,{'trace_kind': 'synthetic'},0.2542
isolation,0,streaming,FIFO,LocalAllocation,1831,1,202000,{'trace_kind': 'synthetic'},0.202
isolation,1,streaming,FIFO,LocalAllocation,1831,1,215700,{'trace_kind': 'synthetic'},0.2157
isolation,2,streaming,FIFO,LocalAllocation,1831,1,214700,{'trace_kind': 'synthetic'},0.2147
isolation,3,streaming,FIFO,LocalAllocation,1831,1,219700,{'trace_kind': 'synthetic'},0.2197
isolation,4,streaming,FIFO,LocalAllocation,1831,1,235200,{'trace_kind': 'synthetic'},0.2352
isolation,5,streaming,FIFO,LocalAllocation,1831,1,242500,{'trace_kind': 'synthetic'},0.2425
isolation,6,streaming,FIFO,LocalAllocation,1831,1,246400,{'trace_kind': 'synthetic'},0.2464
isolation,7,streaming,FIFO,LocalAllocation,1831,1,256100,{'trace_kind': 'synthetic'},0.2561
isolation,0,streaming,FIFO,LocalAllocation,1831,2,199600,{'trace_kind': 'synthetic'},0.1996
isolation,1,streaming,FIFO,LocalAllocation,1831,2,205800,{'trace_kind': 'synthetic'},0.2058
isolation,2,streaming,FIFO,LocalAllocation,1831,2,212400,{'trace_kind': 'synthetic'},0.2124
isolation,3,streaming,FIFO,LocalAllocation,1831,2,221600,{'trace_kind': 'synthetic'},0.2216
isolation,4,streaming,FIFO,LocalAllocation,1831,2,224900,{'trace_kind': 'synthetic'},0.2249
isolation,5,streaming,FIFO,LocalAllocation,1831,2,235900,{'trace_kind': 'synthetic'},0.2359
isolation,6,streaming,FIFO,LocalAllocation,1831,2,248300,{'trace_kind': 'synthetic'},0.2483
isolation,7,streaming,FIFO,LocalAllocation,1831,2,253800,{'trace_kind': 'synthetic'},0.2538
isolation,0,streaming,FIFO,LocalAllocation,1831,3,199600,{'trace_kind': 'synthetic'},0.1996
isolation,1,streaming,FIFO,LocalAllocation,1831,3,211100,{'trace_kind': 'synthetic'},0.2111
isolation,2,streaming,FIFO,LocalAllocation,1831,3,215000,{'trace_kind': 'synthetic'},0.215
isolation,3,streaming,FIFO,LocalAllocation,1831,3,224300,{'trace_kind': 'synthetic'},0.2243
isolation,4,streaming,FIFO,LocalAllocation,1831,3,229900,{'trace_kind': 'synthetic'},0.2299
isolation,5,streaming,FIFO,LocalAllocation,1831,3,231400,{'trace_kind': 'synthetic'},0.2314
isolation,6,streaming,FIFO,LocalAllocation,1831,3,241700,{'trace_kind': 'synthetic'},0.2417
isolation,7,streaming,FIFO,LocalAllocation,1831,3,253400,{'trace_kind': 'synthetic'},0.2534
isolation,0,streaming,FIFO,LocalAllocation,1831,4,201200,{'trace_kind': 'synthetic'},0.2012
isolation,1,streaming,FIFO,LocalAllocation,1831,4,207200,{'trace_kind': 'synthetic'},0.2072
isolation,2,streaming,FIFO,LocalAllocation,1831,4,214700,{'trace_kind': 'synthetic'},0.2147
isolation,3,streaming,FIFO,LocalAllocation,1831,4,220900,{'trace_kind': 'synthetic'},0.2209
isolation,4,streaming,FIFO,LocalAllocation,1831,4,224400,{'trace_kind': 'synthetic'},0.2244
isolation,5,streaming,FIFO,LocalAllocation,1831,4,234700,{'trace_kind': 'synthetic'},0.2347
isolation,6,streaming,FIFO,LocalAllocation,1831,4,242400,{'trace_kind': 'synthetic'},0.2424
isolation,7,streaming,FIFO,LocalAllocation,1831,4,262800,{'trace_kind': 'synthetic'},0.2628
isolation,0,streaming,FIFO,LocalAllocation,1831,5,201200,{'trace_kind': 'synthetic'},0.2012
isolation,1,streaming,FIFO,LocalAllocation,1831,5,206500,{'trace_kind': 'synthetic'},0.2065
isolation,2,streaming,FIFO,LocalAllocation,1831,5,214800,{'trace_kind': 'synthetic'},0.2148
isolation,3,streaming,FIFO,LocalAllocation,1831,5,220400,{'trace_kind': 'synthetic'},0.2204
isolation,4,streaming,FIFO,LocalAllocation,1831,5,226000,{'trace_kind': 'synthetic'},0.226
isolation,5,streaming,FIFO,LocalAllocation,1831,5,237700,{'trace_kind': 'synthetic'},0.2377
isolation,6,streaming,FIFO,LocalAllocation,1831,5,243600,{'trace_kind': 'synthetic'},0.2436
isolation,7,streaming,FIFO,LocalAllocation,1831,5,253500,{'trace_kind': 'synthetic'},0.2535
isolation,0,streaming,FIFO,LocalAllocation,1831,6,204500,{'trace_kind': 'synthetic'},0.2045
isolation,1,streaming,FIFO,LocalAllocation,1831,6,206600,{'trace_kind': 'synthetic'},0.2066
isolation,2,streaming,FIFO,LocalAllocation,1831,6,213200,{'trace_kind': 'synthetic'},0.2132
isolation,3,streaming,FIFO,LocalAllocation,1831,6,220600,{'trace_kind': 'synthetic'},0.2206
isolation,4,streaming,FIFO,LocalAllocation,1831,6,227600,{'trace_kind': 'synthetic'},0.2276
isolation,5,streaming,FIFO,LocalAllocation,1831,6,236300,{'trace_kind': 'synthetic'},0.2363
isolation,6,streaming,FIFO,LocalAllocation,1831,6,243100,{'trace_kind': 'synthetic'},0.2431
isolation,7,streaming,FIFO,LocalAllocation,1831,6,262700,{'trace_kind': 'synthetic'},0.2627
isolation,0,streaming,FIFO,LocalAllocation,1831,7,199800,{'trace_kind': 'synthetic'},0.1998
isolation,1,streaming,FIFO,LocalAllocation,1831,7,206800,{'trace_kind': 'synthetic'},0.2068
isolation,2,streaming,FIFO,LocalAllocation,1831,7,216500,{'trace_kind': 'synthetic'},0.2165
isolation,3,streaming,FIFO,LocalAllocation,1831,7,222000,{'trace_kind': 'synthetic'},0.222
isolation,4,streaming,FIFO,LocalAllocation,1831,7,230500,{'trace_kind': 'synthetic'},0.2305
isolation,5,streaming,FIFO,LocalAllocation,1831,7,242700,{'trace_kind': 'synthetic'},0.2427
isolation,6,streaming,FIFO,LocalAllocation,1831,7,249200,{'trace_kind': 'synthetic'},0.2492
isolation,7,streaming,FIFO,LocalAllocation,1831,7,255900,{'trace_kind': 'synthetic'},0.2559
isolation,0,streaming,FIFO,LocalAllocation,1831,8,202700,{'trace_kind': 'synthetic'},0.2027
isolation,1,streaming,FIFO,LocalAllocation,1831,8,205000,{'trace_kind': 'synthetic'},0.205
isolation,2,streaming,FIFO,LocalAllocation,1831,8,216100,{'trace_kind': 'synthetic'},0.2161
isolation,3,streaming,FIFO,LocalAllocation,1831,8,222800,{'trace_kind': 'synthetic'},0.2228
isolation,4,streaming,FIFO,LocalAllocation,1831,8,228300,{'trace_kind': 'synthetic'},0.2283
isolation,5,streaming,FIFO,LocalAllocation,1831,8,233300,{'trace_kind': 'synthetic'},0.2333
isolation,6,streaming,FIFO,LocalAllocation,1831,8,244900,{'trace_kind': 'synthetic'},0.2449
isolation,7,streaming,FIFO,LocalAllocation,1831,8,256300,{'trace_kind': 'synthetic'},0.2563
isolation,0,streaming,FIFO,LocalAllocation,1831,9,199100,{'trace_kind': 'synthetic'},0.1991
isolation,1,streaming,FIFO,LocalAllocation,1831,9,207600,{'trace_kind': 'synthetic'},0.2076
isolation,2,streaming,FIFO,LocalAllocation,1831,9,210500,{'trace_kind': 'synthetic'},0.2105
isolation,3,streaming,FIFO,LocalAllocation,1831,9,217100,{'trace_kind': 'synthetic'},0.2171
isolation,4,streaming,FIFO,LocalAllocation,1831,9,222600,{'trace_kind': 'synthetic'},0.2226
isolation,5,streaming,FIFO,LocalAllocation,1831,9,233600,{'trace_kind': 'synthetic'},0.2336
isolation,6,streaming,FIFO,LocalAllocation,1831,9,254400,{'trace_kind': 'synthetic'},0.2544
isolation,7,streaming,FIFO,LocalAllocation,1831,9,253600,{'trace_kind': 'synthetic'},0.2536
isolation,0,streaming,FIFO,ProportionalAllocation,1831,0,200900,{'trace_kind': 'synthetic'},0.2009
isolation,1,streaming,FIFO,ProportionalAllocation,1831,0,206500,{'trace_kind': 'synthetic'},0.2065
isolation,2,streaming,FIFO,ProportionalAllocation,1831,0,212700,{'trace_kind': 'synthetic'},0.2127
isolation,3,streaming,FIFO,ProportionalAllocation,1831,0,221600,{'trace_kind': 'synthetic'},0.2216
isolation,4,streaming,FIFO,ProportionalAllocation,1831,0,227300,{'trace_kind': 'synthetic'},0.2273
isolation,5,streaming,FIFO,ProportionalAllocation,1831,0,233500,{'trace_kind': 'synthetic'},0.2335
isolation,6,streaming,FIFO,ProportionalAllocation,1831,0,245800,{'trace_kind': 'synthetic'},0.2458
isolation,7,streaming,FIFO,ProportionalAllocation,1831,0,260700,{'trace_kind': 'synthetic'},0.2607
isolation,0,streaming,FIFO,ProportionalAllocation,1831,1,204100,{'trace_kind': 'synthetic'},0.2041
isolation,1,streaming,FIFO,ProportionalAllocation,1831,1,220500,{'trace_kind': 'synthetic'},0.2205
isolation,2,streaming,FIFO,ProportionalAllocation,1831,1,212600,{'trace_kind': 'synthetic'},0.2126
isolation,3,streaming,FIFO,ProportionalAllocation,1831,1,218200,{'trace_kind': 'synthetic'},0.2182
isolation,4,streaming,FIFO,ProportionalAllocation,1831,1,227300,{'trace_kind': 'synthetic'},0.2273
isolation,5,streaming,FIFO,ProportionalAllocation,1831,1,235900,{'trace_kind': 'synthetic'},0.2359
isolation,6,streaming,FIFO,ProportionalAllocation,1831,1,244800,{'trace_kind': 'synthetic'},0.2448
isolation,7,streaming,FIFO,ProportionalAllocation,1831,1,254900,{'trace_kind': 'synthetic'},0.2549
isolation,0,streaming,FIFO,ProportionalAllocation,1831,2,200000,{'trace_kind': 'synthetic'},0.2
isolation,1,streaming,FIFO,ProportionalAllocation,1831,2,206200,{'trace_kind': 'synthetic'},0.2062
isolation,2,streaming,FIFO,ProportionalAllocation,1831,2,212800,{'trace_kind': 'synthetic'},0.2128
isolation,3,streaming,FIFO,ProportionalAllocation,1831,2,216700,{'trace_kind': 'synthetic'},0.2167
isolation,4,streaming,FIFO,ProportionalAllocation,1831,2,224400,{'trace_kind': 'synthetic'},0.2244
isolation,5,streaming,FIFO,ProportionalAllocation,1831,2,232100,{'trace_kind': 'synthetic'},0.2321
isolation,6,streaming,FIFO,ProportionalAllocation,1831,2,245100,{'trace_kind': 'synthetic'},0.2451
isolation,7,streaming,FIFO,ProportionalAllocation,1831,2,256600,{'trace_kind': 'synthetic'},0.2566
isolation,0,streaming,FIFO,ProportionalAllocation,1831,3,198900,{'trace_kind': 'synthetic'},0.1989
isolation,1,streaming,FIFO,ProportionalAllocation,1831,3,206100,{'trace_kind': 'synthetic'},0.2061
isolation,2,streaming,FIFO,ProportionalAllocation,1831,3,212900,{'trace_kind': 'synthetic'},0.2129
isolation,3,streaming,FIFO,ProportionalAllocation,1831,3,229200,{'trace_kind': 'synthetic'},0.2292
isolation,4,streaming,FIFO,ProportionalAllocation,1831,3,231100,{'trace_kind': 'synthetic'},0.2311
isolation,5,streaming,FIFO,ProportionalAllocation,1831,3,234700,{'trace_kind': 'synthetic'},0.2347
isolation,6,streaming,FIFO,ProportionalAllocation,1831,3,241300,{'trace_kind': 'synthetic'},0.2413
isolation,7,streaming,FIFO,ProportionalAllocation,1831,3,256900,{'trace_kind': 'synthetic'},0.2569
isolation,0,streaming,FIFO,ProportionalAllocation,1831,4,202100,{'trace_kind': 'synthetic'},0.2021
isolation,1,streaming,FIFO,ProportionalAllocation,1831,4,208000,{'trace_kind': 'synthetic'},0.208
isolation,2,streaming,FIFO,ProportionalAllocation,1831,4,212700,{'trace_kind': 'synthetic'},0.2127
isolation,3,streaming,FIFO,ProportionalAllocation,1831,4,217900,{'trace_kind': 'synthetic'},0.2179
isolation,4,streaming,FIFO,ProportionalAllocation,1831,4,227300,{'trace_kind': 'synthetic'},0.2273
isolation,5,streaming,FIFO,ProportionalAllocation,1831,4,235400,{'trace_kind': 'synthetic'},0.2354
isolation,6,streaming,FIFO,ProportionalAllocation,1831,4,252300,{'trace_kind': 'synthetic'},0.2523
isolation,7,streaming,FIFO,ProportionalAllocation,1831,4,257500,{'trace_kind': 'synthetic'},0.2575
isolation,0,streaming,FIFO,ProportionalAllocation,1831,5,198900,{'trace_kind': 'synthetic'},0.1989
isolation,1,streaming,FIFO,ProportionalAllocation,1831,5,205800,{'trace_kind': 'synthetic'},0.2058
isolation,2,streaming,FIFO,ProportionalAllocation,1831,5,219900,{'trace_kind': 'synthetic'},0.2199
isolation,3,streaming,FIFO,ProportionalAllocation,1831,5,218000,{'trace_kind': 'synthetic'},0.218
isolation,4,streaming,FIFO,ProportionalAllocation,1831,5,225200,{'trace_kind': 'synthetic'},0.2252
isolation,5,streaming,FIFO,ProportionalAllocation,1831,5,232900,{'trace_kind': 'synthetic'},0.2329
isolation,6,streaming,FIFO,ProportionalAllocation,1831,5,246300,{'trace_kind': 'synthetic'},0.2463
isolation,7,streaming,FIFO,ProportionalAllocation,1831,5,253500,{'trace_kind': 'synthetic'},0.2535
isolation,0,streaming,FIFO,ProportionalAllocation,1831,6,203600,{'trace_kind': 'synthetic'},0.2036
isolation,1,streaming,FIFO,ProportionalAllocation,1831,6,207000,{'trace_kind': 'synthetic'},0.207
isolation,2,streaming,FIFO,ProportionalAllocation,1831,6,215200,{'trace_kind': 'synthetic'},0.2152
isolation,3,streaming,FIFO,ProportionalAllocation,1831,6,223800,{'trace_kind': 'synthetic'},0.2238
isolation,4,streaming,FIFO,ProportionalAllocation,1831,6,230100,{'trace_kind': 'synthetic'},0.2301
isolation,5,streaming,FIFO,ProportionalAllocation,1831,6,238100,{'trace_kind': 'synthetic'},0.2381
isolation,6,streaming,FIFO,ProportionalAllocation,1831,6,248400,{'trace_kind': 'synthetic'},0.2484
isolation,7,streaming,FIFO,ProportionalAllocation,1831,6,290100,{'trace_kind': 'synthetic'},0.2901
isolation,0,streaming,FIFO,ProportionalAllocation,1831,7,203700,{'trace_kind': 'synthetic'},0.2037
isolation,1,streaming,FIFO,ProportionalAllocation,1831,7,206700,{'trace_kind': 'synthetic'},0.2067
isolation,2,streaming,FIFO,ProportionalAllocation,1831,7,218600,{'trace_kind': 'synthetic'},0.2186
isolation,3,streaming,FIFO,ProportionalAllocation,1831,7,220900,{'trace_kind': 'synthetic'},0.2209
isolation,4,streaming,FIFO,ProportionalAllocation,1831,7,227500,{'trace_kind': 'synthetic'},0.2275
isolation,5,streaming,FIFO,ProportionalAllocation,1831,7,236500,{'trace_kind': 'synthetic'},0.2365
isolation,6,streaming,FIFO,ProportionalAllocation,1831,7,247900,{'trace_kind': 'synthetic'},0.2479
isolation,7,streaming,FIFO,ProportionalAllocation,1831,7,254600,{'trace_kind': 'synthetic'},0.2546
isolation,0,streaming,FIFO,ProportionalAllocation,1831,8,204100,{'trace_kind': 'synthetic'},0.2041
isolation,1,streaming,FIFO,ProportionalAllocation,1831,8,206200,{'trace_kind': 'synthetic'},0.2062
isolation,2,streaming,FIFO,ProportionalAllocation,1831,8,217600,{'trace_kind': 'synthetic'},0.2176
isolation,3,streaming,FIFO,ProportionalAllocation,1831,8,219100,{'trace_kind': 'synthetic'},0.2191
isolation,4,streaming,FIFO,ProportionalAllocation,1831,8,224300,{'trace_kind': 'synthetic'},0.2243
isolation,5,streaming,FIFO,ProportionalAllocation,1831,8,231000,{'trace_kind': 'synthetic'},0.231
isolation,6,streaming,FIFO,ProportionalAllocation,1831,8,243000,{'trace_kind': 'synthetic'},0.243
isolation,7,streaming,FIFO,ProportionalAllocation,1831,8,260100,{'trace_kind': 'synthetic'},0.2601
isolation,0,streaming,FIFO,ProportionalAllocation,1831,9,197200,{'trace_kind': 'synthetic'},0.1972
isolation,1,streaming,FIFO,ProportionalAllocation,1831,9,209000,{'trace_kind': 'synthetic'},0.209
isolation,2,streaming,FIFO,ProportionalAllocation,1831,9,214500,{'trace_kind': 'synthetic'},0.2145
isolation,3,streaming,FIFO,ProportionalAllocation,1831,9,219800,{'trace_kind': 'synthetic'},0.2198
isolation,4,streaming,FIFO,ProportionalAllocation,1831,9,224100,{'trace_kind': 'synthetic'},0.2241
isolation,5,streaming,FIFO,ProportionalAllocation,1831,9,235900,{'trace_kind': 'synthetic'},0.2359
isolation,6,streaming,FIFO,ProportionalAllocation,1831,9,247800,{'trace_kind': 'synthetic'},0.2478
isolation,7,streaming,FIFO,ProportionalAllocation,1831,9,257200,{'trace_kind': 'synthetic'},0.2572
isolation,0,streaming,LRU,GlobalAllocation,1831,0,330600,{'trace_kind': 'synthetic'},0.3306
isolation,1,streaming,LRU,GlobalAllocation,1831,0,361300,{'trace_kind': 'synthetic'},0.3613
isolation,2,streaming,LRU,GlobalAllocation,1831,0,335700,{'trace_kind': 'synthetic'},0.3357
isolation,3,streaming,LRU,GlobalAllocation,1831,0,355000,{'trace_kind': 'synthetic'},0.355
isolation,4,streaming,LRU,GlobalAllocation,1831,0,364900,{'trace_kind': 'synthetic'},0.3649
isolation,5,streaming,LRU,GlobalAllocation,1831,0,361300,{'trace_kind': 'synthetic'},0.3613
isolation,6,streaming,LRU,GlobalAllocation,1831,0,378200,{'trace_kind': 'synthetic'},0.3782
isolation,7,streaming,LRU,GlobalAllocation,1831,0,388200,{'trace_kind': 'synthetic'},0.3882
isolation,0,streaming,LRU,GlobalAllocation,1831,1,327100,{'trace_kind': 'synthetic'},0.3271
isolation,1,streaming,LRU,GlobalAllocation,1831,1,337000,{'trace_kind': 'synthetic'},0.337
isolation,2,streaming,LRU,GlobalAllocation,1831,1,337600,{'trace_kind': 'synthetic'},0.3376
isolation,3,streaming,LRU,GlobalAllocation,1831,1,442900,{'trace_kind': 'synthetic'},0.4429
isolation,4,streaming,LRU,GlobalAllocation,1831,1,351900,{'trace_kind': 'synthetic'},0.3519
isolation,5,streaming,LRU,GlobalAllocation,1831,1,358900,{'trace_kind': 'synthetic'},0.3589
isolation,6,streaming,LRU,GlobalAllocation,1831,1,378000,{'trace_kind': 'synthetic'},0.378
isolation,7,streaming,LRU,GlobalAllocation,1831,1,390700,{'trace_kind': 'synthetic'},0.3907
isolation,0,streaming,LRU,GlobalAllocation,1831,2,363900,{'trace_kind': 'synthetic'},0.3639
isolation,1,streaming,LRU,GlobalAllocation,1831,2,374900,{'trace_kind': 'synthetic'},0.3749
isolation,2,streaming,LRU,GlobalAllocation,1831,2,347000,{'trace_kind': 'synthetic'},0.347
isolation,3,streaming,LRU,GlobalAllocation,1831,2,347700,{'trace_kind': 'synthetic'},0.3477
isolation,4,streaming,LRU,GlobalAllocation,1831,2,368200,{'trace_kind': 'synthetic'},0.3682
isolation,5,streaming,LRU,GlobalAllocation,1831,2,362100,{'trace_kind': 'synthetic'},0.3621
isolation,6,streaming,LRU,GlobalAllocation,1831,2,375800,{'trace_kind': 'synthetic'},0.3758
isolation,7,streaming,LRU,GlobalAllocation,1831,2,384500,{'trace_kind': 'synthetic'},0.3845
isolation,0,streaming,LRU,GlobalAllocation,1831,3,323800,{'trace_kind': 'synthetic'},0.3238
isolation,1,streaming,LRU,GlobalAllocation,1831,3,332400,{'trace_kind': 'synthetic'},0.3324
isolation,2,streaming,LRU,GlobalAllocation,1831,3,342000,{'trace_kind': 'synthetic'},0.342
isolation,3,streaming,LRU,GlobalAllocation,1831,3,343500,{'trace_kind': 'synthetic'},0.3435
isolation,4,streaming,LRU,GlobalAllocation,1831,3,352500,{'trace_kind': 'synthetic'},0.3525
isolation,5,streaming,LRU,GlobalAllocation,1831,3,358400,{'trace_kind': 'synthetic'},0.3584
isolation,6,streaming,LRU,GlobalAllocation,1831,3,373700,{'trace_kind': 'synthetic'},0.3737
isolation,7,streaming,LRU,GlobalAllocation,1831,3,414500,{'trace_kind': 'synthetic'},0.4145
isolation,0,streaming,LRU,GlobalAllocation,1831,4,323200,{'trace_kind': 'synthetic'},0.3232
isolation,1,streaming,LRU,GlobalAllocation,1831,4,334400,{'trace_kind': 'synthetic'},0.3344
isolation,2,streaming,LRU,GlobalAllocation,1831,4,341200,{'trace_kind': 'synthetic'},0.3412
isolation,3,streaming,LRU,GlobalAllocation,1831,4,341500,{'trace_kind': 'synthetic'},0.3415
isolation,4,streaming,LRU,GlobalAllocation,1831,4,347900,{'trace_kind': 'synthetic'},0.3479
isolation,5,streaming,LRU,GlobalAllocation,1831,4,359100,{'trace_kind': 'synthetic'},0.3591
isolation,6,streaming,LRU,GlobalAllocation,1831,4,362400,{'trace_kind': 'synthetic'},0.3624
isolation,7,streaming,LRU,GlobalAllocation,1831,4,385600,{'trace_kind': 'synthetic'},0.3856
isolation,0,streaming,LRU,GlobalAllocation,1831,5,325000,{'trace_kind': 'synthetic'},0.325
isolation,1,streaming,LRU,GlobalAllocation,1831,5,336100,{'trace_kind': 'synthetic'},0.3361
isolation,2,streaming,LRU,GlobalAllocation,1831,5,333400,{'trace_kind': 'synthetic'},0.3334
isolation,3,streaming,LRU,GlobalAllocation,1831,5,350700,{'trace_kind': 'synthetic'},0.3507
isolation,4,streaming,LRU,GlobalAllocation,1831,5,350800,{'trace_kind': 'synthetic'},0.3508
isolation,5,streaming,LRU,GlobalAllocation,1831,5,363000,{'trace_kind': 'synthetic'},0.363
isolation,6,streaming,LRU,GlobalAllocation,1831,5,368300,{'trace_kind': 'synthetic'},0.3683
isolation,7,streaming,LRU,GlobalAllocation,1831,5,380100,{'trace_kind': 'synthetic'},0.3801
isolation,0,streaming,LRU,GlobalAllocation,1831,6,325700,{'trace_kind': 'synthetic'},0.3257
isolation,1,streaming,LRU,GlobalAllocation,1831,6,334200,{'trace_kind': 'synthetic'},0.3342
isolation,2,streaming,LRU,GlobalAllocation,1831,6,336000,{'trace_kind': 'synthetic'},0.336
isolation,3,streaming,LRU,GlobalAllocation,1831,6,345000,{'trace_kind': 'synthetic'},0.345
isolation,4,streaming,LRU,GlobalAllocation,1831,6,348600,{'trace_kind': 'synthetic'},0.3486
isolation,5,streaming,LRU,GlobalAllocation,1831,6,365700,{'trace_kind': 'synthetic'},0.3657
isolation,6,streaming,LRU,GlobalAllocation,1831,6,374700,{'trace_kind': 'synthetic'},0.3747
isolation,7,streaming,LRU,GlobalAllocation,1831,6,396500,{'trace_kind': 'synthetic'},0.3965
isolation,0,streaming,LRU,GlobalAllocation,1831,7,329000,{'trace_kind': 'synthetic'},0.329
isolation,1,streaming,LRU,GlobalAllocation,1831,7,339500,{'trace_kind': 'synthetic'},0.3395
isolation,2,streaming,LRU,GlobalAllocation,1831,7,345600,{'trace_kind': 'synthetic'},0.3456
isolation,3,streaming,LRU,GlobalAllocation,1831,7,349400,{'trace_kind': 'synthetic'},0.3494
isolation,4,streaming,LRU,GlobalAllocation,1831,7,358000,{'trace_kind': 'synthetic'},0.358
isolation,5,streaming,LRU,GlobalAllocation,1831,7,364800,{'trace_kind': 'synthetic'},0.3648
isolation,6,streaming,LRU,GlobalAllocation,1831,7,378300,{'trace_kind': 'synthetic'},0.3783
isolation,7,streaming,LRU,GlobalAllocation,1831,7,392700,{'trace_kind': 'synthetic'},0.3927
isolation,0,streaming,LRU,GlobalAllocation,1831,8,324600,{'trace_kind': 'synthetic'},0.3246
isolation,1,streaming,LRU,GlobalAllocation,1831,8,332200,{'trace_kind': 'synthetic'},0.3322
isolation,2,streaming,LRU,GlobalAllocation,1831,8,341300,{'trace_kind': 'synthetic'},0.3413
isolation,3,streaming,LRU,GlobalAllocation,1831,8,346700,{'trace_kind': 'synthetic'},0.3467
isolation,4,streaming,LRU,GlobalAllocation,1831,8,351000,{'trace_kind': 'synthetic'},0.351
isolation,5,streaming,LRU,GlobalAllocation,1831,8,352200,{'trace_kind': 'synthetic'},0.3522
isolation,6,streaming,LRU,GlobalAllocation,1831,8,372900,{'trace_kind': 'synthetic'},0.3729
isolation,7,streaming,LRU,GlobalAllocation,1831,8,382300,{'trace_kind': 'synthetic'},0.3823
isolation,0,streaming,LRU,GlobalAllocation,1831,9,320900,{'trace_kind': 'synthetic'},0.3209
isolation,1,streaming,LRU,GlobalAllocation,1831,9,329600,{'trace_kind': 'synthetic'},0.3296
isolation,2,streaming,LRU,GlobalAllocation,1831,9,336300,{'trace_kind': 'synthetic'},0.3363
isolation,3,streaming,LRU,GlobalAllocation,1831,9,345400,{'trace_kind': 'synthetic'},0.3454
isolation,4,streaming,LRU,GlobalAllocation,1831,9,343300,{'trace_kind': 'synthetic'},0.3433
isolation,5,streaming,LRU,GlobalAllocation,1831,9,359800,{'trace_kind': 'synthetic'},0.3598
isolation,6,streaming,LRU,GlobalAllocation,1831,9,376000,{'trace_kind': 'synthetic'},0.376
isolation,7,streaming,LRU,GlobalAllocation,1831,9,380500,{'trace_kind': 'synthetic'},0.3805
isolation,0,streaming,LRU,LocalAllocation,1831,0,322800,{'trace_kind': 'synthetic'},0.3228
isolation,1,streaming,LRU,LocalAllocation,1831,0,330700,{'trace_kind': 'synthetic'},0.3307
isolation,2,streaming,LRU,LocalAllocation,1831,0,336600,{'trace_kind': 'synthetic'},0.3366
isolation,3,streaming,LRU,LocalAllocation,1831,0,342000,{'trace_kind': 'synthetic'},0.342
isolation,4,streaming,LRU,LocalAllocation,1831,0,346500,{'trace_kind': 'synthetic'},0.3465
isolation,5,streaming,LRU,LocalAllocation,1831,0,357600,{'trace_kind': 'synthetic'},0.3576
isolation,6,streaming,LRU,LocalAllocation,1831,0,368600,{'trace_kind': 'synthetic'},0.3686
isolation,7,streaming,LRU,LocalAllocation,1831,0,378100,{'trace_kind': 'synthetic'},0.3781
isolation,0,streaming,LRU,LocalAllocation,1831,1,321300,{'trace_kind': 'synthetic'},0.3213
isolation,1,streaming,LRU,LocalAllocation,1831,1,315500,{'trace_kind': 'synthetic'},0.3155
isolation,2,streaming,LRU,LocalAllocation,1831,1,324400,{'trace_kind': 'synthetic'},0.3244
isolation,3,streaming,LRU,LocalAllocation,1831,1,331100,{'trace_kind': 'synthetic'},0.3311
isolation,4,streaming,LRU,LocalAllocation,1831,1,334200,{'trace_kind': 'synthetic'},0.3342
isolation,5,streaming,LRU,LocalAllocation,1831,1,688700,{'trace_kind': 'synthetic'},0.6887
isolation,6,streaming,LRU,LocalAllocation,1831,1,757300,{'trace_kind': 'synthetic'},0.7573
isolation,7,streaming,LRU,LocalAllocation,1831,1,773800,{'trace_kind': 'synthetic'},0.7738
isolation,0,streaming,LRU,LocalAllocation,1831,2,322800,{'trace_kind': 'synthetic'},0.3228
isolation,1,streaming,LRU,LocalAllocation,1831,2,329800,{'trace_kind': 'synthetic'},0.3298
isolation,2,streaming,LRU,LocalAllocation,1831,2,338900,{'trace_kind': 'synthetic'},0.3389
isolation,3,streaming,LRU,LocalAllocation,1831,2,353800,{'trace_kind': 'synthetic'},0.3538
isolation,4,streaming,LRU,LocalAllocation,1831,2,349700,{'trace_kind': 'synthetic'},0.3497
isolation,5,streaming,LRU,LocalAllocation,1831,2,361900,{'trace_kind': 'synthetic'},0.3619
isolation,6,streaming,LRU,LocalAllocation,1831,2,410400,{'trace_kind': 'synthetic'},0.4104
isolation,7,streaming,LRU,LocalAllocation,1831,2,383900,{'trace_kind': 'synthetic'},0.3839
isolation,0,streaming,LRU,LocalAllocation,1831,3,321700,{'trace_kind': 'synthetic'},0.3217
isolation,1,streaming,LRU,LocalAllocation,1831,3,330400,{'trace_kind': 'synthetic'},0.3304
isolation,2,streaming,LRU,LocalAllocation,1831,3,336400,{'trace_kind': 'synthetic'},0.3364
isolation,3,streaming,LRU,LocalAllocation,1831,3,350500,{'trace_kind': 'synthetic'},0.3505
isolation,4,streaming,LRU,LocalAllocation,1831,3,349900,{'trace_kind': 'synthetic'},0.3499
isolation,5,streaming,LRU,LocalAllocation,1831,3,357000,{'trace_kind': 'synthetic'},0.357
isolation,6,streaming,LRU,LocalAllocation,1831,3,374300,{'trace_kind': 'synthetic'},0.3743
isolation,7,streaming,LRU,LocalAllocation,1831,3,382700,{'trace_kind': 'synthetic'},0.3827
isolation,0,streaming,LRU,LocalAllocation,1831,4,325800,{'trace_kind': 'synthetic'},0.3258
isolation,1,streaming,LRU,LocalAllocation,1831,4,336500,{'trace_kind': 'synthetic'},0.3365
isolation,2,streaming,LRU,LocalAllocation,1831,4,341300,{'trace_kind': 'synthetic'},0.3413
isolation,3,streaming,LRU,LocalAllocation,1831,4,346200,{'trace_kind': 'synthetic'},0.3462
isolation,4,streaming,LRU,LocalAllocation,1831,4,352000,{'trace_kind': 'synthetic'},0.352
isolation,5,streaming,LRU,LocalAllocation,1831,4,359300,{'trace_kind': 'synthetic'},0.3593
isolation,6,streaming,LRU,LocalAllocation,1831,4,364800,{'trace_kind': 'synthetic'},0.3648
isolation,7,streaming,LRU,LocalAllocation,1831,4,384300,{'trace_kind': 'synthetic'},0.3843
isolation,0,streaming,LRU,LocalAllocation,1831,5,322800,{'trace_kind': 'synthetic'},0.3228
isolation,1,streaming,LRU,LocalAllocation,1831,5,331600,{'trace_kind': 'synthetic'},0.3316
isolation,2,streaming,LRU,LocalAllocation,1831,5,331700,{'trace_kind': 'synthetic'},0.3317
isolation,3,streaming,LRU,LocalAllocation,1831,5,345200,{'trace_kind': 'synthetic'},0.3452
isolation,4,streaming,LRU,LocalAllocation,1831,5,351100,{'trace_kind': 'synthetic'},0.3511
isolation,5,streaming,LRU,LocalAllocation,1831,5,365000,{'trace_kind': 'synthetic'},0.365
isolation,6,streaming,LRU,LocalAllocation,1831,5,374900,{'trace_kind': 'synthetic'},0.3749
isolation,7,streaming,LRU,LocalAllocation,1831,5,390000,{'trace_kind': 'synthetic'},0.39
isolation,0,streaming,LRU,LocalAllocation,1831,6,327800,{'trace_kind': 'synthetic'},0.3278
isolation,1,streaming,LRU,LocalAllocation,1831,6,334100,{'trace_kind': 'synthetic'},0.3341
isolation,2,streaming,LRU,LocalAllocation,1831,6,334400,{'trace_kind': 'synthetic'},0.3344
isolation,3,streaming,LRU,LocalAllocation,1831,6,348800,{'trace_kind': 'synthetic'},0.3488
isolation,4,streaming,LRU,LocalAllocation,1831,6,357700,{'trace_kind': 'synthetic'},0.3577
isolation,5,streaming,LRU,LocalAllocation,1831,6,378600,{'trace_kind': 'synthetic'},0.3786
isolation,6,streaming,LRU,LocalAllocation,1831,6,370800,{'trace_kind': 'synthetic'},0.3708
isolation,7,streaming,LRU,LocalAllocation,1831,6,388300,{'trace_kind': 'synthetic'},0.3883
isolation,0,streaming,LRU,LocalAllocation,1831,7,325200,{'trace_kind': 'synthetic'},0.3252
isolation,1,streaming,LRU,LocalAllocation,1831,7,330300,{'trace_kind': 'synthetic'},0.3303
isolation,2,streaming,LRU,LocalAllocation,1831,7,338200,{'trace_kind': 'synthetic'},0.3382
isolation,3,streaming,LRU,LocalAllocation,1831,7,346400,{'trace_kind': 'synthetic'},0.3464
isolation,4,streaming,LRU,LocalAllocation,1831,7,368600,{'trace_kind': 'synthetic'},0.3686
isolation,5,streaming,LRU,LocalAllocation,1831,7,363500,{'trace_kind': 'synthetic'},0.3635
isolation,6,streaming,LRU,LocalAllocation,1831,7,368600,{'trace_kind': 'synthetic'},0.3686
isolation,7,streaming,LRU,LocalAllocation,1831,7,382000,{'trace_kind': 'synthetic'},0.382
isolation,0,streaming,LRU,LocalAllocation,1831,8,326700,{'trace_kind': 'synthetic'},0.3267
isolation,1,streaming,LRU,LocalAllocation,1831,8,328500,{'trace_kind': 'synthetic'},0.3285
isolation,2,streaming,LRU,LocalAllocation,1831,8,338900,{'trace_kind': 'synthetic'},0.3389
isolation,3,streaming,LRU,LocalAllocation,1831,8,348000,{'trace_kind': 'synthetic'},0.348
isolation,4,streaming,LRU,LocalAllocation,1831,8,353900,{'trace_kind': 'synthetic'},0.3539
isolation,5,streaming,LRU,LocalAllocation,1831,8,360600,{'trace_kind': 'synthetic'},0.3606
isolation,6,streaming,LRU,LocalAllocation,1831,8,379200,{'trace_kind': 'synthetic'},0.3792
isolation,7,streaming,LRU,LocalAllocation,1831,8,387100,{'trace_kind': 'synthetic'},0.3871
isolation,0,streaming,LRU,LocalAllocation,1831,9,320600,{'trace_kind': 'synthetic'},0.3206
isolation,1,streaming,LRU,LocalAllocation,1831,9,333100,{'trace_kind': 'synthetic'},0.3331
isolation,2,streaming,LRU,LocalAllocation,1831,9,332000,{'trace_kind': 'synthetic'},0.332
isolation,3,streaming,LRU,LocalAllocation,1831,9,339200,{'trace_kind': 'synthetic'},0.3392
isolation,4,streaming,LRU,LocalAllocation,1831,9,345900,{'trace_kind': 'synthetic'},0.3459
isolation,5,streaming,LRU,LocalAllocation,1831,9,359700,{'trace_kind': 'synthetic'},0.3597
isolation,6,streaming,LRU,LocalAllocation,1831,9,377400,{'trace_kind': 'synthetic'},0.3774
isolation,7,streaming,LRU,LocalAllocation,1831,9,388700,{'trace_kind': 'synthetic'},0.3887
isolation,0,streaming,LRU,ProportionalAllocation,1831,0,330200,{'trace_kind': 'synthetic'},0.3302
isolation,1,streaming,LRU,ProportionalAllocation,1831,0,335800,{'trace_kind': 'synthetic'},0.3358
isolation,2,streaming,LRU,ProportionalAllocation,1831,0,334400,{'trace_kind': 'synthetic'},0.3344
isolation,3,streaming,LRU,ProportionalAllocation,1831,0,346000,{'trace_kind': 'synthetic'},0.346
isolation,4,streaming,LRU,ProportionalAllocation,1831,0,349100,{'trace_kind': 'synthetic'},0.3491
isolation,5,streaming,LRU,ProportionalAllocation,1831,0,358200,{'trace_kind': 'synthetic'},0.3582
isolation,6,streaming,LRU,ProportionalAllocation,1831,0,373600,{'trace_kind': 'synthetic'},0.3736
isolation,7,streaming,LRU,ProportionalAllocation,1831,0,384400,{'trace_kind': 'synthetic'},0.3844
isolation,0,streaming,LRU,ProportionalAllocation,1831,1,321400,{'trace_kind': 'synthetic'},0.3214
isolation,1,streaming,LRU,ProportionalAllocation,1831,1,330700,{'trace_kind': 'synthetic'},0.3307
isolation,2,streaming,LRU,ProportionalAllocation,1831,1,338400,{'trace_kind': 'synthetic'},0.3384
isolation,3,streaming,LRU,ProportionalAllocation,1831,1,345100,{'trace_kind': 'synthetic'},0.3451
isolation,4,streaming,LRU,ProportionalAllocation,1831,1,348600,{'trace_kind': 'synthetic'},0.3486
isolation,5,streaming,LRU,ProportionalAllocation,1831,1,355200,{'trace_kind': 'synthetic'},0.3552
isolation,6,streaming,LRU,ProportionalAllocation,1831,1,372000,{'trace_kind': 'synthetic'},0.372
isolation,7,streaming,LRU,ProportionalAllocation,1831,1,386100,{'trace_kind': 'synthetic'},0.3861
isolation,0,streaming,LRU,ProportionalAllocation,1831,2,326100,{'trace_kind': 'synthetic'},0.3261
isolation,1,streaming,LRU,ProportionalAllocation,1831,2,328900,{'trace_kind': 'synthetic'},0.3289
isolation,2,streaming,LRU,ProportionalAllocation,1831,2,348700,{'trace_kind': 'synthetic'},0.3487
isolation,3,streaming,LRU,ProportionalAllocation,1831,2,345200,{'trace_kind': 'synthetic'},0.3452
isolation,4,streaming,LRU,ProportionalAllocation,1831,2,350500,{'trace_kind': 'synthetic'},0.3505
isolation,5,streaming,LRU,ProportionalAllocation,1831,2,358900,{'trace_kind': 'synthetic'},0.3589
isolation,6,streaming,LRU,ProportionalAllocation,1831,2,375100,{'trace_kind': 'synthetic'},0.3751
isolation,7,streaming,LRU,ProportionalAllocation,1831,2,381800,{'trace_kind': 'synthetic'},0.3818
isolation,0,streaming,LRU,ProportionalAllocation,1831,3,323800,{'trace_kind': 'synthetic'},0.3238
isolation,1,streaming,LRU,ProportionalAllocation,1831,3,334600,{'trace_kind': 'synthetic'},0.3346
isolation,2,streaming,LRU,ProportionalAllocation,1831,3,373100,{'trace_kind': 'synthetic'},0.3731
isolation,3,streaming,LRU,ProportionalAllocation,1831,3,349300,{'trace_kind': 'synthetic'},0.3493
isolation,4,streaming,LRU,ProportionalAllocation,1831,3,354000,{'trace_kind': 'synthetic'},0.354
isolation,5,streaming,LRU,ProportionalAllocation,1831,3,358000,{'trace_kind': 'synthetic'},0.358
isolation,6,streaming,LRU,ProportionalAllocation,1831,3,374300,{'trace_kind': 'synthetic'},0.3743
isolation,7,streaming,LRU,ProportionalAllocation,1831,3,383600,{'trace_kind': 'synthetic'},0.3836
isolation,0,streaming,LRU,ProportionalAllocation,1831,4,677600,{'trace_kind': 'synthetic'},0.6776
isolation,1,streaming,LRU,ProportionalAllocation,1831,4,682500,{'trace_kind': 'synthetic'},0.6825
isolation,2,streaming,LRU,ProportionalAllocation,1831,4,733700,{'trace_kind': 'synthetic'},0.7337
isolation,3,streaming,LRU,ProportionalAllocation,1831,4,705300,{'trace_kind': 'synthetic'},0.7053
isolation,4,streaming,LRU,ProportionalAllocation,1831,4,352200,{'trace_kind': 'synthetic'},0.3522
isolation,5,streaming,LRU,ProportionalAllocation,1831,4,362900,{'trace_kind': 'synthetic'},0.3629
isolation,6,streaming,LRU,ProportionalAllocation,1831,4,376800,{'trace_kind': 'synthetic'},0.3768
isolation,7,streaming,LRU,ProportionalAllocation,1831,4,394100,{'trace_kind': 'synthetic'},0.3941
isolation,0,streaming,LRU,ProportionalAllocation,1831,5,392900,{'trace_kind': 'synthetic'},0.3929
isolation,1,streaming,LRU,ProportionalAllocation,1831,5,335400,{'trace_kind': 'synthetic'},0.3354
isolation,2,streaming,LRU,ProportionalAllocation,1831,5,333900,{'trace_kind': 'synthetic'},0.3339
isolation,3,streaming,LRU,ProportionalAllocation,1831,5,351000,{'trace_kind': 'synthetic'},0.351
isolation,4,streaming,LRU,ProportionalAllocation,1831,5,354200,{'trace_kind': 'synthetic'},0.3542
isolation,5,streaming,LRU,ProportionalAllocation,1831,5,366100,{'trace_kind': 'synthetic'},0.3661
isolation,6,streaming,LRU,ProportionalAllocation,1831,5,374600,{'trace_kind': 'synthetic'},0.3746
isolation,7,streaming,LRU,ProportionalAllocation,1831,5,383800,{'trace_kind': 'synthetic'},0.3838
isolation,0,streaming,LRU,ProportionalAllocation,1831,6,320300,{'trace_kind': 'synthetic'},0.3203
isolation,1,streaming,LRU,ProportionalAllocation,1831,6,330300,{'trace_kind': 'synthetic'},0.3303
isolation,2,streaming,LRU,ProportionalAllocation,1831,6,337900,{'trace_kind': 'synthetic'},0.3379
isolation,3,streaming,LRU,ProportionalAllocation,1831,6,345900,{'trace_kind': 'synthetic'},0.3459
isolation,4,streaming,LRU,ProportionalAllocation,1831,6,353100,{'trace_kind': 'synthetic'},0.3531
isolation,5,streaming,LRU,ProportionalAllocation,1831,6,361800,{'trace_kind': 'synthetic'},0.3618
isolation,6,streaming,LRU,ProportionalAllocation,1831,6,371900,{'trace_kind': 'synthetic'},0.3719
isolation,7,streaming,LRU,ProportionalAllocation,1831,6,393400,{'trace_kind': 'synthetic'},0.3934
isolation,0,streaming,LRU,ProportionalAllocation,1831,7,321600,{'trace_kind': 'synthetic'},0.3216
isolation,1,streaming,LRU,ProportionalAllocation,1831,7,336000,{'trace_kind': 'synthetic'},0.336
isolation,2,streaming,LRU,ProportionalAllocation,1831,7,343500,{'trace_kind': 'synthetic'},0.3435
isolation,3,streaming,LRU,ProportionalAllocation,1831,7,338400,{'trace_kind': 'synthetic'},0.3384
isolation,4,streaming,LRU,ProportionalAllocation,1831,7,355800,{'trace_kind': 'synthetic'},0.3558
isolation,5,streaming,LRU,ProportionalAllocation,1831,7,360600,{'trace_kind': 'synthetic'},0.3606
isolation,6,streaming,LRU,ProportionalAllocation,1831,7,382900,{'trace_kind': 'synthetic'},0.3829
isolation,7,streaming,LRU,ProportionalAllocation,1831,7,383200,{'trace_kind': 'synthetic'},0.3832
isolation,0,streaming,LRU,ProportionalAllocation,1831,8,324700,{'trace_kind': 'synthetic'},0.3247
isolation,1,streaming,LRU,ProportionalAllocation,1831,8,325700,{'trace_kind': 'synthetic'},0.3257
isolation,2,streaming,LRU,ProportionalAllocation,1831,8,336500,{'trace_kind': 'synthetic'},0.3365
isolation,3,streaming,LRU,ProportionalAllocation,1831,8,344100,{'trace_kind': 'synthetic'},0.3441
isolation,4,streaming,LRU,ProportionalAllocation,1831,8,349700,{'trace_kind': 'synthetic'},0.3497
isolation,5,streaming,LRU,ProportionalAllocation,1831,8,357400,{'trace_kind': 'synthetic'},0.3574
isolation,6,streaming,LRU,ProportionalAllocation,1831,8,369600,{'trace_kind': 'synthetic'},0.3696
isolation,7,streaming,LRU,ProportionalAllocation,1831,8,384300,{'trace_kind': 'synthetic'},0.3843
isolation,0,streaming,LRU,ProportionalAllocation,1831,9,319100,{'trace_kind': 'synthetic'},0.3191
isolation,1,streaming,LRU,ProportionalAllocation,1831,9,332300,{'trace_kind': 'synthetic'},0.3323
isolation,2,streaming,LRU,ProportionalAllocation,1831,9,337800,{'trace_kind': 'synthetic'},0.3378
isolation,3,streaming,LRU,ProportionalAllocation,1831,9,345100,{'trace_kind': 'synthetic'},0.3451
isolation,4,streaming,LRU,ProportionalAllocation,1831,9,346300,{'trace_kind': 'synthetic'},0.3463
isolation,5,streaming,LRU,ProportionalAllocation,1831,9,356800,{'trace_kind': 'synthetic'},0.3568
isolation,6,streaming,LRU,ProportionalAllocation,1831,9,374400,{'trace_kind': 'synthetic'},0.3744
isolation,7,streaming,LRU,ProportionalAllocation,1831,9,380400,{'trace_kind': 'synthetic'},0.3804
isolation,0,streaming,NRU,GlobalAllocation,1831,0,354300,{'trace_kind': 'synthetic'},0.3543
isolation,1,streaming,NRU,GlobalAllocation,1831,0,370200,{'trace_kind': 'synthetic'},0.3702
isolation,2,streaming,NRU,GlobalAllocation,1831,0,366500,{'trace_kind': 'synthetic'},0.3665
isolation,3,streaming,NRU,GlobalAllocation,1831,0,391100,{'trace_kind': 'synthetic'},0.3911
isolation,4,streaming,NRU,GlobalAllocation,1831,0,385000,{'trace_kind': 'synthetic'},0.385
isolation,5,streaming,NRU,GlobalAllocation,1831,0,417500,{'trace_kind': 'synthetic'},0.4175
isolation,6,streaming,NRU,GlobalAllocation,1831,0,413700,{'trace_kind': 'synthetic'},0.4137
isolation,7,streaming,NRU,GlobalAllocation,1831,0,444700,{'trace_kind': 'synthetic'},0.4447
isolation,0,streaming,NRU,GlobalAllocation,1831,1,348500,{'trace_kind': 'synthetic'},0.3485
isolation,1,streaming,NRU,GlobalAllocation,1831,1,359700,{'trace_kind': 'synthetic'},0.3597
isolation,2,streaming,NRU,GlobalAllocation,1831,1,366600,{'trace_kind': 'synthetic'},0.3666
isolation,3,streaming,NRU,GlobalAllocation,1831,1,391200,{'trace_kind': 'synthetic'},0.3912
isolation,4,streaming,NRU,GlobalAllocation,1831,1,402400,{'trace_kind': 'synthetic'},0.4024
isolation,5,streaming,NRU,GlobalAllocation,1831,1,416200,{'trace_kind': 'synthetic'},0.4162
isolation,6,streaming,NRU,GlobalAllocation,1831,1,412400,{'trace_kind': 'synthetic'},0.4124
isolation,7,streaming,NRU,GlobalAllocation,1831,1,426800,{'trace_kind': 'synthetic'},0.4268
isolation,0,streaming,NRU,GlobalAllocation,1831,2,365200,{'trace_kind': 'synthetic'},0.3652
isolation,1,streaming,NRU,GlobalAllocation,1831,2,381500,{'trace_kind': 'synthetic'},0.3815
isolation,2,streaming,NRU,GlobalAllocation,1831,2,371300,{'trace_kind': 'synthetic'},0.3713
isolation,3,streaming,NRU,GlobalAllocation,1831,2,395800,{'trace_kind': 'synthetic'},0.3958
isolation,4,streaming,NRU,GlobalAllocation,1831,2,388900,{'trace_kind': 'synthetic'},0.3889
isolation,5,streaming,NRU,GlobalAllocation,1831,2,405500,{'trace_kind': 'synthetic'},0.4055
isolation,6,streaming,NRU,GlobalAllocation,1831,2,413500,{'trace_kind': 'synthetic'},0.4135
isolation,7,streaming,NRU,GlobalAllocation,1831,2,430300,{'trace_kind': 'synthetic'},0.4303
isolation,0,streaming,NRU,GlobalAllocation,1831,3,348800,{'trace_kind': 'synthetic'},0.3488
isolation,1,streaming,NRU,GlobalAllocation,1831,3,356200,{'trace_kind': 'synthetic'},0.3562
isolation,2,streaming,NRU,GlobalAllocation,1831,3,364000,{'trace_kind': 'synthetic'},0.364
isolation,3,streaming,NRU,GlobalAllocation,1831,3,378500,{'trace_kind': 'synthetic'},0.3785
isolation,4,streaming,NRU,GlobalAllocation,1831,3,400400,{'trace_kind': 'synthetic'},0.4004
isolation,5,streaming,NRU,GlobalAllocation,1831,3,412600,{'trace_kind': 'synthetic'},0.4126
isolation,6,streaming,NRU,GlobalAllocation,1831,3,422600,{'trace_kind': 'synthetic'},0.4226
isolation,7,streaming,NRU,GlobalAllocation,1831,3,423100,{'trace_kind': 'synthetic'},0.4231
isolation,0,streaming,NRU,GlobalAllocation,1831,4,400700,{'trace_kind': 'synthetic'},0.4007
isolation,1,streaming,NRU,GlobalAllocation,1831,4,382300,{'trace_kind': 'synthetic'},0.3823
isolation,2,streaming,NRU,GlobalAllocation,1831,4,364800,{'trace_kind': 'synthetic'},0.3648
isolation,3,streaming,NRU,GlobalAllocation,1831,4,377500,{'trace_kind': 'synthetic'},0.3775
isolation,4,streaming,NRU,GlobalAllocation,1831,4,390600,{'trace_kind': 'synthetic'},0.3906
isolation,5,streaming,NRU,GlobalAllocation,1831,4,406400,{'trace_kind': 'synthetic'},0.4064
isolation,6,streaming,NRU,GlobalAllocation,1831,4,416300,{'trace_kind': 'synthetic'},0.4163
isolation,7,streaming,NRU,GlobalAllocation,1831,4,441400,{'trace_kind': 'synthetic'},0.4414
isolation,0,streaming,NRU,GlobalAllocation,1831,5,339900,{'trace_kind': 'synthetic'},0.3399
isolation,1,streaming,NRU,GlobalAllocation,1831,5,339900,{'trace_kind': 'synthetic'},0.3399
isolation,2,streaming,NRU,GlobalAllocation,1831,5,349200,{'trace_kind': 'synthetic'},0.3492
isolation,3,streaming,NRU,GlobalAllocation,1831,5,358700,{'trace_kind': 'synthetic'},0.3587
isolation,4,streaming,NRU,GlobalAllocation,1831,5,367500,{'trace_kind': 'synthetic'},0.3675
isolation,5,streaming,NRU,GlobalAllocation,1831,5,381400,{'trace_kind': 'synthetic'},0.3814
isolation,6,streaming,NRU,GlobalAllocation,1831,5,409200,{'trace_kind': 'synthetic'},0.4092
isolation,7,streaming,NRU,GlobalAllocation,1831,5,421300,{'trace_kind': 'synthetic'},0.4213
isolation,0,streaming,NRU,GlobalAllocation,1831,6,350700,{'trace_kind': 'synthetic'},0.3507
isolation,1,streaming,NRU,GlobalAllocation,1831,6,371100,{'trace_kind': 'synthetic'},0.3711
isolation,2,streaming,NRU,GlobalAllocation,1831,6,367500,{'trace_kind': 'synthetic'},0.3675
isolation,3,streaming,NRU,GlobalAllocation,1831,6,390700,{'trace_kind': 'synthetic'},0.3907
isolation,4,streaming,NRU,GlobalAllocation,1831,6,391300,{'trace_kind': 'synthetic'},0.3913
isolation,5,streaming,NRU,GlobalAllocation,1831,6,397100,{'trace_kind': 'synthetic'},0.3971
isolation,6,streaming,NRU,GlobalAllocation,1831,6,403700,{'trace_kind': 'synthetic'},0.4037
isolation,7,streaming,NRU,GlobalAllocation,1831,6,434900,{'trace_kind': 'synthetic'},0.4349
isolation,0,streaming,NRU,GlobalAllocation,1831,7,348000,{'trace_kind': 'synthetic'},0.348
isolation,1,streaming,NRU,GlobalAllocation,1831,7,374900,{'trace_kind': 'synthetic'},0.3749
isolation,2,streaming,NRU,GlobalAllocation,1831,7,375900,{'trace_kind': 'synthetic'},0.3759
isolation,3,streaming,NRU,GlobalAllocation,1831,7,377800,{'trace_kind': 'synthetic'},0.3778
isolation,4,streaming,NRU,GlobalAllocation,1831,7,384700,{'trace_kind': 'synthetic'},0.3847
isolation,5,streaming,NRU,GlobalAllocation,1831,7,391500,{'trace_kind': 'synthetic'},0.3915
isolation,6,streaming,NRU,GlobalAllocation,1831,7,471600,{'trace_kind': 'synthetic'},0.4716
isolation,7,streaming,NRU,GlobalAllocation,1831,7,429200,{'trace_kind': 'synthetic'},0.4292
isolation,0,streaming,NRU,GlobalAllocation,1831,8,365600,{'trace_kind': 'synthetic'},0.3656
isolation,1,streaming,NRU,GlobalAllocation,1831,8,368700,{'trace_kind': 'synthetic'},0.3687
isolation,2,streaming,NRU,GlobalAllocation,1831,8,364900,{'trace_kind': 'synthetic'},0.3649
isolation,3,streaming,NRU,GlobalAllocation,1831,8,376300,{'trace_kind': 'synthetic'},0.3763
isolation,4,streaming,NRU,GlobalAllocation,1831,8,396500,{'trace_kind': 'synthetic'},0.3965
isolation,5,streaming,NRU,GlobalAllocation,1831,8,398900,{'trace_kind': 'synthetic'},0.3989
isolation,6,streaming,NRU,GlobalAllocation,1831,8,413200,{'trace_kind': 'synthetic'},0.4132
isolation,7,streaming,NRU,GlobalAllocation,1831,8,422400,{'trace_kind': 'synthetic'},0.4224
isolation,0,streaming,NRU,GlobalAllocation,1831,9,345000,{'trace_kind': 'synthetic'},0.345
isolation,1,streaming,NRU,GlobalAllocation,1831,9,355500,{'trace_kind': 'synthetic'},0.3555
isolation,2,streaming,NRU,GlobalAllocation,1831,9,384300,{'trace_kind': 'synthetic'},0.3843
isolation,3,streaming,NRU,GlobalAllocation,1831,9,391900,{'trace_kind': 'synthetic'},0.3919
isolation,4,streaming,NRU,GlobalAllocation,1831,9,399400,{'trace_kind': 'synthetic'},0.3994
isolation,5,streaming,NRU,GlobalAllocation,1831,9,400100,{'trace_kind': 'synthetic'},0.4001
isolation,6,streaming,NRU,GlobalAllocation,1831,9,412000,{'trace_kind': 'synthetic'},0.412
isolation,7,streaming,NRU,GlobalAllocation,1831,9,420900,{'trace_kind': 'synthetic'},0.4209
isolation,0,streaming,NRU,LocalAllocation,1831,0,357800,{'trace_kind': 'synthetic'},0.3578
isolation,1,streaming,NRU,LocalAllocation,1831,0,364100,{'trace_kind': 'synthetic'},0.3641
isolation,2,streaming,NRU,LocalAllocation,1831,0,367200,{'trace_kind': 'synthetic'},0.3672
isolation,3,streaming,NRU,LocalAllocation,1831,0,393000,{'trace_kind': 'synthetic'},0.393
isolation,4,streaming,NRU,LocalAllocation,1831,0,398500,{'trace_kind': 'synthetic'},0.3985
isolation,5,streaming,NRU,LocalAllocation,1831,0,412900,{'trace_kind': 'synthetic'},0.4129
isolation,6,streaming,NRU,LocalAllocation,1831,0,409000,{'trace_kind': 'synthetic'},0.409
isolation,7,streaming,NRU,LocalAllocation,1831,0,424800,{'trace_kind': 'synthetic'},0.4248
isolation,0,streaming,NRU,LocalAllocation,1831,1,363800,{'trace_kind': 'synthetic'},0.3638
isolation,1,streaming,NRU,LocalAllocation,1831,1,357400,{'trace_kind': 'synthetic'},0.3574
isolation,2,streaming,NRU,LocalAllocation,1831,1,362000,{'trace_kind': 'synthetic'},0.362
isolation,3,streaming,NRU,LocalAllocation,1831,1,390100,{'trace_kind': 'synthetic'},0.3901
isolation,4,streaming,NRU,LocalAllocation,1831,1,387500,{'trace_kind': 'synthetic'},0.3875
isolation,5,streaming,NRU,LocalAllocation,1831,1,470100,{'trace_kind': 'synthetic'},0.4701
isolation,6,streaming,NRU,LocalAllocation,1831,1,412600,{'trace_kind': 'synthetic'},0.4126
isolation,7,streaming,NRU,LocalAllocation,1831,1,455900,{'trace_kind': 'synthetic'},0.4559
isolation,0,streaming,NRU,LocalAllocation,1831,2,363900,{'trace_kind': 'synthetic'},0.3639
isolation,1,streaming,NRU,LocalAllocation,1831,2,359700,{'trace_kind': 'synthetic'},0.3597
isolation,2,streaming,NRU,LocalAllocation,1831,2,381600,{'trace_kind': 'synthetic'},0.3816
isolation,3,streaming,NRU,LocalAllocation,1831,2,377200,{'trace_kind': 'synthetic'},0.3772
isolation,4,streaming,NRU,LocalAllocation,1831,2,387900,{'trace_kind': 'synthetic'},0.3879
isolation,5,streaming,NRU,LocalAllocation,1831,2,402400,{'trace_kind': 'synthetic'},0.4024
isolation,6,streaming,NRU,LocalAllocation,1831,2,448300,{'trace_kind': 'synthetic'},0.4483
isolation,7,streaming,NRU,LocalAllocation,1831,2,420000,{'trace_kind': 'synthetic'},0.42
isolation,0,streaming,NRU,LocalAllocation,1831,3,371700,{'trace_kind': 'synthetic'},0.3717
isolation,1,streaming,NRU,LocalAllocation,1831,3,361100,{'trace_kind': 'synthetic'},0.3611
isolation,2,streaming,NRU,LocalAllocation,1831,3,370200,{'trace_kind': 'synthetic'},0.3702
isolation,3,streaming,NRU,LocalAllocation,1831,3,374500,{'trace_kind': 'synthetic'},0.3745
isolation,4,streaming,NRU,LocalAllocation,1831,3,385300,{'trace_kind': 'synthetic'},0.3853
isolation,5,streaming,NRU,LocalAllocation,1831,3,398300,{'trace_kind': 'synthetic'},0.3983
isolation,6,streaming,NRU,LocalAllocation,1831,3,413700,{'trace_kind': 'synthetic'},0.4137
isolation,7,streaming,NRU,LocalAllocation,1831,3,435900,{'trace_kind': 'synthetic'},0.4359
isolation,0,streaming,NRU,LocalAllocation,1831,4,362200,{'trace_kind': 'synthetic'},0.3622
isolation,1,streaming,NRU,LocalAllocation,1831,4,372900,{'trace_kind': 'synthetic'},0.3729
isolation,2,streaming,NRU,LocalAllocation,1831,4,365500,{'trace_kind': 'synthetic'},0.3655
isolation,3,streaming,NRU,LocalAllocation,1831,4,372400,{'trace_kind': 'synthetic'},0.3724
isolation,4,streaming,NRU,LocalAllocation,1831,4,387200,{'trace_kind': 'synthetic'},0.3872
isolation,5,streaming,NRU,LocalAllocation,1831,4,400900,{'trace_kind': 'synthetic'},0.4009
isolation,6,streaming,NRU,LocalAllocation,1831,4,428400,{'trace_kind': 'synthetic'},0.4284
isolation,7,streaming,NRU,LocalAllocation,1831,4,421800,{'trace_kind': 'synthetic'},0.4218
isolation,0,streaming,NRU,LocalAllocation,1831,5,362600,{'trace_kind': 'synthetic'},0.3626
isolation,1,streaming,NRU,LocalAllocation,1831,5,358400,{'trace_kind': 'synthetic'},0.3584
isolation,2,streaming,NRU,LocalAllocation,1831,5,384700,{'trace_kind': 'synthetic'},0.3847
isolation,3,streaming,NRU,LocalAllocation,1831,5,379000,{'trace_kind': 'synthetic'},0.379
isolation,4,streaming,NRU,LocalAllocation,1831,5,388000,{'trace_kind': 'synthetic'},0.388
isolation,5,streaming,NRU,LocalAllocation,1831,5,395300,{'trace_kind': 'synthetic'},0.3953
isolation,6,streaming,NRU,LocalAllocation,1831,5,406700,{'trace_kind': 'synthetic'},0.4067
isolation,7,streaming,NRU,LocalAllocation,1831,5,420600,{'trace_kind': 'synthetic'},0.4206
isolation,0,streaming,NRU,LocalAllocation,1831,6,346700,{'trace_kind': 'synthetic'},0.3467
isolation,1,streaming,NRU,LocalAllocation,1831,6,354100,{'trace_kind': 'synthetic'},0.3541
isolation,2,streaming,NRU,LocalAllocation,1831,6,380300,{'trace_kind': 'synthetic'},0.3803
isolation,3,streaming,NRU,LocalAllocation,1831,6,394100,{'trace_kind': 'synthetic'},0.3941
isolation,4,streaming,NRU,LocalAllocation,1831,6,395300,{'trace_kind': 'synthetic'},0.3953
isolation,5,streaming,NRU,LocalAllocation,1831,6,393400,{'trace_kind': 'synthetic'},0.3934
isolation,6,streaming,NRU,LocalAllocation,1831,6,431800,{'trace_kind': 'synthetic'},0.4318
isolation,7,streaming,NRU,LocalAllocation,1831,6,424700,{'trace_kind': 'synthetic'},0.4247
isolation,0,streaming,NRU,LocalAllocation,1831,7,351900,{'trace_kind': 'synthetic'},0.3519
isolation,1,streaming,NRU,LocalAllocation,1831,7,355800,{'trace_kind': 'synthetic'},0.3558
isolation,2,streaming,NRU,LocalAllocation,1831,7,363500,{'trace_kind': 'synthetic'},0.3635
isolation,3,streaming,NRU,LocalAllocation,1831,7,371700,{'trace_kind': 'synthetic'},0.3717
isolation,4,streaming,NRU,LocalAllocation,1831,7,398200,{'trace_kind': 'synthetic'},0.3982
isolation,5,streaming,NRU,LocalAllocation,1831,7,418000,{'trace_kind': 'synthetic'},0.418
isolation,6,streaming,NRU,LocalAllocation,1831,7,457300,{'trace_kind': 'synthetic'},0.4573
isolation,7,streaming,NRU,LocalAllocation,1831,7,438900,{'trace_kind': 'synthetic'},0.4389
isolation,0,streaming,NRU,LocalAllocation,1831,8,352700,{'trace_kind': 'synthetic'},0.3527
isolation,1,streaming,NRU,LocalAllocation,1831,8,359600,{'trace_kind': 'synthetic'},0.3596
isolation,2,streaming,NRU,LocalAllocation,1831,8,373400,{'trace_kind': 'synthetic'},0.3734
isolation,3,streaming,NRU,LocalAllocation,1831,8,374400,{'trace_kind': 'synthetic'},0.3744
isolation,4,streaming,NRU,LocalAllocation,1831,8,383100,{'trace_kind': 'synthetic'},0.3831
isolation,5,streaming,NRU,LocalAllocation,1831,8,417500,{'trace_kind': 'synthetic'},0.4175
isolation,6,streaming,NRU,LocalAllocation,1831,8,411100,{'trace_kind': 'synthetic'},0.4111
isolation,7,streaming,NRU,LocalAllocation,1831,8,425800,{'trace_kind': 'synthetic'},0.4258
isolation,0,streaming,NRU,LocalAllocation,1831,9,345200,{'trace_kind': 'synthetic'},0.3452
isolation,1,streaming,NRU,LocalAllocation,1831,9,360200,{'trace_kind': 'synthetic'},0.3602
isolation,2,streaming,NRU,LocalAllocation,1831,9,366100,{'trace_kind': 'synthetic'},0.3661
isolation,3,streaming,NRU,LocalAllocation,1831,9,374900,{'trace_kind': 'synthetic'},0.3749
isolation,4,streaming,NRU,LocalAllocation,1831,9,385700,{'trace_kind': 'synthetic'},0.3857
isolation,5,streaming,NRU,LocalAllocation,1831,9,413400,{'trace_kind': 'synthetic'},0.4134
isolation,6,streaming,NRU,LocalAllocation,1831,9,413100,{'trace_kind': 'synthetic'},0.4131
isolation,7,streaming,NRU,LocalAllocation,1831,9,415100,{'trace_kind': 'synthetic'},0.4151
isolation,0,streaming,NRU,ProportionalAllocation,1831,0,377400,{'trace_kind': 'synthetic'},0.3774
isolation,1,streaming,NRU,ProportionalAllocation,1831,0,355500,{'trace_kind': 'synthetic'},0.3555
isolation,2,streaming,NRU,ProportionalAllocation,1831,0,381300,{'trace_kind': 'synthetic'},0.3813
isolation,3,streaming,NRU,ProportionalAllocation,1831,0,392200,{'trace_kind': 'synthetic'},0.3922
isolation,4,streaming,NRU,ProportionalAllocation,1831,0,380900,{'trace_kind': 'synthetic'},0.3809
isolation,5,streaming,NRU,ProportionalAllocation,1831,0,399600,{'trace_kind': 'synthetic'},0.3996
isolation,6,streaming,NRU,ProportionalAllocation,1831,0,423800,{'trace_kind': 'synthetic'},0.4238
isolation,7,streaming,NRU,ProportionalAllocation,1831,0,441500,{'trace_kind': 'synthetic'},0.4415
isolation,0,streaming,NRU,ProportionalAllocation,1831,1,381500,{'trace_kind': 'synthetic'},0.3815
isolation,1,streaming,NRU,ProportionalAllocation,1831,1,360200,{'trace_kind': 'synthetic'},0.3602
isolation,2,streaming,NRU,ProportionalAllocation,1831,1,379900,{'trace_kind': 'synthetic'},0.3799
isolation,3,streaming,NRU,ProportionalAllocation,1831,1,375400,{'trace_kind': 'synthetic'},0.3754
isolation,4,streaming,NRU,ProportionalAllocation,1831,1,402800,{'trace_kind': 'synthetic'},0.4028
isolation,5,streaming,NRU,ProportionalAllocation,1831,1,405800,{'trace_kind': 'synthetic'},0.4058
isolation,6,streaming,NRU,ProportionalAllocation,1831,1,409200,{'trace_kind': 'synthetic'},0.4092
isolation,7,streaming,NRU,ProportionalAllocation,1831,1,432200,{'trace_kind': 'synthetic'},0.4322
isolation,0,streaming,NRU,ProportionalAllocation,1831,2,368200,{'trace_kind': 'synthetic'},0.3682
isolation,1,streaming,NRU,ProportionalAllocation,1831,2,372500,{'trace_kind': 'synthetic'},0.3725
isolation,2,streaming,NRU,ProportionalAllocation,1831,2,379800,{'trace_kind': 'synthetic'},0.3798
isolation,3,streaming,NRU,ProportionalAllocation,1831,2,383800,{'trace_kind': 'synthetic'},0.3838
isolation,4,streaming,NRU,ProportionalAllocation,1831,2,384800,{'trace_kind': 'synthetic'},0.3848
isolation,5,streaming,NRU,ProportionalAllocation,1831,2,421500,{'trace_kind': 'synthetic'},0.4215
isolation,6,streaming,NRU,ProportionalAllocation,1831,2,431100,{'trace_kind': 'synthetic'},0.4311
isolation,7,streaming,NRU,ProportionalAllocation,1831,2,426000,{'trace_kind': 'synthetic'},0.426
isolation,0,streaming,NRU,ProportionalAllocation,1831,3,350300,{'trace_kind': 'synthetic'},0.3503
isolation,1,streaming,NRU,ProportionalAllocation,1831,3,389200,{'trace_kind': 'synthetic'},0.3892
isolation,2,streaming,NRU,ProportionalAllocation,1831,3,369000,{'trace_kind': 'synthetic'},0.369
isolation,3,streaming,NRU,ProportionalAllocation,1831,3,397100,{'trace_kind': 'synthetic'},0.3971
isolation,4,streaming,NRU,ProportionalAllocation,1831,3,386100,{'trace_kind': 'synthetic'},0.3861
isolation,5,streaming,NRU,ProportionalAllocation,1831,3,393700,{'trace_kind': 'synthetic'},0.3937
isolation,6,streaming,NRU,ProportionalAllocation,1831,3,407700,{'trace_kind': 'synthetic'},0.4077
isolation,7,streaming,NRU,ProportionalAllocation,1831,3,424700,{'trace_kind': 'synthetic'},0.4247
isolation,0,streaming,NRU,ProportionalAllocation,1831,4,347300,{'trace_kind': 'synthetic'},0.3473
isolation,1,streaming,NRU,ProportionalAllocation,1831,4,357200,{'trace_kind': 'synthetic'},0.3572
isolation,2,streaming,NRU,ProportionalAllocation,1831,4,366600,{'trace_kind': 'synthetic'},0.3666
isolation,3,streaming,NRU,ProportionalAllocation,1831,4,373200,{'trace_kind': 'synthetic'},0.3732
isolation,4,streaming,NRU,ProportionalAllocation,1831,4,386000,{'trace_kind': 'synthetic'},0.386
isolation,5,streaming,NRU,ProportionalAllocation,1831,4,397400,{'trace_kind': 'synthetic'},0.3974
isolation,6,streaming,NRU,ProportionalAllocation,1831,4,414100,{'trace_kind': 'synthetic'},0.4141
isolation,7,streaming,NRU,ProportionalAllocation,1831,4,426400,{'trace_kind': 'synthetic'},0.4264
isolation,0,streaming,NRU,ProportionalAllocation,1831,5,359100,{'trace_kind': 'synthetic'},0.3591
isolation,1,streaming,NRU,ProportionalAllocation,1831,5,357600,{'trace_kind': 'synthetic'},0.3576
isolation,2,streaming,NRU,ProportionalAllocation,1831,5,381600,{'trace_kind': 'synthetic'},0.3816
isolation,3,streaming,NRU,ProportionalAllocation,1831,5,377200,{'trace_kind': 'synthetic'},0.3772
isolation,4,streaming,NRU,ProportionalAllocation,1831,5,400100,{'trace_kind': 'synthetic'},0.4001
isolation,5,streaming,NRU,ProportionalAllocation,1831,5,516600,{'trace_kind': 'synthetic'},0.5166
isolation,6,streaming,NRU,ProportionalAllocation,1831,5,794500,{'trace_kind': 'synthetic'},0.7945
isolation,7,streaming,NRU,ProportionalAllocation,1831,5,808200,{'trace_kind': 'synthetic'},0.8082
isolation,0,streaming,NRU,ProportionalAllocation,1831,6,353300,{'trace_kind': 'synthetic'},0.3533
isolation,1,streaming,NRU,ProportionalAllocation,1831,6,357800,{'trace_kind': 'synthetic'},0.3578
isolation,2,streaming,NRU,ProportionalAllocation,1831,6,388600,{'trace_kind': 'synthetic'},0.3886
isolation,3,streaming,NRU,ProportionalAllocation,1831,6,387000,{'trace_kind': 'synthetic'},0.387
isolation,4,streaming,NRU,ProportionalAllocation,1831,6,386400,{'trace_kind': 'synthetic'},0.3864
isolation,5,streaming,NRU,ProportionalAllocation,1831,6,412200,{'trace_kind': 'synthetic'},0.4122
isolation,6,streaming,NRU,ProportionalAllocation,1831,6,414200,{'trace_kind': 'synthetic'},0.4142
isolation,7,streaming,NRU,ProportionalAllocation,1831,6,425900,{'trace_kind': 'synthetic'},0.4259
isolation,0,streaming,NRU,ProportionalAllocation,1831,7,354900,{'trace_kind': 'synthetic'},0.3549
isolation,1,streaming,NRU,ProportionalAllocation,1831,7,356300,{'trace_kind': 'synthetic'},0.3563
isolation,2,streaming,NRU,ProportionalAllocation,1831,7,367500,{'trace_kind': 'synthetic'},0.3675
isolation,3,streaming,NRU,ProportionalAllocation,1831,7,370900,{'trace_kind': 'synthetic'},0.3709
isolation,4,streaming,NRU,ProportionalAllocation,1831,7,385500,{'trace_kind': 'synthetic'},0.3855
isolation,5,streaming,NRU,ProportionalAllocation,1831,7,396100,{'trace_kind': 'synthetic'},0.3961
isolation,6,streaming,NRU,ProportionalAllocation,1831,7,411900,{'trace_kind': 'synthetic'},0.4119
isolation,7,streaming,NRU,ProportionalAllocation,1831,7,423200,{'trace_kind': 'synthetic'},0.4232
isolation,0,streaming,NRU,ProportionalAllocation,1831,8,374400,{'trace_kind': 'synthetic'},0.3744
isolation,1,streaming,NRU,ProportionalAllocation,1831,8,355700,{'trace_kind': 'synthetic'},0.3557
isolation,2,streaming,NRU,ProportionalAllocation,1831,8,368100,{'trace_kind': 'synthetic'},0.3681
isolation,3,streaming,NRU,ProportionalAllocation,1831,8,376400,{'trace_kind': 'synthetic'},0.3764
isolation,4,streaming,NRU,ProportionalAllocation,1831,8,381500,{'trace_kind': 'synthetic'},0.3815
isolation,5,streaming,NRU,ProportionalAllocation,1831,8,405500,{'trace_kind': 'synthetic'},0.4055
isolation,6,streaming,NRU,ProportionalAllocation,1831,8,6390700,{'trace_kind': 'synthetic'},6.3907
isolation,7,streaming,NRU,ProportionalAllocation,1831,8,820500,{'trace_kind': 'synthetic'},0.8205
isolation,0,streaming,NRU,ProportionalAllocation,1831,9,357000,{'trace_kind': 'synthetic'},0.357
isolation,1,streaming,NRU,ProportionalAllocation,1831,9,372000,{'trace_kind': 'synthetic'},0.372
isolation,2,streaming,NRU,ProportionalAllocation,1831,9,389400,{'trace_kind': 'synthetic'},0.3894
isolation,3,streaming,NRU,ProportionalAllocation,1831,9,375100,{'trace_kind': 'synthetic'},0.3751
isolation,4,streaming,NRU,ProportionalAllocation,1831,9,388400,{'trace_kind': 'synthetic'},0.3884
isolation,5,streaming,NRU,ProportionalAllocation,1831,9,400600,{'trace_kind': 'synthetic'},0.4006
isolation,6,streaming,NRU,ProportionalAllocation,1831,9,414400,{'trace_kind': 'synthetic'},0.4144
isolation,7,streaming,NRU,ProportionalAllocation,1831,9,424400,{'trace_kind': 'synthetic'},0.4244
isolation,0,streaming,SecondChance,GlobalAllocation,1831,0,343900,{'trace_kind': 'synthetic'},0.3439
isolation,1,streaming,SecondChance,GlobalAllocation,1831,0,385100,{'trace_kind': 'synthetic'},0.3851
isolation,2,streaming,SecondChance,GlobalAllocation,1831,0,390700,{'trace_kind': 'synthetic'},0.3907
isolation,3,streaming,SecondChance,GlobalAllocation,1831,0,422500,{'trace_kind': 'synthetic'},0.4225
isolation,4,streaming,SecondChance,GlobalAllocation,1831,0,449700,{'trace_kind': 'synthetic'},0.4497
isolation,5,streaming,SecondChance,GlobalAllocation,1831,0,502300,{'trace_kind': 'synthetic'},0.5023
isolation,6,streaming,SecondChance,GlobalAllocation,1831,0,547400,{'trace_kind': 'synthetic'},0.5474
isolation,7,streaming,SecondChance,GlobalAllocation,1831,0,601700,{'trace_kind': 'synthetic'},0.6017
isolation,0,streaming,SecondChance,GlobalAllocation,1831,1,345600,{'trace_kind': 'synthetic'},0.3456
isolation,1,streaming,SecondChance,GlobalAllocation,1831,1,369800,{'trace_kind': 'synthetic'},0.3698
isolation,2,streaming,SecondChance,GlobalAllocation,1831,1,395900,{'trace_kind': 'synthetic'},0.3959
isolation,3,streaming,SecondChance,GlobalAllocation,1831,1,421400,{'trace_kind': 'synthetic'},0.4214
isolation,4,streaming,SecondChance,GlobalAllocation,1831,1,452500,{'trace_kind': 'synthetic'},0.4525
isolation,5,streaming,SecondChance,GlobalAllocation,1831,1,494900,{'trace_kind': 'synthetic'},0.4949
isolation,6,streaming,SecondChance,GlobalAllocation,1831,1,532100,{'trace_kind': 'synthetic'},0.5321
isolation,7,streaming,SecondChance,GlobalAllocation,1831,1,586600,{'trace_kind': 'synthetic'},0.5866
isolation,0,streaming,SecondChance,GlobalAllocation,1831,2,3174500,{'trace_kind': 'synthetic'},3.1745
isolation,1,streaming,SecondChance,GlobalAllocation,1831,2,374100,{'trace_kind': 'synthetic'},0.3741
isolation,2,streaming,SecondChance,GlobalAllocation,1831,2,398100,{'trace_kind': 'synthetic'},0.3981
isolation,3,streaming,SecondChance,GlobalAllocation,1831,2,426600,{'trace_kind': 'synthetic'},0.4266
isolation,4,streaming,SecondChance,GlobalAllocation,1831,2,466300,{'trace_kind': 'synthetic'},0.4663
isolation,5,streaming,SecondChance,GlobalAllocation,1831,2,586800,{'trace_kind': 'synthetic'},0.5868
isolation,6,streaming,SecondChance,GlobalAllocation,1831,2,658900,{'trace_kind': 'synthetic'},0.6589
isolation,7,streaming,SecondChance,GlobalAllocation,1831,2,643000,{'trace_kind': 'synthetic'},0.643
isolation,0,streaming,SecondChance,GlobalAllocation,1831,3,333000,{'trace_kind': 'synthetic'},0.333
isolation,1,streaming,SecondChance,GlobalAllocation,1831,3,350000,{'trace_kind': 'synthetic'},0.35
isolation,2,streaming,SecondChance,GlobalAllocation,1831,3,374500,{'trace_kind': 'synthetic'},0.3745
isolation,3,streaming,SecondChance,GlobalAllocation,1831,3,400700,{'trace_kind': 'synthetic'},0.4007
isolation,4,streaming,SecondChance,GlobalAllocation,1831,3,430800,{'trace_kind': 'synthetic'},0.4308
isolation,5,streaming,SecondChance,GlobalAllocation,1831,3,462000,{'trace_kind': 'synthetic'},0.462
isolation,6,streaming,SecondChance,GlobalAllocation,1831,3,507300,{'trace_kind': 'synthetic'},0.5073
isolation,7,streaming,SecondChance,GlobalAllocation,1831,3,556400,{'trace_kind': 'synthetic'},0.5564
isolation,0,streaming,SecondChance,GlobalAllocation,1831,4,723200,{'trace_kind': 'synthetic'},0.7232
isolation,1,streaming,SecondChance,GlobalAllocation,1831,4,771000,{'trace_kind': 'synthetic'},0.771
isolation,2,streaming,SecondChance,GlobalAllocation,1831,4,765000,{'trace_kind': 'synthetic'},0.765
isolation,3,streaming,SecondChance,GlobalAllocation,1831,4,433800,{'trace_kind': 'synthetic'},0.4338
isolation,4,streaming,SecondChance,GlobalAllocation,1831,4,464200,{'trace_kind': 'synthetic'},0.4642
isolation,5,streaming,SecondChance,GlobalAllocation,1831,4,491200,{'trace_kind': 'synthetic'},0.4912
isolation,6,streaming,SecondChance,GlobalAllocation,1831,4,533900,{'trace_kind': 'synthetic'},0.5339
isolation,7,streaming,SecondChance,GlobalAllocation,1831,4,618400,{'trace_kind': 'synthetic'},0.6184
isolation,0,streaming,SecondChance,GlobalAllocation,1831,5,341000,{'trace_kind': 'synthetic'},0.341
isolation,1,streaming,SecondChance,GlobalAllocation,1831,5,383400,{'trace_kind': 'synthetic'},0.3834
isolation,2,streaming,SecondChance,GlobalAllocation,1831,5,387700,{'trace_kind': 'synthetic'},0.3877
isolation,3,streaming,SecondChance,GlobalAllocation,1831,5,425100,{'trace_kind': 'synthetic'},0.4251
isolation,4,streaming,SecondChance,GlobalAllocation,1831,5,448900,{'trace_kind': 'synthetic'},0.4489
isolation,5,streaming,SecondChance,GlobalAllocation,1831,5,483500,{'trace_kind': 'synthetic'},0.4835
isolation,6,streaming,SecondChance,GlobalAllocation,1831,5,528500,{'trace_kind': 'synthetic'},0.5285
isolation,7,streaming,SecondChance,GlobalAllocation,1831,5,591400,{'trace_kind': 'synthetic'},0.5914
isolation,0,streaming,SecondChance,GlobalAllocation,1831,6,343900,{'trace_kind': 'synthetic'},0.3439
isolation,1,streaming,SecondChance,GlobalAllocation,1831,6,365900,{'trace_kind': 'synthetic'},0.3659
isolation,2,streaming,SecondChance,GlobalAllocation,1831,6,396300,{'trace_kind': 'synthetic'},0.3963
isolation,3,streaming,SecondChance,GlobalAllocation,1831,6,424700,{'trace_kind': 'synthetic'},0.4247
isolation,4,streaming,SecondChance,GlobalAllocation,1831,6,453700,{'trace_kind': 'synthetic'},0.4537
isolation,5,streaming,SecondChance,GlobalAllocation,1831,6,497400,{'trace_kind': 'synthetic'},0.4974
isolation,6,streaming,SecondChance,GlobalAllocation,1831,6,522300,{'trace_kind': 'synthetic'},0.5223
isolation,7,streaming,SecondChance,GlobalAllocation,1831,6,595100,{'trace_kind': 'synthetic'},0.5951
isolation,0,streaming,SecondChance,GlobalAllocation,1831,7,349300,{'trace_kind': 'synthetic'},0.3493
isolation,1,streaming,SecondChance,GlobalAllocation,1831,7,371100,{'trace_kind': 'synthetic'},0.3711
isolation,2,streaming,SecondChance,GlobalAllocation,1831,7,413900,{'trace_kind': 'synthetic'},0.4139
isolation,3,streaming,SecondChance,GlobalAllocation,1831,7,424700,{'trace_kind': 'synthetic'},0.4247
isolation,4,streaming,SecondChance,GlobalAllocation,1831,7,450800,{'trace_kind': 'synthetic'},0.4508
isolation,5,streaming,SecondChance,GlobalAllocation,1831,7,497500,{'trace_kind': 'synthetic'},0.4975
isolation,6,streaming,SecondChance,GlobalAllocation,1831,7,545300,{'trace_kind': 'synthetic'},0.5453
isolation,7,streaming,SecondChance,GlobalAllocation,1831,7,591500,{'trace_kind': 'synthetic'},0.5915
isolation,0,streaming,SecondChance,GlobalAllocation,1831,8,350300,{'trace_kind': 'synthetic'},0.3503
isolation,1,streaming,SecondChance,GlobalAllocation,1831,8,367100,{'trace_kind': 'synthetic'},0.3671
isolation,2,streaming,SecondChance,GlobalAllocation,1831,8,391900,{'trace_kind': 'synthetic'},0.3919
isolation,3,streaming,SecondChance,GlobalAllocation,1831,8,428300,{'trace_kind': 'synthetic'},0.4283
isolation,4,streaming,SecondChance,GlobalAllocation,1831,8,456700,{'trace_kind': 'synthetic'},0.4567
isolation,5,streaming,SecondChance,GlobalAllocation,1831,8,492100,{'trace_kind': 'synthetic'},0.4921
isolation,6,streaming,SecondChance,GlobalAllocation,1831,8,558000,{'trace_kind': 'synthetic'},0.558
isolation,7,streaming,SecondChance,GlobalAllocation,1831,8,596200,{'trace_kind': 'synthetic'},0.5962
isolation,0,streaming,SecondChance,GlobalAllocation,1831,9,347900,{'trace_kind': 'synthetic'},0.3479
isolation,1,streaming,SecondChance,GlobalAllocation,1831,9,363500,{'trace_kind': 'synthetic'},0.3635
isolation,2,streaming,SecondChance,GlobalAllocation,1831,9,384600,{'trace_kind': 'synthetic'},0.3846
isolation,3,streaming,SecondChance,GlobalAllocation,1831,9,411500,{'trace_kind': 'synthetic'},0.4115
isolation,4,streaming,SecondChance,GlobalAllocation,1831,9,428300,{'trace_kind': 'synthetic'},0.4283
isolation,5,streaming,SecondChance,GlobalAllocation,1831,9,485500,{'trace_kind': 'synthetic'},0.4855
isolation,6,streaming,SecondChance,GlobalAllocation,1831,9,1413500,{'trace_kind': 'synthetic'},1.4135
isolation,7,streaming,SecondChance,GlobalAllocation,1831,9,607500,{'trace_kind': 'synthetic'},0.6075
isolation,0,streaming,SecondChance,LocalAllocation,1831,0,666800,{'trace_kind': 'synthetic'},0.6668
isolation,1,streaming,SecondChance,LocalAllocation,1831,0,774100,{'trace_kind': 'synthetic'},0.7741
isolation,2,streaming,SecondChance,LocalAllocation,1831,0,827000,{'trace_kind': 'synthetic'},0.827
isolation,3,streaming,SecondChance,LocalAllocation,1831,0,897300,{'trace_kind': 'synthetic'},0.8973
isolation,4,streaming,SecondChance,LocalAllocation,1831,0,928800,{'trace_kind': 'synthetic'},0.9288
isolation,5,streaming,SecondChance,LocalAllocation,1831,0,997400,{'trace_kind': 'synthetic'},0.9974
isolation,6,streaming,SecondChance,LocalAllocation,1831,0,973700,{'trace_kind': 'synthetic'},0.9737
isolation,7,streaming,SecondChance,LocalAllocation,1831,0,610000,{'trace_kind': 'synthetic'},0.61
isolation,0,streaming,SecondChance,LocalAllocation,1831,1,351200,{'trace_kind': 'synthetic'},0.3512
isolation,1,streaming,SecondChance,LocalAllocation,1831,1,389100,{'trace_kind': 'synthetic'},0.3891
isolation,2,streaming,SecondChance,LocalAllocation,1831,1,393100,{'trace_kind': 'synthetic'},0.3931
isolation,3,streaming,SecondChance,LocalAllocation,1831,1,417100,{'trace_kind': 'synthetic'},0.4171
isolation,4,streaming,SecondChance,LocalAllocation,1831,1,451900,{'trace_kind': 'synthetic'},0.4519
isolation,5,streaming,SecondChance,LocalAllocation,1831,1,507200,{'trace_kind': 'synthetic'},0.5072
isolation,6,streaming,SecondChance,LocalAllocation,1831,1,534400,{'trace_kind': 'synthetic'},0.5344
isolation,7,streaming,SecondChance,LocalAllocation,1831,1,588000,{'trace_kind': 'synthetic'},0.588
isolation,0,streaming,SecondChance,LocalAllocation,1831,2,340500,{'trace_kind': 'synthetic'},0.3405
isolation,1,streaming,SecondChance,LocalAllocation,1831,2,371300,{'trace_kind': 'synthetic'},0.3713
isolation,2,streaming,SecondChance,LocalAllocation,1831,2,394600,{'trace_kind': 'synthetic'},0.3946
isolation,3,streaming,SecondChance,LocalAllocation,1831,2,450000,{'trace_kind': 'synthetic'},0.45
isolation,4,streaming,SecondChance,LocalAllocation,1831,2,454200,{'trace_kind': 'synthetic'},0.4542
isolation,5,streaming,SecondChance,LocalAllocation,1831,2,487900,{'trace_kind': 'synthetic'},0.4879
isolation,6,streaming,SecondChance,LocalAllocation,1831,2,536100,{'trace_kind': 'synthetic'},0.5361
isolation,7,streaming,SecondChance,LocalAllocation,1831,2,585600,{'trace_kind': 'synthetic'},0.5856
isolation,0,streaming,SecondChance,LocalAllocation,1831,3,348100,{'trace_kind': 'synthetic'},0.3481
isolation,1,streaming,SecondChance,LocalAllocation,1831,3,365600,{'trace_kind': 'synthetic'},0.3656
isolation,2,streaming,SecondChance,LocalAllocation,1831,3,393300,{'trace_kind': 'synthetic'},0.3933
isolation,3,streaming,SecondChance,LocalAllocation,1831,3,421900,{'trace_kind': 'synthetic'},0.4219
isolation,4,streaming,SecondChance,LocalAllocation,1831,3,458000,{'trace_kind': 'synthetic'},0.458
isolation,5,streaming,SecondChance,LocalAllocation,1831,3,486800,{'trace_kind': 'synthetic'},0.4868
isolation,6,streaming,SecondChance,LocalAllocation,1831,3,520800,{'trace_kind': 'synthetic'},0.5208
isolation,7,streaming,SecondChance,LocalAllocation,1831,3,586100,{'trace_kind': 'synthetic'},0.5861
isolation,0,streaming,SecondChance,LocalAllocation,1831,4,345000,{'trace_kind': 'synthetic'},0.345
isolation,1,streaming,SecondChance,LocalAllocation,1831,4,373400,{'trace_kind': 'synthetic'},0.3734
isolation,2,streaming,SecondChance,LocalAllocation,1831,4,400100,{'trace_kind': 'synthetic'},0.4001
isolation,3,streaming,SecondChance,LocalAllocation,1831,4,425100,{'trace_kind': 'synthetic'},0.4251
isolation,4,streaming,SecondChance,LocalAllocation,1831,4,452700,{'trace_kind': 'synthetic'},0.4527
isolation,5,streaming,SecondChance,LocalAllocation,1831,4,490200,{'trace_kind': 'synthetic'},0.4902
isolation,6,streaming,SecondChance,LocalAllocation,1831,4,528400,{'trace_kind': 'synthetic'},0.5284
isolation,7,streaming,SecondChance,LocalAllocation,1831,4,603100,{'trace_kind': 'synthetic'},0.6031
isolation,0,streaming,SecondChance,LocalAllocation,1831,5,344400,{'trace_kind': 'synthetic'},0.3444
isolation,1,streaming,SecondChance,LocalAllocation,1831,5,365500,{'trace_kind': 'synthetic'},0.3655
isolation,2,streaming,SecondChance,LocalAllocation,1831,5,395400,{'trace_kind': 'synthetic'},0.3954
isolation,3,streaming,SecondChance,LocalAllocation,1831,5,422400,{'trace_kind': 'synthetic'},0.4224
isolation,4,streaming,SecondChance,LocalAllocation,1831,5,454600,{'trace_kind': 'synthetic'},0.4546
isolation,5,streaming,SecondChance,LocalAllocation,1831,5,529800,{'trace_kind': 'synthetic'},0.5298
isolation,6,streaming,SecondChance,LocalAllocation,1831,5,542700,{'trace_kind': 'synthetic'},0.5427
isolation,7,streaming,SecondChance,LocalAllocation,1831,5,591300,{'trace_kind': 'synthetic'},0.5913
isolation,0,streaming,SecondChance,LocalAllocation,1831,6,344600,{'trace_kind': 'synthetic'},0.3446
isolation,1,streaming,SecondChance,LocalAllocation,1831,6,366200,{'trace_kind': 'synthetic'},0.3662
isolation,2,streaming,SecondChance,LocalAllocation,1831,6,387200,{'trace_kind': 'synthetic'},0.3872
isolation,3,streaming,SecondChance,LocalAllocation,1831,6,422600,{'trace_kind': 'synthetic'},0.4226
isolation,4,streaming,SecondChance,LocalAllocation,1831,6,454700,{'trace_kind': 'synthetic'},0.4547
isolation,5,streaming,SecondChance,LocalAllocation,1831,6,491700,{'trace_kind': 'synthetic'},0.4917
isolation,6,streaming,SecondChance,LocalAllocation,1831,6,528700,{'trace_kind': 'synthetic'},0.5287
isolation,7,streaming,SecondChance,LocalAllocation,1831,6,604300,{'trace_kind': 'synthetic'},0.6043
isolation,0,streaming,SecondChance,LocalAllocation,1831,7,344600,{'trace_kind': 'synthetic'},0.3446
isolation,1,streaming,SecondChance,LocalAllocation,1831,7,371600,{'trace_kind': 'synthetic'},0.3716
isolation,2,streaming,SecondChance,LocalAllocation,1831,7,394800,{'trace_kind': 'synthetic'},0.3948
isolation,3,streaming,SecondChance,LocalAllocation,1831,7,421600,{'trace_kind': 'synthetic'},0.4216
isolation,4,streaming,SecondChance,LocalAllocation,1831,7,457000,{'trace_kind': 'synthetic'},0.457
isolation,5,streaming,SecondChance,LocalAllocation,1831,7,507900,{'trace_kind': 'synthetic'},0.5079
isolation,6,streaming,SecondChance,LocalAllocation,1831,7,553000,{'trace_kind': 'synthetic'},0.553
isolation,7,streaming,SecondChance,LocalAllocation,1831,7,628400,{'trace_kind': 'synthetic'},0.6284
isolation,0,streaming,SecondChance,LocalAllocation,1831,8,347400,{'trace_kind': 'synthetic'},0.3474
isolation,1,streaming,SecondChance,LocalAllocation,1831,8,368600,{'trace_kind': 'synthetic'},0.3686
isolation,2,streaming,SecondChance,LocalAllocation,1831,8,391800,{'trace_kind': 'synthetic'},0.3918
isolation,3,streaming,SecondChance,LocalAllocation,1831,8,425100,{'trace_kind': 'synthetic'},0.4251
isolation,4,streaming,SecondChance,LocalAllocation,1831,8,457700,{'trace_kind': 'synthetic'},0.4577
isolation,5,streaming,SecondChance,LocalAllocation,1831,8,480400,{'trace_kind': 'synthetic'},0.4804
isolation,6,streaming,SecondChance,LocalAllocation,1831,8,550800,{'trace_kind': 'synthetic'},0.5508
isolation,7,streaming,SecondChance,LocalAllocation,1831,8,597800,{'trace_kind': 'synthetic'},0.5978
isolation,0,streaming,SecondChance,LocalAllocation,1831,9,345700,{'trace_kind': 'synthetic'},0.3457
isolation,1,streaming,SecondChance,LocalAllocation,1831,9,373700,{'trace_kind': 'synthetic'},0.3737
isolation,2,streaming,SecondChance,LocalAllocation,1831,9,397600,{'trace_kind': 'synthetic'},0.3976
isolation,3,streaming,SecondChance,LocalAllocation,1831,9,425600,{'trace_kind': 'synthetic'},0.4256
isolation,4,streaming,SecondChance,LocalAllocation,1831,9,450800,{'trace_kind': 'synthetic'},0.4508
isolation,5,streaming,SecondChance,LocalAllocation,1831,9,488800,{'trace_kind': 'synthetic'},0.4888
isolation,6,streaming,SecondChance,LocalAllocation,1831,9,535600,{'trace_kind': 'synthetic'},0.5356
isolation,7,streaming,SecondChance,LocalAllocation,1831,9,582900,{'trace_kind': 'synthetic'},0.5829
isolation,0,streaming,SecondChance,ProportionalAllocation,1831,0,342900,{'trace_kind': 'synthetic'},0.3429
isolation,1,streaming,SecondChance,ProportionalAllocation,1831,0,376000,{'trace_kind': 'synthetic'},0.376
isolation,2,streaming,SecondChance,ProportionalAllocation,1831,0,393500,{'trace_kind': 'synthetic'},0.3935
isolation,3,streaming,SecondChance,ProportionalAllocation,1831,0,421200,{'trace_kind': 'synthetic'},0.4212
isolation,4,streaming,SecondChance,ProportionalAllocation,1831,0,449000,{'trace_kind': 'synthetic'},0.449
isolation,5,streaming,SecondChance,ProportionalAllocation,1831,0,494700,{'trace_kind': 'synthetic'},0.4947
isolation,6,streaming,SecondChance,ProportionalAllocation,1831,0,540100,{'trace_kind': 'synthetic'},0.5401
isolation,7,streaming,SecondChance,ProportionalAllocation,1831,0,603200,{'trace_kind': 'synthetic'},0.6032
isolation,0,streaming,SecondChance,ProportionalAllocation,1831,1,346000,{'trace_kind': 'synthetic'},0.346
isolation,1,streaming,SecondChance,ProportionalAllocation,1831,1,367700,{'trace_kind': 'synthetic'},0.3677
isolation,2,streaming,SecondChance,ProportionalAllocation,1831,1,393500,{'trace_kind': 'synthetic'},0.3935
isolation,3,streaming,SecondChance,ProportionalAllocation,1831,1,423100,{'trace_kind': 'synthetic'},0.4231
isolation,4,streaming,SecondChance,ProportionalAllocation,1831,1,455700,{'trace_kind': 'synthetic'},0.4557
isolation,5,streaming,SecondChance,ProportionalAllocation,1831,1,490600,{'trace_kind': 'synthetic'},0.4906
isolation,6,streaming,SecondChance,ProportionalAllocation,1831,1,557400,{'trace_kind': 'synthetic'},0.5574
isolation,7,streaming,SecondChance,ProportionalAllocation,1831,1,595200,{'trace_kind': 'synthetic'},0.5952
isolation,0,streaming,SecondChance,ProportionalAllocation,1831,2,343600,{'trace_kind': 'synthetic'},0.3436
isolation,1,streaming,SecondChance,ProportionalAllocation,1831,2,371700,{'trace_kind': 'synthetic'},0.3717
isolation,2,streaming,SecondChance,ProportionalAllocation,1831,2,399200,{'trace_kind': 'synthetic'},0.3992
isolation,3,streaming,SecondChance,ProportionalAllocation,1831,2,537200,{'trace_kind': 'synthetic'},0.5372
isolation,4,streaming,SecondChance,ProportionalAllocation,1831,2,456800,{'trace_kind': 'synthetic'},0.4568
isolation,5,streaming,SecondChance,ProportionalAllocation,1831,2,483600,{'trace_kind': 'synthetic'},0.4836
isolation,6,streaming,SecondChance,ProportionalAllocation,1831,2,545000,{'trace_kind': 'synthetic'},0.545
isolation,7,streaming,SecondChance,ProportionalAllocation,1831,2,583400,{'trace_kind': 'synthetic'},0.5834
isolation,0,streaming,SecondChance,ProportionalAllocation,1831,3,346500,{'trace_kind': 'synthetic'},0.3465
isolation,1,streaming,SecondChance,ProportionalAllocation,1831,3,368100,{'trace_kind': 'synthetic'},0.3681
isolation,2,streaming,SecondChance,ProportionalAllocation,1831,3,402000,{'trace_kind': 'synthetic'},0.402
isolation,3,streaming,SecondChance,ProportionalAllocation,1831,3,424200,{'trace_kind': 'synthetic'},0.4242
isolation,4,streaming,SecondChance,ProportionalAllocation,1831,3,459300,{'trace_kind': 'synthetic'},0.4593
isolation,5,streaming,SecondChance,ProportionalAllocation,1831,3,490000,{'trace_kind': 'synthetic'},0.49
isolation,6,streaming,SecondChance,ProportionalAllocation,1831,3,531600,{'trace_kind': 'synthetic'},0.5316
isolation,7,streaming,SecondChance,ProportionalAllocation,1831,3,585600,{'trace_kind': 'synthetic'},0.5856
isolation,0,streaming,SecondChance,ProportionalAllocation,1831,4,362000,{'trace_kind': 'synthetic'},0.362
isolation,1,streaming,SecondChance,ProportionalAllocation,1831,4,364900,{'trace_kind': 'synthetic'},0.3649
isolation,2,streaming,SecondChance,ProportionalAllocation,1831,4,395800,{'trace_kind': 'synthetic'},0.3958
isolation,3,streaming,SecondChance,ProportionalAllocation,1831,4,421100,{'trace_kind': 'synthetic'},0.4211
isolation,4,streaming,SecondChance,ProportionalAllocation,1831,4,456700,{'trace_kind': 'synthetic'},0.4567
isolation,5,streaming,SecondChance,ProportionalAllocation,1831,4,602300,{'trace_kind': 'synthetic'},0.6023
isolation,6,streaming,SecondChance,ProportionalAllocation,1831,4,1050400,{'trace_kind': 'synthetic'},1.0504
isolation,7,streaming,SecondChance,ProportionalAllocation,1831,4,606600,{'trace_kind': 'synthetic'},0.6066
isolation,0,streaming,SecondChance,ProportionalAllocation,1831,5,351700,{'trace_kind': 'synthetic'},0.3517
isolation,1,streaming,SecondChance,ProportionalAllocation,1831,5,366800,{'trace_kind': 'synthetic'},0.3668
isolation,2,streaming,SecondChance,ProportionalAllocation,1831,5,397700,{'trace_kind': 'synthetic'},0.3977
isolation,3,streaming,SecondChance,ProportionalAllocation,1831,5,425800,{'trace_kind': 'synthetic'},0.4258
isolation,4,streaming,SecondChance,ProportionalAllocation,1831,5,459800,{'trace_kind': 'synthetic'},0.4598
isolation,5,streaming,SecondChance,ProportionalAllocation,1831,5,487400,{'trace_kind': 'synthetic'},0.4874
isolation,6,streaming,SecondChance,ProportionalAllocation,1831,5,530900,{'trace_kind': 'synthetic'},0.5309
isolation,7,streaming,SecondChance,ProportionalAllocation,1831,5,596200,{'trace_kind': 'synthetic'},0.5962
isolation,0,streaming,SecondChance,ProportionalAllocation,1831,6,343200,{'trace_kind': 'synthetic'},0.3432
isolation,1,streaming,SecondChance,ProportionalAllocation,1831,6,370200,{'trace_kind': 'synthetic'},0.3702
isolation,2,streaming,SecondChance,ProportionalAllocation,1831,6,393400,{'trace_kind': 'synthetic'},0.3934
isolation,3,streaming,SecondChance,ProportionalAllocation,1831,6,426500,{'trace_kind': 'synthetic'},0.4265
isolation,4,streaming,SecondChance,ProportionalAllocation,1831,6,452100,{'trace_kind': 'synthetic'},0.4521
isolation,5,streaming,SecondChance,ProportionalAllocation,1831,6,489400,{'trace_kind': 'synthetic'},0.4894
isolation,6,streaming,SecondChance,ProportionalAllocation,1831,6,522600,{'trace_kind': 'synthetic'},0.5226
isolation,7,streaming,SecondChance,ProportionalAllocation,1831,6,592700,{'trace_kind': 'synthetic'},0.5927
isolation,0,streaming,SecondChance,ProportionalAllocation,1831,7,342500,{'trace_kind': 'synthetic'},0.3425
isolation,1,streaming,SecondChance,ProportionalAllocation,1831,7,366400,{'trace_kind': 'synthetic'},0.3664
isolation,2,streaming,SecondChance,ProportionalAllocation,1831,7,396900,{'trace_kind': 'synthetic'},0.3969
isolation,3,streaming,SecondChance,ProportionalAllocation,1831,7,417500,{'trace_kind': 'synthetic'},0.4175
isolation,4,streaming,SecondChance,ProportionalAllocation,1831,7,449300,{'trace_kind': 'synthetic'},0.4493
isolation,5,streaming,SecondChance,ProportionalAllocation,1831,7,490500,{'trace_kind': 'synthetic'},0.4905
isolation,6,streaming,SecondChance,ProportionalAllocation,1831,7,547900,{'trace_kind': 'synthetic'},0.5479
isolation,7,streaming,SecondChance,ProportionalAllocation,1831,7,594700,{'trace_kind': 'synthetic'},0.5947
isolation,0,streaming,SecondChance,ProportionalAllocation,1831,8,348000,{'trace_kind': 'synthetic'},0.348
isolation,1,streaming,SecondChance,ProportionalAllocation,1831,8,390900,{'trace_kind': 'synthetic'},0.3909
isolation,2,streaming,SecondChance,ProportionalAllocation,1831,8,398900,{'trace_kind': 'synthetic'},0.3989
isolation,3,streaming,SecondChance,ProportionalAllocation,1831,8,429000,{'trace_kind': 'synthetic'},0.429
isolation,4,streaming,SecondChance,ProportionalAllocation,1831,8,452200,{'trace_kind': 'synthetic'},0.4522
isolation,5,streaming,SecondChance,ProportionalAllocation,1831,8,484700,{'trace_kind': 'synthetic'},0.4847
isolation,6,streaming,SecondChance,ProportionalAllocation,1831,8,543500,{'trace_kind': 'synthetic'},0.5435
isolation,7,streaming,SecondChance,ProportionalAllocation,1831,8,586900,{'trace_kind': 'synthetic'},0.5869
isolation,0,streaming,SecondChance,ProportionalAllocation,1831,9,344200,{'trace_kind': 'synthetic'},0.3442
isolation,1,streaming,SecondChance,ProportionalAllocation,1831,9,365400,{'trace_kind': 'synthetic'},0.3654
isolation,2,streaming,SecondChance,ProportionalAllocation,1831,9,398500,{'trace_kind': 'synthetic'},0.3985
isolation,3,streaming,SecondChance,ProportionalAllocation,1831,9,421800,{'trace_kind': 'synthetic'},0.4218
isolation,4,streaming,SecondChance,ProportionalAllocation,1831,9,450900,{'trace_kind': 'synthetic'},0.4509
isolation,5,streaming,SecondChance,ProportionalAllocation,1831,9,526500,{'trace_kind': 'synthetic'},0.5265
isolation,6,streaming,SecondChance,ProportionalAllocation,1831,9,549100,{'trace_kind': 'synthetic'},0.5491
isolation,7,streaming,SecondChance,ProportionalAllocation,1831,9,589100,{'trace_kind': 'synthetic'},0.5891
isolation,0,streaming,WSClock,GlobalAllocation,1831,0,346600,{'trace_kind': 'synthetic'},0.3466
isolation,1,streaming,WSClock,GlobalAllocation,1831,0,370200,{'trace_kind': 'synthetic'},0.3702
isolation,2,streaming,WSClock,GlobalAllocation,1831,0,401300,{'trace_kind': 'synthetic'},0.4013
isolation,3,streaming,WSClock,GlobalAllocation,1831,0,426900,{'trace_kind': 'synthetic'},0.4269
isolation,4,streaming,WSClock,GlobalAllocation,1831,0,448000,{'trace_kind': 'synthetic'},0.448
isolation,5,streaming,WSClock,GlobalAllocation,1831,0,494200,{'trace_kind': 'synthetic'},0.4942
isolation,6,streaming,WSClock,GlobalAllocation,1831,0,553900,{'trace_kind': 'synthetic'},0.5539
isolation,7,streaming,WSClock,GlobalAllocation,1831,0,604200,{'trace_kind': 'synthetic'},0.6042
isolation,0,streaming,WSClock,GlobalAllocation,1831,1,309400,{'trace_kind': 'synthetic'},0.3094
isolation,1,streaming,WSClock,GlobalAllocation,1831,1,339100,{'trace_kind': 'synthetic'},0.3391
isolation,2,streaming,WSClock,GlobalAllocation,1831,1,358700,{'trace_kind': 'synthetic'},0.3587
isolation,3,streaming,WSClock,GlobalAllocation,1831,1,385600,{'trace_kind': 'synthetic'},0.3856
isolation,4,streaming,WSClock,GlobalAllocation,1831,1,408300,{'trace_kind': 'synthetic'},0.4083
isolation,5,streaming,WSClock,GlobalAllocation,1831,1,449300,{'trace_kind': 'synthetic'},0.4493
isolation,6,streaming,WSClock,GlobalAllocation,1831,1,489500,{'trace_kind': 'synthetic'},0.4895
isolation,7,streaming,WSClock,GlobalAllocation,1831,1,531800,{'trace_kind': 'synthetic'},0.5318
isolation,0,streaming,WSClock,GlobalAllocation,1831,2,342900,{'trace_kind': 'synthetic'},0.3429
isolation,1,streaming,WSClock,GlobalAllocation,1831,2,372000,{'trace_kind': 'synthetic'},0.372
isolation,2,streaming,WSClock,GlobalAllocation,1831,2,398500,{'trace_kind': 'synthetic'},0.3985
isolation,3,streaming,WSClock,GlobalAllocation,1831,2,425600,{'trace_kind': 'synthetic'},0.4256
isolation,4,streaming,WSClock,GlobalAllocation,1831,2,458700,{'trace_kind': 'synthetic'},0.4587
isolation,5,streaming,WSClock,GlobalAllocation,1831,2,488200,{'trace_kind': 'synthetic'},0.4882
isolation,6,streaming,WSClock,GlobalAllocation,1831,2,550600,{'trace_kind': 'synthetic'},0.5506
isolation,7,streaming,WSClock,GlobalAllocation,1831,2,585900,{'trace_kind': 'synthetic'},0.5859
isolation,0,streaming,WSClock,GlobalAllocation,1831,3,598600,{'trace_kind': 'synthetic'},0.5986
isolation,1,streaming,WSClock,GlobalAllocation,1831,3,371500,{'trace_kind': 'synthetic'},0.3715
isolation,2,streaming,WSClock,GlobalAllocation,1831,3,397400,{'trace_kind': 'synthetic'},0.3974
isolation,3,streaming,WSClock,GlobalAllocation,1831,3,421800,{'trace_kind': 'synthetic'},0.4218
isolation,4,streaming,WSClock,GlobalAllocation,1831,3,455400,{'trace_kind': 'synthetic'},0.4554
isolation,5,streaming,WSClock,GlobalAllocation,1831,3,483400,{'trace_kind': 'synthetic'},0.4834
isolation,6,streaming,WSClock,GlobalAllocation,1831,3,531700,{'trace_kind': 'synthetic'},0.5317
isolation,7,streaming,WSClock,GlobalAllocation,1831,3,584500,{'trace_kind': 'synthetic'},0.5845
isolation,0,streaming,WSClock,GlobalAllocation,1831,4,359100,{'trace_kind': 'synthetic'},0.3591
isolation,1,streaming,WSClock,GlobalAllocation,1831,4,369900,{'trace_kind': 'synthetic'},0.3699
isolation,2,streaming,WSClock,GlobalAllocation,1831,4,396600,{'trace_kind': 'synthetic'},0.3966
isolation,3,streaming,WSClock,GlobalAllocation,1831,4,426100,{'trace_kind': 'synthetic'},0.4261
isolation,4,streaming,WSClock,GlobalAllocation,1831,4,453400,{'trace_kind': 'synthetic'},0.4534
isolation,5,streaming,WSClock,GlobalAllocation,1831,4,489600,{'trace_kind': 'synthetic'},0.4896
isolation,6,streaming,WSClock,GlobalAllocation,1831,4,538300,{'trace_kind': 'synthetic'},0.5383
isolation,7,streaming,WSClock,GlobalAllocation,1831,4,601200,{'trace_kind': 'synthetic'},0.6012
isolation,0,streaming,WSClock,GlobalAllocation,1831,5,345200,{'trace_kind': 'synthetic'},0.3452
isolation,1,streaming,WSClock,GlobalAllocation,1831,5,375300,{'trace_kind': 'synthetic'},0.3753
isolation,2,streaming,WSClock,GlobalAllocation,1831,5,396700,{'trace_kind': 'synthetic'},0.3967
isolation,3,streaming,WSClock,GlobalAllocation,1831,5,424600,{'trace_kind': 'synthetic'},0.4246
isolation,4,streaming,WSClock,GlobalAllocation,1831,5,455700,{'trace_kind': 'synthetic'},0.4557
isolation,5,streaming,WSClock,GlobalAllocation,1831,5,493400,{'trace_kind': 'synthetic'},0.4934
isolation,6,streaming,WSClock,GlobalAllocation,1831,5,528100,{'trace_kind': 'synthetic'},0.5281
isolation,7,streaming,WSClock,GlobalAllocation,1831,5,591300,{'trace_kind': 'synthetic'},0.5913
isolation,0,streaming,WSClock,GlobalAllocation,1831,6,345200,{'trace_kind': 'synthetic'},0.3452
isolation,1,streaming,WSClock,GlobalAllocation,1831,6,375500,{'trace_kind': 'synthetic'},0.3755
isolation,2,streaming,WSClock,GlobalAllocation,1831,6,605700,{'trace_kind': 'synthetic'},0.6057
isolation,3,streaming,WSClock,GlobalAllocation,1831,6,437100,{'trace_kind': 'synthetic'},0.4371
isolation,4,streaming,WSClock,GlobalAllocation,1831,6,457300,{'trace_kind': 'synthetic'},0.4573
isolation,5,streaming,WSClock,GlobalAllocation,1831,6,494300,{'trace_kind': 'synthetic'},0.4943
isolation,6,streaming,WSClock,GlobalAllocation,1831,6,535000,{'trace_kind': 'synthetic'},0.535
isolation,7,streaming,WSClock,GlobalAllocation,1831,6,600700,{'trace_kind': 'synthetic'},0.6007
isolation,0,streaming,WSClock,GlobalAllocation,1831,7,349700,{'trace_kind': 'synthetic'},0.3497
isolation,1,streaming,WSClock,GlobalAllocation,1831,7,373100,{'trace_kind': 'synthetic'},0.3731
isolation,2,streaming,WSClock,GlobalAllocation,1831,7,392800,{'trace_kind': 'synthetic'},0.3928
isolation,3,streaming,WSClock,GlobalAllocation,1831,7,427300,{'trace_kind': 'synthetic'},0.4273
isolation,4,streaming,WSClock,GlobalAllocation,1831,7,453200,{'trace_kind': 'synthetic'},0.4532
isolation,5,streaming,WSClock,GlobalAllocation,1831,7,505300,{'trace_kind': 'synthetic'},0.5053
isolation,6,streaming,WSClock,GlobalAllocation,1831,7,547300,{'trace_kind': 'synthetic'},0.5473
isolation,7,streaming,WSClock,GlobalAllocation,1831,7,594400,{'trace_kind': 'synthetic'},0.5944
isolation,0,streaming,WSClock,GlobalAllocation,1831,8,375200,{'trace_kind': 'synthetic'},0.3752
isolation,1,streaming,WSClock,GlobalAllocation,1831,8,368500,{'trace_kind': 'synthetic'},0.3685
isolation,2,streaming,WSClock,GlobalAllocation,1831,8,396200,{'trace_kind': 'synthetic'},0.3962
isolation,3,streaming,WSClock,GlobalAllocation,1831,8,419800,{'trace_kind': 'synthetic'},0.4198
isolation,4,streaming,WSClock,GlobalAllocation,1831,8,455200,{'trace_kind': 'synthetic'},0.4552
isolation,5,streaming,WSClock,GlobalAllocation,1831,8,490600,{'trace_kind': 'synthetic'},0.4906
isolation,6,streaming,WSClock,GlobalAllocation,1831,8,542500,{'trace_kind': 'synthetic'},0.5425
isolation,7,streaming,WSClock,GlobalAllocation,1831,8,600900,{'trace_kind': 'synthetic'},0.6009
isolation,0,streaming,WSClock,GlobalAllocation,1831,9,344800,{'trace_kind': 'synthetic'},0.3448
isolation,1,streaming,WSClock,GlobalAllocation,1831,9,372400,{'trace_kind': 'synthetic'},0.3724
isolation,2,streaming,WSClock,GlobalAllocation,1831,9,392900,{'trace_kind': 'synthetic'},0.3929
isolation,3,streaming,WSClock,GlobalAllocation,1831,9,422700,{'trace_kind': 'synthetic'},0.4227
isolation,4,streaming,WSClock,GlobalAllocation,1831,9,451900,{'trace_kind': 'synthetic'},0.4519
isolation,5,streaming,WSClock,GlobalAllocation,1831,9,488900,{'trace_kind': 'synthetic'},0.4889
isolation,6,streaming,WSClock,GlobalAllocation,1831,9,548700,{'trace_kind': 'synthetic'},0.5487
isolation,7,streaming,WSClock,GlobalAllocation,1831,9,590800,{'trace_kind': 'synthetic'},0.5908
isolation,0,streaming,WSClock,LocalAllocation,1831,0,348300,{'trace_kind': 'synthetic'},0.3483
isolation,1,streaming,WSClock,LocalAllocation,1831,0,367200,{'trace_kind': 'synthetic'},0.3672
isolation,2,streaming,WSClock,LocalAllocation,1831,0,391800,{'trace_kind': 'synthetic'},0.3918
isolation,3,streaming,WSClock,LocalAllocation,1831,0,424500,{'trace_kind': 'synthetic'},0.4245
isolation,4,streaming,WSClock,LocalAllocation,1831,0,446100,{'trace_kind': 'synthetic'},0.4461
isolation,5,streaming,WSClock,LocalAllocation,1831,0,491700,{'trace_kind': 'synthetic'},0.4917
isolation,6,streaming,WSClock,LocalAllocation,1831,0,550800,{'trace_kind': 'synthetic'},0.5508
isolation,7,streaming,WSClock,LocalAllocation,1831,0,600900,{'trace_kind': 'synthetic'},0.6009
isolation,0,streaming,WSClock,LocalAllocation,1831,1,345700,{'trace_kind': 'synthetic'},0.3457
isolation,1,streaming,WSClock,LocalAllocation,1831,1,371000,{'trace_kind': 'synthetic'},0.371
isolation,2,streaming,WSClock,LocalAllocation,1831,1,394000,{'trace_kind': 'synthetic'},0.394
isolation,3,streaming,WSClock,LocalAllocation,1831,1,421200,{'trace_kind': 'synthetic'},0.4212
isolation,4,streaming,WSClock,LocalAllocation,1831,1,452200,{'trace_kind': 'synthetic'},0.4522
isolation,5,streaming,WSClock,LocalAllocation,1831,1,494600,{'trace_kind': 'synthetic'},0.4946
isolation,6,streaming,WSClock,LocalAllocation,1831,1,527700,{'trace_kind': 'synthetic'},0.5277
isolation,7,streaming,WSClock,LocalAllocation,1831,1,588100,{'trace_kind': 'synthetic'},0.5881
isolation,0,streaming,WSClock,LocalAllocation,1831,2,355500,{'trace_kind': 'synthetic'},0.3555
isolation,1,streaming,WSClock,LocalAllocation,1831,2,368200,{'trace_kind': 'synthetic'},0.3682
isolation,2,streaming,WSClock,LocalAllocation,1831,2,395500,{'trace_kind': 'synthetic'},0.3955
isolation,3,streaming,WSClock,LocalAllocation,1831,2,438500,{'trace_kind': 'synthetic'},0.4385
isolation,4,streaming,WSClock,LocalAllocation,1831,2,450900,{'trace_kind': 'synthetic'},0.4509
isolation,5,streaming,WSClock,LocalAllocation,1831,2,488200,{'trace_kind': 'synthetic'},0.4882
isolation,6,streaming,WSClock,LocalAllocation,1831,2,541400,{'trace_kind': 'synthetic'},0.5414
isolation,7,streaming,WSClock,LocalAllocation,1831,2,590400,{'trace_kind': 'synthetic'},0.5904
isolation,0,streaming,WSClock,LocalAllocation,1831,3,349400,{'trace_kind': 'synthetic'},0.3494
isolation,1,streaming,WSClock,LocalAllocation,1831,3,372400,{'trace_kind': 'synthetic'},0.3724
isolation,2,streaming,WSClock,LocalAllocation,1831,3,394200,{'trace_kind': 'synthetic'},0.3942
isolation,3,streaming,WSClock,LocalAllocation,1831,3,439100,{'trace_kind': 'synthetic'},0.4391
isolation,4,streaming,WSClock,LocalAllocation,1831,3,454300,{'trace_kind': 'synthetic'},0.4543
isolation,5,streaming,WSClock,LocalAllocation,1831,3,480700,{'trace_kind': 'synthetic'},0.4807
isolation,6,streaming,WSClock,LocalAllocation,1831,3,524100,{'trace_kind': 'synthetic'},0.5241
isolation,7,streaming,WSClock,LocalAllocation,1831,3,581500,{'trace_kind': 'synthetic'},0.5815
isolation,0,streaming,WSClock,LocalAllocation,1831,4,343700,{'trace_kind': 'synthetic'},0.3437
isolation,1,streaming,WSClock,LocalAllocation,1831,4,371800,{'trace_kind': 'synthetic'},0.3718
isolation,2,streaming,WSClock,LocalAllocation,1831,4,396100,{'trace_kind': 'synthetic'},0.3961
isolation,3,streaming,WSClock,LocalAllocation,1831,4,460100,{'trace_kind': 'synthetic'},0.4601
isolation,4,streaming,WSClock,LocalAllocation,1831,4,619200,{'trace_kind': 'synthetic'},0.6192
isolation,5,streaming,WSClock,LocalAllocation,1831,4,505200,{'trace_kind': 'synthetic'},0.5052
isolation,6,streaming,WSClock,LocalAllocation,1831,4,538200,{'trace_kind': 'synthetic'},0.5382
isolation,7,streaming,WSClock,LocalAllocation,1831,4,605600,{'trace_kind': 'synthetic'},0.6056
isolation,0,streaming,WSClock,LocalAllocation,1831,5,342100,{'trace_kind': 'synthetic'},0.3421
isolation,1,streaming,WSClock,LocalAllocation,1831,5,373800,{'trace_kind': 'synthetic'},0.3738
isolation,2,streaming,WSClock,LocalAllocation,1831,5,391600,{'trace_kind': 'synthetic'},0.3916
isolation,3,streaming,WSClock,LocalAllocation,1831,5,426800,{'trace_kind': 'synthetic'},0.4268
isolation,4,streaming,WSClock,LocalAllocation,1831,5,459900,{'trace_kind': 'synthetic'},0.4599
isolation,5,streaming,WSClock,LocalAllocation,1831,5,492100,{'trace_kind': 'synthetic'},0.4921
isolation,6,streaming,WSClock,LocalAllocation,1831,5,558400,{'trace_kind': 'synthetic'},0.5584
isolation,7,streaming,WSClock,LocalAllocation,1831,5,597500,{'trace_kind': 'synthetic'},0.5975
isolation,0,streaming,WSClock,LocalAllocation,1831,6,342500,{'trace_kind': 'synthetic'},0.3425
isolation,1,streaming,WSClock,LocalAllocation,1831,6,371000,{'trace_kind': 'synthetic'},0.371
isolation,2,streaming,WSClock,LocalAllocation,1831,6,391300,{'trace_kind': 'synthetic'},0.3913
isolation,3,streaming,WSClock,LocalAllocation,1831,6,424200,{'trace_kind': 'synthetic'},0.4242
isolation,4,streaming,WSClock,LocalAllocation,1831,6,452100,{'trace_kind': 'synthetic'},0.4521
isolation,5,streaming,WSClock,LocalAllocation,1831,6,494400,{'trace_kind': 'synthetic'},0.4944
isolation,6,streaming,WSClock,LocalAllocation,1831,6,531600,{'trace_kind': 'synthetic'},0.5316
isolation,7,streaming,WSClock,LocalAllocation,1831,6,609300,{'trace_kind': 'synthetic'},0.6093
isolation,0,streaming,WSClock,LocalAllocation,1831,7,353800,{'trace_kind': 'synthetic'},0.3538
isolation,1,streaming,WSClock,LocalAllocation,1831,7,374500,{'trace_kind': 'synthetic'},0.3745
isolation,2,streaming,WSClock,LocalAllocation,1831,7,400900,{'trace_kind': 'synthetic'},0.4009
isolation,3,streaming,WSClock,LocalAllocation,1831,7,429500,{'trace_kind': 'synthetic'},0.4295
isolation,4,streaming,WSClock,LocalAllocation,1831,7,454700,{'trace_kind': 'synthetic'},0.4547
isolation,5,streaming,WSClock,LocalAllocation,1831,7,494100,{'trace_kind': 'synthetic'},0.4941
isolation,6,streaming,WSClock,LocalAllocation,1831,7,543800,{'trace_kind': 'synthetic'},0.5438
isolation,7,streaming,WSClock,LocalAllocation,1831,7,593800,{'trace_kind': 'synthetic'},0.5938
isolation,0,streaming,WSClock,LocalAllocation,1831,8,349700,{'trace_kind': 'synthetic'},0.3497
isolation,1,streaming,WSClock,LocalAllocation,1831,8,370500,{'trace_kind': 'synthetic'},0.3705
isolation,2,streaming,WSClock,LocalAllocation,1831,8,406500,{'trace_kind': 'synthetic'},0.4065
isolation,3,streaming,WSClock,LocalAllocation,1831,8,471700,{'trace_kind': 'synthetic'},0.4717
isolation,4,streaming,WSClock,LocalAllocation,1831,8,502900,{'trace_kind': 'synthetic'},0.5029
isolation,5,streaming,WSClock,LocalAllocation,1831,8,488000,{'trace_kind': 'synthetic'},0.488
isolation,6,streaming,WSClock,LocalAllocation,1831,8,544000,{'trace_kind': 'synthetic'},0.544
isolation,7,streaming,WSClock,LocalAllocation,1831,8,604400,{'trace_kind': 'synthetic'},0.6044
isolation,0,streaming,WSClock,LocalAllocation,1831,9,343500,{'trace_kind': 'synthetic'},0.3435
isolation,1,streaming,WSClock,LocalAllocation,1831,9,369900,{'trace_kind': 'synthetic'},0.3699
isolation,2,streaming,WSClock,LocalAllocation,1831,9,394000,{'trace_kind': 'synthetic'},0.394
isolation,3,streaming,WSClock,LocalAllocation,1831,9,419200,{'trace_kind': 'synthetic'},0.4192
isolation,4,streaming,WSClock,LocalAllocation,1831,9,461400,{'trace_kind': 'synthetic'},0.4614
isolation,5,streaming,WSClock,LocalAllocation,1831,9,485800,{'trace_kind': 'synthetic'},0.4858
isolation,6,streaming,WSClock,LocalAllocation,1831,9,534000,{'trace_kind': 'synthetic'},0.534
isolation,7,streaming,WSClock,LocalAllocation,1831,9,833300,{'trace_kind': 'synthetic'},0.8333
isolation,0,streaming,WSClock,ProportionalAllocation,1831,0,358200,{'trace_kind': 'synthetic'},0.3582
isolation,1,streaming,WSClock,ProportionalAllocation,1831,0,364100,{'trace_kind': 'synthetic'},0.3641
isolation,2,streaming,WSClock,ProportionalAllocation,1831,0,393200,{'trace_kind': 'synthetic'},0.3932
isolation,3,streaming,WSClock,ProportionalAllocation,1831,0,433500,{'trace_kind': 'synthetic'},0.4335
isolation,4,streaming,WSClock,ProportionalAllocation,1831,0,445400,{'trace_kind': 'synthetic'},0.4454
isolation,5,streaming,WSClock,ProportionalAllocation,1831,0,511200,{'trace_kind': 'synthetic'},0.5112
isolation,6,streaming,WSClock,ProportionalAllocation,1831,0,543100,{'trace_kind': 'synthetic'},0.5431
isolation,7,streaming,WSClock,ProportionalAllocation,1831,0,601600,{'trace_kind': 'synthetic'},0.6016
isolation,0,streaming,WSClock,ProportionalAllocation,1831,1,343000,{'trace_kind': 'synthetic'},0.343
isolation,1,streaming,WSClock,ProportionalAllocation,1831,1,364000,{'trace_kind': 'synthetic'},0.364
isolation,2,streaming,WSClock,ProportionalAllocation,1831,1,395600,{'trace_kind': 'synthetic'},0.3956
isolation,3,streaming,WSClock,ProportionalAllocation,1831,1,421500,{'trace_kind': 'synthetic'},0.4215
isolation,4,streaming,WSClock,ProportionalAllocation,1831,1,450900,{'trace_kind': 'synthetic'},0.4509
isolation,5,streaming,WSClock,ProportionalAllocation,1831,1,491200,{'trace_kind': 'synthetic'},0.4912
isolation,6,streaming,WSClock,ProportionalAllocation,1831,1,533000,{'trace_kind': 'synthetic'},0.533
isolation,7,streaming,WSClock,ProportionalAllocation,1831,1,588700,{'trace_kind': 'synthetic'},0.5887
isolation,0,streaming,WSClock,ProportionalAllocation,1831,2,343300,{'trace_kind': 'synthetic'},0.3433
isolation,1,streaming,WSClock,ProportionalAllocation,1831,2,364200,{'trace_kind': 'synthetic'},0.3642
isolation,2,streaming,WSClock,ProportionalAllocation,1831,2,394200,{'trace_kind': 'synthetic'},0.3942
isolation,3,streaming,WSClock,ProportionalAllocation,1831,2,420200,{'trace_kind': 'synthetic'},0.4202
isolation,4,streaming,WSClock,ProportionalAllocation,1831,2,449100,{'trace_kind': 'synthetic'},0.4491
isolation,5,streaming,WSClock,ProportionalAllocation,1831,2,486400,{'trace_kind': 'synthetic'},0.4864
isolation,6,streaming,WSClock,ProportionalAllocation,1831,2,1089600,{'trace_kind': 'synthetic'},1.0896
isolation,7,streaming,WSClock,ProportionalAllocation,1831,2,1209800,{'trace_kind': 'synthetic'},1.2098
isolation,0,streaming,WSClock,ProportionalAllocation,1831,3,343500,{'trace_kind': 'synthetic'},0.3435
isolation,1,streaming,WSClock,ProportionalAllocation,1831,3,369800,{'trace_kind': 'synthetic'},0.3698
isolation,2,streaming,WSClock,ProportionalAllocation,1831,3,400100,{'trace_kind': 'synthetic'},0.4001
isolation,3,streaming,WSClock,ProportionalAllocation,1831,3,426700,{'trace_kind': 'synthetic'},0.4267
isolation,4,streaming,WSClock,ProportionalAllocation,1831,3,452800,{'trace_kind': 'synthetic'},0.4528
isolation,5,streaming,WSClock,ProportionalAllocation,1831,3,485600,{'trace_kind': 'synthetic'},0.4856
isolation,6,streaming,WSClock,ProportionalAllocation,1831,3,523800,{'trace_kind': 'synthetic'},0.5238
isolation,7,streaming,WSClock,ProportionalAllocation,1831,3,576200,{'trace_kind': 'synthetic'},0.5762
isolation,0,streaming,WSClock,ProportionalAllocation,1831,4,350700,{'trace_kind': 'synthetic'},0.3507
isolation,1,streaming,WSClock,ProportionalAllocation,1831,4,367400,{'trace_kind': 'synthetic'},0.3674
isolation,2,streaming,WSClock,ProportionalAllocation,1831,4,406100,{'trace_kind': 'synthetic'},0.4061
isolation,3,streaming,WSClock,ProportionalAllocation,1831,4,425800,{'trace_kind': 'synthetic'},0.4258
isolation,4,streaming,WSClock,ProportionalAllocation,1831,4,453400,{'trace_kind': 'synthetic'},0.4534
isolation,5,streaming,WSClock,ProportionalAllocation,1831,4,487300,{'trace_kind': 'synthetic'},0.4873
isolation,6,streaming,WSClock,ProportionalAllocation,1831,4,582200,{'trace_kind': 'synthetic'},0.5822
isolation,7,streaming,WSClock,ProportionalAllocation,1831,4,608700,{'trace_kind': 'synthetic'},0.6087
isolation,0,streaming,WSClock,ProportionalAllocation,1831,5,339500,{'trace_kind': 'synthetic'},0.3395
isolation,1,streaming,WSClock,ProportionalAllocation,1831,5,369000,{'trace_kind': 'synthetic'},0.369
isolation,2,streaming,WSClock,ProportionalAllocation,1831,5,390800,{'trace_kind': 'synthetic'},0.3908
isolation,3,streaming,WSClock,ProportionalAllocation,1831,5,421300,{'trace_kind': 'synthetic'},0.4213
isolation,4,streaming,WSClock,ProportionalAllocation,1831,5,452700,{'trace_kind': 'synthetic'},0.4527
isolation,5,streaming,WSClock,ProportionalAllocation,1831,5,488600,{'trace_kind': 'synthetic'},0.4886
isolation,6,streaming,WSClock,ProportionalAllocation,1831,5,548100,{'trace_kind': 'synthetic'},0.5481
isolation,7,streaming,WSClock,ProportionalAllocation,1831,5,591800,{'trace_kind': 'synthetic'},0.5918
isolation,0,streaming,WSClock,ProportionalAllocation,1831,6,343500,{'trace_kind': 'synthetic'},0.3435
isolation,1,streaming,WSClock,ProportionalAllocation,1831,6,364200,{'trace_kind': 'synthetic'},0.3642
isolation,2,streaming,WSClock,ProportionalAllocation,1831,6,390800,{'trace_kind': 'synthetic'},0.3908
isolation,3,streaming,WSClock,ProportionalAllocation,1831,6,426100,{'trace_kind': 'synthetic'},0.4261
isolation,4,streaming,WSClock,ProportionalAllocation,1831,6,452500,{'trace_kind': 'synthetic'},0.4525
isolation,5,streaming,WSClock,ProportionalAllocation,1831,6,491900,{'trace_kind': 'synthetic'},0.4919
isolation,6,streaming,WSClock,ProportionalAllocation,1831,6,523600,{'trace_kind': 'synthetic'},0.5236
isolation,7,streaming,WSClock,ProportionalAllocation,1831,6,612800,{'trace_kind': 'synthetic'},0.6128
isolation,0,streaming,WSClock,ProportionalAllocation,1831,7,331000,{'trace_kind': 'synthetic'},0.331
isolation,1,streaming,WSClock,ProportionalAllocation,1831,7,370900,{'trace_kind': 'synthetic'},0.3709
isolation,2,streaming,WSClock,ProportionalAllocation,1831,7,377200,{'trace_kind': 'synthetic'},0.3772
isolation,3,streaming,WSClock,ProportionalAllocation,1831,7,406500,{'trace_kind': 'synthetic'},0.4065
isolation,4,streaming,WSClock,ProportionalAllocation,1831,7,434100,{'trace_kind': 'synthetic'},0.4341
isolation,5,streaming,WSClock,ProportionalAllocation,1831,7,494000,{'trace_kind': 'synthetic'},0.494
isolation,6,streaming,WSClock,ProportionalAllocation,1831,7,545600,{'trace_kind': 'synthetic'},0.5456
isolation,7,streaming,WSClock,ProportionalAllocation,1831,7,584800,{'trace_kind': 'synthetic'},0.5848
isolation,0,streaming,WSClock,ProportionalAllocation,1831,8,353400,{'trace_kind': 'synthetic'},0.3534
isolation,1,streaming,WSClock,ProportionalAllocation,1831,8,377800,{'trace_kind': 'synthetic'},0.3778
isolation,2,streaming,WSClock,ProportionalAllocation,1831,8,396200,{'trace_kind': 'synthetic'},0.3962
isolation,3,streaming,WSClock,ProportionalAllocation,1831,8,423700,{'trace_kind': 'synthetic'},0.4237
isolation,4,streaming,WSClock,ProportionalAllocation,1831,8,449800,{'trace_kind': 'synthetic'},0.4498
isolation,5,streaming,WSClock,ProportionalAllocation,1831,8,498200,{'trace_kind': 'synthetic'},0.4982
isolation,6,streaming,WSClock,ProportionalAllocation,1831,8,552100,{'trace_kind': 'synthetic'},0.5521
isolation,7,streaming,WSClock,ProportionalAllocation,1831,8,1001300,{'trace_kind': 'synthetic'},1.0013
isolation,0,streaming,WSClock,ProportionalAllocation,1831,9,311700,{'trace_kind': 'synthetic'},0.3117
isolation,1,streaming,WSClock,ProportionalAllocation,1831,9,338000,{'trace_kind': 'synthetic'},0.338
isolation,2,streaming,WSClock,ProportionalAllocation,1831,9,362600,{'trace_kind': 'synthetic'},0.3626
isolation,3,streaming,WSClock,ProportionalAllocation,1831,9,384000,{'trace_kind': 'synthetic'},0.384
isolation,4,streaming,WSClock,ProportionalAllocation,1831,9,412200,{'trace_kind': 'synthetic'},0.4122
isolation,5,streaming,WSClock,ProportionalAllocation,1831,9,442700,{'trace_kind': 'synthetic'},0.4427
isolation,6,streaming,WSClock,ProportionalAllocation,1831,9,487300,{'trace_kind': 'synthetic'},0.4873
isolation,7,streaming,WSClock,ProportionalAllocation,1831,9,530700,{'trace_kind': 'synthetic'},0.5307
isolation,0,streaming,FIFO,GlobalAllocation,2197,0,201600,{'trace_kind': 'synthetic'},0.2016
isolation,1,streaming,FIFO,GlobalAllocation,2197,0,208700,{'trace_kind': 'synthetic'},0.2087
isolation,2,streaming,FIFO,GlobalAllocation,2197,0,212800,{'trace_kind': 'synthetic'},0.2128
isolation,3,streaming,FIFO,GlobalAllocation,2197,0,221200,{'trace_kind': 'synthetic'},0.2212
isolation,4,streaming,FIFO,GlobalAllocation,2197,0,225800,{'trace_kind': 'synthetic'},0.2258
isolation,5,streaming,FIFO,GlobalAllocation,2197,0,237800,{'trace_kind': 'synthetic'},0.2378
isolation,6,streaming,FIFO,GlobalAllocation,2197,0,248600,{'trace_kind': 'synthetic'},0.2486
isolation,7,streaming,FIFO,GlobalAllocation,2197,0,257600,{'trace_kind': 'synthetic'},0.2576
isolation,0,streaming,FIFO,GlobalAllocation,2197,1,200000,{'trace_kind': 'synthetic'},0.2
isolation,1,streaming,FIFO,GlobalAllocation,2197,1,208200,{'trace_kind': 'synthetic'},0.2082
isolation,2,streaming,FIFO,GlobalAllocation,2197,1,214200,{'trace_kind': 'synthetic'},0.2142
isolation,3,streaming,FIFO,GlobalAllocation,2197,1,221800,{'trace_kind': 'synthetic'},0.2218
isolation,4,streaming,FIFO,GlobalAllocation,2197,1,229200,{'trace_kind': 'synthetic'},0.2292
isolation,5,streaming,FIFO,GlobalAllocation,2197,1,232900,{'trace_kind': 'synthetic'},0.2329
isolation,6,streaming,FIFO,GlobalAllocation,2197,1,245200,{'trace_kind': 'synthetic'},0.2452
isolation,7,streaming,FIFO,GlobalAllocation,2197,1,258000,{'trace_kind': 'synthetic'},0.258
isolation,0,streaming,FIFO,GlobalAllocation,2197,2,198200,{'trace_kind': 'synthetic'},0.1982
isolation,1,streaming,FIFO,GlobalAllocation,2197,2,207700,{'trace_kind': 'synthetic'},0.2077
isolation,2,streaming,FIFO,GlobalAllocation,2197,2,211500,{'trace_kind': 'synthetic'},0.2115
isolation,3,streaming,FIFO,GlobalAllocation,2197,2,219500,{'trace_kind': 'synthetic'},0.2195
isolation,4,streaming,FIFO,GlobalAllocation,2197,2,227900,{'trace_kind': 'synthetic'},0.2279
isolation,5,streaming,FIFO,GlobalAllocation,2197,2,238400,{'trace_kind': 'synthetic'},0.2384
isolation,6,streaming,FIFO,GlobalAllocation,2197,2,243200,{'trace_kind': 'synthetic'},0.2432
isolation,7,streaming,FIFO,GlobalAllocation,2197,2,250700,{'trace_kind': 'synthetic'},0.2507
isolation,0,streaming,FIFO,GlobalAllocation,2197,3,198900,{'trace_kind': 'synthetic'},0.1989
isolation,1,streaming,FIFO,GlobalAllocation,2197,3,209300,{'trace_kind': 'synthetic'},0.2093
isolation,2,streaming,FIFO,GlobalAllocation,2197,3,213400,{'trace_kind': 'synthetic'},0.2134
isolation,3,streaming,FIFO,GlobalAllocation,2197,3,219400,{'trace_kind': 'synthetic'},0.2194
isolation,4,streaming,FIFO,GlobalAllocation,2197,3,226000,{'trace_kind': 'synthetic'},0.226
isolation,5,streaming,FIFO,GlobalAllocation,2197,3,232400,{'trace_kind': 'synthetic'},0.2324
isolation,6,streaming,FIFO,GlobalAllocation,2197,3,241500,{'trace_kind': 'synthetic'},0.2415
isolation,7,streaming,FIFO,GlobalAllocation,2197,3,259000,{'trace_kind': 'synthetic'},0.259
isolation,0,streaming,FIFO,GlobalAllocation,2197,4,199600,{'trace_kind': 'synthetic'},0.1996
isolation,1,streaming,FIFO,GlobalAllocation,2197,4,208700,{'trace_kind': 'synthetic'},0.2087
isolation,2,streaming,FIFO,GlobalAllocation,2197,4,213300,{'trace_kind': 'synthetic'},0.2133
isolation,3,streaming,FIFO,GlobalAllocation,2197,4,218600,{'trace_kind': 'synthetic'},0.2186
isolation,4,streaming,FIFO,GlobalAllocation,2197,4,234000,{'trace_kind': 'synthetic'},0.234
isolation,5,streaming,FIFO,GlobalAllocation,2197,4,233600,{'trace_kind': 'synthetic'},0.2336
isolation,6,streaming,FIFO,GlobalAllocation,2197,4,245800,{'trace_kind': 'synthetic'},0.2458
isolation,7,streaming,FIFO,GlobalAllocation,2197,4,259300,{'trace_kind': 'synthetic'},0.2593
isolation,0,streaming,FIFO,GlobalAllocation,2197,5,198800,{'trace_kind': 'synthetic'},0.1988
isolation,1,streaming,FIFO,GlobalAllocation,2197,5,205000,{'trace_kind': 'synthetic'},0.205
isolation,2,streaming,FIFO,GlobalAllocation,2197,5,214400,{'trace_kind': 'synthetic'},0.2144
isolation,3,streaming,FIFO,GlobalAllocation,2197,5,219200,{'trace_kind': 'synthetic'},0.2192
isolation,4,streaming,FIFO,GlobalAllocation,2197,5,232400,{'trace_kind': 'synthetic'},0.2324
isolation,5,streaming,FIFO,GlobalAllocation,2197,5,237600,{'trace_kind': 'synthetic'},0.2376
isolation,6,streaming,FIFO,GlobalAllocation,2197,5,245600,{'trace_kind': 'synthetic'},0.2456
isolation,7,streaming,FIFO,GlobalAllocation,2197,5,256800,{'trace_kind': 'synthetic'},0.2568
isolation,0,streaming,FIFO,GlobalAllocation,2197,6,202300,{'trace_kind': 'synthetic'},0.2023
isolation,1,streaming,FIFO,GlobalAllocation,2197,6,207300,{'trace_kind': 'synthetic'},0.2073
isolation,2,streaming,FIFO,GlobalAllocation,2197,6,210100,{'trace_kind': 'synthetic'},0.2101
isolation,3,streaming,FIFO,GlobalAllocation,2197,6,223100,{'trace_kind': 'synthetic'},0.2231
isolation,4,streaming,FIFO,GlobalAllocation,2197,6,227700,{'trace_kind': 'synthetic'},0.2277
isolation,5,streaming,FIFO,GlobalAllocation,2197,6,235200,{'trace_kind': 'synthetic'},0.2352
isolation,6,streaming,FIFO,GlobalAllocation,2197,6,242400,{'trace_kind': 'synthetic'},0.2424
isolation,7,streaming,FIFO,GlobalAllocation,2197,6,253900,{'trace_kind': 'synthetic'},0.2539
isolation,0,streaming,FIFO,GlobalAllocation,2197,7,406100,{'trace_kind': 'synthetic'},0.4061
isolation,1,streaming,FIFO,GlobalAllocation,2197,7,419400,{'trace_kind': 'synthetic'},0.4194
isolation,2,streaming,FIFO,GlobalAllocation,2197,7,451200,{'trace_kind': 'synthetic'},0.4512
isolation,3,streaming,FIFO,GlobalAllocation,2197,7,427500,{'trace_kind': 'synthetic'},0.4275
isolation,4,streaming,FIFO,GlobalAllocation,2197,7,462800,{'trace_kind': 'synthetic'},0.4628
isolation,5,streaming,FIFO,GlobalAllocation,2197,7,454300,{'trace_kind': 'synthetic'},0.4543
isolation,6,streaming,FIFO,GlobalAllocation,2197,7,502200,{'trace_kind': 'synthetic'},0.5022
isolation,7,streaming,FIFO,GlobalAllocation,2197,7,493900,{'trace_kind': 'synthetic'},0.4939
isolation,0,streaming,FIFO,GlobalAllocation,2197,8,207300,{'trace_kind': 'synthetic'},0.2073
isolation,1,streaming,FIFO,GlobalAllocation,2197,8,207300,{'trace_kind': 'synthetic'},0.2073
isolation,2,streaming,FIFO,GlobalAllocation,2197,8,212100,{'trace_kind': 'synthetic'},0.2121
isolation,3,streaming,FIFO,GlobalAllocation,2197,8,221000,{'trace_kind': 'synthetic'},0.221
isolation,4,streaming,FIFO,GlobalAllocation,2197,8,224000,{'trace_kind': 'synthetic'},0.224
isolation,5,streaming,FIFO,GlobalAllocation,2197,8,232200,{'trace_kind': 'synthetic'},0.2322
isolation,6,streaming,FIFO,GlobalAllocation,2197,8,244200,{'trace_kind': 'synthetic'},0.2442
isolation,7,streaming,FIFO,GlobalAllocation,2197,8,253800,{'trace_kind': 'synthetic'},0.2538
isolation,0,streaming,FIFO,GlobalAllocation,2197,9,197200,{'trace_kind': 'synthetic'},0.1972
isolation,1,streaming,FIFO,GlobalAllocation,2197,9,211900,{'trace_kind': 'synthetic'},0.2119
isolation,2,streaming,FIFO,GlobalAllocation,2197,9,216400,{'trace_kind': 'synthetic'},0.2164
isolation,3,streaming,FIFO,GlobalAllocation,2197,9,221300,{'trace_kind': 'synthetic'},0.2213
isolation,4,streaming,FIFO,GlobalAllocation,2197,9,228800,{'trace_kind': 'synthetic'},0.2288
isolation,5,streaming,FIFO,GlobalAllocation,2197,9,241200,{'trace_kind': 'synthetic'},0.2412
isolation,6,streaming,FIFO,GlobalAllocation,2197,9,251900,{'trace_kind': 'synthetic'},0.2519
isolation,7,streaming,FIFO,GlobalAllocation,2197,9,259500,{'trace_kind': 'synthetic'},0.2595
isolation,0,streaming,FIFO,LocalAllocation,2197,0,204100,{'trace_kind': 'synthetic'},0.2041
isolation,1,streaming,FIFO,LocalAllocation,2197,0,209000,{'trace_kind': 'synthetic'},0.209
isolation,2,streaming,FIFO,LocalAllocation,2197,0,211400,{'trace_kind': 'synthetic'},0.2114
isolation,3,streaming,FIFO,LocalAllocation,2197,0,221800,{'trace_kind': 'synthetic'},0.2218
isolation,4,streaming,FIFO,LocalAllocation,2197,0,222300,{'trace_kind': 'synthetic'},0.2223
isolation,5,streaming,FIFO,LocalAllocation,2197,0,234400,{'trace_kind': 'synthetic'},0.2344
isolation,6,streaming,FIFO,LocalAllocation,2197,0,247000,{'trace_kind': 'synthetic'},0.247
isolation,7,streaming,FIFO,LocalAllocation,2197,0,261400,{'trace_kind': 'synthetic'},0.2614
isolation,0,streaming,FIFO,LocalAllocation,2197,1,200000,{'trace_kind': 'synthetic'},0.2
isolation,1,streaming,FIFO,LocalAllocation,2197,1,209000,{'trace_kind': 'synthetic'},0.209
isolation,2,streaming,FIFO,LocalAllocation,2197,1,212800,{'trace_kind': 'synthetic'},0.2128
isolation,3,streaming,FIFO,LocalAllocation,2197,1,220700,{'trace_kind': 'synthetic'},0.2207
isolation,4,streaming,FIFO,LocalAllocation,2197,1,227800,{'trace_kind': 'synthetic'},0.2278
isolation,5,streaming,FIFO,LocalAllocation,2197,1,233200,{'trace_kind': 'synthetic'},0.2332
isolation,6,streaming,FIFO,LocalAllocation,2197,1,245400,{'trace_kind': 'synthetic'},0.2454
isolation,7,streaming,FIFO,LocalAllocation,2197,1,254500,{'trace_kind': 'synthetic'},0.2545
isolation,0,streaming,FIFO,LocalAllocation,2197,2,199100,{'trace_kind': 'synthetic'},0.1991
isolation,1,streaming,FIFO,LocalAllocation,2197,2,205000,{'trace_kind': 'synthetic'},0.205
isolation,2,streaming,FIFO,LocalAllocation,2197,2,211400,{'trace_kind': 'synthetic'},0.2114
isolation,3,streaming,FIFO,LocalAllocation,2197,2,219700,{'trace_kind': 'synthetic'},0.2197
isolation,4,streaming,FIFO,LocalAllocation,2197,2,225800,{'trace_kind': 'synthetic'},0.2258
isolation,5,streaming,FIFO,LocalAllocation,2197,2,234100,{'trace_kind': 'synthetic'},0.2341
isolation,6,streaming,FIFO,LocalAllocation,2197,2,248800,{'trace_kind': 'synthetic'},0.2488
isolation,7,streaming,FIFO,LocalAllocation,2197,2,256400,{'trace_kind': 'synthetic'},0.2564
isolation,0,streaming,FIFO,LocalAllocation,2197,3,204400,{'trace_kind': 'synthetic'},0.2044
isolation,1,streaming,FIFO,LocalAllocation,2197,3,209900,{'trace_kind': 'synthetic'},0.2099
isolation,2,streaming,FIFO,LocalAllocation,2197,3,215200,{'trace_kind': 'synthetic'},0.2152
isolation,3,streaming,FIFO,LocalAllocation,2197,3,221500,{'trace_kind': 'synthetic'},0.2215
isolation,4,streaming,FIFO,LocalAllocation,2197,3,230600,{'trace_kind': 'synthetic'},0.2306
isolation,5,streaming,FIFO,LocalAllocation,2197,3,242600,{'trace_kind': 'synthetic'},0.2426
isolation,6,streaming,FIFO,LocalAllocation,2197,3,248500,{'trace_kind': 'synthetic'},0.2485
isolation,7,streaming,FIFO,LocalAllocation,2197,3,257400,{'trace_kind': 'synthetic'},0.2574
isolation,0,streaming,FIFO,LocalAllocation,2197,4,201200,{'trace_kind': 'synthetic'},0.2012
isolation,1,streaming,FIFO,LocalAllocation,2197,4,208700,{'trace_kind': 'synthetic'},0.2087
isolation,2,streaming,FIFO,LocalAllocation,2197,4,214700,{'trace_kind': 'synthetic'},0.2147
isolation,3,streaming,FIFO,LocalAllocation,2197,4,220600,{'trace_kind': 'synthetic'},0.2206
isolation,4,streaming,FIFO,LocalAllocation,2197,4,223900,{'trace_kind': 'synthetic'},0.2239
isolation,5,streaming,FIFO,LocalAllocation,2197,4,238200,{'trace_kind': 'synthetic'},0.2382
isolation,6,streaming,FIFO,LocalAllocation,2197,4,244700,{'trace_kind': 'synthetic'},0.2447
isolation,7,streaming,FIFO,LocalAllocation,2197,4,256200,{'trace_kind': 'synthetic'},0.2562
isolation,0,streaming,FIFO,LocalAllocation,2197,5,200000,{'trace_kind': 'synthetic'},0.2
isolation,1,streaming,FIFO,LocalAllocation,2197,5,208900,{'trace_kind': 'synthetic'},0.2089
isolation,2,streaming,FIFO,LocalAllocation,2197,5,215400,{'trace_kind': 'synthetic'},0.2154
isolation,3,streaming,FIFO,LocalAllocation,2197,5,223300,{'trace_kind': 'synthetic'},0.2233
isolation,4,streaming,FIFO,LocalAllocation,2197,5,226800,{'trace_kind': 'synthetic'},0.2268
isolation,5,streaming,FIFO,LocalAllocation,2197,5,237400,{'trace_kind': 'synthetic'},0.2374
isolation,6,streaming,FIFO,LocalAllocation,2197,5,249500,{'trace_kind': 'synthetic'},0.2495
isolation,7,streaming,FIFO,LocalAllocation,2197,5,254400,{'trace_kind': 'synthetic'},0.2544
isolation,0,streaming,FIFO,LocalAllocation,2197,6,199500,{'trace_kind': 'synthetic'},0.1995
isolation,1,streaming,FIFO,LocalAllocation,2197,6,204700,{'trace_kind': 'synthetic'},0.2047
isolation,2,streaming,FIFO,LocalAllocation,2197,6,213000,{'trace_kind': 'synthetic'},0.213
isolation,3,streaming,FIFO,LocalAllocation,2197,6,222900,{'trace_kind': 'synthetic'},0.2229
isolation,4,streaming,FIFO,LocalAllocation,2197,6,231900,{'trace_kind': 'synthetic'},0.2319
isolation,5,streaming,FIFO,LocalAllocation,2197,6,251300,{'trace_kind': 'synthetic'},0.2513
isolation,6,streaming,FIFO,LocalAllocation,2197,6,244700,{'trace_kind': 'synthetic'},0.2447
isolation,7,streaming,FIFO,LocalAllocation,2197,6,258500,{'trace_kind': 'synthetic'},0.2585
isolation,0,streaming,FIFO,LocalAllocation,2197,7,203800,{'trace_kind': 'synthetic'},0.2038
isolation,1,streaming,FIFO,LocalAllocation,2197,7,208100,{'trace_kind': 'synthetic'},0.2081
isolation,2,streaming,FIFO,LocalAllocation,2197,7,219900,{'trace_kind': 'synthetic'},0.2199
isolation,3,streaming,FIFO,LocalAllocation,2197,7,234000,{'trace_kind': 'synthetic'},0.234
isolation,4,streaming,FIFO,LocalAllocation,2197,7,228600,{'trace_kind': 'synthetic'},0.2286
isolation,5,streaming,FIFO,LocalAllocation,2197,7,240800,{'trace_kind': 'synthetic'},0.2408
isolation,6,streaming,FIFO,LocalAllocation,2197,7,249500,{'trace_kind': 'synthetic'},0.2495
isolation,7,streaming,FIFO,LocalAllocation,2197,7,256300,{'trace_kind': 'synthetic'},0.2563
isolation,0,streaming,FIFO,LocalAllocation,2197,8,204500,{'trace_kind': 'synthetic'},0.2045
isolation,1,streaming,FIFO,LocalAllocation,2197,8,207500,{'trace_kind': 'synthetic'},0.2075
isolation,2,streaming,FIFO,LocalAllocation,2197,8,210400,{'trace_kind': 'synthetic'},0.2104
isolation,3,streaming,FIFO,LocalAllocation,2197,8,224700,{'trace_kind': 'synthetic'},0.2247
isolation,4,streaming,FIFO,LocalAllocation,2197,8,234300,{'trace_kind': 'synthetic'},0.2343
isolation,5,streaming,FIFO,LocalAllocation,2197,8,241000,{'trace_kind': 'synthetic'},0.241
isolation,6,streaming,FIFO,LocalAllocation,2197,8,244200,{'trace_kind': 'synthetic'},0.2442
isolation,7,streaming,FIFO,LocalAllocation,2197,8,255800,{'trace_kind': 'synthetic'},0.2558
isolation,0,streaming,FIFO,LocalAllocation,2197,9,195100,{'trace_kind': 'synthetic'},0.1951
isolation,1,streaming,FIFO,LocalAllocation,2197,9,206500,{'trace_kind': 'synthetic'},0.2065
isolation,2,streaming,FIFO,LocalAllocation,2197,9,211000,{'trace_kind': 'synthetic'},0.211
isolation,3,streaming,FIFO,LocalAllocation,2197,9,215500,{'trace_kind': 'synthetic'},0.2155
isolation,4,streaming,FIFO,LocalAllocation,2197,9,221800,{'trace_kind': 'synthetic'},0.2218
isolation,5,streaming,FIFO,LocalAllocation,2197,9,233400,{'trace_kind': 'synthetic'},0.2334
isolation,6,streaming,FIFO,LocalAllocation,2197,9,244600,{'trace_kind': 'synthetic'},0.2446
isolation,7,streaming,FIFO,LocalAllocation,2197,9,257100,{'trace_kind': 'synthetic'},0.2571
isolation,0,streaming,FIFO,ProportionalAllocation,2197,0,410500,{'trace_kind': 'synthetic'},0.4105
isolation,1,streaming,FIFO,ProportionalAllocation,2197,0,395900,{'trace_kind': 'synthetic'},0.3959
isolation,2,streaming,FIFO,ProportionalAllocation,2197,0,435100,{'trace_kind': 'synthetic'},0.4351
isolation,3,streaming,FIFO,ProportionalAllocation,2197,0,430900,{'trace_kind': 'synthetic'},0.4309
isolation,4,streaming,FIFO,ProportionalAllocation,2197,0,460100,{'trace_kind': 'synthetic'},0.4601
isolation,5,streaming,FIFO,ProportionalAllocation,2197,0,475700,{'trace_kind': 'synthetic'},0.4757
isolation,6,streaming,FIFO,ProportionalAllocation,2197,0,490400,{'trace_kind': 'synthetic'},0.4904
isolation,7,streaming,FIFO,ProportionalAllocation,2197,0,523600,{'trace_kind': 'synthetic'},0.5236
isolation,0,streaming,FIFO,ProportionalAllocation,2197,1,203100,{'trace_kind': 'synthetic'},0.2031
isolation,1,streaming,FIFO,ProportionalAllocation,2197,1,2890900,{'trace_kind': 'synthetic'},2.8909
isolation,2,streaming,FIFO,ProportionalAllocation,2197,1,219600,{'trace_kind': 'synthetic'},0.2196
isolation,3,streaming,FIFO,ProportionalAllocation,2197,1,263900,{'trace_kind': 'synthetic'},0.2639
isolation,4,streaming,FIFO,ProportionalAllocation,2197,1,460900,{'trace_kind': 'synthetic'},0.4609
isolation,5,streaming,FIFO,ProportionalAllocation,2197,1,467200,{'trace_kind': 'synthetic'},0.4672
isolation,6,streaming,FIFO,ProportionalAllocation,2197,1,512400,{'trace_kind': 'synthetic'},0.5124
isolation,7,streaming,FIFO,ProportionalAllocation,2197,1,508300,{'trace_kind': 'synthetic'},0.5083
isolation,0,streaming,FIFO,ProportionalAllocation,2197,2,201900,{'trace_kind': 'synthetic'},0.2019
isolation,1,streaming,FIFO,ProportionalAllocation,2197,2,206900,{'trace_kind': 'synthetic'},0.2069
isolation,2,streaming,FIFO,ProportionalAllocation,2197,2,215700,{'trace_kind': 'synthetic'},0.2157
isolation,3,streaming,FIFO,ProportionalAllocation,2197,2,221800,{'trace_kind': 'synthetic'},0.2218
isolation,4,streaming,FIFO,ProportionalAllocation,2197,2,228100,{'trace_kind': 'synthetic'},0.2281
isolation,5,streaming,FIFO,ProportionalAllocation,2197,2,232000,{'trace_kind': 'synthetic'},0.232
isolation,6,streaming,FIFO,ProportionalAllocation,2197,2,252300,{'trace_kind': 'synthetic'},0.2523
isolation,7,streaming,FIFO,ProportionalAllocation,2197,2,253300,{'trace_kind': 'synthetic'},0.2533
isolation,0,streaming,FIFO,ProportionalAllocation,2197,3,199200,{'trace_kind': 'synthetic'},0.1992
isolation,1,streaming,FIFO,ProportionalAllocation,2197,3,209100,{'trace_kind': 'synthetic'},0.2091
isolation,2,streaming,FIFO,ProportionalAllocation,2197,3,215000,{'trace_kind': 'synthetic'},0.215
isolation,3,streaming,FIFO,ProportionalAllocation,2197,3,221000,{'trace_kind': 'synthetic'},0.221
isolation,4,streaming,FIFO,ProportionalAllocation,2197,3,224600,{'trace_kind': 'synthetic'},0.2246
isolation,5,streaming,FIFO,ProportionalAllocation,2197,3,229800,{'trace_kind': 'synthetic'},0.2298
isolation,6,streaming,FIFO,ProportionalAllocation,2197,3,244200,{'trace_kind': 'synthetic'},0.2442
isolation,7,streaming,FIFO,ProportionalAllocation,2197,3,252500,{'trace_kind': 'synthetic'},0.2525
isolation,0,streaming,FIFO,ProportionalAllocation,2197,4,199900,{'trace_kind': 'synthetic'},0.1999
isolation,1,streaming,FIFO,ProportionalAllocation,2197,4,212300,{'trace_kind': 'synthetic'},0.2123
isolation,2,streaming,FIFO,ProportionalAllocation,2197,4,222700,{'trace_kind': 'synthetic'},0.2227
isolation,3,streaming,FIFO,ProportionalAllocation,2197,4,220900,{'trace_kind': 'synthetic'},0.2209
isolation,4,streaming,FIFO,ProportionalAllocation,2197,4,229200,{'trace_kind': 'synthetic'},0.2292
isolation,5,streaming,FIFO,ProportionalAllocation,2197,4,233900,{'trace_kind': 'synthetic'},0.2339
isolation,6,streaming,FIFO,ProportionalAllocation,2197,4,247600,{'trace_kind': 'synthetic'},0.2476
isolation,7,streaming,FIFO,ProportionalAllocation,2197,4,255800,{'trace_kind': 'synthetic'},0.2558
isolation,0,streaming,FIFO,ProportionalAllocation,2197,5,200200,{'trace_kind': 'synthetic'},0.2002
isolation,1,streaming,FIFO,ProportionalAllocation,2197,5,207900,{'trace_kind': 'synthetic'},0.2079
isolation,2,streaming,FIFO,ProportionalAllocation,2197,5,234000,{'trace_kind': 'synthetic'},0.234
isolation,3,streaming,FIFO,ProportionalAllocation,2197,5,223700,{'trace_kind': 'synthetic'},0.2237
isolation,4,streaming,FIFO,ProportionalAllocation,2197,5,235200,{'trace_kind': 'synthetic'},0.2352
isolation,5,streaming,FIFO,ProportionalAllocation,2197,5,236700,{'trace_kind': 'synthetic'},0.2367
isolation,6,streaming,FIFO,ProportionalAllocation,2197,5,248900,{'trace_kind': 'synthetic'},0.2489
isolation,7,streaming,FIFO,ProportionalAllocation,2197,5,255500,{'trace_kind': 'synthetic'},0.2555
isolation,0,streaming,FIFO,ProportionalAllocation,2197,6,204500,{'trace_kind': 'synthetic'},0.2045
isolation,1,streaming,FIFO,ProportionalAllocation,2197,6,205300,{'trace_kind': 'synthetic'},0.2053
isolation,2,streaming,FIFO,ProportionalAllocation,2197,6,209900,{'trace_kind': 'synthetic'},0.2099
isolation,3,streaming,FIFO,ProportionalAllocation,2197,6,225100,{'trace_kind': 'synthetic'},0.2251
isolation,4,streaming,FIFO,ProportionalAllocation,2197,6,229800,{'trace_kind': 'synthetic'},0.2298
isolation,5,streaming,FIFO,ProportionalAllocation,2197,6,236200,{'trace_kind': 'synthetic'},0.2362
isolation,6,streaming,FIFO,ProportionalAllocation,2197,6,241500,{'trace_kind': 'synthetic'},0.2415
isolation,7,streaming,FIFO,ProportionalAllocation,2197,6,262100,{'trace_kind': 'synthetic'},0.2621
isolation,0,streaming,FIFO,ProportionalAllocation,2197,7,200800,{'trace_kind': 'synthetic'},0.2008
isolation,1,streaming,FIFO,ProportionalAllocation,2197,7,203400,{'trace_kind': 'synthetic'},0.2034
isolation,2,streaming,FIFO,ProportionalAllocation,2197,7,231500,{'trace_kind': 'synthetic'},0.2315
isolation,3,streaming,FIFO,ProportionalAllocation,2197,7,219700,{'trace_kind': 'synthetic'},0.2197
isolation,4,streaming,FIFO,ProportionalAllocation,2197,7,226700,{'trace_kind': 'synthetic'},0.2267
isolation,5,streaming,FIFO,ProportionalAllocation,2197,7,236800,{'trace_kind': 'synthetic'},0.2368
isolation,6,streaming,FIFO,ProportionalAllocation,2197,7,244400,{'trace_kind': 'synthetic'},0.2444
isolation,7,streaming,FIFO,ProportionalAllocation,2197,7,254300,{'trace_kind': 'synthetic'},0.2543
isolation,0,streaming,FIFO,ProportionalAllocation,2197,8,200500,{'trace_kind': 'synthetic'},0.2005
isolation,1,streaming,FIFO,ProportionalAllocation,2197,8,204400,{'trace_kind': 'synthetic'},0.2044
isolation,2,streaming,FIFO,ProportionalAllocation,2197,8,211600,{'trace_kind': 'synthetic'},0.2116
isolation,3,streaming,FIFO,ProportionalAllocation,2197,8,221200,{'trace_kind': 'synthetic'},0.2212
isolation,4,streaming,FIFO,ProportionalAllocation,2197,8,222100,{'trace_kind': 'synthetic'},0.2221
isolation,5,streaming,FIFO,ProportionalAllocation,2197,8,233100,{'trace_kind': 'synthetic'},0.2331
isolation,6,streaming,FIFO,ProportionalAllocation,2197,8,245100,{'trace_kind': 'synthetic'},0.2451
isolation,7,streaming,FIFO,ProportionalAllocation,2197,8,256700,{'trace_kind': 'synthetic'},0.2567
isolation,0,streaming,FIFO,ProportionalAllocation,2197,9,195800,{'trace_kind': 'synthetic'},0.1958
isolation,1,streaming,FIFO,ProportionalAllocation,2197,9,204600,{'trace_kind': 'synthetic'},0.2046
isolation,2,streaming,FIFO,ProportionalAllocation,2197,9,214200,{'trace_kind': 'synthetic'},0.2142
isolation,3,streaming,FIFO,ProportionalAllocation,2197,9,217200,{'trace_kind': 'synthetic'},0.2172
isolation,4,streaming,FIFO,ProportionalAllocation,2197,9,227100,{'trace_kind': 'synthetic'},0.2271
isolation,5,streaming,FIFO,ProportionalAllocation,2197,9,235900,{'trace_kind': 'synthetic'},0.2359
isolation,6,streaming,FIFO,ProportionalAllocation,2197,9,244600,{'trace_kind': 'synthetic'},0.2446
isolation,7,streaming,FIFO,ProportionalAllocation,2197,9,255600,{'trace_kind': 'synthetic'},0.2556
isolation,0,streaming,LRU,GlobalAllocation,2197,0,298000,{'trace_kind': 'synthetic'},0.298
isolation,1,streaming,LRU,GlobalAllocation,2197,0,310700,{'trace_kind': 'synthetic'},0.3107
isolation,2,streaming,LRU,GlobalAllocation,2197,0,307900,{'trace_kind': 'synthetic'},0.3079
isolation,3,streaming,LRU,GlobalAllocation,2197,0,312800,{'trace_kind': 'synthetic'},0.3128
isolation,4,streaming,LRU,GlobalAllocation,2197,0,316600,{'trace_kind': 'synthetic'},0.3166
isolation,5,streaming,LRU,GlobalAllocation,2197,0,381000,{'trace_kind': 'synthetic'},0.381
isolation,6,streaming,LRU,GlobalAllocation,2197,0,345200,{'trace_kind': 'synthetic'},0.3452
isolation,7,streaming,LRU,GlobalAllocation,2197,0,346700,{'trace_kind': 'synthetic'},0.3467
isolation,0,streaming,LRU,GlobalAllocation,2197,1,326200,{'trace_kind': 'synthetic'},0.3262
isolation,1,streaming,LRU,GlobalAllocation,2197,1,337100,{'trace_kind': 'synthetic'},0.3371
isolation,2,streaming,LRU,GlobalAllocation,2197,1,349300,{'trace_kind': 'synthetic'},0.3493
isolation,3,streaming,LRU,GlobalAllocation,2197,1,342100,{'trace_kind': 'synthetic'},0.3421
isolation,4,streaming,LRU,GlobalAllocation,2197,1,345400,{'trace_kind': 'synthetic'},0.3454
isolation,5,streaming,LRU,GlobalAllocation,2197,1,360600,{'trace_kind': 'synthetic'},0.3606
isolation,6,streaming,LRU,GlobalAllocation,2197,1,367300,{'trace_kind': 'synthetic'},0.3673
isolation,7,streaming,LRU,GlobalAllocation,2197,1,384700,{'trace_kind': 'synthetic'},0.3847
isolation,0,streaming,LRU,GlobalAllocation,2197,2,321500,{'trace_kind': 'synthetic'},0.3215
isolation,1,streaming,LRU,GlobalAllocation,2197,2,330900,{'trace_kind': 'synthetic'},0.3309
isolation,2,streaming,LRU,GlobalAllocation,2197,2,339200,{'trace_kind': 'synthetic'},0.3392
isolation,3,streaming,LRU,GlobalAllocation,2197,2,349500,{'trace_kind': 'synthetic'},0.3495
isolation,4,streaming,LRU,GlobalAllocation,2197,2,355100,{'trace_kind': 'synthetic'},0.3551
isolation,5,streaming,LRU,GlobalAllocation,2197,2,358900,{'trace_kind': 'synthetic'},0.3589
isolation,6,streaming,LRU,GlobalAllocation,2197,2,369600,{'trace_kind': 'synthetic'},0.3696
isolation,7,streaming,LRU,GlobalAllocation,2197,2,381000,{'trace_kind': 'synthetic'},0.381
isolation,0,streaming,LRU,GlobalAllocation,2197,3,327300,{'trace_kind': 'synthetic'},0.3273
isolation,1,streaming,LRU,GlobalAllocation,2197,3,334100,{'trace_kind': 'synthetic'},0.3341
isolation,2,streaming,LRU,GlobalAllocation,2197,3,345600,{'trace_kind': 'synthetic'},0.3456
isolation,3,streaming,LRU,GlobalAllocation,2197,3,349500,{'trace_kind': 'synthetic'},0.3495
isolation,4,streaming,LRU,GlobalAllocation,2197,3,352600,{'trace_kind': 'synthetic'},0.3526
isolation,5,streaming,LRU,GlobalAllocation,2197,3,358600,{'trace_kind': 'synthetic'},0.3586
isolation,6,streaming,LRU,GlobalAllocation,2197,3,373000,{'trace_kind': 'synthetic'},0.373
isolation,7,streaming,LRU,GlobalAllocation,2197,3,388400,{'trace_kind': 'synthetic'},0.3884
isolation,0,streaming,LRU,GlobalAllocation,2197,4,325500,{'trace_kind': 'synthetic'},0.3255
isolation,1,streaming,LRU,GlobalAllocation,2197,4,336200,{'trace_kind': 'synthetic'},0.3362
isolation,2,streaming,LRU,GlobalAllocation,2197,4,341900,{'trace_kind': 'synthetic'},0.3419
isolation,3,streaming,LRU,GlobalAllocation,2197,4,342900,{'trace_kind': 'synthetic'},0.3429
isolation,4,streaming,LRU,GlobalAllocation,2197,4,352000,{'trace_kind': 'synthetic'},0.352
isolation,5,streaming,LRU,GlobalAllocation,2197,4,359900,{'trace_kind': 'synthetic'},0.3599
isolation,6,streaming,LRU,GlobalAllocation,2197,4,371300,{'trace_kind': 'synthetic'},0.3713
isolation,7,streaming,LRU,GlobalAllocation,2197,4,383400,{'trace_kind': 'synthetic'},0.3834
isolation,0,streaming,LRU,GlobalAllocation,2197,5,324500,{'trace_kind': 'synthetic'},0.3245
isolation,1,streaming,LRU,GlobalAllocation,2197,5,332100,{'trace_kind': 'synthetic'},0.3321
isolation,2,streaming,LRU,GlobalAllocation,2197,5,341100,{'trace_kind': 'synthetic'},0.3411
isolation,3,streaming,LRU,GlobalAllocation,2197,5,344900,{'trace_kind': 'synthetic'},0.3449
isolation,4,streaming,LRU,GlobalAllocation,2197,5,352000,{'trace_kind': 'synthetic'},0.352
isolation,5,streaming,LRU,GlobalAllocation,2197,5,360200,{'trace_kind': 'synthetic'},0.3602
isolation,6,streaming,LRU,GlobalAllocation,2197,5,366700,{'trace_kind': 'synthetic'},0.3667
isolation,7,streaming,LRU,GlobalAllocation,2197,5,384800,{'trace_kind': 'synthetic'},0.3848
isolation,0,streaming,LRU,GlobalAllocation,2197,6,325900,{'trace_kind': 'synthetic'},0.3259
isolation,1,streaming,LRU,GlobalAllocation,2197,6,332800,{'trace_kind': 'synthetic'},0.3328
isolation,2,streaming,LRU,GlobalAllocation,2197,6,333300,{'trace_kind': 'synthetic'},0.3333
isolation,3,streaming,LRU,GlobalAllocation,2197,6,345300,{'trace_kind': 'synthetic'},0.3453
isolation,4,streaming,LRU,GlobalAllocation,2197,6,347800,{'trace_kind': 'synthetic'},0.3478
isolation,5,streaming,LRU,GlobalAllocation,2197,6,364800,{'trace_kind': 'synthetic'},0.3648
isolation,6,streaming,LRU,GlobalAllocation,2197,6,368300,{'trace_kind': 'synthetic'},0.3683
isolation,7,streaming,LRU,GlobalAllocation,2197,6,377300,{'trace_kind': 'synthetic'},0.3773
isolation,0,streaming,LRU,GlobalAllocation,2197,7,380700,{'trace_kind': 'synthetic'},0.3807
isolation,1,streaming,LRU,GlobalAllocation,2197,7,334100,{'trace_kind': 'synthetic'},0.3341
isolation,2,streaming,LRU,GlobalAllocation,2197,7,343300,{'trace_kind': 'synthetic'},0.3433
isolation,3,streaming,LRU,GlobalAllocation,2197,7,341900,{'trace_kind': 'synthetic'},0.3419
isolation,4,streaming,LRU,GlobalAllocation,2197,7,352200,{'trace_kind': 'synthetic'},0.3522
isolation,5,streaming,LRU,GlobalAllocation,2197,7,359500,{'trace_kind': 'synthetic'},0.3595
isolation,6,streaming,LRU,GlobalAllocation,2197,7,369300,{'trace_kind': 'synthetic'},0.3693
isolation,7,streaming,LRU,GlobalAllocation,2197,7,394900,{'trace_kind': 'synthetic'},0.3949
isolation,0,streaming,LRU,GlobalAllocation,2197,8,332000,{'trace_kind': 'synthetic'},0.332
isolation,1,streaming,LRU,GlobalAllocation,2197,8,330900,{'trace_kind': 'synthetic'},0.3309
isolation,2,streaming,LRU,GlobalAllocation,2197,8,341000,{'trace_kind': 'synthetic'},0.341
isolation,3,streaming,LRU,GlobalAllocation,2197,8,348200,{'trace_kind': 'synthetic'},0.3482
isolation,4,streaming,LRU,GlobalAllocation,2197,8,348800,{'trace_kind': 'synthetic'},0.3488
isolation,5,streaming,LRU,GlobalAllocation,2197,8,360000,{'trace_kind': 'synthetic'},0.36
isolation,6,streaming,LRU,GlobalAllocation,2197,8,370800,{'trace_kind': 'synthetic'},0.3708
isolation,7,streaming,LRU,GlobalAllocation,2197,8,393700,{'trace_kind': 'synthetic'},0.3937
isolation,0,streaming,LRU,GlobalAllocation,2197,9,320400,{'trace_kind': 'synthetic'},0.3204
isolation,1,streaming,LRU,GlobalAllocation,2197,9,339100,{'trace_kind': 'synthetic'},0.3391
isolation,2,streaming,LRU,GlobalAllocation,2197,9,334600,{'trace_kind': 'synthetic'},0.3346
isolation,3,streaming,LRU,GlobalAllocation,2197,9,337600,{'trace_kind': 'synthetic'},0.3376
isolation,4,streaming,LRU,GlobalAllocation,2197,9,344300,{'trace_kind': 'synthetic'},0.3443
isolation,5,streaming,LRU,GlobalAllocation,2197,9,358100,{'trace_kind': 'synthetic'},0.3581
isolation,6,streaming,LRU,GlobalAllocation,2197,9,371300,{'trace_kind': 'synthetic'},0.3713
isolation,7,streaming,LRU,GlobalAllocation,2197,9,382500,{'trace_kind': 'synthetic'},0.3825
isolation,0,streaming,LRU,LocalAllocation,2197,0,323300,{'trace_kind': 'synthetic'},0.3233
isolation,1,streaming,LRU,LocalAllocation,2197,0,332300,{'trace_kind': 'synthetic'},0.3323
isolation,2,streaming,LRU,LocalAllocation,2197,0,336100,{'trace_kind': 'synthetic'},0.3361
isolation,3,streaming,LRU,LocalAllocation,2197,0,347000,{'trace_kind': 'synthetic'},0.347
isolation,4,streaming,LRU,LocalAllocation,2197,0,345600,{'trace_kind': 'synthetic'},0.3456
isolation,5,streaming,LRU,LocalAllocation,2197,0,357000,{'trace_kind': 'synthetic'},0.357
isolation,6,streaming,LRU,LocalAllocation,2197,0,370800,{'trace_kind': 'synthetic'},0.3708
isolation,7,streaming,LRU,LocalAllocation,2197,0,387700,{'trace_kind': 'synthetic'},0.3877
isolation,0,streaming,LRU,LocalAllocation,2197,1,324100,{'trace_kind': 'synthetic'},0.3241
isolation,1,streaming,LRU,LocalAllocation,2197,1,330800,{'trace_kind': 'synthetic'},0.3308
isolation,2,streaming,LRU,LocalAllocation,2197,1,339000,{'trace_kind': 'synthetic'},0.339
isolation,3,streaming,LRU,LocalAllocation,2197,1,342900,{'trace_kind': 'synthetic'},0.3429
isolation,4,streaming,LRU,LocalAllocation,2197,1,388500,{'trace_kind': 'synthetic'},0.3885
isolation,5,streaming,LRU,LocalAllocation,2197,1,375900,{'trace_kind': 'synthetic'},0.3759
isolation,6,streaming,LRU,LocalAllocation,2197,1,375200,{'trace_kind': 'synthetic'},0.3752
isolation,7,streaming,LRU,LocalAllocation,2197,1,386200,{'trace_kind': 'synthetic'},0.3862
isolation,0,streaming,LRU,LocalAllocation,2197,2,326700,{'trace_kind': 'synthetic'},0.3267
isolation,1,streaming,LRU,LocalAllocation,2197,2,366600,{'trace_kind': 'synthetic'},0.3666
isolation,2,streaming,LRU,LocalAllocation,2197,2,344300,{'trace_kind': 'synthetic'},0.3443
isolation,3,streaming,LRU,LocalAllocation,2197,2,775600,{'trace_kind': 'synthetic'},0.7756
isolation,4,streaming,LRU,LocalAllocation,2197,2,663200,{'trace_kind': 'synthetic'},0.6632
isolation,5,streaming,LRU,LocalAllocation,2197,2,760200,{'trace_kind': 'synthetic'},0.7602
isolation,6,streaming,LRU,LocalAllocation,2197,2,801600,{'trace_kind': 'synthetic'},0.8016
isolation,7,streaming,LRU,LocalAllocation,2197,2,441400,{'trace_kind': 'synthetic'},0.4414
isolation,0,streaming,LRU,LocalAllocation,2197,3,324300,{'trace_kind': 'synthetic'},0.3243
isolation,1,streaming,LRU,LocalAllocation,2197,3,330400,{'trace_kind': 'synthetic'},0.3304
isolation,2,streaming,LRU,LocalAllocation,2197,3,341200,{'trace_kind': 'synthetic'},0.3412
isolation,3,streaming,LRU,LocalAllocation,2197,3,351200,{'trace_kind': 'synthetic'},0.3512
isolation,4,streaming,LRU,LocalAllocation,2197,3,353700,{'trace_kind': 'synthetic'},0.3537
isolation,5,streaming,LRU,LocalAllocation,2197,3,359800,{'trace_kind': 'synthetic'},0.3598
isolation,6,streaming,LRU,LocalAllocation,2197,3,367300,{'trace_kind': 'synthetic'},0.3673
isolation,7,streaming,LRU,LocalAllocation,2197,3,380200,{'trace_kind': 'synthetic'},0.3802
isolation,0,streaming,LRU,LocalAllocation,2197,4,324200,{'trace_kind': 'synthetic'},0.3242
isolation,1,streaming,LRU,LocalAllocation,2197,4,336500,{'trace_kind': 'synthetic'},0.3365
isolation,2,streaming,LRU,LocalAllocation,2197,4,341100,{'trace_kind': 'synthetic'},0.3411
isolation,3,streaming,LRU,LocalAllocation,2197,4,345900,{'trace_kind': 'synthetic'},0.3459
isolation,4,streaming,LRU,LocalAllocation,2197,4,349400,{'trace_kind': 'synthetic'},0.3494
isolation,5,streaming,LRU,LocalAllocation,2197,4,361400,{'trace_kind': 'synthetic'},0.3614
isolation,6,streaming,LRU,LocalAllocation,2197,4,371600,{'trace_kind': 'synthetic'},0.3716
isolation,7,streaming,LRU,LocalAllocation,2197,4,386500,{'trace_kind': 'synthetic'},0.3865
isolation,0,streaming,LRU,LocalAllocation,2197,5,326300,{'trace_kind': 'synthetic'},0.3263
isolation,1,streaming,LRU,LocalAllocation,2197,5,335800,{'trace_kind': 'synthetic'},0.3358
isolation,2,streaming,LRU,LocalAllocation,2197,5,340300,{'trace_kind': 'synthetic'},0.3403
isolation,3,streaming,LRU,LocalAllocation,2197,5,347000,{'trace_kind': 'synthetic'},0.347
isolation,4,streaming,LRU,LocalAllocation,2197,5,350100,{'trace_kind': 'synthetic'},0.3501
isolation,5,streaming,LRU,LocalAllocation,2197,5,367300,{'trace_kind': 'synthetic'},0.3673
isolation,6,streaming,LRU,LocalAllocation,2197,5,370500,{'trace_kind': 'synthetic'},0.3705
isolation,7,streaming,LRU,LocalAllocation,2197,5,384900,{'trace_kind': 'synthetic'},0.3849
isolation,0,streaming,LRU,LocalAllocation,2197,6,325700,{'trace_kind': 'synthetic'},0.3257
isolation,1,streaming,LRU,LocalAllocation,2197,6,335900,{'trace_kind': 'synthetic'},0.3359
isolation,2,streaming,LRU,LocalAllocation,2197,6,335100,{'trace_kind': 'synthetic'},0.3351
isolation,3,streaming,LRU,LocalAllocation,2197,6,346300,{'trace_kind': 'synthetic'},0.3463
isolation,4,streaming,LRU,LocalAllocation,2197,6,354500,{'trace_kind': 'synthetic'},0.3545
isolation,5,streaming,LRU,LocalAllocation,2197,6,360300,{'trace_kind': 'synthetic'},0.3603
isolation,6,streaming,LRU,LocalAllocation,2197,6,374300,{'trace_kind': 'synthetic'},0.3743
isolation,7,streaming,LRU,LocalAllocation,2197,6,386800,{'trace_kind': 'synthetic'},0.3868
isolation,0,streaming,LRU,LocalAllocation,2197,7,322300,{'trace_kind': 'synthetic'},0.3223
isolation,1,streaming,LRU,LocalAllocation,2197,7,345600,{'trace_kind': 'synthetic'},0.3456
isolation,2,streaming,LRU,LocalAllocation,2197,7,341000,{'trace_kind': 'synthetic'},0.341
isolation,3,streaming,LRU,LocalAllocation,2197,7,340800,{'trace_kind': 'synthetic'},0.3408
isolation,4,streaming,LRU,LocalAllocation,2197,7,351000,{'trace_kind': 'synthetic'},0.351
isolation,5,streaming,LRU,LocalAllocation,2197,7,360600,{'trace_kind': 'synthetic'},0.3606
isolation,6,streaming,LRU,LocalAllocation,2197,7,371300,{'trace_kind': 'synthetic'},0.3713
isolation,7,streaming,LRU,LocalAllocation,2197,7,377000,{'trace_kind': 'synthetic'},0.377
isolation,0,streaming,LRU,LocalAllocation,2197,8,327100,{'trace_kind': 'synthetic'},0.3271
isolation,1,streaming,LRU,LocalAllocation,2197,8,329400,{'trace_kind': 'synthetic'},0.3294
isolation,2,streaming,LRU,LocalAllocation,2197,8,336300,{'trace_kind': 'synthetic'},0.3363
isolation,3,streaming,LRU,LocalAllocation,2197,8,344500,{'trace_kind': 'synthetic'},0.3445
isolation,4,streaming,LRU,LocalAllocation,2197,8,350400,{'trace_kind': 'synthetic'},0.3504
isolation,5,streaming,LRU,LocalAllocation,2197,8,358400,{'trace_kind': 'synthetic'},0.3584
isolation,6,streaming,LRU,LocalAllocation,2197,8,374200,{'trace_kind': 'synthetic'},0.3742
isolation,7,streaming,LRU,LocalAllocation,2197,8,389700,{'trace_kind': 'synthetic'},0.3897
isolation,0,streaming,LRU,LocalAllocation,2197,9,320900,{'trace_kind': 'synthetic'},0.3209
isolation,1,streaming,LRU,LocalAllocation,2197,9,330700,{'trace_kind': 'synthetic'},0.3307
isolation,2,streaming,LRU,LocalAllocation,2197,9,331700,{'trace_kind': 'synthetic'},0.3317
isolation,3,streaming,LRU,LocalAllocation,2197,9,344400,{'trace_kind': 'synthetic'},0.3444
isolation,4,streaming,LRU,LocalAllocation,2197,9,345700,{'trace_kind': 'synthetic'},0.3457
isolation,5,streaming,LRU,LocalAllocation,2197,9,356900,{'trace_kind': 'synthetic'},0.3569
isolation,6,streaming,LRU,LocalAllocation,2197,9,374300,{'trace_kind': 'synthetic'},0.3743
isolation,7,streaming,LRU,LocalAllocation,2197,9,383200,{'trace_kind': 'synthetic'},0.3832
isolation,0,streaming,LRU,ProportionalAllocation,2197,0,328700,{'trace_kind': 'synthetic'},0.3287
isolation,1,streaming,LRU,ProportionalAllocation,2197,0,334100,{'trace_kind': 'synthetic'},0.3341
isolation,2,streaming,LRU,ProportionalAllocation,2197,0,338200,{'trace_kind': 'synthetic'},0.3382
isolation,3,streaming,LRU,ProportionalAllocation,2197,0,347300,{'trace_kind': 'synthetic'},0.3473
isolation,4,streaming,LRU,ProportionalAllocation,2197,0,348700,{'trace_kind': 'synthetic'},0.3487
isolation,5,streaming,LRU,ProportionalAllocation,2197,0,360500,{'trace_kind': 'synthetic'},0.3605
isolation,6,streaming,LRU,ProportionalAllocation,2197,0,371300,{'trace_kind': 'synthetic'},0.3713
isolation,7,streaming,LRU,ProportionalAllocation,2197,0,381700,{'trace_kind': 'synthetic'},0.3817
isolation,0,streaming,LRU,ProportionalAllocation,2197,1,333400,{'trace_kind': 'synthetic'},0.3334
isolation,1,streaming,LRU,ProportionalAllocation,2197,1,351600,{'trace_kind': 'synthetic'},0.3516
isolation,2,streaming,LRU,ProportionalAllocation,2197,1,332400,{'trace_kind': 'synthetic'},0.3324
isolation,3,streaming,LRU,ProportionalAllocation,2197,1,347000,{'trace_kind': 'synthetic'},0.347
isolation,4,streaming,LRU,ProportionalAllocation,2197,1,348500,{'trace_kind': 'synthetic'},0.3485
isolation,5,streaming,LRU,ProportionalAllocation,2197,1,358700,{'trace_kind': 'synthetic'},0.3587
isolation,6,streaming,LRU,ProportionalAllocation,2197,1,375500,{'trace_kind': 'synthetic'},0.3755
isolation,7,streaming,LRU,ProportionalAllocation,2197,1,380100,{'trace_kind': 'synthetic'},0.3801
isolation,0,streaming,LRU,ProportionalAllocation,2197,2,317600,{'trace_kind': 'synthetic'},0.3176
isolation,1,streaming,LRU,ProportionalAllocation,2197,2,327200,{'trace_kind': 'synthetic'},0.3272
isolation,2,streaming,LRU,ProportionalAllocation,2197,2,339500,{'trace_kind': 'synthetic'},0.3395
isolation,3,streaming,LRU,ProportionalAllocation,2197,2,348800,{'trace_kind': 'synthetic'},0.3488
isolation,4,streaming,LRU,ProportionalAllocation,2197,2,350600,{'trace_kind': 'synthetic'},0.3506
isolation,5,streaming,LRU,ProportionalAllocation,2197,2,357100,{'trace_kind': 'synthetic'},0.3571
isolation,6,streaming,LRU,ProportionalAllocation,2197,2,373900,{'trace_kind': 'synthetic'},0.3739
isolation,7,streaming,LRU,ProportionalAllocation,2197,2,382000,{'trace_kind': 'synthetic'},0.382
isolation,0,streaming,LRU,ProportionalAllocation,2197,3,322600,{'trace_kind': 'synthetic'},0.3226
isolation,1,streaming,LRU,ProportionalAllocation,2197,3,336200,{'trace_kind': 'synthetic'},0.3362
isolation,2,streaming,LRU,ProportionalAllocation,2197,3,335800,{'trace_kind': 'synthetic'},0.3358
isolation,3,streaming,LRU,ProportionalAllocation,2197,3,345000,{'trace_kind': 'synthetic'},0.345
isolation,4,streaming,LRU,ProportionalAllocation,2197,3,351300,{'trace_kind': 'synthetic'},0.3513
isolation,5,streaming,LRU,ProportionalAllocation,2197,3,357600,{'trace_kind': 'synthetic'},0.3576
isolation,6,streaming,LRU,ProportionalAllocation,2197,3,362400,{'trace_kind': 'synthetic'},0.3624
isolation,7,streaming,LRU,ProportionalAllocation,2197,3,414100,{'trace_kind': 'synthetic'},0.4141
isolation,0,streaming,LRU,ProportionalAllocation,2197,4,320900,{'trace_kind': 'synthetic'},0.3209
isolation,1,streaming,LRU,ProportionalAllocation,2197,4,329500,{'trace_kind': 'synthetic'},0.3295
isolation,2,streaming,LRU,ProportionalAllocation,2197,4,336700,{'trace_kind': 'synthetic'},0.3367
isolation,3,streaming,LRU,ProportionalAllocation,2197,4,343400,{'trace_kind': 'synthetic'},0.3434
isolation,4,streaming,LRU,ProportionalAllocation,2197,4,346800,{'trace_kind': 'synthetic'},0.3468
isolation,5,streaming,LRU,ProportionalAllocation,2197,4,356100,{'trace_kind': 'synthetic'},0.3561
isolation,6,streaming,LRU,ProportionalAllocation,2197,4,367600,{'trace_kind': 'synthetic'},0.3676
isolation,7,streaming,LRU,ProportionalAllocation,2197,4,421700,{'trace_kind': 'synthetic'},0.4217
isolation,0,streaming,LRU,ProportionalAllocation,2197,5,309000,{'trace_kind': 'synthetic'},0.309
isolation,1,streaming,LRU,ProportionalAllocation,2197,5,319600,{'trace_kind': 'synthetic'},0.3196
isolation,2,streaming,LRU,ProportionalAllocation,2197,5,316400,{'trace_kind': 'synthetic'},0.3164
isolation,3,streaming,LRU,ProportionalAllocation,2197,5,347500,{'trace_kind': 'synthetic'},0.3475
isolation,4,streaming,LRU,ProportionalAllocation,2197,5,352900,{'trace_kind': 'synthetic'},0.3529
isolation,5,streaming,LRU,ProportionalAllocation,2197,5,358000,{'trace_kind': 'synthetic'},0.358
isolation,6,streaming,LRU,ProportionalAllocation,2197,5,375000,{'trace_kind': 'synthetic'},0.375
isolation,7,streaming,LRU,ProportionalAllocation,2197,5,375800,{'trace_kind': 'synthetic'},0.3758
isolation,0,streaming,LRU,ProportionalAllocation,2197,6,330200,{'trace_kind': 'synthetic'},0.3302
isolation,1,streaming,LRU,ProportionalAllocation,2197,6,334900,{'trace_kind': 'synthetic'},0.3349
isolation,2,streaming,LRU,ProportionalAllocation,2197,6,337200,{'trace_kind': 'synthetic'},0.3372
isolation,3,streaming,LRU,ProportionalAllocation,2197,6,348400,{'trace_kind': 'synthetic'},0.3484
isolation,4,streaming,LRU,ProportionalAllocation,2197,6,351700,{'trace_kind': 'synthetic'},0.3517
isolation,5,streaming,LRU,ProportionalAllocation,2197,6,359000,{'trace_kind': 'synthetic'},0.359
isolation,6,streaming,LRU,ProportionalAllocation,2197,6,369200,{'trace_kind': 'synthetic'},0.3692
isolation,7,streaming,LRU,ProportionalAllocation,2197,6,381400,{'trace_kind': 'synthetic'},0.3814
isolation,0,streaming,LRU,ProportionalAllocation,2197,7,324000,{'trace_kind': 'synthetic'},0.324
isolation,1,streaming,LRU,ProportionalAllocation,2197,7,330100,{'trace_kind': 'synthetic'},0.3301
isolation,2,streaming,LRU,ProportionalAllocation,2197,7,338100,{'trace_kind': 'synthetic'},0.3381
isolation,3,streaming,LRU,ProportionalAllocation,2197,7,343800,{'trace_kind': 'synthetic'},0.3438
isolation,4,streaming,LRU,ProportionalAllocation,2197,7,350600,{'trace_kind': 'synthetic'},0.3506
isolation,5,streaming,LRU,ProportionalAllocation,2197,7,358000,{'trace_kind': 'synthetic'},0.358
isolation,6,streaming,LRU,ProportionalAllocation,2197,7,376000,{'trace_kind': 'synthetic'},0.376
isolation,7,streaming,LRU,ProportionalAllocation,2197,7,385500,{'trace_kind': 'synthetic'},0.3855
isolation,0,streaming,LRU,ProportionalAllocation,2197,8,319200,{'trace_kind': 'synthetic'},0.3192
isolation,1,streaming,LRU,ProportionalAllocation,2197,8,322300,{'trace_kind': 'synthetic'},0.3223
isolation,2,streaming,LRU,ProportionalAllocation,2197,8,320100,{'trace_kind': 'synthetic'},0.3201
isolation,3,streaming,LRU,ProportionalAllocation,2197,8,331800,{'trace_kind': 'synthetic'},0.3318
isolation,4,streaming,LRU,ProportionalAllocation,2197,8,342500,{'trace_kind': 'synthetic'},0.3425
isolation,5,streaming,LRU,ProportionalAllocation,2197,8,366200,{'trace_kind': 'synthetic'},0.3662
isolation,6,streaming,LRU,ProportionalAllocation,2197,8,373900,{'trace_kind': 'synthetic'},0.3739
isolation,7,streaming,LRU,ProportionalAllocation,2197,8,380800,{'trace_kind': 'synthetic'},0.3808
isolation,0,streaming,LRU,ProportionalAllocation,2197,9,320500,{'trace_kind': 'synthetic'},0.3205
isolation,1,streaming,LRU,ProportionalAllocation,2197,9,332300,{'trace_kind': 'synthetic'},0.3323
isolation,2,streaming,LRU,ProportionalAllocation,2197,9,340400,{'trace_kind': 'synthetic'},0.3404
isolation,3,streaming,LRU,ProportionalAllocation,2197,9,340700,{'trace_kind': 'synthetic'},0.3407
isolation,4,streaming,LRU,ProportionalAllocation,2197,9,344900,{'trace_kind': 'synthetic'},0.3449
isolation,5,streaming,LRU,ProportionalAllocation,2197,9,361700,{'trace_kind': 'synthetic'},0.3617
isolation,6,streaming,LRU,ProportionalAllocation,2197,9,375200,{'trace_kind': 'synthetic'},0.3752
isolation,7,streaming,LRU,ProportionalAllocation,2197,9,379600,{'trace_kind': 'synthetic'},0.3796
isolation,0,streaming,NRU,GlobalAllocation,2197,0,350700,{'trace_kind': 'synthetic'},0.3507
isolation,1,streaming,NRU,GlobalAllocation,2197,0,358300,{'trace_kind': 'synthetic'},0.3583
isolation,2,streaming,NRU,GlobalAllocation,2197,0,344800,{'trace_kind': 'synthetic'},0.3448
isolation,3,streaming,NRU,GlobalAllocation,2197,0,360700,{'trace_kind': 'synthetic'},0.3607
isolation,4,streaming,NRU,GlobalAllocation,2197,0,365100,{'trace_kind': 'synthetic'},0.3651
isolation,5,streaming,NRU,GlobalAllocation,2197,0,376300,{'trace_kind': 'synthetic'},0.3763
isolation,6,streaming,NRU,GlobalAllocation,2197,0,386200,{'trace_kind': 'synthetic'},0.3862
isolation,7,streaming,NRU,GlobalAllocation,2197,0,409400,{'trace_kind': 'synthetic'},0.4094
isolation,0,streaming,NRU,GlobalAllocation,2197,1,351300,{'trace_kind': 'synthetic'},0.3513
isolation,1,streaming,NRU,GlobalAllocation,2197,1,357000,{'trace_kind': 'synthetic'},0.357
isolation,2,streaming,NRU,GlobalAllocation,2197,1,364900,{'trace_kind': 'synthetic'},0.3649
isolation,3,streaming,NRU,GlobalAllocation,2197,1,381200,{'trace_kind': 'synthetic'},0.3812
isolation,4,streaming,NRU,GlobalAllocation,2197,1,384800,{'trace_kind': 'synthetic'},0.3848
isolation,5,streaming,NRU,GlobalAllocation,2197,1,400400,{'trace_kind': 'synthetic'},0.4004
isolation,6,streaming,NRU,GlobalAllocation,2197,1,427000,{'trace_kind': 'synthetic'},0.427
isolation,7,streaming,NRU,GlobalAllocation,2197,1,423800,{'trace_kind': 'synthetic'},0.4238
isolation,0,streaming,NRU,GlobalAllocation,2197,2,363200,{'trace_kind': 'synthetic'},0.3632
isolation,1,streaming,NRU,GlobalAllocation,2197,2,366400,{'trace_kind': 'synthetic'},0.3664
isolation,2,streaming,NRU,GlobalAllocation,2197,2,383900,{'trace_kind': 'synthetic'},0.3839
isolation,3,streaming,NRU,GlobalAllocation,2197,2,373100,{'trace_kind': 'synthetic'},0.3731
isolation,4,streaming,NRU,GlobalAllocation,2197,2,385800,{'trace_kind': 'synthetic'},0.3858
isolation,5,streaming,NRU,GlobalAllocation,2197,2,395000,{'trace_kind': 'synthetic'},0.395
isolation,6,streaming,NRU,GlobalAllocation,2197,2,408200,{'trace_kind': 'synthetic'},0.4082
isolation,7,streaming,NRU,GlobalAllocation,2197,2,427700,{'trace_kind': 'synthetic'},0.4277
isolation,0,streaming,NRU,GlobalAllocation,2197,3,367000,{'trace_kind': 'synthetic'},0.367
isolation,1,streaming,NRU,GlobalAllocation,2197,3,356200,{'trace_kind': 'synthetic'},0.3562
isolation,2,streaming,NRU,GlobalAllocation,2197,3,366700,{'trace_kind': 'synthetic'},0.3667
isolation,3,streaming,NRU,GlobalAllocation,2197,3,376200,{'trace_kind': 'synthetic'},0.3762
isolation,4,streaming,NRU,GlobalAllocation,2197,3,383900,{'trace_kind': 'synthetic'},0.3839
isolation,5,streaming,NRU,GlobalAllocation,2197,3,421500,{'trace_kind': 'synthetic'},0.4215
isolation,6,streaming,NRU,GlobalAllocation,2197,3,412000,{'trace_kind': 'synthetic'},0.412
isolation,7,streaming,NRU,GlobalAllocation,2197,3,436800,{'trace_kind': 'synthetic'},0.4368
isolation,0,streaming,NRU,GlobalAllocation,2197,4,355300,{'trace_kind': 'synthetic'},0.3553
isolation,1,streaming,NRU,GlobalAllocation,2197,4,362900,{'trace_kind': 'synthetic'},0.3629
isolation,2,streaming,NRU,GlobalAllocation,2197,4,368500,{'trace_kind': 'synthetic'},0.3685
isolation,3,streaming,NRU,GlobalAllocation,2197,4,376100,{'trace_kind': 'synthetic'},0.3761
isolation,4,streaming,NRU,GlobalAllocation,2197,4,424200,{'trace_kind': 'synthetic'},0.4242
isolation,5,streaming,NRU,GlobalAllocation,2197,4,397700,{'trace_kind': 'synthetic'},0.3977
isolation,6,streaming,NRU,GlobalAllocation,2197,4,416000,{'trace_kind': 'synthetic'},0.416
isolation,7,streaming,NRU,GlobalAllocation,2197,4,438200,{'trace_kind': 'synthetic'},0.4382
isolation,0,streaming,NRU,GlobalAllocation,2197,5,356700,{'trace_kind': 'synthetic'},0.3567
isolation,1,streaming,NRU,GlobalAllocation,2197,5,361100,{'trace_kind': 'synthetic'},0.3611
isolation,2,streaming,NRU,GlobalAllocation,2197,5,380900,{'trace_kind': 'synthetic'},0.3809
isolation,3,streaming,NRU,GlobalAllocation,2197,5,395400,{'trace_kind': 'synthetic'},0.3954
isolation,4,streaming,NRU,GlobalAllocation,2197,5,391000,{'trace_kind': 'synthetic'},0.391
isolation,5,streaming,NRU,GlobalAllocation,2197,5,410900,{'trace_kind': 'synthetic'},0.4109
isolation,6,streaming,NRU,GlobalAllocation,2197,5,409300,{'trace_kind': 'synthetic'},0.4093
isolation,7,streaming,NRU,GlobalAllocation,2197,5,420400,{'trace_kind': 'synthetic'},0.4204
isolation,0,streaming,NRU,GlobalAllocation,2197,6,368400,{'trace_kind': 'synthetic'},0.3684
isolation,1,streaming,NRU,GlobalAllocation,2197,6,357300,{'trace_kind': 'synthetic'},0.3573
isolation,2,streaming,NRU,GlobalAllocation,2197,6,376300,{'trace_kind': 'synthetic'},0.3763
isolation,3,streaming,NRU,GlobalAllocation,2197,6,374600,{'trace_kind': 'synthetic'},0.3746
isolation,4,streaming,NRU,GlobalAllocation,2197,6,380400,{'trace_kind': 'synthetic'},0.3804
isolation,5,streaming,NRU,GlobalAllocation,2197,6,400800,{'trace_kind': 'synthetic'},0.4008
isolation,6,streaming,NRU,GlobalAllocation,2197,6,413400,{'trace_kind': 'synthetic'},0.4134
isolation,7,streaming,NRU,GlobalAllocation,2197,6,422800,{'trace_kind': 'synthetic'},0.4228
isolation,0,streaming,NRU,GlobalAllocation,2197,7,350600,{'trace_kind': 'synthetic'},0.3506
isolation,1,streaming,NRU,GlobalAllocation,2197,7,365800,{'trace_kind': 'synthetic'},0.3658
isolation,2,streaming,NRU,GlobalAllocation,2197,7,369800,{'trace_kind': 'synthetic'},0.3698
isolation,3,streaming,NRU,GlobalAllocation,2197,7,390300,{'trace_kind': 'synthetic'},0.3903
isolation,4,streaming,NRU,GlobalAllocation,2197,7,386200,{'trace_kind': 'synthetic'},0.3862
isolation,5,streaming,NRU,GlobalAllocation,2197,7,398200,{'trace_kind': 'synthetic'},0.3982
isolation,6,streaming,NRU,GlobalAllocation,2197,7,426200,{'trace_kind': 'synthetic'},0.4262
isolation,7,streaming,NRU,GlobalAllocation,2197,7,446700,{'trace_kind': 'synthetic'},0.4467
isolation,0,streaming,NRU,GlobalAllocation,2197,8,354700,{'trace_kind': 'synthetic'},0.3547
isolation,1,streaming,NRU,GlobalAllocation,2197,8,353900,{'trace_kind': 'synthetic'},0.3539
isolation,2,streaming,NRU,GlobalAllocation,2197,8,365700,{'trace_kind': 'synthetic'},0.3657
isolation,3,streaming,NRU,GlobalAllocation,2197,8,402900,{'trace_kind': 'synthetic'},0.4029
isolation,4,streaming,NRU,GlobalAllocation,2197,8,402300,{'trace_kind': 'synthetic'},0.4023
isolation,5,streaming,NRU,GlobalAllocation,2197,8,394000,{'trace_kind': 'synthetic'},0.394
isolation,6,streaming,NRU,GlobalAllocation,2197,8,416500,{'trace_kind': 'synthetic'},0.4165
isolation,7,streaming,NRU,GlobalAllocation,2197,8,432900,{'trace_kind': 'synthetic'},0.4329
isolation,0,streaming,NRU,GlobalAllocation,2197,9,348300,{'trace_kind': 'synthetic'},0.3483
isolation,1,streaming,NRU,GlobalAllocation,2197,9,360500,{'trace_kind': 'synthetic'},0.3605
isolation,2,streaming,NRU,GlobalAllocation,2197,9,366700,{'trace_kind': 'synthetic'},0.3667
isolation,3,streaming,NRU,GlobalAllocation,2197,9,372600,{'trace_kind': 'synthetic'},0.3726
isolation,4,streaming,NRU,GlobalAllocation,2197,9,388600,{'trace_kind': 'synthetic'},0.3886
isolation,5,streaming,NRU,GlobalAllocation,2197,9,400200,{'trace_kind': 'synthetic'},0.4002
isolation,6,streaming,NRU,GlobalAllocation,2197,9,419200,{'trace_kind': 'synthetic'},0.4192
isolation,7,streaming,NRU,GlobalAllocation,2197,9,427500,{'trace_kind': 'synthetic'},0.4275
isolation,0,streaming,NRU,LocalAllocation,2197,0,346100,{'trace_kind': 'synthetic'},0.3461
isolation,1,streaming,NRU,LocalAllocation,2197,0,356900,{'trace_kind': 'synthetic'},0.3569
isolation,2,streaming,NRU,LocalAllocation,2197,0,360400,{'trace_kind': 'synthetic'},0.3604
isolation,3,streaming,NRU,LocalAllocation,2197,0,373600,{'trace_kind': 'synthetic'},0.3736
isolation,4,streaming,NRU,LocalAllocation,2197,0,396600,{'trace_kind': 'synthetic'},0.3966
isolation,5,streaming,NRU,LocalAllocation,2197,0,396500,{'trace_kind': 'synthetic'},0.3965
isolation,6,streaming,NRU,LocalAllocation,2197,0,407000,{'trace_kind': 'synthetic'},0.407
isolation,7,streaming,NRU,LocalAllocation,2197,0,426500,{'trace_kind': 'synthetic'},0.4265
isolation,0,streaming,NRU,LocalAllocation,2197,1,361600,{'trace_kind': 'synthetic'},0.3616
isolation,1,streaming,NRU,LocalAllocation,2197,1,373200,{'trace_kind': 'synthetic'},0.3732
isolation,2,streaming,NRU,LocalAllocation,2197,1,381800,{'trace_kind': 'synthetic'},0.3818
isolation,3,streaming,NRU,LocalAllocation,2197,1,391300,{'trace_kind': 'synthetic'},0.3913
isolation,4,streaming,NRU,LocalAllocation,2197,1,383700,{'trace_kind': 'synthetic'},0.3837
isolation,5,streaming,NRU,LocalAllocation,2197,1,396300,{'trace_kind': 'synthetic'},0.3963
isolation,6,streaming,NRU,LocalAllocation,2197,1,417400,{'trace_kind': 'synthetic'},0.4174
isolation,7,streaming,NRU,LocalAllocation,2197,1,424400,{'trace_kind': 'synthetic'},0.4244
isolation,0,streaming,NRU,LocalAllocation,2197,2,343700,{'trace_kind': 'synthetic'},0.3437
isolation,1,streaming,NRU,LocalAllocation,2197,2,353200,{'trace_kind': 'synthetic'},0.3532
isolation,2,streaming,NRU,LocalAllocation,2197,2,364900,{'trace_kind': 'synthetic'},0.3649
isolation,3,streaming,NRU,LocalAllocation,2197,2,378300,{'trace_kind': 'synthetic'},0.3783
isolation,4,streaming,NRU,LocalAllocation,2197,2,382400,{'trace_kind': 'synthetic'},0.3824
isolation,5,streaming,NRU,LocalAllocation,2197,2,390200,{'trace_kind': 'synthetic'},0.3902
isolation,6,streaming,NRU,LocalAllocation,2197,2,415200,{'trace_kind': 'synthetic'},0.4152
isolation,7,streaming,NRU,LocalAllocation,2197,2,421600,{'trace_kind': 'synthetic'},0.4216
isolation,0,streaming,NRU,LocalAllocation,2197,3,349500,{'trace_kind': 'synthetic'},0.3495
isolation,1,streaming,NRU,LocalAllocation,2197,3,363600,{'trace_kind': 'synthetic'},0.3636
isolation,2,streaming,NRU,LocalAllocation,2197,3,370500,{'trace_kind': 'synthetic'},0.3705
isolation,3,streaming,NRU,LocalAllocation,2197,3,379000,{'trace_kind': 'synthetic'},0.379
isolation,4,streaming,NRU,LocalAllocation,2197,3,400700,{'trace_kind': 'synthetic'},0.4007
isolation,5,streaming,NRU,LocalAllocation,2197,3,394800,{'trace_kind': 'synthetic'},0.3948
isolation,6,streaming,NRU,LocalAllocation,2197,3,424900,{'trace_kind': 'synthetic'},0.4249
isolation,7,streaming,NRU,LocalAllocation,2197,3,419900,{'trace_kind': 'synthetic'},0.4199
isolation,0,streaming,NRU,LocalAllocation,2197,4,364800,{'trace_kind': 'synthetic'},0.3648
isolation,1,streaming,NRU,LocalAllocation,2197,4,358300,{'trace_kind': 'synthetic'},0.3583
isolation,2,streaming,NRU,LocalAllocation,2197,4,386200,{'trace_kind': 'synthetic'},0.3862
isolation,3,streaming,NRU,LocalAllocation,2197,4,380400,{'trace_kind': 'synthetic'},0.3804
isolation,4,streaming,NRU,LocalAllocation,2197,4,403200,{'trace_kind': 'synthetic'},0.4032
isolation,5,streaming,NRU,LocalAllocation,2197,4,398100,{'trace_kind': 'synthetic'},0.3981
isolation,6,streaming,NRU,LocalAllocation,2197,4,428300,{'trace_kind': 'synthetic'},0.4283
isolation,7,streaming,NRU,LocalAllocation,2197,4,442400,{'trace_kind': 'synthetic'},0.4424
isolation,0,streaming,NRU,LocalAllocation,2197,5,347900,{'trace_kind': 'synthetic'},0.3479
isolation,1,streaming,NRU,LocalAllocation,2197,5,372100,{'trace_kind': 'synthetic'},0.3721
isolation,2,streaming,NRU,LocalAllocation,2197,5,363200,{'trace_kind': 'synthetic'},0.3632
isolation,3,streaming,NRU,LocalAllocation,2197,5,377200,{'trace_kind': 'synthetic'},0.3772
isolation,4,streaming,NRU,LocalAllocation,2197,5,386900,{'trace_kind': 'synthetic'},0.3869
isolation,5,streaming,NRU,LocalAllocation,2197,5,396700,{'trace_kind': 'synthetic'},0.3967
isolation,6,streaming,NRU,LocalAllocation,2197,5,411100,{'trace_kind': 'synthetic'},0.4111
isolation,7,streaming,NRU,LocalAllocation,2197,5,420000,{'trace_kind': 'synthetic'},0.42
isolation,0,streaming,NRU,LocalAllocation,2197,6,348800,{'trace_kind': 'synthetic'},0.3488
isolation,1,streaming,NRU,LocalAllocation,2197,6,360800,{'trace_kind': 'synthetic'},0.3608
isolation,2,streaming,NRU,LocalAllocation,2197,6,381100,{'trace_kind': 'synthetic'},0.3811
isolation,3,streaming,NRU,LocalAllocation,2197,6,403300,{'trace_kind': 'synthetic'},0.4033
isolation,4,streaming,NRU,LocalAllocation,2197,6,388400,{'trace_kind': 'synthetic'},0.3884
isolation,5,streaming,NRU,LocalAllocation,2197,6,402900,{'trace_kind': 'synthetic'},0.4029
isolation,6,streaming,NRU,LocalAllocation,2197,6,409700,{'trace_kind': 'synthetic'},0.4097
isolation,7,streaming,NRU,LocalAllocation,2197,6,434700,{'trace_kind': 'synthetic'},0.4347
isolation,0,streaming,NRU,LocalAllocation,2197,7,349300,{'trace_kind': 'synthetic'},0.3493
isolation,1,streaming,NRU,LocalAllocation,2197,7,353200,{'trace_kind': 'synthetic'},0.3532
isolation,2,streaming,NRU,LocalAllocation,2197,7,379500,{'trace_kind': 'synthetic'},0.3795
isolation,3,streaming,NRU,LocalAllocation,2197,7,387500,{'trace_kind': 'synthetic'},0.3875
isolation,4,streaming,NRU,LocalAllocation,2197,7,401300,{'trace_kind': 'synthetic'},0.4013
isolation,5,streaming,NRU,LocalAllocation,2197,7,409300,{'trace_kind': 'synthetic'},0.4093
isolation,6,streaming,NRU,LocalAllocation,2197,7,406500,{'trace_kind': 'synthetic'},0.4065
isolation,7,streaming,NRU,LocalAllocation,2197,7,436500,{'trace_kind': 'synthetic'},0.4365
isolation,0,streaming,NRU,LocalAllocation,2197,8,703700,{'trace_kind': 'synthetic'},0.7037
isolation,1,streaming,NRU,LocalAllocation,2197,8,354600,{'trace_kind': 'synthetic'},0.3546
isolation,2,streaming,NRU,LocalAllocation,2197,8,379100,{'trace_kind': 'synthetic'},0.3791
isolation,3,streaming,NRU,LocalAllocation,2197,8,393300,{'trace_kind': 'synthetic'},0.3933
isolation,4,streaming,NRU,LocalAllocation,2197,8,399000,{'trace_kind': 'synthetic'},0.399
isolation,5,streaming,NRU,LocalAllocation,2197,8,395700,{'trace_kind': 'synthetic'},0.3957
isolation,6,streaming,NRU,LocalAllocation,2197,8,407200,{'trace_kind': 'synthetic'},0.4072
isolation,7,streaming,NRU,LocalAllocation,2197,8,421200,{'trace_kind': 'synthetic'},0.4212
isolation,0,streaming,NRU,LocalAllocation,2197,9,346700,{'trace_kind': 'synthetic'},0.3467
isolation,1,streaming,NRU,LocalAllocation,2197,9,356400,{'trace_kind': 'synthetic'},0.3564
isolation,2,streaming,NRU,LocalAllocation,2197,9,368100,{'trace_kind': 'synthetic'},0.3681
isolation,3,streaming,NRU,LocalAllocation,2197,9,394900,{'trace_kind': 'synthetic'},0.3949
isolation,4,streaming,NRU,LocalAllocation,2197,9,404700,{'trace_kind': 'synthetic'},0.4047
isolation,5,streaming,NRU,LocalAllocation,2197,9,399300,{'trace_kind': 'synthetic'},0.3993
isolation,6,streaming,NRU,LocalAllocation,2197,9,422000,{'trace_kind': 'synthetic'},0.422
isolation,7,streaming,NRU,LocalAllocation,2197,9,438700,{'trace_kind': 'synthetic'},0.4387
isolation,0,streaming,NRU,ProportionalAllocation,2197,0,380500,{'trace_kind': 'synthetic'},0.3805
isolation,1,streaming,NRU,ProportionalAllocation,2197,0,355300,{'trace_kind': 'synthetic'},0.3553
isolation,2,streaming,NRU,ProportionalAllocation,2197,0,377900,{'trace_kind': 'synthetic'},0.3779
isolation,3,streaming,NRU,ProportionalAllocation,2197,0,389800,{'trace_kind': 'synthetic'},0.3898
isolation,4,streaming,NRU,ProportionalAllocation,2197,0,382000,{'trace_kind': 'synthetic'},0.382
isolation,5,streaming,NRU,ProportionalAllocation,2197,0,394300,{'trace_kind': 'synthetic'},0.3943
isolation,6,streaming,NRU,ProportionalAllocation,2197,0,409900,{'trace_kind': 'synthetic'},0.4099
isolation,7,streaming,NRU,ProportionalAllocation,2197,0,424300,{'trace_kind': 'synthetic'},0.4243
isolation,0,streaming,NRU,ProportionalAllocation,2197,1,352400,{'trace_kind': 'synthetic'},0.3524
isolation,1,streaming,NRU,ProportionalAllocation,2197,1,357900,{'trace_kind': 'synthetic'},0.3579
isolation,2,streaming,NRU,ProportionalAllocation,2197,1,386300,{'trace_kind': 'synthetic'},0.3863
isolation,3,streaming,NRU,ProportionalAllocation,2197,1,376200,{'trace_kind': 'synthetic'},0.3762
isolation,4,streaming,NRU,ProportionalAllocation,2197,1,384900,{'trace_kind': 'synthetic'},0.3849
isolation,5,streaming,NRU,ProportionalAllocation,2197,1,396700,{'trace_kind': 'synthetic'},0.3967
isolation,6,streaming,NRU,ProportionalAllocation,2197,1,564500,{'trace_kind': 'synthetic'},0.5645
isolation,7,streaming,NRU,ProportionalAllocation,2197,1,441900,{'trace_kind': 'synthetic'},0.4419
isolation,0,streaming,NRU,ProportionalAllocation,2197,2,345000,{'trace_kind': 'synthetic'},0.345
isolation,1,streaming,NRU,ProportionalAllocation,2197,2,356300,{'trace_kind': 'synthetic'},0.3563
isolation,2,streaming,NRU,ProportionalAllocation,2197,2,364100,{'trace_kind': 'synthetic'},0.3641
isolation,3,streaming,NRU,ProportionalAllocation,2197,2,372600,{'trace_kind': 'synthetic'},0.3726
isolation,4,streaming,NRU,ProportionalAllocation,2197,2,378400,{'trace_kind': 'synthetic'},0.3784
isolation,5,streaming,NRU,ProportionalAllocation,2197,2,389900,{'trace_kind': 'synthetic'},0.3899
isolation,6,streaming,NRU,ProportionalAllocation,2197,2,467800,{'trace_kind': 'synthetic'},0.4678
isolation,7,streaming,NRU,ProportionalAllocation,2197,2,438500,{'trace_kind': 'synthetic'},0.4385
isolation,0,streaming,NRU,ProportionalAllocation,2197,3,344100,{'trace_kind': 'synthetic'},0.3441
isolation,1,streaming,NRU,ProportionalAllocation,2197,3,359800,{'trace_kind': 'synthetic'},0.3598
isolation,2,streaming,NRU,ProportionalAllocation,2197,3,366300,{'trace_kind': 'synthetic'},0.3663
isolation,3,streaming,NRU,ProportionalAllocation,2197,3,372800,{'trace_kind': 'synthetic'},0.3728
isolation,4,streaming,NRU,ProportionalAllocation,2197,3,385200,{'trace_kind': 'synthetic'},0.3852
isolation,5,streaming,NRU,ProportionalAllocation,2197,3,393200,{'trace_kind': 'synthetic'},0.3932
isolation,6,streaming,NRU,ProportionalAllocation,2197,3,699200,{'trace_kind': 'synthetic'},0.6992
isolation,7,streaming,NRU,ProportionalAllocation,2197,3,428400,{'trace_kind': 'synthetic'},0.4284
isolation,0,streaming,NRU,ProportionalAllocation,2197,4,360600,{'trace_kind': 'synthetic'},0.3606
isolation,1,streaming,NRU,ProportionalAllocation,2197,4,368600,{'trace_kind': 'synthetic'},0.3686
isolation,2,streaming,NRU,ProportionalAllocation,2197,4,360900,{'trace_kind': 'synthetic'},0.3609
isolation,3,streaming,NRU,ProportionalAllocation,2197,4,374100,{'trace_kind': 'synthetic'},0.3741
isolation,4,streaming,NRU,ProportionalAllocation,2197,4,385900,{'trace_kind': 'synthetic'},0.3859
isolation,5,streaming,NRU,ProportionalAllocation,2197,4,395600,{'trace_kind': 'synthetic'},0.3956
isolation,6,streaming,NRU,ProportionalAllocation,2197,4,404500,{'trace_kind': 'synthetic'},0.4045
isolation,7,streaming,NRU,ProportionalAllocation,2197,4,422900,{'trace_kind': 'synthetic'},0.4229
isolation,0,streaming,NRU,ProportionalAllocation,2197,5,376600,{'trace_kind': 'synthetic'},0.3766
isolation,1,streaming,NRU,ProportionalAllocation,2197,5,359600,{'trace_kind': 'synthetic'},0.3596
isolation,2,streaming,NRU,ProportionalAllocation,2197,5,362100,{'trace_kind': 'synthetic'},0.3621
isolation,3,streaming,NRU,ProportionalAllocation,2197,5,378100,{'trace_kind': 'synthetic'},0.3781
isolation,4,streaming,NRU,ProportionalAllocation,2197,5,398000,{'trace_kind': 'synthetic'},0.398
isolation,5,streaming,NRU,ProportionalAllocation,2197,5,417600,{'trace_kind': 'synthetic'},0.4176
isolation,6,streaming,NRU,ProportionalAllocation,2197,5,422000,{'trace_kind': 'synthetic'},0.422
isolation,7,streaming,NRU,ProportionalAllocation,2197,5,431800,{'trace_kind': 'synthetic'},0.4318
isolation,0,streaming,NRU,ProportionalAllocation,2197,6,364500,{'trace_kind': 'synthetic'},0.3645
isolation,1,streaming,NRU,ProportionalAllocation,2197,6,357600,{'trace_kind': 'synthetic'},0.3576
isolation,2,streaming,NRU,ProportionalAllocation,2197,6,365800,{'trace_kind': 'synthetic'},0.3658
isolation,3,streaming,NRU,ProportionalAllocation,2197,6,390800,{'trace_kind': 'synthetic'},0.3908
isolation,4,streaming,NRU,ProportionalAllocation,2197,6,413900,{'trace_kind': 'synthetic'},0.4139
isolation,5,streaming,NRU,ProportionalAllocation,2197,6,413700,{'trace_kind': 'synthetic'},0.4137
isolation,6,streaming,NRU,ProportionalAllocation,2197,6,419200,{'trace_kind': 'synthetic'},0.4192
isolation,7,streaming,NRU,ProportionalAllocation,2197,6,437900,{'trace_kind': 'synthetic'},0.4379
isolation,0,streaming,NRU,ProportionalAllocation,2197,7,352200,{'trace_kind': 'synthetic'},0.3522
isolation,1,streaming,NRU,ProportionalAllocation,2197,7,356500,{'trace_kind': 'synthetic'},0.3565
isolation,2,streaming,NRU,ProportionalAllocation,2197,7,370000,{'trace_kind': 'synthetic'},0.37
isolation,3,streaming,NRU,ProportionalAllocation,2197,7,397400,{'trace_kind': 'synthetic'},0.3974
isolation,4,streaming,NRU,ProportionalAllocation,2197,7,391900,{'trace_kind': 'synthetic'},0.3919
isolation,5,streaming,NRU,ProportionalAllocation,2197,7,407500,{'trace_kind': 'synthetic'},0.4075
isolation,6,streaming,NRU,ProportionalAllocation,2197,7,447100,{'trace_kind': 'synthetic'},0.4471
isolation,7,streaming,NRU,ProportionalAllocation,2197,7,428300,{'trace_kind': 'synthetic'},0.4283
isolation,0,streaming,NRU,ProportionalAllocation,2197,8,369000,{'trace_kind': 'synthetic'},0.369
isolation,1,streaming,NRU,ProportionalAllocation,2197,8,360500,{'trace_kind': 'synthetic'},0.3605
isolation,2,streaming,NRU,ProportionalAllocation,2197,8,368600,{'trace_kind': 'synthetic'},0.3686
isolation,3,streaming,NRU,ProportionalAllocation,2197,8,392900,{'trace_kind': 'synthetic'},0.3929
isolation,4,streaming,NRU,ProportionalAllocation,2197,8,386600,{'trace_kind': 'synthetic'},0.3866
isolation,5,streaming,NRU,ProportionalAllocation,2197,8,392100,{'trace_kind': 'synthetic'},0.3921
isolation,6,streaming,NRU,ProportionalAllocation,2197,8,416300,{'trace_kind': 'synthetic'},0.4163
isolation,7,streaming,NRU,ProportionalAllocation,2197,8,428000,{'trace_kind': 'synthetic'},0.428
isolation,0,streaming,NRU,ProportionalAllocation,2197,9,340200,{'trace_kind': 'synthetic'},0.3402
isolation,1,streaming,NRU,ProportionalAllocation,2197,9,337000,{'trace_kind': 'synthetic'},0.337
isolation,2,streaming,NRU,ProportionalAllocation,2197,9,346400,{'trace_kind': 'synthetic'},0.3464
isolation,3,streaming,NRU,ProportionalAllocation,2197,9,372200,{'trace_kind': 'synthetic'},0.3722
isolation,4,streaming,NRU,ProportionalAllocation,2197,9,362200,{'trace_kind': 'synthetic'},0.3622
isolation,5,streaming,NRU,ProportionalAllocation,2197,9,375500,{'trace_kind': 'synthetic'},0.3755
isolation,6,streaming,NRU,ProportionalAllocation,2197,9,408000,{'trace_kind': 'synthetic'},0.408
isolation,7,streaming,NRU,ProportionalAllocation,2197,9,415800,{'trace_kind': 'synthetic'},0.4158
isolation,0,streaming,SecondChance,GlobalAllocation,2197,0,347200,{'trace_kind': 'synthetic'},0.3472
isolation,1,streaming,SecondChance,GlobalAllocation,2197,0,366800,{'trace_kind': 'synthetic'},0.3668
isolation,2,streaming,SecondChance,GlobalAllocation,2197,0,393900,{'trace_kind': 'synthetic'},0.3939
isolation,3,streaming,SecondChance,GlobalAllocation,2197,0,432400,{'trace_kind': 'synthetic'},0.4324
isolation,4,streaming,SecondChance,GlobalAllocation,2197,0,449600,{'trace_kind': 'synthetic'},0.4496
isolation,5,streaming,SecondChance,GlobalAllocation,2197,0,529100,{'trace_kind': 'synthetic'},0.5291
isolation,6,streaming,SecondChance,GlobalAllocation,2197,0,549800,{'trace_kind': 'synthetic'},0.5498
isolation,7,streaming,SecondChance,GlobalAllocation,2197,0,609800,{'trace_kind': 'synthetic'},0.6098
isolation,0,streaming,SecondChance,GlobalAllocation,2197,1,345700,{'trace_kind': 'synthetic'},0.3457
isolation,1,streaming,SecondChance,GlobalAllocation,2197,1,370000,{'trace_kind': 'synthetic'},0.37
isolation,2,streaming,SecondChance,GlobalAllocation,2197,1,395200,{'trace_kind': 'synthetic'},0.3952
isolation,3,streaming,SecondChance,GlobalAllocation,2197,1,424800,{'trace_kind': 'synthetic'},0.4248
isolation,4,streaming,SecondChance,GlobalAllocation,2197,1,470900,{'trace_kind': 'synthetic'},0.4709
isolation,5,streaming,SecondChance,GlobalAllocation,2197,1,501700,{'trace_kind': 'synthetic'},0.5017
isolation,6,streaming,SecondChance,GlobalAllocation,2197,1,542800,{'trace_kind': 'synthetic'},0.5428
isolation,7,streaming,SecondChance,GlobalAllocation,2197,1,589000,{'trace_kind': 'synthetic'},0.589
isolation,0,streaming,SecondChance,GlobalAllocation,2197,2,342200,{'trace_kind': 'synthetic'},0.3422
isolation,1,streaming,SecondChance,GlobalAllocation,2197,2,370900,{'trace_kind': 'synthetic'},0.3709
isolation,2,streaming,SecondChance,GlobalAllocation,2197,2,396000,{'trace_kind': 'synthetic'},0.396
isolation,3,streaming,SecondChance,GlobalAllocation,2197,2,427600,{'trace_kind': 'synthetic'},0.4276
isolation,4,streaming,SecondChance,GlobalAllocation,2197,2,449000,{'trace_kind': 'synthetic'},0.449
isolation,5,streaming,SecondChance,GlobalAllocation,2197,2,498100,{'trace_kind': 'synthetic'},0.4981
isolation,6,streaming,SecondChance,GlobalAllocation,2197,2,545400,{'trace_kind': 'synthetic'},0.5454
isolation,7,streaming,SecondChance,GlobalAllocation,2197,2,586200,{'trace_kind': 'synthetic'},0.5862
isolation,0,streaming,SecondChance,GlobalAllocation,2197,3,343000,{'trace_kind': 'synthetic'},0.343
isolation,1,streaming,SecondChance,GlobalAllocation,2197,3,370900,{'trace_kind': 'synthetic'},0.3709
isolation,2,streaming,SecondChance,GlobalAllocation,2197,3,406600,{'trace_kind': 'synthetic'},0.4066
isolation,3,streaming,SecondChance,GlobalAllocation,2197,3,426700,{'trace_kind': 'synthetic'},0.4267
isolation,4,streaming,SecondChance,GlobalAllocation,2197,3,451900,{'trace_kind': 'synthetic'},0.4519
isolation,5,streaming,SecondChance,GlobalAllocation,2197,3,490600,{'trace_kind': 'synthetic'},0.4906
isolation,6,streaming,SecondChance,GlobalAllocation,2197,3,659700,{'trace_kind': 'synthetic'},0.6597
isolation,7,streaming,SecondChance,GlobalAllocation,2197,3,592900,{'trace_kind': 'synthetic'},0.5929
isolation,0,streaming,SecondChance,GlobalAllocation,2197,4,345800,{'trace_kind': 'synthetic'},0.3458
isolation,1,streaming,SecondChance,GlobalAllocation,2197,4,369800,{'trace_kind': 'synthetic'},0.3698
isolation,2,streaming,SecondChance,GlobalAllocation,2197,4,398200,{'trace_kind': 'synthetic'},0.3982
isolation,3,streaming,SecondChance,GlobalAllocation,2197,4,418300,{'trace_kind': 'synthetic'},0.4183
isolation,4,streaming,SecondChance,GlobalAllocation,2197,4,459100,{'trace_kind': 'synthetic'},0.4591
isolation,5,streaming,SecondChance,GlobalAllocation,2197,4,483800,{'trace_kind': 'synthetic'},0.4838
isolation,6,streaming,SecondChance,GlobalAllocation,2197,4,535200,{'trace_kind': 'synthetic'},0.5352
isolation,7,streaming,SecondChance,GlobalAllocation,2197,4,602100,{'trace_kind': 'synthetic'},0.6021
isolation,0,streaming,SecondChance,GlobalAllocation,2197,5,351300,{'trace_kind': 'synthetic'},0.3513
isolation,1,streaming,SecondChance,GlobalAllocation,2197,5,371800,{'trace_kind': 'synthetic'},0.3718
isolation,2,streaming,SecondChance,GlobalAllocation,2197,5,400500,{'trace_kind': 'synthetic'},0.4005
isolation,3,streaming,SecondChance,GlobalAllocation,2197,5,425700,{'trace_kind': 'synthetic'},0.4257
isolation,4,streaming,SecondChance,GlobalAllocation,2197,5,454300,{'trace_kind': 'synthetic'},0.4543
isolation,5,streaming,SecondChance,GlobalAllocation,2197,5,494800,{'trace_kind': 'synthetic'},0.4948
isolation,6,streaming,SecondChance,GlobalAllocation,2197,5,534900,{'trace_kind': 'synthetic'},0.5349
isolation,7,streaming,SecondChance,GlobalAllocation,2197,5,597500,{'trace_kind': 'synthetic'},0.5975
isolation,0,streaming,SecondChance,GlobalAllocation,2197,6,348300,{'trace_kind': 'synthetic'},0.3483
isolation,1,streaming,SecondChance,GlobalAllocation,2197,6,373600,{'trace_kind': 'synthetic'},0.3736
isolation,2,streaming,SecondChance,GlobalAllocation,2197,6,413800,{'trace_kind': 'synthetic'},0.4138
isolation,3,streaming,SecondChance,GlobalAllocation,2197,6,428400,{'trace_kind': 'synthetic'},0.4284
isolation,4,streaming,SecondChance,GlobalAllocation,2197,6,448500,{'trace_kind': 'synthetic'},0.4485
isolation,5,streaming,SecondChance,GlobalAllocation,2197,6,493300,{'trace_kind': 'synthetic'},0.4933
isolation,6,streaming,SecondChance,GlobalAllocation,2197,6,516400,{'trace_kind': 'synthetic'},0.5164
isolation,7,streaming,SecondChance,GlobalAllocation,2197,6,601900,{'trace_kind': 'synthetic'},0.6019
isolation,0,streaming,SecondChance,GlobalAllocation,2197,7,351800,{'trace_kind': 'synthetic'},0.3518
isolation,1,streaming,SecondChance,GlobalAllocation,2197,7,372300,{'trace_kind': 'synthetic'},0.3723
isolation,2,streaming,SecondChance,GlobalAllocation,2197,7,398500,{'trace_kind': 'synthetic'},0.3985
isolation,3,streaming,SecondChance,GlobalAllocation,2197,7,422400,{'trace_kind': 'synthetic'},0.4224
isolation,4,streaming,SecondChance,GlobalAllocation,2197,7,453400,{'trace_kind': 'synthetic'},0.4534
isolation,5,streaming,SecondChance,GlobalAllocation,2197,7,491100,{'trace_kind': 'synthetic'},0.4911
isolation,6,streaming,SecondChance,GlobalAllocation,2197,7,539900,{'trace_kind': 'synthetic'},0.5399
isolation,7,streaming,SecondChance,GlobalAllocation,2197,7,592400,{'trace_kind': 'synthetic'},0.5924
isolation,0,streaming,SecondChance,GlobalAllocation,2197,8,351600,{'trace_kind': 'synthetic'},0.3516
isolation,1,streaming,SecondChance,GlobalAllocation,2197,8,381900,{'trace_kind': 'synthetic'},0.3819
isolation,2,streaming,SecondChance,GlobalAllocation,2197,8,390300,{'trace_kind': 'synthetic'},0.3903
isolation,3,streaming,SecondChance,GlobalAllocation,2197,8,427400,{'trace_kind': 'synthetic'},0.4274
isolation,4,streaming,SecondChance,GlobalAllocation,2197,8,445900,{'trace_kind': 'synthetic'},0.4459
isolation,5,streaming,SecondChance,GlobalAllocation,2197,8,497800,{'trace_kind': 'synthetic'},0.4978
isolation,6,streaming,SecondChance,GlobalAllocation,2197,8,556000,{'trace_kind': 'synthetic'},0.556
isolation,7,streaming,SecondChance,GlobalAllocation,2197,8,600100,{'trace_kind': 'synthetic'},0.6001
isolation,0,streaming,SecondChance,GlobalAllocation,2197,9,362000,{'trace_kind': 'synthetic'},0.362
isolation,1,streaming,SecondChance,GlobalAllocation,2197,9,368300,{'trace_kind': 'synthetic'},0.3683
isolation,2,streaming,SecondChance,GlobalAllocation,2197,9,394000,{'trace_kind': 'synthetic'},0.394
isolation,3,streaming,SecondChance,GlobalAllocation,2197,9,428400,{'trace_kind': 'synthetic'},0.4284
isolation,4,streaming,SecondChance,GlobalAllocation,2197,9,451800,{'trace_kind': 'synthetic'},0.4518
isolation,5,streaming,SecondChance,GlobalAllocation,2197,9,500100,{'trace_kind': 'synthetic'},0.5001
isolation,6,streaming,SecondChance,GlobalAllocation,2197,9,539200,{'trace_kind': 'synthetic'},0.5392
isolation,7,streaming,SecondChance,GlobalAllocation,2197,9,586800,{'trace_kind': 'synthetic'},0.5868
isolation,0,streaming,SecondChance,LocalAllocation,2197,0,345800,{'trace_kind': 'synthetic'},0.3458
isolation,1,streaming,SecondChance,LocalAllocation,2197,0,372600,{'trace_kind': 'synthetic'},0.3726
isolation,2,streaming,SecondChance,LocalAllocation,2197,0,403000,{'trace_kind': 'synthetic'},0.403
isolation,3,streaming,SecondChance,LocalAllocation,2197,0,423100,{'trace_kind': 'synthetic'},0.4231
isolation,4,streaming,SecondChance,LocalAllocation,2197,0,449800,{'trace_kind': 'synthetic'},0.4498
isolation,5,streaming,SecondChance,LocalAllocation,2197,0,490900,{'trace_kind': 'synthetic'},0.4909
isolation,6,streaming,SecondChance,LocalAllocation,2197,0,551600,{'trace_kind': 'synthetic'},0.5516
isolation,7,streaming,SecondChance,LocalAllocation,2197,0,618200,{'trace_kind': 'synthetic'},0.6182
isolation,0,streaming,SecondChance,LocalAllocation,2197,1,344200,{'trace_kind': 'synthetic'},0.3442
isolation,1,streaming,SecondChance,LocalAllocation,2197,1,371600,{'trace_kind': 'synthetic'},0.3716
isolation,2,streaming,SecondChance,LocalAllocation,2197,1,398500,{'trace_kind': 'synthetic'},0.3985
isolation,3,streaming,SecondChance,LocalAllocation,2197,1,422100,{'trace_kind': 'synthetic'},0.4221
isolation,4,streaming,SecondChance,LocalAllocation,2197,1,455900,{'trace_kind': 'synthetic'},0.4559
isolation,5,streaming,SecondChance,LocalAllocation,2197,1,498500,{'trace_kind': 'synthetic'},0.4985
isolation,6,streaming,SecondChance,LocalAllocation,2197,1,557300,{'trace_kind': 'synthetic'},0.5573
isolation,7,streaming,SecondChance,LocalAllocation,2197,1,592400,{'trace_kind': 'synthetic'},0.5924
isolation,0,streaming,SecondChance,LocalAllocation,2197,2,338400,{'trace_kind': 'synthetic'},0.3384
isolation,1,streaming,SecondChance,LocalAllocation,2197,2,367400,{'trace_kind': 'synthetic'},0.3674
isolation,2,streaming,SecondChance,LocalAllocation,2197,2,394000,{'trace_kind': 'synthetic'},0.394
isolation,3,streaming,SecondChance,LocalAllocation,2197,2,422200,{'trace_kind': 'synthetic'},0.4222
isolation,4,streaming,SecondChance,LocalAllocation,2197,2,449200,{'trace_kind': 'synthetic'},0.4492
isolation,5,streaming,SecondChance,LocalAllocation,2197,2,483700,{'trace_kind': 'synthetic'},0.4837
isolation,6,streaming,SecondChance,LocalAllocation,2197,2,539900,{'trace_kind': 'synthetic'},0.5399
isolation,7,streaming,SecondChance,LocalAllocation,2197,2,587700,{'trace_kind': 'synthetic'},0.5877
isolation,0,streaming,SecondChance,LocalAllocation,2197,3,339900,{'trace_kind': 'synthetic'},0.3399
isolation,1,streaming,SecondChance,LocalAllocation,2197,3,370000,{'trace_kind': 'synthetic'},0.37
isolation,2,streaming,SecondChance,LocalAllocation,2197,3,395200,{'trace_kind': 'synthetic'},0.3952
isolation,3,streaming,SecondChance,LocalAllocation,2197,3,452500,{'trace_kind': 'synthetic'},0.4525
isolation,4,streaming,SecondChance,LocalAllocation,2197,3,482500,{'trace_kind': 'synthetic'},0.4825
isolation,5,streaming,SecondChance,LocalAllocation,2197,3,494800,{'trace_kind': 'synthetic'},0.4948
isolation,6,streaming,SecondChance,LocalAllocation,2197,3,539100,{'trace_kind': 'synthetic'},0.5391
isolation,7,streaming,SecondChance,LocalAllocation,2197,3,592000,{'trace_kind': 'synthetic'},0.592
isolation,0,streaming,SecondChance,LocalAllocation,2197,4,348000,{'trace_kind': 'synthetic'},0.348
isolation,1,streaming,SecondChance,LocalAllocation,2197,4,388700,{'trace_kind': 'synthetic'},0.3887
isolation,2,streaming,SecondChance,LocalAllocation,2197,4,399200,{'trace_kind': 'synthetic'},0.3992
isolation,3,streaming,SecondChance,LocalAllocation,2197,4,420400,{'trace_kind': 'synthetic'},0.4204
isolation,4,streaming,SecondChance,LocalAllocation,2197,4,457300,{'trace_kind': 'synthetic'},0.4573
isolation,5,streaming,SecondChance,LocalAllocation,2197,4,493700,{'trace_kind': 'synthetic'},0.4937
isolation,6,streaming,SecondChance,LocalAllocation,2197,4,547600,{'trace_kind': 'synthetic'},0.5476
isolation,7,streaming,SecondChance,LocalAllocation,2197,4,600500,{'trace_kind': 'synthetic'},0.6005
isolation,0,streaming,SecondChance,LocalAllocation,2197,5,351800,{'trace_kind': 'synthetic'},0.3518
isolation,1,streaming,SecondChance,LocalAllocation,2197,5,371400,{'trace_kind': 'synthetic'},0.3714
isolation,2,streaming,SecondChance,LocalAllocation,2197,5,422200,{'trace_kind': 'synthetic'},0.4222
isolation,3,streaming,SecondChance,LocalAllocation,2197,5,430100,{'trace_kind': 'synthetic'},0.4301
isolation,4,streaming,SecondChance,LocalAllocation,2197,5,455300,{'trace_kind': 'synthetic'},0.4553
isolation,5,streaming,SecondChance,LocalAllocation,2197,5,498500,{'trace_kind': 'synthetic'},0.4985
isolation,6,streaming,SecondChance,LocalAllocation,2197,5,539900,{'trace_kind': 'synthetic'},0.5399
isolation,7,streaming,SecondChance,LocalAllocation,2197,5,597700,{'trace_kind': 'synthetic'},0.5977
isolation,0,streaming,SecondChance,LocalAllocation,2197,6,342600,{'trace_kind': 'synthetic'},0.3426
isolation,1,streaming,SecondChance,LocalAllocation,2197,6,373400,{'trace_kind': 'synthetic'},0.3734
isolation,2,streaming,SecondChance,LocalAllocation,2197,6,400000,{'trace_kind': 'synthetic'},0.4
isolation,3,streaming,SecondChance,LocalAllocation,2197,6,429800,{'trace_kind': 'synthetic'},0.4298
isolation,4,streaming,SecondChance,LocalAllocation,2197,6,453200,{'trace_kind': 'synthetic'},0.4532
isolation,5,streaming,SecondChance,LocalAllocation,2197,6,489400,{'trace_kind': 'synthetic'},0.4894
isolation,6,streaming,SecondChance,LocalAllocation,2197,6,526600,{'trace_kind': 'synthetic'},0.5266
isolation,7,streaming,SecondChance,LocalAllocation,2197,6,593100,{'trace_kind': 'synthetic'},0.5931
isolation,0,streaming,SecondChance,LocalAllocation,2197,7,343700,{'trace_kind': 'synthetic'},0.3437
isolation,1,streaming,SecondChance,LocalAllocation,2197,7,363800,{'trace_kind': 'synthetic'},0.3638
isolation,2,streaming,SecondChance,LocalAllocation,2197,7,401700,{'trace_kind': 'synthetic'},0.4017
isolation,3,streaming,SecondChance,LocalAllocation,2197,7,425100,{'trace_kind': 'synthetic'},0.4251
isolation,4,streaming,SecondChance,LocalAllocation,2197,7,464900,{'trace_kind': 'synthetic'},0.4649
isolation,5,streaming,SecondChance,LocalAllocation,2197,7,496500,{'trace_kind': 'synthetic'},0.4965
isolation,6,streaming,SecondChance,LocalAllocation,2197,7,576900,{'trace_kind': 'synthetic'},0.5769
isolation,7,streaming,SecondChance,LocalAllocation,2197,7,602000,{'trace_kind': 'synthetic'},0.602
isolation,0,streaming,SecondChance,LocalAllocation,2197,8,344000,{'trace_kind': 'synthetic'},0.344
isolation,1,streaming,SecondChance,LocalAllocation,2197,8,372000,{'trace_kind': 'synthetic'},0.372
isolation,2,streaming,SecondChance,LocalAllocation,2197,8,397700,{'trace_kind': 'synthetic'},0.3977
isolation,3,streaming,SecondChance,LocalAllocation,2197,8,429100,{'trace_kind': 'synthetic'},0.4291
isolation,4,streaming,SecondChance,LocalAllocation,2197,8,448800,{'trace_kind': 'synthetic'},0.4488
isolation,5,streaming,SecondChance,LocalAllocation,2197,8,499000,{'trace_kind': 'synthetic'},0.499
isolation,6,streaming,SecondChance,LocalAllocation,2197,8,545900,{'trace_kind': 'synthetic'},0.5459
isolation,7,streaming,SecondChance,LocalAllocation,2197,8,597100,{'trace_kind': 'synthetic'},0.5971
isolation,0,streaming,SecondChance,LocalAllocation,2197,9,354500,{'trace_kind': 'synthetic'},0.3545
isolation,1,streaming,SecondChance,LocalAllocation,2197,9,388200,{'trace_kind': 'synthetic'},0.3882
isolation,2,streaming,SecondChance,LocalAllocation,2197,9,399500,{'trace_kind': 'synthetic'},0.3995
isolation,3,streaming,SecondChance,LocalAllocation,2197,9,423200,{'trace_kind': 'synthetic'},0.4232
isolation,4,streaming,SecondChance,LocalAllocation,2197,9,451000,{'trace_kind': 'synthetic'},0.451
isolation,5,streaming,SecondChance,LocalAllocation,2197,9,485400,{'trace_kind': 'synthetic'},0.4854
isolation,6,streaming,SecondChance,LocalAllocation,2197,9,550300,{'trace_kind': 'synthetic'},0.5503
isolation,7,streaming,SecondChance,LocalAllocation,2197,9,583800,{'trace_kind': 'synthetic'},0.5838
isolation,0,streaming,SecondChance,ProportionalAllocation,2197,0,346400,{'trace_kind': 'synthetic'},0.3464
isolation,1,streaming,SecondChance,ProportionalAllocation,2197,0,370700,{'trace_kind': 'synthetic'},0.3707
isolation,2,streaming,SecondChance,ProportionalAllocation,2197,0,392800,{'trace_kind': 'synthetic'},0.3928
isolation,3,streaming,SecondChance,ProportionalAllocation,2197,0,426300,{'trace_kind': 'synthetic'},0.4263
isolation,4,streaming,SecondChance,ProportionalAllocation,2197,0,460600,{'trace_kind': 'synthetic'},0.4606
isolation,5,streaming,SecondChance,ProportionalAllocation,2197,0,488700,{'trace_kind': 'synthetic'},0.4887
isolation,6,streaming,SecondChance,ProportionalAllocation,2197,0,534000,{'trace_kind': 'synthetic'},0.534
isolation,7,streaming,SecondChance,ProportionalAllocation,2197,0,616200,{'trace_kind': 'synthetic'},0.6162
isolation,0,streaming,SecondChance,ProportionalAllocation,2197,1,340600,{'trace_kind': 'synthetic'},0.3406
isolation,1,streaming,SecondChance,ProportionalAllocation,2197,1,369200,{'trace_kind': 'synthetic'},0.3692
isolation,2,streaming,SecondChance,ProportionalAllocation,2197,1,397100,{'trace_kind': 'synthetic'},0.3971
isolation,3,streaming,SecondChance,ProportionalAllocation,2197,1,428700,{'trace_kind': 'synthetic'},0.4287
isolation,4,streaming,SecondChance,ProportionalAllocation,2197,1,449900,{'trace_kind': 'synthetic'},0.4499
isolation,5,streaming,SecondChance,ProportionalAllocation,2197,1,490200,{'trace_kind': 'synthetic'},0.4902
isolation,6,streaming,SecondChance,ProportionalAllocation,2197,1,538300,{'trace_kind': 'synthetic'},0.5383
isolation,7,streaming,SecondChance,ProportionalAllocation,2197,1,592400,{'trace_kind': 'synthetic'},0.5924
isolation,0,streaming,SecondChance,ProportionalAllocation,2197,2,344100,{'trace_kind': 'synthetic'},0.3441
isolation,1,streaming,SecondChance,ProportionalAllocation,2197,2,370800,{'trace_kind': 'synthetic'},0.3708
isolation,2,streaming,SecondChance,ProportionalAllocation,2197,2,401300,{'trace_kind': 'synthetic'},0.4013
isolation,3,streaming,SecondChance,ProportionalAllocation,2197,2,423100,{'trace_kind': 'synthetic'},0.4231
isolation,4,streaming,SecondChance,ProportionalAllocation,2197,2,470000,{'trace_kind': 'synthetic'},0.47
isolation,5,streaming,SecondChance,ProportionalAllocation,2197,2,485500,{'trace_kind': 'synthetic'},0.4855
isolation,6,streaming,SecondChance,ProportionalAllocation,2197,2,542700,{'trace_kind': 'synthetic'},0.5427
isolation,7,streaming,SecondChance,ProportionalAllocation,2197,2,583200,{'trace_kind': 'synthetic'},0.5832
isolation,0,streaming,SecondChance,ProportionalAllocation,2197,3,345500,{'trace_kind': 'synthetic'},0.3455
isolation,1,streaming,SecondChance,ProportionalAllocation,2197,3,368400,{'trace_kind': 'synthetic'},0.3684
isolation,2,streaming,SecondChance,ProportionalAllocation,2197,3,408600,{'trace_kind': 'synthetic'},0.4086
isolation,3,streaming,SecondChance,ProportionalAllocation,2197,3,428800,{'trace_kind': 'synthetic'},0.4288
isolation,4,streaming,SecondChance,ProportionalAllocation,2197,3,460400,{'trace_kind': 'synthetic'},0.4604
isolation,5,streaming,SecondChance,ProportionalAllocation,2197,3,487600,{'trace_kind': 'synthetic'},0.4876
isolation,6,streaming,SecondChance,ProportionalAllocation,2197,3,548300,{'trace_kind': 'synthetic'},0.5483
isolation,7,streaming,SecondChance,ProportionalAllocation,2197,3,586200,{'trace_kind': 'synthetic'},0.5862
isolation,0,streaming,SecondChance,ProportionalAllocation,2197,4,343500,{'trace_kind': 'synthetic'},0.3435
isolation,1,streaming,SecondChance,ProportionalAllocation,2197,4,371200,{'trace_kind': 'synthetic'},0.3712
isolation,2,streaming,SecondChance,ProportionalAllocation,2197,4,390600,{'trace_kind': 'synthetic'},0.3906
isolation,3,streaming,SecondChance,ProportionalAllocation,2197,4,432500,{'trace_kind': 'synthetic'},0.4325
isolation,4,streaming,SecondChance,ProportionalAllocation,2197,4,455100,{'trace_kind': 'synthetic'},0.4551
isolation,5,streaming,SecondChance,ProportionalAllocation,2197,4,493500,{'trace_kind': 'synthetic'},0.4935
isolation,6,streaming,SecondChance,ProportionalAllocation,2197,4,538300,{'trace_kind': 'synthetic'},0.5383
isolation,7,streaming,SecondChance,ProportionalAllocation,2197,4,599800,{'trace_kind': 'synthetic'},0.5998
isolation,0,streaming,SecondChance,ProportionalAllocation,2197,5,341800,{'trace_kind': 'synthetic'},0.3418
isolation,1,streaming,SecondChance,ProportionalAllocation,2197,5,368900,{'trace_kind': 'synthetic'},0.3689
isolation,2,streaming,SecondChance,ProportionalAllocation,2197,5,393000,{'trace_kind': 'synthetic'},0.393
isolation,3,streaming,SecondChance,ProportionalAllocation,2197,5,422600,{'trace_kind': 'synthetic'},0.4226
isolation,4,streaming,SecondChance,ProportionalAllocation,2197,5,463800,{'trace_kind': 'synthetic'},0.4638
isolation,5,streaming,SecondChance,ProportionalAllocation,2197,5,491400,{'trace_kind': 'synthetic'},0.4914
isolation,6,streaming,SecondChance,ProportionalAllocation,2197,5,528600,{'trace_kind': 'synthetic'},0.5286
isolation,7,streaming,SecondChance,ProportionalAllocation,2197,5,608700,{'trace_kind': 'synthetic'},0.6087
isolation,0,streaming,SecondChance,ProportionalAllocation,2197,6,697000,{'trace_kind': 'synthetic'},0.697
isolation,1,streaming,SecondChance,ProportionalAllocation,2197,6,745500,{'trace_kind': 'synthetic'},0.7455
isolation,2,streaming,SecondChance,ProportionalAllocation,2197,6,779900,{'trace_kind': 'synthetic'},0.7799
isolation,3,streaming,SecondChance,ProportionalAllocation,2197,6,867800,{'trace_kind': 'synthetic'},0.8678
isolation,4,streaming,SecondChance,ProportionalAllocation,2197,6,472700,{'trace_kind': 'synthetic'},0.4727
isolation,5,streaming,SecondChance,ProportionalAllocation,2197,6,488100,{'trace_kind': 'synthetic'},0.4881
isolation,6,streaming,SecondChance,ProportionalAllocation,2197,6,507100,{'trace_kind': 'synthetic'},0.5071
isolation,7,streaming,SecondChance,ProportionalAllocation,2197,6,586600,{'trace_kind': 'synthetic'},0.5866
isolation,0,streaming,SecondChance,ProportionalAllocation,2197,7,347600,{'trace_kind': 'synthetic'},0.3476
isolation,1,streaming,SecondChance,ProportionalAllocation,2197,7,378100,{'trace_kind': 'synthetic'},0.3781
isolation,2,streaming,SecondChance,ProportionalAllocation,2197,7,398100,{'trace_kind': 'synthetic'},0.3981
isolation,3,streaming,SecondChance,ProportionalAllocation,2197,7,419700,{'trace_kind': 'synthetic'},0.4197
isolation,4,streaming,SecondChance,ProportionalAllocation,2197,7,447200,{'trace_kind': 'synthetic'},0.4472
isolation,5,streaming,SecondChance,ProportionalAllocation,2197,7,494300,{'trace_kind': 'synthetic'},0.4943
isolation,6,streaming,SecondChance,ProportionalAllocation,2197,7,546200,{'trace_kind': 'synthetic'},0.5462
isolation,7,streaming,SecondChance,ProportionalAllocation,2197,7,587600,{'trace_kind': 'synthetic'},0.5876
isolation,0,streaming,SecondChance,ProportionalAllocation,2197,8,346800,{'trace_kind': 'synthetic'},0.3468
isolation,1,streaming,SecondChance,ProportionalAllocation,2197,8,362600,{'trace_kind': 'synthetic'},0.3626
isolation,2,streaming,SecondChance,ProportionalAllocation,2197,8,391200,{'trace_kind': 'synthetic'},0.3912
isolation,3,streaming,SecondChance,ProportionalAllocation,2197,8,420800,{'trace_kind': 'synthetic'},0.4208
isolation,4,streaming,SecondChance,ProportionalAllocation,2197,8,453800,{'trace_kind': 'synthetic'},0.4538
isolation,5,streaming,SecondChance,ProportionalAllocation,2197,8,484500,{'trace_kind': 'synthetic'},0.4845
isolation,6,streaming,SecondChance,ProportionalAllocation,2197,8,547700,{'trace_kind': 'synthetic'},0.5477
isolation,7,streaming,SecondChance,ProportionalAllocation,2197,8,611900,{'trace_kind': 'synthetic'},0.6119
isolation,0,streaming,SecondChance,ProportionalAllocation,2197,9,338800,{'trace_kind': 'synthetic'},0.3388
isolation,1,streaming,SecondChance,ProportionalAllocation,2197,9,366500,{'trace_kind': 'synthetic'},0.3665
isolation,2,streaming,SecondChance,ProportionalAllocation,2197,9,396400,{'trace_kind': 'synthetic'},0.3964
isolation,3,streaming,SecondChance,ProportionalAllocation,2197,9,424200,{'trace_kind': 'synthetic'},0.4242
isolation,4,streaming,SecondChance,ProportionalAllocation,2197,9,450000,{'trace_kind': 'synthetic'},0.45
isolation,5,streaming,SecondChance,ProportionalAllocation,2197,9,498400,{'trace_kind': 'synthetic'},0.4984
isolation,6,streaming,SecondChance,ProportionalAllocation,2197,9,542900,{'trace_kind': 'synthetic'},0.5429
isolation,7,streaming,SecondChance,ProportionalAllocation,2197,9,592400,{'trace_kind': 'synthetic'},0.5924
isolation,0,streaming,WSClock,GlobalAllocation,2197,0,350200,{'trace_kind': 'synthetic'},0.3502
isolation,1,streaming,WSClock,GlobalAllocation,2197,0,377200,{'trace_kind': 'synthetic'},0.3772
isolation,2,streaming,WSClock,GlobalAllocation,2197,0,391700,{'trace_kind': 'synthetic'},0.3917
isolation,3,streaming,WSClock,GlobalAllocation,2197,0,425800,{'trace_kind': 'synthetic'},0.4258
isolation,4,streaming,WSClock,GlobalAllocation,2197,0,455800,{'trace_kind': 'synthetic'},0.4558
isolation,5,streaming,WSClock,GlobalAllocation,2197,0,499100,{'trace_kind': 'synthetic'},0.4991
isolation,6,streaming,WSClock,GlobalAllocation,2197,0,537300,{'trace_kind': 'synthetic'},0.5373
isolation,7,streaming,WSClock,GlobalAllocation,2197,0,599800,{'trace_kind': 'synthetic'},0.5998
isolation,0,streaming,WSClock,GlobalAllocation,2197,1,344100,{'trace_kind': 'synthetic'},0.3441
isolation,1,streaming,WSClock,GlobalAllocation,2197,1,370100,{'trace_kind': 'synthetic'},0.3701
isolation,2,streaming,WSClock,GlobalAllocation,2197,1,400200,{'trace_kind': 'synthetic'},0.4002
isolation,3,streaming,WSClock,GlobalAllocation,2197,1,426000,{'trace_kind': 'synthetic'},0.426
isolation,4,streaming,WSClock,GlobalAllocation,2197,1,452900,{'trace_kind': 'synthetic'},0.4529
isolation,5,streaming,WSClock,GlobalAllocation,2197,1,495300,{'trace_kind': 'synthetic'},0.4953
isolation,6,streaming,WSClock,GlobalAllocation,2197,1,549900,{'trace_kind': 'synthetic'},0.5499
isolation,7,streaming,WSClock,GlobalAllocation,2197,1,596400,{'trace_kind': 'synthetic'},0.5964
isolation,0,streaming,WSClock,GlobalAllocation,2197,2,350700,{'trace_kind': 'synthetic'},0.3507
isolation,1,streaming,WSClock,GlobalAllocation,2197,2,367100,{'trace_kind': 'synthetic'},0.3671
isolation,2,streaming,WSClock,GlobalAllocation,2197,2,404600,{'trace_kind': 'synthetic'},0.4046
isolation,3,streaming,WSClock,GlobalAllocation,2197,2,425900,{'trace_kind': 'synthetic'},0.4259
isolation,4,streaming,WSClock,GlobalAllocation,2197,2,453400,{'trace_kind': 'synthetic'},0.4534
isolation,5,streaming,WSClock,GlobalAllocation,2197,2,482200,{'trace_kind': 'synthetic'},0.4822
isolation,6,streaming,WSClock,GlobalAllocation,2197,2,545200,{'trace_kind': 'synthetic'},0.5452
isolation,7,streaming,WSClock,GlobalAllocation,2197,2,591300,{'trace_kind': 'synthetic'},0.5913
isolation,0,streaming,WSClock,GlobalAllocation,2197,3,343800,{'trace_kind': 'synthetic'},0.3438
isolation,1,streaming,WSClock,GlobalAllocation,2197,3,394800,{'trace_kind': 'synthetic'},0.3948
isolation,2,streaming,WSClock,GlobalAllocation,2197,3,401500,{'trace_kind': 'synthetic'},0.4015
isolation,3,streaming,WSClock,GlobalAllocation,2197,3,426800,{'trace_kind': 'synthetic'},0.4268
isolation,4,streaming,WSClock,GlobalAllocation,2197,3,465800,{'trace_kind': 'synthetic'},0.4658
isolation,5,streaming,WSClock,GlobalAllocation,2197,3,490100,{'trace_kind': 'synthetic'},0.4901
isolation,6,streaming,WSClock,GlobalAllocation,2197,3,526600,{'trace_kind': 'synthetic'},0.5266
isolation,7,streaming,WSClock,GlobalAllocation,2197,3,589800,{'trace_kind': 'synthetic'},0.5898
isolation,0,streaming,WSClock,GlobalAllocation,2197,4,350000,{'trace_kind': 'synthetic'},0.35
isolation,1,streaming,WSClock,GlobalAllocation,2197,4,370400,{'trace_kind': 'synthetic'},0.3704
isolation,2,streaming,WSClock,GlobalAllocation,2197,4,394400,{'trace_kind': 'synthetic'},0.3944
isolation,3,streaming,WSClock,GlobalAllocation,2197,4,422700,{'trace_kind': 'synthetic'},0.4227
isolation,4,streaming,WSClock,GlobalAllocation,2197,4,451600,{'trace_kind': 'synthetic'},0.4516
isolation,5,streaming,WSClock,GlobalAllocation,2197,4,493600,{'trace_kind': 'synthetic'},0.4936
isolation,6,streaming,WSClock,GlobalAllocation,2197,4,529900,{'trace_kind': 'synthetic'},0.5299
isolation,7,streaming,WSClock,GlobalAllocation,2197,4,597400,{'trace_kind': 'synthetic'},0.5974
isolation,0,streaming,WSClock,GlobalAllocation,2197,5,352600,{'trace_kind': 'synthetic'},0.3526
isolation,1,streaming,WSClock,GlobalAllocation,2197,5,366300,{'trace_kind': 'synthetic'},0.3663
isolation,2,streaming,WSClock,GlobalAllocation,2197,5,389800,{'trace_kind': 'synthetic'},0.3898
isolation,3,streaming,WSClock,GlobalAllocation,2197,5,424700,{'trace_kind': 'synthetic'},0.4247
isolation,4,streaming,WSClock,GlobalAllocation,2197,5,461500,{'trace_kind': 'synthetic'},0.4615
isolation,5,streaming,WSClock,GlobalAllocation,2197,5,494200,{'trace_kind': 'synthetic'},0.4942
isolation,6,streaming,WSClock,GlobalAllocation,2197,5,531400,{'trace_kind': 'synthetic'},0.5314
isolation,7,streaming,WSClock,GlobalAllocation,2197,5,593200,{'trace_kind': 'synthetic'},0.5932
isolation,0,streaming,WSClock,GlobalAllocation,2197,6,342300,{'trace_kind': 'synthetic'},0.3423
isolation,1,streaming,WSClock,GlobalAllocation,2197,6,373400,{'trace_kind': 'synthetic'},0.3734
isolation,2,streaming,WSClock,GlobalAllocation,2197,6,395400,{'trace_kind': 'synthetic'},0.3954
isolation,3,streaming,WSClock,GlobalAllocation,2197,6,426800,{'trace_kind': 'synthetic'},0.4268
isolation,4,streaming,WSClock,GlobalAllocation,2197,6,454400,{'trace_kind': 'synthetic'},0.4544
isolation,5,streaming,WSClock,GlobalAllocation,2197,6,491000,{'trace_kind': 'synthetic'},0.491
isolation,6,streaming,WSClock,GlobalAllocation,2197,6,528900,{'trace_kind': 'synthetic'},0.5289
isolation,7,streaming,WSClock,GlobalAllocation,2197,6,591700,{'trace_kind': 'synthetic'},0.5917
isolation,0,streaming,WSClock,GlobalAllocation,2197,7,344200,{'trace_kind': 'synthetic'},0.3442
isolation,1,streaming,WSClock,GlobalAllocation,2197,7,376400,{'trace_kind': 'synthetic'},0.3764
isolation,2,streaming,WSClock,GlobalAllocation,2197,7,396100,{'trace_kind': 'synthetic'},0.3961
isolation,3,streaming,WSClock,GlobalAllocation,2197,7,428800,{'trace_kind': 'synthetic'},0.4288
isolation,4,streaming,WSClock,GlobalAllocation,2197,7,454000,{'trace_kind': 'synthetic'},0.454
isolation,5,streaming,WSClock,GlobalAllocation,2197,7,494800,{'trace_kind': 'synthetic'},0.4948
isolation,6,streaming,WSClock,GlobalAllocation,2197,7,557800,{'trace_kind': 'synthetic'},0.5578
isolation,7,streaming,WSClock,GlobalAllocation,2197,7,598300,{'trace_kind': 'synthetic'},0.5983
isolation,0,streaming,WSClock,GlobalAllocation,2197,8,346700,{'trace_kind': 'synthetic'},0.3467
isolation,1,streaming,WSClock,GlobalAllocation,2197,8,374000,{'trace_kind': 'synthetic'},0.374
isolation,2,streaming,WSClock,GlobalAllocation,2197,8,389900,{'trace_kind': 'synthetic'},0.3899
isolation,3,streaming,WSClock,GlobalAllocation,2197,8,422700,{'trace_kind': 'synthetic'},0.4227
isolation,4,streaming,WSClock,GlobalAllocation,2197,8,451700,{'trace_kind': 'synthetic'},0.4517
isolation,5,streaming,WSClock,GlobalAllocation,2197,8,491900,{'trace_kind': 'synthetic'},0.4919
isolation,6,streaming,WSClock,GlobalAllocation,2197,8,577000,{'trace_kind': 'synthetic'},0.577
isolation,7,streaming,WSClock,GlobalAllocation,2197,8,591500,{'trace_kind': 'synthetic'},0.5915
isolation,0,streaming,WSClock,GlobalAllocation,2197,9,345000,{'trace_kind': 'synthetic'},0.345
isolation,1,streaming,WSClock,GlobalAllocation,2197,9,367800,{'trace_kind': 'synthetic'},0.3678
isolation,2,streaming,WSClock,GlobalAllocation,2197,9,392500,{'trace_kind': 'synthetic'},0.3925
isolation,3,streaming,WSClock,GlobalAllocation,2197,9,418800,{'trace_kind': 'synthetic'},0.4188
isolation,4,streaming,WSClock,GlobalAllocation,2197,9,449100,{'trace_kind': 'synthetic'},0.4491
isolation,5,streaming,WSClock,GlobalAllocation,2197,9,499100,{'trace_kind': 'synthetic'},0.4991
isolation,6,streaming,WSClock,GlobalAllocation,2197,9,536300,{'trace_kind': 'synthetic'},0.5363
isolation,7,streaming,WSClock,GlobalAllocation,2197,9,584600,{'trace_kind': 'synthetic'},0.5846
isolation,0,streaming,WSClock,LocalAllocation,2197,0,345500,{'trace_kind': 'synthetic'},0.3455
isolation,1,streaming,WSClock,LocalAllocation,2197,0,367600,{'trace_kind': 'synthetic'},0.3676
isolation,2,streaming,WSClock,LocalAllocation,2197,0,395000,{'trace_kind': 'synthetic'},0.395
isolation,3,streaming,WSClock,LocalAllocation,2197,0,430200,{'trace_kind': 'synthetic'},0.4302
isolation,4,streaming,WSClock,LocalAllocation,2197,0,449900,{'trace_kind': 'synthetic'},0.4499
isolation,5,streaming,WSClock,LocalAllocation,2197,0,495900,{'trace_kind': 'synthetic'},0.4959
isolation,6,streaming,WSClock,LocalAllocation,2197,0,613100,{'trace_kind': 'synthetic'},0.6131
isolation,7,streaming,WSClock,LocalAllocation,2197,0,659000,{'trace_kind': 'synthetic'},0.659
isolation,0,streaming,WSClock,LocalAllocation,2197,1,344400,{'trace_kind': 'synthetic'},0.3444
isolation,1,streaming,WSClock,LocalAllocation,2197,1,376000,{'trace_kind': 'synthetic'},0.376
isolation,2,streaming,WSClock,LocalAllocation,2197,1,397000,{'trace_kind': 'synthetic'},0.397
isolation,3,streaming,WSClock,LocalAllocation,2197,1,423100,{'trace_kind': 'synthetic'},0.4231
isolation,4,streaming,WSClock,LocalAllocation,2197,1,457700,{'trace_kind': 'synthetic'},0.4577
isolation,5,streaming,WSClock,LocalAllocation,2197,1,496300,{'trace_kind': 'synthetic'},0.4963
isolation,6,streaming,WSClock,LocalAllocation,2197,1,540000,{'trace_kind': 'synthetic'},0.54
isolation,7,streaming,WSClock,LocalAllocation,2197,1,591500,{'trace_kind': 'synthetic'},0.5915
isolation,0,streaming,WSClock,LocalAllocation,2197,2,343600,{'trace_kind': 'synthetic'},0.3436
isolation,1,streaming,WSClock,LocalAllocation,2197,2,368300,{'trace_kind': 'synthetic'},0.3683
isolation,2,streaming,WSClock,LocalAllocation,2197,2,392700,{'trace_kind': 'synthetic'},0.3927
isolation,3,streaming,WSClock,LocalAllocation,2197,2,418100,{'trace_kind': 'synthetic'},0.4181
isolation,4,streaming,WSClock,LocalAllocation,2197,2,454300,{'trace_kind': 'synthetic'},0.4543
isolation,5,streaming,WSClock,LocalAllocation,2197,2,486500,{'trace_kind': 'synthetic'},0.4865
isolation,6,streaming,WSClock,LocalAllocation,2197,2,539600,{'trace_kind': 'synthetic'},0.5396
isolation,7,streaming,WSClock,LocalAllocation,2197,2,585600,{'trace_kind': 'synthetic'},0.5856
isolation,0,streaming,WSClock,LocalAllocation,2197,3,341300,{'trace_kind': 'synthetic'},0.3413
isolation,1,streaming,WSClock,LocalAllocation,2197,3,372600,{'trace_kind': 'synthetic'},0.3726
isolation,2,streaming,WSClock,LocalAllocation,2197,3,389700,{'trace_kind': 'synthetic'},0.3897
isolation,3,streaming,WSClock,LocalAllocation,2197,3,424200,{'trace_kind': 'synthetic'},0.4242
isolation,4,streaming,WSClock,LocalAllocation,2197,3,454600,{'trace_kind': 'synthetic'},0.4546
isolation,5,streaming,WSClock,LocalAllocation,2197,3,487600,{'trace_kind': 'synthetic'},0.4876
isolation,6,streaming,WSClock,LocalAllocation,2197,3,528300,{'trace_kind': 'synthetic'},0.5283
isolation,7,streaming,WSClock,LocalAllocation,2197,3,590500,{'trace_kind': 'synthetic'},0.5905
isolation,0,streaming,WSClock,LocalAllocation,2197,4,342600,{'trace_kind': 'synthetic'},0.3426
isolation,1,streaming,WSClock,LocalAllocation,2197,4,371300,{'trace_kind': 'synthetic'},0.3713
isolation,2,streaming,WSClock,LocalAllocation,2197,4,389300,{'trace_kind': 'synthetic'},0.3893
isolation,3,streaming,WSClock,LocalAllocation,2197,4,416300,{'trace_kind': 'synthetic'},0.4163
isolation,4,streaming,WSClock,LocalAllocation,2197,4,453200,{'trace_kind': 'synthetic'},0.4532
isolation,5,streaming,WSClock,LocalAllocation,2197,4,495400,{'trace_kind': 'synthetic'},0.4954
isolation,6,streaming,WSClock,LocalAllocation,2197,4,562800,{'trace_kind': 'synthetic'},0.5628
isolation,7,streaming,WSClock,LocalAllocation,2197,4,614800,{'trace_kind': 'synthetic'},0.6148
isolation,0,streaming,WSClock,LocalAllocation,2197,5,356100,{'trace_kind': 'synthetic'},0.3561
isolation,1,streaming,WSClock,LocalAllocation,2197,5,370500,{'trace_kind': 'synthetic'},0.3705
isolation,2,streaming,WSClock,LocalAllocation,2197,5,398900,{'trace_kind': 'synthetic'},0.3989
isolation,3,streaming,WSClock,LocalAllocation,2197,5,424600,{'trace_kind': 'synthetic'},0.4246
isolation,4,streaming,WSClock,LocalAllocation,2197,5,499300,{'trace_kind': 'synthetic'},0.4993
isolation,5,streaming,WSClock,LocalAllocation,2197,5,500700,{'trace_kind': 'synthetic'},0.5007
isolation,6,streaming,WSClock,LocalAllocation,2197,5,533100,{'trace_kind': 'synthetic'},0.5331
isolation,7,streaming,WSClock,LocalAllocation,2197,5,592500,{'trace_kind': 'synthetic'},0.5925
isolation,0,streaming,WSClock,LocalAllocation,2197,6,343100,{'trace_kind': 'synthetic'},0.3431
isolation,1,streaming,WSClock,LocalAllocation,2197,6,369800,{'trace_kind': 'synthetic'},0.3698
isolation,2,streaming,WSClock,LocalAllocation,2197,6,478800,{'trace_kind': 'synthetic'},0.4788
isolation,3,streaming,WSClock,LocalAllocation,2197,6,433500,{'trace_kind': 'synthetic'},0.4335
isolation,4,streaming,WSClock,LocalAllocation,2197,6,460500,{'trace_kind': 'synthetic'},0.4605
isolation,5,streaming,WSClock,LocalAllocation,2197,6,490500,{'trace_kind': 'synthetic'},0.4905
isolation,6,streaming,WSClock,LocalAllocation,2197,6,560600,{'trace_kind': 'synthetic'},0.5606
isolation,7,streaming,WSClock,LocalAllocation,2197,6,597000,{'trace_kind': 'synthetic'},0.597
isolation,0,streaming,WSClock,LocalAllocation,2197,7,350300,{'trace_kind': 'synthetic'},0.3503
isolation,1,streaming,WSClock,LocalAllocation,2197,7,372100,{'trace_kind': 'synthetic'},0.3721
isolation,2,streaming,WSClock,LocalAllocation,2197,7,397900,{'trace_kind': 'synthetic'},0.3979
isolation,3,streaming,WSClock,LocalAllocation,2197,7,421200,{'trace_kind': 'synthetic'},0.4212
isolation,4,streaming,WSClock,LocalAllocation,2197,7,461000,{'trace_kind': 'synthetic'},0.461
isolation,5,streaming,WSClock,LocalAllocation,2197,7,491600,{'trace_kind': 'synthetic'},0.4916
isolation,6,streaming,WSClock,LocalAllocation,2197,7,543500,{'trace_kind': 'synthetic'},0.5435
isolation,7,streaming,WSClock,LocalAllocation,2197,7,600100,{'trace_kind': 'synthetic'},0.6001
isolation,0,streaming,WSClock,LocalAllocation,2197,8,347700,{'trace_kind': 'synthetic'},0.3477
isolation,1,streaming,WSClock,LocalAllocation,2197,8,365900,{'trace_kind': 'synthetic'},0.3659
isolation,2,streaming,WSClock,LocalAllocation,2197,8,397300,{'trace_kind': 'synthetic'},0.3973
isolation,3,streaming,WSClock,LocalAllocation,2197,8,422300,{'trace_kind': 'synthetic'},0.4223
isolation,4,streaming,WSClock,LocalAllocation,2197,8,451900,{'trace_kind': 'synthetic'},0.4519
isolation,5,streaming,WSClock,LocalAllocation,2197,8,482400,{'trace_kind': 'synthetic'},0.4824
isolation,6,streaming,WSClock,LocalAllocation,2197,8,550800,{'trace_kind': 'synthetic'},0.5508
isolation,7,streaming,WSClock,LocalAllocation,2197,8,611100,{'trace_kind': 'synthetic'},0.6111
isolation,0,streaming,WSClock,LocalAllocation,2197,9,344200,{'trace_kind': 'synthetic'},0.3442
isolation,1,streaming,WSClock,LocalAllocation,2197,9,368700,{'trace_kind': 'synthetic'},0.3687
isolation,2,streaming,WSClock,LocalAllocation,2197,9,398500,{'trace_kind': 'synthetic'},0.3985
isolation,3,streaming,WSClock,LocalAllocation,2197,9,452200,{'trace_kind': 'synthetic'},0.4522
isolation,4,streaming,WSClock,LocalAllocation,2197,9,443800,{'trace_kind': 'synthetic'},0.4438
isolation,5,streaming,WSClock,LocalAllocation,2197,9,495400,{'trace_kind': 'synthetic'},0.4954
isolation,6,streaming,WSClock,LocalAllocation,2197,9,540100,{'trace_kind': 'synthetic'},0.5401
isolation,7,streaming,WSClock,LocalAllocation,2197,9,594600,{'trace_kind': 'synthetic'},0.5946
isolation,0,streaming,WSClock,ProportionalAllocation,2197,0,344100,{'trace_kind': 'synthetic'},0.3441
isolation,1,streaming,WSClock,ProportionalAllocation,2197,0,366100,{'trace_kind': 'synthetic'},0.3661
isolation,2,streaming,WSClock,ProportionalAllocation,2197,0,411900,{'trace_kind': 'synthetic'},0.4119
isolation,3,streaming,WSClock,ProportionalAllocation,2197,0,425900,{'trace_kind': 'synthetic'},0.4259
isolation,4,streaming,WSClock,ProportionalAllocation,2197,0,446200,{'trace_kind': 'synthetic'},0.4462
isolation,5,streaming,WSClock,ProportionalAllocation,2197,0,489900,{'trace_kind': 'synthetic'},0.4899
isolation,6,streaming,WSClock,ProportionalAllocation,2197,0,541600,{'trace_kind': 'synthetic'},0.5416
isolation,7,streaming,WSClock,ProportionalAllocation,2197,0,602400,{'trace_kind': 'synthetic'},0.6024
isolation,0,streaming,WSClock,ProportionalAllocation,2197,1,347500,{'trace_kind': 'synthetic'},0.3475
isolation,1,streaming,WSClock,ProportionalAllocation,2197,1,376700,{'trace_kind': 'synthetic'},0.3767
isolation,2,streaming,WSClock,ProportionalAllocation,2197,1,397900,{'trace_kind': 'synthetic'},0.3979
isolation,3,streaming,WSClock,ProportionalAllocation,2197,1,428400,{'trace_kind': 'synthetic'},0.4284
isolation,4,streaming,WSClock,ProportionalAllocation,2197,1,454400,{'trace_kind': 'synthetic'},0.4544
isolation,5,streaming,WSClock,ProportionalAllocation,2197,1,498000,{'trace_kind': 'synthetic'},0.498
isolation,6,streaming,WSClock,ProportionalAllocation,2197,1,540900,{'trace_kind': 'synthetic'},0.5409
isolation,7,streaming,WSClock,ProportionalAllocation,2197,1,585900,{'trace_kind': 'synthetic'},0.5859
isolation,0,streaming,WSClock,ProportionalAllocation,2197,2,343700,{'trace_kind': 'synthetic'},0.3437
isolation,1,streaming,WSClock,ProportionalAllocation,2197,2,370200,{'trace_kind': 'synthetic'},0.3702
isolation,2,streaming,WSClock,ProportionalAllocation,2197,2,405200,{'trace_kind': 'synthetic'},0.4052
isolation,3,streaming,WSClock,ProportionalAllocation,2197,2,419900,{'trace_kind': 'synthetic'},0.4199
isolation,4,streaming,WSClock,ProportionalAllocation,2197,2,452500,{'trace_kind': 'synthetic'},0.4525
isolation,5,streaming,WSClock,ProportionalAllocation,2197,2,489500,{'trace_kind': 'synthetic'},0.4895
isolation,6,streaming,WSClock,ProportionalAllocation,2197,2,540400,{'trace_kind': 'synthetic'},0.5404
isolation,7,streaming,WSClock,ProportionalAllocation,2197,2,587400,{'trace_kind': 'synthetic'},0.5874
isolation,0,streaming,WSClock,ProportionalAllocation,2197,3,343400,{'trace_kind': 'synthetic'},0.3434
isolation,1,streaming,WSClock,ProportionalAllocation,2197,3,369100,{'trace_kind': 'synthetic'},0.3691
isolation,2,streaming,WSClock,ProportionalAllocation,2197,3,391600,{'trace_kind': 'synthetic'},0.3916
isolation,3,streaming,WSClock,ProportionalAllocation,2197,3,424800,{'trace_kind': 'synthetic'},0.4248
isolation,4,streaming,WSClock,ProportionalAllocation,2197,3,463900,{'trace_kind': 'synthetic'},0.4639
isolation,5,streaming,WSClock,ProportionalAllocation,2197,3,481500,{'trace_kind': 'synthetic'},0.4815
isolation,6,streaming,WSClock,ProportionalAllocation,2197,3,552800,{'trace_kind': 'synthetic'},0.5528
isolation,7,streaming,WSClock,ProportionalAllocation,2197,3,585700,{'trace_kind': 'synthetic'},0.5857
isolation,0,streaming,WSClock,ProportionalAllocation,2197,4,344600,{'trace_kind': 'synthetic'},0.3446
isolation,1,streaming,WSClock,ProportionalAllocation,2197,4,366300,{'trace_kind': 'synthetic'},0.3663
isolation,2,streaming,WSClock,ProportionalAllocation,2197,4,393900,{'trace_kind': 'synthetic'},0.3939
isolation,3,streaming,WSClock,ProportionalAllocation,2197,4,416000,{'trace_kind': 'synthetic'},0.416
isolation,4,streaming,WSClock,ProportionalAllocation,2197,4,462000,{'trace_kind': 'synthetic'},0.462
isolation,5,streaming,WSClock,ProportionalAllocation,2197,4,484900,{'trace_kind': 'synthetic'},0.4849
isolation,6,streaming,WSClock,ProportionalAllocation,2197,4,531100,{'trace_kind': 'synthetic'},0.5311
isolation,7,streaming,WSClock,ProportionalAllocation,2197,4,601000,{'trace_kind': 'synthetic'},0.601
isolation,0,streaming,WSClock,ProportionalAllocation,2197,5,342800,{'trace_kind': 'synthetic'},0.3428
isolation,1,streaming,WSClock,ProportionalAllocation,2197,5,362700,{'trace_kind': 'synthetic'},0.3627
isolation,2,streaming,WSClock,ProportionalAllocation,2197,5,390100,{'trace_kind': 'synthetic'},0.3901
isolation,3,streaming,WSClock,ProportionalAllocation,2197,5,418400,{'trace_kind': 'synthetic'},0.4184
isolation,4,streaming,WSClock,ProportionalAllocation,2197,5,448900,{'trace_kind': 'synthetic'},0.4489
isolation,5,streaming,WSClock,ProportionalAllocation,2197,5,488000,{'trace_kind': 'synthetic'},0.488
isolation,6,streaming,WSClock,ProportionalAllocation,2197,5,527600,{'trace_kind': 'synthetic'},0.5276
isolation,7,streaming,WSClock,ProportionalAllocation,2197,5,601200,{'trace_kind': 'synthetic'},0.6012
isolation,0,streaming,WSClock,ProportionalAllocation,2197,6,328800,{'trace_kind': 'synthetic'},0.3288
isolation,1,streaming,WSClock,ProportionalAllocation,2197,6,356000,{'trace_kind': 'synthetic'},0.356
isolation,2,streaming,WSClock,ProportionalAllocation,2197,6,373400,{'trace_kind': 'synthetic'},0.3734
isolation,3,streaming,WSClock,ProportionalAllocation,2197,6,411500,{'trace_kind': 'synthetic'},0.4115
isolation,4,streaming,WSClock,ProportionalAllocation,2197,6,453900,{'trace_kind': 'synthetic'},0.4539
isolation,5,streaming,WSClock,ProportionalAllocation,2197,6,496300,{'trace_kind': 'synthetic'},0.4963
isolation,6,streaming,WSClock,ProportionalAllocation,2197,6,525100,{'trace_kind': 'synthetic'},0.5251
isolation,7,streaming,WSClock,ProportionalAllocation,2197,6,596600,{'trace_kind': 'synthetic'},0.5966
isolation,0,streaming,WSClock,ProportionalAllocation,2197,7,345400,{'trace_kind': 'synthetic'},0.3454
isolation,1,streaming,WSClock,ProportionalAllocation,2197,7,369700,{'trace_kind': 'synthetic'},0.3697
isolation,2,streaming,WSClock,ProportionalAllocation,2197,7,395600,{'trace_kind': 'synthetic'},0.3956
isolation,3,streaming,WSClock,ProportionalAllocation,2197,7,426900,{'trace_kind': 'synthetic'},0.4269
isolation,4,streaming,WSClock,ProportionalAllocation,2197,7,455500,{'trace_kind': 'synthetic'},0.4555
isolation,5,streaming,WSClock,ProportionalAllocation,2197,7,481600,{'trace_kind': 'synthetic'},0.4816
isolation,6,streaming,WSClock,ProportionalAllocation,2197,7,544300,{'trace_kind': 'synthetic'},0.5443
isolation,7,streaming,WSClock,ProportionalAllocation,2197,7,594000,{'trace_kind': 'synthetic'},0.594
isolation,0,streaming,WSClock,ProportionalAllocation,2197,8,354600,{'trace_kind': 'synthetic'},0.3546
isolation,1,streaming,WSClock,ProportionalAllocation,2197,8,365400,{'trace_kind': 'synthetic'},0.3654
isolation,2,streaming,WSClock,ProportionalAllocation,2197,8,401400,{'trace_kind': 'synthetic'},0.4014
isolation,3,streaming,WSClock,ProportionalAllocation,2197,8,427200,{'trace_kind': 'synthetic'},0.4272
isolation,4,streaming,WSClock,ProportionalAllocation,2197,8,458000,{'trace_kind': 'synthetic'},0.458
isolation,5,streaming,WSClock,ProportionalAllocation,2197,8,487800,{'trace_kind': 'synthetic'},0.4878
isolation,6,streaming,WSClock,ProportionalAllocation,2197,8,557800,{'trace_kind': 'synthetic'},0.5578
isolation,7,streaming,WSClock,ProportionalAllocation,2197,8,592200,{'trace_kind': 'synthetic'},0.5922
isolation,0,streaming,WSClock,ProportionalAllocation,2197,9,339600,{'trace_kind': 'synthetic'},0.3396
isolation,1,streaming,WSClock,ProportionalAllocation,2197,9,364800,{'trace_kind': 'synthetic'},0.3648
isolation,2,streaming,WSClock,ProportionalAllocation,2197,9,390600,{'trace_kind': 'synthetic'},0.3906
isolation,3,streaming,WSClock,ProportionalAllocation,2197,9,422500,{'trace_kind': 'synthetic'},0.4225
isolation,4,streaming,WSClock,ProportionalAllocation,2197,9,453600,{'trace_kind': 'synthetic'},0.4536
isolation,5,streaming,WSClock,ProportionalAllocation,2197,9,501600,{'trace_kind': 'synthetic'},0.5016
isolation,6,streaming,WSClock,ProportionalAllocation,2197,9,534900,{'trace_kind': 'synthetic'},0.5349
isolation,7,streaming,WSClock,ProportionalAllocation,2197,9,587600,{'trace_kind': 'synthetic'},0.5876
isolation,0,streaming,FIFO,GlobalAllocation,2746,0,216000,{'trace_kind': 'synthetic'},0.216
isolation,1,streaming,FIFO,GlobalAllocation,2746,0,208200,{'trace_kind': 'synthetic'},0.2082
isolation,2,streaming,FIFO,GlobalAllocation,2746,0,211800,{'trace_kind': 'synthetic'},0.2118
isolation,3,streaming,FIFO,GlobalAllocation,2746,0,221700,{'trace_kind': 'synthetic'},0.2217
isolation,4,streaming,FIFO,GlobalAllocation,2746,0,225700,{'trace_kind': 'synthetic'},0.2257
isolation,5,streaming,FIFO,GlobalAllocation,2746,0,234900,{'trace_kind': 'synthetic'},0.2349
isolation,6,streaming,FIFO,GlobalAllocation,2746,0,245700,{'trace_kind': 'synthetic'},0.2457
isolation,7,streaming,FIFO,GlobalAllocation,2746,0,256400,{'trace_kind': 'synthetic'},0.2564
isolation,0,streaming,FIFO,GlobalAllocation,2746,1,204500,{'trace_kind': 'synthetic'},0.2045
isolation,1,streaming,FIFO,GlobalAllocation,2746,1,214200,{'trace_kind': 'synthetic'},0.2142
isolation,2,streaming,FIFO,GlobalAllocation,2746,1,231200,{'trace_kind': 'synthetic'},0.2312
isolation,3,streaming,FIFO,GlobalAllocation,2746,1,221100,{'trace_kind': 'synthetic'},0.2211
isolation,4,streaming,FIFO,GlobalAllocation,2746,1,229000,{'trace_kind': 'synthetic'},0.229
isolation,5,streaming,FIFO,GlobalAllocation,2746,1,238200,{'trace_kind': 'synthetic'},0.2382
isolation,6,streaming,FIFO,GlobalAllocation,2746,1,246000,{'trace_kind': 'synthetic'},0.246
isolation,7,streaming,FIFO,GlobalAllocation,2746,1,260700,{'trace_kind': 'synthetic'},0.2607
isolation,0,streaming,FIFO,GlobalAllocation,2746,2,198900,{'trace_kind': 'synthetic'},0.1989
isolation,1,streaming,FIFO,GlobalAllocation,2746,2,211200,{'trace_kind': 'synthetic'},0.2112
isolation,2,streaming,FIFO,GlobalAllocation,2746,2,224900,{'trace_kind': 'synthetic'},0.2249
isolation,3,streaming,FIFO,GlobalAllocation,2746,2,245900,{'trace_kind': 'synthetic'},0.2459
isolation,4,streaming,FIFO,GlobalAllocation,2746,2,232200,{'trace_kind': 'synthetic'},0.2322
isolation,5,streaming,FIFO,GlobalAllocation,2746,2,236900,{'trace_kind': 'synthetic'},0.2369
isolation,6,streaming,FIFO,GlobalAllocation,2746,2,251400,{'trace_kind': 'synthetic'},0.2514
isolation,7,streaming,FIFO,GlobalAllocation,2746,2,258200,{'trace_kind': 'synthetic'},0.2582
isolation,0,streaming,FIFO,GlobalAllocation,2746,3,200300,{'trace_kind': 'synthetic'},0.2003
isolation,1,streaming,FIFO,GlobalAllocation,2746,3,209900,{'trace_kind': 'synthetic'},0.2099
isolation,2,streaming,FIFO,GlobalAllocation,2746,3,217000,{'trace_kind': 'synthetic'},0.217
isolation,3,streaming,FIFO,GlobalAllocation,2746,3,225300,{'trace_kind': 'synthetic'},0.2253
isolation,4,streaming,FIFO,GlobalAllocation,2746,3,225900,{'trace_kind': 'synthetic'},0.2259
isolation,5,streaming,FIFO,GlobalAllocation,2746,3,239000,{'trace_kind': 'synthetic'},0.239
isolation,6,streaming,FIFO,GlobalAllocation,2746,3,266900,{'trace_kind': 'synthetic'},0.2669
isolation,7,streaming,FIFO,GlobalAllocation,2746,3,447900,{'trace_kind': 'synthetic'},0.4479
isolation,0,streaming,FIFO,GlobalAllocation,2746,4,199400,{'trace_kind': 'synthetic'},0.1994
isolation,1,streaming,FIFO,GlobalAllocation,2746,4,207000,{'trace_kind': 'synthetic'},0.207
isolation,2,streaming,FIFO,GlobalAllocation,2746,4,212800,{'trace_kind': 'synthetic'},0.2128
isolation,3,streaming,FIFO,GlobalAllocation,2746,4,220800,{'trace_kind': 'synthetic'},0.2208
isolation,4,streaming,FIFO,GlobalAllocation,2746,4,228200,{'trace_kind': 'synthetic'},0.2282
isolation,5,streaming,FIFO,GlobalAllocation,2746,4,239300,{'trace_kind': 'synthetic'},0.2393
isolation,6,streaming,FIFO,GlobalAllocation,2746,4,245400,{'trace_kind': 'synthetic'},0.2454
isolation,7,streaming,FIFO,GlobalAllocation,2746,4,260000,{'trace_kind': 'synthetic'},0.26
isolation,0,streaming,FIFO,GlobalAllocation,2746,5,200800,{'trace_kind': 'synthetic'},0.2008
isolation,1,streaming,FIFO,GlobalAllocation,2746,5,210100,{'trace_kind': 'synthetic'},0.2101
isolation,2,streaming,FIFO,GlobalAllocation,2746,5,213500,{'trace_kind': 'synthetic'},0.2135
isolation,3,streaming,FIFO,GlobalAllocation,2746,5,219000,{'trace_kind': 'synthetic'},0.219
isolation,4,streaming,FIFO,GlobalAllocation,2746,5,229000,{'trace_kind': 'synthetic'},0.229
isolation,5,streaming,FIFO,GlobalAllocation,2746,5,237800,{'trace_kind': 'synthetic'},0.2378
isolation,6,streaming,FIFO,GlobalAllocation,2746,5,245300,{'trace_kind': 'synthetic'},0.2453
isolation,7,streaming,FIFO,GlobalAllocation,2746,5,253700,{'trace_kind': 'synthetic'},0.2537
isolation,0,streaming,FIFO,GlobalAllocation,2746,6,201700,{'trace_kind': 'synthetic'},0.2017
isolation,1,streaming,FIFO,GlobalAllocation,2746,6,208300,{'trace_kind': 'synthetic'},0.2083
isolation,2,streaming,FIFO,GlobalAllocation,2746,6,215500,{'trace_kind': 'synthetic'},0.2155
isolation,3,streaming,FIFO,GlobalAllocation,2746,6,229400,{'trace_kind': 'synthetic'},0.2294
isolation,4,streaming,FIFO,GlobalAllocation,2746,6,228100,{'trace_kind': 'synthetic'},0.2281
isolation,5,streaming,FIFO,GlobalAllocation,2746,6,240400,{'trace_kind': 'synthetic'},0.2404
isolation,6,streaming,FIFO,GlobalAllocation,2746,6,245200,{'trace_kind': 'synthetic'},0.2452
isolation,7,streaming,FIFO,GlobalAllocation,2746,6,257000,{'trace_kind': 'synthetic'},0.257
isolation,0,streaming,FIFO,GlobalAllocation,2746,7,201900,{'trace_kind': 'synthetic'},0.2019
isolation,1,streaming,FIFO,GlobalAllocation,2746,7,206800,{'trace_kind': 'synthetic'},0.2068
isolation,2,streaming,FIFO,GlobalAllocation,2746,7,217700,{'trace_kind': 'synthetic'},0.2177
isolation,3,streaming,FIFO,GlobalAllocation,2746,7,221900,{'trace_kind': 'synthetic'},0.2219
isolation,4,streaming,FIFO,GlobalAllocation,2746,7,226100,{'trace_kind': 'synthetic'},0.2261
isolation,5,streaming,FIFO,GlobalAllocation,2746,7,237900,{'trace_kind': 'synthetic'},0.2379
isolation,6,streaming,FIFO,GlobalAllocation,2746,7,245800,{'trace_kind': 'synthetic'},0.2458
isolation,7,streaming,FIFO,GlobalAllocation,2746,7,254900,{'trace_kind': 'synthetic'},0.2549
isolation,0,streaming,FIFO,GlobalAllocation,2746,8,203900,{'trace_kind': 'synthetic'},0.2039
isolation,1,streaming,FIFO,GlobalAllocation,2746,8,204200,{'trace_kind': 'synthetic'},0.2042
isolation,2,streaming,FIFO,GlobalAllocation,2746,8,213300,{'trace_kind': 'synthetic'},0.2133
isolation,3,streaming,FIFO,GlobalAllocation,2746,8,221400,{'trace_kind': 'synthetic'},0.2214
isolation,4,streaming,FIFO,GlobalAllocation,2746,8,227700,{'trace_kind': 'synthetic'},0.2277
isolation,5,streaming,FIFO,GlobalAllocation,2746,8,236900,{'trace_kind': 'synthetic'},0.2369
isolation,6,streaming,FIFO,GlobalAllocation,2746,8,244900,{'trace_kind': 'synthetic'},0.2449
isolation,7,streaming,FIFO,GlobalAllocation,2746,8,269500,{'trace_kind': 'synthetic'},0.2695
isolation,0,streaming,FIFO,GlobalAllocation,2746,9,402800,{'trace_kind': 'synthetic'},0.4028
isolation,1,streaming,FIFO,GlobalAllocation,2746,9,402900,{'trace_kind': 'synthetic'},0.4029
isolation,2,streaming,FIFO,GlobalAllocation,2746,9,416000,{'trace_kind': 'synthetic'},0.416
isolation,3,streaming,FIFO,GlobalAllocation,2746,9,388800,{'trace_kind': 'synthetic'},0.3888
isolation,4,streaming,FIFO,GlobalAllocation,2746,9,580200,{'trace_kind': 'synthetic'},0.5802
isolation,5,streaming,FIFO,GlobalAllocation,2746,9,460300,{'trace_kind': 'synthetic'},0.4603
isolation,6,streaming,FIFO,GlobalAllocation,2746,9,496700,{'trace_kind': 'synthetic'},0.4967
isolation,7,streaming,FIFO,GlobalAllocation,2746,9,475100,{'trace_kind': 'synthetic'},0.4751
isolation,0,streaming,FIFO,LocalAllocation,2746,0,197000,{'trace_kind': 'synthetic'},0.197
isolation,1,streaming,FIFO,LocalAllocation,2746,0,209300,{'trace_kind': 'synthetic'},0.2093
isolation,2,streaming,FIFO,LocalAllocation,2746,0,214000,{'trace_kind': 'synthetic'},0.214
isolation,3,streaming,FIFO,LocalAllocation,2746,0,224300,{'trace_kind': 'synthetic'},0.2243
isolation,4,streaming,FIFO,LocalAllocation,2746,0,224100,{'trace_kind': 'synthetic'},0.2241
isolation,5,streaming,FIFO,LocalAllocation,2746,0,232600,{'trace_kind': 'synthetic'},0.2326
isolation,6,streaming,FIFO,LocalAllocation,2746,0,248300,{'trace_kind': 'synthetic'},0.2483
isolation,7,streaming,FIFO,LocalAllocation,2746,0,257900,{'trace_kind': 'synthetic'},0.2579
isolation,0,streaming,FIFO,LocalAllocation,2746,1,200000,{'trace_kind': 'synthetic'},0.2
isolation,1,streaming,FIFO,LocalAllocation,2746,1,209100,{'trace_kind': 'synthetic'},0.2091
isolation,2,streaming,FIFO,LocalAllocation,2746,1,215700,{'trace_kind': 'synthetic'},0.2157
isolation,3,streaming,FIFO,LocalAllocation,2746,1,222400,{'trace_kind': 'synthetic'},0.2224
isolation,4,streaming,FIFO,LocalAllocation,2746,1,227200,{'trace_kind': 'synthetic'},0.2272
isolation,5,streaming,FIFO,LocalAllocation,2746,1,231400,{'trace_kind': 'synthetic'},0.2314
isolation,6,streaming,FIFO,LocalAllocation,2746,1,246000,{'trace_kind': 'synthetic'},0.246
isolation,7,streaming,FIFO,LocalAllocation,2746,1,253200,{'trace_kind': 'synthetic'},0.2532
isolation,0,streaming,FIFO,LocalAllocation,2746,2,200000,{'trace_kind': 'synthetic'},0.2
isolation,1,streaming,FIFO,LocalAllocation,2746,2,207200,{'trace_kind': 'synthetic'},0.2072
isolation,2,streaming,FIFO,LocalAllocation,2746,2,214700,{'trace_kind': 'synthetic'},0.2147
isolation,3,streaming,FIFO,LocalAllocation,2746,2,218900,{'trace_kind': 'synthetic'},0.2189
isolation,4,streaming,FIFO,LocalAllocation,2746,2,226100,{'trace_kind': 'synthetic'},0.2261
isolation,5,streaming,FIFO,LocalAllocation,2746,2,233900,{'trace_kind': 'synthetic'},0.2339
isolation,6,streaming,FIFO,LocalAllocation,2746,2,247200,{'trace_kind': 'synthetic'},0.2472
isolation,7,streaming,FIFO,LocalAllocation,2746,2,256000,{'trace_kind': 'synthetic'},0.256
isolation,0,streaming,FIFO,LocalAllocation,2746,3,200500,{'trace_kind': 'synthetic'},0.2005
isolation,1,streaming,FIFO,LocalAllocation,2746,3,208400,{'trace_kind': 'synthetic'},0.2084
isolation,2,streaming,FIFO,LocalAllocation,2746,3,212300,{'trace_kind': 'synthetic'},0.2123
isolation,3,streaming,FIFO,LocalAllocation,2746,3,224900,{'trace_kind': 'synthetic'},0.2249
isolation,4,streaming,FIFO,LocalAllocation,2746,3,232800,{'trace_kind': 'synthetic'},0.2328
isolation,5,streaming,FIFO,LocalAllocation,2746,3,245800,{'trace_kind': 'synthetic'},0.2458
isolation,6,streaming,FIFO,LocalAllocation,2746,3,241000,{'trace_kind': 'synthetic'},0.241
isolation,7,streaming,FIFO,LocalAllocation,2746,3,252300,{'trace_kind': 'synthetic'},0.2523
isolation,0,streaming,FIFO,LocalAllocation,2746,4,402900,{'trace_kind': 'synthetic'},0.4029
isolation,1,streaming,FIFO,LocalAllocation,2746,4,210000,{'trace_kind': 'synthetic'},0.21
isolation,2,streaming,FIFO,LocalAllocation,2746,4,215400,{'trace_kind': 'synthetic'},0.2154
isolation,3,streaming,FIFO,LocalAllocation,2746,4,218100,{'trace_kind': 'synthetic'},0.2181
isolation,4,streaming,FIFO,LocalAllocation,2746,4,226600,{'trace_kind': 'synthetic'},0.2266
isolation,5,streaming,FIFO,LocalAllocation,2746,4,234300,{'trace_kind': 'synthetic'},0.2343
isolation,6,streaming,FIFO,LocalAllocation,2746,4,246800,{'trace_kind': 'synthetic'},0.2468
isolation,7,streaming,FIFO,LocalAllocation,2746,4,262000,{'trace_kind': 'synthetic'},0.262
isolation,0,streaming,FIFO,LocalAllocation,2746,5,200300,{'trace_kind': 'synthetic'},0.2003
isolation,1,streaming,FIFO,LocalAllocation,2746,5,205500,{'trace_kind': 'synthetic'},0.2055
isolation,2,streaming,FIFO,LocalAllocation,2746,5,211900,{'trace_kind': 'synthetic'},0.2119
isolation,3,streaming,FIFO,LocalAllocation,2746,5,220700,{'trace_kind': 'synthetic'},0.2207
isolation,4,streaming,FIFO,LocalAllocation,2746,5,236100,{'trace_kind': 'synthetic'},0.2361
isolation,5,streaming,FIFO,LocalAllocation,2746,5,238200,{'trace_kind': 'synthetic'},0.2382
isolation,6,streaming,FIFO,LocalAllocation,2746,5,244600,{'trace_kind': 'synthetic'},0.2446
isolation,7,streaming,FIFO,LocalAllocation,2746,5,252800,{'trace_kind': 'synthetic'},0.2528
isolation,0,streaming,FIFO,LocalAllocation,2746,6,222400,{'trace_kind': 'synthetic'},0.2224
isolation,1,streaming,FIFO,LocalAllocation,2746,6,207700,{'trace_kind': 'synthetic'},0.2077
isolation,2,streaming,FIFO,LocalAllocation,2746,6,213100,{'trace_kind': 'synthetic'},0.2131
isolation,3,streaming,FIFO,LocalAllocation,2746,6,221000,{'trace_kind': 'synthetic'},0.221
isolation,4,streaming,FIFO,LocalAllocation,2746,6,226700,{'trace_kind': 'synthetic'},0.2267
isolation,5,streaming,FIFO,LocalAllocation,2746,6,233100,{'trace_kind': 'synthetic'},0.2331
isolation,6,streaming,FIFO,LocalAllocation,2746,6,242800,{'trace_kind': 'synthetic'},0.2428
isolation,7,streaming,FIFO,LocalAllocation,2746,6,258100,{'trace_kind': 'synthetic'},0.2581
isolation,0,streaming,FIFO,LocalAllocation,2746,7,201800,{'trace_kind': 'synthetic'},0.2018
isolation,1,streaming,FIFO,LocalAllocation,2746,7,210300,{'trace_kind': 'synthetic'},0.2103
isolation,2,streaming,FIFO,LocalAllocation,2746,7,217000,{'trace_kind': 'synthetic'},0.217
isolation,3,streaming,FIFO,LocalAllocation,2746,7,220300,{'trace_kind': 'synthetic'},0.2203
isolation,4,streaming,FIFO,LocalAllocation,2746,7,227300,{'trace_kind': 'synthetic'},0.2273
isolation,5,streaming,FIFO,LocalAllocation,2746,7,238500,{'trace_kind': 'synthetic'},0.2385
isolation,6,streaming,FIFO,LocalAllocation,2746,7,247800,{'trace_kind': 'synthetic'},0.2478
isolation,7,streaming,FIFO,LocalAllocation,2746,7,251200,{'trace_kind': 'synthetic'},0.2512
isolation,0,streaming,FIFO,LocalAllocation,2746,8,200100,{'trace_kind': 'synthetic'},0.2001
isolation,1,streaming,FIFO,LocalAllocation,2746,8,200400,{'trace_kind': 'synthetic'},0.2004
isolation,2,streaming,FIFO,LocalAllocation,2746,8,209300,{'trace_kind': 'synthetic'},0.2093
isolation,3,streaming,FIFO,LocalAllocation,2746,8,217600,{'trace_kind': 'synthetic'},0.2176
isolation,4,streaming,FIFO,LocalAllocation,2746,8,225200,{'trace_kind': 'synthetic'},0.2252
isolation,5,streaming,FIFO,LocalAllocation,2746,8,234000,{'trace_kind': 'synthetic'},0.234
isolation,6,streaming,FIFO,LocalAllocation,2746,8,244400,{'trace_kind': 'synthetic'},0.2444
isolation,7,streaming,FIFO,LocalAllocation,2746,8,252500,{'trace_kind': 'synthetic'},0.2525
isolation,0,streaming,FIFO,LocalAllocation,2746,9,198100,{'trace_kind': 'synthetic'},0.1981
isolation,1,streaming,FIFO,LocalAllocation,2746,9,207700,{'trace_kind': 'synthetic'},0.2077
isolation,2,streaming,FIFO,LocalAllocation,2746,9,211500,{'trace_kind': 'synthetic'},0.2115
isolation,3,streaming,FIFO,LocalAllocation,2746,9,219100,{'trace_kind': 'synthetic'},0.2191
isolation,4,streaming,FIFO,LocalAllocation,2746,9,223600,{'trace_kind': 'synthetic'},0.2236
isolation,5,streaming,FIFO,LocalAllocation,2746,9,232700,{'trace_kind': 'synthetic'},0.2327
isolation,6,streaming,FIFO,LocalAllocation,2746,9,244500,{'trace_kind': 'synthetic'},0.2445
isolation,7,streaming,FIFO,LocalAllocation,2746,9,255000,{'trace_kind': 'synthetic'},0.255
isolation,0,streaming,FIFO,ProportionalAllocation,2746,0,200500,{'trace_kind': 'synthetic'},0.2005
isolation,1,streaming,FIFO,ProportionalAllocation,2746,0,208700,{'trace_kind': 'synthetic'},0.2087
isolation,2,streaming,FIFO,ProportionalAllocation,2746,0,209800,{'trace_kind': 'synthetic'},0.2098
isolation,3,streaming,FIFO,ProportionalAllocation,2746,0,220500,{'trace_kind': 'synthetic'},0.2205
isolation,4,streaming,FIFO,ProportionalAllocation,2746,0,227700,{'trace_kind': 'synthetic'},0.2277
isolation,5,streaming,FIFO,ProportionalAllocation,2746,0,235900,{'trace_kind': 'synthetic'},0.2359
isolation,6,streaming,FIFO,ProportionalAllocation,2746,0,249500,{'trace_kind': 'synthetic'},0.2495
isolation,7,streaming,FIFO,ProportionalAllocation,2746,0,253700,{'trace_kind': 'synthetic'},0.2537
isolation,0,streaming,FIFO,ProportionalAllocation,2746,1,198100,{'trace_kind': 'synthetic'},0.1981
isolation,1,streaming,FIFO,ProportionalAllocation,2746,1,208000,{'trace_kind': 'synthetic'},0.208
isolation,2,streaming,FIFO,ProportionalAllocation,2746,1,213900,{'trace_kind': 'synthetic'},0.2139
isolation,3,streaming,FIFO,ProportionalAllocation,2746,1,221000,{'trace_kind': 'synthetic'},0.221
isolation,4,streaming,FIFO,ProportionalAllocation,2746,1,239900,{'trace_kind': 'synthetic'},0.2399
isolation,5,streaming,FIFO,ProportionalAllocation,2746,1,236400,{'trace_kind': 'synthetic'},0.2364
isolation,6,streaming,FIFO,ProportionalAllocation,2746,1,248700,{'trace_kind': 'synthetic'},0.2487
isolation,7,streaming,FIFO,ProportionalAllocation,2746,1,261000,{'trace_kind': 'synthetic'},0.261
isolation,0,streaming,FIFO,ProportionalAllocation,2746,2,420500,{'trace_kind': 'synthetic'},0.4205
isolation,1,streaming,FIFO,ProportionalAllocation,2746,2,270200,{'trace_kind': 'synthetic'},0.2702
isolation,2,streaming,FIFO,ProportionalAllocation,2746,2,224800,{'trace_kind': 'synthetic'},0.2248
isolation,3,streaming,FIFO,ProportionalAllocation,2746,2,299400,{'trace_kind': 'synthetic'},0.2994
isolation,4,streaming,FIFO,ProportionalAllocation,2746,2,338100,{'trace_kind': 'synthetic'},0.3381
isolation,5,streaming,FIFO,ProportionalAllocation,2746,2,359700,{'trace_kind': 'synthetic'},0.3597
isolation,6,streaming,FIFO,ProportionalAllocation,2746,2,364000,{'trace_kind': 'synthetic'},0.364
isolation,7,streaming,FIFO,ProportionalAllocation,2746,2,345600,{'trace_kind': 'synthetic'},0.3456
isolation,0,streaming,FIFO,ProportionalAllocation,2746,3,202800,{'trace_kind': 'synthetic'},0.2028
isolation,1,streaming,FIFO,ProportionalAllocation,2746,3,211600,{'trace_kind': 'synthetic'},0.2116
isolation,2,streaming,FIFO,ProportionalAllocation,2746,3,212700,{'trace_kind': 'synthetic'},0.2127
isolation,3,streaming,FIFO,ProportionalAllocation,2746,3,222300,{'trace_kind': 'synthetic'},0.2223
isolation,4,streaming,FIFO,ProportionalAllocation,2746,3,242800,{'trace_kind': 'synthetic'},0.2428
isolation,5,streaming,FIFO,ProportionalAllocation,2746,3,234200,{'trace_kind': 'synthetic'},0.2342
isolation,6,streaming,FIFO,ProportionalAllocation,2746,3,249400,{'trace_kind': 'synthetic'},0.2494
isolation,7,streaming,FIFO,ProportionalAllocation,2746,3,254600,{'trace_kind': 'synthetic'},0.2546
isolation,0,streaming,FIFO,ProportionalAllocation,2746,4,200800,{'trace_kind': 'synthetic'},0.2008
isolation,1,streaming,FIFO,ProportionalAllocation,2746,4,205800,{'trace_kind': 'synthetic'},0.2058
isolation,2,streaming,FIFO,ProportionalAllocation,2746,4,211700,{'trace_kind': 'synthetic'},0.2117
isolation,3,streaming,FIFO,ProportionalAllocation,2746,4,217200,{'trace_kind': 'synthetic'},0.2172
isolation,4,streaming,FIFO,ProportionalAllocation,2746,4,227100,{'trace_kind': 'synthetic'},0.2271
isolation,5,streaming,FIFO,ProportionalAllocation,2746,4,233400,{'trace_kind': 'synthetic'},0.2334
isolation,6,streaming,FIFO,ProportionalAllocation,2746,4,241000,{'trace_kind': 'synthetic'},0.241
isolation,7,streaming,FIFO,ProportionalAllocation,2746,4,256700,{'trace_kind': 'synthetic'},0.2567
isolation,0,streaming,FIFO,ProportionalAllocation,2746,5,197300,{'trace_kind': 'synthetic'},0.1973
isolation,1,streaming,FIFO,ProportionalAllocation,2746,5,206200,{'trace_kind': 'synthetic'},0.2062
isolation,2,streaming,FIFO,ProportionalAllocation,2746,5,212600,{'trace_kind': 'synthetic'},0.2126
isolation,3,streaming,FIFO,ProportionalAllocation,2746,5,222100,{'trace_kind': 'synthetic'},0.2221
isolation,4,streaming,FIFO,ProportionalAllocation,2746,5,227500,{'trace_kind': 'synthetic'},0.2275
isolation,5,streaming,FIFO,ProportionalAllocation,2746,5,239800,{'trace_kind': 'synthetic'},0.2398
isolation,6,streaming,FIFO,ProportionalAllocation,2746,5,246700,{'trace_kind': 'synthetic'},0.2467
isolation,7,streaming,FIFO,ProportionalAllocation,2746,5,254900,{'trace_kind': 'synthetic'},0.2549
isolation,0,streaming,FIFO,ProportionalAllocation,2746,6,205700,{'trace_kind': 'synthetic'},0.2057
isolation,1,streaming,FIFO,ProportionalAllocation,2746,6,206600,{'trace_kind': 'synthetic'},0.2066
isolation,2,streaming,FIFO,ProportionalAllocation,2746,6,209500,{'trace_kind': 'synthetic'},0.2095
isolation,3,streaming,FIFO,ProportionalAllocation,2746,6,221000,{'trace_kind': 'synthetic'},0.221
isolation,4,streaming,FIFO,ProportionalAllocation,2746,6,224900,{'trace_kind': 'synthetic'},0.2249
isolation,5,streaming,FIFO,ProportionalAllocation,2746,6,235700,{'trace_kind': 'synthetic'},0.2357
isolation,6,streaming,FIFO,ProportionalAllocation,2746,6,246800,{'trace_kind': 'synthetic'},0.2468
isolation,7,streaming,FIFO,ProportionalAllocation,2746,6,254000,{'trace_kind': 'synthetic'},0.254
isolation,0,streaming,FIFO,ProportionalAllocation,2746,7,196400,{'trace_kind': 'synthetic'},0.1964
isolation,1,streaming,FIFO,ProportionalAllocation,2746,7,195700,{'trace_kind': 'synthetic'},0.1957
isolation,2,streaming,FIFO,ProportionalAllocation,2746,7,211400,{'trace_kind': 'synthetic'},0.2114
isolation,3,streaming,FIFO,ProportionalAllocation,2746,7,202800,{'trace_kind': 'synthetic'},0.2028
isolation,4,streaming,FIFO,ProportionalAllocation,2746,7,208900,{'trace_kind': 'synthetic'},0.2089
isolation,5,streaming,FIFO,ProportionalAllocation,2746,7,214000,{'trace_kind': 'synthetic'},0.214
isolation,6,streaming,FIFO,ProportionalAllocation,2746,7,221500,{'trace_kind': 'synthetic'},0.2215
isolation,7,streaming,FIFO,ProportionalAllocation,2746,7,229800,{'trace_kind': 'synthetic'},0.2298
isolation,0,streaming,FIFO,ProportionalAllocation,2746,8,203100,{'trace_kind': 'synthetic'},0.2031
isolation,1,streaming,FIFO,ProportionalAllocation,2746,8,204500,{'trace_kind': 'synthetic'},0.2045
isolation,2,streaming,FIFO,ProportionalAllocation,2746,8,212200,{'trace_kind': 'synthetic'},0.2122
isolation,3,streaming,FIFO,ProportionalAllocation,2746,8,220400,{'trace_kind': 'synthetic'},0.2204
isolation,4,streaming,FIFO,ProportionalAllocation,2746,8,223500,{'trace_kind': 'synthetic'},0.2235
isolation,5,streaming,FIFO,ProportionalAllocation,2746,8,233900,{'trace_kind': 'synthetic'},0.2339
isolation,6,streaming,FIFO,ProportionalAllocation,2746,8,248500,{'trace_kind': 'synthetic'},0.2485
isolation,7,streaming,FIFO,ProportionalAllocation,2746,8,261500,{'trace_kind': 'synthetic'},0.2615
isolation,0,streaming,FIFO,ProportionalAllocation,2746,9,196600,{'trace_kind': 'synthetic'},0.1966
isolation,1,streaming,FIFO,ProportionalAllocation,2746,9,206900,{'trace_kind': 'synthetic'},0.2069
isolation,2,streaming,FIFO,ProportionalAllocation,2746,9,212100,{'trace_kind': 'synthetic'},0.2121
isolation,3,streaming,FIFO,ProportionalAllocation,2746,9,216400,{'trace_kind': 'synthetic'},0.2164
isolation,4,streaming,FIFO,ProportionalAllocation,2746,9,222900,{'trace_kind': 'synthetic'},0.2229
isolation,5,streaming,FIFO,ProportionalAllocation,2746,9,296300,{'trace_kind': 'synthetic'},0.2963
isolation,6,streaming,FIFO,ProportionalAllocation,2746,9,248800,{'trace_kind': 'synthetic'},0.2488
isolation,7,streaming,FIFO,ProportionalAllocation,2746,9,263900,{'trace_kind': 'synthetic'},0.2639
isolation,0,streaming,LRU,GlobalAllocation,2746,0,323000,{'trace_kind': 'synthetic'},0.323
isolation,1,streaming,LRU,GlobalAllocation,2746,0,333800,{'trace_kind': 'synthetic'},0.3338
isolation,2,streaming,LRU,GlobalAllocation,2746,0,338000,{'trace_kind': 'synthetic'},0.338
isolation,3,streaming,LRU,GlobalAllocation,2746,0,345000,{'trace_kind': 'synthetic'},0.345
isolation,4,streaming,LRU,GlobalAllocation,2746,0,347200,{'trace_kind': 'synthetic'},0.3472
isolation,5,streaming,LRU,GlobalAllocation,2746,0,357700,{'trace_kind': 'synthetic'},0.3577
isolation,6,streaming,LRU,GlobalAllocation,2746,0,372300,{'trace_kind': 'synthetic'},0.3723
isolation,7,streaming,LRU,GlobalAllocation,2746,0,383900,{'trace_kind': 'synthetic'},0.3839
isolation,0,streaming,LRU,GlobalAllocation,2746,1,326000,{'trace_kind': 'synthetic'},0.326
isolation,1,streaming,LRU,GlobalAllocation,2746,1,331000,{'trace_kind': 'synthetic'},0.331
isolation,2,streaming,LRU,GlobalAllocation,2746,1,343100,{'trace_kind': 'synthetic'},0.3431
isolation,3,streaming,LRU,GlobalAllocation,2746,1,347800,{'trace_kind': 'synthetic'},0.3478
isolation,4,streaming,LRU,GlobalAllocation,2746,1,353300,{'trace_kind': 'synthetic'},0.3533
isolation,5,streaming,LRU,GlobalAllocation,2746,1,362600,{'trace_kind': 'synthetic'},0.3626
isolation,6,streaming,LRU,GlobalAllocation,2746,1,373500,{'trace_kind': 'synthetic'},0.3735
isolation,7,streaming,LRU,GlobalAllocation,2746,1,386800,{'trace_kind': 'synthetic'},0.3868
isolation,0,streaming,LRU,GlobalAllocation,2746,2,322300,{'trace_kind': 'synthetic'},0.3223
isolation,1,streaming,LRU,GlobalAllocation,2746,2,330600,{'trace_kind': 'synthetic'},0.3306
isolation,2,streaming,LRU,GlobalAllocation,2746,2,338700,{'trace_kind': 'synthetic'},0.3387
isolation,3,streaming,LRU,GlobalAllocation,2746,2,348000,{'trace_kind': 'synthetic'},0.348
isolation,4,streaming,LRU,GlobalAllocation,2746,2,353500,{'trace_kind': 'synthetic'},0.3535
isolation,5,streaming,LRU,GlobalAllocation,2746,2,358400,{'trace_kind': 'synthetic'},0.3584
isolation,6,streaming,LRU,GlobalAllocation,2746,2,373200,{'trace_kind': 'synthetic'},0.3732
isolation,7,streaming,LRU,GlobalAllocation,2746,2,378300,{'trace_kind': 'synthetic'},0.3783
isolation,0,streaming,LRU,GlobalAllocation,2746,3,325500,{'trace_kind': 'synthetic'},0.3255
isolation,1,streaming,LRU,GlobalAllocation,2746,3,333600,{'trace_kind': 'synthetic'},0.3336
isolation,2,streaming,LRU,GlobalAllocation,2746,3,340200,{'trace_kind': 'synthetic'},0.3402
isolation,3,streaming,LRU,GlobalAllocation,2746,3,348900,{'trace_kind': 'synthetic'},0.3489
isolation,4,streaming,LRU,GlobalAllocation,2746,3,351100,{'trace_kind': 'synthetic'},0.3511
isolation,5,streaming,LRU,GlobalAllocation,2746,3,359400,{'trace_kind': 'synthetic'},0.3594
isolation,6,streaming,LRU,GlobalAllocation,2746,3,368600,{'trace_kind': 'synthetic'},0.3686
isolation,7,streaming,LRU,GlobalAllocation,2746,3,509200,{'trace_kind': 'synthetic'},0.5092
isolation,0,streaming,LRU,GlobalAllocation,2746,4,322500,{'trace_kind': 'synthetic'},0.3225
isolation,1,streaming,LRU,GlobalAllocation,2746,4,330900,{'trace_kind': 'synthetic'},0.3309
isolation,2,streaming,LRU,GlobalAllocation,2746,4,337700,{'trace_kind': 'synthetic'},0.3377
isolation,3,streaming,LRU,GlobalAllocation,2746,4,346300,{'trace_kind': 'synthetic'},0.3463
isolation,4,streaming,LRU,GlobalAllocation,2746,4,353500,{'trace_kind': 'synthetic'},0.3535
isolation,5,streaming,LRU,GlobalAllocation,2746,4,355400,{'trace_kind': 'synthetic'},0.3554
isolation,6,streaming,LRU,GlobalAllocation,2746,4,366200,{'trace_kind': 'synthetic'},0.3662
isolation,7,streaming,LRU,GlobalAllocation,2746,4,396900,{'trace_kind': 'synthetic'},0.3969
isolation,0,streaming,LRU,GlobalAllocation,2746,5,333100,{'trace_kind': 'synthetic'},0.3331
isolation,1,streaming,LRU,GlobalAllocation,2746,5,331300,{'trace_kind': 'synthetic'},0.3313
isolation,2,streaming,LRU,GlobalAllocation,2746,5,336700,{'trace_kind': 'synthetic'},0.3367
isolation,3,streaming,LRU,GlobalAllocation,2746,5,346600,{'trace_kind': 'synthetic'},0.3466
isolation,4,streaming,LRU,GlobalAllocation,2746,5,350400,{'trace_kind': 'synthetic'},0.3504
isolation,5,streaming,LRU,GlobalAllocation,2746,5,363800,{'trace_kind': 'synthetic'},0.3638
isolation,6,streaming,LRU,GlobalAllocation,2746,5,407900,{'trace_kind': 'synthetic'},0.4079
isolation,7,streaming,LRU,GlobalAllocation,2746,5,380100,{'trace_kind': 'synthetic'},0.3801
isolation,0,streaming,LRU,GlobalAllocation,2746,6,332200,{'trace_kind': 'synthetic'},0.3322
isolation,1,streaming,LRU,GlobalAllocation,2746,6,330000,{'trace_kind': 'synthetic'},0.33
isolation,2,streaming,LRU,GlobalAllocation,2746,6,337700,{'trace_kind': 'synthetic'},0.3377
isolation,3,streaming,LRU,GlobalAllocation,2746,6,346700,{'trace_kind': 'synthetic'},0.3467
isolation,4,streaming,LRU,GlobalAllocation,2746,6,346500,{'trace_kind': 'synthetic'},0.3465
isolation,5,streaming,LRU,GlobalAllocation,2746,6,362100,{'trace_kind': 'synthetic'},0.3621
isolation,6,streaming,LRU,GlobalAllocation,2746,6,370300,{'trace_kind': 'synthetic'},0.3703
isolation,7,streaming,LRU,GlobalAllocation,2746,6,384700,{'trace_kind': 'synthetic'},0.3847
isolation,0,streaming,LRU,GlobalAllocation,2746,7,326500,{'trace_kind': 'synthetic'},0.3265
isolation,1,streaming,LRU,GlobalAllocation,2746,7,334400,{'trace_kind': 'synthetic'},0.3344
isolation,2,streaming,LRU,GlobalAllocation,2746,7,343800,{'trace_kind': 'synthetic'},0.3438
isolation,3,streaming,LRU,GlobalAllocation,2746,7,345900,{'trace_kind': 'synthetic'},0.3459
isolation,4,streaming,LRU,GlobalAllocation,2746,7,349700,{'trace_kind': 'synthetic'},0.3497
isolation,5,streaming,LRU,GlobalAllocation,2746,7,359000,{'trace_kind': 'synthetic'},0.359
isolation,6,streaming,LRU,GlobalAllocation,2746,7,371100,{'trace_kind': 'synthetic'},0.3711
isolation,7,streaming,LRU,GlobalAllocation,2746,7,382800,{'trace_kind': 'synthetic'},0.3828
isolation,0,streaming,LRU,GlobalAllocation,2746,8,332500,{'trace_kind': 'synthetic'},0.3325
isolation,1,streaming,LRU,GlobalAllocation,2746,8,332600,{'trace_kind': 'synthetic'},0.3326
isolation,2,streaming,LRU,GlobalAllocation,2746,8,335300,{'trace_kind': 'synthetic'},0.3353
isolation,3,streaming,LRU,GlobalAllocation,2746,8,348200,{'trace_kind': 'synthetic'},0.3482
isolation,4,streaming,LRU,GlobalAllocation,2746,8,355400,{'trace_kind': 'synthetic'},0.3554
isolation,5,streaming,LRU,GlobalAllocation,2746,8,362700,{'trace_kind': 'synthetic'},0.3627
isolation,6,streaming,LRU,GlobalAllocation,2746,8,376600,{'trace_kind': 'synthetic'},0.3766
isolation,7,streaming,LRU,GlobalAllocation,2746,8,388600,{'trace_kind': 'synthetic'},0.3886
isolation,0,streaming,LRU,GlobalAllocation,2746,9,330100,{'trace_kind': 'synthetic'},0.3301
isolation,1,streaming,LRU,GlobalAllocation,2746,9,335700,{'trace_kind': 'synthetic'},0.3357
isolation,2,streaming,LRU,GlobalAllocation,2746,9,335500,{'trace_kind': 'synthetic'},0.3355
isolation,3,streaming,LRU,GlobalAllocation,2746,9,345800,{'trace_kind': 'synthetic'},0.3458
isolation,4,streaming,LRU,GlobalAllocation,2746,9,354900,{'trace_kind': 'synthetic'},0.3549
isolation,5,streaming,LRU,GlobalAllocation,2746,9,363900,{'trace_kind': 'synthetic'},0.3639
isolation,6,streaming,LRU,GlobalAllocation,2746,9,382300,{'trace_kind': 'synthetic'},0.3823
isolation,7,streaming,LRU,GlobalAllocation,2746,9,378400,{'trace_kind': 'synthetic'},0.3784
isolation,0,streaming,LRU,LocalAllocation,2746,0,327900,{'trace_kind': 'synthetic'},0.3279
isolation,1,streaming,LRU,LocalAllocation,2746,0,337700,{'trace_kind': 'synthetic'},0.3377
isolation,2,streaming,LRU,LocalAllocation,2746,0,332900,{'trace_kind': 'synthetic'},0.3329
isolation,3,streaming,LRU,LocalAllocation,2746,0,345100,{'trace_kind': 'synthetic'},0.3451
isolation,4,streaming,LRU,LocalAllocation,2746,0,349500,{'trace_kind': 'synthetic'},0.3495
isolation,5,streaming,LRU,LocalAllocation,2746,0,359400,{'trace_kind': 'synthetic'},0.3594
isolation,6,streaming,LRU,LocalAllocation,2746,0,380600,{'trace_kind': 'synthetic'},0.3806
isolation,7,streaming,LRU,LocalAllocation,2746,0,384800,{'trace_kind': 'synthetic'},0.3848
isolation,0,streaming,LRU,LocalAllocation,2746,1,322600,{'trace_kind': 'synthetic'},0.3226
isolation,1,streaming,LRU,LocalAllocation,2746,1,334700,{'trace_kind': 'synthetic'},0.3347
isolation,2,streaming,LRU,LocalAllocation,2746,1,334100,{'trace_kind': 'synthetic'},0.3341
isolation,3,streaming,LRU,LocalAllocation,2746,1,346000,{'trace_kind': 'synthetic'},0.346
isolation,4,streaming,LRU,LocalAllocation,2746,1,350800,{'trace_kind': 'synthetic'},0.3508
isolation,5,streaming,LRU,LocalAllocation,2746,1,359400,{'trace_kind': 'synthetic'},0.3594
isolation,6,streaming,LRU,LocalAllocation,2746,1,367000,{'trace_kind': 'synthetic'},0.367
isolation,7,streaming,LRU,LocalAllocation,2746,1,381500,{'trace_kind': 'synthetic'},0.3815
isolation,0,streaming,LRU,LocalAllocation,2746,2,319000,{'trace_kind': 'synthetic'},0.319
isolation,1,streaming,LRU,LocalAllocation,2746,2,335700,{'trace_kind': 'synthetic'},0.3357
isolation,2,streaming,LRU,LocalAllocation,2746,2,383700,{'trace_kind': 'synthetic'},0.3837
isolation,3,streaming,LRU,LocalAllocation,2746,2,342000,{'trace_kind': 'synthetic'},0.342
isolation,4,streaming,LRU,LocalAllocation,2746,2,349700,{'trace_kind': 'synthetic'},0.3497
isolation,5,streaming,LRU,LocalAllocation,2746,2,356900,{'trace_kind': 'synthetic'},0.3569
isolation,6,streaming,LRU,LocalAllocation,2746,2,387800,{'trace_kind': 'synthetic'},0.3878
isolation,7,streaming,LRU,LocalAllocation,2746,2,384500,{'trace_kind': 'synthetic'},0.3845
isolation,0,streaming,LRU,LocalAllocation,2746,3,327400,{'trace_kind': 'synthetic'},0.3274
isolation,1,streaming,LRU,LocalAllocation,2746,3,331700,{'trace_kind': 'synthetic'},0.3317
isolation,2,streaming,LRU,LocalAllocation,2746,3,338000,{'trace_kind': 'synthetic'},0.338
isolation,3,streaming,LRU,LocalAllocation,2746,3,347100,{'trace_kind': 'synthetic'},0.3471
isolation,4,streaming,LRU,LocalAllocation,2746,3,354700,{'trace_kind': 'synthetic'},0.3547
isolation,5,streaming,LRU,LocalAllocation,2746,3,355800,{'trace_kind': 'synthetic'},0.3558
isolation,6,streaming,LRU,LocalAllocation,2746,3,370400,{'trace_kind': 'synthetic'},0.3704
isolation,7,streaming,LRU,LocalAllocation,2746,3,383000,{'trace_kind': 'synthetic'},0.383
isolation,0,streaming,LRU,LocalAllocation,2746,4,330900,{'trace_kind': 'synthetic'},0.3309
isolation,1,streaming,LRU,LocalAllocation,2746,4,333300,{'trace_kind': 'synthetic'},0.3333
isolation,2,streaming,LRU,LocalAllocation,2746,4,337300,{'trace_kind': 'synthetic'},0.3373
isolation,3,streaming,LRU,LocalAllocation,2746,4,343300,{'trace_kind': 'synthetic'},0.3433
isolation,4,streaming,LRU,LocalAllocation,2746,4,351900,{'trace_kind': 'synthetic'},0.3519
isolation,5,streaming,LRU,LocalAllocation,2746,4,356200,{'trace_kind': 'synthetic'},0.3562
isolation,6,streaming,LRU,LocalAllocation,2746,4,371700,{'trace_kind': 'synthetic'},0.3717
isolation,7,streaming,LRU,LocalAllocation,2746,4,385700,{'trace_kind': 'synthetic'},0.3857
isolation,0,streaming,LRU,LocalAllocation,2746,5,321300,{'trace_kind': 'synthetic'},0.3213
isolation,1,streaming,LRU,LocalAllocation,2746,5,327900,{'trace_kind': 'synthetic'},0.3279
isolation,2,streaming,LRU,LocalAllocation,2746,5,333600,{'trace_kind': 'synthetic'},0.3336
isolation,3,streaming,LRU,LocalAllocation,2746,5,341100,{'trace_kind': 'synthetic'},0.3411
isolation,4,streaming,LRU,LocalAllocation,2746,5,346000,{'trace_kind': 'synthetic'},0.346
isolation,5,streaming,LRU,LocalAllocation,2746,5,363800,{'trace_kind': 'synthetic'},0.3638
isolation,6,streaming,LRU,LocalAllocation,2746,5,371200,{'trace_kind': 'synthetic'},0.3712
isolation,7,streaming,LRU,LocalAllocation,2746,5,376800,{'trace_kind': 'synthetic'},0.3768
isolation,0,streaming,LRU,LocalAllocation,2746,6,326900,{'trace_kind': 'synthetic'},0.3269
isolation,1,streaming,LRU,LocalAllocation,2746,6,334300,{'trace_kind': 'synthetic'},0.3343
isolation,2,streaming,LRU,LocalAllocation,2746,6,340100,{'trace_kind': 'synthetic'},0.3401
isolation,3,streaming,LRU,LocalAllocation,2746,6,360400,{'trace_kind': 'synthetic'},0.3604
isolation,4,streaming,LRU,LocalAllocation,2746,6,356400,{'trace_kind': 'synthetic'},0.3564
isolation,5,streaming,LRU,LocalAllocation,2746,6,364200,{'trace_kind': 'synthetic'},0.3642
isolation,6,streaming,LRU,LocalAllocation,2746,6,374900,{'trace_kind': 'synthetic'},0.3749
isolation,7,streaming,LRU,LocalAllocation,2746,6,390500,{'trace_kind': 'synthetic'},0.3905
isolation,0,streaming,LRU,LocalAllocation,2746,7,325100,{'trace_kind': 'synthetic'},0.3251
isolation,1,streaming,LRU,LocalAllocation,2746,7,338700,{'trace_kind': 'synthetic'},0.3387
isolation,2,streaming,LRU,LocalAllocation,2746,7,375100,{'trace_kind': 'synthetic'},0.3751
isolation,3,streaming,LRU,LocalAllocation,2746,7,342000,{'trace_kind': 'synthetic'},0.342
isolation,4,streaming,LRU,LocalAllocation,2746,7,354500,{'trace_kind': 'synthetic'},0.3545
isolation,5,streaming,LRU,LocalAllocation,2746,7,368200,{'trace_kind': 'synthetic'},0.3682
isolation,6,streaming,LRU,LocalAllocation,2746,7,377700,{'trace_kind': 'synthetic'},0.3777
isolation,7,streaming,LRU,LocalAllocation,2746,7,388900,{'trace_kind': 'synthetic'},0.3889
isolation,0,streaming,LRU,LocalAllocation,2746,8,325800,{'trace_kind': 'synthetic'},0.3258
isolation,1,streaming,LRU,LocalAllocation,2746,8,326000,{'trace_kind': 'synthetic'},0.326
isolation,2,streaming,LRU,LocalAllocation,2746,8,335300,{'trace_kind': 'synthetic'},0.3353
isolation,3,streaming,LRU,LocalAllocation,2746,8,345700,{'trace_kind': 'synthetic'},0.3457
isolation,4,streaming,LRU,LocalAllocation,2746,8,344600,{'trace_kind': 'synthetic'},0.3446
isolation,5,streaming,LRU,LocalAllocation,2746,8,357700,{'trace_kind': 'synthetic'},0.3577
isolation,6,streaming,LRU,LocalAllocation,2746,8,738200,{'trace_kind': 'synthetic'},0.7382
isolation,7,streaming,LRU,LocalAllocation,2746,8,407000,{'trace_kind': 'synthetic'},0.407
isolation,0,streaming,LRU,LocalAllocation,2746,9,317900,{'trace_kind': 'synthetic'},0.3179
isolation,1,streaming,LRU,LocalAllocation,2746,9,332000,{'trace_kind': 'synthetic'},0.332
isolation,2,streaming,LRU,LocalAllocation,2746,9,335300,{'trace_kind': 'synthetic'},0.3353
isolation,3,streaming,LRU,LocalAllocation,2746,9,344300,{'trace_kind': 'synthetic'},0.3443
isolation,4,streaming,LRU,LocalAllocation,2746,9,349200,{'trace_kind': 'synthetic'},0.3492
isolation,5,streaming,LRU,LocalAllocation,2746,9,355500,{'trace_kind': 'synthetic'},0.3555
isolation,6,streaming,LRU,LocalAllocation,2746,9,376800,{'trace_kind': 'synthetic'},0.3768
isolation,7,streaming,LRU,LocalAllocation,2746,9,384500,{'trace_kind': 'synthetic'},0.3845
isolation,0,streaming,LRU,ProportionalAllocation,2746,0,327500,{'trace_kind': 'synthetic'},0.3275
isolation,1,streaming,LRU,ProportionalAllocation,2746,0,333600,{'trace_kind': 'synthetic'},0.3336
isolation,2,streaming,LRU,ProportionalAllocation,2746,0,335400,{'trace_kind': 'synthetic'},0.3354
isolation,3,streaming,LRU,ProportionalAllocation,2746,0,347400,{'trace_kind': 'synthetic'},0.3474
isolation,4,streaming,LRU,ProportionalAllocation,2746,0,354500,{'trace_kind': 'synthetic'},0.3545
isolation,5,streaming,LRU,ProportionalAllocation,2746,0,362300,{'trace_kind': 'synthetic'},0.3623
isolation,6,streaming,LRU,ProportionalAllocation,2746,0,373500,{'trace_kind': 'synthetic'},0.3735
isolation,7,streaming,LRU,ProportionalAllocation,2746,0,384900,{'trace_kind': 'synthetic'},0.3849
isolation,0,streaming,LRU,ProportionalAllocation,2746,1,321800,{'trace_kind': 'synthetic'},0.3218
isolation,1,streaming,LRU,ProportionalAllocation,2746,1,331100,{'trace_kind': 'synthetic'},0.3311
isolation,2,streaming,LRU,ProportionalAllocation,2746,1,337800,{'trace_kind': 'synthetic'},0.3378
isolation,3,streaming,LRU,ProportionalAllocation,2746,1,342100,{'trace_kind': 'synthetic'},0.3421
isolation,4,streaming,LRU,ProportionalAllocation,2746,1,349300,{'trace_kind': 'synthetic'},0.3493
isolation,5,streaming,LRU,ProportionalAllocation,2746,1,393500,{'trace_kind': 'synthetic'},0.3935
isolation,6,streaming,LRU,ProportionalAllocation,2746,1,379000,{'trace_kind': 'synthetic'},0.379
isolation,7,streaming,LRU,ProportionalAllocation,2746,1,387000,{'trace_kind': 'synthetic'},0.387
isolation,0,streaming,LRU,ProportionalAllocation,2746,2,314600,{'trace_kind': 'synthetic'},0.3146
isolation,1,streaming,LRU,ProportionalAllocation,2746,2,333300,{'trace_kind': 'synthetic'},0.3333
isolation,2,streaming,LRU,ProportionalAllocation,2746,2,345800,{'trace_kind': 'synthetic'},0.3458
isolation,3,streaming,LRU,ProportionalAllocation,2746,2,349000,{'trace_kind': 'synthetic'},0.349
isolation,4,streaming,LRU,ProportionalAllocation,2746,2,350700,{'trace_kind': 'synthetic'},0.3507
isolation,5,streaming,LRU,ProportionalAllocation,2746,2,363200,{'trace_kind': 'synthetic'},0.3632
isolation,6,streaming,LRU,ProportionalAllocation,2746,2,373900,{'trace_kind': 'synthetic'},0.3739
isolation,7,streaming,LRU,ProportionalAllocation,2746,2,381900,{'trace_kind': 'synthetic'},0.3819
isolation,0,streaming,LRU,ProportionalAllocation,2746,3,323000,{'trace_kind': 'synthetic'},0.323
isolation,1,streaming,LRU,ProportionalAllocation,2746,3,333700,{'trace_kind': 'synthetic'},0.3337
isolation,2,streaming,LRU,ProportionalAllocation,2746,3,340900,{'trace_kind': 'synthetic'},0.3409
isolation,3,streaming,LRU,ProportionalAllocation,2746,3,341200,{'trace_kind': 'synthetic'},0.3412
isolation,4,streaming,LRU,ProportionalAllocation,2746,3,349600,{'trace_kind': 'synthetic'},0.3496
isolation,5,streaming,LRU,ProportionalAllocation,2746,3,355100,{'trace_kind': 'synthetic'},0.3551
isolation,6,streaming,LRU,ProportionalAllocation,2746,3,366900,{'trace_kind': 'synthetic'},0.3669
isolation,7,streaming,LRU,ProportionalAllocation,2746,3,413000,{'trace_kind': 'synthetic'},0.413
isolation,0,streaming,LRU,ProportionalAllocation,2746,4,326500,{'trace_kind': 'synthetic'},0.3265
isolation,1,streaming,LRU,ProportionalAllocation,2746,4,342000,{'trace_kind': 'synthetic'},0.342
isolation,2,streaming,LRU,ProportionalAllocation,2746,4,340000,{'trace_kind': 'synthetic'},0.34
isolation,3,streaming,LRU,ProportionalAllocation,2746,4,345600,{'trace_kind': 'synthetic'},0.3456
isolation,4,streaming,LRU,ProportionalAllocation,2746,4,352400,{'trace_kind': 'synthetic'},0.3524
isolation,5,streaming,LRU,ProportionalAllocation,2746,4,357000,{'trace_kind': 'synthetic'},0.357
isolation,6,streaming,LRU,ProportionalAllocation,2746,4,373300,{'trace_kind': 'synthetic'},0.3733
isolation,7,streaming,LRU,ProportionalAllocation,2746,4,387400,{'trace_kind': 'synthetic'},0.3874
isolation,0,streaming,LRU,ProportionalAllocation,2746,5,320500,{'trace_kind': 'synthetic'},0.3205
isolation,1,streaming,LRU,ProportionalAllocation,2746,5,334200,{'trace_kind': 'synthetic'},0.3342
isolation,2,streaming,LRU,ProportionalAllocation,2746,5,330700,{'trace_kind': 'synthetic'},0.3307
isolation,3,streaming,LRU,ProportionalAllocation,2746,5,341400,{'trace_kind': 'synthetic'},0.3414
isolation,4,streaming,LRU,ProportionalAllocation,2746,5,411300,{'trace_kind': 'synthetic'},0.4113
isolation,5,streaming,LRU,ProportionalAllocation,2746,5,373200,{'trace_kind': 'synthetic'},0.3732
isolation,6,streaming,LRU,ProportionalAllocation,2746,5,375200,{'trace_kind': 'synthetic'},0.3752
isolation,7,streaming,LRU,ProportionalAllocation,2746,5,669900,{'trace_kind': 'synthetic'},0.6699
isolation,0,streaming,LRU,ProportionalAllocation,2746,6,325300,{'trace_kind': 'synthetic'},0.3253
isolation,1,streaming,LRU,ProportionalAllocation,2746,6,329300,{'trace_kind': 'synthetic'},0.3293
isolation,2,streaming,LRU,ProportionalAllocation,2746,6,335400,{'trace_kind': 'synthetic'},0.3354
isolation,3,streaming,LRU,ProportionalAllocation,2746,6,345900,{'trace_kind': 'synthetic'},0.3459
isolation,4,streaming,LRU,ProportionalAllocation,2746,6,349700,{'trace_kind': 'synthetic'},0.3497
isolation,5,streaming,LRU,ProportionalAllocation,2746,6,359000,{'trace_kind': 'synthetic'},0.359
isolation,6,streaming,LRU,ProportionalAllocation,2746,6,369300,{'trace_kind': 'synthetic'},0.3693
isolation,7,streaming,LRU,ProportionalAllocation,2746,6,385200,{'trace_kind': 'synthetic'},0.3852
isolation,0,streaming,LRU,ProportionalAllocation,2746,7,295300,{'trace_kind': 'synthetic'},0.2953
isolation,1,streaming,LRU,ProportionalAllocation,2746,7,305600,{'trace_kind': 'synthetic'},0.3056
isolation,2,streaming,LRU,ProportionalAllocation,2746,7,322000,{'trace_kind': 'synthetic'},0.322
isolation,3,streaming,LRU,ProportionalAllocation,2746,7,310400,{'trace_kind': 'synthetic'},0.3104
isolation,4,streaming,LRU,ProportionalAllocation,2746,7,337000,{'trace_kind': 'synthetic'},0.337
isolation,5,streaming,LRU,ProportionalAllocation,2746,7,378300,{'trace_kind': 'synthetic'},0.3783
isolation,6,streaming,LRU,ProportionalAllocation,2746,7,360200,{'trace_kind': 'synthetic'},0.3602
isolation,7,streaming,LRU,ProportionalAllocation,2746,7,443000,{'trace_kind': 'synthetic'},0.443
isolation,0,streaming,LRU,ProportionalAllocation,2746,8,324300,{'trace_kind': 'synthetic'},0.3243
isolation,1,streaming,LRU,ProportionalAllocation,2746,8,329000,{'trace_kind': 'synthetic'},0.329
isolation,2,streaming,LRU,ProportionalAllocation,2746,8,336300,{'trace_kind': 'synthetic'},0.3363
isolation,3,streaming,LRU,ProportionalAllocation,2746,8,360000,{'trace_kind': 'synthetic'},0.36
isolation,4,streaming,LRU,ProportionalAllocation,2746,8,347400,{'trace_kind': 'synthetic'},0.3474
isolation,5,streaming,LRU,ProportionalAllocation,2746,8,357000,{'trace_kind': 'synthetic'},0.357
isolation,6,streaming,LRU,ProportionalAllocation,2746,8,370200,{'trace_kind': 'synthetic'},0.3702
isolation,7,streaming,LRU,ProportionalAllocation,2746,8,386700,{'trace_kind': 'synthetic'},0.3867
isolation,0,streaming,LRU,ProportionalAllocation,2746,9,321900,{'trace_kind': 'synthetic'},0.3219
isolation,1,streaming,LRU,ProportionalAllocation,2746,9,336000,{'trace_kind': 'synthetic'},0.336
isolation,2,streaming,LRU,ProportionalAllocation,2746,9,333200,{'trace_kind': 'synthetic'},0.3332
isolation,3,streaming,LRU,ProportionalAllocation,2746,9,341200,{'trace_kind': 'synthetic'},0.3412
isolation,4,streaming,LRU,ProportionalAllocation,2746,9,346200,{'trace_kind': 'synthetic'},0.3462
isolation,5,streaming,LRU,ProportionalAllocation,2746,9,358800,{'trace_kind': 'synthetic'},0.3588
isolation,6,streaming,LRU,ProportionalAllocation,2746,9,373000,{'trace_kind': 'synthetic'},0.373
isolation,7,streaming,LRU,ProportionalAllocation,2746,9,378100,{'trace_kind': 'synthetic'},0.3781
isolation,0,streaming,NRU,GlobalAllocation,2746,0,362000,{'trace_kind': 'synthetic'},0.362
isolation,1,streaming,NRU,GlobalAllocation,2746,0,369700,{'trace_kind': 'synthetic'},0.3697
isolation,2,streaming,NRU,GlobalAllocation,2746,0,380400,{'trace_kind': 'synthetic'},0.3804
isolation,3,streaming,NRU,GlobalAllocation,2746,0,394000,{'trace_kind': 'synthetic'},0.394
isolation,4,streaming,NRU,GlobalAllocation,2746,0,407100,{'trace_kind': 'synthetic'},0.4071
isolation,5,streaming,NRU,GlobalAllocation,2746,0,399800,{'trace_kind': 'synthetic'},0.3998
isolation,6,streaming,NRU,GlobalAllocation,2746,0,436300,{'trace_kind': 'synthetic'},0.4363
isolation,7,streaming,NRU,GlobalAllocation,2746,0,435200,{'trace_kind': 'synthetic'},0.4352
isolation,0,streaming,NRU,GlobalAllocation,2746,1,380100,{'trace_kind': 'synthetic'},0.3801
isolation,1,streaming,NRU,GlobalAllocation,2746,1,381500,{'trace_kind': 'synthetic'},0.3815
isolation,2,streaming,NRU,GlobalAllocation,2746,1,368300,{'trace_kind': 'synthetic'},0.3683
isolation,3,streaming,NRU,GlobalAllocation,2746,1,382200,{'trace_kind': 'synthetic'},0.3822
isolation,4,streaming,NRU,GlobalAllocation,2746,1,421500,{'trace_kind': 'synthetic'},0.4215
isolation,5,streaming,NRU,GlobalAllocation,2746,1,402400,{'trace_kind': 'synthetic'},0.4024
isolation,6,streaming,NRU,GlobalAllocation,2746,1,455500,{'trace_kind': 'synthetic'},0.4555
isolation,7,streaming,NRU,GlobalAllocation,2746,1,449300,{'trace_kind': 'synthetic'},0.4493
isolation,0,streaming,NRU,GlobalAllocation,2746,2,344700,{'trace_kind': 'synthetic'},0.3447
isolation,1,streaming,NRU,GlobalAllocation,2746,2,360100,{'trace_kind': 'synthetic'},0.3601
isolation,2,streaming,NRU,GlobalAllocation,2746,2,366500,{'trace_kind': 'synthetic'},0.3665
isolation,3,streaming,NRU,GlobalAllocation,2746,2,376300,{'trace_kind': 'synthetic'},0.3763
isolation,4,streaming,NRU,GlobalAllocation,2746,2,397300,{'trace_kind': 'synthetic'},0.3973
isolation,5,streaming,NRU,GlobalAllocation,2746,2,402400,{'trace_kind': 'synthetic'},0.4024
isolation,6,streaming,NRU,GlobalAllocation,2746,2,407400,{'trace_kind': 'synthetic'},0.4074
isolation,7,streaming,NRU,GlobalAllocation,2746,2,417200,{'trace_kind': 'synthetic'},0.4172
isolation,0,streaming,NRU,GlobalAllocation,2746,3,346900,{'trace_kind': 'synthetic'},0.3469
isolation,1,streaming,NRU,GlobalAllocation,2746,3,387300,{'trace_kind': 'synthetic'},0.3873
isolation,2,streaming,NRU,GlobalAllocation,2746,3,389500,{'trace_kind': 'synthetic'},0.3895
isolation,3,streaming,NRU,GlobalAllocation,2746,3,380300,{'trace_kind': 'synthetic'},0.3803
isolation,4,streaming,NRU,GlobalAllocation,2746,3,394500,{'trace_kind': 'synthetic'},0.3945
isolation,5,streaming,NRU,GlobalAllocation,2746,3,409000,{'trace_kind': 'synthetic'},0.409
isolation,6,streaming,NRU,GlobalAllocation,2746,3,426000,{'trace_kind': 'synthetic'},0.426
isolation,7,streaming,NRU,GlobalAllocation,2746,3,421500,{'trace_kind': 'synthetic'},0.4215
isolation,0,streaming,NRU,GlobalAllocation,2746,4,353800,{'trace_kind': 'synthetic'},0.3538
isolation,1,streaming,NRU,GlobalAllocation,2746,4,373400,{'trace_kind': 'synthetic'},0.3734
isolation,2,streaming,NRU,GlobalAllocation,2746,4,391800,{'trace_kind': 'synthetic'},0.3918
isolation,3,streaming,NRU,GlobalAllocation,2746,4,376100,{'trace_kind': 'synthetic'},0.3761
isolation,4,streaming,NRU,GlobalAllocation,2746,4,413300,{'trace_kind': 'synthetic'},0.4133
isolation,5,streaming,NRU,GlobalAllocation,2746,4,400900,{'trace_kind': 'synthetic'},0.4009
isolation,6,streaming,NRU,GlobalAllocation,2746,4,416100,{'trace_kind': 'synthetic'},0.4161
isolation,7,streaming,NRU,GlobalAllocation,2746,4,431400,{'trace_kind': 'synthetic'},0.4314
isolation,0,streaming,NRU,GlobalAllocation,2746,5,697700,{'trace_kind': 'synthetic'},0.6977
isolation,1,streaming,NRU,GlobalAllocation,2746,5,776800,{'trace_kind': 'synthetic'},0.7768
isolation,2,streaming,NRU,GlobalAllocation,2746,5,741500,{'trace_kind': 'synthetic'},0.7415
isolation,3,streaming,NRU,GlobalAllocation,2746,5,742900,{'trace_kind': 'synthetic'},0.7429
isolation,4,streaming,NRU,GlobalAllocation,2746,5,839100,{'trace_kind': 'synthetic'},0.8391
isolation,5,streaming,NRU,GlobalAllocation,2746,5,848900,{'trace_kind': 'synthetic'},0.8489
isolation,6,streaming,NRU,GlobalAllocation,2746,5,884500,{'trace_kind': 'synthetic'},0.8845
isolation,7,streaming,NRU,GlobalAllocation,2746,5,939300,{'trace_kind': 'synthetic'},0.9393
isolation,0,streaming,NRU,GlobalAllocation,2746,6,356500,{'trace_kind': 'synthetic'},0.3565
isolation,1,streaming,NRU,GlobalAllocation,2746,6,355000,{'trace_kind': 'synthetic'},0.355
isolation,2,streaming,NRU,GlobalAllocation,2746,6,385300,{'trace_kind': 'synthetic'},0.3853
isolation,3,streaming,NRU,GlobalAllocation,2746,6,379600,{'trace_kind': 'synthetic'},0.3796
isolation,4,streaming,NRU,GlobalAllocation,2746,6,385400,{'trace_kind': 'synthetic'},0.3854
isolation,5,streaming,NRU,GlobalAllocation,2746,6,398100,{'trace_kind': 'synthetic'},0.3981
isolation,6,streaming,NRU,GlobalAllocation,2746,6,418600,{'trace_kind': 'synthetic'},0.4186
isolation,7,streaming,NRU,GlobalAllocation,2746,6,435800,{'trace_kind': 'synthetic'},0.4358
isolation,0,streaming,NRU,GlobalAllocation,2746,7,361300,{'trace_kind': 'synthetic'},0.3613
isolation,1,streaming,NRU,GlobalAllocation,2746,7,359800,{'trace_kind': 'synthetic'},0.3598
isolation,2,streaming,NRU,GlobalAllocation,2746,7,372800,{'trace_kind': 'synthetic'},0.3728
isolation,3,streaming,NRU,GlobalAllocation,2746,7,392100,{'trace_kind': 'synthetic'},0.3921
isolation,4,streaming,NRU,GlobalAllocation,2746,7,416600,{'trace_kind': 'synthetic'},0.4166
isolation,5,streaming,NRU,GlobalAllocation,2746,7,399300,{'trace_kind': 'synthetic'},0.3993
isolation,6,streaming,NRU,GlobalAllocation,2746,7,426600,{'trace_kind': 'synthetic'},0.4266
isolation,7,streaming,NRU,GlobalAllocation,2746,7,450800,{'trace_kind': 'synthetic'},0.4508
isolation,0,streaming,NRU,GlobalAllocation,2746,8,369000,{'trace_kind': 'synthetic'},0.369
isolation,1,streaming,NRU,GlobalAllocation,2746,8,355500,{'trace_kind': 'synthetic'},0.3555
isolation,2,streaming,NRU,GlobalAllocation,2746,8,387800,{'trace_kind': 'synthetic'},0.3878
isolation,3,streaming,NRU,GlobalAllocation,2746,8,409300,{'trace_kind': 'synthetic'},0.4093
isolation,4,streaming,NRU,GlobalAllocation,2746,8,418600,{'trace_kind': 'synthetic'},0.4186
isolation,5,streaming,NRU,GlobalAllocation,2746,8,414200,{'trace_kind': 'synthetic'},0.4142
isolation,6,streaming,NRU,GlobalAllocation,2746,8,431900,{'trace_kind': 'synthetic'},0.4319
isolation,7,streaming,NRU,GlobalAllocation,2746,8,433200,{'trace_kind': 'synthetic'},0.4332
isolation,0,streaming,NRU,GlobalAllocation,2746,9,348700,{'trace_kind': 'synthetic'},0.3487
isolation,1,streaming,NRU,GlobalAllocation,2746,9,359200,{'trace_kind': 'synthetic'},0.3592
isolation,2,streaming,NRU,GlobalAllocation,2746,9,364200,{'trace_kind': 'synthetic'},0.3642
isolation,3,streaming,NRU,GlobalAllocation,2746,9,372700,{'trace_kind': 'synthetic'},0.3727
isolation,4,streaming,NRU,GlobalAllocation,2746,9,382700,{'trace_kind': 'synthetic'},0.3827
isolation,5,streaming,NRU,GlobalAllocation,2746,9,398800,{'trace_kind': 'synthetic'},0.3988
isolation,6,streaming,NRU,GlobalAllocation,2746,9,413300,{'trace_kind': 'synthetic'},0.4133
isolation,7,streaming,NRU,GlobalAllocation,2746,9,418400,{'trace_kind': 'synthetic'},0.4184
isolation,0,streaming,NRU,LocalAllocation,2746,0,354300,{'trace_kind': 'synthetic'},0.3543
isolation,1,streaming,NRU,LocalAllocation,2746,0,360100,{'trace_kind': 'synthetic'},0.3601
isolation,2,streaming,NRU,LocalAllocation,2746,0,364600,{'trace_kind': 'synthetic'},0.3646
isolation,3,streaming,NRU,LocalAllocation,2746,0,374700,{'trace_kind': 'synthetic'},0.3747
isolation,4,streaming,NRU,LocalAllocation,2746,0,395000,{'trace_kind': 'synthetic'},0.395
isolation,5,streaming,NRU,LocalAllocation,2746,0,405500,{'trace_kind': 'synthetic'},0.4055
isolation,6,streaming,NRU,LocalAllocation,2746,0,408200,{'trace_kind': 'synthetic'},0.4082
isolation,7,streaming,NRU,LocalAllocation,2746,0,431900,{'trace_kind': 'synthetic'},0.4319
isolation,0,streaming,NRU,LocalAllocation,2746,1,346200,{'trace_kind': 'synthetic'},0.3462
isolation,1,streaming,NRU,LocalAllocation,2746,1,356300,{'trace_kind': 'synthetic'},0.3563
isolation,2,streaming,NRU,LocalAllocation,2746,1,365800,{'trace_kind': 'synthetic'},0.3658
isolation,3,streaming,NRU,LocalAllocation,2746,1,374300,{'trace_kind': 'synthetic'},0.3743
isolation,4,streaming,NRU,LocalAllocation,2746,1,408400,{'trace_kind': 'synthetic'},0.4084
isolation,5,streaming,NRU,LocalAllocation,2746,1,421000,{'trace_kind': 'synthetic'},0.421
isolation,6,streaming,NRU,LocalAllocation,2746,1,416100,{'trace_kind': 'synthetic'},0.4161
isolation,7,streaming,NRU,LocalAllocation,2746,1,437900,{'trace_kind': 'synthetic'},0.4379
isolation,0,streaming,NRU,LocalAllocation,2746,2,344100,{'trace_kind': 'synthetic'},0.3441
isolation,1,streaming,NRU,LocalAllocation,2746,2,355600,{'trace_kind': 'synthetic'},0.3556
isolation,2,streaming,NRU,LocalAllocation,2746,2,374800,{'trace_kind': 'synthetic'},0.3748
isolation,3,streaming,NRU,LocalAllocation,2746,2,465100,{'trace_kind': 'synthetic'},0.4651
isolation,4,streaming,NRU,LocalAllocation,2746,2,406700,{'trace_kind': 'synthetic'},0.4067
isolation,5,streaming,NRU,LocalAllocation,2746,2,389000,{'trace_kind': 'synthetic'},0.389
isolation,6,streaming,NRU,LocalAllocation,2746,2,412700,{'trace_kind': 'synthetic'},0.4127
isolation,7,streaming,NRU,LocalAllocation,2746,2,437500,{'trace_kind': 'synthetic'},0.4375
isolation,0,streaming,NRU,LocalAllocation,2746,3,348100,{'trace_kind': 'synthetic'},0.3481
isolation,1,streaming,NRU,LocalAllocation,2746,3,360400,{'trace_kind': 'synthetic'},0.3604
isolation,2,streaming,NRU,LocalAllocation,2746,3,368200,{'trace_kind': 'synthetic'},0.3682
isolation,3,streaming,NRU,LocalAllocation,2746,3,375000,{'trace_kind': 'synthetic'},0.375
isolation,4,streaming,NRU,LocalAllocation,2746,3,380300,{'trace_kind': 'synthetic'},0.3803
isolation,5,streaming,NRU,LocalAllocation,2746,3,420200,{'trace_kind': 'synthetic'},0.4202
isolation,6,streaming,NRU,LocalAllocation,2746,3,407700,{'trace_kind': 'synthetic'},0.4077
isolation,7,streaming,NRU,LocalAllocation,2746,3,426800,{'trace_kind': 'synthetic'},0.4268
isolation,0,streaming,NRU,LocalAllocation,2746,4,348400,{'trace_kind': 'synthetic'},0.3484
isolation,1,streaming,NRU,LocalAllocation,2746,4,355700,{'trace_kind': 'synthetic'},0.3557
isolation,2,streaming,NRU,LocalAllocation,2746,4,361900,{'trace_kind': 'synthetic'},0.3619
isolation,3,streaming,NRU,LocalAllocation,2746,4,374400,{'trace_kind': 'synthetic'},0.3744
isolation,4,streaming,NRU,LocalAllocation,2746,4,393900,{'trace_kind': 'synthetic'},0.3939
isolation,5,streaming,NRU,LocalAllocation,2746,4,397000,{'trace_kind': 'synthetic'},0.397
isolation,6,streaming,NRU,LocalAllocation,2746,4,409300,{'trace_kind': 'synthetic'},0.4093
isolation,7,streaming,NRU,LocalAllocation,2746,4,461400,{'trace_kind': 'synthetic'},0.4614
isolation,0,streaming,NRU,LocalAllocation,2746,5,346600,{'trace_kind': 'synthetic'},0.3466
isolation,1,streaming,NRU,LocalAllocation,2746,5,358100,{'trace_kind': 'synthetic'},0.3581
isolation,2,streaming,NRU,LocalAllocation,2746,5,389700,{'trace_kind': 'synthetic'},0.3897
isolation,3,streaming,NRU,LocalAllocation,2746,5,390000,{'trace_kind': 'synthetic'},0.39
isolation,4,streaming,NRU,LocalAllocation,2746,5,394400,{'trace_kind': 'synthetic'},0.3944
isolation,5,streaming,NRU,LocalAllocation,2746,5,412000,{'trace_kind': 'synthetic'},0.412
isolation,6,streaming,NRU,LocalAllocation,2746,5,410200,{'trace_kind': 'synthetic'},0.4102
isolation,7,streaming,NRU,LocalAllocation,2746,5,445500,{'trace_kind': 'synthetic'},0.4455
isolation,0,streaming,NRU,LocalAllocation,2746,6,353900,{'trace_kind': 'synthetic'},0.3539
isolation,1,streaming,NRU,LocalAllocation,2746,6,357000,{'trace_kind': 'synthetic'},0.357
isolation,2,streaming,NRU,LocalAllocation,2746,6,363700,{'trace_kind': 'synthetic'},0.3637
isolation,3,streaming,NRU,LocalAllocation,2746,6,421000,{'trace_kind': 'synthetic'},0.421
isolation,4,streaming,NRU,LocalAllocation,2746,6,413300,{'trace_kind': 'synthetic'},0.4133
isolation,5,streaming,NRU,LocalAllocation,2746,6,422200,{'trace_kind': 'synthetic'},0.4222
isolation,6,streaming,NRU,LocalAllocation,2746,6,438800,{'trace_kind': 'synthetic'},0.4388
isolation,7,streaming,NRU,LocalAllocation,2746,6,442200,{'trace_kind': 'synthetic'},0.4422
isolation,0,streaming,NRU,LocalAllocation,2746,7,348500,{'trace_kind': 'synthetic'},0.3485
isolation,1,streaming,NRU,LocalAllocation,2746,7,355900,{'trace_kind': 'synthetic'},0.3559
isolation,2,streaming,NRU,LocalAllocation,2746,7,382800,{'trace_kind': 'synthetic'},0.3828
isolation,3,streaming,NRU,LocalAllocation,2746,7,376600,{'trace_kind': 'synthetic'},0.3766
isolation,4,streaming,NRU,LocalAllocation,2746,7,388700,{'trace_kind': 'synthetic'},0.3887
isolation,5,streaming,NRU,LocalAllocation,2746,7,420500,{'trace_kind': 'synthetic'},0.4205
isolation,6,streaming,NRU,LocalAllocation,2746,7,408800,{'trace_kind': 'synthetic'},0.4088
isolation,7,streaming,NRU,LocalAllocation,2746,7,441300,{'trace_kind': 'synthetic'},0.4413
isolation,0,streaming,NRU,LocalAllocation,2746,8,347600,{'trace_kind': 'synthetic'},0.3476
isolation,1,streaming,NRU,LocalAllocation,2746,8,356800,{'trace_kind': 'synthetic'},0.3568
isolation,2,streaming,NRU,LocalAllocation,2746,8,368000,{'trace_kind': 'synthetic'},0.368
isolation,3,streaming,NRU,LocalAllocation,2746,8,372600,{'trace_kind': 'synthetic'},0.3726
isolation,4,streaming,NRU,LocalAllocation,2746,8,380300,{'trace_kind': 'synthetic'},0.3803
isolation,5,streaming,NRU,LocalAllocation,2746,8,420800,{'trace_kind': 'synthetic'},0.4208
isolation,6,streaming,NRU,LocalAllocation,2746,8,434700,{'trace_kind': 'synthetic'},0.4347
isolation,7,streaming,NRU,LocalAllocation,2746,8,427000,{'trace_kind': 'synthetic'},0.427
isolation,0,streaming,NRU,LocalAllocation,2746,9,361100,{'trace_kind': 'synthetic'},0.3611
isolation,1,streaming,NRU,LocalAllocation,2746,9,364600,{'trace_kind': 'synthetic'},0.3646
isolation,2,streaming,NRU,LocalAllocation,2746,9,365600,{'trace_kind': 'synthetic'},0.3656
isolation,3,streaming,NRU,LocalAllocation,2746,9,393000,{'trace_kind': 'synthetic'},0.393
isolation,4,streaming,NRU,LocalAllocation,2746,9,400000,{'trace_kind': 'synthetic'},0.4
isolation,5,streaming,NRU,LocalAllocation,2746,9,395500,{'trace_kind': 'synthetic'},0.3955
isolation,6,streaming,NRU,LocalAllocation,2746,9,432700,{'trace_kind': 'synthetic'},0.4327
isolation,7,streaming,NRU,LocalAllocation,2746,9,425700,{'trace_kind': 'synthetic'},0.4257
isolation,0,streaming,NRU,ProportionalAllocation,2746,0,347700,{'trace_kind': 'synthetic'},0.3477
isolation,1,streaming,NRU,ProportionalAllocation,2746,0,354800,{'trace_kind': 'synthetic'},0.3548
isolation,2,streaming,NRU,ProportionalAllocation,2746,0,367700,{'trace_kind': 'synthetic'},0.3677
isolation,3,streaming,NRU,ProportionalAllocation,2746,0,379400,{'trace_kind': 'synthetic'},0.3794
isolation,4,streaming,NRU,ProportionalAllocation,2746,0,382800,{'trace_kind': 'synthetic'},0.3828
isolation,5,streaming,NRU,ProportionalAllocation,2746,0,393200,{'trace_kind': 'synthetic'},0.3932
isolation,6,streaming,NRU,ProportionalAllocation,2746,0,412900,{'trace_kind': 'synthetic'},0.4129
isolation,7,streaming,NRU,ProportionalAllocation,2746,0,427100,{'trace_kind': 'synthetic'},0.4271
isolation,0,streaming,NRU,ProportionalAllocation,2746,1,347100,{'trace_kind': 'synthetic'},0.3471
isolation,1,streaming,NRU,ProportionalAllocation,2746,1,357100,{'trace_kind': 'synthetic'},0.3571
isolation,2,streaming,NRU,ProportionalAllocation,2746,1,393400,{'trace_kind': 'synthetic'},0.3934
isolation,3,streaming,NRU,ProportionalAllocation,2746,1,376200,{'trace_kind': 'synthetic'},0.3762
isolation,4,streaming,NRU,ProportionalAllocation,2746,1,388800,{'trace_kind': 'synthetic'},0.3888
isolation,5,streaming,NRU,ProportionalAllocation,2746,1,394200,{'trace_kind': 'synthetic'},0.3942
isolation,6,streaming,NRU,ProportionalAllocation,2746,1,406700,{'trace_kind': 'synthetic'},0.4067
isolation,7,streaming,NRU,ProportionalAllocation,2746,1,422900,{'trace_kind': 'synthetic'},0.4229
isolation,0,streaming,NRU,ProportionalAllocation,2746,2,346000,{'trace_kind': 'synthetic'},0.346
isolation,1,streaming,NRU,ProportionalAllocation,2746,2,357500,{'trace_kind': 'synthetic'},0.3575
isolation,2,streaming,NRU,ProportionalAllocation,2746,2,364100,{'trace_kind': 'synthetic'},0.3641
isolation,3,streaming,NRU,ProportionalAllocation,2746,2,371600,{'trace_kind': 'synthetic'},0.3716
isolation,4,streaming,NRU,ProportionalAllocation,2746,2,384800,{'trace_kind': 'synthetic'},0.3848
isolation,5,streaming,NRU,ProportionalAllocation,2746,2,399700,{'trace_kind': 'synthetic'},0.3997
isolation,6,streaming,NRU,ProportionalAllocation,2746,2,428000,{'trace_kind': 'synthetic'},0.428
isolation,7,streaming,NRU,ProportionalAllocation,2746,2,423400,{'trace_kind': 'synthetic'},0.4234
isolation,0,streaming,NRU,ProportionalAllocation,2746,3,351600,{'trace_kind': 'synthetic'},0.3516
isolation,1,streaming,NRU,ProportionalAllocation,2746,3,372300,{'trace_kind': 'synthetic'},0.3723
isolation,2,streaming,NRU,ProportionalAllocation,2746,3,365500,{'trace_kind': 'synthetic'},0.3655
isolation,3,streaming,NRU,ProportionalAllocation,2746,3,381100,{'trace_kind': 'synthetic'},0.3811
isolation,4,streaming,NRU,ProportionalAllocation,2746,3,385600,{'trace_kind': 'synthetic'},0.3856
isolation,5,streaming,NRU,ProportionalAllocation,2746,3,408500,{'trace_kind': 'synthetic'},0.4085
isolation,6,streaming,NRU,ProportionalAllocation,2746,3,421400,{'trace_kind': 'synthetic'},0.4214
isolation,7,streaming,NRU,ProportionalAllocation,2746,3,420900,{'trace_kind': 'synthetic'},0.4209
isolation,0,streaming,NRU,ProportionalAllocation,2746,4,377800,{'trace_kind': 'synthetic'},0.3778
isolation,1,streaming,NRU,ProportionalAllocation,2746,4,376300,{'trace_kind': 'synthetic'},0.3763
isolation,2,streaming,NRU,ProportionalAllocation,2746,4,371400,{'trace_kind': 'synthetic'},0.3714
isolation,3,streaming,NRU,ProportionalAllocation,2746,4,383700,{'trace_kind': 'synthetic'},0.3837
isolation,4,streaming,NRU,ProportionalAllocation,2746,4,390600,{'trace_kind': 'synthetic'},0.3906
isolation,5,streaming,NRU,ProportionalAllocation,2746,4,401500,{'trace_kind': 'synthetic'},0.4015
isolation,6,streaming,NRU,ProportionalAllocation,2746,4,411400,{'trace_kind': 'synthetic'},0.4114
isolation,7,streaming,NRU,ProportionalAllocation,2746,4,443000,{'trace_kind': 'synthetic'},0.443
isolation,0,streaming,NRU,ProportionalAllocation,2746,5,363300,{'trace_kind': 'synthetic'},0.3633
isolation,1,streaming,NRU,ProportionalAllocation,2746,5,361700,{'trace_kind': 'synthetic'},0.3617
isolation,2,streaming,NRU,ProportionalAllocation,2746,5,367600,{'trace_kind': 'synthetic'},0.3676
isolation,3,streaming,NRU,ProportionalAllocation,2746,5,380400,{'trace_kind': 'synthetic'},0.3804
isolation,4,streaming,NRU,ProportionalAllocation,2746,5,403700,{'trace_kind': 'synthetic'},0.4037
isolation,5,streaming,NRU,ProportionalAllocation,2746,5,416500,{'trace_kind': 'synthetic'},0.4165
isolation,6,streaming,NRU,ProportionalAllocation,2746,5,412500,{'trace_kind': 'synthetic'},0.4125
isolation,7,streaming,NRU,ProportionalAllocation,2746,5,425600,{'trace_kind': 'synthetic'},0.4256
isolation,0,streaming,NRU,ProportionalAllocation,2746,6,361400,{'trace_kind': 'synthetic'},0.3614
isolation,1,streaming,NRU,ProportionalAllocation,2746,6,376600,{'trace_kind': 'synthetic'},0.3766
isolation,2,streaming,NRU,ProportionalAllocation,2746,6,382500,{'trace_kind': 'synthetic'},0.3825
isolation,3,streaming,NRU,ProportionalAllocation,2746,6,375500,{'trace_kind': 'synthetic'},0.3755
isolation,4,streaming,NRU,ProportionalAllocation,2746,6,406900,{'trace_kind': 'synthetic'},0.4069
isolation,5,streaming,NRU,ProportionalAllocation,2746,6,405200,{'trace_kind': 'synthetic'},0.4052
isolation,6,streaming,NRU,ProportionalAllocation,2746,6,410800,{'trace_kind': 'synthetic'},0.4108
isolation,7,streaming,NRU,ProportionalAllocation,2746,6,429500,{'trace_kind': 'synthetic'},0.4295
isolation,0,streaming,NRU,ProportionalAllocation,2746,7,392900,{'trace_kind': 'synthetic'},0.3929
isolation,1,streaming,NRU,ProportionalAllocation,2746,7,356300,{'trace_kind': 'synthetic'},0.3563
isolation,2,streaming,NRU,ProportionalAllocation,2746,7,369000,{'trace_kind': 'synthetic'},0.369
isolation,3,streaming,NRU,ProportionalAllocation,2746,7,385000,{'trace_kind': 'synthetic'},0.385
isolation,4,streaming,NRU,ProportionalAllocation,2746,7,401000,{'trace_kind': 'synthetic'},0.401
isolation,5,streaming,NRU,ProportionalAllocation,2746,7,418800,{'trace_kind': 'synthetic'},0.4188
isolation,6,streaming,NRU,ProportionalAllocation,2746,7,413200,{'trace_kind': 'synthetic'},0.4132
isolation,7,streaming,NRU,ProportionalAllocation,2746,7,425700,{'trace_kind': 'synthetic'},0.4257
isolation,0,streaming,NRU,ProportionalAllocation,2746,8,350800,{'trace_kind': 'synthetic'},0.3508
isolation,1,streaming,NRU,ProportionalAllocation,2746,8,359200,{'trace_kind': 'synthetic'},0.3592
isolation,2,streaming,NRU,ProportionalAllocation,2746,8,366200,{'trace_kind': 'synthetic'},0.3662
isolation,3,streaming,NRU,ProportionalAllocation,2746,8,373100,{'trace_kind': 'synthetic'},0.3731
isolation,4,streaming,NRU,ProportionalAllocation,2746,8,390500,{'trace_kind': 'synthetic'},0.3905
isolation,5,streaming,NRU,ProportionalAllocation,2746,8,410400,{'trace_kind': 'synthetic'},0.4104
isolation,6,streaming,NRU,ProportionalAllocation,2746,8,676100,{'trace_kind': 'synthetic'},0.6761
isolation,7,streaming,NRU,ProportionalAllocation,2746,8,429200,{'trace_kind': 'synthetic'},0.4292
isolation,0,streaming,NRU,ProportionalAllocation,2746,9,365400,{'trace_kind': 'synthetic'},0.3654
isolation,1,streaming,NRU,ProportionalAllocation,2746,9,357600,{'trace_kind': 'synthetic'},0.3576
isolation,2,streaming,NRU,ProportionalAllocation,2746,9,381500,{'trace_kind': 'synthetic'},0.3815
isolation,3,streaming,NRU,ProportionalAllocation,2746,9,385400,{'trace_kind': 'synthetic'},0.3854
isolation,4,streaming,NRU,ProportionalAllocation,2746,9,390500,{'trace_kind': 'synthetic'},0.3905
isolation,5,streaming,NRU,ProportionalAllocation,2746,9,404900,{'trace_kind': 'synthetic'},0.4049
isolation,6,streaming,NRU,ProportionalAllocation,2746,9,412100,{'trace_kind': 'synthetic'},0.4121
isolation,7,streaming,NRU,ProportionalAllocation,2746,9,441200,{'trace_kind': 'synthetic'},0.4412
isolation,0,streaming,SecondChance,GlobalAllocation,2746,0,350000,{'trace_kind': 'synthetic'},0.35
isolation,1,streaming,SecondChance,GlobalAllocation,2746,0,369700,{'trace_kind': 'synthetic'},0.3697
isolation,2,streaming,SecondChance,GlobalAllocation,2746,0,391200,{'trace_kind': 'synthetic'},0.3912
isolation,3,streaming,SecondChance,GlobalAllocation,2746,0,420400,{'trace_kind': 'synthetic'},0.4204
isolation,4,streaming,SecondChance,GlobalAllocation,2746,0,447500,{'trace_kind': 'synthetic'},0.4475
isolation,5,streaming,SecondChance,GlobalAllocation,2746,0,488300,{'trace_kind': 'synthetic'},0.4883
isolation,6,streaming,SecondChance,GlobalAllocation,2746,0,542600,{'trace_kind': 'synthetic'},0.5426
isolation,7,streaming,SecondChance,GlobalAllocation,2746,0,608500,{'trace_kind': 'synthetic'},0.6085
isolation,0,streaming,SecondChance,GlobalAllocation,2746,1,345900,{'trace_kind': 'synthetic'},0.3459
isolation,1,streaming,SecondChance,GlobalAllocation,2746,1,368000,{'trace_kind': 'synthetic'},0.368
isolation,2,streaming,SecondChance,GlobalAllocation,2746,1,397200,{'trace_kind': 'synthetic'},0.3972
isolation,3,streaming,SecondChance,GlobalAllocation,2746,1,428100,{'trace_kind': 'synthetic'},0.4281
isolation,4,streaming,SecondChance,GlobalAllocation,2746,1,457000,{'trace_kind': 'synthetic'},0.457
isolation,5,streaming,SecondChance,GlobalAllocation,2746,1,492900,{'trace_kind': 'synthetic'},0.4929
isolation,6,streaming,SecondChance,GlobalAllocation,2746,1,541700,{'trace_kind': 'synthetic'},0.5417
isolation,7,streaming,SecondChance,GlobalAllocation,2746,1,585500,{'trace_kind': 'synthetic'},0.5855
isolation,0,streaming,SecondChance,GlobalAllocation,2746,2,381700,{'trace_kind': 'synthetic'},0.3817
isolation,1,streaming,SecondChance,GlobalAllocation,2746,2,362500,{'trace_kind': 'synthetic'},0.3625
isolation,2,streaming,SecondChance,GlobalAllocation,2746,2,429700,{'trace_kind': 'synthetic'},0.4297
isolation,3,streaming,SecondChance,GlobalAllocation,2746,2,424500,{'trace_kind': 'synthetic'},0.4245
isolation,4,streaming,SecondChance,GlobalAllocation,2746,2,451000,{'trace_kind': 'synthetic'},0.451
isolation,5,streaming,SecondChance,GlobalAllocation,2746,2,482500,{'trace_kind': 'synthetic'},0.4825
isolation,6,streaming,SecondChance,GlobalAllocation,2746,2,532200,{'trace_kind': 'synthetic'},0.5322
isolation,7,streaming,SecondChance,GlobalAllocation,2746,2,581100,{'trace_kind': 'synthetic'},0.5811
isolation,0,streaming,SecondChance,GlobalAllocation,2746,3,347900,{'trace_kind': 'synthetic'},0.3479
isolation,1,streaming,SecondChance,GlobalAllocation,2746,3,376700,{'trace_kind': 'synthetic'},0.3767
isolation,2,streaming,SecondChance,GlobalAllocation,2746,3,398100,{'trace_kind': 'synthetic'},0.3981
isolation,3,streaming,SecondChance,GlobalAllocation,2746,3,427700,{'trace_kind': 'synthetic'},0.4277
isolation,4,streaming,SecondChance,GlobalAllocation,2746,3,458200,{'trace_kind': 'synthetic'},0.4582
isolation,5,streaming,SecondChance,GlobalAllocation,2746,3,489500,{'trace_kind': 'synthetic'},0.4895
isolation,6,streaming,SecondChance,GlobalAllocation,2746,3,551000,{'trace_kind': 'synthetic'},0.551
isolation,7,streaming,SecondChance,GlobalAllocation,2746,3,596000,{'trace_kind': 'synthetic'},0.596
isolation,0,streaming,SecondChance,GlobalAllocation,2746,4,350900,{'trace_kind': 'synthetic'},0.3509
isolation,1,streaming,SecondChance,GlobalAllocation,2746,4,400800,{'trace_kind': 'synthetic'},0.4008
isolation,2,streaming,SecondChance,GlobalAllocation,2746,4,405400,{'trace_kind': 'synthetic'},0.4054
isolation,3,streaming,SecondChance,GlobalAllocation,2746,4,848100,{'trace_kind': 'synthetic'},0.8481
isolation,4,streaming,SecondChance,GlobalAllocation,2746,4,920500,{'trace_kind': 'synthetic'},0.9205
isolation,5,streaming,SecondChance,GlobalAllocation,2746,4,988400,{'trace_kind': 'synthetic'},0.9884
isolation,6,streaming,SecondChance,GlobalAllocation,2746,4,537600,{'trace_kind': 'synthetic'},0.5376
isolation,7,streaming,SecondChance,GlobalAllocation,2746,4,583100,{'trace_kind': 'synthetic'},0.5831
isolation,0,streaming,SecondChance,GlobalAllocation,2746,5,352200,{'trace_kind': 'synthetic'},0.3522
isolation,1,streaming,SecondChance,GlobalAllocation,2746,5,372600,{'trace_kind': 'synthetic'},0.3726
isolation,2,streaming,SecondChance,GlobalAllocation,2746,5,395900,{'trace_kind': 'synthetic'},0.3959
isolation,3,streaming,SecondChance,GlobalAllocation,2746,5,429500,{'trace_kind': 'synthetic'},0.4295
isolation,4,streaming,SecondChance,GlobalAllocation,2746,5,456000,{'trace_kind': 'synthetic'},0.456
isolation,5,streaming,SecondChance,GlobalAllocation,2746,5,509900,{'trace_kind': 'synthetic'},0.5099
isolation,6,streaming,SecondChance,GlobalAllocation,2746,5,531500,{'trace_kind': 'synthetic'},0.5315
isolation,7,streaming,SecondChance,GlobalAllocation,2746,5,588200,{'trace_kind': 'synthetic'},0.5882
isolation,0,streaming,SecondChance,GlobalAllocation,2746,6,347200,{'trace_kind': 'synthetic'},0.3472
isolation,1,streaming,SecondChance,GlobalAllocation,2746,6,370300,{'trace_kind': 'synthetic'},0.3703
isolation,2,streaming,SecondChance,GlobalAllocation,2746,6,390800,{'trace_kind': 'synthetic'},0.3908
isolation,3,streaming,SecondChance,GlobalAllocation,2746,6,434700,{'trace_kind': 'synthetic'},0.4347
isolation,4,streaming,SecondChance,GlobalAllocation,2746,6,455900,{'trace_kind': 'synthetic'},0.4559
isolation,5,streaming,SecondChance,GlobalAllocation,2746,6,499800,{'trace_kind': 'synthetic'},0.4998
isolation,6,streaming,SecondChance,GlobalAllocation,2746,6,518100,{'trace_kind': 'synthetic'},0.5181
isolation,7,streaming,SecondChance,GlobalAllocation,2746,6,600900,{'trace_kind': 'synthetic'},0.6009
isolation,0,streaming,SecondChance,GlobalAllocation,2746,7,352200,{'trace_kind': 'synthetic'},0.3522
isolation,1,streaming,SecondChance,GlobalAllocation,2746,7,368600,{'trace_kind': 'synthetic'},0.3686
isolation,2,streaming,SecondChance,GlobalAllocation,2746,7,401000,{'trace_kind': 'synthetic'},0.401
isolation,3,streaming,SecondChance,GlobalAllocation,2746,7,432900,{'trace_kind': 'synthetic'},0.4329
isolation,4,streaming,SecondChance,GlobalAllocation,2746,7,459400,{'trace_kind': 'synthetic'},0.4594
isolation,5,streaming,SecondChance,GlobalAllocation,2746,7,498700,{'trace_kind': 'synthetic'},0.4987
isolation,6,streaming,SecondChance,GlobalAllocation,2746,7,549000,{'trace_kind': 'synthetic'},0.549
isolation,7,streaming,SecondChance,GlobalAllocation,2746,7,593000,{'trace_kind': 'synthetic'},0.593
isolation,0,streaming,SecondChance,GlobalAllocation,2746,8,365200,{'trace_kind': 'synthetic'},0.3652
isolation,1,streaming,SecondChance,GlobalAllocation,2746,8,366900,{'trace_kind': 'synthetic'},0.3669
isolation,2,streaming,SecondChance,GlobalAllocation,2746,8,387200,{'trace_kind': 'synthetic'},0.3872
isolation,3,streaming,SecondChance,GlobalAllocation,2746,8,429600,{'trace_kind': 'synthetic'},0.4296
isolation,4,streaming,SecondChance,GlobalAllocation,2746,8,452200,{'trace_kind': 'synthetic'},0.4522
isolation,5,streaming,SecondChance,GlobalAllocation,2746,8,485200,{'trace_kind': 'synthetic'},0.4852
isolation,6,streaming,SecondChance,GlobalAllocation,2746,8,557600,{'trace_kind': 'synthetic'},0.5576
isolation,7,streaming,SecondChance,GlobalAllocation,2746,8,596300,{'trace_kind': 'synthetic'},0.5963
isolation,0,streaming,SecondChance,GlobalAllocation,2746,9,347100,{'trace_kind': 'synthetic'},0.3471
isolation,1,streaming,SecondChance,GlobalAllocation,2746,9,378200,{'trace_kind': 'synthetic'},0.3782
isolation,2,streaming,SecondChance,GlobalAllocation,2746,9,398600,{'trace_kind': 'synthetic'},0.3986
isolation,3,streaming,SecondChance,GlobalAllocation,2746,9,422000,{'trace_kind': 'synthetic'},0.422
isolation,4,streaming,SecondChance,GlobalAllocation,2746,9,447700,{'trace_kind': 'synthetic'},0.4477
isolation,5,streaming,SecondChance,GlobalAllocation,2746,9,507400,{'trace_kind': 'synthetic'},0.5074
isolation,6,streaming,SecondChance,GlobalAllocation,2746,9,542600,{'trace_kind': 'synthetic'},0.5426
isolation,7,streaming,SecondChance,GlobalAllocation,2746,9,606000,{'trace_kind': 'synthetic'},0.606
isolation,0,streaming,SecondChance,LocalAllocation,2746,0,359400,{'trace_kind': 'synthetic'},0.3594
isolation,1,streaming,SecondChance,LocalAllocation,2746,0,368200,{'trace_kind': 'synthetic'},0.3682
isolation,2,streaming,SecondChance,LocalAllocation,2746,0,395400,{'trace_kind': 'synthetic'},0.3954
isolation,3,streaming,SecondChance,LocalAllocation,2746,0,423200,{'trace_kind': 'synthetic'},0.4232
isolation,4,streaming,SecondChance,LocalAllocation,2746,0,445600,{'trace_kind': 'synthetic'},0.4456
isolation,5,streaming,SecondChance,LocalAllocation,2746,0,491600,{'trace_kind': 'synthetic'},0.4916
isolation,6,streaming,SecondChance,LocalAllocation,2746,0,549900,{'trace_kind': 'synthetic'},0.5499
isolation,7,streaming,SecondChance,LocalAllocation,2746,0,603800,{'trace_kind': 'synthetic'},0.6038
isolation,0,streaming,SecondChance,LocalAllocation,2746,1,343900,{'trace_kind': 'synthetic'},0.3439
isolation,1,streaming,SecondChance,LocalAllocation,2746,1,380200,{'trace_kind': 'synthetic'},0.3802
isolation,2,streaming,SecondChance,LocalAllocation,2746,1,399700,{'trace_kind': 'synthetic'},0.3997
isolation,3,streaming,SecondChance,LocalAllocation,2746,1,420000,{'trace_kind': 'synthetic'},0.42
isolation,4,streaming,SecondChance,LocalAllocation,2746,1,449600,{'trace_kind': 'synthetic'},0.4496
isolation,5,streaming,SecondChance,LocalAllocation,2746,1,494000,{'trace_kind': 'synthetic'},0.494
isolation,6,streaming,SecondChance,LocalAllocation,2746,1,538600,{'trace_kind': 'synthetic'},0.5386
isolation,7,streaming,SecondChance,LocalAllocation,2746,1,592200,{'trace_kind': 'synthetic'},0.5922
isolation,0,streaming,SecondChance,LocalAllocation,2746,2,344000,{'trace_kind': 'synthetic'},0.344
isolation,1,streaming,SecondChance,LocalAllocation,2746,2,371100,{'trace_kind': 'synthetic'},0.3711
isolation,2,streaming,SecondChance,LocalAllocation,2746,2,394200,{'trace_kind': 'synthetic'},0.3942
isolation,3,streaming,SecondChance,LocalAllocation,2746,2,424600,{'trace_kind': 'synthetic'},0.4246
isolation,4,streaming,SecondChance,LocalAllocation,2746,2,451200,{'trace_kind': 'synthetic'},0.4512
isolation,5,streaming,SecondChance,LocalAllocation,2746,2,484600,{'trace_kind': 'synthetic'},0.4846
isolation,6,streaming,SecondChance,LocalAllocation,2746,2,539300,{'trace_kind': 'synthetic'},0.5393
isolation,7,streaming,SecondChance,LocalAllocation,2746,2,590700,{'trace_kind': 'synthetic'},0.5907
isolation,0,streaming,SecondChance,LocalAllocation,2746,3,345500,{'trace_kind': 'synthetic'},0.3455
isolation,1,streaming,SecondChance,LocalAllocation,2746,3,366400,{'trace_kind': 'synthetic'},0.3664
isolation,2,streaming,SecondChance,LocalAllocation,2746,3,392600,{'trace_kind': 'synthetic'},0.3926
isolation,3,streaming,SecondChance,LocalAllocation,2746,3,431500,{'trace_kind': 'synthetic'},0.4315
isolation,4,streaming,SecondChance,LocalAllocation,2746,3,457300,{'trace_kind': 'synthetic'},0.4573
isolation,5,streaming,SecondChance,LocalAllocation,2746,3,483200,{'trace_kind': 'synthetic'},0.4832
isolation,6,streaming,SecondChance,LocalAllocation,2746,3,522700,{'trace_kind': 'synthetic'},0.5227
isolation,7,streaming,SecondChance,LocalAllocation,2746,3,578100,{'trace_kind': 'synthetic'},0.5781
isolation,0,streaming,SecondChance,LocalAllocation,2746,4,711900,{'trace_kind': 'synthetic'},0.7119
isolation,1,streaming,SecondChance,LocalAllocation,2746,4,762300,{'trace_kind': 'synthetic'},0.7623
isolation,2,streaming,SecondChance,LocalAllocation,2746,4,767700,{'trace_kind': 'synthetic'},0.7677
isolation,3,streaming,SecondChance,LocalAllocation,2746,4,854200,{'trace_kind': 'synthetic'},0.8542
isolation,4,streaming,SecondChance,LocalAllocation,2746,4,938000,{'trace_kind': 'synthetic'},0.938
isolation,5,streaming,SecondChance,LocalAllocation,2746,4,988700,{'trace_kind': 'synthetic'},0.9887
isolation,6,streaming,SecondChance,LocalAllocation,2746,4,1085200,{'trace_kind': 'synthetic'},1.0852
isolation,7,streaming,SecondChance,LocalAllocation,2746,4,1211200,{'trace_kind': 'synthetic'},1.2112
isolation,0,streaming,SecondChance,LocalAllocation,2746,5,341600,{'trace_kind': 'synthetic'},0.3416
isolation,1,streaming,SecondChance,LocalAllocation,2746,5,367900,{'trace_kind': 'synthetic'},0.3679
isolation,2,streaming,SecondChance,LocalAllocation,2746,5,393900,{'trace_kind': 'synthetic'},0.3939
isolation,3,streaming,SecondChance,LocalAllocation,2746,5,422000,{'trace_kind': 'synthetic'},0.422
isolation,4,streaming,SecondChance,LocalAllocation,2746,5,451400,{'trace_kind': 'synthetic'},0.4514
isolation,5,streaming,SecondChance,LocalAllocation,2746,5,490500,{'trace_kind': 'synthetic'},0.4905
isolation,6,streaming,SecondChance,LocalAllocation,2746,5,533200,{'trace_kind': 'synthetic'},0.5332
isolation,7,streaming,SecondChance,LocalAllocation,2746,5,589500,{'trace_kind': 'synthetic'},0.5895
isolation,0,streaming,SecondChance,LocalAllocation,2746,6,351300,{'trace_kind': 'synthetic'},0.3513
isolation,1,streaming,SecondChance,LocalAllocation,2746,6,369100,{'trace_kind': 'synthetic'},0.3691
isolation,2,streaming,SecondChance,LocalAllocation,2746,6,396000,{'trace_kind': 'synthetic'},0.396
isolation,3,streaming,SecondChance,LocalAllocation,2746,6,423600,{'trace_kind': 'synthetic'},0.4236
isolation,4,streaming,SecondChance,LocalAllocation,2746,6,450200,{'trace_kind': 'synthetic'},0.4502
isolation,5,streaming,SecondChance,LocalAllocation,2746,6,497000,{'trace_kind': 'synthetic'},0.497
isolation,6,streaming,SecondChance,LocalAllocation,2746,6,525000,{'trace_kind': 'synthetic'},0.525
isolation,7,streaming,SecondChance,LocalAllocation,2746,6,596000,{'trace_kind': 'synthetic'},0.596
isolation,0,streaming,SecondChance,LocalAllocation,2746,7,345700,{'trace_kind': 'synthetic'},0.3457
isolation,1,streaming,SecondChance,LocalAllocation,2746,7,372700,{'trace_kind': 'synthetic'},0.3727
isolation,2,streaming,SecondChance,LocalAllocation,2746,7,401100,{'trace_kind': 'synthetic'},0.4011
isolation,3,streaming,SecondChance,LocalAllocation,2746,7,428900,{'trace_kind': 'synthetic'},0.4289
isolation,4,streaming,SecondChance,LocalAllocation,2746,7,458800,{'trace_kind': 'synthetic'},0.4588
isolation,5,streaming,SecondChance,LocalAllocation,2746,7,496500,{'trace_kind': 'synthetic'},0.4965
isolation,6,streaming,SecondChance,LocalAllocation,2746,7,545600,{'trace_kind': 'synthetic'},0.5456
isolation,7,streaming,SecondChance,LocalAllocation,2746,7,588300,{'trace_kind': 'synthetic'},0.5883
isolation,0,streaming,SecondChance,LocalAllocation,2746,8,369200,{'trace_kind': 'synthetic'},0.3692
isolation,1,streaming,SecondChance,LocalAllocation,2746,8,381900,{'trace_kind': 'synthetic'},0.3819
isolation,2,streaming,SecondChance,LocalAllocation,2746,8,406700,{'trace_kind': 'synthetic'},0.4067
isolation,3,streaming,SecondChance,LocalAllocation,2746,8,432200,{'trace_kind': 'synthetic'},0.4322
isolation,4,streaming,SecondChance,LocalAllocation,2746,8,445400,{'trace_kind': 'synthetic'},0.4454
isolation,5,streaming,SecondChance,LocalAllocation,2746,8,485400,{'trace_kind': 'synthetic'},0.4854
isolation,6,streaming,SecondChance,LocalAllocation,2746,8,550400,{'trace_kind': 'synthetic'},0.5504
isolation,7,streaming,SecondChance,LocalAllocation,2746,8,590700,{'trace_kind': 'synthetic'},0.5907
isolation,0,streaming,SecondChance,LocalAllocation,2746,9,339600,{'trace_kind': 'synthetic'},0.3396
isolation,1,streaming,SecondChance,LocalAllocation,2746,9,365800,{'trace_kind': 'synthetic'},0.3658
isolation,2,streaming,SecondChance,LocalAllocation,2746,9,395600,{'trace_kind': 'synthetic'},0.3956
isolation,3,streaming,SecondChance,LocalAllocation,2746,9,425700,{'trace_kind': 'synthetic'},0.4257
isolation,4,streaming,SecondChance,LocalAllocation,2746,9,450100,{'trace_kind': 'synthetic'},0.4501
isolation,5,streaming,SecondChance,LocalAllocation,2746,9,638200,{'trace_kind': 'synthetic'},0.6382
isolation,6,streaming,SecondChance,LocalAllocation,2746,9,536200,{'trace_kind': 'synthetic'},0.5362
isolation,7,streaming,SecondChance,LocalAllocation,2746,9,584500,{'trace_kind': 'synthetic'},0.5845
isolation,0,streaming,SecondChance,ProportionalAllocation,2746,0,349500,{'trace_kind': 'synthetic'},0.3495
isolation,1,streaming,SecondChance,ProportionalAllocation,2746,0,376600,{'trace_kind': 'synthetic'},0.3766
isolation,2,streaming,SecondChance,ProportionalAllocation,2746,0,396400,{'trace_kind': 'synthetic'},0.3964
isolation,3,streaming,SecondChance,ProportionalAllocation,2746,0,437300,{'trace_kind': 'synthetic'},0.4373
isolation,4,streaming,SecondChance,ProportionalAllocation,2746,0,467700,{'trace_kind': 'synthetic'},0.4677
isolation,5,streaming,SecondChance,ProportionalAllocation,2746,0,525100,{'trace_kind': 'synthetic'},0.5251
isolation,6,streaming,SecondChance,ProportionalAllocation,2746,0,542300,{'trace_kind': 'synthetic'},0.5423
isolation,7,streaming,SecondChance,ProportionalAllocation,2746,0,598400,{'trace_kind': 'synthetic'},0.5984
isolation,0,streaming,SecondChance,ProportionalAllocation,2746,1,347000,{'trace_kind': 'synthetic'},0.347
isolation,1,streaming,SecondChance,ProportionalAllocation,2746,1,371600,{'trace_kind': 'synthetic'},0.3716
isolation,2,streaming,SecondChance,ProportionalAllocation,2746,1,391800,{'trace_kind': 'synthetic'},0.3918
isolation,3,streaming,SecondChance,ProportionalAllocation,2746,1,424200,{'trace_kind': 'synthetic'},0.4242
isolation,4,streaming,SecondChance,ProportionalAllocation,2746,1,483900,{'trace_kind': 'synthetic'},0.4839
isolation,5,streaming,SecondChance,ProportionalAllocation,2746,1,635700,{'trace_kind': 'synthetic'},0.6357
isolation,6,streaming,SecondChance,ProportionalAllocation,2746,1,546200,{'trace_kind': 'synthetic'},0.5462
isolation,7,streaming,SecondChance,ProportionalAllocation,2746,1,605700,{'trace_kind': 'synthetic'},0.6057
isolation,0,streaming,SecondChance,ProportionalAllocation,2746,2,363900,{'trace_kind': 'synthetic'},0.3639
isolation,1,streaming,SecondChance,ProportionalAllocation,2746,2,367700,{'trace_kind': 'synthetic'},0.3677
isolation,2,streaming,SecondChance,ProportionalAllocation,2746,2,394100,{'trace_kind': 'synthetic'},0.3941
isolation,3,streaming,SecondChance,ProportionalAllocation,2746,2,414900,{'trace_kind': 'synthetic'},0.4149
isolation,4,streaming,SecondChance,ProportionalAllocation,2746,2,452100,{'trace_kind': 'synthetic'},0.4521
isolation,5,streaming,SecondChance,ProportionalAllocation,2746,2,485600,{'trace_kind': 'synthetic'},0.4856
isolation,6,streaming,SecondChance,ProportionalAllocation,2746,2,536000,{'trace_kind': 'synthetic'},0.536
isolation,7,streaming,SecondChance,ProportionalAllocation,2746,2,585500,{'trace_kind': 'synthetic'},0.5855
isolation,0,streaming,SecondChance,ProportionalAllocation,2746,3,346000,{'trace_kind': 'synthetic'},0.346
isolation,1,streaming,SecondChance,ProportionalAllocation,2746,3,368600,{'trace_kind': 'synthetic'},0.3686
isolation,2,streaming,SecondChance,ProportionalAllocation,2746,3,393300,{'trace_kind': 'synthetic'},0.3933
isolation,3,streaming,SecondChance,ProportionalAllocation,2746,3,428900,{'trace_kind': 'synthetic'},0.4289
isolation,4,streaming,SecondChance,ProportionalAllocation,2746,3,460800,{'trace_kind': 'synthetic'},0.4608
isolation,5,streaming,SecondChance,ProportionalAllocation,2746,3,491000,{'trace_kind': 'synthetic'},0.491
isolation,6,streaming,SecondChance,ProportionalAllocation,2746,3,527400,{'trace_kind': 'synthetic'},0.5274
isolation,7,streaming,SecondChance,ProportionalAllocation,2746,3,586100,{'trace_kind': 'synthetic'},0.5861
isolation,0,streaming,SecondChance,ProportionalAllocation,2746,4,345400,{'trace_kind': 'synthetic'},0.3454
isolation,1,streaming,SecondChance,ProportionalAllocation,2746,4,374400,{'trace_kind': 'synthetic'},0.3744
isolation,2,streaming,SecondChance,ProportionalAllocation,2746,4,395400,{'trace_kind': 'synthetic'},0.3954
isolation,3,streaming,SecondChance,ProportionalAllocation,2746,4,426600,{'trace_kind': 'synthetic'},0.4266
isolation,4,streaming,SecondChance,ProportionalAllocation,2746,4,527300,{'trace_kind': 'synthetic'},0.5273
isolation,5,streaming,SecondChance,ProportionalAllocation,2746,4,502400,{'trace_kind': 'synthetic'},0.5024
isolation,6,streaming,SecondChance,ProportionalAllocation,2746,4,569800,{'trace_kind': 'synthetic'},0.5698
isolation,7,streaming,SecondChance,ProportionalAllocation,2746,4,605900,{'trace_kind': 'synthetic'},0.6059
isolation,0,streaming,SecondChance,ProportionalAllocation,2746,5,308900,{'trace_kind': 'synthetic'},0.3089
isolation,1,streaming,SecondChance,ProportionalAllocation,2746,5,334700,{'trace_kind': 'synthetic'},0.3347
isolation,2,streaming,SecondChance,ProportionalAllocation,2746,5,357000,{'trace_kind': 'synthetic'},0.357
isolation,3,streaming,SecondChance,ProportionalAllocation,2746,5,384500,{'trace_kind': 'synthetic'},0.3845
isolation,4,streaming,SecondChance,ProportionalAllocation,2746,5,411200,{'trace_kind': 'synthetic'},0.4112
isolation,5,streaming,SecondChance,ProportionalAllocation,2746,5,448500,{'trace_kind': 'synthetic'},0.4485
isolation,6,streaming,SecondChance,ProportionalAllocation,2746,5,484500,{'trace_kind': 'synthetic'},0.4845
isolation,7,streaming,SecondChance,ProportionalAllocation,2746,5,598500,{'trace_kind': 'synthetic'},0.5985
isolation,0,streaming,SecondChance,ProportionalAllocation,2746,6,340200,{'trace_kind': 'synthetic'},0.3402
isolation,1,streaming,SecondChance,ProportionalAllocation,2746,6,373900,{'trace_kind': 'synthetic'},0.3739
isolation,2,streaming,SecondChance,ProportionalAllocation,2746,6,392800,{'trace_kind': 'synthetic'},0.3928
isolation,3,streaming,SecondChance,ProportionalAllocation,2746,6,427100,{'trace_kind': 'synthetic'},0.4271
isolation,4,streaming,SecondChance,ProportionalAllocation,2746,6,453500,{'trace_kind': 'synthetic'},0.4535
isolation,5,streaming,SecondChance,ProportionalAllocation,2746,6,489200,{'trace_kind': 'synthetic'},0.4892
isolation,6,streaming,SecondChance,ProportionalAllocation,2746,6,523500,{'trace_kind': 'synthetic'},0.5235
isolation,7,streaming,SecondChance,ProportionalAllocation,2746,6,605200,{'trace_kind': 'synthetic'},0.6052
isolation,0,streaming,SecondChance,ProportionalAllocation,2746,7,342900,{'trace_kind': 'synthetic'},0.3429
isolation,1,streaming,SecondChance,ProportionalAllocation,2746,7,369100,{'trace_kind': 'synthetic'},0.3691
isolation,2,streaming,SecondChance,ProportionalAllocation,2746,7,399300,{'trace_kind': 'synthetic'},0.3993
isolation,3,streaming,SecondChance,ProportionalAllocation,2746,7,423800,{'trace_kind': 'synthetic'},0.4238
isolation,4,streaming,SecondChance,ProportionalAllocation,2746,7,460100,{'trace_kind': 'synthetic'},0.4601
isolation,5,streaming,SecondChance,ProportionalAllocation,2746,7,499500,{'trace_kind': 'synthetic'},0.4995
isolation,6,streaming,SecondChance,ProportionalAllocation,2746,7,545300,{'trace_kind': 'synthetic'},0.5453
isolation,7,streaming,SecondChance,ProportionalAllocation,2746,7,591800,{'trace_kind': 'synthetic'},0.5918
isolation,0,streaming,SecondChance,ProportionalAllocation,2746,8,367300,{'trace_kind': 'synthetic'},0.3673
isolation,1,streaming,SecondChance,ProportionalAllocation,2746,8,366900,{'trace_kind': 'synthetic'},0.3669
isolation,2,streaming,SecondChance,ProportionalAllocation,2746,8,390400,{'trace_kind': 'synthetic'},0.3904
isolation,3,streaming,SecondChance,ProportionalAllocation,2746,8,427600,{'trace_kind': 'synthetic'},0.4276
isolation,4,streaming,SecondChance,ProportionalAllocation,2746,8,445500,{'trace_kind': 'synthetic'},0.4455
isolation,5,streaming,SecondChance,ProportionalAllocation,2746,8,484600,{'trace_kind': 'synthetic'},0.4846
isolation,6,streaming,SecondChance,ProportionalAllocation,2746,8,551100,{'trace_kind': 'synthetic'},0.5511
isolation,7,streaming,SecondChance,ProportionalAllocation,2746,8,590300,{'trace_kind': 'synthetic'},0.5903
isolation,0,streaming,SecondChance,ProportionalAllocation,2746,9,340400,{'trace_kind': 'synthetic'},0.3404
isolation,1,streaming,SecondChance,ProportionalAllocation,2746,9,371700,{'trace_kind': 'synthetic'},0.3717
isolation,2,streaming,SecondChance,ProportionalAllocation,2746,9,394600,{'trace_kind': 'synthetic'},0.3946
isolation,3,streaming,SecondChance,ProportionalAllocation,2746,9,421800,{'trace_kind': 'synthetic'},0.4218
isolation,4,streaming,SecondChance,ProportionalAllocation,2746,9,450400,{'trace_kind': 'synthetic'},0.4504
isolation,5,streaming,SecondChance,ProportionalAllocation,2746,9,496100,{'trace_kind': 'synthetic'},0.4961
isolation,6,streaming,SecondChance,ProportionalAllocation,2746,9,535700,{'trace_kind': 'synthetic'},0.5357
isolation,7,streaming,SecondChance,ProportionalAllocation,2746,9,586300,{'trace_kind': 'synthetic'},0.5863
isolation,0,streaming,WSClock,GlobalAllocation,2746,0,345500,{'trace_kind': 'synthetic'},0.3455
isolation,1,streaming,WSClock,GlobalAllocation,2746,0,369400,{'trace_kind': 'synthetic'},0.3694
isolation,2,streaming,WSClock,GlobalAllocation,2746,0,391500,{'trace_kind': 'synthetic'},0.3915
isolation,3,streaming,WSClock,GlobalAllocation,2746,0,426100,{'trace_kind': 'synthetic'},0.4261
isolation,4,streaming,WSClock,GlobalAllocation,2746,0,452400,{'trace_kind': 'synthetic'},0.4524
isolation,5,streaming,WSClock,GlobalAllocation,2746,0,544400,{'trace_kind': 'synthetic'},0.5444
isolation,6,streaming,WSClock,GlobalAllocation,2746,0,556800,{'trace_kind': 'synthetic'},0.5568
isolation,7,streaming,WSClock,GlobalAllocation,2746,0,601600,{'trace_kind': 'synthetic'},0.6016
isolation,0,streaming,WSClock,GlobalAllocation,2746,1,346100,{'trace_kind': 'synthetic'},0.3461
isolation,1,streaming,WSClock,GlobalAllocation,2746,1,377000,{'trace_kind': 'synthetic'},0.377
isolation,2,streaming,WSClock,GlobalAllocation,2746,1,395400,{'trace_kind': 'synthetic'},0.3954
isolation,3,streaming,WSClock,GlobalAllocation,2746,1,421500,{'trace_kind': 'synthetic'},0.4215
isolation,4,streaming,WSClock,GlobalAllocation,2746,1,449300,{'trace_kind': 'synthetic'},0.4493
isolation,5,streaming,WSClock,GlobalAllocation,2746,1,494700,{'trace_kind': 'synthetic'},0.4947
isolation,6,streaming,WSClock,GlobalAllocation,2746,1,538800,{'trace_kind': 'synthetic'},0.5388
isolation,7,streaming,WSClock,GlobalAllocation,2746,1,606100,{'trace_kind': 'synthetic'},0.6061
isolation,0,streaming,WSClock,GlobalAllocation,2746,2,341700,{'trace_kind': 'synthetic'},0.3417
isolation,1,streaming,WSClock,GlobalAllocation,2746,2,365600,{'trace_kind': 'synthetic'},0.3656
isolation,2,streaming,WSClock,GlobalAllocation,2746,2,399100,{'trace_kind': 'synthetic'},0.3991
isolation,3,streaming,WSClock,GlobalAllocation,2746,2,419300,{'trace_kind': 'synthetic'},0.4193
isolation,4,streaming,WSClock,GlobalAllocation,2746,2,472200,{'trace_kind': 'synthetic'},0.4722
isolation,5,streaming,WSClock,GlobalAllocation,2746,2,566900,{'trace_kind': 'synthetic'},0.5669
isolation,6,streaming,WSClock,GlobalAllocation,2746,2,540800,{'trace_kind': 'synthetic'},0.5408
isolation,7,streaming,WSClock,GlobalAllocation,2746,2,592900,{'trace_kind': 'synthetic'},0.5929
isolation,0,streaming,WSClock,GlobalAllocation,2746,3,343200,{'trace_kind': 'synthetic'},0.3432
isolation,1,streaming,WSClock,GlobalAllocation,2746,3,369400,{'trace_kind': 'synthetic'},0.3694
isolation,2,streaming,WSClock,GlobalAllocation,2746,3,393800,{'trace_kind': 'synthetic'},0.3938
isolation,3,streaming,WSClock,GlobalAllocation,2746,3,422600,{'trace_kind': 'synthetic'},0.4226
isolation,4,streaming,WSClock,GlobalAllocation,2746,3,450100,{'trace_kind': 'synthetic'},0.4501
isolation,5,streaming,WSClock,GlobalAllocation,2746,3,484300,{'trace_kind': 'synthetic'},0.4843
isolation,6,streaming,WSClock,GlobalAllocation,2746,3,527500,{'trace_kind': 'synthetic'},0.5275
isolation,7,streaming,WSClock,GlobalAllocation,2746,3,583100,{'trace_kind': 'synthetic'},0.5831
isolation,0,streaming,WSClock,GlobalAllocation,2746,4,345800,{'trace_kind': 'synthetic'},0.3458
isolation,1,streaming,WSClock,GlobalAllocation,2746,4,368900,{'trace_kind': 'synthetic'},0.3689
isolation,2,streaming,WSClock,GlobalAllocation,2746,4,409100,{'trace_kind': 'synthetic'},0.4091
isolation,3,streaming,WSClock,GlobalAllocation,2746,4,422700,{'trace_kind': 'synthetic'},0.4227
isolation,4,streaming,WSClock,GlobalAllocation,2746,4,461800,{'trace_kind': 'synthetic'},0.4618
isolation,5,streaming,WSClock,GlobalAllocation,2746,4,494800,{'trace_kind': 'synthetic'},0.4948
isolation,6,streaming,WSClock,GlobalAllocation,2746,4,546200,{'trace_kind': 'synthetic'},0.5462
isolation,7,streaming,WSClock,GlobalAllocation,2746,4,615600,{'trace_kind': 'synthetic'},0.6156
isolation,0,streaming,WSClock,GlobalAllocation,2746,5,342600,{'trace_kind': 'synthetic'},0.3426
isolation,1,streaming,WSClock,GlobalAllocation,2746,5,371500,{'trace_kind': 'synthetic'},0.3715
isolation,2,streaming,WSClock,GlobalAllocation,2746,5,392100,{'trace_kind': 'synthetic'},0.3921
isolation,3,streaming,WSClock,GlobalAllocation,2746,5,427600,{'trace_kind': 'synthetic'},0.4276
isolation,4,streaming,WSClock,GlobalAllocation,2746,5,455500,{'trace_kind': 'synthetic'},0.4555
isolation,5,streaming,WSClock,GlobalAllocation,2746,5,508500,{'trace_kind': 'synthetic'},0.5085
isolation,6,streaming,WSClock,GlobalAllocation,2746,5,531500,{'trace_kind': 'synthetic'},0.5315
isolation,7,streaming,WSClock,GlobalAllocation,2746,5,594600,{'trace_kind': 'synthetic'},0.5946
isolation,0,streaming,WSClock,GlobalAllocation,2746,6,506500,{'trace_kind': 'synthetic'},0.5065
isolation,1,streaming,WSClock,GlobalAllocation,2746,6,370900,{'trace_kind': 'synthetic'},0.3709
isolation,2,streaming,WSClock,GlobalAllocation,2746,6,397700,{'trace_kind': 'synthetic'},0.3977
isolation,3,streaming,WSClock,GlobalAllocation,2746,6,428600,{'trace_kind': 'synthetic'},0.4286
isolation,4,streaming,WSClock,GlobalAllocation,2746,6,452700,{'trace_kind': 'synthetic'},0.4527
isolation,5,streaming,WSClock,GlobalAllocation,2746,6,493600,{'trace_kind': 'synthetic'},0.4936
isolation,6,streaming,WSClock,GlobalAllocation,2746,6,527600,{'trace_kind': 'synthetic'},0.5276
isolation,7,streaming,WSClock,GlobalAllocation,2746,6,592900,{'trace_kind': 'synthetic'},0.5929
isolation,0,streaming,WSClock,GlobalAllocation,2746,7,349500,{'trace_kind': 'synthetic'},0.3495
isolation,1,streaming,WSClock,GlobalAllocation,2746,7,371400,{'trace_kind': 'synthetic'},0.3714
isolation,2,streaming,WSClock,GlobalAllocation,2746,7,396200,{'trace_kind': 'synthetic'},0.3962
isolation,3,streaming,WSClock,GlobalAllocation,2746,7,422900,{'trace_kind': 'synthetic'},0.4229
isolation,4,streaming,WSClock,GlobalAllocation,2746,7,470000,{'trace_kind': 'synthetic'},0.47
isolation,5,streaming,WSClock,GlobalAllocation,2746,7,506000,{'trace_kind': 'synthetic'},0.506
isolation,6,streaming,WSClock,GlobalAllocation,2746,7,549400,{'trace_kind': 'synthetic'},0.5494
isolation,7,streaming,WSClock,GlobalAllocation,2746,7,608000,{'trace_kind': 'synthetic'},0.608
isolation,0,streaming,WSClock,GlobalAllocation,2746,8,344500,{'trace_kind': 'synthetic'},0.3445
isolation,1,streaming,WSClock,GlobalAllocation,2746,8,367600,{'trace_kind': 'synthetic'},0.3676
isolation,2,streaming,WSClock,GlobalAllocation,2746,8,395900,{'trace_kind': 'synthetic'},0.3959
isolation,3,streaming,WSClock,GlobalAllocation,2746,8,423800,{'trace_kind': 'synthetic'},0.4238
isolation,4,streaming,WSClock,GlobalAllocation,2746,8,447700,{'trace_kind': 'synthetic'},0.4477
isolation,5,streaming,WSClock,GlobalAllocation,2746,8,491500,{'trace_kind': 'synthetic'},0.4915
isolation,6,streaming,WSClock,GlobalAllocation,2746,8,544400,{'trace_kind': 'synthetic'},0.5444
isolation,7,streaming,WSClock,GlobalAllocation,2746,8,587200,{'trace_kind': 'synthetic'},0.5872
isolation,0,streaming,WSClock,GlobalAllocation,2746,9,689300,{'trace_kind': 'synthetic'},0.6893
isolation,1,streaming,WSClock,GlobalAllocation,2746,9,786900,{'trace_kind': 'synthetic'},0.7869
isolation,2,streaming,WSClock,GlobalAllocation,2746,9,783300,{'trace_kind': 'synthetic'},0.7833
isolation,3,streaming,WSClock,GlobalAllocation,2746,9,845200,{'trace_kind': 'synthetic'},0.8452
isolation,4,streaming,WSClock,GlobalAllocation,2746,9,924500,{'trace_kind': 'synthetic'},0.9245
isolation,5,streaming,WSClock,GlobalAllocation,2746,9,677200,{'trace_kind': 'synthetic'},0.6772
isolation,6,streaming,WSClock,GlobalAllocation,2746,9,562700,{'trace_kind': 'synthetic'},0.5627
isolation,7,streaming,WSClock,GlobalAllocation,2746,9,602100,{'trace_kind': 'synthetic'},0.6021
isolation,0,streaming,WSClock,LocalAllocation,2746,0,339300,{'trace_kind': 'synthetic'},0.3393
isolation,1,streaming,WSClock,LocalAllocation,2746,0,368900,{'trace_kind': 'synthetic'},0.3689
isolation,2,streaming,WSClock,LocalAllocation,2746,0,409400,{'trace_kind': 'synthetic'},0.4094
isolation,3,streaming,WSClock,LocalAllocation,2746,0,439100,{'trace_kind': 'synthetic'},0.4391
isolation,4,streaming,WSClock,LocalAllocation,2746,0,447000,{'trace_kind': 'synthetic'},0.447
isolation,5,streaming,WSClock,LocalAllocation,2746,0,484100,{'trace_kind': 'synthetic'},0.4841
isolation,6,streaming,WSClock,LocalAllocation,2746,0,539600,{'trace_kind': 'synthetic'},0.5396
isolation,7,streaming,WSClock,LocalAllocation,2746,0,607500,{'trace_kind': 'synthetic'},0.6075
isolation,0,streaming,WSClock,LocalAllocation,2746,1,353400,{'trace_kind': 'synthetic'},0.3534
isolation,1,streaming,WSClock,LocalAllocation,2746,1,367900,{'trace_kind': 'synthetic'},0.3679
isolation,2,streaming,WSClock,LocalAllocation,2746,1,392600,{'trace_kind': 'synthetic'},0.3926
isolation,3,streaming,WSClock,LocalAllocation,2746,1,425900,{'trace_kind': 'synthetic'},0.4259
isolation,4,streaming,WSClock,LocalAllocation,2746,1,453000,{'trace_kind': 'synthetic'},0.453
isolation,5,streaming,WSClock,LocalAllocation,2746,1,492300,{'trace_kind': 'synthetic'},0.4923
isolation,6,streaming,WSClock,LocalAllocation,2746,1,534800,{'trace_kind': 'synthetic'},0.5348
isolation,7,streaming,WSClock,LocalAllocation,2746,1,578300,{'trace_kind': 'synthetic'},0.5783
isolation,0,streaming,WSClock,LocalAllocation,2746,2,346200,{'trace_kind': 'synthetic'},0.3462
isolation,1,streaming,WSClock,LocalAllocation,2746,2,367900,{'trace_kind': 'synthetic'},0.3679
isolation,2,streaming,WSClock,LocalAllocation,2746,2,392700,{'trace_kind': 'synthetic'},0.3927
isolation,3,streaming,WSClock,LocalAllocation,2746,2,420900,{'trace_kind': 'synthetic'},0.4209
isolation,4,streaming,WSClock,LocalAllocation,2746,2,450700,{'trace_kind': 'synthetic'},0.4507
isolation,5,streaming,WSClock,LocalAllocation,2746,2,485100,{'trace_kind': 'synthetic'},0.4851
isolation,6,streaming,WSClock,LocalAllocation,2746,2,534700,{'trace_kind': 'synthetic'},0.5347
isolation,7,streaming,WSClock,LocalAllocation,2746,2,592700,{'trace_kind': 'synthetic'},0.5927
isolation,0,streaming,WSClock,LocalAllocation,2746,3,373100,{'trace_kind': 'synthetic'},0.3731
isolation,1,streaming,WSClock,LocalAllocation,2746,3,361600,{'trace_kind': 'synthetic'},0.3616
isolation,2,streaming,WSClock,LocalAllocation,2746,3,381600,{'trace_kind': 'synthetic'},0.3816
isolation,3,streaming,WSClock,LocalAllocation,2746,3,470800,{'trace_kind': 'synthetic'},0.4708
isolation,4,streaming,WSClock,LocalAllocation,2746,3,435200,{'trace_kind': 'synthetic'},0.4352
isolation,5,streaming,WSClock,LocalAllocation,2746,3,504800,{'trace_kind': 'synthetic'},0.5048
isolation,6,streaming,WSClock,LocalAllocation,2746,3,502900,{'trace_kind': 'synthetic'},0.5029
isolation,7,streaming,WSClock,LocalAllocation,2746,3,563600,{'trace_kind': 'synthetic'},0.5636
isolation,0,streaming,WSClock,LocalAllocation,2746,4,350300,{'trace_kind': 'synthetic'},0.3503
isolation,1,streaming,WSClock,LocalAllocation,2746,4,370300,{'trace_kind': 'synthetic'},0.3703
isolation,2,streaming,WSClock,LocalAllocation,2746,4,398200,{'trace_kind': 'synthetic'},0.3982
isolation,3,streaming,WSClock,LocalAllocation,2746,4,421000,{'trace_kind': 'synthetic'},0.421
isolation,4,streaming,WSClock,LocalAllocation,2746,4,509300,{'trace_kind': 'synthetic'},0.5093
isolation,5,streaming,WSClock,LocalAllocation,2746,4,497200,{'trace_kind': 'synthetic'},0.4972
isolation,6,streaming,WSClock,LocalAllocation,2746,4,534700,{'trace_kind': 'synthetic'},0.5347
isolation,7,streaming,WSClock,LocalAllocation,2746,4,595100,{'trace_kind': 'synthetic'},0.5951
isolation,0,streaming,WSClock,LocalAllocation,2746,5,344600,{'trace_kind': 'synthetic'},0.3446
isolation,1,streaming,WSClock,LocalAllocation,2746,5,582800,{'trace_kind': 'synthetic'},0.5828
isolation,2,streaming,WSClock,LocalAllocation,2746,5,396600,{'trace_kind': 'synthetic'},0.3966
isolation,3,streaming,WSClock,LocalAllocation,2746,5,427800,{'trace_kind': 'synthetic'},0.4278
isolation,4,streaming,WSClock,LocalAllocation,2746,5,457300,{'trace_kind': 'synthetic'},0.4573
isolation,5,streaming,WSClock,LocalAllocation,2746,5,627800,{'trace_kind': 'synthetic'},0.6278
isolation,6,streaming,WSClock,LocalAllocation,2746,5,533900,{'trace_kind': 'synthetic'},0.5339
isolation,7,streaming,WSClock,LocalAllocation,2746,5,589000,{'trace_kind': 'synthetic'},0.589
isolation,0,streaming,WSClock,LocalAllocation,2746,6,343000,{'trace_kind': 'synthetic'},0.343
isolation,1,streaming,WSClock,LocalAllocation,2746,6,373400,{'trace_kind': 'synthetic'},0.3734
isolation,2,streaming,WSClock,LocalAllocation,2746,6,390400,{'trace_kind': 'synthetic'},0.3904
isolation,3,streaming,WSClock,LocalAllocation,2746,6,423900,{'trace_kind': 'synthetic'},0.4239
isolation,4,streaming,WSClock,LocalAllocation,2746,6,458900,{'trace_kind': 'synthetic'},0.4589
isolation,5,streaming,WSClock,LocalAllocation,2746,6,494700,{'trace_kind': 'synthetic'},0.4947
isolation,6,streaming,WSClock,LocalAllocation,2746,6,520700,{'trace_kind': 'synthetic'},0.5207
isolation,7,streaming,WSClock,LocalAllocation,2746,6,595500,{'trace_kind': 'synthetic'},0.5955
isolation,0,streaming,WSClock,LocalAllocation,2746,7,348300,{'trace_kind': 'synthetic'},0.3483
isolation,1,streaming,WSClock,LocalAllocation,2746,7,533000,{'trace_kind': 'synthetic'},0.533
isolation,2,streaming,WSClock,LocalAllocation,2746,7,398500,{'trace_kind': 'synthetic'},0.3985
isolation,3,streaming,WSClock,LocalAllocation,2746,7,426600,{'trace_kind': 'synthetic'},0.4266
isolation,4,streaming,WSClock,LocalAllocation,2746,7,453200,{'trace_kind': 'synthetic'},0.4532
isolation,5,streaming,WSClock,LocalAllocation,2746,7,495500,{'trace_kind': 'synthetic'},0.4955
isolation,6,streaming,WSClock,LocalAllocation,2746,7,543900,{'trace_kind': 'synthetic'},0.5439
isolation,7,streaming,WSClock,LocalAllocation,2746,7,595900,{'trace_kind': 'synthetic'},0.5959
isolation,0,streaming,WSClock,LocalAllocation,2746,8,347100,{'trace_kind': 'synthetic'},0.3471
isolation,1,streaming,WSClock,LocalAllocation,2746,8,363600,{'trace_kind': 'synthetic'},0.3636
isolation,2,streaming,WSClock,LocalAllocation,2746,8,394900,{'trace_kind': 'synthetic'},0.3949
isolation,3,streaming,WSClock,LocalAllocation,2746,8,421600,{'trace_kind': 'synthetic'},0.4216
isolation,4,streaming,WSClock,LocalAllocation,2746,8,442900,{'trace_kind': 'synthetic'},0.4429
isolation,5,streaming,WSClock,LocalAllocation,2746,8,486200,{'trace_kind': 'synthetic'},0.4862
isolation,6,streaming,WSClock,LocalAllocation,2746,8,545400,{'trace_kind': 'synthetic'},0.5454
isolation,7,streaming,WSClock,LocalAllocation,2746,8,603400,{'trace_kind': 'synthetic'},0.6034
isolation,0,streaming,WSClock,LocalAllocation,2746,9,346000,{'trace_kind': 'synthetic'},0.346
isolation,1,streaming,WSClock,LocalAllocation,2746,9,364300,{'trace_kind': 'synthetic'},0.3643
isolation,2,streaming,WSClock,LocalAllocation,2746,9,395700,{'trace_kind': 'synthetic'},0.3957
isolation,3,streaming,WSClock,LocalAllocation,2746,9,425300,{'trace_kind': 'synthetic'},0.4253
isolation,4,streaming,WSClock,LocalAllocation,2746,9,462600,{'trace_kind': 'synthetic'},0.4626
isolation,5,streaming,WSClock,LocalAllocation,2746,9,505500,{'trace_kind': 'synthetic'},0.5055
isolation,6,streaming,WSClock,LocalAllocation,2746,9,539600,{'trace_kind': 'synthetic'},0.5396
isolation,7,streaming,WSClock,LocalAllocation,2746,9,600100,{'trace_kind': 'synthetic'},0.6001
isolation,0,streaming,WSClock,ProportionalAllocation,2746,0,348800,{'trace_kind': 'synthetic'},0.3488
isolation,1,streaming,WSClock,ProportionalAllocation,2746,0,375500,{'trace_kind': 'synthetic'},0.3755
isolation,2,streaming,WSClock,ProportionalAllocation,2746,0,399500,{'trace_kind': 'synthetic'},0.3995
isolation,3,streaming,WSClock,ProportionalAllocation,2746,0,423200,{'trace_kind': 'synthetic'},0.4232
isolation,4,streaming,WSClock,ProportionalAllocation,2746,0,450100,{'trace_kind': 'synthetic'},0.4501
isolation,5,streaming,WSClock,ProportionalAllocation,2746,0,493100,{'trace_kind': 'synthetic'},0.4931
isolation,6,streaming,WSClock,ProportionalAllocation,2746,0,543200,{'trace_kind': 'synthetic'},0.5432
isolation,7,streaming,WSClock,ProportionalAllocation,2746,0,605900,{'trace_kind': 'synthetic'},0.6059
isolation,0,streaming,WSClock,ProportionalAllocation,2746,1,339700,{'trace_kind': 'synthetic'},0.3397
isolation,1,streaming,WSClock,ProportionalAllocation,2746,1,371800,{'trace_kind': 'synthetic'},0.3718
isolation,2,streaming,WSClock,ProportionalAllocation,2746,1,401200,{'trace_kind': 'synthetic'},0.4012
isolation,3,streaming,WSClock,ProportionalAllocation,2746,1,422300,{'trace_kind': 'synthetic'},0.4223
isolation,4,streaming,WSClock,ProportionalAllocation,2746,1,449200,{'trace_kind': 'synthetic'},0.4492
isolation,5,streaming,WSClock,ProportionalAllocation,2746,1,491600,{'trace_kind': 'synthetic'},0.4916
isolation,6,streaming,WSClock,ProportionalAllocation,2746,1,539400,{'trace_kind': 'synthetic'},0.5394
isolation,7,streaming,WSClock,ProportionalAllocation,2746,1,586000,{'trace_kind': 'synthetic'},0.586
isolation,0,streaming,WSClock,ProportionalAllocation,2746,2,341100,{'trace_kind': 'synthetic'},0.3411
isolation,1,streaming,WSClock,ProportionalAllocation,2746,2,367000,{'trace_kind': 'synthetic'},0.367
isolation,2,streaming,WSClock,ProportionalAllocation,2746,2,393500,{'trace_kind': 'synthetic'},0.3935
isolation,3,streaming,WSClock,ProportionalAllocation,2746,2,421800,{'trace_kind': 'synthetic'},0.4218
isolation,4,streaming,WSClock,ProportionalAllocation,2746,2,451100,{'trace_kind': 'synthetic'},0.4511
isolation,5,streaming,WSClock,ProportionalAllocation,2746,2,476400,{'trace_kind': 'synthetic'},0.4764
isolation,6,streaming,WSClock,ProportionalAllocation,2746,2,535900,{'trace_kind': 'synthetic'},0.5359
isolation,7,streaming,WSClock,ProportionalAllocation,2746,2,587200,{'trace_kind': 'synthetic'},0.5872
isolation,0,streaming,WSClock,ProportionalAllocation,2746,3,313600,{'trace_kind': 'synthetic'},0.3136
isolation,1,streaming,WSClock,ProportionalAllocation,2746,3,335800,{'trace_kind': 'synthetic'},0.3358
isolation,2,streaming,WSClock,ProportionalAllocation,2746,3,364400,{'trace_kind': 'synthetic'},0.3644
isolation,3,streaming,WSClock,ProportionalAllocation,2746,3,403000,{'trace_kind': 'synthetic'},0.403
isolation,4,streaming,WSClock,ProportionalAllocation,2746,3,430100,{'trace_kind': 'synthetic'},0.4301
isolation,5,streaming,WSClock,ProportionalAllocation,2746,3,442600,{'trace_kind': 'synthetic'},0.4426
isolation,6,streaming,WSClock,ProportionalAllocation,2746,3,483600,{'trace_kind': 'synthetic'},0.4836
isolation,7,streaming,WSClock,ProportionalAllocation,2746,3,537700,{'trace_kind': 'synthetic'},0.5377
isolation,0,streaming,WSClock,ProportionalAllocation,2746,4,361400,{'trace_kind': 'synthetic'},0.3614
isolation,1,streaming,WSClock,ProportionalAllocation,2746,4,369900,{'trace_kind': 'synthetic'},0.3699
isolation,2,streaming,WSClock,ProportionalAllocation,2746,4,395700,{'trace_kind': 'synthetic'},0.3957
isolation,3,streaming,WSClock,ProportionalAllocation,2746,4,423500,{'trace_kind': 'synthetic'},0.4235
isolation,4,streaming,WSClock,ProportionalAllocation,2746,4,452200,{'trace_kind': 'synthetic'},0.4522
isolation,5,streaming,WSClock,ProportionalAllocation,2746,4,492200,{'trace_kind': 'synthetic'},0.4922
isolation,6,streaming,WSClock,ProportionalAllocation,2746,4,536500,{'trace_kind': 'synthetic'},0.5365
isolation,7,streaming,WSClock,ProportionalAllocation,2746,4,596300,{'trace_kind': 'synthetic'},0.5963
isolation,0,streaming,WSClock,ProportionalAllocation,2746,5,345300,{'trace_kind': 'synthetic'},0.3453
isolation,1,streaming,WSClock,ProportionalAllocation,2746,5,393000,{'trace_kind': 'synthetic'},0.393
isolation,2,streaming,WSClock,ProportionalAllocation,2746,5,393800,{'trace_kind': 'synthetic'},0.3938
isolation,3,streaming,WSClock,ProportionalAllocation,2746,5,422900,{'trace_kind': 'synthetic'},0.4229
isolation,4,streaming,WSClock,ProportionalAllocation,2746,5,489500,{'trace_kind': 'synthetic'},0.4895
isolation,5,streaming,WSClock,ProportionalAllocation,2746,5,497700,{'trace_kind': 'synthetic'},0.4977
isolation,6,streaming,WSClock,ProportionalAllocation,2746,5,573900,{'trace_kind': 'synthetic'},0.5739
isolation,7,streaming,WSClock,ProportionalAllocation,2746,5,595900,{'trace_kind': 'synthetic'},0.5959
isolation,0,streaming,WSClock,ProportionalAllocation,2746,6,347700,{'trace_kind': 'synthetic'},0.3477
isolation,1,streaming,WSClock,ProportionalAllocation,2746,6,368000,{'trace_kind': 'synthetic'},0.368
isolation,2,streaming,WSClock,ProportionalAllocation,2746,6,389500,{'trace_kind': 'synthetic'},0.3895
isolation,3,streaming,WSClock,ProportionalAllocation,2746,6,424000,{'trace_kind': 'synthetic'},0.424
isolation,4,streaming,WSClock,ProportionalAllocation,2746,6,451800,{'trace_kind': 'synthetic'},0.4518
isolation,5,streaming,WSClock,ProportionalAllocation,2746,6,493300,{'trace_kind': 'synthetic'},0.4933
isolation,6,streaming,WSClock,ProportionalAllocation,2746,6,519500,{'trace_kind': 'synthetic'},0.5195
isolation,7,streaming,WSClock,ProportionalAllocation,2746,6,605500,{'trace_kind': 'synthetic'},0.6055
isolation,0,streaming,WSClock,ProportionalAllocation,2746,7,345900,{'trace_kind': 'synthetic'},0.3459
isolation,1,streaming,WSClock,ProportionalAllocation,2746,7,365400,{'trace_kind': 'synthetic'},0.3654
isolation,2,streaming,WSClock,ProportionalAllocation,2746,7,392800,{'trace_kind': 'synthetic'},0.3928
isolation,3,streaming,WSClock,ProportionalAllocation,2746,7,423400,{'trace_kind': 'synthetic'},0.4234
isolation,4,streaming,WSClock,ProportionalAllocation,2746,7,450700,{'trace_kind': 'synthetic'},0.4507
isolation,5,streaming,WSClock,ProportionalAllocation,2746,7,490100,{'trace_kind': 'synthetic'},0.4901
isolation,6,streaming,WSClock,ProportionalAllocation,2746,7,543800,{'trace_kind': 'synthetic'},0.5438
isolation,7,streaming,WSClock,ProportionalAllocation,2746,7,593500,{'trace_kind': 'synthetic'},0.5935
isolation,0,streaming,WSClock,ProportionalAllocation,2746,8,346000,{'trace_kind': 'synthetic'},0.346
isolation,1,streaming,WSClock,ProportionalAllocation,2746,8,372600,{'trace_kind': 'synthetic'},0.3726
isolation,2,streaming,WSClock,ProportionalAllocation,2746,8,392100,{'trace_kind': 'synthetic'},0.3921
isolation,3,streaming,WSClock,ProportionalAllocation,2746,8,423500,{'trace_kind': 'synthetic'},0.4235
isolation,4,streaming,WSClock,ProportionalAllocation,2746,8,468600,{'trace_kind': 'synthetic'},0.4686
isolation,5,streaming,WSClock,ProportionalAllocation,2746,8,487500,{'trace_kind': 'synthetic'},0.4875
isolation,6,streaming,WSClock,ProportionalAllocation,2746,8,555600,{'trace_kind': 'synthetic'},0.5556
isolation,7,streaming,WSClock,ProportionalAllocation,2746,8,592800,{'trace_kind': 'synthetic'},0.5928
isolation,0,streaming,WSClock,ProportionalAllocation,2746,9,339100,{'trace_kind': 'synthetic'},0.3391
isolation,1,streaming,WSClock,ProportionalAllocation,2746,9,362600,{'trace_kind': 'synthetic'},0.3626
isolation,2,streaming,WSClock,ProportionalAllocation,2746,9,396100,{'trace_kind': 'synthetic'},0.3961
isolation,3,streaming,WSClock,ProportionalAllocation,2746,9,419000,{'trace_kind': 'synthetic'},0.419
isolation,4,streaming,WSClock,ProportionalAllocation,2746,9,453200,{'trace_kind': 'synthetic'},0.4532
isolation,5,streaming,WSClock,ProportionalAllocation,2746,9,498600,{'trace_kind': 'synthetic'},0.4986
isolation,6,streaming,WSClock,ProportionalAllocation,2746,9,529300,{'trace_kind': 'synthetic'},0.5293
isolation,7,streaming,WSClock,ProportionalAllocation,2746,9,587800,{'trace_kind': 'synthetic'},0.5878
