
================================================================================
TRACE-DRIVEN EXPERIMENTS
================================================================================


Running trace experiment: demo_locality.csv, FIFO, GlobalAllocation, frames=4
Running multi-process experiment
  Algorithm: FIFO
  Allocation: GlobalAllocation
  Total Frames: 4
  Trace: demo_locality
Results saved to: results\raw\campaign_20260404_140330_266\trace_all_checked_in\trace_demo_locality_FIFO_GlobalAllocation_f4.json

Running trace experiment: demo_locality.csv, FIFO, LocalAllocation, frames=4
Running multi-process experiment
  Algorithm: FIFO
  Allocation: LocalAllocation
  Total Frames: 4
  Trace: demo_locality
Results saved to: results\raw\campaign_20260404_140330_266\trace_all_checked_in\trace_demo_locality_FIFO_LocalAllocation_f4.json

Running trace experiment: demo_locality.csv, FIFO, ProportionalAllocation, frames=4
Running multi-process experiment
  Algorithm: FIFO
  Allocation: ProportionalAllocation
  Total Frames: 4
  Trace: demo_locality
Results saved to: results\raw\campaign_20260404_140330_266\trace_all_checked_in\trace_demo_locality_FIFO_ProportionalAllocation_f4.json

Running trace experiment: demo_locality.csv, LRU, GlobalAllocation, frames=4
Running multi-process experiment
  Algorithm: LRU
  Allocation: GlobalAllocation
  Total Frames: 4
  Trace: demo_locality
Results saved to: results\raw\campaign_20260404_140330_266\trace_all_checked_in\trace_demo_locality_LRU_GlobalAllocation_f4.json

Running trace experiment: demo_locality.csv, LRU, LocalAllocation, frames=4
Running multi-process experiment
  Algorithm: LRU
  Allocation: LocalAllocation
  Total Frames: 4
  Trace: demo_locality
Results saved to: results\raw\campaign_20260404_140330_266\trace_all_checked_in\trace_demo_locality_LRU_LocalAllocation_f4.json

Running trace experiment: demo_locality.csv, LRU, ProportionalAllocation, frames=4
Running multi-process experiment
  Algorithm: LRU
  Allocation: ProportionalAllocation
  Total Frames: 4
  Trace: demo_locality
Results saved to: results\raw\campaign_20260404_140330_266\trace_all_checked_in\trace_demo_locality_LRU_ProportionalAllocation_f4.json

Running trace experiment: demo_locality.csv, NRU, GlobalAllocation, frames=4
Running multi-process experiment
  Algorithm: NRU
  Allocation: GlobalAllocation
  Total Frames: 4
  Trace: demo_locality
Results saved to: results\raw\campaign_20260404_140330_266\trace_all_checked_in\trace_demo_locality_NRU_GlobalAllocation_f4.json

Running trace experiment: demo_locality.csv, NRU, LocalAllocation, frames=4
Running multi-process experiment
  Algorithm: NRU
  Allocation: LocalAllocation
  Total Frames: 4
  Trace: demo_locality
Results saved to: results\raw\campaign_20260404_140330_266\trace_all_checked_in\trace_demo_locality_NRU_LocalAllocation_f4.json

Running trace experiment: demo_locality.csv, NRU, ProportionalAllocation, frames=4
Running multi-process experiment
  Algorithm: NRU
  Allocation: ProportionalAllocation
  Total Frames: 4
  Trace: demo_locality
Results saved to: results\raw\campaign_20260404_140330_266\trace_all_checked_in\trace_demo_locality_NRU_ProportionalAllocation_f4.json

Running trace experiment: demo_locality.csv, SecondChance, GlobalAllocation, frames=4
Running multi-process experiment
  Algorithm: SecondChance
  Allocation: GlobalAllocation
  Total Frames: 4
  Trace: demo_locality
Results saved to: results\raw\campaign_20260404_140330_266\trace_all_checked_in\trace_demo_locality_SecondChance_GlobalAllocation_f4.json

Running trace experiment: demo_locality.csv, SecondChance, LocalAllocation, frames=4
Running multi-process experiment
  Algorithm: SecondChance
  Allocation: LocalAllocation
  Total Frames: 4
  Trace: demo_locality
Results saved to: results\raw\campaign_20260404_140330_266\trace_all_checked_in\trace_demo_locality_SecondChance_LocalAllocation_f4.json

Running trace experiment: demo_locality.csv, SecondChance, ProportionalAllocation, frames=4
Running multi-process experiment
  Algorithm: SecondChance
  Allocation: ProportionalAllocation
  Total Frames: 4
  Trace: demo_locality
Results saved to: results\raw\campaign_20260404_140330_266\trace_all_checked_in\trace_demo_locality_SecondChance_ProportionalAllocation_f4.json

Running trace experiment: demo_locality.csv, WSClock, GlobalAllocation, frames=4
Running multi-process experiment
  Algorithm: WSClock
  Allocation: GlobalAllocation
  Total Frames: 4
  Trace: demo_locality
Results saved to: results\raw\campaign_20260404_140330_266\trace_all_checked_in\trace_demo_locality_WSClock_GlobalAllocation_f4.json

Running trace experiment: demo_locality.csv, WSClock, LocalAllocation, frames=4
Running multi-process experiment
  Algorithm: WSClock
  Allocation: LocalAllocation
  Total Frames: 4
  Trace: demo_locality
Results saved to: results\raw\campaign_20260404_140330_266\trace_all_checked_in\trace_demo_locality_WSClock_LocalAllocation_f4.json

Running trace experiment: demo_locality.csv, WSClock, ProportionalAllocation, frames=4
Running multi-process experiment
  Algorithm: WSClock
  Allocation: ProportionalAllocation
  Total Frames: 4
  Trace: demo_locality
Results saved to: results\raw\campaign_20260404_140330_266\trace_all_checked_in\trace_demo_locality_WSClock_ProportionalAllocation_f4.json

Running trace experiment: report_locality_heavy.csv, FIFO, GlobalAllocation, frames=4
Running multi-process experiment
  Algorithm: FIFO
  Allocation: GlobalAllocation
  Total Frames: 4
  Trace: report_locality_heavy
Results saved to: results\raw\campaign_20260404_140330_266\trace_all_checked_in\trace_report_locality_heavy_FIFO_GlobalAllocation_f4.json

Running trace experiment: report_locality_heavy.csv, FIFO, LocalAllocation, frames=4
Running multi-process experiment
  Algorithm: FIFO
  Allocation: LocalAllocation
  Total Frames: 4
  Trace: report_locality_heavy
Results saved to: results\raw\campaign_20260404_140330_266\trace_all_checked_in\trace_report_locality_heavy_FIFO_LocalAllocation_f4.json

Running trace experiment: report_locality_heavy.csv, FIFO, ProportionalAllocation, frames=4
Running multi-process experiment
  Algorithm: FIFO
  Allocation: ProportionalAllocation
  Total Frames: 4
  Trace: report_locality_heavy
Results saved to: results\raw\campaign_20260404_140330_266\trace_all_checked_in\trace_report_locality_heavy_FIFO_ProportionalAllocation_f4.json

Running trace experiment: report_locality_heavy.csv, LRU, GlobalAllocation, frames=4
Running multi-process experiment
  Algorithm: LRU
  Allocation: GlobalAllocation
  Total Frames: 4
  Trace: report_locality_heavy
Results saved to: results\raw\campaign_20260404_140330_266\trace_all_checked_in\trace_report_locality_heavy_LRU_GlobalAllocation_f4.json

Running trace experiment: report_locality_heavy.csv, LRU, LocalAllocation, frames=4
Running multi-process experiment
  Algorithm: LRU
  Allocation: LocalAllocation
  Total Frames: 4
  Trace: report_locality_heavy
Results saved to: results\raw\campaign_20260404_140330_266\trace_all_checked_in\trace_report_locality_heavy_LRU_LocalAllocation_f4.json

Running trace experiment: report_locality_heavy.csv, LRU, ProportionalAllocation, frames=4
Running multi-process experiment
  Algorithm: LRU
  Allocation: ProportionalAllocation
  Total Frames: 4
  Trace: report_locality_heavy
Results saved to: results\raw\campaign_20260404_140330_266\trace_all_checked_in\trace_report_locality_heavy_LRU_ProportionalAllocation_f4.json

Running trace experiment: report_locality_heavy.csv, NRU, GlobalAllocation, frames=4
Running multi-process experiment
  Algorithm: NRU
  Allocation: GlobalAllocation
  Total Frames: 4
  Trace: report_locality_heavy
Results saved to: results\raw\campaign_20260404_140330_266\trace_all_checked_in\trace_report_locality_heavy_NRU_GlobalAllocation_f4.json

Running trace experiment: report_locality_heavy.csv, NRU, LocalAllocation, frames=4
Running multi-process experiment
  Algorithm: NRU
  Allocation: LocalAllocation
  Total Frames: 4
  Trace: report_locality_heavy
Results saved to: results\raw\campaign_20260404_140330_266\trace_all_checked_in\trace_report_locality_heavy_NRU_LocalAllocation_f4.json

Running trace experiment: report_locality_heavy.csv, NRU, ProportionalAllocation, frames=4
Running multi-process experiment
  Algorithm: NRU
  Allocation: ProportionalAllocation
  Total Frames: 4
  Trace: report_locality_heavy
Results saved to: results\raw\campaign_20260404_140330_266\trace_all_checked_in\trace_report_locality_heavy_NRU_ProportionalAllocation_f4.json

Running trace experiment: report_locality_heavy.csv, SecondChance, GlobalAllocation, frames=4
Running multi-process experiment
  Algorithm: SecondChance
  Allocation: GlobalAllocation
  Total Frames: 4
  Trace: report_locality_heavy
Results saved to: results\raw\campaign_20260404_140330_266\trace_all_checked_in\trace_report_locality_heavy_SecondChance_GlobalAllocation_f4.json

Running trace experiment: report_locality_heavy.csv, SecondChance, LocalAllocation, frames=4
Running multi-process experiment
  Algorithm: SecondChance
  Allocation: LocalAllocation
  Total Frames: 4
  Trace: report_locality_heavy
Results saved to: results\raw\campaign_20260404_140330_266\trace_all_checked_in\trace_report_locality_heavy_SecondChance_LocalAllocation_f4.json

Running trace experiment: report_locality_heavy.csv, SecondChance, ProportionalAllocation, frames=4
Running multi-process experiment
  Algorithm: SecondChance
  Allocation: ProportionalAllocation
  Total Frames: 4
  Trace: report_locality_heavy
Results saved to: results\raw\campaign_20260404_140330_266\trace_all_checked_in\trace_report_locality_heavy_SecondChance_ProportionalAllocation_f4.json

Running trace experiment: report_locality_heavy.csv, WSClock, GlobalAllocation, frames=4
Running multi-process experiment
  Algorithm: WSClock
  Allocation: GlobalAllocation
  Total Frames: 4
  Trace: report_locality_heavy
Results saved to: results\raw\campaign_20260404_140330_266\trace_all_checked_in\trace_report_locality_heavy_WSClock_GlobalAllocation_f4.json

Running trace experiment: report_locality_heavy.csv, WSClock, LocalAllocation, frames=4
Running multi-process experiment
  Algorithm: WSClock
  Allocation: LocalAllocation
  Total Frames: 4
  Trace: report_locality_heavy
Results saved to: results\raw\campaign_20260404_140330_266\trace_all_checked_in\trace_report_locality_heavy_WSClock_LocalAllocation_f4.json

Running trace experiment: report_locality_heavy.csv, WSClock, ProportionalAllocation, frames=4
Running multi-process experiment
  Algorithm: WSClock
  Allocation: ProportionalAllocation
  Total Frames: 4
  Trace: report_locality_heavy
Results saved to: results\raw\campaign_20260404_140330_266\trace_all_checked_in\trace_report_locality_heavy_WSClock_ProportionalAllocation_f4.json

Running trace experiment: report_locality_heavy.csv, FIFO, GlobalAllocation, frames=5
Running multi-process experiment
  Algorithm: FIFO
  Allocation: GlobalAllocation
  Total Frames: 5
  Trace: report_locality_heavy
Results saved to: results\raw\campaign_20260404_140330_266\trace_all_checked_in\trace_report_locality_heavy_FIFO_GlobalAllocation_f5.json

Running trace experiment: report_locality_heavy.csv, FIFO, LocalAllocation, frames=5
Running multi-process experiment
  Algorithm: FIFO
  Allocation: LocalAllocation
  Total Frames: 5
  Trace: report_locality_heavy
Results saved to: results\raw\campaign_20260404_140330_266\trace_all_checked_in\trace_report_locality_heavy_FIFO_LocalAllocation_f5.json

Running trace experiment: report_locality_heavy.csv, FIFO, ProportionalAllocation, frames=5
Running multi-process experiment
  Algorithm: FIFO
  Allocation: ProportionalAllocation
  Total Frames: 5
  Trace: report_locality_heavy
Results saved to: results\raw\campaign_20260404_140330_266\trace_all_checked_in\trace_report_locality_heavy_FIFO_ProportionalAllocation_f5.json

Running trace experiment: report_locality_heavy.csv, LRU, GlobalAllocation, frames=5
Running multi-process experiment
  Algorithm: LRU
  Allocation: GlobalAllocation
  Total Frames: 5
  Trace: report_locality_heavy
Results saved to: results\raw\campaign_20260404_140330_266\trace_all_checked_in\trace_report_locality_heavy_LRU_GlobalAllocation_f5.json

Running trace experiment: report_locality_heavy.csv, LRU, LocalAllocation, frames=5
Running multi-process experiment
  Algorithm: LRU
  Allocation: LocalAllocation
  Total Frames: 5
  Trace: report_locality_heavy
Results saved to: results\raw\campaign_20260404_140330_266\trace_all_checked_in\trace_report_locality_heavy_LRU_LocalAllocation_f5.json

Running trace experiment: report_locality_heavy.csv, LRU, ProportionalAllocation, frames=5
Running multi-process experiment
  Algorithm: LRU
  Allocation: ProportionalAllocation
  Total Frames: 5
  Trace: report_locality_heavy
Results saved to: results\raw\campaign_20260404_140330_266\trace_all_checked_in\trace_report_locality_heavy_LRU_ProportionalAllocation_f5.json

Running trace experiment: report_locality_heavy.csv, NRU, GlobalAllocation, frames=5
Running multi-process experiment
  Algorithm: NRU
  Allocation: GlobalAllocation
  Total Frames: 5
  Trace: report_locality_heavy
Results saved to: results\raw\campaign_20260404_140330_266\trace_all_checked_in\trace_report_locality_heavy_NRU_GlobalAllocation_f5.json

Running trace experiment: report_locality_heavy.csv, NRU, LocalAllocation, frames=5
Running multi-process experiment
  Algorithm: NRU
  Allocation: LocalAllocation
  Total Frames: 5
  Trace: report_locality_heavy
Results saved to: results\raw\campaign_20260404_140330_266\trace_all_checked_in\trace_report_locality_heavy_NRU_LocalAllocation_f5.json

Running trace experiment: report_locality_heavy.csv, NRU, ProportionalAllocation, frames=5
Running multi-process experiment
  Algorithm: NRU
  Allocation: ProportionalAllocation
  Total Frames: 5
  Trace: report_locality_heavy
Results saved to: results\raw\campaign_20260404_140330_266\trace_all_checked_in\trace_report_locality_heavy_NRU_ProportionalAllocation_f5.json

Running trace experiment: report_locality_heavy.csv, SecondChance, GlobalAllocation, frames=5
Running multi-process experiment
  Algorithm: SecondChance
  Allocation: GlobalAllocation
  Total Frames: 5
  Trace: report_locality_heavy
Results saved to: results\raw\campaign_20260404_140330_266\trace_all_checked_in\trace_report_locality_heavy_SecondChance_GlobalAllocation_f5.json

Running trace experiment: report_locality_heavy.csv, SecondChance, LocalAllocation, frames=5
Running multi-process experiment
  Algorithm: SecondChance
  Allocation: LocalAllocation
  Total Frames: 5
  Trace: report_locality_heavy
Results saved to: results\raw\campaign_20260404_140330_266\trace_all_checked_in\trace_report_locality_heavy_SecondChance_LocalAllocation_f5.json

Running trace experiment: report_locality_heavy.csv, SecondChance, ProportionalAllocation, frames=5
Running multi-process experiment
  Algorithm: SecondChance
  Allocation: ProportionalAllocation
  Total Frames: 5
  Trace: report_locality_heavy
Results saved to: results\raw\campaign_20260404_140330_266\trace_all_checked_in\trace_report_locality_heavy_SecondChance_ProportionalAllocation_f5.json

Running trace experiment: report_locality_heavy.csv, WSClock, GlobalAllocation, frames=5
Running multi-process experiment
  Algorithm: WSClock
  Allocation: GlobalAllocation
  Total Frames: 5
  Trace: report_locality_heavy
Results saved to: results\raw\campaign_20260404_140330_266\trace_all_checked_in\trace_report_locality_heavy_WSClock_GlobalAllocation_f5.json

Running trace experiment: report_locality_heavy.csv, WSClock, LocalAllocation, frames=5
Running multi-process experiment
  Algorithm: WSClock
  Allocation: LocalAllocation
  Total Frames: 5
  Trace: report_locality_heavy
Results saved to: results\raw\campaign_20260404_140330_266\trace_all_checked_in\trace_report_locality_heavy_WSClock_LocalAllocation_f5.json

Running trace experiment: report_locality_heavy.csv, WSClock, ProportionalAllocation, frames=5
Running multi-process experiment
  Algorithm: WSClock
  Allocation: ProportionalAllocation
  Total Frames: 5
  Trace: report_locality_heavy
Results saved to: results\raw\campaign_20260404_140330_266\trace_all_checked_in\trace_report_locality_heavy_WSClock_ProportionalAllocation_f5.json

Running trace experiment: report_locality_heavy.csv, FIFO, GlobalAllocation, frames=6
Running multi-process experiment
  Algorithm: FIFO
  Allocation: GlobalAllocation
  Total Frames: 6
  Trace: report_locality_heavy
Results saved to: results\raw\campaign_20260404_140330_266\trace_all_checked_in\trace_report_locality_heavy_FIFO_GlobalAllocation_f6.json

Running trace experiment: report_locality_heavy.csv, FIFO, LocalAllocation, frames=6
Running multi-process experiment
  Algorithm: FIFO
  Allocation: LocalAllocation
  Total Frames: 6
  Trace: report_locality_heavy
Results saved to: results\raw\campaign_20260404_140330_266\trace_all_checked_in\trace_report_locality_heavy_FIFO_LocalAllocation_f6.json

Running trace experiment: report_locality_heavy.csv, FIFO, ProportionalAllocation, frames=6
Running multi-process experiment
  Algorithm: FIFO
  Allocation: ProportionalAllocation
  Total Frames: 6
  Trace: report_locality_heavy
Results saved to: results\raw\campaign_20260404_140330_266\trace_all_checked_in\trace_report_locality_heavy_FIFO_ProportionalAllocation_f6.json

Running trace experiment: report_locality_heavy.csv, LRU, GlobalAllocation, frames=6
Running multi-process experiment
  Algorithm: LRU
  Allocation: GlobalAllocation
  Total Frames: 6
  Trace: report_locality_heavy
Results saved to: results\raw\campaign_20260404_140330_266\trace_all_checked_in\trace_report_locality_heavy_LRU_GlobalAllocation_f6.json

Running trace experiment: report_locality_heavy.csv, LRU, LocalAllocation, frames=6
Running multi-process experiment
  Algorithm: LRU
  Allocation: LocalAllocation
  Total Frames: 6
  Trace: report_locality_heavy
Results saved to: results\raw\campaign_20260404_140330_266\trace_all_checked_in\trace_report_locality_heavy_LRU_LocalAllocation_f6.json

Running trace experiment: report_locality_heavy.csv, LRU, ProportionalAllocation, frames=6
Running multi-process experiment
  Algorithm: LRU
  Allocation: ProportionalAllocation
  Total Frames: 6
  Trace: report_locality_heavy
Results saved to: results\raw\campaign_20260404_140330_266\trace_all_checked_in\trace_report_locality_heavy_LRU_ProportionalAllocation_f6.json

Running trace experiment: report_locality_heavy.csv, NRU, GlobalAllocation, frames=6
Running multi-process experiment
  Algorithm: NRU
  Allocation: GlobalAllocation
  Total Frames: 6
  Trace: report_locality_heavy
Results saved to: results\raw\campaign_20260404_140330_266\trace_all_checked_in\trace_report_locality_heavy_NRU_GlobalAllocation_f6.json

Running trace experiment: report_locality_heavy.csv, NRU, LocalAllocation, frames=6
Running multi-process experiment
  Algorithm: NRU
  Allocation: LocalAllocation
  Total Frames: 6
  Trace: report_locality_heavy
Results saved to: results\raw\campaign_20260404_140330_266\trace_all_checked_in\trace_report_locality_heavy_NRU_LocalAllocation_f6.json

Running trace experiment: report_locality_heavy.csv, NRU, ProportionalAllocation, frames=6
Running multi-process experiment
  Algorithm: NRU
  Allocation: ProportionalAllocation
  Total Frames: 6
  Trace: report_locality_heavy
Results saved to: results\raw\campaign_20260404_140330_266\trace_all_checked_in\trace_report_locality_heavy_NRU_ProportionalAllocation_f6.json

Running trace experiment: report_locality_heavy.csv, SecondChance, GlobalAllocation, frames=6
Running multi-process experiment
  Algorithm: SecondChance
  Allocation: GlobalAllocation
  Total Frames: 6
  Trace: report_locality_heavy
Results saved to: results\raw\campaign_20260404_140330_266\trace_all_checked_in\trace_report_locality_heavy_SecondChance_GlobalAllocation_f6.json

Running trace experiment: report_locality_heavy.csv, SecondChance, LocalAllocation, frames=6
Running multi-process experiment
  Algorithm: SecondChance
  Allocation: LocalAllocation
  Total Frames: 6
  Trace: report_locality_heavy
Results saved to: results\raw\campaign_20260404_140330_266\trace_all_checked_in\trace_report_locality_heavy_SecondChance_LocalAllocation_f6.json

Running trace experiment: report_locality_heavy.csv, SecondChance, ProportionalAllocation, frames=6
Running multi-process experiment
  Algorithm: SecondChance
  Allocation: ProportionalAllocation
  Total Frames: 6
  Trace: report_locality_heavy
Results saved to: results\raw\campaign_20260404_140330_266\trace_all_checked_in\trace_report_locality_heavy_SecondChance_ProportionalAllocation_f6.json

Running trace experiment: report_locality_heavy.csv, WSClock, GlobalAllocation, frames=6
Running multi-process experiment
  Algorithm: WSClock
  Allocation: GlobalAllocation
  Total Frames: 6
  Trace: report_locality_heavy
Results saved to: results\raw\campaign_20260404_140330_266\trace_all_checked_in\trace_report_locality_heavy_WSClock_GlobalAllocation_f6.json

Running trace experiment: report_locality_heavy.csv, WSClock, LocalAllocation, frames=6
Running multi-process experiment
  Algorithm: WSClock
  Allocation: LocalAllocation
  Total Frames: 6
  Trace: report_locality_heavy
Results saved to: results\raw\campaign_20260404_140330_266\trace_all_checked_in\trace_report_locality_heavy_WSClock_LocalAllocation_f6.json

Running trace experiment: report_locality_heavy.csv, WSClock, ProportionalAllocation, frames=6
Running multi-process experiment
  Algorithm: WSClock
  Allocation: ProportionalAllocation
  Total Frames: 6
  Trace: report_locality_heavy
Results saved to: results\raw\campaign_20260404_140330_266\trace_all_checked_in\trace_report_locality_heavy_WSClock_ProportionalAllocation_f6.json

Running trace experiment: report_mixed_heterogeneous.csv, FIFO, GlobalAllocation, frames=9
Running multi-process experiment
  Algorithm: FIFO
  Allocation: GlobalAllocation
  Total Frames: 9
  Trace: report_mixed_heterogeneous
Results saved to: results\raw\campaign_20260404_140330_266\trace_all_checked_in\trace_report_mixed_heterogeneous_FIFO_GlobalAllocation_f9.json

Running trace experiment: report_mixed_heterogeneous.csv, FIFO, LocalAllocation, frames=9
Running multi-process experiment
  Algorithm: FIFO
  Allocation: LocalAllocation
  Total Frames: 9
  Trace: report_mixed_heterogeneous
Results saved to: results\raw\campaign_20260404_140330_266\trace_all_checked_in\trace_report_mixed_heterogeneous_FIFO_LocalAllocation_f9.json

Running trace experiment: report_mixed_heterogeneous.csv, FIFO, ProportionalAllocation, frames=9
Running multi-process experiment
  Algorithm: FIFO
  Allocation: ProportionalAllocation
  Total Frames: 9
  Trace: report_mixed_heterogeneous
Results saved to: results\raw\campaign_20260404_140330_266\trace_all_checked_in\trace_report_mixed_heterogeneous_FIFO_ProportionalAllocation_f9.json

Running trace experiment: report_mixed_heterogeneous.csv, LRU, GlobalAllocation, frames=9
Running multi-process experiment
  Algorithm: LRU
  Allocation: GlobalAllocation
  Total Frames: 9
  Trace: report_mixed_heterogeneous
Results saved to: results\raw\campaign_20260404_140330_266\trace_all_checked_in\trace_report_mixed_heterogeneous_LRU_GlobalAllocation_f9.json

Running trace experiment: report_mixed_heterogeneous.csv, LRU, LocalAllocation, frames=9
Running multi-process experiment
  Algorithm: LRU
  Allocation: LocalAllocation
  Total Frames: 9
  Trace: report_mixed_heterogeneous
Results saved to: results\raw\campaign_20260404_140330_266\trace_all_checked_in\trace_report_mixed_heterogeneous_LRU_LocalAllocation_f9.json

Running trace experiment: report_mixed_heterogeneous.csv, LRU, ProportionalAllocation, frames=9
Running multi-process experiment
  Algorithm: LRU
  Allocation: ProportionalAllocation
  Total Frames: 9
  Trace: report_mixed_heterogeneous
Results saved to: results\raw\campaign_20260404_140330_266\trace_all_checked_in\trace_report_mixed_heterogeneous_LRU_ProportionalAllocation_f9.json

Running trace experiment: report_mixed_heterogeneous.csv, NRU, GlobalAllocation, frames=9
Running multi-process experiment
  Algorithm: NRU
  Allocation: GlobalAllocation
  Total Frames: 9
  Trace: report_mixed_heterogeneous
Results saved to: results\raw\campaign_20260404_140330_266\trace_all_checked_in\trace_report_mixed_heterogeneous_NRU_GlobalAllocation_f9.json

Running trace experiment: report_mixed_heterogeneous.csv, NRU, LocalAllocation, frames=9
Running multi-process experiment
  Algorithm: NRU
  Allocation: LocalAllocation
  Total Frames: 9
  Trace: report_mixed_heterogeneous
Results saved to: results\raw\campaign_20260404_140330_266\trace_all_checked_in\trace_report_mixed_heterogeneous_NRU_LocalAllocation_f9.json

Running trace experiment: report_mixed_heterogeneous.csv, NRU, ProportionalAllocation, frames=9
Running multi-process experiment
  Algorithm: NRU
  Allocation: ProportionalAllocation
  Total Frames: 9
  Trace: report_mixed_heterogeneous
Results saved to: results\raw\campaign_20260404_140330_266\trace_all_checked_in\trace_report_mixed_heterogeneous_NRU_ProportionalAllocation_f9.json

Running trace experiment: report_mixed_heterogeneous.csv, SecondChance, GlobalAllocation, frames=9
Running multi-process experiment
  Algorithm: SecondChance
  Allocation: GlobalAllocation
  Total Frames: 9
  Trace: report_mixed_heterogeneous
Results saved to: results\raw\campaign_20260404_140330_266\trace_all_checked_in\trace_report_mixed_heterogeneous_SecondChance_GlobalAllocation_f9.json

Running trace experiment: report_mixed_heterogeneous.csv, SecondChance, LocalAllocation, frames=9
Running multi-process experiment
  Algorithm: SecondChance
  Allocation: LocalAllocation
  Total Frames: 9
  Trace: report_mixed_heterogeneous
Results saved to: results\raw\campaign_20260404_140330_266\trace_all_checked_in\trace_report_mixed_heterogeneous_SecondChance_LocalAllocation_f9.json

Running trace experiment: report_mixed_heterogeneous.csv, SecondChance, ProportionalAllocation, frames=9
Running multi-process experiment
  Algorithm: SecondChance
  Allocation: ProportionalAllocation
  Total Frames: 9
  Trace: report_mixed_heterogeneous
Results saved to: results\raw\campaign_20260404_140330_266\trace_all_checked_in\trace_report_mixed_heterogeneous_SecondChance_ProportionalAllocation_f9.json

Running trace experiment: report_mixed_heterogeneous.csv, WSClock, GlobalAllocation, frames=9
Running multi-process experiment
  Algorithm: WSClock
  Allocation: GlobalAllocation
  Total Frames: 9
  Trace: report_mixed_heterogeneous
Results saved to: results\raw\campaign_20260404_140330_266\trace_all_checked_in\trace_report_mixed_heterogeneous_WSClock_GlobalAllocation_f9.json

Running trace experiment: report_mixed_heterogeneous.csv, WSClock, LocalAllocation, frames=9
Running multi-process experiment
  Algorithm: WSClock
  Allocation: LocalAllocation
  Total Frames: 9
  Trace: report_mixed_heterogeneous
Results saved to: results\raw\campaign_20260404_140330_266\trace_all_checked_in\trace_report_mixed_heterogeneous_WSClock_LocalAllocation_f9.json

Running trace experiment: report_mixed_heterogeneous.csv, WSClock, ProportionalAllocation, frames=9
Running multi-process experiment
  Algorithm: WSClock
  Allocation: ProportionalAllocation
  Total Frames: 9
  Trace: report_mixed_heterogeneous
Results saved to: results\raw\campaign_20260404_140330_266\trace_all_checked_in\trace_report_mixed_heterogeneous_WSClock_ProportionalAllocation_f9.json

Running trace experiment: report_mixed_heterogeneous.csv, FIFO, GlobalAllocation, frames=11
Running multi-process experiment
  Algorithm: FIFO
  Allocation: GlobalAllocation
  Total Frames: 11
  Trace: report_mixed_heterogeneous
Results saved to: results\raw\campaign_20260404_140330_266\trace_all_checked_in\trace_report_mixed_heterogeneous_FIFO_GlobalAllocation_f11.json

Running trace experiment: report_mixed_heterogeneous.csv, FIFO, LocalAllocation, frames=11
Running multi-process experiment
  Algorithm: FIFO
  Allocation: LocalAllocation
  Total Frames: 11
  Trace: report_mixed_heterogeneous
Results saved to: results\raw\campaign_20260404_140330_266\trace_all_checked_in\trace_report_mixed_heterogeneous_FIFO_LocalAllocation_f11.json

Running trace experiment: report_mixed_heterogeneous.csv, FIFO, ProportionalAllocation, frames=11
Running multi-process experiment
  Algorithm: FIFO
  Allocation: ProportionalAllocation
  Total Frames: 11
  Trace: report_mixed_heterogeneous
Results saved to: results\raw\campaign_20260404_140330_266\trace_all_checked_in\trace_report_mixed_heterogeneous_FIFO_ProportionalAllocation_f11.json

Running trace experiment: report_mixed_heterogeneous.csv, LRU, GlobalAllocation, frames=11
Running multi-process experiment
  Algorithm: LRU
  Allocation: GlobalAllocation
  Total Frames: 11
  Trace: report_mixed_heterogeneous
Results saved to: results\raw\campaign_20260404_140330_266\trace_all_checked_in\trace_report_mixed_heterogeneous_LRU_GlobalAllocation_f11.json

Running trace experiment: report_mixed_heterogeneous.csv, LRU, LocalAllocation, frames=11
Running multi-process experiment
  Algorithm: LRU
  Allocation: LocalAllocation
  Total Frames: 11
  Trace: report_mixed_heterogeneous
Results saved to: results\raw\campaign_20260404_140330_266\trace_all_checked_in\trace_report_mixed_heterogeneous_LRU_LocalAllocation_f11.json

Running trace experiment: report_mixed_heterogeneous.csv, LRU, ProportionalAllocation, frames=11
Running multi-process experiment
  Algorithm: LRU
  Allocation: ProportionalAllocation
  Total Frames: 11
  Trace: report_mixed_heterogeneous
Results saved to: results\raw\campaign_20260404_140330_266\trace_all_checked_in\trace_report_mixed_heterogeneous_LRU_ProportionalAllocation_f11.json

Running trace experiment: report_mixed_heterogeneous.csv, NRU, GlobalAllocation, frames=11
Running multi-process experiment
  Algorithm: NRU
  Allocation: GlobalAllocation
  Total Frames: 11
  Trace: report_mixed_heterogeneous
Results saved to: results\raw\campaign_20260404_140330_266\trace_all_checked_in\trace_report_mixed_heterogeneous_NRU_GlobalAllocation_f11.json

Running trace experiment: report_mixed_heterogeneous.csv, NRU, LocalAllocation, frames=11
Running multi-process experiment
  Algorithm: NRU
  Allocation: LocalAllocation
  Total Frames: 11
  Trace: report_mixed_heterogeneous
Results saved to: results\raw\campaign_20260404_140330_266\trace_all_checked_in\trace_report_mixed_heterogeneous_NRU_LocalAllocation_f11.json

Running trace experiment: report_mixed_heterogeneous.csv, NRU, ProportionalAllocation, frames=11
Running multi-process experiment
  Algorithm: NRU
  Allocation: ProportionalAllocation
  Total Frames: 11
  Trace: report_mixed_heterogeneous
Results saved to: results\raw\campaign_20260404_140330_266\trace_all_checked_in\trace_report_mixed_heterogeneous_NRU_ProportionalAllocation_f11.json

Running trace experiment: report_mixed_heterogeneous.csv, SecondChance, GlobalAllocation, frames=11
Running multi-process experiment
  Algorithm: SecondChance
  Allocation: GlobalAllocation
  Total Frames: 11
  Trace: report_mixed_heterogeneous
Results saved to: results\raw\campaign_20260404_140330_266\trace_all_checked_in\trace_report_mixed_heterogeneous_SecondChance_GlobalAllocation_f11.json

Running trace experiment: report_mixed_heterogeneous.csv, SecondChance, LocalAllocation, frames=11
Running multi-process experiment
  Algorithm: SecondChance
  Allocation: LocalAllocation
  Total Frames: 11
  Trace: report_mixed_heterogeneous
Results saved to: results\raw\campaign_20260404_140330_266\trace_all_checked_in\trace_report_mixed_heterogeneous_SecondChance_LocalAllocation_f11.json

Running trace experiment: report_mixed_heterogeneous.csv, SecondChance, ProportionalAllocation, frames=11
Running multi-process experiment
  Algorithm: SecondChance
  Allocation: ProportionalAllocation
  Total Frames: 11
  Trace: report_mixed_heterogeneous
Results saved to: results\raw\campaign_20260404_140330_266\trace_all_checked_in\trace_report_mixed_heterogeneous_SecondChance_ProportionalAllocation_f11.json

Running trace experiment: report_mixed_heterogeneous.csv, WSClock, GlobalAllocation, frames=11
Running multi-process experiment
  Algorithm: WSClock
  Allocation: GlobalAllocation
  Total Frames: 11
  Trace: report_mixed_heterogeneous
Results saved to: results\raw\campaign_20260404_140330_266\trace_all_checked_in\trace_report_mixed_heterogeneous_WSClock_GlobalAllocation_f11.json

Running trace experiment: report_mixed_heterogeneous.csv, WSClock, LocalAllocation, frames=11
Running multi-process experiment
  Algorithm: WSClock
  Allocation: LocalAllocation
  Total Frames: 11
  Trace: report_mixed_heterogeneous
Results saved to: results\raw\campaign_20260404_140330_266\trace_all_checked_in\trace_report_mixed_heterogeneous_WSClock_LocalAllocation_f11.json

Running trace experiment: report_mixed_heterogeneous.csv, WSClock, ProportionalAllocation, frames=11
Running multi-process experiment
  Algorithm: WSClock
  Allocation: ProportionalAllocation
  Total Frames: 11
  Trace: report_mixed_heterogeneous
Results saved to: results\raw\campaign_20260404_140330_266\trace_all_checked_in\trace_report_mixed_heterogeneous_WSClock_ProportionalAllocation_f11.json

Running trace experiment: report_mixed_heterogeneous.csv, FIFO, GlobalAllocation, frames=13
Running multi-process experiment
  Algorithm: FIFO
  Allocation: GlobalAllocation
  Total Frames: 13
  Trace: report_mixed_heterogeneous
Results saved to: results\raw\campaign_20260404_140330_266\trace_all_checked_in\trace_report_mixed_heterogeneous_FIFO_GlobalAllocation_f13.json

Running trace experiment: report_mixed_heterogeneous.csv, FIFO, LocalAllocation, frames=13
Running multi-process experiment
  Algorithm: FIFO
  Allocation: LocalAllocation
  Total Frames: 13
  Trace: report_mixed_heterogeneous
Results saved to: results\raw\campaign_20260404_140330_266\trace_all_checked_in\trace_report_mixed_heterogeneous_FIFO_LocalAllocation_f13.json

Running trace experiment: report_mixed_heterogeneous.csv, FIFO, ProportionalAllocation, frames=13
Running multi-process experiment
  Algorithm: FIFO
  Allocation: ProportionalAllocation
  Total Frames: 13
  Trace: report_mixed_heterogeneous
Results saved to: results\raw\campaign_20260404_140330_266\trace_all_checked_in\trace_report_mixed_heterogeneous_FIFO_ProportionalAllocation_f13.json

Running trace experiment: report_mixed_heterogeneous.csv, LRU, GlobalAllocation, frames=13
Running multi-process experiment
  Algorithm: LRU
  Allocation: GlobalAllocation
  Total Frames: 13
  Trace: report_mixed_heterogeneous
Results saved to: results\raw\campaign_20260404_140330_266\trace_all_checked_in\trace_report_mixed_heterogeneous_LRU_GlobalAllocation_f13.json

Running trace experiment: report_mixed_heterogeneous.csv, LRU, LocalAllocation, frames=13
Running multi-process experiment
  Algorithm: LRU
  Allocation: LocalAllocation
  Total Frames: 13
  Trace: report_mixed_heterogeneous
Results saved to: results\raw\campaign_20260404_140330_266\trace_all_checked_in\trace_report_mixed_heterogeneous_LRU_LocalAllocation_f13.json

Running trace experiment: report_mixed_heterogeneous.csv, LRU, ProportionalAllocation, frames=13
Running multi-process experiment
  Algorithm: LRU
  Allocation: ProportionalAllocation
  Total Frames: 13
  Trace: report_mixed_heterogeneous
Results saved to: results\raw\campaign_20260404_140330_266\trace_all_checked_in\trace_report_mixed_heterogeneous_LRU_ProportionalAllocation_f13.json

Running trace experiment: report_mixed_heterogeneous.csv, NRU, GlobalAllocation, frames=13
Running multi-process experiment
  Algorithm: NRU
  Allocation: GlobalAllocation
  Total Frames: 13
  Trace: report_mixed_heterogeneous
Results saved to: results\raw\campaign_20260404_140330_266\trace_all_checked_in\trace_report_mixed_heterogeneous_NRU_GlobalAllocation_f13.json

Running trace experiment: report_mixed_heterogeneous.csv, NRU, LocalAllocation, frames=13
Running multi-process experiment
  Algorithm: NRU
  Allocation: LocalAllocation
  Total Frames: 13
  Trace: report_mixed_heterogeneous
Results saved to: results\raw\campaign_20260404_140330_266\trace_all_checked_in\trace_report_mixed_heterogeneous_NRU_LocalAllocation_f13.json

Running trace experiment: report_mixed_heterogeneous.csv, NRU, ProportionalAllocation, frames=13
Running multi-process experiment
  Algorithm: NRU
  Allocation: ProportionalAllocation
  Total Frames: 13
  Trace: report_mixed_heterogeneous
Results saved to: results\raw\campaign_20260404_140330_266\trace_all_checked_in\trace_report_mixed_heterogeneous_NRU_ProportionalAllocation_f13.json

Running trace experiment: report_mixed_heterogeneous.csv, SecondChance, GlobalAllocation, frames=13
Running multi-process experiment
  Algorithm: SecondChance
  Allocation: GlobalAllocation
  Total Frames: 13
  Trace: report_mixed_heterogeneous
Results saved to: results\raw\campaign_20260404_140330_266\trace_all_checked_in\trace_report_mixed_heterogeneous_SecondChance_GlobalAllocation_f13.json

Running trace experiment: report_mixed_heterogeneous.csv, SecondChance, LocalAllocation, frames=13
Running multi-process experiment
  Algorithm: SecondChance
  Allocation: LocalAllocation
  Total Frames: 13
  Trace: report_mixed_heterogeneous
Results saved to: results\raw\campaign_20260404_140330_266\trace_all_checked_in\trace_report_mixed_heterogeneous_SecondChance_LocalAllocation_f13.json

Running trace experiment: report_mixed_heterogeneous.csv, SecondChance, ProportionalAllocation, frames=13
Running multi-process experiment
  Algorithm: SecondChance
  Allocation: ProportionalAllocation
  Total Frames: 13
  Trace: report_mixed_heterogeneous
Results saved to: results\raw\campaign_20260404_140330_266\trace_all_checked_in\trace_report_mixed_heterogeneous_SecondChance_ProportionalAllocation_f13.json

Running trace experiment: report_mixed_heterogeneous.csv, WSClock, GlobalAllocation, frames=13
Running multi-process experiment
  Algorithm: WSClock
  Allocation: GlobalAllocation
  Total Frames: 13
  Trace: report_mixed_heterogeneous
Results saved to: results\raw\campaign_20260404_140330_266\trace_all_checked_in\trace_report_mixed_heterogeneous_WSClock_GlobalAllocation_f13.json

Running trace experiment: report_mixed_heterogeneous.csv, WSClock, LocalAllocation, frames=13
Running multi-process experiment
  Algorithm: WSClock
  Allocation: LocalAllocation
  Total Frames: 13
  Trace: report_mixed_heterogeneous
Results saved to: results\raw\campaign_20260404_140330_266\trace_all_checked_in\trace_report_mixed_heterogeneous_WSClock_LocalAllocation_f13.json

Running trace experiment: report_mixed_heterogeneous.csv, WSClock, ProportionalAllocation, frames=13
Running multi-process experiment
  Algorithm: WSClock
  Allocation: ProportionalAllocation
  Total Frames: 13
  Trace: report_mixed_heterogeneous
Results saved to: results\raw\campaign_20260404_140330_266\trace_all_checked_in\trace_report_mixed_heterogeneous_WSClock_ProportionalAllocation_f13.json

Running trace experiment: report_mixed_heterogeneous.csv, FIFO, GlobalAllocation, frames=16
Running multi-process experiment
  Algorithm: FIFO
  Allocation: GlobalAllocation
  Total Frames: 16
  Trace: report_mixed_heterogeneous
Results saved to: results\raw\campaign_20260404_140330_266\trace_all_checked_in\trace_report_mixed_heterogeneous_FIFO_GlobalAllocation_f16.json

Running trace experiment: report_mixed_heterogeneous.csv, FIFO, LocalAllocation, frames=16
Running multi-process experiment
  Algorithm: FIFO
  Allocation: LocalAllocation
  Total Frames: 16
  Trace: report_mixed_heterogeneous
Results saved to: results\raw\campaign_20260404_140330_266\trace_all_checked_in\trace_report_mixed_heterogeneous_FIFO_LocalAllocation_f16.json

Running trace experiment: report_mixed_heterogeneous.csv, FIFO, ProportionalAllocation, frames=16
Running multi-process experiment
  Algorithm: FIFO
  Allocation: ProportionalAllocation
  Total Frames: 16
  Trace: report_mixed_heterogeneous
Results saved to: results\raw\campaign_20260404_140330_266\trace_all_checked_in\trace_report_mixed_heterogeneous_FIFO_ProportionalAllocation_f16.json

Running trace experiment: report_mixed_heterogeneous.csv, LRU, GlobalAllocation, frames=16
Running multi-process experiment
  Algorithm: LRU
  Allocation: GlobalAllocation
  Total Frames: 16
  Trace: report_mixed_heterogeneous
Results saved to: results\raw\campaign_20260404_140330_266\trace_all_checked_in\trace_report_mixed_heterogeneous_LRU_GlobalAllocation_f16.json

Running trace experiment: report_mixed_heterogeneous.csv, LRU, LocalAllocation, frames=16
Running multi-process experiment
  Algorithm: LRU
  Allocation: LocalAllocation
  Total Frames: 16
  Trace: report_mixed_heterogeneous
Results saved to: results\raw\campaign_20260404_140330_266\trace_all_checked_in\trace_report_mixed_heterogeneous_LRU_LocalAllocation_f16.json

Running trace experiment: report_mixed_heterogeneous.csv, LRU, ProportionalAllocation, frames=16
Running multi-process experiment
  Algorithm: LRU
  Allocation: ProportionalAllocation
  Total Frames: 16
  Trace: report_mixed_heterogeneous
Results saved to: results\raw\campaign_20260404_140330_266\trace_all_checked_in\trace_report_mixed_heterogeneous_LRU_ProportionalAllocation_f16.json

Running trace experiment: report_mixed_heterogeneous.csv, NRU, GlobalAllocation, frames=16
Running multi-process experiment
  Algorithm: NRU
  Allocation: GlobalAllocation
  Total Frames: 16
  Trace: report_mixed_heterogeneous
Results saved to: results\raw\campaign_20260404_140330_266\trace_all_checked_in\trace_report_mixed_heterogeneous_NRU_GlobalAllocation_f16.json

Running trace experiment: report_mixed_heterogeneous.csv, NRU, LocalAllocation, frames=16
Running multi-process experiment
  Algorithm: NRU
  Allocation: LocalAllocation
  Total Frames: 16
  Trace: report_mixed_heterogeneous
Results saved to: results\raw\campaign_20260404_140330_266\trace_all_checked_in\trace_report_mixed_heterogeneous_NRU_LocalAllocation_f16.json

Running trace experiment: report_mixed_heterogeneous.csv, NRU, ProportionalAllocation, frames=16
Running multi-process experiment
  Algorithm: NRU
  Allocation: ProportionalAllocation
  Total Frames: 16
  Trace: report_mixed_heterogeneous
Results saved to: results\raw\campaign_20260404_140330_266\trace_all_checked_in\trace_report_mixed_heterogeneous_NRU_ProportionalAllocation_f16.json

Running trace experiment: report_mixed_heterogeneous.csv, SecondChance, GlobalAllocation, frames=16
Running multi-process experiment
  Algorithm: SecondChance
  Allocation: GlobalAllocation
  Total Frames: 16
  Trace: report_mixed_heterogeneous
Results saved to: results\raw\campaign_20260404_140330_266\trace_all_checked_in\trace_report_mixed_heterogeneous_SecondChance_GlobalAllocation_f16.json

Running trace experiment: report_mixed_heterogeneous.csv, SecondChance, LocalAllocation, frames=16
Running multi-process experiment
  Algorithm: SecondChance
  Allocation: LocalAllocation
  Total Frames: 16
  Trace: report_mixed_heterogeneous
Results saved to: results\raw\campaign_20260404_140330_266\trace_all_checked_in\trace_report_mixed_heterogeneous_SecondChance_LocalAllocation_f16.json

Running trace experiment: report_mixed_heterogeneous.csv, SecondChance, ProportionalAllocation, frames=16
Running multi-process experiment
  Algorithm: SecondChance
  Allocation: ProportionalAllocation
  Total Frames: 16
  Trace: report_mixed_heterogeneous
Results saved to: results\raw\campaign_20260404_140330_266\trace_all_checked_in\trace_report_mixed_heterogeneous_SecondChance_ProportionalAllocation_f16.json

Running trace experiment: report_mixed_heterogeneous.csv, WSClock, GlobalAllocation, frames=16
Running multi-process experiment
  Algorithm: WSClock
  Allocation: GlobalAllocation
  Total Frames: 16
  Trace: report_mixed_heterogeneous
Results saved to: results\raw\campaign_20260404_140330_266\trace_all_checked_in\trace_report_mixed_heterogeneous_WSClock_GlobalAllocation_f16.json

Running trace experiment: report_mixed_heterogeneous.csv, WSClock, LocalAllocation, frames=16
Running multi-process experiment
  Algorithm: WSClock
  Allocation: LocalAllocation
  Total Frames: 16
  Trace: report_mixed_heterogeneous
Results saved to: results\raw\campaign_20260404_140330_266\trace_all_checked_in\trace_report_mixed_heterogeneous_WSClock_LocalAllocation_f16.json

Running trace experiment: report_mixed_heterogeneous.csv, WSClock, ProportionalAllocation, frames=16
Running multi-process experiment
  Algorithm: WSClock
  Allocation: ProportionalAllocation
  Total Frames: 16
  Trace: report_mixed_heterogeneous
Results saved to: results\raw\campaign_20260404_140330_266\trace_all_checked_in\trace_report_mixed_heterogeneous_WSClock_ProportionalAllocation_f16.json

Running trace experiment: report_streaming_sequential.csv, FIFO, GlobalAllocation, frames=13
Running multi-process experiment
  Algorithm: FIFO
  Allocation: GlobalAllocation
  Total Frames: 13
  Trace: report_streaming_sequential
Results saved to: results\raw\campaign_20260404_140330_266\trace_all_checked_in\trace_report_streaming_sequential_FIFO_GlobalAllocation_f13.json

Running trace experiment: report_streaming_sequential.csv, FIFO, LocalAllocation, frames=13
Running multi-process experiment
  Algorithm: FIFO
  Allocation: LocalAllocation
  Total Frames: 13
  Trace: report_streaming_sequential
Results saved to: results\raw\campaign_20260404_140330_266\trace_all_checked_in\trace_report_streaming_sequential_FIFO_LocalAllocation_f13.json

Running trace experiment: report_streaming_sequential.csv, FIFO, ProportionalAllocation, frames=13
Running multi-process experiment
  Algorithm: FIFO
  Allocation: ProportionalAllocation
  Total Frames: 13
  Trace: report_streaming_sequential
Results saved to: results\raw\campaign_20260404_140330_266\trace_all_checked_in\trace_report_streaming_sequential_FIFO_ProportionalAllocation_f13.json

Running trace experiment: report_streaming_sequential.csv, LRU, GlobalAllocation, frames=13
Running multi-process experiment
  Algorithm: LRU
  Allocation: GlobalAllocation
  Total Frames: 13
  Trace: report_streaming_sequential
Results saved to: results\raw\campaign_20260404_140330_266\trace_all_checked_in\trace_report_streaming_sequential_LRU_GlobalAllocation_f13.json

Running trace experiment: report_streaming_sequential.csv, LRU, LocalAllocation, frames=13
Running multi-process experiment
  Algorithm: LRU
  Allocation: LocalAllocation
  Total Frames: 13
  Trace: report_streaming_sequential
Results saved to: results\raw\campaign_20260404_140330_266\trace_all_checked_in\trace_report_streaming_sequential_LRU_LocalAllocation_f13.json

Running trace experiment: report_streaming_sequential.csv, LRU, ProportionalAllocation, frames=13
Running multi-process experiment
  Algorithm: LRU
  Allocation: ProportionalAllocation
  Total Frames: 13
  Trace: report_streaming_sequential
Results saved to: results\raw\campaign_20260404_140330_266\trace_all_checked_in\trace_report_streaming_sequential_LRU_ProportionalAllocation_f13.json

Running trace experiment: report_streaming_sequential.csv, NRU, GlobalAllocation, frames=13
Running multi-process experiment
  Algorithm: NRU
  Allocation: GlobalAllocation
  Total Frames: 13
  Trace: report_streaming_sequential
Results saved to: results\raw\campaign_20260404_140330_266\trace_all_checked_in\trace_report_streaming_sequential_NRU_GlobalAllocation_f13.json

Running trace experiment: report_streaming_sequential.csv, NRU, LocalAllocation, frames=13
Running multi-process experiment
  Algorithm: NRU
  Allocation: LocalAllocation
  Total Frames: 13
  Trace: report_streaming_sequential
Results saved to: results\raw\campaign_20260404_140330_266\trace_all_checked_in\trace_report_streaming_sequential_NRU_LocalAllocation_f13.json

Running trace experiment: report_streaming_sequential.csv, NRU, ProportionalAllocation, frames=13
Running multi-process experiment
  Algorithm: NRU
  Allocation: ProportionalAllocation
  Total Frames: 13
  Trace: report_streaming_sequential
Results saved to: results\raw\campaign_20260404_140330_266\trace_all_checked_in\trace_report_streaming_sequential_NRU_ProportionalAllocation_f13.json

Running trace experiment: report_streaming_sequential.csv, SecondChance, GlobalAllocation, frames=13
Running multi-process experiment
  Algorithm: SecondChance
  Allocation: GlobalAllocation
  Total Frames: 13
  Trace: report_streaming_sequential
Results saved to: results\raw\campaign_20260404_140330_266\trace_all_checked_in\trace_report_streaming_sequential_SecondChance_GlobalAllocation_f13.json

Running trace experiment: report_streaming_sequential.csv, SecondChance, LocalAllocation, frames=13
Running multi-process experiment
  Algorithm: SecondChance
  Allocation: LocalAllocation
  Total Frames: 13
  Trace: report_streaming_sequential
Results saved to: results\raw\campaign_20260404_140330_266\trace_all_checked_in\trace_report_streaming_sequential_SecondChance_LocalAllocation_f13.json

Running trace experiment: report_streaming_sequential.csv, SecondChance, ProportionalAllocation, frames=13
Running multi-process experiment
  Algorithm: SecondChance
  Allocation: ProportionalAllocation
  Total Frames: 13
  Trace: report_streaming_sequential
Results saved to: results\raw\campaign_20260404_140330_266\trace_all_checked_in\trace_report_streaming_sequential_SecondChance_ProportionalAllocation_f13.json

Running trace experiment: report_streaming_sequential.csv, WSClock, GlobalAllocation, frames=13
Running multi-process experiment
  Algorithm: WSClock
  Allocation: GlobalAllocation
  Total Frames: 13
  Trace: report_streaming_sequential
Results saved to: results\raw\campaign_20260404_140330_266\trace_all_checked_in\trace_report_streaming_sequential_WSClock_GlobalAllocation_f13.json

Running trace experiment: report_streaming_sequential.csv, WSClock, LocalAllocation, frames=13
Running multi-process experiment
  Algorithm: WSClock
  Allocation: LocalAllocation
  Total Frames: 13
  Trace: report_streaming_sequential
Results saved to: results\raw\campaign_20260404_140330_266\trace_all_checked_in\trace_report_streaming_sequential_WSClock_LocalAllocation_f13.json

Running trace experiment: report_streaming_sequential.csv, WSClock, ProportionalAllocation, frames=13
Running multi-process experiment
  Algorithm: WSClock
  Allocation: ProportionalAllocation
  Total Frames: 13
  Trace: report_streaming_sequential
Results saved to: results\raw\campaign_20260404_140330_266\trace_all_checked_in\trace_report_streaming_sequential_WSClock_ProportionalAllocation_f13.json

Running trace experiment: report_streaming_sequential.csv, FIFO, GlobalAllocation, frames=16
Running multi-process experiment
  Algorithm: FIFO
  Allocation: GlobalAllocation
  Total Frames: 16
  Trace: report_streaming_sequential
Results saved to: results\raw\campaign_20260404_140330_266\trace_all_checked_in\trace_report_streaming_sequential_FIFO_GlobalAllocation_f16.json

Running trace experiment: report_streaming_sequential.csv, FIFO, LocalAllocation, frames=16
Running multi-process experiment
  Algorithm: FIFO
  Allocation: LocalAllocation
  Total Frames: 16
  Trace: report_streaming_sequential
Results saved to: results\raw\campaign_20260404_140330_266\trace_all_checked_in\trace_report_streaming_sequential_FIFO_LocalAllocation_f16.json

Running trace experiment: report_streaming_sequential.csv, FIFO, ProportionalAllocation, frames=16
Running multi-process experiment
  Algorithm: FIFO
  Allocation: ProportionalAllocation
  Total Frames: 16
  Trace: report_streaming_sequential
Results saved to: results\raw\campaign_20260404_140330_266\trace_all_checked_in\trace_report_streaming_sequential_FIFO_ProportionalAllocation_f16.json

Running trace experiment: report_streaming_sequential.csv, LRU, GlobalAllocation, frames=16
Running multi-process experiment
  Algorithm: LRU
  Allocation: GlobalAllocation
  Total Frames: 16
  Trace: report_streaming_sequential
Results saved to: results\raw\campaign_20260404_140330_266\trace_all_checked_in\trace_report_streaming_sequential_LRU_GlobalAllocation_f16.json

Running trace experiment: report_streaming_sequential.csv, LRU, LocalAllocation, frames=16
Running multi-process experiment
  Algorithm: LRU
  Allocation: LocalAllocation
  Total Frames: 16
  Trace: report_streaming_sequential
Results saved to: results\raw\campaign_20260404_140330_266\trace_all_checked_in\trace_report_streaming_sequential_LRU_LocalAllocation_f16.json

Running trace experiment: report_streaming_sequential.csv, LRU, ProportionalAllocation, frames=16
Running multi-process experiment
  Algorithm: LRU
  Allocation: ProportionalAllocation
  Total Frames: 16
  Trace: report_streaming_sequential
Results saved to: results\raw\campaign_20260404_140330_266\trace_all_checked_in\trace_report_streaming_sequential_LRU_ProportionalAllocation_f16.json

Running trace experiment: report_streaming_sequential.csv, NRU, GlobalAllocation, frames=16
Running multi-process experiment
  Algorithm: NRU
  Allocation: GlobalAllocation
  Total Frames: 16
  Trace: report_streaming_sequential
Results saved to: results\raw\campaign_20260404_140330_266\trace_all_checked_in\trace_report_streaming_sequential_NRU_GlobalAllocation_f16.json

Running trace experiment: report_streaming_sequential.csv, NRU, LocalAllocation, frames=16
Running multi-process experiment
  Algorithm: NRU
  Allocation: LocalAllocation
  Total Frames: 16
  Trace: report_streaming_sequential
Results saved to: results\raw\campaign_20260404_140330_266\trace_all_checked_in\trace_report_streaming_sequential_NRU_LocalAllocation_f16.json

Running trace experiment: report_streaming_sequential.csv, NRU, ProportionalAllocation, frames=16
Running multi-process experiment
  Algorithm: NRU
  Allocation: ProportionalAllocation
  Total Frames: 16
  Trace: report_streaming_sequential
Results saved to: results\raw\campaign_20260404_140330_266\trace_all_checked_in\trace_report_streaming_sequential_NRU_ProportionalAllocation_f16.json

Running trace experiment: report_streaming_sequential.csv, SecondChance, GlobalAllocation, frames=16
Running multi-process experiment
  Algorithm: SecondChance
  Allocation: GlobalAllocation
  Total Frames: 16
  Trace: report_streaming_sequential
Results saved to: results\raw\campaign_20260404_140330_266\trace_all_checked_in\trace_report_streaming_sequential_SecondChance_GlobalAllocation_f16.json

Running trace experiment: report_streaming_sequential.csv, SecondChance, LocalAllocation, frames=16
Running multi-process experiment
  Algorithm: SecondChance
  Allocation: LocalAllocation
  Total Frames: 16
  Trace: report_streaming_sequential
Results saved to: results\raw\campaign_20260404_140330_266\trace_all_checked_in\trace_report_streaming_sequential_SecondChance_LocalAllocation_f16.json

Running trace experiment: report_streaming_sequential.csv, SecondChance, ProportionalAllocation, frames=16
Running multi-process experiment
  Algorithm: SecondChance
  Allocation: ProportionalAllocation
  Total Frames: 16
  Trace: report_streaming_sequential
Results saved to: results\raw\campaign_20260404_140330_266\trace_all_checked_in\trace_report_streaming_sequential_SecondChance_ProportionalAllocation_f16.json

Running trace experiment: report_streaming_sequential.csv, WSClock, GlobalAllocation, frames=16
Running multi-process experiment
  Algorithm: WSClock
  Allocation: GlobalAllocation
  Total Frames: 16
  Trace: report_streaming_sequential
Results saved to: results\raw\campaign_20260404_140330_266\trace_all_checked_in\trace_report_streaming_sequential_WSClock_GlobalAllocation_f16.json

Running trace experiment: report_streaming_sequential.csv, WSClock, LocalAllocation, frames=16
Running multi-process experiment
  Algorithm: WSClock
  Allocation: LocalAllocation
  Total Frames: 16
  Trace: report_streaming_sequential
Results saved to: results\raw\campaign_20260404_140330_266\trace_all_checked_in\trace_report_streaming_sequential_WSClock_LocalAllocation_f16.json

Running trace experiment: report_streaming_sequential.csv, WSClock, ProportionalAllocation, frames=16
Running multi-process experiment
  Algorithm: WSClock
  Allocation: ProportionalAllocation
  Total Frames: 16
  Trace: report_streaming_sequential
Results saved to: results\raw\campaign_20260404_140330_266\trace_all_checked_in\trace_report_streaming_sequential_WSClock_ProportionalAllocation_f16.json

Running trace experiment: report_streaming_sequential.csv, FIFO, GlobalAllocation, frames=19
Running multi-process experiment
  Algorithm: FIFO
  Allocation: GlobalAllocation
  Total Frames: 19
  Trace: report_streaming_sequential
Results saved to: results\raw\campaign_20260404_140330_266\trace_all_checked_in\trace_report_streaming_sequential_FIFO_GlobalAllocation_f19.json

Running trace experiment: report_streaming_sequential.csv, FIFO, LocalAllocation, frames=19
Running multi-process experiment
  Algorithm: FIFO
  Allocation: LocalAllocation
  Total Frames: 19
  Trace: report_streaming_sequential
Results saved to: results\raw\campaign_20260404_140330_266\trace_all_checked_in\trace_report_streaming_sequential_FIFO_LocalAllocation_f19.json

Running trace experiment: report_streaming_sequential.csv, FIFO, ProportionalAllocation, frames=19
Running multi-process experiment
  Algorithm: FIFO
  Allocation: ProportionalAllocation
  Total Frames: 19
  Trace: report_streaming_sequential
Results saved to: results\raw\campaign_20260404_140330_266\trace_all_checked_in\trace_report_streaming_sequential_FIFO_ProportionalAllocation_f19.json

Running trace experiment: report_streaming_sequential.csv, LRU, GlobalAllocation, frames=19
Running multi-process experiment
  Algorithm: LRU
  Allocation: GlobalAllocation
  Total Frames: 19
  Trace: report_streaming_sequential
Results saved to: results\raw\campaign_20260404_140330_266\trace_all_checked_in\trace_report_streaming_sequential_LRU_GlobalAllocation_f19.json

Running trace experiment: report_streaming_sequential.csv, LRU, LocalAllocation, frames=19
Running multi-process experiment
  Algorithm: LRU
  Allocation: LocalAllocation
  Total Frames: 19
  Trace: report_streaming_sequential
Results saved to: results\raw\campaign_20260404_140330_266\trace_all_checked_in\trace_report_streaming_sequential_LRU_LocalAllocation_f19.json

Running trace experiment: report_streaming_sequential.csv, LRU, ProportionalAllocation, frames=19
Running multi-process experiment
  Algorithm: LRU
  Allocation: ProportionalAllocation
  Total Frames: 19
  Trace: report_streaming_sequential
Results saved to: results\raw\campaign_20260404_140330_266\trace_all_checked_in\trace_report_streaming_sequential_LRU_ProportionalAllocation_f19.json

Running trace experiment: report_streaming_sequential.csv, NRU, GlobalAllocation, frames=19
Running multi-process experiment
  Algorithm: NRU
  Allocation: GlobalAllocation
  Total Frames: 19
  Trace: report_streaming_sequential
Results saved to: results\raw\campaign_20260404_140330_266\trace_all_checked_in\trace_report_streaming_sequential_NRU_GlobalAllocation_f19.json

Running trace experiment: report_streaming_sequential.csv, NRU, LocalAllocation, frames=19
Running multi-process experiment
  Algorithm: NRU
  Allocation: LocalAllocation
  Total Frames: 19
  Trace: report_streaming_sequential
Results saved to: results\raw\campaign_20260404_140330_266\trace_all_checked_in\trace_report_streaming_sequential_NRU_LocalAllocation_f19.json

Running trace experiment: report_streaming_sequential.csv, NRU, ProportionalAllocation, frames=19
Running multi-process experiment
  Algorithm: NRU
  Allocation: ProportionalAllocation
  Total Frames: 19
  Trace: report_streaming_sequential
Results saved to: results\raw\campaign_20260404_140330_266\trace_all_checked_in\trace_report_streaming_sequential_NRU_ProportionalAllocation_f19.json

Running trace experiment: report_streaming_sequential.csv, SecondChance, GlobalAllocation, frames=19
Running multi-process experiment
  Algorithm: SecondChance
  Allocation: GlobalAllocation
  Total Frames: 19
  Trace: report_streaming_sequential
Results saved to: results\raw\campaign_20260404_140330_266\trace_all_checked_in\trace_report_streaming_sequential_SecondChance_GlobalAllocation_f19.json

Running trace experiment: report_streaming_sequential.csv, SecondChance, LocalAllocation, frames=19
Running multi-process experiment
  Algorithm: SecondChance
  Allocation: LocalAllocation
  Total Frames: 19
  Trace: report_streaming_sequential
Results saved to: results\raw\campaign_20260404_140330_266\trace_all_checked_in\trace_report_streaming_sequential_SecondChance_LocalAllocation_f19.json

Running trace experiment: report_streaming_sequential.csv, SecondChance, ProportionalAllocation, frames=19
Running multi-process experiment
  Algorithm: SecondChance
  Allocation: ProportionalAllocation
  Total Frames: 19
  Trace: report_streaming_sequential
Results saved to: results\raw\campaign_20260404_140330_266\trace_all_checked_in\trace_report_streaming_sequential_SecondChance_ProportionalAllocation_f19.json

Running trace experiment: report_streaming_sequential.csv, WSClock, GlobalAllocation, frames=19
Running multi-process experiment
  Algorithm: WSClock
  Allocation: GlobalAllocation
  Total Frames: 19
  Trace: report_streaming_sequential
Results saved to: results\raw\campaign_20260404_140330_266\trace_all_checked_in\trace_report_streaming_sequential_WSClock_GlobalAllocation_f19.json

Running trace experiment: report_streaming_sequential.csv, WSClock, LocalAllocation, frames=19
Running multi-process experiment
  Algorithm: WSClock
  Allocation: LocalAllocation
  Total Frames: 19
  Trace: report_streaming_sequential
Results saved to: results\raw\campaign_20260404_140330_266\trace_all_checked_in\trace_report_streaming_sequential_WSClock_LocalAllocation_f19.json

Running trace experiment: report_streaming_sequential.csv, WSClock, ProportionalAllocation, frames=19
Running multi-process experiment
  Algorithm: WSClock
  Allocation: ProportionalAllocation
  Total Frames: 19
  Trace: report_streaming_sequential
Results saved to: results\raw\campaign_20260404_140330_266\trace_all_checked_in\trace_report_streaming_sequential_WSClock_ProportionalAllocation_f19.json

Running trace experiment: report_streaming_sequential.csv, FIFO, GlobalAllocation, frames=24
Running multi-process experiment
  Algorithm: FIFO
  Allocation: GlobalAllocation
  Total Frames: 24
  Trace: report_streaming_sequential
Results saved to: results\raw\campaign_20260404_140330_266\trace_all_checked_in\trace_report_streaming_sequential_FIFO_GlobalAllocation_f24.json

Running trace experiment: report_streaming_sequential.csv, FIFO, LocalAllocation, frames=24
Running multi-process experiment
  Algorithm: FIFO
  Allocation: LocalAllocation
  Total Frames: 24
  Trace: report_streaming_sequential
Results saved to: results\raw\campaign_20260404_140330_266\trace_all_checked_in\trace_report_streaming_sequential_FIFO_LocalAllocation_f24.json

Running trace experiment: report_streaming_sequential.csv, FIFO, ProportionalAllocation, frames=24
Running multi-process experiment
  Algorithm: FIFO
  Allocation: ProportionalAllocation
  Total Frames: 24
  Trace: report_streaming_sequential
Results saved to: results\raw\campaign_20260404_140330_266\trace_all_checked_in\trace_report_streaming_sequential_FIFO_ProportionalAllocation_f24.json

Running trace experiment: report_streaming_sequential.csv, LRU, GlobalAllocation, frames=24
Running multi-process experiment
  Algorithm: LRU
  Allocation: GlobalAllocation
  Total Frames: 24
  Trace: report_streaming_sequential
Results saved to: results\raw\campaign_20260404_140330_266\trace_all_checked_in\trace_report_streaming_sequential_LRU_GlobalAllocation_f24.json

Running trace experiment: report_streaming_sequential.csv, LRU, LocalAllocation, frames=24
Running multi-process experiment
  Algorithm: LRU
  Allocation: LocalAllocation
  Total Frames: 24
  Trace: report_streaming_sequential
Results saved to: results\raw\campaign_20260404_140330_266\trace_all_checked_in\trace_report_streaming_sequential_LRU_LocalAllocation_f24.json

Running trace experiment: report_streaming_sequential.csv, LRU, ProportionalAllocation, frames=24
Running multi-process experiment
  Algorithm: LRU
  Allocation: ProportionalAllocation
  Total Frames: 24
  Trace: report_streaming_sequential
Results saved to: results\raw\campaign_20260404_140330_266\trace_all_checked_in\trace_report_streaming_sequential_LRU_ProportionalAllocation_f24.json

Running trace experiment: report_streaming_sequential.csv, NRU, GlobalAllocation, frames=24
Running multi-process experiment
  Algorithm: NRU
  Allocation: GlobalAllocation
  Total Frames: 24
  Trace: report_streaming_sequential
Results saved to: results\raw\campaign_20260404_140330_266\trace_all_checked_in\trace_report_streaming_sequential_NRU_GlobalAllocation_f24.json

Running trace experiment: report_streaming_sequential.csv, NRU, LocalAllocation, frames=24
Running multi-process experiment
  Algorithm: NRU
  Allocation: LocalAllocation
  Total Frames: 24
  Trace: report_streaming_sequential
Results saved to: results\raw\campaign_20260404_140330_266\trace_all_checked_in\trace_report_streaming_sequential_NRU_LocalAllocation_f24.json

Running trace experiment: report_streaming_sequential.csv, NRU, ProportionalAllocation, frames=24
Running multi-process experiment
  Algorithm: NRU
  Allocation: ProportionalAllocation
  Total Frames: 24
  Trace: report_streaming_sequential
Results saved to: results\raw\campaign_20260404_140330_266\trace_all_checked_in\trace_report_streaming_sequential_NRU_ProportionalAllocation_f24.json

Running trace experiment: report_streaming_sequential.csv, SecondChance, GlobalAllocation, frames=24
Running multi-process experiment
  Algorithm: SecondChance
  Allocation: GlobalAllocation
  Total Frames: 24
  Trace: report_streaming_sequential
Results saved to: results\raw\campaign_20260404_140330_266\trace_all_checked_in\trace_report_streaming_sequential_SecondChance_GlobalAllocation_f24.json

Running trace experiment: report_streaming_sequential.csv, SecondChance, LocalAllocation, frames=24
Running multi-process experiment
  Algorithm: SecondChance
  Allocation: LocalAllocation
  Total Frames: 24
  Trace: report_streaming_sequential
Results saved to: results\raw\campaign_20260404_140330_266\trace_all_checked_in\trace_report_streaming_sequential_SecondChance_LocalAllocation_f24.json

Running trace experiment: report_streaming_sequential.csv, SecondChance, ProportionalAllocation, frames=24
Running multi-process experiment
  Algorithm: SecondChance
  Allocation: ProportionalAllocation
  Total Frames: 24
  Trace: report_streaming_sequential
Results saved to: results\raw\campaign_20260404_140330_266\trace_all_checked_in\trace_report_streaming_sequential_SecondChance_ProportionalAllocation_f24.json

Running trace experiment: report_streaming_sequential.csv, WSClock, GlobalAllocation, frames=24
Running multi-process experiment
  Algorithm: WSClock
  Allocation: GlobalAllocation
  Total Frames: 24
  Trace: report_streaming_sequential
Results saved to: results\raw\campaign_20260404_140330_266\trace_all_checked_in\trace_report_streaming_sequential_WSClock_GlobalAllocation_f24.json

Running trace experiment: report_streaming_sequential.csv, WSClock, LocalAllocation, frames=24
Running multi-process experiment
  Algorithm: WSClock
  Allocation: LocalAllocation
  Total Frames: 24
  Trace: report_streaming_sequential
Results saved to: results\raw\campaign_20260404_140330_266\trace_all_checked_in\trace_report_streaming_sequential_WSClock_LocalAllocation_f24.json

Running trace experiment: report_streaming_sequential.csv, WSClock, ProportionalAllocation, frames=24
Running multi-process experiment
  Algorithm: WSClock
  Allocation: ProportionalAllocation
  Total Frames: 24
  Trace: report_streaming_sequential
Results saved to: results\raw\campaign_20260404_140330_266\trace_all_checked_in\trace_report_streaming_sequential_WSClock_ProportionalAllocation_f24.json

Running trace experiment: report_thrashing_pressure.csv, FIFO, GlobalAllocation, frames=8
Running multi-process experiment
  Algorithm: FIFO
  Allocation: GlobalAllocation
  Total Frames: 8
  Trace: report_thrashing_pressure
Results saved to: results\raw\campaign_20260404_140330_266\trace_all_checked_in\trace_report_thrashing_pressure_FIFO_GlobalAllocation_f8.json

Running trace experiment: report_thrashing_pressure.csv, FIFO, LocalAllocation, frames=8
Running multi-process experiment
  Algorithm: FIFO
  Allocation: LocalAllocation
  Total Frames: 8
  Trace: report_thrashing_pressure
Results saved to: results\raw\campaign_20260404_140330_266\trace_all_checked_in\trace_report_thrashing_pressure_FIFO_LocalAllocation_f8.json

Running trace experiment: report_thrashing_pressure.csv, FIFO, ProportionalAllocation, frames=8
Running multi-process experiment
  Algorithm: FIFO
  Allocation: ProportionalAllocation
  Total Frames: 8
  Trace: report_thrashing_pressure
Results saved to: results\raw\campaign_20260404_140330_266\trace_all_checked_in\trace_report_thrashing_pressure_FIFO_ProportionalAllocation_f8.json

Running trace experiment: report_thrashing_pressure.csv, LRU, GlobalAllocation, frames=8
Running multi-process experiment
  Algorithm: LRU
  Allocation: GlobalAllocation
  Total Frames: 8
  Trace: report_thrashing_pressure
Results saved to: results\raw\campaign_20260404_140330_266\trace_all_checked_in\trace_report_thrashing_pressure_LRU_GlobalAllocation_f8.json

Running trace experiment: report_thrashing_pressure.csv, LRU, LocalAllocation, frames=8
Running multi-process experiment
  Algorithm: LRU
  Allocation: LocalAllocation
  Total Frames: 8
  Trace: report_thrashing_pressure
Results saved to: results\raw\campaign_20260404_140330_266\trace_all_checked_in\trace_report_thrashing_pressure_LRU_LocalAllocation_f8.json

Running trace experiment: report_thrashing_pressure.csv, LRU, ProportionalAllocation, frames=8
Running multi-process experiment
  Algorithm: LRU
  Allocation: ProportionalAllocation
  Total Frames: 8
  Trace: report_thrashing_pressure
Results saved to: results\raw\campaign_20260404_140330_266\trace_all_checked_in\trace_report_thrashing_pressure_LRU_ProportionalAllocation_f8.json

Running trace experiment: report_thrashing_pressure.csv, NRU, GlobalAllocation, frames=8
Running multi-process experiment
  Algorithm: NRU
  Allocation: GlobalAllocation
  Total Frames: 8
  Trace: report_thrashing_pressure
Results saved to: results\raw\campaign_20260404_140330_266\trace_all_checked_in\trace_report_thrashing_pressure_NRU_GlobalAllocation_f8.json

Running trace experiment: report_thrashing_pressure.csv, NRU, LocalAllocation, frames=8
Running multi-process experiment
  Algorithm: NRU
  Allocation: LocalAllocation
  Total Frames: 8
  Trace: report_thrashing_pressure
Results saved to: results\raw\campaign_20260404_140330_266\trace_all_checked_in\trace_report_thrashing_pressure_NRU_LocalAllocation_f8.json

Running trace experiment: report_thrashing_pressure.csv, NRU, ProportionalAllocation, frames=8
Running multi-process experiment
  Algorithm: NRU
  Allocation: ProportionalAllocation
  Total Frames: 8
  Trace: report_thrashing_pressure
Results saved to: results\raw\campaign_20260404_140330_266\trace_all_checked_in\trace_report_thrashing_pressure_NRU_ProportionalAllocation_f8.json

Running trace experiment: report_thrashing_pressure.csv, SecondChance, GlobalAllocation, frames=8
Running multi-process experiment
  Algorithm: SecondChance
  Allocation: GlobalAllocation
  Total Frames: 8
  Trace: report_thrashing_pressure
Results saved to: results\raw\campaign_20260404_140330_266\trace_all_checked_in\trace_report_thrashing_pressure_SecondChance_GlobalAllocation_f8.json

Running trace experiment: report_thrashing_pressure.csv, SecondChance, LocalAllocation, frames=8
Running multi-process experiment
  Algorithm: SecondChance
  Allocation: LocalAllocation
  Total Frames: 8
  Trace: report_thrashing_pressure
Results saved to: results\raw\campaign_20260404_140330_266\trace_all_checked_in\trace_report_thrashing_pressure_SecondChance_LocalAllocation_f8.json

Running trace experiment: report_thrashing_pressure.csv, SecondChance, ProportionalAllocation, frames=8
Running multi-process experiment
  Algorithm: SecondChance
  Allocation: ProportionalAllocation
  Total Frames: 8
  Trace: report_thrashing_pressure
Results saved to: results\raw\campaign_20260404_140330_266\trace_all_checked_in\trace_report_thrashing_pressure_SecondChance_ProportionalAllocation_f8.json

Running trace experiment: report_thrashing_pressure.csv, WSClock, GlobalAllocation, frames=8
Running multi-process experiment
  Algorithm: WSClock
  Allocation: GlobalAllocation
  Total Frames: 8
  Trace: report_thrashing_pressure
Results saved to: results\raw\campaign_20260404_140330_266\trace_all_checked_in\trace_report_thrashing_pressure_WSClock_GlobalAllocation_f8.json

Running trace experiment: report_thrashing_pressure.csv, WSClock, LocalAllocation, frames=8
Running multi-process experiment
  Algorithm: WSClock
  Allocation: LocalAllocation
  Total Frames: 8
  Trace: report_thrashing_pressure
Results saved to: results\raw\campaign_20260404_140330_266\trace_all_checked_in\trace_report_thrashing_pressure_WSClock_LocalAllocation_f8.json

Running trace experiment: report_thrashing_pressure.csv, WSClock, ProportionalAllocation, frames=8
Running multi-process experiment
  Algorithm: WSClock
  Allocation: ProportionalAllocation
  Total Frames: 8
  Trace: report_thrashing_pressure
Results saved to: results\raw\campaign_20260404_140330_266\trace_all_checked_in\trace_report_thrashing_pressure_WSClock_ProportionalAllocation_f8.json

Running trace experiment: report_thrashing_pressure.csv, FIFO, GlobalAllocation, frames=10
Running multi-process experiment
  Algorithm: FIFO
  Allocation: GlobalAllocation
  Total Frames: 10
  Trace: report_thrashing_pressure
Results saved to: results\raw\campaign_20260404_140330_266\trace_all_checked_in\trace_report_thrashing_pressure_FIFO_GlobalAllocation_f10.json

Running trace experiment: report_thrashing_pressure.csv, FIFO, LocalAllocation, frames=10
Running multi-process experiment
  Algorithm: FIFO
  Allocation: LocalAllocation
  Total Frames: 10
  Trace: report_thrashing_pressure
Results saved to: results\raw\campaign_20260404_140330_266\trace_all_checked_in\trace_report_thrashing_pressure_FIFO_LocalAllocation_f10.json

Running trace experiment: report_thrashing_pressure.csv, FIFO, ProportionalAllocation, frames=10
Running multi-process experiment
  Algorithm: FIFO
  Allocation: ProportionalAllocation
  Total Frames: 10
  Trace: report_thrashing_pressure
Results saved to: results\raw\campaign_20260404_140330_266\trace_all_checked_in\trace_report_thrashing_pressure_FIFO_ProportionalAllocation_f10.json

Running trace experiment: report_thrashing_pressure.csv, LRU, GlobalAllocation, frames=10
Running multi-process experiment
  Algorithm: LRU
  Allocation: GlobalAllocation
  Total Frames: 10
  Trace: report_thrashing_pressure
Results saved to: results\raw\campaign_20260404_140330_266\trace_all_checked_in\trace_report_thrashing_pressure_LRU_GlobalAllocation_f10.json

Running trace experiment: report_thrashing_pressure.csv, LRU, LocalAllocation, frames=10
Running multi-process experiment
  Algorithm: LRU
  Allocation: LocalAllocation
  Total Frames: 10
  Trace: report_thrashing_pressure
Results saved to: results\raw\campaign_20260404_140330_266\trace_all_checked_in\trace_report_thrashing_pressure_LRU_LocalAllocation_f10.json

Running trace experiment: report_thrashing_pressure.csv, LRU, ProportionalAllocation, frames=10
Running multi-process experiment
  Algorithm: LRU
  Allocation: ProportionalAllocation
  Total Frames: 10
  Trace: report_thrashing_pressure
Results saved to: results\raw\campaign_20260404_140330_266\trace_all_checked_in\trace_report_thrashing_pressure_LRU_ProportionalAllocation_f10.json

Running trace experiment: report_thrashing_pressure.csv, NRU, GlobalAllocation, frames=10
Running multi-process experiment
  Algorithm: NRU
  Allocation: GlobalAllocation
  Total Frames: 10
  Trace: report_thrashing_pressure
Results saved to: results\raw\campaign_20260404_140330_266\trace_all_checked_in\trace_report_thrashing_pressure_NRU_GlobalAllocation_f10.json

Running trace experiment: report_thrashing_pressure.csv, NRU, LocalAllocation, frames=10
Running multi-process experiment
  Algorithm: NRU
  Allocation: LocalAllocation
  Total Frames: 10
  Trace: report_thrashing_pressure
Results saved to: results\raw\campaign_20260404_140330_266\trace_all_checked_in\trace_report_thrashing_pressure_NRU_LocalAllocation_f10.json

Running trace experiment: report_thrashing_pressure.csv, NRU, ProportionalAllocation, frames=10
Running multi-process experiment
  Algorithm: NRU
  Allocation: ProportionalAllocation
  Total Frames: 10
  Trace: report_thrashing_pressure
Results saved to: results\raw\campaign_20260404_140330_266\trace_all_checked_in\trace_report_thrashing_pressure_NRU_ProportionalAllocation_f10.json

Running trace experiment: report_thrashing_pressure.csv, SecondChance, GlobalAllocation, frames=10
Running multi-process experiment
  Algorithm: SecondChance
  Allocation: GlobalAllocation
  Total Frames: 10
  Trace: report_thrashing_pressure
Results saved to: results\raw\campaign_20260404_140330_266\trace_all_checked_in\trace_report_thrashing_pressure_SecondChance_GlobalAllocation_f10.json

Running trace experiment: report_thrashing_pressure.csv, SecondChance, LocalAllocation, frames=10
Running multi-process experiment
  Algorithm: SecondChance
  Allocation: LocalAllocation
  Total Frames: 10
  Trace: report_thrashing_pressure
Results saved to: results\raw\campaign_20260404_140330_266\trace_all_checked_in\trace_report_thrashing_pressure_SecondChance_LocalAllocation_f10.json

Running trace experiment: report_thrashing_pressure.csv, SecondChance, ProportionalAllocation, frames=10
Running multi-process experiment
  Algorithm: SecondChance
  Allocation: ProportionalAllocation
  Total Frames: 10
  Trace: report_thrashing_pressure
Results saved to: results\raw\campaign_20260404_140330_266\trace_all_checked_in\trace_report_thrashing_pressure_SecondChance_ProportionalAllocation_f10.json

Running trace experiment: report_thrashing_pressure.csv, WSClock, GlobalAllocation, frames=10
Running multi-process experiment
  Algorithm: WSClock
  Allocation: GlobalAllocation
  Total Frames: 10
  Trace: report_thrashing_pressure
Results saved to: results\raw\campaign_20260404_140330_266\trace_all_checked_in\trace_report_thrashing_pressure_WSClock_GlobalAllocation_f10.json

Running trace experiment: report_thrashing_pressure.csv, WSClock, LocalAllocation, frames=10
Running multi-process experiment
  Algorithm: WSClock
  Allocation: LocalAllocation
  Total Frames: 10
  Trace: report_thrashing_pressure
Results saved to: results\raw\campaign_20260404_140330_266\trace_all_checked_in\trace_report_thrashing_pressure_WSClock_LocalAllocation_f10.json

Running trace experiment: report_thrashing_pressure.csv, WSClock, ProportionalAllocation, frames=10
Running multi-process experiment
  Algorithm: WSClock
  Allocation: ProportionalAllocation
  Total Frames: 10
  Trace: report_thrashing_pressure
Results saved to: results\raw\campaign_20260404_140330_266\trace_all_checked_in\trace_report_thrashing_pressure_WSClock_ProportionalAllocation_f10.json

Running trace experiment: report_thrashing_pressure.csv, FIFO, GlobalAllocation, frames=12
Running multi-process experiment
  Algorithm: FIFO
  Allocation: GlobalAllocation
  Total Frames: 12
  Trace: report_thrashing_pressure
Results saved to: results\raw\campaign_20260404_140330_266\trace_all_checked_in\trace_report_thrashing_pressure_FIFO_GlobalAllocation_f12.json

Running trace experiment: report_thrashing_pressure.csv, FIFO, LocalAllocation, frames=12
Running multi-process experiment
  Algorithm: FIFO
  Allocation: LocalAllocation
  Total Frames: 12
  Trace: report_thrashing_pressure
Results saved to: results\raw\campaign_20260404_140330_266\trace_all_checked_in\trace_report_thrashing_pressure_FIFO_LocalAllocation_f12.json

Running trace experiment: report_thrashing_pressure.csv, FIFO, ProportionalAllocation, frames=12
Running multi-process experiment
  Algorithm: FIFO
  Allocation: ProportionalAllocation
  Total Frames: 12
  Trace: report_thrashing_pressure
Results saved to: results\raw\campaign_20260404_140330_266\trace_all_checked_in\trace_report_thrashing_pressure_FIFO_ProportionalAllocation_f12.json

Running trace experiment: report_thrashing_pressure.csv, LRU, GlobalAllocation, frames=12
Running multi-process experiment
  Algorithm: LRU
  Allocation: GlobalAllocation
  Total Frames: 12
  Trace: report_thrashing_pressure
Results saved to: results\raw\campaign_20260404_140330_266\trace_all_checked_in\trace_report_thrashing_pressure_LRU_GlobalAllocation_f12.json

Running trace experiment: report_thrashing_pressure.csv, LRU, LocalAllocation, frames=12
Running multi-process experiment
  Algorithm: LRU
  Allocation: LocalAllocation
  Total Frames: 12
  Trace: report_thrashing_pressure
Results saved to: results\raw\campaign_20260404_140330_266\trace_all_checked_in\trace_report_thrashing_pressure_LRU_LocalAllocation_f12.json

Running trace experiment: report_thrashing_pressure.csv, LRU, ProportionalAllocation, frames=12
Running multi-process experiment
  Algorithm: LRU
  Allocation: ProportionalAllocation
  Total Frames: 12
  Trace: report_thrashing_pressure
Results saved to: results\raw\campaign_20260404_140330_266\trace_all_checked_in\trace_report_thrashing_pressure_LRU_ProportionalAllocation_f12.json

Running trace experiment: report_thrashing_pressure.csv, NRU, GlobalAllocation, frames=12
Running multi-process experiment
  Algorithm: NRU
  Allocation: GlobalAllocation
  Total Frames: 12
  Trace: report_thrashing_pressure
Results saved to: results\raw\campaign_20260404_140330_266\trace_all_checked_in\trace_report_thrashing_pressure_NRU_GlobalAllocation_f12.json

Running trace experiment: report_thrashing_pressure.csv, NRU, LocalAllocation, frames=12
Running multi-process experiment
  Algorithm: NRU
  Allocation: LocalAllocation
  Total Frames: 12
  Trace: report_thrashing_pressure
Results saved to: results\raw\campaign_20260404_140330_266\trace_all_checked_in\trace_report_thrashing_pressure_NRU_LocalAllocation_f12.json

Running trace experiment: report_thrashing_pressure.csv, NRU, ProportionalAllocation, frames=12
Running multi-process experiment
  Algorithm: NRU
  Allocation: ProportionalAllocation
  Total Frames: 12
  Trace: report_thrashing_pressure
Results saved to: results\raw\campaign_20260404_140330_266\trace_all_checked_in\trace_report_thrashing_pressure_NRU_ProportionalAllocation_f12.json

Running trace experiment: report_thrashing_pressure.csv, SecondChance, GlobalAllocation, frames=12
Running multi-process experiment
  Algorithm: SecondChance
  Allocation: GlobalAllocation
  Total Frames: 12
  Trace: report_thrashing_pressure
Results saved to: results\raw\campaign_20260404_140330_266\trace_all_checked_in\trace_report_thrashing_pressure_SecondChance_GlobalAllocation_f12.json

Running trace experiment: report_thrashing_pressure.csv, SecondChance, LocalAllocation, frames=12
Running multi-process experiment
  Algorithm: SecondChance
  Allocation: LocalAllocation
  Total Frames: 12
  Trace: report_thrashing_pressure
Results saved to: results\raw\campaign_20260404_140330_266\trace_all_checked_in\trace_report_thrashing_pressure_SecondChance_LocalAllocation_f12.json

Running trace experiment: report_thrashing_pressure.csv, SecondChance, ProportionalAllocation, frames=12
Running multi-process experiment
  Algorithm: SecondChance
  Allocation: ProportionalAllocation
  Total Frames: 12
  Trace: report_thrashing_pressure
Results saved to: results\raw\campaign_20260404_140330_266\trace_all_checked_in\trace_report_thrashing_pressure_SecondChance_ProportionalAllocation_f12.json

Running trace experiment: report_thrashing_pressure.csv, WSClock, GlobalAllocation, frames=12
Running multi-process experiment
  Algorithm: WSClock
  Allocation: GlobalAllocation
  Total Frames: 12
  Trace: report_thrashing_pressure
Results saved to: results\raw\campaign_20260404_140330_266\trace_all_checked_in\trace_report_thrashing_pressure_WSClock_GlobalAllocation_f12.json

Running trace experiment: report_thrashing_pressure.csv, WSClock, LocalAllocation, frames=12
Running multi-process experiment
  Algorithm: WSClock
  Allocation: LocalAllocation
  Total Frames: 12
  Trace: report_thrashing_pressure
Results saved to: results\raw\campaign_20260404_140330_266\trace_all_checked_in\trace_report_thrashing_pressure_WSClock_LocalAllocation_f12.json

Running trace experiment: report_thrashing_pressure.csv, WSClock, ProportionalAllocation, frames=12
Running multi-process experiment
  Algorithm: WSClock
  Allocation: ProportionalAllocation
  Total Frames: 12
  Trace: report_thrashing_pressure
Results saved to: results\raw\campaign_20260404_140330_266\trace_all_checked_in\trace_report_thrashing_pressure_WSClock_ProportionalAllocation_f12.json

Running trace experiment: report_thrashing_pressure.csv, FIFO, GlobalAllocation, frames=15
Running multi-process experiment
  Algorithm: FIFO
  Allocation: GlobalAllocation
  Total Frames: 15
  Trace: report_thrashing_pressure
Results saved to: results\raw\campaign_20260404_140330_266\trace_all_checked_in\trace_report_thrashing_pressure_FIFO_GlobalAllocation_f15.json

Running trace experiment: report_thrashing_pressure.csv, FIFO, LocalAllocation, frames=15
Running multi-process experiment
  Algorithm: FIFO
  Allocation: LocalAllocation
  Total Frames: 15
  Trace: report_thrashing_pressure
Results saved to: results\raw\campaign_20260404_140330_266\trace_all_checked_in\trace_report_thrashing_pressure_FIFO_LocalAllocation_f15.json

Running trace experiment: report_thrashing_pressure.csv, FIFO, ProportionalAllocation, frames=15
Running multi-process experiment
  Algorithm: FIFO
  Allocation: ProportionalAllocation
  Total Frames: 15
  Trace: report_thrashing_pressure
Results saved to: results\raw\campaign_20260404_140330_266\trace_all_checked_in\trace_report_thrashing_pressure_FIFO_ProportionalAllocation_f15.json

Running trace experiment: report_thrashing_pressure.csv, LRU, GlobalAllocation, frames=15
Running multi-process experiment
  Algorithm: LRU
  Allocation: GlobalAllocation
  Total Frames: 15
  Trace: report_thrashing_pressure
Results saved to: results\raw\campaign_20260404_140330_266\trace_all_checked_in\trace_report_thrashing_pressure_LRU_GlobalAllocation_f15.json

Running trace experiment: report_thrashing_pressure.csv, LRU, LocalAllocation, frames=15
Running multi-process experiment
  Algorithm: LRU
  Allocation: LocalAllocation
  Total Frames: 15
  Trace: report_thrashing_pressure
Results saved to: results\raw\campaign_20260404_140330_266\trace_all_checked_in\trace_report_thrashing_pressure_LRU_LocalAllocation_f15.json

Running trace experiment: report_thrashing_pressure.csv, LRU, ProportionalAllocation, frames=15
Running multi-process experiment
  Algorithm: LRU
  Allocation: ProportionalAllocation
  Total Frames: 15
  Trace: report_thrashing_pressure
Results saved to: results\raw\campaign_20260404_140330_266\trace_all_checked_in\trace_report_thrashing_pressure_LRU_ProportionalAllocation_f15.json

Running trace experiment: report_thrashing_pressure.csv, NRU, GlobalAllocation, frames=15
Running multi-process experiment
  Algorithm: NRU
  Allocation: GlobalAllocation
  Total Frames: 15
  Trace: report_thrashing_pressure
Results saved to: results\raw\campaign_20260404_140330_266\trace_all_checked_in\trace_report_thrashing_pressure_NRU_GlobalAllocation_f15.json

Running trace experiment: report_thrashing_pressure.csv, NRU, LocalAllocation, frames=15
Running multi-process experiment
  Algorithm: NRU
  Allocation: LocalAllocation
  Total Frames: 15
  Trace: report_thrashing_pressure
Results saved to: results\raw\campaign_20260404_140330_266\trace_all_checked_in\trace_report_thrashing_pressure_NRU_LocalAllocation_f15.json

Running trace experiment: report_thrashing_pressure.csv, NRU, ProportionalAllocation, frames=15
Running multi-process experiment
  Algorithm: NRU
  Allocation: ProportionalAllocation
  Total Frames: 15
  Trace: report_thrashing_pressure
Results saved to: results\raw\campaign_20260404_140330_266\trace_all_checked_in\trace_report_thrashing_pressure_NRU_ProportionalAllocation_f15.json

Running trace experiment: report_thrashing_pressure.csv, SecondChance, GlobalAllocation, frames=15
Running multi-process experiment
  Algorithm: SecondChance
  Allocation: GlobalAllocation
  Total Frames: 15
  Trace: report_thrashing_pressure
Results saved to: results\raw\campaign_20260404_140330_266\trace_all_checked_in\trace_report_thrashing_pressure_SecondChance_GlobalAllocation_f15.json

Running trace experiment: report_thrashing_pressure.csv, SecondChance, LocalAllocation, frames=15
Running multi-process experiment
  Algorithm: SecondChance
  Allocation: LocalAllocation
  Total Frames: 15
  Trace: report_thrashing_pressure
Results saved to: results\raw\campaign_20260404_140330_266\trace_all_checked_in\trace_report_thrashing_pressure_SecondChance_LocalAllocation_f15.json

Running trace experiment: report_thrashing_pressure.csv, SecondChance, ProportionalAllocation, frames=15
Running multi-process experiment
  Algorithm: SecondChance
  Allocation: ProportionalAllocation
  Total Frames: 15
  Trace: report_thrashing_pressure
Results saved to: results\raw\campaign_20260404_140330_266\trace_all_checked_in\trace_report_thrashing_pressure_SecondChance_ProportionalAllocation_f15.json

Running trace experiment: report_thrashing_pressure.csv, WSClock, GlobalAllocation, frames=15
Running multi-process experiment
  Algorithm: WSClock
  Allocation: GlobalAllocation
  Total Frames: 15
  Trace: report_thrashing_pressure
Results saved to: results\raw\campaign_20260404_140330_266\trace_all_checked_in\trace_report_thrashing_pressure_WSClock_GlobalAllocation_f15.json

Running trace experiment: report_thrashing_pressure.csv, WSClock, LocalAllocation, frames=15
Running multi-process experiment
  Algorithm: WSClock
  Allocation: LocalAllocation
  Total Frames: 15
  Trace: report_thrashing_pressure
Results saved to: results\raw\campaign_20260404_140330_266\trace_all_checked_in\trace_report_thrashing_pressure_WSClock_LocalAllocation_f15.json

Running trace experiment: report_thrashing_pressure.csv, WSClock, ProportionalAllocation, frames=15
Running multi-process experiment
  Algorithm: WSClock
  Allocation: ProportionalAllocation
  Total Frames: 15
  Trace: report_thrashing_pressure
Results saved to: results\raw\campaign_20260404_140330_266\trace_all_checked_in\trace_report_thrashing_pressure_WSClock_ProportionalAllocation_f15.json

Running trace experiment: sample_trace.csv, FIFO, GlobalAllocation, frames=4
Running multi-process experiment
  Algorithm: FIFO
  Allocation: GlobalAllocation
  Total Frames: 4
  Trace: sample_trace
Results saved to: results\raw\campaign_20260404_140330_266\trace_all_checked_in\trace_sample_trace_FIFO_GlobalAllocation_f4.json

Running trace experiment: sample_trace.csv, FIFO, LocalAllocation, frames=4
Running multi-process experiment
  Algorithm: FIFO
  Allocation: LocalAllocation
  Total Frames: 4
  Trace: sample_trace
Results saved to: results\raw\campaign_20260404_140330_266\trace_all_checked_in\trace_sample_trace_FIFO_LocalAllocation_f4.json

Running trace experiment: sample_trace.csv, FIFO, ProportionalAllocation, frames=4
Running multi-process experiment
  Algorithm: FIFO
  Allocation: ProportionalAllocation
  Total Frames: 4
  Trace: sample_trace
Results saved to: results\raw\campaign_20260404_140330_266\trace_all_checked_in\trace_sample_trace_FIFO_ProportionalAllocation_f4.json

Running trace experiment: sample_trace.csv, LRU, GlobalAllocation, frames=4
Running multi-process experiment
  Algorithm: LRU
  Allocation: GlobalAllocation
  Total Frames: 4
  Trace: sample_trace
Results saved to: results\raw\campaign_20260404_140330_266\trace_all_checked_in\trace_sample_trace_LRU_GlobalAllocation_f4.json

Running trace experiment: sample_trace.csv, LRU, LocalAllocation, frames=4
Running multi-process experiment
  Algorithm: LRU
  Allocation: LocalAllocation
  Total Frames: 4
  Trace: sample_trace
Results saved to: results\raw\campaign_20260404_140330_266\trace_all_checked_in\trace_sample_trace_LRU_LocalAllocation_f4.json

Running trace experiment: sample_trace.csv, LRU, ProportionalAllocation, frames=4
Running multi-process experiment
  Algorithm: LRU
  Allocation: ProportionalAllocation
  Total Frames: 4
  Trace: sample_trace
Results saved to: results\raw\campaign_20260404_140330_266\trace_all_checked_in\trace_sample_trace_LRU_ProportionalAllocation_f4.json

Running trace experiment: sample_trace.csv, NRU, GlobalAllocation, frames=4
Running multi-process experiment
  Algorithm: NRU
  Allocation: GlobalAllocation
  Total Frames: 4
  Trace: sample_trace
Results saved to: results\raw\campaign_20260404_140330_266\trace_all_checked_in\trace_sample_trace_NRU_GlobalAllocation_f4.json

Running trace experiment: sample_trace.csv, NRU, LocalAllocation, frames=4
Running multi-process experiment
  Algorithm: NRU
  Allocation: LocalAllocation
  Total Frames: 4
  Trace: sample_trace
Results saved to: results\raw\campaign_20260404_140330_266\trace_all_checked_in\trace_sample_trace_NRU_LocalAllocation_f4.json

Running trace experiment: sample_trace.csv, NRU, ProportionalAllocation, frames=4
Running multi-process experiment
  Algorithm: NRU
  Allocation: ProportionalAllocation
  Total Frames: 4
  Trace: sample_trace
Results saved to: results\raw\campaign_20260404_140330_266\trace_all_checked_in\trace_sample_trace_NRU_ProportionalAllocation_f4.json

Running trace experiment: sample_trace.csv, SecondChance, GlobalAllocation, frames=4
Running multi-process experiment
  Algorithm: SecondChance
  Allocation: GlobalAllocation
  Total Frames: 4
  Trace: sample_trace
Results saved to: results\raw\campaign_20260404_140330_266\trace_all_checked_in\trace_sample_trace_SecondChance_GlobalAllocation_f4.json

Running trace experiment: sample_trace.csv, SecondChance, LocalAllocation, frames=4
Running multi-process experiment
  Algorithm: SecondChance
  Allocation: LocalAllocation
  Total Frames: 4
  Trace: sample_trace
Results saved to: results\raw\campaign_20260404_140330_266\trace_all_checked_in\trace_sample_trace_SecondChance_LocalAllocation_f4.json

Running trace experiment: sample_trace.csv, SecondChance, ProportionalAllocation, frames=4
Running multi-process experiment
  Algorithm: SecondChance
  Allocation: ProportionalAllocation
  Total Frames: 4
  Trace: sample_trace
Results saved to: results\raw\campaign_20260404_140330_266\trace_all_checked_in\trace_sample_trace_SecondChance_ProportionalAllocation_f4.json

Running trace experiment: sample_trace.csv, WSClock, GlobalAllocation, frames=4
Running multi-process experiment
  Algorithm: WSClock
  Allocation: GlobalAllocation
  Total Frames: 4
  Trace: sample_trace
Results saved to: results\raw\campaign_20260404_140330_266\trace_all_checked_in\trace_sample_trace_WSClock_GlobalAllocation_f4.json

Running trace experiment: sample_trace.csv, WSClock, LocalAllocation, frames=4
Running multi-process experiment
  Algorithm: WSClock
  Allocation: LocalAllocation
  Total Frames: 4
  Trace: sample_trace
Results saved to: results\raw\campaign_20260404_140330_266\trace_all_checked_in\trace_sample_trace_WSClock_LocalAllocation_f4.json

Running trace experiment: sample_trace.csv, WSClock, ProportionalAllocation, frames=4
Running multi-process experiment
  Algorithm: WSClock
  Allocation: ProportionalAllocation
  Total Frames: 4
  Trace: sample_trace
Results saved to: results\raw\campaign_20260404_140330_266\trace_all_checked_in\trace_sample_trace_WSClock_ProportionalAllocation_f4.json

Running trace experiment: sample_trace.csv, FIFO, GlobalAllocation, frames=5
Running multi-process experiment
  Algorithm: FIFO
  Allocation: GlobalAllocation
  Total Frames: 5
  Trace: sample_trace
Results saved to: results\raw\campaign_20260404_140330_266\trace_all_checked_in\trace_sample_trace_FIFO_GlobalAllocation_f5.json

Running trace experiment: sample_trace.csv, FIFO, LocalAllocation, frames=5
Running multi-process experiment
  Algorithm: FIFO
  Allocation: LocalAllocation
  Total Frames: 5
  Trace: sample_trace
Results saved to: results\raw\campaign_20260404_140330_266\trace_all_checked_in\trace_sample_trace_FIFO_LocalAllocation_f5.json

Running trace experiment: sample_trace.csv, FIFO, ProportionalAllocation, frames=5
Running multi-process experiment
  Algorithm: FIFO
  Allocation: ProportionalAllocation
  Total Frames: 5
  Trace: sample_trace
Results saved to: results\raw\campaign_20260404_140330_266\trace_all_checked_in\trace_sample_trace_FIFO_ProportionalAllocation_f5.json

Running trace experiment: sample_trace.csv, LRU, GlobalAllocation, frames=5
Running multi-process experiment
  Algorithm: LRU
  Allocation: GlobalAllocation
  Total Frames: 5
  Trace: sample_trace
Results saved to: results\raw\campaign_20260404_140330_266\trace_all_checked_in\trace_sample_trace_LRU_GlobalAllocation_f5.json

Running trace experiment: sample_trace.csv, LRU, LocalAllocation, frames=5
Running multi-process experiment
  Algorithm: LRU
  Allocation: LocalAllocation
  Total Frames: 5
  Trace: sample_trace
Results saved to: results\raw\campaign_20260404_140330_266\trace_all_checked_in\trace_sample_trace_LRU_LocalAllocation_f5.json

Running trace experiment: sample_trace.csv, LRU, ProportionalAllocation, frames=5
Running multi-process experiment
  Algorithm: LRU
  Allocation: ProportionalAllocation
  Total Frames: 5
  Trace: sample_trace
Results saved to: results\raw\campaign_20260404_140330_266\trace_all_checked_in\trace_sample_trace_LRU_ProportionalAllocation_f5.json

Running trace experiment: sample_trace.csv, NRU, GlobalAllocation, frames=5
Running multi-process experiment
  Algorithm: NRU
  Allocation: GlobalAllocation
  Total Frames: 5
  Trace: sample_trace
Results saved to: results\raw\campaign_20260404_140330_266\trace_all_checked_in\trace_sample_trace_NRU_GlobalAllocation_f5.json

Running trace experiment: sample_trace.csv, NRU, LocalAllocation, frames=5
Running multi-process experiment
  Algorithm: NRU
  Allocation: LocalAllocation
  Total Frames: 5
  Trace: sample_trace
Results saved to: results\raw\campaign_20260404_140330_266\trace_all_checked_in\trace_sample_trace_NRU_LocalAllocation_f5.json

Running trace experiment: sample_trace.csv, NRU, ProportionalAllocation, frames=5
Running multi-process experiment
  Algorithm: NRU
  Allocation: ProportionalAllocation
  Total Frames: 5
  Trace: sample_trace
Results saved to: results\raw\campaign_20260404_140330_266\trace_all_checked_in\trace_sample_trace_NRU_ProportionalAllocation_f5.json

Running trace experiment: sample_trace.csv, SecondChance, GlobalAllocation, frames=5
Running multi-process experiment
  Algorithm: SecondChance
  Allocation: GlobalAllocation
  Total Frames: 5
  Trace: sample_trace
Results saved to: results\raw\campaign_20260404_140330_266\trace_all_checked_in\trace_sample_trace_SecondChance_GlobalAllocation_f5.json

Running trace experiment: sample_trace.csv, SecondChance, LocalAllocation, frames=5
Running multi-process experiment
  Algorithm: SecondChance
  Allocation: LocalAllocation
  Total Frames: 5
  Trace: sample_trace
Results saved to: results\raw\campaign_20260404_140330_266\trace_all_checked_in\trace_sample_trace_SecondChance_LocalAllocation_f5.json

Running trace experiment: sample_trace.csv, SecondChance, ProportionalAllocation, frames=5
Running multi-process experiment
  Algorithm: SecondChance
  Allocation: ProportionalAllocation
  Total Frames: 5
  Trace: sample_trace
Results saved to: results\raw\campaign_20260404_140330_266\trace_all_checked_in\trace_sample_trace_SecondChance_ProportionalAllocation_f5.json

Running trace experiment: sample_trace.csv, WSClock, GlobalAllocation, frames=5
Running multi-process experiment
  Algorithm: WSClock
  Allocation: GlobalAllocation
  Total Frames: 5
  Trace: sample_trace
Results saved to: results\raw\campaign_20260404_140330_266\trace_all_checked_in\trace_sample_trace_WSClock_GlobalAllocation_f5.json

Running trace experiment: sample_trace.csv, WSClock, LocalAllocation, frames=5
Running multi-process experiment
  Algorithm: WSClock
  Allocation: LocalAllocation
  Total Frames: 5
  Trace: sample_trace
Results saved to: results\raw\campaign_20260404_140330_266\trace_all_checked_in\trace_sample_trace_WSClock_LocalAllocation_f5.json

Running trace experiment: sample_trace.csv, WSClock, ProportionalAllocation, frames=5
Running multi-process experiment
  Algorithm: WSClock
  Allocation: ProportionalAllocation
  Total Frames: 5
  Trace: sample_trace
Results saved to: results\raw\campaign_20260404_140330_266\trace_all_checked_in\trace_sample_trace_WSClock_ProportionalAllocation_f5.json

Running trace experiment: sample_trace.csv, FIFO, GlobalAllocation, frames=6
Running multi-process experiment
  Algorithm: FIFO
  Allocation: GlobalAllocation
  Total Frames: 6
  Trace: sample_trace
Results saved to: results\raw\campaign_20260404_140330_266\trace_all_checked_in\trace_sample_trace_FIFO_GlobalAllocation_f6.json

Running trace experiment: sample_trace.csv, FIFO, LocalAllocation, frames=6
Running multi-process experiment
  Algorithm: FIFO
  Allocation: LocalAllocation
  Total Frames: 6
  Trace: sample_trace
Results saved to: results\raw\campaign_20260404_140330_266\trace_all_checked_in\trace_sample_trace_FIFO_LocalAllocation_f6.json

Running trace experiment: sample_trace.csv, FIFO, ProportionalAllocation, frames=6
Running multi-process experiment
  Algorithm: FIFO
  Allocation: ProportionalAllocation
  Total Frames: 6
  Trace: sample_trace
Results saved to: results\raw\campaign_20260404_140330_266\trace_all_checked_in\trace_sample_trace_FIFO_ProportionalAllocation_f6.json

Running trace experiment: sample_trace.csv, LRU, GlobalAllocation, frames=6
Running multi-process experiment
  Algorithm: LRU
  Allocation: GlobalAllocation
  Total Frames: 6
  Trace: sample_trace
Results saved to: results\raw\campaign_20260404_140330_266\trace_all_checked_in\trace_sample_trace_LRU_GlobalAllocation_f6.json

Running trace experiment: sample_trace.csv, LRU, LocalAllocation, frames=6
Running multi-process experiment
  Algorithm: LRU
  Allocation: LocalAllocation
  Total Frames: 6
  Trace: sample_trace
Results saved to: results\raw\campaign_20260404_140330_266\trace_all_checked_in\trace_sample_trace_LRU_LocalAllocation_f6.json

Running trace experiment: sample_trace.csv, LRU, ProportionalAllocation, frames=6
Running multi-process experiment
  Algorithm: LRU
  Allocation: ProportionalAllocation
  Total Frames: 6
  Trace: sample_trace
Results saved to: results\raw\campaign_20260404_140330_266\trace_all_checked_in\trace_sample_trace_LRU_ProportionalAllocation_f6.json

Running trace experiment: sample_trace.csv, NRU, GlobalAllocation, frames=6
Running multi-process experiment
  Algorithm: NRU
  Allocation: GlobalAllocation
  Total Frames: 6
  Trace: sample_trace
Results saved to: results\raw\campaign_20260404_140330_266\trace_all_checked_in\trace_sample_trace_NRU_GlobalAllocation_f6.json

Running trace experiment: sample_trace.csv, NRU, LocalAllocation, frames=6
Running multi-process experiment
  Algorithm: NRU
  Allocation: LocalAllocation
  Total Frames: 6
  Trace: sample_trace
Results saved to: results\raw\campaign_20260404_140330_266\trace_all_checked_in\trace_sample_trace_NRU_LocalAllocation_f6.json

Running trace experiment: sample_trace.csv, NRU, ProportionalAllocation, frames=6
Running multi-process experiment
  Algorithm: NRU
  Allocation: ProportionalAllocation
  Total Frames: 6
  Trace: sample_trace
Results saved to: results\raw\campaign_20260404_140330_266\trace_all_checked_in\trace_sample_trace_NRU_ProportionalAllocation_f6.json

Running trace experiment: sample_trace.csv, SecondChance, GlobalAllocation, frames=6
Running multi-process experiment
  Algorithm: SecondChance
  Allocation: GlobalAllocation
  Total Frames: 6
  Trace: sample_trace
Results saved to: results\raw\campaign_20260404_140330_266\trace_all_checked_in\trace_sample_trace_SecondChance_GlobalAllocation_f6.json

Running trace experiment: sample_trace.csv, SecondChance, LocalAllocation, frames=6
Running multi-process experiment
  Algorithm: SecondChance
  Allocation: LocalAllocation
  Total Frames: 6
  Trace: sample_trace
Results saved to: results\raw\campaign_20260404_140330_266\trace_all_checked_in\trace_sample_trace_SecondChance_LocalAllocation_f6.json

Running trace experiment: sample_trace.csv, SecondChance, ProportionalAllocation, frames=6
Running multi-process experiment
  Algorithm: SecondChance
  Allocation: ProportionalAllocation
  Total Frames: 6
  Trace: sample_trace
Results saved to: results\raw\campaign_20260404_140330_266\trace_all_checked_in\trace_sample_trace_SecondChance_ProportionalAllocation_f6.json

Running trace experiment: sample_trace.csv, WSClock, GlobalAllocation, frames=6
Running multi-process experiment
  Algorithm: WSClock
  Allocation: GlobalAllocation
  Total Frames: 6
  Trace: sample_trace
Results saved to: results\raw\campaign_20260404_140330_266\trace_all_checked_in\trace_sample_trace_WSClock_GlobalAllocation_f6.json

Running trace experiment: sample_trace.csv, WSClock, LocalAllocation, frames=6
Running multi-process experiment
  Algorithm: WSClock
  Allocation: LocalAllocation
  Total Frames: 6
  Trace: sample_trace
Results saved to: results\raw\campaign_20260404_140330_266\trace_all_checked_in\trace_sample_trace_WSClock_LocalAllocation_f6.json

Running trace experiment: sample_trace.csv, WSClock, ProportionalAllocation, frames=6
Running multi-process experiment
  Algorithm: WSClock
  Allocation: ProportionalAllocation
  Total Frames: 6
  Trace: sample_trace
Results saved to: results\raw\campaign_20260404_140330_266\trace_all_checked_in\trace_sample_trace_WSClock_ProportionalAllocation_f6.json

Running trace experiment: sample_trace.csv, FIFO, GlobalAllocation, frames=8
Running multi-process experiment
  Algorithm: FIFO
  Allocation: GlobalAllocation
  Total Frames: 8
  Trace: sample_trace
Results saved to: results\raw\campaign_20260404_140330_266\trace_all_checked_in\trace_sample_trace_FIFO_GlobalAllocation_f8.json

Running trace experiment: sample_trace.csv, FIFO, LocalAllocation, frames=8
Running multi-process experiment
  Algorithm: FIFO
  Allocation: LocalAllocation
  Total Frames: 8
  Trace: sample_trace
Results saved to: results\raw\campaign_20260404_140330_266\trace_all_checked_in\trace_sample_trace_FIFO_LocalAllocation_f8.json

Running trace experiment: sample_trace.csv, FIFO, ProportionalAllocation, frames=8
Running multi-process experiment
  Algorithm: FIFO
  Allocation: ProportionalAllocation
  Total Frames: 8
  Trace: sample_trace
Results saved to: results\raw\campaign_20260404_140330_266\trace_all_checked_in\trace_sample_trace_FIFO_ProportionalAllocation_f8.json

Running trace experiment: sample_trace.csv, LRU, GlobalAllocation, frames=8
Running multi-process experiment
  Algorithm: LRU
  Allocation: GlobalAllocation
  Total Frames: 8
  Trace: sample_trace
Results saved to: results\raw\campaign_20260404_140330_266\trace_all_checked_in\trace_sample_trace_LRU_GlobalAllocation_f8.json

Running trace experiment: sample_trace.csv, LRU, LocalAllocation, frames=8
Running multi-process experiment
  Algorithm: LRU
  Allocation: LocalAllocation
  Total Frames: 8
  Trace: sample_trace
Results saved to: results\raw\campaign_20260404_140330_266\trace_all_checked_in\trace_sample_trace_LRU_LocalAllocation_f8.json

Running trace experiment: sample_trace.csv, LRU, ProportionalAllocation, frames=8
Running multi-process experiment
  Algorithm: LRU
  Allocation: ProportionalAllocation
  Total Frames: 8
  Trace: sample_trace
Results saved to: results\raw\campaign_20260404_140330_266\trace_all_checked_in\trace_sample_trace_LRU_ProportionalAllocation_f8.json

Running trace experiment: sample_trace.csv, NRU, GlobalAllocation, frames=8
Running multi-process experiment
  Algorithm: NRU
  Allocation: GlobalAllocation
  Total Frames: 8
  Trace: sample_trace
Results saved to: results\raw\campaign_20260404_140330_266\trace_all_checked_in\trace_sample_trace_NRU_GlobalAllocation_f8.json

Running trace experiment: sample_trace.csv, NRU, LocalAllocation, frames=8
Running multi-process experiment
  Algorithm: NRU
  Allocation: LocalAllocation
  Total Frames: 8
  Trace: sample_trace
Results saved to: results\raw\campaign_20260404_140330_266\trace_all_checked_in\trace_sample_trace_NRU_LocalAllocation_f8.json

Running trace experiment: sample_trace.csv, NRU, ProportionalAllocation, frames=8
Running multi-process experiment
  Algorithm: NRU
  Allocation: ProportionalAllocation
  Total Frames: 8
  Trace: sample_trace
Results saved to: results\raw\campaign_20260404_140330_266\trace_all_checked_in\trace_sample_trace_NRU_ProportionalAllocation_f8.json

Running trace experiment: sample_trace.csv, SecondChance, GlobalAllocation, frames=8
Running multi-process experiment
  Algorithm: SecondChance
  Allocation: GlobalAllocation
  Total Frames: 8
  Trace: sample_trace
Results saved to: results\raw\campaign_20260404_140330_266\trace_all_checked_in\trace_sample_trace_SecondChance_GlobalAllocation_f8.json

Running trace experiment: sample_trace.csv, SecondChance, LocalAllocation, frames=8
Running multi-process experiment
  Algorithm: SecondChance
  Allocation: LocalAllocation
  Total Frames: 8
  Trace: sample_trace
Results saved to: results\raw\campaign_20260404_140330_266\trace_all_checked_in\trace_sample_trace_SecondChance_LocalAllocation_f8.json

Running trace experiment: sample_trace.csv, SecondChance, ProportionalAllocation, frames=8
Running multi-process experiment
  Algorithm: SecondChance
  Allocation: ProportionalAllocation
  Total Frames: 8
  Trace: sample_trace
Results saved to: results\raw\campaign_20260404_140330_266\trace_all_checked_in\trace_sample_trace_SecondChance_ProportionalAllocation_f8.json

Running trace experiment: sample_trace.csv, WSClock, GlobalAllocation, frames=8
Running multi-process experiment
  Algorithm: WSClock
  Allocation: GlobalAllocation
  Total Frames: 8
  Trace: sample_trace
Results saved to: results\raw\campaign_20260404_140330_266\trace_all_checked_in\trace_sample_trace_WSClock_GlobalAllocation_f8.json

Running trace experiment: sample_trace.csv, WSClock, LocalAllocation, frames=8
Running multi-process experiment
  Algorithm: WSClock
  Allocation: LocalAllocation
  Total Frames: 8
  Trace: sample_trace
Results saved to: results\raw\campaign_20260404_140330_266\trace_all_checked_in\trace_sample_trace_WSClock_LocalAllocation_f8.json

Running trace experiment: sample_trace.csv, WSClock, ProportionalAllocation, frames=8
Running multi-process experiment
  Algorithm: WSClock
  Allocation: ProportionalAllocation
  Total Frames: 8
  Trace: sample_trace
Results saved to: results\raw\campaign_20260404_140330_266\trace_all_checked_in\trace_sample_trace_WSClock_ProportionalAllocation_f8.json
Summary report saved to: results\raw\campaign_20260404_140330_266\trace_all_checked_in\summary_report.txt
Summary figure saved to: results\raw\campaign_20260404_140330_266\trace_all_checked_in\figures\summary_figure.png
Plot saved to: results\raw\campaign_20260404_140330_266\trace_all_checked_in\figures\page_fault_comparison.png
Plot saved to: results\raw\campaign_20260404_140330_266\trace_all_checked_in\figures\fairness_comparison.png
BATCH_DONE

python.exe : 
At line:55 char:1
+ & python -c $code $outDir 1> $stdoutPath 2> $stderrPath;
+ ~~~~~~~~~~~~~~~~~~~~~~~~~~~~~~~~~~~~~~~~~~~~~~~~~~~~~~~
    + CategoryInfo          : NotSpecified: (:String) [], RemoteException
    + FullyQualifiedErrorId : NativeCommandError
 
Trials:   0%|          | 0/10 [00:00<?, ?it/s]
Trials: 100%|##########| 10/10 [00:00<00:00, 7019.76it/s]

Trials:   0%|          | 0/10 [00:00<?, ?it/s]
Trials: 100%|##########| 10/10 [00:00<00:00, 7942.25it/s]

Trials:   0%|          | 0/10 [00:00<?, ?it/s]
Trials: 100%|##########| 10/10 [00:00<00:00, 8109.64it/s]

Trials:   0%|          | 0/10 [00:00<?, ?it/s]
Trials: 100%|##########| 10/10 [00:00<00:00, 7372.66it/s]

Trials:   0%|          | 0/10 [00:00<?, ?it/s]
Trials: 100%|##########| 10/10 [00:00<00:00, 8144.28it/s]

Trials:   0%|          | 0/10 [00:00<?, ?it/s]
Trials: 100%|##########| 10/10 [00:00<00:00, 8016.64it/s]

Trials:   0%|          | 0/10 [00:00<?, ?it/s]
Trials: 100%|##########| 10/10 [00:00<00:00, 6294.92it/s]

Trials:   0%|          | 0/10 [00:00<?, ?it/s]
Trials: 100%|##########| 10/10 [00:00<00:00, 8176.03it/s]

Trials:   0%|          | 0/10 [00:00<?, ?it/s]
Trials: 100%|##########| 10/10 [00:00<00:00, 8261.38it/s]

Trials:   0%|          | 0/10 [00:00<?, ?it/s]
Trials: 100%|##########| 10/10 [00:00<00:00, 7194.35it/s]

Trials:   0%|          | 0/10 [00:00<?, ?it/s]
Trials: 100%|##########| 10/10 [00:00<00:00, 7467.16it/s]

Trials:   0%|          | 0/10 [00:00<?, ?it/s]
Trials: 100%|##########| 10/10 [00:00<00:00, 7933.24it/s]

Trials:   0%|          | 0/10 [00:00<?, ?it/s]
Trials: 100%|##########| 10/10 [00:00<00:00, 7863.34it/s]

Trials:   0%|          | 0/10 [00:00<?, ?it/s]
Trials: 100%|##########| 10/10 [00:00<00:00, 7937.74it/s]

Trials:   0%|          | 0/10 [00:00<?, ?it/s]
Trials: 100%|##########| 10/10 [00:00<00:00, 8117.48it/s]

Trials:   0%|          | 0/10 [00:00<?, ?it/s]
Trials: 100%|##########| 10/10 [00:00<00:00, 7111.40it/s]

Trials:   0%|          | 0/10 [00:00<?, ?it/s]
Trials: 100%|##########| 10/10 [00:00<00:00, 7586.01it/s]

Trials:   0%|          | 0/10 [00:00<?, ?it/s]
Trials: 100%|##########| 10/10 [00:00<00:00, 7541.00it/s]

Trials:   0%|          | 0/10 [00:00<?, ?it/s]
Trials: 100%|##########| 10/10 [00:00<00:00, 6888.33it/s]

Trials:   0%|          | 0/10 [00:00<?, ?it/s]
Trials: 100%|##########| 10/10 [00:00<00:00, 7415.67it/s]

Trials:   0%|          | 0/10 [00:00<?, ?it/s]
Trials: 100%|##########| 10/10 [00:00<00:00, 7377.84it/s]

Trials:   0%|          | 0/10 [00:00<?, ?it/s]
Trials: 100%|##########| 10/10 [00:00<00:00, 7220.35it/s]

Trials:   0%|          | 0/10 [00:00<?, ?it/s]
Trials: 100%|##########| 10/10 [00:00<00:00, 7505.91it/s]

Trials:   0%|          | 0/10 [00:00<?, ?it/s]
Trials: 100%|##########| 10/10 [00:00<00:00, 7546.43it/s]

Trials:   0%|          | 0/10 [00:00<?, ?it/s]
Trials: 100%|##########| 10/10 [00:00<00:00, 7294.44it/s]

Trials:   0%|          | 0/10 [00:00<?, ?it/s]
Trials: 100%|##########| 10/10 [00:00<00:00, 7422.23it/s]

Trials:   0%|          | 0/10 [00:00<?, ?it/s]
Trials: 100%|##########| 10/10 [00:00<00:00, 7035.06it/s]

Trials:   0%|          | 0/10 [00:00<?, ?it/s]
Trials: 100%|##########| 10/10 [00:00<00:00, 7108.99it/s]

Trials:   0%|          | 0/10 [00:00<?, ?it/s]
Trials: 100%|##########| 10/10 [00:00<00:00, 7426.18it/s]

Trials:   0%|          | 0/10 [00:00<?, ?it/s]
Trials: 100%|##########| 10/10 [00:00<00:00, 7641.29it/s]

Trials:   0%|          | 0/10 [00:00<?, ?it/s]
Trials: 100%|##########| 10/10 [00:00<00:00, 7326.30it/s]

Trials:   0%|          | 0/10 [00:00<?, ?it/s]
Trials: 100%|##########| 10/10 [00:00<00:00, 7721.47it/s]

Trials:   0%|          | 0/10 [00:00<?, ?it/s]
Trials: 100%|##########| 10/10 [00:00<00:00, 7423.55it/s]

Trials:   0%|          | 0/10 [00:00<?, ?it/s]
Trials: 100%|##########| 10/10 [00:00<00:00, 7080.19it/s]

Trials:   0%|          | 0/10 [00:00<?, ?it/s]
Trials: 100%|##########| 10/10 [00:00<00:00, 7456.54it/s]

Trials:   0%|          | 0/10 [00:00<?, ?it/s]
Trials: 100%|##########| 10/10 [00:00<00:00, 7340.40it/s]

Trials:   0%|          | 0/10 [00:00<?, ?it/s]
Trials: 100%|##########| 10/10 [00:00<00:00, 7180.80it/s]

Trials:   0%|          | 0/10 [00:00<?, ?it/s]
Trials: 100%|##########| 10/10 [00:00<00:00, 7656.63it/s]

Trials:   0%|          | 0/10 [00:00<?, ?it/s]
Trials: 100%|##########| 10/10 [00:00<00:00, 7479.14it/s]

Trials:   0%|          | 0/10 [00:00<?, ?it/s]
Trials: 100%|##########| 10/10 [00:00<00:00, 7257.84it/s]

Trials:   0%|          | 0/10 [00:00<?, ?it/s]
Trials: 100%|##########| 10/10 [00:00<00:00, 7639.90it/s]

Trials:   0%|          | 0/10 [00:00<?, ?it/s]
Trials: 100%|##########| 10/10 [00:00<00:00, 7488.49it/s]

Trials:   0%|          | 0/10 [00:00<?, ?it/s]
Trials: 100%|##########| 10/10 [00:00<00:00, 5626.16it/s]

Trials:   0%|          | 0/10 [00:00<?, ?it/s]
Trials: 100%|##########| 10/10 [00:00<00:00, 7354.56it/s]

Trials:   0%|          | 0/10 [00:00<?, ?it/s]
Trials: 100%|##########| 10/10 [00:00<00:00, 7348.11it/s]

Trials:   0%|          | 0/10 [00:00<?, ?it/s]
Trials: 100%|##########| 10/10 [00:00<00:00, 7230.31it/s]

Trials:   0%|          | 0/10 [00:00<?, ?it/s]
Trials: 100%|##########| 10/10 [00:00<00:00, 7747.14it/s]

Trials:   0%|          | 0/10 [00:00<?, ?it/s]
Trials: 100%|##########| 10/10 [00:00<00:00, 7617.70it/s]

Trials:   0%|          | 0/10 [00:00<?, ?it/s]
Trials: 100%|##########| 10/10 [00:00<00:00, 7135.60it/s]

Trials:   0%|          | 0/10 [00:00<?, ?it/s]
Trials: 100%|##########| 10/10 [00:00<00:00, 7504.57it/s]

Trials:   0%|          | 0/10 [00:00<?, ?it/s]
Trials: 100%|##########| 10/10 [00:00<00:00, 7465.83it/s]

Trials:   0%|          | 0/10 [00:00<?, ?it/s]
Trials: 100%|##########| 10/10 [00:00<00:00, 7260.35it/s]

Trials:   0%|          | 0/10 [00:00<?, ?it/s]
Trials: 100%|##########| 10/10 [00:00<00:00, 7504.57it/s]

Trials:   0%|          | 0/10 [00:00<?, ?it/s]
Trials: 100%|##########| 10/10 [00:00<00:00, 7509.94it/s]

Trials:   0%|          | 0/10 [00:00<?, ?it/s]
Trials: 100%|##########| 10/10 [00:00<00:00, 7331.42it/s]

Trials:   0%|          | 0/10 [00:00<?, ?it/s]
Trials: 100%|##########| 10/10 [00:00<00:00, 7531.52it/s]

Trials:   0%|          | 0/10 [00:00<?, ?it/s]
Trials: 100%|##########| 10/10 [00:00<00:00, 7553.22it/s]

Trials:   0%|          | 0/10 [00:00<?, ?it/s]
Trials: 100%|##########| 10/10 [00:00<00:00, 7296.98it/s]

Trials:   0%|          | 0/10 [00:00<?, ?it/s]
Trials: 100%|##########| 10/10 [00:00<00:00, 7503.23it/s]

Trials:   0%|          | 0/10 [00:00<?, ?it/s]
Trials: 100%|##########| 10/10 [00:00<00:00, 7542.36it/s]

Trials:   0%|          | 0/10 [00:00<?, ?it/s]
Trials: 100%|##########| 10/10 [00:00<00:00, 5846.53it/s]

Trials:   0%|          | 0/10 [00:00<?, ?it/s]
Trials: 100%|##########| 10/10 [00:00<00:00, 6118.61it/s]

Trials:   0%|          | 0/10 [00:00<?, ?it/s]
Trials: 100%|##########| 10/10 [00:00<00:00, 6029.76it/s]

Trials:   0%|          | 0/10 [00:00<?, ?it/s]
Trials: 100%|##########| 10/10 [00:00<00:00, 5611.86it/s]

Trials:   0%|          | 0/10 [00:00<?, ?it/s]
Trials: 100%|##########| 10/10 [00:00<00:00, 5929.18it/s]

Trials:   0%|          | 0/10 [00:00<?, ?it/s]
Trials: 100%|##########| 10/10 [00:00<00:00, 5990.15it/s]

Trials:   0%|          | 0/10 [00:00<?, ?it/s]
Trials: 100%|##########| 10/10 [00:00<00:00, 5579.76it/s]

Trials:   0%|          | 0/10 [00:00<?, ?it/s]
Trials: 100%|##########| 10/10 [00:00<00:00, 5991.86it/s]

Trials:   0%|          | 0/10 [00:00<?, ?it/s]
Trials: 100%|##########| 10/10 [00:00<00:00, 5866.98it/s]

Trials:   0%|          | 0/10 [00:00<?, ?it/s]
Trials: 100%|##########| 10/10 [00:00<00:00, 5602.12it/s]

Trials:   0%|          | 0/10 [00:00<?, ?it/s]
Trials: 100%|##########| 10/10 [00:00<00:00, 6103.47it/s]

Trials:   0%|          | 0/10 [00:00<?, ?it/s]
Trials: 100%|##########| 10/10 [00:00<00:00, 5840.02it/s]

Trials:   0%|          | 0/10 [00:00<?, ?it/s]
Trials: 100%|##########| 10/10 [00:00<00:00, 5049.73it/s]

Trials:   0%|          | 0/10 [00:00<?, ?it/s]
Trials: 100%|##########| 10/10 [00:00<00:00, 5886.74it/s]

Trials:   0%|          | 0/10 [00:00<?, ?it/s]
Trials: 100%|##########| 10/10 [00:00<00:00, 5588.68it/s]

Trials:   0%|          | 0/10 [00:00<?, ?it/s]
Trials: 100%|##########| 10/10 [00:00<00:00, 5870.26it/s]

Trials:   0%|          | 0/10 [00:00<?, ?it/s]
Trials: 100%|##########| 10/10 [00:00<00:00, 5518.09it/s]

Trials:   0%|          | 0/10 [00:00<?, ?it/s]
Trials: 100%|##########| 10/10 [00:00<00:00, 6344.43it/s]

Trials:   0%|          | 0/10 [00:00<?, ?it/s]
Trials: 100%|##########| 10/10 [00:00<00:00, 5769.33it/s]

Trials:   0%|          | 0/10 [00:00<?, ?it/s]
Trials: 100%|##########| 10/10 [00:00<00:00, 6075.18it/s]

Trials:   0%|          | 0/10 [00:00<?, ?it/s]
Trials: 100%|##########| 10/10 [00:00<00:00, 6247.10it/s]

Trials:   0%|          | 0/10 [00:00<?, ?it/s]
Trials: 100%|##########| 10/10 [00:00<00:00, 5542.16it/s]

Trials:   0%|          | 0/10 [00:00<?, ?it/s]
Trials: 100%|##########| 10/10 [00:00<00:00, 5747.98it/s]

Trials:   0%|          | 0/10 [00:00<?, ?it/s]
Trials: 100%|##########| 10/10 [00:00<00:00, 1498.34it/s]

Trials:   0%|          | 0/10 [00:00<?, ?it/s]
Trials: 100%|##########| 10/10 [00:00<00:00, 669.78it/s]

Trials:   0%|          | 0/10 [00:00<?, ?it/s]
Trials: 100%|##########| 10/10 [00:00<00:00, 4117.31it/s]

Trials:   0%|          | 0/10 [00:00<?, ?it/s]
Trials: 100%|##########| 10/10 [00:00<00:00, 6155.42it/s]

Trials:   0%|          | 0/10 [00:00<?, ?it/s]
Trials: 100%|##########| 10/10 [00:00<00:00, 5780.46it/s]

Trials:   0%|          | 0/10 [00:00<?, ?it/s]
Trials: 100%|##########| 10/10 [00:00<00:00, 5822.19it/s]

Trials:   0%|          | 0/10 [00:00<?, ?it/s]
Trials: 100%|##########| 10/10 [00:00<00:00, 6318.63it/s]

Trials:   0%|          | 0/10 [00:00<?, ?it/s]
Trials: 100%|##########| 10/10 [00:00<00:00, 5573.83it/s]

Trials:   0%|          | 0/10 [00:00<?, ?it/s]
Trials: 100%|##########| 10/10 [00:00<00:00, 6097.26it/s]

Trials:   0%|          | 0/10 [00:00<?, ?it/s]
Trials: 100%|##########| 10/10 [00:00<00:00, 6192.68it/s]

Trials:   0%|          | 0/10 [00:00<?, ?it/s]
Trials: 100%|##########| 10/10 [00:00<00:00, 5762.20it/s]

Trials:   0%|          | 0/10 [00:00<?, ?it/s]
Trials: 100%|##########| 10/10 [00:00<00:00, 5914.97it/s]

Trials:   0%|          | 0/10 [00:00<?, ?it/s]
Trials: 100%|##########| 10/10 [00:00<00:00, 5904.98it/s]

Trials:   0%|          | 0/10 [00:00<?, ?it/s]
Trials: 100%|##########| 10/10 [00:00<00:00, 5938.42it/s]

Trials:   0%|          | 0/10 [00:00<?, ?it/s]
Trials: 100%|##########| 10/10 [00:00<00:00, 6133.82it/s]

Trials:   0%|          | 0/10 [00:00<?, ?it/s]
Trials: 100%|##########| 10/10 [00:00<00:00, 6263.89it/s]

Trials:   0%|          | 0/10 [00:00<?, ?it/s]
Trials: 100%|##########| 10/10 [00:00<00:00, 5874.38it/s]

Trials:   0%|          | 0/10 [00:00<?, ?it/s]
Trials: 100%|##########| 10/10 [00:00<00:00, 6076.06it/s]

Trials:   0%|          | 0/10 [00:00<?, ?it/s]
Trials: 100%|##########| 10/10 [00:00<00:00, 5623.90it/s]

Trials:   0%|          | 0/10 [00:00<?, ?it/s]
Trials: 100%|##########| 10/10 [00:00<00:00, 5769.33it/s]

Trials:   0%|          | 0/10 [00:00<?, ?it/s]
Trials: 100%|##########| 10/10 [00:00<00:00, 5840.84it/s]

Trials:   0%|          | 0/10 [00:00<?, ?it/s]
Trials: 100%|##########| 10/10 [00:00<00:00, 6068.15it/s]

Trials:   0%|          | 0/10 [00:00<?, ?it/s]
Trials: 100%|##########| 10/10 [00:00<00:00, 5794.84it/s]

Trials:   0%|          | 0/10 [00:00<?, ?it/s]
Trials: 100%|##########| 10/10 [00:00<00:00, 6195.43it/s]

Trials:   0%|          | 0/10 [00:00<?, ?it/s]
Trials: 100%|##########| 10/10 [00:00<00:00, 6170.82it/s]

Trials:   0%|          | 0/10 [00:00<?, ?it/s]
Trials: 100%|##########| 10/10 [00:00<00:00, 5774.10it/s]

Trials:   0%|          | 0/10 [00:00<?, ?it/s]
Trials: 100%|##########| 10/10 [00:00<00:00, 5969.69it/s]

Trials:   0%|          | 0/10 [00:00<?, ?it/s]
Trials: 100%|##########| 10/10 [00:00<00:00, 5853.06it/s]

Trials:   0%|          | 0/10 [00:00<?, ?it/s]
Trials: 100%|##########| 10/10 [00:00<00:00, 5921.65it/s]

Trials:   0%|          | 0/10 [00:00<?, ?it/s]
Trials: 100%|##########| 10/10 [00:00<00:00, 6129.34it/s]

Trials:   0%|          | 0/10 [00:00<?, ?it/s]
Trials: 100%|##########| 10/10 [00:00<00:00, 6178.09it/s]

Trials:   0%|          | 0/10 [00:00<?, ?it/s]
Trials: 100%|##########| 10/10 [00:00<00:00, 5840.02it/s]

Trials:   0%|          | 0/10 [00:00<?, ?it/s]
Trials: 100%|##########| 10/10 [00:00<00:00, 5821.38it/s]

Trials:   0%|          | 0/10 [00:00<?, ?it/s]
Trials: 100%|##########| 10/10 [00:00<00:00, 6018.52it/s]

Trials:   0%|          | 0/10 [00:00<?, ?it/s]
Trials: 100%|##########| 10/10 [00:00<00:00, 5850.61it/s]

Trials:   0%|          | 0/10 [00:00<?, ?it/s]
Trials: 100%|##########| 10/10 [00:00<00:00, 5780.46it/s]

Trials:   0%|          | 0/10 [00:00<?, ?it/s]
Trials: 100%|##########| 10/10 [00:00<00:00, 5979.05it/s]

Trials:   0%|          | 0/10 [00:00<?, ?it/s]
Trials: 100%|##########| 10/10 [00:00<00:00, 6168.09it/s]

Trials:   0%|          | 0/10 [00:00<?, ?it/s]
Trials: 100%|##########| 10/10 [00:00<00:00, 6389.86it/s]

Trials:   0%|          | 0/10 [00:00<?, ?it/s]
Trials: 100%|##########| 10/10 [00:00<00:00, 6528.10it/s]

Trials:   0%|          | 0/10 [00:00<?, ?it/s]
Trials: 100%|##########| 10/10 [00:00<00:00, 5518.09it/s]

Trials:   0%|          | 0/10 [00:00<?, ?it/s]
Trials: 100%|##########| 10/10 [00:00<00:00, 5464.18it/s]

Trials:   0%|          | 0/10 [00:00<?, ?it/s]
Trials: 100%|##########| 10/10 [00:00<00:00, 6246.17it/s]

Trials:   0%|          | 0/10 [00:00<?, ?it/s]
Trials: 100%|##########| 10/10 [00:00<00:00, 5795.64it/s]

Trials:   0%|          | 0/10 [00:00<?, ?it/s]
Trials: 100%|##########| 10/10 [00:00<00:00, 6370.45it/s]

Trials:   0%|          | 0/10 [00:00<?, ?it/s]
Trials: 100%|##########| 10/10 [00:00<00:00, 6323.39it/s]

Trials:   0%|          | 0/10 [00:00<?, ?it/s]
Trials: 100%|##########| 10/10 [00:00<00:00, 5945.15it/s]

Trials:   0%|          | 0/10 [00:00<?, ?it/s]
Trials: 100%|##########| 10/10 [00:00<00:00, 6140.10it/s]

Trials:   0%|          | 0/10 [00:00<?, ?it/s]
Trials: 100%|##########| 10/10 [00:00<00:00, 6297.75it/s]

Trials:   0%|          | 0/10 [00:00<?, ?it/s]
Trials: 100%|##########| 10/10 [00:00<00:00, 4791.85it/s]

Trials:   0%|          | 0/10 [00:00<?, ?it/s]
Trials: 100%|##########| 10/10 [00:00<00:00, 5904.98it/s]

Trials:   0%|          | 0/10 [00:00<?, ?it/s]
Trials: 100%|##########| 10/10 [00:00<00:00, 5614.11it/s]

Trials:   0%|          | 0/10 [00:00<?, ?it/s]
Trials: 100%|##########| 10/10 [00:00<00:00, 5985.02it/s]

Trials:   0%|          | 0/10 [00:00<?, ?it/s]
Trials: 100%|##########| 10/10 [00:00<00:00, 6766.10it/s]

Trials:   0%|          | 0/10 [00:00<?, ?it/s]
Trials: 100%|##########| 10/10 [00:00<00:00, 3791.98it/s]

Trials:   0%|          | 0/10 [00:00<?, ?it/s]
Trials: 100%|##########| 10/10 [00:00<00:00, 4164.32it/s]

Trials:   0%|          | 0/10 [00:00<?, ?it/s]
Trials: 100%|##########| 10/10 [00:00<00:00, 3021.18it/s]

Trials:   0%|          | 0/10 [00:00<?, ?it/s]
Trials: 100%|##########| 10/10 [00:00<00:00, 6574.14it/s]

Trials:   0%|          | 0/10 [00:00<?, ?it/s]
Trials: 100%|##########| 10/10 [00:00<00:00, 6322.44it/s]

Trials:   0%|          | 0/10 [00:00<?, ?it/s]
Trials: 100%|##########| 10/10 [00:00<00:00, 6900.80it/s]

Trials:   0%|          | 0/10 [00:00<?, ?it/s]
Trials: 100%|##########| 10/10 [00:00<00:00, 6856.80it/s]

Trials:   0%|          | 0/10 [00:00<?, ?it/s]
Trials: 100%|##########| 10/10 [00:00<00:00, 6157.23it/s]

Trials:   0%|          | 0/10 [00:00<?, ?it/s]
Trials: 100%|##########| 10/10 [00:00<00:00, 6740.00it/s]

Trials:   0%|          | 0/10 [00:00<?, ?it/s]
Trials: 100%|##########| 10/10 [00:00<00:00, 5416.20it/s]

Trials:   0%|          | 0/10 [00:00<?, ?it/s]
Trials: 100%|##########| 10/10 [00:00<00:00, 6221.16it/s]

Trials:   0%|          | 0/10 [00:00<?, ?it/s]
Trials: 100%|##########| 10/10 [00:00<00:00, 6766.10it/s]

Trials:   0%|          | 0/10 [00:00<?, ?it/s]
Trials: 100%|##########| 10/10 [00:00<00:00, 5250.76it/s]

Trials:   0%|          | 0/10 [00:00<?, ?it/s]
Trials: 100%|##########| 10/10 [00:00<00:00, 6205.51it/s]

Trials:   0%|          | 0/10 [00:00<?, ?it/s]
Trials: 100%|##########| 10/10 [00:00<00:00, 6774.84it/s]

Trials:   0%|          | 0/10 [00:00<?, ?it/s]
Trials: 100%|##########| 10/10 [00:00<00:00, 6701.24it/s]

Trials:   0%|          | 0/10 [00:00<?, ?it/s]
Trials: 100%|##########| 10/10 [00:00<00:00, 6247.10it/s]

Trials:   0%|          | 0/10 [00:00<?, ?it/s]
Trials: 100%|##########| 10/10 [00:00<00:00, 6332.94it/s]

Trials:   0%|          | 0/10 [00:00<?, ?it/s]
Trials: 100%|##########| 10/10 [00:00<00:00, 6572.08it/s]

Trials:   0%|          | 0/10 [00:00<?, ?it/s]
Trials: 100%|##########| 10/10 [00:00<00:00, 6186.29it/s]

Trials:   0%|          | 0/10 [00:00<?, ?it/s]
Trials: 100%|##########| 10/10 [00:00<00:00, 6929.30it/s]

Trials:   0%|          | 0/10 [00:00<?, ?it/s]
Trials: 100%|##########| 10/10 [00:00<00:00, 6525.05it/s]

Trials:   0%|          | 0/10 [00:00<?, ?it/s]
Trials: 100%|##########| 10/10 [00:00<00:00, 6045.41it/s]

Trials:   0%|          | 0/10 [00:00<?, ?it/s]
Trials: 100%|##########| 10/10 [00:00<00:00, 6684.15it/s]

Trials:   0%|          | 0/10 [00:00<?, ?it/s]
Trials: 100%|##########| 10/10 [00:00<00:00, 6616.67it/s]

Trials:   0%|          | 0/10 [00:00<?, ?it/s]
Trials: 100%|##########| 10/10 [00:00<00:00, 6200.92it/s]

Trials:   0%|          | 0/10 [00:00<?, ?it/s]
Trials: 100%|##########| 10/10 [00:00<00:00, 6812.25it/s]

Trials:   0%|          | 0/10 [00:00<?, ?it/s]
Trials: 100%|##########| 10/10 [00:00<00:00, 6722.72it/s]

Trials:   0%|          | 0/10 [00:00<?, ?it/s]
Trials: 100%|##########| 10/10 [00:00<00:00, 6420.18it/s]

Trials:   0%|          | 0/10 [00:00<?, ?it/s]
Trials: 100%|##########| 10/10 [00:00<00:00, 6685.22it/s]

Trials:   0%|          | 0/10 [00:00<?, ?it/s]
Trials: 100%|##########| 10/10 [00:00<00:00, 6731.35it/s]

Trials:   0%|          | 0/10 [00:00<?, ?it/s]
Trials: 100%|##########| 10/10 [00:00<00:00, 6286.43it/s]

Trials:   0%|          | 0/10 [00:00<?, ?it/s]
Trials: 100%|##########| 10/10 [00:00<00:00, 6762.82it/s]

Trials:   0%|          | 0/10 [00:00<?, ?it/s]
Trials: 100%|##########| 10/10 [00:00<00:00, 5605.86it/s]

Trials:   0%|          | 0/10 [00:00<?, ?it/s]
Trials: 100%|##########| 10/10 [00:00<00:00, 6486.71it/s]

Trials:   0%|          | 0/10 [00:00<?, ?it/s]
Trials: 100%|##########| 10/10 [00:00<00:00, 6925.87it/s]

Trials:   0%|          | 0/10 [00:00<?, ?it/s]
Trials: 100%|##########| 10/10 [00:00<00:00, 6887.20it/s]

Trials:   0%|          | 0/10 [00:00<?, ?it/s]
Trials: 100%|##########| 10/10 [00:00<00:00, 6276.08it/s]

Trials:   0%|          | 0/10 [00:00<?, ?it/s]
Trials: 100%|##########| 10/10 [00:00<00:00, 6732.43it/s]

Trials:   0%|          | 0/10 [00:00<?, ?it/s]
Trials: 100%|##########| 10/10 [00:00<00:00, 6938.47it/s]

Trials:   0%|          | 0/10 [00:00<?, ?it/s]
Trials: 100%|##########| 10/10 [00:00<00:00, 6336.76it/s]

Trials:   0%|          | 0/10 [00:00<?, ?it/s]
Trials: 100%|##########| 10/10 [00:00<00:00, 4080.06it/s]

Trials:   0%|          | 0/10 [00:00<?, ?it/s]
Trials: 100%|##########| 10/10 [00:00<00:00, 6702.31it/s]

Trials:   0%|          | 0/10 [00:00<?, ?it/s]
Trials: 100%|##########| 10/10 [00:00<00:00, 5896.67it/s]

Trials:   0%|          | 0/10 [00:00<?, ?it/s]
Trials: 100%|##########| 10/10 [00:00<00:00, 6444.84it/s]

Trials:   0%|          | 0/10 [00:00<?, ?it/s]
Trials: 100%|##########| 10/10 [00:00<00:00, 6555.65it/s]

Trials:   0%|          | 0/10 [00:00<?, ?it/s]
Trials: 100%|##########| 10/10 [00:00<00:00, 5694.14it/s]

Trials:   0%|          | 0/10 [00:00<?, ?it/s]
Trials: 100%|##########| 10/10 [00:00<00:00, 6109.69it/s]

Trials:   0%|          | 0/10 [00:00<?, ?it/s]
Trials: 100%|##########| 10/10 [00:00<00:00, 6226.70it/s]

Trials:   0%|          | 0/10 [00:00<?, ?it/s]
Trials: 100%|##########| 10/10 [00:00<00:00, 5036.39it/s]

Trials:   0%|          | 0/10 [00:00<?, ?it/s]
Trials: 100%|##########| 10/10 [00:00<00:00, 5921.65it/s]

Trials:   0%|          | 0/10 [00:00<?, ?it/s]
Trials: 100%|##########| 10/10 [00:00<00:00, 5905.81it/s]

Trials:   0%|          | 0/10 [00:00<?, ?it/s]
Trials: 100%|##########| 10/10 [00:00<00:00, 5535.57it/s]

Trials:   0%|          | 0/10 [00:00<?, ?it/s]
Trials: 100%|##########| 10/10 [00:00<00:00, 6149.10it/s]

Trials:   0%|          | 0/10 [00:00<?, ?it/s]
Trials: 100%|##########| 10/10 [00:00<00:00, 6137.41it/s]

Trials:   0%|          | 0/10 [00:00<?, ?it/s]
Trials: 100%|##########| 10/10 [00:00<00:00, 3968.50it/s]

Trials:   0%|          | 0/10 [00:00<?, ?it/s]
Trials: 100%|##########| 10/10 [00:00<00:00, 4090.41it/s]

Trials:   0%|          | 0/10 [00:00<?, ?it/s]
Trials: 100%|##########| 10/10 [00:00<00:00, 3965.87it/s]

Trials:   0%|          | 0/10 [00:00<?, ?it/s]
Trials: 100%|##########| 10/10 [00:00<00:00, 6364.65it/s]

Trials:   0%|          | 0/10 [00:00<?, ?it/s]
Trials: 100%|##########| 10/10 [00:00<00:00, 7016.23it/s]

Trials:   0%|          | 0/10 [00:00<?, ?it/s]
Trials: 100%|##########| 10/10 [00:00<00:00, 6931.59it/s]

Trials:   0%|          | 0/10 [00:00<?, ?it/s]
Trials: 100%|##########| 10/10 [00:00<00:00, 6329.11it/s]

Trials:   0%|          | 0/10 [00:00<?, ?it/s]
Trials: 100%|##########| 10/10 [00:00<00:00, 6800.10it/s]

Trials:   0%|          | 0/10 [00:00<?, ?it/s]
Trials: 100%|##########| 10/10 [00:00<00:00, 6929.30it/s]

Trials:   0%|          | 0/10 [00:00<?, ?it/s]
Trials: 100%|##########| 10/10 [00:00<00:00, 6596.89it/s]

Trials:   0%|          | 0/10 [00:00<?, ?it/s]
Trials: 100%|##########| 10/10 [00:00<00:00, 6889.46it/s]

Trials:   0%|          | 0/10 [00:00<?, ?it/s]
Trials: 100%|##########| 10/10 [00:00<00:00, 6985.85it/s]

Trials:   0%|          | 0/10 [00:00<?, ?it/s]
Trials: 100%|##########| 10/10 [00:00<00:00, 6546.44it/s]

Trials:   0%|          | 0/10 [00:00<?, ?it/s]
Trials: 100%|##########| 10/10 [00:00<00:00, 7020.93it/s]

Trials:   0%|          | 0/10 [00:00<?, ?it/s]
Trials: 100%|##########| 10/10 [00:00<00:00, 6929.30it/s]

Trials:   0%|          | 0/10 [00:00<?, ?it/s]
Trials: 100%|##########| 10/10 [00:00<00:00, 6500.78it/s]

Trials:   0%|          | 0/10 [00:00<?, ?it/s]
Trials: 100%|##########| 10/10 [00:00<00:00, 6640.76it/s]

Trials:   0%|          | 0/10 [00:00<?, ?it/s]
Trials: 100%|##########| 10/10 [00:00<00:00, 5605.11it/s]

Trials:   0%|          | 0/10 [00:00<?, ?it/s]
Trials: 100%|##########| 10/10 [00:00<00:00, 6506.83it/s]

Trials:   0%|          | 0/10 [00:00<?, ?it/s]
Trials: 100%|##########| 10/10 [00:00<00:00, 7128.32it/s]

Trials:   0%|          | 0/10 [00:00<?, ?it/s]
Trials: 100%|##########| 10/10 [00:00<00:00, 7098.16it/s]

Trials:   0%|          | 0/10 [00:00<?, ?it/s]
Trials: 100%|##########| 10/10 [00:00<00:00, 6419.20it/s]

Trials:   0%|          | 0/10 [00:00<?, ?it/s]
Trials: 100%|##########| 10/10 [00:00<00:00, 3547.88it/s]

Trials:   0%|          | 0/10 [00:00<?, ?it/s]
Trials: 100%|##########| 10/10 [00:00<00:00, 3831.11it/s]

Trials:   0%|          | 0/10 [00:00<?, ?it/s]
Trials: 100%|##########| 10/10 [00:00<00:00, 3647.54it/s]

Trials:   0%|          | 0/10 [00:00<?, ?it/s]
Trials: 100%|##########| 10/10 [00:00<00:00, 5366.31it/s]

Trials:   0%|          | 0/10 [00:00<?, ?it/s]
Trials: 100%|##########| 10/10 [00:00<00:00, 6997.50it/s]

Trials:   0%|          | 0/10 [00:00<?, ?it/s]
Trials: 100%|##########| 10/10 [00:00<00:00, 6534.20it/s]

Trials:   0%|          | 0/10 [00:00<?, ?it/s]
Trials: 100%|##########| 10/10 [00:00<00:00, 7071.83it/s]

Trials:   0%|          | 0/10 [00:00<?, ?it/s]
Trials: 100%|##########| 10/10 [00:00<00:00, 7042.15it/s]

Trials:   0%|          | 0/10 [00:00<?, ?it/s]
Trials: 100%|##########| 10/10 [00:00<00:00, 6516.94it/s]

Trials:   0%|          | 0/10 [00:00<?, ?it/s]
Trials: 100%|##########| 10/10 [00:00<00:00, 6999.84it/s]

Trials:   0%|          | 0/10 [00:00<?, ?it/s]
Trials: 100%|##########| 10/10 [00:00<00:00, 6631.31it/s]

Trials:   0%|          | 0/10 [00:00<?, ?it/s]
Trials: 100%|##########| 10/10 [00:00<00:00, 6537.26it/s]

Trials:   0%|          | 0/10 [00:00<?, ?it/s]
Trials: 100%|##########| 10/10 [00:00<00:00, 6958.04it/s]

Trials:   0%|          | 0/10 [00:00<?, ?it/s]
Trials: 100%|##########| 10/10 [00:00<00:00, 6654.46it/s]

Trials:   0%|          | 0/10 [00:00<?, ?it/s]
Trials: 100%|##########| 10/10 [00:00<00:00, 6365.62it/s]

Trials:   0%|          | 0/10 [00:00<?, ?it/s]
Trials: 100%|##########| 10/10 [00:00<00:00, 6825.56it/s]

Trials:   0%|          | 0/10 [00:00<?, ?it/s]
Trials: 100%|##########| 10/10 [00:00<00:00, 6758.47it/s]

Trials:   0%|          | 0/10 [00:00<?, ?it/s]
Trials: 100%|##########| 10/10 [00:00<00:00, 6544.40it/s]

Trials:   0%|          | 0/10 [00:00<?, ?it/s]
Trials: 100%|##########| 10/10 [00:00<00:00, 4972.50it/s]

Trials:   0%|          | 0/10 [00:00<?, ?it/s]
Trials: 100%|##########| 10/10 [00:00<00:00, 6889.46it/s]

Trials:   0%|          | 0/10 [00:00<?, ?it/s]
Trials: 100%|##########| 10/10 [00:00<00:00, 6331.02it/s]

Trials:   0%|          | 0/10 [00:00<?, ?it/s]
Trials: 100%|##########| 10/10 [00:00<00:00, 6988.18it/s]

Trials:   0%|          | 0/10 [00:00<?, ?it/s]
Trials: 100%|##########| 10/10 [00:00<00:00, 6859.04it/s]

Trials:   0%|          | 0/10 [00:00<?, ?it/s]
Trials: 100%|##########| 10/10 [00:00<00:00, 6496.75it/s]

Trials:   0%|          | 0/10 [00:00<?, ?it/s]
Trials: 100%|##########| 10/10 [00:00<00:00, 7016.23it/s]

Trials:   0%|          | 0/10 [00:00<?, ?it/s]
Trials: 100%|##########| 10/10 [00:00<00:00, 6994.00it/s]

Trials:   0%|          | 0/10 [00:00<?, ?it/s]
Trials: 100%|##########| 10/10 [00:00<00:00, 6078.70it/s]

Trials:   0%|          | 0/10 [00:00<?, ?it/s]
Trials: 100%|##########| 10/10 [00:00<00:00, 7847.15it/s]

Trials:   0%|          | 0/10 [00:00<?, ?it/s]
Trials: 100%|##########| 10/10 [00:00<00:00, 4402.54it/s]

Trials:   0%|          | 0/10 [00:00<?, ?it/s]
Trials: 100%|##########| 10/10 [00:00<00:00, 7371.36it/s]

Trials:   0%|          | 0/10 [00:00<?, ?it/s]
Trials: 100%|##########| 10/10 [00:00<00:00, 7864.81it/s]

Trials:   0%|          | 0/10 [00:00<?, ?it/s]
Trials: 100%|##########| 10/10 [00:00<00:00, 7686.10it/s]

Trials:   0%|          | 0/10 [00:00<?, ?it/s]
Trials: 100%|##########| 10/10 [00:00<00:00, 4070.56it/s]

Trials:   0%|          | 0/10 [00:00<?, ?it/s]
Trials: 100%|##########| 10/10 [00:00<00:00, 7665.03it/s]

Trials:   0%|          | 0/10 [00:00<?, ?it/s]
Trials: 100%|##########| 10/10 [00:00<00:00, 5464.18it/s]

Trials:   0%|          | 0/10 [00:00<?, ?it/s]
Trials: 100%|##########| 10/10 [00:00<00:00, 7432.76it/s]

Trials:   0%|          | 0/10 [00:00<?, ?it/s]
Trials: 100%|##########| 10/10 [00:00<00:00, 7754.31it/s]

Trials:   0%|          | 0/10 [00:00<?, ?it/s]
Trials: 100%|##########| 10/10 [00:00<00:00, 7943.76it/s]

Trials:   0%|          | 0/10 [00:00<?, ?it/s]
Trials: 100%|##########| 10/10 [00:00<00:00, 7325.02it/s]

Trials:   0%|          | 0/10 [00:00<?, ?it/s]
Trials: 100%|##########| 10/10 [00:00<00:00, 7376.55it/s]

Trials:   0%|          | 0/10 [00:00<?, ?it/s]
Trials: 100%|##########| 10/10 [00:00<00:00, 7748.58it/s]

Trials:   0%|          | 0/10 [00:00<?, ?it/s]
Trials: 100%|##########| 10/10 [00:00<00:00, 7725.74it/s]

Trials:   0%|          | 0/10 [00:00<?, ?it/s]
Trials: 100%|##########| 10/10 [00:00<00:00, 3403.64it/s]

Trials:   0%|          | 0/10 [00:00<?, ?it/s]
Trials: 100%|##########| 10/10 [00:00<00:00, 7915.27it/s]

Trials:   0%|          | 0/10 [00:00<?, ?it/s]
Trials: 100%|##########| 10/10 [00:00<00:00, 7620.47it/s]

Trials:   0%|          | 0/10 [00:00<?, ?it/s]
Trials: 100%|##########| 10/10 [00:00<00:00, 7745.71it/s]

Trials:   0%|          | 0/10 [00:00<?, ?it/s]
Trials: 100%|##########| 10/10 [00:00<00:00, 8081.51it/s]

Trials:   0%|          | 0/10 [00:00<?, ?it/s]
Trials: 100%|##########| 10/10 [00:00<00:00, 7814.99it/s]

Trials:   0%|          | 0/10 [00:00<?, ?it/s]
Trials: 100%|##########| 10/10 [00:00<00:00, 7806.26it/s]

Trials:   0%|          | 0/10 [00:00<?, ?it/s]
Trials: 100%|##########| 10/10 [00:00<00:00, 8058.22it/s]

Trials:   0%|          | 0/10 [00:00<?, ?it/s]
Trials: 100%|##########| 10/10 [00:00<00:00, 7620.47it/s]

Trials:   0%|          | 0/10 [00:00<?, ?it/s]
Trials: 100%|##########| 10/10 [00:00<00:00, 7704.45it/s]

Trials:   0%|          | 0/10 [00:00<?, ?it/s]
Trials: 100%|##########| 10/10 [00:00<00:00, 7951.29it/s]

Trials:   0%|          | 0/10 [00:00<?, ?it/s]
Trials: 100%|##########| 10/10 [00:00<00:00, 7755.74it/s]

Trials:   0%|          | 0/10 [00:00<?, ?it/s]
Trials: 100%|##########| 10/10 [00:00<00:00, 7797.55it/s]

Trials:   0%|          | 0/10 [00:00<?, ?it/s]
Trials: 100%|##########| 10/10 [00:00<00:00, 8072.18it/s]

Trials:   0%|          | 0/10 [00:00<?, ?it/s]
Trials: 100%|##########| 10/10 [00:00<00:00, 7684.69it/s]

Trials:   0%|          | 0/10 [00:00<?, ?it/s]
Trials: 100%|##########| 10/10 [00:00<00:00, 8061.32it/s]

Trials:   0%|          | 0/10 [00:00<?, ?it/s]
Trials: 100%|##########| 10/10 [00:00<00:00, 7977.00it/s]

Trials:   0%|          | 0/10 [00:00<?, ?it/s]
Trials: 100%|##########| 10/10 [00:00<00:00, 7075.41it/s]

Trials:   0%|          | 0/10 [00:00<?, ?it/s]
Trials: 100%|##########| 10/10 [00:00<00:00, 7711.54it/s]

Trials:   0%|          | 0/10 [00:00<?, ?it/s]
Trials: 100%|##########| 10/10 [00:00<00:00, 7838.36it/s]

Trials:   0%|          | 0/10 [00:00<?, ?it/s]
Trials: 100%|##########| 10/10 [00:00<00:00, 7543.71it/s]

Trials:   0%|          | 0/10 [00:00<?, ?it/s]
Trials: 100%|##########| 10/10 [00:00<00:00, 7688.92it/s]

Trials:   0%|          | 0/10 [00:00<?, ?it/s]
Trials: 100%|##########| 10/10 [00:00<00:00, 7304.60it/s]

Trials:   0%|          | 0/10 [00:00<?, ?it/s]
Trials: 100%|##########| 10/10 [00:00<00:00, 6331.02it/s]

Trials:   0%|          | 0/10 [00:00<?, ?it/s]
Trials: 100%|##########| 10/10 [00:00<00:00, 7760.04it/s]

Trials:   0%|          | 0/10 [00:00<?, ?it/s]
Trials: 100%|##########| 10/10 [00:00<00:00, 7479.14it/s]

Trials:   0%|          | 0/10 [00:00<?, ?it/s]
Trials: 100%|##########| 10/10 [00:00<00:00, 7610.79it/s]

Trials:   0%|          | 0/10 [00:00<?, ?it/s]
Trials: 100%|##########| 10/10 [00:00<00:00, 7164.85it/s]

Trials:   0%|          | 0/10 [00:00<?, ?it/s]
Trials: 100%|##########| 10/10 [00:00<00:00, 7895.90it/s]

Trials:   0%|          | 0/10 [00:00<?, ?it/s]
Trials: 100%|##########| 10/10 [00:00<00:00, 7612.17it/s]

Trials:   0%|          | 0/10 [00:00<?, ?it/s]
Trials: 100%|##########| 10/10 [00:00<00:00, 7742.85it/s]

Trials:   0%|          | 0/10 [00:00<?, ?it/s]
Trials: 100%|##########| 10/10 [00:00<00:00, 7703.04it/s]

Trials:   0%|          | 0/10 [00:00<?, ?it/s]
Trials: 100%|##########| 10/10 [00:00<00:00, 7214.15it/s]

Trials:   0%|          | 0/10 [00:00<?, ?it/s]
Trials: 100%|##########| 10/10 [00:00<00:00, 7711.54it/s]

Trials:   0%|          | 0/10 [00:00<?, ?it/s]
Trials: 100%|##########| 10/10 [00:00<00:00, 7503.23it/s]

Trials:   0%|          | 0/10 [00:00<?, ?it/s]
Trials: 100%|##########| 10/10 [00:00<00:00, 7651.05it/s]

Trials:   0%|          | 0/10 [00:00<?, ?it/s]
Trials: 100%|##########| 10/10 [00:00<00:00, 7901.85it/s]

Trials:   0%|          | 0/10 [00:00<?, ?it/s]
Trials: 100%|##########| 10/10 [00:00<00:00, 7875.15it/s]

Trials:   0%|          | 0/10 [00:00<?, ?it/s]
Trials: 100%|##########| 10/10 [00:00<00:00, 7558.67it/s]

Trials:   0%|          | 0/10 [00:00<?, ?it/s]
Trials: 100%|##########| 10/10 [00:00<00:00, 8016.64it/s]

Trials:   0%|          | 0/10 [00:00<?, ?it/s]
Trials: 100%|##########| 10/10 [00:00<00:00, 5101.94it/s]

Trials:   0%|          | 0/10 [00:00<?, ?it/s]
Trials: 100%|##########| 10/10 [00:00<00:00, 7406.51it/s]

Trials:   0%|          | 0/10 [00:00<?, ?it/s]
Trials: 100%|##########| 10/10 [00:00<00:00, 7904.83it/s]

Trials:   0%|          | 0/10 [00:00<?, ?it/s]
Trials: 100%|##########| 10/10 [00:00<00:00, 7453.89it/s]

