
Running synthetic matrix: mixed, 2 procs, FIFO, GlobalAllocation, frames=158
Running multi-process experiment
  Algorithm: FIFO
  Allocation: GlobalAllocation
  Total Frames: 158
  Processes: [0, 1]
Results saved to: results\raw\campaign_20260404_140330_266\synthetic_mixed\multiproc_mixed_FIFO_GlobalAllocation_p2_f158.json

Running synthetic matrix: mixed, 2 procs, FIFO, LocalAllocation, frames=158
Running multi-process experiment
  Algorithm: FIFO
  Allocation: LocalAllocation
  Total Frames: 158
  Processes: [0, 1]
Results saved to: results\raw\campaign_20260404_140330_266\synthetic_mixed\multiproc_mixed_FIFO_LocalAllocation_p2_f158.json

Running synthetic matrix: mixed, 2 procs, FIFO, ProportionalAllocation, frames=158
Running multi-process experiment
  Algorithm: FIFO
  Allocation: ProportionalAllocation
  Total Frames: 158
  Processes: [0, 1]
Results saved to: results\raw\campaign_20260404_140330_266\synthetic_mixed\multiproc_mixed_FIFO_ProportionalAllocation_p2_f158.json

Running synthetic matrix: mixed, 2 procs, LRU, GlobalAllocation, frames=158
Running multi-process experiment
  Algorithm: LRU
  Allocation: GlobalAllocation
  Total Frames: 158
  Processes: [0, 1]
Results saved to: results\raw\campaign_20260404_140330_266\synthetic_mixed\multiproc_mixed_LRU_GlobalAllocation_p2_f158.json

Running synthetic matrix: mixed, 2 procs, LRU, LocalAllocation, frames=158
Running multi-process experiment
  Algorithm: LRU
  Allocation: LocalAllocation
  Total Frames: 158
  Processes: [0, 1]
Results saved to: results\raw\campaign_20260404_140330_266\synthetic_mixed\multiproc_mixed_LRU_LocalAllocation_p2_f158.json

Running synthetic matrix: mixed, 2 procs, LRU, ProportionalAllocation, frames=158
Running multi-process experiment
  Algorithm: LRU
  Allocation: ProportionalAllocation
  Total Frames: 158
  Processes: [0, 1]
Results saved to: results\raw\campaign_20260404_140330_266\synthetic_mixed\multiproc_mixed_LRU_ProportionalAllocation_p2_f158.json

Running synthetic matrix: mixed, 2 procs, NRU, GlobalAllocation, frames=158
Running multi-process experiment
  Algorithm: NRU
  Allocation: GlobalAllocation
  Total Frames: 158
  Processes: [0, 1]
Results saved to: results\raw\campaign_20260404_140330_266\synthetic_mixed\multiproc_mixed_NRU_GlobalAllocation_p2_f158.json

Running synthetic matrix: mixed, 2 procs, NRU, LocalAllocation, frames=158
Running multi-process experiment
  Algorithm: NRU
  Allocation: LocalAllocation
  Total Frames: 158
  Processes: [0, 1]
Results saved to: results\raw\campaign_20260404_140330_266\synthetic_mixed\multiproc_mixed_NRU_LocalAllocation_p2_f158.json

Running synthetic matrix: mixed, 2 procs, NRU, ProportionalAllocation, frames=158
Running multi-process experiment
  Algorithm: NRU
  Allocation: ProportionalAllocation
  Total Frames: 158
  Processes: [0, 1]
Results saved to: results\raw\campaign_20260404_140330_266\synthetic_mixed\multiproc_mixed_NRU_ProportionalAllocation_p2_f158.json

Running synthetic matrix: mixed, 2 procs, SecondChance, GlobalAllocation, frames=158
Running multi-process experiment
  Algorithm: SecondChance
  Allocation: GlobalAllocation
  Total Frames: 158
  Processes: [0, 1]
Results saved to: results\raw\campaign_20260404_140330_266\synthetic_mixed\multiproc_mixed_SecondChance_GlobalAllocation_p2_f158.json

Running synthetic matrix: mixed, 2 procs, SecondChance, LocalAllocation, frames=158
Running multi-process experiment
  Algorithm: SecondChance
  Allocation: LocalAllocation
  Total Frames: 158
  Processes: [0, 1]
Results saved to: results\raw\campaign_20260404_140330_266\synthetic_mixed\multiproc_mixed_SecondChance_LocalAllocation_p2_f158.json

Running synthetic matrix: mixed, 2 procs, SecondChance, ProportionalAllocation, frames=158
Running multi-process experiment
  Algorithm: SecondChance
  Allocation: ProportionalAllocation
  Total Frames: 158
  Processes: [0, 1]
Results saved to: results\raw\campaign_20260404_140330_266\synthetic_mixed\multiproc_mixed_SecondChance_ProportionalAllocation_p2_f158.json

Running synthetic matrix: mixed, 2 procs, WSClock, GlobalAllocation, frames=158
Running multi-process experiment
  Algorithm: WSClock
  Allocation: GlobalAllocation
  Total Frames: 158
  Processes: [0, 1]
Results saved to: results\raw\campaign_20260404_140330_266\synthetic_mixed\multiproc_mixed_WSClock_GlobalAllocation_p2_f158.json

Running synthetic matrix: mixed, 2 procs, WSClock, LocalAllocation, frames=158
Running multi-process experiment
  Algorithm: WSClock
  Allocation: LocalAllocation
  Total Frames: 158
  Processes: [0, 1]
Results saved to: results\raw\campaign_20260404_140330_266\synthetic_mixed\multiproc_mixed_WSClock_LocalAllocation_p2_f158.json

Running synthetic matrix: mixed, 2 procs, WSClock, ProportionalAllocation, frames=158
Running multi-process experiment
  Algorithm: WSClock
  Allocation: ProportionalAllocation
  Total Frames: 158
  Processes: [0, 1]
Results saved to: results\raw\campaign_20260404_140330_266\synthetic_mixed\multiproc_mixed_WSClock_ProportionalAllocation_p2_f158.json

Running synthetic matrix: mixed, 2 procs, FIFO, GlobalAllocation, frames=197
Running multi-process experiment
  Algorithm: FIFO
  Allocation: GlobalAllocation
  Total Frames: 197
  Processes: [0, 1]
Results saved to: results\raw\campaign_20260404_140330_266\synthetic_mixed\multiproc_mixed_FIFO_GlobalAllocation_p2_f197.json

Running synthetic matrix: mixed, 2 procs, FIFO, LocalAllocation, frames=197
Running multi-process experiment
  Algorithm: FIFO
  Allocation: LocalAllocation
  Total Frames: 197
  Processes: [0, 1]
Results saved to: results\raw\campaign_20260404_140330_266\synthetic_mixed\multiproc_mixed_FIFO_LocalAllocation_p2_f197.json

Running synthetic matrix: mixed, 2 procs, FIFO, ProportionalAllocation, frames=197
Running multi-process experiment
  Algorithm: FIFO
  Allocation: ProportionalAllocation
  Total Frames: 197
  Processes: [0, 1]
Results saved to: results\raw\campaign_20260404_140330_266\synthetic_mixed\multiproc_mixed_FIFO_ProportionalAllocation_p2_f197.json

Running synthetic matrix: mixed, 2 procs, LRU, GlobalAllocation, frames=197
Running multi-process experiment
  Algorithm: LRU
  Allocation: GlobalAllocation
  Total Frames: 197
  Processes: [0, 1]
Results saved to: results\raw\campaign_20260404_140330_266\synthetic_mixed\multiproc_mixed_LRU_GlobalAllocation_p2_f197.json

Running synthetic matrix: mixed, 2 procs, LRU, LocalAllocation, frames=197
Running multi-process experiment
  Algorithm: LRU
  Allocation: LocalAllocation
  Total Frames: 197
  Processes: [0, 1]
Results saved to: results\raw\campaign_20260404_140330_266\synthetic_mixed\multiproc_mixed_LRU_LocalAllocation_p2_f197.json

Running synthetic matrix: mixed, 2 procs, LRU, ProportionalAllocation, frames=197
Running multi-process experiment
  Algorithm: LRU
  Allocation: ProportionalAllocation
  Total Frames: 197
  Processes: [0, 1]
Results saved to: results\raw\campaign_20260404_140330_266\synthetic_mixed\multiproc_mixed_LRU_ProportionalAllocation_p2_f197.json

Running synthetic matrix: mixed, 2 procs, NRU, GlobalAllocation, frames=197
Running multi-process experiment
  Algorithm: NRU
  Allocation: GlobalAllocation
  Total Frames: 197
  Processes: [0, 1]
Results saved to: results\raw\campaign_20260404_140330_266\synthetic_mixed\multiproc_mixed_NRU_GlobalAllocation_p2_f197.json

Running synthetic matrix: mixed, 2 procs, NRU, LocalAllocation, frames=197
Running multi-process experiment
  Algorithm: NRU
  Allocation: LocalAllocation
  Total Frames: 197
  Processes: [0, 1]
Results saved to: results\raw\campaign_20260404_140330_266\synthetic_mixed\multiproc_mixed_NRU_LocalAllocation_p2_f197.json

Running synthetic matrix: mixed, 2 procs, NRU, ProportionalAllocation, frames=197
Running multi-process experiment
  Algorithm: NRU
  Allocation: ProportionalAllocation
  Total Frames: 197
  Processes: [0, 1]
Results saved to: results\raw\campaign_20260404_140330_266\synthetic_mixed\multiproc_mixed_NRU_ProportionalAllocation_p2_f197.json

Running synthetic matrix: mixed, 2 procs, SecondChance, GlobalAllocation, frames=197
Running multi-process experiment
  Algorithm: SecondChance
  Allocation: GlobalAllocation
  Total Frames: 197
  Processes: [0, 1]
Results saved to: results\raw\campaign_20260404_140330_266\synthetic_mixed\multiproc_mixed_SecondChance_GlobalAllocation_p2_f197.json

Running synthetic matrix: mixed, 2 procs, SecondChance, LocalAllocation, frames=197
Running multi-process experiment
  Algorithm: SecondChance
  Allocation: LocalAllocation
  Total Frames: 197
  Processes: [0, 1]
Results saved to: results\raw\campaign_20260404_140330_266\synthetic_mixed\multiproc_mixed_SecondChance_LocalAllocation_p2_f197.json

Running synthetic matrix: mixed, 2 procs, SecondChance, ProportionalAllocation, frames=197
Running multi-process experiment
  Algorithm: SecondChance
  Allocation: ProportionalAllocation
  Total Frames: 197
  Processes: [0, 1]
Results saved to: results\raw\campaign_20260404_140330_266\synthetic_mixed\multiproc_mixed_SecondChance_ProportionalAllocation_p2_f197.json

Running synthetic matrix: mixed, 2 procs, WSClock, GlobalAllocation, frames=197
Running multi-process experiment
  Algorithm: WSClock
  Allocation: GlobalAllocation
  Total Frames: 197
  Processes: [0, 1]
Results saved to: results\raw\campaign_20260404_140330_266\synthetic_mixed\multiproc_mixed_WSClock_GlobalAllocation_p2_f197.json

Running synthetic matrix: mixed, 2 procs, WSClock, LocalAllocation, frames=197
Running multi-process experiment
  Algorithm: WSClock
  Allocation: LocalAllocation
  Total Frames: 197
  Processes: [0, 1]
Results saved to: results\raw\campaign_20260404_140330_266\synthetic_mixed\multiproc_mixed_WSClock_LocalAllocation_p2_f197.json

Running synthetic matrix: mixed, 2 procs, WSClock, ProportionalAllocation, frames=197
Running multi-process experiment
  Algorithm: WSClock
  Allocation: ProportionalAllocation
  Total Frames: 197
  Processes: [0, 1]
Results saved to: results\raw\campaign_20260404_140330_266\synthetic_mixed\multiproc_mixed_WSClock_ProportionalAllocation_p2_f197.json

Running synthetic matrix: mixed, 2 procs, FIFO, GlobalAllocation, frames=236
Running multi-process experiment
  Algorithm: FIFO
  Allocation: GlobalAllocation
  Total Frames: 236
  Processes: [0, 1]
Results saved to: results\raw\campaign_20260404_140330_266\synthetic_mixed\multiproc_mixed_FIFO_GlobalAllocation_p2_f236.json

Running synthetic matrix: mixed, 2 procs, FIFO, LocalAllocation, frames=236
Running multi-process experiment
  Algorithm: FIFO
  Allocation: LocalAllocation
  Total Frames: 236
  Processes: [0, 1]
Results saved to: results\raw\campaign_20260404_140330_266\synthetic_mixed\multiproc_mixed_FIFO_LocalAllocation_p2_f236.json

Running synthetic matrix: mixed, 2 procs, FIFO, ProportionalAllocation, frames=236
Running multi-process experiment
  Algorithm: FIFO
  Allocation: ProportionalAllocation
  Total Frames: 236
  Processes: [0, 1]
Results saved to: results\raw\campaign_20260404_140330_266\synthetic_mixed\multiproc_mixed_FIFO_ProportionalAllocation_p2_f236.json

Running synthetic matrix: mixed, 2 procs, LRU, GlobalAllocation, frames=236
Running multi-process experiment
  Algorithm: LRU
  Allocation: GlobalAllocation
  Total Frames: 236
  Processes: [0, 1]
Results saved to: results\raw\campaign_20260404_140330_266\synthetic_mixed\multiproc_mixed_LRU_GlobalAllocation_p2_f236.json

Running synthetic matrix: mixed, 2 procs, LRU, LocalAllocation, frames=236
Running multi-process experiment
  Algorithm: LRU
  Allocation: LocalAllocation
  Total Frames: 236
  Processes: [0, 1]
Results saved to: results\raw\campaign_20260404_140330_266\synthetic_mixed\multiproc_mixed_LRU_LocalAllocation_p2_f236.json

Running synthetic matrix: mixed, 2 procs, LRU, ProportionalAllocation, frames=236
Running multi-process experiment
  Algorithm: LRU
  Allocation: ProportionalAllocation
  Total Frames: 236
  Processes: [0, 1]
Results saved to: results\raw\campaign_20260404_140330_266\synthetic_mixed\multiproc_mixed_LRU_ProportionalAllocation_p2_f236.json

Running synthetic matrix: mixed, 2 procs, NRU, GlobalAllocation, frames=236
Running multi-process experiment
  Algorithm: NRU
  Allocation: GlobalAllocation
  Total Frames: 236
  Processes: [0, 1]
Results saved to: results\raw\campaign_20260404_140330_266\synthetic_mixed\multiproc_mixed_NRU_GlobalAllocation_p2_f236.json

Running synthetic matrix: mixed, 2 procs, NRU, LocalAllocation, frames=236
Running multi-process experiment
  Algorithm: NRU
  Allocation: LocalAllocation
  Total Frames: 236
  Processes: [0, 1]
Results saved to: results\raw\campaign_20260404_140330_266\synthetic_mixed\multiproc_mixed_NRU_LocalAllocation_p2_f236.json

Running synthetic matrix: mixed, 2 procs, NRU, ProportionalAllocation, frames=236
Running multi-process experiment
  Algorithm: NRU
  Allocation: ProportionalAllocation
  Total Frames: 236
  Processes: [0, 1]
Results saved to: results\raw\campaign_20260404_140330_266\synthetic_mixed\multiproc_mixed_NRU_ProportionalAllocation_p2_f236.json

Running synthetic matrix: mixed, 2 procs, SecondChance, GlobalAllocation, frames=236
Running multi-process experiment
  Algorithm: SecondChance
  Allocation: GlobalAllocation
  Total Frames: 236
  Processes: [0, 1]
Results saved to: results\raw\campaign_20260404_140330_266\synthetic_mixed\multiproc_mixed_SecondChance_GlobalAllocation_p2_f236.json

Running synthetic matrix: mixed, 2 procs, SecondChance, LocalAllocation, frames=236
Running multi-process experiment
  Algorithm: SecondChance
  Allocation: LocalAllocation
  Total Frames: 236
  Processes: [0, 1]
Results saved to: results\raw\campaign_20260404_140330_266\synthetic_mixed\multiproc_mixed_SecondChance_LocalAllocation_p2_f236.json

Running synthetic matrix: mixed, 2 procs, SecondChance, ProportionalAllocation, frames=236
Running multi-process experiment
  Algorithm: SecondChance
  Allocation: ProportionalAllocation
  Total Frames: 236
  Processes: [0, 1]
Results saved to: results\raw\campaign_20260404_140330_266\synthetic_mixed\multiproc_mixed_SecondChance_ProportionalAllocation_p2_f236.json

Running synthetic matrix: mixed, 2 procs, WSClock, GlobalAllocation, frames=236
Running multi-process experiment
  Algorithm: WSClock
  Allocation: GlobalAllocation
  Total Frames: 236
  Processes: [0, 1]
Results saved to: results\raw\campaign_20260404_140330_266\synthetic_mixed\multiproc_mixed_WSClock_GlobalAllocation_p2_f236.json

Running synthetic matrix: mixed, 2 procs, WSClock, LocalAllocation, frames=236
Running multi-process experiment
  Algorithm: WSClock
  Allocation: LocalAllocation
  Total Frames: 236
  Processes: [0, 1]
Results saved to: results\raw\campaign_20260404_140330_266\synthetic_mixed\multiproc_mixed_WSClock_LocalAllocation_p2_f236.json

Running synthetic matrix: mixed, 2 procs, WSClock, ProportionalAllocation, frames=236
Running multi-process experiment
  Algorithm: WSClock
  Allocation: ProportionalAllocation
  Total Frames: 236
  Processes: [0, 1]
Results saved to: results\raw\campaign_20260404_140330_266\synthetic_mixed\multiproc_mixed_WSClock_ProportionalAllocation_p2_f236.json

Running synthetic matrix: mixed, 2 procs, FIFO, GlobalAllocation, frames=296
Running multi-process experiment
  Algorithm: FIFO
  Allocation: GlobalAllocation
  Total Frames: 296
  Processes: [0, 1]
Results saved to: results\raw\campaign_20260404_140330_266\synthetic_mixed\multiproc_mixed_FIFO_GlobalAllocation_p2_f296.json

Running synthetic matrix: mixed, 2 procs, FIFO, LocalAllocation, frames=296
Running multi-process experiment
  Algorithm: FIFO
  Allocation: LocalAllocation
  Total Frames: 296
  Processes: [0, 1]
Results saved to: results\raw\campaign_20260404_140330_266\synthetic_mixed\multiproc_mixed_FIFO_LocalAllocation_p2_f296.json

Running synthetic matrix: mixed, 2 procs, FIFO, ProportionalAllocation, frames=296
Running multi-process experiment
  Algorithm: FIFO
  Allocation: ProportionalAllocation
  Total Frames: 296
  Processes: [0, 1]
Results saved to: results\raw\campaign_20260404_140330_266\synthetic_mixed\multiproc_mixed_FIFO_ProportionalAllocation_p2_f296.json

Running synthetic matrix: mixed, 2 procs, LRU, GlobalAllocation, frames=296
Running multi-process experiment
  Algorithm: LRU
  Allocation: GlobalAllocation
  Total Frames: 296
  Processes: [0, 1]
Results saved to: results\raw\campaign_20260404_140330_266\synthetic_mixed\multiproc_mixed_LRU_GlobalAllocation_p2_f296.json

Running synthetic matrix: mixed, 2 procs, LRU, LocalAllocation, frames=296
Running multi-process experiment
  Algorithm: LRU
  Allocation: LocalAllocation
  Total Frames: 296
  Processes: [0, 1]
Results saved to: results\raw\campaign_20260404_140330_266\synthetic_mixed\multiproc_mixed_LRU_LocalAllocation_p2_f296.json

Running synthetic matrix: mixed, 2 procs, LRU, ProportionalAllocation, frames=296
Running multi-process experiment
  Algorithm: LRU
  Allocation: ProportionalAllocation
  Total Frames: 296
  Processes: [0, 1]
Results saved to: results\raw\campaign_20260404_140330_266\synthetic_mixed\multiproc_mixed_LRU_ProportionalAllocation_p2_f296.json

Running synthetic matrix: mixed, 2 procs, NRU, GlobalAllocation, frames=296
Running multi-process experiment
  Algorithm: NRU
  Allocation: GlobalAllocation
  Total Frames: 296
  Processes: [0, 1]
Results saved to: results\raw\campaign_20260404_140330_266\synthetic_mixed\multiproc_mixed_NRU_GlobalAllocation_p2_f296.json

Running synthetic matrix: mixed, 2 procs, NRU, LocalAllocation, frames=296
Running multi-process experiment
  Algorithm: NRU
  Allocation: LocalAllocation
  Total Frames: 296
  Processes: [0, 1]
Results saved to: results\raw\campaign_20260404_140330_266\synthetic_mixed\multiproc_mixed_NRU_LocalAllocation_p2_f296.json

Running synthetic matrix: mixed, 2 procs, NRU, ProportionalAllocation, frames=296
Running multi-process experiment
  Algorithm: NRU
  Allocation: ProportionalAllocation
  Total Frames: 296
  Processes: [0, 1]
Results saved to: results\raw\campaign_20260404_140330_266\synthetic_mixed\multiproc_mixed_NRU_ProportionalAllocation_p2_f296.json

Running synthetic matrix: mixed, 2 procs, SecondChance, GlobalAllocation, frames=296
Running multi-process experiment
  Algorithm: SecondChance
  Allocation: GlobalAllocation
  Total Frames: 296
  Processes: [0, 1]
Results saved to: results\raw\campaign_20260404_140330_266\synthetic_mixed\multiproc_mixed_SecondChance_GlobalAllocation_p2_f296.json

Running synthetic matrix: mixed, 2 procs, SecondChance, LocalAllocation, frames=296
Running multi-process experiment
  Algorithm: SecondChance
  Allocation: LocalAllocation
  Total Frames: 296
  Processes: [0, 1]
Results saved to: results\raw\campaign_20260404_140330_266\synthetic_mixed\multiproc_mixed_SecondChance_LocalAllocation_p2_f296.json

Running synthetic matrix: mixed, 2 procs, SecondChance, ProportionalAllocation, frames=296
Running multi-process experiment
  Algorithm: SecondChance
  Allocation: ProportionalAllocation
  Total Frames: 296
  Processes: [0, 1]
Results saved to: results\raw\campaign_20260404_140330_266\synthetic_mixed\multiproc_mixed_SecondChance_ProportionalAllocation_p2_f296.json

Running synthetic matrix: mixed, 2 procs, WSClock, GlobalAllocation, frames=296
Running multi-process experiment
  Algorithm: WSClock
  Allocation: GlobalAllocation
  Total Frames: 296
  Processes: [0, 1]
Results saved to: results\raw\campaign_20260404_140330_266\synthetic_mixed\multiproc_mixed_WSClock_GlobalAllocation_p2_f296.json

Running synthetic matrix: mixed, 2 procs, WSClock, LocalAllocation, frames=296
Running multi-process experiment
  Algorithm: WSClock
  Allocation: LocalAllocation
  Total Frames: 296
  Processes: [0, 1]
Results saved to: results\raw\campaign_20260404_140330_266\synthetic_mixed\multiproc_mixed_WSClock_LocalAllocation_p2_f296.json

Running synthetic matrix: mixed, 2 procs, WSClock, ProportionalAllocation, frames=296
Running multi-process experiment
  Algorithm: WSClock
  Allocation: ProportionalAllocation
  Total Frames: 296
  Processes: [0, 1]
Results saved to: results\raw\campaign_20260404_140330_266\synthetic_mixed\multiproc_mixed_WSClock_ProportionalAllocation_p2_f296.json

Running synthetic matrix: mixed, 4 procs, FIFO, GlobalAllocation, frames=265
Running multi-process experiment
  Algorithm: FIFO
  Allocation: GlobalAllocation
  Total Frames: 265
  Processes: [0, 1, 2, 3]
Results saved to: results\raw\campaign_20260404_140330_266\synthetic_mixed\multiproc_mixed_FIFO_GlobalAllocation_p4_f265.json

Running synthetic matrix: mixed, 4 procs, FIFO, LocalAllocation, frames=265
Running multi-process experiment
  Algorithm: FIFO
  Allocation: LocalAllocation
  Total Frames: 265
  Processes: [0, 1, 2, 3]
Results saved to: results\raw\campaign_20260404_140330_266\synthetic_mixed\multiproc_mixed_FIFO_LocalAllocation_p4_f265.json

Running synthetic matrix: mixed, 4 procs, FIFO, ProportionalAllocation, frames=265
Running multi-process experiment
  Algorithm: FIFO
  Allocation: ProportionalAllocation
  Total Frames: 265
  Processes: [0, 1, 2, 3]
Results saved to: results\raw\campaign_20260404_140330_266\synthetic_mixed\multiproc_mixed_FIFO_ProportionalAllocation_p4_f265.json

Running synthetic matrix: mixed, 4 procs, LRU, GlobalAllocation, frames=265
Running multi-process experiment
  Algorithm: LRU
  Allocation: GlobalAllocation
  Total Frames: 265
  Processes: [0, 1, 2, 3]
Results saved to: results\raw\campaign_20260404_140330_266\synthetic_mixed\multiproc_mixed_LRU_GlobalAllocation_p4_f265.json

Running synthetic matrix: mixed, 4 procs, LRU, LocalAllocation, frames=265
Running multi-process experiment
  Algorithm: LRU
  Allocation: LocalAllocation
  Total Frames: 265
  Processes: [0, 1, 2, 3]
Results saved to: results\raw\campaign_20260404_140330_266\synthetic_mixed\multiproc_mixed_LRU_LocalAllocation_p4_f265.json

Running synthetic matrix: mixed, 4 procs, LRU, ProportionalAllocation, frames=265
Running multi-process experiment
  Algorithm: LRU
  Allocation: ProportionalAllocation
  Total Frames: 265
  Processes: [0, 1, 2, 3]
Results saved to: results\raw\campaign_20260404_140330_266\synthetic_mixed\multiproc_mixed_LRU_ProportionalAllocation_p4_f265.json

Running synthetic matrix: mixed, 4 procs, NRU, GlobalAllocation, frames=265
Running multi-process experiment
  Algorithm: NRU
  Allocation: GlobalAllocation
  Total Frames: 265
  Processes: [0, 1, 2, 3]
Results saved to: results\raw\campaign_20260404_140330_266\synthetic_mixed\multiproc_mixed_NRU_GlobalAllocation_p4_f265.json

Running synthetic matrix: mixed, 4 procs, NRU, LocalAllocation, frames=265
Running multi-process experiment
  Algorithm: NRU
  Allocation: LocalAllocation
  Total Frames: 265
  Processes: [0, 1, 2, 3]
Results saved to: results\raw\campaign_20260404_140330_266\synthetic_mixed\multiproc_mixed_NRU_LocalAllocation_p4_f265.json

Running synthetic matrix: mixed, 4 procs, NRU, ProportionalAllocation, frames=265
Running multi-process experiment
  Algorithm: NRU
  Allocation: ProportionalAllocation
  Total Frames: 265
  Processes: [0, 1, 2, 3]
Results saved to: results\raw\campaign_20260404_140330_266\synthetic_mixed\multiproc_mixed_NRU_ProportionalAllocation_p4_f265.json

Running synthetic matrix: mixed, 4 procs, SecondChance, GlobalAllocation, frames=265
Running multi-process experiment
  Algorithm: SecondChance
  Allocation: GlobalAllocation
  Total Frames: 265
  Processes: [0, 1, 2, 3]
Results saved to: results\raw\campaign_20260404_140330_266\synthetic_mixed\multiproc_mixed_SecondChance_GlobalAllocation_p4_f265.json

Running synthetic matrix: mixed, 4 procs, SecondChance, LocalAllocation, frames=265
Running multi-process experiment
  Algorithm: SecondChance
  Allocation: LocalAllocation
  Total Frames: 265
  Processes: [0, 1, 2, 3]
Results saved to: results\raw\campaign_20260404_140330_266\synthetic_mixed\multiproc_mixed_SecondChance_LocalAllocation_p4_f265.json

Running synthetic matrix: mixed, 4 procs, SecondChance, ProportionalAllocation, frames=265
Running multi-process experiment
  Algorithm: SecondChance
  Allocation: ProportionalAllocation
  Total Frames: 265
  Processes: [0, 1, 2, 3]
Results saved to: results\raw\campaign_20260404_140330_266\synthetic_mixed\multiproc_mixed_SecondChance_ProportionalAllocation_p4_f265.json

Running synthetic matrix: mixed, 4 procs, WSClock, GlobalAllocation, frames=265
Running multi-process experiment
  Algorithm: WSClock
  Allocation: GlobalAllocation
  Total Frames: 265
  Processes: [0, 1, 2, 3]
Results saved to: results\raw\campaign_20260404_140330_266\synthetic_mixed\multiproc_mixed_WSClock_GlobalAllocation_p4_f265.json

Running synthetic matrix: mixed, 4 procs, WSClock, LocalAllocation, frames=265
Running multi-process experiment
  Algorithm: WSClock
  Allocation: LocalAllocation
  Total Frames: 265
  Processes: [0, 1, 2, 3]
Results saved to: results\raw\campaign_20260404_140330_266\synthetic_mixed\multiproc_mixed_WSClock_LocalAllocation_p4_f265.json

Running synthetic matrix: mixed, 4 procs, WSClock, ProportionalAllocation, frames=265
Running multi-process experiment
  Algorithm: WSClock
  Allocation: ProportionalAllocation
  Total Frames: 265
  Processes: [0, 1, 2, 3]
Results saved to: results\raw\campaign_20260404_140330_266\synthetic_mixed\multiproc_mixed_WSClock_ProportionalAllocation_p4_f265.json

Running synthetic matrix: mixed, 4 procs, FIFO, GlobalAllocation, frames=331
Running multi-process experiment
  Algorithm: FIFO
  Allocation: GlobalAllocation
  Total Frames: 331
  Processes: [0, 1, 2, 3]
Results saved to: results\raw\campaign_20260404_140330_266\synthetic_mixed\multiproc_mixed_FIFO_GlobalAllocation_p4_f331.json

Running synthetic matrix: mixed, 4 procs, FIFO, LocalAllocation, frames=331
Running multi-process experiment
  Algorithm: FIFO
  Allocation: LocalAllocation
  Total Frames: 331
  Processes: [0, 1, 2, 3]
Results saved to: results\raw\campaign_20260404_140330_266\synthetic_mixed\multiproc_mixed_FIFO_LocalAllocation_p4_f331.json

Running synthetic matrix: mixed, 4 procs, FIFO, ProportionalAllocation, frames=331
Running multi-process experiment
  Algorithm: FIFO
  Allocation: ProportionalAllocation
  Total Frames: 331
  Processes: [0, 1, 2, 3]
Results saved to: results\raw\campaign_20260404_140330_266\synthetic_mixed\multiproc_mixed_FIFO_ProportionalAllocation_p4_f331.json

Running synthetic matrix: mixed, 4 procs, LRU, GlobalAllocation, frames=331
Running multi-process experiment
  Algorithm: LRU
  Allocation: GlobalAllocation
  Total Frames: 331
  Processes: [0, 1, 2, 3]
Results saved to: results\raw\campaign_20260404_140330_266\synthetic_mixed\multiproc_mixed_LRU_GlobalAllocation_p4_f331.json

Running synthetic matrix: mixed, 4 procs, LRU, LocalAllocation, frames=331
Running multi-process experiment
  Algorithm: LRU
  Allocation: LocalAllocation
  Total Frames: 331
  Processes: [0, 1, 2, 3]
Results saved to: results\raw\campaign_20260404_140330_266\synthetic_mixed\multiproc_mixed_LRU_LocalAllocation_p4_f331.json

Running synthetic matrix: mixed, 4 procs, LRU, ProportionalAllocation, frames=331
Running multi-process experiment
  Algorithm: LRU
  Allocation: ProportionalAllocation
  Total Frames: 331
  Processes: [0, 1, 2, 3]
Results saved to: results\raw\campaign_20260404_140330_266\synthetic_mixed\multiproc_mixed_LRU_ProportionalAllocation_p4_f331.json

Running synthetic matrix: mixed, 4 procs, NRU, GlobalAllocation, frames=331
Running multi-process experiment
  Algorithm: NRU
  Allocation: GlobalAllocation
  Total Frames: 331
  Processes: [0, 1, 2, 3]
Results saved to: results\raw\campaign_20260404_140330_266\synthetic_mixed\multiproc_mixed_NRU_GlobalAllocation_p4_f331.json

Running synthetic matrix: mixed, 4 procs, NRU, LocalAllocation, frames=331
Running multi-process experiment
  Algorithm: NRU
  Allocation: LocalAllocation
  Total Frames: 331
  Processes: [0, 1, 2, 3]
Results saved to: results\raw\campaign_20260404_140330_266\synthetic_mixed\multiproc_mixed_NRU_LocalAllocation_p4_f331.json

Running synthetic matrix: mixed, 4 procs, NRU, ProportionalAllocation, frames=331
Running multi-process experiment
  Algorithm: NRU
  Allocation: ProportionalAllocation
  Total Frames: 331
  Processes: [0, 1, 2, 3]
Results saved to: results\raw\campaign_20260404_140330_266\synthetic_mixed\multiproc_mixed_NRU_ProportionalAllocation_p4_f331.json

Running synthetic matrix: mixed, 4 procs, SecondChance, GlobalAllocation, frames=331
Running multi-process experiment
  Algorithm: SecondChance
  Allocation: GlobalAllocation
  Total Frames: 331
  Processes: [0, 1, 2, 3]
Results saved to: results\raw\campaign_20260404_140330_266\synthetic_mixed\multiproc_mixed_SecondChance_GlobalAllocation_p4_f331.json

Running synthetic matrix: mixed, 4 procs, SecondChance, LocalAllocation, frames=331
Running multi-process experiment
  Algorithm: SecondChance
  Allocation: LocalAllocation
  Total Frames: 331
  Processes: [0, 1, 2, 3]
Results saved to: results\raw\campaign_20260404_140330_266\synthetic_mixed\multiproc_mixed_SecondChance_LocalAllocation_p4_f331.json

Running synthetic matrix: mixed, 4 procs, SecondChance, ProportionalAllocation, frames=331
Running multi-process experiment
  Algorithm: SecondChance
  Allocation: ProportionalAllocation
  Total Frames: 331
  Processes: [0, 1, 2, 3]
Results saved to: results\raw\campaign_20260404_140330_266\synthetic_mixed\multiproc_mixed_SecondChance_ProportionalAllocation_p4_f331.json

Running synthetic matrix: mixed, 4 procs, WSClock, GlobalAllocation, frames=331
Running multi-process experiment
  Algorithm: WSClock
  Allocation: GlobalAllocation
  Total Frames: 331
  Processes: [0, 1, 2, 3]
Results saved to: results\raw\campaign_20260404_140330_266\synthetic_mixed\multiproc_mixed_WSClock_GlobalAllocation_p4_f331.json

Running synthetic matrix: mixed, 4 procs, WSClock, LocalAllocation, frames=331
Running multi-process experiment
  Algorithm: WSClock
  Allocation: LocalAllocation
  Total Frames: 331
  Processes: [0, 1, 2, 3]
Results saved to: results\raw\campaign_20260404_140330_266\synthetic_mixed\multiproc_mixed_WSClock_LocalAllocation_p4_f331.json

Running synthetic matrix: mixed, 4 procs, WSClock, ProportionalAllocation, frames=331
Running multi-process experiment
  Algorithm: WSClock
  Allocation: ProportionalAllocation
  Total Frames: 331
  Processes: [0, 1, 2, 3]
Results saved to: results\raw\campaign_20260404_140330_266\synthetic_mixed\multiproc_mixed_WSClock_ProportionalAllocation_p4_f331.json

Running synthetic matrix: mixed, 4 procs, FIFO, GlobalAllocation, frames=397
Running multi-process experiment
  Algorithm: FIFO
  Allocation: GlobalAllocation
  Total Frames: 397
  Processes: [0, 1, 2, 3]
Results saved to: results\raw\campaign_20260404_140330_266\synthetic_mixed\multiproc_mixed_FIFO_GlobalAllocation_p4_f397.json

Running synthetic matrix: mixed, 4 procs, FIFO, LocalAllocation, frames=397
Running multi-process experiment
  Algorithm: FIFO
  Allocation: LocalAllocation
  Total Frames: 397
  Processes: [0, 1, 2, 3]
Results saved to: results\raw\campaign_20260404_140330_266\synthetic_mixed\multiproc_mixed_FIFO_LocalAllocation_p4_f397.json

Running synthetic matrix: mixed, 4 procs, FIFO, ProportionalAllocation, frames=397
Running multi-process experiment
  Algorithm: FIFO
  Allocation: ProportionalAllocation
  Total Frames: 397
  Processes: [0, 1, 2, 3]
Results saved to: results\raw\campaign_20260404_140330_266\synthetic_mixed\multiproc_mixed_FIFO_ProportionalAllocation_p4_f397.json

Running synthetic matrix: mixed, 4 procs, LRU, GlobalAllocation, frames=397
Running multi-process experiment
  Algorithm: LRU
  Allocation: GlobalAllocation
  Total Frames: 397
  Processes: [0, 1, 2, 3]
Results saved to: results\raw\campaign_20260404_140330_266\synthetic_mixed\multiproc_mixed_LRU_GlobalAllocation_p4_f397.json

Running synthetic matrix: mixed, 4 procs, LRU, LocalAllocation, frames=397
Running multi-process experiment
  Algorithm: LRU
  Allocation: LocalAllocation
  Total Frames: 397
  Processes: [0, 1, 2, 3]
Results saved to: results\raw\campaign_20260404_140330_266\synthetic_mixed\multiproc_mixed_LRU_LocalAllocation_p4_f397.json

Running synthetic matrix: mixed, 4 procs, LRU, ProportionalAllocation, frames=397
Running multi-process experiment
  Algorithm: LRU
  Allocation: ProportionalAllocation
  Total Frames: 397
  Processes: [0, 1, 2, 3]
Results saved to: results\raw\campaign_20260404_140330_266\synthetic_mixed\multiproc_mixed_LRU_ProportionalAllocation_p4_f397.json

Running synthetic matrix: mixed, 4 procs, NRU, GlobalAllocation, frames=397
Running multi-process experiment
  Algorithm: NRU
  Allocation: GlobalAllocation
  Total Frames: 397
  Processes: [0, 1, 2, 3]
Results saved to: results\raw\campaign_20260404_140330_266\synthetic_mixed\multiproc_mixed_NRU_GlobalAllocation_p4_f397.json

Running synthetic matrix: mixed, 4 procs, NRU, LocalAllocation, frames=397
Running multi-process experiment
  Algorithm: NRU
  Allocation: LocalAllocation
  Total Frames: 397
  Processes: [0, 1, 2, 3]
Results saved to: results\raw\campaign_20260404_140330_266\synthetic_mixed\multiproc_mixed_NRU_LocalAllocation_p4_f397.json

Running synthetic matrix: mixed, 4 procs, NRU, ProportionalAllocation, frames=397
Running multi-process experiment
  Algorithm: NRU
  Allocation: ProportionalAllocation
  Total Frames: 397
  Processes: [0, 1, 2, 3]
Results saved to: results\raw\campaign_20260404_140330_266\synthetic_mixed\multiproc_mixed_NRU_ProportionalAllocation_p4_f397.json

Running synthetic matrix: mixed, 4 procs, SecondChance, GlobalAllocation, frames=397
Running multi-process experiment
  Algorithm: SecondChance
  Allocation: GlobalAllocation
  Total Frames: 397
  Processes: [0, 1, 2, 3]
Results saved to: results\raw\campaign_20260404_140330_266\synthetic_mixed\multiproc_mixed_SecondChance_GlobalAllocation_p4_f397.json

Running synthetic matrix: mixed, 4 procs, SecondChance, LocalAllocation, frames=397
Running multi-process experiment
  Algorithm: SecondChance
  Allocation: LocalAllocation
  Total Frames: 397
  Processes: [0, 1, 2, 3]
Results saved to: results\raw\campaign_20260404_140330_266\synthetic_mixed\multiproc_mixed_SecondChance_LocalAllocation_p4_f397.json

Running synthetic matrix: mixed, 4 procs, SecondChance, ProportionalAllocation, frames=397
Running multi-process experiment
  Algorithm: SecondChance
  Allocation: ProportionalAllocation
  Total Frames: 397
  Processes: [0, 1, 2, 3]
Results saved to: results\raw\campaign_20260404_140330_266\synthetic_mixed\multiproc_mixed_SecondChance_ProportionalAllocation_p4_f397.json

Running synthetic matrix: mixed, 4 procs, WSClock, GlobalAllocation, frames=397
Running multi-process experiment
  Algorithm: WSClock
  Allocation: GlobalAllocation
  Total Frames: 397
  Processes: [0, 1, 2, 3]
Results saved to: results\raw\campaign_20260404_140330_266\synthetic_mixed\multiproc_mixed_WSClock_GlobalAllocation_p4_f397.json

Running synthetic matrix: mixed, 4 procs, WSClock, LocalAllocation, frames=397
Running multi-process experiment
  Algorithm: WSClock
  Allocation: LocalAllocation
  Total Frames: 397
  Processes: [0, 1, 2, 3]
Results saved to: results\raw\campaign_20260404_140330_266\synthetic_mixed\multiproc_mixed_WSClock_LocalAllocation_p4_f397.json

Running synthetic matrix: mixed, 4 procs, WSClock, ProportionalAllocation, frames=397
Running multi-process experiment
  Algorithm: WSClock
  Allocation: ProportionalAllocation
  Total Frames: 397
  Processes: [0, 1, 2, 3]
Results saved to: results\raw\campaign_20260404_140330_266\synthetic_mixed\multiproc_mixed_WSClock_ProportionalAllocation_p4_f397.json

Running synthetic matrix: mixed, 4 procs, FIFO, GlobalAllocation, frames=496
Running multi-process experiment
  Algorithm: FIFO
  Allocation: GlobalAllocation
  Total Frames: 496
  Processes: [0, 1, 2, 3]
Results saved to: results\raw\campaign_20260404_140330_266\synthetic_mixed\multiproc_mixed_FIFO_GlobalAllocation_p4_f496.json

Running synthetic matrix: mixed, 4 procs, FIFO, LocalAllocation, frames=496
Running multi-process experiment
  Algorithm: FIFO
  Allocation: LocalAllocation
  Total Frames: 496
  Processes: [0, 1, 2, 3]
Results saved to: results\raw\campaign_20260404_140330_266\synthetic_mixed\multiproc_mixed_FIFO_LocalAllocation_p4_f496.json

Running synthetic matrix: mixed, 4 procs, FIFO, ProportionalAllocation, frames=496
Running multi-process experiment
  Algorithm: FIFO
  Allocation: ProportionalAllocation
  Total Frames: 496
  Processes: [0, 1, 2, 3]
Results saved to: results\raw\campaign_20260404_140330_266\synthetic_mixed\multiproc_mixed_FIFO_ProportionalAllocation_p4_f496.json

Running synthetic matrix: mixed, 4 procs, LRU, GlobalAllocation, frames=496
Running multi-process experiment
  Algorithm: LRU
  Allocation: GlobalAllocation
  Total Frames: 496
  Processes: [0, 1, 2, 3]
Results saved to: results\raw\campaign_20260404_140330_266\synthetic_mixed\multiproc_mixed_LRU_GlobalAllocation_p4_f496.json

Running synthetic matrix: mixed, 4 procs, LRU, LocalAllocation, frames=496
Running multi-process experiment
  Algorithm: LRU
  Allocation: LocalAllocation
  Total Frames: 496
  Processes: [0, 1, 2, 3]
Results saved to: results\raw\campaign_20260404_140330_266\synthetic_mixed\multiproc_mixed_LRU_LocalAllocation_p4_f496.json

Running synthetic matrix: mixed, 4 procs, LRU, ProportionalAllocation, frames=496
Running multi-process experiment
  Algorithm: LRU
  Allocation: ProportionalAllocation
  Total Frames: 496
  Processes: [0, 1, 2, 3]
Results saved to: results\raw\campaign_20260404_140330_266\synthetic_mixed\multiproc_mixed_LRU_ProportionalAllocation_p4_f496.json

Running synthetic matrix: mixed, 4 procs, NRU, GlobalAllocation, frames=496
Running multi-process experiment
  Algorithm: NRU
  Allocation: GlobalAllocation
  Total Frames: 496
  Processes: [0, 1, 2, 3]
Results saved to: results\raw\campaign_20260404_140330_266\synthetic_mixed\multiproc_mixed_NRU_GlobalAllocation_p4_f496.json

Running synthetic matrix: mixed, 4 procs, NRU, LocalAllocation, frames=496
Running multi-process experiment
  Algorithm: NRU
  Allocation: LocalAllocation
  Total Frames: 496
  Processes: [0, 1, 2, 3]
Results saved to: results\raw\campaign_20260404_140330_266\synthetic_mixed\multiproc_mixed_NRU_LocalAllocation_p4_f496.json

Running synthetic matrix: mixed, 4 procs, NRU, ProportionalAllocation, frames=496
Running multi-process experiment
  Algorithm: NRU
  Allocation: ProportionalAllocation
  Total Frames: 496
  Processes: [0, 1, 2, 3]
Results saved to: results\raw\campaign_20260404_140330_266\synthetic_mixed\multiproc_mixed_NRU_ProportionalAllocation_p4_f496.json

Running synthetic matrix: mixed, 4 procs, SecondChance, GlobalAllocation, frames=496
Running multi-process experiment
  Algorithm: SecondChance
  Allocation: GlobalAllocation
  Total Frames: 496
  Processes: [0, 1, 2, 3]
Results saved to: results\raw\campaign_20260404_140330_266\synthetic_mixed\multiproc_mixed_SecondChance_GlobalAllocation_p4_f496.json

Running synthetic matrix: mixed, 4 procs, SecondChance, LocalAllocation, frames=496
Running multi-process experiment
  Algorithm: SecondChance
  Allocation: LocalAllocation
  Total Frames: 496
  Processes: [0, 1, 2, 3]
Results saved to: results\raw\campaign_20260404_140330_266\synthetic_mixed\multiproc_mixed_SecondChance_LocalAllocation_p4_f496.json

Running synthetic matrix: mixed, 4 procs, SecondChance, ProportionalAllocation, frames=496
Running multi-process experiment
  Algorithm: SecondChance
  Allocation: ProportionalAllocation
  Total Frames: 496
  Processes: [0, 1, 2, 3]
Results saved to: results\raw\campaign_20260404_140330_266\synthetic_mixed\multiproc_mixed_SecondChance_ProportionalAllocation_p4_f496.json

Running synthetic matrix: mixed, 4 procs, WSClock, GlobalAllocation, frames=496
Running multi-process experiment
  Algorithm: WSClock
  Allocation: GlobalAllocation
  Total Frames: 496
  Processes: [0, 1, 2, 3]
Results saved to: results\raw\campaign_20260404_140330_266\synthetic_mixed\multiproc_mixed_WSClock_GlobalAllocation_p4_f496.json

Running synthetic matrix: mixed, 4 procs, WSClock, LocalAllocation, frames=496
Running multi-process experiment
  Algorithm: WSClock
  Allocation: LocalAllocation
  Total Frames: 496
  Processes: [0, 1, 2, 3]
Results saved to: results\raw\campaign_20260404_140330_266\synthetic_mixed\multiproc_mixed_WSClock_LocalAllocation_p4_f496.json

Running synthetic matrix: mixed, 4 procs, WSClock, ProportionalAllocation, frames=496
Running multi-process experiment
  Algorithm: WSClock
  Allocation: ProportionalAllocation
  Total Frames: 496
  Processes: [0, 1, 2, 3]
Results saved to: results\raw\campaign_20260404_140330_266\synthetic_mixed\multiproc_mixed_WSClock_ProportionalAllocation_p4_f496.json

Running synthetic matrix: mixed, 8 procs, FIFO, GlobalAllocation, frames=630
Running multi-process experiment
  Algorithm: FIFO
  Allocation: GlobalAllocation
  Total Frames: 630
  Processes: [0, 1, 2, 3, 4, 5, 6, 7]
Results saved to: results\raw\campaign_20260404_140330_266\synthetic_mixed\multiproc_mixed_FIFO_GlobalAllocation_p8_f630.json

Running synthetic matrix: mixed, 8 procs, FIFO, LocalAllocation, frames=630
Running multi-process experiment
  Algorithm: FIFO
  Allocation: LocalAllocation
  Total Frames: 630
  Processes: [0, 1, 2, 3, 4, 5, 6, 7]
Results saved to: results\raw\campaign_20260404_140330_266\synthetic_mixed\multiproc_mixed_FIFO_LocalAllocation_p8_f630.json

Running synthetic matrix: mixed, 8 procs, FIFO, ProportionalAllocation, frames=630
Running multi-process experiment
  Algorithm: FIFO
  Allocation: ProportionalAllocation
  Total Frames: 630
  Processes: [0, 1, 2, 3, 4, 5, 6, 7]
Results saved to: results\raw\campaign_20260404_140330_266\synthetic_mixed\multiproc_mixed_FIFO_ProportionalAllocation_p8_f630.json

Running synthetic matrix: mixed, 8 procs, LRU, GlobalAllocation, frames=630
Running multi-process experiment
  Algorithm: LRU
  Allocation: GlobalAllocation
  Total Frames: 630
  Processes: [0, 1, 2, 3, 4, 5, 6, 7]
Results saved to: results\raw\campaign_20260404_140330_266\synthetic_mixed\multiproc_mixed_LRU_GlobalAllocation_p8_f630.json

Running synthetic matrix: mixed, 8 procs, LRU, LocalAllocation, frames=630
Running multi-process experiment
  Algorithm: LRU
  Allocation: LocalAllocation
  Total Frames: 630
  Processes: [0, 1, 2, 3, 4, 5, 6, 7]
Results saved to: results\raw\campaign_20260404_140330_266\synthetic_mixed\multiproc_mixed_LRU_LocalAllocation_p8_f630.json

Running synthetic matrix: mixed, 8 procs, LRU, ProportionalAllocation, frames=630
Running multi-process experiment
  Algorithm: LRU
  Allocation: ProportionalAllocation
  Total Frames: 630
  Processes: [0, 1, 2, 3, 4, 5, 6, 7]
Results saved to: results\raw\campaign_20260404_140330_266\synthetic_mixed\multiproc_mixed_LRU_ProportionalAllocation_p8_f630.json

Running synthetic matrix: mixed, 8 procs, NRU, GlobalAllocation, frames=630
Running multi-process experiment
  Algorithm: NRU
  Allocation: GlobalAllocation
  Total Frames: 630
  Processes: [0, 1, 2, 3, 4, 5, 6, 7]
Results saved to: results\raw\campaign_20260404_140330_266\synthetic_mixed\multiproc_mixed_NRU_GlobalAllocation_p8_f630.json

Running synthetic matrix: mixed, 8 procs, NRU, LocalAllocation, frames=630
Running multi-process experiment
  Algorithm: NRU
  Allocation: LocalAllocation
  Total Frames: 630
  Processes: [0, 1, 2, 3, 4, 5, 6, 7]
Results saved to: results\raw\campaign_20260404_140330_266\synthetic_mixed\multiproc_mixed_NRU_LocalAllocation_p8_f630.json

Running synthetic matrix: mixed, 8 procs, NRU, ProportionalAllocation, frames=630
Running multi-process experiment
  Algorithm: NRU
  Allocation: ProportionalAllocation
  Total Frames: 630
  Processes: [0, 1, 2, 3, 4, 5, 6, 7]
Results saved to: results\raw\campaign_20260404_140330_266\synthetic_mixed\multiproc_mixed_NRU_ProportionalAllocation_p8_f630.json

Running synthetic matrix: mixed, 8 procs, SecondChance, GlobalAllocation, frames=630
Running multi-process experiment
  Algorithm: SecondChance
  Allocation: GlobalAllocation
  Total Frames: 630
  Processes: [0, 1, 2, 3, 4, 5, 6, 7]
Results saved to: results\raw\campaign_20260404_140330_266\synthetic_mixed\multiproc_mixed_SecondChance_GlobalAllocation_p8_f630.json

Running synthetic matrix: mixed, 8 procs, SecondChance, LocalAllocation, frames=630
Running multi-process experiment
  Algorithm: SecondChance
  Allocation: LocalAllocation
  Total Frames: 630
  Processes: [0, 1, 2, 3, 4, 5, 6, 7]
Results saved to: results\raw\campaign_20260404_140330_266\synthetic_mixed\multiproc_mixed_SecondChance_LocalAllocation_p8_f630.json

Running synthetic matrix: mixed, 8 procs, SecondChance, ProportionalAllocation, frames=630
Running multi-process experiment
  Algorithm: SecondChance
  Allocation: ProportionalAllocation
  Total Frames: 630
  Processes: [0, 1, 2, 3, 4, 5, 6, 7]
Results saved to: results\raw\campaign_20260404_140330_266\synthetic_mixed\multiproc_mixed_SecondChance_ProportionalAllocation_p8_f630.json

Running synthetic matrix: mixed, 8 procs, WSClock, GlobalAllocation, frames=630
Running multi-process experiment
  Algorithm: WSClock
  Allocation: GlobalAllocation
  Total Frames: 630
  Processes: [0, 1, 2, 3, 4, 5, 6, 7]
Results saved to: results\raw\campaign_20260404_140330_266\synthetic_mixed\multiproc_mixed_WSClock_GlobalAllocation_p8_f630.json

Running synthetic matrix: mixed, 8 procs, WSClock, LocalAllocation, frames=630
Running multi-process experiment
  Algorithm: WSClock
  Allocation: LocalAllocation
  Total Frames: 630
  Processes: [0, 1, 2, 3, 4, 5, 6, 7]
Results saved to: results\raw\campaign_20260404_140330_266\synthetic_mixed\multiproc_mixed_WSClock_LocalAllocation_p8_f630.json

Running synthetic matrix: mixed, 8 procs, WSClock, ProportionalAllocation, frames=630
Running multi-process experiment
  Algorithm: WSClock
  Allocation: ProportionalAllocation
  Total Frames: 630
  Processes: [0, 1, 2, 3, 4, 5, 6, 7]
Results saved to: results\raw\campaign_20260404_140330_266\synthetic_mixed\multiproc_mixed_WSClock_ProportionalAllocation_p8_f630.json

Running synthetic matrix: mixed, 8 procs, FIFO, GlobalAllocation, frames=787
Running multi-process experiment
  Algorithm: FIFO
  Allocation: GlobalAllocation
  Total Frames: 787
  Processes: [0, 1, 2, 3, 4, 5, 6, 7]
Results saved to: results\raw\campaign_20260404_140330_266\synthetic_mixed\multiproc_mixed_FIFO_GlobalAllocation_p8_f787.json

Running synthetic matrix: mixed, 8 procs, FIFO, LocalAllocation, frames=787
Running multi-process experiment
  Algorithm: FIFO
  Allocation: LocalAllocation
  Total Frames: 787
  Processes: [0, 1, 2, 3, 4, 5, 6, 7]
Results saved to: results\raw\campaign_20260404_140330_266\synthetic_mixed\multiproc_mixed_FIFO_LocalAllocation_p8_f787.json

Running synthetic matrix: mixed, 8 procs, FIFO, ProportionalAllocation, frames=787
Running multi-process experiment
  Algorithm: FIFO
  Allocation: ProportionalAllocation
  Total Frames: 787
  Processes: [0, 1, 2, 3, 4, 5, 6, 7]
Results saved to: results\raw\campaign_20260404_140330_266\synthetic_mixed\multiproc_mixed_FIFO_ProportionalAllocation_p8_f787.json

Running synthetic matrix: mixed, 8 procs, LRU, GlobalAllocation, frames=787
Running multi-process experiment
  Algorithm: LRU
  Allocation: GlobalAllocation
  Total Frames: 787
  Processes: [0, 1, 2, 3, 4, 5, 6, 7]
Results saved to: results\raw\campaign_20260404_140330_266\synthetic_mixed\multiproc_mixed_LRU_GlobalAllocation_p8_f787.json

Running synthetic matrix: mixed, 8 procs, LRU, LocalAllocation, frames=787
Running multi-process experiment
  Algorithm: LRU
  Allocation: LocalAllocation
  Total Frames: 787
  Processes: [0, 1, 2, 3, 4, 5, 6, 7]
Results saved to: results\raw\campaign_20260404_140330_266\synthetic_mixed\multiproc_mixed_LRU_LocalAllocation_p8_f787.json

Running synthetic matrix: mixed, 8 procs, LRU, ProportionalAllocation, frames=787
Running multi-process experiment
  Algorithm: LRU
  Allocation: ProportionalAllocation
  Total Frames: 787
  Processes: [0, 1, 2, 3, 4, 5, 6, 7]
Results saved to: results\raw\campaign_20260404_140330_266\synthetic_mixed\multiproc_mixed_LRU_ProportionalAllocation_p8_f787.json

Running synthetic matrix: mixed, 8 procs, NRU, GlobalAllocation, frames=787
Running multi-process experiment
  Algorithm: NRU
  Allocation: GlobalAllocation
  Total Frames: 787
  Processes: [0, 1, 2, 3, 4, 5, 6, 7]
Results saved to: results\raw\campaign_20260404_140330_266\synthetic_mixed\multiproc_mixed_NRU_GlobalAllocation_p8_f787.json

Running synthetic matrix: mixed, 8 procs, NRU, LocalAllocation, frames=787
Running multi-process experiment
  Algorithm: NRU
  Allocation: LocalAllocation
  Total Frames: 787
  Processes: [0, 1, 2, 3, 4, 5, 6, 7]
Results saved to: results\raw\campaign_20260404_140330_266\synthetic_mixed\multiproc_mixed_NRU_LocalAllocation_p8_f787.json

Running synthetic matrix: mixed, 8 procs, NRU, ProportionalAllocation, frames=787
Running multi-process experiment
  Algorithm: NRU
  Allocation: ProportionalAllocation
  Total Frames: 787
  Processes: [0, 1, 2, 3, 4, 5, 6, 7]
Results saved to: results\raw\campaign_20260404_140330_266\synthetic_mixed\multiproc_mixed_NRU_ProportionalAllocation_p8_f787.json

Running synthetic matrix: mixed, 8 procs, SecondChance, GlobalAllocation, frames=787
Running multi-process experiment
  Algorithm: SecondChance
  Allocation: GlobalAllocation
  Total Frames: 787
  Processes: [0, 1, 2, 3, 4, 5, 6, 7]
Results saved to: results\raw\campaign_20260404_140330_266\synthetic_mixed\multiproc_mixed_SecondChance_GlobalAllocation_p8_f787.json

Running synthetic matrix: mixed, 8 procs, SecondChance, LocalAllocation, frames=787
Running multi-process experiment
  Algorithm: SecondChance
  Allocation: LocalAllocation
  Total Frames: 787
  Processes: [0, 1, 2, 3, 4, 5, 6, 7]
Results saved to: results\raw\campaign_20260404_140330_266\synthetic_mixed\multiproc_mixed_SecondChance_LocalAllocation_p8_f787.json

Running synthetic matrix: mixed, 8 procs, SecondChance, ProportionalAllocation, frames=787
Running multi-process experiment
  Algorithm: SecondChance
  Allocation: ProportionalAllocation
  Total Frames: 787
  Processes: [0, 1, 2, 3, 4, 5, 6, 7]
Results saved to: results\raw\campaign_20260404_140330_266\synthetic_mixed\multiproc_mixed_SecondChance_ProportionalAllocation_p8_f787.json

Running synthetic matrix: mixed, 8 procs, WSClock, GlobalAllocation, frames=787
Running multi-process experiment
  Algorithm: WSClock
  Allocation: GlobalAllocation
  Total Frames: 787
  Processes: [0, 1, 2, 3, 4, 5, 6, 7]
Results saved to: results\raw\campaign_20260404_140330_266\synthetic_mixed\multiproc_mixed_WSClock_GlobalAllocation_p8_f787.json

Running synthetic matrix: mixed, 8 procs, WSClock, LocalAllocation, frames=787
Running multi-process experiment
  Algorithm: WSClock
  Allocation: LocalAllocation
  Total Frames: 787
  Processes: [0, 1, 2, 3, 4, 5, 6, 7]
Results saved to: results\raw\campaign_20260404_140330_266\synthetic_mixed\multiproc_mixed_WSClock_LocalAllocation_p8_f787.json

Running synthetic matrix: mixed, 8 procs, WSClock, ProportionalAllocation, frames=787
Running multi-process experiment
  Algorithm: WSClock
  Allocation: ProportionalAllocation
  Total Frames: 787
  Processes: [0, 1, 2, 3, 4, 5, 6, 7]
Results saved to: results\raw\campaign_20260404_140330_266\synthetic_mixed\multiproc_mixed_WSClock_ProportionalAllocation_p8_f787.json

Running synthetic matrix: mixed, 8 procs, FIFO, GlobalAllocation, frames=944
Running multi-process experiment
  Algorithm: FIFO
  Allocation: GlobalAllocation
  Total Frames: 944
  Processes: [0, 1, 2, 3, 4, 5, 6, 7]
Results saved to: results\raw\campaign_20260404_140330_266\synthetic_mixed\multiproc_mixed_FIFO_GlobalAllocation_p8_f944.json

Running synthetic matrix: mixed, 8 procs, FIFO, LocalAllocation, frames=944
Running multi-process experiment
  Algorithm: FIFO
  Allocation: LocalAllocation
  Total Frames: 944
  Processes: [0, 1, 2, 3, 4, 5, 6, 7]
Results saved to: results\raw\campaign_20260404_140330_266\synthetic_mixed\multiproc_mixed_FIFO_LocalAllocation_p8_f944.json

Running synthetic matrix: mixed, 8 procs, FIFO, ProportionalAllocation, frames=944
Running multi-process experiment
  Algorithm: FIFO
  Allocation: ProportionalAllocation
  Total Frames: 944
  Processes: [0, 1, 2, 3, 4, 5, 6, 7]
Results saved to: results\raw\campaign_20260404_140330_266\synthetic_mixed\multiproc_mixed_FIFO_ProportionalAllocation_p8_f944.json

Running synthetic matrix: mixed, 8 procs, LRU, GlobalAllocation, frames=944
Running multi-process experiment
  Algorithm: LRU
  Allocation: GlobalAllocation
  Total Frames: 944
  Processes: [0, 1, 2, 3, 4, 5, 6, 7]
Results saved to: results\raw\campaign_20260404_140330_266\synthetic_mixed\multiproc_mixed_LRU_GlobalAllocation_p8_f944.json

Running synthetic matrix: mixed, 8 procs, LRU, LocalAllocation, frames=944
Running multi-process experiment
  Algorithm: LRU
  Allocation: LocalAllocation
  Total Frames: 944
  Processes: [0, 1, 2, 3, 4, 5, 6, 7]
Results saved to: results\raw\campaign_20260404_140330_266\synthetic_mixed\multiproc_mixed_LRU_LocalAllocation_p8_f944.json

Running synthetic matrix: mixed, 8 procs, LRU, ProportionalAllocation, frames=944
Running multi-process experiment
  Algorithm: LRU
  Allocation: ProportionalAllocation
  Total Frames: 944
  Processes: [0, 1, 2, 3, 4, 5, 6, 7]
Results saved to: results\raw\campaign_20260404_140330_266\synthetic_mixed\multiproc_mixed_LRU_ProportionalAllocation_p8_f944.json

Running synthetic matrix: mixed, 8 procs, NRU, GlobalAllocation, frames=944
Running multi-process experiment
  Algorithm: NRU
  Allocation: GlobalAllocation
  Total Frames: 944
  Processes: [0, 1, 2, 3, 4, 5, 6, 7]
Results saved to: results\raw\campaign_20260404_140330_266\synthetic_mixed\multiproc_mixed_NRU_GlobalAllocation_p8_f944.json

Running synthetic matrix: mixed, 8 procs, NRU, LocalAllocation, frames=944
Running multi-process experiment
  Algorithm: NRU
  Allocation: LocalAllocation
  Total Frames: 944
  Processes: [0, 1, 2, 3, 4, 5, 6, 7]
Results saved to: results\raw\campaign_20260404_140330_266\synthetic_mixed\multiproc_mixed_NRU_LocalAllocation_p8_f944.json

Running synthetic matrix: mixed, 8 procs, NRU, ProportionalAllocation, frames=944
Running multi-process experiment
  Algorithm: NRU
  Allocation: ProportionalAllocation
  Total Frames: 944
  Processes: [0, 1, 2, 3, 4, 5, 6, 7]
Results saved to: results\raw\campaign_20260404_140330_266\synthetic_mixed\multiproc_mixed_NRU_ProportionalAllocation_p8_f944.json

Running synthetic matrix: mixed, 8 procs, SecondChance, GlobalAllocation, frames=944
Running multi-process experiment
  Algorithm: SecondChance
  Allocation: GlobalAllocation
  Total Frames: 944
  Processes: [0, 1, 2, 3, 4, 5, 6, 7]
Results saved to: results\raw\campaign_20260404_140330_266\synthetic_mixed\multiproc_mixed_SecondChance_GlobalAllocation_p8_f944.json

Running synthetic matrix: mixed, 8 procs, SecondChance, LocalAllocation, frames=944
Running multi-process experiment
  Algorithm: SecondChance
  Allocation: LocalAllocation
  Total Frames: 944
  Processes: [0, 1, 2, 3, 4, 5, 6, 7]
Results saved to: results\raw\campaign_20260404_140330_266\synthetic_mixed\multiproc_mixed_SecondChance_LocalAllocation_p8_f944.json

Running synthetic matrix: mixed, 8 procs, SecondChance, ProportionalAllocation, frames=944
Running multi-process experiment
  Algorithm: SecondChance
  Allocation: ProportionalAllocation
  Total Frames: 944
  Processes: [0, 1, 2, 3, 4, 5, 6, 7]
Results saved to: results\raw\campaign_20260404_140330_266\synthetic_mixed\multiproc_mixed_SecondChance_ProportionalAllocation_p8_f944.json

Running synthetic matrix: mixed, 8 procs, WSClock, GlobalAllocation, frames=944
Running multi-process experiment
  Algorithm: WSClock
  Allocation: GlobalAllocation
  Total Frames: 944
  Processes: [0, 1, 2, 3, 4, 5, 6, 7]
Results saved to: results\raw\campaign_20260404_140330_266\synthetic_mixed\multiproc_mixed_WSClock_GlobalAllocation_p8_f944.json

Running synthetic matrix: mixed, 8 procs, WSClock, LocalAllocation, frames=944
Running multi-process experiment
  Algorithm: WSClock
  Allocation: LocalAllocation
  Total Frames: 944
  Processes: [0, 1, 2, 3, 4, 5, 6, 7]
Results saved to: results\raw\campaign_20260404_140330_266\synthetic_mixed\multiproc_mixed_WSClock_LocalAllocation_p8_f944.json

Running synthetic matrix: mixed, 8 procs, WSClock, ProportionalAllocation, frames=944
Running multi-process experiment
  Algorithm: WSClock
  Allocation: ProportionalAllocation
  Total Frames: 944
  Processes: [0, 1, 2, 3, 4, 5, 6, 7]
Results saved to: results\raw\campaign_20260404_140330_266\synthetic_mixed\multiproc_mixed_WSClock_ProportionalAllocation_p8_f944.json

Running synthetic matrix: mixed, 8 procs, FIFO, GlobalAllocation, frames=1180
Running multi-process experiment
  Algorithm: FIFO
  Allocation: GlobalAllocation
  Total Frames: 1180
  Processes: [0, 1, 2, 3, 4, 5, 6, 7]
Results saved to: results\raw\campaign_20260404_140330_266\synthetic_mixed\multiproc_mixed_FIFO_GlobalAllocation_p8_f1180.json

Running synthetic matrix: mixed, 8 procs, FIFO, LocalAllocation, frames=1180
Running multi-process experiment
  Algorithm: FIFO
  Allocation: LocalAllocation
  Total Frames: 1180
  Processes: [0, 1, 2, 3, 4, 5, 6, 7]
Results saved to: results\raw\campaign_20260404_140330_266\synthetic_mixed\multiproc_mixed_FIFO_LocalAllocation_p8_f1180.json

Running synthetic matrix: mixed, 8 procs, FIFO, ProportionalAllocation, frames=1180
Running multi-process experiment
  Algorithm: FIFO
  Allocation: ProportionalAllocation
  Total Frames: 1180
  Processes: [0, 1, 2, 3, 4, 5, 6, 7]
Results saved to: results\raw\campaign_20260404_140330_266\synthetic_mixed\multiproc_mixed_FIFO_ProportionalAllocation_p8_f1180.json

Running synthetic matrix: mixed, 8 procs, LRU, GlobalAllocation, frames=1180
Running multi-process experiment
  Algorithm: LRU
  Allocation: GlobalAllocation
  Total Frames: 1180
  Processes: [0, 1, 2, 3, 4, 5, 6, 7]
Results saved to: results\raw\campaign_20260404_140330_266\synthetic_mixed\multiproc_mixed_LRU_GlobalAllocation_p8_f1180.json

Running synthetic matrix: mixed, 8 procs, LRU, LocalAllocation, frames=1180
Running multi-process experiment
  Algorithm: LRU
  Allocation: LocalAllocation
  Total Frames: 1180
  Processes: [0, 1, 2, 3, 4, 5, 6, 7]
Results saved to: results\raw\campaign_20260404_140330_266\synthetic_mixed\multiproc_mixed_LRU_LocalAllocation_p8_f1180.json

Running synthetic matrix: mixed, 8 procs, LRU, ProportionalAllocation, frames=1180
Running multi-process experiment
  Algorithm: LRU
  Allocation: ProportionalAllocation
  Total Frames: 1180
  Processes: [0, 1, 2, 3, 4, 5, 6, 7]
Results saved to: results\raw\campaign_20260404_140330_266\synthetic_mixed\multiproc_mixed_LRU_ProportionalAllocation_p8_f1180.json

Running synthetic matrix: mixed, 8 procs, NRU, GlobalAllocation, frames=1180
Running multi-process experiment
  Algorithm: NRU
  Allocation: GlobalAllocation
  Total Frames: 1180
  Processes: [0, 1, 2, 3, 4, 5, 6, 7]
Results saved to: results\raw\campaign_20260404_140330_266\synthetic_mixed\multiproc_mixed_NRU_GlobalAllocation_p8_f1180.json

Running synthetic matrix: mixed, 8 procs, NRU, LocalAllocation, frames=1180
Running multi-process experiment
  Algorithm: NRU
  Allocation: LocalAllocation
  Total Frames: 1180
  Processes: [0, 1, 2, 3, 4, 5, 6, 7]
Results saved to: results\raw\campaign_20260404_140330_266\synthetic_mixed\multiproc_mixed_NRU_LocalAllocation_p8_f1180.json

Running synthetic matrix: mixed, 8 procs, NRU, ProportionalAllocation, frames=1180
Running multi-process experiment
  Algorithm: NRU
  Allocation: ProportionalAllocation
  Total Frames: 1180
  Processes: [0, 1, 2, 3, 4, 5, 6, 7]
Results saved to: results\raw\campaign_20260404_140330_266\synthetic_mixed\multiproc_mixed_NRU_ProportionalAllocation_p8_f1180.json

Running synthetic matrix: mixed, 8 procs, SecondChance, GlobalAllocation, frames=1180
Running multi-process experiment
  Algorithm: SecondChance
  Allocation: GlobalAllocation
  Total Frames: 1180
  Processes: [0, 1, 2, 3, 4, 5, 6, 7]
Results saved to: results\raw\campaign_20260404_140330_266\synthetic_mixed\multiproc_mixed_SecondChance_GlobalAllocation_p8_f1180.json

Running synthetic matrix: mixed, 8 procs, SecondChance, LocalAllocation, frames=1180
Running multi-process experiment
  Algorithm: SecondChance
  Allocation: LocalAllocation
  Total Frames: 1180
  Processes: [0, 1, 2, 3, 4, 5, 6, 7]
Results saved to: results\raw\campaign_20260404_140330_266\synthetic_mixed\multiproc_mixed_SecondChance_LocalAllocation_p8_f1180.json

Running synthetic matrix: mixed, 8 procs, SecondChance, ProportionalAllocation, frames=1180
Running multi-process experiment
  Algorithm: SecondChance
  Allocation: ProportionalAllocation
  Total Frames: 1180
  Processes: [0, 1, 2, 3, 4, 5, 6, 7]
Results saved to: results\raw\campaign_20260404_140330_266\synthetic_mixed\multiproc_mixed_SecondChance_ProportionalAllocation_p8_f1180.json

Running synthetic matrix: mixed, 8 procs, WSClock, GlobalAllocation, frames=1180
Running multi-process experiment
  Algorithm: WSClock
  Allocation: GlobalAllocation
  Total Frames: 1180
  Processes: [0, 1, 2, 3, 4, 5, 6, 7]
Results saved to: results\raw\campaign_20260404_140330_266\synthetic_mixed\multiproc_mixed_WSClock_GlobalAllocation_p8_f1180.json

Running synthetic matrix: mixed, 8 procs, WSClock, LocalAllocation, frames=1180
Running multi-process experiment
  Algorithm: WSClock
  Allocation: LocalAllocation
  Total Frames: 1180
  Processes: [0, 1, 2, 3, 4, 5, 6, 7]
Results saved to: results\raw\campaign_20260404_140330_266\synthetic_mixed\multiproc_mixed_WSClock_LocalAllocation_p8_f1180.json

Running synthetic matrix: mixed, 8 procs, WSClock, ProportionalAllocation, frames=1180
Running multi-process experiment
  Algorithm: WSClock
  Allocation: ProportionalAllocation
  Total Frames: 1180
  Processes: [0, 1, 2, 3, 4, 5, 6, 7]
Results saved to: results\raw\campaign_20260404_140330_266\synthetic_mixed\multiproc_mixed_WSClock_ProportionalAllocation_p8_f1180.json
Summary report saved to: results\raw\campaign_20260404_140330_266\synthetic_mixed\summary_report.txt
Summary figure saved to: results\raw\campaign_20260404_140330_266\synthetic_mixed\figures\summary_figure.png
Plot saved to: results\raw\campaign_20260404_140330_266\synthetic_mixed\figures\page_fault_comparison.png
Plot saved to: results\raw\campaign_20260404_140330_266\synthetic_mixed\figures\fairness_comparison.png
BATCH_DONE

python.exe : 
At line:56 char:1
+ & python -c $code $outDir 1> $stdoutPath 2> $stderrPath;
+ ~~~~~~~~~~~~~~~~~~~~~~~~~~~~~~~~~~~~~~~~~~~~~~~~~~~~~~~
    + CategoryInfo          : NotSpecified: (:String) [], RemoteException
    + FullyQualifiedErrorId : NativeCommandError
 
Trials:   0%|          | 0/10 [00:00<?, ?it/s]
Trials:  30%|###       | 3/10 [00:00<00:00, 22.71it/s]
Trials:  60%|######    | 6/10 [00:00<00:00, 23.31it/s]
Trials:  90%|######### | 9/10 [00:00<00:00, 23.58it/s]
Trials: 100%|##########| 10/10 [00:00<00:00, 23.51it/s]

Trials:   0%|          | 0/10 [00:00<?, ?it/s]
Trials:  30%|###       | 3/10 [00:00<00:00, 22.82it/s]
Trials:  60%|######    | 6/10 [00:00<00:00, 23.34it/s]
Trials:  90%|######### | 9/10 [00:00<00:00, 22.94it/s]
Trials: 100%|##########| 10/10 [00:00<00:00, 23.11it/s]

Trials:   0%|          | 0/10 [00:00<?, ?it/s]
Trials:  30%|###       | 3/10 [00:00<00:00, 22.95it/s]
Trials:  60%|######    | 6/10 [00:00<00:00, 23.60it/s]
Trials:  90%|######### | 9/10 [00:00<00:00, 23.28it/s]
Trials: 100%|##########| 10/10 [00:00<00:00, 22.93it/s]

Trials:   0%|          | 0/10 [00:00<?, ?it/s]
Trials:  30%|###       | 3/10 [00:00<00:00, 23.46it/s]
Trials:  60%|######    | 6/10 [00:00<00:00, 23.28it/s]
Trials:  90%|######### | 9/10 [00:00<00:00, 23.36it/s]
Trials: 100%|##########| 10/10 [00:00<00:00, 23.38it/s]

Trials:   0%|          | 0/10 [00:00<?, ?it/s]
Trials:  30%|###       | 3/10 [00:00<00:00, 23.51it/s]
Trials:  60%|######    | 6/10 [00:00<00:00, 23.13it/s]
Trials:  90%|######### | 9/10 [00:00<00:00, 22.05it/s]
Trials: 100%|##########| 10/10 [00:00<00:00, 22.51it/s]

Trials:   0%|          | 0/10 [00:00<?, ?it/s]
Trials:  30%|###       | 3/10 [00:00<00:00, 23.79it/s]
Trials:  60%|######    | 6/10 [00:00<00:00, 23.75it/s]
Trials:  90%|######### | 9/10 [00:00<00:00, 23.80it/s]
Trials: 100%|##########| 10/10 [00:00<00:00, 23.79it/s]

Trials:   0%|          | 0/10 [00:00<?, ?it/s]
Trials:  30%|###       | 3/10 [00:00<00:00, 21.20it/s]
Trials:  60%|######    | 6/10 [00:00<00:00, 19.38it/s]
Trials:  90%|######### | 9/10 [00:00<00:00, 19.89it/s]
Trials: 100%|##########| 10/10 [00:00<00:00, 20.01it/s]

Trials:   0%|          | 0/10 [00:00<?, ?it/s]
Trials:  30%|###       | 3/10 [00:00<00:00, 20.51it/s]
Trials:  60%|######    | 6/10 [00:00<00:00, 19.85it/s]
Trials:  80%|########  | 8/10 [00:00<00:00, 19.61it/s]
Trials: 100%|##########| 10/10 [00:00<00:00, 19.02it/s]
Trials: 100%|##########| 10/10 [00:00<00:00, 19.37it/s]

Trials:   0%|          | 0/10 [00:00<?, ?it/s]
Trials:  30%|###       | 3/10 [00:00<00:00, 20.31it/s]
Trials:  60%|######    | 6/10 [00:00<00:00, 20.61it/s]
Trials:  90%|######### | 9/10 [00:00<00:00, 20.71it/s]
Trials: 100%|##########| 10/10 [00:00<00:00, 20.75it/s]

Trials:   0%|          | 0/10 [00:00<?, ?it/s]
Trials:  30%|###       | 3/10 [00:00<00:00, 23.33it/s]
Trials:  60%|######    | 6/10 [00:00<00:00, 22.27it/s]
Trials:  90%|######### | 9/10 [00:00<00:00, 22.67it/s]
Trials: 100%|##########| 10/10 [00:00<00:00, 22.68it/s]

Trials:   0%|          | 0/10 [00:00<?, ?it/s]
Trials:  30%|###       | 3/10 [00:00<00:00, 23.44it/s]
Trials:  60%|######    | 6/10 [00:00<00:00, 23.40it/s]
Trials:  90%|######### | 9/10 [00:00<00:00, 23.33it/s]
Trials: 100%|##########| 10/10 [00:00<00:00, 23.35it/s]

Trials:   0%|          | 0/10 [00:00<?, ?it/s]
Trials:  30%|###       | 3/10 [00:00<00:00, 21.51it/s]
Trials:  60%|######    | 6/10 [00:00<00:00, 22.77it/s]
Trials:  90%|######### | 9/10 [00:00<00:00, 22.99it/s]
Trials: 100%|##########| 10/10 [00:00<00:00, 22.90it/s]

Trials:   0%|          | 0/10 [00:00<?, ?it/s]
Trials:  30%|###       | 3/10 [00:00<00:00, 21.56it/s]
Trials:  60%|######    | 6/10 [00:00<00:00, 20.80it/s]
Trials:  90%|######### | 9/10 [00:00<00:00, 21.09it/s]
Trials: 100%|##########| 10/10 [00:00<00:00, 21.02it/s]

Trials:   0%|          | 0/10 [00:00<?, ?it/s]
Trials:  20%|##        | 2/10 [00:00<00:00, 17.31it/s]
Trials:  40%|####      | 4/10 [00:00<00:00, 17.98it/s]
Trials:  60%|######    | 6/10 [00:00<00:00, 18.34it/s]
Trials:  80%|########  | 8/10 [00:00<00:00, 18.35it/s]
Trials: 100%|##########| 10/10 [00:00<00:00, 18.17it/s]
Trials: 100%|##########| 10/10 [00:00<00:00, 18.14it/s]

Trials:   0%|          | 0/10 [00:00<?, ?it/s]
Trials:  20%|##        | 2/10 [00:00<00:00, 17.98it/s]
Trials:  40%|####      | 4/10 [00:00<00:00, 18.83it/s]
Trials:  60%|######    | 6/10 [00:00<00:00, 19.34it/s]
Trials:  80%|########  | 8/10 [00:00<00:00, 19.37it/s]
Trials: 100%|##########| 10/10 [00:00<00:00, 19.38it/s]

Trials:   0%|          | 0/10 [00:00<?, ?it/s]
Trials:  30%|###       | 3/10 [00:00<00:00, 23.76it/s]
Trials:  60%|######    | 6/10 [00:00<00:00, 20.82it/s]
Trials:  90%|######### | 9/10 [00:00<00:00, 22.18it/s]
Trials: 100%|##########| 10/10 [00:00<00:00, 22.25it/s]

Trials:   0%|          | 0/10 [00:00<?, ?it/s]
Trials:  30%|###       | 3/10 [00:00<00:00, 24.43it/s]
Trials:  60%|######    | 6/10 [00:00<00:00, 24.07it/s]
Trials:  90%|######### | 9/10 [00:00<00:00, 24.30it/s]
Trials: 100%|##########| 10/10 [00:00<00:00, 24.31it/s]

Trials:   0%|          | 0/10 [00:00<?, ?it/s]
Trials:  30%|###       | 3/10 [00:00<00:00, 24.57it/s]
Trials:  60%|######    | 6/10 [00:00<00:00, 24.70it/s]
Trials:  90%|######### | 9/10 [00:00<00:00, 23.53it/s]
Trials: 100%|##########| 10/10 [00:00<00:00, 23.86it/s]

Trials:   0%|          | 0/10 [00:00<?, ?it/s]
Trials:  30%|###       | 3/10 [00:00<00:00, 23.31it/s]
Trials:  60%|######    | 6/10 [00:00<00:00, 23.44it/s]
Trials:  90%|######### | 9/10 [00:00<00:00, 23.43it/s]
Trials: 100%|##########| 10/10 [00:00<00:00, 23.43it/s]

Trials:   0%|          | 0/10 [00:00<?, ?it/s]
Trials:  30%|###       | 3/10 [00:00<00:00, 23.00it/s]
Trials:  60%|######    | 6/10 [00:00<00:00, 21.32it/s]
Trials:  90%|######### | 9/10 [00:00<00:00, 22.45it/s]
Trials: 100%|##########| 10/10 [00:00<00:00, 22.41it/s]

Trials:   0%|          | 0/10 [00:00<?, ?it/s]
Trials:  30%|###       | 3/10 [00:00<00:00, 22.79it/s]
Trials:  60%|######    | 6/10 [00:00<00:00, 23.54it/s]
Trials:  90%|######### | 9/10 [00:00<00:00, 23.73it/s]
Trials: 100%|##########| 10/10 [00:00<00:00, 23.67it/s]

Trials:   0%|          | 0/10 [00:00<?, ?it/s]
Trials:  30%|###       | 3/10 [00:00<00:00, 19.27it/s]
Trials:  60%|######    | 6/10 [00:00<00:00, 21.27it/s]
Trials:  90%|######### | 9/10 [00:00<00:00, 22.04it/s]
Trials: 100%|##########| 10/10 [00:00<00:00, 21.75it/s]

Trials:   0%|          | 0/10 [00:00<?, ?it/s]
Trials:  30%|###       | 3/10 [00:00<00:00, 21.34it/s]
Trials:  60%|######    | 6/10 [00:00<00:00, 21.86it/s]
Trials:  90%|######### | 9/10 [00:00<00:00, 20.66it/s]
Trials: 100%|##########| 10/10 [00:00<00:00, 21.08it/s]

Trials:   0%|          | 0/10 [00:00<?, ?it/s]
Trials:  30%|###       | 3/10 [00:00<00:00, 23.83it/s]
Trials:  60%|######    | 6/10 [00:00<00:00, 23.80it/s]
Trials:  90%|######### | 9/10 [00:00<00:00, 23.83it/s]
Trials: 100%|##########| 10/10 [00:00<00:00, 23.80it/s]

Trials:   0%|          | 0/10 [00:00<?, ?it/s]
Trials:  30%|###       | 3/10 [00:00<00:00, 23.62it/s]
Trials:  60%|######    | 6/10 [00:00<00:00, 23.61it/s]
Trials:  90%|######### | 9/10 [00:00<00:00, 24.27it/s]
Trials: 100%|##########| 10/10 [00:00<00:00, 24.27it/s]

Trials:   0%|          | 0/10 [00:00<?, ?it/s]
Trials:  30%|###       | 3/10 [00:00<00:00, 21.54it/s]
Trials:  60%|######    | 6/10 [00:00<00:00, 22.85it/s]
Trials:  90%|######### | 9/10 [00:00<00:00, 23.25it/s]
Trials: 100%|##########| 10/10 [00:00<00:00, 23.10it/s]

Trials:   0%|          | 0/10 [00:00<?, ?it/s]
Trials:  30%|###       | 3/10 [00:00<00:00, 24.29it/s]
Trials:  60%|######    | 6/10 [00:00<00:00, 23.11it/s]
Trials:  90%|######### | 9/10 [00:00<00:00, 23.61it/s]
Trials: 100%|##########| 10/10 [00:00<00:00, 23.64it/s]

Trials:   0%|          | 0/10 [00:00<?, ?it/s]
Trials:  30%|###       | 3/10 [00:00<00:00, 22.78it/s]
Trials:  60%|######    | 6/10 [00:00<00:00, 23.32it/s]
Trials:  90%|######### | 9/10 [00:00<00:00, 23.51it/s]
Trials: 100%|##########| 10/10 [00:00<00:00, 23.44it/s]

Trials:   0%|          | 0/10 [00:00<?, ?it/s]
Trials:  20%|##        | 2/10 [00:00<00:00, 19.07it/s]
Trials:  50%|#####     | 5/10 [00:00<00:00, 20.69it/s]
Trials:  80%|########  | 8/10 [00:00<00:00, 21.09it/s]
Trials: 100%|##########| 10/10 [00:00<00:00, 21.09it/s]

Trials:   0%|          | 0/10 [00:00<?, ?it/s]
Trials:  30%|###       | 3/10 [00:00<00:00, 24.21it/s]
Trials:  60%|######    | 6/10 [00:00<00:00, 23.78it/s]
Trials:  90%|######### | 9/10 [00:00<00:00, 23.95it/s]
Trials: 100%|##########| 10/10 [00:00<00:00, 23.97it/s]

Trials:   0%|          | 0/10 [00:00<?, ?it/s]
Trials:  30%|###       | 3/10 [00:00<00:00, 21.72it/s]
Trials:  60%|######    | 6/10 [00:00<00:00, 23.11it/s]
Trials:  90%|######### | 9/10 [00:00<00:00, 23.70it/s]
Trials: 100%|##########| 10/10 [00:00<00:00, 23.46it/s]

Trials:   0%|          | 0/10 [00:00<?, ?it/s]
Trials:  30%|###       | 3/10 [00:00<00:00, 24.86it/s]
Trials:  60%|######    | 6/10 [00:00<00:00, 24.72it/s]
Trials:  90%|######### | 9/10 [00:00<00:00, 24.70it/s]
Trials: 100%|##########| 10/10 [00:00<00:00, 24.09it/s]

Trials:   0%|          | 0/10 [00:00<?, ?it/s]
Trials:  30%|###       | 3/10 [00:00<00:00, 24.09it/s]
Trials:  60%|######    | 6/10 [00:00<00:00, 24.40it/s]
Trials:  90%|######### | 9/10 [00:00<00:00, 24.45it/s]
Trials: 100%|##########| 10/10 [00:00<00:00, 24.33it/s]

Trials:   0%|          | 0/10 [00:00<?, ?it/s]
Trials:  30%|###       | 3/10 [00:00<00:00, 23.48it/s]
Trials:  60%|######    | 6/10 [00:00<00:00, 22.81it/s]
Trials:  90%|######### | 9/10 [00:00<00:00, 22.34it/s]
Trials: 100%|##########| 10/10 [00:00<00:00, 22.65it/s]

Trials:   0%|          | 0/10 [00:00<?, ?it/s]
Trials:  30%|###       | 3/10 [00:00<00:00, 23.80it/s]
Trials:  60%|######    | 6/10 [00:00<00:00, 23.74it/s]
Trials:  90%|######### | 9/10 [00:00<00:00, 23.92it/s]
Trials: 100%|##########| 10/10 [00:00<00:00, 23.89it/s]

Trials:   0%|          | 0/10 [00:00<?, ?it/s]
Trials:  30%|###       | 3/10 [00:00<00:00, 24.01it/s]
Trials:  60%|######    | 6/10 [00:00<00:00, 23.09it/s]
Trials:  90%|######### | 9/10 [00:00<00:00, 22.87it/s]
Trials: 100%|##########| 10/10 [00:00<00:00, 23.11it/s]

Trials:   0%|          | 0/10 [00:00<?, ?it/s]
Trials:  30%|###       | 3/10 [00:00<00:00, 23.41it/s]
Trials:  60%|######    | 6/10 [00:00<00:00, 23.61it/s]
Trials:  90%|######### | 9/10 [00:00<00:00, 23.62it/s]
Trials: 100%|##########| 10/10 [00:00<00:00, 22.35it/s]

Trials:   0%|          | 0/10 [00:00<?, ?it/s]
Trials:  30%|###       | 3/10 [00:00<00:00, 23.93it/s]
Trials:  60%|######    | 6/10 [00:00<00:00, 24.41it/s]
Trials:  90%|######### | 9/10 [00:00<00:00, 23.26it/s]
Trials: 100%|##########| 10/10 [00:00<00:00, 23.57it/s]

Trials:   0%|          | 0/10 [00:00<?, ?it/s]
Trials:  30%|###       | 3/10 [00:00<00:00, 23.98it/s]
Trials:  60%|######    | 6/10 [00:00<00:00, 23.96it/s]
Trials:  90%|######### | 9/10 [00:00<00:00, 24.00it/s]
Trials: 100%|##########| 10/10 [00:00<00:00, 23.98it/s]

Trials:   0%|          | 0/10 [00:00<?, ?it/s]
Trials:  20%|##        | 2/10 [00:00<00:00, 19.74it/s]
Trials:  50%|#####     | 5/10 [00:00<00:00, 22.11it/s]
Trials:  80%|########  | 8/10 [00:00<00:00, 22.81it/s]
Trials: 100%|##########| 10/10 [00:00<00:00, 22.66it/s]

Trials:   0%|          | 0/10 [00:00<?, ?it/s]
Trials:  30%|###       | 3/10 [00:00<00:00, 23.87it/s]
Trials:  60%|######    | 6/10 [00:00<00:00, 24.08it/s]
Trials:  90%|######### | 9/10 [00:00<00:00, 23.63it/s]
Trials: 100%|##########| 10/10 [00:00<00:00, 22.55it/s]

Trials:   0%|          | 0/10 [00:00<?, ?it/s]
Trials:  30%|###       | 3/10 [00:00<00:00, 23.78it/s]
Trials:  60%|######    | 6/10 [00:00<00:00, 23.96it/s]
Trials:  90%|######### | 9/10 [00:00<00:00, 24.09it/s]
Trials: 100%|##########| 10/10 [00:00<00:00, 24.07it/s]

Trials:   0%|          | 0/10 [00:00<?, ?it/s]
Trials:  30%|###       | 3/10 [00:00<00:00, 23.82it/s]
Trials:  60%|######    | 6/10 [00:00<00:00, 22.71it/s]
Trials:  90%|######### | 9/10 [00:00<00:00, 22.02it/s]
Trials: 100%|##########| 10/10 [00:00<00:00, 22.43it/s]

Trials:   0%|          | 0/10 [00:00<?, ?it/s]
Trials:  30%|###       | 3/10 [00:00<00:00, 24.16it/s]
Trials:  60%|######    | 6/10 [00:00<00:00, 24.13it/s]
Trials:  90%|######### | 9/10 [00:00<00:00, 23.55it/s]
Trials: 100%|##########| 10/10 [00:00<00:00, 23.74it/s]

Trials:   0%|          | 0/10 [00:00<?, ?it/s]
Trials:  30%|###       | 3/10 [00:00<00:00, 24.02it/s]
Trials:  60%|######    | 6/10 [00:00<00:00, 22.84it/s]
Trials:  90%|######### | 9/10 [00:00<00:00, 23.49it/s]
Trials: 100%|##########| 10/10 [00:00<00:00, 23.49it/s]

Trials:   0%|          | 0/10 [00:00<?, ?it/s]
Trials:  30%|###       | 3/10 [00:00<00:00, 24.12it/s]
Trials:  60%|######    | 6/10 [00:00<00:00, 24.30it/s]
Trials:  90%|######### | 9/10 [00:00<00:00, 24.32it/s]
Trials: 100%|##########| 10/10 [00:00<00:00, 24.26it/s]

Trials:   0%|          | 0/10 [00:00<?, ?it/s]
Trials:  30%|###       | 3/10 [00:00<00:00, 24.55it/s]
Trials:  60%|######    | 6/10 [00:00<00:00, 22.66it/s]
Trials:  90%|######### | 9/10 [00:00<00:00, 23.57it/s]
Trials: 100%|##########| 10/10 [00:00<00:00, 23.62it/s]

Trials:   0%|          | 0/10 [00:00<?, ?it/s]
Trials:  30%|###       | 3/10 [00:00<00:00, 24.44it/s]
Trials:  60%|######    | 6/10 [00:00<00:00, 24.51it/s]
Trials:  90%|######### | 9/10 [00:00<00:00, 24.27it/s]
Trials: 100%|##########| 10/10 [00:00<00:00, 24.36it/s]

Trials:   0%|          | 0/10 [00:00<?, ?it/s]
Trials:  30%|###       | 3/10 [00:00<00:00, 21.23it/s]
Trials:  60%|######    | 6/10 [00:00<00:00, 22.25it/s]
Trials:  90%|######### | 9/10 [00:00<00:00, 22.80it/s]
Trials: 100%|##########| 10/10 [00:00<00:00, 22.64it/s]

Trials:   0%|          | 0/10 [00:00<?, ?it/s]
Trials:  30%|###       | 3/10 [00:00<00:00, 23.80it/s]
Trials:  60%|######    | 6/10 [00:00<00:00, 23.42it/s]
Trials:  90%|######### | 9/10 [00:00<00:00, 22.77it/s]
Trials: 100%|##########| 10/10 [00:00<00:00, 22.65it/s]

Trials:   0%|          | 0/10 [00:00<?, ?it/s]
Trials:  30%|###       | 3/10 [00:00<00:00, 24.15it/s]
Trials:  60%|######    | 6/10 [00:00<00:00, 24.50it/s]
Trials:  90%|######### | 9/10 [00:00<00:00, 23.81it/s]
Trials: 100%|##########| 10/10 [00:00<00:00, 23.96it/s]

Trials:   0%|          | 0/10 [00:00<?, ?it/s]
Trials:  30%|###       | 3/10 [00:00<00:00, 23.56it/s]
Trials:  60%|######    | 6/10 [00:00<00:00, 23.51it/s]
Trials:  90%|######### | 9/10 [00:00<00:00, 23.00it/s]
Trials: 100%|##########| 10/10 [00:00<00:00, 23.04it/s]

Trials:   0%|          | 0/10 [00:00<?, ?it/s]
Trials:  30%|###       | 3/10 [00:00<00:00, 23.73it/s]
Trials:  60%|######    | 6/10 [00:00<00:00, 23.81it/s]
Trials:  90%|######### | 9/10 [00:00<00:00, 23.92it/s]
Trials: 100%|##########| 10/10 [00:00<00:00, 23.91it/s]

Trials:   0%|          | 0/10 [00:00<?, ?it/s]
Trials:  30%|###       | 3/10 [00:00<00:00, 23.95it/s]
Trials:  60%|######    | 6/10 [00:00<00:00, 24.04it/s]
Trials:  90%|######### | 9/10 [00:00<00:00, 22.19it/s]
Trials: 100%|##########| 10/10 [00:00<00:00, 22.77it/s]

Trials:   0%|          | 0/10 [00:00<?, ?it/s]
Trials:  30%|###       | 3/10 [00:00<00:00, 22.52it/s]
Trials:  60%|######    | 6/10 [00:00<00:00, 23.18it/s]
Trials:  90%|######### | 9/10 [00:00<00:00, 23.25it/s]
Trials: 100%|##########| 10/10 [00:00<00:00, 23.31it/s]

Trials:   0%|          | 0/10 [00:00<?, ?it/s]
Trials:  30%|###       | 3/10 [00:00<00:00, 24.04it/s]
Trials:  60%|######    | 6/10 [00:00<00:00, 24.09it/s]
Trials:  90%|######### | 9/10 [00:00<00:00, 24.08it/s]
Trials: 100%|##########| 10/10 [00:00<00:00, 23.46it/s]

Trials:   0%|          | 0/10 [00:00<?, ?it/s]
Trials:  30%|###       | 3/10 [00:00<00:00, 23.36it/s]
Trials:  60%|######    | 6/10 [00:00<00:00, 23.06it/s]
Trials:  90%|######### | 9/10 [00:00<00:00, 23.02it/s]
Trials: 100%|##########| 10/10 [00:00<00:00, 23.14it/s]

Trials:   0%|          | 0/10 [00:00<?, ?it/s]
Trials:  30%|###       | 3/10 [00:00<00:00, 23.68it/s]
Trials:  60%|######    | 6/10 [00:00<00:00, 22.08it/s]
Trials:  90%|######### | 9/10 [00:00<00:00, 22.73it/s]
Trials: 100%|##########| 10/10 [00:00<00:00, 22.80it/s]

Trials:   0%|          | 0/10 [00:00<?, ?it/s]
Trials:  30%|###       | 3/10 [00:00<00:00, 21.85it/s]
Trials:  60%|######    | 6/10 [00:00<00:00, 23.10it/s]
Trials:  90%|######### | 9/10 [00:00<00:00, 23.41it/s]
Trials: 100%|##########| 10/10 [00:00<00:00, 23.28it/s]

Trials:   0%|          | 0/10 [00:00<?, ?it/s]
Trials:  30%|###       | 3/10 [00:00<00:00, 22.06it/s]
Trials:  60%|######    | 6/10 [00:00<00:00, 23.27it/s]
Trials:  90%|######### | 9/10 [00:00<00:00, 22.86it/s]
Trials: 100%|##########| 10/10 [00:00<00:00, 22.97it/s]

Trials:   0%|          | 0/10 [00:00<?, ?it/s]
Trials:  20%|##        | 2/10 [00:00<00:00, 11.32it/s]
Trials:  40%|####      | 4/10 [00:00<00:00, 11.79it/s]
Trials:  60%|######    | 6/10 [00:00<00:00, 11.68it/s]
Trials:  80%|########  | 8/10 [00:00<00:00, 11.84it/s]
Trials: 100%|##########| 10/10 [00:00<00:00, 11.81it/s]
Trials: 100%|##########| 10/10 [00:00<00:00, 11.76it/s]

Trials:   0%|          | 0/10 [00:00<?, ?it/s]
Trials:  20%|##        | 2/10 [00:00<00:00, 11.83it/s]
Trials:  40%|####      | 4/10 [00:00<00:00, 12.30it/s]
Trials:  60%|######    | 6/10 [00:00<00:00, 12.48it/s]
Trials:  80%|########  | 8/10 [00:00<00:00, 12.48it/s]
Trials: 100%|##########| 10/10 [00:00<00:00, 12.39it/s]
Trials: 100%|##########| 10/10 [00:00<00:00, 12.37it/s]

Trials:   0%|          | 0/10 [00:00<?, ?it/s]
Trials:  20%|##        | 2/10 [00:00<00:00, 12.12it/s]
Trials:  40%|####      | 4/10 [00:00<00:00, 11.53it/s]
Trials:  60%|######    | 6/10 [00:00<00:00, 11.81it/s]
Trials:  80%|########  | 8/10 [00:00<00:00, 11.93it/s]
Trials: 100%|##########| 10/10 [00:00<00:00, 12.01it/s]
Trials: 100%|##########| 10/10 [00:00<00:00, 11.93it/s]

Trials:   0%|          | 0/10 [00:00<?, ?it/s]
Trials:  20%|##        | 2/10 [00:00<00:00, 11.13it/s]
Trials:  40%|####      | 4/10 [00:00<00:00, 11.22it/s]
Trials:  60%|######    | 6/10 [00:00<00:00, 11.43it/s]
Trials:  80%|########  | 8/10 [00:00<00:00, 11.49it/s]
Trials: 100%|##########| 10/10 [00:00<00:00, 11.29it/s]
Trials: 100%|##########| 10/10 [00:00<00:00, 11.32it/s]

Trials:   0%|          | 0/10 [00:00<?, ?it/s]
Trials:  20%|##        | 2/10 [00:00<00:00, 11.72it/s]
Trials:  40%|####      | 4/10 [00:00<00:00, 11.79it/s]
Trials:  60%|######    | 6/10 [00:00<00:00, 11.83it/s]
Trials:  80%|########  | 8/10 [00:00<00:00, 11.27it/s]
Trials: 100%|##########| 10/10 [00:00<00:00, 11.50it/s]
Trials: 100%|##########| 10/10 [00:00<00:00, 11.55it/s]

Trials:   0%|          | 0/10 [00:00<?, ?it/s]
Trials:  20%|##        | 2/10 [00:00<00:00, 11.17it/s]
Trials:  40%|####      | 4/10 [00:00<00:00, 11.51it/s]
Trials:  60%|######    | 6/10 [00:00<00:00, 11.64it/s]
Trials:  80%|########  | 8/10 [00:00<00:00, 11.18it/s]
Trials: 100%|##########| 10/10 [00:00<00:00, 11.38it/s]
Trials: 100%|##########| 10/10 [00:00<00:00, 11.38it/s]

Trials:   0%|          | 0/10 [00:00<?, ?it/s]
Trials:  10%|#         | 1/10 [00:00<00:01,  8.99it/s]
Trials:  20%|##        | 2/10 [00:00<00:00,  9.15it/s]
Trials:  30%|###       | 3/10 [00:00<00:00,  9.23it/s]
Trials:  40%|####      | 4/10 [00:00<00:00,  9.14it/s]
Trials:  50%|#####     | 5/10 [00:00<00:00,  9.16it/s]
Trials:  60%|######    | 6/10 [00:00<00:00,  9.07it/s]
Trials:  70%|#######   | 7/10 [00:00<00:00,  9.08it/s]
Trials:  80%|########  | 8/10 [00:00<00:00,  9.08it/s]
Trials:  90%|######### | 9/10 [00:00<00:00,  9.15it/s]
Trials: 100%|##########| 10/10 [00:01<00:00,  8.80it/s]
Trials: 100%|##########| 10/10 [00:01<00:00,  9.02it/s]

Trials:   0%|          | 0/10 [00:00<?, ?it/s]
Trials:  20%|##        | 2/10 [00:00<00:00, 10.03it/s]
Trials:  40%|####      | 4/10 [00:00<00:00,  9.86it/s]
Trials:  60%|######    | 6/10 [00:00<00:00, 10.09it/s]
Trials:  80%|########  | 8/10 [00:00<00:00, 10.37it/s]
Trials: 100%|##########| 10/10 [00:00<00:00, 10.03it/s]
Trials: 100%|##########| 10/10 [00:00<00:00, 10.07it/s]

Trials:   0%|          | 0/10 [00:00<?, ?it/s]
Trials:  20%|##        | 2/10 [00:00<00:00, 10.21it/s]
Trials:  40%|####      | 4/10 [00:00<00:00, 10.36it/s]
Trials:  60%|######    | 6/10 [00:00<00:00, 10.10it/s]
Trials:  80%|########  | 8/10 [00:00<00:00, 10.05it/s]
Trials: 100%|##########| 10/10 [00:00<00:00, 10.15it/s]
Trials: 100%|##########| 10/10 [00:00<00:00, 10.15it/s]

Trials:   0%|          | 0/10 [00:00<?, ?it/s]
Trials:  10%|#         | 1/10 [00:00<00:00,  9.74it/s]
Trials:  30%|###       | 3/10 [00:00<00:00, 11.02it/s]
Trials:  50%|#####     | 5/10 [00:00<00:00, 10.96it/s]
Trials:  70%|#######   | 7/10 [00:00<00:00, 11.28it/s]
Trials:  90%|######### | 9/10 [00:00<00:00, 11.40it/s]
Trials: 100%|##########| 10/10 [00:00<00:00, 11.16it/s]

Trials:   0%|          | 0/10 [00:00<?, ?it/s]
Trials:  20%|##        | 2/10 [00:00<00:00, 11.81it/s]
Trials:  40%|####      | 4/10 [00:00<00:00, 10.86it/s]
Trials:  60%|######    | 6/10 [00:00<00:00, 11.28it/s]
Trials:  80%|########  | 8/10 [00:00<00:00, 11.48it/s]
Trials: 100%|##########| 10/10 [00:00<00:00, 11.22it/s]
Trials: 100%|##########| 10/10 [00:00<00:00, 11.26it/s]

Trials:   0%|          | 0/10 [00:00<?, ?it/s]
Trials:  20%|##        | 2/10 [00:00<00:00, 11.56it/s]
Trials:  40%|####      | 4/10 [00:00<00:00, 11.59it/s]
Trials:  60%|######    | 6/10 [00:00<00:00, 11.64it/s]
Trials:  80%|########  | 8/10 [00:00<00:00, 11.40it/s]
Trials: 100%|##########| 10/10 [00:00<00:00, 11.50it/s]
Trials: 100%|##########| 10/10 [00:00<00:00, 11.51it/s]

Trials:   0%|          | 0/10 [00:00<?, ?it/s]
Trials:  10%|#         | 1/10 [00:00<00:00,  9.19it/s]
Trials:  20%|##        | 2/10 [00:00<00:00,  8.93it/s]
Trials:  30%|###       | 3/10 [00:00<00:00,  8.16it/s]
Trials:  40%|####      | 4/10 [00:00<00:00,  8.59it/s]
Trials:  50%|#####     | 5/10 [00:00<00:00,  8.75it/s]
Trials:  60%|######    | 6/10 [00:00<00:00,  8.12it/s]
Trials:  70%|#######   | 7/10 [00:00<00:00,  8.30it/s]
Trials:  80%|########  | 8/10 [00:00<00:00,  8.37it/s]
Trials:  90%|######### | 9/10 [00:01<00:00,  8.64it/s]
Trials: 100%|##########| 10/10 [00:01<00:00,  8.61it/s]
Trials: 100%|##########| 10/10 [00:01<00:00,  8.53it/s]

Trials:   0%|          | 0/10 [00:00<?, ?it/s]
Trials:  10%|#         | 1/10 [00:00<00:01,  8.12it/s]
Trials:  20%|##        | 2/10 [00:00<00:01,  7.71it/s]
Trials:  30%|###       | 3/10 [00:00<00:00,  7.83it/s]
Trials:  40%|####      | 4/10 [00:00<00:00,  7.89it/s]
Trials:  50%|#####     | 5/10 [00:00<00:00,  7.98it/s]
Trials:  60%|######    | 6/10 [00:00<00:00,  7.97it/s]
Trials:  70%|#######   | 7/10 [00:00<00:00,  7.79it/s]
Trials:  80%|########  | 8/10 [00:01<00:00,  7.84it/s]
Trials:  90%|######### | 9/10 [00:01<00:00,  7.80it/s]
Trials: 100%|##########| 10/10 [00:01<00:00,  7.81it/s]
Trials: 100%|##########| 10/10 [00:01<00:00,  7.85it/s]

Trials:   0%|          | 0/10 [00:00<?, ?it/s]
Trials:  10%|#         | 1/10 [00:00<00:01,  8.80it/s]
Trials:  20%|##        | 2/10 [00:00<00:00,  8.59it/s]
Trials:  30%|###       | 3/10 [00:00<00:00,  8.28it/s]
Trials:  40%|####      | 4/10 [00:00<00:00,  8.36it/s]
Trials:  50%|#####     | 5/10 [00:00<00:00,  8.25it/s]
Trials:  60%|######    | 6/10 [00:00<00:00,  8.36it/s]
Trials:  70%|#######   | 7/10 [00:00<00:00,  8.52it/s]
Trials:  80%|########  | 8/10 [00:00<00:00,  8.52it/s]
Trials:  90%|######### | 9/10 [00:01<00:00,  8.61it/s]
Trials: 100%|##########| 10/10 [00:01<00:00,  8.31it/s]
Trials: 100%|##########| 10/10 [00:01<00:00,  8.41it/s]

Trials:   0%|          | 0/10 [00:00<?, ?it/s]
Trials:  20%|##        | 2/10 [00:00<00:00, 12.25it/s]
Trials:  40%|####      | 4/10 [00:00<00:00, 12.25it/s]
Trials:  60%|######    | 6/10 [00:00<00:00, 12.26it/s]
Trials:  80%|########  | 8/10 [00:00<00:00, 11.99it/s]
Trials: 100%|##########| 10/10 [00:00<00:00, 12.10it/s]
Trials: 100%|##########| 10/10 [00:00<00:00, 12.13it/s]

Trials:   0%|          | 0/10 [00:00<?, ?it/s]
Trials:  20%|##        | 2/10 [00:00<00:00, 12.34it/s]
Trials:  40%|####      | 4/10 [00:00<00:00, 12.37it/s]
Trials:  60%|######    | 6/10 [00:00<00:00, 12.02it/s]
Trials:  80%|########  | 8/10 [00:00<00:00, 12.18it/s]
Trials: 100%|##########| 10/10 [00:00<00:00, 12.18it/s]
Trials: 100%|##########| 10/10 [00:00<00:00, 12.19it/s]

Trials:   0%|          | 0/10 [00:00<?, ?it/s]
Trials:  20%|##        | 2/10 [00:00<00:00, 12.26it/s]
Trials:  40%|####      | 4/10 [00:00<00:00, 11.84it/s]
Trials:  60%|######    | 6/10 [00:00<00:00, 12.03it/s]
Trials:  80%|########  | 8/10 [00:00<00:00, 12.20it/s]
Trials: 100%|##########| 10/10 [00:00<00:00, 12.22it/s]
Trials: 100%|##########| 10/10 [00:00<00:00, 12.15it/s]

Trials:   0%|          | 0/10 [00:00<?, ?it/s]
Trials:  20%|##        | 2/10 [00:00<00:00, 11.39it/s]
Trials:  40%|####      | 4/10 [00:00<00:00, 11.15it/s]
Trials:  60%|######    | 6/10 [00:00<00:00, 11.49it/s]
Trials:  80%|########  | 8/10 [00:00<00:00, 11.64it/s]
Trials: 100%|##########| 10/10 [00:00<00:00, 11.71it/s]
Trials: 100%|##########| 10/10 [00:00<00:00, 11.59it/s]

Trials:   0%|          | 0/10 [00:00<?, ?it/s]
Trials:  20%|##        | 2/10 [00:00<00:00, 11.06it/s]
Trials:  40%|####      | 4/10 [00:00<00:00, 11.16it/s]
Trials:  60%|######    | 6/10 [00:00<00:00, 11.54it/s]
Trials:  80%|########  | 8/10 [00:00<00:00, 11.73it/s]
Trials: 100%|##########| 10/10 [00:00<00:00, 11.66it/s]
Trials: 100%|##########| 10/10 [00:00<00:00, 11.56it/s]

Trials:   0%|          | 0/10 [00:00<?, ?it/s]
Trials:  20%|##        | 2/10 [00:00<00:00, 11.08it/s]
Trials:  40%|####      | 4/10 [00:00<00:00, 11.54it/s]
Trials:  60%|######    | 6/10 [00:00<00:00, 11.69it/s]
Trials:  80%|########  | 8/10 [00:00<00:00, 12.01it/s]
Trials: 100%|##########| 10/10 [00:00<00:00, 11.97it/s]
Trials: 100%|##########| 10/10 [00:00<00:00, 11.84it/s]

Trials:   0%|          | 0/10 [00:00<?, ?it/s]
Trials:  20%|##        | 2/10 [00:00<00:00, 11.08it/s]
Trials:  40%|####      | 4/10 [00:00<00:00, 11.40it/s]
Trials:  60%|######    | 6/10 [00:00<00:00, 11.49it/s]
Trials:  80%|########  | 8/10 [00:00<00:00, 11.55it/s]
Trials: 100%|##########| 10/10 [00:00<00:00, 10.96it/s]
Trials: 100%|##########| 10/10 [00:00<00:00, 11.16it/s]

Trials:   0%|          | 0/10 [00:00<?, ?it/s]
Trials:  20%|##        | 2/10 [00:00<00:00, 10.31it/s]
Trials:  40%|####      | 4/10 [00:00<00:00, 10.36it/s]
Trials:  60%|######    | 6/10 [00:00<00:00, 10.39it/s]
Trials:  80%|########  | 8/10 [00:00<00:00, 10.13it/s]
Trials: 100%|##########| 10/10 [00:00<00:00, 10.24it/s]
Trials: 100%|##########| 10/10 [00:00<00:00, 10.25it/s]

Trials:   0%|          | 0/10 [00:00<?, ?it/s]
Trials:  20%|##        | 2/10 [00:00<00:00, 11.47it/s]
Trials:  40%|####      | 4/10 [00:00<00:00, 10.99it/s]
Trials:  60%|######    | 6/10 [00:00<00:00, 11.42it/s]
Trials:  80%|########  | 8/10 [00:00<00:00, 11.66it/s]
Trials: 100%|##########| 10/10 [00:00<00:00, 11.77it/s]
Trials: 100%|##########| 10/10 [00:00<00:00, 11.60it/s]

Trials:   0%|          | 0/10 [00:00<?, ?it/s]
Trials:  20%|##        | 2/10 [00:00<00:00, 11.36it/s]
Trials:  40%|####      | 4/10 [00:00<00:00, 11.68it/s]
Trials:  60%|######    | 6/10 [00:00<00:00, 11.77it/s]
Trials:  80%|########  | 8/10 [00:00<00:00, 11.64it/s]
Trials: 100%|##########| 10/10 [00:00<00:00, 11.52it/s]
Trials: 100%|##########| 10/10 [00:00<00:00, 11.57it/s]

Trials:   0%|          | 0/10 [00:00<?, ?it/s]
Trials:  20%|##        | 2/10 [00:00<00:00, 11.95it/s]
Trials:  40%|####      | 4/10 [00:00<00:00, 11.92it/s]
Trials:  60%|######    | 6/10 [00:00<00:00, 11.93it/s]
Trials:  80%|########  | 8/10 [00:00<00:00, 11.66it/s]
Trials: 100%|##########| 10/10 [00:00<00:00, 11.77it/s]
Trials: 100%|##########| 10/10 [00:00<00:00, 11.80it/s]

Trials:   0%|          | 0/10 [00:00<?, ?it/s]
Trials:  20%|##        | 2/10 [00:00<00:00, 11.90it/s]
Trials:  40%|####      | 4/10 [00:00<00:00, 11.90it/s]
Trials:  60%|######    | 6/10 [00:00<00:00, 12.10it/s]
Trials:  80%|########  | 8/10 [00:00<00:00, 11.60it/s]
Trials: 100%|##########| 10/10 [00:00<00:00, 11.64it/s]
Trials: 100%|##########| 10/10 [00:00<00:00, 11.73it/s]

Trials:   0%|          | 0/10 [00:00<?, ?it/s]
Trials:  20%|##        | 2/10 [00:00<00:00, 11.60it/s]
Trials:  40%|####      | 4/10 [00:00<00:00, 11.79it/s]
Trials:  60%|######    | 6/10 [00:00<00:00, 11.48it/s]
Trials:  80%|########  | 8/10 [00:00<00:00, 11.61it/s]
Trials: 100%|##########| 10/10 [00:00<00:00, 11.38it/s]
Trials: 100%|##########| 10/10 [00:00<00:00, 11.48it/s]

Trials:   0%|          | 0/10 [00:00<?, ?it/s]
Trials:  10%|#         | 1/10 [00:00<00:01,  8.33it/s]
Trials:  20%|##        | 2/10 [00:00<00:00,  8.76it/s]
Trials:  30%|###       | 3/10 [00:00<00:00,  8.89it/s]
Trials:  40%|####      | 4/10 [00:00<00:00,  8.99it/s]
Trials:  50%|#####     | 5/10 [00:00<00:00,  8.76it/s]
Trials:  60%|######    | 6/10 [00:00<00:00,  8.85it/s]
Trials:  70%|#######   | 7/10 [00:00<00:00,  8.91it/s]
Trials:  80%|########  | 8/10 [00:00<00:00,  8.92it/s]
Trials:  90%|######### | 9/10 [00:01<00:00,  9.00it/s]
Trials: 100%|##########| 10/10 [00:01<00:00,  9.07it/s]
Trials: 100%|##########| 10/10 [00:01<00:00,  8.93it/s]

Trials:   0%|          | 0/10 [00:00<?, ?it/s]
Trials:  20%|##        | 2/10 [00:00<00:00,  9.40it/s]
Trials:  40%|####      | 4/10 [00:00<00:00,  9.87it/s]
Trials:  60%|######    | 6/10 [00:00<00:00, 10.03it/s]
Trials:  80%|########  | 8/10 [00:00<00:00, 10.44it/s]
Trials: 100%|##########| 10/10 [00:00<00:00, 10.13it/s]
Trials: 100%|##########| 10/10 [00:00<00:00, 10.09it/s]

Trials:   0%|          | 0/10 [00:00<?, ?it/s]
Trials:  20%|##        | 2/10 [00:00<00:00, 12.26it/s]
Trials:  40%|####      | 4/10 [00:00<00:00, 12.09it/s]
Trials:  60%|######    | 6/10 [00:00<00:00, 12.22it/s]
Trials:  80%|########  | 8/10 [00:00<00:00, 11.89it/s]
Trials: 100%|##########| 10/10 [00:00<00:00, 12.02it/s]
Trials: 100%|##########| 10/10 [00:00<00:00, 12.05it/s]

Trials:   0%|          | 0/10 [00:00<?, ?it/s]
Trials:  20%|##        | 2/10 [00:00<00:00, 11.82it/s]
Trials:  40%|####      | 4/10 [00:00<00:00, 12.24it/s]
Trials:  60%|######    | 6/10 [00:00<00:00, 11.96it/s]
Trials:  80%|########  | 8/10 [00:00<00:00, 12.16it/s]
Trials: 100%|##########| 10/10 [00:00<00:00, 12.26it/s]
Trials: 100%|##########| 10/10 [00:00<00:00, 12.17it/s]

Trials:   0%|          | 0/10 [00:00<?, ?it/s]
Trials:  20%|##        | 2/10 [00:00<00:00, 12.37it/s]
Trials:  40%|####      | 4/10 [00:00<00:00, 12.73it/s]
Trials:  60%|######    | 6/10 [00:00<00:00, 12.28it/s]
Trials:  80%|########  | 8/10 [00:00<00:00, 12.38it/s]
Trials: 100%|##########| 10/10 [00:00<00:00, 12.41it/s]
Trials: 100%|##########| 10/10 [00:00<00:00, 12.41it/s]

Trials:   0%|          | 0/10 [00:00<?, ?it/s]
Trials:  20%|##        | 2/10 [00:00<00:00, 11.80it/s]
Trials:  40%|####      | 4/10 [00:00<00:00, 11.25it/s]
Trials:  60%|######    | 6/10 [00:00<00:00, 11.13it/s]
Trials:  80%|########  | 8/10 [00:00<00:00, 11.45it/s]
Trials: 100%|##########| 10/10 [00:00<00:00, 11.44it/s]
Trials: 100%|##########| 10/10 [00:00<00:00, 11.40it/s]

Trials:   0%|          | 0/10 [00:00<?, ?it/s]
Trials:  20%|##        | 2/10 [00:00<00:00, 12.11it/s]
Trials:  40%|####      | 4/10 [00:00<00:00, 11.38it/s]
Trials:  60%|######    | 6/10 [00:00<00:00, 11.70it/s]
Trials:  80%|########  | 8/10 [00:00<00:00, 11.84it/s]
Trials: 100%|##########| 10/10 [00:00<00:00, 11.75it/s]
Trials: 100%|##########| 10/10 [00:00<00:00, 11.74it/s]

Trials:   0%|          | 0/10 [00:00<?, ?it/s]
Trials:  20%|##        | 2/10 [00:00<00:00, 11.47it/s]
Trials:  40%|####      | 4/10 [00:00<00:00, 11.90it/s]
Trials:  60%|######    | 6/10 [00:00<00:00, 12.05it/s]
Trials:  80%|########  | 8/10 [00:00<00:00, 12.10it/s]
Trials: 100%|##########| 10/10 [00:00<00:00, 12.03it/s]
Trials: 100%|##########| 10/10 [00:00<00:00, 11.99it/s]

Trials:   0%|          | 0/10 [00:00<?, ?it/s]
Trials:  20%|##        | 2/10 [00:00<00:00, 11.80it/s]
Trials:  40%|####      | 4/10 [00:00<00:00, 11.78it/s]
Trials:  60%|######    | 6/10 [00:00<00:00, 11.69it/s]
Trials:  80%|########  | 8/10 [00:00<00:00, 11.74it/s]
Trials: 100%|##########| 10/10 [00:00<00:00, 11.52it/s]
Trials: 100%|##########| 10/10 [00:00<00:00, 11.62it/s]

Trials:   0%|          | 0/10 [00:00<?, ?it/s]
Trials:  20%|##        | 2/10 [00:00<00:00, 10.84it/s]
Trials:  40%|####      | 4/10 [00:00<00:00, 10.96it/s]
Trials:  60%|######    | 6/10 [00:00<00:00, 10.65it/s]
Trials:  80%|########  | 8/10 [00:00<00:00, 10.82it/s]
Trials: 100%|##########| 10/10 [00:00<00:00, 10.91it/s]
Trials: 100%|##########| 10/10 [00:00<00:00, 10.86it/s]

Trials:   0%|          | 0/10 [00:00<?, ?it/s]
Trials:  20%|##        | 2/10 [00:00<00:00, 12.16it/s]
Trials:  40%|####      | 4/10 [00:00<00:00, 12.53it/s]
Trials:  60%|######    | 6/10 [00:00<00:00, 11.98it/s]
Trials:  80%|########  | 8/10 [00:00<00:00, 11.89it/s]
Trials: 100%|##########| 10/10 [00:00<00:00, 11.86it/s]
Trials: 100%|##########| 10/10 [00:00<00:00, 11.96it/s]

Trials:   0%|          | 0/10 [00:00<?, ?it/s]
Trials:  20%|##        | 2/10 [00:00<00:00, 11.93it/s]
Trials:  40%|####      | 4/10 [00:00<00:00, 11.65it/s]
Trials:  60%|######    | 6/10 [00:00<00:00, 11.72it/s]
Trials:  80%|########  | 8/10 [00:00<00:00, 11.80it/s]
Trials: 100%|##########| 10/10 [00:00<00:00, 11.82it/s]
Trials: 100%|##########| 10/10 [00:00<00:00, 11.79it/s]

Trials:   0%|          | 0/10 [00:00<?, ?it/s]
Trials:  20%|##        | 2/10 [00:00<00:00, 11.66it/s]
Trials:  40%|####      | 4/10 [00:00<00:00, 11.90it/s]
Trials:  60%|######    | 6/10 [00:00<00:00, 11.97it/s]
Trials:  80%|########  | 8/10 [00:00<00:00, 11.79it/s]
Trials: 100%|##########| 10/10 [00:00<00:00, 11.61it/s]
Trials: 100%|##########| 10/10 [00:00<00:00, 11.72it/s]

Trials:   0%|          | 0/10 [00:00<?, ?it/s]
Trials:  20%|##        | 2/10 [00:00<00:00, 12.16it/s]
Trials:  40%|####      | 4/10 [00:00<00:00, 11.97it/s]
Trials:  60%|######    | 6/10 [00:00<00:00, 12.10it/s]
Trials:  80%|########  | 8/10 [00:00<00:00, 11.85it/s]
Trials: 100%|##########| 10/10 [00:00<00:00, 11.87it/s]
Trials: 100%|##########| 10/10 [00:00<00:00, 11.92it/s]

Trials:   0%|          | 0/10 [00:00<?, ?it/s]
Trials:  20%|##        | 2/10 [00:00<00:00, 11.89it/s]
Trials:  40%|####      | 4/10 [00:00<00:00, 11.92it/s]
Trials:  60%|######    | 6/10 [00:00<00:00, 11.55it/s]
Trials:  80%|########  | 8/10 [00:00<00:00, 11.55it/s]
Trials: 100%|##########| 10/10 [00:00<00:00, 11.69it/s]
Trials: 100%|##########| 10/10 [00:00<00:00, 11.69it/s]

Trials:   0%|          | 0/10 [00:00<?, ?it/s]
Trials:  20%|##        | 2/10 [00:00<00:00, 10.43it/s]
Trials:  40%|####      | 4/10 [00:00<00:00, 10.12it/s]
Trials:  60%|######    | 6/10 [00:00<00:00, 10.06it/s]
Trials:  80%|########  | 8/10 [00:00<00:00, 10.14it/s]
Trials: 100%|##########| 10/10 [00:00<00:00,  9.99it/s]
Trials: 100%|##########| 10/10 [00:00<00:00, 10.06it/s]

Trials:   0%|          | 0/10 [00:00<?, ?it/s]
Trials:  20%|##        | 2/10 [00:00<00:00, 11.62it/s]
Trials:  40%|####      | 4/10 [00:00<00:00, 11.96it/s]
Trials:  60%|######    | 6/10 [00:00<00:00, 12.08it/s]
Trials:  80%|########  | 8/10 [00:00<00:00, 12.10it/s]
Trials: 100%|##########| 10/10 [00:00<00:00, 12.16it/s]
Trials: 100%|##########| 10/10 [00:00<00:00, 12.09it/s]

Trials:   0%|          | 0/10 [00:00<?, ?it/s]
Trials:  20%|##        | 2/10 [00:00<00:00, 11.62it/s]
Trials:  40%|####      | 4/10 [00:00<00:00, 11.64it/s]
Trials:  60%|######    | 6/10 [00:00<00:00, 11.90it/s]
Trials:  80%|########  | 8/10 [00:00<00:00, 11.97it/s]
Trials: 100%|##########| 10/10 [00:00<00:00, 12.11it/s]
Trials: 100%|##########| 10/10 [00:00<00:00, 11.98it/s]

Trials:   0%|          | 0/10 [00:00<?, ?it/s]
Trials:  20%|##        | 2/10 [00:00<00:00, 11.84it/s]
Trials:  40%|####      | 4/10 [00:00<00:00, 12.24it/s]
Trials:  60%|######    | 6/10 [00:00<00:00, 12.36it/s]
Trials:  80%|########  | 8/10 [00:00<00:00, 12.44it/s]
Trials: 100%|##########| 10/10 [00:00<00:00, 12.14it/s]
Trials: 100%|##########| 10/10 [00:00<00:00, 12.20it/s]

Trials:   0%|          | 0/10 [00:00<?, ?it/s]
Trials:  20%|##        | 2/10 [00:00<00:00, 12.55it/s]
Trials:  40%|####      | 4/10 [00:00<00:00, 12.53it/s]
Trials:  60%|######    | 6/10 [00:00<00:00, 12.53it/s]
Trials:  80%|########  | 8/10 [00:00<00:00, 12.54it/s]
Trials: 100%|##########| 10/10 [00:00<00:00, 12.20it/s]
Trials: 100%|##########| 10/10 [00:00<00:00, 12.35it/s]

Trials:   0%|          | 0/10 [00:00<?, ?it/s]
Trials:  20%|##        | 2/10 [00:00<00:00, 11.92it/s]
Trials:  40%|####      | 4/10 [00:00<00:00, 11.72it/s]
Trials:  60%|######    | 6/10 [00:00<00:00, 11.81it/s]
Trials:  80%|########  | 8/10 [00:00<00:00, 11.60it/s]
Trials: 100%|##########| 10/10 [00:00<00:00, 11.50it/s]
Trials: 100%|##########| 10/10 [00:00<00:00, 11.60it/s]

Trials:   0%|          | 0/10 [00:00<?, ?it/s]
Trials:  20%|##        | 2/10 [00:00<00:00, 12.20it/s]
Trials:  40%|####      | 4/10 [00:00<00:00, 12.23it/s]
Trials:  60%|######    | 6/10 [00:00<00:00, 11.84it/s]
Trials:  80%|########  | 8/10 [00:00<00:00, 12.00it/s]
Trials: 100%|##########| 10/10 [00:00<00:00, 12.07it/s]
Trials: 100%|##########| 10/10 [00:00<00:00, 12.05it/s]

Trials:   0%|          | 0/10 [00:00<?, ?it/s]
Trials:  20%|##        | 2/10 [00:00<00:00, 12.19it/s]
Trials:  40%|####      | 4/10 [00:00<00:00, 11.11it/s]
Trials:  60%|######    | 6/10 [00:00<00:00, 11.69it/s]
Trials:  80%|########  | 8/10 [00:00<00:00, 11.90it/s]
Trials: 100%|##########| 10/10 [00:00<00:00, 11.92it/s]
Trials: 100%|##########| 10/10 [00:00<00:00, 11.81it/s]

Trials:   0%|          | 0/10 [00:00<?, ?it/s]
Trials:  20%|##        | 2/10 [00:00<00:00, 11.68it/s]
Trials:  40%|####      | 4/10 [00:00<00:00, 11.45it/s]
Trials:  60%|######    | 6/10 [00:00<00:00, 11.49it/s]
Trials:  80%|########  | 8/10 [00:00<00:00, 11.63it/s]
Trials: 100%|##########| 10/10 [00:00<00:00, 11.70it/s]
Trials: 100%|##########| 10/10 [00:00<00:00, 11.63it/s]

Trials:   0%|          | 0/10 [00:00<?, ?it/s]
Trials:  20%|##        | 2/10 [00:00<00:00, 11.51it/s]
Trials:  40%|####      | 4/10 [00:00<00:00, 11.67it/s]
Trials:  60%|######    | 6/10 [00:00<00:00, 11.90it/s]
Trials:  80%|########  | 8/10 [00:00<00:00, 11.92it/s]
Trials: 100%|##########| 10/10 [00:00<00:00, 11.82it/s]
Trials: 100%|##########| 10/10 [00:00<00:00, 11.81it/s]

Trials:   0%|          | 0/10 [00:00<?, ?it/s]
Trials:  20%|##        | 2/10 [00:00<00:00, 11.30it/s]
Trials:  40%|####      | 4/10 [00:00<00:00, 11.81it/s]
Trials:  60%|######    | 6/10 [00:00<00:00, 11.98it/s]
Trials:  80%|########  | 8/10 [00:00<00:00, 12.06it/s]
Trials: 100%|##########| 10/10 [00:00<00:00, 11.84it/s]
Trials: 100%|##########| 10/10 [00:00<00:00, 11.85it/s]

Trials:   0%|          | 0/10 [00:00<?, ?it/s]
Trials:  20%|##        | 2/10 [00:00<00:00, 11.87it/s]
Trials:  40%|####      | 4/10 [00:00<00:00, 11.88it/s]
Trials:  60%|######    | 6/10 [00:00<00:00, 11.89it/s]
Trials:  80%|########  | 8/10 [00:00<00:00, 11.89it/s]
Trials: 100%|##########| 10/10 [00:00<00:00, 11.72it/s]
Trials: 100%|##########| 10/10 [00:00<00:00, 11.79it/s]

Trials:   0%|          | 0/10 [00:00<?, ?it/s]
Trials:  20%|##        | 2/10 [00:00<00:00, 11.89it/s]
Trials:  40%|####      | 4/10 [00:00<00:00, 12.16it/s]
Trials:  60%|######    | 6/10 [00:00<00:00, 11.97it/s]
Trials:  80%|########  | 8/10 [00:00<00:00, 11.79it/s]
Trials: 100%|##########| 10/10 [00:00<00:00, 11.84it/s]
Trials: 100%|##########| 10/10 [00:00<00:00, 11.88it/s]

Trials:   0%|          | 0/10 [00:00<?, ?it/s]
Trials:  20%|##        | 2/10 [00:00<00:00, 12.24it/s]
Trials:  40%|####      | 4/10 [00:00<00:00, 12.26it/s]
Trials:  60%|######    | 6/10 [00:00<00:00, 12.37it/s]
Trials:  80%|########  | 8/10 [00:00<00:00, 12.09it/s]
Trials: 100%|##########| 10/10 [00:00<00:00, 12.17it/s]
Trials: 100%|##########| 10/10 [00:00<00:00, 12.20it/s]

Trials:   0%|          | 0/10 [00:00<?, ?it/s]
Trials:  20%|##        | 2/10 [00:00<00:00, 11.86it/s]
Trials:  40%|####      | 4/10 [00:00<00:00, 10.86it/s]
Trials:  60%|######    | 6/10 [00:00<00:00, 10.99it/s]
Trials:  80%|########  | 8/10 [00:00<00:00, 11.34it/s]
Trials: 100%|##########| 10/10 [00:00<00:00, 11.56it/s]
Trials: 100%|##########| 10/10 [00:00<00:00, 11.39it/s]

Trials:   0%|          | 0/10 [00:00<?, ?it/s]
Trials:  20%|##        | 2/10 [00:00<00:00, 12.24it/s]
Trials:  40%|####      | 4/10 [00:00<00:00, 12.21it/s]
Trials:  60%|######    | 6/10 [00:00<00:00, 11.70it/s]
Trials:  80%|########  | 8/10 [00:00<00:00, 11.91it/s]
Trials: 100%|##########| 10/10 [00:00<00:00, 11.92it/s]
Trials: 100%|##########| 10/10 [00:00<00:00, 11.93it/s]

Trials:   0%|          | 0/10 [00:00<?, ?it/s]
Trials:  20%|##        | 2/10 [00:00<00:00, 11.56it/s]
Trials:  40%|####      | 4/10 [00:00<00:00, 11.55it/s]
Trials:  60%|######    | 6/10 [00:00<00:00, 11.88it/s]
Trials:  80%|########  | 8/10 [00:00<00:00, 12.03it/s]
Trials: 100%|##########| 10/10 [00:00<00:00, 12.11it/s]
Trials: 100%|##########| 10/10 [00:00<00:00, 11.97it/s]

Trials:   0%|          | 0/10 [00:00<?, ?it/s]
Trials:  10%|#         | 1/10 [00:00<00:01,  5.71it/s]
Trials:  20%|##        | 2/10 [00:00<00:01,  5.90it/s]
Trials:  30%|###       | 3/10 [00:00<00:01,  5.85it/s]
Trials:  40%|####      | 4/10 [00:00<00:01,  5.93it/s]
Trials:  50%|#####     | 5/10 [00:00<00:00,  5.72it/s]
Trials:  60%|######    | 6/10 [00:01<00:00,  5.61it/s]
Trials:  70%|#######   | 7/10 [00:01<00:00,  5.74it/s]
Trials:  80%|########  | 8/10 [00:01<00:00,  5.75it/s]
Trials:  90%|######### | 9/10 [00:01<00:00,  5.83it/s]
Trials: 100%|##########| 10/10 [00:01<00:00,  5.76it/s]
Trials: 100%|##########| 10/10 [00:01<00:00,  5.77it/s]

Trials:   0%|          | 0/10 [00:00<?, ?it/s]
Trials:  10%|#         | 1/10 [00:00<00:01,  6.12it/s]
Trials:  20%|##        | 2/10 [00:00<00:01,  6.12it/s]
Trials:  30%|###       | 3/10 [00:00<00:01,  6.15it/s]
Trials:  40%|####      | 4/10 [00:00<00:00,  6.22it/s]
Trials:  50%|#####     | 5/10 [00:00<00:00,  6.01it/s]
Trials:  60%|######    | 6/10 [00:00<00:00,  6.05it/s]
Trials:  70%|#######   | 7/10 [00:01<00:00,  6.07it/s]
Trials:  80%|########  | 8/10 [00:01<00:00,  6.06it/s]
Trials:  90%|######### | 9/10 [00:01<00:00,  5.94it/s]
Trials: 100%|##########| 10/10 [00:01<00:00,  5.99it/s]
Trials: 100%|##########| 10/10 [00:01<00:00,  6.04it/s]

Trials:   0%|          | 0/10 [00:00<?, ?it/s]
Trials:  10%|#         | 1/10 [00:00<00:01,  6.06it/s]
Trials:  20%|##        | 2/10 [00:00<00:01,  5.92it/s]
Trials:  30%|###       | 3/10 [00:00<00:01,  5.88it/s]
Trials:  40%|####      | 4/10 [00:00<00:01,  5.86it/s]
Trials:  50%|#####     | 5/10 [00:00<00:00,  5.91it/s]
Trials:  60%|######    | 6/10 [00:01<00:00,  5.95it/s]
Trials:  70%|#######   | 7/10 [00:01<00:00,  5.99it/s]
Trials:  80%|########  | 8/10 [00:01<00:00,  5.87it/s]
Trials:  90%|######### | 9/10 [00:01<00:00,  5.93it/s]
Trials: 100%|##########| 10/10 [00:01<00:00,  5.93it/s]
Trials: 100%|##########| 10/10 [00:01<00:00,  5.92it/s]

Trials:   0%|          | 0/10 [00:00<?, ?it/s]
Trials:  10%|#         | 1/10 [00:00<00:01,  5.81it/s]
Trials:  20%|##        | 2/10 [00:00<00:01,  5.40it/s]
Trials:  30%|###       | 3/10 [00:00<00:01,  5.25it/s]
Trials:  40%|####      | 4/10 [00:00<00:01,  5.45it/s]
Trials:  50%|#####     | 5/10 [00:00<00:00,  5.58it/s]
Trials:  60%|######    | 6/10 [00:01<00:00,  5.58it/s]
Trials:  70%|#######   | 7/10 [00:01<00:00,  5.65it/s]
Trials:  80%|########  | 8/10 [00:01<00:00,  5.65it/s]
Trials:  90%|######### | 9/10 [00:01<00:00,  5.72it/s]
Trials: 100%|##########| 10/10 [00:01<00:00,  5.64it/s]
Trials: 100%|##########| 10/10 [00:01<00:00,  5.59it/s]

Trials:   0%|          | 0/10 [00:00<?, ?it/s]
Trials:  10%|#         | 1/10 [00:00<00:01,  5.95it/s]
Trials:  20%|##        | 2/10 [00:00<00:01,  5.95it/s]
Trials:  30%|###       | 3/10 [00:00<00:01,  5.94it/s]
Trials:  40%|####      | 4/10 [00:00<00:00,  6.09it/s]
Trials:  50%|#####     | 5/10 [00:00<00:00,  6.21it/s]
Trials:  60%|######    | 6/10 [00:00<00:00,  6.30it/s]
Trials:  70%|#######   | 7/10 [00:01<00:00,  6.37it/s]
Trials:  80%|########  | 8/10 [00:01<00:00,  6.43it/s]
Trials:  90%|######### | 9/10 [00:01<00:00,  6.44it/s]
Trials: 100%|##########| 10/10 [00:01<00:00,  6.44it/s]
Trials: 100%|##########| 10/10 [00:01<00:00,  6.30it/s]

Trials:   0%|          | 0/10 [00:00<?, ?it/s]
Trials:  10%|#         | 1/10 [00:00<00:01,  6.45it/s]
Trials:  20%|##        | 2/10 [00:00<00:01,  6.43it/s]
Trials:  30%|###       | 3/10 [00:00<00:01,  6.43it/s]
Trials:  40%|####      | 4/10 [00:00<00:00,  6.42it/s]
Trials:  50%|#####     | 5/10 [00:00<00:00,  6.38it/s]
Trials:  60%|######    | 6/10 [00:00<00:00,  6.40it/s]
Trials:  70%|#######   | 7/10 [00:01<00:00,  6.38it/s]
Trials:  80%|########  | 8/10 [00:01<00:00,  6.40it/s]
Trials:  90%|######### | 9/10 [00:01<00:00,  6.38it/s]
Trials: 100%|##########| 10/10 [00:01<00:00,  6.36it/s]
Trials: 100%|##########| 10/10 [00:01<00:00,  6.39it/s]

Trials:   0%|          | 0/10 [00:00<?, ?it/s]
Trials:  10%|#         | 1/10 [00:00<00:02,  3.39it/s]
Trials:  20%|##        | 2/10 [00:00<00:02,  3.49it/s]
Trials:  30%|###       | 3/10 [00:00<00:02,  3.40it/s]
Trials:  40%|####      | 4/10 [00:01<00:01,  3.51it/s]
Trials:  50%|#####     | 5/10 [00:01<00:01,  3.47it/s]
Trials:  60%|######    | 6/10 [00:01<00:01,  3.51it/s]
Trials:  70%|#######   | 7/10 [00:01<00:00,  3.58it/s]
Trials:  80%|########  | 8/10 [00:02<00:00,  3.52it/s]
Trials:  90%|######### | 9/10 [00:02<00:00,  3.51it/s]
Trials: 100%|##########| 10/10 [00:02<00:00,  3.29it/s]
Trials: 100%|##########| 10/10 [00:02<00:00,  3.43it/s]

Trials:   0%|          | 0/10 [00:00<?, ?it/s]
Trials:  10%|#         | 1/10 [00:00<00:01,  4.51it/s]
Trials:  20%|##        | 2/10 [00:00<00:01,  4.72it/s]
Trials:  30%|###       | 3/10 [00:00<00:01,  4.65it/s]
Trials:  40%|####      | 4/10 [00:00<00:01,  4.56it/s]
Trials:  50%|#####     | 5/10 [00:01<00:01,  4.67it/s]
Trials:  60%|######    | 6/10 [00:01<00:00,  4.74it/s]
Trials:  70%|#######   | 7/10 [00:01<00:00,  4.71it/s]
Trials:  80%|########  | 8/10 [00:01<00:00,  4.78it/s]
Trials:  90%|######### | 9/10 [00:01<00:00,  4.81it/s]
Trials: 100%|##########| 10/10 [00:02<00:00,  4.82it/s]
Trials: 100%|##########| 10/10 [00:02<00:00,  4.74it/s]

Trials:   0%|          | 0/10 [00:00<?, ?it/s]
Trials:  10%|#         | 1/10 [00:00<00:01,  4.94it/s]
Trials:  20%|##        | 2/10 [00:00<00:01,  5.02it/s]
Trials:  30%|###       | 3/10 [00:00<00:01,  5.09it/s]
Trials:  40%|####      | 4/10 [00:00<00:01,  4.99it/s]
Trials:  50%|#####     | 5/10 [00:00<00:00,  5.00it/s]
Trials:  60%|######    | 6/10 [00:01<00:00,  5.06it/s]
Trials:  70%|#######   | 7/10 [00:01<00:00,  5.07it/s]
Trials:  80%|########  | 8/10 [00:01<00:00,  4.98it/s]
Trials:  90%|######### | 9/10 [00:01<00:00,  5.02it/s]
Trials: 100%|##########| 10/10 [00:01<00:00,  5.01it/s]
Trials: 100%|##########| 10/10 [00:01<00:00,  5.02it/s]

Trials:   0%|          | 0/10 [00:00<?, ?it/s]
Trials:  10%|#         | 1/10 [00:00<00:01,  5.16it/s]
Trials:  20%|##        | 2/10 [00:00<00:01,  5.33it/s]
Trials:  30%|###       | 3/10 [00:00<00:01,  5.39it/s]
Trials:  40%|####      | 4/10 [00:00<00:01,  5.43it/s]
Trials:  50%|#####     | 5/10 [00:00<00:00,  5.26it/s]
Trials:  60%|######    | 6/10 [00:01<00:00,  5.31it/s]
Trials:  70%|#######   | 7/10 [00:01<00:00,  5.36it/s]
Trials:  80%|########  | 8/10 [00:01<00:00,  5.26it/s]
Trials:  90%|######### | 9/10 [00:01<00:00,  5.32it/s]
Trials: 100%|##########| 10/10 [00:01<00:00,  5.37it/s]
Trials: 100%|##########| 10/10 [00:01<00:00,  5.34it/s]

Trials:   0%|          | 0/10 [00:00<?, ?it/s]
Trials:  10%|#         | 1/10 [00:00<00:01,  5.19it/s]
Trials:  20%|##        | 2/10 [00:00<00:01,  5.22it/s]
Trials:  30%|###       | 3/10 [00:00<00:01,  5.51it/s]
Trials:  40%|####      | 4/10 [00:00<00:01,  5.63it/s]
Trials:  50%|#####     | 5/10 [00:00<00:00,  5.66it/s]
Trials:  60%|######    | 6/10 [00:01<00:00,  5.57it/s]
Trials:  70%|#######   | 7/10 [00:01<00:00,  5.54it/s]
Trials:  80%|########  | 8/10 [00:01<00:00,  5.64it/s]
Trials:  90%|######### | 9/10 [00:01<00:00,  5.69it/s]
Trials: 100%|##########| 10/10 [00:01<00:00,  5.75it/s]
Trials: 100%|##########| 10/10 [00:01<00:00,  5.62it/s]

Trials:   0%|          | 0/10 [00:00<?, ?it/s]
Trials:  10%|#         | 1/10 [00:00<00:01,  5.59it/s]
Trials:  20%|##        | 2/10 [00:00<00:01,  5.70it/s]
Trials:  30%|###       | 3/10 [00:00<00:01,  5.69it/s]
Trials:  40%|####      | 4/10 [00:00<00:01,  5.71it/s]
Trials:  50%|#####     | 5/10 [00:00<00:00,  5.59it/s]
Trials:  60%|######    | 6/10 [00:01<00:00,  5.64it/s]
Trials:  70%|#######   | 7/10 [00:01<00:00,  5.67it/s]
Trials:  80%|########  | 8/10 [00:01<00:00,  5.71it/s]
Trials:  90%|######### | 9/10 [00:01<00:00,  5.60it/s]
Trials: 100%|##########| 10/10 [00:01<00:00,  5.64it/s]
Trials: 100%|##########| 10/10 [00:01<00:00,  5.65it/s]

Trials:   0%|          | 0/10 [00:00<?, ?it/s]
Trials:  10%|#         | 1/10 [00:00<00:02,  3.90it/s]
Trials:  20%|##        | 2/10 [00:00<00:02,  3.88it/s]
Trials:  30%|###       | 3/10 [00:00<00:01,  3.61it/s]
Trials:  40%|####      | 4/10 [00:01<00:01,  3.71it/s]
Trials:  50%|#####     | 5/10 [00:01<00:01,  3.60it/s]
Trials:  60%|######    | 6/10 [00:01<00:01,  3.70it/s]
Trials:  70%|#######   | 7/10 [00:01<00:00,  3.82it/s]
Trials:  80%|########  | 8/10 [00:02<00:00,  3.70it/s]
Trials:  90%|######### | 9/10 [00:02<00:00,  3.51it/s]
Trials: 100%|##########| 10/10 [00:02<00:00,  3.51it/s]
Trials: 100%|##########| 10/10 [00:02<00:00,  3.63it/s]

Trials:   0%|          | 0/10 [00:00<?, ?it/s]
Trials:  10%|#         | 1/10 [00:00<00:02,  4.08it/s]
Trials:  20%|##        | 2/10 [00:00<00:01,  4.14it/s]
Trials:  30%|###       | 3/10 [00:00<00:01,  4.04it/s]
Trials:  40%|####      | 4/10 [00:00<00:01,  4.08it/s]
Trials:  50%|#####     | 5/10 [00:01<00:01,  4.08it/s]
Trials:  60%|######    | 6/10 [00:01<00:00,  4.08it/s]
Trials:  70%|#######   | 7/10 [00:01<00:00,  4.04it/s]
Trials:  80%|########  | 8/10 [00:01<00:00,  4.01it/s]
Trials:  90%|######### | 9/10 [00:02<00:00,  3.90it/s]
Trials: 100%|##########| 10/10 [00:02<00:00,  3.92it/s]
Trials: 100%|##########| 10/10 [00:02<00:00,  4.00it/s]

Trials:   0%|          | 0/10 [00:00<?, ?it/s]
Trials:  10%|#         | 1/10 [00:00<00:02,  4.06it/s]
Trials:  20%|##        | 2/10 [00:00<00:01,  4.16it/s]
Trials:  30%|###       | 3/10 [00:00<00:01,  4.20it/s]
Trials:  40%|####      | 4/10 [00:00<00:01,  4.25it/s]
Trials:  50%|#####     | 5/10 [00:01<00:01,  4.23it/s]
Trials:  60%|######    | 6/10 [00:01<00:00,  4.28it/s]
Trials:  70%|#######   | 7/10 [00:01<00:00,  4.21it/s]
Trials:  80%|########  | 8/10 [00:01<00:00,  4.26it/s]
Trials:  90%|######### | 9/10 [00:02<00:00,  4.27it/s]
Trials: 100%|##########| 10/10 [00:02<00:00,  4.20it/s]
Trials: 100%|##########| 10/10 [00:02<00:00,  4.22it/s]

Trials:   0%|          | 0/10 [00:00<?, ?it/s]
Trials:  10%|#         | 1/10 [00:00<00:01,  5.79it/s]
Trials:  20%|##        | 2/10 [00:00<00:01,  5.97it/s]
Trials:  30%|###       | 3/10 [00:00<00:01,  6.04it/s]
Trials:  40%|####      | 4/10 [00:00<00:01,  5.90it/s]
Trials:  50%|#####     | 5/10 [00:00<00:00,  6.00it/s]
Trials:  60%|######    | 6/10 [00:00<00:00,  6.11it/s]
Trials:  70%|#######   | 7/10 [00:01<00:00,  5.99it/s]
Trials:  80%|########  | 8/10 [00:01<00:00,  6.03it/s]
Trials:  90%|######### | 9/10 [00:01<00:00,  5.82it/s]
Trials: 100%|##########| 10/10 [00:01<00:00,  5.89it/s]
Trials: 100%|##########| 10/10 [00:01<00:00,  5.94it/s]

Trials:   0%|          | 0/10 [00:00<?, ?it/s]
Trials:  10%|#         | 1/10 [00:00<00:01,  6.19it/s]
Trials:  20%|##        | 2/10 [00:00<00:01,  6.17it/s]
Trials:  30%|###       | 3/10 [00:00<00:01,  6.06it/s]
Trials:  40%|####      | 4/10 [00:00<00:01,  5.95it/s]
Trials:  50%|#####     | 5/10 [00:00<00:00,  6.02it/s]
Trials:  60%|######    | 6/10 [00:00<00:00,  6.08it/s]
Trials:  70%|#######   | 7/10 [00:01<00:00,  5.98it/s]
Trials:  80%|########  | 8/10 [00:01<00:00,  6.04it/s]
Trials:  90%|######### | 9/10 [00:01<00:00,  6.08it/s]
Trials: 100%|##########| 10/10 [00:01<00:00,  6.10it/s]
Trials: 100%|##########| 10/10 [00:01<00:00,  6.06it/s]

Trials:   0%|          | 0/10 [00:00<?, ?it/s]
Trials:  10%|#         | 1/10 [00:00<00:01,  6.02it/s]
Trials:  20%|##        | 2/10 [00:00<00:01,  5.84it/s]
Trials:  30%|###       | 3/10 [00:00<00:01,  6.04it/s]
Trials:  40%|####      | 4/10 [00:00<00:00,  6.11it/s]
Trials:  50%|#####     | 5/10 [00:00<00:00,  5.98it/s]
Trials:  60%|######    | 6/10 [00:01<00:00,  5.77it/s]
Trials:  70%|#######   | 7/10 [00:01<00:00,  5.89it/s]
Trials:  80%|########  | 8/10 [00:01<00:00,  5.99it/s]
Trials:  90%|######### | 9/10 [00:01<00:00,  6.06it/s]
Trials: 100%|##########| 10/10 [00:01<00:00,  6.00it/s]
Trials: 100%|##########| 10/10 [00:01<00:00,  5.97it/s]

Trials:   0%|          | 0/10 [00:00<?, ?it/s]
Trials:  10%|#         | 1/10 [00:00<00:01,  5.79it/s]
Trials:  20%|##        | 2/10 [00:00<00:01,  5.86it/s]
Trials:  30%|###       | 3/10 [00:00<00:01,  5.89it/s]
Trials:  40%|####      | 4/10 [00:00<00:01,  5.76it/s]
Trials:  50%|#####     | 5/10 [00:00<00:00,  5.80it/s]
Trials:  60%|######    | 6/10 [00:01<00:00,  5.85it/s]
Trials:  70%|#######   | 7/10 [00:01<00:00,  5.92it/s]
Trials:  80%|########  | 8/10 [00:01<00:00,  5.92it/s]
Trials:  90%|######### | 9/10 [00:01<00:00,  5.83it/s]
Trials: 100%|##########| 10/10 [00:01<00:00,  5.84it/s]
Trials: 100%|##########| 10/10 [00:01<00:00,  5.85it/s]

Trials:   0%|          | 0/10 [00:00<?, ?it/s]
Trials:  10%|#         | 1/10 [00:00<00:01,  6.00it/s]
Trials:  20%|##        | 2/10 [00:00<00:01,  5.99it/s]
Trials:  30%|###       | 3/10 [00:00<00:01,  6.00it/s]
Trials:  40%|####      | 4/10 [00:00<00:01,  5.75it/s]
Trials:  50%|#####     | 5/10 [00:00<00:00,  5.82it/s]
Trials:  60%|######    | 6/10 [00:01<00:00,  5.87it/s]
Trials:  70%|#######   | 7/10 [00:01<00:00,  5.91it/s]
Trials:  80%|########  | 8/10 [00:01<00:00,  5.81it/s]
Trials:  90%|######### | 9/10 [00:01<00:00,  5.77it/s]
Trials: 100%|##########| 10/10 [00:01<00:00,  5.74it/s]
Trials: 100%|##########| 10/10 [00:01<00:00,  5.82it/s]

Trials:   0%|          | 0/10 [00:00<?, ?it/s]
Trials:  10%|#         | 1/10 [00:00<00:01,  6.11it/s]
Trials:  20%|##        | 2/10 [00:00<00:01,  5.86it/s]
Trials:  30%|###       | 3/10 [00:00<00:01,  5.88it/s]
Trials:  40%|####      | 4/10 [00:00<00:01,  5.85it/s]
Trials:  50%|#####     | 5/10 [00:00<00:00,  5.87it/s]
Trials:  60%|######    | 6/10 [00:01<00:00,  5.84it/s]
Trials:  70%|#######   | 7/10 [00:01<00:00,  5.89it/s]
Trials:  80%|########  | 8/10 [00:01<00:00,  5.95it/s]
Trials:  90%|######### | 9/10 [00:01<00:00,  5.98it/s]
Trials: 100%|##########| 10/10 [00:01<00:00,  5.95it/s]
Trials: 100%|##########| 10/10 [00:01<00:00,  5.92it/s]

Trials:   0%|          | 0/10 [00:00<?, ?it/s]
Trials:  10%|#         | 1/10 [00:00<00:01,  5.22it/s]
Trials:  20%|##        | 2/10 [00:00<00:01,  5.50it/s]
Trials:  30%|###       | 3/10 [00:00<00:01,  5.55it/s]
Trials:  40%|####      | 4/10 [00:00<00:01,  5.42it/s]
Trials:  50%|#####     | 5/10 [00:00<00:00,  5.37it/s]
Trials:  60%|######    | 6/10 [00:01<00:00,  5.48it/s]
Trials:  70%|#######   | 7/10 [00:01<00:00,  5.59it/s]
Trials:  80%|########  | 8/10 [00:01<00:00,  5.60it/s]
Trials:  90%|######### | 9/10 [00:01<00:00,  5.53it/s]
Trials: 100%|##########| 10/10 [00:01<00:00,  5.55it/s]
Trials: 100%|##########| 10/10 [00:01<00:00,  5.51it/s]

Trials:   0%|          | 0/10 [00:00<?, ?it/s]
Trials:  10%|#         | 1/10 [00:00<00:01,  5.08it/s]
Trials:  20%|##        | 2/10 [00:00<00:01,  4.96it/s]
Trials:  30%|###       | 3/10 [00:00<00:01,  5.04it/s]
Trials:  40%|####      | 4/10 [00:00<00:01,  4.98it/s]
Trials:  50%|#####     | 5/10 [00:01<00:01,  4.92it/s]
Trials:  60%|######    | 6/10 [00:01<00:00,  4.95it/s]
Trials:  70%|#######   | 7/10 [00:01<00:00,  4.95it/s]
Trials:  80%|########  | 8/10 [00:01<00:00,  5.01it/s]
Trials:  90%|######### | 9/10 [00:01<00:00,  4.96it/s]
Trials: 100%|##########| 10/10 [00:02<00:00,  4.98it/s]
Trials: 100%|##########| 10/10 [00:02<00:00,  4.97it/s]

Trials:   0%|          | 0/10 [00:00<?, ?it/s]
Trials:  10%|#         | 1/10 [00:00<00:01,  5.87it/s]
Trials:  20%|##        | 2/10 [00:00<00:01,  5.97it/s]
Trials:  30%|###       | 3/10 [00:00<00:01,  5.83it/s]
Trials:  40%|####      | 4/10 [00:00<00:01,  5.91it/s]
Trials:  50%|#####     | 5/10 [00:00<00:00,  5.91it/s]
Trials:  60%|######    | 6/10 [00:01<00:00,  5.95it/s]
Trials:  70%|#######   | 7/10 [00:01<00:00,  5.81it/s]
Trials:  80%|########  | 8/10 [00:01<00:00,  5.89it/s]
Trials:  90%|######### | 9/10 [00:01<00:00,  5.80it/s]
Trials: 100%|##########| 10/10 [00:01<00:00,  5.83it/s]
Trials: 100%|##########| 10/10 [00:01<00:00,  5.86it/s]

Trials:   0%|          | 0/10 [00:00<?, ?it/s]
Trials:  10%|#         | 1/10 [00:00<00:01,  5.39it/s]
Trials:  20%|##        | 2/10 [00:00<00:01,  5.61it/s]
Trials:  30%|###       | 3/10 [00:00<00:01,  5.58it/s]
Trials:  40%|####      | 4/10 [00:00<00:01,  5.67it/s]
Trials:  50%|#####     | 5/10 [00:00<00:00,  5.56it/s]
Trials:  60%|######    | 6/10 [00:01<00:00,  5.54it/s]
Trials:  70%|#######   | 7/10 [00:01<00:00,  5.38it/s]
Trials:  80%|########  | 8/10 [00:01<00:00,  5.49it/s]
Trials:  90%|######### | 9/10 [00:01<00:00,  5.43it/s]
Trials: 100%|##########| 10/10 [00:01<00:00,  5.52it/s]
Trials: 100%|##########| 10/10 [00:01<00:00,  5.52it/s]

Trials:   0%|          | 0/10 [00:00<?, ?it/s]
Trials:  10%|#         | 1/10 [00:00<00:01,  5.63it/s]
Trials:  20%|##        | 2/10 [00:00<00:01,  5.79it/s]
Trials:  30%|###       | 3/10 [00:00<00:01,  5.68it/s]
Trials:  40%|####      | 4/10 [00:00<00:01,  5.77it/s]
Trials:  50%|#####     | 5/10 [00:00<00:00,  5.61it/s]
Trials:  60%|######    | 6/10 [00:01<00:00,  5.71it/s]
Trials:  70%|#######   | 7/10 [00:01<00:00,  5.77it/s]
Trials:  80%|########  | 8/10 [00:01<00:00,  5.75it/s]
Trials:  90%|######### | 9/10 [00:01<00:00,  5.80it/s]
Trials: 100%|##########| 10/10 [00:01<00:00,  5.83it/s]
Trials: 100%|##########| 10/10 [00:01<00:00,  5.76it/s]

Trials:   0%|          | 0/10 [00:00<?, ?it/s]
Trials:  10%|#         | 1/10 [00:00<00:01,  6.09it/s]
Trials:  20%|##        | 2/10 [00:00<00:01,  5.76it/s]
Trials:  30%|###       | 3/10 [00:00<00:01,  5.91it/s]
Trials:  40%|####      | 4/10 [00:00<00:01,  5.99it/s]
Trials:  50%|#####     | 5/10 [00:00<00:00,  5.89it/s]
Trials:  60%|######    | 6/10 [00:01<00:00,  5.95it/s]
Trials:  70%|#######   | 7/10 [00:01<00:00,  5.97it/s]
Trials:  80%|########  | 8/10 [00:01<00:00,  6.00it/s]
Trials:  90%|######### | 9/10 [00:01<00:00,  6.03it/s]
Trials: 100%|##########| 10/10 [00:01<00:00,  5.89it/s]
Trials: 100%|##########| 10/10 [00:01<00:00,  5.93it/s]

Trials:   0%|          | 0/10 [00:00<?, ?it/s]
Trials:  10%|#         | 1/10 [00:00<00:01,  5.65it/s]
Trials:  20%|##        | 2/10 [00:00<00:01,  5.61it/s]
Trials:  30%|###       | 3/10 [00:00<00:01,  5.50it/s]
Trials:  40%|####      | 4/10 [00:00<00:01,  5.64it/s]
Trials:  50%|#####     | 5/10 [00:00<00:00,  5.70it/s]
Trials:  60%|######    | 6/10 [00:01<00:00,  5.71it/s]
Trials:  70%|#######   | 7/10 [00:01<00:00,  5.44it/s]
Trials:  80%|########  | 8/10 [00:01<00:00,  5.54it/s]
Trials:  90%|######### | 9/10 [00:01<00:00,  5.62it/s]
Trials: 100%|##########| 10/10 [00:01<00:00,  5.66it/s]
Trials: 100%|##########| 10/10 [00:01<00:00,  5.62it/s]

Trials:   0%|          | 0/10 [00:00<?, ?it/s]
Trials:  10%|#         | 1/10 [00:00<00:02,  4.42it/s]
Trials:  20%|##        | 2/10 [00:00<00:01,  4.38it/s]
Trials:  30%|###       | 3/10 [00:00<00:01,  4.44it/s]
Trials:  40%|####      | 4/10 [00:00<00:01,  4.34it/s]
Trials:  50%|#####     | 5/10 [00:01<00:01,  4.42it/s]
Trials:  60%|######    | 6/10 [00:01<00:00,  4.50it/s]
Trials:  70%|#######   | 7/10 [00:01<00:00,  4.51it/s]
Trials:  80%|########  | 8/10 [00:01<00:00,  4.49it/s]
Trials:  90%|######### | 9/10 [00:02<00:00,  4.51it/s]
Trials: 100%|##########| 10/10 [00:02<00:00,  4.53it/s]
Trials: 100%|##########| 10/10 [00:02<00:00,  4.48it/s]

Trials:   0%|          | 0/10 [00:00<?, ?it/s]
Trials:  10%|#         | 1/10 [00:00<00:01,  5.03it/s]
Trials:  20%|##        | 2/10 [00:00<00:01,  5.51it/s]
Trials:  30%|###       | 3/10 [00:00<00:01,  5.69it/s]
Trials:  40%|####      | 4/10 [00:00<00:01,  5.78it/s]
Trials:  50%|#####     | 5/10 [00:00<00:00,  5.45it/s]
Trials:  60%|######    | 6/10 [00:01<00:00,  5.51it/s]
Trials:  70%|#######   | 7/10 [00:01<00:00,  5.53it/s]
Trials:  80%|########  | 8/10 [00:01<00:00,  5.64it/s]
Trials:  90%|######### | 9/10 [00:01<00:00,  5.74it/s]
Trials: 100%|##########| 10/10 [00:01<00:00,  5.74it/s]
Trials: 100%|##########| 10/10 [00:01<00:00,  5.63it/s]

Trials:   0%|          | 0/10 [00:00<?, ?it/s]
Trials:  10%|#         | 1/10 [00:00<00:01,  6.33it/s]
Trials:  20%|##        | 2/10 [00:00<00:01,  6.21it/s]
Trials:  30%|###       | 3/10 [00:00<00:01,  6.17it/s]
Trials:  40%|####      | 4/10 [00:00<00:00,  6.13it/s]
Trials:  50%|#####     | 5/10 [00:00<00:00,  5.97it/s]
Trials:  60%|######    | 6/10 [00:00<00:00,  6.01it/s]
Trials:  70%|#######   | 7/10 [00:01<00:00,  6.03it/s]
Trials:  80%|########  | 8/10 [00:01<00:00,  5.90it/s]
Trials:  90%|######### | 9/10 [00:01<00:00,  5.96it/s]
Trials: 100%|##########| 10/10 [00:01<00:00,  6.00it/s]
Trials: 100%|##########| 10/10 [00:01<00:00,  6.03it/s]

Trials:   0%|          | 0/10 [00:00<?, ?it/s]
Trials:  10%|#         | 1/10 [00:00<00:01,  6.21it/s]
Trials:  20%|##        | 2/10 [00:00<00:01,  6.19it/s]
Trials:  30%|###       | 3/10 [00:00<00:01,  5.93it/s]
Trials:  40%|####      | 4/10 [00:00<00:01,  5.90it/s]
Trials:  50%|#####     | 5/10 [00:00<00:00,  6.00it/s]
Trials:  60%|######    | 6/10 [00:00<00:00,  6.07it/s]
Trials:  70%|#######   | 7/10 [00:01<00:00,  5.90it/s]
Trials:  80%|########  | 8/10 [00:01<00:00,  5.85it/s]
Trials:  90%|######### | 9/10 [00:01<00:00,  5.94it/s]
Trials: 100%|##########| 10/10 [00:01<00:00,  6.01it/s]
Trials: 100%|##########| 10/10 [00:01<00:00,  5.98it/s]

Trials:   0%|          | 0/10 [00:00<?, ?it/s]
Trials:  10%|#         | 1/10 [00:00<00:01,  6.25it/s]
Trials:  20%|##        | 2/10 [00:00<00:01,  5.82it/s]
Trials:  30%|###       | 3/10 [00:00<00:01,  5.99it/s]
Trials:  40%|####      | 4/10 [00:00<00:00,  6.01it/s]
Trials:  50%|#####     | 5/10 [00:00<00:00,  6.09it/s]
Trials:  60%|######    | 6/10 [00:00<00:00,  6.00it/s]
Trials:  70%|#######   | 7/10 [00:01<00:00,  6.06it/s]
Trials:  80%|########  | 8/10 [00:01<00:00,  6.03it/s]
Trials:  90%|######### | 9/10 [00:01<00:00,  6.10it/s]
Trials: 100%|##########| 10/10 [00:01<00:00,  6.05it/s]
Trials: 100%|##########| 10/10 [00:01<00:00,  6.04it/s]

Trials:   0%|          | 0/10 [00:00<?, ?it/s]
Trials:  10%|#         | 1/10 [00:00<00:01,  5.52it/s]
Trials:  20%|##        | 2/10 [00:00<00:01,  5.76it/s]
Trials:  30%|###       | 3/10 [00:00<00:01,  5.90it/s]
Trials:  40%|####      | 4/10 [00:00<00:01,  5.78it/s]
Trials:  50%|#####     | 5/10 [00:00<00:00,  5.62it/s]
Trials:  60%|######    | 6/10 [00:01<00:00,  5.66it/s]
Trials:  70%|#######   | 7/10 [00:01<00:00,  5.72it/s]
Trials:  80%|########  | 8/10 [00:01<00:00,  5.70it/s]
Trials:  90%|######### | 9/10 [00:01<00:00,  5.65it/s]
Trials: 100%|##########| 10/10 [00:01<00:00,  5.58it/s]
Trials: 100%|##########| 10/10 [00:01<00:00,  5.67it/s]

Trials:   0%|          | 0/10 [00:00<?, ?it/s]
Trials:  10%|#         | 1/10 [00:00<00:01,  6.04it/s]
Trials:  20%|##        | 2/10 [00:00<00:01,  6.03it/s]
Trials:  30%|###       | 3/10 [00:00<00:01,  6.02it/s]
Trials:  40%|####      | 4/10 [00:00<00:01,  5.86it/s]
Trials:  50%|#####     | 5/10 [00:00<00:00,  5.92it/s]
Trials:  60%|######    | 6/10 [00:01<00:00,  5.96it/s]
Trials:  70%|#######   | 7/10 [00:01<00:00,  5.97it/s]
Trials:  80%|########  | 8/10 [00:01<00:00,  5.82it/s]
Trials:  90%|######### | 9/10 [00:01<00:00,  5.82it/s]
Trials: 100%|##########| 10/10 [00:01<00:00,  5.88it/s]
Trials: 100%|##########| 10/10 [00:01<00:00,  5.91it/s]

Trials:   0%|          | 0/10 [00:00<?, ?it/s]
Trials:  10%|#         | 1/10 [00:00<00:01,  5.79it/s]
Trials:  20%|##        | 2/10 [00:00<00:01,  5.76it/s]
Trials:  30%|###       | 3/10 [00:00<00:01,  5.74it/s]
Trials:  40%|####      | 4/10 [00:00<00:01,  5.86it/s]
Trials:  50%|#####     | 5/10 [00:00<00:00,  5.88it/s]
Trials:  60%|######    | 6/10 [00:01<00:00,  5.83it/s]
Trials:  70%|#######   | 7/10 [00:01<00:00,  5.84it/s]
Trials:  80%|########  | 8/10 [00:01<00:00,  5.91it/s]
Trials:  90%|######### | 9/10 [00:01<00:00,  5.93it/s]
Trials: 100%|##########| 10/10 [00:01<00:00,  5.97it/s]
Trials: 100%|##########| 10/10 [00:01<00:00,  5.89it/s]

Trials:   0%|          | 0/10 [00:00<?, ?it/s]
Trials:  10%|#         | 1/10 [00:00<00:01,  5.30it/s]
Trials:  20%|##        | 2/10 [00:00<00:01,  5.58it/s]
Trials:  30%|###       | 3/10 [00:00<00:01,  5.79it/s]
Trials:  40%|####      | 4/10 [00:00<00:01,  5.82it/s]
Trials:  50%|#####     | 5/10 [00:00<00:00,  5.81it/s]
Trials:  60%|######    | 6/10 [00:01<00:00,  5.64it/s]
Trials:  70%|#######   | 7/10 [00:01<00:00,  5.70it/s]
Trials:  80%|########  | 8/10 [00:01<00:00,  5.73it/s]
Trials:  90%|######### | 9/10 [00:01<00:00,  5.77it/s]
Trials: 100%|##########| 10/10 [00:01<00:00,  5.58it/s]
Trials: 100%|##########| 10/10 [00:01<00:00,  5.67it/s]

Trials:   0%|          | 0/10 [00:00<?, ?it/s]
Trials:  10%|#         | 1/10 [00:00<00:01,  5.43it/s]
Trials:  20%|##        | 2/10 [00:00<00:01,  5.45it/s]
Trials:  30%|###       | 3/10 [00:00<00:01,  5.46it/s]
Trials:  40%|####      | 4/10 [00:00<00:01,  5.31it/s]
Trials:  50%|#####     | 5/10 [00:00<00:00,  5.22it/s]
Trials:  60%|######    | 6/10 [00:01<00:00,  5.25it/s]
Trials:  70%|#######   | 7/10 [00:01<00:00,  5.30it/s]
Trials:  80%|########  | 8/10 [00:01<00:00,  5.24it/s]
Trials:  90%|######### | 9/10 [00:01<00:00,  5.28it/s]
Trials: 100%|##########| 10/10 [00:01<00:00,  5.28it/s]
Trials: 100%|##########| 10/10 [00:01<00:00,  5.30it/s]

Trials:   0%|          | 0/10 [00:00<?, ?it/s]
Trials:  10%|#         | 1/10 [00:00<00:01,  5.56it/s]
Trials:  20%|##        | 2/10 [00:00<00:01,  5.64it/s]
Trials:  30%|###       | 3/10 [00:00<00:01,  5.83it/s]
Trials:  40%|####      | 4/10 [00:00<00:01,  5.91it/s]
Trials:  50%|#####     | 5/10 [00:00<00:00,  5.74it/s]
Trials:  60%|######    | 6/10 [00:01<00:00,  5.84it/s]
Trials:  70%|#######   | 7/10 [00:01<00:00,  5.90it/s]
Trials:  80%|########  | 8/10 [00:01<00:00,  5.95it/s]
Trials:  90%|######### | 9/10 [00:01<00:00,  5.85it/s]
Trials: 100%|##########| 10/10 [00:01<00:00,  5.82it/s]
Trials: 100%|##########| 10/10 [00:01<00:00,  5.83it/s]

Trials:   0%|          | 0/10 [00:00<?, ?it/s]
Trials:  10%|#         | 1/10 [00:00<00:01,  5.73it/s]
Trials:  20%|##        | 2/10 [00:00<00:01,  5.89it/s]
Trials:  30%|###       | 3/10 [00:00<00:01,  5.64it/s]
Trials:  40%|####      | 4/10 [00:00<00:01,  5.57it/s]
Trials:  50%|#####     | 5/10 [00:00<00:00,  5.64it/s]
Trials:  60%|######    | 6/10 [00:01<00:00,  5.67it/s]
Trials:  70%|#######   | 7/10 [00:01<00:00,  5.49it/s]
Trials:  80%|########  | 8/10 [00:01<00:00,  5.38it/s]
Trials:  90%|######### | 9/10 [00:01<00:00,  5.50it/s]
Trials: 100%|##########| 10/10 [00:01<00:00,  5.58it/s]
Trials: 100%|##########| 10/10 [00:01<00:00,  5.58it/s]

Trials:   0%|          | 0/10 [00:00<?, ?it/s]
Trials:  10%|#         | 1/10 [00:00<00:01,  6.00it/s]
Trials:  20%|##        | 2/10 [00:00<00:01,  5.83it/s]
Trials:  30%|###       | 3/10 [00:00<00:01,  5.91it/s]
Trials:  40%|####      | 4/10 [00:00<00:01,  5.93it/s]
Trials:  50%|#####     | 5/10 [00:00<00:00,  5.95it/s]
Trials:  60%|######    | 6/10 [00:01<00:00,  5.88it/s]
Trials:  70%|#######   | 7/10 [00:01<00:00,  5.77it/s]
Trials:  80%|########  | 8/10 [00:01<00:00,  5.83it/s]
Trials:  90%|######### | 9/10 [00:01<00:00,  5.81it/s]
Trials: 100%|##########| 10/10 [00:01<00:00,  5.87it/s]
Trials: 100%|##########| 10/10 [00:01<00:00,  5.87it/s]

Trials:   0%|          | 0/10 [00:00<?, ?it/s]
Trials:  10%|#         | 1/10 [00:00<00:01,  5.83it/s]
Trials:  20%|##        | 2/10 [00:00<00:01,  5.98it/s]
Trials:  30%|###       | 3/10 [00:00<00:01,  6.03it/s]
Trials:  40%|####      | 4/10 [00:00<00:00,  6.03it/s]
Trials:  50%|#####     | 5/10 [00:00<00:00,  5.85it/s]
Trials:  60%|######    | 6/10 [00:01<00:00,  5.83it/s]
Trials:  70%|#######   | 7/10 [00:01<00:00,  5.92it/s]
Trials:  80%|########  | 8/10 [00:01<00:00,  5.97it/s]
Trials:  90%|######### | 9/10 [00:01<00:00,  5.75it/s]
Trials: 100%|##########| 10/10 [00:01<00:00,  5.71it/s]
Trials: 100%|##########| 10/10 [00:01<00:00,  5.84it/s]

Trials:   0%|          | 0/10 [00:00<?, ?it/s]
Trials:  10%|#         | 1/10 [00:00<00:01,  5.73it/s]
Trials:  20%|##        | 2/10 [00:00<00:01,  5.83it/s]
Trials:  30%|###       | 3/10 [00:00<00:01,  5.66it/s]
Trials:  40%|####      | 4/10 [00:00<00:01,  5.55it/s]
Trials:  50%|#####     | 5/10 [00:00<00:00,  5.51it/s]
Trials:  60%|######    | 6/10 [00:01<00:00,  5.60it/s]
Trials:  70%|#######   | 7/10 [00:01<00:00,  5.66it/s]
Trials:  80%|########  | 8/10 [00:01<00:00,  5.69it/s]
Trials:  90%|######### | 9/10 [00:01<00:00,  5.57it/s]
Trials: 100%|##########| 10/10 [00:01<00:00,  5.63it/s]
Trials: 100%|##########| 10/10 [00:01<00:00,  5.63it/s]

Trials:   0%|          | 0/10 [00:00<?, ?it/s]
Trials:  10%|#         | 1/10 [00:00<00:01,  5.19it/s]
Trials:  20%|##        | 2/10 [00:00<00:01,  4.98it/s]
Trials:  30%|###       | 3/10 [00:00<00:01,  5.01it/s]
Trials:  40%|####      | 4/10 [00:00<00:01,  5.10it/s]
Trials:  50%|#####     | 5/10 [00:00<00:00,  5.12it/s]
Trials:  60%|######    | 6/10 [00:01<00:00,  4.95it/s]
Trials:  70%|#######   | 7/10 [00:01<00:00,  4.98it/s]
Trials:  80%|########  | 8/10 [00:01<00:00,  5.02it/s]
Trials:  90%|######### | 9/10 [00:01<00:00,  4.96it/s]
Trials: 100%|##########| 10/10 [00:02<00:00,  4.94it/s]
Trials: 100%|##########| 10/10 [00:02<00:00,  5.00it/s]

Trials:   0%|          | 0/10 [00:00<?, ?it/s]
Trials:  10%|#         | 1/10 [00:00<00:01,  5.74it/s]
Trials:  20%|##        | 2/10 [00:00<00:01,  5.83it/s]
Trials:  30%|###       | 3/10 [00:00<00:01,  5.95it/s]
Trials:  40%|####      | 4/10 [00:00<00:01,  5.84it/s]
Trials:  50%|#####     | 5/10 [00:00<00:00,  5.92it/s]
Trials:  60%|######    | 6/10 [00:01<00:00,  5.98it/s]
Trials:  70%|#######   | 7/10 [00:01<00:00,  6.02it/s]
Trials:  80%|########  | 8/10 [00:01<00:00,  5.78it/s]
Trials:  90%|######### | 9/10 [00:01<00:00,  5.87it/s]
Trials: 100%|##########| 10/10 [00:01<00:00,  5.93it/s]
Trials: 100%|##########| 10/10 [00:01<00:00,  5.90it/s]

Trials:   0%|          | 0/10 [00:00<?, ?it/s]
Trials:  10%|#         | 1/10 [00:00<00:01,  6.36it/s]
Trials:  20%|##        | 2/10 [00:00<00:01,  6.05it/s]
Trials:  30%|###       | 3/10 [00:00<00:01,  5.59it/s]
Trials:  40%|####      | 4/10 [00:00<00:01,  5.71it/s]
Trials:  50%|#####     | 5/10 [00:00<00:00,  5.84it/s]
Trials:  60%|######    | 6/10 [00:01<00:00,  5.92it/s]
Trials:  70%|#######   | 7/10 [00:01<00:00,  5.89it/s]
Trials:  80%|########  | 8/10 [00:01<00:00,  5.85it/s]
Trials:  90%|######### | 9/10 [00:01<00:00,  5.91it/s]
Trials: 100%|##########| 10/10 [00:01<00:00,  5.89it/s]
Trials: 100%|##########| 10/10 [00:01<00:00,  5.87it/s]

Trials:   0%|          | 0/10 [00:00<?, ?it/s]
Trials:  10%|#         | 1/10 [00:00<00:01,  6.23it/s]
Trials:  20%|##        | 2/10 [00:00<00:01,  6.05it/s]
Trials:  30%|###       | 3/10 [00:00<00:01,  6.12it/s]
Trials:  40%|####      | 4/10 [00:00<00:00,  6.15it/s]
Trials:  50%|#####     | 5/10 [00:00<00:00,  6.17it/s]
Trials:  60%|######    | 6/10 [00:00<00:00,  6.16it/s]
Trials:  70%|#######   | 7/10 [00:01<00:00,  6.05it/s]
Trials:  80%|########  | 8/10 [00:01<00:00,  6.02it/s]
Trials:  90%|######### | 9/10 [00:01<00:00,  6.08it/s]
Trials: 100%|##########| 10/10 [00:01<00:00,  6.12it/s]
Trials: 100%|##########| 10/10 [00:01<00:00,  6.11it/s]

Trials:   0%|          | 0/10 [00:00<?, ?it/s]
Trials:  10%|#         | 1/10 [00:00<00:01,  6.24it/s]
Trials:  20%|##        | 2/10 [00:00<00:01,  5.80it/s]
Trials:  30%|###       | 3/10 [00:00<00:01,  5.99it/s]
Trials:  40%|####      | 4/10 [00:00<00:00,  6.08it/s]
Trials:  50%|#####     | 5/10 [00:00<00:00,  6.12it/s]
Trials:  60%|######    | 6/10 [00:00<00:00,  6.01it/s]
Trials:  70%|#######   | 7/10 [00:01<00:00,  5.99it/s]
Trials:  80%|########  | 8/10 [00:01<00:00,  6.05it/s]
Trials:  90%|######### | 9/10 [00:01<00:00,  6.11it/s]
Trials: 100%|##########| 10/10 [00:01<00:00,  5.98it/s]
Trials: 100%|##########| 10/10 [00:01<00:00,  6.02it/s]

Trials:   0%|          | 0/10 [00:00<?, ?it/s]
Trials:  10%|#         | 1/10 [00:00<00:01,  5.73it/s]
Trials:  20%|##        | 2/10 [00:00<00:01,  5.91it/s]
Trials:  30%|###       | 3/10 [00:00<00:01,  5.98it/s]
Trials:  40%|####      | 4/10 [00:00<00:01,  5.93it/s]
Trials:  50%|#####     | 5/10 [00:00<00:00,  5.72it/s]
Trials:  60%|######    | 6/10 [00:01<00:00,  5.76it/s]
Trials:  70%|#######   | 7/10 [00:01<00:00,  5.80it/s]
Trials:  80%|########  | 8/10 [00:01<00:00,  5.69it/s]
Trials:  90%|######### | 9/10 [00:01<00:00,  5.59it/s]
Trials: 100%|##########| 10/10 [00:01<00:00,  5.68it/s]
Trials: 100%|##########| 10/10 [00:01<00:00,  5.74it/s]

Trials:   0%|          | 0/10 [00:00<?, ?it/s]
Trials:  10%|#         | 1/10 [00:00<00:01,  6.09it/s]
Trials:  20%|##        | 2/10 [00:00<00:01,  6.08it/s]
Trials:  30%|###       | 3/10 [00:00<00:01,  5.86it/s]
Trials:  40%|####      | 4/10 [00:00<00:01,  5.89it/s]
Trials:  50%|#####     | 5/10 [00:00<00:00,  5.95it/s]
Trials:  60%|######    | 6/10 [00:01<00:00,  5.96it/s]
Trials:  70%|#######   | 7/10 [00:01<00:00,  5.86it/s]
Trials:  80%|########  | 8/10 [00:01<00:00,  5.92it/s]
Trials:  90%|######### | 9/10 [00:01<00:00,  5.96it/s]
Trials: 100%|##########| 10/10 [00:01<00:00,  5.98it/s]
Trials: 100%|##########| 10/10 [00:01<00:00,  5.95it/s]

Trials:   0%|          | 0/10 [00:00<?, ?it/s]
Trials:  10%|#         | 1/10 [00:00<00:01,  5.89it/s]
Trials:  20%|##        | 2/10 [00:00<00:01,  5.81it/s]
Trials:  30%|###       | 3/10 [00:00<00:01,  5.92it/s]
Trials:  40%|####      | 4/10 [00:00<00:01,  5.95it/s]
Trials:  50%|#####     | 5/10 [00:00<00:00,  5.98it/s]
Trials:  60%|######    | 6/10 [00:01<00:00,  5.87it/s]
Trials:  70%|#######   | 7/10 [00:01<00:00,  5.91it/s]
Trials:  80%|########  | 8/10 [00:01<00:00,  5.97it/s]
Trials:  90%|######### | 9/10 [00:01<00:00,  5.95it/s]
Trials: 100%|##########| 10/10 [00:01<00:00,  5.84it/s]
Trials: 100%|##########| 10/10 [00:01<00:00,  5.90it/s]

Trials:   0%|          | 0/10 [00:00<?, ?it/s]
Trials:  10%|#         | 1/10 [00:00<00:01,  5.86it/s]
Trials:  20%|##        | 2/10 [00:00<00:01,  5.85it/s]
Trials:  30%|###       | 3/10 [00:00<00:01,  5.92it/s]
Trials:  40%|####      | 4/10 [00:00<00:01,  5.88it/s]
Trials:  50%|#####     | 5/10 [00:00<00:00,  5.73it/s]
Trials:  60%|######    | 6/10 [00:01<00:00,  5.67it/s]
Trials:  70%|#######   | 7/10 [00:01<00:00,  5.63it/s]
Trials:  80%|########  | 8/10 [00:01<00:00,  5.63it/s]
Trials:  90%|######### | 9/10 [00:01<00:00,  5.64it/s]
Trials: 100%|##########| 10/10 [00:01<00:00,  5.50it/s]
Trials: 100%|##########| 10/10 [00:01<00:00,  5.65it/s]

Trials:   0%|          | 0/10 [00:00<?, ?it/s]
Trials:  10%|#         | 1/10 [00:00<00:01,  5.79it/s]
Trials:  20%|##        | 2/10 [00:00<00:01,  5.78it/s]
Trials:  30%|###       | 3/10 [00:00<00:01,  5.78it/s]
Trials:  40%|####      | 4/10 [00:00<00:01,  5.65it/s]
Trials:  50%|#####     | 5/10 [00:00<00:00,  5.68it/s]
Trials:  60%|######    | 6/10 [00:01<00:00,  5.72it/s]
Trials:  70%|#######   | 7/10 [00:01<00:00,  5.73it/s]
Trials:  80%|########  | 8/10 [00:01<00:00,  5.65it/s]
Trials:  90%|######### | 9/10 [00:01<00:00,  5.70it/s]
Trials: 100%|##########| 10/10 [00:01<00:00,  5.71it/s]
Trials: 100%|##########| 10/10 [00:01<00:00,  5.71it/s]

Trials:   0%|          | 0/10 [00:00<?, ?it/s]
Trials:  10%|#         | 1/10 [00:00<00:01,  6.06it/s]
Trials:  20%|##        | 2/10 [00:00<00:01,  5.54it/s]
Trials:  30%|###       | 3/10 [00:00<00:01,  5.67it/s]
Trials:  40%|####      | 4/10 [00:00<00:01,  5.77it/s]
Trials:  50%|#####     | 5/10 [00:00<00:00,  5.86it/s]
Trials:  60%|######    | 6/10 [00:01<00:00,  5.78it/s]
Trials:  70%|#######   | 7/10 [00:01<00:00,  5.77it/s]
Trials:  80%|########  | 8/10 [00:01<00:00,  5.85it/s]
Trials:  90%|######### | 9/10 [00:01<00:00,  5.92it/s]
Trials: 100%|##########| 10/10 [00:01<00:00,  5.84it/s]
Trials: 100%|##########| 10/10 [00:01<00:00,  5.81it/s]

Trials:   0%|          | 0/10 [00:00<?, ?it/s]
Trials:  10%|#         | 1/10 [00:00<00:01,  5.61it/s]
Trials:  20%|##        | 2/10 [00:00<00:01,  5.79it/s]
Trials:  30%|###       | 3/10 [00:00<00:01,  5.86it/s]
Trials:  40%|####      | 4/10 [00:00<00:01,  5.82it/s]
Trials:  50%|#####     | 5/10 [00:00<00:00,  5.68it/s]
Trials:  60%|######    | 6/10 [00:01<00:00,  5.71it/s]
Trials:  70%|#######   | 7/10 [00:01<00:00,  5.65it/s]
Trials:  80%|########  | 8/10 [00:01<00:00,  5.69it/s]
Trials:  90%|######### | 9/10 [00:01<00:00,  5.68it/s]
Trials: 100%|##########| 10/10 [00:01<00:00,  5.70it/s]
Trials: 100%|##########| 10/10 [00:01<00:00,  5.71it/s]

Trials:   0%|          | 0/10 [00:00<?, ?it/s]
Trials:  10%|#         | 1/10 [00:00<00:01,  6.08it/s]
Trials:  20%|##        | 2/10 [00:00<00:01,  5.97it/s]
Trials:  30%|###       | 3/10 [00:00<00:01,  5.83it/s]
Trials:  40%|####      | 4/10 [00:00<00:01,  5.91it/s]
Trials:  50%|#####     | 5/10 [00:00<00:00,  5.94it/s]
Trials:  60%|######    | 6/10 [00:01<00:00,  5.98it/s]
Trials:  70%|#######   | 7/10 [00:01<00:00,  5.75it/s]
Trials:  80%|########  | 8/10 [00:01<00:00,  5.85it/s]
Trials:  90%|######### | 9/10 [00:01<00:00,  5.91it/s]
Trials: 100%|##########| 10/10 [00:01<00:00,  5.94it/s]
Trials: 100%|##########| 10/10 [00:01<00:00,  5.91it/s]

Trials:   0%|          | 0/10 [00:00<?, ?it/s]
Trials:  10%|#         | 1/10 [00:00<00:01,  5.63it/s]
Trials:  20%|##        | 2/10 [00:00<00:01,  5.73it/s]
Trials:  30%|###       | 3/10 [00:00<00:01,  5.90it/s]
Trials:  40%|####      | 4/10 [00:00<00:01,  5.96it/s]
Trials:  50%|#####     | 5/10 [00:00<00:00,  5.87it/s]
Trials:  60%|######    | 6/10 [00:01<00:00,  5.87it/s]
Trials:  70%|#######   | 7/10 [00:01<00:00,  5.93it/s]
Trials:  80%|########  | 8/10 [00:01<00:00,  5.98it/s]
Trials:  90%|######### | 9/10 [00:01<00:00,  5.83it/s]
Trials: 100%|##########| 10/10 [00:01<00:00,  5.68it/s]
Trials: 100%|##########| 10/10 [00:01<00:00,  5.81it/s]

Trials:   0%|          | 0/10 [00:00<?, ?it/s]
Trials:  10%|#         | 1/10 [00:00<00:01,  5.80it/s]
Trials:  20%|##        | 2/10 [00:00<00:01,  5.78it/s]
Trials:  30%|###       | 3/10 [00:00<00:01,  5.79it/s]
Trials:  40%|####      | 4/10 [00:00<00:01,  5.61it/s]
Trials:  50%|#####     | 5/10 [00:00<00:00,  5.66it/s]
Trials:  60%|######    | 6/10 [00:01<00:00,  5.70it/s]
Trials:  70%|#######   | 7/10 [00:01<00:00,  5.58it/s]
Trials:  80%|########  | 8/10 [00:01<00:00,  5.62it/s]
Trials:  90%|######### | 9/10 [00:01<00:00,  5.67it/s]
Trials: 100%|##########| 10/10 [00:01<00:00,  5.69it/s]
Trials: 100%|##########| 10/10 [00:01<00:00,  5.68it/s]

Trials:   0%|          | 0/10 [00:00<?, ?it/s]
Trials:  10%|#         | 1/10 [00:00<00:01,  5.55it/s]
Trials:  20%|##        | 2/10 [00:00<00:01,  5.72it/s]
Trials:  30%|###       | 3/10 [00:00<00:01,  5.75it/s]
Trials:  40%|####      | 4/10 [00:00<00:01,  5.75it/s]
Trials:  50%|#####     | 5/10 [00:00<00:00,  5.68it/s]
Trials:  60%|######    | 6/10 [00:01<00:00,  5.46it/s]
Trials:  70%|#######   | 7/10 [00:01<00:00,  5.53it/s]
Trials:  80%|########  | 8/10 [00:01<00:00,  5.62it/s]
Trials:  90%|######### | 9/10 [00:01<00:00,  5.32it/s]
Trials: 100%|##########| 10/10 [00:01<00:00,  5.36it/s]
Trials: 100%|##########| 10/10 [00:01<00:00,  5.51it/s]

Trials:   0%|          | 0/10 [00:00<?, ?it/s]
Trials:  10%|#         | 1/10 [00:00<00:01,  6.09it/s]
Trials:  20%|##        | 2/10 [00:00<00:01,  6.10it/s]
Trials:  30%|###       | 3/10 [00:00<00:01,  5.98it/s]
Trials:  40%|####      | 4/10 [00:00<00:01,  5.93it/s]
Trials:  50%|#####     | 5/10 [00:00<00:00,  5.91it/s]
Trials:  60%|######    | 6/10 [00:01<00:00,  5.96it/s]
Trials:  70%|#######   | 7/10 [00:01<00:00,  5.87it/s]
Trials:  80%|########  | 8/10 [00:01<00:00,  5.92it/s]
Trials:  90%|######### | 9/10 [00:01<00:00,  5.97it/s]
Trials: 100%|##########| 10/10 [00:01<00:00,  5.94it/s]
Trials: 100%|##########| 10/10 [00:01<00:00,  5.95it/s]

