
Running synthetic matrix: thrashing, 2 procs, FIFO, GlobalAllocation, frames=163
Running multi-process experiment
  Algorithm: FIFO
  Allocation: GlobalAllocation
  Total Frames: 163
  Processes: [0, 1]
Results saved to: results\raw\campaign_20260404_140330_266\synthetic_thrashing\multiproc_thrashing_FIFO_GlobalAllocation_p2_f163.json

Running synthetic matrix: thrashing, 2 procs, FIFO, LocalAllocation, frames=163
Running multi-process experiment
  Algorithm: FIFO
  Allocation: LocalAllocation
  Total Frames: 163
  Processes: [0, 1]
Results saved to: results\raw\campaign_20260404_140330_266\synthetic_thrashing\multiproc_thrashing_FIFO_LocalAllocation_p2_f163.json

Running synthetic matrix: thrashing, 2 procs, FIFO, ProportionalAllocation, frames=163
Running multi-process experiment
  Algorithm: FIFO
  Allocation: ProportionalAllocation
  Total Frames: 163
  Processes: [0, 1]
Results saved to: results\raw\campaign_20260404_140330_266\synthetic_thrashing\multiproc_thrashing_FIFO_ProportionalAllocation_p2_f163.json

Running synthetic matrix: thrashing, 2 procs, LRU, GlobalAllocation, frames=163
Running multi-process experiment
  Algorithm: LRU
  Allocation: GlobalAllocation
  Total Frames: 163
  Processes: [0, 1]
Results saved to: results\raw\campaign_20260404_140330_266\synthetic_thrashing\multiproc_thrashing_LRU_GlobalAllocation_p2_f163.json

Running synthetic matrix: thrashing, 2 procs, LRU, LocalAllocation, frames=163
Running multi-process experiment
  Algorithm: LRU
  Allocation: LocalAllocation
  Total Frames: 163
  Processes: [0, 1]
Results saved to: results\raw\campaign_20260404_140330_266\synthetic_thrashing\multiproc_thrashing_LRU_LocalAllocation_p2_f163.json

Running synthetic matrix: thrashing, 2 procs, LRU, ProportionalAllocation, frames=163
Running multi-process experiment
  Algorithm: LRU
  Allocation: ProportionalAllocation
  Total Frames: 163
  Processes: [0, 1]
Results saved to: results\raw\campaign_20260404_140330_266\synthetic_thrashing\multiproc_thrashing_LRU_ProportionalAllocation_p2_f163.json

Running synthetic matrix: thrashing, 2 procs, NRU, GlobalAllocation, frames=163
Running multi-process experiment
  Algorithm: NRU
  Allocation: GlobalAllocation
  Total Frames: 163
  Processes: [0, 1]
Results saved to: results\raw\campaign_20260404_140330_266\synthetic_thrashing\multiproc_thrashing_NRU_GlobalAllocation_p2_f163.json

Running synthetic matrix: thrashing, 2 procs, NRU, LocalAllocation, frames=163
Running multi-process experiment
  Algorithm: NRU
  Allocation: LocalAllocation
  Total Frames: 163
  Processes: [0, 1]
Results saved to: results\raw\campaign_20260404_140330_266\synthetic_thrashing\multiproc_thrashing_NRU_LocalAllocation_p2_f163.json

Running synthetic matrix: thrashing, 2 procs, NRU, ProportionalAllocation, frames=163
Running multi-process experiment
  Algorithm: NRU
  Allocation: ProportionalAllocation
  Total Frames: 163
  Processes: [0, 1]
Results saved to: results\raw\campaign_20260404_140330_266\synthetic_thrashing\multiproc_thrashing_NRU_ProportionalAllocation_p2_f163.json

Running synthetic matrix: thrashing, 2 procs, SecondChance, GlobalAllocation, frames=163
Running multi-process experiment
  Algorithm: SecondChance
  Allocation: GlobalAllocation
  Total Frames: 163
  Processes: [0, 1]
Results saved to: results\raw\campaign_20260404_140330_266\synthetic_thrashing\multiproc_thrashing_SecondChance_GlobalAllocation_p2_f163.json

Running synthetic matrix: thrashing, 2 procs, SecondChance, LocalAllocation, frames=163
Running multi-process experiment
  Algorithm: SecondChance
  Allocation: LocalAllocation
  Total Frames: 163
  Processes: [0, 1]
Results saved to: results\raw\campaign_20260404_140330_266\synthetic_thrashing\multiproc_thrashing_SecondChance_LocalAllocation_p2_f163.json

Running synthetic matrix: thrashing, 2 procs, SecondChance, ProportionalAllocation, frames=163
Running multi-process experiment
  Algorithm: SecondChance
  Allocation: ProportionalAllocation
  Total Frames: 163
  Processes: [0, 1]
Results saved to: results\raw\campaign_20260404_140330_266\synthetic_thrashing\multiproc_thrashing_SecondChance_ProportionalAllocation_p2_f163.json

Running synthetic matrix: thrashing, 2 procs, WSClock, GlobalAllocation, frames=163
Running multi-process experiment
  Algorithm: WSClock
  Allocation: GlobalAllocation
  Total Frames: 163
  Processes: [0, 1]
Results saved to: results\raw\campaign_20260404_140330_266\synthetic_thrashing\multiproc_thrashing_WSClock_GlobalAllocation_p2_f163.json

Running synthetic matrix: thrashing, 2 procs, WSClock, LocalAllocation, frames=163
Running multi-process experiment
  Algorithm: WSClock
  Allocation: LocalAllocation
  Total Frames: 163
  Processes: [0, 1]
Results saved to: results\raw\campaign_20260404_140330_266\synthetic_thrashing\multiproc_thrashing_WSClock_LocalAllocation_p2_f163.json

Running synthetic matrix: thrashing, 2 procs, WSClock, ProportionalAllocation, frames=163
Running multi-process experiment
  Algorithm: WSClock
  Allocation: ProportionalAllocation
  Total Frames: 163
  Processes: [0, 1]
Results saved to: results\raw\campaign_20260404_140330_266\synthetic_thrashing\multiproc_thrashing_WSClock_ProportionalAllocation_p2_f163.json

Running synthetic matrix: thrashing, 2 procs, FIFO, GlobalAllocation, frames=204
Running multi-process experiment
  Algorithm: FIFO
  Allocation: GlobalAllocation
  Total Frames: 204
  Processes: [0, 1]
Results saved to: results\raw\campaign_20260404_140330_266\synthetic_thrashing\multiproc_thrashing_FIFO_GlobalAllocation_p2_f204.json

Running synthetic matrix: thrashing, 2 procs, FIFO, LocalAllocation, frames=204
Running multi-process experiment
  Algorithm: FIFO
  Allocation: LocalAllocation
  Total Frames: 204
  Processes: [0, 1]
Results saved to: results\raw\campaign_20260404_140330_266\synthetic_thrashing\multiproc_thrashing_FIFO_LocalAllocation_p2_f204.json

Running synthetic matrix: thrashing, 2 procs, FIFO, ProportionalAllocation, frames=204
Running multi-process experiment
  Algorithm: FIFO
  Allocation: ProportionalAllocation
  Total Frames: 204
  Processes: [0, 1]
Results saved to: results\raw\campaign_20260404_140330_266\synthetic_thrashing\multiproc_thrashing_FIFO_ProportionalAllocation_p2_f204.json

Running synthetic matrix: thrashing, 2 procs, LRU, GlobalAllocation, frames=204
Running multi-process experiment
  Algorithm: LRU
  Allocation: GlobalAllocation
  Total Frames: 204
  Processes: [0, 1]
Results saved to: results\raw\campaign_20260404_140330_266\synthetic_thrashing\multiproc_thrashing_LRU_GlobalAllocation_p2_f204.json

Running synthetic matrix: thrashing, 2 procs, LRU, LocalAllocation, frames=204
Running multi-process experiment
  Algorithm: LRU
  Allocation: LocalAllocation
  Total Frames: 204
  Processes: [0, 1]
Results saved to: results\raw\campaign_20260404_140330_266\synthetic_thrashing\multiproc_thrashing_LRU_LocalAllocation_p2_f204.json

Running synthetic matrix: thrashing, 2 procs, LRU, ProportionalAllocation, frames=204
Running multi-process experiment
  Algorithm: LRU
  Allocation: ProportionalAllocation
  Total Frames: 204
  Processes: [0, 1]
Results saved to: results\raw\campaign_20260404_140330_266\synthetic_thrashing\multiproc_thrashing_LRU_ProportionalAllocation_p2_f204.json

Running synthetic matrix: thrashing, 2 procs, NRU, GlobalAllocation, frames=204
Running multi-process experiment
  Algorithm: NRU
  Allocation: GlobalAllocation
  Total Frames: 204
  Processes: [0, 1]
Results saved to: results\raw\campaign_20260404_140330_266\synthetic_thrashing\multiproc_thrashing_NRU_GlobalAllocation_p2_f204.json

Running synthetic matrix: thrashing, 2 procs, NRU, LocalAllocation, frames=204
Running multi-process experiment
  Algorithm: NRU
  Allocation: LocalAllocation
  Total Frames: 204
  Processes: [0, 1]
Results saved to: results\raw\campaign_20260404_140330_266\synthetic_thrashing\multiproc_thrashing_NRU_LocalAllocation_p2_f204.json

Running synthetic matrix: thrashing, 2 procs, NRU, ProportionalAllocation, frames=204
Running multi-process experiment
  Algorithm: NRU
  Allocation: ProportionalAllocation
  Total Frames: 204
  Processes: [0, 1]
Results saved to: results\raw\campaign_20260404_140330_266\synthetic_thrashing\multiproc_thrashing_NRU_ProportionalAllocation_p2_f204.json

Running synthetic matrix: thrashing, 2 procs, SecondChance, GlobalAllocation, frames=204
Running multi-process experiment
  Algorithm: SecondChance
  Allocation: GlobalAllocation
  Total Frames: 204
  Processes: [0, 1]
Results saved to: results\raw\campaign_20260404_140330_266\synthetic_thrashing\multiproc_thrashing_SecondChance_GlobalAllocation_p2_f204.json

Running synthetic matrix: thrashing, 2 procs, SecondChance, LocalAllocation, frames=204
Running multi-process experiment
  Algorithm: SecondChance
  Allocation: LocalAllocation
  Total Frames: 204
  Processes: [0, 1]
Results saved to: results\raw\campaign_20260404_140330_266\synthetic_thrashing\multiproc_thrashing_SecondChance_LocalAllocation_p2_f204.json

Running synthetic matrix: thrashing, 2 procs, SecondChance, ProportionalAllocation, frames=204
Running multi-process experiment
  Algorithm: SecondChance
  Allocation: ProportionalAllocation
  Total Frames: 204
  Processes: [0, 1]
Results saved to: results\raw\campaign_20260404_140330_266\synthetic_thrashing\multiproc_thrashing_SecondChance_ProportionalAllocation_p2_f204.json

Running synthetic matrix: thrashing, 2 procs, WSClock, GlobalAllocation, frames=204
Running multi-process experiment
  Algorithm: WSClock
  Allocation: GlobalAllocation
  Total Frames: 204
  Processes: [0, 1]
Results saved to: results\raw\campaign_20260404_140330_266\synthetic_thrashing\multiproc_thrashing_WSClock_GlobalAllocation_p2_f204.json

Running synthetic matrix: thrashing, 2 procs, WSClock, LocalAllocation, frames=204
Running multi-process experiment
  Algorithm: WSClock
  Allocation: LocalAllocation
  Total Frames: 204
  Processes: [0, 1]
Results saved to: results\raw\campaign_20260404_140330_266\synthetic_thrashing\multiproc_thrashing_WSClock_LocalAllocation_p2_f204.json

Running synthetic matrix: thrashing, 2 procs, WSClock, ProportionalAllocation, frames=204
Running multi-process experiment
  Algorithm: WSClock
  Allocation: ProportionalAllocation
  Total Frames: 204
  Processes: [0, 1]
Results saved to: results\raw\campaign_20260404_140330_266\synthetic_thrashing\multiproc_thrashing_WSClock_ProportionalAllocation_p2_f204.json

Running synthetic matrix: thrashing, 2 procs, FIFO, GlobalAllocation, frames=245
Running multi-process experiment
  Algorithm: FIFO
  Allocation: GlobalAllocation
  Total Frames: 245
  Processes: [0, 1]
Results saved to: results\raw\campaign_20260404_140330_266\synthetic_thrashing\multiproc_thrashing_FIFO_GlobalAllocation_p2_f245.json

Running synthetic matrix: thrashing, 2 procs, FIFO, LocalAllocation, frames=245
Running multi-process experiment
  Algorithm: FIFO
  Allocation: LocalAllocation
  Total Frames: 245
  Processes: [0, 1]
Results saved to: results\raw\campaign_20260404_140330_266\synthetic_thrashing\multiproc_thrashing_FIFO_LocalAllocation_p2_f245.json

Running synthetic matrix: thrashing, 2 procs, FIFO, ProportionalAllocation, frames=245
Running multi-process experiment
  Algorithm: FIFO
  Allocation: ProportionalAllocation
  Total Frames: 245
  Processes: [0, 1]
Results saved to: results\raw\campaign_20260404_140330_266\synthetic_thrashing\multiproc_thrashing_FIFO_ProportionalAllocation_p2_f245.json

Running synthetic matrix: thrashing, 2 procs, LRU, GlobalAllocation, frames=245
Running multi-process experiment
  Algorithm: LRU
  Allocation: GlobalAllocation
  Total Frames: 245
  Processes: [0, 1]
Results saved to: results\raw\campaign_20260404_140330_266\synthetic_thrashing\multiproc_thrashing_LRU_GlobalAllocation_p2_f245.json

Running synthetic matrix: thrashing, 2 procs, LRU, LocalAllocation, frames=245
Running multi-process experiment
  Algorithm: LRU
  Allocation: LocalAllocation
  Total Frames: 245
  Processes: [0, 1]
Results saved to: results\raw\campaign_20260404_140330_266\synthetic_thrashing\multiproc_thrashing_LRU_LocalAllocation_p2_f245.json

Running synthetic matrix: thrashing, 2 procs, LRU, ProportionalAllocation, frames=245
Running multi-process experiment
  Algorithm: LRU
  Allocation: ProportionalAllocation
  Total Frames: 245
  Processes: [0, 1]
Results saved to: results\raw\campaign_20260404_140330_266\synthetic_thrashing\multiproc_thrashing_LRU_ProportionalAllocation_p2_f245.json

Running synthetic matrix: thrashing, 2 procs, NRU, GlobalAllocation, frames=245
Running multi-process experiment
  Algorithm: NRU
  Allocation: GlobalAllocation
  Total Frames: 245
  Processes: [0, 1]
Results saved to: results\raw\campaign_20260404_140330_266\synthetic_thrashing\multiproc_thrashing_NRU_GlobalAllocation_p2_f245.json

Running synthetic matrix: thrashing, 2 procs, NRU, LocalAllocation, frames=245
Running multi-process experiment
  Algorithm: NRU
  Allocation: LocalAllocation
  Total Frames: 245
  Processes: [0, 1]
Results saved to: results\raw\campaign_20260404_140330_266\synthetic_thrashing\multiproc_thrashing_NRU_LocalAllocation_p2_f245.json

Running synthetic matrix: thrashing, 2 procs, NRU, ProportionalAllocation, frames=245
Running multi-process experiment
  Algorithm: NRU
  Allocation: ProportionalAllocation
  Total Frames: 245
  Processes: [0, 1]
Results saved to: results\raw\campaign_20260404_140330_266\synthetic_thrashing\multiproc_thrashing_NRU_ProportionalAllocation_p2_f245.json

Running synthetic matrix: thrashing, 2 procs, SecondChance, GlobalAllocation, frames=245
Running multi-process experiment
  Algorithm: SecondChance
  Allocation: GlobalAllocation
  Total Frames: 245
  Processes: [0, 1]
Results saved to: results\raw\campaign_20260404_140330_266\synthetic_thrashing\multiproc_thrashing_SecondChance_GlobalAllocation_p2_f245.json

Running synthetic matrix: thrashing, 2 procs, SecondChance, LocalAllocation, frames=245
Running multi-process experiment
  Algorithm: SecondChance
  Allocation: LocalAllocation
  Total Frames: 245
  Processes: [0, 1]
Results saved to: results\raw\campaign_20260404_140330_266\synthetic_thrashing\multiproc_thrashing_SecondChance_LocalAllocation_p2_f245.json

Running synthetic matrix: thrashing, 2 procs, SecondChance, ProportionalAllocation, frames=245
Running multi-process experiment
  Algorithm: SecondChance
  Allocation: ProportionalAllocation
  Total Frames: 245
  Processes: [0, 1]
Results saved to: results\raw\campaign_20260404_140330_266\synthetic_thrashing\multiproc_thrashing_SecondChance_ProportionalAllocation_p2_f245.json

Running synthetic matrix: thrashing, 2 procs, WSClock, GlobalAllocation, frames=245
Running multi-process experiment
  Algorithm: WSClock
  Allocation: GlobalAllocation
  Total Frames: 245
  Processes: [0, 1]
Results saved to: results\raw\campaign_20260404_140330_266\synthetic_thrashing\multiproc_thrashing_WSClock_GlobalAllocation_p2_f245.json

Running synthetic matrix: thrashing, 2 procs, WSClock, LocalAllocation, frames=245
Running multi-process experiment
  Algorithm: WSClock
  Allocation: LocalAllocation
  Total Frames: 245
  Processes: [0, 1]
Results saved to: results\raw\campaign_20260404_140330_266\synthetic_thrashing\multiproc_thrashing_WSClock_LocalAllocation_p2_f245.json

Running synthetic matrix: thrashing, 2 procs, WSClock, ProportionalAllocation, frames=245
Running multi-process experiment
  Algorithm: WSClock
  Allocation: ProportionalAllocation
  Total Frames: 245
  Processes: [0, 1]
Results saved to: results\raw\campaign_20260404_140330_266\synthetic_thrashing\multiproc_thrashing_WSClock_ProportionalAllocation_p2_f245.json

Running synthetic matrix: thrashing, 2 procs, FIFO, GlobalAllocation, frames=306
Running multi-process experiment
  Algorithm: FIFO
  Allocation: GlobalAllocation
  Total Frames: 306
  Processes: [0, 1]
Results saved to: results\raw\campaign_20260404_140330_266\synthetic_thrashing\multiproc_thrashing_FIFO_GlobalAllocation_p2_f306.json

Running synthetic matrix: thrashing, 2 procs, FIFO, LocalAllocation, frames=306
Running multi-process experiment
  Algorithm: FIFO
  Allocation: LocalAllocation
  Total Frames: 306
  Processes: [0, 1]
Results saved to: results\raw\campaign_20260404_140330_266\synthetic_thrashing\multiproc_thrashing_FIFO_LocalAllocation_p2_f306.json

Running synthetic matrix: thrashing, 2 procs, FIFO, ProportionalAllocation, frames=306
Running multi-process experiment
  Algorithm: FIFO
  Allocation: ProportionalAllocation
  Total Frames: 306
  Processes: [0, 1]
Results saved to: results\raw\campaign_20260404_140330_266\synthetic_thrashing\multiproc_thrashing_FIFO_ProportionalAllocation_p2_f306.json

Running synthetic matrix: thrashing, 2 procs, LRU, GlobalAllocation, frames=306
Running multi-process experiment
  Algorithm: LRU
  Allocation: GlobalAllocation
  Total Frames: 306
  Processes: [0, 1]
Results saved to: results\raw\campaign_20260404_140330_266\synthetic_thrashing\multiproc_thrashing_LRU_GlobalAllocation_p2_f306.json

Running synthetic matrix: thrashing, 2 procs, LRU, LocalAllocation, frames=306
Running multi-process experiment
  Algorithm: LRU
  Allocation: LocalAllocation
  Total Frames: 306
  Processes: [0, 1]
Results saved to: results\raw\campaign_20260404_140330_266\synthetic_thrashing\multiproc_thrashing_LRU_LocalAllocation_p2_f306.json

Running synthetic matrix: thrashing, 2 procs, LRU, ProportionalAllocation, frames=306
Running multi-process experiment
  Algorithm: LRU
  Allocation: ProportionalAllocation
  Total Frames: 306
  Processes: [0, 1]
Results saved to: results\raw\campaign_20260404_140330_266\synthetic_thrashing\multiproc_thrashing_LRU_ProportionalAllocation_p2_f306.json

Running synthetic matrix: thrashing, 2 procs, NRU, GlobalAllocation, frames=306
Running multi-process experiment
  Algorithm: NRU
  Allocation: GlobalAllocation
  Total Frames: 306
  Processes: [0, 1]
Results saved to: results\raw\campaign_20260404_140330_266\synthetic_thrashing\multiproc_thrashing_NRU_GlobalAllocation_p2_f306.json

Running synthetic matrix: thrashing, 2 procs, NRU, LocalAllocation, frames=306
Running multi-process experiment
  Algorithm: NRU
  Allocation: LocalAllocation
  Total Frames: 306
  Processes: [0, 1]
Results saved to: results\raw\campaign_20260404_140330_266\synthetic_thrashing\multiproc_thrashing_NRU_LocalAllocation_p2_f306.json

Running synthetic matrix: thrashing, 2 procs, NRU, ProportionalAllocation, frames=306
Running multi-process experiment
  Algorithm: NRU
  Allocation: ProportionalAllocation
  Total Frames: 306
  Processes: [0, 1]
Results saved to: results\raw\campaign_20260404_140330_266\synthetic_thrashing\multiproc_thrashing_NRU_ProportionalAllocation_p2_f306.json

Running synthetic matrix: thrashing, 2 procs, SecondChance, GlobalAllocation, frames=306
Running multi-process experiment
  Algorithm: SecondChance
  Allocation: GlobalAllocation
  Total Frames: 306
  Processes: [0, 1]
Results saved to: results\raw\campaign_20260404_140330_266\synthetic_thrashing\multiproc_thrashing_SecondChance_GlobalAllocation_p2_f306.json

Running synthetic matrix: thrashing, 2 procs, SecondChance, LocalAllocation, frames=306
Running multi-process experiment
  Algorithm: SecondChance
  Allocation: LocalAllocation
  Total Frames: 306
  Processes: [0, 1]
Results saved to: results\raw\campaign_20260404_140330_266\synthetic_thrashing\multiproc_thrashing_SecondChance_LocalAllocation_p2_f306.json

Running synthetic matrix: thrashing, 2 procs, SecondChance, ProportionalAllocation, frames=306
Running multi-process experiment
  Algorithm: SecondChance
  Allocation: ProportionalAllocation
  Total Frames: 306
  Processes: [0, 1]
Results saved to: results\raw\campaign_20260404_140330_266\synthetic_thrashing\multiproc_thrashing_SecondChance_ProportionalAllocation_p2_f306.json

Running synthetic matrix: thrashing, 2 procs, WSClock, GlobalAllocation, frames=306
Running multi-process experiment
  Algorithm: WSClock
  Allocation: GlobalAllocation
  Total Frames: 306
  Processes: [0, 1]
Results saved to: results\raw\campaign_20260404_140330_266\synthetic_thrashing\multiproc_thrashing_WSClock_GlobalAllocation_p2_f306.json

Running synthetic matrix: thrashing, 2 procs, WSClock, LocalAllocation, frames=306
Running multi-process experiment
  Algorithm: WSClock
  Allocation: LocalAllocation
  Total Frames: 306
  Processes: [0, 1]
Results saved to: results\raw\campaign_20260404_140330_266\synthetic_thrashing\multiproc_thrashing_WSClock_LocalAllocation_p2_f306.json

Running synthetic matrix: thrashing, 2 procs, WSClock, ProportionalAllocation, frames=306
Running multi-process experiment
  Algorithm: WSClock
  Allocation: ProportionalAllocation
  Total Frames: 306
  Processes: [0, 1]
Results saved to: results\raw\campaign_20260404_140330_266\synthetic_thrashing\multiproc_thrashing_WSClock_ProportionalAllocation_p2_f306.json

Running synthetic matrix: thrashing, 4 procs, FIFO, GlobalAllocation, frames=365
Running multi-process experiment
  Algorithm: FIFO
  Allocation: GlobalAllocation
  Total Frames: 365
  Processes: [0, 1, 2, 3]
Results saved to: results\raw\campaign_20260404_140330_266\synthetic_thrashing\multiproc_thrashing_FIFO_GlobalAllocation_p4_f365.json

Running synthetic matrix: thrashing, 4 procs, FIFO, LocalAllocation, frames=365
Running multi-process experiment
  Algorithm: FIFO
  Allocation: LocalAllocation
  Total Frames: 365
  Processes: [0, 1, 2, 3]
Results saved to: results\raw\campaign_20260404_140330_266\synthetic_thrashing\multiproc_thrashing_FIFO_LocalAllocation_p4_f365.json

Running synthetic matrix: thrashing, 4 procs, FIFO, ProportionalAllocation, frames=365
Running multi-process experiment
  Algorithm: FIFO
  Allocation: ProportionalAllocation
  Total Frames: 365
  Processes: [0, 1, 2, 3]
Results saved to: results\raw\campaign_20260404_140330_266\synthetic_thrashing\multiproc_thrashing_FIFO_ProportionalAllocation_p4_f365.json

Running synthetic matrix: thrashing, 4 procs, LRU, GlobalAllocation, frames=365
Running multi-process experiment
  Algorithm: LRU
  Allocation: GlobalAllocation
  Total Frames: 365
  Processes: [0, 1, 2, 3]
Results saved to: results\raw\campaign_20260404_140330_266\synthetic_thrashing\multiproc_thrashing_LRU_GlobalAllocation_p4_f365.json

Running synthetic matrix: thrashing, 4 procs, LRU, LocalAllocation, frames=365
Running multi-process experiment
  Algorithm: LRU
  Allocation: LocalAllocation
  Total Frames: 365
  Processes: [0, 1, 2, 3]
Results saved to: results\raw\campaign_20260404_140330_266\synthetic_thrashing\multiproc_thrashing_LRU_LocalAllocation_p4_f365.json

Running synthetic matrix: thrashing, 4 procs, LRU, ProportionalAllocation, frames=365
Running multi-process experiment
  Algorithm: LRU
  Allocation: ProportionalAllocation
  Total Frames: 365
  Processes: [0, 1, 2, 3]
Results saved to: results\raw\campaign_20260404_140330_266\synthetic_thrashing\multiproc_thrashing_LRU_ProportionalAllocation_p4_f365.json

Running synthetic matrix: thrashing, 4 procs, NRU, GlobalAllocation, frames=365
Running multi-process experiment
  Algorithm: NRU
  Allocation: GlobalAllocation
  Total Frames: 365
  Processes: [0, 1, 2, 3]
Results saved to: results\raw\campaign_20260404_140330_266\synthetic_thrashing\multiproc_thrashing_NRU_GlobalAllocation_p4_f365.json

Running synthetic matrix: thrashing, 4 procs, NRU, LocalAllocation, frames=365
Running multi-process experiment
  Algorithm: NRU
  Allocation: LocalAllocation
  Total Frames: 365
  Processes: [0, 1, 2, 3]
Results saved to: results\raw\campaign_20260404_140330_266\synthetic_thrashing\multiproc_thrashing_NRU_LocalAllocation_p4_f365.json

Running synthetic matrix: thrashing, 4 procs, NRU, ProportionalAllocation, frames=365
Running multi-process experiment
  Algorithm: NRU
  Allocation: ProportionalAllocation
  Total Frames: 365
  Processes: [0, 1, 2, 3]
Results saved to: results\raw\campaign_20260404_140330_266\synthetic_thrashing\multiproc_thrashing_NRU_ProportionalAllocation_p4_f365.json

Running synthetic matrix: thrashing, 4 procs, SecondChance, GlobalAllocation, frames=365
Running multi-process experiment
  Algorithm: SecondChance
  Allocation: GlobalAllocation
  Total Frames: 365
  Processes: [0, 1, 2, 3]
Results saved to: results\raw\campaign_20260404_140330_266\synthetic_thrashing\multiproc_thrashing_SecondChance_GlobalAllocation_p4_f365.json

Running synthetic matrix: thrashing, 4 procs, SecondChance, LocalAllocation, frames=365
Running multi-process experiment
  Algorithm: SecondChance
  Allocation: LocalAllocation
  Total Frames: 365
  Processes: [0, 1, 2, 3]
Results saved to: results\raw\campaign_20260404_140330_266\synthetic_thrashing\multiproc_thrashing_SecondChance_LocalAllocation_p4_f365.json

Running synthetic matrix: thrashing, 4 procs, SecondChance, ProportionalAllocation, frames=365
Running multi-process experiment
  Algorithm: SecondChance
  Allocation: ProportionalAllocation
  Total Frames: 365
  Processes: [0, 1, 2, 3]
Results saved to: results\raw\campaign_20260404_140330_266\synthetic_thrashing\multiproc_thrashing_SecondChance_ProportionalAllocation_p4_f365.json

Running synthetic matrix: thrashing, 4 procs, WSClock, GlobalAllocation, frames=365
Running multi-process experiment
  Algorithm: WSClock
  Allocation: GlobalAllocation
  Total Frames: 365
  Processes: [0, 1, 2, 3]
Results saved to: results\raw\campaign_20260404_140330_266\synthetic_thrashing\multiproc_thrashing_WSClock_GlobalAllocation_p4_f365.json

Running synthetic matrix: thrashing, 4 procs, WSClock, LocalAllocation, frames=365
Running multi-process experiment
  Algorithm: WSClock
  Allocation: LocalAllocation
  Total Frames: 365
  Processes: [0, 1, 2, 3]
Results saved to: results\raw\campaign_20260404_140330_266\synthetic_thrashing\multiproc_thrashing_WSClock_LocalAllocation_p4_f365.json

Running synthetic matrix: thrashing, 4 procs, WSClock, ProportionalAllocation, frames=365
Running multi-process experiment
  Algorithm: WSClock
  Allocation: ProportionalAllocation
  Total Frames: 365
  Processes: [0, 1, 2, 3]
Results saved to: results\raw\campaign_20260404_140330_266\synthetic_thrashing\multiproc_thrashing_WSClock_ProportionalAllocation_p4_f365.json

Running synthetic matrix: thrashing, 4 procs, FIFO, GlobalAllocation, frames=456
Running multi-process experiment
  Algorithm: FIFO
  Allocation: GlobalAllocation
  Total Frames: 456
  Processes: [0, 1, 2, 3]
Results saved to: results\raw\campaign_20260404_140330_266\synthetic_thrashing\multiproc_thrashing_FIFO_GlobalAllocation_p4_f456.json

Running synthetic matrix: thrashing, 4 procs, FIFO, LocalAllocation, frames=456
Running multi-process experiment
  Algorithm: FIFO
  Allocation: LocalAllocation
  Total Frames: 456
  Processes: [0, 1, 2, 3]
Results saved to: results\raw\campaign_20260404_140330_266\synthetic_thrashing\multiproc_thrashing_FIFO_LocalAllocation_p4_f456.json

Running synthetic matrix: thrashing, 4 procs, FIFO, ProportionalAllocation, frames=456
Running multi-process experiment
  Algorithm: FIFO
  Allocation: ProportionalAllocation
  Total Frames: 456
  Processes: [0, 1, 2, 3]
Results saved to: results\raw\campaign_20260404_140330_266\synthetic_thrashing\multiproc_thrashing_FIFO_ProportionalAllocation_p4_f456.json

Running synthetic matrix: thrashing, 4 procs, LRU, GlobalAllocation, frames=456
Running multi-process experiment
  Algorithm: LRU
  Allocation: GlobalAllocation
  Total Frames: 456
  Processes: [0, 1, 2, 3]
Results saved to: results\raw\campaign_20260404_140330_266\synthetic_thrashing\multiproc_thrashing_LRU_GlobalAllocation_p4_f456.json

Running synthetic matrix: thrashing, 4 procs, LRU, LocalAllocation, frames=456
Running multi-process experiment
  Algorithm: LRU
  Allocation: LocalAllocation
  Total Frames: 456
  Processes: [0, 1, 2, 3]
Results saved to: results\raw\campaign_20260404_140330_266\synthetic_thrashing\multiproc_thrashing_LRU_LocalAllocation_p4_f456.json

Running synthetic matrix: thrashing, 4 procs, LRU, ProportionalAllocation, frames=456
Running multi-process experiment
  Algorithm: LRU
  Allocation: ProportionalAllocation
  Total Frames: 456
  Processes: [0, 1, 2, 3]
Results saved to: results\raw\campaign_20260404_140330_266\synthetic_thrashing\multiproc_thrashing_LRU_ProportionalAllocation_p4_f456.json

Running synthetic matrix: thrashing, 4 procs, NRU, GlobalAllocation, frames=456
Running multi-process experiment
  Algorithm: NRU
  Allocation: GlobalAllocation
  Total Frames: 456
  Processes: [0, 1, 2, 3]
Results saved to: results\raw\campaign_20260404_140330_266\synthetic_thrashing\multiproc_thrashing_NRU_GlobalAllocation_p4_f456.json

Running synthetic matrix: thrashing, 4 procs, NRU, LocalAllocation, frames=456
Running multi-process experiment
  Algorithm: NRU
  Allocation: LocalAllocation
  Total Frames: 456
  Processes: [0, 1, 2, 3]
Results saved to: results\raw\campaign_20260404_140330_266\synthetic_thrashing\multiproc_thrashing_NRU_LocalAllocation_p4_f456.json

Running synthetic matrix: thrashing, 4 procs, NRU, ProportionalAllocation, frames=456
Running multi-process experiment
  Algorithm: NRU
  Allocation: ProportionalAllocation
  Total Frames: 456
  Processes: [0, 1, 2, 3]
Results saved to: results\raw\campaign_20260404_140330_266\synthetic_thrashing\multiproc_thrashing_NRU_ProportionalAllocation_p4_f456.json

Running synthetic matrix: thrashing, 4 procs, SecondChance, GlobalAllocation, frames=456
Running multi-process experiment
  Algorithm: SecondChance
  Allocation: GlobalAllocation
  Total Frames: 456
  Processes: [0, 1, 2, 3]
Results saved to: results\raw\campaign_20260404_140330_266\synthetic_thrashing\multiproc_thrashing_SecondChance_GlobalAllocation_p4_f456.json

Running synthetic matrix: thrashing, 4 procs, SecondChance, LocalAllocation, frames=456
Running multi-process experiment
  Algorithm: SecondChance
  Allocation: LocalAllocation
  Total Frames: 456
  Processes: [0, 1, 2, 3]
Results saved to: results\raw\campaign_20260404_140330_266\synthetic_thrashing\multiproc_thrashing_SecondChance_LocalAllocation_p4_f456.json

Running synthetic matrix: thrashing, 4 procs, SecondChance, ProportionalAllocation, frames=456
Running multi-process experiment
  Algorithm: SecondChance
  Allocation: ProportionalAllocation
  Total Frames: 456
  Processes: [0, 1, 2, 3]
Results saved to: results\raw\campaign_20260404_140330_266\synthetic_thrashing\multiproc_thrashing_SecondChance_ProportionalAllocation_p4_f456.json

Running synthetic matrix: thrashing, 4 procs, WSClock, GlobalAllocation, frames=456
Running multi-process experiment
  Algorithm: WSClock
  Allocation: GlobalAllocation
  Total Frames: 456
  Processes: [0, 1, 2, 3]
Results saved to: results\raw\campaign_20260404_140330_266\synthetic_thrashing\multiproc_thrashing_WSClock_GlobalAllocation_p4_f456.json

Running synthetic matrix: thrashing, 4 procs, WSClock, LocalAllocation, frames=456
Running multi-process experiment
  Algorithm: WSClock
  Allocation: LocalAllocation
  Total Frames: 456
  Processes: [0, 1, 2, 3]
Results saved to: results\raw\campaign_20260404_140330_266\synthetic_thrashing\multiproc_thrashing_WSClock_LocalAllocation_p4_f456.json

Running synthetic matrix: thrashing, 4 procs, WSClock, ProportionalAllocation, frames=456
Running multi-process experiment
  Algorithm: WSClock
  Allocation: ProportionalAllocation
  Total Frames: 456
  Processes: [0, 1, 2, 3]
Results saved to: results\raw\campaign_20260404_140330_266\synthetic_thrashing\multiproc_thrashing_WSClock_ProportionalAllocation_p4_f456.json

Running synthetic matrix: thrashing, 4 procs, FIFO, GlobalAllocation, frames=547
Running multi-process experiment
  Algorithm: FIFO
  Allocation: GlobalAllocation
  Total Frames: 547
  Processes: [0, 1, 2, 3]
Results saved to: results\raw\campaign_20260404_140330_266\synthetic_thrashing\multiproc_thrashing_FIFO_GlobalAllocation_p4_f547.json

Running synthetic matrix: thrashing, 4 procs, FIFO, LocalAllocation, frames=547
Running multi-process experiment
  Algorithm: FIFO
  Allocation: LocalAllocation
  Total Frames: 547
  Processes: [0, 1, 2, 3]
Results saved to: results\raw\campaign_20260404_140330_266\synthetic_thrashing\multiproc_thrashing_FIFO_LocalAllocation_p4_f547.json

Running synthetic matrix: thrashing, 4 procs, FIFO, ProportionalAllocation, frames=547
Running multi-process experiment
  Algorithm: FIFO
  Allocation: ProportionalAllocation
  Total Frames: 547
  Processes: [0, 1, 2, 3]
Results saved to: results\raw\campaign_20260404_140330_266\synthetic_thrashing\multiproc_thrashing_FIFO_ProportionalAllocation_p4_f547.json

Running synthetic matrix: thrashing, 4 procs, LRU, GlobalAllocation, frames=547
Running multi-process experiment
  Algorithm: LRU
  Allocation: GlobalAllocation
  Total Frames: 547
  Processes: [0, 1, 2, 3]
Results saved to: results\raw\campaign_20260404_140330_266\synthetic_thrashing\multiproc_thrashing_LRU_GlobalAllocation_p4_f547.json

Running synthetic matrix: thrashing, 4 procs, LRU, LocalAllocation, frames=547
Running multi-process experiment
  Algorithm: LRU
  Allocation: LocalAllocation
  Total Frames: 547
  Processes: [0, 1, 2, 3]
Results saved to: results\raw\campaign_20260404_140330_266\synthetic_thrashing\multiproc_thrashing_LRU_LocalAllocation_p4_f547.json

Running synthetic matrix: thrashing, 4 procs, LRU, ProportionalAllocation, frames=547
Running multi-process experiment
  Algorithm: LRU
  Allocation: ProportionalAllocation
  Total Frames: 547
  Processes: [0, 1, 2, 3]
Results saved to: results\raw\campaign_20260404_140330_266\synthetic_thrashing\multiproc_thrashing_LRU_ProportionalAllocation_p4_f547.json

Running synthetic matrix: thrashing, 4 procs, NRU, GlobalAllocation, frames=547
Running multi-process experiment
  Algorithm: NRU
  Allocation: GlobalAllocation
  Total Frames: 547
  Processes: [0, 1, 2, 3]
Results saved to: results\raw\campaign_20260404_140330_266\synthetic_thrashing\multiproc_thrashing_NRU_GlobalAllocation_p4_f547.json

Running synthetic matrix: thrashing, 4 procs, NRU, LocalAllocation, frames=547
Running multi-process experiment
  Algorithm: NRU
  Allocation: LocalAllocation
  Total Frames: 547
  Processes: [0, 1, 2, 3]
Results saved to: results\raw\campaign_20260404_140330_266\synthetic_thrashing\multiproc_thrashing_NRU_LocalAllocation_p4_f547.json

Running synthetic matrix: thrashing, 4 procs, NRU, ProportionalAllocation, frames=547
Running multi-process experiment
  Algorithm: NRU
  Allocation: ProportionalAllocation
  Total Frames: 547
  Processes: [0, 1, 2, 3]
Results saved to: results\raw\campaign_20260404_140330_266\synthetic_thrashing\multiproc_thrashing_NRU_ProportionalAllocation_p4_f547.json

Running synthetic matrix: thrashing, 4 procs, SecondChance, GlobalAllocation, frames=547
Running multi-process experiment
  Algorithm: SecondChance
  Allocation: GlobalAllocation
  Total Frames: 547
  Processes: [0, 1, 2, 3]
Results saved to: results\raw\campaign_20260404_140330_266\synthetic_thrashing\multiproc_thrashing_SecondChance_GlobalAllocation_p4_f547.json

Running synthetic matrix: thrashing, 4 procs, SecondChance, LocalAllocation, frames=547
Running multi-process experiment
  Algorithm: SecondChance
  Allocation: LocalAllocation
  Total Frames: 547
  Processes: [0, 1, 2, 3]
Results saved to: results\raw\campaign_20260404_140330_266\synthetic_thrashing\multiproc_thrashing_SecondChance_LocalAllocation_p4_f547.json

Running synthetic matrix: thrashing, 4 procs, SecondChance, ProportionalAllocation, frames=547
Running multi-process experiment
  Algorithm: SecondChance
  Allocation: ProportionalAllocation
  Total Frames: 547
  Processes: [0, 1, 2, 3]
Results saved to: results\raw\campaign_20260404_140330_266\synthetic_thrashing\multiproc_thrashing_SecondChance_ProportionalAllocation_p4_f547.json

Running synthetic matrix: thrashing, 4 procs, WSClock, GlobalAllocation, frames=547
Running multi-process experiment
  Algorithm: WSClock
  Allocation: GlobalAllocation
  Total Frames: 547
  Processes: [0, 1, 2, 3]
Results saved to: results\raw\campaign_20260404_140330_266\synthetic_thrashing\multiproc_thrashing_WSClock_GlobalAllocation_p4_f547.json

Running synthetic matrix: thrashing, 4 procs, WSClock, LocalAllocation, frames=547
Running multi-process experiment
  Algorithm: WSClock
  Allocation: LocalAllocation
  Total Frames: 547
  Processes: [0, 1, 2, 3]
Results saved to: results\raw\campaign_20260404_140330_266\synthetic_thrashing\multiproc_thrashing_WSClock_LocalAllocation_p4_f547.json

Running synthetic matrix: thrashing, 4 procs, WSClock, ProportionalAllocation, frames=547
Running multi-process experiment
  Algorithm: WSClock
  Allocation: ProportionalAllocation
  Total Frames: 547
  Processes: [0, 1, 2, 3]
Results saved to: results\raw\campaign_20260404_140330_266\synthetic_thrashing\multiproc_thrashing_WSClock_ProportionalAllocation_p4_f547.json

Running synthetic matrix: thrashing, 4 procs, FIFO, GlobalAllocation, frames=684
Running multi-process experiment
  Algorithm: FIFO
  Allocation: GlobalAllocation
  Total Frames: 684
  Processes: [0, 1, 2, 3]
Results saved to: results\raw\campaign_20260404_140330_266\synthetic_thrashing\multiproc_thrashing_FIFO_GlobalAllocation_p4_f684.json

Running synthetic matrix: thrashing, 4 procs, FIFO, LocalAllocation, frames=684
Running multi-process experiment
  Algorithm: FIFO
  Allocation: LocalAllocation
  Total Frames: 684
  Processes: [0, 1, 2, 3]
Results saved to: results\raw\campaign_20260404_140330_266\synthetic_thrashing\multiproc_thrashing_FIFO_LocalAllocation_p4_f684.json

Running synthetic matrix: thrashing, 4 procs, FIFO, ProportionalAllocation, frames=684
Running multi-process experiment
  Algorithm: FIFO
  Allocation: ProportionalAllocation
  Total Frames: 684
  Processes: [0, 1, 2, 3]
Results saved to: results\raw\campaign_20260404_140330_266\synthetic_thrashing\multiproc_thrashing_FIFO_ProportionalAllocation_p4_f684.json

Running synthetic matrix: thrashing, 4 procs, LRU, GlobalAllocation, frames=684
Running multi-process experiment
  Algorithm: LRU
  Allocation: GlobalAllocation
  Total Frames: 684
  Processes: [0, 1, 2, 3]
Results saved to: results\raw\campaign_20260404_140330_266\synthetic_thrashing\multiproc_thrashing_LRU_GlobalAllocation_p4_f684.json

Running synthetic matrix: thrashing, 4 procs, LRU, LocalAllocation, frames=684
Running multi-process experiment
  Algorithm: LRU
  Allocation: LocalAllocation
  Total Frames: 684
  Processes: [0, 1, 2, 3]
Results saved to: results\raw\campaign_20260404_140330_266\synthetic_thrashing\multiproc_thrashing_LRU_LocalAllocation_p4_f684.json

Running synthetic matrix: thrashing, 4 procs, LRU, ProportionalAllocation, frames=684
Running multi-process experiment
  Algorithm: LRU
  Allocation: ProportionalAllocation
  Total Frames: 684
  Processes: [0, 1, 2, 3]
Results saved to: results\raw\campaign_20260404_140330_266\synthetic_thrashing\multiproc_thrashing_LRU_ProportionalAllocation_p4_f684.json

Running synthetic matrix: thrashing, 4 procs, NRU, GlobalAllocation, frames=684
Running multi-process experiment
  Algorithm: NRU
  Allocation: GlobalAllocation
  Total Frames: 684
  Processes: [0, 1, 2, 3]
Results saved to: results\raw\campaign_20260404_140330_266\synthetic_thrashing\multiproc_thrashing_NRU_GlobalAllocation_p4_f684.json

Running synthetic matrix: thrashing, 4 procs, NRU, LocalAllocation, frames=684
Running multi-process experiment
  Algorithm: NRU
  Allocation: LocalAllocation
  Total Frames: 684
  Processes: [0, 1, 2, 3]
Results saved to: results\raw\campaign_20260404_140330_266\synthetic_thrashing\multiproc_thrashing_NRU_LocalAllocation_p4_f684.json

Running synthetic matrix: thrashing, 4 procs, NRU, ProportionalAllocation, frames=684
Running multi-process experiment
  Algorithm: NRU
  Allocation: ProportionalAllocation
  Total Frames: 684
  Processes: [0, 1, 2, 3]
Results saved to: results\raw\campaign_20260404_140330_266\synthetic_thrashing\multiproc_thrashing_NRU_ProportionalAllocation_p4_f684.json

Running synthetic matrix: thrashing, 4 procs, SecondChance, GlobalAllocation, frames=684
Running multi-process experiment
  Algorithm: SecondChance
  Allocation: GlobalAllocation
  Total Frames: 684
  Processes: [0, 1, 2, 3]
Results saved to: results\raw\campaign_20260404_140330_266\synthetic_thrashing\multiproc_thrashing_SecondChance_GlobalAllocation_p4_f684.json

Running synthetic matrix: thrashing, 4 procs, SecondChance, LocalAllocation, frames=684
Running multi-process experiment
  Algorithm: SecondChance
  Allocation: LocalAllocation
  Total Frames: 684
  Processes: [0, 1, 2, 3]
Results saved to: results\raw\campaign_20260404_140330_266\synthetic_thrashing\multiproc_thrashing_SecondChance_LocalAllocation_p4_f684.json

Running synthetic matrix: thrashing, 4 procs, SecondChance, ProportionalAllocation, frames=684
Running multi-process experiment
  Algorithm: SecondChance
  Allocation: ProportionalAllocation
  Total Frames: 684
  Processes: [0, 1, 2, 3]
Results saved to: results\raw\campaign_20260404_140330_266\synthetic_thrashing\multiproc_thrashing_SecondChance_ProportionalAllocation_p4_f684.json

Running synthetic matrix: thrashing, 4 procs, WSClock, GlobalAllocation, frames=684
Running multi-process experiment
  Algorithm: WSClock
  Allocation: GlobalAllocation
  Total Frames: 684
  Processes: [0, 1, 2, 3]
Results saved to: results\raw\campaign_20260404_140330_266\synthetic_thrashing\multiproc_thrashing_WSClock_GlobalAllocation_p4_f684.json

Running synthetic matrix: thrashing, 4 procs, WSClock, LocalAllocation, frames=684
Running multi-process experiment
  Algorithm: WSClock
  Allocation: LocalAllocation
  Total Frames: 684
  Processes: [0, 1, 2, 3]
Results saved to: results\raw\campaign_20260404_140330_266\synthetic_thrashing\multiproc_thrashing_WSClock_LocalAllocation_p4_f684.json

Running synthetic matrix: thrashing, 4 procs, WSClock, ProportionalAllocation, frames=684
Running multi-process experiment
  Algorithm: WSClock
  Allocation: ProportionalAllocation
  Total Frames: 684
  Processes: [0, 1, 2, 3]
Results saved to: results\raw\campaign_20260404_140330_266\synthetic_thrashing\multiproc_thrashing_WSClock_ProportionalAllocation_p4_f684.json

Running synthetic matrix: thrashing, 8 procs, FIFO, GlobalAllocation, frames=768
Running multi-process experiment
  Algorithm: FIFO
  Allocation: GlobalAllocation
  Total Frames: 768
  Processes: [0, 1, 2, 3, 4, 5, 6, 7]
Results saved to: results\raw\campaign_20260404_140330_266\synthetic_thrashing\multiproc_thrashing_FIFO_GlobalAllocation_p8_f768.json

Running synthetic matrix: thrashing, 8 procs, FIFO, LocalAllocation, frames=768
Running multi-process experiment
  Algorithm: FIFO
  Allocation: LocalAllocation
  Total Frames: 768
  Processes: [0, 1, 2, 3, 4, 5, 6, 7]
Results saved to: results\raw\campaign_20260404_140330_266\synthetic_thrashing\multiproc_thrashing_FIFO_LocalAllocation_p8_f768.json

Running synthetic matrix: thrashing, 8 procs, FIFO, ProportionalAllocation, frames=768
Running multi-process experiment
  Algorithm: FIFO
  Allocation: ProportionalAllocation
  Total Frames: 768
  Processes: [0, 1, 2, 3, 4, 5, 6, 7]
Results saved to: results\raw\campaign_20260404_140330_266\synthetic_thrashing\multiproc_thrashing_FIFO_ProportionalAllocation_p8_f768.json

Running synthetic matrix: thrashing, 8 procs, LRU, GlobalAllocation, frames=768
Running multi-process experiment
  Algorithm: LRU
  Allocation: GlobalAllocation
  Total Frames: 768
  Processes: [0, 1, 2, 3, 4, 5, 6, 7]
Results saved to: results\raw\campaign_20260404_140330_266\synthetic_thrashing\multiproc_thrashing_LRU_GlobalAllocation_p8_f768.json

Running synthetic matrix: thrashing, 8 procs, LRU, LocalAllocation, frames=768
Running multi-process experiment
  Algorithm: LRU
  Allocation: LocalAllocation
  Total Frames: 768
  Processes: [0, 1, 2, 3, 4, 5, 6, 7]
Results saved to: results\raw\campaign_20260404_140330_266\synthetic_thrashing\multiproc_thrashing_LRU_LocalAllocation_p8_f768.json

Running synthetic matrix: thrashing, 8 procs, LRU, ProportionalAllocation, frames=768
Running multi-process experiment
  Algorithm: LRU
  Allocation: ProportionalAllocation
  Total Frames: 768
  Processes: [0, 1, 2, 3, 4, 5, 6, 7]
Results saved to: results\raw\campaign_20260404_140330_266\synthetic_thrashing\multiproc_thrashing_LRU_ProportionalAllocation_p8_f768.json

Running synthetic matrix: thrashing, 8 procs, NRU, GlobalAllocation, frames=768
Running multi-process experiment
  Algorithm: NRU
  Allocation: GlobalAllocation
  Total Frames: 768
  Processes: [0, 1, 2, 3, 4, 5, 6, 7]
Results saved to: results\raw\campaign_20260404_140330_266\synthetic_thrashing\multiproc_thrashing_NRU_GlobalAllocation_p8_f768.json

Running synthetic matrix: thrashing, 8 procs, NRU, LocalAllocation, frames=768
Running multi-process experiment
  Algorithm: NRU
  Allocation: LocalAllocation
  Total Frames: 768
  Processes: [0, 1, 2, 3, 4, 5, 6, 7]
Results saved to: results\raw\campaign_20260404_140330_266\synthetic_thrashing\multiproc_thrashing_NRU_LocalAllocation_p8_f768.json

Running synthetic matrix: thrashing, 8 procs, NRU, ProportionalAllocation, frames=768
Running multi-process experiment
  Algorithm: NRU
  Allocation: ProportionalAllocation
  Total Frames: 768
  Processes: [0, 1, 2, 3, 4, 5, 6, 7]
Results saved to: results\raw\campaign_20260404_140330_266\synthetic_thrashing\multiproc_thrashing_NRU_ProportionalAllocation_p8_f768.json

Running synthetic matrix: thrashing, 8 procs, SecondChance, GlobalAllocation, frames=768
Running multi-process experiment
  Algorithm: SecondChance
  Allocation: GlobalAllocation
  Total Frames: 768
  Processes: [0, 1, 2, 3, 4, 5, 6, 7]
Results saved to: results\raw\campaign_20260404_140330_266\synthetic_thrashing\multiproc_thrashing_SecondChance_GlobalAllocation_p8_f768.json

Running synthetic matrix: thrashing, 8 procs, SecondChance, LocalAllocation, frames=768
Running multi-process experiment
  Algorithm: SecondChance
  Allocation: LocalAllocation
  Total Frames: 768
  Processes: [0, 1, 2, 3, 4, 5, 6, 7]
Results saved to: results\raw\campaign_20260404_140330_266\synthetic_thrashing\multiproc_thrashing_SecondChance_LocalAllocation_p8_f768.json

Running synthetic matrix: thrashing, 8 procs, SecondChance, ProportionalAllocation, frames=768
Running multi-process experiment
  Algorithm: SecondChance
  Allocation: ProportionalAllocation
  Total Frames: 768
  Processes: [0, 1, 2, 3, 4, 5, 6, 7]
Results saved to: results\raw\campaign_20260404_140330_266\synthetic_thrashing\multiproc_thrashing_SecondChance_ProportionalAllocation_p8_f768.json

Running synthetic matrix: thrashing, 8 procs, WSClock, GlobalAllocation, frames=768
Running multi-process experiment
  Algorithm: WSClock
  Allocation: GlobalAllocation
  Total Frames: 768
  Processes: [0, 1, 2, 3, 4, 5, 6, 7]
Results saved to: results\raw\campaign_20260404_140330_266\synthetic_thrashing\multiproc_thrashing_WSClock_GlobalAllocation_p8_f768.json

Running synthetic matrix: thrashing, 8 procs, WSClock, LocalAllocation, frames=768
Running multi-process experiment
  Algorithm: WSClock
  Allocation: LocalAllocation
  Total Frames: 768
  Processes: [0, 1, 2, 3, 4, 5, 6, 7]
Results saved to: results\raw\campaign_20260404_140330_266\synthetic_thrashing\multiproc_thrashing_WSClock_LocalAllocation_p8_f768.json

Running synthetic matrix: thrashing, 8 procs, WSClock, ProportionalAllocation, frames=768
Running multi-process experiment
  Algorithm: WSClock
  Allocation: ProportionalAllocation
  Total Frames: 768
  Processes: [0, 1, 2, 3, 4, 5, 6, 7]
Results saved to: results\raw\campaign_20260404_140330_266\synthetic_thrashing\multiproc_thrashing_WSClock_ProportionalAllocation_p8_f768.json

Running synthetic matrix: thrashing, 8 procs, FIFO, GlobalAllocation, frames=960
Running multi-process experiment
  Algorithm: FIFO
  Allocation: GlobalAllocation
  Total Frames: 960
  Processes: [0, 1, 2, 3, 4, 5, 6, 7]
Results saved to: results\raw\campaign_20260404_140330_266\synthetic_thrashing\multiproc_thrashing_FIFO_GlobalAllocation_p8_f960.json

Running synthetic matrix: thrashing, 8 procs, FIFO, LocalAllocation, frames=960
Running multi-process experiment
  Algorithm: FIFO
  Allocation: LocalAllocation
  Total Frames: 960
  Processes: [0, 1, 2, 3, 4, 5, 6, 7]
Results saved to: results\raw\campaign_20260404_140330_266\synthetic_thrashing\multiproc_thrashing_FIFO_LocalAllocation_p8_f960.json

Running synthetic matrix: thrashing, 8 procs, FIFO, ProportionalAllocation, frames=960
Running multi-process experiment
  Algorithm: FIFO
  Allocation: ProportionalAllocation
  Total Frames: 960
  Processes: [0, 1, 2, 3, 4, 5, 6, 7]
Results saved to: results\raw\campaign_20260404_140330_266\synthetic_thrashing\multiproc_thrashing_FIFO_ProportionalAllocation_p8_f960.json

Running synthetic matrix: thrashing, 8 procs, LRU, GlobalAllocation, frames=960
Running multi-process experiment
  Algorithm: LRU
  Allocation: GlobalAllocation
  Total Frames: 960
  Processes: [0, 1, 2, 3, 4, 5, 6, 7]
Results saved to: results\raw\campaign_20260404_140330_266\synthetic_thrashing\multiproc_thrashing_LRU_GlobalAllocation_p8_f960.json

Running synthetic matrix: thrashing, 8 procs, LRU, LocalAllocation, frames=960
Running multi-process experiment
  Algorithm: LRU
  Allocation: LocalAllocation
  Total Frames: 960
  Processes: [0, 1, 2, 3, 4, 5, 6, 7]
Results saved to: results\raw\campaign_20260404_140330_266\synthetic_thrashing\multiproc_thrashing_LRU_LocalAllocation_p8_f960.json

Running synthetic matrix: thrashing, 8 procs, LRU, ProportionalAllocation, frames=960
Running multi-process experiment
  Algorithm: LRU
  Allocation: ProportionalAllocation
  Total Frames: 960
  Processes: [0, 1, 2, 3, 4, 5, 6, 7]
Results saved to: results\raw\campaign_20260404_140330_266\synthetic_thrashing\multiproc_thrashing_LRU_ProportionalAllocation_p8_f960.json

Running synthetic matrix: thrashing, 8 procs, NRU, GlobalAllocation, frames=960
Running multi-process experiment
  Algorithm: NRU
  Allocation: GlobalAllocation
  Total Frames: 960
  Processes: [0, 1, 2, 3, 4, 5, 6, 7]
Results saved to: results\raw\campaign_20260404_140330_266\synthetic_thrashing\multiproc_thrashing_NRU_GlobalAllocation_p8_f960.json

Running synthetic matrix: thrashing, 8 procs, NRU, LocalAllocation, frames=960
Running multi-process experiment
  Algorithm: NRU
  Allocation: LocalAllocation
  Total Frames: 960
  Processes: [0, 1, 2, 3, 4, 5, 6, 7]
Results saved to: results\raw\campaign_20260404_140330_266\synthetic_thrashing\multiproc_thrashing_NRU_LocalAllocation_p8_f960.json

Running synthetic matrix: thrashing, 8 procs, NRU, ProportionalAllocation, frames=960
Running multi-process experiment
  Algorithm: NRU
  Allocation: ProportionalAllocation
  Total Frames: 960
  Processes: [0, 1, 2, 3, 4, 5, 6, 7]
Results saved to: results\raw\campaign_20260404_140330_266\synthetic_thrashing\multiproc_thrashing_NRU_ProportionalAllocation_p8_f960.json

Running synthetic matrix: thrashing, 8 procs, SecondChance, GlobalAllocation, frames=960
Running multi-process experiment
  Algorithm: SecondChance
  Allocation: GlobalAllocation
  Total Frames: 960
  Processes: [0, 1, 2, 3, 4, 5, 6, 7]
Results saved to: results\raw\campaign_20260404_140330_266\synthetic_thrashing\multiproc_thrashing_SecondChance_GlobalAllocation_p8_f960.json

Running synthetic matrix: thrashing, 8 procs, SecondChance, LocalAllocation, frames=960
Running multi-process experiment
  Algorithm: SecondChance
  Allocation: LocalAllocation
  Total Frames: 960
  Processes: [0, 1, 2, 3, 4, 5, 6, 7]
Results saved to: results\raw\campaign_20260404_140330_266\synthetic_thrashing\multiproc_thrashing_SecondChance_LocalAllocation_p8_f960.json

Running synthetic matrix: thrashing, 8 procs, SecondChance, ProportionalAllocation, frames=960
Running multi-process experiment
  Algorithm: SecondChance
  Allocation: ProportionalAllocation
  Total Frames: 960
  Processes: [0, 1, 2, 3, 4, 5, 6, 7]
Results saved to: results\raw\campaign_20260404_140330_266\synthetic_thrashing\multiproc_thrashing_SecondChance_ProportionalAllocation_p8_f960.json

Running synthetic matrix: thrashing, 8 procs, WSClock, GlobalAllocation, frames=960
Running multi-process experiment
  Algorithm: WSClock
  Allocation: GlobalAllocation
  Total Frames: 960
  Processes: [0, 1, 2, 3, 4, 5, 6, 7]
Results saved to: results\raw\campaign_20260404_140330_266\synthetic_thrashing\multiproc_thrashing_WSClock_GlobalAllocation_p8_f960.json

Running synthetic matrix: thrashing, 8 procs, WSClock, LocalAllocation, frames=960
Running multi-process experiment
  Algorithm: WSClock
  Allocation: LocalAllocation
  Total Frames: 960
  Processes: [0, 1, 2, 3, 4, 5, 6, 7]
Results saved to: results\raw\campaign_20260404_140330_266\synthetic_thrashing\multiproc_thrashing_WSClock_LocalAllocation_p8_f960.json

Running synthetic matrix: thrashing, 8 procs, WSClock, ProportionalAllocation, frames=960
Running multi-process experiment
  Algorithm: WSClock
  Allocation: ProportionalAllocation
  Total Frames: 960
  Processes: [0, 1, 2, 3, 4, 5, 6, 7]
Results saved to: results\raw\campaign_20260404_140330_266\synthetic_thrashing\multiproc_thrashing_WSClock_ProportionalAllocation_p8_f960.json

Running synthetic matrix: thrashing, 8 procs, FIFO, GlobalAllocation, frames=1152
Running multi-process experiment
  Algorithm: FIFO
  Allocation: GlobalAllocation
  Total Frames: 1152
  Processes: [0, 1, 2, 3, 4, 5, 6, 7]
Results saved to: results\raw\campaign_20260404_140330_266\synthetic_thrashing\multiproc_thrashing_FIFO_GlobalAllocation_p8_f1152.json

Running synthetic matrix: thrashing, 8 procs, FIFO, LocalAllocation, frames=1152
Running multi-process experiment
  Algorithm: FIFO
  Allocation: LocalAllocation
  Total Frames: 1152
  Processes: [0, 1, 2, 3, 4, 5, 6, 7]
Results saved to: results\raw\campaign_20260404_140330_266\synthetic_thrashing\multiproc_thrashing_FIFO_LocalAllocation_p8_f1152.json

Running synthetic matrix: thrashing, 8 procs, FIFO, ProportionalAllocation, frames=1152
Running multi-process experiment
  Algorithm: FIFO
  Allocation: ProportionalAllocation
  Total Frames: 1152
  Processes: [0, 1, 2, 3, 4, 5, 6, 7]
Results saved to: results\raw\campaign_20260404_140330_266\synthetic_thrashing\multiproc_thrashing_FIFO_ProportionalAllocation_p8_f1152.json

Running synthetic matrix: thrashing, 8 procs, LRU, GlobalAllocation, frames=1152
Running multi-process experiment
  Algorithm: LRU
  Allocation: GlobalAllocation
  Total Frames: 1152
  Processes: [0, 1, 2, 3, 4, 5, 6, 7]
Results saved to: results\raw\campaign_20260404_140330_266\synthetic_thrashing\multiproc_thrashing_LRU_GlobalAllocation_p8_f1152.json

Running synthetic matrix: thrashing, 8 procs, LRU, LocalAllocation, frames=1152
Running multi-process experiment
  Algorithm: LRU
  Allocation: LocalAllocation
  Total Frames: 1152
  Processes: [0, 1, 2, 3, 4, 5, 6, 7]
Results saved to: results\raw\campaign_20260404_140330_266\synthetic_thrashing\multiproc_thrashing_LRU_LocalAllocation_p8_f1152.json

Running synthetic matrix: thrashing, 8 procs, LRU, ProportionalAllocation, frames=1152
Running multi-process experiment
  Algorithm: LRU
  Allocation: ProportionalAllocation
  Total Frames: 1152
  Processes: [0, 1, 2, 3, 4, 5, 6, 7]
Results saved to: results\raw\campaign_20260404_140330_266\synthetic_thrashing\multiproc_thrashing_LRU_ProportionalAllocation_p8_f1152.json

Running synthetic matrix: thrashing, 8 procs, NRU, GlobalAllocation, frames=1152
Running multi-process experiment
  Algorithm: NRU
  Allocation: GlobalAllocation
  Total Frames: 1152
  Processes: [0, 1, 2, 3, 4, 5, 6, 7]
Results saved to: results\raw\campaign_20260404_140330_266\synthetic_thrashing\multiproc_thrashing_NRU_GlobalAllocation_p8_f1152.json

Running synthetic matrix: thrashing, 8 procs, NRU, LocalAllocation, frames=1152
Running multi-process experiment
  Algorithm: NRU
  Allocation: LocalAllocation
  Total Frames: 1152
  Processes: [0, 1, 2, 3, 4, 5, 6, 7]
Results saved to: results\raw\campaign_20260404_140330_266\synthetic_thrashing\multiproc_thrashing_NRU_LocalAllocation_p8_f1152.json

Running synthetic matrix: thrashing, 8 procs, NRU, ProportionalAllocation, frames=1152
Running multi-process experiment
  Algorithm: NRU
  Allocation: ProportionalAllocation
  Total Frames: 1152
  Processes: [0, 1, 2, 3, 4, 5, 6, 7]
Results saved to: results\raw\campaign_20260404_140330_266\synthetic_thrashing\multiproc_thrashing_NRU_ProportionalAllocation_p8_f1152.json

Running synthetic matrix: thrashing, 8 procs, SecondChance, GlobalAllocation, frames=1152
Running multi-process experiment
  Algorithm: SecondChance
  Allocation: GlobalAllocation
  Total Frames: 1152
  Processes: [0, 1, 2, 3, 4, 5, 6, 7]
Results saved to: results\raw\campaign_20260404_140330_266\synthetic_thrashing\multiproc_thrashing_SecondChance_GlobalAllocation_p8_f1152.json

Running synthetic matrix: thrashing, 8 procs, SecondChance, LocalAllocation, frames=1152
Running multi-process experiment
  Algorithm: SecondChance
  Allocation: LocalAllocation
  Total Frames: 1152
  Processes: [0, 1, 2, 3, 4, 5, 6, 7]
Results saved to: results\raw\campaign_20260404_140330_266\synthetic_thrashing\multiproc_thrashing_SecondChance_LocalAllocation_p8_f1152.json

Running synthetic matrix: thrashing, 8 procs, SecondChance, ProportionalAllocation, frames=1152
Running multi-process experiment
  Algorithm: SecondChance
  Allocation: ProportionalAllocation
  Total Frames: 1152
  Processes: [0, 1, 2, 3, 4, 5, 6, 7]
Results saved to: results\raw\campaign_20260404_140330_266\synthetic_thrashing\multiproc_thrashing_SecondChance_ProportionalAllocation_p8_f1152.json

Running synthetic matrix: thrashing, 8 procs, WSClock, GlobalAllocation, frames=1152
Running multi-process experiment
  Algorithm: WSClock
  Allocation: GlobalAllocation
  Total Frames: 1152
  Processes: [0, 1, 2, 3, 4, 5, 6, 7]
Results saved to: results\raw\campaign_20260404_140330_266\synthetic_thrashing\multiproc_thrashing_WSClock_GlobalAllocation_p8_f1152.json

Running synthetic matrix: thrashing, 8 procs, WSClock, LocalAllocation, frames=1152
Running multi-process experiment
  Algorithm: WSClock
  Allocation: LocalAllocation
  Total Frames: 1152
  Processes: [0, 1, 2, 3, 4, 5, 6, 7]
Results saved to: results\raw\campaign_20260404_140330_266\synthetic_thrashing\multiproc_thrashing_WSClock_LocalAllocation_p8_f1152.json

Running synthetic matrix: thrashing, 8 procs, WSClock, ProportionalAllocation, frames=1152
Running multi-process experiment
  Algorithm: WSClock
  Allocation: ProportionalAllocation
  Total Frames: 1152
  Processes: [0, 1, 2, 3, 4, 5, 6, 7]
Results saved to: results\raw\campaign_20260404_140330_266\synthetic_thrashing\multiproc_thrashing_WSClock_ProportionalAllocation_p8_f1152.json

Running synthetic matrix: thrashing, 8 procs, FIFO, GlobalAllocation, frames=1440
Running multi-process experiment
  Algorithm: FIFO
  Allocation: GlobalAllocation
  Total Frames: 1440
  Processes: [0, 1, 2, 3, 4, 5, 6, 7]
Results saved to: results\raw\campaign_20260404_140330_266\synthetic_thrashing\multiproc_thrashing_FIFO_GlobalAllocation_p8_f1440.json

Running synthetic matrix: thrashing, 8 procs, FIFO, LocalAllocation, frames=1440
Running multi-process experiment
  Algorithm: FIFO
  Allocation: LocalAllocation
  Total Frames: 1440
  Processes: [0, 1, 2, 3, 4, 5, 6, 7]
Results saved to: results\raw\campaign_20260404_140330_266\synthetic_thrashing\multiproc_thrashing_FIFO_LocalAllocation_p8_f1440.json

Running synthetic matrix: thrashing, 8 procs, FIFO, ProportionalAllocation, frames=1440
Running multi-process experiment
  Algorithm: FIFO
  Allocation: ProportionalAllocation
  Total Frames: 1440
  Processes: [0, 1, 2, 3, 4, 5, 6, 7]
Results saved to: results\raw\campaign_20260404_140330_266\synthetic_thrashing\multiproc_thrashing_FIFO_ProportionalAllocation_p8_f1440.json

Running synthetic matrix: thrashing, 8 procs, LRU, GlobalAllocation, frames=1440
Running multi-process experiment
  Algorithm: LRU
  Allocation: GlobalAllocation
  Total Frames: 1440
  Processes: [0, 1, 2, 3, 4, 5, 6, 7]
Results saved to: results\raw\campaign_20260404_140330_266\synthetic_thrashing\multiproc_thrashing_LRU_GlobalAllocation_p8_f1440.json

Running synthetic matrix: thrashing, 8 procs, LRU, LocalAllocation, frames=1440
Running multi-process experiment
  Algorithm: LRU
  Allocation: LocalAllocation
  Total Frames: 1440
  Processes: [0, 1, 2, 3, 4, 5, 6, 7]
Results saved to: results\raw\campaign_20260404_140330_266\synthetic_thrashing\multiproc_thrashing_LRU_LocalAllocation_p8_f1440.json

Running synthetic matrix: thrashing, 8 procs, LRU, ProportionalAllocation, frames=1440
Running multi-process experiment
  Algorithm: LRU
  Allocation: ProportionalAllocation
  Total Frames: 1440
  Processes: [0, 1, 2, 3, 4, 5, 6, 7]
Results saved to: results\raw\campaign_20260404_140330_266\synthetic_thrashing\multiproc_thrashing_LRU_ProportionalAllocation_p8_f1440.json

Running synthetic matrix: thrashing, 8 procs, NRU, GlobalAllocation, frames=1440
Running multi-process experiment
  Algorithm: NRU
  Allocation: GlobalAllocation
  Total Frames: 1440
  Processes: [0, 1, 2, 3, 4, 5, 6, 7]
Results saved to: results\raw\campaign_20260404_140330_266\synthetic_thrashing\multiproc_thrashing_NRU_GlobalAllocation_p8_f1440.json

Running synthetic matrix: thrashing, 8 procs, NRU, LocalAllocation, frames=1440
Running multi-process experiment
  Algorithm: NRU
  Allocation: LocalAllocation
  Total Frames: 1440
  Processes: [0, 1, 2, 3, 4, 5, 6, 7]
Results saved to: results\raw\campaign_20260404_140330_266\synthetic_thrashing\multiproc_thrashing_NRU_LocalAllocation_p8_f1440.json

Running synthetic matrix: thrashing, 8 procs, NRU, ProportionalAllocation, frames=1440
Running multi-process experiment
  Algorithm: NRU
  Allocation: ProportionalAllocation
  Total Frames: 1440
  Processes: [0, 1, 2, 3, 4, 5, 6, 7]
Results saved to: results\raw\campaign_20260404_140330_266\synthetic_thrashing\multiproc_thrashing_NRU_ProportionalAllocation_p8_f1440.json

Running synthetic matrix: thrashing, 8 procs, SecondChance, GlobalAllocation, frames=1440
Running multi-process experiment
  Algorithm: SecondChance
  Allocation: GlobalAllocation
  Total Frames: 1440
  Processes: [0, 1, 2, 3, 4, 5, 6, 7]
Results saved to: results\raw\campaign_20260404_140330_266\synthetic_thrashing\multiproc_thrashing_SecondChance_GlobalAllocation_p8_f1440.json

Running synthetic matrix: thrashing, 8 procs, SecondChance, LocalAllocation, frames=1440
Running multi-process experiment
  Algorithm: SecondChance
  Allocation: LocalAllocation
  Total Frames: 1440
  Processes: [0, 1, 2, 3, 4, 5, 6, 7]
Results saved to: results\raw\campaign_20260404_140330_266\synthetic_thrashing\multiproc_thrashing_SecondChance_LocalAllocation_p8_f1440.json

Running synthetic matrix: thrashing, 8 procs, SecondChance, ProportionalAllocation, frames=1440
Running multi-process experiment
  Algorithm: SecondChance
  Allocation: ProportionalAllocation
  Total Frames: 1440
  Processes: [0, 1, 2, 3, 4, 5, 6, 7]
Results saved to: results\raw\campaign_20260404_140330_266\synthetic_thrashing\multiproc_thrashing_SecondChance_ProportionalAllocation_p8_f1440.json

Running synthetic matrix: thrashing, 8 procs, WSClock, GlobalAllocation, frames=1440
Running multi-process experiment
  Algorithm: WSClock
  Allocation: GlobalAllocation
  Total Frames: 1440
  Processes: [0, 1, 2, 3, 4, 5, 6, 7]
Results saved to: results\raw\campaign_20260404_140330_266\synthetic_thrashing\multiproc_thrashing_WSClock_GlobalAllocation_p8_f1440.json

Running synthetic matrix: thrashing, 8 procs, WSClock, LocalAllocation, frames=1440
Running multi-process experiment
  Algorithm: WSClock
  Allocation: LocalAllocation
  Total Frames: 1440
  Processes: [0, 1, 2, 3, 4, 5, 6, 7]
Results saved to: results\raw\campaign_20260404_140330_266\synthetic_thrashing\multiproc_thrashing_WSClock_LocalAllocation_p8_f1440.json

Running synthetic matrix: thrashing, 8 procs, WSClock, ProportionalAllocation, frames=1440
Running multi-process experiment
  Algorithm: WSClock
  Allocation: ProportionalAllocation
  Total Frames: 1440
  Processes: [0, 1, 2, 3, 4, 5, 6, 7]
Results saved to: results\raw\campaign_20260404_140330_266\synthetic_thrashing\multiproc_thrashing_WSClock_ProportionalAllocation_p8_f1440.json
Summary report saved to: results\raw\campaign_20260404_140330_266\synthetic_thrashing\summary_report.txt
Summary figure saved to: results\raw\campaign_20260404_140330_266\synthetic_thrashing\figures\summary_figure.png
Plot saved to: results\raw\campaign_20260404_140330_266\synthetic_thrashing\figures\page_fault_comparison.png
Plot saved to: results\raw\campaign_20260404_140330_266\synthetic_thrashing\figures\fairness_comparison.png
BATCH_DONE

python.exe : 
At line:56 char:1
+ & python -c $code $outDir 1> $stdoutPath 2> $stderrPath;
+ ~~~~~~~~~~~~~~~~~~~~~~~~~~~~~~~~~~~~~~~~~~~~~~~~~~~~~~~
    + CategoryInfo          : NotSpecified: (:String) [], RemoteException
    + FullyQualifiedErrorId : NativeCommandError
 
Trials:   0%|          | 0/10 [00:00<?, ?it/s]
Trials:  30%|###       | 3/10 [00:00<00:00, 23.33it/s]
Trials:  60%|######    | 6/10 [00:00<00:00, 23.60it/s]
Trials:  90%|######### | 9/10 [00:00<00:00, 23.56it/s]
Trials: 100%|##########| 10/10 [00:00<00:00, 23.46it/s]

Trials:   0%|          | 0/10 [00:00<?, ?it/s]
Trials:  30%|###       | 3/10 [00:00<00:00, 22.10it/s]
Trials:  60%|######    | 6/10 [00:00<00:00, 22.70it/s]
Trials:  90%|######### | 9/10 [00:00<00:00, 23.34it/s]
Trials: 100%|##########| 10/10 [00:00<00:00, 23.20it/s]

Trials:   0%|          | 0/10 [00:00<?, ?it/s]
Trials:  30%|###       | 3/10 [00:00<00:00, 24.07it/s]
Trials:  60%|######    | 6/10 [00:00<00:00, 23.10it/s]
Trials:  90%|######### | 9/10 [00:00<00:00, 23.56it/s]
Trials: 100%|##########| 10/10 [00:00<00:00, 23.56it/s]

Trials:   0%|          | 0/10 [00:00<?, ?it/s]
Trials:  30%|###       | 3/10 [00:00<00:00, 22.24it/s]
Trials:  60%|######    | 6/10 [00:00<00:00, 22.22it/s]
Trials:  90%|######### | 9/10 [00:00<00:00, 22.23it/s]
Trials: 100%|##########| 10/10 [00:00<00:00, 22.24it/s]

Trials:   0%|          | 0/10 [00:00<?, ?it/s]
Trials:  30%|###       | 3/10 [00:00<00:00, 21.90it/s]
Trials:  60%|######    | 6/10 [00:00<00:00, 22.60it/s]
Trials:  90%|######### | 9/10 [00:00<00:00, 22.85it/s]
Trials: 100%|##########| 10/10 [00:00<00:00, 22.77it/s]

Trials:   0%|          | 0/10 [00:00<?, ?it/s]
Trials:  30%|###       | 3/10 [00:00<00:00, 21.33it/s]
Trials:  60%|######    | 6/10 [00:00<00:00, 21.43it/s]
Trials:  90%|######### | 9/10 [00:00<00:00, 21.71it/s]
Trials: 100%|##########| 10/10 [00:00<00:00, 21.78it/s]

Trials:   0%|          | 0/10 [00:00<?, ?it/s]
Trials:  20%|##        | 2/10 [00:00<00:00, 12.38it/s]
Trials:  40%|####      | 4/10 [00:00<00:00, 12.37it/s]
Trials:  60%|######    | 6/10 [00:00<00:00, 12.13it/s]
Trials:  80%|########  | 8/10 [00:00<00:00, 12.23it/s]
Trials: 100%|##########| 10/10 [00:00<00:00, 12.11it/s]
Trials: 100%|##########| 10/10 [00:00<00:00, 12.17it/s]

Trials:   0%|          | 0/10 [00:00<?, ?it/s]
Trials:  20%|##        | 2/10 [00:00<00:00, 16.22it/s]
Trials:  40%|####      | 4/10 [00:00<00:00, 16.22it/s]
Trials:  60%|######    | 6/10 [00:00<00:00, 16.58it/s]
Trials:  80%|########  | 8/10 [00:00<00:00, 15.82it/s]
Trials: 100%|##########| 10/10 [00:00<00:00, 15.98it/s]
Trials: 100%|##########| 10/10 [00:00<00:00, 16.07it/s]

Trials:   0%|          | 0/10 [00:00<?, ?it/s]
Trials:  20%|##        | 2/10 [00:00<00:00, 16.11it/s]
Trials:  40%|####      | 4/10 [00:00<00:00, 16.11it/s]
Trials:  60%|######    | 6/10 [00:00<00:00, 15.97it/s]
Trials:  80%|########  | 8/10 [00:00<00:00, 15.68it/s]
Trials: 100%|##########| 10/10 [00:00<00:00, 15.86it/s]
Trials: 100%|##########| 10/10 [00:00<00:00, 15.89it/s]

Trials:   0%|          | 0/10 [00:00<?, ?it/s]
Trials:  20%|##        | 2/10 [00:00<00:00, 19.11it/s]
Trials:  40%|####      | 4/10 [00:00<00:00, 18.97it/s]
Trials:  60%|######    | 6/10 [00:00<00:00, 19.21it/s]
Trials:  80%|########  | 8/10 [00:00<00:00, 18.91it/s]
Trials: 100%|##########| 10/10 [00:00<00:00, 19.13it/s]
Trials: 100%|##########| 10/10 [00:00<00:00, 19.08it/s]

Trials:   0%|          | 0/10 [00:00<?, ?it/s]
Trials:  20%|##        | 2/10 [00:00<00:00, 17.62it/s]
Trials:  50%|#####     | 5/10 [00:00<00:00, 20.10it/s]
Trials:  80%|########  | 8/10 [00:00<00:00, 20.92it/s]
Trials: 100%|##########| 10/10 [00:00<00:00, 20.75it/s]

Trials:   0%|          | 0/10 [00:00<?, ?it/s]
Trials:  30%|###       | 3/10 [00:00<00:00, 21.85it/s]
Trials:  60%|######    | 6/10 [00:00<00:00, 20.78it/s]
Trials:  90%|######### | 9/10 [00:00<00:00, 20.12it/s]
Trials: 100%|##########| 10/10 [00:00<00:00, 20.52it/s]

Trials:   0%|          | 0/10 [00:00<?, ?it/s]
Trials:  10%|#         | 1/10 [00:00<00:00,  9.69it/s]
Trials:  20%|##        | 2/10 [00:00<00:00,  8.97it/s]
Trials:  40%|####      | 4/10 [00:00<00:00,  9.54it/s]
Trials:  50%|#####     | 5/10 [00:00<00:00,  9.10it/s]
Trials:  60%|######    | 6/10 [00:00<00:00,  9.36it/s]
Trials:  70%|#######   | 7/10 [00:00<00:00,  9.12it/s]
Trials:  80%|########  | 8/10 [00:00<00:00,  9.19it/s]
Trials:  90%|######### | 9/10 [00:00<00:00,  9.15it/s]
Trials: 100%|##########| 10/10 [00:01<00:00,  9.11it/s]
Trials: 100%|##########| 10/10 [00:01<00:00,  9.19it/s]

Trials:   0%|          | 0/10 [00:00<?, ?it/s]
Trials:  10%|#         | 1/10 [00:00<00:01,  4.57it/s]
Trials:  20%|##        | 2/10 [00:00<00:01,  4.35it/s]
Trials:  30%|###       | 3/10 [00:00<00:01,  4.46it/s]
Trials:  40%|####      | 4/10 [00:00<00:01,  4.53it/s]
Trials:  50%|#####     | 5/10 [00:01<00:01,  4.38it/s]
Trials:  60%|######    | 6/10 [00:01<00:00,  4.47it/s]
Trials:  70%|#######   | 7/10 [00:01<00:00,  4.38it/s]
Trials:  80%|########  | 8/10 [00:01<00:00,  4.51it/s]
Trials:  90%|######### | 9/10 [00:02<00:00,  4.49it/s]
Trials: 100%|##########| 10/10 [00:02<00:00,  4.48it/s]
Trials: 100%|##########| 10/10 [00:02<00:00,  4.46it/s]

Trials:   0%|          | 0/10 [00:00<?, ?it/s]
Trials:  10%|#         | 1/10 [00:00<00:02,  4.49it/s]
Trials:  20%|##        | 2/10 [00:00<00:01,  4.55it/s]
Trials:  30%|###       | 3/10 [00:00<00:01,  4.49it/s]
Trials:  40%|####      | 4/10 [00:00<00:01,  4.48it/s]
Trials:  50%|#####     | 5/10 [00:01<00:01,  4.43it/s]
Trials:  60%|######    | 6/10 [00:01<00:00,  4.50it/s]
Trials:  70%|#######   | 7/10 [00:01<00:00,  4.54it/s]
Trials:  80%|########  | 8/10 [00:01<00:00,  4.48it/s]
Trials:  90%|######### | 9/10 [00:01<00:00,  4.52it/s]
Trials: 100%|##########| 10/10 [00:02<00:00,  4.53it/s]
Trials: 100%|##########| 10/10 [00:02<00:00,  4.51it/s]

Trials:   0%|          | 0/10 [00:00<?, ?it/s]
Trials:  30%|###       | 3/10 [00:00<00:00, 25.49it/s]
Trials:  60%|######    | 6/10 [00:00<00:00, 22.95it/s]
Trials:  90%|######### | 9/10 [00:00<00:00, 24.09it/s]
Trials: 100%|##########| 10/10 [00:00<00:00, 24.17it/s]

Trials:   0%|          | 0/10 [00:00<?, ?it/s]
Trials:  30%|###       | 3/10 [00:00<00:00, 24.93it/s]
Trials:  60%|######    | 6/10 [00:00<00:00, 24.96it/s]
Trials:  90%|######### | 9/10 [00:00<00:00, 24.98it/s]
Trials: 100%|##########| 10/10 [00:00<00:00, 24.97it/s]

Trials:   0%|          | 0/10 [00:00<?, ?it/s]
Trials:  30%|###       | 3/10 [00:00<00:00, 25.75it/s]
Trials:  60%|######    | 6/10 [00:00<00:00, 24.04it/s]
Trials:  90%|######### | 9/10 [00:00<00:00, 24.70it/s]
Trials: 100%|##########| 10/10 [00:00<00:00, 24.82it/s]

Trials:   0%|          | 0/10 [00:00<?, ?it/s]
Trials:  30%|###       | 3/10 [00:00<00:00, 24.77it/s]
Trials:  60%|######    | 6/10 [00:00<00:00, 24.26it/s]
Trials:  90%|######### | 9/10 [00:00<00:00, 24.54it/s]
Trials: 100%|##########| 10/10 [00:00<00:00, 24.52it/s]

Trials:   0%|          | 0/10 [00:00<?, ?it/s]
Trials:  30%|###       | 3/10 [00:00<00:00, 21.86it/s]
Trials:  60%|######    | 6/10 [00:00<00:00, 22.57it/s]
Trials:  90%|######### | 9/10 [00:00<00:00, 23.28it/s]
Trials: 100%|##########| 10/10 [00:00<00:00, 23.13it/s]

Trials:   0%|          | 0/10 [00:00<?, ?it/s]
Trials:  30%|###       | 3/10 [00:00<00:00, 24.81it/s]
Trials:  60%|######    | 6/10 [00:00<00:00, 25.15it/s]
Trials:  90%|######### | 9/10 [00:00<00:00, 24.41it/s]
Trials: 100%|##########| 10/10 [00:00<00:00, 24.69it/s]

Trials:   0%|          | 0/10 [00:00<?, ?it/s]
Trials:  30%|###       | 3/10 [00:00<00:00, 26.07it/s]
Trials:  60%|######    | 6/10 [00:00<00:00, 25.26it/s]
Trials:  90%|######### | 9/10 [00:00<00:00, 24.95it/s]
Trials: 100%|##########| 10/10 [00:00<00:00, 25.07it/s]

Trials:   0%|          | 0/10 [00:00<?, ?it/s]
Trials:  30%|###       | 3/10 [00:00<00:00, 20.35it/s]
Trials:  60%|######    | 6/10 [00:00<00:00, 19.50it/s]
Trials:  80%|########  | 8/10 [00:00<00:00, 19.49it/s]
Trials: 100%|##########| 10/10 [00:00<00:00, 19.73it/s]

Trials:   0%|          | 0/10 [00:00<?, ?it/s]
Trials:  30%|###       | 3/10 [00:00<00:00, 25.56it/s]
Trials:  60%|######    | 6/10 [00:00<00:00, 25.41it/s]
Trials:  90%|######### | 9/10 [00:00<00:00, 24.78it/s]
Trials: 100%|##########| 10/10 [00:00<00:00, 24.99it/s]

Trials:   0%|          | 0/10 [00:00<?, ?it/s]
Trials:  30%|###       | 3/10 [00:00<00:00, 22.73it/s]
Trials:  60%|######    | 6/10 [00:00<00:00, 24.01it/s]
Trials:  90%|######### | 9/10 [00:00<00:00, 24.44it/s]
Trials: 100%|##########| 10/10 [00:00<00:00, 24.25it/s]

Trials:   0%|          | 0/10 [00:00<?, ?it/s]
Trials:  30%|###       | 3/10 [00:00<00:00, 22.24it/s]
Trials:  60%|######    | 6/10 [00:00<00:00, 22.86it/s]
Trials:  90%|######### | 9/10 [00:00<00:00, 22.27it/s]
Trials: 100%|##########| 10/10 [00:00<00:00, 22.12it/s]

Trials:   0%|          | 0/10 [00:00<?, ?it/s]
Trials:  30%|###       | 3/10 [00:00<00:00, 24.99it/s]
Trials:  60%|######    | 6/10 [00:00<00:00, 25.09it/s]
Trials:  90%|######### | 9/10 [00:00<00:00, 24.75it/s]
Trials: 100%|##########| 10/10 [00:00<00:00, 24.89it/s]

Trials:   0%|          | 0/10 [00:00<?, ?it/s]
Trials:  30%|###       | 3/10 [00:00<00:00, 24.74it/s]
Trials:  60%|######    | 6/10 [00:00<00:00, 23.54it/s]
Trials:  90%|######### | 9/10 [00:00<00:00, 24.02it/s]
Trials: 100%|##########| 10/10 [00:00<00:00, 24.09it/s]

Trials:   0%|          | 0/10 [00:00<?, ?it/s]
Trials:  20%|##        | 2/10 [00:00<00:00, 13.77it/s]
Trials:  40%|####      | 4/10 [00:00<00:00, 13.91it/s]
Trials:  60%|######    | 6/10 [00:00<00:00, 13.86it/s]
Trials:  80%|########  | 8/10 [00:00<00:00, 13.46it/s]
Trials: 100%|##########| 10/10 [00:00<00:00, 13.63it/s]
Trials: 100%|##########| 10/10 [00:00<00:00, 13.67it/s]

Trials:   0%|          | 0/10 [00:00<?, ?it/s]
Trials:  30%|###       | 3/10 [00:00<00:00, 25.53it/s]
Trials:  60%|######    | 6/10 [00:00<00:00, 25.53it/s]
Trials:  90%|######### | 9/10 [00:00<00:00, 25.54it/s]
Trials: 100%|##########| 10/10 [00:00<00:00, 25.54it/s]

Trials:   0%|          | 0/10 [00:00<?, ?it/s]
Trials:  30%|###       | 3/10 [00:00<00:00, 25.68it/s]
Trials:  60%|######    | 6/10 [00:00<00:00, 22.93it/s]
Trials:  90%|######### | 9/10 [00:00<00:00, 24.08it/s]
Trials: 100%|##########| 10/10 [00:00<00:00, 24.19it/s]

Trials:   0%|          | 0/10 [00:00<?, ?it/s]
Trials:  30%|###       | 3/10 [00:00<00:00, 26.14it/s]
Trials:  60%|######    | 6/10 [00:00<00:00, 26.13it/s]
Trials:  90%|######### | 9/10 [00:00<00:00, 26.11it/s]
Trials: 100%|##########| 10/10 [00:00<00:00, 26.12it/s]

Trials:   0%|          | 0/10 [00:00<?, ?it/s]
Trials:  30%|###       | 3/10 [00:00<00:00, 23.87it/s]
Trials:  60%|######    | 6/10 [00:00<00:00, 25.11it/s]
Trials:  90%|######### | 9/10 [00:00<00:00, 26.10it/s]
Trials: 100%|##########| 10/10 [00:00<00:00, 25.76it/s]

Trials:   0%|          | 0/10 [00:00<?, ?it/s]
Trials:  30%|###       | 3/10 [00:00<00:00, 23.75it/s]
Trials:  60%|######    | 6/10 [00:00<00:00, 24.31it/s]
Trials:  90%|######### | 9/10 [00:00<00:00, 24.32it/s]
Trials: 100%|##########| 10/10 [00:00<00:00, 24.01it/s]

Trials:   0%|          | 0/10 [00:00<?, ?it/s]
Trials:  30%|###       | 3/10 [00:00<00:00, 25.29it/s]
Trials:  60%|######    | 6/10 [00:00<00:00, 24.24it/s]
Trials:  90%|######### | 9/10 [00:00<00:00, 24.79it/s]
Trials: 100%|##########| 10/10 [00:00<00:00, 24.80it/s]

Trials:   0%|          | 0/10 [00:00<?, ?it/s]
Trials:  30%|###       | 3/10 [00:00<00:00, 25.21it/s]
Trials:  60%|######    | 6/10 [00:00<00:00, 25.26it/s]
Trials:  90%|######### | 9/10 [00:00<00:00, 25.35it/s]
Trials: 100%|##########| 10/10 [00:00<00:00, 25.31it/s]

Trials:   0%|          | 0/10 [00:00<?, ?it/s]
Trials:  30%|###       | 3/10 [00:00<00:00, 22.29it/s]
Trials:  60%|######    | 6/10 [00:00<00:00, 21.20it/s]
Trials:  90%|######### | 9/10 [00:00<00:00, 21.85it/s]
Trials: 100%|##########| 10/10 [00:00<00:00, 22.02it/s]

Trials:   0%|          | 0/10 [00:00<?, ?it/s]
Trials:  30%|###       | 3/10 [00:00<00:00, 25.22it/s]
Trials:  60%|######    | 6/10 [00:00<00:00, 25.06it/s]
Trials:  90%|######### | 9/10 [00:00<00:00, 25.21it/s]
Trials: 100%|##########| 10/10 [00:00<00:00, 25.21it/s]

Trials:   0%|          | 0/10 [00:00<?, ?it/s]
Trials:  30%|###       | 3/10 [00:00<00:00, 23.06it/s]
Trials:  60%|######    | 6/10 [00:00<00:00, 24.45it/s]
Trials:  90%|######### | 9/10 [00:00<00:00, 24.89it/s]
Trials: 100%|##########| 10/10 [00:00<00:00, 24.66it/s]

Trials:   0%|          | 0/10 [00:00<?, ?it/s]
Trials:  30%|###       | 3/10 [00:00<00:00, 25.01it/s]
Trials:  60%|######    | 6/10 [00:00<00:00, 24.18it/s]
Trials:  90%|######### | 9/10 [00:00<00:00, 23.54it/s]
Trials: 100%|##########| 10/10 [00:00<00:00, 23.92it/s]

Trials:   0%|          | 0/10 [00:00<?, ?it/s]
Trials:  30%|###       | 3/10 [00:00<00:00, 25.50it/s]
Trials:  60%|######    | 6/10 [00:00<00:00, 25.53it/s]
Trials:  90%|######### | 9/10 [00:00<00:00, 25.39it/s]
Trials: 100%|##########| 10/10 [00:00<00:00, 25.42it/s]

Trials:   0%|          | 0/10 [00:00<?, ?it/s]
Trials:  30%|###       | 3/10 [00:00<00:00, 25.55it/s]
Trials:  60%|######    | 6/10 [00:00<00:00, 25.49it/s]
Trials:  90%|######### | 9/10 [00:00<00:00, 24.55it/s]
Trials: 100%|##########| 10/10 [00:00<00:00, 24.85it/s]

Trials:   0%|          | 0/10 [00:00<?, ?it/s]
Trials:  30%|###       | 3/10 [00:00<00:00, 24.42it/s]
Trials:  60%|######    | 6/10 [00:00<00:00, 24.43it/s]
Trials:  90%|######### | 9/10 [00:00<00:00, 24.61it/s]
Trials: 100%|##########| 10/10 [00:00<00:00, 24.58it/s]

Trials:   0%|          | 0/10 [00:00<?, ?it/s]
Trials:  30%|###       | 3/10 [00:00<00:00, 25.66it/s]
Trials:  60%|######    | 6/10 [00:00<00:00, 24.45it/s]
Trials:  90%|######### | 9/10 [00:00<00:00, 24.84it/s]
Trials: 100%|##########| 10/10 [00:00<00:00, 24.92it/s]

Trials:   0%|          | 0/10 [00:00<?, ?it/s]
Trials:  30%|###       | 3/10 [00:00<00:00, 25.53it/s]
Trials:  60%|######    | 6/10 [00:00<00:00, 25.54it/s]
Trials:  90%|######### | 9/10 [00:00<00:00, 25.49it/s]
Trials: 100%|##########| 10/10 [00:00<00:00, 25.50it/s]

Trials:   0%|          | 0/10 [00:00<?, ?it/s]
Trials:  30%|###       | 3/10 [00:00<00:00, 25.66it/s]
Trials:  60%|######    | 6/10 [00:00<00:00, 26.38it/s]
Trials:  90%|######### | 9/10 [00:00<00:00, 24.36it/s]
Trials: 100%|##########| 10/10 [00:00<00:00, 24.75it/s]

Trials:   0%|          | 0/10 [00:00<?, ?it/s]
Trials:  30%|###       | 3/10 [00:00<00:00, 26.20it/s]
Trials:  60%|######    | 6/10 [00:00<00:00, 26.12it/s]
Trials:  90%|######### | 9/10 [00:00<00:00, 26.15it/s]
Trials: 100%|##########| 10/10 [00:00<00:00, 26.14it/s]

Trials:   0%|          | 0/10 [00:00<?, ?it/s]
Trials:  30%|###       | 3/10 [00:00<00:00, 25.75it/s]
Trials:  60%|######    | 6/10 [00:00<00:00, 25.85it/s]
Trials:  90%|######### | 9/10 [00:00<00:00, 25.16it/s]
Trials: 100%|##########| 10/10 [00:00<00:00, 24.94it/s]

Trials:   0%|          | 0/10 [00:00<?, ?it/s]
Trials:  30%|###       | 3/10 [00:00<00:00, 24.85it/s]
Trials:  60%|######    | 6/10 [00:00<00:00, 24.82it/s]
Trials:  90%|######### | 9/10 [00:00<00:00, 23.18it/s]
Trials: 100%|##########| 10/10 [00:00<00:00, 23.65it/s]

Trials:   0%|          | 0/10 [00:00<?, ?it/s]
Trials:  30%|###       | 3/10 [00:00<00:00, 24.18it/s]
Trials:  60%|######    | 6/10 [00:00<00:00, 23.62it/s]
Trials:  90%|######### | 9/10 [00:00<00:00, 24.37it/s]
Trials: 100%|##########| 10/10 [00:00<00:00, 24.33it/s]

Trials:   0%|          | 0/10 [00:00<?, ?it/s]
Trials:  20%|##        | 2/10 [00:00<00:00, 18.95it/s]
Trials:  50%|#####     | 5/10 [00:00<00:00, 22.08it/s]
Trials:  80%|########  | 8/10 [00:00<00:00, 23.23it/s]
Trials: 100%|##########| 10/10 [00:00<00:00, 23.17it/s]

Trials:   0%|          | 0/10 [00:00<?, ?it/s]
Trials:  30%|###       | 3/10 [00:00<00:00, 23.35it/s]
Trials:  60%|######    | 6/10 [00:00<00:00, 24.10it/s]
Trials:  90%|######### | 9/10 [00:00<00:00, 24.45it/s]
Trials: 100%|##########| 10/10 [00:00<00:00, 24.32it/s]

Trials:   0%|          | 0/10 [00:00<?, ?it/s]
Trials:  30%|###       | 3/10 [00:00<00:00, 25.27it/s]
Trials:  60%|######    | 6/10 [00:00<00:00, 25.33it/s]
Trials:  90%|######### | 9/10 [00:00<00:00, 24.10it/s]
Trials: 100%|##########| 10/10 [00:00<00:00, 24.49it/s]

Trials:   0%|          | 0/10 [00:00<?, ?it/s]
Trials:  30%|###       | 3/10 [00:00<00:00, 25.27it/s]
Trials:  60%|######    | 6/10 [00:00<00:00, 24.10it/s]
Trials:  90%|######### | 9/10 [00:00<00:00, 24.61it/s]
Trials: 100%|##########| 10/10 [00:00<00:00, 24.65it/s]

Trials:   0%|          | 0/10 [00:00<?, ?it/s]
Trials:  30%|###       | 3/10 [00:00<00:00, 22.88it/s]
Trials:  60%|######    | 6/10 [00:00<00:00, 23.97it/s]
Trials:  90%|######### | 9/10 [00:00<00:00, 23.61it/s]
Trials: 100%|##########| 10/10 [00:00<00:00, 23.72it/s]

Trials:   0%|          | 0/10 [00:00<?, ?it/s]
Trials:  30%|###       | 3/10 [00:00<00:00, 25.48it/s]
Trials:  60%|######    | 6/10 [00:00<00:00, 25.51it/s]
Trials:  90%|######### | 9/10 [00:00<00:00, 25.26it/s]
Trials: 100%|##########| 10/10 [00:00<00:00, 24.78it/s]

Trials:   0%|          | 0/10 [00:00<?, ?it/s]
Trials:  30%|###       | 3/10 [00:00<00:00, 24.79it/s]
Trials:  60%|######    | 6/10 [00:00<00:00, 25.27it/s]
Trials:  90%|######### | 9/10 [00:00<00:00, 24.98it/s]
Trials: 100%|##########| 10/10 [00:00<00:00, 25.05it/s]

Trials:   0%|          | 0/10 [00:00<?, ?it/s]
Trials:  30%|###       | 3/10 [00:00<00:00, 24.86it/s]
Trials:  60%|######    | 6/10 [00:00<00:00, 24.89it/s]
Trials:  90%|######### | 9/10 [00:00<00:00, 23.88it/s]
Trials: 100%|##########| 10/10 [00:00<00:00, 24.09it/s]

Trials:   0%|          | 0/10 [00:00<?, ?it/s]
Trials:  30%|###       | 3/10 [00:00<00:00, 24.76it/s]
Trials:  60%|######    | 6/10 [00:00<00:00, 26.22it/s]
Trials:  90%|######### | 9/10 [00:00<00:00, 25.87it/s]
Trials: 100%|##########| 10/10 [00:00<00:00, 25.76it/s]

Trials:   0%|          | 0/10 [00:00<?, ?it/s]
Trials:  30%|###       | 3/10 [00:00<00:00, 25.50it/s]
Trials:  60%|######    | 6/10 [00:00<00:00, 23.43it/s]
Trials:  90%|######### | 9/10 [00:00<00:00, 24.36it/s]
Trials: 100%|##########| 10/10 [00:00<00:00, 24.43it/s]

Trials:   0%|          | 0/10 [00:00<?, ?it/s]
Trials:  20%|##        | 2/10 [00:00<00:00, 12.13it/s]
Trials:  40%|####      | 4/10 [00:00<00:00, 11.79it/s]
Trials:  60%|######    | 6/10 [00:00<00:00, 11.21it/s]
Trials:  80%|########  | 8/10 [00:00<00:00, 11.53it/s]
Trials: 100%|##########| 10/10 [00:00<00:00, 11.69it/s]
Trials: 100%|##########| 10/10 [00:00<00:00, 11.64it/s]

Trials:   0%|          | 0/10 [00:00<?, ?it/s]
Trials:  20%|##        | 2/10 [00:00<00:00, 11.27it/s]
Trials:  40%|####      | 4/10 [00:00<00:00, 11.47it/s]
Trials:  60%|######    | 6/10 [00:00<00:00, 11.76it/s]
Trials:  80%|########  | 8/10 [00:00<00:00, 11.58it/s]
Trials: 100%|##########| 10/10 [00:00<00:00, 11.60it/s]
Trials: 100%|##########| 10/10 [00:00<00:00, 11.58it/s]

Trials:   0%|          | 0/10 [00:00<?, ?it/s]
Trials:  20%|##        | 2/10 [00:00<00:00, 12.04it/s]
Trials:  40%|####      | 4/10 [00:00<00:00, 11.18it/s]
Trials:  60%|######    | 6/10 [00:00<00:00, 11.27it/s]
Trials:  80%|########  | 8/10 [00:00<00:00, 11.17it/s]
Trials: 100%|##########| 10/10 [00:00<00:00, 11.49it/s]
Trials: 100%|##########| 10/10 [00:00<00:00, 11.41it/s]

Trials:   0%|          | 0/10 [00:00<?, ?it/s]
Trials:  20%|##        | 2/10 [00:00<00:00, 10.43it/s]
Trials:  40%|####      | 4/10 [00:00<00:00, 10.77it/s]
Trials:  60%|######    | 6/10 [00:00<00:00, 10.90it/s]
Trials:  80%|########  | 8/10 [00:00<00:00, 10.63it/s]
Trials: 100%|##########| 10/10 [00:00<00:00, 10.55it/s]
Trials: 100%|##########| 10/10 [00:00<00:00, 10.62it/s]

Trials:   0%|          | 0/10 [00:00<?, ?it/s]
Trials:  20%|##        | 2/10 [00:00<00:00, 11.69it/s]
Trials:  40%|####      | 4/10 [00:00<00:00, 11.51it/s]
Trials:  60%|######    | 6/10 [00:00<00:00, 11.59it/s]
Trials:  80%|########  | 8/10 [00:00<00:00, 11.50it/s]
Trials: 100%|##########| 10/10 [00:00<00:00, 11.41it/s]
Trials: 100%|##########| 10/10 [00:00<00:00, 11.47it/s]

Trials:   0%|          | 0/10 [00:00<?, ?it/s]
Trials:  20%|##        | 2/10 [00:00<00:00, 12.04it/s]
Trials:  40%|####      | 4/10 [00:00<00:00, 11.88it/s]
Trials:  60%|######    | 6/10 [00:00<00:00, 11.75it/s]
Trials:  80%|########  | 8/10 [00:00<00:00, 11.70it/s]
Trials: 100%|##########| 10/10 [00:00<00:00, 11.43it/s]
Trials: 100%|##########| 10/10 [00:00<00:00, 11.59it/s]

Trials:   0%|          | 0/10 [00:00<?, ?it/s]
Trials:  10%|#         | 1/10 [00:00<00:01,  4.54it/s]
Trials:  20%|##        | 2/10 [00:00<00:01,  4.56it/s]
Trials:  30%|###       | 3/10 [00:00<00:01,  4.48it/s]
Trials:  40%|####      | 4/10 [00:00<00:01,  4.54it/s]
Trials:  50%|#####     | 5/10 [00:01<00:01,  4.54it/s]
Trials:  60%|######    | 6/10 [00:01<00:00,  4.49it/s]
Trials:  70%|#######   | 7/10 [00:01<00:00,  4.49it/s]
Trials:  80%|########  | 8/10 [00:01<00:00,  4.55it/s]
Trials:  90%|######### | 9/10 [00:01<00:00,  4.51it/s]
Trials: 100%|##########| 10/10 [00:02<00:00,  4.45it/s]
Trials: 100%|##########| 10/10 [00:02<00:00,  4.50it/s]

Trials:   0%|          | 0/10 [00:00<?, ?it/s]
Trials:  10%|#         | 1/10 [00:00<00:01,  7.25it/s]
Trials:  20%|##        | 2/10 [00:00<00:01,  6.97it/s]
Trials:  30%|###       | 3/10 [00:00<00:01,  6.93it/s]
Trials:  40%|####      | 4/10 [00:00<00:00,  6.73it/s]
Trials:  50%|#####     | 5/10 [00:00<00:00,  6.92it/s]
Trials:  60%|######    | 6/10 [00:00<00:00,  7.01it/s]
Trials:  70%|#######   | 7/10 [00:01<00:00,  6.99it/s]
Trials:  80%|########  | 8/10 [00:01<00:00,  7.05it/s]
Trials:  90%|######### | 9/10 [00:01<00:00,  6.77it/s]
Trials: 100%|##########| 10/10 [00:01<00:00,  6.89it/s]
Trials: 100%|##########| 10/10 [00:01<00:00,  6.92it/s]

Trials:   0%|          | 0/10 [00:00<?, ?it/s]
Trials:  10%|#         | 1/10 [00:00<00:01,  7.03it/s]
Trials:  20%|##        | 2/10 [00:00<00:01,  7.10it/s]
Trials:  30%|###       | 3/10 [00:00<00:00,  7.04it/s]
Trials:  40%|####      | 4/10 [00:00<00:00,  6.90it/s]
Trials:  50%|#####     | 5/10 [00:00<00:00,  7.00it/s]
Trials:  60%|######    | 6/10 [00:00<00:00,  7.19it/s]
Trials:  70%|#######   | 7/10 [00:00<00:00,  7.25it/s]
Trials:  80%|########  | 8/10 [00:01<00:00,  7.24it/s]
Trials:  90%|######### | 9/10 [00:01<00:00,  7.24it/s]
Trials: 100%|##########| 10/10 [00:01<00:00,  7.01it/s]
Trials: 100%|##########| 10/10 [00:01<00:00,  7.09it/s]

Trials:   0%|          | 0/10 [00:00<?, ?it/s]
Trials:  10%|#         | 1/10 [00:00<00:01,  8.12it/s]
Trials:  20%|##        | 2/10 [00:00<00:00,  8.19it/s]
Trials:  30%|###       | 3/10 [00:00<00:00,  8.17it/s]
Trials:  40%|####      | 4/10 [00:00<00:00,  8.16it/s]
Trials:  50%|#####     | 5/10 [00:00<00:00,  7.89it/s]
Trials:  60%|######    | 6/10 [00:00<00:00,  8.04it/s]
Trials:  70%|#######   | 7/10 [00:00<00:00,  8.07it/s]
Trials:  80%|########  | 8/10 [00:00<00:00,  8.11it/s]
Trials:  90%|######### | 9/10 [00:01<00:00,  8.04it/s]
Trials: 100%|##########| 10/10 [00:01<00:00,  8.12it/s]
Trials: 100%|##########| 10/10 [00:01<00:00,  8.09it/s]

Trials:   0%|          | 0/10 [00:00<?, ?it/s]
Trials:  10%|#         | 1/10 [00:00<00:00,  9.47it/s]
Trials:  30%|###       | 3/10 [00:00<00:00, 10.47it/s]
Trials:  50%|#####     | 5/10 [00:00<00:00, 10.69it/s]
Trials:  70%|#######   | 7/10 [00:00<00:00, 10.68it/s]
Trials:  90%|######### | 9/10 [00:00<00:00, 10.50it/s]
Trials: 100%|##########| 10/10 [00:00<00:00, 10.55it/s]

Trials:   0%|          | 0/10 [00:00<?, ?it/s]
Trials:  20%|##        | 2/10 [00:00<00:00, 10.81it/s]
Trials:  40%|####      | 4/10 [00:00<00:00, 10.84it/s]
Trials:  60%|######    | 6/10 [00:00<00:00, 10.84it/s]
Trials:  80%|########  | 8/10 [00:00<00:00, 10.57it/s]
Trials: 100%|##########| 10/10 [00:00<00:00, 10.67it/s]
Trials: 100%|##########| 10/10 [00:00<00:00, 10.70it/s]

Trials:   0%|          | 0/10 [00:00<?, ?it/s]
Trials:  10%|#         | 1/10 [00:00<00:02,  3.99it/s]
Trials:  20%|##        | 2/10 [00:00<00:02,  3.74it/s]
Trials:  30%|###       | 3/10 [00:00<00:01,  3.74it/s]
Trials:  40%|####      | 4/10 [00:01<00:01,  3.64it/s]
Trials:  50%|#####     | 5/10 [00:01<00:01,  3.69it/s]
Trials:  60%|######    | 6/10 [00:01<00:01,  3.79it/s]
Trials:  70%|#######   | 7/10 [00:01<00:00,  3.65it/s]
Trials:  80%|########  | 8/10 [00:02<00:00,  3.70it/s]
Trials:  90%|######### | 9/10 [00:02<00:00,  3.69it/s]
Trials: 100%|##########| 10/10 [00:02<00:00,  3.66it/s]
Trials: 100%|##########| 10/10 [00:02<00:00,  3.70it/s]

Trials:   0%|          | 0/10 [00:00<?, ?it/s]
Trials:  10%|#         | 1/10 [00:00<00:04,  2.13it/s]
Trials:  20%|##        | 2/10 [00:00<00:03,  2.10it/s]
Trials:  30%|###       | 3/10 [00:01<00:03,  2.08it/s]
Trials:  40%|####      | 4/10 [00:01<00:02,  2.10it/s]
Trials:  50%|#####     | 5/10 [00:02<00:02,  2.10it/s]
Trials:  60%|######    | 6/10 [00:02<00:01,  2.08it/s]
Trials:  70%|#######   | 7/10 [00:03<00:01,  2.08it/s]
Trials:  80%|########  | 8/10 [00:03<00:00,  2.07it/s]
Trials:  90%|######### | 9/10 [00:04<00:00,  2.10it/s]
Trials: 100%|##########| 10/10 [00:04<00:00,  2.09it/s]
Trials: 100%|##########| 10/10 [00:04<00:00,  2.09it/s]

Trials:   0%|          | 0/10 [00:00<?, ?it/s]
Trials:  10%|#         | 1/10 [00:00<00:03,  2.49it/s]
Trials:  20%|##        | 2/10 [00:00<00:03,  2.48it/s]
Trials:  30%|###       | 3/10 [00:01<00:02,  2.44it/s]
Trials:  40%|####      | 4/10 [00:01<00:02,  2.45it/s]
Trials:  50%|#####     | 5/10 [00:02<00:02,  2.45it/s]
Trials:  60%|######    | 6/10 [00:02<00:01,  2.49it/s]
Trials:  70%|#######   | 7/10 [00:02<00:01,  2.47it/s]
Trials:  80%|########  | 8/10 [00:03<00:00,  2.49it/s]
Trials:  90%|######### | 9/10 [00:03<00:00,  2.49it/s]
Trials: 100%|##########| 10/10 [00:04<00:00,  2.41it/s]
Trials: 100%|##########| 10/10 [00:04<00:00,  2.45it/s]

Trials:   0%|          | 0/10 [00:00<?, ?it/s]
Trials:  20%|##        | 2/10 [00:00<00:00, 12.68it/s]
Trials:  40%|####      | 4/10 [00:00<00:00, 12.78it/s]
Trials:  60%|######    | 6/10 [00:00<00:00, 13.05it/s]
Trials:  80%|########  | 8/10 [00:00<00:00, 12.95it/s]
Trials: 100%|##########| 10/10 [00:00<00:00, 12.88it/s]
Trials: 100%|##########| 10/10 [00:00<00:00, 12.89it/s]

Trials:   0%|          | 0/10 [00:00<?, ?it/s]
Trials:  20%|##        | 2/10 [00:00<00:00, 11.28it/s]
Trials:  40%|####      | 4/10 [00:00<00:00, 11.91it/s]
Trials:  60%|######    | 6/10 [00:00<00:00, 12.19it/s]
Trials:  80%|########  | 8/10 [00:00<00:00, 12.35it/s]
Trials: 100%|##########| 10/10 [00:00<00:00, 12.11it/s]
Trials: 100%|##########| 10/10 [00:00<00:00, 12.08it/s]

Trials:   0%|          | 0/10 [00:00<?, ?it/s]
Trials:  20%|##        | 2/10 [00:00<00:00, 13.08it/s]
Trials:  40%|####      | 4/10 [00:00<00:00, 13.06it/s]
Trials:  60%|######    | 6/10 [00:00<00:00, 13.08it/s]
Trials:  80%|########  | 8/10 [00:00<00:00, 12.74it/s]
Trials: 100%|##########| 10/10 [00:00<00:00, 12.82it/s]
Trials: 100%|##########| 10/10 [00:00<00:00, 12.88it/s]

Trials:   0%|          | 0/10 [00:00<?, ?it/s]
Trials:  20%|##        | 2/10 [00:00<00:00, 12.29it/s]
Trials:  40%|####      | 4/10 [00:00<00:00, 12.32it/s]
Trials:  60%|######    | 6/10 [00:00<00:00, 12.02it/s]
Trials:  80%|########  | 8/10 [00:00<00:00, 11.79it/s]
Trials: 100%|##########| 10/10 [00:00<00:00, 11.97it/s]
Trials: 100%|##########| 10/10 [00:00<00:00, 12.00it/s]

Trials:   0%|          | 0/10 [00:00<?, ?it/s]
Trials:  20%|##        | 2/10 [00:00<00:00, 12.16it/s]
Trials:  40%|####      | 4/10 [00:00<00:00, 12.16it/s]
Trials:  60%|######    | 6/10 [00:00<00:00, 11.19it/s]
Trials:  80%|########  | 8/10 [00:00<00:00, 11.55it/s]
Trials: 100%|##########| 10/10 [00:00<00:00, 11.77it/s]
Trials: 100%|##########| 10/10 [00:00<00:00, 11.71it/s]

Trials:   0%|          | 0/10 [00:00<?, ?it/s]
Trials:  20%|##        | 2/10 [00:00<00:00, 12.69it/s]
Trials:  40%|####      | 4/10 [00:00<00:00, 12.41it/s]
Trials:  60%|######    | 6/10 [00:00<00:00, 12.25it/s]
Trials:  80%|########  | 8/10 [00:00<00:00, 12.33it/s]
Trials: 100%|##########| 10/10 [00:00<00:00, 12.48it/s]
Trials: 100%|##########| 10/10 [00:00<00:00, 12.43it/s]

Trials:   0%|          | 0/10 [00:00<?, ?it/s]
Trials:  20%|##        | 2/10 [00:00<00:00, 12.28it/s]
Trials:  40%|####      | 4/10 [00:00<00:00, 11.78it/s]
Trials:  60%|######    | 6/10 [00:00<00:00, 11.80it/s]
Trials:  80%|########  | 8/10 [00:00<00:00, 12.11it/s]
Trials: 100%|##########| 10/10 [00:00<00:00, 12.24it/s]
Trials: 100%|##########| 10/10 [00:00<00:00, 12.11it/s]

Trials:   0%|          | 0/10 [00:00<?, ?it/s]
Trials:  10%|#         | 1/10 [00:00<00:00,  9.59it/s]
Trials:  20%|##        | 2/10 [00:00<00:00,  9.69it/s]
Trials:  30%|###       | 3/10 [00:00<00:00,  9.73it/s]
Trials:  40%|####      | 4/10 [00:00<00:00,  9.39it/s]
Trials:  50%|#####     | 5/10 [00:00<00:00,  9.50it/s]
Trials:  60%|######    | 6/10 [00:00<00:00,  9.59it/s]
Trials:  70%|#######   | 7/10 [00:00<00:00,  9.63it/s]
Trials:  80%|########  | 8/10 [00:00<00:00,  9.66it/s]
Trials:  90%|######### | 9/10 [00:00<00:00,  9.66it/s]
Trials: 100%|##########| 10/10 [00:01<00:00,  9.49it/s]
Trials: 100%|##########| 10/10 [00:01<00:00,  9.57it/s]

Trials:   0%|          | 0/10 [00:00<?, ?it/s]
Trials:  20%|##        | 2/10 [00:00<00:00, 11.82it/s]
Trials:  40%|####      | 4/10 [00:00<00:00, 12.30it/s]
Trials:  60%|######    | 6/10 [00:00<00:00, 12.35it/s]
Trials:  80%|########  | 8/10 [00:00<00:00, 12.48it/s]
Trials: 100%|##########| 10/10 [00:00<00:00, 12.24it/s]
Trials: 100%|##########| 10/10 [00:00<00:00, 12.27it/s]

Trials:   0%|          | 0/10 [00:00<?, ?it/s]
Trials:  20%|##        | 2/10 [00:00<00:00, 12.26it/s]
Trials:  40%|####      | 4/10 [00:00<00:00, 12.18it/s]
Trials:  60%|######    | 6/10 [00:00<00:00, 11.47it/s]
Trials:  80%|########  | 8/10 [00:00<00:00, 11.73it/s]
Trials: 100%|##########| 10/10 [00:00<00:00, 11.64it/s]
Trials: 100%|##########| 10/10 [00:00<00:00, 11.72it/s]

Trials:   0%|          | 0/10 [00:00<?, ?it/s]
Trials:  20%|##        | 2/10 [00:00<00:00, 11.23it/s]
Trials:  40%|####      | 4/10 [00:00<00:00, 11.46it/s]
Trials:  60%|######    | 6/10 [00:00<00:00, 11.25it/s]
Trials:  80%|########  | 8/10 [00:00<00:00, 11.33it/s]
Trials: 100%|##########| 10/10 [00:00<00:00, 11.44it/s]
Trials: 100%|##########| 10/10 [00:00<00:00, 11.39it/s]

Trials:   0%|          | 0/10 [00:00<?, ?it/s]
Trials:  20%|##        | 2/10 [00:00<00:00, 12.45it/s]
Trials:  40%|####      | 4/10 [00:00<00:00, 12.62it/s]
Trials:  60%|######    | 6/10 [00:00<00:00, 11.99it/s]
Trials:  80%|########  | 8/10 [00:00<00:00, 12.27it/s]
Trials: 100%|##########| 10/10 [00:00<00:00, 12.42it/s]
Trials: 100%|##########| 10/10 [00:00<00:00, 12.36it/s]

Trials:   0%|          | 0/10 [00:00<?, ?it/s]
Trials:  20%|##        | 2/10 [00:00<00:00, 12.23it/s]
Trials:  40%|####      | 4/10 [00:00<00:00, 11.34it/s]
Trials:  60%|######    | 6/10 [00:00<00:00, 11.73it/s]
Trials:  80%|########  | 8/10 [00:00<00:00, 12.09it/s]
Trials: 100%|##########| 10/10 [00:00<00:00, 12.22it/s]
Trials: 100%|##########| 10/10 [00:00<00:00, 12.04it/s]

Trials:   0%|          | 0/10 [00:00<?, ?it/s]
Trials:  10%|#         | 1/10 [00:00<00:01,  8.50it/s]
Trials:  20%|##        | 2/10 [00:00<00:00,  8.40it/s]
Trials:  30%|###       | 3/10 [00:00<00:00,  8.15it/s]
Trials:  40%|####      | 4/10 [00:00<00:00,  7.99it/s]
Trials:  50%|#####     | 5/10 [00:00<00:00,  8.06it/s]
Trials:  60%|######    | 6/10 [00:00<00:00,  8.24it/s]
Trials:  70%|#######   | 7/10 [00:00<00:00,  8.07it/s]
Trials:  80%|########  | 8/10 [00:00<00:00,  8.18it/s]
Trials:  90%|######### | 9/10 [00:01<00:00,  7.99it/s]
Trials: 100%|##########| 10/10 [00:01<00:00,  7.91it/s]
Trials: 100%|##########| 10/10 [00:01<00:00,  8.06it/s]

Trials:   0%|          | 0/10 [00:00<?, ?it/s]
Trials:  20%|##        | 2/10 [00:00<00:00, 12.79it/s]
Trials:  40%|####      | 4/10 [00:00<00:00, 12.75it/s]
Trials:  60%|######    | 6/10 [00:00<00:00, 12.48it/s]
Trials:  80%|########  | 8/10 [00:00<00:00, 12.59it/s]
Trials: 100%|##########| 10/10 [00:00<00:00, 12.65it/s]
Trials: 100%|##########| 10/10 [00:00<00:00, 12.63it/s]

Trials:   0%|          | 0/10 [00:00<?, ?it/s]
Trials:  20%|##        | 2/10 [00:00<00:00, 12.75it/s]
Trials:  40%|####      | 4/10 [00:00<00:00, 12.56it/s]
Trials:  60%|######    | 6/10 [00:00<00:00, 12.38it/s]
Trials:  80%|########  | 8/10 [00:00<00:00, 12.52it/s]
Trials: 100%|##########| 10/10 [00:00<00:00, 12.22it/s]
Trials: 100%|##########| 10/10 [00:00<00:00, 12.35it/s]

Trials:   0%|          | 0/10 [00:00<?, ?it/s]
Trials:  20%|##        | 2/10 [00:00<00:00, 13.11it/s]
Trials:  40%|####      | 4/10 [00:00<00:00, 13.08it/s]
Trials:  60%|######    | 6/10 [00:00<00:00, 12.65it/s]
Trials:  80%|########  | 8/10 [00:00<00:00, 12.84it/s]
Trials: 100%|##########| 10/10 [00:00<00:00, 12.91it/s]
Trials: 100%|##########| 10/10 [00:00<00:00, 12.89it/s]

Trials:   0%|          | 0/10 [00:00<?, ?it/s]
Trials:  20%|##        | 2/10 [00:00<00:00, 13.00it/s]
Trials:  40%|####      | 4/10 [00:00<00:00, 12.75it/s]
Trials:  60%|######    | 6/10 [00:00<00:00, 12.57it/s]
Trials:  80%|########  | 8/10 [00:00<00:00, 12.75it/s]
Trials: 100%|##########| 10/10 [00:00<00:00, 12.42it/s]
Trials: 100%|##########| 10/10 [00:00<00:00, 12.55it/s]

Trials:   0%|          | 0/10 [00:00<?, ?it/s]
Trials:  20%|##        | 2/10 [00:00<00:00, 11.58it/s]
Trials:  40%|####      | 4/10 [00:00<00:00, 11.73it/s]
Trials:  60%|######    | 6/10 [00:00<00:00, 11.38it/s]
Trials:  80%|########  | 8/10 [00:00<00:00, 11.97it/s]
Trials: 100%|##########| 10/10 [00:00<00:00, 12.11it/s]
Trials: 100%|##########| 10/10 [00:00<00:00, 11.91it/s]

Trials:   0%|          | 0/10 [00:00<?, ?it/s]
Trials:  20%|##        | 2/10 [00:00<00:00, 12.76it/s]
Trials:  40%|####      | 4/10 [00:00<00:00, 12.30it/s]
Trials:  60%|######    | 6/10 [00:00<00:00, 12.48it/s]
Trials:  80%|########  | 8/10 [00:00<00:00, 12.58it/s]
Trials: 100%|##########| 10/10 [00:00<00:00, 12.62it/s]
Trials: 100%|##########| 10/10 [00:00<00:00, 12.57it/s]

Trials:   0%|          | 0/10 [00:00<?, ?it/s]
Trials:  20%|##        | 2/10 [00:00<00:00, 11.03it/s]
Trials:  40%|####      | 4/10 [00:00<00:00, 11.95it/s]
Trials:  60%|######    | 6/10 [00:00<00:00, 12.31it/s]
Trials:  80%|########  | 8/10 [00:00<00:00, 12.17it/s]
Trials: 100%|##########| 10/10 [00:00<00:00, 12.37it/s]
Trials: 100%|##########| 10/10 [00:00<00:00, 12.20it/s]

Trials:   0%|          | 0/10 [00:00<?, ?it/s]
Trials:  20%|##        | 2/10 [00:00<00:00, 11.38it/s]
Trials:  40%|####      | 4/10 [00:00<00:00, 11.89it/s]
Trials:  60%|######    | 6/10 [00:00<00:00, 12.08it/s]
Trials:  80%|########  | 8/10 [00:00<00:00, 12.12it/s]
Trials: 100%|##########| 10/10 [00:00<00:00, 11.79it/s]
Trials: 100%|##########| 10/10 [00:00<00:00, 11.86it/s]

Trials:   0%|          | 0/10 [00:00<?, ?it/s]
Trials:  20%|##        | 2/10 [00:00<00:00, 12.67it/s]
Trials:  40%|####      | 4/10 [00:00<00:00, 12.67it/s]
Trials:  60%|######    | 6/10 [00:00<00:00, 12.25it/s]
Trials:  80%|########  | 8/10 [00:00<00:00, 12.07it/s]
Trials: 100%|##########| 10/10 [00:00<00:00, 12.25it/s]
Trials: 100%|##########| 10/10 [00:00<00:00, 12.29it/s]

Trials:   0%|          | 0/10 [00:00<?, ?it/s]
Trials:  20%|##        | 2/10 [00:00<00:00, 12.68it/s]
Trials:  40%|####      | 4/10 [00:00<00:00, 12.68it/s]
Trials:  60%|######    | 6/10 [00:00<00:00, 12.67it/s]
Trials:  80%|########  | 8/10 [00:00<00:00, 12.33it/s]
Trials: 100%|##########| 10/10 [00:00<00:00, 12.47it/s]
Trials: 100%|##########| 10/10 [00:00<00:00, 12.51it/s]

Trials:   0%|          | 0/10 [00:00<?, ?it/s]
Trials:  20%|##        | 2/10 [00:00<00:00, 11.80it/s]
Trials:  40%|####      | 4/10 [00:00<00:00, 12.07it/s]
Trials:  60%|######    | 6/10 [00:00<00:00, 11.44it/s]
Trials:  80%|########  | 8/10 [00:00<00:00, 11.75it/s]
Trials: 100%|##########| 10/10 [00:00<00:00, 11.95it/s]
Trials: 100%|##########| 10/10 [00:00<00:00, 11.85it/s]

Trials:   0%|          | 0/10 [00:00<?, ?it/s]
Trials:  20%|##        | 2/10 [00:00<00:00, 13.36it/s]
Trials:  40%|####      | 4/10 [00:00<00:00, 13.03it/s]
Trials:  60%|######    | 6/10 [00:00<00:00, 12.76it/s]
Trials:  80%|########  | 8/10 [00:00<00:00, 12.40it/s]
Trials: 100%|##########| 10/10 [00:00<00:00, 12.53it/s]
Trials: 100%|##########| 10/10 [00:00<00:00, 12.63it/s]

Trials:   0%|          | 0/10 [00:00<?, ?it/s]
Trials:  20%|##        | 2/10 [00:00<00:00, 12.24it/s]
Trials:  40%|####      | 4/10 [00:00<00:00, 12.54it/s]
Trials:  60%|######    | 6/10 [00:00<00:00, 12.17it/s]
Trials:  80%|########  | 8/10 [00:00<00:00, 12.40it/s]
Trials: 100%|##########| 10/10 [00:00<00:00, 12.54it/s]
Trials: 100%|##########| 10/10 [00:00<00:00, 12.45it/s]

Trials:   0%|          | 0/10 [00:00<?, ?it/s]
Trials:  20%|##        | 2/10 [00:00<00:00, 12.29it/s]
Trials:  40%|####      | 4/10 [00:00<00:00, 11.64it/s]
Trials:  60%|######    | 6/10 [00:00<00:00, 11.90it/s]
Trials:  80%|########  | 8/10 [00:00<00:00, 12.05it/s]
Trials: 100%|##########| 10/10 [00:00<00:00, 11.94it/s]
Trials: 100%|##########| 10/10 [00:00<00:00, 11.94it/s]

Trials:   0%|          | 0/10 [00:00<?, ?it/s]
Trials:  20%|##        | 2/10 [00:00<00:00, 11.19it/s]
Trials:  40%|####      | 4/10 [00:00<00:00, 12.04it/s]
Trials:  60%|######    | 6/10 [00:00<00:00, 12.34it/s]
Trials:  80%|########  | 8/10 [00:00<00:00, 12.48it/s]
Trials: 100%|##########| 10/10 [00:00<00:00, 12.31it/s]
Trials: 100%|##########| 10/10 [00:00<00:00, 12.24it/s]

Trials:   0%|          | 0/10 [00:00<?, ?it/s]
Trials:  20%|##        | 2/10 [00:00<00:00, 10.24it/s]
Trials:  40%|####      | 4/10 [00:00<00:00, 11.57it/s]
Trials:  60%|######    | 6/10 [00:00<00:00, 12.08it/s]
Trials:  80%|########  | 8/10 [00:00<00:00, 12.21it/s]
Trials: 100%|##########| 10/10 [00:00<00:00, 12.18it/s]
Trials: 100%|##########| 10/10 [00:00<00:00, 11.97it/s]

Trials:   0%|          | 0/10 [00:00<?, ?it/s]
Trials:  20%|##        | 2/10 [00:00<00:00, 12.52it/s]
Trials:  40%|####      | 4/10 [00:00<00:00, 12.66it/s]
Trials:  60%|######    | 6/10 [00:00<00:00, 12.71it/s]
Trials:  80%|########  | 8/10 [00:00<00:00, 12.75it/s]
Trials: 100%|##########| 10/10 [00:00<00:00, 12.38it/s]
Trials: 100%|##########| 10/10 [00:00<00:00, 12.51it/s]

Trials:   0%|          | 0/10 [00:00<?, ?it/s]
Trials:  20%|##        | 2/10 [00:00<00:00, 12.92it/s]
Trials:  40%|####      | 4/10 [00:00<00:00, 13.01it/s]
Trials:  60%|######    | 6/10 [00:00<00:00, 13.38it/s]
Trials:  80%|########  | 8/10 [00:00<00:00, 13.13it/s]
Trials: 100%|##########| 10/10 [00:00<00:00, 12.80it/s]
Trials: 100%|##########| 10/10 [00:00<00:00, 12.95it/s]

Trials:   0%|          | 0/10 [00:00<?, ?it/s]
Trials:  20%|##        | 2/10 [00:00<00:00, 12.66it/s]
Trials:  40%|####      | 4/10 [00:00<00:00, 12.82it/s]
Trials:  60%|######    | 6/10 [00:00<00:00, 12.88it/s]
Trials:  80%|########  | 8/10 [00:00<00:00, 12.95it/s]
Trials: 100%|##########| 10/10 [00:00<00:00, 12.62it/s]
Trials: 100%|##########| 10/10 [00:00<00:00, 12.73it/s]

Trials:   0%|          | 0/10 [00:00<?, ?it/s]
Trials:  20%|##        | 2/10 [00:00<00:00, 12.31it/s]
Trials:  40%|####      | 4/10 [00:00<00:00, 12.33it/s]
Trials:  60%|######    | 6/10 [00:00<00:00, 11.56it/s]
Trials:  80%|########  | 8/10 [00:00<00:00, 11.55it/s]
Trials: 100%|##########| 10/10 [00:00<00:00, 11.82it/s]
Trials: 100%|##########| 10/10 [00:00<00:00, 11.82it/s]

Trials:   0%|          | 0/10 [00:00<?, ?it/s]
Trials:  20%|##        | 2/10 [00:00<00:00, 12.68it/s]
Trials:  40%|####      | 4/10 [00:00<00:00, 12.72it/s]
Trials:  60%|######    | 6/10 [00:00<00:00, 12.48it/s]
Trials:  80%|########  | 8/10 [00:00<00:00, 12.55it/s]
Trials: 100%|##########| 10/10 [00:00<00:00, 12.61it/s]
Trials: 100%|##########| 10/10 [00:00<00:00, 12.59it/s]

Trials:   0%|          | 0/10 [00:00<?, ?it/s]
Trials:  20%|##        | 2/10 [00:00<00:00, 12.62it/s]
Trials:  40%|####      | 4/10 [00:00<00:00, 12.40it/s]
Trials:  60%|######    | 6/10 [00:00<00:00, 12.34it/s]
Trials:  80%|########  | 8/10 [00:00<00:00, 12.35it/s]
Trials: 100%|##########| 10/10 [00:00<00:00, 12.49it/s]
Trials: 100%|##########| 10/10 [00:00<00:00, 12.45it/s]

Trials:   0%|          | 0/10 [00:00<?, ?it/s]
Trials:  20%|##        | 2/10 [00:00<00:00, 10.46it/s]
Trials:  40%|####      | 4/10 [00:00<00:00, 11.31it/s]
Trials:  60%|######    | 6/10 [00:00<00:00, 11.72it/s]
Trials:  80%|########  | 8/10 [00:00<00:00, 11.79it/s]
Trials: 100%|##########| 10/10 [00:00<00:00, 11.60it/s]
Trials: 100%|##########| 10/10 [00:00<00:00, 11.54it/s]

Trials:   0%|          | 0/10 [00:00<?, ?it/s]
Trials:  20%|##        | 2/10 [00:00<00:00, 12.67it/s]
Trials:  40%|####      | 4/10 [00:00<00:00, 12.67it/s]
Trials:  60%|######    | 6/10 [00:00<00:00, 12.66it/s]
Trials:  80%|########  | 8/10 [00:00<00:00, 12.62it/s]
Trials: 100%|##########| 10/10 [00:00<00:00, 12.89it/s]
Trials: 100%|##########| 10/10 [00:00<00:00, 12.78it/s]

Trials:   0%|          | 0/10 [00:00<?, ?it/s]
Trials:  20%|##        | 2/10 [00:00<00:00, 12.01it/s]
Trials:  40%|####      | 4/10 [00:00<00:00, 12.38it/s]
Trials:  60%|######    | 6/10 [00:00<00:00, 12.49it/s]
Trials:  80%|########  | 8/10 [00:00<00:00, 12.43it/s]
Trials: 100%|##########| 10/10 [00:00<00:00, 12.15it/s]
Trials: 100%|##########| 10/10 [00:00<00:00, 12.25it/s]

Trials:   0%|          | 0/10 [00:00<?, ?it/s]
Trials:  20%|##        | 2/10 [00:00<00:00, 12.28it/s]
Trials:  40%|####      | 4/10 [00:00<00:00, 12.26it/s]
Trials:  60%|######    | 6/10 [00:00<00:00, 12.27it/s]
Trials:  80%|########  | 8/10 [00:00<00:00, 11.80it/s]
Trials: 100%|##########| 10/10 [00:00<00:00, 11.96it/s]
Trials: 100%|##########| 10/10 [00:00<00:00, 12.02it/s]

Trials:   0%|          | 0/10 [00:00<?, ?it/s]
Trials:  20%|##        | 2/10 [00:00<00:00, 12.77it/s]
Trials:  40%|####      | 4/10 [00:00<00:00, 12.73it/s]
Trials:  60%|######    | 6/10 [00:00<00:00, 12.34it/s]
Trials:  80%|########  | 8/10 [00:00<00:00, 12.48it/s]
Trials: 100%|##########| 10/10 [00:00<00:00, 12.58it/s]
Trials: 100%|##########| 10/10 [00:00<00:00, 12.55it/s]

Trials:   0%|          | 0/10 [00:00<?, ?it/s]
Trials:  20%|##        | 2/10 [00:00<00:00, 12.78it/s]
Trials:  40%|####      | 4/10 [00:00<00:00, 12.58it/s]
Trials:  60%|######    | 6/10 [00:00<00:00, 12.01it/s]
Trials:  80%|########  | 8/10 [00:00<00:00, 12.29it/s]
Trials: 100%|##########| 10/10 [00:00<00:00, 12.48it/s]
Trials: 100%|##########| 10/10 [00:00<00:00, 12.41it/s]

Trials:   0%|          | 0/10 [00:00<?, ?it/s]
Trials:  20%|##        | 2/10 [00:00<00:00, 12.21it/s]
Trials:  40%|####      | 4/10 [00:00<00:00, 11.99it/s]
Trials:  60%|######    | 6/10 [00:00<00:00, 12.11it/s]
Trials:  80%|########  | 8/10 [00:00<00:00, 12.18it/s]
Trials: 100%|##########| 10/10 [00:00<00:00, 11.90it/s]
Trials: 100%|##########| 10/10 [00:00<00:00, 11.99it/s]

Trials:   0%|          | 0/10 [00:00<?, ?it/s]
Trials:  20%|##        | 2/10 [00:00<00:00, 11.78it/s]
Trials:  40%|####      | 4/10 [00:00<00:00, 12.38it/s]
Trials:  60%|######    | 6/10 [00:00<00:00, 12.49it/s]
Trials:  80%|########  | 8/10 [00:00<00:00, 12.60it/s]
Trials: 100%|##########| 10/10 [00:00<00:00, 12.66it/s]
Trials: 100%|##########| 10/10 [00:00<00:00, 12.54it/s]

Trials:   0%|          | 0/10 [00:00<?, ?it/s]
Trials:  20%|##        | 2/10 [00:00<00:00, 11.27it/s]
Trials:  40%|####      | 4/10 [00:00<00:00, 12.40it/s]
Trials:  60%|######    | 6/10 [00:00<00:00, 12.57it/s]
Trials:  80%|########  | 8/10 [00:00<00:00, 12.63it/s]
Trials: 100%|##########| 10/10 [00:00<00:00, 12.68it/s]
Trials: 100%|##########| 10/10 [00:00<00:00, 12.53it/s]

Trials:   0%|          | 0/10 [00:00<?, ?it/s]
Trials:  10%|#         | 1/10 [00:00<00:01,  6.07it/s]
Trials:  20%|##        | 2/10 [00:00<00:01,  6.08it/s]
Trials:  30%|###       | 3/10 [00:00<00:01,  6.08it/s]
Trials:  40%|####      | 4/10 [00:00<00:00,  6.00it/s]
Trials:  50%|#####     | 5/10 [00:00<00:00,  6.02it/s]
Trials:  60%|######    | 6/10 [00:00<00:00,  6.04it/s]
Trials:  70%|#######   | 7/10 [00:01<00:00,  6.03it/s]
Trials:  80%|########  | 8/10 [00:01<00:00,  6.04it/s]
Trials:  90%|######### | 9/10 [00:01<00:00,  5.92it/s]
Trials: 100%|##########| 10/10 [00:01<00:00,  5.95it/s]
Trials: 100%|##########| 10/10 [00:01<00:00,  6.00it/s]

Trials:   0%|          | 0/10 [00:00<?, ?it/s]
Trials:  10%|#         | 1/10 [00:00<00:01,  6.15it/s]
Trials:  20%|##        | 2/10 [00:00<00:01,  6.14it/s]
Trials:  30%|###       | 3/10 [00:00<00:01,  6.00it/s]
Trials:  40%|####      | 4/10 [00:00<00:00,  6.04it/s]
Trials:  50%|#####     | 5/10 [00:00<00:00,  6.09it/s]
Trials:  60%|######    | 6/10 [00:00<00:00,  6.08it/s]
Trials:  70%|#######   | 7/10 [00:01<00:00,  6.10it/s]
Trials:  80%|########  | 8/10 [00:01<00:00,  6.03it/s]
Trials:  90%|######### | 9/10 [00:01<00:00,  6.06it/s]
Trials: 100%|##########| 10/10 [00:01<00:00,  6.09it/s]
Trials: 100%|##########| 10/10 [00:01<00:00,  6.08it/s]

Trials:   0%|          | 0/10 [00:00<?, ?it/s]
Trials:  10%|#         | 1/10 [00:00<00:01,  5.46it/s]
Trials:  20%|##        | 2/10 [00:00<00:01,  5.79it/s]
Trials:  30%|###       | 3/10 [00:00<00:01,  5.88it/s]
Trials:  40%|####      | 4/10 [00:00<00:01,  5.95it/s]
Trials:  50%|#####     | 5/10 [00:00<00:00,  5.98it/s]
Trials:  60%|######    | 6/10 [00:01<00:00,  5.75it/s]
Trials:  70%|#######   | 7/10 [00:01<00:00,  5.92it/s]
Trials:  80%|########  | 8/10 [00:01<00:00,  5.84it/s]
Trials:  90%|######### | 9/10 [00:01<00:00,  5.76it/s]
Trials: 100%|##########| 10/10 [00:01<00:00,  5.77it/s]
Trials: 100%|##########| 10/10 [00:01<00:00,  5.82it/s]

Trials:   0%|          | 0/10 [00:00<?, ?it/s]
Trials:  10%|#         | 1/10 [00:00<00:01,  5.31it/s]
Trials:  20%|##        | 2/10 [00:00<00:01,  5.33it/s]
Trials:  30%|###       | 3/10 [00:00<00:01,  5.39it/s]
Trials:  40%|####      | 4/10 [00:00<00:01,  5.27it/s]
Trials:  50%|#####     | 5/10 [00:00<00:00,  5.20it/s]
Trials:  60%|######    | 6/10 [00:01<00:00,  5.33it/s]
Trials:  70%|#######   | 7/10 [00:01<00:00,  5.37it/s]
Trials:  80%|########  | 8/10 [00:01<00:00,  5.37it/s]
Trials:  90%|######### | 9/10 [00:01<00:00,  5.37it/s]
Trials: 100%|##########| 10/10 [00:01<00:00,  5.43it/s]
Trials: 100%|##########| 10/10 [00:01<00:00,  5.36it/s]

Trials:   0%|          | 0/10 [00:00<?, ?it/s]
Trials:  10%|#         | 1/10 [00:00<00:01,  5.93it/s]
Trials:  20%|##        | 2/10 [00:00<00:01,  5.87it/s]
Trials:  30%|###       | 3/10 [00:00<00:01,  5.63it/s]
Trials:  40%|####      | 4/10 [00:00<00:01,  5.75it/s]
Trials:  50%|#####     | 5/10 [00:00<00:00,  5.82it/s]
Trials:  60%|######    | 6/10 [00:01<00:00,  5.84it/s]
Trials:  70%|#######   | 7/10 [00:01<00:00,  5.70it/s]
Trials:  80%|########  | 8/10 [00:01<00:00,  5.78it/s]
Trials:  90%|######### | 9/10 [00:01<00:00,  5.83it/s]
Trials: 100%|##########| 10/10 [00:01<00:00,  5.86it/s]
Trials: 100%|##########| 10/10 [00:01<00:00,  5.81it/s]

Trials:   0%|          | 0/10 [00:00<?, ?it/s]
Trials:  10%|#         | 1/10 [00:00<00:01,  5.52it/s]
Trials:  20%|##        | 2/10 [00:00<00:01,  5.69it/s]
Trials:  30%|###       | 3/10 [00:00<00:01,  5.64it/s]
Trials:  40%|####      | 4/10 [00:00<00:01,  5.70it/s]
Trials:  50%|#####     | 5/10 [00:00<00:00,  5.74it/s]
Trials:  60%|######    | 6/10 [00:01<00:00,  5.63it/s]
Trials:  70%|#######   | 7/10 [00:01<00:00,  5.74it/s]
Trials:  80%|########  | 8/10 [00:01<00:00,  5.77it/s]
Trials:  90%|######### | 9/10 [00:01<00:00,  5.78it/s]
Trials: 100%|##########| 10/10 [00:01<00:00,  5.77it/s]
Trials: 100%|##########| 10/10 [00:01<00:00,  5.73it/s]

Trials:   0%|          | 0/10 [00:00<?, ?it/s]
Trials:  10%|#         | 1/10 [00:00<00:05,  1.61it/s]
Trials:  20%|##        | 2/10 [00:01<00:05,  1.59it/s]
Trials:  30%|###       | 3/10 [00:01<00:04,  1.60it/s]
Trials:  40%|####      | 4/10 [00:02<00:03,  1.58it/s]
Trials:  50%|#####     | 5/10 [00:03<00:03,  1.57it/s]
Trials:  60%|######    | 6/10 [00:03<00:02,  1.59it/s]
Trials:  70%|#######   | 7/10 [00:04<00:01,  1.60it/s]
Trials:  80%|########  | 8/10 [00:05<00:01,  1.60it/s]
Trials:  90%|######### | 9/10 [00:05<00:00,  1.60it/s]
Trials: 100%|##########| 10/10 [00:06<00:00,  1.58it/s]
Trials: 100%|##########| 10/10 [00:06<00:00,  1.59it/s]

Trials:   0%|          | 0/10 [00:00<?, ?it/s]
Trials:  10%|#         | 1/10 [00:00<00:02,  3.57it/s]
Trials:  20%|##        | 2/10 [00:00<00:02,  3.57it/s]
Trials:  30%|###       | 3/10 [00:00<00:01,  3.52it/s]
Trials:  40%|####      | 4/10 [00:01<00:01,  3.54it/s]
Trials:  50%|#####     | 5/10 [00:01<00:01,  3.47it/s]
Trials:  60%|######    | 6/10 [00:01<00:01,  3.50it/s]
Trials:  70%|#######   | 7/10 [00:01<00:00,  3.53it/s]
Trials:  80%|########  | 8/10 [00:02<00:00,  3.50it/s]
Trials:  90%|######### | 9/10 [00:02<00:00,  3.52it/s]
Trials: 100%|##########| 10/10 [00:02<00:00,  3.53it/s]
Trials: 100%|##########| 10/10 [00:02<00:00,  3.52it/s]

Trials:   0%|          | 0/10 [00:00<?, ?it/s]
Trials:  10%|#         | 1/10 [00:00<00:02,  3.40it/s]
Trials:  20%|##        | 2/10 [00:00<00:02,  3.54it/s]
Trials:  30%|###       | 3/10 [00:00<00:01,  3.59it/s]
Trials:  40%|####      | 4/10 [00:01<00:01,  3.59it/s]
Trials:  50%|#####     | 5/10 [00:01<00:01,  3.59it/s]
Trials:  60%|######    | 6/10 [00:01<00:01,  3.57it/s]
Trials:  70%|#######   | 7/10 [00:01<00:00,  3.60it/s]
Trials:  80%|########  | 8/10 [00:02<00:00,  3.57it/s]
Trials:  90%|######### | 9/10 [00:02<00:00,  3.60it/s]
Trials: 100%|##########| 10/10 [00:02<00:00,  3.62it/s]
Trials: 100%|##########| 10/10 [00:02<00:00,  3.59it/s]

Trials:   0%|          | 0/10 [00:00<?, ?it/s]
Trials:  10%|#         | 1/10 [00:00<00:02,  3.43it/s]
Trials:  20%|##        | 2/10 [00:00<00:02,  3.51it/s]
Trials:  30%|###       | 3/10 [00:00<00:01,  3.52it/s]
Trials:  40%|####      | 4/10 [00:01<00:01,  3.51it/s]
Trials:  50%|#####     | 5/10 [00:01<00:01,  3.51it/s]
Trials:  60%|######    | 6/10 [00:01<00:01,  3.49it/s]
Trials:  70%|#######   | 7/10 [00:01<00:00,  3.51it/s]
Trials:  80%|########  | 8/10 [00:02<00:00,  3.42it/s]
Trials:  90%|######### | 9/10 [00:02<00:00,  3.39it/s]
Trials: 100%|##########| 10/10 [00:02<00:00,  3.40it/s]
Trials: 100%|##########| 10/10 [00:02<00:00,  3.45it/s]

Trials:   0%|          | 0/10 [00:00<?, ?it/s]
Trials:  10%|#         | 1/10 [00:00<00:01,  5.66it/s]
Trials:  20%|##        | 2/10 [00:00<00:01,  5.58it/s]
Trials:  30%|###       | 3/10 [00:00<00:01,  5.61it/s]
Trials:  40%|####      | 4/10 [00:00<00:01,  5.61it/s]
Trials:  50%|#####     | 5/10 [00:00<00:00,  5.61it/s]
Trials:  60%|######    | 6/10 [00:01<00:00,  5.60it/s]
Trials:  70%|#######   | 7/10 [00:01<00:00,  5.38it/s]
Trials:  80%|########  | 8/10 [00:01<00:00,  5.45it/s]
Trials:  90%|######### | 9/10 [00:01<00:00,  5.50it/s]
Trials: 100%|##########| 10/10 [00:01<00:00,  5.54it/s]
Trials: 100%|##########| 10/10 [00:01<00:00,  5.54it/s]

Trials:   0%|          | 0/10 [00:00<?, ?it/s]
Trials:  10%|#         | 1/10 [00:00<00:01,  5.19it/s]
Trials:  20%|##        | 2/10 [00:00<00:01,  5.29it/s]
Trials:  30%|###       | 3/10 [00:00<00:01,  5.33it/s]
Trials:  40%|####      | 4/10 [00:00<00:01,  5.21it/s]
Trials:  50%|#####     | 5/10 [00:00<00:00,  5.27it/s]
Trials:  60%|######    | 6/10 [00:01<00:00,  5.30it/s]
Trials:  70%|#######   | 7/10 [00:01<00:00,  5.33it/s]
Trials:  80%|########  | 8/10 [00:01<00:00,  5.26it/s]
Trials:  90%|######### | 9/10 [00:01<00:00,  5.16it/s]
Trials: 100%|##########| 10/10 [00:01<00:00,  5.21it/s]
Trials: 100%|##########| 10/10 [00:01<00:00,  5.25it/s]

Trials:   0%|          | 0/10 [00:00<?, ?it/s]
Trials:  10%|#         | 1/10 [00:00<00:06,  1.37it/s]
Trials:  20%|##        | 2/10 [00:01<00:05,  1.39it/s]
Trials:  30%|###       | 3/10 [00:02<00:05,  1.35it/s]
Trials:  40%|####      | 4/10 [00:02<00:04,  1.38it/s]
Trials:  50%|#####     | 5/10 [00:03<00:03,  1.39it/s]
Trials:  60%|######    | 6/10 [00:04<00:02,  1.38it/s]
Trials:  70%|#######   | 7/10 [00:05<00:02,  1.38it/s]
Trials:  80%|########  | 8/10 [00:05<00:01,  1.40it/s]
Trials:  90%|######### | 9/10 [00:06<00:00,  1.41it/s]
Trials: 100%|##########| 10/10 [00:07<00:00,  1.42it/s]
Trials: 100%|##########| 10/10 [00:07<00:00,  1.40it/s]

Trials:   0%|          | 0/10 [00:00<?, ?it/s]
Trials:  10%|#         | 1/10 [00:00<00:07,  1.27it/s]
Trials:  20%|##        | 2/10 [00:01<00:06,  1.27it/s]
Trials:  30%|###       | 3/10 [00:02<00:05,  1.26it/s]
Trials:  40%|####      | 4/10 [00:03<00:04,  1.27it/s]
Trials:  50%|#####     | 5/10 [00:03<00:03,  1.26it/s]
Trials:  60%|######    | 6/10 [00:04<00:03,  1.25it/s]
Trials:  70%|#######   | 7/10 [00:05<00:02,  1.25it/s]
Trials:  80%|########  | 8/10 [00:06<00:01,  1.25it/s]
Trials:  90%|######### | 9/10 [00:07<00:00,  1.26it/s]
Trials: 100%|##########| 10/10 [00:07<00:00,  1.27it/s]
Trials: 100%|##########| 10/10 [00:07<00:00,  1.26it/s]

Trials:   0%|          | 0/10 [00:00<?, ?it/s]
Trials:  10%|#         | 1/10 [00:00<00:05,  1.65it/s]
Trials:  20%|##        | 2/10 [00:01<00:04,  1.69it/s]
Trials:  30%|###       | 3/10 [00:01<00:04,  1.66it/s]
Trials:  40%|####      | 4/10 [00:02<00:03,  1.68it/s]
Trials:  50%|#####     | 5/10 [00:02<00:02,  1.68it/s]
Trials:  60%|######    | 6/10 [00:03<00:02,  1.66it/s]
Trials:  70%|#######   | 7/10 [00:04<00:01,  1.67it/s]
Trials:  80%|########  | 8/10 [00:04<00:01,  1.69it/s]
Trials:  90%|######### | 9/10 [00:05<00:00,  1.69it/s]
Trials: 100%|##########| 10/10 [00:05<00:00,  1.69it/s]
Trials: 100%|##########| 10/10 [00:05<00:00,  1.68it/s]

Trials:   0%|          | 0/10 [00:00<?, ?it/s]
Trials:  10%|#         | 1/10 [00:00<00:01,  6.36it/s]
Trials:  20%|##        | 2/10 [00:00<00:01,  6.08it/s]
Trials:  30%|###       | 3/10 [00:00<00:01,  6.03it/s]
Trials:  40%|####      | 4/10 [00:00<00:00,  6.17it/s]
Trials:  50%|#####     | 5/10 [00:00<00:00,  6.23it/s]
Trials:  60%|######    | 6/10 [00:00<00:00,  6.19it/s]
Trials:  70%|#######   | 7/10 [00:01<00:00,  6.16it/s]
Trials:  80%|########  | 8/10 [00:01<00:00,  6.24it/s]
Trials:  90%|######### | 9/10 [00:01<00:00,  6.20it/s]
Trials: 100%|##########| 10/10 [00:01<00:00,  6.32it/s]
Trials: 100%|##########| 10/10 [00:01<00:00,  6.22it/s]

Trials:   0%|          | 0/10 [00:00<?, ?it/s]
Trials:  10%|#         | 1/10 [00:00<00:01,  5.87it/s]
Trials:  20%|##        | 2/10 [00:00<00:01,  6.09it/s]
Trials:  30%|###       | 3/10 [00:00<00:01,  6.07it/s]
Trials:  40%|####      | 4/10 [00:00<00:00,  6.03it/s]
Trials:  50%|#####     | 5/10 [00:00<00:00,  6.11it/s]
Trials:  60%|######    | 6/10 [00:00<00:00,  5.97it/s]
Trials:  70%|#######   | 7/10 [00:01<00:00,  5.89it/s]
Trials:  80%|########  | 8/10 [00:01<00:00,  6.01it/s]
Trials:  90%|######### | 9/10 [00:01<00:00,  6.08it/s]
Trials: 100%|##########| 10/10 [00:01<00:00,  6.04it/s]
Trials: 100%|##########| 10/10 [00:01<00:00,  6.03it/s]

Trials:   0%|          | 0/10 [00:00<?, ?it/s]
Trials:  10%|#         | 1/10 [00:00<00:01,  5.87it/s]
Trials:  20%|##        | 2/10 [00:00<00:01,  6.07it/s]
Trials:  30%|###       | 3/10 [00:00<00:01,  6.26it/s]
Trials:  40%|####      | 4/10 [00:00<00:00,  6.37it/s]
Trials:  50%|#####     | 5/10 [00:00<00:00,  6.43it/s]
Trials:  60%|######    | 6/10 [00:00<00:00,  6.31it/s]
Trials:  70%|#######   | 7/10 [00:01<00:00,  6.38it/s]
Trials:  80%|########  | 8/10 [00:01<00:00,  6.42it/s]
Trials:  90%|######### | 9/10 [00:01<00:00,  6.45it/s]
Trials: 100%|##########| 10/10 [00:01<00:00,  6.48it/s]
Trials: 100%|##########| 10/10 [00:01<00:00,  6.38it/s]

Trials:   0%|          | 0/10 [00:00<?, ?it/s]
Trials:  10%|#         | 1/10 [00:00<00:01,  5.67it/s]
Trials:  20%|##        | 2/10 [00:00<00:01,  5.95it/s]
Trials:  30%|###       | 3/10 [00:00<00:01,  6.03it/s]
Trials:  40%|####      | 4/10 [00:00<00:00,  6.10it/s]
Trials:  50%|#####     | 5/10 [00:00<00:00,  6.00it/s]
Trials:  60%|######    | 6/10 [00:00<00:00,  6.06it/s]
Trials:  70%|#######   | 7/10 [00:01<00:00,  6.08it/s]
Trials:  80%|########  | 8/10 [00:01<00:00,  5.85it/s]
Trials:  90%|######### | 9/10 [00:01<00:00,  5.94it/s]
Trials: 100%|##########| 10/10 [00:01<00:00,  5.80it/s]
Trials: 100%|##########| 10/10 [00:01<00:00,  5.92it/s]

Trials:   0%|          | 0/10 [00:00<?, ?it/s]
Trials:  10%|#         | 1/10 [00:00<00:01,  6.08it/s]
Trials:  20%|##        | 2/10 [00:00<00:01,  6.15it/s]
Trials:  30%|###       | 3/10 [00:00<00:01,  6.17it/s]
Trials:  40%|####      | 4/10 [00:00<00:00,  6.12it/s]
Trials:  50%|#####     | 5/10 [00:00<00:00,  5.98it/s]
Trials:  60%|######    | 6/10 [00:00<00:00,  5.99it/s]
Trials:  70%|#######   | 7/10 [00:01<00:00,  5.92it/s]
Trials:  80%|########  | 8/10 [00:01<00:00,  5.96it/s]
Trials:  90%|######### | 9/10 [00:01<00:00,  5.87it/s]
Trials: 100%|##########| 10/10 [00:01<00:00,  5.93it/s]
Trials: 100%|##########| 10/10 [00:01<00:00,  5.98it/s]

Trials:   0%|          | 0/10 [00:00<?, ?it/s]
Trials:  10%|#         | 1/10 [00:00<00:01,  6.34it/s]
Trials:  20%|##        | 2/10 [00:00<00:01,  6.26it/s]
Trials:  30%|###       | 3/10 [00:00<00:01,  6.02it/s]
Trials:  40%|####      | 4/10 [00:00<00:00,  6.13it/s]
Trials:  50%|#####     | 5/10 [00:00<00:00,  6.18it/s]
Trials:  60%|######    | 6/10 [00:00<00:00,  5.87it/s]
Trials:  70%|#######   | 7/10 [00:01<00:00,  5.81it/s]
Trials:  80%|########  | 8/10 [00:01<00:00,  5.81it/s]
Trials:  90%|######### | 9/10 [00:01<00:00,  5.97it/s]
Trials: 100%|##########| 10/10 [00:01<00:00,  5.92it/s]
Trials: 100%|##########| 10/10 [00:01<00:00,  5.97it/s]

Trials:   0%|          | 0/10 [00:00<?, ?it/s]
Trials:  10%|#         | 1/10 [00:00<00:01,  5.75it/s]
Trials:  20%|##        | 2/10 [00:00<00:01,  5.56it/s]
Trials:  30%|###       | 3/10 [00:00<00:01,  5.78it/s]
Trials:  40%|####      | 4/10 [00:00<00:01,  5.88it/s]
Trials:  50%|#####     | 5/10 [00:00<00:00,  5.85it/s]
Trials:  60%|######    | 6/10 [00:01<00:00,  5.79it/s]
Trials:  70%|#######   | 7/10 [00:01<00:00,  5.87it/s]
Trials:  80%|########  | 8/10 [00:01<00:00,  5.93it/s]
Trials:  90%|######### | 9/10 [00:01<00:00,  5.97it/s]
Trials: 100%|##########| 10/10 [00:01<00:00,  5.90it/s]
Trials: 100%|##########| 10/10 [00:01<00:00,  5.86it/s]

Trials:   0%|          | 0/10 [00:00<?, ?it/s]
Trials:  10%|#         | 1/10 [00:00<00:02,  4.26it/s]
Trials:  20%|##        | 2/10 [00:00<00:01,  4.32it/s]
Trials:  30%|###       | 3/10 [00:00<00:01,  4.42it/s]
Trials:  40%|####      | 4/10 [00:00<00:01,  4.33it/s]
Trials:  50%|#####     | 5/10 [00:01<00:01,  4.30it/s]
Trials:  60%|######    | 6/10 [00:01<00:00,  4.33it/s]
Trials:  70%|#######   | 7/10 [00:01<00:00,  4.28it/s]
Trials:  80%|########  | 8/10 [00:01<00:00,  4.31it/s]
Trials:  90%|######### | 9/10 [00:02<00:00,  4.34it/s]
Trials: 100%|##########| 10/10 [00:02<00:00,  4.27it/s]
Trials: 100%|##########| 10/10 [00:02<00:00,  4.30it/s]

Trials:   0%|          | 0/10 [00:00<?, ?it/s]
Trials:  10%|#         | 1/10 [00:00<00:01,  6.35it/s]
Trials:  20%|##        | 2/10 [00:00<00:01,  6.31it/s]
Trials:  30%|###       | 3/10 [00:00<00:01,  6.33it/s]
Trials:  40%|####      | 4/10 [00:00<00:00,  6.21it/s]
Trials:  50%|#####     | 5/10 [00:00<00:00,  6.25it/s]
Trials:  60%|######    | 6/10 [00:00<00:00,  6.27it/s]
Trials:  70%|#######   | 7/10 [00:01<00:00,  6.28it/s]
Trials:  80%|########  | 8/10 [00:01<00:00,  6.07it/s]
Trials:  90%|######### | 9/10 [00:01<00:00,  6.14it/s]
Trials: 100%|##########| 10/10 [00:01<00:00,  6.19it/s]
Trials: 100%|##########| 10/10 [00:01<00:00,  6.21it/s]

Trials:   0%|          | 0/10 [00:00<?, ?it/s]
Trials:  10%|#         | 1/10 [00:00<00:01,  5.92it/s]
Trials:  20%|##        | 2/10 [00:00<00:01,  5.74it/s]
Trials:  30%|###       | 3/10 [00:00<00:01,  5.62it/s]
Trials:  40%|####      | 4/10 [00:00<00:01,  5.72it/s]
Trials:  50%|#####     | 5/10 [00:00<00:00,  5.77it/s]
Trials:  60%|######    | 6/10 [00:01<00:00,  5.78it/s]
Trials:  70%|#######   | 7/10 [00:01<00:00,  5.63it/s]
Trials:  80%|########  | 8/10 [00:01<00:00,  5.72it/s]
Trials:  90%|######### | 9/10 [00:01<00:00,  5.79it/s]
Trials: 100%|##########| 10/10 [00:01<00:00,  5.83it/s]
Trials: 100%|##########| 10/10 [00:01<00:00,  5.76it/s]

Trials:   0%|          | 0/10 [00:00<?, ?it/s]
Trials:  10%|#         | 1/10 [00:00<00:01,  6.08it/s]
Trials:  20%|##        | 2/10 [00:00<00:01,  5.42it/s]
Trials:  30%|###       | 3/10 [00:00<00:01,  5.49it/s]
Trials:  40%|####      | 4/10 [00:00<00:01,  5.57it/s]
Trials:  50%|#####     | 5/10 [00:00<00:00,  5.64it/s]
Trials:  60%|######    | 6/10 [00:01<00:00,  5.62it/s]
Trials:  70%|#######   | 7/10 [00:01<00:00,  5.59it/s]
Trials:  80%|########  | 8/10 [00:01<00:00,  5.59it/s]
Trials:  90%|######### | 9/10 [00:01<00:00,  5.66it/s]
Trials: 100%|##########| 10/10 [00:01<00:00,  5.67it/s]
Trials: 100%|##########| 10/10 [00:01<00:00,  5.63it/s]

Trials:   0%|          | 0/10 [00:00<?, ?it/s]
Trials:  10%|#         | 1/10 [00:00<00:01,  6.06it/s]
Trials:  20%|##        | 2/10 [00:00<00:01,  6.24it/s]
Trials:  30%|###       | 3/10 [00:00<00:01,  6.22it/s]
Trials:  40%|####      | 4/10 [00:00<00:00,  6.28it/s]
Trials:  50%|#####     | 5/10 [00:00<00:00,  6.14it/s]
Trials:  60%|######    | 6/10 [00:00<00:00,  6.11it/s]
Trials:  70%|#######   | 7/10 [00:01<00:00,  6.16it/s]
Trials:  80%|########  | 8/10 [00:01<00:00,  6.22it/s]
Trials:  90%|######### | 9/10 [00:01<00:00,  6.18it/s]
Trials: 100%|##########| 10/10 [00:01<00:00,  6.23it/s]
Trials: 100%|##########| 10/10 [00:01<00:00,  6.20it/s]

Trials:   0%|          | 0/10 [00:00<?, ?it/s]
Trials:  10%|#         | 1/10 [00:00<00:01,  5.94it/s]
Trials:  20%|##        | 2/10 [00:00<00:01,  5.92it/s]
Trials:  30%|###       | 3/10 [00:00<00:01,  5.77it/s]
Trials:  40%|####      | 4/10 [00:00<00:01,  5.72it/s]
Trials:  50%|#####     | 5/10 [00:00<00:00,  5.80it/s]
Trials:  60%|######    | 6/10 [00:01<00:00,  5.84it/s]
Trials:  70%|#######   | 7/10 [00:01<00:00,  5.88it/s]
Trials:  80%|########  | 8/10 [00:01<00:00,  5.90it/s]
Trials:  90%|######### | 9/10 [00:01<00:00,  5.68it/s]
Trials: 100%|##########| 10/10 [00:01<00:00,  5.76it/s]
Trials: 100%|##########| 10/10 [00:01<00:00,  5.80it/s]

Trials:   0%|          | 0/10 [00:00<?, ?it/s]
Trials:  10%|#         | 1/10 [00:00<00:02,  3.74it/s]
Trials:  20%|##        | 2/10 [00:00<00:02,  3.55it/s]
Trials:  30%|###       | 3/10 [00:00<00:01,  3.62it/s]
Trials:  40%|####      | 4/10 [00:01<00:01,  3.48it/s]
Trials:  50%|#####     | 5/10 [00:01<00:01,  3.58it/s]
Trials:  60%|######    | 6/10 [00:01<00:01,  3.62it/s]
Trials:  70%|#######   | 7/10 [00:01<00:00,  3.60it/s]
Trials:  80%|########  | 8/10 [00:02<00:00,  3.66it/s]
Trials:  90%|######### | 9/10 [00:02<00:00,  3.68it/s]
Trials: 100%|##########| 10/10 [00:02<00:00,  3.60it/s]
Trials: 100%|##########| 10/10 [00:02<00:00,  3.61it/s]

Trials:   0%|          | 0/10 [00:00<?, ?it/s]
Trials:  10%|#         | 1/10 [00:00<00:01,  6.28it/s]
Trials:  20%|##        | 2/10 [00:00<00:01,  6.32it/s]
Trials:  30%|###       | 3/10 [00:00<00:01,  6.34it/s]
Trials:  40%|####      | 4/10 [00:00<00:00,  6.18it/s]
Trials:  50%|#####     | 5/10 [00:00<00:00,  6.24it/s]
Trials:  60%|######    | 6/10 [00:00<00:00,  6.26it/s]
Trials:  70%|#######   | 7/10 [00:01<00:00,  6.26it/s]
Trials:  80%|########  | 8/10 [00:01<00:00,  6.14it/s]
Trials:  90%|######### | 9/10 [00:01<00:00,  6.15it/s]
Trials: 100%|##########| 10/10 [00:01<00:00,  6.21it/s]
Trials: 100%|##########| 10/10 [00:01<00:00,  6.22it/s]

Trials:   0%|          | 0/10 [00:00<?, ?it/s]
Trials:  10%|#         | 1/10 [00:00<00:01,  5.46it/s]
Trials:  20%|##        | 2/10 [00:00<00:01,  5.75it/s]
Trials:  30%|###       | 3/10 [00:00<00:01,  6.03it/s]
Trials:  40%|####      | 4/10 [00:00<00:00,  6.18it/s]
Trials:  50%|#####     | 5/10 [00:00<00:00,  6.18it/s]
Trials:  60%|######    | 6/10 [00:00<00:00,  6.30it/s]
Trials:  70%|#######   | 7/10 [00:01<00:00,  6.23it/s]
Trials:  80%|########  | 8/10 [00:01<00:00,  6.28it/s]
Trials:  90%|######### | 9/10 [00:01<00:00,  6.25it/s]
Trials: 100%|##########| 10/10 [00:01<00:00,  6.14it/s]
Trials: 100%|##########| 10/10 [00:01<00:00,  6.14it/s]

Trials:   0%|          | 0/10 [00:00<?, ?it/s]
Trials:  10%|#         | 1/10 [00:00<00:01,  6.40it/s]
Trials:  20%|##        | 2/10 [00:00<00:01,  6.13it/s]
Trials:  30%|###       | 3/10 [00:00<00:01,  6.23it/s]
Trials:  40%|####      | 4/10 [00:00<00:00,  6.29it/s]
Trials:  50%|#####     | 5/10 [00:00<00:00,  6.32it/s]
Trials:  60%|######    | 6/10 [00:00<00:00,  6.18it/s]
Trials:  70%|#######   | 7/10 [00:01<00:00,  6.23it/s]
Trials:  80%|########  | 8/10 [00:01<00:00,  6.26it/s]
Trials:  90%|######### | 9/10 [00:01<00:00,  6.23it/s]
Trials: 100%|##########| 10/10 [00:01<00:00,  6.06it/s]
Trials: 100%|##########| 10/10 [00:01<00:00,  6.18it/s]

Trials:   0%|          | 0/10 [00:00<?, ?it/s]
Trials:  10%|#         | 1/10 [00:00<00:01,  5.98it/s]
Trials:  20%|##        | 2/10 [00:00<00:01,  6.13it/s]
Trials:  30%|###       | 3/10 [00:00<00:01,  6.31it/s]
Trials:  40%|####      | 4/10 [00:00<00:00,  6.39it/s]
Trials:  50%|#####     | 5/10 [00:00<00:00,  6.29it/s]
Trials:  60%|######    | 6/10 [00:00<00:00,  6.32it/s]
Trials:  70%|#######   | 7/10 [00:01<00:00,  6.38it/s]
Trials:  80%|########  | 8/10 [00:01<00:00,  6.35it/s]
Trials:  90%|######### | 9/10 [00:01<00:00,  6.38it/s]
Trials: 100%|##########| 10/10 [00:01<00:00,  6.28it/s]
Trials: 100%|##########| 10/10 [00:01<00:00,  6.30it/s]

Trials:   0%|          | 0/10 [00:00<?, ?it/s]
Trials:  10%|#         | 1/10 [00:00<00:01,  6.16it/s]
Trials:  20%|##        | 2/10 [00:00<00:01,  6.15it/s]
Trials:  30%|###       | 3/10 [00:00<00:01,  6.15it/s]
Trials:  40%|####      | 4/10 [00:00<00:01,  5.98it/s]
Trials:  50%|#####     | 5/10 [00:00<00:00,  6.04it/s]
Trials:  60%|######    | 6/10 [00:00<00:00,  6.08it/s]
Trials:  70%|#######   | 7/10 [00:01<00:00,  6.10it/s]
Trials:  80%|########  | 8/10 [00:01<00:00,  6.12it/s]
Trials:  90%|######### | 9/10 [00:01<00:00,  6.10it/s]
Trials: 100%|##########| 10/10 [00:01<00:00,  6.12it/s]
Trials: 100%|##########| 10/10 [00:01<00:00,  6.10it/s]

Trials:   0%|          | 0/10 [00:00<?, ?it/s]
Trials:  10%|#         | 1/10 [00:00<00:01,  6.18it/s]
Trials:  20%|##        | 2/10 [00:00<00:01,  6.20it/s]
Trials:  30%|###       | 3/10 [00:00<00:01,  6.02it/s]
Trials:  40%|####      | 4/10 [00:00<00:00,  6.09it/s]
Trials:  50%|#####     | 5/10 [00:00<00:00,  6.13it/s]
Trials:  60%|######    | 6/10 [00:00<00:00,  6.15it/s]
Trials:  70%|#######   | 7/10 [00:01<00:00,  6.16it/s]
Trials:  80%|########  | 8/10 [00:01<00:00,  6.05it/s]
Trials:  90%|######### | 9/10 [00:01<00:00,  6.10it/s]
Trials: 100%|##########| 10/10 [00:01<00:00,  6.13it/s]
Trials: 100%|##########| 10/10 [00:01<00:00,  6.12it/s]

Trials:   0%|          | 0/10 [00:00<?, ?it/s]
Trials:  10%|#         | 1/10 [00:00<00:01,  6.22it/s]
Trials:  20%|##        | 2/10 [00:00<00:01,  5.65it/s]
Trials:  30%|###       | 3/10 [00:00<00:01,  5.95it/s]
Trials:  40%|####      | 4/10 [00:00<00:00,  6.10it/s]
Trials:  50%|#####     | 5/10 [00:00<00:00,  6.04it/s]
Trials:  60%|######    | 6/10 [00:01<00:00,  5.91it/s]
Trials:  70%|#######   | 7/10 [00:01<00:00,  6.03it/s]
Trials:  80%|########  | 8/10 [00:01<00:00,  6.12it/s]
Trials:  90%|######### | 9/10 [00:01<00:00,  6.19it/s]
Trials: 100%|##########| 10/10 [00:01<00:00,  6.10it/s]
Trials: 100%|##########| 10/10 [00:01<00:00,  6.05it/s]

Trials:   0%|          | 0/10 [00:00<?, ?it/s]
Trials:  10%|#         | 1/10 [00:00<00:01,  5.97it/s]
Trials:  20%|##        | 2/10 [00:00<00:01,  6.00it/s]
Trials:  30%|###       | 3/10 [00:00<00:01,  5.96it/s]
Trials:  40%|####      | 4/10 [00:00<00:01,  6.00it/s]
Trials:  50%|#####     | 5/10 [00:00<00:00,  5.83it/s]
Trials:  60%|######    | 6/10 [00:01<00:00,  5.85it/s]
Trials:  70%|#######   | 7/10 [00:01<00:00,  5.91it/s]
Trials:  80%|########  | 8/10 [00:01<00:00,  5.96it/s]
Trials:  90%|######### | 9/10 [00:01<00:00,  5.79it/s]
Trials: 100%|##########| 10/10 [00:01<00:00,  5.93it/s]
Trials: 100%|##########| 10/10 [00:01<00:00,  5.91it/s]

Trials:   0%|          | 0/10 [00:00<?, ?it/s]
Trials:  10%|#         | 1/10 [00:00<00:01,  5.33it/s]
Trials:  20%|##        | 2/10 [00:00<00:01,  5.32it/s]
Trials:  30%|###       | 3/10 [00:00<00:01,  5.20it/s]
Trials:  40%|####      | 4/10 [00:00<00:01,  5.12it/s]
Trials:  50%|#####     | 5/10 [00:00<00:00,  5.10it/s]
Trials:  60%|######    | 6/10 [00:01<00:00,  5.17it/s]
Trials:  70%|#######   | 7/10 [00:01<00:00,  5.04it/s]
Trials:  80%|########  | 8/10 [00:01<00:00,  5.11it/s]
Trials:  90%|######### | 9/10 [00:01<00:00,  5.18it/s]
Trials: 100%|##########| 10/10 [00:01<00:00,  5.20it/s]
Trials: 100%|##########| 10/10 [00:01<00:00,  5.17it/s]

Trials:   0%|          | 0/10 [00:00<?, ?it/s]
Trials:  10%|#         | 1/10 [00:00<00:01,  5.62it/s]
Trials:  20%|##        | 2/10 [00:00<00:01,  5.98it/s]
Trials:  30%|###       | 3/10 [00:00<00:01,  6.14it/s]
Trials:  40%|####      | 4/10 [00:00<00:00,  6.21it/s]
Trials:  50%|#####     | 5/10 [00:00<00:00,  6.17it/s]
Trials:  60%|######    | 6/10 [00:00<00:00,  6.22it/s]
Trials:  70%|#######   | 7/10 [00:01<00:00,  6.26it/s]
Trials:  80%|########  | 8/10 [00:01<00:00,  6.28it/s]
Trials:  90%|######### | 9/10 [00:01<00:00,  6.30it/s]
Trials: 100%|##########| 10/10 [00:01<00:00,  6.12it/s]
Trials: 100%|##########| 10/10 [00:01<00:00,  6.16it/s]

Trials:   0%|          | 0/10 [00:00<?, ?it/s]
Trials:  10%|#         | 1/10 [00:00<00:01,  5.77it/s]
Trials:  20%|##        | 2/10 [00:00<00:01,  5.83it/s]
Trials:  30%|###       | 3/10 [00:00<00:01,  5.86it/s]
Trials:  40%|####      | 4/10 [00:00<00:01,  5.68it/s]
Trials:  50%|#####     | 5/10 [00:00<00:00,  5.70it/s]
Trials:  60%|######    | 6/10 [00:01<00:00,  5.77it/s]
Trials:  70%|#######   | 7/10 [00:01<00:00,  5.83it/s]
Trials:  80%|########  | 8/10 [00:01<00:00,  5.63it/s]
Trials:  90%|######### | 9/10 [00:01<00:00,  5.73it/s]
Trials: 100%|##########| 10/10 [00:01<00:00,  5.87it/s]
Trials: 100%|##########| 10/10 [00:01<00:00,  5.78it/s]

Trials:   0%|          | 0/10 [00:00<?, ?it/s]
Trials:  10%|#         | 1/10 [00:00<00:01,  6.01it/s]
Trials:  20%|##        | 2/10 [00:00<00:01,  6.00it/s]
Trials:  30%|###       | 3/10 [00:00<00:01,  5.86it/s]
Trials:  40%|####      | 4/10 [00:00<00:01,  5.93it/s]
Trials:  50%|#####     | 5/10 [00:00<00:00,  5.96it/s]
Trials:  60%|######    | 6/10 [00:01<00:00,  5.98it/s]
Trials:  70%|#######   | 7/10 [00:01<00:00,  5.83it/s]
Trials:  80%|########  | 8/10 [00:01<00:00,  5.87it/s]
Trials:  90%|######### | 9/10 [00:01<00:00,  5.92it/s]
Trials: 100%|##########| 10/10 [00:01<00:00,  5.96it/s]
Trials: 100%|##########| 10/10 [00:01<00:00,  5.93it/s]

Trials:   0%|          | 0/10 [00:00<?, ?it/s]
Trials:  10%|#         | 1/10 [00:00<00:01,  6.36it/s]
Trials:  20%|##        | 2/10 [00:00<00:01,  6.14it/s]
Trials:  30%|###       | 3/10 [00:00<00:01,  6.24it/s]
Trials:  40%|####      | 4/10 [00:00<00:00,  6.28it/s]
Trials:  50%|#####     | 5/10 [00:00<00:00,  6.31it/s]
Trials:  60%|######    | 6/10 [00:00<00:00,  6.33it/s]
Trials:  70%|#######   | 7/10 [00:01<00:00,  6.20it/s]
Trials:  80%|########  | 8/10 [00:01<00:00,  6.21it/s]
Trials:  90%|######### | 9/10 [00:01<00:00,  6.25it/s]
Trials: 100%|##########| 10/10 [00:01<00:00,  6.20it/s]
Trials: 100%|##########| 10/10 [00:01<00:00,  6.24it/s]

Trials:   0%|          | 0/10 [00:00<?, ?it/s]
Trials:  10%|#         | 1/10 [00:00<00:01,  5.61it/s]
Trials:  20%|##        | 2/10 [00:00<00:01,  5.80it/s]
Trials:  30%|###       | 3/10 [00:00<00:01,  5.86it/s]
Trials:  40%|####      | 4/10 [00:00<00:01,  5.90it/s]
Trials:  50%|#####     | 5/10 [00:00<00:00,  5.74it/s]
Trials:  60%|######    | 6/10 [00:01<00:00,  5.78it/s]
Trials:  70%|#######   | 7/10 [00:01<00:00,  5.82it/s]
Trials:  80%|########  | 8/10 [00:01<00:00,  5.85it/s]
Trials:  90%|######### | 9/10 [00:01<00:00,  5.77it/s]
Trials: 100%|##########| 10/10 [00:01<00:00,  5.84it/s]
Trials: 100%|##########| 10/10 [00:01<00:00,  5.81it/s]

Trials:   0%|          | 0/10 [00:00<?, ?it/s]
Trials:  10%|#         | 1/10 [00:00<00:01,  5.25it/s]
Trials:  20%|##        | 2/10 [00:00<00:01,  5.19it/s]
Trials:  30%|###       | 3/10 [00:00<00:01,  5.08it/s]
Trials:  40%|####      | 4/10 [00:00<00:01,  5.14it/s]
Trials:  50%|#####     | 5/10 [00:00<00:00,  5.14it/s]
Trials:  60%|######    | 6/10 [00:01<00:00,  5.15it/s]
Trials:  70%|#######   | 7/10 [00:01<00:00,  5.03it/s]
Trials:  80%|########  | 8/10 [00:01<00:00,  5.02it/s]
Trials:  90%|######### | 9/10 [00:01<00:00,  5.01it/s]
Trials: 100%|##########| 10/10 [00:01<00:00,  4.98it/s]
Trials: 100%|##########| 10/10 [00:01<00:00,  5.06it/s]

Trials:   0%|          | 0/10 [00:00<?, ?it/s]
Trials:  10%|#         | 1/10 [00:00<00:01,  6.37it/s]
Trials:  20%|##        | 2/10 [00:00<00:01,  6.02it/s]
Trials:  30%|###       | 3/10 [00:00<00:01,  6.10it/s]
Trials:  40%|####      | 4/10 [00:00<00:00,  6.20it/s]
Trials:  50%|#####     | 5/10 [00:00<00:00,  6.04it/s]
Trials:  60%|######    | 6/10 [00:00<00:00,  6.14it/s]
Trials:  70%|#######   | 7/10 [00:01<00:00,  6.19it/s]
Trials:  80%|########  | 8/10 [00:01<00:00,  6.24it/s]
Trials:  90%|######### | 9/10 [00:01<00:00,  6.16it/s]
Trials: 100%|##########| 10/10 [00:01<00:00,  6.22it/s]
Trials: 100%|##########| 10/10 [00:01<00:00,  6.17it/s]

Trials:   0%|          | 0/10 [00:00<?, ?it/s]
Trials:  10%|#         | 1/10 [00:00<00:01,  6.34it/s]
Trials:  20%|##        | 2/10 [00:00<00:01,  6.37it/s]
Trials:  30%|###       | 3/10 [00:00<00:01,  6.09it/s]
Trials:  40%|####      | 4/10 [00:00<00:00,  6.19it/s]
Trials:  50%|#####     | 5/10 [00:00<00:00,  6.20it/s]
Trials:  60%|######    | 6/10 [00:00<00:00,  6.21it/s]
Trials:  70%|#######   | 7/10 [00:01<00:00,  6.24it/s]
Trials:  80%|########  | 8/10 [00:01<00:00,  5.66it/s]
Trials:  90%|######### | 9/10 [00:01<00:00,  5.74it/s]
Trials: 100%|##########| 10/10 [00:01<00:00,  5.92it/s]
Trials: 100%|##########| 10/10 [00:01<00:00,  6.02it/s]

Trials:   0%|          | 0/10 [00:00<?, ?it/s]
Trials:  10%|#         | 1/10 [00:00<00:01,  6.71it/s]
Trials:  20%|##        | 2/10 [00:00<00:01,  6.55it/s]
Trials:  30%|###       | 3/10 [00:00<00:01,  6.51it/s]
Trials:  40%|####      | 4/10 [00:00<00:00,  6.21it/s]
Trials:  50%|#####     | 5/10 [00:00<00:00,  6.30it/s]
Trials:  60%|######    | 6/10 [00:00<00:00,  5.96it/s]
Trials:  70%|#######   | 7/10 [00:01<00:00,  6.06it/s]
Trials:  80%|########  | 8/10 [00:01<00:00,  6.16it/s]
Trials:  90%|######### | 9/10 [00:01<00:00,  5.93it/s]
Trials: 100%|##########| 10/10 [00:01<00:00,  5.91it/s]
Trials: 100%|##########| 10/10 [00:01<00:00,  6.10it/s]

Trials:   0%|          | 0/10 [00:00<?, ?it/s]
Trials:  10%|#         | 1/10 [00:00<00:01,  6.27it/s]
Trials:  20%|##        | 2/10 [00:00<00:01,  6.35it/s]
Trials:  30%|###       | 3/10 [00:00<00:01,  6.42it/s]
Trials:  40%|####      | 4/10 [00:00<00:00,  6.45it/s]
Trials:  50%|#####     | 5/10 [00:00<00:00,  6.25it/s]
Trials:  60%|######    | 6/10 [00:00<00:00,  6.34it/s]
Trials:  70%|#######   | 7/10 [00:01<00:00,  6.37it/s]
Trials:  80%|########  | 8/10 [00:01<00:00,  6.40it/s]
Trials:  90%|######### | 9/10 [00:01<00:00,  6.42it/s]
Trials: 100%|##########| 10/10 [00:01<00:00,  5.83it/s]
Trials: 100%|##########| 10/10 [00:01<00:00,  6.18it/s]

Trials:   0%|          | 0/10 [00:00<?, ?it/s]
Trials:  10%|#         | 1/10 [00:00<00:01,  6.01it/s]
Trials:  20%|##        | 2/10 [00:00<00:01,  6.06it/s]
Trials:  30%|###       | 3/10 [00:00<00:01,  6.09it/s]
Trials:  40%|####      | 4/10 [00:00<00:01,  5.91it/s]
Trials:  50%|#####     | 5/10 [00:00<00:00,  5.98it/s]
Trials:  60%|######    | 6/10 [00:00<00:00,  6.03it/s]
Trials:  70%|#######   | 7/10 [00:01<00:00,  6.05it/s]
Trials:  80%|########  | 8/10 [00:01<00:00,  6.04it/s]
Trials:  90%|######### | 9/10 [00:01<00:00,  5.78it/s]
Trials: 100%|##########| 10/10 [00:01<00:00,  5.72it/s]
Trials: 100%|##########| 10/10 [00:01<00:00,  5.90it/s]

Trials:   0%|          | 0/10 [00:00<?, ?it/s]
Trials:  10%|#         | 1/10 [00:00<00:01,  6.34it/s]
Trials:  20%|##        | 2/10 [00:00<00:01,  6.35it/s]
Trials:  30%|###       | 3/10 [00:00<00:01,  6.35it/s]
Trials:  40%|####      | 4/10 [00:00<00:00,  6.21it/s]
Trials:  50%|#####     | 5/10 [00:00<00:00,  6.26it/s]
Trials:  60%|######    | 6/10 [00:00<00:00,  6.28it/s]
Trials:  70%|#######   | 7/10 [00:01<00:00,  6.28it/s]
Trials:  80%|########  | 8/10 [00:01<00:00,  6.30it/s]
Trials:  90%|######### | 9/10 [00:01<00:00,  6.26it/s]
Trials: 100%|##########| 10/10 [00:01<00:00,  6.13it/s]
Trials: 100%|##########| 10/10 [00:01<00:00,  6.23it/s]

Trials:   0%|          | 0/10 [00:00<?, ?it/s]
Trials:  10%|#         | 1/10 [00:00<00:01,  6.20it/s]
Trials:  20%|##        | 2/10 [00:00<00:01,  6.30it/s]
Trials:  30%|###       | 3/10 [00:00<00:01,  6.32it/s]
Trials:  40%|####      | 4/10 [00:00<00:00,  6.20it/s]
Trials:  50%|#####     | 5/10 [00:00<00:00,  6.03it/s]
Trials:  60%|######    | 6/10 [00:00<00:00,  6.13it/s]
Trials:  70%|#######   | 7/10 [00:01<00:00,  6.12it/s]
Trials:  80%|########  | 8/10 [00:01<00:00,  6.19it/s]
Trials:  90%|######### | 9/10 [00:01<00:00,  6.14it/s]
Trials: 100%|##########| 10/10 [00:01<00:00,  6.09it/s]
Trials: 100%|##########| 10/10 [00:01<00:00,  6.14it/s]

Trials:   0%|          | 0/10 [00:00<?, ?it/s]
Trials:  10%|#         | 1/10 [00:00<00:01,  6.01it/s]
Trials:  20%|##        | 2/10 [00:00<00:01,  6.01it/s]
Trials:  30%|###       | 3/10 [00:00<00:01,  6.02it/s]
Trials:  40%|####      | 4/10 [00:00<00:01,  5.72it/s]
Trials:  50%|#####     | 5/10 [00:00<00:00,  5.83it/s]
Trials:  60%|######    | 6/10 [00:01<00:00,  5.88it/s]
Trials:  70%|#######   | 7/10 [00:01<00:00,  5.89it/s]
Trials:  80%|########  | 8/10 [00:01<00:00,  5.93it/s]
Trials:  90%|######### | 9/10 [00:01<00:00,  5.82it/s]
Trials: 100%|##########| 10/10 [00:01<00:00,  5.88it/s]
Trials: 100%|##########| 10/10 [00:01<00:00,  5.88it/s]

Trials:   0%|          | 0/10 [00:00<?, ?it/s]
Trials:  10%|#         | 1/10 [00:00<00:01,  6.33it/s]
Trials:  20%|##        | 2/10 [00:00<00:01,  6.31it/s]
Trials:  30%|###       | 3/10 [00:00<00:01,  5.94it/s]
Trials:  40%|####      | 4/10 [00:00<00:00,  6.09it/s]
Trials:  50%|#####     | 5/10 [00:00<00:00,  6.14it/s]
Trials:  60%|######    | 6/10 [00:00<00:00,  6.16it/s]
Trials:  70%|#######   | 7/10 [00:01<00:00,  6.06it/s]
Trials:  80%|########  | 8/10 [00:01<00:00,  6.13it/s]
Trials:  90%|######### | 9/10 [00:01<00:00,  6.18it/s]
Trials: 100%|##########| 10/10 [00:01<00:00,  6.26it/s]
Trials: 100%|##########| 10/10 [00:01<00:00,  6.17it/s]

Trials:   0%|          | 0/10 [00:00<?, ?it/s]
Trials:  10%|#         | 1/10 [00:00<00:01,  6.41it/s]
Trials:  20%|##        | 2/10 [00:00<00:01,  6.04it/s]
Trials:  30%|###       | 3/10 [00:00<00:01,  6.08it/s]
Trials:  40%|####      | 4/10 [00:00<00:00,  6.05it/s]
Trials:  50%|#####     | 5/10 [00:00<00:00,  5.74it/s]
Trials:  60%|######    | 6/10 [00:01<00:00,  5.77it/s]
Trials:  70%|#######   | 7/10 [00:01<00:00,  5.75it/s]
Trials:  80%|########  | 8/10 [00:01<00:00,  5.92it/s]
Trials:  90%|######### | 9/10 [00:01<00:00,  6.04it/s]
Trials: 100%|##########| 10/10 [00:01<00:00,  6.07it/s]
Trials: 100%|##########| 10/10 [00:01<00:00,  5.97it/s]

Trials:   0%|          | 0/10 [00:00<?, ?it/s]
Trials:  10%|#         | 1/10 [00:00<00:01,  5.52it/s]
Trials:  20%|##        | 2/10 [00:00<00:01,  5.23it/s]
Trials:  30%|###       | 3/10 [00:00<00:01,  5.53it/s]
Trials:  40%|####      | 4/10 [00:00<00:01,  5.56it/s]
Trials:  50%|#####     | 5/10 [00:00<00:00,  5.53it/s]
Trials:  60%|######    | 6/10 [00:01<00:00,  5.61it/s]
Trials:  70%|#######   | 7/10 [00:01<00:00,  5.71it/s]
Trials:  80%|########  | 8/10 [00:01<00:00,  5.64it/s]
Trials:  90%|######### | 9/10 [00:01<00:00,  5.54it/s]
Trials: 100%|##########| 10/10 [00:01<00:00,  5.64it/s]
Trials: 100%|##########| 10/10 [00:01<00:00,  5.59it/s]

Trials:   0%|          | 0/10 [00:00<?, ?it/s]
Trials:  10%|#         | 1/10 [00:00<00:01,  6.35it/s]
Trials:  20%|##        | 2/10 [00:00<00:01,  6.16it/s]
Trials:  30%|###       | 3/10 [00:00<00:01,  5.93it/s]
Trials:  40%|####      | 4/10 [00:00<00:01,  5.59it/s]
Trials:  50%|#####     | 5/10 [00:00<00:00,  5.83it/s]
Trials:  60%|######    | 6/10 [00:01<00:00,  5.99it/s]
Trials:  70%|#######   | 7/10 [00:01<00:00,  6.06it/s]
Trials:  80%|########  | 8/10 [00:01<00:00,  5.95it/s]
Trials:  90%|######### | 9/10 [00:01<00:00,  6.01it/s]
Trials: 100%|##########| 10/10 [00:01<00:00,  6.00it/s]
Trials: 100%|##########| 10/10 [00:01<00:00,  5.97it/s]

Trials:   0%|          | 0/10 [00:00<?, ?it/s]
Trials:  10%|#         | 1/10 [00:00<00:01,  6.03it/s]
Trials:  20%|##        | 2/10 [00:00<00:01,  5.09it/s]
Trials:  30%|###       | 3/10 [00:00<00:01,  5.48it/s]
Trials:  40%|####      | 4/10 [00:00<00:01,  5.74it/s]
Trials:  50%|#####     | 5/10 [00:00<00:00,  5.49it/s]
Trials:  60%|######    | 6/10 [00:01<00:00,  5.74it/s]
Trials:  70%|#######   | 7/10 [00:01<00:00,  5.77it/s]
Trials:  80%|########  | 8/10 [00:01<00:00,  5.91it/s]
Trials:  90%|######### | 9/10 [00:01<00:00,  6.01it/s]
Trials: 100%|##########| 10/10 [00:01<00:00,  6.08it/s]
Trials: 100%|##########| 10/10 [00:01<00:00,  5.82it/s]

Trials:   0%|          | 0/10 [00:00<?, ?it/s]
Trials:  10%|#         | 1/10 [00:00<00:01,  5.33it/s]
Trials:  20%|##        | 2/10 [00:00<00:01,  5.42it/s]
Trials:  30%|###       | 3/10 [00:00<00:01,  5.52it/s]
Trials:  40%|####      | 4/10 [00:00<00:01,  5.67it/s]
Trials:  50%|#####     | 5/10 [00:00<00:00,  5.73it/s]
Trials:  60%|######    | 6/10 [00:01<00:00,  5.63it/s]
Trials:  70%|#######   | 7/10 [00:01<00:00,  5.71it/s]
Trials:  80%|########  | 8/10 [00:01<00:00,  5.70it/s]
Trials:  90%|######### | 9/10 [00:01<00:00,  5.37it/s]
Trials: 100%|##########| 10/10 [00:01<00:00,  5.24it/s]
Trials: 100%|##########| 10/10 [00:01<00:00,  5.47it/s]

Trials:   0%|          | 0/10 [00:00<?, ?it/s]
Trials:  10%|#         | 1/10 [00:00<00:01,  5.93it/s]
Trials:  20%|##        | 2/10 [00:00<00:01,  5.43it/s]
Trials:  30%|###       | 3/10 [00:00<00:01,  5.76it/s]
Trials:  40%|####      | 4/10 [00:00<00:01,  5.94it/s]
Trials:  50%|#####     | 5/10 [00:00<00:00,  5.99it/s]
Trials:  60%|######    | 6/10 [00:01<00:00,  5.97it/s]
Trials:  70%|#######   | 7/10 [00:01<00:00,  5.92it/s]
Trials:  80%|########  | 8/10 [00:01<00:00,  6.04it/s]
Trials:  90%|######### | 9/10 [00:01<00:00,  6.14it/s]
Trials: 100%|##########| 10/10 [00:01<00:00,  6.15it/s]
Trials: 100%|##########| 10/10 [00:01<00:00,  6.00it/s]

Trials:   0%|          | 0/10 [00:00<?, ?it/s]
Trials:  10%|#         | 1/10 [00:00<00:01,  4.96it/s]
Trials:  20%|##        | 2/10 [00:00<00:01,  5.67it/s]
Trials:  30%|###       | 3/10 [00:00<00:01,  5.95it/s]
Trials:  40%|####      | 4/10 [00:00<00:01,  5.78it/s]
Trials:  50%|#####     | 5/10 [00:00<00:00,  5.76it/s]
Trials:  60%|######    | 6/10 [00:01<00:00,  5.96it/s]
Trials:  70%|#######   | 7/10 [00:01<00:00,  6.07it/s]
Trials:  80%|########  | 8/10 [00:01<00:00,  6.22it/s]
Trials:  90%|######### | 9/10 [00:01<00:00,  6.17it/s]
Trials: 100%|##########| 10/10 [00:01<00:00,  5.94it/s]
Trials: 100%|##########| 10/10 [00:01<00:00,  5.92it/s]

