workload_label,workload_kind,trace_name,algorithm,allocation_policy,memory_frames,repetition_id,process_id,t_isolated_ms,t_shared_ms,slowdown,page_faults,replacements,disk_reads,disk_writes
trace-driven,trace,demo_locality,FIFO,GlobalAllocation,4,0,0,0.0034,0.004,1.1764705882352942,1,,,
trace-driven,trace,demo_locality,FIFO,GlobalAllocation,4,0,1,0.0025,0.0033,1.32,1,,,
trace-driven,trace,demo_locality,FIFO,GlobalAllocation,4,1,0,0.0024,0.0023,0.9583333333333334,1,,,
trace-driven,trace,demo_locality,FIFO,GlobalAllocation,4,1,1,0.0023,0.0026,1.1304347826086956,1,,,
trace-driven,trace,demo_locality,FIFO,GlobalAllocation,4,2,0,0.0024,0.0023,0.9583333333333334,1,,,
trace-driven,trace,demo_locality,FIFO,GlobalAllocation,4,2,1,0.0023,0.0024,1.0434782608695652,1,,,
trace-driven,trace,demo_locality,FIFO,GlobalAllocation,4,3,0,0.0021,0.0026,1.2380952380952381,1,,,
trace-driven,trace,demo_locality,FIFO,GlobalAllocation,4,3,1,0.0021,0.003,1.4285714285714286,1,,,
trace-driven,trace,demo_locality,FIFO,GlobalAllocation,4,4,0,0.0023,0.0023,1.0,1,,,
trace-driven,trace,demo_locality,FIFO,GlobalAllocation,4,4,1,0.0021,0.0021,1.0,1,,,
trace-driven,trace,demo_locality,FIFO,GlobalAllocation,4,5,0,0.0021,0.0022,1.0476190476190477,1,,,
trace-driven,trace,demo_locality,FIFO,GlobalAllocation,4,5,1,0.0022,0.0022,1.0,1,,,
trace-driven,trace,demo_locality,FIFO,GlobalAllocation,4,6,0,0.0022,0.0026,1.1818181818181819,1,,,
trace-driven,trace,demo_locality,FIFO,GlobalAllocation,4,6,1,0.0025,0.0024,0.96,1,,,
trace-driven,trace,demo_locality,FIFO,GlobalAllocation,4,7,0,0.0021,0.0023,1.0952380952380953,1,,,
trace-driven,trace,demo_locality,FIFO,GlobalAllocation,4,7,1,0.0021,0.0021,1.0,1,,,
trace-driven,trace,demo_locality,FIFO,GlobalAllocation,4,8,0,0.0022,0.0028,1.2727272727272727,1,,,
trace-driven,trace,demo_locality,FIFO,GlobalAllocation,4,8,1,0.002,0.0022,1.1,1,,,
trace-driven,trace,demo_locality,FIFO,GlobalAllocation,4,9,0,0.002,0.0022,1.1,1,,,
trace-driven,trace,demo_locality,FIFO,GlobalAllocation,4,9,1,0.002,0.0022,1.1,1,,,
trace-driven,trace,demo_locality,FIFO,LocalAllocation,4,0,0,0.0024,0.0024,1.0,1,0,1,0
trace-driven,trace,demo_locality,FIFO,LocalAllocation,4,0,1,0.002,0.0017,0.85,1,0,1,0
trace-driven,trace,demo_locality,FIFO,LocalAllocation,4,1,0,0.0022,0.002,0.9090909090909091,1,0,1,0
trace-driven,trace,demo_locality,FIFO,LocalAllocation,4,1,1,0.0021,0.0015,0.7142857142857143,1,0,1,0
trace-driven,trace,demo_locality,FIFO,LocalAllocation,4,2,0,0.002,0.0019,0.95,1,0,1,0
trace-driven,trace,demo_locality,FIFO,LocalAllocation,4,2,1,0.0021,0.0015,0.7142857142857143,1,0,1,0
trace-driven,trace,demo_locality,FIFO,LocalAllocation,4,3,0,0.0021,0.0017,0.8095238095238095,1,0,1,0
trace-driven,trace,demo_locality,FIFO,LocalAllocation,4,3,1,0.002,0.0014,0.7,1,0,1,0
trace-driven,trace,demo_locality,FIFO,LocalAllocation,4,4,0,0.0021,0.0022,1.0476190476190477,1,0,1,0
trace-driven,trace,demo_locality,FIFO,LocalAllocation,4,4,1,0.002,0.0019,0.95,1,0,1,0
trace-driven,trace,demo_locality,FIFO,LocalAllocation,4,5,0,0.0021,0.0018,0.8571428571428571,1,0,1,0
trace-driven,trace,demo_locality,FIFO,LocalAllocation,4,5,1,0.0022,0.0015,0.6818181818181818,1,0,1,0
trace-driven,trace,demo_locality,FIFO,LocalAllocation,4,6,0,0.0019,0.0019,1.0,1,0,1,0
trace-driven,trace,demo_locality,FIFO,LocalAllocation,4,6,1,0.0019,0.0016,0.8421052631578947,1,0,1,0
trace-driven,trace,demo_locality,FIFO,LocalAllocation,4,7,0,0.0021,0.0018,0.8571428571428571,1,0,1,0
trace-driven,trace,demo_locality,FIFO,LocalAllocation,4,7,1,0.0021,0.0014,0.6666666666666666,1,0,1,0
trace-driven,trace,demo_locality,FIFO,LocalAllocation,4,8,0,0.0021,0.0017,0.8095238095238095,1,0,1,0
trace-driven,trace,demo_locality,FIFO,LocalAllocation,4,8,1,0.002,0.0014,0.7,1,0,1,0
trace-driven,trace,demo_locality,FIFO,LocalAllocation,4,9,0,0.0019,0.0018,0.9473684210526315,1,0,1,0
trace-driven,trace,demo_locality,FIFO,LocalAllocation,4,9,1,0.002,0.0016,0.8,1,0,1,0
trace-driven,trace,demo_locality,FIFO,ProportionalAllocation,4,0,0,0.0023,0.002,0.8695652173913043,1,0,1,0
trace-driven,trace,demo_locality,FIFO,ProportionalAllocation,4,0,1,0.0019,0.0018,0.9473684210526315,1,0,1,0
trace-driven,trace,demo_locality,FIFO,ProportionalAllocation,4,1,0,0.0024,0.0019,0.7916666666666666,1,0,1,0
trace-driven,trace,demo_locality,FIFO,ProportionalAllocation,4,1,1,0.0022,0.0018,0.8181818181818182,1,0,1,0
trace-driven,trace,demo_locality,FIFO,ProportionalAllocation,4,2,0,0.0021,0.0019,0.9047619047619048,1,0,1,0
trace-driven,trace,demo_locality,FIFO,ProportionalAllocation,4,2,1,0.0021,0.0017,0.8095238095238095,1,0,1,0
trace-driven,trace,demo_locality,FIFO,ProportionalAllocation,4,3,0,0.002,0.0019,0.95,1,0,1,0
trace-driven,trace,demo_locality,FIFO,ProportionalAllocation,4,3,1,0.0021,0.0013,0.6190476190476191,1,0,1,0
trace-driven,trace,demo_locality,FIFO,ProportionalAllocation,4,4,0,0.0019,0.0018,0.9473684210526315,1,0,1,0
trace-driven,trace,demo_locality,FIFO,ProportionalAllocation,4,4,1,0.0019,0.0013,0.6842105263157895,1,0,1,0
trace-driven,trace,demo_locality,FIFO,ProportionalAllocation,4,5,0,0.0021,0.0016,0.7619047619047619,1,0,1,0
trace-driven,trace,demo_locality,FIFO,ProportionalAllocation,4,5,1,0.0021,0.0016,0.7619047619047619,1,0,1,0
trace-driven,trace,demo_locality,FIFO,ProportionalAllocation,4,6,0,0.0021,0.0018,0.8571428571428571,1,0,1,0
trace-driven,trace,demo_locality,FIFO,ProportionalAllocation,4,6,1,0.002,0.0015,0.75,1,0,1,0
trace-driven,trace,demo_locality,FIFO,ProportionalAllocation,4,7,0,0.002,0.0018,0.9,1,0,1,0
trace-driven,trace,demo_locality,FIFO,ProportionalAllocation,4,7,1,0.002,0.0015,0.75,1,0,1,0
trace-driven,trace,demo_locality,FIFO,ProportionalAllocation,4,8,0,0.0019,0.0016,0.8421052631578947,1,0,1,0
trace-driven,trace,demo_locality,FIFO,ProportionalAllocation,4,8,1,0.002,0.0015,0.75,1,0,1,0
trace-driven,trace,demo_locality,FIFO,ProportionalAllocation,4,9,0,0.0021,0.0017,0.8095238095238095,1,0,1,0
trace-driven,trace,demo_locality,FIFO,ProportionalAllocation,4,9,1,0.0019,0.0015,0.7894736842105263,1,0,1,0
trace-driven,trace,demo_locality,LRU,GlobalAllocation,4,0,0,0.003,0.004,1.3333333333333333,1,,,
trace-driven,trace,demo_locality,LRU,GlobalAllocation,4,0,1,0.0027,0.0041,1.5185185185185186,1,,,
trace-driven,trace,demo_locality,LRU,GlobalAllocation,4,1,0,0.0033,0.0034,1.0303030303030303,1,,,
trace-driven,trace,demo_locality,LRU,GlobalAllocation,4,1,1,0.0027,0.0032,1.1851851851851851,1,,,
trace-driven,trace,demo_locality,LRU,GlobalAllocation,4,2,0,0.0029,0.003,1.0344827586206897,1,,,
trace-driven,trace,demo_locality,LRU,GlobalAllocation,4,2,1,0.0027,0.003,1.1111111111111112,1,,,
trace-driven,trace,demo_locality,LRU,GlobalAllocation,4,3,0,0.003,0.0033,1.1,1,,,
trace-driven,trace,demo_locality,LRU,GlobalAllocation,4,3,1,0.0026,0.0028,1.0769230769230769,1,,,
trace-driven,trace,demo_locality,LRU,GlobalAllocation,4,4,0,0.0026,0.0028,1.0769230769230769,1,,,
trace-driven,trace,demo_locality,LRU,GlobalAllocation,4,4,1,0.0026,0.0028,1.0769230769230769,1,,,
trace-driven,trace,demo_locality,LRU,GlobalAllocation,4,5,0,0.0026,0.004,1.5384615384615385,1,,,
trace-driven,trace,demo_locality,LRU,GlobalAllocation,4,5,1,0.0025,0.0044,1.76,1,,,
trace-driven,trace,demo_locality,LRU,GlobalAllocation,4,6,0,0.0028,0.003,1.0714285714285714,1,,,
trace-driven,trace,demo_locality,LRU,GlobalAllocation,4,6,1,0.0024,0.0029,1.2083333333333333,1,,,
trace-driven,trace,demo_locality,LRU,GlobalAllocation,4,7,0,0.0025,0.0026,1.04,1,,,
trace-driven,trace,demo_locality,LRU,GlobalAllocation,4,7,1,0.0025,0.0026,1.04,1,,,
trace-driven,trace,demo_locality,LRU,GlobalAllocation,4,8,0,0.0024,0.0025,1.0416666666666667,1,,,
trace-driven,trace,demo_locality,LRU,GlobalAllocation,4,8,1,0.0023,0.0025,1.0869565217391304,1,,,
trace-driven,trace,demo_locality,LRU,GlobalAllocation,4,9,0,0.0023,0.0025,1.0869565217391304,1,,,
trace-driven,trace,demo_locality,LRU,GlobalAllocation,4,9,1,0.0022,0.0024,1.0909090909090908,1,,,
trace-driven,trace,demo_locality,LRU,LocalAllocation,4,0,0,0.0024,0.0028,1.1666666666666667,1,0,1,0
trace-driven,trace,demo_locality,LRU,LocalAllocation,4,0,1,0.0022,0.0024,1.0909090909090908,1,0,1,0
trace-driven,trace,demo_locality,LRU,LocalAllocation,4,1,0,0.0022,0.0025,1.1363636363636365,1,0,1,0
trace-driven,trace,demo_locality,LRU,LocalAllocation,4,1,1,0.0022,0.0019,0.8636363636363636,1,0,1,0
trace-driven,trace,demo_locality,LRU,LocalAllocation,4,2,0,0.0022,0.0026,1.1818181818181819,1,0,1,0
trace-driven,trace,demo_locality,LRU,LocalAllocation,4,2,1,0.0022,0.002,0.9090909090909091,1,0,1,0
trace-driven,trace,demo_locality,LRU,LocalAllocation,4,3,0,0.0023,0.0023,1.0,1,0,1,0
trace-driven,trace,demo_locality,LRU,LocalAllocation,4,3,1,0.0025,0.0018,0.72,1,0,1,0
trace-driven,trace,demo_locality,LRU,LocalAllocation,4,4,0,0.0021,0.0023,1.0952380952380953,1,0,1,0
trace-driven,trace,demo_locality,LRU,LocalAllocation,4,4,1,0.0022,0.0018,0.8181818181818182,1,0,1,0
trace-driven,trace,demo_locality,LRU,LocalAllocation,4,5,0,0.0021,0.0022,1.0476190476190477,1,0,1,0
trace-driven,trace,demo_locality,LRU,LocalAllocation,4,5,1,0.0023,0.0016,0.6956521739130435,1,0,1,0
trace-driven,trace,demo_locality,LRU,LocalAllocation,4,6,0,0.0022,0.0022,1.0,1,0,1,0
trace-driven,trace,demo_locality,LRU,LocalAllocation,4,6,1,0.0022,0.0017,0.7727272727272727,1,0,1,0
trace-driven,trace,demo_locality,LRU,LocalAllocation,4,7,0,0.0022,0.0021,0.9545454545454546,1,0,1,0
trace-driven,trace,demo_locality,LRU,LocalAllocation,4,7,1,0.0022,0.0016,0.7272727272727273,1,0,1,0
trace-driven,trace,demo_locality,LRU,LocalAllocation,4,8,0,0.0021,0.0021,1.0,1,0,1,0
trace-driven,trace,demo_locality,LRU,LocalAllocation,4,8,1,0.0022,0.0015,0.6818181818181818,1,0,1,0
trace-driven,trace,demo_locality,LRU,LocalAllocation,4,9,0,0.0021,0.0021,1.0,1,0,1,0
trace-driven,trace,demo_locality,LRU,LocalAllocation,4,9,1,0.0023,0.0017,0.7391304347826086,1,0,1,0
trace-driven,trace,demo_locality,LRU,ProportionalAllocation,4,0,0,0.0024,0.0024,1.0,1,0,1,0
trace-driven,trace,demo_locality,LRU,ProportionalAllocation,4,0,1,0.0023,0.002,0.8695652173913043,1,0,1,0
trace-driven,trace,demo_locality,LRU,ProportionalAllocation,4,1,0,0.0024,0.0024,1.0,1,0,1,0
trace-driven,trace,demo_locality,LRU,ProportionalAllocation,4,1,1,0.0022,0.002,0.9090909090909091,1,0,1,0
trace-driven,trace,demo_locality,LRU,ProportionalAllocation,4,2,0,0.0022,0.0023,1.0454545454545454,1,0,1,0
trace-driven,trace,demo_locality,LRU,ProportionalAllocation,4,2,1,0.0023,0.0019,0.8260869565217391,1,0,1,0
trace-driven,trace,demo_locality,LRU,ProportionalAllocation,4,3,0,0.0022,0.0021,0.9545454545454546,1,0,1,0
trace-driven,trace,demo_locality,LRU,ProportionalAllocation,4,3,1,0.0021,0.0016,0.7619047619047619,1,0,1,0
trace-driven,trace,demo_locality,LRU,ProportionalAllocation,4,4,0,0.0022,0.0021,0.9545454545454546,1,0,1,0
trace-driven,trace,demo_locality,LRU,ProportionalAllocation,4,4,1,0.0023,0.0017,0.7391304347826086,1,0,1,0
trace-driven,trace,demo_locality,LRU,ProportionalAllocation,4,5,0,0.0022,0.002,0.9090909090909091,1,0,1,0
trace-driven,trace,demo_locality,LRU,ProportionalAllocation,4,5,1,0.0022,0.0016,0.7272727272727273,1,0,1,0
trace-driven,trace,demo_locality,LRU,ProportionalAllocation,4,6,0,0.0022,0.0021,0.9545454545454546,1,0,1,0
trace-driven,trace,demo_locality,LRU,ProportionalAllocation,4,6,1,0.0022,0.0016,0.7272727272727273,1,0,1,0
trace-driven,trace,demo_locality,LRU,ProportionalAllocation,4,7,0,0.0023,0.0022,0.9565217391304348,1,0,1,0
trace-driven,trace,demo_locality,LRU,ProportionalAllocation,4,7,1,0.0022,0.0018,0.8181818181818182,1,0,1,0
trace-driven,trace,demo_locality,LRU,ProportionalAllocation,4,8,0,0.0022,0.002,0.9090909090909091,1,0,1,0
trace-driven,trace,demo_locality,LRU,ProportionalAllocation,4,8,1,0.0021,0.0018,0.8571428571428571,1,0,1,0
trace-driven,trace,demo_locality,LRU,ProportionalAllocation,4,9,0,0.0028,0.002,0.7142857142857143,1,0,1,0
trace-driven,trace,demo_locality,LRU,ProportionalAllocation,4,9,1,0.0022,0.0016,0.7272727272727273,1,0,1,0
trace-driven,trace,demo_locality,NRU,GlobalAllocation,4,0,0,0.0031,0.0038,1.2258064516129032,1,,,
trace-driven,trace,demo_locality,NRU,GlobalAllocation,4,0,1,0.0027,0.0033,1.2222222222222223,1,,,
trace-driven,trace,demo_locality,NRU,GlobalAllocation,4,1,0,0.0031,0.0032,1.032258064516129,1,,,
trace-driven,trace,demo_locality,NRU,GlobalAllocation,4,1,1,0.0027,0.0032,1.1851851851851851,1,,,
trace-driven,trace,demo_locality,NRU,GlobalAllocation,4,2,0,0.0026,0.0033,1.2692307692307692,1,,,
trace-driven,trace,demo_locality,NRU,GlobalAllocation,4,2,1,0.0027,0.0029,1.0740740740740742,1,,,
trace-driven,trace,demo_locality,NRU,GlobalAllocation,4,3,0,0.0038,0.0041,1.0789473684210527,1,,,
trace-driven,trace,demo_locality,NRU,GlobalAllocation,4,3,1,0.0035,0.0041,1.1714285714285715,1,,,
trace-driven,trace,demo_locality,NRU,GlobalAllocation,4,4,0,0.0024,0.0029,1.2083333333333333,1,,,
trace-driven,trace,demo_locality,NRU,GlobalAllocation,4,4,1,0.0025,0.0029,1.16,1,,,
trace-driven,trace,demo_locality,NRU,GlobalAllocation,4,5,0,0.0212,0.0028,0.1320754716981132,1,,,
trace-driven,trace,demo_locality,NRU,GlobalAllocation,4,5,1,0.0043,0.0027,0.627906976744186,1,,,
trace-driven,trace,demo_locality,NRU,GlobalAllocation,4,6,0,0.0036,0.0051,1.4166666666666667,1,,,
trace-driven,trace,demo_locality,NRU,GlobalAllocation,4,6,1,0.0034,0.0055,1.6176470588235294,1,,,
trace-driven,trace,demo_locality,NRU,GlobalAllocation,4,7,0,0.0026,0.004,1.5384615384615385,1,,,
trace-driven,trace,demo_locality,NRU,GlobalAllocation,4,7,1,0.0024,0.0038,1.5833333333333333,1,,,
trace-driven,trace,demo_locality,NRU,GlobalAllocation,4,8,0,0.0024,0.0025,1.0416666666666667,1,,,
trace-driven,trace,demo_locality,NRU,GlobalAllocation,4,8,1,0.0024,0.0025,1.0416666666666667,1,,,
trace-driven,trace,demo_locality,NRU,GlobalAllocation,4,9,0,0.0023,0.0023,1.0,1,,,
trace-driven,trace,demo_locality,NRU,GlobalAllocation,4,9,1,0.0022,0.0027,1.2272727272727273,1,,,
trace-driven,trace,demo_locality,NRU,LocalAllocation,4,0,0,0.0022,0.0027,1.2272727272727273,1,0,1,0
trace-driven,trace,demo_locality,NRU,LocalAllocation,4,0,1,0.0021,0.0021,1.0,1,0,1,0
trace-driven,trace,demo_locality,NRU,LocalAllocation,4,1,0,0.0022,0.0025,1.1363636363636365,1,0,1,0
trace-driven,trace,demo_locality,NRU,LocalAllocation,4,1,1,0.0021,0.0019,0.9047619047619048,1,0,1,0
trace-driven,trace,demo_locality,NRU,LocalAllocation,4,2,0,0.0023,0.0022,0.9565217391304348,1,0,1,0
trace-driven,trace,demo_locality,NRU,LocalAllocation,4,2,1,0.0021,0.0019,0.9047619047619048,1,0,1,0
trace-driven,trace,demo_locality,NRU,LocalAllocation,4,3,0,0.0021,0.0024,1.1428571428571428,1,0,1,0
trace-driven,trace,demo_locality,NRU,LocalAllocation,4,3,1,0.002,0.0018,0.9,1,0,1,0
trace-driven,trace,demo_locality,NRU,LocalAllocation,4,4,0,0.0021,0.0021,1.0,1,0,1,0
trace-driven,trace,demo_locality,NRU,LocalAllocation,4,4,1,0.0021,0.0018,0.8571428571428571,1,0,1,0
trace-driven,trace,demo_locality,NRU,LocalAllocation,4,5,0,0.0023,0.0021,0.9130434782608695,1,0,1,0
trace-driven,trace,demo_locality,NRU,LocalAllocation,4,5,1,0.002,0.0017,0.85,1,0,1,0
trace-driven,trace,demo_locality,NRU,LocalAllocation,4,6,0,0.0021,0.002,0.9523809523809523,1,0,1,0
trace-driven,trace,demo_locality,NRU,LocalAllocation,4,6,1,0.002,0.0018,0.9,1,0,1,0
trace-driven,trace,demo_locality,NRU,LocalAllocation,4,7,0,0.0021,0.0022,1.0476190476190477,1,0,1,0
trace-driven,trace,demo_locality,NRU,LocalAllocation,4,7,1,0.0024,0.0022,0.9166666666666666,1,0,1,0
trace-driven,trace,demo_locality,NRU,LocalAllocation,4,8,0,0.0021,0.0025,1.1904761904761905,1,0,1,0
trace-driven,trace,demo_locality,NRU,LocalAllocation,4,8,1,0.0022,0.002,0.9090909090909091,1,0,1,0
trace-driven,trace,demo_locality,NRU,LocalAllocation,4,9,0,0.002,0.0023,1.15,1,0,1,0
trace-driven,trace,demo_locality,NRU,LocalAllocation,4,9,1,0.002,0.0019,0.95,1,0,1,0
trace-driven,trace,demo_locality,NRU,ProportionalAllocation,4,0,0,0.0023,0.0026,1.1304347826086956,1,0,1,0
trace-driven,trace,demo_locality,NRU,ProportionalAllocation,4,0,1,0.002,0.0019,0.95,1,0,1,0
trace-driven,trace,demo_locality,NRU,ProportionalAllocation,4,1,0,0.0021,0.0022,1.0476190476190477,1,0,1,0
trace-driven,trace,demo_locality,NRU,ProportionalAllocation,4,1,1,0.0021,0.0019,0.9047619047619048,1,0,1,0
trace-driven,trace,demo_locality,NRU,ProportionalAllocation,4,2,0,0.0021,0.0024,1.1428571428571428,1,0,1,0
trace-driven,trace,demo_locality,NRU,ProportionalAllocation,4,2,1,0.002,0.002,1.0,1,0,1,0
trace-driven,trace,demo_locality,NRU,ProportionalAllocation,4,3,0,0.0022,0.0021,0.9545454545454546,1,0,1,0
trace-driven,trace,demo_locality,NRU,ProportionalAllocation,4,3,1,0.0021,0.0017,0.8095238095238095,1,0,1,0
trace-driven,trace,demo_locality,NRU,ProportionalAllocation,4,4,0,0.0021,0.0021,1.0,1,0,1,0
trace-driven,trace,demo_locality,NRU,ProportionalAllocation,4,4,1,0.0021,0.0017,0.8095238095238095,1,0,1,0
trace-driven,trace,demo_locality,NRU,ProportionalAllocation,4,5,0,0.0023,0.002,0.8695652173913043,1,0,1,0
trace-driven,trace,demo_locality,NRU,ProportionalAllocation,4,5,1,0.002,0.0017,0.85,1,0,1,0
trace-driven,trace,demo_locality,NRU,ProportionalAllocation,4,6,0,0.0022,0.0021,0.9545454545454546,1,0,1,0
trace-driven,trace,demo_locality,NRU,ProportionalAllocation,4,6,1,0.0022,0.0018,0.8181818181818182,1,0,1,0
trace-driven,trace,demo_locality,NRU,ProportionalAllocation,4,7,0,0.002,0.0021,1.05,1,0,1,0
trace-driven,trace,demo_locality,NRU,ProportionalAllocation,4,7,1,0.0021,0.0016,0.7619047619047619,1,0,1,0
trace-driven,trace,demo_locality,NRU,ProportionalAllocation,4,8,0,0.002,0.0021,1.05,1,0,1,0
trace-driven,trace,demo_locality,NRU,ProportionalAllocation,4,8,1,0.002,0.0015,0.75,1,0,1,0
trace-driven,trace,demo_locality,NRU,ProportionalAllocation,4,9,0,0.0023,0.002,0.8695652173913043,1,0,1,0
trace-driven,trace,demo_locality,NRU,ProportionalAllocation,4,9,1,0.0023,0.0016,0.6956521739130435,1,0,1,0
trace-driven,trace,demo_locality,SecondChance,GlobalAllocation,4,0,0,0.003,0.0039,1.3,1,,,
trace-driven,trace,demo_locality,SecondChance,GlobalAllocation,4,0,1,0.0029,0.0036,1.2413793103448276,1,,,
trace-driven,trace,demo_locality,SecondChance,GlobalAllocation,4,1,0,0.003,0.003,1.0,1,,,
trace-driven,trace,demo_locality,SecondChance,GlobalAllocation,4,1,1,0.0025,0.0032,1.28,1,,,
trace-driven,trace,demo_locality,SecondChance,GlobalAllocation,4,2,0,0.0027,0.0027,1.0,1,,,
trace-driven,trace,demo_locality,SecondChance,GlobalAllocation,4,2,1,0.0026,0.0029,1.1153846153846154,1,,,
trace-driven,trace,demo_locality,SecondChance,GlobalAllocation,4,3,0,0.0027,0.003,1.1111111111111112,1,,,
trace-driven,trace,demo_locality,SecondChance,GlobalAllocation,4,3,1,0.0023,0.0029,1.2608695652173914,1,,,
trace-driven,trace,demo_locality,SecondChance,GlobalAllocation,4,4,0,0.0025,0.0028,1.12,1,,,
trace-driven,trace,demo_locality,SecondChance,GlobalAllocation,4,4,1,0.0024,0.0027,1.125,1,,,
trace-driven,trace,demo_locality,SecondChance,GlobalAllocation,4,5,0,0.0024,0.0026,1.0833333333333333,1,,,
trace-driven,trace,demo_locality,SecondChance,GlobalAllocation,4,5,1,0.0024,0.0028,1.1666666666666667,1,,,
trace-driven,trace,demo_locality,SecondChance,GlobalAllocation,4,6,0,0.0027,0.0027,1.0,1,,,
trace-driven,trace,demo_locality,SecondChance,GlobalAllocation,4,6,1,0.0023,0.0026,1.1304347826086956,1,,,
trace-driven,trace,demo_locality,SecondChance,GlobalAllocation,4,7,0,0.0023,0.0027,1.173913043478261,1,,,
trace-driven,trace,demo_locality,SecondChance,GlobalAllocation,4,7,1,0.0022,0.0024,1.0909090909090908,1,,,
trace-driven,trace,demo_locality,SecondChance,GlobalAllocation,4,8,0,0.0023,0.0023,1.0,1,,,
trace-driven,trace,demo_locality,SecondChance,GlobalAllocation,4,8,1,0.0022,0.0025,1.1363636363636365,1,,,
trace-driven,trace,demo_locality,SecondChance,GlobalAllocation,4,9,0,0.0023,0.0025,1.0869565217391304,1,,,
trace-driven,trace,demo_locality,SecondChance,GlobalAllocation,4,9,1,0.0023,0.0026,1.1304347826086956,1,,,
trace-driven,trace,demo_locality,SecondChance,LocalAllocation,4,0,0,0.0023,0.0026,1.1304347826086956,1,0,1,0
trace-driven,trace,demo_locality,SecondChance,LocalAllocation,4,0,1,0.0019,0.002,1.0526315789473684,1,0,1,0
trace-driven,trace,demo_locality,SecondChance,LocalAllocation,4,1,0,0.0023,0.0023,1.0,1,0,1,0
trace-driven,trace,demo_locality,SecondChance,LocalAllocation,4,1,1,0.002,0.0019,0.95,1,0,1,0
trace-driven,trace,demo_locality,SecondChance,LocalAllocation,4,2,0,0.0021,0.0022,1.0476190476190477,1,0,1,0
trace-driven,trace,demo_locality,SecondChance,LocalAllocation,4,2,1,0.0021,0.0019,0.9047619047619048,1,0,1,0
trace-driven,trace,demo_locality,SecondChance,LocalAllocation,4,3,0,0.0021,0.0022,1.0476190476190477,1,0,1,0
trace-driven,trace,demo_locality,SecondChance,LocalAllocation,4,3,1,0.002,0.0018,0.9,1,0,1,0
trace-driven,trace,demo_locality,SecondChance,LocalAllocation,4,4,0,0.002,0.0021,1.05,1,0,1,0
trace-driven,trace,demo_locality,SecondChance,LocalAllocation,4,4,1,0.002,0.0016,0.8,1,0,1,0
trace-driven,trace,demo_locality,SecondChance,LocalAllocation,4,5,0,0.0021,0.002,0.9523809523809523,1,0,1,0
trace-driven,trace,demo_locality,SecondChance,LocalAllocation,4,5,1,0.0021,0.0019,0.9047619047619048,1,0,1,0
trace-driven,trace,demo_locality,SecondChance,LocalAllocation,4,6,0,0.0021,0.0022,1.0476190476190477,1,0,1,0
trace-driven,trace,demo_locality,SecondChance,LocalAllocation,4,6,1,0.0021,0.0017,0.8095238095238095,1,0,1,0
trace-driven,trace,demo_locality,SecondChance,LocalAllocation,4,7,0,0.0021,0.0021,1.0,1,0,1,0
trace-driven,trace,demo_locality,SecondChance,LocalAllocation,4,7,1,0.002,0.0019,0.95,1,0,1,0
trace-driven,trace,demo_locality,SecondChance,LocalAllocation,4,8,0,0.0021,0.0021,1.0,1,0,1,0
trace-driven,trace,demo_locality,SecondChance,LocalAllocation,4,8,1,0.0021,0.0016,0.7619047619047619,1,0,1,0
trace-driven,trace,demo_locality,SecondChance,LocalAllocation,4,9,0,0.0021,0.002,0.9523809523809523,1,0,1,0
trace-driven,trace,demo_locality,SecondChance,LocalAllocation,4,9,1,0.0019,0.0015,0.7894736842105263,1,0,1,0
trace-driven,trace,demo_locality,SecondChance,ProportionalAllocation,4,0,0,0.0023,0.0034,1.4782608695652173,1,0,1,0
trace-driven,trace,demo_locality,SecondChance,ProportionalAllocation,4,0,1,0.0021,0.0028,1.3333333333333333,1,0,1,0
trace-driven,trace,demo_locality,SecondChance,ProportionalAllocation,4,1,0,0.0021,0.0024,1.1428571428571428,1,0,1,0
trace-driven,trace,demo_locality,SecondChance,ProportionalAllocation,4,1,1,0.0027,0.0017,0.6296296296296297,1,0,1,0
trace-driven,trace,demo_locality,SecondChance,ProportionalAllocation,4,2,0,0.0022,0.0021,0.9545454545454546,1,0,1,0
trace-driven,trace,demo_locality,SecondChance,ProportionalAllocation,4,2,1,0.0021,0.0017,0.8095238095238095,1,0,1,0
trace-driven,trace,demo_locality,SecondChance,ProportionalAllocation,4,3,0,0.0021,0.002,0.9523809523809523,1,0,1,0
trace-driven,trace,demo_locality,SecondChance,ProportionalAllocation,4,3,1,0.002,0.0017,0.85,1,0,1,0
trace-driven,trace,demo_locality,SecondChance,ProportionalAllocation,4,4,0,0.0019,0.0021,1.105263157894737,1,0,1,0
trace-driven,trace,demo_locality,SecondChance,ProportionalAllocation,4,4,1,0.0021,0.0016,0.7619047619047619,1,0,1,0
trace-driven,trace,demo_locality,SecondChance,ProportionalAllocation,4,5,0,0.002,0.002,1.0,1,0,1,0
trace-driven,trace,demo_locality,SecondChance,ProportionalAllocation,4,5,1,0.002,0.0015,0.75,1,0,1,0
trace-driven,trace,demo_locality,SecondChance,ProportionalAllocation,4,6,0,0.002,0.0019,0.95,1,0,1,0
trace-driven,trace,demo_locality,SecondChance,ProportionalAllocation,4,6,1,0.002,0.0016,0.8,1,0,1,0
trace-driven,trace,demo_locality,SecondChance,ProportionalAllocation,4,7,0,0.002,0.002,1.0,1,0,1,0
trace-driven,trace,demo_locality,SecondChance,ProportionalAllocation,4,7,1,0.002,0.0017,0.85,1,0,1,0
trace-driven,trace,demo_locality,SecondChance,ProportionalAllocation,4,8,0,0.002,0.002,1.0,1,0,1,0
trace-driven,trace,demo_locality,SecondChance,ProportionalAllocation,4,8,1,0.002,0.0017,0.85,1,0,1,0
trace-driven,trace,demo_locality,SecondChance,ProportionalAllocation,4,9,0,0.0021,0.0018,0.8571428571428571,1,0,1,0
trace-driven,trace,demo_locality,SecondChance,ProportionalAllocation,4,9,1,0.002,0.0015,0.75,1,0,1,0
trace-driven,trace,demo_locality,WSClock,GlobalAllocation,4,0,0,0.003,0.0039,1.3,1,,,
trace-driven,trace,demo_locality,WSClock,GlobalAllocation,4,0,1,0.0029,0.0032,1.103448275862069,1,,,
trace-driven,trace,demo_locality,WSClock,GlobalAllocation,4,1,0,0.003,0.0031,1.0333333333333334,1,,,
trace-driven,trace,demo_locality,WSClock,GlobalAllocation,4,1,1,0.0027,0.0033,1.2222222222222223,1,,,
trace-driven,trace,demo_locality,WSClock,GlobalAllocation,4,2,0,0.0026,0.003,1.1538461538461537,1,,,
trace-driven,trace,demo_locality,WSClock,GlobalAllocation,4,2,1,0.0026,0.0031,1.1923076923076923,1,,,
trace-driven,trace,demo_locality,WSClock,GlobalAllocation,4,3,0,0.0028,0.0031,1.1071428571428572,1,,,
trace-driven,trace,demo_locality,WSClock,GlobalAllocation,4,3,1,0.0024,0.0028,1.1666666666666667,1,,,
trace-driven,trace,demo_locality,WSClock,GlobalAllocation,4,4,0,0.0024,0.0027,1.125,1,,,
trace-driven,trace,demo_locality,WSClock,GlobalAllocation,4,4,1,0.0025,0.0026,1.04,1,,,
trace-driven,trace,demo_locality,WSClock,GlobalAllocation,4,5,0,0.0024,0.0028,1.1666666666666667,1,,,
trace-driven,trace,demo_locality,WSClock,GlobalAllocation,4,5,1,0.0024,0.0027,1.125,1,,,
trace-driven,trace,demo_locality,WSClock,GlobalAllocation,4,6,0,0.0027,0.0029,1.0740740740740742,1,,,
trace-driven,trace,demo_locality,WSClock,GlobalAllocation,4,6,1,0.0022,0.0036,1.6363636363636365,1,,,
trace-driven,trace,demo_locality,WSClock,GlobalAllocation,4,7,0,0.0022,0.0024,1.0909090909090908,1,,,
trace-driven,trace,demo_locality,WSClock,GlobalAllocation,4,7,1,0.0024,0.0025,1.0416666666666667,1,,,
trace-driven,trace,demo_locality,WSClock,GlobalAllocation,4,8,0,0.0023,0.0024,1.0434782608695652,1,,,
trace-driven,trace,demo_locality,WSClock,GlobalAllocation,4,8,1,0.0024,0.0023,0.9583333333333334,1,,,
trace-driven,trace,demo_locality,WSClock,GlobalAllocation,4,9,0,0.0021,0.0024,1.1428571428571428,1,,,
trace-driven,trace,demo_locality,WSClock,GlobalAllocation,4,9,1,0.0022,0.0032,1.4545454545454546,1,,,
trace-driven,trace,demo_locality,WSClock,LocalAllocation,4,0,0,0.0022,0.0026,1.1818181818181819,1,0,1,0
trace-driven,trace,demo_locality,WSClock,LocalAllocation,4,0,1,0.002,0.0021,1.05,1,0,1,0
trace-driven,trace,demo_locality,WSClock,LocalAllocation,4,1,0,0.0022,0.0025,1.1363636363636365,1,0,1,0
trace-driven,trace,demo_locality,WSClock,LocalAllocation,4,1,1,0.002,0.002,1.0,1,0,1,0
trace-driven,trace,demo_locality,WSClock,LocalAllocation,4,2,0,0.0022,0.0022,1.0,1,0,1,0
trace-driven,trace,demo_locality,WSClock,LocalAllocation,4,2,1,0.002,0.002,1.0,1,0,1,0
trace-driven,trace,demo_locality,WSClock,LocalAllocation,4,3,0,0.002,0.0021,1.05,1,0,1,0
trace-driven,trace,demo_locality,WSClock,LocalAllocation,4,3,1,0.002,0.0017,0.85,1,0,1,0
trace-driven,trace,demo_locality,WSClock,LocalAllocation,4,4,0,0.002,0.0021,1.05,1,0,1,0
trace-driven,trace,demo_locality,WSClock,LocalAllocation,4,4,1,0.002,0.0016,0.8,1,0,1,0
trace-driven,trace,demo_locality,WSClock,LocalAllocation,4,5,0,0.0021,0.002,0.9523809523809523,1,0,1,0
trace-driven,trace,demo_locality,WSClock,LocalAllocation,4,5,1,0.002,0.0018,0.9,1,0,1,0
trace-driven,trace,demo_locality,WSClock,LocalAllocation,4,6,0,0.002,0.0019,0.95,1,0,1,0
trace-driven,trace,demo_locality,WSClock,LocalAllocation,4,6,1,0.002,0.0015,0.75,1,0,1,0
trace-driven,trace,demo_locality,WSClock,LocalAllocation,4,7,0,0.002,0.0019,0.95,1,0,1,0
trace-driven,trace,demo_locality,WSClock,LocalAllocation,4,7,1,0.0021,0.0014,0.6666666666666666,1,0,1,0
trace-driven,trace,demo_locality,WSClock,LocalAllocation,4,8,0,0.0022,0.0018,0.8181818181818182,1,0,1,0
trace-driven,trace,demo_locality,WSClock,LocalAllocation,4,8,1,0.0021,0.0013,0.6190476190476191,1,0,1,0
trace-driven,trace,demo_locality,WSClock,LocalAllocation,4,9,0,0.0021,0.0017,0.8095238095238095,1,0,1,0
trace-driven,trace,demo_locality,WSClock,LocalAllocation,4,9,1,0.002,0.0015,0.75,1,0,1,0
trace-driven,trace,demo_locality,WSClock,ProportionalAllocation,4,0,0,0.0022,0.0025,1.1363636363636365,1,0,1,0
trace-driven,trace,demo_locality,WSClock,ProportionalAllocation,4,0,1,0.002,0.0019,0.95,1,0,1,0
trace-driven,trace,demo_locality,WSClock,ProportionalAllocation,4,1,0,0.002,0.0022,1.1,1,0,1,0
trace-driven,trace,demo_locality,WSClock,ProportionalAllocation,4,1,1,0.0019,0.0019,1.0,1,0,1,0
trace-driven,trace,demo_locality,WSClock,ProportionalAllocation,4,2,0,0.0022,0.0021,0.9545454545454546,1,0,1,0
trace-driven,trace,demo_locality,WSClock,ProportionalAllocation,4,2,1,0.0021,0.0018,0.8571428571428571,1,0,1,0
trace-driven,trace,demo_locality,WSClock,ProportionalAllocation,4,3,0,0.0021,0.0022,1.0476190476190477,1,0,1,0
trace-driven,trace,demo_locality,WSClock,ProportionalAllocation,4,3,1,0.002,0.0016,0.8,1,0,1,0
trace-driven,trace,demo_locality,WSClock,ProportionalAllocation,4,4,0,0.0022,0.0022,1.0,1,0,1,0
trace-driven,trace,demo_locality,WSClock,ProportionalAllocation,4,4,1,0.0021,0.0016,0.7619047619047619,1,0,1,0
trace-driven,trace,demo_locality,WSClock,ProportionalAllocation,4,5,0,0.002,0.0021,1.05,1,0,1,0
trace-driven,trace,demo_locality,WSClock,ProportionalAllocation,4,5,1,0.0021,0.0015,0.7142857142857143,1,0,1,0
trace-driven,trace,demo_locality,WSClock,ProportionalAllocation,4,6,0,0.0022,0.0019,0.8636363636363636,1,0,1,0
trace-driven,trace,demo_locality,WSClock,ProportionalAllocation,4,6,1,0.002,0.0016,0.8,1,0,1,0
trace-driven,trace,demo_locality,WSClock,ProportionalAllocation,4,7,0,0.0021,0.0019,0.9047619047619048,1,0,1,0
trace-driven,trace,demo_locality,WSClock,ProportionalAllocation,4,7,1,0.0022,0.0015,0.6818181818181818,1,0,1,0
trace-driven,trace,demo_locality,WSClock,ProportionalAllocation,4,8,0,0.0022,0.0018,0.8181818181818182,1,0,1,0
trace-driven,trace,demo_locality,WSClock,ProportionalAllocation,4,8,1,0.002,0.0015,0.75,1,0,1,0
trace-driven,trace,demo_locality,WSClock,ProportionalAllocation,4,9,0,0.0021,0.0018,0.8571428571428571,1,0,1,0
trace-driven,trace,demo_locality,WSClock,ProportionalAllocation,4,9,1,0.0021,0.0015,0.7142857142857143,1,0,1,0
trace-driven,trace,report_locality_heavy,FIFO,GlobalAllocation,4,0,0,0.0039,0.005,1.2820512820512822,2,,,
trace-driven,trace,report_locality_heavy,FIFO,GlobalAllocation,4,0,1,0.0037,0.0051,1.3783783783783783,2,,,
trace-driven,trace,report_locality_heavy,FIFO,GlobalAllocation,4,1,0,0.0036,0.0055,1.5277777777777777,2,,,
trace-driven,trace,report_locality_heavy,FIFO,GlobalAllocation,4,1,1,0.0034,0.0054,1.588235294117647,2,,,
trace-driven,trace,report_locality_heavy,FIFO,GlobalAllocation,4,2,0,0.0034,0.0044,1.2941176470588236,2,,,
trace-driven,trace,report_locality_heavy,FIFO,GlobalAllocation,4,2,1,0.0033,0.0043,1.303030303030303,2,,,
trace-driven,trace,report_locality_heavy,FIFO,GlobalAllocation,4,3,0,0.0032,0.0052,1.625,2,,,
trace-driven,trace,report_locality_heavy,FIFO,GlobalAllocation,4,3,1,0.0033,0.0044,1.3333333333333333,2,,,
trace-driven,trace,report_locality_heavy,FIFO,GlobalAllocation,4,4,0,0.0031,0.0038,1.2258064516129032,2,,,
trace-driven,trace,report_locality_heavy,FIFO,GlobalAllocation,4,4,1,0.0032,0.004,1.25,2,,,
trace-driven,trace,report_locality_heavy,FIFO,GlobalAllocation,4,5,0,0.0031,0.0037,1.1935483870967742,2,,,
trace-driven,trace,report_locality_heavy,FIFO,GlobalAllocation,4,5,1,0.0031,0.005,1.6129032258064515,2,,,
trace-driven,trace,report_locality_heavy,FIFO,GlobalAllocation,4,6,0,0.0032,0.0036,1.125,2,,,
trace-driven,trace,report_locality_heavy,FIFO,GlobalAllocation,4,6,1,0.0033,0.0041,1.2424242424242424,2,,,
trace-driven,trace,report_locality_heavy,FIFO,GlobalAllocation,4,7,0,0.0031,0.0034,1.096774193548387,2,,,
trace-driven,trace,report_locality_heavy,FIFO,GlobalAllocation,4,7,1,0.0032,0.0037,1.15625,2,,,
trace-driven,trace,report_locality_heavy,FIFO,GlobalAllocation,4,8,0,0.0045,0.0034,0.7555555555555555,2,,,
trace-driven,trace,report_locality_heavy,FIFO,GlobalAllocation,4,8,1,0.0031,0.004,1.2903225806451613,2,,,
trace-driven,trace,report_locality_heavy,FIFO,GlobalAllocation,4,9,0,0.0031,0.0035,1.1290322580645162,2,,,
trace-driven,trace,report_locality_heavy,FIFO,GlobalAllocation,4,9,1,0.0029,0.0038,1.3103448275862069,2,,,
trace-driven,trace,report_locality_heavy,FIFO,LocalAllocation,4,0,0,0.003,0.0038,1.2666666666666666,2,0,2,0
trace-driven,trace,report_locality_heavy,FIFO,LocalAllocation,4,0,1,0.003,0.0034,1.1333333333333333,2,0,2,0
trace-driven,trace,report_locality_heavy,FIFO,LocalAllocation,4,1,0,0.0028,0.0043,1.5357142857142858,2,0,2,0
trace-driven,trace,report_locality_heavy,FIFO,LocalAllocation,4,1,1,0.0029,0.003,1.0344827586206897,2,0,2,0
trace-driven,trace,report_locality_heavy,FIFO,LocalAllocation,4,2,0,0.0029,0.0034,1.1724137931034482,2,0,2,0
trace-driven,trace,report_locality_heavy,FIFO,LocalAllocation,4,2,1,0.0029,0.0027,0.9310344827586207,2,0,2,0
trace-driven,trace,report_locality_heavy,FIFO,LocalAllocation,4,3,0,0.0029,0.0031,1.0689655172413792,2,0,2,0
trace-driven,trace,report_locality_heavy,FIFO,LocalAllocation,4,3,1,0.003,0.0027,0.9,2,0,2,0
trace-driven,trace,report_locality_heavy,FIFO,LocalAllocation,4,4,0,0.0029,0.0033,1.1379310344827587,2,0,2,0
trace-driven,trace,report_locality_heavy,FIFO,LocalAllocation,4,4,1,0.003,0.0023,0.7666666666666667,2,0,2,0
trace-driven,trace,report_locality_heavy,FIFO,LocalAllocation,4,5,0,0.0032,0.0028,0.875,2,0,2,0
trace-driven,trace,report_locality_heavy,FIFO,LocalAllocation,4,5,1,0.0029,0.0028,0.9655172413793104,2,0,2,0
trace-driven,trace,report_locality_heavy,FIFO,LocalAllocation,4,6,0,0.0028,0.0027,0.9642857142857143,2,0,2,0
trace-driven,trace,report_locality_heavy,FIFO,LocalAllocation,4,6,1,0.0028,0.0023,0.8214285714285714,2,0,2,0
trace-driven,trace,report_locality_heavy,FIFO,LocalAllocation,4,7,0,0.003,0.0028,0.9333333333333333,2,0,2,0
trace-driven,trace,report_locality_heavy,FIFO,LocalAllocation,4,7,1,0.0028,0.0029,1.0357142857142858,2,0,2,0
trace-driven,trace,report_locality_heavy,FIFO,LocalAllocation,4,8,0,0.0029,0.0031,1.0689655172413792,2,0,2,0
trace-driven,trace,report_locality_heavy,FIFO,LocalAllocation,4,8,1,0.0028,0.0026,0.9285714285714286,2,0,2,0
trace-driven,trace,report_locality_heavy,FIFO,LocalAllocation,4,9,0,0.0027,0.0029,1.0740740740740742,2,0,2,0
trace-driven,trace,report_locality_heavy,FIFO,LocalAllocation,4,9,1,0.0028,0.0023,0.8214285714285714,2,0,2,0
trace-driven,trace,report_locality_heavy,FIFO,ProportionalAllocation,4,0,0,0.0033,0.0036,1.0909090909090908,2,0,2,0
trace-driven,trace,report_locality_heavy,FIFO,ProportionalAllocation,4,0,1,0.0032,0.0032,1.0,2,0,2,0
trace-driven,trace,report_locality_heavy,FIFO,ProportionalAllocation,4,1,0,0.0029,0.0039,1.3448275862068966,2,0,2,0
trace-driven,trace,report_locality_heavy,FIFO,ProportionalAllocation,4,1,1,0.003,0.003,1.0,2,0,2,0
trace-driven,trace,report_locality_heavy,FIFO,ProportionalAllocation,4,2,0,0.0029,0.0031,1.0689655172413792,2,0,2,0
trace-driven,trace,report_locality_heavy,FIFO,ProportionalAllocation,4,2,1,0.0028,0.0027,0.9642857142857143,2,0,2,0
trace-driven,trace,report_locality_heavy,FIFO,ProportionalAllocation,4,3,0,0.003,0.0031,1.0333333333333334,2,0,2,0
trace-driven,trace,report_locality_heavy,FIFO,ProportionalAllocation,4,3,1,0.0028,0.0028,1.0,2,0,2,0
trace-driven,trace,report_locality_heavy,FIFO,ProportionalAllocation,4,4,0,0.0029,0.003,1.0344827586206897,2,0,2,0
trace-driven,trace,report_locality_heavy,FIFO,ProportionalAllocation,4,4,1,0.0028,0.0026,0.9285714285714286,2,0,2,0
trace-driven,trace,report_locality_heavy,FIFO,ProportionalAllocation,4,5,0,0.0027,0.0038,1.4074074074074074,2,0,2,0
trace-driven,trace,report_locality_heavy,FIFO,ProportionalAllocation,4,5,1,0.0028,0.0029,1.0357142857142858,2,0,2,0
trace-driven,trace,report_locality_heavy,FIFO,ProportionalAllocation,4,6,0,0.0038,0.0029,0.7631578947368421,2,0,2,0
trace-driven,trace,report_locality_heavy,FIFO,ProportionalAllocation,4,6,1,0.003,0.0025,0.8333333333333334,2,0,2,0
trace-driven,trace,report_locality_heavy,FIFO,ProportionalAllocation,4,7,0,0.003,0.0029,0.9666666666666667,2,0,2,0
trace-driven,trace,report_locality_heavy,FIFO,ProportionalAllocation,4,7,1,0.0028,0.0027,0.9642857142857143,2,0,2,0
trace-driven,trace,report_locality_heavy,FIFO,ProportionalAllocation,4,8,0,0.0028,0.0029,1.0357142857142858,2,0,2,0
trace-driven,trace,report_locality_heavy,FIFO,ProportionalAllocation,4,8,1,0.0028,0.0026,0.9285714285714286,2,0,2,0
trace-driven,trace,report_locality_heavy,FIFO,ProportionalAllocation,4,9,0,0.003,0.0029,0.9666666666666667,2,0,2,0
trace-driven,trace,report_locality_heavy,FIFO,ProportionalAllocation,4,9,1,0.0031,0.0025,0.8064516129032258,2,0,2,0
trace-driven,trace,report_locality_heavy,LRU,GlobalAllocation,4,0,0,0.0044,0.0056,1.2727272727272727,2,,,
trace-driven,trace,report_locality_heavy,LRU,GlobalAllocation,4,0,1,0.0041,0.0059,1.4390243902439024,2,,,
trace-driven,trace,report_locality_heavy,LRU,GlobalAllocation,4,1,0,0.0043,0.0057,1.3255813953488371,2,,,
trace-driven,trace,report_locality_heavy,LRU,GlobalAllocation,4,1,1,0.0039,0.006,1.5384615384615385,2,,,
trace-driven,trace,report_locality_heavy,LRU,GlobalAllocation,4,2,0,0.0038,0.0046,1.2105263157894737,2,,,
trace-driven,trace,report_locality_heavy,LRU,GlobalAllocation,4,2,1,0.0037,0.0052,1.4054054054054055,2,,,
trace-driven,trace,report_locality_heavy,LRU,GlobalAllocation,4,3,0,0.0035,0.006,1.7142857142857142,2,,,
trace-driven,trace,report_locality_heavy,LRU,GlobalAllocation,4,3,1,0.0035,0.0054,1.542857142857143,2,,,
trace-driven,trace,report_locality_heavy,LRU,GlobalAllocation,4,4,0,0.0035,0.0046,1.3142857142857143,2,,,
trace-driven,trace,report_locality_heavy,LRU,GlobalAllocation,4,4,1,0.0035,0.0049,1.4,2,,,
trace-driven,trace,report_locality_heavy,LRU,GlobalAllocation,4,5,0,0.0036,0.0043,1.1944444444444444,2,,,
trace-driven,trace,report_locality_heavy,LRU,GlobalAllocation,4,5,1,0.0037,0.0051,1.3783783783783783,2,,,
trace-driven,trace,report_locality_heavy,LRU,GlobalAllocation,4,6,0,0.0035,0.0045,1.2857142857142858,2,,,
trace-driven,trace,report_locality_heavy,LRU,GlobalAllocation,4,6,1,0.0035,0.0049,1.4,2,,,
trace-driven,trace,report_locality_heavy,LRU,GlobalAllocation,4,7,0,0.0046,0.0059,1.2826086956521738,2,,,
trace-driven,trace,report_locality_heavy,LRU,GlobalAllocation,4,7,1,0.0048,0.008,1.6666666666666667,2,,,
trace-driven,trace,report_locality_heavy,LRU,GlobalAllocation,4,8,0,0.0034,0.0049,1.4411764705882353,2,,,
trace-driven,trace,report_locality_heavy,LRU,GlobalAllocation,4,8,1,0.0035,0.0057,1.6285714285714286,2,,,
trace-driven,trace,report_locality_heavy,LRU,GlobalAllocation,4,9,0,0.0032,0.0042,1.3125,2,,,
trace-driven,trace,report_locality_heavy,LRU,GlobalAllocation,4,9,1,0.0032,0.0048,1.5,2,,,
trace-driven,trace,report_locality_heavy,LRU,LocalAllocation,4,0,0,0.0037,0.0046,1.2432432432432432,2,0,2,0
trace-driven,trace,report_locality_heavy,LRU,LocalAllocation,4,0,1,0.0033,0.0039,1.1818181818181819,2,0,2,0
trace-driven,trace,report_locality_heavy,LRU,LocalAllocation,4,1,0,0.0049,0.0049,1.0,2,0,2,0
trace-driven,trace,report_locality_heavy,LRU,LocalAllocation,4,1,1,0.0033,0.0036,1.0909090909090908,2,0,2,0
trace-driven,trace,report_locality_heavy,LRU,LocalAllocation,4,2,0,0.0033,0.0041,1.2424242424242424,2,0,2,0
trace-driven,trace,report_locality_heavy,LRU,LocalAllocation,4,2,1,0.0032,0.0033,1.03125,2,0,2,0
trace-driven,trace,report_locality_heavy,LRU,LocalAllocation,4,3,0,0.0034,0.0039,1.1470588235294117,2,0,2,0
trace-driven,trace,report_locality_heavy,LRU,LocalAllocation,4,3,1,0.0032,0.0033,1.03125,2,0,2,0
trace-driven,trace,report_locality_heavy,LRU,LocalAllocation,4,4,0,0.0035,0.0037,1.0571428571428572,2,0,2,0
trace-driven,trace,report_locality_heavy,LRU,LocalAllocation,4,4,1,0.0032,0.0028,0.875,2,0,2,0
trace-driven,trace,report_locality_heavy,LRU,LocalAllocation,4,5,0,0.0032,0.0037,1.15625,2,0,2,0
trace-driven,trace,report_locality_heavy,LRU,LocalAllocation,4,5,1,0.0032,0.0031,0.96875,2,0,2,0
trace-driven,trace,report_locality_heavy,LRU,LocalAllocation,4,6,0,0.0033,0.0036,1.0909090909090908,2,0,2,0
trace-driven,trace,report_locality_heavy,LRU,LocalAllocation,4,6,1,0.0033,0.0031,0.9393939393939394,2,0,2,0
trace-driven,trace,report_locality_heavy,LRU,LocalAllocation,4,7,0,0.0033,0.0038,1.1515151515151516,2,0,2,0
trace-driven,trace,report_locality_heavy,LRU,LocalAllocation,4,7,1,0.0032,0.0032,1.0,2,0,2,0
trace-driven,trace,report_locality_heavy,LRU,LocalAllocation,4,8,0,0.0032,0.0037,1.15625,2,0,2,0
trace-driven,trace,report_locality_heavy,LRU,LocalAllocation,4,8,1,0.0034,0.0031,0.9117647058823529,2,0,2,0
trace-driven,trace,report_locality_heavy,LRU,LocalAllocation,4,9,0,0.0034,0.0034,1.0,2,0,2,0
trace-driven,trace,report_locality_heavy,LRU,LocalAllocation,4,9,1,0.0032,0.0032,1.0,2,0,2,0
trace-driven,trace,report_locality_heavy,LRU,ProportionalAllocation,4,0,0,0.0035,0.0041,1.1714285714285715,2,0,2,0
trace-driven,trace,report_locality_heavy,LRU,ProportionalAllocation,4,0,1,0.0033,0.0037,1.121212121212121,2,0,2,0
trace-driven,trace,report_locality_heavy,LRU,ProportionalAllocation,4,1,0,0.0033,0.0046,1.393939393939394,2,0,2,0
trace-driven,trace,report_locality_heavy,LRU,ProportionalAllocation,4,1,1,0.0033,0.0036,1.0909090909090908,2,0,2,0
trace-driven,trace,report_locality_heavy,LRU,ProportionalAllocation,4,2,0,0.0033,0.0044,1.3333333333333333,2,0,2,0
trace-driven,trace,report_locality_heavy,LRU,ProportionalAllocation,4,2,1,0.0033,0.0037,1.121212121212121,2,0,2,0
trace-driven,trace,report_locality_heavy,LRU,ProportionalAllocation,4,3,0,0.0032,0.0042,1.3125,2,0,2,0
trace-driven,trace,report_locality_heavy,LRU,ProportionalAllocation,4,3,1,0.0035,0.0034,0.9714285714285714,2,0,2,0
trace-driven,trace,report_locality_heavy,LRU,ProportionalAllocation,4,4,0,0.0033,0.0036,1.0909090909090908,2,0,2,0
trace-driven,trace,report_locality_heavy,LRU,ProportionalAllocation,4,4,1,0.0032,0.0034,1.0625,2,0,2,0
trace-driven,trace,report_locality_heavy,LRU,ProportionalAllocation,4,5,0,0.0032,0.0035,1.09375,2,0,2,0
trace-driven,trace,report_locality_heavy,LRU,ProportionalAllocation,4,5,1,0.0032,0.003,0.9375,2,0,2,0
trace-driven,trace,report_locality_heavy,LRU,ProportionalAllocation,4,6,0,0.0032,0.0035,1.09375,2,0,2,0
trace-driven,trace,report_locality_heavy,LRU,ProportionalAllocation,4,6,1,0.0032,0.0031,0.96875,2,0,2,0
trace-driven,trace,report_locality_heavy,LRU,ProportionalAllocation,4,7,0,0.0031,0.0034,1.096774193548387,2,0,2,0
trace-driven,trace,report_locality_heavy,LRU,ProportionalAllocation,4,7,1,0.0043,0.0029,0.6744186046511628,2,0,2,0
trace-driven,trace,report_locality_heavy,LRU,ProportionalAllocation,4,8,0,0.0033,0.0034,1.0303030303030303,2,0,2,0
trace-driven,trace,report_locality_heavy,LRU,ProportionalAllocation,4,8,1,0.0033,0.003,0.9090909090909091,2,0,2,0
trace-driven,trace,report_locality_heavy,LRU,ProportionalAllocation,4,9,0,0.0032,0.0034,1.0625,2,0,2,0
trace-driven,trace,report_locality_heavy,LRU,ProportionalAllocation,4,9,1,0.0033,0.003,0.9090909090909091,2,0,2,0
trace-driven,trace,report_locality_heavy,NRU,GlobalAllocation,4,0,0,0.0041,0.0056,1.3658536585365855,2,,,
trace-driven,trace,report_locality_heavy,NRU,GlobalAllocation,4,0,1,0.0039,0.0055,1.4102564102564104,2,,,
trace-driven,trace,report_locality_heavy,NRU,GlobalAllocation,4,1,0,0.004,0.0055,1.375,2,,,
trace-driven,trace,report_locality_heavy,NRU,GlobalAllocation,4,1,1,0.0038,0.0054,1.4210526315789473,2,,,
trace-driven,trace,report_locality_heavy,NRU,GlobalAllocation,4,2,0,0.0035,0.0049,1.4,2,,,
trace-driven,trace,report_locality_heavy,NRU,GlobalAllocation,4,2,1,0.0036,0.005,1.3888888888888888,2,,,
trace-driven,trace,report_locality_heavy,NRU,GlobalAllocation,4,3,0,0.0034,0.006,1.7647058823529411,2,,,
trace-driven,trace,report_locality_heavy,NRU,GlobalAllocation,4,3,1,0.0033,0.0051,1.5454545454545454,2,,,
trace-driven,trace,report_locality_heavy,NRU,GlobalAllocation,4,4,0,0.0033,0.0046,1.393939393939394,2,,,
trace-driven,trace,report_locality_heavy,NRU,GlobalAllocation,4,4,1,0.0032,0.0046,1.4375,2,,,
trace-driven,trace,report_locality_heavy,NRU,GlobalAllocation,4,5,0,0.0032,0.0042,1.3125,2,,,
trace-driven,trace,report_locality_heavy,NRU,GlobalAllocation,4,5,1,0.0036,0.0045,1.25,2,,,
trace-driven,trace,report_locality_heavy,NRU,GlobalAllocation,4,6,0,0.0034,0.0041,1.2058823529411764,2,,,
trace-driven,trace,report_locality_heavy,NRU,GlobalAllocation,4,6,1,0.0033,0.0045,1.3636363636363635,2,,,
trace-driven,trace,report_locality_heavy,NRU,GlobalAllocation,4,7,0,0.0033,0.0043,1.303030303030303,2,,,
trace-driven,trace,report_locality_heavy,NRU,GlobalAllocation,4,7,1,0.0032,0.0047,1.46875,2,,,
trace-driven,trace,report_locality_heavy,NRU,GlobalAllocation,4,8,0,0.0034,0.0042,1.2352941176470589,2,,,
trace-driven,trace,report_locality_heavy,NRU,GlobalAllocation,4,8,1,0.0034,0.0043,1.2647058823529411,2,,,
trace-driven,trace,report_locality_heavy,NRU,GlobalAllocation,4,9,0,0.0032,0.0041,1.28125,2,,,
trace-driven,trace,report_locality_heavy,NRU,GlobalAllocation,4,9,1,0.0032,0.0042,1.3125,2,,,
trace-driven,trace,report_locality_heavy,NRU,LocalAllocation,4,0,0,0.0034,0.0044,1.2941176470588236,2,0,2,0
trace-driven,trace,report_locality_heavy,NRU,LocalAllocation,4,0,1,0.0031,0.0038,1.2258064516129032,2,0,2,0
trace-driven,trace,report_locality_heavy,NRU,LocalAllocation,4,1,0,0.0033,0.0046,1.393939393939394,2,0,2,0
trace-driven,trace,report_locality_heavy,NRU,LocalAllocation,4,1,1,0.0032,0.0038,1.1875,2,0,2,0
trace-driven,trace,report_locality_heavy,NRU,LocalAllocation,4,2,0,0.0031,0.0035,1.1290322580645162,2,0,2,0
trace-driven,trace,report_locality_heavy,NRU,LocalAllocation,4,2,1,0.0031,0.0035,1.1290322580645162,2,0,2,0
trace-driven,trace,report_locality_heavy,NRU,LocalAllocation,4,3,0,0.0032,0.0036,1.125,2,0,2,0
trace-driven,trace,report_locality_heavy,NRU,LocalAllocation,4,3,1,0.0033,0.0029,0.8787878787878788,2,0,2,0
trace-driven,trace,report_locality_heavy,NRU,LocalAllocation,4,4,0,0.0032,0.0036,1.125,2,0,2,0
trace-driven,trace,report_locality_heavy,NRU,LocalAllocation,4,4,1,0.003,0.0029,0.9666666666666667,2,0,2,0
trace-driven,trace,report_locality_heavy,NRU,LocalAllocation,4,5,0,0.0031,0.0034,1.096774193548387,2,0,2,0
trace-driven,trace,report_locality_heavy,NRU,LocalAllocation,4,5,1,0.0031,0.0028,0.9032258064516129,2,0,2,0
trace-driven,trace,report_locality_heavy,NRU,LocalAllocation,4,6,0,0.0032,0.0035,1.09375,2,0,2,0
trace-driven,trace,report_locality_heavy,NRU,LocalAllocation,4,6,1,0.0032,0.0027,0.84375,2,0,2,0
trace-driven,trace,report_locality_heavy,NRU,LocalAllocation,4,7,0,0.0032,0.0032,1.0,2,0,2,0
trace-driven,trace,report_locality_heavy,NRU,LocalAllocation,4,7,1,0.0031,0.0028,0.9032258064516129,2,0,2,0
trace-driven,trace,report_locality_heavy,NRU,LocalAllocation,4,8,0,0.0031,0.0035,1.1290322580645162,2,0,2,0
trace-driven,trace,report_locality_heavy,NRU,LocalAllocation,4,8,1,0.0032,0.0028,0.875,2,0,2,0
trace-driven,trace,report_locality_heavy,NRU,LocalAllocation,4,9,0,0.0032,0.0036,1.125,2,0,2,0
trace-driven,trace,report_locality_heavy,NRU,LocalAllocation,4,9,1,0.0031,0.0029,0.9354838709677419,2,0,2,0
trace-driven,trace,report_locality_heavy,NRU,ProportionalAllocation,4,0,0,0.0032,0.0041,1.28125,2,0,2,0
trace-driven,trace,report_locality_heavy,NRU,ProportionalAllocation,4,0,1,0.0031,0.0035,1.1290322580645162,2,0,2,0
trace-driven,trace,report_locality_heavy,NRU,ProportionalAllocation,4,1,0,0.0031,0.0047,1.5161290322580645,2,0,2,0
trace-driven,trace,report_locality_heavy,NRU,ProportionalAllocation,4,1,1,0.003,0.0031,1.0333333333333334,2,0,2,0
trace-driven,trace,report_locality_heavy,NRU,ProportionalAllocation,4,2,0,0.0031,0.0036,1.1612903225806452,2,0,2,0
trace-driven,trace,report_locality_heavy,NRU,ProportionalAllocation,4,2,1,0.003,0.0032,1.0666666666666667,2,0,2,0
trace-driven,trace,report_locality_heavy,NRU,ProportionalAllocation,4,3,0,0.003,0.0035,1.1666666666666667,2,0,2,0
trace-driven,trace,report_locality_heavy,NRU,ProportionalAllocation,4,3,1,0.0031,0.0034,1.096774193548387,2,0,2,0
trace-driven,trace,report_locality_heavy,NRU,ProportionalAllocation,4,4,0,0.0031,0.0032,1.032258064516129,2,0,2,0
trace-driven,trace,report_locality_heavy,NRU,ProportionalAllocation,4,4,1,0.0032,0.003,0.9375,2,0,2,0
trace-driven,trace,report_locality_heavy,NRU,ProportionalAllocation,4,5,0,0.0032,0.0035,1.09375,2,0,2,0
trace-driven,trace,report_locality_heavy,NRU,ProportionalAllocation,4,5,1,0.0032,0.003,0.9375,2,0,2,0
trace-driven,trace,report_locality_heavy,NRU,ProportionalAllocation,4,6,0,0.003,0.0033,1.1,2,0,2,0
trace-driven,trace,report_locality_heavy,NRU,ProportionalAllocation,4,6,1,0.003,0.0031,1.0333333333333334,2,0,2,0
trace-driven,trace,report_locality_heavy,NRU,ProportionalAllocation,4,7,0,0.003,0.0034,1.1333333333333333,2,0,2,0
trace-driven,trace,report_locality_heavy,NRU,ProportionalAllocation,4,7,1,0.003,0.0031,1.0333333333333334,2,0,2,0
trace-driven,trace,report_locality_heavy,NRU,ProportionalAllocation,4,8,0,0.0029,0.0034,1.1724137931034482,2,0,2,0
trace-driven,trace,report_locality_heavy,NRU,ProportionalAllocation,4,8,1,0.003,0.0029,0.9666666666666667,2,0,2,0
trace-driven,trace,report_locality_heavy,NRU,ProportionalAllocation,4,9,0,0.0031,0.0036,1.1612903225806452,2,0,2,0
trace-driven,trace,report_locality_heavy,NRU,ProportionalAllocation,4,9,1,0.0031,0.0026,0.8387096774193549,2,0,2,0
trace-driven,trace,report_locality_heavy,SecondChance,GlobalAllocation,4,0,0,0.0041,0.0055,1.3414634146341464,2,,,
trace-driven,trace,report_locality_heavy,SecondChance,GlobalAllocation,4,0,1,0.0038,0.0054,1.4210526315789473,2,,,
trace-driven,trace,report_locality_heavy,SecondChance,GlobalAllocation,4,1,0,0.0036,0.0054,1.5,2,,,
trace-driven,trace,report_locality_heavy,SecondChance,GlobalAllocation,4,1,1,0.0035,0.0055,1.5714285714285714,2,,,
trace-driven,trace,report_locality_heavy,SecondChance,GlobalAllocation,4,2,0,0.0036,0.0047,1.3055555555555556,2,,,
trace-driven,trace,report_locality_heavy,SecondChance,GlobalAllocation,4,2,1,0.0035,0.0049,1.4,2,,,
trace-driven,trace,report_locality_heavy,SecondChance,GlobalAllocation,4,3,0,0.0032,0.0058,1.8125,2,,,
trace-driven,trace,report_locality_heavy,SecondChance,GlobalAllocation,4,3,1,0.0033,0.0051,1.5454545454545454,2,,,
trace-driven,trace,report_locality_heavy,SecondChance,GlobalAllocation,4,4,0,0.0035,0.0046,1.3142857142857143,2,,,
trace-driven,trace,report_locality_heavy,SecondChance,GlobalAllocation,4,4,1,0.0032,0.0048,1.5,2,,,
trace-driven,trace,report_locality_heavy,SecondChance,GlobalAllocation,4,5,0,0.0032,0.0041,1.28125,2,,,
trace-driven,trace,report_locality_heavy,SecondChance,GlobalAllocation,4,5,1,0.0032,0.0045,1.40625,2,,,
trace-driven,trace,report_locality_heavy,SecondChance,GlobalAllocation,4,6,0,0.0032,0.004,1.25,2,,,
trace-driven,trace,report_locality_heavy,SecondChance,GlobalAllocation,4,6,1,0.0032,0.0042,1.3125,2,,,
trace-driven,trace,report_locality_heavy,SecondChance,GlobalAllocation,4,7,0,0.0031,0.0051,1.6451612903225807,2,,,
trace-driven,trace,report_locality_heavy,SecondChance,GlobalAllocation,4,7,1,0.0031,0.0045,1.4516129032258065,2,,,
trace-driven,trace,report_locality_heavy,SecondChance,GlobalAllocation,4,8,0,0.0031,0.0042,1.3548387096774193,2,,,
trace-driven,trace,report_locality_heavy,SecondChance,GlobalAllocation,4,8,1,0.0033,0.0042,1.2727272727272727,2,,,
trace-driven,trace,report_locality_heavy,SecondChance,GlobalAllocation,4,9,0,0.0029,0.004,1.3793103448275863,2,,,
trace-driven,trace,report_locality_heavy,SecondChance,GlobalAllocation,4,9,1,0.0029,0.0043,1.4827586206896552,2,,,
trace-driven,trace,report_locality_heavy,SecondChance,LocalAllocation,4,0,0,0.0032,0.0043,1.34375,2,0,2,0
trace-driven,trace,report_locality_heavy,SecondChance,LocalAllocation,4,0,1,0.0033,0.0035,1.0606060606060606,2,0,2,0
trace-driven,trace,report_locality_heavy,SecondChance,LocalAllocation,4,1,0,0.0031,0.0048,1.5483870967741935,2,0,2,0
trace-driven,trace,report_locality_heavy,SecondChance,LocalAllocation,4,1,1,0.0029,0.0033,1.1379310344827587,2,0,2,0
trace-driven,trace,report_locality_heavy,SecondChance,LocalAllocation,4,2,0,0.0031,0.0036,1.1612903225806452,2,0,2,0
trace-driven,trace,report_locality_heavy,SecondChance,LocalAllocation,4,2,1,0.0029,0.003,1.0344827586206897,2,0,2,0
trace-driven,trace,report_locality_heavy,SecondChance,LocalAllocation,4,3,0,0.0031,0.0034,1.096774193548387,2,0,2,0
trace-driven,trace,report_locality_heavy,SecondChance,LocalAllocation,4,3,1,0.0031,0.0028,0.9032258064516129,2,0,2,0
trace-driven,trace,report_locality_heavy,SecondChance,LocalAllocation,4,4,0,0.003,0.0031,1.0333333333333334,2,0,2,0
trace-driven,trace,report_locality_heavy,SecondChance,LocalAllocation,4,4,1,0.003,0.003,1.0,2,0,2,0
trace-driven,trace,report_locality_heavy,SecondChance,LocalAllocation,4,5,0,0.003,0.0035,1.1666666666666667,2,0,2,0
trace-driven,trace,report_locality_heavy,SecondChance,LocalAllocation,4,5,1,0.0029,0.003,1.0344827586206897,2,0,2,0
trace-driven,trace,report_locality_heavy,SecondChance,LocalAllocation,4,6,0,0.003,0.0032,1.0666666666666667,2,0,2,0
trace-driven,trace,report_locality_heavy,SecondChance,LocalAllocation,4,6,1,0.0029,0.0028,0.9655172413793104,2,0,2,0
trace-driven,trace,report_locality_heavy,SecondChance,LocalAllocation,4,7,0,0.0031,0.0032,1.032258064516129,2,0,2,0
trace-driven,trace,report_locality_heavy,SecondChance,LocalAllocation,4,7,1,0.0029,0.003,1.0344827586206897,2,0,2,0
trace-driven,trace,report_locality_heavy,SecondChance,LocalAllocation,4,8,0,0.003,0.0032,1.0666666666666667,2,0,2,0
trace-driven,trace,report_locality_heavy,SecondChance,LocalAllocation,4,8,1,0.0029,0.0027,0.9310344827586207,2,0,2,0
trace-driven,trace,report_locality_heavy,SecondChance,LocalAllocation,4,9,0,0.0028,0.003,1.0714285714285714,2,0,2,0
trace-driven,trace,report_locality_heavy,SecondChance,LocalAllocation,4,9,1,0.0028,0.0027,0.9642857142857143,2,0,2,0
trace-driven,trace,report_locality_heavy,SecondChance,ProportionalAllocation,4,0,0,0.0035,0.0041,1.1714285714285715,2,0,2,0
trace-driven,trace,report_locality_heavy,SecondChance,ProportionalAllocation,4,0,1,0.0032,0.0034,1.0625,2,0,2,0
trace-driven,trace,report_locality_heavy,SecondChance,ProportionalAllocation,4,1,0,0.0029,0.0042,1.4482758620689655,2,0,2,0
trace-driven,trace,report_locality_heavy,SecondChance,ProportionalAllocation,4,1,1,0.0029,0.0032,1.103448275862069,2,0,2,0
trace-driven,trace,report_locality_heavy,SecondChance,ProportionalAllocation,4,2,0,0.0037,0.0034,0.918918918918919,2,0,2,0
trace-driven,trace,report_locality_heavy,SecondChance,ProportionalAllocation,4,2,1,0.003,0.0031,1.0333333333333334,2,0,2,0
trace-driven,trace,report_locality_heavy,SecondChance,ProportionalAllocation,4,3,0,0.003,0.0038,1.2666666666666666,2,0,2,0
trace-driven,trace,report_locality_heavy,SecondChance,ProportionalAllocation,4,3,1,0.003,0.0031,1.0333333333333334,2,0,2,0
trace-driven,trace,report_locality_heavy,SecondChance,ProportionalAllocation,4,4,0,0.003,0.0034,1.1333333333333333,2,0,2,0
trace-driven,trace,report_locality_heavy,SecondChance,ProportionalAllocation,4,4,1,0.003,0.003,1.0,2,0,2,0
trace-driven,trace,report_locality_heavy,SecondChance,ProportionalAllocation,4,5,0,0.003,0.0035,1.1666666666666667,2,0,2,0
trace-driven,trace,report_locality_heavy,SecondChance,ProportionalAllocation,4,5,1,0.0041,0.0028,0.6829268292682927,2,0,2,0
trace-driven,trace,report_locality_heavy,SecondChance,ProportionalAllocation,4,6,0,0.003,0.0032,1.0666666666666667,2,0,2,0
trace-driven,trace,report_locality_heavy,SecondChance,ProportionalAllocation,4,6,1,0.0029,0.0029,1.0,2,0,2,0
trace-driven,trace,report_locality_heavy,SecondChance,ProportionalAllocation,4,7,0,0.0031,0.0031,1.0,2,0,2,0
trace-driven,trace,report_locality_heavy,SecondChance,ProportionalAllocation,4,7,1,0.003,0.0028,0.9333333333333333,2,0,2,0
trace-driven,trace,report_locality_heavy,SecondChance,ProportionalAllocation,4,8,0,0.0031,0.0036,1.1612903225806452,2,0,2,0
trace-driven,trace,report_locality_heavy,SecondChance,ProportionalAllocation,4,8,1,0.0029,0.0029,1.0,2,0,2,0
trace-driven,trace,report_locality_heavy,SecondChance,ProportionalAllocation,4,9,0,0.003,0.0031,1.0333333333333334,2,0,2,0
trace-driven,trace,report_locality_heavy,SecondChance,ProportionalAllocation,4,9,1,0.0029,0.0029,1.0,2,0,2,0
trace-driven,trace,report_locality_heavy,WSClock,GlobalAllocation,4,0,0,0.004,0.0055,1.375,2,,,
trace-driven,trace,report_locality_heavy,WSClock,GlobalAllocation,4,0,1,0.0037,0.0055,1.4864864864864864,2,,,
trace-driven,trace,report_locality_heavy,WSClock,GlobalAllocation,4,1,0,0.004,0.0053,1.325,2,,,
trace-driven,trace,report_locality_heavy,WSClock,GlobalAllocation,4,1,1,0.0062,0.0051,0.8225806451612904,2,,,
trace-driven,trace,report_locality_heavy,WSClock,GlobalAllocation,4,2,0,0.0036,0.0048,1.3333333333333333,2,,,
trace-driven,trace,report_locality_heavy,WSClock,GlobalAllocation,4,2,1,0.0035,0.0046,1.3142857142857143,2,,,
trace-driven,trace,report_locality_heavy,WSClock,GlobalAllocation,4,3,0,0.0033,0.0058,1.7575757575757576,2,,,
trace-driven,trace,report_locality_heavy,WSClock,GlobalAllocation,4,3,1,0.0031,0.005,1.6129032258064515,2,,,
trace-driven,trace,report_locality_heavy,WSClock,GlobalAllocation,4,4,0,0.0032,0.0042,1.3125,2,,,
trace-driven,trace,report_locality_heavy,WSClock,GlobalAllocation,4,4,1,0.0031,0.0049,1.5806451612903225,2,,,
trace-driven,trace,report_locality_heavy,WSClock,GlobalAllocation,4,5,0,0.0032,0.0042,1.3125,2,,,
trace-driven,trace,report_locality_heavy,WSClock,GlobalAllocation,4,5,1,0.0033,0.0042,1.2727272727272727,2,,,
trace-driven,trace,report_locality_heavy,WSClock,GlobalAllocation,4,6,0,0.0032,0.0042,1.3125,2,,,
trace-driven,trace,report_locality_heavy,WSClock,GlobalAllocation,4,6,1,0.0032,0.0044,1.375,2,,,
trace-driven,trace,report_locality_heavy,WSClock,GlobalAllocation,4,7,0,0.0032,0.004,1.25,2,,,
trace-driven,trace,report_locality_heavy,WSClock,GlobalAllocation,4,7,1,0.0032,0.0045,1.40625,2,,,
trace-driven,trace,report_locality_heavy,WSClock,GlobalAllocation,4,8,0,0.0033,0.0038,1.1515151515151516,2,,,
trace-driven,trace,report_locality_heavy,WSClock,GlobalAllocation,4,8,1,0.0032,0.0043,1.34375,2,,,
trace-driven,trace,report_locality_heavy,WSClock,GlobalAllocation,4,9,0,0.0031,0.0043,1.3870967741935485,2,,,
trace-driven,trace,report_locality_heavy,WSClock,GlobalAllocation,4,9,1,0.0029,0.0042,1.4482758620689655,2,,,
trace-driven,trace,report_locality_heavy,WSClock,LocalAllocation,4,0,0,0.0034,0.0047,1.3823529411764706,2,0,2,0
trace-driven,trace,report_locality_heavy,WSClock,LocalAllocation,4,0,1,0.0032,0.0036,1.125,2,0,2,0
trace-driven,trace,report_locality_heavy,WSClock,LocalAllocation,4,1,0,0.0032,0.0047,1.46875,2,0,2,0
trace-driven,trace,report_locality_heavy,WSClock,LocalAllocation,4,1,1,0.0029,0.0032,1.103448275862069,2,0,2,0
trace-driven,trace,report_locality_heavy,WSClock,LocalAllocation,4,2,0,0.0031,0.0034,1.096774193548387,2,0,2,0
trace-driven,trace,report_locality_heavy,WSClock,LocalAllocation,4,2,1,0.003,0.0031,1.0333333333333334,2,0,2,0
trace-driven,trace,report_locality_heavy,WSClock,LocalAllocation,4,3,0,0.0029,0.0035,1.206896551724138,2,0,2,0
trace-driven,trace,report_locality_heavy,WSClock,LocalAllocation,4,3,1,0.003,0.0029,0.9666666666666667,2,0,2,0
trace-driven,trace,report_locality_heavy,WSClock,LocalAllocation,4,4,0,0.003,0.0033,1.1,2,0,2,0
trace-driven,trace,report_locality_heavy,WSClock,LocalAllocation,4,4,1,0.0029,0.003,1.0344827586206897,2,0,2,0
trace-driven,trace,report_locality_heavy,WSClock,LocalAllocation,4,5,0,0.003,0.0031,1.0333333333333334,2,0,2,0
trace-driven,trace,report_locality_heavy,WSClock,LocalAllocation,4,5,1,0.003,0.0029,0.9666666666666667,2,0,2,0
trace-driven,trace,report_locality_heavy,WSClock,LocalAllocation,4,6,0,0.0031,0.0031,1.0,2,0,2,0
trace-driven,trace,report_locality_heavy,WSClock,LocalAllocation,4,6,1,0.003,0.0027,0.9,2,0,2,0
trace-driven,trace,report_locality_heavy,WSClock,LocalAllocation,4,7,0,0.0031,0.0034,1.096774193548387,2,0,2,0
trace-driven,trace,report_locality_heavy,WSClock,LocalAllocation,4,7,1,0.0029,0.0028,0.9655172413793104,2,0,2,0
trace-driven,trace,report_locality_heavy,WSClock,LocalAllocation,4,8,0,0.003,0.0032,1.0666666666666667,2,0,2,0
trace-driven,trace,report_locality_heavy,WSClock,LocalAllocation,4,8,1,0.003,0.0028,0.9333333333333333,2,0,2,0
trace-driven,trace,report_locality_heavy,WSClock,LocalAllocation,4,9,0,0.0029,0.003,1.0344827586206897,2,0,2,0
trace-driven,trace,report_locality_heavy,WSClock,LocalAllocation,4,9,1,0.0029,0.0029,1.0,2,0,2,0
trace-driven,trace,report_locality_heavy,WSClock,ProportionalAllocation,4,0,0,0.0033,0.0038,1.1515151515151516,2,0,2,0
trace-driven,trace,report_locality_heavy,WSClock,ProportionalAllocation,4,0,1,0.0031,0.0031,1.0,2,0,2,0
trace-driven,trace,report_locality_heavy,WSClock,ProportionalAllocation,4,1,0,0.0031,0.0041,1.3225806451612903,2,0,2,0
trace-driven,trace,report_locality_heavy,WSClock,ProportionalAllocation,4,1,1,0.0029,0.0032,1.103448275862069,2,0,2,0
trace-driven,trace,report_locality_heavy,WSClock,ProportionalAllocation,4,2,0,0.003,0.0034,1.1333333333333333,2,0,2,0
trace-driven,trace,report_locality_heavy,WSClock,ProportionalAllocation,4,2,1,0.0029,0.0029,1.0,2,0,2,0
trace-driven,trace,report_locality_heavy,WSClock,ProportionalAllocation,4,3,0,0.003,0.0035,1.1666666666666667,2,0,2,0
trace-driven,trace,report_locality_heavy,WSClock,ProportionalAllocation,4,3,1,0.003,0.0028,0.9333333333333333,2,0,2,0
trace-driven,trace,report_locality_heavy,WSClock,ProportionalAllocation,4,4,0,0.0031,0.0034,1.096774193548387,2,0,2,0
trace-driven,trace,report_locality_heavy,WSClock,ProportionalAllocation,4,4,1,0.003,0.0029,0.9666666666666667,2,0,2,0
trace-driven,trace,report_locality_heavy,WSClock,ProportionalAllocation,4,5,0,0.003,0.0034,1.1333333333333333,2,0,2,0
trace-driven,trace,report_locality_heavy,WSClock,ProportionalAllocation,4,5,1,0.0028,0.0027,0.9642857142857143,2,0,2,0
trace-driven,trace,report_locality_heavy,WSClock,ProportionalAllocation,4,6,0,0.0029,0.0029,1.0,2,0,2,0
trace-driven,trace,report_locality_heavy,WSClock,ProportionalAllocation,4,6,1,0.003,0.0028,0.9333333333333333,2,0,2,0
trace-driven,trace,report_locality_heavy,WSClock,ProportionalAllocation,4,7,0,0.0031,0.0034,1.096774193548387,2,0,2,0
trace-driven,trace,report_locality_heavy,WSClock,ProportionalAllocation,4,7,1,0.003,0.0029,0.9666666666666667,2,0,2,0
trace-driven,trace,report_locality_heavy,WSClock,ProportionalAllocation,4,8,0,0.0031,0.0032,1.032258064516129,2,0,2,0
trace-driven,trace,report_locality_heavy,WSClock,ProportionalAllocation,4,8,1,0.003,0.0028,0.9333333333333333,2,0,2,0
trace-driven,trace,report_locality_heavy,WSClock,ProportionalAllocation,4,9,0,0.0029,0.0034,1.1724137931034482,2,0,2,0
trace-driven,trace,report_locality_heavy,WSClock,ProportionalAllocation,4,9,1,0.0028,0.0029,1.0357142857142858,2,0,2,0
trace-driven,trace,report_locality_heavy,FIFO,GlobalAllocation,5,0,0,0.0041,0.0047,1.146341463414634,2,,,
trace-driven,trace,report_locality_heavy,FIFO,GlobalAllocation,5,0,1,0.0037,0.0048,1.2972972972972974,2,,,
trace-driven,trace,report_locality_heavy,FIFO,GlobalAllocation,5,1,0,0.0038,0.0047,1.236842105263158,2,,,
trace-driven,trace,report_locality_heavy,FIFO,GlobalAllocation,5,1,1,0.0035,0.005,1.4285714285714286,2,,,
trace-driven,trace,report_locality_heavy,FIFO,GlobalAllocation,5,2,0,0.0036,0.0039,1.0833333333333333,2,,,
trace-driven,trace,report_locality_heavy,FIFO,GlobalAllocation,5,2,1,0.0053,0.0044,0.8301886792452831,2,,,
trace-driven,trace,report_locality_heavy,FIFO,GlobalAllocation,5,3,0,0.0032,0.0053,1.65625,2,,,
trace-driven,trace,report_locality_heavy,FIFO,GlobalAllocation,5,3,1,0.0031,0.0043,1.3870967741935485,2,,,
trace-driven,trace,report_locality_heavy,FIFO,GlobalAllocation,5,4,0,0.0032,0.004,1.25,2,,,
trace-driven,trace,report_locality_heavy,FIFO,GlobalAllocation,5,4,1,0.0031,0.0043,1.3870967741935485,2,,,
trace-driven,trace,report_locality_heavy,FIFO,GlobalAllocation,5,5,0,0.0031,0.0035,1.1290322580645162,2,,,
trace-driven,trace,report_locality_heavy,FIFO,GlobalAllocation,5,5,1,0.0031,0.0038,1.2258064516129032,2,,,
trace-driven,trace,report_locality_heavy,FIFO,GlobalAllocation,5,6,0,0.0031,0.0034,1.096774193548387,2,,,
trace-driven,trace,report_locality_heavy,FIFO,GlobalAllocation,5,6,1,0.0044,0.004,0.9090909090909091,2,,,
trace-driven,trace,report_locality_heavy,FIFO,GlobalAllocation,5,7,0,0.0031,0.0034,1.096774193548387,2,,,
trace-driven,trace,report_locality_heavy,FIFO,GlobalAllocation,5,7,1,0.003,0.0039,1.3,2,,,
trace-driven,trace,report_locality_heavy,FIFO,GlobalAllocation,5,8,0,0.0031,0.0035,1.1290322580645162,2,,,
trace-driven,trace,report_locality_heavy,FIFO,GlobalAllocation,5,8,1,0.0031,0.004,1.2903225806451613,2,,,
trace-driven,trace,report_locality_heavy,FIFO,GlobalAllocation,5,9,0,0.003,0.0035,1.1666666666666667,2,,,
trace-driven,trace,report_locality_heavy,FIFO,GlobalAllocation,5,9,1,0.003,0.0038,1.2666666666666666,2,,,
trace-driven,trace,report_locality_heavy,FIFO,LocalAllocation,5,0,0,0.0033,0.0039,1.1818181818181819,2,0,2,0
trace-driven,trace,report_locality_heavy,FIFO,LocalAllocation,5,0,1,0.0031,0.0033,1.064516129032258,2,0,2,0
trace-driven,trace,report_locality_heavy,FIFO,LocalAllocation,5,1,0,0.0028,0.0042,1.5,2,0,2,0
trace-driven,trace,report_locality_heavy,FIFO,LocalAllocation,5,1,1,0.0029,0.0029,1.0,2,0,2,0
trace-driven,trace,report_locality_heavy,FIFO,LocalAllocation,5,2,0,0.0028,0.003,1.0714285714285714,2,0,2,0
trace-driven,trace,report_locality_heavy,FIFO,LocalAllocation,5,2,1,0.0029,0.0027,0.9310344827586207,2,0,2,0
trace-driven,trace,report_locality_heavy,FIFO,LocalAllocation,5,3,0,0.0029,0.0032,1.103448275862069,2,0,2,0
trace-driven,trace,report_locality_heavy,FIFO,LocalAllocation,5,3,1,0.003,0.0026,0.8666666666666667,2,0,2,0
trace-driven,trace,report_locality_heavy,FIFO,LocalAllocation,5,4,0,0.0029,0.0031,1.0689655172413792,2,0,2,0
trace-driven,trace,report_locality_heavy,FIFO,LocalAllocation,5,4,1,0.003,0.0027,0.9,2,0,2,0
trace-driven,trace,report_locality_heavy,FIFO,LocalAllocation,5,5,0,0.0028,0.0029,1.0357142857142858,2,0,2,0
trace-driven,trace,report_locality_heavy,FIFO,LocalAllocation,5,5,1,0.0028,0.0025,0.8928571428571429,2,0,2,0
trace-driven,trace,report_locality_heavy,FIFO,LocalAllocation,5,6,0,0.0028,0.003,1.0714285714285714,2,0,2,0
trace-driven,trace,report_locality_heavy,FIFO,LocalAllocation,5,6,1,0.0028,0.0026,0.9285714285714286,2,0,2,0
trace-driven,trace,report_locality_heavy,FIFO,LocalAllocation,5,7,0,0.0028,0.0028,1.0,2,0,2,0
trace-driven,trace,report_locality_heavy,FIFO,LocalAllocation,5,7,1,0.0029,0.0026,0.896551724137931,2,0,2,0
trace-driven,trace,report_locality_heavy,FIFO,LocalAllocation,5,8,0,0.0028,0.0029,1.0357142857142858,2,0,2,0
trace-driven,trace,report_locality_heavy,FIFO,LocalAllocation,5,8,1,0.003,0.0023,0.7666666666666667,2,0,2,0
trace-driven,trace,report_locality_heavy,FIFO,LocalAllocation,5,9,0,0.0028,0.0027,0.9642857142857143,2,0,2,0
trace-driven,trace,report_locality_heavy,FIFO,LocalAllocation,5,9,1,0.0028,0.0025,0.8928571428571429,2,0,2,0
trace-driven,trace,report_locality_heavy,FIFO,ProportionalAllocation,5,0,0,0.0031,0.0036,1.1612903225806452,2,0,2,0
trace-driven,trace,report_locality_heavy,FIFO,ProportionalAllocation,5,0,1,0.0029,0.0028,0.9655172413793104,2,0,2,0
trace-driven,trace,report_locality_heavy,FIFO,ProportionalAllocation,5,1,0,0.0029,0.0035,1.206896551724138,2,0,2,0
trace-driven,trace,report_locality_heavy,FIFO,ProportionalAllocation,5,1,1,0.0029,0.0027,0.9310344827586207,2,0,2,0
trace-driven,trace,report_locality_heavy,FIFO,ProportionalAllocation,5,2,0,0.0029,0.0032,1.103448275862069,2,0,2,0
trace-driven,trace,report_locality_heavy,FIFO,ProportionalAllocation,5,2,1,0.003,0.0026,0.8666666666666667,2,0,2,0
trace-driven,trace,report_locality_heavy,FIFO,ProportionalAllocation,5,3,0,0.0028,0.0032,1.1428571428571428,2,0,2,0
trace-driven,trace,report_locality_heavy,FIFO,ProportionalAllocation,5,3,1,0.0029,0.0027,0.9310344827586207,2,0,2,0
trace-driven,trace,report_locality_heavy,FIFO,ProportionalAllocation,5,4,0,0.0028,0.0031,1.1071428571428572,2,0,2,0
trace-driven,trace,report_locality_heavy,FIFO,ProportionalAllocation,5,4,1,0.0028,0.0024,0.8571428571428571,2,0,2,0
trace-driven,trace,report_locality_heavy,FIFO,ProportionalAllocation,5,5,0,0.0028,0.0028,1.0,2,0,2,0
trace-driven,trace,report_locality_heavy,FIFO,ProportionalAllocation,5,5,1,0.0027,0.0025,0.9259259259259259,2,0,2,0
trace-driven,trace,report_locality_heavy,FIFO,ProportionalAllocation,5,6,0,0.0028,0.0031,1.1071428571428572,2,0,2,0
trace-driven,trace,report_locality_heavy,FIFO,ProportionalAllocation,5,6,1,0.0027,0.0024,0.8888888888888888,2,0,2,0
trace-driven,trace,report_locality_heavy,FIFO,ProportionalAllocation,5,7,0,0.0029,0.0029,1.0,2,0,2,0
trace-driven,trace,report_locality_heavy,FIFO,ProportionalAllocation,5,7,1,0.0027,0.0025,0.9259259259259259,2,0,2,0
trace-driven,trace,report_locality_heavy,FIFO,ProportionalAllocation,5,8,0,0.0028,0.0029,1.0357142857142858,2,0,2,0
trace-driven,trace,report_locality_heavy,FIFO,ProportionalAllocation,5,8,1,0.0028,0.0025,0.8928571428571429,2,0,2,0
trace-driven,trace,report_locality_heavy,FIFO,ProportionalAllocation,5,9,0,0.0028,0.0032,1.1428571428571428,2,0,2,0
trace-driven,trace,report_locality_heavy,FIFO,ProportionalAllocation,5,9,1,0.0029,0.0025,0.8620689655172413,2,0,2,0
trace-driven,trace,report_locality_heavy,LRU,GlobalAllocation,5,0,0,0.0043,0.006,1.3953488372093024,2,,,
trace-driven,trace,report_locality_heavy,LRU,GlobalAllocation,5,0,1,0.0041,0.0065,1.5853658536585367,2,,,
trace-driven,trace,report_locality_heavy,LRU,GlobalAllocation,5,1,0,0.0042,0.006,1.4285714285714286,2,,,
trace-driven,trace,report_locality_heavy,LRU,GlobalAllocation,5,1,1,0.0039,0.0059,1.5128205128205128,2,,,
trace-driven,trace,report_locality_heavy,LRU,GlobalAllocation,5,2,0,0.0038,0.0048,1.263157894736842,2,,,
trace-driven,trace,report_locality_heavy,LRU,GlobalAllocation,5,2,1,0.0036,0.005,1.3888888888888888,2,,,
trace-driven,trace,report_locality_heavy,LRU,GlobalAllocation,5,3,0,0.0037,0.0058,1.5675675675675675,2,,,
trace-driven,trace,report_locality_heavy,LRU,GlobalAllocation,5,3,1,0.0036,0.0054,1.5,2,,,
trace-driven,trace,report_locality_heavy,LRU,GlobalAllocation,5,4,0,0.0038,0.0046,1.2105263157894737,2,,,
trace-driven,trace,report_locality_heavy,LRU,GlobalAllocation,5,4,1,0.0037,0.005,1.3513513513513513,2,,,
trace-driven,trace,report_locality_heavy,LRU,GlobalAllocation,5,5,0,0.0035,0.0044,1.2571428571428571,2,,,
trace-driven,trace,report_locality_heavy,LRU,GlobalAllocation,5,5,1,0.0034,0.0049,1.4411764705882353,2,,,
trace-driven,trace,report_locality_heavy,LRU,GlobalAllocation,5,6,0,0.0035,0.0047,1.3428571428571427,2,,,
trace-driven,trace,report_locality_heavy,LRU,GlobalAllocation,5,6,1,0.0034,0.0048,1.411764705882353,2,,,
trace-driven,trace,report_locality_heavy,LRU,GlobalAllocation,5,7,0,0.0034,0.0043,1.2647058823529411,2,,,
trace-driven,trace,report_locality_heavy,LRU,GlobalAllocation,5,7,1,0.0034,0.0048,1.411764705882353,2,,,
trace-driven,trace,report_locality_heavy,LRU,GlobalAllocation,5,8,0,0.0035,0.0042,1.2,2,,,
trace-driven,trace,report_locality_heavy,LRU,GlobalAllocation,5,8,1,0.0036,0.005,1.3888888888888888,2,,,
trace-driven,trace,report_locality_heavy,LRU,GlobalAllocation,5,9,0,0.0035,0.0046,1.3142857142857143,2,,,
trace-driven,trace,report_locality_heavy,LRU,GlobalAllocation,5,9,1,0.0033,0.0047,1.4242424242424243,2,,,
trace-driven,trace,report_locality_heavy,LRU,LocalAllocation,5,0,0,0.0035,0.0046,1.3142857142857143,2,0,2,0
trace-driven,trace,report_locality_heavy,LRU,LocalAllocation,5,0,1,0.0034,0.0036,1.0588235294117647,2,0,2,0
trace-driven,trace,report_locality_heavy,LRU,LocalAllocation,5,1,0,0.0035,0.0049,1.4,2,0,2,0
trace-driven,trace,report_locality_heavy,LRU,LocalAllocation,5,1,1,0.0034,0.0038,1.1176470588235294,2,0,2,0
trace-driven,trace,report_locality_heavy,LRU,LocalAllocation,5,2,0,0.0033,0.0037,1.121212121212121,2,0,2,0
trace-driven,trace,report_locality_heavy,LRU,LocalAllocation,5,2,1,0.0034,0.0032,0.9411764705882353,2,0,2,0
trace-driven,trace,report_locality_heavy,LRU,LocalAllocation,5,3,0,0.0032,0.0037,1.15625,2,0,2,0
trace-driven,trace,report_locality_heavy,LRU,LocalAllocation,5,3,1,0.0032,0.0032,1.0,2,0,2,0
trace-driven,trace,report_locality_heavy,LRU,LocalAllocation,5,4,0,0.0033,0.0036,1.0909090909090908,2,0,2,0
trace-driven,trace,report_locality_heavy,LRU,LocalAllocation,5,4,1,0.0035,0.0034,0.9714285714285714,2,0,2,0
trace-driven,trace,report_locality_heavy,LRU,LocalAllocation,5,5,0,0.0033,0.0037,1.121212121212121,2,0,2,0
trace-driven,trace,report_locality_heavy,LRU,LocalAllocation,5,5,1,0.0035,0.0032,0.9142857142857143,2,0,2,0
trace-driven,trace,report_locality_heavy,LRU,LocalAllocation,5,6,0,0.0033,0.0038,1.1515151515151516,2,0,2,0
trace-driven,trace,report_locality_heavy,LRU,LocalAllocation,5,6,1,0.0032,0.0033,1.03125,2,0,2,0
trace-driven,trace,report_locality_heavy,LRU,LocalAllocation,5,7,0,0.0032,0.0037,1.15625,2,0,2,0
trace-driven,trace,report_locality_heavy,LRU,LocalAllocation,5,7,1,0.0034,0.0032,0.9411764705882353,2,0,2,0
trace-driven,trace,report_locality_heavy,LRU,LocalAllocation,5,8,0,0.0034,0.0034,1.0,2,0,2,0
trace-driven,trace,report_locality_heavy,LRU,LocalAllocation,5,8,1,0.0032,0.0034,1.0625,2,0,2,0
trace-driven,trace,report_locality_heavy,LRU,LocalAllocation,5,9,0,0.0034,0.0036,1.0588235294117647,2,0,2,0
trace-driven,trace,report_locality_heavy,LRU,LocalAllocation,5,9,1,0.0032,0.003,0.9375,2,0,2,0
trace-driven,trace,report_locality_heavy,LRU,ProportionalAllocation,5,0,0,0.0034,0.0044,1.2941176470588236,2,0,2,0
trace-driven,trace,report_locality_heavy,LRU,ProportionalAllocation,5,0,1,0.0033,0.0036,1.0909090909090908,2,0,2,0
trace-driven,trace,report_locality_heavy,LRU,ProportionalAllocation,5,1,0,0.0035,0.0046,1.3142857142857143,2,0,2,0
trace-driven,trace,report_locality_heavy,LRU,ProportionalAllocation,5,1,1,0.0033,0.0035,1.0606060606060606,2,0,2,0
trace-driven,trace,report_locality_heavy,LRU,ProportionalAllocation,5,2,0,0.0033,0.004,1.2121212121212122,2,0,2,0
trace-driven,trace,report_locality_heavy,LRU,ProportionalAllocation,5,2,1,0.0032,0.0034,1.0625,2,0,2,0
trace-driven,trace,report_locality_heavy,LRU,ProportionalAllocation,5,3,0,0.0032,0.0035,1.09375,2,0,2,0
trace-driven,trace,report_locality_heavy,LRU,ProportionalAllocation,5,3,1,0.0032,0.003,0.9375,2,0,2,0
trace-driven,trace,report_locality_heavy,LRU,ProportionalAllocation,5,4,0,0.0032,0.0036,1.125,2,0,2,0
trace-driven,trace,report_locality_heavy,LRU,ProportionalAllocation,5,4,1,0.0033,0.003,0.9090909090909091,2,0,2,0
trace-driven,trace,report_locality_heavy,LRU,ProportionalAllocation,5,5,0,0.0032,0.0036,1.125,2,0,2,0
trace-driven,trace,report_locality_heavy,LRU,ProportionalAllocation,5,5,1,0.0033,0.0032,0.9696969696969697,2,0,2,0
trace-driven,trace,report_locality_heavy,LRU,ProportionalAllocation,5,6,0,0.0034,0.0033,0.9705882352941176,2,0,2,0
trace-driven,trace,report_locality_heavy,LRU,ProportionalAllocation,5,6,1,0.0034,0.0032,0.9411764705882353,2,0,2,0
trace-driven,trace,report_locality_heavy,LRU,ProportionalAllocation,5,7,0,0.0032,0.0036,1.125,2,0,2,0
trace-driven,trace,report_locality_heavy,LRU,ProportionalAllocation,5,7,1,0.0032,0.0029,0.90625,2,0,2,0
trace-driven,trace,report_locality_heavy,LRU,ProportionalAllocation,5,8,0,0.0032,0.0037,1.15625,2,0,2,0
trace-driven,trace,report_locality_heavy,LRU,ProportionalAllocation,5,8,1,0.0032,0.0032,1.0,2,0,2,0
trace-driven,trace,report_locality_heavy,LRU,ProportionalAllocation,5,9,0,0.0033,0.0035,1.0606060606060606,2,0,2,0
trace-driven,trace,report_locality_heavy,LRU,ProportionalAllocation,5,9,1,0.0033,0.0035,1.0606060606060606,2,0,2,0
trace-driven,trace,report_locality_heavy,NRU,GlobalAllocation,5,0,0,0.0041,0.0057,1.3902439024390243,2,,,
trace-driven,trace,report_locality_heavy,NRU,GlobalAllocation,5,0,1,0.0038,0.0059,1.5526315789473684,2,,,
trace-driven,trace,report_locality_heavy,NRU,GlobalAllocation,5,1,0,0.0039,0.0052,1.3333333333333333,2,,,
trace-driven,trace,report_locality_heavy,NRU,GlobalAllocation,5,1,1,0.0036,0.0056,1.5555555555555556,2,,,
trace-driven,trace,report_locality_heavy,NRU,GlobalAllocation,5,2,0,0.0037,0.0048,1.2972972972972974,2,,,
trace-driven,trace,report_locality_heavy,NRU,GlobalAllocation,5,2,1,0.0036,0.005,1.3888888888888888,2,,,
trace-driven,trace,report_locality_heavy,NRU,GlobalAllocation,5,3,0,0.0033,0.0062,1.878787878787879,2,,,
trace-driven,trace,report_locality_heavy,NRU,GlobalAllocation,5,3,1,0.0032,0.0048,1.5,2,,,
trace-driven,trace,report_locality_heavy,NRU,GlobalAllocation,5,4,0,0.0033,0.0044,1.3333333333333333,2,,,
trace-driven,trace,report_locality_heavy,NRU,GlobalAllocation,5,4,1,0.0034,0.0045,1.3235294117647058,2,,,
trace-driven,trace,report_locality_heavy,NRU,GlobalAllocation,5,5,0,0.0033,0.0046,1.393939393939394,2,,,
trace-driven,trace,report_locality_heavy,NRU,GlobalAllocation,5,5,1,0.0034,0.0047,1.3823529411764706,2,,,
trace-driven,trace,report_locality_heavy,NRU,GlobalAllocation,5,6,0,0.0033,0.0043,1.303030303030303,2,,,
trace-driven,trace,report_locality_heavy,NRU,GlobalAllocation,5,6,1,0.0033,0.0048,1.4545454545454546,2,,,
trace-driven,trace,report_locality_heavy,NRU,GlobalAllocation,5,7,0,0.0034,0.0041,1.2058823529411764,2,,,
trace-driven,trace,report_locality_heavy,NRU,GlobalAllocation,5,7,1,0.0034,0.0046,1.3529411764705883,2,,,
trace-driven,trace,report_locality_heavy,NRU,GlobalAllocation,5,8,0,0.0033,0.0043,1.303030303030303,2,,,
trace-driven,trace,report_locality_heavy,NRU,GlobalAllocation,5,8,1,0.0034,0.0047,1.3823529411764706,2,,,
trace-driven,trace,report_locality_heavy,NRU,GlobalAllocation,5,9,0,0.003,0.0043,1.4333333333333333,2,,,
trace-driven,trace,report_locality_heavy,NRU,GlobalAllocation,5,9,1,0.0031,0.0042,1.3548387096774193,2,,,
trace-driven,trace,report_locality_heavy,NRU,LocalAllocation,5,0,0,0.0032,0.0041,1.28125,2,0,2,0
trace-driven,trace,report_locality_heavy,NRU,LocalAllocation,5,0,1,0.0031,0.0035,1.1290322580645162,2,0,2,0
trace-driven,trace,report_locality_heavy,NRU,LocalAllocation,5,1,0,0.003,0.0048,1.6,2,0,2,0
trace-driven,trace,report_locality_heavy,NRU,LocalAllocation,5,1,1,0.0032,0.0036,1.125,2,0,2,0
trace-driven,trace,report_locality_heavy,NRU,LocalAllocation,5,2,0,0.003,0.0038,1.2666666666666666,2,0,2,0
trace-driven,trace,report_locality_heavy,NRU,LocalAllocation,5,2,1,0.0029,0.0032,1.103448275862069,2,0,2,0
trace-driven,trace,report_locality_heavy,NRU,LocalAllocation,5,3,0,0.0032,0.0037,1.15625,2,0,2,0
trace-driven,trace,report_locality_heavy,NRU,LocalAllocation,5,3,1,0.0032,0.0034,1.0625,2,0,2,0
trace-driven,trace,report_locality_heavy,NRU,LocalAllocation,5,4,0,0.003,0.0035,1.1666666666666667,2,0,2,0
trace-driven,trace,report_locality_heavy,NRU,LocalAllocation,5,4,1,0.0031,0.0031,1.0,2,0,2,0
trace-driven,trace,report_locality_heavy,NRU,LocalAllocation,5,5,0,0.0034,0.0034,1.0,2,0,2,0
trace-driven,trace,report_locality_heavy,NRU,LocalAllocation,5,5,1,0.0031,0.0033,1.064516129032258,2,0,2,0
trace-driven,trace,report_locality_heavy,NRU,LocalAllocation,5,6,0,0.0031,0.0035,1.1290322580645162,2,0,2,0
trace-driven,trace,report_locality_heavy,NRU,LocalAllocation,5,6,1,0.0036,0.0029,0.8055555555555556,2,0,2,0
trace-driven,trace,report_locality_heavy,NRU,LocalAllocation,5,7,0,0.003,0.0035,1.1666666666666667,2,0,2,0
trace-driven,trace,report_locality_heavy,NRU,LocalAllocation,5,7,1,0.0041,0.0031,0.7560975609756098,2,0,2,0
trace-driven,trace,report_locality_heavy,NRU,LocalAllocation,5,8,0,0.003,0.0033,1.1,2,0,2,0
trace-driven,trace,report_locality_heavy,NRU,LocalAllocation,5,8,1,0.003,0.0026,0.8666666666666667,2,0,2,0
trace-driven,trace,report_locality_heavy,NRU,LocalAllocation,5,9,0,0.0031,0.0033,1.064516129032258,2,0,2,0
trace-driven,trace,report_locality_heavy,NRU,LocalAllocation,5,9,1,0.0031,0.0028,0.9032258064516129,2,0,2,0
trace-driven,trace,report_locality_heavy,NRU,ProportionalAllocation,5,0,0,0.0032,0.0039,1.21875,2,0,2,0
trace-driven,trace,report_locality_heavy,NRU,ProportionalAllocation,5,0,1,0.0032,0.0037,1.15625,2,0,2,0
trace-driven,trace,report_locality_heavy,NRU,ProportionalAllocation,5,1,0,0.0031,0.0042,1.3548387096774193,2,0,2,0
trace-driven,trace,report_locality_heavy,NRU,ProportionalAllocation,5,1,1,0.0032,0.0033,1.03125,2,0,2,0
trace-driven,trace,report_locality_heavy,NRU,ProportionalAllocation,5,2,0,0.0031,0.0038,1.2258064516129032,2,0,2,0
trace-driven,trace,report_locality_heavy,NRU,ProportionalAllocation,5,2,1,0.0031,0.0032,1.032258064516129,2,0,2,0
trace-driven,trace,report_locality_heavy,NRU,ProportionalAllocation,5,3,0,0.0031,0.0035,1.1290322580645162,2,0,2,0
trace-driven,trace,report_locality_heavy,NRU,ProportionalAllocation,5,3,1,0.0032,0.0031,0.96875,2,0,2,0
trace-driven,trace,report_locality_heavy,NRU,ProportionalAllocation,5,4,0,0.0031,0.0035,1.1290322580645162,2,0,2,0
trace-driven,trace,report_locality_heavy,NRU,ProportionalAllocation,5,4,1,0.003,0.0033,1.1,2,0,2,0
trace-driven,trace,report_locality_heavy,NRU,ProportionalAllocation,5,5,0,0.0032,0.0036,1.125,2,0,2,0
trace-driven,trace,report_locality_heavy,NRU,ProportionalAllocation,5,5,1,0.003,0.0031,1.0333333333333334,2,0,2,0
trace-driven,trace,report_locality_heavy,NRU,ProportionalAllocation,5,6,0,0.0032,0.0033,1.03125,2,0,2,0
trace-driven,trace,report_locality_heavy,NRU,ProportionalAllocation,5,6,1,0.0031,0.0029,0.9354838709677419,2,0,2,0
trace-driven,trace,report_locality_heavy,NRU,ProportionalAllocation,5,7,0,0.0032,0.0035,1.09375,2,0,2,0
trace-driven,trace,report_locality_heavy,NRU,ProportionalAllocation,5,7,1,0.0031,0.0027,0.8709677419354839,2,0,2,0
trace-driven,trace,report_locality_heavy,NRU,ProportionalAllocation,5,8,0,0.0031,0.0033,1.064516129032258,2,0,2,0
trace-driven,trace,report_locality_heavy,NRU,ProportionalAllocation,5,8,1,0.003,0.0029,0.9666666666666667,2,0,2,0
trace-driven,trace,report_locality_heavy,NRU,ProportionalAllocation,5,9,0,0.003,0.0031,1.0333333333333334,2,0,2,0
trace-driven,trace,report_locality_heavy,NRU,ProportionalAllocation,5,9,1,0.0031,0.0027,0.8709677419354839,2,0,2,0
trace-driven,trace,report_locality_heavy,SecondChance,GlobalAllocation,5,0,0,0.004,0.0053,1.325,2,,,
trace-driven,trace,report_locality_heavy,SecondChance,GlobalAllocation,5,0,1,0.0037,0.0055,1.4864864864864864,2,,,
trace-driven,trace,report_locality_heavy,SecondChance,GlobalAllocation,5,1,0,0.0038,0.0053,1.394736842105263,2,,,
trace-driven,trace,report_locality_heavy,SecondChance,GlobalAllocation,5,1,1,0.0035,0.0055,1.5714285714285714,2,,,
trace-driven,trace,report_locality_heavy,SecondChance,GlobalAllocation,5,2,0,0.0036,0.0046,1.2777777777777777,2,,,
trace-driven,trace,report_locality_heavy,SecondChance,GlobalAllocation,5,2,1,0.0035,0.0049,1.4,2,,,
trace-driven,trace,report_locality_heavy,SecondChance,GlobalAllocation,5,3,0,0.0033,0.0058,1.7575757575757576,2,,,
trace-driven,trace,report_locality_heavy,SecondChance,GlobalAllocation,5,3,1,0.0031,0.0053,1.7096774193548387,2,,,
trace-driven,trace,report_locality_heavy,SecondChance,GlobalAllocation,5,4,0,0.0032,0.0041,1.28125,2,,,
trace-driven,trace,report_locality_heavy,SecondChance,GlobalAllocation,5,4,1,0.0032,0.0045,1.40625,2,,,
trace-driven,trace,report_locality_heavy,SecondChance,GlobalAllocation,5,5,0,0.0032,0.004,1.25,2,,,
trace-driven,trace,report_locality_heavy,SecondChance,GlobalAllocation,5,5,1,0.0031,0.0043,1.3870967741935485,2,,,
trace-driven,trace,report_locality_heavy,SecondChance,GlobalAllocation,5,6,0,0.0033,0.004,1.2121212121212122,2,,,
trace-driven,trace,report_locality_heavy,SecondChance,GlobalAllocation,5,6,1,0.0031,0.0045,1.4516129032258065,2,,,
trace-driven,trace,report_locality_heavy,SecondChance,GlobalAllocation,5,7,0,0.0032,0.0039,1.21875,2,,,
trace-driven,trace,report_locality_heavy,SecondChance,GlobalAllocation,5,7,1,0.0033,0.0043,1.303030303030303,2,,,
trace-driven,trace,report_locality_heavy,SecondChance,GlobalAllocation,5,8,0,0.0033,0.0043,1.303030303030303,2,,,
trace-driven,trace,report_locality_heavy,SecondChance,GlobalAllocation,5,8,1,0.0032,0.0044,1.375,2,,,
trace-driven,trace,report_locality_heavy,SecondChance,GlobalAllocation,5,9,0,0.0031,0.004,1.2903225806451613,2,,,
trace-driven,trace,report_locality_heavy,SecondChance,GlobalAllocation,5,9,1,0.0031,0.0047,1.5161290322580645,2,,,
trace-driven,trace,report_locality_heavy,SecondChance,LocalAllocation,5,0,0,0.0034,0.0042,1.2352941176470589,2,0,2,0
trace-driven,trace,report_locality_heavy,SecondChance,LocalAllocation,5,0,1,0.0031,0.0036,1.1612903225806452,2,0,2,0
trace-driven,trace,report_locality_heavy,SecondChance,LocalAllocation,5,1,0,0.0033,0.0045,1.3636363636363635,2,0,2,0
trace-driven,trace,report_locality_heavy,SecondChance,LocalAllocation,5,1,1,0.0032,0.0034,1.0625,2,0,2,0
trace-driven,trace,report_locality_heavy,SecondChance,LocalAllocation,5,2,0,0.003,0.0035,1.1666666666666667,2,0,2,0
trace-driven,trace,report_locality_heavy,SecondChance,LocalAllocation,5,2,1,0.0032,0.0031,0.96875,2,0,2,0
trace-driven,trace,report_locality_heavy,SecondChance,LocalAllocation,5,3,0,0.003,0.0034,1.1333333333333333,2,0,2,0
trace-driven,trace,report_locality_heavy,SecondChance,LocalAllocation,5,3,1,0.0029,0.0029,1.0,2,0,2,0
trace-driven,trace,report_locality_heavy,SecondChance,LocalAllocation,5,4,0,0.003,0.0034,1.1333333333333333,2,0,2,0
trace-driven,trace,report_locality_heavy,SecondChance,LocalAllocation,5,4,1,0.003,0.003,1.0,2,0,2,0
trace-driven,trace,report_locality_heavy,SecondChance,LocalAllocation,5,5,0,0.0031,0.003,0.967741935483871,2,0,2,0
trace-driven,trace,report_locality_heavy,SecondChance,LocalAllocation,5,5,1,0.0029,0.0027,0.9310344827586207,2,0,2,0
trace-driven,trace,report_locality_heavy,SecondChance,LocalAllocation,5,6,0,0.003,0.0035,1.1666666666666667,2,0,2,0
trace-driven,trace,report_locality_heavy,SecondChance,LocalAllocation,5,6,1,0.0031,0.0029,0.9354838709677419,2,0,2,0
trace-driven,trace,report_locality_heavy,SecondChance,LocalAllocation,5,7,0,0.0031,0.0032,1.032258064516129,2,0,2,0
trace-driven,trace,report_locality_heavy,SecondChance,LocalAllocation,5,7,1,0.003,0.0025,0.8333333333333334,2,0,2,0
trace-driven,trace,report_locality_heavy,SecondChance,LocalAllocation,5,8,0,0.0031,0.0032,1.032258064516129,2,0,2,0
trace-driven,trace,report_locality_heavy,SecondChance,LocalAllocation,5,8,1,0.0031,0.003,0.967741935483871,2,0,2,0
trace-driven,trace,report_locality_heavy,SecondChance,LocalAllocation,5,9,0,0.003,0.0031,1.0333333333333334,2,0,2,0
trace-driven,trace,report_locality_heavy,SecondChance,LocalAllocation,5,9,1,0.0029,0.0028,0.9655172413793104,2,0,2,0
trace-driven,trace,report_locality_heavy,SecondChance,ProportionalAllocation,5,0,0,0.0033,0.0041,1.2424242424242424,2,0,2,0
trace-driven,trace,report_locality_heavy,SecondChance,ProportionalAllocation,5,0,1,0.003,0.0032,1.0666666666666667,2,0,2,0
trace-driven,trace,report_locality_heavy,SecondChance,ProportionalAllocation,5,1,0,0.0031,0.0044,1.4193548387096775,2,0,2,0
trace-driven,trace,report_locality_heavy,SecondChance,ProportionalAllocation,5,1,1,0.0029,0.0034,1.1724137931034482,2,0,2,0
trace-driven,trace,report_locality_heavy,SecondChance,ProportionalAllocation,5,2,0,0.0032,0.0032,1.0,2,0,2,0
trace-driven,trace,report_locality_heavy,SecondChance,ProportionalAllocation,5,2,1,0.0029,0.0028,0.9655172413793104,2,0,2,0
trace-driven,trace,report_locality_heavy,SecondChance,ProportionalAllocation,5,3,0,0.003,0.0036,1.2,2,0,2,0
trace-driven,trace,report_locality_heavy,SecondChance,ProportionalAllocation,5,3,1,0.003,0.0028,0.9333333333333333,2,0,2,0
trace-driven,trace,report_locality_heavy,SecondChance,ProportionalAllocation,5,4,0,0.0031,0.003,0.967741935483871,2,0,2,0
trace-driven,trace,report_locality_heavy,SecondChance,ProportionalAllocation,5,4,1,0.003,0.0031,1.0333333333333334,2,0,2,0
trace-driven,trace,report_locality_heavy,SecondChance,ProportionalAllocation,5,5,0,0.0032,0.003,0.9375,2,0,2,0
trace-driven,trace,report_locality_heavy,SecondChance,ProportionalAllocation,5,5,1,0.0029,0.0029,1.0,2,0,2,0
trace-driven,trace,report_locality_heavy,SecondChance,ProportionalAllocation,5,6,0,0.0031,0.0032,1.032258064516129,2,0,2,0
trace-driven,trace,report_locality_heavy,SecondChance,ProportionalAllocation,5,6,1,0.003,0.0028,0.9333333333333333,2,0,2,0
trace-driven,trace,report_locality_heavy,SecondChance,ProportionalAllocation,5,7,0,0.003,0.0033,1.1,2,0,2,0
trace-driven,trace,report_locality_heavy,SecondChance,ProportionalAllocation,5,7,1,0.0028,0.003,1.0714285714285714,2,0,2,0
trace-driven,trace,report_locality_heavy,SecondChance,ProportionalAllocation,5,8,0,0.003,0.0031,1.0333333333333334,2,0,2,0
trace-driven,trace,report_locality_heavy,SecondChance,ProportionalAllocation,5,8,1,0.0029,0.0028,0.9655172413793104,2,0,2,0
trace-driven,trace,report_locality_heavy,SecondChance,ProportionalAllocation,5,9,0,0.0031,0.0032,1.032258064516129,2,0,2,0
trace-driven,trace,report_locality_heavy,SecondChance,ProportionalAllocation,5,9,1,0.0029,0.0031,1.0689655172413792,2,0,2,0
trace-driven,trace,report_locality_heavy,WSClock,GlobalAllocation,5,0,0,0.004,0.0108,2.7,2,,,
trace-driven,trace,report_locality_heavy,WSClock,GlobalAllocation,5,0,1,0.0036,0.0089,2.4722222222222223,2,,,
trace-driven,trace,report_locality_heavy,WSClock,GlobalAllocation,5,1,0,0.0038,0.0051,1.3421052631578947,2,,,
trace-driven,trace,report_locality_heavy,WSClock,GlobalAllocation,5,1,1,0.0036,0.0051,1.4166666666666667,2,,,
trace-driven,trace,report_locality_heavy,WSClock,GlobalAllocation,5,2,0,0.0036,0.0051,1.4166666666666667,2,,,
trace-driven,trace,report_locality_heavy,WSClock,GlobalAllocation,5,2,1,0.0037,0.0049,1.3243243243243243,2,,,
trace-driven,trace,report_locality_heavy,WSClock,GlobalAllocation,5,3,0,0.0035,0.0058,1.6571428571428573,2,,,
trace-driven,trace,report_locality_heavy,WSClock,GlobalAllocation,5,3,1,0.0032,0.0051,1.59375,2,,,
trace-driven,trace,report_locality_heavy,WSClock,GlobalAllocation,5,4,0,0.0032,0.0046,1.4375,2,,,
trace-driven,trace,report_locality_heavy,WSClock,GlobalAllocation,5,4,1,0.0033,0.0051,1.5454545454545454,2,,,
trace-driven,trace,report_locality_heavy,WSClock,GlobalAllocation,5,5,0,0.0053,0.006,1.1320754716981132,2,,,
trace-driven,trace,report_locality_heavy,WSClock,GlobalAllocation,5,5,1,0.0052,0.0063,1.2115384615384615,2,,,
trace-driven,trace,report_locality_heavy,WSClock,GlobalAllocation,5,6,0,0.0049,0.0065,1.3265306122448979,2,,,
trace-driven,trace,report_locality_heavy,WSClock,GlobalAllocation,5,6,1,0.006,0.007,1.1666666666666667,2,,,
trace-driven,trace,report_locality_heavy,WSClock,GlobalAllocation,5,7,0,0.0047,0.0067,1.425531914893617,2,,,
trace-driven,trace,report_locality_heavy,WSClock,GlobalAllocation,5,7,1,0.0055,0.0071,1.290909090909091,2,,,
trace-driven,trace,report_locality_heavy,WSClock,GlobalAllocation,5,8,0,0.0032,0.0041,1.28125,2,,,
trace-driven,trace,report_locality_heavy,WSClock,GlobalAllocation,5,8,1,0.0049,0.0045,0.9183673469387755,2,,,
trace-driven,trace,report_locality_heavy,WSClock,GlobalAllocation,5,9,0,0.0031,0.0042,1.3548387096774193,2,,,
trace-driven,trace,report_locality_heavy,WSClock,GlobalAllocation,5,9,1,0.0032,0.0041,1.28125,2,,,
trace-driven,trace,report_locality_heavy,WSClock,LocalAllocation,5,0,0,0.0032,0.0041,1.28125,2,0,2,0
trace-driven,trace,report_locality_heavy,WSClock,LocalAllocation,5,0,1,0.0032,0.0039,1.21875,2,0,2,0
trace-driven,trace,report_locality_heavy,WSClock,LocalAllocation,5,1,0,0.0031,0.0048,1.5483870967741935,2,0,2,0
trace-driven,trace,report_locality_heavy,WSClock,LocalAllocation,5,1,1,0.0029,0.0034,1.1724137931034482,2,0,2,0
trace-driven,trace,report_locality_heavy,WSClock,LocalAllocation,5,2,0,0.0031,0.0038,1.2258064516129032,2,0,2,0
trace-driven,trace,report_locality_heavy,WSClock,LocalAllocation,5,2,1,0.0032,0.0033,1.03125,2,0,2,0
trace-driven,trace,report_locality_heavy,WSClock,LocalAllocation,5,3,0,0.0032,0.0032,1.0,2,0,2,0
trace-driven,trace,report_locality_heavy,WSClock,LocalAllocation,5,3,1,0.0031,0.0029,0.9354838709677419,2,0,2,0
trace-driven,trace,report_locality_heavy,WSClock,LocalAllocation,5,4,0,0.0029,0.0033,1.1379310344827587,2,0,2,0
trace-driven,trace,report_locality_heavy,WSClock,LocalAllocation,5,4,1,0.003,0.003,1.0,2,0,2,0
trace-driven,trace,report_locality_heavy,WSClock,LocalAllocation,5,5,0,0.003,0.0035,1.1666666666666667,2,0,2,0
trace-driven,trace,report_locality_heavy,WSClock,LocalAllocation,5,5,1,0.0029,0.0035,1.206896551724138,2,0,2,0
trace-driven,trace,report_locality_heavy,WSClock,LocalAllocation,5,6,0,0.003,0.0031,1.0333333333333334,2,0,2,0
trace-driven,trace,report_locality_heavy,WSClock,LocalAllocation,5,6,1,0.0031,0.003,0.967741935483871,2,0,2,0
trace-driven,trace,report_locality_heavy,WSClock,LocalAllocation,5,7,0,0.0029,0.0034,1.1724137931034482,2,0,2,0
trace-driven,trace,report_locality_heavy,WSClock,LocalAllocation,5,7,1,0.003,0.0029,0.9666666666666667,2,0,2,0
trace-driven,trace,report_locality_heavy,WSClock,LocalAllocation,5,8,0,0.003,0.0032,1.0666666666666667,2,0,2,0
trace-driven,trace,report_locality_heavy,WSClock,LocalAllocation,5,8,1,0.003,0.0031,1.0333333333333334,2,0,2,0
trace-driven,trace,report_locality_heavy,WSClock,LocalAllocation,5,9,0,0.0029,0.003,1.0344827586206897,2,0,2,0
trace-driven,trace,report_locality_heavy,WSClock,LocalAllocation,5,9,1,0.0042,0.0028,0.6666666666666666,2,0,2,0
trace-driven,trace,report_locality_heavy,WSClock,ProportionalAllocation,5,0,0,0.0032,0.0043,1.34375,2,0,2,0
trace-driven,trace,report_locality_heavy,WSClock,ProportionalAllocation,5,0,1,0.003,0.0035,1.1666666666666667,2,0,2,0
trace-driven,trace,report_locality_heavy,WSClock,ProportionalAllocation,5,1,0,0.0032,0.0041,1.28125,2,0,2,0
trace-driven,trace,report_locality_heavy,WSClock,ProportionalAllocation,5,1,1,0.0031,0.0032,1.032258064516129,2,0,2,0
trace-driven,trace,report_locality_heavy,WSClock,ProportionalAllocation,5,2,0,0.0029,0.0035,1.206896551724138,2,0,2,0
trace-driven,trace,report_locality_heavy,WSClock,ProportionalAllocation,5,2,1,0.003,0.003,1.0,2,0,2,0
trace-driven,trace,report_locality_heavy,WSClock,ProportionalAllocation,5,3,0,0.003,0.0035,1.1666666666666667,2,0,2,0
trace-driven,trace,report_locality_heavy,WSClock,ProportionalAllocation,5,3,1,0.003,0.003,1.0,2,0,2,0
trace-driven,trace,report_locality_heavy,WSClock,ProportionalAllocation,5,4,0,0.003,0.0035,1.1666666666666667,2,0,2,0
trace-driven,trace,report_locality_heavy,WSClock,ProportionalAllocation,5,4,1,0.0029,0.003,1.0344827586206897,2,0,2,0
trace-driven,trace,report_locality_heavy,WSClock,ProportionalAllocation,5,5,0,0.0031,0.0032,1.032258064516129,2,0,2,0
trace-driven,trace,report_locality_heavy,WSClock,ProportionalAllocation,5,5,1,0.0028,0.0029,1.0357142857142858,2,0,2,0
trace-driven,trace,report_locality_heavy,WSClock,ProportionalAllocation,5,6,0,0.0031,0.0036,1.1612903225806452,2,0,2,0
trace-driven,trace,report_locality_heavy,WSClock,ProportionalAllocation,5,6,1,0.0029,0.0029,1.0,2,0,2,0
trace-driven,trace,report_locality_heavy,WSClock,ProportionalAllocation,5,7,0,0.003,0.0033,1.1,2,0,2,0
trace-driven,trace,report_locality_heavy,WSClock,ProportionalAllocation,5,7,1,0.0029,0.0031,1.0689655172413792,2,0,2,0
trace-driven,trace,report_locality_heavy,WSClock,ProportionalAllocation,5,8,0,0.0031,0.0033,1.064516129032258,2,0,2,0
trace-driven,trace,report_locality_heavy,WSClock,ProportionalAllocation,5,8,1,0.0032,0.0029,0.90625,2,0,2,0
trace-driven,trace,report_locality_heavy,WSClock,ProportionalAllocation,5,9,0,0.0029,0.0034,1.1724137931034482,2,0,2,0
trace-driven,trace,report_locality_heavy,WSClock,ProportionalAllocation,5,9,1,0.0031,0.0028,0.9032258064516129,2,0,2,0
trace-driven,trace,report_locality_heavy,FIFO,GlobalAllocation,6,0,0,0.0038,0.0052,1.368421052631579,2,,,
trace-driven,trace,report_locality_heavy,FIFO,GlobalAllocation,6,0,1,0.0037,0.0051,1.3783783783783783,2,,,
trace-driven,trace,report_locality_heavy,FIFO,GlobalAllocation,6,1,0,0.0037,0.0049,1.3243243243243243,2,,,
trace-driven,trace,report_locality_heavy,FIFO,GlobalAllocation,6,1,1,0.0036,0.0056,1.5555555555555556,2,,,
trace-driven,trace,report_locality_heavy,FIFO,GlobalAllocation,6,2,0,0.0036,0.0047,1.3055555555555556,2,,,
trace-driven,trace,report_locality_heavy,FIFO,GlobalAllocation,6,2,1,0.0034,0.0065,1.911764705882353,2,,,
trace-driven,trace,report_locality_heavy,FIFO,GlobalAllocation,6,3,0,0.0032,0.0059,1.84375,2,,,
trace-driven,trace,report_locality_heavy,FIFO,GlobalAllocation,6,3,1,0.0031,0.0045,1.4516129032258065,2,,,
trace-driven,trace,report_locality_heavy,FIFO,GlobalAllocation,6,4,0,0.0038,0.0038,1.0,2,,,
trace-driven,trace,report_locality_heavy,FIFO,GlobalAllocation,6,4,1,0.0031,0.0038,1.2258064516129032,2,,,
trace-driven,trace,report_locality_heavy,FIFO,GlobalAllocation,6,5,0,0.0032,0.0037,1.15625,2,,,
trace-driven,trace,report_locality_heavy,FIFO,GlobalAllocation,6,5,1,0.0031,0.0042,1.3548387096774193,2,,,
trace-driven,trace,report_locality_heavy,FIFO,GlobalAllocation,6,6,0,0.0031,0.0036,1.1612903225806452,2,,,
trace-driven,trace,report_locality_heavy,FIFO,GlobalAllocation,6,6,1,0.0034,0.0037,1.088235294117647,2,,,
trace-driven,trace,report_locality_heavy,FIFO,GlobalAllocation,6,7,0,0.0031,0.0037,1.1935483870967742,2,,,
trace-driven,trace,report_locality_heavy,FIFO,GlobalAllocation,6,7,1,0.0031,0.004,1.2903225806451613,2,,,
trace-driven,trace,report_locality_heavy,FIFO,GlobalAllocation,6,8,0,0.0031,0.0036,1.1612903225806452,2,,,
trace-driven,trace,report_locality_heavy,FIFO,GlobalAllocation,6,8,1,0.0032,0.0038,1.1875,2,,,
trace-driven,trace,report_locality_heavy,FIFO,GlobalAllocation,6,9,0,0.0029,0.0037,1.2758620689655173,2,,,
trace-driven,trace,report_locality_heavy,FIFO,GlobalAllocation,6,9,1,0.0028,0.0038,1.3571428571428572,2,,,
trace-driven,trace,report_locality_heavy,FIFO,LocalAllocation,6,0,0,0.003,0.0039,1.3,2,0,2,0
trace-driven,trace,report_locality_heavy,FIFO,LocalAllocation,6,0,1,0.0028,0.0034,1.2142857142857142,2,0,2,0
trace-driven,trace,report_locality_heavy,FIFO,LocalAllocation,6,1,0,0.0029,0.0044,1.5172413793103448,2,0,2,0
trace-driven,trace,report_locality_heavy,FIFO,LocalAllocation,6,1,1,0.0029,0.0028,0.9655172413793104,2,0,2,0
trace-driven,trace,report_locality_heavy,FIFO,LocalAllocation,6,2,0,0.0029,0.0033,1.1379310344827587,2,0,2,0
trace-driven,trace,report_locality_heavy,FIFO,LocalAllocation,6,2,1,0.0029,0.0025,0.8620689655172413,2,0,2,0
trace-driven,trace,report_locality_heavy,FIFO,LocalAllocation,6,3,0,0.0029,0.0033,1.1379310344827587,2,0,2,0
trace-driven,trace,report_locality_heavy,FIFO,LocalAllocation,6,3,1,0.0029,0.0023,0.7931034482758621,2,0,2,0
trace-driven,trace,report_locality_heavy,FIFO,LocalAllocation,6,4,0,0.0027,0.0031,1.1481481481481481,2,0,2,0
trace-driven,trace,report_locality_heavy,FIFO,LocalAllocation,6,4,1,0.0028,0.0024,0.8571428571428571,2,0,2,0
trace-driven,trace,report_locality_heavy,FIFO,LocalAllocation,6,5,0,0.0029,0.0029,1.0,2,0,2,0
trace-driven,trace,report_locality_heavy,FIFO,LocalAllocation,6,5,1,0.003,0.0026,0.8666666666666667,2,0,2,0
trace-driven,trace,report_locality_heavy,FIFO,LocalAllocation,6,6,0,0.0028,0.0029,1.0357142857142858,2,0,2,0
trace-driven,trace,report_locality_heavy,FIFO,LocalAllocation,6,6,1,0.0027,0.0027,1.0,2,0,2,0
trace-driven,trace,report_locality_heavy,FIFO,LocalAllocation,6,7,0,0.003,0.0027,0.9,2,0,2,0
trace-driven,trace,report_locality_heavy,FIFO,LocalAllocation,6,7,1,0.0028,0.0025,0.8928571428571429,2,0,2,0
trace-driven,trace,report_locality_heavy,FIFO,LocalAllocation,6,8,0,0.0027,0.0026,0.9629629629629629,2,0,2,0
trace-driven,trace,report_locality_heavy,FIFO,LocalAllocation,6,8,1,0.0028,0.0027,0.9642857142857143,2,0,2,0
trace-driven,trace,report_locality_heavy,FIFO,LocalAllocation,6,9,0,0.0028,0.003,1.0714285714285714,2,0,2,0
trace-driven,trace,report_locality_heavy,FIFO,LocalAllocation,6,9,1,0.0029,0.0025,0.8620689655172413,2,0,2,0
trace-driven,trace,report_locality_heavy,FIFO,ProportionalAllocation,6,0,0,0.003,0.0037,1.2333333333333334,2,0,2,0
trace-driven,trace,report_locality_heavy,FIFO,ProportionalAllocation,6,0,1,0.0029,0.0031,1.0689655172413792,2,0,2,0
trace-driven,trace,report_locality_heavy,FIFO,ProportionalAllocation,6,1,0,0.0028,0.0042,1.5,2,0,2,0
trace-driven,trace,report_locality_heavy,FIFO,ProportionalAllocation,6,1,1,0.0028,0.0026,0.9285714285714286,2,0,2,0
trace-driven,trace,report_locality_heavy,FIFO,ProportionalAllocation,6,2,0,0.003,0.003,1.0,2,0,2,0
trace-driven,trace,report_locality_heavy,FIFO,ProportionalAllocation,6,2,1,0.0028,0.0025,0.8928571428571429,2,0,2,0
trace-driven,trace,report_locality_heavy,FIFO,ProportionalAllocation,6,3,0,0.0028,0.003,1.0714285714285714,2,0,2,0
trace-driven,trace,report_locality_heavy,FIFO,ProportionalAllocation,6,3,1,0.0029,0.0027,0.9310344827586207,2,0,2,0
trace-driven,trace,report_locality_heavy,FIFO,ProportionalAllocation,6,4,0,0.003,0.0031,1.0333333333333334,2,0,2,0
trace-driven,trace,report_locality_heavy,FIFO,ProportionalAllocation,6,4,1,0.0029,0.0024,0.8275862068965517,2,0,2,0
trace-driven,trace,report_locality_heavy,FIFO,ProportionalAllocation,6,5,0,0.0029,0.003,1.0344827586206897,2,0,2,0
trace-driven,trace,report_locality_heavy,FIFO,ProportionalAllocation,6,5,1,0.0029,0.0025,0.8620689655172413,2,0,2,0
trace-driven,trace,report_locality_heavy,FIFO,ProportionalAllocation,6,6,0,0.0029,0.0027,0.9310344827586207,2,0,2,0
trace-driven,trace,report_locality_heavy,FIFO,ProportionalAllocation,6,6,1,0.0029,0.0024,0.8275862068965517,2,0,2,0
trace-driven,trace,report_locality_heavy,FIFO,ProportionalAllocation,6,7,0,0.0027,0.0028,1.037037037037037,2,0,2,0
trace-driven,trace,report_locality_heavy,FIFO,ProportionalAllocation,6,7,1,0.003,0.0025,0.8333333333333334,2,0,2,0
trace-driven,trace,report_locality_heavy,FIFO,ProportionalAllocation,6,8,0,0.0031,0.0029,0.9354838709677419,2,0,2,0
trace-driven,trace,report_locality_heavy,FIFO,ProportionalAllocation,6,8,1,0.0028,0.0025,0.8928571428571429,2,0,2,0
trace-driven,trace,report_locality_heavy,FIFO,ProportionalAllocation,6,9,0,0.0027,0.0028,1.037037037037037,2,0,2,0
trace-driven,trace,report_locality_heavy,FIFO,ProportionalAllocation,6,9,1,0.0028,0.0036,1.2857142857142858,2,0,2,0
trace-driven,trace,report_locality_heavy,LRU,GlobalAllocation,6,0,0,0.0043,0.0065,1.5116279069767442,2,,,
trace-driven,trace,report_locality_heavy,LRU,GlobalAllocation,6,0,1,0.0041,0.0069,1.6829268292682926,2,,,
trace-driven,trace,report_locality_heavy,LRU,GlobalAllocation,6,1,0,0.0042,0.0055,1.3095238095238095,2,,,
trace-driven,trace,report_locality_heavy,LRU,GlobalAllocation,6,1,1,0.004,0.0055,1.375,2,,,
trace-driven,trace,report_locality_heavy,LRU,GlobalAllocation,6,2,0,0.0039,0.005,1.2820512820512822,2,,,
trace-driven,trace,report_locality_heavy,LRU,GlobalAllocation,6,2,1,0.0038,0.005,1.3157894736842106,2,,,
trace-driven,trace,report_locality_heavy,LRU,GlobalAllocation,6,3,0,0.0034,0.0061,1.7941176470588236,2,,,
trace-driven,trace,report_locality_heavy,LRU,GlobalAllocation,6,3,1,0.0035,0.0052,1.4857142857142858,2,,,
trace-driven,trace,report_locality_heavy,LRU,GlobalAllocation,6,4,0,0.0035,0.0044,1.2571428571428571,2,,,
trace-driven,trace,report_locality_heavy,LRU,GlobalAllocation,6,4,1,0.0035,0.0047,1.3428571428571427,2,,,
trace-driven,trace,report_locality_heavy,LRU,GlobalAllocation,6,5,0,0.0036,0.0044,1.2222222222222223,2,,,
trace-driven,trace,report_locality_heavy,LRU,GlobalAllocation,6,5,1,0.0035,0.0048,1.3714285714285714,2,,,
trace-driven,trace,report_locality_heavy,LRU,GlobalAllocation,6,6,0,0.0035,0.0046,1.3142857142857143,2,,,
trace-driven,trace,report_locality_heavy,LRU,GlobalAllocation,6,6,1,0.0034,0.0046,1.3529411764705883,2,,,
trace-driven,trace,report_locality_heavy,LRU,GlobalAllocation,6,7,0,0.0035,0.0044,1.2571428571428571,2,,,
trace-driven,trace,report_locality_heavy,LRU,GlobalAllocation,6,7,1,0.0036,0.0049,1.3611111111111112,2,,,
trace-driven,trace,report_locality_heavy,LRU,GlobalAllocation,6,8,0,0.0035,0.0044,1.2571428571428571,2,,,
trace-driven,trace,report_locality_heavy,LRU,GlobalAllocation,6,8,1,0.0036,0.0046,1.2777777777777777,2,,,
trace-driven,trace,report_locality_heavy,LRU,GlobalAllocation,6,9,0,0.0034,0.0041,1.2058823529411764,2,,,
trace-driven,trace,report_locality_heavy,LRU,GlobalAllocation,6,9,1,0.0036,0.0045,1.25,2,,,
trace-driven,trace,report_locality_heavy,LRU,LocalAllocation,6,0,0,0.0035,0.0046,1.3142857142857143,2,0,2,0
trace-driven,trace,report_locality_heavy,LRU,LocalAllocation,6,0,1,0.0033,0.0039,1.1818181818181819,2,0,2,0
trace-driven,trace,report_locality_heavy,LRU,LocalAllocation,6,1,0,0.0033,0.0048,1.4545454545454546,2,0,2,0
trace-driven,trace,report_locality_heavy,LRU,LocalAllocation,6,1,1,0.0034,0.0035,1.0294117647058822,2,0,2,0
trace-driven,trace,report_locality_heavy,LRU,LocalAllocation,6,2,0,0.0032,0.0039,1.21875,2,0,2,0
trace-driven,trace,report_locality_heavy,LRU,LocalAllocation,6,2,1,0.0034,0.0031,0.9117647058823529,2,0,2,0
trace-driven,trace,report_locality_heavy,LRU,LocalAllocation,6,3,0,0.0033,0.0038,1.1515151515151516,2,0,2,0
trace-driven,trace,report_locality_heavy,LRU,LocalAllocation,6,3,1,0.0033,0.0031,0.9393939393939394,2,0,2,0
trace-driven,trace,report_locality_heavy,LRU,LocalAllocation,6,4,0,0.0032,0.0036,1.125,2,0,2,0
trace-driven,trace,report_locality_heavy,LRU,LocalAllocation,6,4,1,0.0033,0.0033,1.0,2,0,2,0
trace-driven,trace,report_locality_heavy,LRU,LocalAllocation,6,5,0,0.0032,0.0037,1.15625,2,0,2,0
trace-driven,trace,report_locality_heavy,LRU,LocalAllocation,6,5,1,0.0032,0.0031,0.96875,2,0,2,0
trace-driven,trace,report_locality_heavy,LRU,LocalAllocation,6,6,0,0.0033,0.0038,1.1515151515151516,2,0,2,0
trace-driven,trace,report_locality_heavy,LRU,LocalAllocation,6,6,1,0.0032,0.0033,1.03125,2,0,2,0
trace-driven,trace,report_locality_heavy,LRU,LocalAllocation,6,7,0,0.0036,0.0032,0.8888888888888888,2,0,2,0
trace-driven,trace,report_locality_heavy,LRU,LocalAllocation,6,7,1,0.0032,0.0031,0.96875,2,0,2,0
trace-driven,trace,report_locality_heavy,LRU,LocalAllocation,6,8,0,0.0033,0.0036,1.0909090909090908,2,0,2,0
trace-driven,trace,report_locality_heavy,LRU,LocalAllocation,6,8,1,0.0032,0.0033,1.03125,2,0,2,0
trace-driven,trace,report_locality_heavy,LRU,LocalAllocation,6,9,0,0.0033,0.0035,1.0606060606060606,2,0,2,0
trace-driven,trace,report_locality_heavy,LRU,LocalAllocation,6,9,1,0.0032,0.0032,1.0,2,0,2,0
trace-driven,trace,report_locality_heavy,LRU,ProportionalAllocation,6,0,0,0.0035,0.0044,1.2571428571428571,2,0,2,0
trace-driven,trace,report_locality_heavy,LRU,ProportionalAllocation,6,0,1,0.0033,0.0036,1.0909090909090908,2,0,2,0
trace-driven,trace,report_locality_heavy,LRU,ProportionalAllocation,6,1,0,0.0033,0.0043,1.303030303030303,2,0,2,0
trace-driven,trace,report_locality_heavy,LRU,ProportionalAllocation,6,1,1,0.0034,0.0035,1.0294117647058822,2,0,2,0
trace-driven,trace,report_locality_heavy,LRU,ProportionalAllocation,6,2,0,0.0033,0.0038,1.1515151515151516,2,0,2,0
trace-driven,trace,report_locality_heavy,LRU,ProportionalAllocation,6,2,1,0.0033,0.0034,1.0303030303030303,2,0,2,0
trace-driven,trace,report_locality_heavy,LRU,ProportionalAllocation,6,3,0,0.0032,0.0037,1.15625,2,0,2,0
trace-driven,trace,report_locality_heavy,LRU,ProportionalAllocation,6,3,1,0.0033,0.0031,0.9393939393939394,2,0,2,0
trace-driven,trace,report_locality_heavy,LRU,ProportionalAllocation,6,4,0,0.0032,0.0049,1.53125,2,0,2,0
trace-driven,trace,report_locality_heavy,LRU,ProportionalAllocation,6,4,1,0.0032,0.0033,1.03125,2,0,2,0
trace-driven,trace,report_locality_heavy,LRU,ProportionalAllocation,6,5,0,0.0033,0.0037,1.121212121212121,2,0,2,0
trace-driven,trace,report_locality_heavy,LRU,ProportionalAllocation,6,5,1,0.0035,0.0031,0.8857142857142857,2,0,2,0
trace-driven,trace,report_locality_heavy,LRU,ProportionalAllocation,6,6,0,0.0032,0.0035,1.09375,2,0,2,0
trace-driven,trace,report_locality_heavy,LRU,ProportionalAllocation,6,6,1,0.0033,0.0032,0.9696969696969697,2,0,2,0
trace-driven,trace,report_locality_heavy,LRU,ProportionalAllocation,6,7,0,0.0032,0.0039,1.21875,2,0,2,0
trace-driven,trace,report_locality_heavy,LRU,ProportionalAllocation,6,7,1,0.0032,0.003,0.9375,2,0,2,0
trace-driven,trace,report_locality_heavy,LRU,ProportionalAllocation,6,8,0,0.0033,0.0035,1.0606060606060606,2,0,2,0
trace-driven,trace,report_locality_heavy,LRU,ProportionalAllocation,6,8,1,0.0032,0.0032,1.0,2,0,2,0
trace-driven,trace,report_locality_heavy,LRU,ProportionalAllocation,6,9,0,0.0031,0.0033,1.064516129032258,2,0,2,0
trace-driven,trace,report_locality_heavy,LRU,ProportionalAllocation,6,9,1,0.0032,0.0031,0.96875,2,0,2,0
trace-driven,trace,report_locality_heavy,NRU,GlobalAllocation,6,0,0,0.004,0.0069,1.725,2,,,
trace-driven,trace,report_locality_heavy,NRU,GlobalAllocation,6,0,1,0.0039,0.0069,1.7692307692307692,2,,,
trace-driven,trace,report_locality_heavy,NRU,GlobalAllocation,6,1,0,0.0039,0.0054,1.3846153846153846,2,,,
trace-driven,trace,report_locality_heavy,NRU,GlobalAllocation,6,1,1,0.0038,0.0052,1.368421052631579,2,,,
trace-driven,trace,report_locality_heavy,NRU,GlobalAllocation,6,2,0,0.0037,0.0047,1.2702702702702702,2,,,
trace-driven,trace,report_locality_heavy,NRU,GlobalAllocation,6,2,1,0.0036,0.0052,1.4444444444444444,2,,,
trace-driven,trace,report_locality_heavy,NRU,GlobalAllocation,6,3,0,0.0034,0.0057,1.6764705882352942,2,,,
trace-driven,trace,report_locality_heavy,NRU,GlobalAllocation,6,3,1,0.0034,0.0053,1.5588235294117647,2,,,
trace-driven,trace,report_locality_heavy,NRU,GlobalAllocation,6,4,0,0.0033,0.0045,1.3636363636363635,2,,,
trace-driven,trace,report_locality_heavy,NRU,GlobalAllocation,6,4,1,0.0035,0.0049,1.4,2,,,
trace-driven,trace,report_locality_heavy,NRU,GlobalAllocation,6,5,0,0.0033,0.0046,1.393939393939394,2,,,
trace-driven,trace,report_locality_heavy,NRU,GlobalAllocation,6,5,1,0.0034,0.0044,1.2941176470588236,2,,,
trace-driven,trace,report_locality_heavy,NRU,GlobalAllocation,6,6,0,0.0033,0.004,1.2121212121212122,2,,,
trace-driven,trace,report_locality_heavy,NRU,GlobalAllocation,6,6,1,0.0035,0.0046,1.3142857142857143,2,,,
trace-driven,trace,report_locality_heavy,NRU,GlobalAllocation,6,7,0,0.0033,0.0042,1.2727272727272727,2,,,
trace-driven,trace,report_locality_heavy,NRU,GlobalAllocation,6,7,1,0.0034,0.005,1.4705882352941178,2,,,
trace-driven,trace,report_locality_heavy,NRU,GlobalAllocation,6,8,0,0.0032,0.004,1.25,2,,,
trace-driven,trace,report_locality_heavy,NRU,GlobalAllocation,6,8,1,0.0034,0.0047,1.3823529411764706,2,,,
trace-driven,trace,report_locality_heavy,NRU,GlobalAllocation,6,9,0,0.0031,0.0042,1.3548387096774193,2,,,
trace-driven,trace,report_locality_heavy,NRU,GlobalAllocation,6,9,1,0.0032,0.0045,1.40625,2,,,
trace-driven,trace,report_locality_heavy,NRU,LocalAllocation,6,0,0,0.0033,0.0043,1.303030303030303,2,0,2,0
trace-driven,trace,report_locality_heavy,NRU,LocalAllocation,6,0,1,0.0032,0.0038,1.1875,2,0,2,0
trace-driven,trace,report_locality_heavy,NRU,LocalAllocation,6,1,0,0.0032,0.0046,1.4375,2,0,2,0
trace-driven,trace,report_locality_heavy,NRU,LocalAllocation,6,1,1,0.0032,0.0035,1.09375,2,0,2,0
trace-driven,trace,report_locality_heavy,NRU,LocalAllocation,6,2,0,0.0031,0.0037,1.1935483870967742,2,0,2,0
trace-driven,trace,report_locality_heavy,NRU,LocalAllocation,6,2,1,0.0031,0.0031,1.0,2,0,2,0
trace-driven,trace,report_locality_heavy,NRU,LocalAllocation,6,3,0,0.0033,0.0037,1.121212121212121,2,0,2,0
trace-driven,trace,report_locality_heavy,NRU,LocalAllocation,6,3,1,0.0033,0.003,0.9090909090909091,2,0,2,0
trace-driven,trace,report_locality_heavy,NRU,LocalAllocation,6,4,0,0.0031,0.0035,1.1290322580645162,2,0,2,0
trace-driven,trace,report_locality_heavy,NRU,LocalAllocation,6,4,1,0.0041,0.003,0.7317073170731707,2,0,2,0
trace-driven,trace,report_locality_heavy,NRU,LocalAllocation,6,5,0,0.0032,0.0034,1.0625,2,0,2,0
trace-driven,trace,report_locality_heavy,NRU,LocalAllocation,6,5,1,0.0031,0.003,0.967741935483871,2,0,2,0
trace-driven,trace,report_locality_heavy,NRU,LocalAllocation,6,6,0,0.0032,0.0036,1.125,2,0,2,0
trace-driven,trace,report_locality_heavy,NRU,LocalAllocation,6,6,1,0.003,0.0029,0.9666666666666667,2,0,2,0
trace-driven,trace,report_locality_heavy,NRU,LocalAllocation,6,7,0,0.0031,0.0033,1.064516129032258,2,0,2,0
trace-driven,trace,report_locality_heavy,NRU,LocalAllocation,6,7,1,0.0032,0.0029,0.90625,2,0,2,0
trace-driven,trace,report_locality_heavy,NRU,LocalAllocation,6,8,0,0.0031,0.003,0.967741935483871,2,0,2,0
trace-driven,trace,report_locality_heavy,NRU,LocalAllocation,6,8,1,0.0031,0.0031,1.0,2,0,2,0
trace-driven,trace,report_locality_heavy,NRU,LocalAllocation,6,9,0,0.0031,0.0032,1.032258064516129,2,0,2,0
trace-driven,trace,report_locality_heavy,NRU,LocalAllocation,6,9,1,0.003,0.0027,0.9,2,0,2,0
trace-driven,trace,report_locality_heavy,NRU,ProportionalAllocation,6,0,0,0.0035,0.0039,1.1142857142857143,2,0,2,0
trace-driven,trace,report_locality_heavy,NRU,ProportionalAllocation,6,0,1,0.0032,0.0037,1.15625,2,0,2,0
trace-driven,trace,report_locality_heavy,NRU,ProportionalAllocation,6,1,0,0.0032,0.0042,1.3125,2,0,2,0
trace-driven,trace,report_locality_heavy,NRU,ProportionalAllocation,6,1,1,0.0032,0.0033,1.03125,2,0,2,0
trace-driven,trace,report_locality_heavy,NRU,ProportionalAllocation,6,2,0,0.0031,0.0038,1.2258064516129032,2,0,2,0
trace-driven,trace,report_locality_heavy,NRU,ProportionalAllocation,6,2,1,0.0032,0.0032,1.0,2,0,2,0
trace-driven,trace,report_locality_heavy,NRU,ProportionalAllocation,6,3,0,0.0032,0.0035,1.09375,2,0,2,0
trace-driven,trace,report_locality_heavy,NRU,ProportionalAllocation,6,3,1,0.0032,0.0032,1.0,2,0,2,0
trace-driven,trace,report_locality_heavy,NRU,ProportionalAllocation,6,4,0,0.0031,0.0036,1.1612903225806452,2,0,2,0
trace-driven,trace,report_locality_heavy,NRU,ProportionalAllocation,6,4,1,0.0031,0.003,0.967741935483871,2,0,2,0
trace-driven,trace,report_locality_heavy,NRU,ProportionalAllocation,6,5,0,0.0031,0.0033,1.064516129032258,2,0,2,0
trace-driven,trace,report_locality_heavy,NRU,ProportionalAllocation,6,5,1,0.0031,0.0028,0.9032258064516129,2,0,2,0
trace-driven,trace,report_locality_heavy,NRU,ProportionalAllocation,6,6,0,0.0031,0.0035,1.1290322580645162,2,0,2,0
trace-driven,trace,report_locality_heavy,NRU,ProportionalAllocation,6,6,1,0.0031,0.0028,0.9032258064516129,2,0,2,0
trace-driven,trace,report_locality_heavy,NRU,ProportionalAllocation,6,7,0,0.003,0.0035,1.1666666666666667,2,0,2,0
trace-driven,trace,report_locality_heavy,NRU,ProportionalAllocation,6,7,1,0.0031,0.003,0.967741935483871,2,0,2,0
trace-driven,trace,report_locality_heavy,NRU,ProportionalAllocation,6,8,0,0.003,0.0035,1.1666666666666667,2,0,2,0
trace-driven,trace,report_locality_heavy,NRU,ProportionalAllocation,6,8,1,0.0031,0.003,0.967741935483871,2,0,2,0
trace-driven,trace,report_locality_heavy,NRU,ProportionalAllocation,6,9,0,0.003,0.0036,1.2,2,0,2,0
trace-driven,trace,report_locality_heavy,NRU,ProportionalAllocation,6,9,1,0.0032,0.0029,0.90625,2,0,2,0
trace-driven,trace,report_locality_heavy,SecondChance,GlobalAllocation,6,0,0,0.004,0.0056,1.4,2,,,
trace-driven,trace,report_locality_heavy,SecondChance,GlobalAllocation,6,0,1,0.0038,0.0059,1.5526315789473684,2,,,
trace-driven,trace,report_locality_heavy,SecondChance,GlobalAllocation,6,1,0,0.0037,0.0053,1.4324324324324325,2,,,
trace-driven,trace,report_locality_heavy,SecondChance,GlobalAllocation,6,1,1,0.0036,0.0054,1.5,2,,,
trace-driven,trace,report_locality_heavy,SecondChance,GlobalAllocation,6,2,0,0.0035,0.0043,1.2285714285714286,2,,,
trace-driven,trace,report_locality_heavy,SecondChance,GlobalAllocation,6,2,1,0.0036,0.0051,1.4166666666666667,2,,,
trace-driven,trace,report_locality_heavy,SecondChance,GlobalAllocation,6,3,0,0.0033,0.0056,1.696969696969697,2,,,
trace-driven,trace,report_locality_heavy,SecondChance,GlobalAllocation,6,3,1,0.0032,0.0051,1.59375,2,,,
trace-driven,trace,report_locality_heavy,SecondChance,GlobalAllocation,6,4,0,0.0032,0.0041,1.28125,2,,,
trace-driven,trace,report_locality_heavy,SecondChance,GlobalAllocation,6,4,1,0.0032,0.0042,1.3125,2,,,
trace-driven,trace,report_locality_heavy,SecondChance,GlobalAllocation,6,5,0,0.0033,0.0043,1.303030303030303,2,,,
trace-driven,trace,report_locality_heavy,SecondChance,GlobalAllocation,6,5,1,0.0032,0.0043,1.34375,2,,,
trace-driven,trace,report_locality_heavy,SecondChance,GlobalAllocation,6,6,0,0.0034,0.004,1.1764705882352942,2,,,
trace-driven,trace,report_locality_heavy,SecondChance,GlobalAllocation,6,6,1,0.0033,0.0042,1.2727272727272727,2,,,
trace-driven,trace,report_locality_heavy,SecondChance,GlobalAllocation,6,7,0,0.0032,0.0041,1.28125,2,,,
trace-driven,trace,report_locality_heavy,SecondChance,GlobalAllocation,6,7,1,0.0034,0.0044,1.2941176470588236,2,,,
trace-driven,trace,report_locality_heavy,SecondChance,GlobalAllocation,6,8,0,0.0032,0.0038,1.1875,2,,,
trace-driven,trace,report_locality_heavy,SecondChance,GlobalAllocation,6,8,1,0.0032,0.0044,1.375,2,,,
trace-driven,trace,report_locality_heavy,SecondChance,GlobalAllocation,6,9,0,0.003,0.004,1.3333333333333333,2,,,
trace-driven,trace,report_locality_heavy,SecondChance,GlobalAllocation,6,9,1,0.0031,0.0045,1.4516129032258065,2,,,
trace-driven,trace,report_locality_heavy,SecondChance,LocalAllocation,6,0,0,0.0034,0.0041,1.2058823529411764,2,0,2,0
trace-driven,trace,report_locality_heavy,SecondChance,LocalAllocation,6,0,1,0.0031,0.0035,1.1290322580645162,2,0,2,0
trace-driven,trace,report_locality_heavy,SecondChance,LocalAllocation,6,1,0,0.0031,0.005,1.6129032258064515,2,0,2,0
trace-driven,trace,report_locality_heavy,SecondChance,LocalAllocation,6,1,1,0.003,0.0032,1.0666666666666667,2,0,2,0
trace-driven,trace,report_locality_heavy,SecondChance,LocalAllocation,6,2,0,0.0031,0.0035,1.1290322580645162,2,0,2,0
trace-driven,trace,report_locality_heavy,SecondChance,LocalAllocation,6,2,1,0.0029,0.003,1.0344827586206897,2,0,2,0
trace-driven,trace,report_locality_heavy,SecondChance,LocalAllocation,6,3,0,0.003,0.0034,1.1333333333333333,2,0,2,0
trace-driven,trace,report_locality_heavy,SecondChance,LocalAllocation,6,3,1,0.003,0.003,1.0,2,0,2,0
trace-driven,trace,report_locality_heavy,SecondChance,LocalAllocation,6,4,0,0.003,0.0033,1.1,2,0,2,0
trace-driven,trace,report_locality_heavy,SecondChance,LocalAllocation,6,4,1,0.0029,0.0027,0.9310344827586207,2,0,2,0
trace-driven,trace,report_locality_heavy,SecondChance,LocalAllocation,6,5,0,0.003,0.0034,1.1333333333333333,2,0,2,0
trace-driven,trace,report_locality_heavy,SecondChance,LocalAllocation,6,5,1,0.0031,0.0028,0.9032258064516129,2,0,2,0
trace-driven,trace,report_locality_heavy,SecondChance,LocalAllocation,6,6,0,0.003,0.0033,1.1,2,0,2,0
trace-driven,trace,report_locality_heavy,SecondChance,LocalAllocation,6,6,1,0.0031,0.0032,1.032258064516129,2,0,2,0
trace-driven,trace,report_locality_heavy,SecondChance,LocalAllocation,6,7,0,0.0029,0.0033,1.1379310344827587,2,0,2,0
trace-driven,trace,report_locality_heavy,SecondChance,LocalAllocation,6,7,1,0.0029,0.0029,1.0,2,0,2,0
trace-driven,trace,report_locality_heavy,SecondChance,LocalAllocation,6,8,0,0.0029,0.0029,1.0,2,0,2,0
trace-driven,trace,report_locality_heavy,SecondChance,LocalAllocation,6,8,1,0.003,0.0029,0.9666666666666667,2,0,2,0
trace-driven,trace,report_locality_heavy,SecondChance,LocalAllocation,6,9,0,0.0042,0.004,0.9523809523809523,2,0,2,0
trace-driven,trace,report_locality_heavy,SecondChance,LocalAllocation,6,9,1,0.0034,0.003,0.8823529411764706,2,0,2,0
trace-driven,trace,report_locality_heavy,SecondChance,ProportionalAllocation,6,0,0,0.0031,0.0041,1.3225806451612903,2,0,2,0
trace-driven,trace,report_locality_heavy,SecondChance,ProportionalAllocation,6,0,1,0.0031,0.0033,1.064516129032258,2,0,2,0
trace-driven,trace,report_locality_heavy,SecondChance,ProportionalAllocation,6,1,0,0.0031,0.004,1.2903225806451613,2,0,2,0
trace-driven,trace,report_locality_heavy,SecondChance,ProportionalAllocation,6,1,1,0.003,0.0033,1.1,2,0,2,0
trace-driven,trace,report_locality_heavy,SecondChance,ProportionalAllocation,6,2,0,0.0032,0.0034,1.0625,2,0,2,0
trace-driven,trace,report_locality_heavy,SecondChance,ProportionalAllocation,6,2,1,0.003,0.0029,0.9666666666666667,2,0,2,0
trace-driven,trace,report_locality_heavy,SecondChance,ProportionalAllocation,6,3,0,0.003,0.0035,1.1666666666666667,2,0,2,0
trace-driven,trace,report_locality_heavy,SecondChance,ProportionalAllocation,6,3,1,0.0029,0.0029,1.0,2,0,2,0
trace-driven,trace,report_locality_heavy,SecondChance,ProportionalAllocation,6,4,0,0.0031,0.0034,1.096774193548387,2,0,2,0
trace-driven,trace,report_locality_heavy,SecondChance,ProportionalAllocation,6,4,1,0.003,0.0028,0.9333333333333333,2,0,2,0
trace-driven,trace,report_locality_heavy,SecondChance,ProportionalAllocation,6,5,0,0.0029,0.0033,1.1379310344827587,2,0,2,0
trace-driven,trace,report_locality_heavy,SecondChance,ProportionalAllocation,6,5,1,0.0029,0.0027,0.9310344827586207,2,0,2,0
trace-driven,trace,report_locality_heavy,SecondChance,ProportionalAllocation,6,6,0,0.003,0.004,1.3333333333333333,2,0,2,0
trace-driven,trace,report_locality_heavy,SecondChance,ProportionalAllocation,6,6,1,0.0029,0.0034,1.1724137931034482,2,0,2,0
trace-driven,trace,report_locality_heavy,SecondChance,ProportionalAllocation,6,7,0,0.003,0.0034,1.1333333333333333,2,0,2,0
trace-driven,trace,report_locality_heavy,SecondChance,ProportionalAllocation,6,7,1,0.003,0.0029,0.9666666666666667,2,0,2,0
trace-driven,trace,report_locality_heavy,SecondChance,ProportionalAllocation,6,8,0,0.003,0.0031,1.0333333333333334,2,0,2,0
trace-driven,trace,report_locality_heavy,SecondChance,ProportionalAllocation,6,8,1,0.003,0.0032,1.0666666666666667,2,0,2,0
trace-driven,trace,report_locality_heavy,SecondChance,ProportionalAllocation,6,9,0,0.0029,0.0032,1.103448275862069,2,0,2,0
trace-driven,trace,report_locality_heavy,SecondChance,ProportionalAllocation,6,9,1,0.0029,0.0027,0.9310344827586207,2,0,2,0
trace-driven,trace,report_locality_heavy,WSClock,GlobalAllocation,6,0,0,0.004,0.0058,1.45,2,,,
trace-driven,trace,report_locality_heavy,WSClock,GlobalAllocation,6,0,1,0.0037,0.0078,2.108108108108108,2,,,
trace-driven,trace,report_locality_heavy,WSClock,GlobalAllocation,6,1,0,0.0038,0.0054,1.4210526315789473,2,,,
trace-driven,trace,report_locality_heavy,WSClock,GlobalAllocation,6,1,1,0.0036,0.0051,1.4166666666666667,2,,,
trace-driven,trace,report_locality_heavy,WSClock,GlobalAllocation,6,2,0,0.0037,0.0045,1.2162162162162162,2,,,
trace-driven,trace,report_locality_heavy,WSClock,GlobalAllocation,6,2,1,0.0035,0.0047,1.3428571428571427,2,,,
trace-driven,trace,report_locality_heavy,WSClock,GlobalAllocation,6,3,0,0.0034,0.0054,1.588235294117647,2,,,
trace-driven,trace,report_locality_heavy,WSClock,GlobalAllocation,6,3,1,0.0033,0.005,1.5151515151515151,2,,,
trace-driven,trace,report_locality_heavy,WSClock,GlobalAllocation,6,4,0,0.0032,0.004,1.25,2,,,
trace-driven,trace,report_locality_heavy,WSClock,GlobalAllocation,6,4,1,0.0032,0.0046,1.4375,2,,,
trace-driven,trace,report_locality_heavy,WSClock,GlobalAllocation,6,5,0,0.0032,0.004,1.25,2,,,
trace-driven,trace,report_locality_heavy,WSClock,GlobalAllocation,6,5,1,0.0033,0.0045,1.3636363636363635,2,,,
trace-driven,trace,report_locality_heavy,WSClock,GlobalAllocation,6,6,0,0.0033,0.0042,1.2727272727272727,2,,,
trace-driven,trace,report_locality_heavy,WSClock,GlobalAllocation,6,6,1,0.0033,0.0042,1.2727272727272727,2,,,
trace-driven,trace,report_locality_heavy,WSClock,GlobalAllocation,6,7,0,0.0032,0.0041,1.28125,2,,,
trace-driven,trace,report_locality_heavy,WSClock,GlobalAllocation,6,7,1,0.0033,0.0043,1.303030303030303,2,,,
trace-driven,trace,report_locality_heavy,WSClock,GlobalAllocation,6,8,0,0.0033,0.004,1.2121212121212122,2,,,
trace-driven,trace,report_locality_heavy,WSClock,GlobalAllocation,6,8,1,0.0033,0.0046,1.393939393939394,2,,,
trace-driven,trace,report_locality_heavy,WSClock,GlobalAllocation,6,9,0,0.0031,0.0041,1.3225806451612903,2,,,
trace-driven,trace,report_locality_heavy,WSClock,GlobalAllocation,6,9,1,0.0029,0.0044,1.5172413793103448,2,,,
trace-driven,trace,report_locality_heavy,WSClock,LocalAllocation,6,0,0,0.0033,0.0043,1.303030303030303,2,0,2,0
trace-driven,trace,report_locality_heavy,WSClock,LocalAllocation,6,0,1,0.0032,0.0034,1.0625,2,0,2,0
trace-driven,trace,report_locality_heavy,WSClock,LocalAllocation,6,1,0,0.0031,0.0045,1.4516129032258065,2,0,2,0
trace-driven,trace,report_locality_heavy,WSClock,LocalAllocation,6,1,1,0.0031,0.0035,1.1290322580645162,2,0,2,0
trace-driven,trace,report_locality_heavy,WSClock,LocalAllocation,6,2,0,0.0032,0.0038,1.1875,2,0,2,0
trace-driven,trace,report_locality_heavy,WSClock,LocalAllocation,6,2,1,0.003,0.0032,1.0666666666666667,2,0,2,0
trace-driven,trace,report_locality_heavy,WSClock,LocalAllocation,6,3,0,0.003,0.0036,1.2,2,0,2,0
trace-driven,trace,report_locality_heavy,WSClock,LocalAllocation,6,3,1,0.0031,0.0034,1.096774193548387,2,0,2,0
trace-driven,trace,report_locality_heavy,WSClock,LocalAllocation,6,4,0,0.003,0.0036,1.2,2,0,2,0
trace-driven,trace,report_locality_heavy,WSClock,LocalAllocation,6,4,1,0.0031,0.0029,0.9354838709677419,2,0,2,0
trace-driven,trace,report_locality_heavy,WSClock,LocalAllocation,6,5,0,0.0029,0.0031,1.0689655172413792,2,0,2,0
trace-driven,trace,report_locality_heavy,WSClock,LocalAllocation,6,5,1,0.0031,0.003,0.967741935483871,2,0,2,0
trace-driven,trace,report_locality_heavy,WSClock,LocalAllocation,6,6,0,0.0029,0.0042,1.4482758620689655,2,0,2,0
trace-driven,trace,report_locality_heavy,WSClock,LocalAllocation,6,6,1,0.003,0.0026,0.8666666666666667,2,0,2,0
trace-driven,trace,report_locality_heavy,WSClock,LocalAllocation,6,7,0,0.003,0.0033,1.1,2,0,2,0
trace-driven,trace,report_locality_heavy,WSClock,LocalAllocation,6,7,1,0.0031,0.0031,1.0,2,0,2,0
trace-driven,trace,report_locality_heavy,WSClock,LocalAllocation,6,8,0,0.0031,0.0034,1.096774193548387,2,0,2,0
trace-driven,trace,report_locality_heavy,WSClock,LocalAllocation,6,8,1,0.003,0.0027,0.9,2,0,2,0
trace-driven,trace,report_locality_heavy,WSClock,LocalAllocation,6,9,0,0.003,0.0033,1.1,2,0,2,0
trace-driven,trace,report_locality_heavy,WSClock,LocalAllocation,6,9,1,0.0029,0.0029,1.0,2,0,2,0
trace-driven,trace,report_locality_heavy,WSClock,ProportionalAllocation,6,0,0,0.0038,0.0039,1.0263157894736843,2,0,2,0
trace-driven,trace,report_locality_heavy,WSClock,ProportionalAllocation,6,0,1,0.003,0.0032,1.0666666666666667,2,0,2,0
trace-driven,trace,report_locality_heavy,WSClock,ProportionalAllocation,6,1,0,0.003,0.0042,1.4,2,0,2,0
trace-driven,trace,report_locality_heavy,WSClock,ProportionalAllocation,6,1,1,0.0031,0.0032,1.032258064516129,2,0,2,0
trace-driven,trace,report_locality_heavy,WSClock,ProportionalAllocation,6,2,0,0.003,0.0034,1.1333333333333333,2,0,2,0
trace-driven,trace,report_locality_heavy,WSClock,ProportionalAllocation,6,2,1,0.0029,0.0031,1.0689655172413792,2,0,2,0
trace-driven,trace,report_locality_heavy,WSClock,ProportionalAllocation,6,3,0,0.003,0.0036,1.2,2,0,2,0
trace-driven,trace,report_locality_heavy,WSClock,ProportionalAllocation,6,3,1,0.0029,0.0027,0.9310344827586207,2,0,2,0
trace-driven,trace,report_locality_heavy,WSClock,ProportionalAllocation,6,4,0,0.0029,0.0033,1.1379310344827587,2,0,2,0
trace-driven,trace,report_locality_heavy,WSClock,ProportionalAllocation,6,4,1,0.003,0.0028,0.9333333333333333,2,0,2,0
trace-driven,trace,report_locality_heavy,WSClock,ProportionalAllocation,6,5,0,0.0031,0.0032,1.032258064516129,2,0,2,0
trace-driven,trace,report_locality_heavy,WSClock,ProportionalAllocation,6,5,1,0.0029,0.0029,1.0,2,0,2,0
trace-driven,trace,report_locality_heavy,WSClock,ProportionalAllocation,6,6,0,0.003,0.0034,1.1333333333333333,2,0,2,0
trace-driven,trace,report_locality_heavy,WSClock,ProportionalAllocation,6,6,1,0.0029,0.0032,1.103448275862069,2,0,2,0
trace-driven,trace,report_locality_heavy,WSClock,ProportionalAllocation,6,7,0,0.0031,0.0032,1.032258064516129,2,0,2,0
trace-driven,trace,report_locality_heavy,WSClock,ProportionalAllocation,6,7,1,0.003,0.0028,0.9333333333333333,2,0,2,0
trace-driven,trace,report_locality_heavy,WSClock,ProportionalAllocation,6,8,0,0.0031,0.0033,1.064516129032258,2,0,2,0
trace-driven,trace,report_locality_heavy,WSClock,ProportionalAllocation,6,8,1,0.0029,0.0029,1.0,2,0,2,0
trace-driven,trace,report_locality_heavy,WSClock,ProportionalAllocation,6,9,0,0.003,0.0032,1.0666666666666667,2,0,2,0
trace-driven,trace,report_locality_heavy,WSClock,ProportionalAllocation,6,9,1,0.0029,0.0028,0.9655172413793104,2,0,2,0
trace-driven,trace,report_mixed_heterogeneous,FIFO,GlobalAllocation,9,0,0,0.0039,0.0064,1.641025641025641,3,,,
trace-driven,trace,report_mixed_heterogeneous,FIFO,GlobalAllocation,9,0,1,0.0051,0.0074,1.4509803921568627,6,,,
trace-driven,trace,report_mixed_heterogeneous,FIFO,GlobalAllocation,9,0,2,0.0037,0.0043,1.162162162162162,3,,,
trace-driven,trace,report_mixed_heterogeneous,FIFO,GlobalAllocation,9,1,0,0.0032,0.005,1.5625,3,,,
trace-driven,trace,report_mixed_heterogeneous,FIFO,GlobalAllocation,9,1,1,0.0042,0.0061,1.4523809523809523,6,,,
trace-driven,trace,report_mixed_heterogeneous,FIFO,GlobalAllocation,9,1,2,0.0032,0.0037,1.15625,3,,,
trace-driven,trace,report_mixed_heterogeneous,FIFO,GlobalAllocation,9,2,0,0.0029,0.0045,1.5517241379310345,3,,,
trace-driven,trace,report_mixed_heterogeneous,FIFO,GlobalAllocation,9,2,1,0.0043,0.006,1.3953488372093024,6,,,
trace-driven,trace,report_mixed_heterogeneous,FIFO,GlobalAllocation,9,2,2,0.0031,0.0036,1.1612903225806452,3,,,
trace-driven,trace,report_mixed_heterogeneous,FIFO,GlobalAllocation,9,3,0,0.0029,0.0041,1.4137931034482758,3,,,
trace-driven,trace,report_mixed_heterogeneous,FIFO,GlobalAllocation,9,3,1,0.0041,0.0053,1.2926829268292683,6,,,
trace-driven,trace,report_mixed_heterogeneous,FIFO,GlobalAllocation,9,3,2,0.0031,0.0034,1.096774193548387,3,,,
trace-driven,trace,report_mixed_heterogeneous,FIFO,GlobalAllocation,9,4,0,0.0031,0.0039,1.2580645161290323,3,,,
trace-driven,trace,report_mixed_heterogeneous,FIFO,GlobalAllocation,9,4,1,0.0041,0.005,1.2195121951219512,6,,,
trace-driven,trace,report_mixed_heterogeneous,FIFO,GlobalAllocation,9,4,2,0.0031,0.0035,1.1290322580645162,3,,,
trace-driven,trace,report_mixed_heterogeneous,FIFO,GlobalAllocation,9,5,0,0.003,0.0043,1.4333333333333333,3,,,
trace-driven,trace,report_mixed_heterogeneous,FIFO,GlobalAllocation,9,5,1,0.0041,0.0053,1.2926829268292683,6,,,
trace-driven,trace,report_mixed_heterogeneous,FIFO,GlobalAllocation,9,5,2,0.003,0.0037,1.2333333333333334,3,,,
trace-driven,trace,report_mixed_heterogeneous,FIFO,GlobalAllocation,9,6,0,0.003,0.0041,1.3666666666666667,3,,,
trace-driven,trace,report_mixed_heterogeneous,FIFO,GlobalAllocation,9,6,1,0.004,0.0051,1.275,6,,,
trace-driven,trace,report_mixed_heterogeneous,FIFO,GlobalAllocation,9,6,2,0.0028,0.0034,1.2142857142857142,3,,,
trace-driven,trace,report_mixed_heterogeneous,FIFO,GlobalAllocation,9,7,0,0.0027,0.0039,1.4444444444444444,3,,,
trace-driven,trace,report_mixed_heterogeneous,FIFO,GlobalAllocation,9,7,1,0.0038,0.0051,1.3421052631578947,6,,,
trace-driven,trace,report_mixed_heterogeneous,FIFO,GlobalAllocation,9,7,2,0.0029,0.0035,1.206896551724138,3,,,
trace-driven,trace,report_mixed_heterogeneous,FIFO,GlobalAllocation,9,8,0,0.0026,0.0041,1.5769230769230769,3,,,
trace-driven,trace,report_mixed_heterogeneous,FIFO,GlobalAllocation,9,8,1,0.0043,0.0052,1.2093023255813953,6,,,
trace-driven,trace,report_mixed_heterogeneous,FIFO,GlobalAllocation,9,8,2,0.0028,0.0034,1.2142857142857142,3,,,
trace-driven,trace,report_mixed_heterogeneous,FIFO,GlobalAllocation,9,9,0,0.0028,0.0039,1.3928571428571428,3,,,
trace-driven,trace,report_mixed_heterogeneous,FIFO,GlobalAllocation,9,9,1,0.0038,0.0054,1.4210526315789473,6,,,
trace-driven,trace,report_mixed_heterogeneous,FIFO,GlobalAllocation,9,9,2,0.003,0.0035,1.1666666666666667,3,,,
trace-driven,trace,report_mixed_heterogeneous,FIFO,LocalAllocation,9,0,0,0.0029,0.0035,1.206896551724138,2,0,2,0
trace-driven,trace,report_mixed_heterogeneous,FIFO,LocalAllocation,9,0,1,0.0041,0.0053,1.2926829268292683,6,3,6,0
trace-driven,trace,report_mixed_heterogeneous,FIFO,LocalAllocation,9,0,2,0.0029,0.0032,1.103448275862069,3,0,3,0
trace-driven,trace,report_mixed_heterogeneous,FIFO,LocalAllocation,9,1,0,0.0028,0.0027,0.9642857142857143,2,0,2,0
trace-driven,trace,report_mixed_heterogeneous,FIFO,LocalAllocation,9,1,1,0.0038,0.0045,1.1842105263157894,6,3,6,0
trace-driven,trace,report_mixed_heterogeneous,FIFO,LocalAllocation,9,1,2,0.0045,0.0027,0.6,3,0,3,0
trace-driven,trace,report_mixed_heterogeneous,FIFO,LocalAllocation,9,2,0,0.0025,0.0027,1.08,2,0,2,0
trace-driven,trace,report_mixed_heterogeneous,FIFO,LocalAllocation,9,2,1,0.0037,0.0045,1.2162162162162162,6,3,6,0
trace-driven,trace,report_mixed_heterogeneous,FIFO,LocalAllocation,9,2,2,0.0029,0.0026,0.896551724137931,3,0,3,0
trace-driven,trace,report_mixed_heterogeneous,FIFO,LocalAllocation,9,3,0,0.0028,0.0025,0.8928571428571429,2,0,2,0
trace-driven,trace,report_mixed_heterogeneous,FIFO,LocalAllocation,9,3,1,0.0044,0.0041,0.9318181818181818,6,3,6,0
trace-driven,trace,report_mixed_heterogeneous,FIFO,LocalAllocation,9,3,2,0.0028,0.0023,0.8214285714285714,3,0,3,0
trace-driven,trace,report_mixed_heterogeneous,FIFO,LocalAllocation,9,4,0,0.0026,0.0024,0.9230769230769231,2,0,2,0
trace-driven,trace,report_mixed_heterogeneous,FIFO,LocalAllocation,9,4,1,0.0038,0.0042,1.105263157894737,6,3,6,0
trace-driven,trace,report_mixed_heterogeneous,FIFO,LocalAllocation,9,4,2,0.0029,0.0022,0.7586206896551724,3,0,3,0
trace-driven,trace,report_mixed_heterogeneous,FIFO,LocalAllocation,9,5,0,0.0027,0.0024,0.8888888888888888,2,0,2,0
trace-driven,trace,report_mixed_heterogeneous,FIFO,LocalAllocation,9,5,1,0.0036,0.004,1.1111111111111112,6,3,6,0
trace-driven,trace,report_mixed_heterogeneous,FIFO,LocalAllocation,9,5,2,0.003,0.0023,0.7666666666666667,3,0,3,0
trace-driven,trace,report_mixed_heterogeneous,FIFO,LocalAllocation,9,6,0,0.0025,0.0028,1.12,2,0,2,0
trace-driven,trace,report_mixed_heterogeneous,FIFO,LocalAllocation,9,6,1,0.0038,0.0042,1.105263157894737,6,3,6,0
trace-driven,trace,report_mixed_heterogeneous,FIFO,LocalAllocation,9,6,2,0.0027,0.0024,0.8888888888888888,3,0,3,0
trace-driven,trace,report_mixed_heterogeneous,FIFO,LocalAllocation,9,7,0,0.0026,0.0024,0.9230769230769231,2,0,2,0
trace-driven,trace,report_mixed_heterogeneous,FIFO,LocalAllocation,9,7,1,0.0038,0.004,1.0526315789473684,6,3,6,0
trace-driven,trace,report_mixed_heterogeneous,FIFO,LocalAllocation,9,7,2,0.003,0.0024,0.8,3,0,3,0
trace-driven,trace,report_mixed_heterogeneous,FIFO,LocalAllocation,9,8,0,0.0037,0.0024,0.6486486486486487,2,0,2,0
trace-driven,trace,report_mixed_heterogeneous,FIFO,LocalAllocation,9,8,1,0.0037,0.0041,1.1081081081081081,6,3,6,0
trace-driven,trace,report_mixed_heterogeneous,FIFO,LocalAllocation,9,8,2,0.0029,0.0023,0.7931034482758621,3,0,3,0
trace-driven,trace,report_mixed_heterogeneous,FIFO,LocalAllocation,9,9,0,0.0026,0.0026,1.0,2,0,2,0
trace-driven,trace,report_mixed_heterogeneous,FIFO,LocalAllocation,9,9,1,0.0039,0.0045,1.1538461538461537,6,3,6,0
trace-driven,trace,report_mixed_heterogeneous,FIFO,LocalAllocation,9,9,2,0.0032,0.0026,0.8125,3,0,3,0
trace-driven,trace,report_mixed_heterogeneous,FIFO,ProportionalAllocation,9,0,0,0.0027,0.0032,1.1851851851851851,2,0,2,0
trace-driven,trace,report_mixed_heterogeneous,FIFO,ProportionalAllocation,9,0,1,0.0038,0.0041,1.0789473684210527,6,1,6,0
trace-driven,trace,report_mixed_heterogeneous,FIFO,ProportionalAllocation,9,0,2,0.0031,0.0043,1.3870967741935485,5,3,5,1
trace-driven,trace,report_mixed_heterogeneous,FIFO,ProportionalAllocation,9,1,0,0.0027,0.0032,1.1851851851851851,2,0,2,0
trace-driven,trace,report_mixed_heterogeneous,FIFO,ProportionalAllocation,9,1,1,0.0038,0.0043,1.131578947368421,6,1,6,0
trace-driven,trace,report_mixed_heterogeneous,FIFO,ProportionalAllocation,9,1,2,0.0028,0.0043,1.5357142857142858,5,3,5,1
trace-driven,trace,report_mixed_heterogeneous,FIFO,ProportionalAllocation,9,2,0,0.0028,0.0024,0.8571428571428571,2,0,2,0
trace-driven,trace,report_mixed_heterogeneous,FIFO,ProportionalAllocation,9,2,1,0.0036,0.0038,1.0555555555555556,6,1,6,0
trace-driven,trace,report_mixed_heterogeneous,FIFO,ProportionalAllocation,9,2,2,0.0029,0.0038,1.3103448275862069,5,3,5,1
trace-driven,trace,report_mixed_heterogeneous,FIFO,ProportionalAllocation,9,3,0,0.0027,0.0026,0.9629629629629629,2,0,2,0
trace-driven,trace,report_mixed_heterogeneous,FIFO,ProportionalAllocation,9,3,1,0.0038,0.0039,1.0263157894736843,6,1,6,0
trace-driven,trace,report_mixed_heterogeneous,FIFO,ProportionalAllocation,9,3,2,0.0028,0.0037,1.3214285714285714,5,3,5,1
trace-driven,trace,report_mixed_heterogeneous,FIFO,ProportionalAllocation,9,4,0,0.0026,0.0023,0.8846153846153846,2,0,2,0
trace-driven,trace,report_mixed_heterogeneous,FIFO,ProportionalAllocation,9,4,1,0.0039,0.0036,0.9230769230769231,6,1,6,0
trace-driven,trace,report_mixed_heterogeneous,FIFO,ProportionalAllocation,9,4,2,0.0028,0.0037,1.3214285714285714,5,3,5,1
trace-driven,trace,report_mixed_heterogeneous,FIFO,ProportionalAllocation,9,5,0,0.0026,0.0025,0.9615384615384616,2,0,2,0
trace-driven,trace,report_mixed_heterogeneous,FIFO,ProportionalAllocation,9,5,1,0.0038,0.0037,0.9736842105263158,6,1,6,0
trace-driven,trace,report_mixed_heterogeneous,FIFO,ProportionalAllocation,9,5,2,0.0028,0.0036,1.2857142857142858,5,3,5,1
trace-driven,trace,report_mixed_heterogeneous,FIFO,ProportionalAllocation,9,6,0,0.0026,0.0024,0.9230769230769231,2,0,2,0
trace-driven,trace,report_mixed_heterogeneous,FIFO,ProportionalAllocation,9,6,1,0.0039,0.0039,1.0,6,1,6,0
trace-driven,trace,report_mixed_heterogeneous,FIFO,ProportionalAllocation,9,6,2,0.0031,0.0038,1.2258064516129032,5,3,5,1
trace-driven,trace,report_mixed_heterogeneous,FIFO,ProportionalAllocation,9,7,0,0.0026,0.0025,0.9615384615384616,2,0,2,0
trace-driven,trace,report_mixed_heterogeneous,FIFO,ProportionalAllocation,9,7,1,0.0038,0.0036,0.9473684210526315,6,1,6,0
trace-driven,trace,report_mixed_heterogeneous,FIFO,ProportionalAllocation,9,7,2,0.003,0.0038,1.2666666666666666,5,3,5,1
trace-driven,trace,report_mixed_heterogeneous,FIFO,ProportionalAllocation,9,8,0,0.0026,0.0026,1.0,2,0,2,0
trace-driven,trace,report_mixed_heterogeneous,FIFO,ProportionalAllocation,9,8,1,0.0038,0.0035,0.9210526315789473,6,1,6,0
trace-driven,trace,report_mixed_heterogeneous,FIFO,ProportionalAllocation,9,8,2,0.0029,0.0038,1.3103448275862069,5,3,5,1
trace-driven,trace,report_mixed_heterogeneous,FIFO,ProportionalAllocation,9,9,0,0.0026,0.0025,0.9615384615384616,2,0,2,0
trace-driven,trace,report_mixed_heterogeneous,FIFO,ProportionalAllocation,9,9,1,0.0037,0.0037,1.0,6,1,6,0
trace-driven,trace,report_mixed_heterogeneous,FIFO,ProportionalAllocation,9,9,2,0.0027,0.0039,1.4444444444444444,5,3,5,1
trace-driven,trace,report_mixed_heterogeneous,LRU,GlobalAllocation,9,0,0,0.004,0.0057,1.425,2,,,
trace-driven,trace,report_mixed_heterogeneous,LRU,GlobalAllocation,9,0,1,0.0054,0.0091,1.6851851851851851,6,,,
trace-driven,trace,report_mixed_heterogeneous,LRU,GlobalAllocation,9,0,2,0.0039,0.0048,1.2307692307692308,3,,,
trace-driven,trace,report_mixed_heterogeneous,LRU,GlobalAllocation,9,1,0,0.0034,0.0048,1.411764705882353,2,,,
trace-driven,trace,report_mixed_heterogeneous,LRU,GlobalAllocation,9,1,1,0.0044,0.0071,1.6136363636363635,6,,,
trace-driven,trace,report_mixed_heterogeneous,LRU,GlobalAllocation,9,1,2,0.0033,0.0043,1.303030303030303,3,,,
trace-driven,trace,report_mixed_heterogeneous,LRU,GlobalAllocation,9,2,0,0.0031,0.0041,1.3225806451612903,2,,,
trace-driven,trace,report_mixed_heterogeneous,LRU,GlobalAllocation,9,2,1,0.0041,0.007,1.7073170731707317,6,,,
trace-driven,trace,report_mixed_heterogeneous,LRU,GlobalAllocation,9,2,2,0.0035,0.0042,1.2,3,,,
trace-driven,trace,report_mixed_heterogeneous,LRU,GlobalAllocation,9,3,0,0.0032,0.004,1.25,2,,,
trace-driven,trace,report_mixed_heterogeneous,LRU,GlobalAllocation,9,3,1,0.0042,0.0065,1.5476190476190477,6,,,
trace-driven,trace,report_mixed_heterogeneous,LRU,GlobalAllocation,9,3,2,0.0033,0.004,1.2121212121212122,3,,,
trace-driven,trace,report_mixed_heterogeneous,LRU,GlobalAllocation,9,4,0,0.0032,0.0038,1.1875,2,,,
trace-driven,trace,report_mixed_heterogeneous,LRU,GlobalAllocation,9,4,1,0.0044,0.0065,1.4772727272727273,6,,,
trace-driven,trace,report_mixed_heterogeneous,LRU,GlobalAllocation,9,4,2,0.0032,0.004,1.25,3,,,
trace-driven,trace,report_mixed_heterogeneous,LRU,GlobalAllocation,9,5,0,0.0032,0.0041,1.28125,2,,,
trace-driven,trace,report_mixed_heterogeneous,LRU,GlobalAllocation,9,5,1,0.0041,0.0063,1.5365853658536586,6,,,
trace-driven,trace,report_mixed_heterogeneous,LRU,GlobalAllocation,9,5,2,0.0033,0.0038,1.1515151515151516,3,,,
trace-driven,trace,report_mixed_heterogeneous,LRU,GlobalAllocation,9,6,0,0.0031,0.004,1.2903225806451613,2,,,
trace-driven,trace,report_mixed_heterogeneous,LRU,GlobalAllocation,9,6,1,0.0042,0.0064,1.5238095238095237,6,,,
trace-driven,trace,report_mixed_heterogeneous,LRU,GlobalAllocation,9,6,2,0.0032,0.0038,1.1875,3,,,
trace-driven,trace,report_mixed_heterogeneous,LRU,GlobalAllocation,9,7,0,0.003,0.0038,1.2666666666666666,2,,,
trace-driven,trace,report_mixed_heterogeneous,LRU,GlobalAllocation,9,7,1,0.0042,0.0068,1.619047619047619,6,,,
trace-driven,trace,report_mixed_heterogeneous,LRU,GlobalAllocation,9,7,2,0.0032,0.004,1.25,3,,,
trace-driven,trace,report_mixed_heterogeneous,LRU,GlobalAllocation,9,8,0,0.0031,0.0041,1.3225806451612903,2,,,
trace-driven,trace,report_mixed_heterogeneous,LRU,GlobalAllocation,9,8,1,0.004,0.0064,1.6,6,,,
trace-driven,trace,report_mixed_heterogeneous,LRU,GlobalAllocation,9,8,2,0.0032,0.0039,1.21875,3,,,
trace-driven,trace,report_mixed_heterogeneous,LRU,GlobalAllocation,9,9,0,0.0032,0.0043,1.34375,2,,,
trace-driven,trace,report_mixed_heterogeneous,LRU,GlobalAllocation,9,9,1,0.004,0.0073,1.825,6,,,
trace-driven,trace,report_mixed_heterogeneous,LRU,GlobalAllocation,9,9,2,0.0034,0.0044,1.2941176470588236,3,,,
trace-driven,trace,report_mixed_heterogeneous,LRU,LocalAllocation,9,0,0,0.0032,0.0038,1.1875,2,0,2,0
trace-driven,trace,report_mixed_heterogeneous,LRU,LocalAllocation,9,0,1,0.0045,0.006,1.3333333333333333,6,3,6,0
trace-driven,trace,report_mixed_heterogeneous,LRU,LocalAllocation,9,0,2,0.0032,0.003,0.9375,3,0,3,0
trace-driven,trace,report_mixed_heterogeneous,LRU,LocalAllocation,9,1,0,0.003,0.0032,1.0666666666666667,2,0,2,0
trace-driven,trace,report_mixed_heterogeneous,LRU,LocalAllocation,9,1,1,0.0043,0.0055,1.2790697674418605,6,3,6,0
trace-driven,trace,report_mixed_heterogeneous,LRU,LocalAllocation,9,1,2,0.0032,0.003,0.9375,3,0,3,0
trace-driven,trace,report_mixed_heterogeneous,LRU,LocalAllocation,9,2,0,0.003,0.0029,0.9666666666666667,2,0,2,0
trace-driven,trace,report_mixed_heterogeneous,LRU,LocalAllocation,9,2,1,0.0039,0.0051,1.3076923076923077,6,3,6,0
trace-driven,trace,report_mixed_heterogeneous,LRU,LocalAllocation,9,2,2,0.0032,0.0029,0.90625,3,0,3,0
trace-driven,trace,report_mixed_heterogeneous,LRU,LocalAllocation,9,3,0,0.003,0.003,1.0,2,0,2,0
trace-driven,trace,report_mixed_heterogeneous,LRU,LocalAllocation,9,3,1,0.0037,0.0048,1.2972972972972974,6,3,6,0
trace-driven,trace,report_mixed_heterogeneous,LRU,LocalAllocation,9,3,2,0.0031,0.0029,0.9354838709677419,3,0,3,0
trace-driven,trace,report_mixed_heterogeneous,LRU,LocalAllocation,9,4,0,0.0029,0.0029,1.0,2,0,2,0
trace-driven,trace,report_mixed_heterogeneous,LRU,LocalAllocation,9,4,1,0.004,0.0048,1.2,6,3,6,0
trace-driven,trace,report_mixed_heterogeneous,LRU,LocalAllocation,9,4,2,0.0031,0.0029,0.9354838709677419,3,0,3,0
trace-driven,trace,report_mixed_heterogeneous,LRU,LocalAllocation,9,5,0,0.003,0.0028,0.9333333333333333,2,0,2,0
trace-driven,trace,report_mixed_heterogeneous,LRU,LocalAllocation,9,5,1,0.0038,0.0049,1.2894736842105263,6,3,6,0
trace-driven,trace,report_mixed_heterogeneous,LRU,LocalAllocation,9,5,2,0.0031,0.0028,0.9032258064516129,3,0,3,0
trace-driven,trace,report_mixed_heterogeneous,LRU,LocalAllocation,9,6,0,0.0029,0.003,1.0344827586206897,2,0,2,0
trace-driven,trace,report_mixed_heterogeneous,LRU,LocalAllocation,9,6,1,0.0039,0.0047,1.205128205128205,6,3,6,0
trace-driven,trace,report_mixed_heterogeneous,LRU,LocalAllocation,9,6,2,0.0031,0.0027,0.8709677419354839,3,0,3,0
trace-driven,trace,report_mixed_heterogeneous,LRU,LocalAllocation,9,7,0,0.0029,0.0029,1.0,2,0,2,0
trace-driven,trace,report_mixed_heterogeneous,LRU,LocalAllocation,9,7,1,0.0037,0.0047,1.2702702702702702,6,3,6,0
trace-driven,trace,report_mixed_heterogeneous,LRU,LocalAllocation,9,7,2,0.0032,0.0025,0.78125,3,0,3,0
trace-driven,trace,report_mixed_heterogeneous,LRU,LocalAllocation,9,8,0,0.0029,0.0027,0.9310344827586207,2,0,2,0
trace-driven,trace,report_mixed_heterogeneous,LRU,LocalAllocation,9,8,1,0.0038,0.0046,1.2105263157894737,6,3,6,0
trace-driven,trace,report_mixed_heterogeneous,LRU,LocalAllocation,9,8,2,0.0031,0.0027,0.8709677419354839,3,0,3,0
trace-driven,trace,report_mixed_heterogeneous,LRU,LocalAllocation,9,9,0,0.003,0.0029,0.9666666666666667,2,0,2,0
trace-driven,trace,report_mixed_heterogeneous,LRU,LocalAllocation,9,9,1,0.0039,0.005,1.2820512820512822,6,3,6,0
trace-driven,trace,report_mixed_heterogeneous,LRU,LocalAllocation,9,9,2,0.0031,0.0027,0.8709677419354839,3,0,3,0
trace-driven,trace,report_mixed_heterogeneous,LRU,ProportionalAllocation,9,0,0,0.003,0.0038,1.2666666666666666,2,0,2,0
trace-driven,trace,report_mixed_heterogeneous,LRU,ProportionalAllocation,9,0,1,0.004,0.0044,1.1,6,1,6,0
trace-driven,trace,report_mixed_heterogeneous,LRU,ProportionalAllocation,9,0,2,0.003,0.0044,1.4666666666666666,4,2,4,0
trace-driven,trace,report_mixed_heterogeneous,LRU,ProportionalAllocation,9,1,0,0.0029,0.0032,1.103448275862069,2,0,2,0
trace-driven,trace,report_mixed_heterogeneous,LRU,ProportionalAllocation,9,1,1,0.004,0.0042,1.05,6,1,6,0
trace-driven,trace,report_mixed_heterogeneous,LRU,ProportionalAllocation,9,1,2,0.0032,0.0042,1.3125,4,2,4,0
trace-driven,trace,report_mixed_heterogeneous,LRU,ProportionalAllocation,9,2,0,0.0028,0.0033,1.1785714285714286,2,0,2,0
trace-driven,trace,report_mixed_heterogeneous,LRU,ProportionalAllocation,9,2,1,0.004,0.0044,1.1,6,1,6,0
trace-driven,trace,report_mixed_heterogeneous,LRU,ProportionalAllocation,9,2,2,0.0031,0.0041,1.3225806451612903,4,2,4,0
trace-driven,trace,report_mixed_heterogeneous,LRU,ProportionalAllocation,9,3,0,0.003,0.0032,1.0666666666666667,2,0,2,0
trace-driven,trace,report_mixed_heterogeneous,LRU,ProportionalAllocation,9,3,1,0.0039,0.0041,1.0512820512820513,6,1,6,0
trace-driven,trace,report_mixed_heterogeneous,LRU,ProportionalAllocation,9,3,2,0.0031,0.0039,1.2580645161290323,4,2,4,0
trace-driven,trace,report_mixed_heterogeneous,LRU,ProportionalAllocation,9,4,0,0.0029,0.0027,0.9310344827586207,2,0,2,0
trace-driven,trace,report_mixed_heterogeneous,LRU,ProportionalAllocation,9,4,1,0.0039,0.0044,1.1282051282051282,6,1,6,0
trace-driven,trace,report_mixed_heterogeneous,LRU,ProportionalAllocation,9,4,2,0.0032,0.0036,1.125,4,2,4,0
trace-driven,trace,report_mixed_heterogeneous,LRU,ProportionalAllocation,9,5,0,0.0028,0.0027,0.9642857142857143,2,0,2,0
trace-driven,trace,report_mixed_heterogeneous,LRU,ProportionalAllocation,9,5,1,0.0039,0.0039,1.0,6,1,6,0
trace-driven,trace,report_mixed_heterogeneous,LRU,ProportionalAllocation,9,5,2,0.0031,0.004,1.2903225806451613,4,2,4,0
trace-driven,trace,report_mixed_heterogeneous,LRU,ProportionalAllocation,9,6,0,0.003,0.0027,0.9,2,0,2,0
trace-driven,trace,report_mixed_heterogeneous,LRU,ProportionalAllocation,9,6,1,0.0037,0.0042,1.135135135135135,6,1,6,0
trace-driven,trace,report_mixed_heterogeneous,LRU,ProportionalAllocation,9,6,2,0.003,0.0037,1.2333333333333334,4,2,4,0
trace-driven,trace,report_mixed_heterogeneous,LRU,ProportionalAllocation,9,7,0,0.003,0.0027,0.9,2,0,2,0
trace-driven,trace,report_mixed_heterogeneous,LRU,ProportionalAllocation,9,7,1,0.0039,0.0041,1.0512820512820513,6,1,6,0
trace-driven,trace,report_mixed_heterogeneous,LRU,ProportionalAllocation,9,7,2,0.0031,0.0037,1.1935483870967742,4,2,4,0
trace-driven,trace,report_mixed_heterogeneous,LRU,ProportionalAllocation,9,8,0,0.0033,0.003,0.9090909090909091,2,0,2,0
trace-driven,trace,report_mixed_heterogeneous,LRU,ProportionalAllocation,9,8,1,0.0041,0.0041,1.0,6,1,6,0
trace-driven,trace,report_mixed_heterogeneous,LRU,ProportionalAllocation,9,8,2,0.0033,0.0036,1.0909090909090908,4,2,4,0
trace-driven,trace,report_mixed_heterogeneous,LRU,ProportionalAllocation,9,9,0,0.0029,0.0029,1.0,2,0,2,0
trace-driven,trace,report_mixed_heterogeneous,LRU,ProportionalAllocation,9,9,1,0.0038,0.0039,1.0263157894736843,6,1,6,0
trace-driven,trace,report_mixed_heterogeneous,LRU,ProportionalAllocation,9,9,2,0.0031,0.0038,1.2258064516129032,4,2,4,0
trace-driven,trace,report_mixed_heterogeneous,NRU,GlobalAllocation,9,0,0,0.0038,0.0052,1.368421052631579,2,,,
trace-driven,trace,report_mixed_heterogeneous,NRU,GlobalAllocation,9,0,1,0.0049,0.0109,2.2244897959183674,6,,,
trace-driven,trace,report_mixed_heterogeneous,NRU,GlobalAllocation,9,0,2,0.0035,0.0046,1.3142857142857143,3,,,
trace-driven,trace,report_mixed_heterogeneous,NRU,GlobalAllocation,9,1,0,0.0035,0.0045,1.2857142857142858,2,,,
trace-driven,trace,report_mixed_heterogeneous,NRU,GlobalAllocation,9,1,1,0.0039,0.0097,2.4871794871794872,6,,,
trace-driven,trace,report_mixed_heterogeneous,NRU,GlobalAllocation,9,1,2,0.0032,0.0042,1.3125,3,,,
trace-driven,trace,report_mixed_heterogeneous,NRU,GlobalAllocation,9,2,0,0.003,0.0046,1.5333333333333334,2,,,
trace-driven,trace,report_mixed_heterogeneous,NRU,GlobalAllocation,9,2,1,0.0039,0.011,2.8205128205128207,6,,,
trace-driven,trace,report_mixed_heterogeneous,NRU,GlobalAllocation,9,2,2,0.0032,0.0041,1.28125,3,,,
trace-driven,trace,report_mixed_heterogeneous,NRU,GlobalAllocation,9,3,0,0.0032,0.0041,1.28125,2,,,
trace-driven,trace,report_mixed_heterogeneous,NRU,GlobalAllocation,9,3,1,0.0039,0.0088,2.2564102564102564,6,,,
trace-driven,trace,report_mixed_heterogeneous,NRU,GlobalAllocation,9,3,2,0.0031,0.0037,1.1935483870967742,3,,,
trace-driven,trace,report_mixed_heterogeneous,NRU,GlobalAllocation,9,4,0,0.003,0.0038,1.2666666666666666,2,,,
trace-driven,trace,report_mixed_heterogeneous,NRU,GlobalAllocation,9,4,1,0.0038,0.0092,2.4210526315789473,6,,,
trace-driven,trace,report_mixed_heterogeneous,NRU,GlobalAllocation,9,4,2,0.0031,0.004,1.2903225806451613,3,,,
trace-driven,trace,report_mixed_heterogeneous,NRU,GlobalAllocation,9,5,0,0.0031,0.0039,1.2580645161290323,2,,,
trace-driven,trace,report_mixed_heterogeneous,NRU,GlobalAllocation,9,5,1,0.0039,0.0086,2.2051282051282053,6,,,
trace-driven,trace,report_mixed_heterogeneous,NRU,GlobalAllocation,9,5,2,0.0032,0.0039,1.21875,3,,,
trace-driven,trace,report_mixed_heterogeneous,NRU,GlobalAllocation,9,6,0,0.0031,0.0037,1.1935483870967742,2,,,
trace-driven,trace,report_mixed_heterogeneous,NRU,GlobalAllocation,9,6,1,0.0038,0.0087,2.289473684210526,6,,,
trace-driven,trace,report_mixed_heterogeneous,NRU,GlobalAllocation,9,6,2,0.0029,0.0037,1.2758620689655173,3,,,
trace-driven,trace,report_mixed_heterogeneous,NRU,GlobalAllocation,9,7,0,0.0028,0.0036,1.2857142857142858,2,,,
trace-driven,trace,report_mixed_heterogeneous,NRU,GlobalAllocation,9,7,1,0.0037,0.0082,2.2162162162162162,6,,,
trace-driven,trace,report_mixed_heterogeneous,NRU,GlobalAllocation,9,7,2,0.0029,0.0037,1.2758620689655173,3,,,
trace-driven,trace,report_mixed_heterogeneous,NRU,GlobalAllocation,9,8,0,0.0029,0.004,1.3793103448275863,2,,,
trace-driven,trace,report_mixed_heterogeneous,NRU,GlobalAllocation,9,8,1,0.0034,0.0085,2.5,6,,,
trace-driven,trace,report_mixed_heterogeneous,NRU,GlobalAllocation,9,8,2,0.003,0.0037,1.2333333333333334,3,,,
trace-driven,trace,report_mixed_heterogeneous,NRU,GlobalAllocation,9,9,0,0.0029,0.0039,1.3448275862068966,2,,,
trace-driven,trace,report_mixed_heterogeneous,NRU,GlobalAllocation,9,9,1,0.0036,0.0087,2.4166666666666665,6,,,
trace-driven,trace,report_mixed_heterogeneous,NRU,GlobalAllocation,9,9,2,0.003,0.0041,1.3666666666666667,3,,,
trace-driven,trace,report_mixed_heterogeneous,NRU,LocalAllocation,9,0,0,0.003,0.0037,1.2333333333333334,2,0,2,0
trace-driven,trace,report_mixed_heterogeneous,NRU,LocalAllocation,9,0,1,0.0038,0.0078,2.0526315789473686,6,3,6,0
trace-driven,trace,report_mixed_heterogeneous,NRU,LocalAllocation,9,0,2,0.0029,0.0033,1.1379310344827587,3,0,3,0
trace-driven,trace,report_mixed_heterogeneous,NRU,LocalAllocation,9,1,0,0.003,0.0033,1.1,2,0,2,0
trace-driven,trace,report_mixed_heterogeneous,NRU,LocalAllocation,9,1,1,0.0037,0.0075,2.027027027027027,6,3,6,0
trace-driven,trace,report_mixed_heterogeneous,NRU,LocalAllocation,9,1,2,0.003,0.0028,0.9333333333333333,3,0,3,0
trace-driven,trace,report_mixed_heterogeneous,NRU,LocalAllocation,9,2,0,0.0027,0.0029,1.0740740740740742,2,0,2,0
trace-driven,trace,report_mixed_heterogeneous,NRU,LocalAllocation,9,2,1,0.0038,0.0068,1.7894736842105263,6,3,6,0
trace-driven,trace,report_mixed_heterogeneous,NRU,LocalAllocation,9,2,2,0.003,0.0027,0.9,3,0,3,0
trace-driven,trace,report_mixed_heterogeneous,NRU,LocalAllocation,9,3,0,0.0029,0.003,1.0344827586206897,2,0,2,0
trace-driven,trace,report_mixed_heterogeneous,NRU,LocalAllocation,9,3,1,0.0034,0.0067,1.9705882352941178,6,3,6,0
trace-driven,trace,report_mixed_heterogeneous,NRU,LocalAllocation,9,3,2,0.0029,0.0029,1.0,3,0,3,0
trace-driven,trace,report_mixed_heterogeneous,NRU,LocalAllocation,9,4,0,0.0029,0.0028,0.9655172413793104,2,0,2,0
trace-driven,trace,report_mixed_heterogeneous,NRU,LocalAllocation,9,4,1,0.0036,0.0064,1.7777777777777777,6,3,6,0
trace-driven,trace,report_mixed_heterogeneous,NRU,LocalAllocation,9,4,2,0.0029,0.0025,0.8620689655172413,3,0,3,0
trace-driven,trace,report_mixed_heterogeneous,NRU,LocalAllocation,9,5,0,0.0029,0.003,1.0344827586206897,2,0,2,0
trace-driven,trace,report_mixed_heterogeneous,NRU,LocalAllocation,9,5,1,0.0036,0.0063,1.75,6,3,6,0
trace-driven,trace,report_mixed_heterogeneous,NRU,LocalAllocation,9,5,2,0.0031,0.0028,0.9032258064516129,3,0,3,0
trace-driven,trace,report_mixed_heterogeneous,NRU,LocalAllocation,9,6,0,0.0029,0.003,1.0344827586206897,2,0,2,0
trace-driven,trace,report_mixed_heterogeneous,NRU,LocalAllocation,9,6,1,0.0036,0.0064,1.7777777777777777,6,3,6,0
trace-driven,trace,report_mixed_heterogeneous,NRU,LocalAllocation,9,6,2,0.0029,0.0026,0.896551724137931,3,0,3,0
trace-driven,trace,report_mixed_heterogeneous,NRU,LocalAllocation,9,7,0,0.0027,0.0029,1.0740740740740742,2,0,2,0
trace-driven,trace,report_mixed_heterogeneous,NRU,LocalAllocation,9,7,1,0.0036,0.0065,1.8055555555555556,6,3,6,0
trace-driven,trace,report_mixed_heterogeneous,NRU,LocalAllocation,9,7,2,0.0028,0.0027,0.9642857142857143,3,0,3,0
trace-driven,trace,report_mixed_heterogeneous,NRU,LocalAllocation,9,8,0,0.0028,0.0028,1.0,2,0,2,0
trace-driven,trace,report_mixed_heterogeneous,NRU,LocalAllocation,9,8,1,0.0035,0.0063,1.8,6,3,6,0
trace-driven,trace,report_mixed_heterogeneous,NRU,LocalAllocation,9,8,2,0.0029,0.0027,0.9310344827586207,3,0,3,0
trace-driven,trace,report_mixed_heterogeneous,NRU,LocalAllocation,9,9,0,0.0027,0.0031,1.1481481481481481,2,0,2,0
trace-driven,trace,report_mixed_heterogeneous,NRU,LocalAllocation,9,9,1,0.0035,0.0064,1.8285714285714285,6,3,6,0
trace-driven,trace,report_mixed_heterogeneous,NRU,LocalAllocation,9,9,2,0.0028,0.0026,0.9285714285714286,3,0,3,0
trace-driven,trace,report_mixed_heterogeneous,NRU,ProportionalAllocation,9,0,0,0.0029,0.0039,1.3448275862068966,2,0,2,0
trace-driven,trace,report_mixed_heterogeneous,NRU,ProportionalAllocation,9,0,1,0.0036,0.0053,1.4722222222222223,6,1,6,0
trace-driven,trace,report_mixed_heterogeneous,NRU,ProportionalAllocation,9,0,2,0.0029,0.0053,1.8275862068965518,4,2,4,0
trace-driven,trace,report_mixed_heterogeneous,NRU,ProportionalAllocation,9,1,0,0.0029,0.0033,1.1379310344827587,2,0,2,0
trace-driven,trace,report_mixed_heterogeneous,NRU,ProportionalAllocation,9,1,1,0.0038,0.0046,1.2105263157894737,6,1,6,0
trace-driven,trace,report_mixed_heterogeneous,NRU,ProportionalAllocation,9,1,2,0.003,0.005,1.6666666666666667,4,2,4,0
trace-driven,trace,report_mixed_heterogeneous,NRU,ProportionalAllocation,9,2,0,0.0029,0.003,1.0344827586206897,2,0,2,0
trace-driven,trace,report_mixed_heterogeneous,NRU,ProportionalAllocation,9,2,1,0.0036,0.005,1.3888888888888888,6,1,6,0
trace-driven,trace,report_mixed_heterogeneous,NRU,ProportionalAllocation,9,2,2,0.003,0.0055,1.8333333333333333,4,2,4,0
trace-driven,trace,report_mixed_heterogeneous,NRU,ProportionalAllocation,9,3,0,0.0028,0.0028,1.0,2,0,2,0
trace-driven,trace,report_mixed_heterogeneous,NRU,ProportionalAllocation,9,3,1,0.0034,0.0046,1.3529411764705883,6,1,6,0
trace-driven,trace,report_mixed_heterogeneous,NRU,ProportionalAllocation,9,3,2,0.003,0.0052,1.7333333333333334,4,2,4,0
trace-driven,trace,report_mixed_heterogeneous,NRU,ProportionalAllocation,9,4,0,0.0028,0.0029,1.0357142857142858,2,0,2,0
trace-driven,trace,report_mixed_heterogeneous,NRU,ProportionalAllocation,9,4,1,0.0036,0.0048,1.3333333333333333,6,1,6,0
trace-driven,trace,report_mixed_heterogeneous,NRU,ProportionalAllocation,9,4,2,0.0029,0.0047,1.6206896551724137,4,2,4,0
trace-driven,trace,report_mixed_heterogeneous,NRU,ProportionalAllocation,9,5,0,0.0028,0.0029,1.0357142857142858,2,0,2,0
trace-driven,trace,report_mixed_heterogeneous,NRU,ProportionalAllocation,9,5,1,0.0037,0.0049,1.3243243243243243,6,1,6,0
trace-driven,trace,report_mixed_heterogeneous,NRU,ProportionalAllocation,9,5,2,0.0033,0.0047,1.4242424242424243,4,2,4,0
trace-driven,trace,report_mixed_heterogeneous,NRU,ProportionalAllocation,9,6,0,0.0028,0.0028,1.0,2,0,2,0
trace-driven,trace,report_mixed_heterogeneous,NRU,ProportionalAllocation,9,6,1,0.0037,0.0048,1.2972972972972974,6,1,6,0
trace-driven,trace,report_mixed_heterogeneous,NRU,ProportionalAllocation,9,6,2,0.0031,0.0048,1.5483870967741935,4,2,4,0
trace-driven,trace,report_mixed_heterogeneous,NRU,ProportionalAllocation,9,7,0,0.003,0.0028,0.9333333333333333,2,0,2,0
trace-driven,trace,report_mixed_heterogeneous,NRU,ProportionalAllocation,9,7,1,0.0034,0.0045,1.3235294117647058,6,1,6,0
trace-driven,trace,report_mixed_heterogeneous,NRU,ProportionalAllocation,9,7,2,0.0029,0.0048,1.6551724137931034,4,2,4,0
trace-driven,trace,report_mixed_heterogeneous,NRU,ProportionalAllocation,9,8,0,0.0028,0.0029,1.0357142857142858,2,0,2,0
trace-driven,trace,report_mixed_heterogeneous,NRU,ProportionalAllocation,9,8,1,0.0036,0.0049,1.3611111111111112,6,1,6,0
trace-driven,trace,report_mixed_heterogeneous,NRU,ProportionalAllocation,9,8,2,0.0029,0.0049,1.6896551724137931,4,2,4,0
trace-driven,trace,report_mixed_heterogeneous,NRU,ProportionalAllocation,9,9,0,0.0028,0.0029,1.0357142857142858,2,0,2,0
trace-driven,trace,report_mixed_heterogeneous,NRU,ProportionalAllocation,9,9,1,0.0045,0.0047,1.0444444444444445,6,1,6,0
trace-driven,trace,report_mixed_heterogeneous,NRU,ProportionalAllocation,9,9,2,0.003,0.0049,1.6333333333333333,4,2,4,0
trace-driven,trace,report_mixed_heterogeneous,SecondChance,GlobalAllocation,9,0,0,0.0037,0.0069,1.864864864864865,3,,,
trace-driven,trace,report_mixed_heterogeneous,SecondChance,GlobalAllocation,9,0,1,0.0052,0.01,1.9230769230769231,6,,,
trace-driven,trace,report_mixed_heterogeneous,SecondChance,GlobalAllocation,9,0,2,0.0036,0.005,1.3888888888888888,3,,,
trace-driven,trace,report_mixed_heterogeneous,SecondChance,GlobalAllocation,9,1,0,0.0032,0.0057,1.78125,3,,,
trace-driven,trace,report_mixed_heterogeneous,SecondChance,GlobalAllocation,9,1,1,0.0043,0.0086,2.0,6,,,
trace-driven,trace,report_mixed_heterogeneous,SecondChance,GlobalAllocation,9,1,2,0.0032,0.0042,1.3125,3,,,
trace-driven,trace,report_mixed_heterogeneous,SecondChance,GlobalAllocation,9,2,0,0.0031,0.0052,1.6774193548387097,3,,,
trace-driven,trace,report_mixed_heterogeneous,SecondChance,GlobalAllocation,9,2,1,0.0042,0.0081,1.9285714285714286,6,,,
trace-driven,trace,report_mixed_heterogeneous,SecondChance,GlobalAllocation,9,2,2,0.0032,0.004,1.25,3,,,
trace-driven,trace,report_mixed_heterogeneous,SecondChance,GlobalAllocation,9,3,0,0.003,0.0049,1.6333333333333333,3,,,
trace-driven,trace,report_mixed_heterogeneous,SecondChance,GlobalAllocation,9,3,1,0.0042,0.0078,1.8571428571428572,6,,,
trace-driven,trace,report_mixed_heterogeneous,SecondChance,GlobalAllocation,9,3,2,0.0031,0.004,1.2903225806451613,3,,,
trace-driven,trace,report_mixed_heterogeneous,SecondChance,GlobalAllocation,9,4,0,0.003,0.0049,1.6333333333333333,3,,,
trace-driven,trace,report_mixed_heterogeneous,SecondChance,GlobalAllocation,9,4,1,0.0042,0.0077,1.8333333333333333,6,,,
trace-driven,trace,report_mixed_heterogeneous,SecondChance,GlobalAllocation,9,4,2,0.0031,0.0041,1.3225806451612903,3,,,
trace-driven,trace,report_mixed_heterogeneous,SecondChance,GlobalAllocation,9,5,0,0.003,0.005,1.6666666666666667,3,,,
trace-driven,trace,report_mixed_heterogeneous,SecondChance,GlobalAllocation,9,5,1,0.004,0.0076,1.9,6,,,
trace-driven,trace,report_mixed_heterogeneous,SecondChance,GlobalAllocation,9,5,2,0.0031,0.0037,1.1935483870967742,3,,,
trace-driven,trace,report_mixed_heterogeneous,SecondChance,GlobalAllocation,9,6,0,0.003,0.0047,1.5666666666666667,3,,,
trace-driven,trace,report_mixed_heterogeneous,SecondChance,GlobalAllocation,9,6,1,0.0043,0.0079,1.8372093023255813,6,,,
trace-driven,trace,report_mixed_heterogeneous,SecondChance,GlobalAllocation,9,6,2,0.003,0.0039,1.3,3,,,
trace-driven,trace,report_mixed_heterogeneous,SecondChance,GlobalAllocation,9,7,0,0.0028,0.0048,1.7142857142857142,3,,,
trace-driven,trace,report_mixed_heterogeneous,SecondChance,GlobalAllocation,9,7,1,0.004,0.0075,1.875,6,,,
trace-driven,trace,report_mixed_heterogeneous,SecondChance,GlobalAllocation,9,7,2,0.0029,0.0037,1.2758620689655173,3,,,
trace-driven,trace,report_mixed_heterogeneous,SecondChance,GlobalAllocation,9,8,0,0.0029,0.0054,1.8620689655172413,3,,,
trace-driven,trace,report_mixed_heterogeneous,SecondChance,GlobalAllocation,9,8,1,0.0042,0.0077,1.8333333333333333,6,,,
trace-driven,trace,report_mixed_heterogeneous,SecondChance,GlobalAllocation,9,8,2,0.003,0.0038,1.2666666666666666,3,,,
trace-driven,trace,report_mixed_heterogeneous,SecondChance,GlobalAllocation,9,9,0,0.0028,0.0048,1.7142857142857142,3,,,
trace-driven,trace,report_mixed_heterogeneous,SecondChance,GlobalAllocation,9,9,1,0.0038,0.0077,2.026315789473684,6,,,
trace-driven,trace,report_mixed_heterogeneous,SecondChance,GlobalAllocation,9,9,2,0.0027,0.0043,1.5925925925925926,3,,,
trace-driven,trace,report_mixed_heterogeneous,SecondChance,LocalAllocation,9,0,0,0.003,0.0036,1.2,2,0,2,0
trace-driven,trace,report_mixed_heterogeneous,SecondChance,LocalAllocation,9,0,1,0.0042,0.0059,1.4047619047619047,6,3,6,0
trace-driven,trace,report_mixed_heterogeneous,SecondChance,LocalAllocation,9,0,2,0.0029,0.003,1.0344827586206897,3,0,3,0
trace-driven,trace,report_mixed_heterogeneous,SecondChance,LocalAllocation,9,1,0,0.0029,0.003,1.0344827586206897,2,0,2,0
trace-driven,trace,report_mixed_heterogeneous,SecondChance,LocalAllocation,9,1,1,0.0039,0.0056,1.435897435897436,6,3,6,0
trace-driven,trace,report_mixed_heterogeneous,SecondChance,LocalAllocation,9,1,2,0.0031,0.0028,0.9032258064516129,3,0,3,0
trace-driven,trace,report_mixed_heterogeneous,SecondChance,LocalAllocation,9,2,0,0.0026,0.0028,1.0769230769230769,2,0,2,0
trace-driven,trace,report_mixed_heterogeneous,SecondChance,LocalAllocation,9,2,1,0.0041,0.0051,1.2439024390243902,6,3,6,0
trace-driven,trace,report_mixed_heterogeneous,SecondChance,LocalAllocation,9,2,2,0.0029,0.0028,0.9655172413793104,3,0,3,0
trace-driven,trace,report_mixed_heterogeneous,SecondChance,LocalAllocation,9,3,0,0.0028,0.0029,1.0357142857142858,2,0,2,0
trace-driven,trace,report_mixed_heterogeneous,SecondChance,LocalAllocation,9,3,1,0.0038,0.0052,1.368421052631579,6,3,6,0
trace-driven,trace,report_mixed_heterogeneous,SecondChance,LocalAllocation,9,3,2,0.0029,0.0024,0.8275862068965517,3,0,3,0
trace-driven,trace,report_mixed_heterogeneous,SecondChance,LocalAllocation,9,4,0,0.0028,0.0026,0.9285714285714286,2,0,2,0
trace-driven,trace,report_mixed_heterogeneous,SecondChance,LocalAllocation,9,4,1,0.0037,0.0051,1.3783783783783783,6,3,6,0
trace-driven,trace,report_mixed_heterogeneous,SecondChance,LocalAllocation,9,4,2,0.003,0.0026,0.8666666666666667,3,0,3,0
trace-driven,trace,report_mixed_heterogeneous,SecondChance,LocalAllocation,9,5,0,0.0027,0.0028,1.037037037037037,2,0,2,0
trace-driven,trace,report_mixed_heterogeneous,SecondChance,LocalAllocation,9,5,1,0.0038,0.005,1.3157894736842106,6,3,6,0
trace-driven,trace,report_mixed_heterogeneous,SecondChance,LocalAllocation,9,5,2,0.003,0.0024,0.8,3,0,3,0
trace-driven,trace,report_mixed_heterogeneous,SecondChance,LocalAllocation,9,6,0,0.0027,0.0029,1.0740740740740742,2,0,2,0
trace-driven,trace,report_mixed_heterogeneous,SecondChance,LocalAllocation,9,6,1,0.004,0.0052,1.3,6,3,6,0
trace-driven,trace,report_mixed_heterogeneous,SecondChance,LocalAllocation,9,6,2,0.0029,0.0024,0.8275862068965517,3,0,3,0
trace-driven,trace,report_mixed_heterogeneous,SecondChance,LocalAllocation,9,7,0,0.0026,0.0029,1.1153846153846154,2,0,2,0
trace-driven,trace,report_mixed_heterogeneous,SecondChance,LocalAllocation,9,7,1,0.0038,0.005,1.3157894736842106,6,3,6,0
trace-driven,trace,report_mixed_heterogeneous,SecondChance,LocalAllocation,9,7,2,0.0028,0.0027,0.9642857142857143,3,0,3,0
trace-driven,trace,report_mixed_heterogeneous,SecondChance,LocalAllocation,9,8,0,0.0028,0.0028,1.0,2,0,2,0
trace-driven,trace,report_mixed_heterogeneous,SecondChance,LocalAllocation,9,8,1,0.0039,0.0051,1.3076923076923077,6,3,6,0
trace-driven,trace,report_mixed_heterogeneous,SecondChance,LocalAllocation,9,8,2,0.0029,0.0027,0.9310344827586207,3,0,3,0
trace-driven,trace,report_mixed_heterogeneous,SecondChance,LocalAllocation,9,9,0,0.0027,0.0027,1.0,2,0,2,0
trace-driven,trace,report_mixed_heterogeneous,SecondChance,LocalAllocation,9,9,1,0.0039,0.0051,1.3076923076923077,6,3,6,0
trace-driven,trace,report_mixed_heterogeneous,SecondChance,LocalAllocation,9,9,2,0.0029,0.0026,0.896551724137931,3,0,3,0
trace-driven,trace,report_mixed_heterogeneous,SecondChance,ProportionalAllocation,9,0,0,0.003,0.0036,1.2,2,0,2,0
trace-driven,trace,report_mixed_heterogeneous,SecondChance,ProportionalAllocation,9,0,1,0.004,0.0054,1.35,6,1,6,0
trace-driven,trace,report_mixed_heterogeneous,SecondChance,ProportionalAllocation,9,0,2,0.003,0.0055,1.8333333333333333,5,3,5,1
trace-driven,trace,report_mixed_heterogeneous,SecondChance,ProportionalAllocation,9,1,0,0.0028,0.0029,1.0357142857142858,2,0,2,0
trace-driven,trace,report_mixed_heterogeneous,SecondChance,ProportionalAllocation,9,1,1,0.0038,0.0049,1.2894736842105263,6,1,6,0
trace-driven,trace,report_mixed_heterogeneous,SecondChance,ProportionalAllocation,9,1,2,0.0028,0.005,1.7857142857142858,5,3,5,1
trace-driven,trace,report_mixed_heterogeneous,SecondChance,ProportionalAllocation,9,2,0,0.0028,0.0027,0.9642857142857143,2,0,2,0
trace-driven,trace,report_mixed_heterogeneous,SecondChance,ProportionalAllocation,9,2,1,0.004,0.0046,1.15,6,1,6,0
trace-driven,trace,report_mixed_heterogeneous,SecondChance,ProportionalAllocation,9,2,2,0.003,0.0052,1.7333333333333334,5,3,5,1
trace-driven,trace,report_mixed_heterogeneous,SecondChance,ProportionalAllocation,9,3,0,0.0026,0.0026,1.0,2,0,2,0
trace-driven,trace,report_mixed_heterogeneous,SecondChance,ProportionalAllocation,9,3,1,0.0038,0.0049,1.2894736842105263,6,1,6,0
trace-driven,trace,report_mixed_heterogeneous,SecondChance,ProportionalAllocation,9,3,2,0.0029,0.0048,1.6551724137931034,5,3,5,1
trace-driven,trace,report_mixed_heterogeneous,SecondChance,ProportionalAllocation,9,4,0,0.0027,0.0025,0.9259259259259259,2,0,2,0
trace-driven,trace,report_mixed_heterogeneous,SecondChance,ProportionalAllocation,9,4,1,0.0038,0.0048,1.263157894736842,6,1,6,0
trace-driven,trace,report_mixed_heterogeneous,SecondChance,ProportionalAllocation,9,4,2,0.0029,0.0047,1.6206896551724137,5,3,5,1
trace-driven,trace,report_mixed_heterogeneous,SecondChance,ProportionalAllocation,9,5,0,0.0028,0.0032,1.1428571428571428,2,0,2,0
trace-driven,trace,report_mixed_heterogeneous,SecondChance,ProportionalAllocation,9,5,1,0.0039,0.005,1.2820512820512822,6,1,6,0
trace-driven,trace,report_mixed_heterogeneous,SecondChance,ProportionalAllocation,9,5,2,0.003,0.0049,1.6333333333333333,5,3,5,1
trace-driven,trace,report_mixed_heterogeneous,SecondChance,ProportionalAllocation,9,6,0,0.0028,0.0029,1.0357142857142858,2,0,2,0
trace-driven,trace,report_mixed_heterogeneous,SecondChance,ProportionalAllocation,9,6,1,0.004,0.0045,1.125,6,1,6,0
trace-driven,trace,report_mixed_heterogeneous,SecondChance,ProportionalAllocation,9,6,2,0.003,0.0051,1.7,5,3,5,1
trace-driven,trace,report_mixed_heterogeneous,SecondChance,ProportionalAllocation,9,7,0,0.0028,0.0027,0.9642857142857143,2,0,2,0
trace-driven,trace,report_mixed_heterogeneous,SecondChance,ProportionalAllocation,9,7,1,0.0038,0.0049,1.2894736842105263,6,1,6,0
trace-driven,trace,report_mixed_heterogeneous,SecondChance,ProportionalAllocation,9,7,2,0.003,0.005,1.6666666666666667,5,3,5,1
trace-driven,trace,report_mixed_heterogeneous,SecondChance,ProportionalAllocation,9,8,0,0.0028,0.0024,0.8571428571428571,2,0,2,0
trace-driven,trace,report_mixed_heterogeneous,SecondChance,ProportionalAllocation,9,8,1,0.0039,0.0047,1.205128205128205,6,1,6,0
trace-driven,trace,report_mixed_heterogeneous,SecondChance,ProportionalAllocation,9,8,2,0.0039,0.005,1.2820512820512822,5,3,5,1
trace-driven,trace,report_mixed_heterogeneous,SecondChance,ProportionalAllocation,9,9,0,0.0027,0.0027,1.0,2,0,2,0
trace-driven,trace,report_mixed_heterogeneous,SecondChance,ProportionalAllocation,9,9,1,0.0039,0.0046,1.1794871794871795,6,1,6,0
trace-driven,trace,report_mixed_heterogeneous,SecondChance,ProportionalAllocation,9,9,2,0.0029,0.0047,1.6206896551724137,5,3,5,1
trace-driven,trace,report_mixed_heterogeneous,WSClock,GlobalAllocation,9,0,0,0.0037,0.0103,2.7837837837837838,3,,,
trace-driven,trace,report_mixed_heterogeneous,WSClock,GlobalAllocation,9,0,1,0.0052,0.0162,3.1153846153846154,6,,,
trace-driven,trace,report_mixed_heterogeneous,WSClock,GlobalAllocation,9,0,2,0.0035,0.0049,1.4,3,,,
trace-driven,trace,report_mixed_heterogeneous,WSClock,GlobalAllocation,9,1,0,0.0032,0.0093,2.90625,3,,,
trace-driven,trace,report_mixed_heterogeneous,WSClock,GlobalAllocation,9,1,1,0.0043,0.0143,3.3255813953488373,6,,,
trace-driven,trace,report_mixed_heterogeneous,WSClock,GlobalAllocation,9,1,2,0.0032,0.0044,1.375,3,,,
trace-driven,trace,report_mixed_heterogeneous,WSClock,GlobalAllocation,9,2,0,0.0031,0.0091,2.935483870967742,3,,,
trace-driven,trace,report_mixed_heterogeneous,WSClock,GlobalAllocation,9,2,1,0.004,0.0147,3.675,6,,,
trace-driven,trace,report_mixed_heterogeneous,WSClock,GlobalAllocation,9,2,2,0.0033,0.0042,1.2727272727272727,3,,,
trace-driven,trace,report_mixed_heterogeneous,WSClock,GlobalAllocation,9,3,0,0.0031,0.0086,2.774193548387097,3,,,
trace-driven,trace,report_mixed_heterogeneous,WSClock,GlobalAllocation,9,3,1,0.0041,0.0138,3.3658536585365852,6,,,
trace-driven,trace,report_mixed_heterogeneous,WSClock,GlobalAllocation,9,3,2,0.0032,0.0038,1.1875,3,,,
trace-driven,trace,report_mixed_heterogeneous,WSClock,GlobalAllocation,9,4,0,0.003,0.0084,2.8,3,,,
trace-driven,trace,report_mixed_heterogeneous,WSClock,GlobalAllocation,9,4,1,0.0041,0.0138,3.3658536585365852,6,,,
trace-driven,trace,report_mixed_heterogeneous,WSClock,GlobalAllocation,9,4,2,0.0031,0.0037,1.1935483870967742,3,,,
trace-driven,trace,report_mixed_heterogeneous,WSClock,GlobalAllocation,9,5,0,0.0032,0.0088,2.75,3,,,
trace-driven,trace,report_mixed_heterogeneous,WSClock,GlobalAllocation,9,5,1,0.0043,0.0139,3.2325581395348837,6,,,
trace-driven,trace,report_mixed_heterogeneous,WSClock,GlobalAllocation,9,5,2,0.0031,0.0041,1.3225806451612903,3,,,
trace-driven,trace,report_mixed_heterogeneous,WSClock,GlobalAllocation,9,6,0,0.003,0.0081,2.7,3,,,
trace-driven,trace,report_mixed_heterogeneous,WSClock,GlobalAllocation,9,6,1,0.0041,0.0135,3.292682926829268,6,,,
trace-driven,trace,report_mixed_heterogeneous,WSClock,GlobalAllocation,9,6,2,0.003,0.0038,1.2666666666666666,3,,,
trace-driven,trace,report_mixed_heterogeneous,WSClock,GlobalAllocation,9,7,0,0.0027,0.008,2.962962962962963,3,,,
trace-driven,trace,report_mixed_heterogeneous,WSClock,GlobalAllocation,9,7,1,0.004,0.0134,3.35,6,,,
trace-driven,trace,report_mixed_heterogeneous,WSClock,GlobalAllocation,9,7,2,0.0029,0.004,1.3793103448275863,3,,,
trace-driven,trace,report_mixed_heterogeneous,WSClock,GlobalAllocation,9,8,0,0.0029,0.0087,3.0,3,,,
trace-driven,trace,report_mixed_heterogeneous,WSClock,GlobalAllocation,9,8,1,0.0039,0.0138,3.5384615384615383,6,,,
trace-driven,trace,report_mixed_heterogeneous,WSClock,GlobalAllocation,9,8,2,0.0028,0.0041,1.4642857142857142,3,,,
trace-driven,trace,report_mixed_heterogeneous,WSClock,GlobalAllocation,9,9,0,0.0028,0.0084,3.0,3,,,
trace-driven,trace,report_mixed_heterogeneous,WSClock,GlobalAllocation,9,9,1,0.004,0.0134,3.35,6,,,
trace-driven,trace,report_mixed_heterogeneous,WSClock,GlobalAllocation,9,9,2,0.003,0.0038,1.2666666666666666,3,,,
trace-driven,trace,report_mixed_heterogeneous,WSClock,LocalAllocation,9,0,0,0.0029,0.0039,1.3448275862068966,2,0,2,0
trace-driven,trace,report_mixed_heterogeneous,WSClock,LocalAllocation,9,0,1,0.0041,0.0088,2.1463414634146343,6,3,6,0
trace-driven,trace,report_mixed_heterogeneous,WSClock,LocalAllocation,9,0,2,0.0029,0.0031,1.0689655172413792,3,0,3,0
trace-driven,trace,report_mixed_heterogeneous,WSClock,LocalAllocation,9,1,0,0.0028,0.003,1.0714285714285714,2,0,2,0
trace-driven,trace,report_mixed_heterogeneous,WSClock,LocalAllocation,9,1,1,0.0039,0.0086,2.2051282051282053,6,3,6,0
trace-driven,trace,report_mixed_heterogeneous,WSClock,LocalAllocation,9,1,2,0.0029,0.0027,0.9310344827586207,3,0,3,0
trace-driven,trace,report_mixed_heterogeneous,WSClock,LocalAllocation,9,2,0,0.0027,0.0031,1.1481481481481481,2,0,2,0
trace-driven,trace,report_mixed_heterogeneous,WSClock,LocalAllocation,9,2,1,0.004,0.0086,2.15,6,3,6,0
trace-driven,trace,report_mixed_heterogeneous,WSClock,LocalAllocation,9,2,2,0.0029,0.003,1.0344827586206897,3,0,3,0
trace-driven,trace,report_mixed_heterogeneous,WSClock,LocalAllocation,9,3,0,0.0028,0.0028,1.0,2,0,2,0
trace-driven,trace,report_mixed_heterogeneous,WSClock,LocalAllocation,9,3,1,0.0037,0.0079,2.135135135135135,6,3,6,0
trace-driven,trace,report_mixed_heterogeneous,WSClock,LocalAllocation,9,3,2,0.003,0.0026,0.8666666666666667,3,0,3,0
trace-driven,trace,report_mixed_heterogeneous,WSClock,LocalAllocation,9,4,0,0.0027,0.0029,1.0740740740740742,2,0,2,0
trace-driven,trace,report_mixed_heterogeneous,WSClock,LocalAllocation,9,4,1,0.0038,0.0079,2.0789473684210527,6,3,6,0
trace-driven,trace,report_mixed_heterogeneous,WSClock,LocalAllocation,9,4,2,0.0029,0.0025,0.8620689655172413,3,0,3,0
trace-driven,trace,report_mixed_heterogeneous,WSClock,LocalAllocation,9,5,0,0.0028,0.0028,1.0,2,0,2,0
trace-driven,trace,report_mixed_heterogeneous,WSClock,LocalAllocation,9,5,1,0.0037,0.0083,2.2432432432432434,6,3,6,0
trace-driven,trace,report_mixed_heterogeneous,WSClock,LocalAllocation,9,5,2,0.0029,0.0025,0.8620689655172413,3,0,3,0
trace-driven,trace,report_mixed_heterogeneous,WSClock,LocalAllocation,9,6,0,0.0028,0.0026,0.9285714285714286,2,0,2,0
trace-driven,trace,report_mixed_heterogeneous,WSClock,LocalAllocation,9,6,1,0.004,0.0081,2.025,6,3,6,0
trace-driven,trace,report_mixed_heterogeneous,WSClock,LocalAllocation,9,6,2,0.0029,0.0028,0.9655172413793104,3,0,3,0
trace-driven,trace,report_mixed_heterogeneous,WSClock,LocalAllocation,9,7,0,0.0028,0.0029,1.0357142857142858,2,0,2,0
trace-driven,trace,report_mixed_heterogeneous,WSClock,LocalAllocation,9,7,1,0.0038,0.0082,2.1578947368421053,6,3,6,0
trace-driven,trace,report_mixed_heterogeneous,WSClock,LocalAllocation,9,7,2,0.0028,0.0026,0.9285714285714286,3,0,3,0
trace-driven,trace,report_mixed_heterogeneous,WSClock,LocalAllocation,9,8,0,0.0028,0.0028,1.0,2,0,2,0
trace-driven,trace,report_mixed_heterogeneous,WSClock,LocalAllocation,9,8,1,0.0039,0.0081,2.076923076923077,6,3,6,0
trace-driven,trace,report_mixed_heterogeneous,WSClock,LocalAllocation,9,8,2,0.0031,0.0029,0.9354838709677419,3,0,3,0
trace-driven,trace,report_mixed_heterogeneous,WSClock,LocalAllocation,9,9,0,0.0028,0.0025,0.8928571428571429,2,0,2,0
trace-driven,trace,report_mixed_heterogeneous,WSClock,LocalAllocation,9,9,1,0.0039,0.0082,2.1025641025641026,6,3,6,0
trace-driven,trace,report_mixed_heterogeneous,WSClock,LocalAllocation,9,9,2,0.003,0.0026,0.8666666666666667,3,0,3,0
trace-driven,trace,report_mixed_heterogeneous,WSClock,ProportionalAllocation,9,0,0,0.0028,0.0036,1.2857142857142858,2,0,2,0
trace-driven,trace,report_mixed_heterogeneous,WSClock,ProportionalAllocation,9,0,1,0.004,0.0064,1.6,6,1,6,0
trace-driven,trace,report_mixed_heterogeneous,WSClock,ProportionalAllocation,9,0,2,0.003,0.0072,2.4,5,3,5,1
trace-driven,trace,report_mixed_heterogeneous,WSClock,ProportionalAllocation,9,1,0,0.0028,0.003,1.0714285714285714,2,0,2,0
trace-driven,trace,report_mixed_heterogeneous,WSClock,ProportionalAllocation,9,1,1,0.0038,0.006,1.5789473684210527,6,1,6,0
trace-driven,trace,report_mixed_heterogeneous,WSClock,ProportionalAllocation,9,1,2,0.0029,0.0068,2.3448275862068964,5,3,5,1
trace-driven,trace,report_mixed_heterogeneous,WSClock,ProportionalAllocation,9,2,0,0.0027,0.0029,1.0740740740740742,2,0,2,0
trace-driven,trace,report_mixed_heterogeneous,WSClock,ProportionalAllocation,9,2,1,0.004,0.0062,1.55,6,1,6,0
trace-driven,trace,report_mixed_heterogeneous,WSClock,ProportionalAllocation,9,2,2,0.0029,0.0068,2.3448275862068964,5,3,5,1
trace-driven,trace,report_mixed_heterogeneous,WSClock,ProportionalAllocation,9,3,0,0.0028,0.0028,1.0,2,0,2,0
trace-driven,trace,report_mixed_heterogeneous,WSClock,ProportionalAllocation,9,3,1,0.0037,0.006,1.6216216216216217,6,1,6,0
trace-driven,trace,report_mixed_heterogeneous,WSClock,ProportionalAllocation,9,3,2,0.0029,0.0065,2.2413793103448274,5,3,5,1
trace-driven,trace,report_mixed_heterogeneous,WSClock,ProportionalAllocation,9,4,0,0.0027,0.0028,1.037037037037037,2,0,2,0
trace-driven,trace,report_mixed_heterogeneous,WSClock,ProportionalAllocation,9,4,1,0.004,0.0059,1.475,6,1,6,0
trace-driven,trace,report_mixed_heterogeneous,WSClock,ProportionalAllocation,9,4,2,0.003,0.0067,2.2333333333333334,5,3,5,1
trace-driven,trace,report_mixed_heterogeneous,WSClock,ProportionalAllocation,9,5,0,0.0028,0.003,1.0714285714285714,2,0,2,0
trace-driven,trace,report_mixed_heterogeneous,WSClock,ProportionalAllocation,9,5,1,0.004,0.0065,1.625,6,1,6,0
trace-driven,trace,report_mixed_heterogeneous,WSClock,ProportionalAllocation,9,5,2,0.0029,0.0071,2.4482758620689653,5,3,5,1
trace-driven,trace,report_mixed_heterogeneous,WSClock,ProportionalAllocation,9,6,0,0.0026,0.0028,1.0769230769230769,2,0,2,0
trace-driven,trace,report_mixed_heterogeneous,WSClock,ProportionalAllocation,9,6,1,0.0039,0.0063,1.6153846153846154,6,1,6,0
trace-driven,trace,report_mixed_heterogeneous,WSClock,ProportionalAllocation,9,6,2,0.0029,0.0075,2.586206896551724,5,3,5,1
trace-driven,trace,report_mixed_heterogeneous,WSClock,ProportionalAllocation,9,7,0,0.0028,0.0029,1.0357142857142858,2,0,2,0
trace-driven,trace,report_mixed_heterogeneous,WSClock,ProportionalAllocation,9,7,1,0.0039,0.006,1.5384615384615385,6,1,6,0
trace-driven,trace,report_mixed_heterogeneous,WSClock,ProportionalAllocation,9,7,2,0.0029,0.0064,2.206896551724138,5,3,5,1
trace-driven,trace,report_mixed_heterogeneous,WSClock,ProportionalAllocation,9,8,0,0.0027,0.0026,0.9629629629629629,2,0,2,0
trace-driven,trace,report_mixed_heterogeneous,WSClock,ProportionalAllocation,9,8,1,0.004,0.0057,1.425,6,1,6,0
trace-driven,trace,report_mixed_heterogeneous,WSClock,ProportionalAllocation,9,8,2,0.0029,0.0065,2.2413793103448274,5,3,5,1
trace-driven,trace,report_mixed_heterogeneous,WSClock,ProportionalAllocation,9,9,0,0.0028,0.0029,1.0357142857142858,2,0,2,0
trace-driven,trace,report_mixed_heterogeneous,WSClock,ProportionalAllocation,9,9,1,0.0039,0.0057,1.4615384615384615,6,1,6,0
trace-driven,trace,report_mixed_heterogeneous,WSClock,ProportionalAllocation,9,9,2,0.0031,0.0068,2.193548387096774,5,3,5,1
trace-driven,trace,report_mixed_heterogeneous,FIFO,GlobalAllocation,11,0,0,0.0037,0.0051,1.3783783783783783,2,,,
trace-driven,trace,report_mixed_heterogeneous,FIFO,GlobalAllocation,11,0,1,0.005,0.0063,1.26,6,,,
trace-driven,trace,report_mixed_heterogeneous,FIFO,GlobalAllocation,11,0,2,0.0037,0.0042,1.135135135135135,3,,,
trace-driven,trace,report_mixed_heterogeneous,FIFO,GlobalAllocation,11,1,0,0.0036,0.0039,1.0833333333333333,2,,,
trace-driven,trace,report_mixed_heterogeneous,FIFO,GlobalAllocation,11,1,1,0.0041,0.0054,1.3170731707317074,6,,,
trace-driven,trace,report_mixed_heterogeneous,FIFO,GlobalAllocation,11,1,2,0.0039,0.0037,0.9487179487179487,3,,,
trace-driven,trace,report_mixed_heterogeneous,FIFO,GlobalAllocation,11,2,0,0.0031,0.0033,1.064516129032258,2,,,
trace-driven,trace,report_mixed_heterogeneous,FIFO,GlobalAllocation,11,2,1,0.0042,0.0056,1.3333333333333333,6,,,
trace-driven,trace,report_mixed_heterogeneous,FIFO,GlobalAllocation,11,2,2,0.0033,0.0038,1.1515151515151516,3,,,
trace-driven,trace,report_mixed_heterogeneous,FIFO,GlobalAllocation,11,3,0,0.003,0.0034,1.1333333333333333,2,,,
trace-driven,trace,report_mixed_heterogeneous,FIFO,GlobalAllocation,11,3,1,0.0043,0.0049,1.1395348837209303,6,,,
trace-driven,trace,report_mixed_heterogeneous,FIFO,GlobalAllocation,11,3,2,0.0034,0.0035,1.0294117647058822,3,,,
trace-driven,trace,report_mixed_heterogeneous,FIFO,GlobalAllocation,11,4,0,0.003,0.0032,1.0666666666666667,2,,,
trace-driven,trace,report_mixed_heterogeneous,FIFO,GlobalAllocation,11,4,1,0.0041,0.0049,1.1951219512195121,6,,,
trace-driven,trace,report_mixed_heterogeneous,FIFO,GlobalAllocation,11,4,2,0.003,0.0032,1.0666666666666667,3,,,
trace-driven,trace,report_mixed_heterogeneous,FIFO,GlobalAllocation,11,5,0,0.003,0.0037,1.2333333333333334,2,,,
trace-driven,trace,report_mixed_heterogeneous,FIFO,GlobalAllocation,11,5,1,0.0041,0.005,1.2195121951219512,6,,,
trace-driven,trace,report_mixed_heterogeneous,FIFO,GlobalAllocation,11,5,2,0.0032,0.0033,1.03125,3,,,
trace-driven,trace,report_mixed_heterogeneous,FIFO,GlobalAllocation,11,6,0,0.003,0.0033,1.1,2,,,
trace-driven,trace,report_mixed_heterogeneous,FIFO,GlobalAllocation,11,6,1,0.004,0.0051,1.275,6,,,
trace-driven,trace,report_mixed_heterogeneous,FIFO,GlobalAllocation,11,6,2,0.0029,0.0033,1.1379310344827587,3,,,
trace-driven,trace,report_mixed_heterogeneous,FIFO,GlobalAllocation,11,7,0,0.0027,0.0032,1.1851851851851851,2,,,
trace-driven,trace,report_mixed_heterogeneous,FIFO,GlobalAllocation,11,7,1,0.0038,0.0056,1.4736842105263157,6,,,
trace-driven,trace,report_mixed_heterogeneous,FIFO,GlobalAllocation,11,7,2,0.0029,0.0035,1.206896551724138,3,,,
trace-driven,trace,report_mixed_heterogeneous,FIFO,GlobalAllocation,11,8,0,0.0027,0.0033,1.2222222222222223,2,,,
trace-driven,trace,report_mixed_heterogeneous,FIFO,GlobalAllocation,11,8,1,0.0038,0.0048,1.263157894736842,6,,,
trace-driven,trace,report_mixed_heterogeneous,FIFO,GlobalAllocation,11,8,2,0.0029,0.0035,1.206896551724138,3,,,
trace-driven,trace,report_mixed_heterogeneous,FIFO,GlobalAllocation,11,9,0,0.0026,0.0032,1.2307692307692308,2,,,
trace-driven,trace,report_mixed_heterogeneous,FIFO,GlobalAllocation,11,9,1,0.0038,0.0048,1.263157894736842,6,,,
trace-driven,trace,report_mixed_heterogeneous,FIFO,GlobalAllocation,11,9,2,0.003,0.0031,1.0333333333333334,3,,,
trace-driven,trace,report_mixed_heterogeneous,FIFO,LocalAllocation,11,0,0,0.0046,0.0057,1.2391304347826086,2,0,2,0
trace-driven,trace,report_mixed_heterogeneous,FIFO,LocalAllocation,11,0,1,0.0056,0.0086,1.5357142857142858,6,2,6,0
trace-driven,trace,report_mixed_heterogeneous,FIFO,LocalAllocation,11,0,2,0.0045,0.0054,1.2,3,0,3,0
trace-driven,trace,report_mixed_heterogeneous,FIFO,LocalAllocation,11,1,0,0.0042,0.0042,1.0,2,0,2,0
trace-driven,trace,report_mixed_heterogeneous,FIFO,LocalAllocation,11,1,1,0.0068,0.0072,1.0588235294117647,6,2,6,0
trace-driven,trace,report_mixed_heterogeneous,FIFO,LocalAllocation,11,1,2,0.0029,0.0043,1.4827586206896552,3,0,3,0
trace-driven,trace,report_mixed_heterogeneous,FIFO,LocalAllocation,11,2,0,0.0028,0.0028,1.0,2,0,2,0
trace-driven,trace,report_mixed_heterogeneous,FIFO,LocalAllocation,11,2,1,0.0039,0.0044,1.1282051282051282,6,2,6,0
trace-driven,trace,report_mixed_heterogeneous,FIFO,LocalAllocation,11,2,2,0.0029,0.0026,0.896551724137931,3,0,3,0
trace-driven,trace,report_mixed_heterogeneous,FIFO,LocalAllocation,11,3,0,0.0027,0.0026,0.9629629629629629,2,0,2,0
trace-driven,trace,report_mixed_heterogeneous,FIFO,LocalAllocation,11,3,1,0.0037,0.0043,1.162162162162162,6,2,6,0
trace-driven,trace,report_mixed_heterogeneous,FIFO,LocalAllocation,11,3,2,0.0029,0.0023,0.7931034482758621,3,0,3,0
trace-driven,trace,report_mixed_heterogeneous,FIFO,LocalAllocation,11,4,0,0.0026,0.0024,0.9230769230769231,2,0,2,0
trace-driven,trace,report_mixed_heterogeneous,FIFO,LocalAllocation,11,4,1,0.0041,0.0043,1.048780487804878,6,2,6,0
trace-driven,trace,report_mixed_heterogeneous,FIFO,LocalAllocation,11,4,2,0.0031,0.0024,0.7741935483870968,3,0,3,0
trace-driven,trace,report_mixed_heterogeneous,FIFO,LocalAllocation,11,5,0,0.0026,0.0024,0.9230769230769231,2,0,2,0
trace-driven,trace,report_mixed_heterogeneous,FIFO,LocalAllocation,11,5,1,0.0041,0.0041,1.0,6,2,6,0
trace-driven,trace,report_mixed_heterogeneous,FIFO,LocalAllocation,11,5,2,0.0027,0.0024,0.8888888888888888,3,0,3,0
trace-driven,trace,report_mixed_heterogeneous,FIFO,LocalAllocation,11,6,0,0.0026,0.0024,0.9230769230769231,2,0,2,0
trace-driven,trace,report_mixed_heterogeneous,FIFO,LocalAllocation,11,6,1,0.0037,0.0041,1.1081081081081081,6,2,6,0
trace-driven,trace,report_mixed_heterogeneous,FIFO,LocalAllocation,11,6,2,0.0027,0.0023,0.8518518518518519,3,0,3,0
trace-driven,trace,report_mixed_heterogeneous,FIFO,LocalAllocation,11,7,0,0.0025,0.0026,1.04,2,0,2,0
trace-driven,trace,report_mixed_heterogeneous,FIFO,LocalAllocation,11,7,1,0.0036,0.0041,1.1388888888888888,6,2,6,0
trace-driven,trace,report_mixed_heterogeneous,FIFO,LocalAllocation,11,7,2,0.0029,0.0025,0.8620689655172413,3,0,3,0
trace-driven,trace,report_mixed_heterogeneous,FIFO,LocalAllocation,11,8,0,0.0028,0.0025,0.8928571428571429,2,0,2,0
trace-driven,trace,report_mixed_heterogeneous,FIFO,LocalAllocation,11,8,1,0.0038,0.0042,1.105263157894737,6,2,6,0
trace-driven,trace,report_mixed_heterogeneous,FIFO,LocalAllocation,11,8,2,0.0028,0.0023,0.8214285714285714,3,0,3,0
trace-driven,trace,report_mixed_heterogeneous,FIFO,LocalAllocation,11,9,0,0.0026,0.0024,0.9230769230769231,2,0,2,0
trace-driven,trace,report_mixed_heterogeneous,FIFO,LocalAllocation,11,9,1,0.0037,0.0041,1.1081081081081081,6,2,6,0
trace-driven,trace,report_mixed_heterogeneous,FIFO,LocalAllocation,11,9,2,0.0032,0.0024,0.75,3,0,3,0
trace-driven,trace,report_mixed_heterogeneous,FIFO,ProportionalAllocation,11,0,0,0.0029,0.0033,1.1379310344827587,2,0,2,0
trace-driven,trace,report_mixed_heterogeneous,FIFO,ProportionalAllocation,11,0,1,0.0041,0.0039,0.9512195121951219,6,0,6,0
trace-driven,trace,report_mixed_heterogeneous,FIFO,ProportionalAllocation,11,0,2,0.0029,0.0024,0.8275862068965517,3,0,3,0
trace-driven,trace,report_mixed_heterogeneous,FIFO,ProportionalAllocation,11,1,0,0.0028,0.0027,0.9642857142857143,2,0,2,0
trace-driven,trace,report_mixed_heterogeneous,FIFO,ProportionalAllocation,11,1,1,0.0038,0.0037,0.9736842105263158,6,0,6,0
trace-driven,trace,report_mixed_heterogeneous,FIFO,ProportionalAllocation,11,1,2,0.0028,0.0024,0.8571428571428571,3,0,3,0
trace-driven,trace,report_mixed_heterogeneous,FIFO,ProportionalAllocation,11,2,0,0.0028,0.0025,0.8928571428571429,2,0,2,0
trace-driven,trace,report_mixed_heterogeneous,FIFO,ProportionalAllocation,11,2,1,0.0038,0.0035,0.9210526315789473,6,0,6,0
trace-driven,trace,report_mixed_heterogeneous,FIFO,ProportionalAllocation,11,2,2,0.0029,0.0025,0.8620689655172413,3,0,3,0
trace-driven,trace,report_mixed_heterogeneous,FIFO,ProportionalAllocation,11,3,0,0.0027,0.0025,0.9259259259259259,2,0,2,0
trace-driven,trace,report_mixed_heterogeneous,FIFO,ProportionalAllocation,11,3,1,0.0038,0.0034,0.8947368421052632,6,0,6,0
trace-driven,trace,report_mixed_heterogeneous,FIFO,ProportionalAllocation,11,3,2,0.0029,0.0025,0.8620689655172413,3,0,3,0
trace-driven,trace,report_mixed_heterogeneous,FIFO,ProportionalAllocation,11,4,0,0.0027,0.0026,0.9629629629629629,2,0,2,0
trace-driven,trace,report_mixed_heterogeneous,FIFO,ProportionalAllocation,11,4,1,0.0037,0.0031,0.8378378378378378,6,0,6,0
trace-driven,trace,report_mixed_heterogeneous,FIFO,ProportionalAllocation,11,4,2,0.0029,0.0023,0.7931034482758621,3,0,3,0
trace-driven,trace,report_mixed_heterogeneous,FIFO,ProportionalAllocation,11,5,0,0.0027,0.0026,0.9629629629629629,2,0,2,0
trace-driven,trace,report_mixed_heterogeneous,FIFO,ProportionalAllocation,11,5,1,0.004,0.0036,0.9,6,0,6,0
trace-driven,trace,report_mixed_heterogeneous,FIFO,ProportionalAllocation,11,5,2,0.0028,0.0026,0.9285714285714286,3,0,3,0
trace-driven,trace,report_mixed_heterogeneous,FIFO,ProportionalAllocation,11,6,0,0.0026,0.0025,0.9615384615384616,2,0,2,0
trace-driven,trace,report_mixed_heterogeneous,FIFO,ProportionalAllocation,11,6,1,0.0037,0.0034,0.918918918918919,6,0,6,0
trace-driven,trace,report_mixed_heterogeneous,FIFO,ProportionalAllocation,11,6,2,0.0029,0.0026,0.896551724137931,3,0,3,0
trace-driven,trace,report_mixed_heterogeneous,FIFO,ProportionalAllocation,11,7,0,0.0026,0.0024,0.9230769230769231,2,0,2,0
trace-driven,trace,report_mixed_heterogeneous,FIFO,ProportionalAllocation,11,7,1,0.0037,0.0036,0.972972972972973,6,0,6,0
trace-driven,trace,report_mixed_heterogeneous,FIFO,ProportionalAllocation,11,7,2,0.003,0.0024,0.8,3,0,3,0
trace-driven,trace,report_mixed_heterogeneous,FIFO,ProportionalAllocation,11,8,0,0.0026,0.0026,1.0,2,0,2,0
trace-driven,trace,report_mixed_heterogeneous,FIFO,ProportionalAllocation,11,8,1,0.0036,0.0034,0.9444444444444444,6,0,6,0
trace-driven,trace,report_mixed_heterogeneous,FIFO,ProportionalAllocation,11,8,2,0.0029,0.0024,0.8275862068965517,3,0,3,0
trace-driven,trace,report_mixed_heterogeneous,FIFO,ProportionalAllocation,11,9,0,0.0027,0.0023,0.8518518518518519,2,0,2,0
trace-driven,trace,report_mixed_heterogeneous,FIFO,ProportionalAllocation,11,9,1,0.0037,0.0038,1.027027027027027,6,0,6,0
trace-driven,trace,report_mixed_heterogeneous,FIFO,ProportionalAllocation,11,9,2,0.0028,0.0024,0.8571428571428571,3,0,3,0
trace-driven,trace,report_mixed_heterogeneous,LRU,GlobalAllocation,11,0,0,0.0039,0.007,1.794871794871795,2,,,
trace-driven,trace,report_mixed_heterogeneous,LRU,GlobalAllocation,11,0,1,0.0054,0.0084,1.5555555555555556,6,,,
trace-driven,trace,report_mixed_heterogeneous,LRU,GlobalAllocation,11,0,2,0.0039,0.0056,1.435897435897436,3,,,
trace-driven,trace,report_mixed_heterogeneous,LRU,GlobalAllocation,11,1,0,0.0035,0.0048,1.3714285714285714,2,,,
trace-driven,trace,report_mixed_heterogeneous,LRU,GlobalAllocation,11,1,1,0.0045,0.006,1.3333333333333333,6,,,
trace-driven,trace,report_mixed_heterogeneous,LRU,GlobalAllocation,11,1,2,0.0035,0.0042,1.2,3,,,
trace-driven,trace,report_mixed_heterogeneous,LRU,GlobalAllocation,11,2,0,0.0032,0.0042,1.3125,2,,,
trace-driven,trace,report_mixed_heterogeneous,LRU,GlobalAllocation,11,2,1,0.0043,0.0059,1.372093023255814,6,,,
trace-driven,trace,report_mixed_heterogeneous,LRU,GlobalAllocation,11,2,2,0.0035,0.0041,1.1714285714285715,3,,,
trace-driven,trace,report_mixed_heterogeneous,LRU,GlobalAllocation,11,3,0,0.0031,0.0042,1.3548387096774193,2,,,
trace-driven,trace,report_mixed_heterogeneous,LRU,GlobalAllocation,11,3,1,0.0041,0.0055,1.3414634146341464,6,,,
trace-driven,trace,report_mixed_heterogeneous,LRU,GlobalAllocation,11,3,2,0.0033,0.0038,1.1515151515151516,3,,,
trace-driven,trace,report_mixed_heterogeneous,LRU,GlobalAllocation,11,4,0,0.0032,0.0041,1.28125,2,,,
trace-driven,trace,report_mixed_heterogeneous,LRU,GlobalAllocation,11,4,1,0.0043,0.0061,1.4186046511627908,6,,,
trace-driven,trace,report_mixed_heterogeneous,LRU,GlobalAllocation,11,4,2,0.0034,0.0046,1.3529411764705883,3,,,
trace-driven,trace,report_mixed_heterogeneous,LRU,GlobalAllocation,11,5,0,0.0032,0.0041,1.28125,2,,,
trace-driven,trace,report_mixed_heterogeneous,LRU,GlobalAllocation,11,5,1,0.0041,0.0055,1.3414634146341464,6,,,
trace-driven,trace,report_mixed_heterogeneous,LRU,GlobalAllocation,11,5,2,0.0048,0.004,0.8333333333333334,3,,,
trace-driven,trace,report_mixed_heterogeneous,LRU,GlobalAllocation,11,6,0,0.0031,0.0042,1.3548387096774193,2,,,
trace-driven,trace,report_mixed_heterogeneous,LRU,GlobalAllocation,11,6,1,0.0042,0.0054,1.2857142857142858,6,,,
trace-driven,trace,report_mixed_heterogeneous,LRU,GlobalAllocation,11,6,2,0.0032,0.004,1.25,3,,,
trace-driven,trace,report_mixed_heterogeneous,LRU,GlobalAllocation,11,7,0,0.003,0.0041,1.3666666666666667,2,,,
trace-driven,trace,report_mixed_heterogeneous,LRU,GlobalAllocation,11,7,1,0.004,0.0054,1.35,6,,,
trace-driven,trace,report_mixed_heterogeneous,LRU,GlobalAllocation,11,7,2,0.003,0.004,1.3333333333333333,3,,,
trace-driven,trace,report_mixed_heterogeneous,LRU,GlobalAllocation,11,8,0,0.0029,0.0048,1.6551724137931034,2,,,
trace-driven,trace,report_mixed_heterogeneous,LRU,GlobalAllocation,11,8,1,0.0039,0.0053,1.358974358974359,6,,,
trace-driven,trace,report_mixed_heterogeneous,LRU,GlobalAllocation,11,8,2,0.0033,0.0038,1.1515151515151516,3,,,
trace-driven,trace,report_mixed_heterogeneous,LRU,GlobalAllocation,11,9,0,0.0031,0.0041,1.3225806451612903,2,,,
trace-driven,trace,report_mixed_heterogeneous,LRU,GlobalAllocation,11,9,1,0.0039,0.0055,1.4102564102564104,6,,,
trace-driven,trace,report_mixed_heterogeneous,LRU,GlobalAllocation,11,9,2,0.0032,0.0041,1.28125,3,,,
trace-driven,trace,report_mixed_heterogeneous,LRU,LocalAllocation,11,0,0,0.0031,0.004,1.2903225806451613,2,0,2,0
trace-driven,trace,report_mixed_heterogeneous,LRU,LocalAllocation,11,0,1,0.0041,0.0054,1.3170731707317074,6,2,6,0
trace-driven,trace,report_mixed_heterogeneous,LRU,LocalAllocation,11,0,2,0.0031,0.0033,1.064516129032258,3,0,3,0
trace-driven,trace,report_mixed_heterogeneous,LRU,LocalAllocation,11,1,0,0.0029,0.0032,1.103448275862069,2,0,2,0
trace-driven,trace,report_mixed_heterogeneous,LRU,LocalAllocation,11,1,1,0.0041,0.0051,1.2439024390243902,6,2,6,0
trace-driven,trace,report_mixed_heterogeneous,LRU,LocalAllocation,11,1,2,0.0031,0.0031,1.0,3,0,3,0
trace-driven,trace,report_mixed_heterogeneous,LRU,LocalAllocation,11,2,0,0.003,0.0032,1.0666666666666667,2,0,2,0
trace-driven,trace,report_mixed_heterogeneous,LRU,LocalAllocation,11,2,1,0.0047,0.0049,1.0425531914893618,6,2,6,0
trace-driven,trace,report_mixed_heterogeneous,LRU,LocalAllocation,11,2,2,0.0032,0.003,0.9375,3,0,3,0
trace-driven,trace,report_mixed_heterogeneous,LRU,LocalAllocation,11,3,0,0.0033,0.0028,0.8484848484848485,2,0,2,0
trace-driven,trace,report_mixed_heterogeneous,LRU,LocalAllocation,11,3,1,0.0038,0.0044,1.1578947368421053,6,2,6,0
trace-driven,trace,report_mixed_heterogeneous,LRU,LocalAllocation,11,3,2,0.0031,0.003,0.967741935483871,3,0,3,0
trace-driven,trace,report_mixed_heterogeneous,LRU,LocalAllocation,11,4,0,0.003,0.0029,0.9666666666666667,2,0,2,0
trace-driven,trace,report_mixed_heterogeneous,LRU,LocalAllocation,11,4,1,0.0038,0.0046,1.2105263157894737,6,2,6,0
trace-driven,trace,report_mixed_heterogeneous,LRU,LocalAllocation,11,4,2,0.0031,0.0028,0.9032258064516129,3,0,3,0
trace-driven,trace,report_mixed_heterogeneous,LRU,LocalAllocation,11,5,0,0.0029,0.0029,1.0,2,0,2,0
trace-driven,trace,report_mixed_heterogeneous,LRU,LocalAllocation,11,5,1,0.0039,0.0042,1.0769230769230769,6,2,6,0
trace-driven,trace,report_mixed_heterogeneous,LRU,LocalAllocation,11,5,2,0.0031,0.0029,0.9354838709677419,3,0,3,0
trace-driven,trace,report_mixed_heterogeneous,LRU,LocalAllocation,11,6,0,0.0029,0.0028,0.9655172413793104,2,0,2,0
trace-driven,trace,report_mixed_heterogeneous,LRU,LocalAllocation,11,6,1,0.004,0.0044,1.1,6,2,6,0
trace-driven,trace,report_mixed_heterogeneous,LRU,LocalAllocation,11,6,2,0.0032,0.0029,0.90625,3,0,3,0
trace-driven,trace,report_mixed_heterogeneous,LRU,LocalAllocation,11,7,0,0.003,0.003,1.0,2,0,2,0
trace-driven,trace,report_mixed_heterogeneous,LRU,LocalAllocation,11,7,1,0.0038,0.0045,1.1842105263157894,6,2,6,0
trace-driven,trace,report_mixed_heterogeneous,LRU,LocalAllocation,11,7,2,0.003,0.0036,1.2,3,0,3,0
trace-driven,trace,report_mixed_heterogeneous,LRU,LocalAllocation,11,8,0,0.0029,0.0029,1.0,2,0,2,0
trace-driven,trace,report_mixed_heterogeneous,LRU,LocalAllocation,11,8,1,0.0038,0.0046,1.2105263157894737,6,2,6,0
trace-driven,trace,report_mixed_heterogeneous,LRU,LocalAllocation,11,8,2,0.0033,0.0029,0.8787878787878788,3,0,3,0
trace-driven,trace,report_mixed_heterogeneous,LRU,LocalAllocation,11,9,0,0.003,0.0029,0.9666666666666667,2,0,2,0
trace-driven,trace,report_mixed_heterogeneous,LRU,LocalAllocation,11,9,1,0.0037,0.0044,1.1891891891891893,6,2,6,0
trace-driven,trace,report_mixed_heterogeneous,LRU,LocalAllocation,11,9,2,0.003,0.0028,0.9333333333333333,3,0,3,0
trace-driven,trace,report_mixed_heterogeneous,LRU,ProportionalAllocation,11,0,0,0.003,0.0038,1.2666666666666666,2,0,2,0
trace-driven,trace,report_mixed_heterogeneous,LRU,ProportionalAllocation,11,0,1,0.0038,0.0043,1.131578947368421,6,0,6,0
trace-driven,trace,report_mixed_heterogeneous,LRU,ProportionalAllocation,11,0,2,0.0033,0.0031,0.9393939393939394,3,0,3,0
trace-driven,trace,report_mixed_heterogeneous,LRU,ProportionalAllocation,11,1,0,0.0029,0.0032,1.103448275862069,2,0,2,0
trace-driven,trace,report_mixed_heterogeneous,LRU,ProportionalAllocation,11,1,1,0.0039,0.0042,1.0769230769230769,6,0,6,0
trace-driven,trace,report_mixed_heterogeneous,LRU,ProportionalAllocation,11,1,2,0.0033,0.003,0.9090909090909091,3,0,3,0
trace-driven,trace,report_mixed_heterogeneous,LRU,ProportionalAllocation,11,2,0,0.0029,0.003,1.0344827586206897,2,0,2,0
trace-driven,trace,report_mixed_heterogeneous,LRU,ProportionalAllocation,11,2,1,0.0042,0.0037,0.8809523809523809,6,0,6,0
trace-driven,trace,report_mixed_heterogeneous,LRU,ProportionalAllocation,11,2,2,0.0031,0.0028,0.9032258064516129,3,0,3,0
trace-driven,trace,report_mixed_heterogeneous,LRU,ProportionalAllocation,11,3,0,0.003,0.0029,0.9666666666666667,2,0,2,0
trace-driven,trace,report_mixed_heterogeneous,LRU,ProportionalAllocation,11,3,1,0.004,0.0037,0.925,6,0,6,0
trace-driven,trace,report_mixed_heterogeneous,LRU,ProportionalAllocation,11,3,2,0.0031,0.0028,0.9032258064516129,3,0,3,0
trace-driven,trace,report_mixed_heterogeneous,LRU,ProportionalAllocation,11,4,0,0.003,0.0029,0.9666666666666667,2,0,2,0
trace-driven,trace,report_mixed_heterogeneous,LRU,ProportionalAllocation,11,4,1,0.004,0.0037,0.925,6,0,6,0
trace-driven,trace,report_mixed_heterogeneous,LRU,ProportionalAllocation,11,4,2,0.0032,0.0029,0.90625,3,0,3,0
trace-driven,trace,report_mixed_heterogeneous,LRU,ProportionalAllocation,11,5,0,0.0029,0.0029,1.0,2,0,2,0
trace-driven,trace,report_mixed_heterogeneous,LRU,ProportionalAllocation,11,5,1,0.004,0.0037,0.925,6,0,6,0
trace-driven,trace,report_mixed_heterogeneous,LRU,ProportionalAllocation,11,5,2,0.0031,0.0028,0.9032258064516129,3,0,3,0
trace-driven,trace,report_mixed_heterogeneous,LRU,ProportionalAllocation,11,6,0,0.0029,0.0031,1.0689655172413792,2,0,2,0
trace-driven,trace,report_mixed_heterogeneous,LRU,ProportionalAllocation,11,6,1,0.0038,0.0037,0.9736842105263158,6,0,6,0
trace-driven,trace,report_mixed_heterogeneous,LRU,ProportionalAllocation,11,6,2,0.003,0.0027,0.9,3,0,3,0
trace-driven,trace,report_mixed_heterogeneous,LRU,ProportionalAllocation,11,7,0,0.004,0.0028,0.7,2,0,2,0
trace-driven,trace,report_mixed_heterogeneous,LRU,ProportionalAllocation,11,7,1,0.004,0.0038,0.95,6,0,6,0
trace-driven,trace,report_mixed_heterogeneous,LRU,ProportionalAllocation,11,7,2,0.0031,0.0027,0.8709677419354839,3,0,3,0
trace-driven,trace,report_mixed_heterogeneous,LRU,ProportionalAllocation,11,8,0,0.003,0.0031,1.0333333333333334,2,0,2,0
trace-driven,trace,report_mixed_heterogeneous,LRU,ProportionalAllocation,11,8,1,0.0039,0.0035,0.8974358974358975,6,0,6,0
trace-driven,trace,report_mixed_heterogeneous,LRU,ProportionalAllocation,11,8,2,0.0031,0.0026,0.8387096774193549,3,0,3,0
trace-driven,trace,report_mixed_heterogeneous,LRU,ProportionalAllocation,11,9,0,0.0029,0.0029,1.0,2,0,2,0
trace-driven,trace,report_mixed_heterogeneous,LRU,ProportionalAllocation,11,9,1,0.004,0.0036,0.9,6,0,6,0
trace-driven,trace,report_mixed_heterogeneous,LRU,ProportionalAllocation,11,9,2,0.0031,0.0036,1.1612903225806452,3,0,3,0
trace-driven,trace,report_mixed_heterogeneous,NRU,GlobalAllocation,11,0,0,0.0049,0.0051,1.0408163265306123,2,,,
trace-driven,trace,report_mixed_heterogeneous,NRU,GlobalAllocation,11,0,1,0.0048,0.0063,1.3125,6,,,
trace-driven,trace,report_mixed_heterogeneous,NRU,GlobalAllocation,11,0,2,0.0045,0.0048,1.0666666666666667,3,,,
trace-driven,trace,report_mixed_heterogeneous,NRU,GlobalAllocation,11,1,0,0.0032,0.0042,1.3125,2,,,
trace-driven,trace,report_mixed_heterogeneous,NRU,GlobalAllocation,11,1,1,0.0039,0.006,1.5384615384615385,6,,,
trace-driven,trace,report_mixed_heterogeneous,NRU,GlobalAllocation,11,1,2,0.0032,0.0041,1.28125,3,,,
trace-driven,trace,report_mixed_heterogeneous,NRU,GlobalAllocation,11,2,0,0.0029,0.0037,1.2758620689655173,2,,,
trace-driven,trace,report_mixed_heterogeneous,NRU,GlobalAllocation,11,2,1,0.0041,0.0055,1.3414634146341464,6,,,
trace-driven,trace,report_mixed_heterogeneous,NRU,GlobalAllocation,11,2,2,0.0032,0.0039,1.21875,3,,,
trace-driven,trace,report_mixed_heterogeneous,NRU,GlobalAllocation,11,3,0,0.0032,0.0039,1.21875,2,,,
trace-driven,trace,report_mixed_heterogeneous,NRU,GlobalAllocation,11,3,1,0.0037,0.0049,1.3243243243243243,6,,,
trace-driven,trace,report_mixed_heterogeneous,NRU,GlobalAllocation,11,3,2,0.0031,0.0036,1.1612903225806452,3,,,
trace-driven,trace,report_mixed_heterogeneous,NRU,GlobalAllocation,11,4,0,0.0031,0.0038,1.2258064516129032,2,,,
trace-driven,trace,report_mixed_heterogeneous,NRU,GlobalAllocation,11,4,1,0.0036,0.0051,1.4166666666666667,6,,,
trace-driven,trace,report_mixed_heterogeneous,NRU,GlobalAllocation,11,4,2,0.0031,0.0036,1.1612903225806452,3,,,
trace-driven,trace,report_mixed_heterogeneous,NRU,GlobalAllocation,11,5,0,0.0031,0.0039,1.2580645161290323,2,,,
trace-driven,trace,report_mixed_heterogeneous,NRU,GlobalAllocation,11,5,1,0.0038,0.0052,1.368421052631579,6,,,
trace-driven,trace,report_mixed_heterogeneous,NRU,GlobalAllocation,11,5,2,0.0032,0.0039,1.21875,3,,,
trace-driven,trace,report_mixed_heterogeneous,NRU,GlobalAllocation,11,6,0,0.003,0.0038,1.2666666666666666,2,,,
trace-driven,trace,report_mixed_heterogeneous,NRU,GlobalAllocation,11,6,1,0.0039,0.0048,1.2307692307692308,6,,,
trace-driven,trace,report_mixed_heterogeneous,NRU,GlobalAllocation,11,6,2,0.0031,0.0036,1.1612903225806452,3,,,
trace-driven,trace,report_mixed_heterogeneous,NRU,GlobalAllocation,11,7,0,0.0027,0.0038,1.4074074074074074,2,,,
trace-driven,trace,report_mixed_heterogeneous,NRU,GlobalAllocation,11,7,1,0.0041,0.0049,1.1951219512195121,6,,,
trace-driven,trace,report_mixed_heterogeneous,NRU,GlobalAllocation,11,7,2,0.0029,0.0039,1.3448275862068966,3,,,
trace-driven,trace,report_mixed_heterogeneous,NRU,GlobalAllocation,11,8,0,0.004,0.0037,0.925,2,,,
trace-driven,trace,report_mixed_heterogeneous,NRU,GlobalAllocation,11,8,1,0.006,0.0048,0.8,6,,,
trace-driven,trace,report_mixed_heterogeneous,NRU,GlobalAllocation,11,8,2,0.0045,0.0038,0.8444444444444444,3,,,
trace-driven,trace,report_mixed_heterogeneous,NRU,GlobalAllocation,11,9,0,0.0028,0.004,1.4285714285714286,2,,,
trace-driven,trace,report_mixed_heterogeneous,NRU,GlobalAllocation,11,9,1,0.0036,0.0053,1.4722222222222223,6,,,
trace-driven,trace,report_mixed_heterogeneous,NRU,GlobalAllocation,11,9,2,0.0029,0.0037,1.2758620689655173,3,,,
trace-driven,trace,report_mixed_heterogeneous,NRU,LocalAllocation,11,0,0,0.0031,0.0037,1.1935483870967742,2,0,2,0
trace-driven,trace,report_mixed_heterogeneous,NRU,LocalAllocation,11,0,1,0.0037,0.0067,1.8108108108108107,6,2,6,0
trace-driven,trace,report_mixed_heterogeneous,NRU,LocalAllocation,11,0,2,0.0028,0.0031,1.1071428571428572,3,0,3,0
trace-driven,trace,report_mixed_heterogeneous,NRU,LocalAllocation,11,1,0,0.003,0.0033,1.1,2,0,2,0
trace-driven,trace,report_mixed_heterogeneous,NRU,LocalAllocation,11,1,1,0.0036,0.0074,2.0555555555555554,6,2,6,0
trace-driven,trace,report_mixed_heterogeneous,NRU,LocalAllocation,11,1,2,0.003,0.0029,0.9666666666666667,3,0,3,0
trace-driven,trace,report_mixed_heterogeneous,NRU,LocalAllocation,11,2,0,0.0028,0.0031,1.1071428571428572,2,0,2,0
trace-driven,trace,report_mixed_heterogeneous,NRU,LocalAllocation,11,2,1,0.0037,0.0065,1.7567567567567568,6,2,6,0
trace-driven,trace,report_mixed_heterogeneous,NRU,LocalAllocation,11,2,2,0.003,0.0029,0.9666666666666667,3,0,3,0
trace-driven,trace,report_mixed_heterogeneous,NRU,LocalAllocation,11,3,0,0.0029,0.0028,0.9655172413793104,2,0,2,0
trace-driven,trace,report_mixed_heterogeneous,NRU,LocalAllocation,11,3,1,0.0036,0.0062,1.7222222222222223,6,2,6,0
trace-driven,trace,report_mixed_heterogeneous,NRU,LocalAllocation,11,3,2,0.0029,0.0029,1.0,3,0,3,0
trace-driven,trace,report_mixed_heterogeneous,NRU,LocalAllocation,11,4,0,0.0029,0.003,1.0344827586206897,2,0,2,0
trace-driven,trace,report_mixed_heterogeneous,NRU,LocalAllocation,11,4,1,0.0046,0.006,1.3043478260869565,6,2,6,0
trace-driven,trace,report_mixed_heterogeneous,NRU,LocalAllocation,11,4,2,0.004,0.0028,0.7,3,0,3,0
trace-driven,trace,report_mixed_heterogeneous,NRU,LocalAllocation,11,5,0,0.0028,0.0029,1.0357142857142858,2,0,2,0
trace-driven,trace,report_mixed_heterogeneous,NRU,LocalAllocation,11,5,1,0.0037,0.0064,1.7297297297297298,6,2,6,0
trace-driven,trace,report_mixed_heterogeneous,NRU,LocalAllocation,11,5,2,0.0038,0.0027,0.7105263157894737,3,0,3,0
trace-driven,trace,report_mixed_heterogeneous,NRU,LocalAllocation,11,6,0,0.0028,0.0029,1.0357142857142858,2,0,2,0
trace-driven,trace,report_mixed_heterogeneous,NRU,LocalAllocation,11,6,1,0.0046,0.006,1.3043478260869565,6,2,6,0
trace-driven,trace,report_mixed_heterogeneous,NRU,LocalAllocation,11,6,2,0.003,0.0025,0.8333333333333334,3,0,3,0
trace-driven,trace,report_mixed_heterogeneous,NRU,LocalAllocation,11,7,0,0.0029,0.0029,1.0,2,0,2,0
trace-driven,trace,report_mixed_heterogeneous,NRU,LocalAllocation,11,7,1,0.0036,0.0061,1.6944444444444444,6,2,6,0
trace-driven,trace,report_mixed_heterogeneous,NRU,LocalAllocation,11,7,2,0.003,0.0026,0.8666666666666667,3,0,3,0
trace-driven,trace,report_mixed_heterogeneous,NRU,LocalAllocation,11,8,0,0.0029,0.0027,0.9310344827586207,2,0,2,0
trace-driven,trace,report_mixed_heterogeneous,NRU,LocalAllocation,11,8,1,0.0036,0.0058,1.6111111111111112,6,2,6,0
trace-driven,trace,report_mixed_heterogeneous,NRU,LocalAllocation,11,8,2,0.0029,0.0027,0.9310344827586207,3,0,3,0
trace-driven,trace,report_mixed_heterogeneous,NRU,LocalAllocation,11,9,0,0.0028,0.0035,1.25,2,0,2,0
trace-driven,trace,report_mixed_heterogeneous,NRU,LocalAllocation,11,9,1,0.0037,0.0058,1.5675675675675675,6,2,6,0
trace-driven,trace,report_mixed_heterogeneous,NRU,LocalAllocation,11,9,2,0.0031,0.0026,0.8387096774193549,3,0,3,0
trace-driven,trace,report_mixed_heterogeneous,NRU,ProportionalAllocation,11,0,0,0.0054,0.0063,1.1666666666666667,2,0,2,0
trace-driven,trace,report_mixed_heterogeneous,NRU,ProportionalAllocation,11,0,1,0.0065,0.0072,1.1076923076923078,6,0,6,0
trace-driven,trace,report_mixed_heterogeneous,NRU,ProportionalAllocation,11,0,2,0.0055,0.0056,1.018181818181818,3,0,3,0
trace-driven,trace,report_mixed_heterogeneous,NRU,ProportionalAllocation,11,1,0,0.005,0.0052,1.04,2,0,2,0
trace-driven,trace,report_mixed_heterogeneous,NRU,ProportionalAllocation,11,1,1,0.0064,0.0067,1.046875,6,0,6,0
trace-driven,trace,report_mixed_heterogeneous,NRU,ProportionalAllocation,11,1,2,0.0073,0.005,0.684931506849315,3,0,3,0
trace-driven,trace,report_mixed_heterogeneous,NRU,ProportionalAllocation,11,2,0,0.0048,0.0052,1.0833333333333333,2,0,2,0
trace-driven,trace,report_mixed_heterogeneous,NRU,ProportionalAllocation,11,2,1,0.0063,0.0069,1.0952380952380953,6,0,6,0
trace-driven,trace,report_mixed_heterogeneous,NRU,ProportionalAllocation,11,2,2,0.0054,0.0051,0.9444444444444444,3,0,3,0
trace-driven,trace,report_mixed_heterogeneous,NRU,ProportionalAllocation,11,3,0,0.0051,0.0048,0.9411764705882353,2,0,2,0
trace-driven,trace,report_mixed_heterogeneous,NRU,ProportionalAllocation,11,3,1,0.0066,0.0066,1.0,6,0,6,0
trace-driven,trace,report_mixed_heterogeneous,NRU,ProportionalAllocation,11,3,2,0.0053,0.0052,0.9811320754716981,3,0,3,0
trace-driven,trace,report_mixed_heterogeneous,NRU,ProportionalAllocation,11,4,0,0.0048,0.0042,0.875,2,0,2,0
trace-driven,trace,report_mixed_heterogeneous,NRU,ProportionalAllocation,11,4,1,0.0062,0.0054,0.8709677419354839,6,0,6,0
trace-driven,trace,report_mixed_heterogeneous,NRU,ProportionalAllocation,11,4,2,0.0051,0.004,0.7843137254901961,3,0,3,0
trace-driven,trace,report_mixed_heterogeneous,NRU,ProportionalAllocation,11,5,0,0.0051,0.0049,0.9607843137254902,2,0,2,0
trace-driven,trace,report_mixed_heterogeneous,NRU,ProportionalAllocation,11,5,1,0.0091,0.0065,0.7142857142857143,6,0,6,0
trace-driven,trace,report_mixed_heterogeneous,NRU,ProportionalAllocation,11,5,2,0.0052,0.0051,0.9807692307692307,3,0,3,0
trace-driven,trace,report_mixed_heterogeneous,NRU,ProportionalAllocation,11,6,0,0.005,0.005,1.0,2,0,2,0
trace-driven,trace,report_mixed_heterogeneous,NRU,ProportionalAllocation,11,6,1,0.0066,0.0065,0.9848484848484849,6,0,6,0
trace-driven,trace,report_mixed_heterogeneous,NRU,ProportionalAllocation,11,6,2,0.0052,0.0051,0.9807692307692307,3,0,3,0
trace-driven,trace,report_mixed_heterogeneous,NRU,ProportionalAllocation,11,7,0,0.0048,0.0048,1.0,2,0,2,0
trace-driven,trace,report_mixed_heterogeneous,NRU,ProportionalAllocation,11,7,1,0.0065,0.0065,1.0,6,0,6,0
trace-driven,trace,report_mixed_heterogeneous,NRU,ProportionalAllocation,11,7,2,0.0053,0.0049,0.9245283018867925,3,0,3,0
trace-driven,trace,report_mixed_heterogeneous,NRU,ProportionalAllocation,11,8,0,0.0049,0.0051,1.0408163265306123,2,0,2,0
trace-driven,trace,report_mixed_heterogeneous,NRU,ProportionalAllocation,11,8,1,0.0063,0.0063,1.0,6,0,6,0
trace-driven,trace,report_mixed_heterogeneous,NRU,ProportionalAllocation,11,8,2,0.0051,0.0048,0.9411764705882353,3,0,3,0
trace-driven,trace,report_mixed_heterogeneous,NRU,ProportionalAllocation,11,9,0,0.0051,0.005,0.9803921568627451,2,0,2,0
trace-driven,trace,report_mixed_heterogeneous,NRU,ProportionalAllocation,11,9,1,3.6669,0.0064,0.0017453434781423,6,0,6,0
trace-driven,trace,report_mixed_heterogeneous,NRU,ProportionalAllocation,11,9,2,0.0061,0.0048,0.7868852459016393,3,0,3,0
trace-driven,trace,report_mixed_heterogeneous,SecondChance,GlobalAllocation,11,0,0,0.0065,0.0086,1.323076923076923,2,,,
trace-driven,trace,report_mixed_heterogeneous,SecondChance,GlobalAllocation,11,0,1,0.009,0.0132,1.4666666666666666,6,,,
trace-driven,trace,report_mixed_heterogeneous,SecondChance,GlobalAllocation,11,0,2,0.0069,0.0091,1.318840579710145,3,,,
trace-driven,trace,report_mixed_heterogeneous,SecondChance,GlobalAllocation,11,1,0,0.0056,0.0073,1.3035714285714286,2,,,
trace-driven,trace,report_mixed_heterogeneous,SecondChance,GlobalAllocation,11,1,1,0.0077,0.0103,1.3376623376623376,6,,,
trace-driven,trace,report_mixed_heterogeneous,SecondChance,GlobalAllocation,11,1,2,0.0058,0.0077,1.3275862068965518,3,,,
trace-driven,trace,report_mixed_heterogeneous,SecondChance,GlobalAllocation,11,2,0,0.0077,0.0152,1.974025974025974,2,,,
trace-driven,trace,report_mixed_heterogeneous,SecondChance,GlobalAllocation,11,2,1,0.008,0.0194,2.425,6,,,
trace-driven,trace,report_mixed_heterogeneous,SecondChance,GlobalAllocation,11,2,2,0.006,0.0094,1.5666666666666667,3,,,
trace-driven,trace,report_mixed_heterogeneous,SecondChance,GlobalAllocation,11,3,0,0.0059,0.0072,1.2203389830508475,2,,,
trace-driven,trace,report_mixed_heterogeneous,SecondChance,GlobalAllocation,11,3,1,0.0084,0.0109,1.2976190476190477,6,,,
trace-driven,trace,report_mixed_heterogeneous,SecondChance,GlobalAllocation,11,3,2,0.0059,0.0079,1.3389830508474576,3,,,
trace-driven,trace,report_mixed_heterogeneous,SecondChance,GlobalAllocation,11,4,0,0.0047,0.0072,1.5319148936170213,2,,,
trace-driven,trace,report_mixed_heterogeneous,SecondChance,GlobalAllocation,11,4,1,0.0072,0.0107,1.4861111111111112,6,,,
trace-driven,trace,report_mixed_heterogeneous,SecondChance,GlobalAllocation,11,4,2,0.0055,0.0068,1.2363636363636363,3,,,
trace-driven,trace,report_mixed_heterogeneous,SecondChance,GlobalAllocation,11,5,0,0.0032,0.0041,1.28125,2,,,
trace-driven,trace,report_mixed_heterogeneous,SecondChance,GlobalAllocation,11,5,1,0.0043,0.0056,1.302325581395349,6,,,
trace-driven,trace,report_mixed_heterogeneous,SecondChance,GlobalAllocation,11,5,2,0.0031,0.0041,1.3225806451612903,3,,,
trace-driven,trace,report_mixed_heterogeneous,SecondChance,GlobalAllocation,11,6,0,0.0031,0.0047,1.5161290322580645,2,,,
trace-driven,trace,report_mixed_heterogeneous,SecondChance,GlobalAllocation,11,6,1,0.0042,0.0068,1.619047619047619,6,,,
trace-driven,trace,report_mixed_heterogeneous,SecondChance,GlobalAllocation,11,6,2,0.003,0.004,1.3333333333333333,3,,,
trace-driven,trace,report_mixed_heterogeneous,SecondChance,GlobalAllocation,11,7,0,0.0029,0.0055,1.896551724137931,2,,,
trace-driven,trace,report_mixed_heterogeneous,SecondChance,GlobalAllocation,11,7,1,0.004,0.0087,2.175,6,,,
trace-driven,trace,report_mixed_heterogeneous,SecondChance,GlobalAllocation,11,7,2,0.0033,0.0057,1.7272727272727273,3,,,
trace-driven,trace,report_mixed_heterogeneous,SecondChance,GlobalAllocation,11,8,0,0.0031,0.0049,1.5806451612903225,2,,,
trace-driven,trace,report_mixed_heterogeneous,SecondChance,GlobalAllocation,11,8,1,0.0042,0.0064,1.5238095238095237,6,,,
trace-driven,trace,report_mixed_heterogeneous,SecondChance,GlobalAllocation,11,8,2,0.0029,0.0043,1.4827586206896552,3,,,
trace-driven,trace,report_mixed_heterogeneous,SecondChance,GlobalAllocation,11,9,0,0.003,0.0036,1.2,2,,,
trace-driven,trace,report_mixed_heterogeneous,SecondChance,GlobalAllocation,11,9,1,0.0043,0.0057,1.3255813953488371,6,,,
trace-driven,trace,report_mixed_heterogeneous,SecondChance,GlobalAllocation,11,9,2,0.0029,0.0041,1.4137931034482758,3,,,
trace-driven,trace,report_mixed_heterogeneous,SecondChance,LocalAllocation,11,0,0,0.0055,0.0062,1.1272727272727272,2,0,2,0
trace-driven,trace,report_mixed_heterogeneous,SecondChance,LocalAllocation,11,0,1,0.0078,0.0104,1.3333333333333333,6,2,6,0
trace-driven,trace,report_mixed_heterogeneous,SecondChance,LocalAllocation,11,0,2,0.0051,0.006,1.1764705882352942,3,0,3,0
trace-driven,trace,report_mixed_heterogeneous,SecondChance,LocalAllocation,11,1,0,0.0048,0.0051,1.0625,2,0,2,0
trace-driven,trace,report_mixed_heterogeneous,SecondChance,LocalAllocation,11,1,1,0.0068,0.0096,1.411764705882353,6,2,6,0
trace-driven,trace,report_mixed_heterogeneous,SecondChance,LocalAllocation,11,1,2,0.0049,0.0048,0.9795918367346939,3,0,3,0
trace-driven,trace,report_mixed_heterogeneous,SecondChance,LocalAllocation,11,2,0,0.0041,0.005,1.2195121951219512,2,0,2,0
trace-driven,trace,report_mixed_heterogeneous,SecondChance,LocalAllocation,11,2,1,0.0069,0.0102,1.4782608695652173,6,2,6,0
trace-driven,trace,report_mixed_heterogeneous,SecondChance,LocalAllocation,11,2,2,0.0049,0.0051,1.0408163265306123,3,0,3,0
trace-driven,trace,report_mixed_heterogeneous,SecondChance,LocalAllocation,11,3,0,0.0047,0.0047,1.0,2,0,2,0
trace-driven,trace,report_mixed_heterogeneous,SecondChance,LocalAllocation,11,3,1,0.0069,0.0088,1.2753623188405796,6,2,6,0
trace-driven,trace,report_mixed_heterogeneous,SecondChance,LocalAllocation,11,3,2,0.0051,0.0047,0.9215686274509803,3,0,3,0
trace-driven,trace,report_mixed_heterogeneous,SecondChance,LocalAllocation,11,4,0,0.0051,0.005,0.9803921568627451,2,0,2,0
trace-driven,trace,report_mixed_heterogeneous,SecondChance,LocalAllocation,11,4,1,0.0072,0.0095,1.3194444444444444,6,2,6,0
trace-driven,trace,report_mixed_heterogeneous,SecondChance,LocalAllocation,11,4,2,0.0054,0.0053,0.9814814814814815,3,0,3,0
trace-driven,trace,report_mixed_heterogeneous,SecondChance,LocalAllocation,11,5,0,0.0051,0.005,0.9803921568627451,2,0,2,0
trace-driven,trace,report_mixed_heterogeneous,SecondChance,LocalAllocation,11,5,1,0.0064,0.0088,1.375,6,2,6,0
trace-driven,trace,report_mixed_heterogeneous,SecondChance,LocalAllocation,11,5,2,0.0048,0.0046,0.9583333333333334,3,0,3,0
trace-driven,trace,report_mixed_heterogeneous,SecondChance,LocalAllocation,11,6,0,0.0027,0.0032,1.1851851851851851,2,0,2,0
trace-driven,trace,report_mixed_heterogeneous,SecondChance,LocalAllocation,11,6,1,0.0038,0.0054,1.4210526315789473,6,2,6,0
trace-driven,trace,report_mixed_heterogeneous,SecondChance,LocalAllocation,11,6,2,0.0029,0.0038,1.3103448275862069,3,0,3,0
trace-driven,trace,report_mixed_heterogeneous,SecondChance,LocalAllocation,11,7,0,0.003,0.0028,0.9333333333333333,2,0,2,0
trace-driven,trace,report_mixed_heterogeneous,SecondChance,LocalAllocation,11,7,1,0.004,0.0056,1.4,6,2,6,0
trace-driven,trace,report_mixed_heterogeneous,SecondChance,LocalAllocation,11,7,2,0.003,0.0027,0.9,3,0,3,0
trace-driven,trace,report_mixed_heterogeneous,SecondChance,LocalAllocation,11,8,0,0.003,0.0028,0.9333333333333333,2,0,2,0
trace-driven,trace,report_mixed_heterogeneous,SecondChance,LocalAllocation,11,8,1,0.0039,0.0049,1.2564102564102564,6,2,6,0
trace-driven,trace,report_mixed_heterogeneous,SecondChance,LocalAllocation,11,8,2,0.0029,0.0031,1.0689655172413792,3,0,3,0
trace-driven,trace,report_mixed_heterogeneous,SecondChance,LocalAllocation,11,9,0,0.0028,0.0028,1.0,2,0,2,0
trace-driven,trace,report_mixed_heterogeneous,SecondChance,LocalAllocation,11,9,1,0.0038,0.0047,1.236842105263158,6,2,6,0
trace-driven,trace,report_mixed_heterogeneous,SecondChance,LocalAllocation,11,9,2,0.003,0.0026,0.8666666666666667,3,0,3,0
trace-driven,trace,report_mixed_heterogeneous,SecondChance,ProportionalAllocation,11,0,0,0.0029,0.0035,1.206896551724138,2,0,2,0
trace-driven,trace,report_mixed_heterogeneous,SecondChance,ProportionalAllocation,11,0,1,0.0039,0.0041,1.0512820512820513,6,0,6,0
trace-driven,trace,report_mixed_heterogeneous,SecondChance,ProportionalAllocation,11,0,2,0.0029,0.0029,1.0,3,0,3,0
trace-driven,trace,report_mixed_heterogeneous,SecondChance,ProportionalAllocation,11,1,0,0.0029,0.003,1.0344827586206897,2,0,2,0
trace-driven,trace,report_mixed_heterogeneous,SecondChance,ProportionalAllocation,11,1,1,0.0038,0.0039,1.0263157894736843,6,0,6,0
trace-driven,trace,report_mixed_heterogeneous,SecondChance,ProportionalAllocation,11,1,2,0.003,0.0029,0.9666666666666667,3,0,3,0
trace-driven,trace,report_mixed_heterogeneous,SecondChance,ProportionalAllocation,11,2,0,0.0028,0.0029,1.0357142857142858,2,0,2,0
trace-driven,trace,report_mixed_heterogeneous,SecondChance,ProportionalAllocation,11,2,1,0.0041,0.0039,0.9512195121951219,6,0,6,0
trace-driven,trace,report_mixed_heterogeneous,SecondChance,ProportionalAllocation,11,2,2,0.0029,0.0028,0.9655172413793104,3,0,3,0
trace-driven,trace,report_mixed_heterogeneous,SecondChance,ProportionalAllocation,11,3,0,0.0027,0.0032,1.1851851851851851,2,0,2,0
trace-driven,trace,report_mixed_heterogeneous,SecondChance,ProportionalAllocation,11,3,1,0.0038,0.0038,1.0,6,0,6,0
trace-driven,trace,report_mixed_heterogeneous,SecondChance,ProportionalAllocation,11,3,2,0.0031,0.0025,0.8064516129032258,3,0,3,0
trace-driven,trace,report_mixed_heterogeneous,SecondChance,ProportionalAllocation,11,4,0,0.0029,0.0029,1.0,2,0,2,0
trace-driven,trace,report_mixed_heterogeneous,SecondChance,ProportionalAllocation,11,4,1,0.0039,0.0036,0.9230769230769231,6,0,6,0
trace-driven,trace,report_mixed_heterogeneous,SecondChance,ProportionalAllocation,11,4,2,0.0029,0.0028,0.9655172413793104,3,0,3,0
trace-driven,trace,report_mixed_heterogeneous,SecondChance,ProportionalAllocation,11,5,0,0.0028,0.0029,1.0357142857142858,2,0,2,0
trace-driven,trace,report_mixed_heterogeneous,SecondChance,ProportionalAllocation,11,5,1,0.0038,0.0037,0.9736842105263158,6,0,6,0
trace-driven,trace,report_mixed_heterogeneous,SecondChance,ProportionalAllocation,11,5,2,0.0029,0.0029,1.0,3,0,3,0
trace-driven,trace,report_mixed_heterogeneous,SecondChance,ProportionalAllocation,11,6,0,0.0027,0.0027,1.0,2,0,2,0
trace-driven,trace,report_mixed_heterogeneous,SecondChance,ProportionalAllocation,11,6,1,0.0039,0.0038,0.9743589743589743,6,0,6,0
trace-driven,trace,report_mixed_heterogeneous,SecondChance,ProportionalAllocation,11,6,2,0.003,0.0029,0.9666666666666667,3,0,3,0
trace-driven,trace,report_mixed_heterogeneous,SecondChance,ProportionalAllocation,11,7,0,0.0027,0.0027,1.0,2,0,2,0
trace-driven,trace,report_mixed_heterogeneous,SecondChance,ProportionalAllocation,11,7,1,0.0039,0.0036,0.9230769230769231,6,0,6,0
trace-driven,trace,report_mixed_heterogeneous,SecondChance,ProportionalAllocation,11,7,2,0.003,0.0025,0.8333333333333334,3,0,3,0
trace-driven,trace,report_mixed_heterogeneous,SecondChance,ProportionalAllocation,11,8,0,0.0027,0.0028,1.037037037037037,2,0,2,0
trace-driven,trace,report_mixed_heterogeneous,SecondChance,ProportionalAllocation,11,8,1,0.0042,0.0036,0.8571428571428571,6,0,6,0
trace-driven,trace,report_mixed_heterogeneous,SecondChance,ProportionalAllocation,11,8,2,0.0029,0.0028,0.9655172413793104,3,0,3,0
trace-driven,trace,report_mixed_heterogeneous,SecondChance,ProportionalAllocation,11,9,0,0.0028,0.0028,1.0,2,0,2,0
trace-driven,trace,report_mixed_heterogeneous,SecondChance,ProportionalAllocation,11,9,1,0.0038,0.0035,0.9210526315789473,6,0,6,0
trace-driven,trace,report_mixed_heterogeneous,SecondChance,ProportionalAllocation,11,9,2,0.0028,0.003,1.0714285714285714,3,0,3,0
trace-driven,trace,report_mixed_heterogeneous,WSClock,GlobalAllocation,11,0,0,0.0037,0.0051,1.3783783783783783,2,,,
trace-driven,trace,report_mixed_heterogeneous,WSClock,GlobalAllocation,11,0,1,0.005,0.0073,1.46,6,,,
trace-driven,trace,report_mixed_heterogeneous,WSClock,GlobalAllocation,11,0,2,0.0037,0.0049,1.3243243243243243,3,,,
trace-driven,trace,report_mixed_heterogeneous,WSClock,GlobalAllocation,11,1,0,0.0032,0.0042,1.3125,2,,,
trace-driven,trace,report_mixed_heterogeneous,WSClock,GlobalAllocation,11,1,1,0.0042,0.0061,1.4523809523809523,6,,,
trace-driven,trace,report_mixed_heterogeneous,WSClock,GlobalAllocation,11,1,2,0.0033,0.0042,1.2727272727272727,3,,,
trace-driven,trace,report_mixed_heterogeneous,WSClock,GlobalAllocation,11,2,0,0.0031,0.0039,1.2580645161290323,2,,,
trace-driven,trace,report_mixed_heterogeneous,WSClock,GlobalAllocation,11,2,1,0.0042,0.0059,1.4047619047619047,6,,,
trace-driven,trace,report_mixed_heterogeneous,WSClock,GlobalAllocation,11,2,2,0.0032,0.0041,1.28125,3,,,
trace-driven,trace,report_mixed_heterogeneous,WSClock,GlobalAllocation,11,3,0,0.0029,0.0039,1.3448275862068966,2,,,
trace-driven,trace,report_mixed_heterogeneous,WSClock,GlobalAllocation,11,3,1,0.0041,0.0055,1.3414634146341464,6,,,
trace-driven,trace,report_mixed_heterogeneous,WSClock,GlobalAllocation,11,3,2,0.0031,0.0037,1.1935483870967742,3,,,
trace-driven,trace,report_mixed_heterogeneous,WSClock,GlobalAllocation,11,4,0,0.0032,0.0039,1.21875,2,,,
trace-driven,trace,report_mixed_heterogeneous,WSClock,GlobalAllocation,11,4,1,0.004,0.0055,1.375,6,,,
trace-driven,trace,report_mixed_heterogeneous,WSClock,GlobalAllocation,11,4,2,0.0032,0.0039,1.21875,3,,,
trace-driven,trace,report_mixed_heterogeneous,WSClock,GlobalAllocation,11,5,0,0.0032,0.0038,1.1875,2,,,
trace-driven,trace,report_mixed_heterogeneous,WSClock,GlobalAllocation,11,5,1,0.0041,0.0059,1.4390243902439024,6,,,
trace-driven,trace,report_mixed_heterogeneous,WSClock,GlobalAllocation,11,5,2,0.0032,0.004,1.25,3,,,
trace-driven,trace,report_mixed_heterogeneous,WSClock,GlobalAllocation,11,6,0,0.003,0.0041,1.3666666666666667,2,,,
trace-driven,trace,report_mixed_heterogeneous,WSClock,GlobalAllocation,11,6,1,0.004,0.0053,1.325,6,,,
trace-driven,trace,report_mixed_heterogeneous,WSClock,GlobalAllocation,11,6,2,0.0029,0.0039,1.3448275862068966,3,,,
trace-driven,trace,report_mixed_heterogeneous,WSClock,GlobalAllocation,11,7,0,0.0027,0.0038,1.4074074074074074,2,,,
trace-driven,trace,report_mixed_heterogeneous,WSClock,GlobalAllocation,11,7,1,0.0038,0.0055,1.4473684210526316,6,,,
trace-driven,trace,report_mixed_heterogeneous,WSClock,GlobalAllocation,11,7,2,0.003,0.0039,1.3,3,,,
trace-driven,trace,report_mixed_heterogeneous,WSClock,GlobalAllocation,11,8,0,0.0029,0.0036,1.2413793103448276,2,,,
trace-driven,trace,report_mixed_heterogeneous,WSClock,GlobalAllocation,11,8,1,0.0041,0.0053,1.2926829268292683,6,,,
trace-driven,trace,report_mixed_heterogeneous,WSClock,GlobalAllocation,11,8,2,0.0028,0.0038,1.3571428571428572,3,,,
trace-driven,trace,report_mixed_heterogeneous,WSClock,GlobalAllocation,11,9,0,0.0027,0.0037,1.3703703703703705,2,,,
trace-driven,trace,report_mixed_heterogeneous,WSClock,GlobalAllocation,11,9,1,0.0039,0.0056,1.435897435897436,6,,,
trace-driven,trace,report_mixed_heterogeneous,WSClock,GlobalAllocation,11,9,2,0.003,0.0038,1.2666666666666666,3,,,
trace-driven,trace,report_mixed_heterogeneous,WSClock,LocalAllocation,11,0,0,0.0029,0.0038,1.3103448275862069,2,0,2,0
trace-driven,trace,report_mixed_heterogeneous,WSClock,LocalAllocation,11,0,1,0.004,0.0083,2.075,6,2,6,0
trace-driven,trace,report_mixed_heterogeneous,WSClock,LocalAllocation,11,0,2,0.003,0.003,1.0,3,0,3,0
trace-driven,trace,report_mixed_heterogeneous,WSClock,LocalAllocation,11,1,0,0.0029,0.0034,1.1724137931034482,2,0,2,0
trace-driven,trace,report_mixed_heterogeneous,WSClock,LocalAllocation,11,1,1,0.0039,0.0081,2.076923076923077,6,2,6,0
trace-driven,trace,report_mixed_heterogeneous,WSClock,LocalAllocation,11,1,2,0.0028,0.003,1.0714285714285714,3,0,3,0
trace-driven,trace,report_mixed_heterogeneous,WSClock,LocalAllocation,11,2,0,0.0028,0.0032,1.1428571428571428,2,0,2,0
trace-driven,trace,report_mixed_heterogeneous,WSClock,LocalAllocation,11,2,1,0.0038,0.0081,2.1315789473684212,6,2,6,0
trace-driven,trace,report_mixed_heterogeneous,WSClock,LocalAllocation,11,2,2,0.0029,0.0029,1.0,3,0,3,0
trace-driven,trace,report_mixed_heterogeneous,WSClock,LocalAllocation,11,3,0,0.0027,0.0028,1.037037037037037,2,0,2,0
trace-driven,trace,report_mixed_heterogeneous,WSClock,LocalAllocation,11,3,1,0.0038,0.0078,2.0526315789473686,6,2,6,0
trace-driven,trace,report_mixed_heterogeneous,WSClock,LocalAllocation,11,3,2,0.0029,0.0027,0.9310344827586207,3,0,3,0
trace-driven,trace,report_mixed_heterogeneous,WSClock,LocalAllocation,11,4,0,0.0027,0.0028,1.037037037037037,2,0,2,0
trace-driven,trace,report_mixed_heterogeneous,WSClock,LocalAllocation,11,4,1,0.0037,0.0077,2.081081081081081,6,2,6,0
trace-driven,trace,report_mixed_heterogeneous,WSClock,LocalAllocation,11,4,2,0.0029,0.0025,0.8620689655172413,3,0,3,0
trace-driven,trace,report_mixed_heterogeneous,WSClock,LocalAllocation,11,5,0,0.0029,0.0027,0.9310344827586207,2,0,2,0
trace-driven,trace,report_mixed_heterogeneous,WSClock,LocalAllocation,11,5,1,0.0041,0.008,1.951219512195122,6,2,6,0
trace-driven,trace,report_mixed_heterogeneous,WSClock,LocalAllocation,11,5,2,0.003,0.0027,0.9,3,0,3,0
trace-driven,trace,report_mixed_heterogeneous,WSClock,LocalAllocation,11,6,0,0.0027,0.003,1.1111111111111112,2,0,2,0
trace-driven,trace,report_mixed_heterogeneous,WSClock,LocalAllocation,11,6,1,0.0039,0.0093,2.3846153846153846,6,2,6,0
trace-driven,trace,report_mixed_heterogeneous,WSClock,LocalAllocation,11,6,2,0.0028,0.0026,0.9285714285714286,3,0,3,0
trace-driven,trace,report_mixed_heterogeneous,WSClock,LocalAllocation,11,7,0,0.0026,0.0026,1.0,2,0,2,0
trace-driven,trace,report_mixed_heterogeneous,WSClock,LocalAllocation,11,7,1,0.0041,0.0075,1.829268292682927,6,2,6,0
trace-driven,trace,report_mixed_heterogeneous,WSClock,LocalAllocation,11,7,2,0.0028,0.0027,0.9642857142857143,3,0,3,0
trace-driven,trace,report_mixed_heterogeneous,WSClock,LocalAllocation,11,8,0,0.0028,0.0027,0.9642857142857143,2,0,2,0
trace-driven,trace,report_mixed_heterogeneous,WSClock,LocalAllocation,11,8,1,0.0037,0.0078,2.108108108108108,6,2,6,0
trace-driven,trace,report_mixed_heterogeneous,WSClock,LocalAllocation,11,8,2,0.003,0.0027,0.9,3,0,3,0
trace-driven,trace,report_mixed_heterogeneous,WSClock,LocalAllocation,11,9,0,0.0027,0.0027,1.0,2,0,2,0
trace-driven,trace,report_mixed_heterogeneous,WSClock,LocalAllocation,11,9,1,0.0038,0.0079,2.0789473684210527,6,2,6,0
trace-driven,trace,report_mixed_heterogeneous,WSClock,LocalAllocation,11,9,2,0.0029,0.0025,0.8620689655172413,3,0,3,0
trace-driven,trace,report_mixed_heterogeneous,WSClock,ProportionalAllocation,11,0,0,0.0031,0.0034,1.096774193548387,2,0,2,0
trace-driven,trace,report_mixed_heterogeneous,WSClock,ProportionalAllocation,11,0,1,0.0038,0.0039,1.0263157894736843,6,0,6,0
trace-driven,trace,report_mixed_heterogeneous,WSClock,ProportionalAllocation,11,0,2,0.003,0.0029,0.9666666666666667,3,0,3,0
trace-driven,trace,report_mixed_heterogeneous,WSClock,ProportionalAllocation,11,1,0,0.0027,0.0029,1.0740740740740742,2,0,2,0
trace-driven,trace,report_mixed_heterogeneous,WSClock,ProportionalAllocation,11,1,1,0.0039,0.0039,1.0,6,0,6,0
trace-driven,trace,report_mixed_heterogeneous,WSClock,ProportionalAllocation,11,1,2,0.0028,0.0028,1.0,3,0,3,0
trace-driven,trace,report_mixed_heterogeneous,WSClock,ProportionalAllocation,11,2,0,0.0028,0.0029,1.0357142857142858,2,0,2,0
trace-driven,trace,report_mixed_heterogeneous,WSClock,ProportionalAllocation,11,2,1,0.0039,0.004,1.0256410256410255,6,0,6,0
trace-driven,trace,report_mixed_heterogeneous,WSClock,ProportionalAllocation,11,2,2,0.0029,0.0028,0.9655172413793104,3,0,3,0
trace-driven,trace,report_mixed_heterogeneous,WSClock,ProportionalAllocation,11,3,0,0.0027,0.0028,1.037037037037037,2,0,2,0
trace-driven,trace,report_mixed_heterogeneous,WSClock,ProportionalAllocation,11,3,1,0.0037,0.0038,1.027027027027027,6,0,6,0
trace-driven,trace,report_mixed_heterogeneous,WSClock,ProportionalAllocation,11,3,2,0.0029,0.0026,0.896551724137931,3,0,3,0
trace-driven,trace,report_mixed_heterogeneous,WSClock,ProportionalAllocation,11,4,0,0.0027,0.0029,1.0740740740740742,2,0,2,0
trace-driven,trace,report_mixed_heterogeneous,WSClock,ProportionalAllocation,11,4,1,0.0038,0.0036,0.9473684210526315,6,0,6,0
trace-driven,trace,report_mixed_heterogeneous,WSClock,ProportionalAllocation,11,4,2,0.0029,0.0027,0.9310344827586207,3,0,3,0
trace-driven,trace,report_mixed_heterogeneous,WSClock,ProportionalAllocation,11,5,0,0.0027,0.0028,1.037037037037037,2,0,2,0
trace-driven,trace,report_mixed_heterogeneous,WSClock,ProportionalAllocation,11,5,1,0.0038,0.0038,1.0,6,0,6,0
trace-driven,trace,report_mixed_heterogeneous,WSClock,ProportionalAllocation,11,5,2,0.0029,0.0027,0.9310344827586207,3,0,3,0
trace-driven,trace,report_mixed_heterogeneous,WSClock,ProportionalAllocation,11,6,0,0.0027,0.0025,0.9259259259259259,2,0,2,0
trace-driven,trace,report_mixed_heterogeneous,WSClock,ProportionalAllocation,11,6,1,0.0037,0.0036,0.972972972972973,6,0,6,0
trace-driven,trace,report_mixed_heterogeneous,WSClock,ProportionalAllocation,11,6,2,0.0029,0.0024,0.8275862068965517,3,0,3,0
trace-driven,trace,report_mixed_heterogeneous,WSClock,ProportionalAllocation,11,7,0,0.0027,0.0027,1.0,2,0,2,0
trace-driven,trace,report_mixed_heterogeneous,WSClock,ProportionalAllocation,11,7,1,0.0039,0.0036,0.9230769230769231,6,0,6,0
trace-driven,trace,report_mixed_heterogeneous,WSClock,ProportionalAllocation,11,7,2,0.0028,0.0024,0.8571428571428571,3,0,3,0
trace-driven,trace,report_mixed_heterogeneous,WSClock,ProportionalAllocation,11,8,0,0.0026,0.0028,1.0769230769230769,2,0,2,0
trace-driven,trace,report_mixed_heterogeneous,WSClock,ProportionalAllocation,11,8,1,0.0039,0.0035,0.8974358974358975,6,0,6,0
trace-driven,trace,report_mixed_heterogeneous,WSClock,ProportionalAllocation,11,8,2,0.0028,0.0027,0.9642857142857143,3,0,3,0
trace-driven,trace,report_mixed_heterogeneous,WSClock,ProportionalAllocation,11,9,0,0.0028,0.0029,1.0357142857142858,2,0,2,0
trace-driven,trace,report_mixed_heterogeneous,WSClock,ProportionalAllocation,11,9,1,0.0038,0.0035,0.9210526315789473,6,0,6,0
trace-driven,trace,report_mixed_heterogeneous,WSClock,ProportionalAllocation,11,9,2,0.0028,0.0024,0.8571428571428571,3,0,3,0
trace-driven,trace,report_mixed_heterogeneous,FIFO,GlobalAllocation,13,0,0,0.0038,0.0049,1.2894736842105263,2,,,
trace-driven,trace,report_mixed_heterogeneous,FIFO,GlobalAllocation,13,0,1,0.0066,0.0065,0.9848484848484849,6,,,
trace-driven,trace,report_mixed_heterogeneous,FIFO,GlobalAllocation,13,0,2,0.0037,0.0043,1.162162162162162,3,,,
trace-driven,trace,report_mixed_heterogeneous,FIFO,GlobalAllocation,13,1,0,0.004,0.0043,1.075,2,,,
trace-driven,trace,report_mixed_heterogeneous,FIFO,GlobalAllocation,13,1,1,0.0042,0.005,1.1904761904761905,6,,,
trace-driven,trace,report_mixed_heterogeneous,FIFO,GlobalAllocation,13,1,2,0.0037,0.0036,0.972972972972973,3,,,
trace-driven,trace,report_mixed_heterogeneous,FIFO,GlobalAllocation,13,2,0,0.003,0.0046,1.5333333333333334,2,,,
trace-driven,trace,report_mixed_heterogeneous,FIFO,GlobalAllocation,13,2,1,0.0042,0.0054,1.2857142857142858,6,,,
trace-driven,trace,report_mixed_heterogeneous,FIFO,GlobalAllocation,13,2,2,0.0035,0.0045,1.2857142857142858,3,,,
trace-driven,trace,report_mixed_heterogeneous,FIFO,GlobalAllocation,13,3,0,0.003,0.0036,1.2,2,,,
trace-driven,trace,report_mixed_heterogeneous,FIFO,GlobalAllocation,13,3,1,0.0057,0.0051,0.8947368421052632,6,,,
trace-driven,trace,report_mixed_heterogeneous,FIFO,GlobalAllocation,13,3,2,0.0032,0.0037,1.15625,3,,,
trace-driven,trace,report_mixed_heterogeneous,FIFO,GlobalAllocation,13,4,0,0.003,0.0036,1.2,2,,,
trace-driven,trace,report_mixed_heterogeneous,FIFO,GlobalAllocation,13,4,1,0.004,0.0064,1.6,6,,,
trace-driven,trace,report_mixed_heterogeneous,FIFO,GlobalAllocation,13,4,2,0.0039,0.0045,1.1538461538461537,3,,,
trace-driven,trace,report_mixed_heterogeneous,FIFO,GlobalAllocation,13,5,0,0.0029,0.0034,1.1724137931034482,2,,,
trace-driven,trace,report_mixed_heterogeneous,FIFO,GlobalAllocation,13,5,1,0.0042,0.0053,1.2619047619047619,6,,,
trace-driven,trace,report_mixed_heterogeneous,FIFO,GlobalAllocation,13,5,2,0.0039,0.0039,1.0,3,,,
trace-driven,trace,report_mixed_heterogeneous,FIFO,GlobalAllocation,13,6,0,0.0028,0.003,1.0714285714285714,2,,,
trace-driven,trace,report_mixed_heterogeneous,FIFO,GlobalAllocation,13,6,1,0.0043,0.0049,1.1395348837209303,6,,,
trace-driven,trace,report_mixed_heterogeneous,FIFO,GlobalAllocation,13,6,2,0.003,0.0033,1.1,3,,,
trace-driven,trace,report_mixed_heterogeneous,FIFO,GlobalAllocation,13,7,0,0.0028,0.0032,1.1428571428571428,2,,,
trace-driven,trace,report_mixed_heterogeneous,FIFO,GlobalAllocation,13,7,1,0.0038,0.0048,1.263157894736842,6,,,
trace-driven,trace,report_mixed_heterogeneous,FIFO,GlobalAllocation,13,7,2,0.0036,0.0034,0.9444444444444444,3,,,
trace-driven,trace,report_mixed_heterogeneous,FIFO,GlobalAllocation,13,8,0,0.0039,0.0036,0.9230769230769231,2,,,
trace-driven,trace,report_mixed_heterogeneous,FIFO,GlobalAllocation,13,8,1,0.004,0.0054,1.35,6,,,
trace-driven,trace,report_mixed_heterogeneous,FIFO,GlobalAllocation,13,8,2,0.0029,0.0037,1.2758620689655173,3,,,
trace-driven,trace,report_mixed_heterogeneous,FIFO,GlobalAllocation,13,9,0,0.0026,0.0033,1.2692307692307692,2,,,
trace-driven,trace,report_mixed_heterogeneous,FIFO,GlobalAllocation,13,9,1,0.0039,0.0048,1.2307692307692308,6,,,
trace-driven,trace,report_mixed_heterogeneous,FIFO,GlobalAllocation,13,9,2,0.0029,0.0034,1.1724137931034482,3,,,
trace-driven,trace,report_mixed_heterogeneous,FIFO,LocalAllocation,13,0,0,0.0032,0.0034,1.0625,2,0,2,0
trace-driven,trace,report_mixed_heterogeneous,FIFO,LocalAllocation,13,0,1,0.0038,0.0052,1.368421052631579,6,2,6,0
trace-driven,trace,report_mixed_heterogeneous,FIFO,LocalAllocation,13,0,2,0.0028,0.0029,1.0357142857142858,3,0,3,0
trace-driven,trace,report_mixed_heterogeneous,FIFO,LocalAllocation,13,1,0,0.0026,0.0029,1.1153846153846154,2,0,2,0
trace-driven,trace,report_mixed_heterogeneous,FIFO,LocalAllocation,13,1,1,0.0039,0.005,1.2820512820512822,6,2,6,0
trace-driven,trace,report_mixed_heterogeneous,FIFO,LocalAllocation,13,1,2,0.0029,0.0026,0.896551724137931,3,0,3,0
trace-driven,trace,report_mixed_heterogeneous,FIFO,LocalAllocation,13,2,0,0.0028,0.0026,0.9285714285714286,2,0,2,0
trace-driven,trace,report_mixed_heterogeneous,FIFO,LocalAllocation,13,2,1,0.0037,0.0045,1.2162162162162162,6,2,6,0
trace-driven,trace,report_mixed_heterogeneous,FIFO,LocalAllocation,13,2,2,0.003,0.0026,0.8666666666666667,3,0,3,0
trace-driven,trace,report_mixed_heterogeneous,FIFO,LocalAllocation,13,3,0,0.0028,0.0025,0.8928571428571429,2,0,2,0
trace-driven,trace,report_mixed_heterogeneous,FIFO,LocalAllocation,13,3,1,0.0055,0.004,0.7272727272727273,6,2,6,0
trace-driven,trace,report_mixed_heterogeneous,FIFO,LocalAllocation,13,3,2,0.0029,0.0026,0.896551724137931,3,0,3,0
trace-driven,trace,report_mixed_heterogeneous,FIFO,LocalAllocation,13,4,0,0.0026,0.0025,0.9615384615384616,2,0,2,0
trace-driven,trace,report_mixed_heterogeneous,FIFO,LocalAllocation,13,4,1,0.0038,0.004,1.0526315789473684,6,2,6,0
trace-driven,trace,report_mixed_heterogeneous,FIFO,LocalAllocation,13,4,2,0.0027,0.0024,0.8888888888888888,3,0,3,0
trace-driven,trace,report_mixed_heterogeneous,FIFO,LocalAllocation,13,5,0,0.0026,0.0026,1.0,2,0,2,0
trace-driven,trace,report_mixed_heterogeneous,FIFO,LocalAllocation,13,5,1,0.0037,0.004,1.0810810810810811,6,2,6,0
trace-driven,trace,report_mixed_heterogeneous,FIFO,LocalAllocation,13,5,2,0.0028,0.0025,0.8928571428571429,3,0,3,0
trace-driven,trace,report_mixed_heterogeneous,FIFO,LocalAllocation,13,6,0,0.0025,0.0024,0.96,2,0,2,0
trace-driven,trace,report_mixed_heterogeneous,FIFO,LocalAllocation,13,6,1,0.0035,0.004,1.1428571428571428,6,2,6,0
trace-driven,trace,report_mixed_heterogeneous,FIFO,LocalAllocation,13,6,2,0.003,0.0023,0.7666666666666667,3,0,3,0
trace-driven,trace,report_mixed_heterogeneous,FIFO,LocalAllocation,13,7,0,0.0026,0.0025,0.9615384615384616,2,0,2,0
trace-driven,trace,report_mixed_heterogeneous,FIFO,LocalAllocation,13,7,1,0.0037,0.0041,1.1081081081081081,6,2,6,0
trace-driven,trace,report_mixed_heterogeneous,FIFO,LocalAllocation,13,7,2,0.0029,0.0022,0.7586206896551724,3,0,3,0
trace-driven,trace,report_mixed_heterogeneous,FIFO,LocalAllocation,13,8,0,0.0026,0.0024,0.9230769230769231,2,0,2,0
trace-driven,trace,report_mixed_heterogeneous,FIFO,LocalAllocation,13,8,1,0.0036,0.004,1.1111111111111112,6,2,6,0
trace-driven,trace,report_mixed_heterogeneous,FIFO,LocalAllocation,13,8,2,0.0039,0.0023,0.5897435897435898,3,0,3,0
trace-driven,trace,report_mixed_heterogeneous,FIFO,LocalAllocation,13,9,0,0.0027,0.0025,0.9259259259259259,2,0,2,0
trace-driven,trace,report_mixed_heterogeneous,FIFO,LocalAllocation,13,9,1,0.0037,0.0037,1.0,6,2,6,0
trace-driven,trace,report_mixed_heterogeneous,FIFO,LocalAllocation,13,9,2,0.0027,0.0023,0.8518518518518519,3,0,3,0
trace-driven,trace,report_mixed_heterogeneous,FIFO,ProportionalAllocation,13,0,0,0.0029,0.003,1.0344827586206897,2,0,2,0
trace-driven,trace,report_mixed_heterogeneous,FIFO,ProportionalAllocation,13,0,1,0.0039,0.0038,0.9743589743589743,6,0,6,0
trace-driven,trace,report_mixed_heterogeneous,FIFO,ProportionalAllocation,13,0,2,0.0028,0.0029,1.0357142857142858,3,0,3,0
trace-driven,trace,report_mixed_heterogeneous,FIFO,ProportionalAllocation,13,1,0,0.0028,0.0027,0.9642857142857143,2,0,2,0
trace-driven,trace,report_mixed_heterogeneous,FIFO,ProportionalAllocation,13,1,1,0.004,0.0035,0.875,6,0,6,0
trace-driven,trace,report_mixed_heterogeneous,FIFO,ProportionalAllocation,13,1,2,0.0031,0.0024,0.7741935483870968,3,0,3,0
trace-driven,trace,report_mixed_heterogeneous,FIFO,ProportionalAllocation,13,2,0,0.0027,0.0025,0.9259259259259259,2,0,2,0
trace-driven,trace,report_mixed_heterogeneous,FIFO,ProportionalAllocation,13,2,1,0.0038,0.0036,0.9473684210526315,6,0,6,0
trace-driven,trace,report_mixed_heterogeneous,FIFO,ProportionalAllocation,13,2,2,0.0028,0.0026,0.9285714285714286,3,0,3,0
trace-driven,trace,report_mixed_heterogeneous,FIFO,ProportionalAllocation,13,3,0,0.0026,0.0027,1.0384615384615385,2,0,2,0
trace-driven,trace,report_mixed_heterogeneous,FIFO,ProportionalAllocation,13,3,1,0.0038,0.0034,0.8947368421052632,6,0,6,0
trace-driven,trace,report_mixed_heterogeneous,FIFO,ProportionalAllocation,13,3,2,0.0027,0.0024,0.8888888888888888,3,0,3,0
trace-driven,trace,report_mixed_heterogeneous,FIFO,ProportionalAllocation,13,4,0,0.0026,0.0025,0.9615384615384616,2,0,2,0
trace-driven,trace,report_mixed_heterogeneous,FIFO,ProportionalAllocation,13,4,1,0.0037,0.0035,0.9459459459459459,6,0,6,0
trace-driven,trace,report_mixed_heterogeneous,FIFO,ProportionalAllocation,13,4,2,0.0029,0.0023,0.7931034482758621,3,0,3,0
trace-driven,trace,report_mixed_heterogeneous,FIFO,ProportionalAllocation,13,5,0,0.0027,0.0026,0.9629629629629629,2,0,2,0
trace-driven,trace,report_mixed_heterogeneous,FIFO,ProportionalAllocation,13,5,1,0.0037,0.0035,0.9459459459459459,6,0,6,0
trace-driven,trace,report_mixed_heterogeneous,FIFO,ProportionalAllocation,13,5,2,0.0027,0.0023,0.8518518518518519,3,0,3,0
trace-driven,trace,report_mixed_heterogeneous,FIFO,ProportionalAllocation,13,6,0,0.0026,0.0024,0.9230769230769231,2,0,2,0
trace-driven,trace,report_mixed_heterogeneous,FIFO,ProportionalAllocation,13,6,1,0.0037,0.0036,0.972972972972973,6,0,6,0
trace-driven,trace,report_mixed_heterogeneous,FIFO,ProportionalAllocation,13,6,2,0.0027,0.0025,0.9259259259259259,3,0,3,0
trace-driven,trace,report_mixed_heterogeneous,FIFO,ProportionalAllocation,13,7,0,0.0027,0.0024,0.8888888888888888,2,0,2,0
trace-driven,trace,report_mixed_heterogeneous,FIFO,ProportionalAllocation,13,7,1,0.0038,0.0035,0.9210526315789473,6,0,6,0
trace-driven,trace,report_mixed_heterogeneous,FIFO,ProportionalAllocation,13,7,2,0.0028,0.0025,0.8928571428571429,3,0,3,0
trace-driven,trace,report_mixed_heterogeneous,FIFO,ProportionalAllocation,13,8,0,0.0025,0.0024,0.96,2,0,2,0
trace-driven,trace,report_mixed_heterogeneous,FIFO,ProportionalAllocation,13,8,1,0.0037,0.0034,0.918918918918919,6,0,6,0
trace-driven,trace,report_mixed_heterogeneous,FIFO,ProportionalAllocation,13,8,2,0.0028,0.0022,0.7857142857142857,3,0,3,0
trace-driven,trace,report_mixed_heterogeneous,FIFO,ProportionalAllocation,13,9,0,0.0025,0.0024,0.96,2,0,2,0
trace-driven,trace,report_mixed_heterogeneous,FIFO,ProportionalAllocation,13,9,1,0.0037,0.0034,0.918918918918919,6,0,6,0
trace-driven,trace,report_mixed_heterogeneous,FIFO,ProportionalAllocation,13,9,2,0.003,0.0023,0.7666666666666667,3,0,3,0
trace-driven,trace,report_mixed_heterogeneous,LRU,GlobalAllocation,13,0,0,0.0039,0.0056,1.435897435897436,2,,,
trace-driven,trace,report_mixed_heterogeneous,LRU,GlobalAllocation,13,0,1,0.0052,0.0074,1.4230769230769231,6,,,
trace-driven,trace,report_mixed_heterogeneous,LRU,GlobalAllocation,13,0,2,0.0039,0.0048,1.2307692307692308,3,,,
trace-driven,trace,report_mixed_heterogeneous,LRU,GlobalAllocation,13,1,0,0.0034,0.0047,1.3823529411764706,2,,,
trace-driven,trace,report_mixed_heterogeneous,LRU,GlobalAllocation,13,1,1,0.0042,0.006,1.4285714285714286,6,,,
trace-driven,trace,report_mixed_heterogeneous,LRU,GlobalAllocation,13,1,2,0.0033,0.0044,1.3333333333333333,3,,,
trace-driven,trace,report_mixed_heterogeneous,LRU,GlobalAllocation,13,2,0,0.0032,0.0041,1.28125,2,,,
trace-driven,trace,report_mixed_heterogeneous,LRU,GlobalAllocation,13,2,1,0.0043,0.0058,1.3488372093023255,6,,,
trace-driven,trace,report_mixed_heterogeneous,LRU,GlobalAllocation,13,2,2,0.0033,0.0041,1.2424242424242424,3,,,
trace-driven,trace,report_mixed_heterogeneous,LRU,GlobalAllocation,13,3,0,0.0033,0.004,1.2121212121212122,2,,,
trace-driven,trace,report_mixed_heterogeneous,LRU,GlobalAllocation,13,3,1,0.0042,0.0058,1.380952380952381,6,,,
trace-driven,trace,report_mixed_heterogeneous,LRU,GlobalAllocation,13,3,2,0.0032,0.004,1.25,3,,,
trace-driven,trace,report_mixed_heterogeneous,LRU,GlobalAllocation,13,4,0,0.0031,0.0038,1.2258064516129032,2,,,
trace-driven,trace,report_mixed_heterogeneous,LRU,GlobalAllocation,13,4,1,0.0042,0.0052,1.2380952380952381,6,,,
trace-driven,trace,report_mixed_heterogeneous,LRU,GlobalAllocation,13,4,2,0.0033,0.0041,1.2424242424242424,3,,,
trace-driven,trace,report_mixed_heterogeneous,LRU,GlobalAllocation,13,5,0,0.0033,0.004,1.2121212121212122,2,,,
trace-driven,trace,report_mixed_heterogeneous,LRU,GlobalAllocation,13,5,1,0.0041,0.0056,1.3658536585365855,6,,,
trace-driven,trace,report_mixed_heterogeneous,LRU,GlobalAllocation,13,5,2,0.0032,0.0044,1.375,3,,,
trace-driven,trace,report_mixed_heterogeneous,LRU,GlobalAllocation,13,6,0,0.0033,0.0041,1.2424242424242424,2,,,
trace-driven,trace,report_mixed_heterogeneous,LRU,GlobalAllocation,13,6,1,0.0042,0.0055,1.3095238095238095,6,,,
trace-driven,trace,report_mixed_heterogeneous,LRU,GlobalAllocation,13,6,2,0.0031,0.004,1.2903225806451613,3,,,
trace-driven,trace,report_mixed_heterogeneous,LRU,GlobalAllocation,13,7,0,0.0029,0.0039,1.3448275862068966,2,,,
trace-driven,trace,report_mixed_heterogeneous,LRU,GlobalAllocation,13,7,1,0.004,0.0052,1.3,6,,,
trace-driven,trace,report_mixed_heterogeneous,LRU,GlobalAllocation,13,7,2,0.0032,0.0041,1.28125,3,,,
trace-driven,trace,report_mixed_heterogeneous,LRU,GlobalAllocation,13,8,0,0.003,0.004,1.3333333333333333,2,,,
trace-driven,trace,report_mixed_heterogeneous,LRU,GlobalAllocation,13,8,1,0.0041,0.005,1.2195121951219512,6,,,
trace-driven,trace,report_mixed_heterogeneous,LRU,GlobalAllocation,13,8,2,0.0031,0.0038,1.2258064516129032,3,,,
trace-driven,trace,report_mixed_heterogeneous,LRU,GlobalAllocation,13,9,0,0.0029,0.0037,1.2758620689655173,2,,,
trace-driven,trace,report_mixed_heterogeneous,LRU,GlobalAllocation,13,9,1,0.0039,0.0054,1.3846153846153846,6,,,
trace-driven,trace,report_mixed_heterogeneous,LRU,GlobalAllocation,13,9,2,0.0031,0.0039,1.2580645161290323,3,,,
trace-driven,trace,report_mixed_heterogeneous,LRU,LocalAllocation,13,0,0,0.0031,0.0039,1.2580645161290323,2,0,2,0
trace-driven,trace,report_mixed_heterogeneous,LRU,LocalAllocation,13,0,1,0.0044,0.0056,1.2727272727272727,6,2,6,0
trace-driven,trace,report_mixed_heterogeneous,LRU,LocalAllocation,13,0,2,0.0032,0.0033,1.03125,3,0,3,0
trace-driven,trace,report_mixed_heterogeneous,LRU,LocalAllocation,13,1,0,0.0029,0.0034,1.1724137931034482,2,0,2,0
trace-driven,trace,report_mixed_heterogeneous,LRU,LocalAllocation,13,1,1,0.0041,0.0052,1.2682926829268293,6,2,6,0
trace-driven,trace,report_mixed_heterogeneous,LRU,LocalAllocation,13,1,2,0.0032,0.0032,1.0,3,0,3,0
trace-driven,trace,report_mixed_heterogeneous,LRU,LocalAllocation,13,2,0,0.003,0.003,1.0,2,0,2,0
trace-driven,trace,report_mixed_heterogeneous,LRU,LocalAllocation,13,2,1,0.0038,0.0048,1.263157894736842,6,2,6,0
trace-driven,trace,report_mixed_heterogeneous,LRU,LocalAllocation,13,2,2,0.0032,0.0031,0.96875,3,0,3,0
trace-driven,trace,report_mixed_heterogeneous,LRU,LocalAllocation,13,3,0,0.0029,0.003,1.0344827586206897,2,0,2,0
trace-driven,trace,report_mixed_heterogeneous,LRU,LocalAllocation,13,3,1,0.004,0.0046,1.15,6,2,6,0
trace-driven,trace,report_mixed_heterogeneous,LRU,LocalAllocation,13,3,2,0.0031,0.0029,0.9354838709677419,3,0,3,0
trace-driven,trace,report_mixed_heterogeneous,LRU,LocalAllocation,13,4,0,0.0028,0.0031,1.1071428571428572,2,0,2,0
trace-driven,trace,report_mixed_heterogeneous,LRU,LocalAllocation,13,4,1,0.0039,0.0045,1.1538461538461537,6,2,6,0
trace-driven,trace,report_mixed_heterogeneous,LRU,LocalAllocation,13,4,2,0.0033,0.0028,0.8484848484848485,3,0,3,0
trace-driven,trace,report_mixed_heterogeneous,LRU,LocalAllocation,13,5,0,0.003,0.0032,1.0666666666666667,2,0,2,0
trace-driven,trace,report_mixed_heterogeneous,LRU,LocalAllocation,13,5,1,0.0038,0.0049,1.2894736842105263,6,2,6,0
trace-driven,trace,report_mixed_heterogeneous,LRU,LocalAllocation,13,5,2,0.0031,0.0036,1.1612903225806452,3,0,3,0
trace-driven,trace,report_mixed_heterogeneous,LRU,LocalAllocation,13,6,0,0.0029,0.0029,1.0,2,0,2,0
trace-driven,trace,report_mixed_heterogeneous,LRU,LocalAllocation,13,6,1,0.0038,0.0047,1.236842105263158,6,2,6,0
trace-driven,trace,report_mixed_heterogeneous,LRU,LocalAllocation,13,6,2,0.003,0.003,1.0,3,0,3,0
trace-driven,trace,report_mixed_heterogeneous,LRU,LocalAllocation,13,7,0,0.0028,0.0029,1.0357142857142858,2,0,2,0
trace-driven,trace,report_mixed_heterogeneous,LRU,LocalAllocation,13,7,1,0.0039,0.0047,1.205128205128205,6,2,6,0
trace-driven,trace,report_mixed_heterogeneous,LRU,LocalAllocation,13,7,2,0.0031,0.0028,0.9032258064516129,3,0,3,0
trace-driven,trace,report_mixed_heterogeneous,LRU,LocalAllocation,13,8,0,0.003,0.003,1.0,2,0,2,0
trace-driven,trace,report_mixed_heterogeneous,LRU,LocalAllocation,13,8,1,0.0038,0.0047,1.236842105263158,6,2,6,0
trace-driven,trace,report_mixed_heterogeneous,LRU,LocalAllocation,13,8,2,0.0031,0.0029,0.9354838709677419,3,0,3,0
trace-driven,trace,report_mixed_heterogeneous,LRU,LocalAllocation,13,9,0,0.0029,0.0028,0.9655172413793104,2,0,2,0
trace-driven,trace,report_mixed_heterogeneous,LRU,LocalAllocation,13,9,1,0.0039,0.0045,1.1538461538461537,6,2,6,0
trace-driven,trace,report_mixed_heterogeneous,LRU,LocalAllocation,13,9,2,0.0031,0.0028,0.9032258064516129,3,0,3,0
trace-driven,trace,report_mixed_heterogeneous,LRU,ProportionalAllocation,13,0,0,0.003,0.0038,1.2666666666666666,2,0,2,0
trace-driven,trace,report_mixed_heterogeneous,LRU,ProportionalAllocation,13,0,1,0.004,0.0041,1.025,6,0,6,0
trace-driven,trace,report_mixed_heterogeneous,LRU,ProportionalAllocation,13,0,2,0.0031,0.0033,1.064516129032258,3,0,3,0
trace-driven,trace,report_mixed_heterogeneous,LRU,ProportionalAllocation,13,1,0,0.003,0.003,1.0,2,0,2,0
trace-driven,trace,report_mixed_heterogeneous,LRU,ProportionalAllocation,13,1,1,0.0041,0.0037,0.9024390243902439,6,0,6,0
trace-driven,trace,report_mixed_heterogeneous,LRU,ProportionalAllocation,13,1,2,0.0034,0.003,0.8823529411764706,3,0,3,0
trace-driven,trace,report_mixed_heterogeneous,LRU,ProportionalAllocation,13,2,0,0.003,0.0032,1.0666666666666667,2,0,2,0
trace-driven,trace,report_mixed_heterogeneous,LRU,ProportionalAllocation,13,2,1,0.004,0.0039,0.975,6,0,6,0
trace-driven,trace,report_mixed_heterogeneous,LRU,ProportionalAllocation,13,2,2,0.0031,0.0028,0.9032258064516129,3,0,3,0
trace-driven,trace,report_mixed_heterogeneous,LRU,ProportionalAllocation,13,3,0,0.003,0.0028,0.9333333333333333,2,0,2,0
trace-driven,trace,report_mixed_heterogeneous,LRU,ProportionalAllocation,13,3,1,0.0039,0.0037,0.9487179487179487,6,0,6,0
trace-driven,trace,report_mixed_heterogeneous,LRU,ProportionalAllocation,13,3,2,0.003,0.003,1.0,3,0,3,0
trace-driven,trace,report_mixed_heterogeneous,LRU,ProportionalAllocation,13,4,0,0.0029,0.0028,0.9655172413793104,2,0,2,0
trace-driven,trace,report_mixed_heterogeneous,LRU,ProportionalAllocation,13,4,1,0.0039,0.0038,0.9743589743589743,6,0,6,0
trace-driven,trace,report_mixed_heterogeneous,LRU,ProportionalAllocation,13,4,2,0.0033,0.0029,0.8787878787878788,3,0,3,0
trace-driven,trace,report_mixed_heterogeneous,LRU,ProportionalAllocation,13,5,0,0.0028,0.0028,1.0,2,0,2,0
trace-driven,trace,report_mixed_heterogeneous,LRU,ProportionalAllocation,13,5,1,0.0039,0.0038,0.9743589743589743,6,0,6,0
trace-driven,trace,report_mixed_heterogeneous,LRU,ProportionalAllocation,13,5,2,0.0031,0.003,0.967741935483871,3,0,3,0
trace-driven,trace,report_mixed_heterogeneous,LRU,ProportionalAllocation,13,6,0,0.0029,0.0027,0.9310344827586207,2,0,2,0
trace-driven,trace,report_mixed_heterogeneous,LRU,ProportionalAllocation,13,6,1,0.0039,0.0037,0.9487179487179487,6,0,6,0
trace-driven,trace,report_mixed_heterogeneous,LRU,ProportionalAllocation,13,6,2,0.0032,0.0027,0.84375,3,0,3,0
trace-driven,trace,report_mixed_heterogeneous,LRU,ProportionalAllocation,13,7,0,0.0028,0.0032,1.1428571428571428,2,0,2,0
trace-driven,trace,report_mixed_heterogeneous,LRU,ProportionalAllocation,13,7,1,0.0039,0.0037,0.9487179487179487,6,0,6,0
trace-driven,trace,report_mixed_heterogeneous,LRU,ProportionalAllocation,13,7,2,0.0031,0.0027,0.8709677419354839,3,0,3,0
trace-driven,trace,report_mixed_heterogeneous,LRU,ProportionalAllocation,13,8,0,0.0028,0.0029,1.0357142857142858,2,0,2,0
trace-driven,trace,report_mixed_heterogeneous,LRU,ProportionalAllocation,13,8,1,0.0038,0.0037,0.9736842105263158,6,0,6,0
trace-driven,trace,report_mixed_heterogeneous,LRU,ProportionalAllocation,13,8,2,0.0031,0.0029,0.9354838709677419,3,0,3,0
trace-driven,trace,report_mixed_heterogeneous,LRU,ProportionalAllocation,13,9,0,0.0029,0.003,1.0344827586206897,2,0,2,0
trace-driven,trace,report_mixed_heterogeneous,LRU,ProportionalAllocation,13,9,1,0.0047,0.0039,0.8297872340425532,6,0,6,0
trace-driven,trace,report_mixed_heterogeneous,LRU,ProportionalAllocation,13,9,2,0.0031,0.0028,0.9032258064516129,3,0,3,0
trace-driven,trace,report_mixed_heterogeneous,NRU,GlobalAllocation,13,0,0,0.0037,0.0052,1.4054054054054055,2,,,
trace-driven,trace,report_mixed_heterogeneous,NRU,GlobalAllocation,13,0,1,0.0048,0.0063,1.3125,6,,,
trace-driven,trace,report_mixed_heterogeneous,NRU,GlobalAllocation,13,0,2,0.0037,0.0046,1.2432432432432432,3,,,
trace-driven,trace,report_mixed_heterogeneous,NRU,GlobalAllocation,13,1,0,0.0032,0.0042,1.3125,2,,,
trace-driven,trace,report_mixed_heterogeneous,NRU,GlobalAllocation,13,1,1,0.004,0.0056,1.4,6,,,
trace-driven,trace,report_mixed_heterogeneous,NRU,GlobalAllocation,13,1,2,0.0032,0.0038,1.1875,3,,,
trace-driven,trace,report_mixed_heterogeneous,NRU,GlobalAllocation,13,2,0,0.003,0.0039,1.3,2,,,
trace-driven,trace,report_mixed_heterogeneous,NRU,GlobalAllocation,13,2,1,0.0039,0.0054,1.3846153846153846,6,,,
trace-driven,trace,report_mixed_heterogeneous,NRU,GlobalAllocation,13,2,2,0.003,0.0042,1.4,3,,,
trace-driven,trace,report_mixed_heterogeneous,NRU,GlobalAllocation,13,3,0,0.003,0.0038,1.2666666666666666,2,,,
trace-driven,trace,report_mixed_heterogeneous,NRU,GlobalAllocation,13,3,1,0.0038,0.0051,1.3421052631578947,6,,,
trace-driven,trace,report_mixed_heterogeneous,NRU,GlobalAllocation,13,3,2,0.0031,0.0036,1.1612903225806452,3,,,
trace-driven,trace,report_mixed_heterogeneous,NRU,GlobalAllocation,13,4,0,0.003,0.0038,1.2666666666666666,2,,,
trace-driven,trace,report_mixed_heterogeneous,NRU,GlobalAllocation,13,4,1,0.0039,0.0049,1.2564102564102564,6,,,
trace-driven,trace,report_mixed_heterogeneous,NRU,GlobalAllocation,13,4,2,0.0032,0.0039,1.21875,3,,,
trace-driven,trace,report_mixed_heterogeneous,NRU,GlobalAllocation,13,5,0,0.003,0.004,1.3333333333333333,2,,,
trace-driven,trace,report_mixed_heterogeneous,NRU,GlobalAllocation,13,5,1,0.0038,0.0052,1.368421052631579,6,,,
trace-driven,trace,report_mixed_heterogeneous,NRU,GlobalAllocation,13,5,2,0.0031,0.0039,1.2580645161290323,3,,,
trace-driven,trace,report_mixed_heterogeneous,NRU,GlobalAllocation,13,6,0,0.0029,0.0035,1.206896551724138,2,,,
trace-driven,trace,report_mixed_heterogeneous,NRU,GlobalAllocation,13,6,1,0.0042,0.005,1.1904761904761905,6,,,
trace-driven,trace,report_mixed_heterogeneous,NRU,GlobalAllocation,13,6,2,0.0031,0.0036,1.1612903225806452,3,,,
trace-driven,trace,report_mixed_heterogeneous,NRU,GlobalAllocation,13,7,0,0.0027,0.0036,1.3333333333333333,2,,,
trace-driven,trace,report_mixed_heterogeneous,NRU,GlobalAllocation,13,7,1,0.0036,0.0052,1.4444444444444444,6,,,
trace-driven,trace,report_mixed_heterogeneous,NRU,GlobalAllocation,13,7,2,0.003,0.0037,1.2333333333333334,3,,,
trace-driven,trace,report_mixed_heterogeneous,NRU,GlobalAllocation,13,8,0,0.003,0.0039,1.3,2,,,
trace-driven,trace,report_mixed_heterogeneous,NRU,GlobalAllocation,13,8,1,0.0036,0.0048,1.3333333333333333,6,,,
trace-driven,trace,report_mixed_heterogeneous,NRU,GlobalAllocation,13,8,2,0.0031,0.0037,1.1935483870967742,3,,,
trace-driven,trace,report_mixed_heterogeneous,NRU,GlobalAllocation,13,9,0,0.0028,0.0038,1.3571428571428572,2,,,
trace-driven,trace,report_mixed_heterogeneous,NRU,GlobalAllocation,13,9,1,0.0038,0.0046,1.2105263157894737,6,,,
trace-driven,trace,report_mixed_heterogeneous,NRU,GlobalAllocation,13,9,2,0.0028,0.0037,1.3214285714285714,3,,,
trace-driven,trace,report_mixed_heterogeneous,NRU,LocalAllocation,13,0,0,0.0031,0.0036,1.1612903225806452,2,0,2,0
trace-driven,trace,report_mixed_heterogeneous,NRU,LocalAllocation,13,0,1,0.0036,0.0071,1.9722222222222223,6,2,6,0
trace-driven,trace,report_mixed_heterogeneous,NRU,LocalAllocation,13,0,2,0.0029,0.0032,1.103448275862069,3,0,3,0
trace-driven,trace,report_mixed_heterogeneous,NRU,LocalAllocation,13,1,0,0.0029,0.0031,1.0689655172413792,2,0,2,0
trace-driven,trace,report_mixed_heterogeneous,NRU,LocalAllocation,13,1,1,0.0037,0.006,1.6216216216216217,6,2,6,0
trace-driven,trace,report_mixed_heterogeneous,NRU,LocalAllocation,13,1,2,0.0029,0.0027,0.9310344827586207,3,0,3,0
trace-driven,trace,report_mixed_heterogeneous,NRU,LocalAllocation,13,2,0,0.003,0.0028,0.9333333333333333,2,0,2,0
trace-driven,trace,report_mixed_heterogeneous,NRU,LocalAllocation,13,2,1,0.0037,0.0063,1.7027027027027026,6,2,6,0
trace-driven,trace,report_mixed_heterogeneous,NRU,LocalAllocation,13,2,2,0.0029,0.0028,0.9655172413793104,3,0,3,0
trace-driven,trace,report_mixed_heterogeneous,NRU,LocalAllocation,13,3,0,0.003,0.0028,0.9333333333333333,2,0,2,0
trace-driven,trace,report_mixed_heterogeneous,NRU,LocalAllocation,13,3,1,0.0037,0.0059,1.5945945945945945,6,2,6,0
trace-driven,trace,report_mixed_heterogeneous,NRU,LocalAllocation,13,3,2,0.0029,0.0028,0.9655172413793104,3,0,3,0
trace-driven,trace,report_mixed_heterogeneous,NRU,LocalAllocation,13,4,0,0.0028,0.003,1.0714285714285714,2,0,2,0
trace-driven,trace,report_mixed_heterogeneous,NRU,LocalAllocation,13,4,1,0.0036,0.0057,1.5833333333333333,6,2,6,0
trace-driven,trace,report_mixed_heterogeneous,NRU,LocalAllocation,13,4,2,0.0029,0.0029,1.0,3,0,3,0
trace-driven,trace,report_mixed_heterogeneous,NRU,LocalAllocation,13,5,0,0.0027,0.0028,1.037037037037037,2,0,2,0
trace-driven,trace,report_mixed_heterogeneous,NRU,LocalAllocation,13,5,1,0.0035,0.0057,1.6285714285714286,6,2,6,0
trace-driven,trace,report_mixed_heterogeneous,NRU,LocalAllocation,13,5,2,0.003,0.0026,0.8666666666666667,3,0,3,0
trace-driven,trace,report_mixed_heterogeneous,NRU,LocalAllocation,13,6,0,0.0028,0.0029,1.0357142857142858,2,0,2,0
trace-driven,trace,report_mixed_heterogeneous,NRU,LocalAllocation,13,6,1,0.0037,0.0056,1.5135135135135136,6,2,6,0
trace-driven,trace,report_mixed_heterogeneous,NRU,LocalAllocation,13,6,2,0.0029,0.0027,0.9310344827586207,3,0,3,0
trace-driven,trace,report_mixed_heterogeneous,NRU,LocalAllocation,13,7,0,0.0027,0.0029,1.0740740740740742,2,0,2,0
trace-driven,trace,report_mixed_heterogeneous,NRU,LocalAllocation,13,7,1,0.0036,0.0058,1.6111111111111112,6,2,6,0
trace-driven,trace,report_mixed_heterogeneous,NRU,LocalAllocation,13,7,2,0.003,0.0026,0.8666666666666667,3,0,3,0
trace-driven,trace,report_mixed_heterogeneous,NRU,LocalAllocation,13,8,0,0.0028,0.0028,1.0,2,0,2,0
trace-driven,trace,report_mixed_heterogeneous,NRU,LocalAllocation,13,8,1,0.0035,0.0058,1.6571428571428573,6,2,6,0
trace-driven,trace,report_mixed_heterogeneous,NRU,LocalAllocation,13,8,2,0.003,0.0029,0.9666666666666667,3,0,3,0
trace-driven,trace,report_mixed_heterogeneous,NRU,LocalAllocation,13,9,0,0.0029,0.003,1.0344827586206897,2,0,2,0
trace-driven,trace,report_mixed_heterogeneous,NRU,LocalAllocation,13,9,1,0.0036,0.0058,1.6111111111111112,6,2,6,0
trace-driven,trace,report_mixed_heterogeneous,NRU,LocalAllocation,13,9,2,0.0029,0.0026,0.896551724137931,3,0,3,0
trace-driven,trace,report_mixed_heterogeneous,NRU,ProportionalAllocation,13,0,0,0.0029,0.0032,1.103448275862069,2,0,2,0
trace-driven,trace,report_mixed_heterogeneous,NRU,ProportionalAllocation,13,0,1,0.0035,0.004,1.1428571428571428,6,0,6,0
trace-driven,trace,report_mixed_heterogeneous,NRU,ProportionalAllocation,13,0,2,0.0029,0.0029,1.0,3,0,3,0
trace-driven,trace,report_mixed_heterogeneous,NRU,ProportionalAllocation,13,1,0,0.0029,0.0028,0.9655172413793104,2,0,2,0
trace-driven,trace,report_mixed_heterogeneous,NRU,ProportionalAllocation,13,1,1,0.0037,0.0035,0.9459459459459459,6,0,6,0
trace-driven,trace,report_mixed_heterogeneous,NRU,ProportionalAllocation,13,1,2,0.0029,0.0025,0.8620689655172413,3,0,3,0
trace-driven,trace,report_mixed_heterogeneous,NRU,ProportionalAllocation,13,2,0,0.0029,0.0029,1.0,2,0,2,0
trace-driven,trace,report_mixed_heterogeneous,NRU,ProportionalAllocation,13,2,1,0.0035,0.0035,1.0,6,0,6,0
trace-driven,trace,report_mixed_heterogeneous,NRU,ProportionalAllocation,13,2,2,0.0031,0.0028,0.9032258064516129,3,0,3,0
trace-driven,trace,report_mixed_heterogeneous,NRU,ProportionalAllocation,13,3,0,0.0028,0.0028,1.0,2,0,2,0
trace-driven,trace,report_mixed_heterogeneous,NRU,ProportionalAllocation,13,3,1,0.0036,0.0035,0.9722222222222222,6,0,6,0
trace-driven,trace,report_mixed_heterogeneous,NRU,ProportionalAllocation,13,3,2,0.0029,0.0026,0.896551724137931,3,0,3,0
trace-driven,trace,report_mixed_heterogeneous,NRU,ProportionalAllocation,13,4,0,0.0028,0.0029,1.0357142857142858,2,0,2,0
trace-driven,trace,report_mixed_heterogeneous,NRU,ProportionalAllocation,13,4,1,0.0036,0.0033,0.9166666666666666,6,0,6,0
trace-driven,trace,report_mixed_heterogeneous,NRU,ProportionalAllocation,13,4,2,0.003,0.0027,0.9,3,0,3,0
trace-driven,trace,report_mixed_heterogeneous,NRU,ProportionalAllocation,13,5,0,0.003,0.0028,0.9333333333333333,2,0,2,0
trace-driven,trace,report_mixed_heterogeneous,NRU,ProportionalAllocation,13,5,1,0.0036,0.0034,0.9444444444444444,6,0,6,0
trace-driven,trace,report_mixed_heterogeneous,NRU,ProportionalAllocation,13,5,2,0.0029,0.0027,0.9310344827586207,3,0,3,0
trace-driven,trace,report_mixed_heterogeneous,NRU,ProportionalAllocation,13,6,0,0.0027,0.003,1.1111111111111112,2,0,2,0
trace-driven,trace,report_mixed_heterogeneous,NRU,ProportionalAllocation,13,6,1,0.0036,0.0033,0.9166666666666666,6,0,6,0
trace-driven,trace,report_mixed_heterogeneous,NRU,ProportionalAllocation,13,6,2,0.0029,0.0027,0.9310344827586207,3,0,3,0
trace-driven,trace,report_mixed_heterogeneous,NRU,ProportionalAllocation,13,7,0,0.0028,0.0029,1.0357142857142858,2,0,2,0
trace-driven,trace,report_mixed_heterogeneous,NRU,ProportionalAllocation,13,7,1,0.0035,0.0034,0.9714285714285714,6,0,6,0
trace-driven,trace,report_mixed_heterogeneous,NRU,ProportionalAllocation,13,7,2,0.0029,0.0026,0.896551724137931,3,0,3,0
trace-driven,trace,report_mixed_heterogeneous,NRU,ProportionalAllocation,13,8,0,0.0026,0.0028,1.0769230769230769,2,0,2,0
trace-driven,trace,report_mixed_heterogeneous,NRU,ProportionalAllocation,13,8,1,0.0036,0.0035,0.9722222222222222,6,0,6,0
trace-driven,trace,report_mixed_heterogeneous,NRU,ProportionalAllocation,13,8,2,0.003,0.0026,0.8666666666666667,3,0,3,0
trace-driven,trace,report_mixed_heterogeneous,NRU,ProportionalAllocation,13,9,0,0.0029,0.0027,0.9310344827586207,2,0,2,0
trace-driven,trace,report_mixed_heterogeneous,NRU,ProportionalAllocation,13,9,1,0.0035,0.0034,0.9714285714285714,6,0,6,0
trace-driven,trace,report_mixed_heterogeneous,NRU,ProportionalAllocation,13,9,2,0.0029,0.0026,0.896551724137931,3,0,3,0
trace-driven,trace,report_mixed_heterogeneous,SecondChance,GlobalAllocation,13,0,0,0.0036,0.0052,1.4444444444444444,2,,,
trace-driven,trace,report_mixed_heterogeneous,SecondChance,GlobalAllocation,13,0,1,0.0053,0.0072,1.3584905660377358,6,,,
trace-driven,trace,report_mixed_heterogeneous,SecondChance,GlobalAllocation,13,0,2,0.0037,0.005,1.3513513513513513,3,,,
trace-driven,trace,report_mixed_heterogeneous,SecondChance,GlobalAllocation,13,1,0,0.0035,0.0043,1.2285714285714286,2,,,
trace-driven,trace,report_mixed_heterogeneous,SecondChance,GlobalAllocation,13,1,1,0.0045,0.0063,1.4,6,,,
trace-driven,trace,report_mixed_heterogeneous,SecondChance,GlobalAllocation,13,1,2,0.0032,0.0042,1.3125,3,,,
trace-driven,trace,report_mixed_heterogeneous,SecondChance,GlobalAllocation,13,2,0,0.003,0.0038,1.2666666666666666,2,,,
trace-driven,trace,report_mixed_heterogeneous,SecondChance,GlobalAllocation,13,2,1,0.0041,0.0059,1.4390243902439024,6,,,
trace-driven,trace,report_mixed_heterogeneous,SecondChance,GlobalAllocation,13,2,2,0.0031,0.0041,1.3225806451612903,3,,,
trace-driven,trace,report_mixed_heterogeneous,SecondChance,GlobalAllocation,13,3,0,0.003,0.0037,1.2333333333333334,2,,,
trace-driven,trace,report_mixed_heterogeneous,SecondChance,GlobalAllocation,13,3,1,0.0042,0.0054,1.2857142857142858,6,,,
trace-driven,trace,report_mixed_heterogeneous,SecondChance,GlobalAllocation,13,3,2,0.0031,0.0038,1.2258064516129032,3,,,
trace-driven,trace,report_mixed_heterogeneous,SecondChance,GlobalAllocation,13,4,0,0.003,0.0038,1.2666666666666666,2,,,
trace-driven,trace,report_mixed_heterogeneous,SecondChance,GlobalAllocation,13,4,1,0.0041,0.0054,1.3170731707317074,6,,,
trace-driven,trace,report_mixed_heterogeneous,SecondChance,GlobalAllocation,13,4,2,0.0031,0.004,1.2903225806451613,3,,,
trace-driven,trace,report_mixed_heterogeneous,SecondChance,GlobalAllocation,13,5,0,0.0029,0.004,1.3793103448275863,2,,,
trace-driven,trace,report_mixed_heterogeneous,SecondChance,GlobalAllocation,13,5,1,0.0041,0.0052,1.2682926829268293,6,,,
trace-driven,trace,report_mixed_heterogeneous,SecondChance,GlobalAllocation,13,5,2,0.003,0.0038,1.2666666666666666,3,,,
trace-driven,trace,report_mixed_heterogeneous,SecondChance,GlobalAllocation,13,6,0,0.0029,0.0036,1.2413793103448276,2,,,
trace-driven,trace,report_mixed_heterogeneous,SecondChance,GlobalAllocation,13,6,1,0.0041,0.0054,1.3170731707317074,6,,,
trace-driven,trace,report_mixed_heterogeneous,SecondChance,GlobalAllocation,13,6,2,0.0031,0.0038,1.2258064516129032,3,,,
trace-driven,trace,report_mixed_heterogeneous,SecondChance,GlobalAllocation,13,7,0,0.0028,0.0037,1.3214285714285714,2,,,
trace-driven,trace,report_mixed_heterogeneous,SecondChance,GlobalAllocation,13,7,1,0.0039,0.0053,1.358974358974359,6,,,
trace-driven,trace,report_mixed_heterogeneous,SecondChance,GlobalAllocation,13,7,2,0.0029,0.0039,1.3448275862068966,3,,,
trace-driven,trace,report_mixed_heterogeneous,SecondChance,GlobalAllocation,13,8,0,0.0028,0.0038,1.3571428571428572,2,,,
trace-driven,trace,report_mixed_heterogeneous,SecondChance,GlobalAllocation,13,8,1,0.004,0.0054,1.35,6,,,
trace-driven,trace,report_mixed_heterogeneous,SecondChance,GlobalAllocation,13,8,2,0.0028,0.0037,1.3214285714285714,3,,,
trace-driven,trace,report_mixed_heterogeneous,SecondChance,GlobalAllocation,13,9,0,0.0029,0.0033,1.1379310344827587,2,,,
trace-driven,trace,report_mixed_heterogeneous,SecondChance,GlobalAllocation,13,9,1,0.0038,0.0054,1.4210526315789473,6,,,
trace-driven,trace,report_mixed_heterogeneous,SecondChance,GlobalAllocation,13,9,2,0.0029,0.0041,1.4137931034482758,3,,,
trace-driven,trace,report_mixed_heterogeneous,SecondChance,LocalAllocation,13,0,0,0.0031,0.0037,1.1935483870967742,2,0,2,0
trace-driven,trace,report_mixed_heterogeneous,SecondChance,LocalAllocation,13,0,1,0.0037,0.006,1.6216216216216217,6,2,6,0
trace-driven,trace,report_mixed_heterogeneous,SecondChance,LocalAllocation,13,0,2,0.0028,0.003,1.0714285714285714,3,0,3,0
trace-driven,trace,report_mixed_heterogeneous,SecondChance,LocalAllocation,13,1,0,0.0028,0.0032,1.1428571428571428,2,0,2,0
trace-driven,trace,report_mixed_heterogeneous,SecondChance,LocalAllocation,13,1,1,0.0038,0.0053,1.394736842105263,6,2,6,0
trace-driven,trace,report_mixed_heterogeneous,SecondChance,LocalAllocation,13,1,2,0.0029,0.0028,0.9655172413793104,3,0,3,0
trace-driven,trace,report_mixed_heterogeneous,SecondChance,LocalAllocation,13,2,0,0.0029,0.0028,0.9655172413793104,2,0,2,0
trace-driven,trace,report_mixed_heterogeneous,SecondChance,LocalAllocation,13,2,1,0.0042,0.0053,1.2619047619047619,6,2,6,0
trace-driven,trace,report_mixed_heterogeneous,SecondChance,LocalAllocation,13,2,2,0.0028,0.0028,1.0,3,0,3,0
trace-driven,trace,report_mixed_heterogeneous,SecondChance,LocalAllocation,13,3,0,0.0026,0.0027,1.0384615384615385,2,0,2,0
trace-driven,trace,report_mixed_heterogeneous,SecondChance,LocalAllocation,13,3,1,0.0038,0.0052,1.368421052631579,6,2,6,0
trace-driven,trace,report_mixed_heterogeneous,SecondChance,LocalAllocation,13,3,2,0.0029,0.0025,0.8620689655172413,3,0,3,0
trace-driven,trace,report_mixed_heterogeneous,SecondChance,LocalAllocation,13,4,0,0.0027,0.0028,1.037037037037037,2,0,2,0
trace-driven,trace,report_mixed_heterogeneous,SecondChance,LocalAllocation,13,4,1,0.0041,0.0052,1.2682926829268293,6,2,6,0
trace-driven,trace,report_mixed_heterogeneous,SecondChance,LocalAllocation,13,4,2,0.003,0.0055,1.8333333333333333,3,0,3,0
trace-driven,trace,report_mixed_heterogeneous,SecondChance,LocalAllocation,13,5,0,0.0027,0.0028,1.037037037037037,2,0,2,0
trace-driven,trace,report_mixed_heterogeneous,SecondChance,LocalAllocation,13,5,1,0.0038,0.0051,1.3421052631578947,6,2,6,0
trace-driven,trace,report_mixed_heterogeneous,SecondChance,LocalAllocation,13,5,2,0.003,0.0028,0.9333333333333333,3,0,3,0
trace-driven,trace,report_mixed_heterogeneous,SecondChance,LocalAllocation,13,6,0,0.0028,0.0027,0.9642857142857143,2,0,2,0
trace-driven,trace,report_mixed_heterogeneous,SecondChance,LocalAllocation,13,6,1,0.0038,0.0053,1.394736842105263,6,2,6,0
trace-driven,trace,report_mixed_heterogeneous,SecondChance,LocalAllocation,13,6,2,0.003,0.0027,0.9,3,0,3,0
trace-driven,trace,report_mixed_heterogeneous,SecondChance,LocalAllocation,13,7,0,0.0028,0.0026,0.9285714285714286,2,0,2,0
trace-driven,trace,report_mixed_heterogeneous,SecondChance,LocalAllocation,13,7,1,0.0038,0.005,1.3157894736842106,6,2,6,0
trace-driven,trace,report_mixed_heterogeneous,SecondChance,LocalAllocation,13,7,2,0.0029,0.0026,0.896551724137931,3,0,3,0
trace-driven,trace,report_mixed_heterogeneous,SecondChance,LocalAllocation,13,8,0,0.0026,0.0029,1.1153846153846154,2,0,2,0
trace-driven,trace,report_mixed_heterogeneous,SecondChance,LocalAllocation,13,8,1,0.0039,0.0053,1.358974358974359,6,2,6,0
trace-driven,trace,report_mixed_heterogeneous,SecondChance,LocalAllocation,13,8,2,0.0029,0.0027,0.9310344827586207,3,0,3,0
trace-driven,trace,report_mixed_heterogeneous,SecondChance,LocalAllocation,13,9,0,0.0027,0.0027,1.0,2,0,2,0
trace-driven,trace,report_mixed_heterogeneous,SecondChance,LocalAllocation,13,9,1,0.0039,0.0048,1.2307692307692308,6,2,6,0
trace-driven,trace,report_mixed_heterogeneous,SecondChance,LocalAllocation,13,9,2,0.0029,0.0027,0.9310344827586207,3,0,3,0
trace-driven,trace,report_mixed_heterogeneous,SecondChance,ProportionalAllocation,13,0,0,0.003,0.0034,1.1333333333333333,2,0,2,0
trace-driven,trace,report_mixed_heterogeneous,SecondChance,ProportionalAllocation,13,0,1,0.0038,0.004,1.0526315789473684,6,0,6,0
trace-driven,trace,report_mixed_heterogeneous,SecondChance,ProportionalAllocation,13,0,2,0.0029,0.003,1.0344827586206897,3,0,3,0
trace-driven,trace,report_mixed_heterogeneous,SecondChance,ProportionalAllocation,13,1,0,0.0027,0.003,1.1111111111111112,2,0,2,0
trace-driven,trace,report_mixed_heterogeneous,SecondChance,ProportionalAllocation,13,1,1,0.0039,0.0038,0.9743589743589743,6,0,6,0
trace-driven,trace,report_mixed_heterogeneous,SecondChance,ProportionalAllocation,13,1,2,0.0029,0.0028,0.9655172413793104,3,0,3,0
trace-driven,trace,report_mixed_heterogeneous,SecondChance,ProportionalAllocation,13,2,0,0.0027,0.0028,1.037037037037037,2,0,2,0
trace-driven,trace,report_mixed_heterogeneous,SecondChance,ProportionalAllocation,13,2,1,0.0037,0.0037,1.0,6,0,6,0
trace-driven,trace,report_mixed_heterogeneous,SecondChance,ProportionalAllocation,13,2,2,0.0029,0.0028,0.9655172413793104,3,0,3,0
trace-driven,trace,report_mixed_heterogeneous,SecondChance,ProportionalAllocation,13,3,0,0.0028,0.0028,1.0,2,0,2,0
trace-driven,trace,report_mixed_heterogeneous,SecondChance,ProportionalAllocation,13,3,1,0.0038,0.0036,0.9473684210526315,6,0,6,0
trace-driven,trace,report_mixed_heterogeneous,SecondChance,ProportionalAllocation,13,3,2,0.0028,0.0026,0.9285714285714286,3,0,3,0
trace-driven,trace,report_mixed_heterogeneous,SecondChance,ProportionalAllocation,13,4,0,0.0027,0.0026,0.9629629629629629,2,0,2,0
trace-driven,trace,report_mixed_heterogeneous,SecondChance,ProportionalAllocation,13,4,1,0.0037,0.0036,0.972972972972973,6,0,6,0
trace-driven,trace,report_mixed_heterogeneous,SecondChance,ProportionalAllocation,13,4,2,0.0029,0.0027,0.9310344827586207,3,0,3,0
trace-driven,trace,report_mixed_heterogeneous,SecondChance,ProportionalAllocation,13,5,0,0.0027,0.0026,0.9629629629629629,2,0,2,0
trace-driven,trace,report_mixed_heterogeneous,SecondChance,ProportionalAllocation,13,5,1,0.0038,0.0036,0.9473684210526315,6,0,6,0
trace-driven,trace,report_mixed_heterogeneous,SecondChance,ProportionalAllocation,13,5,2,0.0028,0.0027,0.9642857142857143,3,0,3,0
trace-driven,trace,report_mixed_heterogeneous,SecondChance,ProportionalAllocation,13,6,0,0.0028,0.0028,1.0,2,0,2,0
trace-driven,trace,report_mixed_heterogeneous,SecondChance,ProportionalAllocation,13,6,1,0.0038,0.0035,0.9210526315789473,6,0,6,0
trace-driven,trace,report_mixed_heterogeneous,SecondChance,ProportionalAllocation,13,6,2,0.0029,0.0028,0.9655172413793104,3,0,3,0
trace-driven,trace,report_mixed_heterogeneous,SecondChance,ProportionalAllocation,13,7,0,0.0028,0.0027,0.9642857142857143,2,0,2,0
trace-driven,trace,report_mixed_heterogeneous,SecondChance,ProportionalAllocation,13,7,1,0.0038,0.0038,1.0,6,0,6,0
trace-driven,trace,report_mixed_heterogeneous,SecondChance,ProportionalAllocation,13,7,2,0.0028,0.0025,0.8928571428571429,3,0,3,0
trace-driven,trace,report_mixed_heterogeneous,SecondChance,ProportionalAllocation,13,8,0,0.0028,0.0029,1.0357142857142858,2,0,2,0
trace-driven,trace,report_mixed_heterogeneous,SecondChance,ProportionalAllocation,13,8,1,0.0039,0.0037,0.9487179487179487,6,0,6,0
trace-driven,trace,report_mixed_heterogeneous,SecondChance,ProportionalAllocation,13,8,2,0.0029,0.0028,0.9655172413793104,3,0,3,0
trace-driven,trace,report_mixed_heterogeneous,SecondChance,ProportionalAllocation,13,9,0,0.0027,0.0029,1.0740740740740742,2,0,2,0
trace-driven,trace,report_mixed_heterogeneous,SecondChance,ProportionalAllocation,13,9,1,0.0046,0.0039,0.8478260869565217,6,0,6,0
trace-driven,trace,report_mixed_heterogeneous,SecondChance,ProportionalAllocation,13,9,2,0.0263,0.0027,0.10266159695817491,3,0,3,0
trace-driven,trace,report_mixed_heterogeneous,WSClock,GlobalAllocation,13,0,0,0.0037,0.0051,1.3783783783783783,2,,,
trace-driven,trace,report_mixed_heterogeneous,WSClock,GlobalAllocation,13,0,1,0.0052,0.0074,1.4230769230769231,6,,,
trace-driven,trace,report_mixed_heterogeneous,WSClock,GlobalAllocation,13,0,2,0.0037,0.0049,1.3243243243243243,3,,,
trace-driven,trace,report_mixed_heterogeneous,WSClock,GlobalAllocation,13,1,0,0.0032,0.0044,1.375,2,,,
trace-driven,trace,report_mixed_heterogeneous,WSClock,GlobalAllocation,13,1,1,0.0043,0.006,1.3953488372093024,6,,,
trace-driven,trace,report_mixed_heterogeneous,WSClock,GlobalAllocation,13,1,2,0.0032,0.0041,1.28125,3,,,
trace-driven,trace,report_mixed_heterogeneous,WSClock,GlobalAllocation,13,2,0,0.003,0.0037,1.2333333333333334,2,,,
trace-driven,trace,report_mixed_heterogeneous,WSClock,GlobalAllocation,13,2,1,0.0039,0.0057,1.4615384615384615,6,,,
trace-driven,trace,report_mixed_heterogeneous,WSClock,GlobalAllocation,13,2,2,0.0032,0.0041,1.28125,3,,,
trace-driven,trace,report_mixed_heterogeneous,WSClock,GlobalAllocation,13,3,0,0.003,0.0038,1.2666666666666666,2,,,
trace-driven,trace,report_mixed_heterogeneous,WSClock,GlobalAllocation,13,3,1,0.0042,0.0054,1.2857142857142858,6,,,
trace-driven,trace,report_mixed_heterogeneous,WSClock,GlobalAllocation,13,3,2,0.0032,0.0039,1.21875,3,,,
trace-driven,trace,report_mixed_heterogeneous,WSClock,GlobalAllocation,13,4,0,0.0031,0.0038,1.2258064516129032,2,,,
trace-driven,trace,report_mixed_heterogeneous,WSClock,GlobalAllocation,13,4,1,0.004,0.0054,1.35,6,,,
trace-driven,trace,report_mixed_heterogeneous,WSClock,GlobalAllocation,13,4,2,0.0032,0.0038,1.1875,3,,,
trace-driven,trace,report_mixed_heterogeneous,WSClock,GlobalAllocation,13,5,0,0.0031,0.0039,1.2580645161290323,2,,,
trace-driven,trace,report_mixed_heterogeneous,WSClock,GlobalAllocation,13,5,1,0.004,0.0056,1.4,6,,,
trace-driven,trace,report_mixed_heterogeneous,WSClock,GlobalAllocation,13,5,2,0.0032,0.0039,1.21875,3,,,
trace-driven,trace,report_mixed_heterogeneous,WSClock,GlobalAllocation,13,6,0,0.003,0.0037,1.2333333333333334,2,,,
trace-driven,trace,report_mixed_heterogeneous,WSClock,GlobalAllocation,13,6,1,0.0043,0.0054,1.255813953488372,6,,,
trace-driven,trace,report_mixed_heterogeneous,WSClock,GlobalAllocation,13,6,2,0.0029,0.0039,1.3448275862068966,3,,,
trace-driven,trace,report_mixed_heterogeneous,WSClock,GlobalAllocation,13,7,0,0.0028,0.0034,1.2142857142857142,2,,,
trace-driven,trace,report_mixed_heterogeneous,WSClock,GlobalAllocation,13,7,1,0.0039,0.0054,1.3846153846153846,6,,,
trace-driven,trace,report_mixed_heterogeneous,WSClock,GlobalAllocation,13,7,2,0.0029,0.0049,1.6896551724137931,3,,,
trace-driven,trace,report_mixed_heterogeneous,WSClock,GlobalAllocation,13,8,0,0.0028,0.0034,1.2142857142857142,2,,,
trace-driven,trace,report_mixed_heterogeneous,WSClock,GlobalAllocation,13,8,1,0.0039,0.0055,1.4102564102564104,6,,,
trace-driven,trace,report_mixed_heterogeneous,WSClock,GlobalAllocation,13,8,2,0.0031,0.0037,1.1935483870967742,3,,,
trace-driven,trace,report_mixed_heterogeneous,WSClock,GlobalAllocation,13,9,0,0.0029,0.0034,1.1724137931034482,2,,,
trace-driven,trace,report_mixed_heterogeneous,WSClock,GlobalAllocation,13,9,1,0.004,0.0056,1.4,6,,,
trace-driven,trace,report_mixed_heterogeneous,WSClock,GlobalAllocation,13,9,2,0.003,0.004,1.3333333333333333,3,,,
trace-driven,trace,report_mixed_heterogeneous,WSClock,LocalAllocation,13,0,0,0.0029,0.0036,1.2413793103448276,2,0,2,0
trace-driven,trace,report_mixed_heterogeneous,WSClock,LocalAllocation,13,0,1,0.0039,0.0086,2.2051282051282053,6,2,6,0
trace-driven,trace,report_mixed_heterogeneous,WSClock,LocalAllocation,13,0,2,0.0029,0.0032,1.103448275862069,3,0,3,0
trace-driven,trace,report_mixed_heterogeneous,WSClock,LocalAllocation,13,1,0,0.0029,0.0029,1.0,2,0,2,0
trace-driven,trace,report_mixed_heterogeneous,WSClock,LocalAllocation,13,1,1,0.004,0.008,2.0,6,2,6,0
trace-driven,trace,report_mixed_heterogeneous,WSClock,LocalAllocation,13,1,2,0.0028,0.0027,0.9642857142857143,3,0,3,0
trace-driven,trace,report_mixed_heterogeneous,WSClock,LocalAllocation,13,2,0,0.0029,0.0031,1.0689655172413792,2,0,2,0
trace-driven,trace,report_mixed_heterogeneous,WSClock,LocalAllocation,13,2,1,0.0037,0.0079,2.135135135135135,6,2,6,0
trace-driven,trace,report_mixed_heterogeneous,WSClock,LocalAllocation,13,2,2,0.0029,0.0029,1.0,3,0,3,0
trace-driven,trace,report_mixed_heterogeneous,WSClock,LocalAllocation,13,3,0,0.0029,0.0028,0.9655172413793104,2,0,2,0
trace-driven,trace,report_mixed_heterogeneous,WSClock,LocalAllocation,13,3,1,0.0039,0.0077,1.9743589743589745,6,2,6,0
trace-driven,trace,report_mixed_heterogeneous,WSClock,LocalAllocation,13,3,2,0.003,0.0029,0.9666666666666667,3,0,3,0
trace-driven,trace,report_mixed_heterogeneous,WSClock,LocalAllocation,13,4,0,0.0027,0.0027,1.0,2,0,2,0
trace-driven,trace,report_mixed_heterogeneous,WSClock,LocalAllocation,13,4,1,0.0039,0.0074,1.8974358974358974,6,2,6,0
trace-driven,trace,report_mixed_heterogeneous,WSClock,LocalAllocation,13,4,2,0.0029,0.0026,0.896551724137931,3,0,3,0
trace-driven,trace,report_mixed_heterogeneous,WSClock,LocalAllocation,13,5,0,0.0027,0.0029,1.0740740740740742,2,0,2,0
trace-driven,trace,report_mixed_heterogeneous,WSClock,LocalAllocation,13,5,1,0.0039,0.0075,1.9230769230769231,6,2,6,0
trace-driven,trace,report_mixed_heterogeneous,WSClock,LocalAllocation,13,5,2,0.0029,0.0026,0.896551724137931,3,0,3,0
trace-driven,trace,report_mixed_heterogeneous,WSClock,LocalAllocation,13,6,0,0.0027,0.0027,1.0,2,0,2,0
trace-driven,trace,report_mixed_heterogeneous,WSClock,LocalAllocation,13,6,1,0.0039,0.0076,1.9487179487179487,6,2,6,0
trace-driven,trace,report_mixed_heterogeneous,WSClock,LocalAllocation,13,6,2,0.0029,0.0026,0.896551724137931,3,0,3,0
trace-driven,trace,report_mixed_heterogeneous,WSClock,LocalAllocation,13,7,0,0.0028,0.0026,0.9285714285714286,2,0,2,0
trace-driven,trace,report_mixed_heterogeneous,WSClock,LocalAllocation,13,7,1,0.0038,0.0072,1.894736842105263,6,2,6,0
trace-driven,trace,report_mixed_heterogeneous,WSClock,LocalAllocation,13,7,2,0.0028,0.0026,0.9285714285714286,3,0,3,0
trace-driven,trace,report_mixed_heterogeneous,WSClock,LocalAllocation,13,8,0,0.0028,0.0027,0.9642857142857143,2,0,2,0
trace-driven,trace,report_mixed_heterogeneous,WSClock,LocalAllocation,13,8,1,0.0038,0.0074,1.9473684210526316,6,2,6,0
trace-driven,trace,report_mixed_heterogeneous,WSClock,LocalAllocation,13,8,2,0.0028,0.0027,0.9642857142857143,3,0,3,0
trace-driven,trace,report_mixed_heterogeneous,WSClock,LocalAllocation,13,9,0,0.0028,0.0026,0.9285714285714286,2,0,2,0
trace-driven,trace,report_mixed_heterogeneous,WSClock,LocalAllocation,13,9,1,0.0038,0.0072,1.894736842105263,6,2,6,0
trace-driven,trace,report_mixed_heterogeneous,WSClock,LocalAllocation,13,9,2,0.0029,0.0027,0.9310344827586207,3,0,3,0
trace-driven,trace,report_mixed_heterogeneous,WSClock,ProportionalAllocation,13,0,0,0.0029,0.0034,1.1724137931034482,2,0,2,0
trace-driven,trace,report_mixed_heterogeneous,WSClock,ProportionalAllocation,13,0,1,0.0039,0.0042,1.0769230769230769,6,0,6,0
trace-driven,trace,report_mixed_heterogeneous,WSClock,ProportionalAllocation,13,0,2,0.003,0.0029,0.9666666666666667,3,0,3,0
trace-driven,trace,report_mixed_heterogeneous,WSClock,ProportionalAllocation,13,1,0,0.0029,0.0029,1.0,2,0,2,0
trace-driven,trace,report_mixed_heterogeneous,WSClock,ProportionalAllocation,13,1,1,0.0039,0.0039,1.0,6,0,6,0
trace-driven,trace,report_mixed_heterogeneous,WSClock,ProportionalAllocation,13,1,2,0.0032,0.0025,0.78125,3,0,3,0
trace-driven,trace,report_mixed_heterogeneous,WSClock,ProportionalAllocation,13,2,0,0.0028,0.0039,1.3928571428571428,2,0,2,0
trace-driven,trace,report_mixed_heterogeneous,WSClock,ProportionalAllocation,13,2,1,0.004,0.004,1.0,6,0,6,0
trace-driven,trace,report_mixed_heterogeneous,WSClock,ProportionalAllocation,13,2,2,0.0028,0.0029,1.0357142857142858,3,0,3,0
trace-driven,trace,report_mixed_heterogeneous,WSClock,ProportionalAllocation,13,3,0,0.0028,0.0028,1.0,2,0,2,0
trace-driven,trace,report_mixed_heterogeneous,WSClock,ProportionalAllocation,13,3,1,0.0038,0.0037,0.9736842105263158,6,0,6,0
trace-driven,trace,report_mixed_heterogeneous,WSClock,ProportionalAllocation,13,3,2,0.0029,0.0027,0.9310344827586207,3,0,3,0
trace-driven,trace,report_mixed_heterogeneous,WSClock,ProportionalAllocation,13,4,0,0.0029,0.0027,0.9310344827586207,2,0,2,0
trace-driven,trace,report_mixed_heterogeneous,WSClock,ProportionalAllocation,13,4,1,0.004,0.0037,0.925,6,0,6,0
trace-driven,trace,report_mixed_heterogeneous,WSClock,ProportionalAllocation,13,4,2,0.0027,0.0026,0.9629629629629629,3,0,3,0
trace-driven,trace,report_mixed_heterogeneous,WSClock,ProportionalAllocation,13,5,0,0.0027,0.0025,0.9259259259259259,2,0,2,0
trace-driven,trace,report_mixed_heterogeneous,WSClock,ProportionalAllocation,13,5,1,0.004,0.0038,0.95,6,0,6,0
trace-driven,trace,report_mixed_heterogeneous,WSClock,ProportionalAllocation,13,5,2,0.0028,0.0026,0.9285714285714286,3,0,3,0
trace-driven,trace,report_mixed_heterogeneous,WSClock,ProportionalAllocation,13,6,0,0.0028,0.0025,0.8928571428571429,2,0,2,0
trace-driven,trace,report_mixed_heterogeneous,WSClock,ProportionalAllocation,13,6,1,0.0039,0.0038,0.9743589743589743,6,0,6,0
trace-driven,trace,report_mixed_heterogeneous,WSClock,ProportionalAllocation,13,6,2,0.0032,0.0028,0.875,3,0,3,0
trace-driven,trace,report_mixed_heterogeneous,WSClock,ProportionalAllocation,13,7,0,0.0026,0.0029,1.1153846153846154,2,0,2,0
trace-driven,trace,report_mixed_heterogeneous,WSClock,ProportionalAllocation,13,7,1,0.0039,0.0036,0.9230769230769231,6,0,6,0
trace-driven,trace,report_mixed_heterogeneous,WSClock,ProportionalAllocation,13,7,2,0.003,0.0027,0.9,3,0,3,0
trace-driven,trace,report_mixed_heterogeneous,WSClock,ProportionalAllocation,13,8,0,0.0028,0.0029,1.0357142857142858,2,0,2,0
trace-driven,trace,report_mixed_heterogeneous,WSClock,ProportionalAllocation,13,8,1,0.0039,0.0037,0.9487179487179487,6,0,6,0
trace-driven,trace,report_mixed_heterogeneous,WSClock,ProportionalAllocation,13,8,2,0.0029,0.0027,0.9310344827586207,3,0,3,0
trace-driven,trace,report_mixed_heterogeneous,WSClock,ProportionalAllocation,13,9,0,0.0028,0.0028,1.0,2,0,2,0
trace-driven,trace,report_mixed_heterogeneous,WSClock,ProportionalAllocation,13,9,1,0.0039,0.0035,0.8974358974358975,6,0,6,0
trace-driven,trace,report_mixed_heterogeneous,WSClock,ProportionalAllocation,13,9,2,0.0028,0.0026,0.9285714285714286,3,0,3,0
trace-driven,trace,report_mixed_heterogeneous,FIFO,GlobalAllocation,16,0,0,0.0041,0.0049,1.1951219512195121,2,,,
trace-driven,trace,report_mixed_heterogeneous,FIFO,GlobalAllocation,16,0,1,0.0051,0.0066,1.2941176470588236,6,,,
trace-driven,trace,report_mixed_heterogeneous,FIFO,GlobalAllocation,16,0,2,0.0037,0.0042,1.135135135135135,3,,,
trace-driven,trace,report_mixed_heterogeneous,FIFO,GlobalAllocation,16,1,0,0.0032,0.0043,1.34375,2,,,
trace-driven,trace,report_mixed_heterogeneous,FIFO,GlobalAllocation,16,1,1,0.0043,0.0056,1.302325581395349,6,,,
trace-driven,trace,report_mixed_heterogeneous,FIFO,GlobalAllocation,16,1,2,0.0034,0.0043,1.2647058823529411,3,,,
trace-driven,trace,report_mixed_heterogeneous,FIFO,GlobalAllocation,16,2,0,0.0029,0.0034,1.1724137931034482,2,,,
trace-driven,trace,report_mixed_heterogeneous,FIFO,GlobalAllocation,16,2,1,0.0041,0.0051,1.2439024390243902,6,,,
trace-driven,trace,report_mixed_heterogeneous,FIFO,GlobalAllocation,16,2,2,0.0031,0.0039,1.2580645161290323,3,,,
trace-driven,trace,report_mixed_heterogeneous,FIFO,GlobalAllocation,16,3,0,0.0029,0.0035,1.206896551724138,2,,,
trace-driven,trace,report_mixed_heterogeneous,FIFO,GlobalAllocation,16,3,1,0.0039,0.0051,1.3076923076923077,6,,,
trace-driven,trace,report_mixed_heterogeneous,FIFO,GlobalAllocation,16,3,2,0.0032,0.0034,1.0625,3,,,
trace-driven,trace,report_mixed_heterogeneous,FIFO,GlobalAllocation,16,4,0,0.0029,0.0032,1.103448275862069,2,,,
trace-driven,trace,report_mixed_heterogeneous,FIFO,GlobalAllocation,16,4,1,0.0041,0.0048,1.170731707317073,6,,,
trace-driven,trace,report_mixed_heterogeneous,FIFO,GlobalAllocation,16,4,2,0.0031,0.0034,1.096774193548387,3,,,
trace-driven,trace,report_mixed_heterogeneous,FIFO,GlobalAllocation,16,5,0,0.003,0.005,1.6666666666666667,2,,,
trace-driven,trace,report_mixed_heterogeneous,FIFO,GlobalAllocation,16,5,1,0.0042,0.005,1.1904761904761905,6,,,
trace-driven,trace,report_mixed_heterogeneous,FIFO,GlobalAllocation,16,5,2,0.003,0.0034,1.1333333333333333,3,,,
trace-driven,trace,report_mixed_heterogeneous,FIFO,GlobalAllocation,16,6,0,0.0029,0.0033,1.1379310344827587,2,,,
trace-driven,trace,report_mixed_heterogeneous,FIFO,GlobalAllocation,16,6,1,0.0043,0.0049,1.1395348837209303,6,,,
trace-driven,trace,report_mixed_heterogeneous,FIFO,GlobalAllocation,16,6,2,0.0029,0.0033,1.1379310344827587,3,,,
trace-driven,trace,report_mixed_heterogeneous,FIFO,GlobalAllocation,16,7,0,0.0026,0.0035,1.3461538461538463,2,,,
trace-driven,trace,report_mixed_heterogeneous,FIFO,GlobalAllocation,16,7,1,0.0038,0.0049,1.2894736842105263,6,,,
trace-driven,trace,report_mixed_heterogeneous,FIFO,GlobalAllocation,16,7,2,0.0029,0.0033,1.1379310344827587,3,,,
trace-driven,trace,report_mixed_heterogeneous,FIFO,GlobalAllocation,16,8,0,0.0026,0.0031,1.1923076923076923,2,,,
trace-driven,trace,report_mixed_heterogeneous,FIFO,GlobalAllocation,16,8,1,0.0039,0.0047,1.205128205128205,6,,,
trace-driven,trace,report_mixed_heterogeneous,FIFO,GlobalAllocation,16,8,2,0.0028,0.0033,1.1785714285714286,3,,,
trace-driven,trace,report_mixed_heterogeneous,FIFO,GlobalAllocation,16,9,0,0.0027,0.0037,1.3703703703703705,2,,,
trace-driven,trace,report_mixed_heterogeneous,FIFO,GlobalAllocation,16,9,1,0.0039,0.0051,1.3076923076923077,6,,,
trace-driven,trace,report_mixed_heterogeneous,FIFO,GlobalAllocation,16,9,2,0.0027,0.0035,1.2962962962962963,3,,,
trace-driven,trace,report_mixed_heterogeneous,FIFO,LocalAllocation,16,0,0,0.003,0.0035,1.1666666666666667,2,0,2,0
trace-driven,trace,report_mixed_heterogeneous,FIFO,LocalAllocation,16,0,1,0.0038,0.0047,1.236842105263158,6,1,6,0
trace-driven,trace,report_mixed_heterogeneous,FIFO,LocalAllocation,16,0,2,0.0029,0.003,1.0344827586206897,3,0,3,0
trace-driven,trace,report_mixed_heterogeneous,FIFO,LocalAllocation,16,1,0,0.0027,0.0031,1.1481481481481481,2,0,2,0
trace-driven,trace,report_mixed_heterogeneous,FIFO,LocalAllocation,16,1,1,0.0038,0.0041,1.0789473684210527,6,1,6,0
trace-driven,trace,report_mixed_heterogeneous,FIFO,LocalAllocation,16,1,2,0.0027,0.0028,1.037037037037037,3,0,3,0
trace-driven,trace,report_mixed_heterogeneous,FIFO,LocalAllocation,16,2,0,0.0026,0.0026,1.0,2,0,2,0
trace-driven,trace,report_mixed_heterogeneous,FIFO,LocalAllocation,16,2,1,0.0039,0.0042,1.0769230769230769,6,1,6,0
trace-driven,trace,report_mixed_heterogeneous,FIFO,LocalAllocation,16,2,2,0.0029,0.0027,0.9310344827586207,3,0,3,0
trace-driven,trace,report_mixed_heterogeneous,FIFO,LocalAllocation,16,3,0,0.0026,0.0027,1.0384615384615385,2,0,2,0
trace-driven,trace,report_mixed_heterogeneous,FIFO,LocalAllocation,16,3,1,0.0038,0.0038,1.0,6,1,6,0
trace-driven,trace,report_mixed_heterogeneous,FIFO,LocalAllocation,16,3,2,0.003,0.0025,0.8333333333333334,3,0,3,0
trace-driven,trace,report_mixed_heterogeneous,FIFO,LocalAllocation,16,4,0,0.0027,0.0025,0.9259259259259259,2,0,2,0
trace-driven,trace,report_mixed_heterogeneous,FIFO,LocalAllocation,16,4,1,0.0039,0.0042,1.0769230769230769,6,1,6,0
trace-driven,trace,report_mixed_heterogeneous,FIFO,LocalAllocation,16,4,2,0.0029,0.0023,0.7931034482758621,3,0,3,0
trace-driven,trace,report_mixed_heterogeneous,FIFO,LocalAllocation,16,5,0,0.0028,0.0024,0.8571428571428571,2,0,2,0
trace-driven,trace,report_mixed_heterogeneous,FIFO,LocalAllocation,16,5,1,0.0038,0.0039,1.0263157894736843,6,1,6,0
trace-driven,trace,report_mixed_heterogeneous,FIFO,LocalAllocation,16,5,2,0.0029,0.0024,0.8275862068965517,3,0,3,0
trace-driven,trace,report_mixed_heterogeneous,FIFO,LocalAllocation,16,6,0,0.0026,0.0024,0.9230769230769231,2,0,2,0
trace-driven,trace,report_mixed_heterogeneous,FIFO,LocalAllocation,16,6,1,0.0036,0.0041,1.1388888888888888,6,1,6,0
trace-driven,trace,report_mixed_heterogeneous,FIFO,LocalAllocation,16,6,2,0.003,0.0024,0.8,3,0,3,0
trace-driven,trace,report_mixed_heterogeneous,FIFO,LocalAllocation,16,7,0,0.0029,0.0025,0.8620689655172413,2,0,2,0
trace-driven,trace,report_mixed_heterogeneous,FIFO,LocalAllocation,16,7,1,0.0039,0.004,1.0256410256410255,6,1,6,0
trace-driven,trace,report_mixed_heterogeneous,FIFO,LocalAllocation,16,7,2,0.0029,0.0024,0.8275862068965517,3,0,3,0
trace-driven,trace,report_mixed_heterogeneous,FIFO,LocalAllocation,16,8,0,0.003,0.0025,0.8333333333333334,2,0,2,0
trace-driven,trace,report_mixed_heterogeneous,FIFO,LocalAllocation,16,8,1,0.0037,0.0039,1.054054054054054,6,1,6,0
trace-driven,trace,report_mixed_heterogeneous,FIFO,LocalAllocation,16,8,2,0.0028,0.0023,0.8214285714285714,3,0,3,0
trace-driven,trace,report_mixed_heterogeneous,FIFO,LocalAllocation,16,9,0,0.0026,0.0023,0.8846153846153846,2,0,2,0
trace-driven,trace,report_mixed_heterogeneous,FIFO,LocalAllocation,16,9,1,0.0038,0.0039,1.0263157894736843,6,1,6,0
trace-driven,trace,report_mixed_heterogeneous,FIFO,LocalAllocation,16,9,2,0.0029,0.0023,0.7931034482758621,3,0,3,0
trace-driven,trace,report_mixed_heterogeneous,FIFO,ProportionalAllocation,16,0,0,0.0028,0.003,1.0714285714285714,2,0,2,0
trace-driven,trace,report_mixed_heterogeneous,FIFO,ProportionalAllocation,16,0,1,0.004,0.0041,1.025,6,0,6,0
trace-driven,trace,report_mixed_heterogeneous,FIFO,ProportionalAllocation,16,0,2,0.0028,0.0027,0.9642857142857143,3,0,3,0
trace-driven,trace,report_mixed_heterogeneous,FIFO,ProportionalAllocation,16,1,0,0.0026,0.0027,1.0384615384615385,2,0,2,0
trace-driven,trace,report_mixed_heterogeneous,FIFO,ProportionalAllocation,16,1,1,0.0039,0.0036,0.9230769230769231,6,0,6,0
trace-driven,trace,report_mixed_heterogeneous,FIFO,ProportionalAllocation,16,1,2,0.003,0.0024,0.8,3,0,3,0
trace-driven,trace,report_mixed_heterogeneous,FIFO,ProportionalAllocation,16,2,0,0.0027,0.0026,0.9629629629629629,2,0,2,0
trace-driven,trace,report_mixed_heterogeneous,FIFO,ProportionalAllocation,16,2,1,0.0039,0.0034,0.8717948717948718,6,0,6,0
trace-driven,trace,report_mixed_heterogeneous,FIFO,ProportionalAllocation,16,2,2,0.0029,0.0026,0.896551724137931,3,0,3,0
trace-driven,trace,report_mixed_heterogeneous,FIFO,ProportionalAllocation,16,3,0,0.0027,0.0024,0.8888888888888888,2,0,2,0
trace-driven,trace,report_mixed_heterogeneous,FIFO,ProportionalAllocation,16,3,1,0.0037,0.0033,0.8918918918918919,6,0,6,0
trace-driven,trace,report_mixed_heterogeneous,FIFO,ProportionalAllocation,16,3,2,0.0029,0.0023,0.7931034482758621,3,0,3,0
trace-driven,trace,report_mixed_heterogeneous,FIFO,ProportionalAllocation,16,4,0,0.0026,0.0024,0.9230769230769231,2,0,2,0
trace-driven,trace,report_mixed_heterogeneous,FIFO,ProportionalAllocation,16,4,1,0.0037,0.0035,0.9459459459459459,6,0,6,0
trace-driven,trace,report_mixed_heterogeneous,FIFO,ProportionalAllocation,16,4,2,0.0028,0.0022,0.7857142857142857,3,0,3,0
trace-driven,trace,report_mixed_heterogeneous,FIFO,ProportionalAllocation,16,5,0,0.0027,0.0025,0.9259259259259259,2,0,2,0
trace-driven,trace,report_mixed_heterogeneous,FIFO,ProportionalAllocation,16,5,1,0.0037,0.0035,0.9459459459459459,6,0,6,0
trace-driven,trace,report_mixed_heterogeneous,FIFO,ProportionalAllocation,16,5,2,0.0028,0.0026,0.9285714285714286,3,0,3,0
trace-driven,trace,report_mixed_heterogeneous,FIFO,ProportionalAllocation,16,6,0,0.0027,0.0025,0.9259259259259259,2,0,2,0
trace-driven,trace,report_mixed_heterogeneous,FIFO,ProportionalAllocation,16,6,1,0.0037,0.0036,0.972972972972973,6,0,6,0
trace-driven,trace,report_mixed_heterogeneous,FIFO,ProportionalAllocation,16,6,2,0.0029,0.0023,0.7931034482758621,3,0,3,0
trace-driven,trace,report_mixed_heterogeneous,FIFO,ProportionalAllocation,16,7,0,0.0027,0.0024,0.8888888888888888,2,0,2,0
trace-driven,trace,report_mixed_heterogeneous,FIFO,ProportionalAllocation,16,7,1,0.0037,0.0034,0.918918918918919,6,0,6,0
trace-driven,trace,report_mixed_heterogeneous,FIFO,ProportionalAllocation,16,7,2,0.0029,0.0023,0.7931034482758621,3,0,3,0
trace-driven,trace,report_mixed_heterogeneous,FIFO,ProportionalAllocation,16,8,0,0.0025,0.0023,0.92,2,0,2,0
trace-driven,trace,report_mixed_heterogeneous,FIFO,ProportionalAllocation,16,8,1,0.0038,0.0034,0.8947368421052632,6,0,6,0
trace-driven,trace,report_mixed_heterogeneous,FIFO,ProportionalAllocation,16,8,2,0.0029,0.0025,0.8620689655172413,3,0,3,0
trace-driven,trace,report_mixed_heterogeneous,FIFO,ProportionalAllocation,16,9,0,0.0026,0.0025,0.9615384615384616,2,0,2,0
trace-driven,trace,report_mixed_heterogeneous,FIFO,ProportionalAllocation,16,9,1,0.004,0.0034,0.85,6,0,6,0
trace-driven,trace,report_mixed_heterogeneous,FIFO,ProportionalAllocation,16,9,2,0.0028,0.0024,0.8571428571428571,3,0,3,0
trace-driven,trace,report_mixed_heterogeneous,LRU,GlobalAllocation,16,0,0,0.004,0.0055,1.375,2,,,
trace-driven,trace,report_mixed_heterogeneous,LRU,GlobalAllocation,16,0,1,0.0052,0.0074,1.4230769230769231,6,,,
trace-driven,trace,report_mixed_heterogeneous,LRU,GlobalAllocation,16,0,2,0.0037,0.0047,1.2702702702702702,3,,,
trace-driven,trace,report_mixed_heterogeneous,LRU,GlobalAllocation,16,1,0,0.0033,0.0046,1.393939393939394,2,,,
trace-driven,trace,report_mixed_heterogeneous,LRU,GlobalAllocation,16,1,1,0.0042,0.006,1.4285714285714286,6,,,
trace-driven,trace,report_mixed_heterogeneous,LRU,GlobalAllocation,16,1,2,0.0032,0.004,1.25,3,,,
trace-driven,trace,report_mixed_heterogeneous,LRU,GlobalAllocation,16,2,0,0.0032,0.0044,1.375,2,,,
trace-driven,trace,report_mixed_heterogeneous,LRU,GlobalAllocation,16,2,1,0.0043,0.0057,1.3255813953488371,6,,,
trace-driven,trace,report_mixed_heterogeneous,LRU,GlobalAllocation,16,2,2,0.0034,0.0041,1.2058823529411764,3,,,
trace-driven,trace,report_mixed_heterogeneous,LRU,GlobalAllocation,16,3,0,0.0031,0.0039,1.2580645161290323,2,,,
trace-driven,trace,report_mixed_heterogeneous,LRU,GlobalAllocation,16,3,1,0.0046,0.0055,1.1956521739130435,6,,,
trace-driven,trace,report_mixed_heterogeneous,LRU,GlobalAllocation,16,3,2,0.0035,0.0038,1.0857142857142856,3,,,
trace-driven,trace,report_mixed_heterogeneous,LRU,GlobalAllocation,16,4,0,0.0031,0.004,1.2903225806451613,2,,,
trace-driven,trace,report_mixed_heterogeneous,LRU,GlobalAllocation,16,4,1,0.0041,0.0053,1.2926829268292683,6,,,
trace-driven,trace,report_mixed_heterogeneous,LRU,GlobalAllocation,16,4,2,0.0033,0.0038,1.1515151515151516,3,,,
trace-driven,trace,report_mixed_heterogeneous,LRU,GlobalAllocation,16,5,0,0.0032,0.0043,1.34375,2,,,
trace-driven,trace,report_mixed_heterogeneous,LRU,GlobalAllocation,16,5,1,0.0043,0.0064,1.4883720930232558,6,,,
trace-driven,trace,report_mixed_heterogeneous,LRU,GlobalAllocation,16,5,2,0.0033,0.004,1.2121212121212122,3,,,
trace-driven,trace,report_mixed_heterogeneous,LRU,GlobalAllocation,16,6,0,0.0032,0.0042,1.3125,2,,,
trace-driven,trace,report_mixed_heterogeneous,LRU,GlobalAllocation,16,6,1,0.0043,0.0054,1.255813953488372,6,,,
trace-driven,trace,report_mixed_heterogeneous,LRU,GlobalAllocation,16,6,2,0.0033,0.004,1.2121212121212122,3,,,
trace-driven,trace,report_mixed_heterogeneous,LRU,GlobalAllocation,16,7,0,0.0031,0.004,1.2903225806451613,2,,,
trace-driven,trace,report_mixed_heterogeneous,LRU,GlobalAllocation,16,7,1,0.004,0.0054,1.35,6,,,
trace-driven,trace,report_mixed_heterogeneous,LRU,GlobalAllocation,16,7,2,0.0032,0.0039,1.21875,3,,,
trace-driven,trace,report_mixed_heterogeneous,LRU,GlobalAllocation,16,8,0,0.003,0.0042,1.4,2,,,
trace-driven,trace,report_mixed_heterogeneous,LRU,GlobalAllocation,16,8,1,0.004,0.0052,1.3,6,,,
trace-driven,trace,report_mixed_heterogeneous,LRU,GlobalAllocation,16,8,2,0.0031,0.0038,1.2258064516129032,3,,,
trace-driven,trace,report_mixed_heterogeneous,LRU,GlobalAllocation,16,9,0,0.0032,0.0037,1.15625,2,,,
trace-driven,trace,report_mixed_heterogeneous,LRU,GlobalAllocation,16,9,1,0.0041,0.0055,1.3414634146341464,6,,,
trace-driven,trace,report_mixed_heterogeneous,LRU,GlobalAllocation,16,9,2,0.0033,0.0039,1.1818181818181819,3,,,
trace-driven,trace,report_mixed_heterogeneous,LRU,LocalAllocation,16,0,0,0.0032,0.0038,1.1875,2,0,2,0
trace-driven,trace,report_mixed_heterogeneous,LRU,LocalAllocation,16,0,1,0.0042,0.0052,1.2380952380952381,6,1,6,0
trace-driven,trace,report_mixed_heterogeneous,LRU,LocalAllocation,16,0,2,0.0031,0.0033,1.064516129032258,3,0,3,0
trace-driven,trace,report_mixed_heterogeneous,LRU,LocalAllocation,16,1,0,0.0031,0.0033,1.064516129032258,2,0,2,0
trace-driven,trace,report_mixed_heterogeneous,LRU,LocalAllocation,16,1,1,0.0038,0.0049,1.2894736842105263,6,1,6,0
trace-driven,trace,report_mixed_heterogeneous,LRU,LocalAllocation,16,1,2,0.003,0.0034,1.1333333333333333,3,0,3,0
trace-driven,trace,report_mixed_heterogeneous,LRU,LocalAllocation,16,2,0,0.0029,0.0032,1.103448275862069,2,0,2,0
trace-driven,trace,report_mixed_heterogeneous,LRU,LocalAllocation,16,2,1,0.0039,0.0047,1.205128205128205,6,1,6,0
trace-driven,trace,report_mixed_heterogeneous,LRU,LocalAllocation,16,2,2,0.0031,0.0031,1.0,3,0,3,0
trace-driven,trace,report_mixed_heterogeneous,LRU,LocalAllocation,16,3,0,0.0029,0.003,1.0344827586206897,2,0,2,0
trace-driven,trace,report_mixed_heterogeneous,LRU,LocalAllocation,16,3,1,0.0038,0.0044,1.1578947368421053,6,1,6,0
trace-driven,trace,report_mixed_heterogeneous,LRU,LocalAllocation,16,3,2,0.0032,0.0029,0.90625,3,0,3,0
trace-driven,trace,report_mixed_heterogeneous,LRU,LocalAllocation,16,4,0,0.003,0.0029,0.9666666666666667,2,0,2,0
trace-driven,trace,report_mixed_heterogeneous,LRU,LocalAllocation,16,4,1,0.0039,0.0043,1.1025641025641026,6,1,6,0
trace-driven,trace,report_mixed_heterogeneous,LRU,LocalAllocation,16,4,2,0.0031,0.0029,0.9354838709677419,3,0,3,0
trace-driven,trace,report_mixed_heterogeneous,LRU,LocalAllocation,16,5,0,0.003,0.0029,0.9666666666666667,2,0,2,0
trace-driven,trace,report_mixed_heterogeneous,LRU,LocalAllocation,16,5,1,0.0039,0.0044,1.1282051282051282,6,1,6,0
trace-driven,trace,report_mixed_heterogeneous,LRU,LocalAllocation,16,5,2,0.0031,0.0026,0.8387096774193549,3,0,3,0
trace-driven,trace,report_mixed_heterogeneous,LRU,LocalAllocation,16,6,0,0.0029,0.0029,1.0,2,0,2,0
trace-driven,trace,report_mixed_heterogeneous,LRU,LocalAllocation,16,6,1,0.0038,0.0044,1.1578947368421053,6,1,6,0
trace-driven,trace,report_mixed_heterogeneous,LRU,LocalAllocation,16,6,2,0.0032,0.0029,0.90625,3,0,3,0
trace-driven,trace,report_mixed_heterogeneous,LRU,LocalAllocation,16,7,0,0.0029,0.0029,1.0,2,0,2,0
trace-driven,trace,report_mixed_heterogeneous,LRU,LocalAllocation,16,7,1,0.0039,0.0043,1.1025641025641026,6,1,6,0
trace-driven,trace,report_mixed_heterogeneous,LRU,LocalAllocation,16,7,2,0.0031,0.003,0.967741935483871,3,0,3,0
trace-driven,trace,report_mixed_heterogeneous,LRU,LocalAllocation,16,8,0,0.0029,0.0029,1.0,2,0,2,0
trace-driven,trace,report_mixed_heterogeneous,LRU,LocalAllocation,16,8,1,0.004,0.0043,1.075,6,1,6,0
trace-driven,trace,report_mixed_heterogeneous,LRU,LocalAllocation,16,8,2,0.0034,0.003,0.8823529411764706,3,0,3,0
trace-driven,trace,report_mixed_heterogeneous,LRU,LocalAllocation,16,9,0,0.0029,0.0031,1.0689655172413792,2,0,2,0
trace-driven,trace,report_mixed_heterogeneous,LRU,LocalAllocation,16,9,1,0.0038,0.0043,1.131578947368421,6,1,6,0
trace-driven,trace,report_mixed_heterogeneous,LRU,LocalAllocation,16,9,2,0.0031,0.0025,0.8064516129032258,3,0,3,0
trace-driven,trace,report_mixed_heterogeneous,LRU,ProportionalAllocation,16,0,0,0.003,0.0033,1.1,2,0,2,0
trace-driven,trace,report_mixed_heterogeneous,LRU,ProportionalAllocation,16,0,1,0.0038,0.0043,1.131578947368421,6,0,6,0
trace-driven,trace,report_mixed_heterogeneous,LRU,ProportionalAllocation,16,0,2,0.003,0.0029,0.9666666666666667,3,0,3,0
trace-driven,trace,report_mixed_heterogeneous,LRU,ProportionalAllocation,16,1,0,0.0031,0.003,0.967741935483871,2,0,2,0
trace-driven,trace,report_mixed_heterogeneous,LRU,ProportionalAllocation,16,1,1,0.0039,0.004,1.0256410256410255,6,0,6,0
trace-driven,trace,report_mixed_heterogeneous,LRU,ProportionalAllocation,16,1,2,0.0032,0.0031,0.96875,3,0,3,0
trace-driven,trace,report_mixed_heterogeneous,LRU,ProportionalAllocation,16,2,0,0.0031,0.003,0.967741935483871,2,0,2,0
trace-driven,trace,report_mixed_heterogeneous,LRU,ProportionalAllocation,16,2,1,0.0043,0.0039,0.9069767441860465,6,0,6,0
trace-driven,trace,report_mixed_heterogeneous,LRU,ProportionalAllocation,16,2,2,0.0032,0.0028,0.875,3,0,3,0
trace-driven,trace,report_mixed_heterogeneous,LRU,ProportionalAllocation,16,3,0,0.0029,0.0029,1.0,2,0,2,0
trace-driven,trace,report_mixed_heterogeneous,LRU,ProportionalAllocation,16,3,1,0.0038,0.0037,0.9736842105263158,6,0,6,0
trace-driven,trace,report_mixed_heterogeneous,LRU,ProportionalAllocation,16,3,2,0.0031,0.0028,0.9032258064516129,3,0,3,0
trace-driven,trace,report_mixed_heterogeneous,LRU,ProportionalAllocation,16,4,0,0.0031,0.0028,0.9032258064516129,2,0,2,0
trace-driven,trace,report_mixed_heterogeneous,LRU,ProportionalAllocation,16,4,1,0.0041,0.0038,0.926829268292683,6,0,6,0
trace-driven,trace,report_mixed_heterogeneous,LRU,ProportionalAllocation,16,4,2,0.0038,0.0027,0.7105263157894737,3,0,3,0
trace-driven,trace,report_mixed_heterogeneous,LRU,ProportionalAllocation,16,5,0,0.0029,0.0028,0.9655172413793104,2,0,2,0
trace-driven,trace,report_mixed_heterogeneous,LRU,ProportionalAllocation,16,5,1,0.0039,0.0036,0.9230769230769231,6,0,6,0
trace-driven,trace,report_mixed_heterogeneous,LRU,ProportionalAllocation,16,5,2,0.0031,0.0028,0.9032258064516129,3,0,3,0
trace-driven,trace,report_mixed_heterogeneous,LRU,ProportionalAllocation,16,6,0,0.003,0.0032,1.0666666666666667,2,0,2,0
trace-driven,trace,report_mixed_heterogeneous,LRU,ProportionalAllocation,16,6,1,0.0039,0.0039,1.0,6,0,6,0
trace-driven,trace,report_mixed_heterogeneous,LRU,ProportionalAllocation,16,6,2,0.0031,0.0026,0.8387096774193549,3,0,3,0
trace-driven,trace,report_mixed_heterogeneous,LRU,ProportionalAllocation,16,7,0,0.0029,0.0028,0.9655172413793104,2,0,2,0
trace-driven,trace,report_mixed_heterogeneous,LRU,ProportionalAllocation,16,7,1,0.0053,0.0046,0.8679245283018868,6,0,6,0
trace-driven,trace,report_mixed_heterogeneous,LRU,ProportionalAllocation,16,7,2,0.0031,0.003,0.967741935483871,3,0,3,0
trace-driven,trace,report_mixed_heterogeneous,LRU,ProportionalAllocation,16,8,0,0.0029,0.0028,0.9655172413793104,2,0,2,0
trace-driven,trace,report_mixed_heterogeneous,LRU,ProportionalAllocation,16,8,1,0.0038,0.0037,0.9736842105263158,6,0,6,0
trace-driven,trace,report_mixed_heterogeneous,LRU,ProportionalAllocation,16,8,2,0.0032,0.0027,0.84375,3,0,3,0
trace-driven,trace,report_mixed_heterogeneous,LRU,ProportionalAllocation,16,9,0,0.0032,0.003,0.9375,2,0,2,0
trace-driven,trace,report_mixed_heterogeneous,LRU,ProportionalAllocation,16,9,1,0.0042,0.0036,0.8571428571428571,6,0,6,0
trace-driven,trace,report_mixed_heterogeneous,LRU,ProportionalAllocation,16,9,2,0.0033,0.0026,0.7878787878787878,3,0,3,0
trace-driven,trace,report_mixed_heterogeneous,NRU,GlobalAllocation,16,0,0,0.0038,0.0048,1.263157894736842,2,,,
trace-driven,trace,report_mixed_heterogeneous,NRU,GlobalAllocation,16,0,1,0.0049,0.0065,1.3265306122448979,6,,,
trace-driven,trace,report_mixed_heterogeneous,NRU,GlobalAllocation,16,0,2,0.0037,0.0048,1.2972972972972974,3,,,
trace-driven,trace,report_mixed_heterogeneous,NRU,GlobalAllocation,16,1,0,0.0031,0.0043,1.3870967741935485,2,,,
trace-driven,trace,report_mixed_heterogeneous,NRU,GlobalAllocation,16,1,1,0.0039,0.0053,1.358974358974359,6,,,
trace-driven,trace,report_mixed_heterogeneous,NRU,GlobalAllocation,16,1,2,0.0033,0.004,1.2121212121212122,3,,,
trace-driven,trace,report_mixed_heterogeneous,NRU,GlobalAllocation,16,2,0,0.0031,0.0039,1.2580645161290323,2,,,
trace-driven,trace,report_mixed_heterogeneous,NRU,GlobalAllocation,16,2,1,0.0038,0.0053,1.394736842105263,6,,,
trace-driven,trace,report_mixed_heterogeneous,NRU,GlobalAllocation,16,2,2,0.0032,0.0039,1.21875,3,,,
trace-driven,trace,report_mixed_heterogeneous,NRU,GlobalAllocation,16,3,0,0.003,0.0037,1.2333333333333334,2,,,
trace-driven,trace,report_mixed_heterogeneous,NRU,GlobalAllocation,16,3,1,0.0038,0.0051,1.3421052631578947,6,,,
trace-driven,trace,report_mixed_heterogeneous,NRU,GlobalAllocation,16,3,2,0.0032,0.0038,1.1875,3,,,
trace-driven,trace,report_mixed_heterogeneous,NRU,GlobalAllocation,16,4,0,0.0031,0.0038,1.2258064516129032,2,,,
trace-driven,trace,report_mixed_heterogeneous,NRU,GlobalAllocation,16,4,1,0.0039,0.0049,1.2564102564102564,6,,,
trace-driven,trace,report_mixed_heterogeneous,NRU,GlobalAllocation,16,4,2,0.0032,0.0037,1.15625,3,,,
trace-driven,trace,report_mixed_heterogeneous,NRU,GlobalAllocation,16,5,0,0.003,0.0038,1.2666666666666666,2,,,
trace-driven,trace,report_mixed_heterogeneous,NRU,GlobalAllocation,16,5,1,0.0038,0.0049,1.2894736842105263,6,,,
trace-driven,trace,report_mixed_heterogeneous,NRU,GlobalAllocation,16,5,2,0.0031,0.0037,1.1935483870967742,3,,,
trace-driven,trace,report_mixed_heterogeneous,NRU,GlobalAllocation,16,6,0,0.0031,0.0036,1.1612903225806452,2,,,
trace-driven,trace,report_mixed_heterogeneous,NRU,GlobalAllocation,16,6,1,0.0039,0.0049,1.2564102564102564,6,,,
trace-driven,trace,report_mixed_heterogeneous,NRU,GlobalAllocation,16,6,2,0.0029,0.0036,1.2413793103448276,3,,,
trace-driven,trace,report_mixed_heterogeneous,NRU,GlobalAllocation,16,7,0,0.0027,0.0037,1.3703703703703705,2,,,
trace-driven,trace,report_mixed_heterogeneous,NRU,GlobalAllocation,16,7,1,0.0037,0.0054,1.4594594594594594,6,,,
trace-driven,trace,report_mixed_heterogeneous,NRU,GlobalAllocation,16,7,2,0.0039,0.0038,0.9743589743589743,3,,,
trace-driven,trace,report_mixed_heterogeneous,NRU,GlobalAllocation,16,8,0,0.0028,0.0036,1.2857142857142858,2,,,
trace-driven,trace,report_mixed_heterogeneous,NRU,GlobalAllocation,16,8,1,0.0036,0.005,1.3888888888888888,6,,,
trace-driven,trace,report_mixed_heterogeneous,NRU,GlobalAllocation,16,8,2,0.003,0.0037,1.2333333333333334,3,,,
trace-driven,trace,report_mixed_heterogeneous,NRU,GlobalAllocation,16,9,0,0.0028,0.0036,1.2857142857142858,2,,,
trace-driven,trace,report_mixed_heterogeneous,NRU,GlobalAllocation,16,9,1,0.0035,0.0059,1.6857142857142857,6,,,
trace-driven,trace,report_mixed_heterogeneous,NRU,GlobalAllocation,16,9,2,0.0028,0.0037,1.3214285714285714,3,,,
trace-driven,trace,report_mixed_heterogeneous,NRU,LocalAllocation,16,0,0,0.0028,0.0038,1.3571428571428572,2,0,2,0
trace-driven,trace,report_mixed_heterogeneous,NRU,LocalAllocation,16,0,1,0.0038,0.0062,1.631578947368421,6,1,6,0
trace-driven,trace,report_mixed_heterogeneous,NRU,LocalAllocation,16,0,2,0.0031,0.0031,1.0,3,0,3,0
trace-driven,trace,report_mixed_heterogeneous,NRU,LocalAllocation,16,1,0,0.0028,0.0033,1.1785714285714286,2,0,2,0
trace-driven,trace,report_mixed_heterogeneous,NRU,LocalAllocation,16,1,1,0.0036,0.0054,1.5,6,1,6,0
trace-driven,trace,report_mixed_heterogeneous,NRU,LocalAllocation,16,1,2,0.003,0.0028,0.9333333333333333,3,0,3,0
trace-driven,trace,report_mixed_heterogeneous,NRU,LocalAllocation,16,2,0,0.0027,0.0029,1.0740740740740742,2,0,2,0
trace-driven,trace,report_mixed_heterogeneous,NRU,LocalAllocation,16,2,1,0.0036,0.0052,1.4444444444444444,6,1,6,0
trace-driven,trace,report_mixed_heterogeneous,NRU,LocalAllocation,16,2,2,0.003,0.0027,0.9,3,0,3,0
trace-driven,trace,report_mixed_heterogeneous,NRU,LocalAllocation,16,3,0,0.0027,0.0029,1.0740740740740742,2,0,2,0
trace-driven,trace,report_mixed_heterogeneous,NRU,LocalAllocation,16,3,1,0.0037,0.0051,1.3783783783783783,6,1,6,0
trace-driven,trace,report_mixed_heterogeneous,NRU,LocalAllocation,16,3,2,0.0029,0.0029,1.0,3,0,3,0
trace-driven,trace,report_mixed_heterogeneous,NRU,LocalAllocation,16,4,0,0.0029,0.0029,1.0,2,0,2,0
trace-driven,trace,report_mixed_heterogeneous,NRU,LocalAllocation,16,4,1,0.0036,0.0054,1.5,6,1,6,0
trace-driven,trace,report_mixed_heterogeneous,NRU,LocalAllocation,16,4,2,0.0029,0.0026,0.896551724137931,3,0,3,0
trace-driven,trace,report_mixed_heterogeneous,NRU,LocalAllocation,16,5,0,0.0027,0.0027,1.0,2,0,2,0
trace-driven,trace,report_mixed_heterogeneous,NRU,LocalAllocation,16,5,1,0.0034,0.0053,1.5588235294117647,6,1,6,0
trace-driven,trace,report_mixed_heterogeneous,NRU,LocalAllocation,16,5,2,0.0031,0.0027,0.8709677419354839,3,0,3,0
trace-driven,trace,report_mixed_heterogeneous,NRU,LocalAllocation,16,6,0,0.0028,0.0028,1.0,2,0,2,0
trace-driven,trace,report_mixed_heterogeneous,NRU,LocalAllocation,16,6,1,0.0036,0.0053,1.4722222222222223,6,1,6,0
trace-driven,trace,report_mixed_heterogeneous,NRU,LocalAllocation,16,6,2,0.0029,0.0026,0.896551724137931,3,0,3,0
trace-driven,trace,report_mixed_heterogeneous,NRU,LocalAllocation,16,7,0,0.0028,0.0028,1.0,2,0,2,0
trace-driven,trace,report_mixed_heterogeneous,NRU,LocalAllocation,16,7,1,0.0036,0.0049,1.3611111111111112,6,1,6,0
trace-driven,trace,report_mixed_heterogeneous,NRU,LocalAllocation,16,7,2,0.0029,0.0026,0.896551724137931,3,0,3,0
trace-driven,trace,report_mixed_heterogeneous,NRU,LocalAllocation,16,8,0,0.0027,0.0028,1.037037037037037,2,0,2,0
trace-driven,trace,report_mixed_heterogeneous,NRU,LocalAllocation,16,8,1,0.0036,0.0049,1.3611111111111112,6,1,6,0
trace-driven,trace,report_mixed_heterogeneous,NRU,LocalAllocation,16,8,2,0.0031,0.0027,0.8709677419354839,3,0,3,0
trace-driven,trace,report_mixed_heterogeneous,NRU,LocalAllocation,16,9,0,0.0029,0.0027,0.9310344827586207,2,0,2,0
trace-driven,trace,report_mixed_heterogeneous,NRU,LocalAllocation,16,9,1,0.0036,0.0049,1.3611111111111112,6,1,6,0
trace-driven,trace,report_mixed_heterogeneous,NRU,LocalAllocation,16,9,2,0.0029,0.0026,0.896551724137931,3,0,3,0
trace-driven,trace,report_mixed_heterogeneous,NRU,ProportionalAllocation,16,0,0,0.0029,0.0032,1.103448275862069,2,0,2,0
trace-driven,trace,report_mixed_heterogeneous,NRU,ProportionalAllocation,16,0,1,0.0038,0.004,1.0526315789473684,6,0,6,0
trace-driven,trace,report_mixed_heterogeneous,NRU,ProportionalAllocation,16,0,2,0.0029,0.0027,0.9310344827586207,3,0,3,0
trace-driven,trace,report_mixed_heterogeneous,NRU,ProportionalAllocation,16,1,0,0.003,0.003,1.0,2,0,2,0
trace-driven,trace,report_mixed_heterogeneous,NRU,ProportionalAllocation,16,1,1,0.0038,0.0039,1.0263157894736843,6,0,6,0
trace-driven,trace,report_mixed_heterogeneous,NRU,ProportionalAllocation,16,1,2,0.0029,0.0027,0.9310344827586207,3,0,3,0
trace-driven,trace,report_mixed_heterogeneous,NRU,ProportionalAllocation,16,2,0,0.0029,0.0043,1.4827586206896552,2,0,2,0
trace-driven,trace,report_mixed_heterogeneous,NRU,ProportionalAllocation,16,2,1,0.0034,0.0048,1.411764705882353,6,0,6,0
trace-driven,trace,report_mixed_heterogeneous,NRU,ProportionalAllocation,16,2,2,0.0029,0.0033,1.1379310344827587,3,0,3,0
trace-driven,trace,report_mixed_heterogeneous,NRU,ProportionalAllocation,16,3,0,0.0028,0.003,1.0714285714285714,2,0,2,0
trace-driven,trace,report_mixed_heterogeneous,NRU,ProportionalAllocation,16,3,1,0.0036,0.0036,1.0,6,0,6,0
trace-driven,trace,report_mixed_heterogeneous,NRU,ProportionalAllocation,16,3,2,0.003,0.0027,0.9,3,0,3,0
trace-driven,trace,report_mixed_heterogeneous,NRU,ProportionalAllocation,16,4,0,0.0028,0.0029,1.0357142857142858,2,0,2,0
trace-driven,trace,report_mixed_heterogeneous,NRU,ProportionalAllocation,16,4,1,0.0036,0.0037,1.0277777777777777,6,0,6,0
trace-driven,trace,report_mixed_heterogeneous,NRU,ProportionalAllocation,16,4,2,0.0029,0.0027,0.9310344827586207,3,0,3,0
trace-driven,trace,report_mixed_heterogeneous,NRU,ProportionalAllocation,16,5,0,0.0027,0.0028,1.037037037037037,2,0,2,0
trace-driven,trace,report_mixed_heterogeneous,NRU,ProportionalAllocation,16,5,1,0.0036,0.0033,0.9166666666666666,6,0,6,0
trace-driven,trace,report_mixed_heterogeneous,NRU,ProportionalAllocation,16,5,2,0.003,0.0028,0.9333333333333333,3,0,3,0
trace-driven,trace,report_mixed_heterogeneous,NRU,ProportionalAllocation,16,6,0,0.0029,0.0028,0.9655172413793104,2,0,2,0
trace-driven,trace,report_mixed_heterogeneous,NRU,ProportionalAllocation,16,6,1,0.0034,0.0035,1.0294117647058822,6,0,6,0
trace-driven,trace,report_mixed_heterogeneous,NRU,ProportionalAllocation,16,6,2,0.0029,0.0025,0.8620689655172413,3,0,3,0
trace-driven,trace,report_mixed_heterogeneous,NRU,ProportionalAllocation,16,7,0,0.0027,0.0027,1.0,2,0,2,0
trace-driven,trace,report_mixed_heterogeneous,NRU,ProportionalAllocation,16,7,1,0.0036,0.0036,1.0,6,0,6,0
trace-driven,trace,report_mixed_heterogeneous,NRU,ProportionalAllocation,16,7,2,0.0029,0.0027,0.9310344827586207,3,0,3,0
trace-driven,trace,report_mixed_heterogeneous,NRU,ProportionalAllocation,16,8,0,0.0029,0.003,1.0344827586206897,2,0,2,0
trace-driven,trace,report_mixed_heterogeneous,NRU,ProportionalAllocation,16,8,1,0.0039,0.0034,0.8717948717948718,6,0,6,0
trace-driven,trace,report_mixed_heterogeneous,NRU,ProportionalAllocation,16,8,2,0.0031,0.0027,0.8709677419354839,3,0,3,0
trace-driven,trace,report_mixed_heterogeneous,NRU,ProportionalAllocation,16,9,0,0.0028,0.0028,1.0,2,0,2,0
trace-driven,trace,report_mixed_heterogeneous,NRU,ProportionalAllocation,16,9,1,0.0036,0.0034,0.9444444444444444,6,0,6,0
trace-driven,trace,report_mixed_heterogeneous,NRU,ProportionalAllocation,16,9,2,0.003,0.003,1.0,3,0,3,0
trace-driven,trace,report_mixed_heterogeneous,SecondChance,GlobalAllocation,16,0,0,0.0036,0.0054,1.5,2,,,
trace-driven,trace,report_mixed_heterogeneous,SecondChance,GlobalAllocation,16,0,1,0.0052,0.0071,1.3653846153846154,6,,,
trace-driven,trace,report_mixed_heterogeneous,SecondChance,GlobalAllocation,16,0,2,0.0036,0.0049,1.3611111111111112,3,,,
trace-driven,trace,report_mixed_heterogeneous,SecondChance,GlobalAllocation,16,1,0,0.0031,0.0043,1.3870967741935485,2,,,
trace-driven,trace,report_mixed_heterogeneous,SecondChance,GlobalAllocation,16,1,1,0.0043,0.0059,1.372093023255814,6,,,
trace-driven,trace,report_mixed_heterogeneous,SecondChance,GlobalAllocation,16,1,2,0.0031,0.0041,1.3225806451612903,3,,,
trace-driven,trace,report_mixed_heterogeneous,SecondChance,GlobalAllocation,16,2,0,0.0031,0.004,1.2903225806451613,2,,,
trace-driven,trace,report_mixed_heterogeneous,SecondChance,GlobalAllocation,16,2,1,0.004,0.0057,1.425,6,,,
trace-driven,trace,report_mixed_heterogeneous,SecondChance,GlobalAllocation,16,2,2,0.0032,0.0039,1.21875,3,,,
trace-driven,trace,report_mixed_heterogeneous,SecondChance,GlobalAllocation,16,3,0,0.003,0.0037,1.2333333333333334,2,,,
trace-driven,trace,report_mixed_heterogeneous,SecondChance,GlobalAllocation,16,3,1,0.0041,0.0055,1.3414634146341464,6,,,
trace-driven,trace,report_mixed_heterogeneous,SecondChance,GlobalAllocation,16,3,2,0.003,0.0041,1.3666666666666667,3,,,
trace-driven,trace,report_mixed_heterogeneous,SecondChance,GlobalAllocation,16,4,0,0.0031,0.0038,1.2258064516129032,2,,,
trace-driven,trace,report_mixed_heterogeneous,SecondChance,GlobalAllocation,16,4,1,0.0042,0.0053,1.2619047619047619,6,,,
trace-driven,trace,report_mixed_heterogeneous,SecondChance,GlobalAllocation,16,4,2,0.0032,0.0038,1.1875,3,,,
trace-driven,trace,report_mixed_heterogeneous,SecondChance,GlobalAllocation,16,5,0,0.003,0.0037,1.2333333333333334,2,,,
trace-driven,trace,report_mixed_heterogeneous,SecondChance,GlobalAllocation,16,5,1,0.0042,0.0054,1.2857142857142858,6,,,
trace-driven,trace,report_mixed_heterogeneous,SecondChance,GlobalAllocation,16,5,2,0.0031,0.004,1.2903225806451613,3,,,
trace-driven,trace,report_mixed_heterogeneous,SecondChance,GlobalAllocation,16,6,0,0.003,0.0037,1.2333333333333334,2,,,
trace-driven,trace,report_mixed_heterogeneous,SecondChance,GlobalAllocation,16,6,1,0.0042,0.0054,1.2857142857142858,6,,,
trace-driven,trace,report_mixed_heterogeneous,SecondChance,GlobalAllocation,16,6,2,0.0029,0.0038,1.3103448275862069,3,,,
trace-driven,trace,report_mixed_heterogeneous,SecondChance,GlobalAllocation,16,7,0,0.0027,0.0035,1.2962962962962963,2,,,
trace-driven,trace,report_mixed_heterogeneous,SecondChance,GlobalAllocation,16,7,1,0.004,0.0054,1.35,6,,,
trace-driven,trace,report_mixed_heterogeneous,SecondChance,GlobalAllocation,16,7,2,0.0028,0.0037,1.3214285714285714,3,,,
trace-driven,trace,report_mixed_heterogeneous,SecondChance,GlobalAllocation,16,8,0,0.0027,0.0035,1.2962962962962963,2,,,
trace-driven,trace,report_mixed_heterogeneous,SecondChance,GlobalAllocation,16,8,1,0.0039,0.0053,1.358974358974359,6,,,
trace-driven,trace,report_mixed_heterogeneous,SecondChance,GlobalAllocation,16,8,2,0.0028,0.0038,1.3571428571428572,3,,,
trace-driven,trace,report_mixed_heterogeneous,SecondChance,GlobalAllocation,16,9,0,0.0028,0.0035,1.25,2,,,
trace-driven,trace,report_mixed_heterogeneous,SecondChance,GlobalAllocation,16,9,1,0.0038,0.0053,1.394736842105263,6,,,
trace-driven,trace,report_mixed_heterogeneous,SecondChance,GlobalAllocation,16,9,2,0.0028,0.0041,1.4642857142857142,3,,,
trace-driven,trace,report_mixed_heterogeneous,SecondChance,LocalAllocation,16,0,0,0.0028,0.0051,1.8214285714285714,2,0,2,0
trace-driven,trace,report_mixed_heterogeneous,SecondChance,LocalAllocation,16,0,1,0.0039,0.006,1.5384615384615385,6,1,6,0
trace-driven,trace,report_mixed_heterogeneous,SecondChance,LocalAllocation,16,0,2,0.0029,0.0031,1.0689655172413792,3,0,3,0
trace-driven,trace,report_mixed_heterogeneous,SecondChance,LocalAllocation,16,1,0,0.0027,0.0033,1.2222222222222223,2,0,2,0
trace-driven,trace,report_mixed_heterogeneous,SecondChance,LocalAllocation,16,1,1,0.0039,0.0054,1.3846153846153846,6,1,6,0
trace-driven,trace,report_mixed_heterogeneous,SecondChance,LocalAllocation,16,1,2,0.0029,0.0027,0.9310344827586207,3,0,3,0
trace-driven,trace,report_mixed_heterogeneous,SecondChance,LocalAllocation,16,2,0,0.0026,0.003,1.1538461538461537,2,0,2,0
trace-driven,trace,report_mixed_heterogeneous,SecondChance,LocalAllocation,16,2,1,0.0038,0.0049,1.2894736842105263,6,1,6,0
trace-driven,trace,report_mixed_heterogeneous,SecondChance,LocalAllocation,16,2,2,0.0027,0.0028,1.037037037037037,3,0,3,0
trace-driven,trace,report_mixed_heterogeneous,SecondChance,LocalAllocation,16,3,0,0.0026,0.0029,1.1153846153846154,2,0,2,0
trace-driven,trace,report_mixed_heterogeneous,SecondChance,LocalAllocation,16,3,1,0.0039,0.0048,1.2307692307692308,6,1,6,0
trace-driven,trace,report_mixed_heterogeneous,SecondChance,LocalAllocation,16,3,2,0.0028,0.0027,0.9642857142857143,3,0,3,0
trace-driven,trace,report_mixed_heterogeneous,SecondChance,LocalAllocation,16,4,0,0.0026,0.0026,1.0,2,0,2,0
trace-driven,trace,report_mixed_heterogeneous,SecondChance,LocalAllocation,16,4,1,0.0038,0.0049,1.2894736842105263,6,1,6,0
trace-driven,trace,report_mixed_heterogeneous,SecondChance,LocalAllocation,16,4,2,0.0029,0.0026,0.896551724137931,3,0,3,0
trace-driven,trace,report_mixed_heterogeneous,SecondChance,LocalAllocation,16,5,0,0.0027,0.0026,0.9629629629629629,2,0,2,0
trace-driven,trace,report_mixed_heterogeneous,SecondChance,LocalAllocation,16,5,1,0.0038,0.005,1.3157894736842106,6,1,6,0
trace-driven,trace,report_mixed_heterogeneous,SecondChance,LocalAllocation,16,5,2,0.0028,0.0025,0.8928571428571429,3,0,3,0
trace-driven,trace,report_mixed_heterogeneous,SecondChance,LocalAllocation,16,6,0,0.0031,0.0032,1.032258064516129,2,0,2,0
trace-driven,trace,report_mixed_heterogeneous,SecondChance,LocalAllocation,16,6,1,0.0038,0.0058,1.5263157894736843,6,1,6,0
trace-driven,trace,report_mixed_heterogeneous,SecondChance,LocalAllocation,16,6,2,0.003,0.003,1.0,3,0,3,0
trace-driven,trace,report_mixed_heterogeneous,SecondChance,LocalAllocation,16,7,0,0.0027,0.0029,1.0740740740740742,2,0,2,0
trace-driven,trace,report_mixed_heterogeneous,SecondChance,LocalAllocation,16,7,1,0.0038,0.0054,1.4210526315789473,6,1,6,0
trace-driven,trace,report_mixed_heterogeneous,SecondChance,LocalAllocation,16,7,2,0.003,0.0026,0.8666666666666667,3,0,3,0
trace-driven,trace,report_mixed_heterogeneous,SecondChance,LocalAllocation,16,8,0,0.0026,0.0027,1.0384615384615385,2,0,2,0
trace-driven,trace,report_mixed_heterogeneous,SecondChance,LocalAllocation,16,8,1,0.0039,0.0049,1.2564102564102564,6,1,6,0
trace-driven,trace,report_mixed_heterogeneous,SecondChance,LocalAllocation,16,8,2,0.0029,0.0025,0.8620689655172413,3,0,3,0
trace-driven,trace,report_mixed_heterogeneous,SecondChance,LocalAllocation,16,9,0,0.0027,0.0028,1.037037037037037,2,0,2,0
trace-driven,trace,report_mixed_heterogeneous,SecondChance,LocalAllocation,16,9,1,0.004,0.0051,1.275,6,1,6,0
trace-driven,trace,report_mixed_heterogeneous,SecondChance,LocalAllocation,16,9,2,0.0029,0.0026,0.896551724137931,3,0,3,0
trace-driven,trace,report_mixed_heterogeneous,SecondChance,ProportionalAllocation,16,0,0,0.0029,0.0034,1.1724137931034482,2,0,2,0
trace-driven,trace,report_mixed_heterogeneous,SecondChance,ProportionalAllocation,16,0,1,0.0038,0.004,1.0526315789473684,6,0,6,0
trace-driven,trace,report_mixed_heterogeneous,SecondChance,ProportionalAllocation,16,0,2,0.0029,0.0029,1.0,3,0,3,0
trace-driven,trace,report_mixed_heterogeneous,SecondChance,ProportionalAllocation,16,1,0,0.0027,0.0032,1.1851851851851851,2,0,2,0
trace-driven,trace,report_mixed_heterogeneous,SecondChance,ProportionalAllocation,16,1,1,0.0038,0.0037,0.9736842105263158,6,0,6,0
trace-driven,trace,report_mixed_heterogeneous,SecondChance,ProportionalAllocation,16,1,2,0.0029,0.0028,0.9655172413793104,3,0,3,0
trace-driven,trace,report_mixed_heterogeneous,SecondChance,ProportionalAllocation,16,2,0,0.0027,0.0028,1.037037037037037,2,0,2,0
trace-driven,trace,report_mixed_heterogeneous,SecondChance,ProportionalAllocation,16,2,1,0.0039,0.0037,0.9487179487179487,6,0,6,0
trace-driven,trace,report_mixed_heterogeneous,SecondChance,ProportionalAllocation,16,2,2,0.0029,0.0026,0.896551724137931,3,0,3,0
trace-driven,trace,report_mixed_heterogeneous,SecondChance,ProportionalAllocation,16,3,0,0.0028,0.0029,1.0357142857142858,2,0,2,0
trace-driven,trace,report_mixed_heterogeneous,SecondChance,ProportionalAllocation,16,3,1,0.0037,0.0037,1.0,6,0,6,0
trace-driven,trace,report_mixed_heterogeneous,SecondChance,ProportionalAllocation,16,3,2,0.0029,0.0027,0.9310344827586207,3,0,3,0
trace-driven,trace,report_mixed_heterogeneous,SecondChance,ProportionalAllocation,16,4,0,0.0027,0.0029,1.0740740740740742,2,0,2,0
trace-driven,trace,report_mixed_heterogeneous,SecondChance,ProportionalAllocation,16,4,1,0.0038,0.0038,1.0,6,0,6,0
trace-driven,trace,report_mixed_heterogeneous,SecondChance,ProportionalAllocation,16,4,2,0.0028,0.0027,0.9642857142857143,3,0,3,0
trace-driven,trace,report_mixed_heterogeneous,SecondChance,ProportionalAllocation,16,5,0,0.0027,0.0028,1.037037037037037,2,0,2,0
trace-driven,trace,report_mixed_heterogeneous,SecondChance,ProportionalAllocation,16,5,1,0.0038,0.0036,0.9473684210526315,6,0,6,0
trace-driven,trace,report_mixed_heterogeneous,SecondChance,ProportionalAllocation,16,5,2,0.0029,0.0027,0.9310344827586207,3,0,3,0
trace-driven,trace,report_mixed_heterogeneous,SecondChance,ProportionalAllocation,16,6,0,0.0028,0.0028,1.0,2,0,2,0
trace-driven,trace,report_mixed_heterogeneous,SecondChance,ProportionalAllocation,16,6,1,0.004,0.0038,0.95,6,0,6,0
trace-driven,trace,report_mixed_heterogeneous,SecondChance,ProportionalAllocation,16,6,2,0.0029,0.0026,0.896551724137931,3,0,3,0
trace-driven,trace,report_mixed_heterogeneous,SecondChance,ProportionalAllocation,16,7,0,0.0027,0.0025,0.9259259259259259,2,0,2,0
trace-driven,trace,report_mixed_heterogeneous,SecondChance,ProportionalAllocation,16,7,1,0.0039,0.0037,0.9487179487179487,6,0,6,0
trace-driven,trace,report_mixed_heterogeneous,SecondChance,ProportionalAllocation,16,7,2,0.0028,0.0027,0.9642857142857143,3,0,3,0
trace-driven,trace,report_mixed_heterogeneous,SecondChance,ProportionalAllocation,16,8,0,0.0027,0.0028,1.037037037037037,2,0,2,0
trace-driven,trace,report_mixed_heterogeneous,SecondChance,ProportionalAllocation,16,8,1,0.0038,0.0035,0.9210526315789473,6,0,6,0
trace-driven,trace,report_mixed_heterogeneous,SecondChance,ProportionalAllocation,16,8,2,0.0029,0.0024,0.8275862068965517,3,0,3,0
trace-driven,trace,report_mixed_heterogeneous,SecondChance,ProportionalAllocation,16,9,0,0.0028,0.0028,1.0,2,0,2,0
trace-driven,trace,report_mixed_heterogeneous,SecondChance,ProportionalAllocation,16,9,1,0.0037,0.0036,0.972972972972973,6,0,6,0
trace-driven,trace,report_mixed_heterogeneous,SecondChance,ProportionalAllocation,16,9,2,0.003,0.0026,0.8666666666666667,3,0,3,0
trace-driven,trace,report_mixed_heterogeneous,WSClock,GlobalAllocation,16,0,0,0.0037,0.005,1.3513513513513513,2,,,
trace-driven,trace,report_mixed_heterogeneous,WSClock,GlobalAllocation,16,0,1,0.0052,0.0075,1.4423076923076923,6,,,
trace-driven,trace,report_mixed_heterogeneous,WSClock,GlobalAllocation,16,0,2,0.0037,0.005,1.3513513513513513,3,,,
trace-driven,trace,report_mixed_heterogeneous,WSClock,GlobalAllocation,16,1,0,0.0032,0.0043,1.34375,2,,,
trace-driven,trace,report_mixed_heterogeneous,WSClock,GlobalAllocation,16,1,1,0.0043,0.006,1.3953488372093024,6,,,
trace-driven,trace,report_mixed_heterogeneous,WSClock,GlobalAllocation,16,1,2,0.0031,0.0041,1.3225806451612903,3,,,
trace-driven,trace,report_mixed_heterogeneous,WSClock,GlobalAllocation,16,2,0,0.0029,0.0039,1.3448275862068966,2,,,
trace-driven,trace,report_mixed_heterogeneous,WSClock,GlobalAllocation,16,2,1,0.0041,0.0056,1.3658536585365855,6,,,
trace-driven,trace,report_mixed_heterogeneous,WSClock,GlobalAllocation,16,2,2,0.003,0.0042,1.4,3,,,
trace-driven,trace,report_mixed_heterogeneous,WSClock,GlobalAllocation,16,3,0,0.003,0.0038,1.2666666666666666,2,,,
trace-driven,trace,report_mixed_heterogeneous,WSClock,GlobalAllocation,16,3,1,0.004,0.0056,1.4,6,,,
trace-driven,trace,report_mixed_heterogeneous,WSClock,GlobalAllocation,16,3,2,0.0033,0.0041,1.2424242424242424,3,,,
trace-driven,trace,report_mixed_heterogeneous,WSClock,GlobalAllocation,16,4,0,0.0031,0.0037,1.1935483870967742,2,,,
trace-driven,trace,report_mixed_heterogeneous,WSClock,GlobalAllocation,16,4,1,0.0041,0.0053,1.2926829268292683,6,,,
trace-driven,trace,report_mixed_heterogeneous,WSClock,GlobalAllocation,16,4,2,0.0032,0.0041,1.28125,3,,,
trace-driven,trace,report_mixed_heterogeneous,WSClock,GlobalAllocation,16,5,0,0.0029,0.0036,1.2413793103448276,2,,,
trace-driven,trace,report_mixed_heterogeneous,WSClock,GlobalAllocation,16,5,1,0.0041,0.0053,1.2926829268292683,6,,,
trace-driven,trace,report_mixed_heterogeneous,WSClock,GlobalAllocation,16,5,2,0.0031,0.004,1.2903225806451613,3,,,
trace-driven,trace,report_mixed_heterogeneous,WSClock,GlobalAllocation,16,6,0,0.0032,0.0034,1.0625,2,,,
trace-driven,trace,report_mixed_heterogeneous,WSClock,GlobalAllocation,16,6,1,0.0042,0.0055,1.3095238095238095,6,,,
trace-driven,trace,report_mixed_heterogeneous,WSClock,GlobalAllocation,16,6,2,0.003,0.0039,1.3,3,,,
trace-driven,trace,report_mixed_heterogeneous,WSClock,GlobalAllocation,16,7,0,0.0029,0.0036,1.2413793103448276,2,,,
trace-driven,trace,report_mixed_heterogeneous,WSClock,GlobalAllocation,16,7,1,0.0039,0.0056,1.435897435897436,6,,,
trace-driven,trace,report_mixed_heterogeneous,WSClock,GlobalAllocation,16,7,2,0.0029,0.0038,1.3103448275862069,3,,,
trace-driven,trace,report_mixed_heterogeneous,WSClock,GlobalAllocation,16,8,0,0.0028,0.0035,1.25,2,,,
trace-driven,trace,report_mixed_heterogeneous,WSClock,GlobalAllocation,16,8,1,0.0039,0.0055,1.4102564102564104,6,,,
trace-driven,trace,report_mixed_heterogeneous,WSClock,GlobalAllocation,16,8,2,0.003,0.0039,1.3,3,,,
trace-driven,trace,report_mixed_heterogeneous,WSClock,GlobalAllocation,16,9,0,0.0028,0.0035,1.25,2,,,
trace-driven,trace,report_mixed_heterogeneous,WSClock,GlobalAllocation,16,9,1,0.0038,0.0052,1.368421052631579,6,,,
trace-driven,trace,report_mixed_heterogeneous,WSClock,GlobalAllocation,16,9,2,0.0028,0.0037,1.3214285714285714,3,,,
trace-driven,trace,report_mixed_heterogeneous,WSClock,LocalAllocation,16,0,0,0.0028,0.0037,1.3214285714285714,2,0,2,0
trace-driven,trace,report_mixed_heterogeneous,WSClock,LocalAllocation,16,0,1,0.004,0.0075,1.875,6,1,6,0
trace-driven,trace,report_mixed_heterogeneous,WSClock,LocalAllocation,16,0,2,0.0028,0.0032,1.1428571428571428,3,0,3,0
trace-driven,trace,report_mixed_heterogeneous,WSClock,LocalAllocation,16,1,0,0.0028,0.0031,1.1071428571428572,2,0,2,0
trace-driven,trace,report_mixed_heterogeneous,WSClock,LocalAllocation,16,1,1,0.0039,0.0066,1.6923076923076923,6,1,6,0
trace-driven,trace,report_mixed_heterogeneous,WSClock,LocalAllocation,16,1,2,0.0029,0.0027,0.9310344827586207,3,0,3,0
trace-driven,trace,report_mixed_heterogeneous,WSClock,LocalAllocation,16,2,0,0.0029,0.0028,0.9655172413793104,2,0,2,0
trace-driven,trace,report_mixed_heterogeneous,WSClock,LocalAllocation,16,2,1,0.0038,0.0064,1.6842105263157894,6,1,6,0
trace-driven,trace,report_mixed_heterogeneous,WSClock,LocalAllocation,16,2,2,0.0027,0.0028,1.037037037037037,3,0,3,0
trace-driven,trace,report_mixed_heterogeneous,WSClock,LocalAllocation,16,3,0,0.0028,0.0028,1.0,2,0,2,0
trace-driven,trace,report_mixed_heterogeneous,WSClock,LocalAllocation,16,3,1,0.004,0.0064,1.6,6,1,6,0
trace-driven,trace,report_mixed_heterogeneous,WSClock,LocalAllocation,16,3,2,0.0028,0.0024,0.8571428571428571,3,0,3,0
trace-driven,trace,report_mixed_heterogeneous,WSClock,LocalAllocation,16,4,0,0.0028,0.0028,1.0,2,0,2,0
trace-driven,trace,report_mixed_heterogeneous,WSClock,LocalAllocation,16,4,1,0.0039,0.0062,1.5897435897435896,6,1,6,0
trace-driven,trace,report_mixed_heterogeneous,WSClock,LocalAllocation,16,4,2,0.0029,0.0028,0.9655172413793104,3,0,3,0
trace-driven,trace,report_mixed_heterogeneous,WSClock,LocalAllocation,16,5,0,0.0027,0.0027,1.0,2,0,2,0
trace-driven,trace,report_mixed_heterogeneous,WSClock,LocalAllocation,16,5,1,0.0039,0.0061,1.564102564102564,6,1,6,0
trace-driven,trace,report_mixed_heterogeneous,WSClock,LocalAllocation,16,5,2,0.0029,0.0028,0.9655172413793104,3,0,3,0
trace-driven,trace,report_mixed_heterogeneous,WSClock,LocalAllocation,16,6,0,0.0027,0.0029,1.0740740740740742,2,0,2,0
trace-driven,trace,report_mixed_heterogeneous,WSClock,LocalAllocation,16,6,1,0.0037,0.0067,1.8108108108108107,6,1,6,0
trace-driven,trace,report_mixed_heterogeneous,WSClock,LocalAllocation,16,6,2,0.0029,0.003,1.0344827586206897,3,0,3,0
trace-driven,trace,report_mixed_heterogeneous,WSClock,LocalAllocation,16,7,0,0.0028,0.0027,0.9642857142857143,2,0,2,0
trace-driven,trace,report_mixed_heterogeneous,WSClock,LocalAllocation,16,7,1,0.0039,0.0062,1.5897435897435896,6,1,6,0
trace-driven,trace,report_mixed_heterogeneous,WSClock,LocalAllocation,16,7,2,0.003,0.0024,0.8,3,0,3,0
trace-driven,trace,report_mixed_heterogeneous,WSClock,LocalAllocation,16,8,0,0.0027,0.0034,1.2592592592592593,2,0,2,0
trace-driven,trace,report_mixed_heterogeneous,WSClock,LocalAllocation,16,8,1,0.0037,0.0069,1.864864864864865,6,1,6,0
trace-driven,trace,report_mixed_heterogeneous,WSClock,LocalAllocation,16,8,2,0.0032,0.003,0.9375,3,0,3,0
trace-driven,trace,report_mixed_heterogeneous,WSClock,LocalAllocation,16,9,0,0.0027,0.0027,1.0,2,0,2,0
trace-driven,trace,report_mixed_heterogeneous,WSClock,LocalAllocation,16,9,1,0.0038,0.0066,1.736842105263158,6,1,6,0
trace-driven,trace,report_mixed_heterogeneous,WSClock,LocalAllocation,16,9,2,0.0037,0.0028,0.7567567567567568,3,0,3,0
trace-driven,trace,report_mixed_heterogeneous,WSClock,ProportionalAllocation,16,0,0,0.0027,0.0035,1.2962962962962963,2,0,2,0
trace-driven,trace,report_mixed_heterogeneous,WSClock,ProportionalAllocation,16,0,1,0.0038,0.0041,1.0789473684210527,6,0,6,0
trace-driven,trace,report_mixed_heterogeneous,WSClock,ProportionalAllocation,16,0,2,0.0029,0.0029,1.0,3,0,3,0
trace-driven,trace,report_mixed_heterogeneous,WSClock,ProportionalAllocation,16,1,0,0.0028,0.003,1.0714285714285714,2,0,2,0
trace-driven,trace,report_mixed_heterogeneous,WSClock,ProportionalAllocation,16,1,1,0.0038,0.0038,1.0,6,0,6,0
trace-driven,trace,report_mixed_heterogeneous,WSClock,ProportionalAllocation,16,1,2,0.0028,0.0026,0.9285714285714286,3,0,3,0
trace-driven,trace,report_mixed_heterogeneous,WSClock,ProportionalAllocation,16,2,0,0.0027,0.003,1.1111111111111112,2,0,2,0
trace-driven,trace,report_mixed_heterogeneous,WSClock,ProportionalAllocation,16,2,1,0.0038,0.0039,1.0263157894736843,6,0,6,0
trace-driven,trace,report_mixed_heterogeneous,WSClock,ProportionalAllocation,16,2,2,0.0029,0.0027,0.9310344827586207,3,0,3,0
trace-driven,trace,report_mixed_heterogeneous,WSClock,ProportionalAllocation,16,3,0,0.0029,0.0028,0.9655172413793104,2,0,2,0
trace-driven,trace,report_mixed_heterogeneous,WSClock,ProportionalAllocation,16,3,1,0.0039,0.0037,0.9487179487179487,6,0,6,0
trace-driven,trace,report_mixed_heterogeneous,WSClock,ProportionalAllocation,16,3,2,0.0029,0.0027,0.9310344827586207,3,0,3,0
trace-driven,trace,report_mixed_heterogeneous,WSClock,ProportionalAllocation,16,4,0,0.0027,0.0029,1.0740740740740742,2,0,2,0
trace-driven,trace,report_mixed_heterogeneous,WSClock,ProportionalAllocation,16,4,1,0.0039,0.0035,0.8974358974358975,6,0,6,0
trace-driven,trace,report_mixed_heterogeneous,WSClock,ProportionalAllocation,16,4,2,0.0031,0.0026,0.8387096774193549,3,0,3,0
trace-driven,trace,report_mixed_heterogeneous,WSClock,ProportionalAllocation,16,5,0,0.003,0.0026,0.8666666666666667,2,0,2,0
trace-driven,trace,report_mixed_heterogeneous,WSClock,ProportionalAllocation,16,5,1,0.0041,0.0038,0.926829268292683,6,0,6,0
trace-driven,trace,report_mixed_heterogeneous,WSClock,ProportionalAllocation,16,5,2,0.0028,0.0024,0.8571428571428571,3,0,3,0
trace-driven,trace,report_mixed_heterogeneous,WSClock,ProportionalAllocation,16,6,0,0.0027,0.0027,1.0,2,0,2,0
trace-driven,trace,report_mixed_heterogeneous,WSClock,ProportionalAllocation,16,6,1,0.0039,0.0035,0.8974358974358975,6,0,6,0
trace-driven,trace,report_mixed_heterogeneous,WSClock,ProportionalAllocation,16,6,2,0.0029,0.0028,0.9655172413793104,3,0,3,0
trace-driven,trace,report_mixed_heterogeneous,WSClock,ProportionalAllocation,16,7,0,0.0028,0.0029,1.0357142857142858,2,0,2,0
trace-driven,trace,report_mixed_heterogeneous,WSClock,ProportionalAllocation,16,7,1,0.0038,0.0036,0.9473684210526315,6,0,6,0
trace-driven,trace,report_mixed_heterogeneous,WSClock,ProportionalAllocation,16,7,2,0.0029,0.0024,0.8275862068965517,3,0,3,0
trace-driven,trace,report_mixed_heterogeneous,WSClock,ProportionalAllocation,16,8,0,0.0028,0.0027,0.9642857142857143,2,0,2,0
trace-driven,trace,report_mixed_heterogeneous,WSClock,ProportionalAllocation,16,8,1,0.004,0.0036,0.9,6,0,6,0
trace-driven,trace,report_mixed_heterogeneous,WSClock,ProportionalAllocation,16,8,2,0.0029,0.0026,0.896551724137931,3,0,3,0
trace-driven,trace,report_mixed_heterogeneous,WSClock,ProportionalAllocation,16,9,0,0.0026,0.0027,1.0384615384615385,2,0,2,0
trace-driven,trace,report_mixed_heterogeneous,WSClock,ProportionalAllocation,16,9,1,0.004,0.0036,0.9,6,0,6,0
trace-driven,trace,report_mixed_heterogeneous,WSClock,ProportionalAllocation,16,9,2,0.0028,0.0026,0.9285714285714286,3,0,3,0
trace-driven,trace,report_streaming_sequential,FIFO,GlobalAllocation,13,0,0,0.0064,0.0102,1.59375,8,,,
trace-driven,trace,report_streaming_sequential,FIFO,GlobalAllocation,13,0,1,0.0057,0.0115,2.017543859649123,8,,,
trace-driven,trace,report_streaming_sequential,FIFO,GlobalAllocation,13,1,0,0.0052,0.0081,1.5576923076923077,8,,,
trace-driven,trace,report_streaming_sequential,FIFO,GlobalAllocation,13,1,1,0.005,0.0078,1.56,8,,,
trace-driven,trace,report_streaming_sequential,FIFO,GlobalAllocation,13,2,0,0.005,0.0075,1.5,8,,,
trace-driven,trace,report_streaming_sequential,FIFO,GlobalAllocation,13,2,1,0.0052,0.0072,1.3846153846153846,8,,,
trace-driven,trace,report_streaming_sequential,FIFO,GlobalAllocation,13,3,0,0.0049,0.0066,1.346938775510204,8,,,
trace-driven,trace,report_streaming_sequential,FIFO,GlobalAllocation,13,3,1,0.0048,0.0072,1.5,8,,,
trace-driven,trace,report_streaming_sequential,FIFO,GlobalAllocation,13,4,0,0.005,0.0065,1.3,8,,,
trace-driven,trace,report_streaming_sequential,FIFO,GlobalAllocation,13,4,1,0.0049,0.0085,1.7346938775510203,8,,,
trace-driven,trace,report_streaming_sequential,FIFO,GlobalAllocation,13,5,0,0.0052,0.0064,1.2307692307692308,8,,,
trace-driven,trace,report_streaming_sequential,FIFO,GlobalAllocation,13,5,1,0.0047,0.0068,1.446808510638298,8,,,
trace-driven,trace,report_streaming_sequential,FIFO,GlobalAllocation,13,6,0,0.0047,0.0065,1.3829787234042554,8,,,
trace-driven,trace,report_streaming_sequential,FIFO,GlobalAllocation,13,6,1,0.0047,0.0069,1.4680851063829787,8,,,
trace-driven,trace,report_streaming_sequential,FIFO,GlobalAllocation,13,7,0,0.0049,0.0063,1.2857142857142858,8,,,
trace-driven,trace,report_streaming_sequential,FIFO,GlobalAllocation,13,7,1,0.0048,0.0069,1.4375,8,,,
trace-driven,trace,report_streaming_sequential,FIFO,GlobalAllocation,13,8,0,0.0048,0.006,1.25,8,,,
trace-driven,trace,report_streaming_sequential,FIFO,GlobalAllocation,13,8,1,0.005,0.0066,1.32,8,,,
trace-driven,trace,report_streaming_sequential,FIFO,GlobalAllocation,13,9,0,0.0047,0.0064,1.3617021276595744,8,,,
trace-driven,trace,report_streaming_sequential,FIFO,GlobalAllocation,13,9,1,0.0046,0.0068,1.4782608695652173,8,,,
trace-driven,trace,report_streaming_sequential,FIFO,LocalAllocation,13,0,0,0.0048,0.0059,1.2291666666666667,8,1,8,0
trace-driven,trace,report_streaming_sequential,FIFO,LocalAllocation,13,0,1,0.0047,0.0056,1.1914893617021276,8,2,8,0
trace-driven,trace,report_streaming_sequential,FIFO,LocalAllocation,13,1,0,0.0048,0.0068,1.4166666666666667,8,1,8,0
trace-driven,trace,report_streaming_sequential,FIFO,LocalAllocation,13,1,1,0.0047,0.0059,1.2553191489361701,8,2,8,0
trace-driven,trace,report_streaming_sequential,FIFO,LocalAllocation,13,2,0,0.0045,0.0051,1.1333333333333333,8,1,8,0
trace-driven,trace,report_streaming_sequential,FIFO,LocalAllocation,13,2,1,0.0047,0.0051,1.0851063829787233,8,2,8,0
trace-driven,trace,report_streaming_sequential,FIFO,LocalAllocation,13,3,0,0.0046,0.0061,1.326086956521739,8,1,8,0
trace-driven,trace,report_streaming_sequential,FIFO,LocalAllocation,13,3,1,0.0047,0.0055,1.1702127659574468,8,2,8,0
trace-driven,trace,report_streaming_sequential,FIFO,LocalAllocation,13,4,0,0.0046,0.0049,1.065217391304348,8,1,8,0
trace-driven,trace,report_streaming_sequential,FIFO,LocalAllocation,13,4,1,0.0047,0.008,1.702127659574468,8,2,8,0
trace-driven,trace,report_streaming_sequential,FIFO,LocalAllocation,13,5,0,0.0058,0.0062,1.0689655172413792,8,1,8,0
trace-driven,trace,report_streaming_sequential,FIFO,LocalAllocation,13,5,1,0.0059,0.0063,1.0677966101694916,8,2,8,0
trace-driven,trace,report_streaming_sequential,FIFO,LocalAllocation,13,6,0,0.0046,0.0051,1.108695652173913,8,1,8,0
trace-driven,trace,report_streaming_sequential,FIFO,LocalAllocation,13,6,1,0.0048,0.0049,1.0208333333333333,8,2,8,0
trace-driven,trace,report_streaming_sequential,FIFO,LocalAllocation,13,7,0,0.0046,0.0054,1.173913043478261,8,1,8,0
trace-driven,trace,report_streaming_sequential,FIFO,LocalAllocation,13,7,1,0.0048,0.0054,1.125,8,2,8,0
trace-driven,trace,report_streaming_sequential,FIFO,LocalAllocation,13,8,0,0.0047,0.0047,1.0,8,1,8,0
trace-driven,trace,report_streaming_sequential,FIFO,LocalAllocation,13,8,1,0.0045,0.0049,1.0888888888888888,8,2,8,0
trace-driven,trace,report_streaming_sequential,FIFO,LocalAllocation,13,9,0,0.0059,0.0052,0.8813559322033898,8,1,8,0
trace-driven,trace,report_streaming_sequential,FIFO,LocalAllocation,13,9,1,0.0049,0.0056,1.1428571428571428,8,2,8,0
trace-driven,trace,report_streaming_sequential,FIFO,ProportionalAllocation,13,0,0,0.005,0.0056,1.12,8,1,8,0
trace-driven,trace,report_streaming_sequential,FIFO,ProportionalAllocation,13,0,1,0.0048,0.0053,1.1041666666666667,8,2,8,0
trace-driven,trace,report_streaming_sequential,FIFO,ProportionalAllocation,13,1,0,0.0048,0.0059,1.2291666666666667,8,1,8,0
trace-driven,trace,report_streaming_sequential,FIFO,ProportionalAllocation,13,1,1,0.0048,0.0054,1.125,8,2,8,0
trace-driven,trace,report_streaming_sequential,FIFO,ProportionalAllocation,13,2,0,0.0049,0.0052,1.0612244897959184,8,1,8,0
trace-driven,trace,report_streaming_sequential,FIFO,ProportionalAllocation,13,2,1,0.0045,0.0049,1.0888888888888888,8,2,8,0
trace-driven,trace,report_streaming_sequential,FIFO,ProportionalAllocation,13,3,0,0.0047,0.0048,1.0212765957446808,8,1,8,0
trace-driven,trace,report_streaming_sequential,FIFO,ProportionalAllocation,13,3,1,0.0044,0.0049,1.1136363636363635,8,2,8,0
trace-driven,trace,report_streaming_sequential,FIFO,ProportionalAllocation,13,4,0,0.005,0.0049,0.98,8,1,8,0
trace-driven,trace,report_streaming_sequential,FIFO,ProportionalAllocation,13,4,1,0.0046,0.0048,1.0434782608695652,8,2,8,0
trace-driven,trace,report_streaming_sequential,FIFO,ProportionalAllocation,13,5,0,0.0047,0.0047,1.0,8,1,8,0
trace-driven,trace,report_streaming_sequential,FIFO,ProportionalAllocation,13,5,1,0.0045,0.0048,1.0666666666666667,8,2,8,0
trace-driven,trace,report_streaming_sequential,FIFO,ProportionalAllocation,13,6,0,0.0046,0.0048,1.0434782608695652,8,1,8,0
trace-driven,trace,report_streaming_sequential,FIFO,ProportionalAllocation,13,6,1,0.0046,0.0052,1.1304347826086956,8,2,8,0
trace-driven,trace,report_streaming_sequential,FIFO,ProportionalAllocation,13,7,0,0.0044,0.005,1.1363636363636365,8,1,8,0
trace-driven,trace,report_streaming_sequential,FIFO,ProportionalAllocation,13,7,1,0.0046,0.0049,1.065217391304348,8,2,8,0
trace-driven,trace,report_streaming_sequential,FIFO,ProportionalAllocation,13,8,0,0.0046,0.0049,1.065217391304348,8,1,8,0
trace-driven,trace,report_streaming_sequential,FIFO,ProportionalAllocation,13,8,1,0.0046,0.0049,1.065217391304348,8,2,8,0
trace-driven,trace,report_streaming_sequential,FIFO,ProportionalAllocation,13,9,0,0.0045,0.0047,1.0444444444444445,8,1,8,0
trace-driven,trace,report_streaming_sequential,FIFO,ProportionalAllocation,13,9,1,0.0047,0.0048,1.0212765957446808,8,2,8,0
trace-driven,trace,report_streaming_sequential,LRU,GlobalAllocation,13,0,0,0.0068,0.0103,1.5147058823529411,8,,,
trace-driven,trace,report_streaming_sequential,LRU,GlobalAllocation,13,0,1,0.0059,0.0106,1.7966101694915255,8,,,
trace-driven,trace,report_streaming_sequential,LRU,GlobalAllocation,13,1,0,0.0054,0.0082,1.5185185185185186,8,,,
trace-driven,trace,report_streaming_sequential,LRU,GlobalAllocation,13,1,1,0.0051,0.0084,1.6470588235294117,8,,,
trace-driven,trace,report_streaming_sequential,LRU,GlobalAllocation,13,2,0,0.0053,0.0079,1.490566037735849,8,,,
trace-driven,trace,report_streaming_sequential,LRU,GlobalAllocation,13,2,1,0.005,0.008,1.6,8,,,
trace-driven,trace,report_streaming_sequential,LRU,GlobalAllocation,13,3,0,0.0051,0.0077,1.5098039215686274,8,,,
trace-driven,trace,report_streaming_sequential,LRU,GlobalAllocation,13,3,1,0.0049,0.0082,1.6734693877551021,8,,,
trace-driven,trace,report_streaming_sequential,LRU,GlobalAllocation,13,4,0,0.0065,0.0073,1.123076923076923,8,,,
trace-driven,trace,report_streaming_sequential,LRU,GlobalAllocation,13,4,1,0.0052,0.0083,1.5961538461538463,8,,,
trace-driven,trace,report_streaming_sequential,LRU,GlobalAllocation,13,5,0,0.0052,0.0079,1.5192307692307692,8,,,
trace-driven,trace,report_streaming_sequential,LRU,GlobalAllocation,13,5,1,0.0051,0.0085,1.6666666666666667,8,,,
trace-driven,trace,report_streaming_sequential,LRU,GlobalAllocation,13,6,0,0.0056,0.0075,1.3392857142857142,8,,,
trace-driven,trace,report_streaming_sequential,LRU,GlobalAllocation,13,6,1,0.005,0.0088,1.76,8,,,
trace-driven,trace,report_streaming_sequential,LRU,GlobalAllocation,13,7,0,0.0051,0.0083,1.6274509803921569,8,,,
trace-driven,trace,report_streaming_sequential,LRU,GlobalAllocation,13,7,1,0.0059,0.0091,1.5423728813559323,8,,,
trace-driven,trace,report_streaming_sequential,LRU,GlobalAllocation,13,8,0,0.005,0.0085,1.7,8,,,
trace-driven,trace,report_streaming_sequential,LRU,GlobalAllocation,13,8,1,0.0051,0.0082,1.607843137254902,8,,,
trace-driven,trace,report_streaming_sequential,LRU,GlobalAllocation,13,9,0,0.0048,0.0071,1.4791666666666667,8,,,
trace-driven,trace,report_streaming_sequential,LRU,GlobalAllocation,13,9,1,0.0053,0.0075,1.4150943396226414,8,,,
trace-driven,trace,report_streaming_sequential,LRU,LocalAllocation,13,0,0,0.0086,0.0109,1.2674418604651163,8,1,8,0
trace-driven,trace,report_streaming_sequential,LRU,LocalAllocation,13,0,1,0.009,0.0111,1.2333333333333334,8,2,8,0
trace-driven,trace,report_streaming_sequential,LRU,LocalAllocation,13,1,0,0.0093,0.0123,1.3225806451612903,8,1,8,0
trace-driven,trace,report_streaming_sequential,LRU,LocalAllocation,13,1,1,0.0078,0.0107,1.3717948717948718,8,2,8,0
trace-driven,trace,report_streaming_sequential,LRU,LocalAllocation,13,2,0,0.0049,0.006,1.2244897959183674,8,1,8,0
trace-driven,trace,report_streaming_sequential,LRU,LocalAllocation,13,2,1,0.0055,0.0057,1.0363636363636364,8,2,8,0
trace-driven,trace,report_streaming_sequential,LRU,LocalAllocation,13,3,0,0.0048,0.0058,1.2083333333333333,8,1,8,0
trace-driven,trace,report_streaming_sequential,LRU,LocalAllocation,13,3,1,0.0047,0.0059,1.2553191489361701,8,2,8,0
trace-driven,trace,report_streaming_sequential,LRU,LocalAllocation,13,4,0,0.0049,0.0055,1.1224489795918366,8,1,8,0
trace-driven,trace,report_streaming_sequential,LRU,LocalAllocation,13,4,1,0.006,0.0055,0.9166666666666666,8,2,8,0
trace-driven,trace,report_streaming_sequential,LRU,LocalAllocation,13,5,0,0.005,0.0057,1.14,8,1,8,0
trace-driven,trace,report_streaming_sequential,LRU,LocalAllocation,13,5,1,0.0051,0.0054,1.0588235294117647,8,2,8,0
trace-driven,trace,report_streaming_sequential,LRU,LocalAllocation,13,6,0,0.0047,0.0054,1.148936170212766,8,1,8,0
trace-driven,trace,report_streaming_sequential,LRU,LocalAllocation,13,6,1,0.0046,0.0053,1.1521739130434783,8,2,8,0
trace-driven,trace,report_streaming_sequential,LRU,LocalAllocation,13,7,0,0.0048,0.005,1.0416666666666667,8,1,8,0
trace-driven,trace,report_streaming_sequential,LRU,LocalAllocation,13,7,1,0.0048,0.0055,1.1458333333333333,8,2,8,0
trace-driven,trace,report_streaming_sequential,LRU,LocalAllocation,13,8,0,0.0052,0.0053,1.0192307692307692,8,1,8,0
trace-driven,trace,report_streaming_sequential,LRU,LocalAllocation,13,8,1,0.005,0.0062,1.24,8,2,8,0
trace-driven,trace,report_streaming_sequential,LRU,LocalAllocation,13,9,0,0.0049,0.0053,1.0816326530612246,8,1,8,0
trace-driven,trace,report_streaming_sequential,LRU,LocalAllocation,13,9,1,0.0046,0.0054,1.173913043478261,8,2,8,0
trace-driven,trace,report_streaming_sequential,LRU,ProportionalAllocation,13,0,0,0.0052,0.0095,1.8269230769230769,8,1,8,0
trace-driven,trace,report_streaming_sequential,LRU,ProportionalAllocation,13,0,1,0.0048,0.01,2.0833333333333335,8,2,8,0
trace-driven,trace,report_streaming_sequential,LRU,ProportionalAllocation,13,1,0,0.0049,0.0063,1.2857142857142858,8,1,8,0
trace-driven,trace,report_streaming_sequential,LRU,ProportionalAllocation,13,1,1,0.0048,0.0057,1.1875,8,2,8,0
trace-driven,trace,report_streaming_sequential,LRU,ProportionalAllocation,13,2,0,0.005,0.0057,1.14,8,1,8,0
trace-driven,trace,report_streaming_sequential,LRU,ProportionalAllocation,13,2,1,0.0049,0.0056,1.1428571428571428,8,2,8,0
trace-driven,trace,report_streaming_sequential,LRU,ProportionalAllocation,13,3,0,0.0049,0.0054,1.1020408163265305,8,1,8,0
trace-driven,trace,report_streaming_sequential,LRU,ProportionalAllocation,13,3,1,0.0056,0.0058,1.0357142857142858,8,2,8,0
trace-driven,trace,report_streaming_sequential,LRU,ProportionalAllocation,13,4,0,0.0048,0.0056,1.1666666666666667,8,1,8,0
trace-driven,trace,report_streaming_sequential,LRU,ProportionalAllocation,13,4,1,0.0052,0.0053,1.0192307692307692,8,2,8,0
trace-driven,trace,report_streaming_sequential,LRU,ProportionalAllocation,13,5,0,0.0049,0.0054,1.1020408163265305,8,1,8,0
trace-driven,trace,report_streaming_sequential,LRU,ProportionalAllocation,13,5,1,0.0048,0.0055,1.1458333333333333,8,2,8,0
trace-driven,trace,report_streaming_sequential,LRU,ProportionalAllocation,13,6,0,0.0048,0.0054,1.125,8,1,8,0
trace-driven,trace,report_streaming_sequential,LRU,ProportionalAllocation,13,6,1,0.0047,0.0053,1.127659574468085,8,2,8,0
trace-driven,trace,report_streaming_sequential,LRU,ProportionalAllocation,13,7,0,0.0047,0.0054,1.148936170212766,8,1,8,0
trace-driven,trace,report_streaming_sequential,LRU,ProportionalAllocation,13,7,1,0.0046,0.0054,1.173913043478261,8,2,8,0
trace-driven,trace,report_streaming_sequential,LRU,ProportionalAllocation,13,8,0,0.005,0.0055,1.1,8,1,8,0
trace-driven,trace,report_streaming_sequential,LRU,ProportionalAllocation,13,8,1,0.0048,0.0053,1.1041666666666667,8,2,8,0
trace-driven,trace,report_streaming_sequential,LRU,ProportionalAllocation,13,9,0,0.005,0.0055,1.1,8,1,8,0
trace-driven,trace,report_streaming_sequential,LRU,ProportionalAllocation,13,9,1,0.0049,0.0056,1.1428571428571428,8,2,8,0
trace-driven,trace,report_streaming_sequential,NRU,GlobalAllocation,13,0,0,0.0061,0.0139,2.278688524590164,8,,,
trace-driven,trace,report_streaming_sequential,NRU,GlobalAllocation,13,0,1,0.0052,0.0148,2.8461538461538463,8,,,
trace-driven,trace,report_streaming_sequential,NRU,GlobalAllocation,13,1,0,0.005,0.0092,1.84,8,,,
trace-driven,trace,report_streaming_sequential,NRU,GlobalAllocation,13,1,1,0.0048,0.0114,2.375,8,,,
trace-driven,trace,report_streaming_sequential,NRU,GlobalAllocation,13,2,0,0.0046,0.0089,1.934782608695652,8,,,
trace-driven,trace,report_streaming_sequential,NRU,GlobalAllocation,13,2,1,0.0046,0.0114,2.4782608695652173,8,,,
trace-driven,trace,report_streaming_sequential,NRU,GlobalAllocation,13,3,0,0.0047,0.0089,1.8936170212765957,8,,,
trace-driven,trace,report_streaming_sequential,NRU,GlobalAllocation,13,3,1,0.0048,0.0113,2.3541666666666665,8,,,
trace-driven,trace,report_streaming_sequential,NRU,GlobalAllocation,13,4,0,0.0047,0.0083,1.7659574468085106,8,,,
trace-driven,trace,report_streaming_sequential,NRU,GlobalAllocation,13,4,1,0.0047,0.0108,2.297872340425532,8,,,
trace-driven,trace,report_streaming_sequential,NRU,GlobalAllocation,13,5,0,0.0046,0.0084,1.826086956521739,8,,,
trace-driven,trace,report_streaming_sequential,NRU,GlobalAllocation,13,5,1,0.0046,0.0107,2.3260869565217392,8,,,
trace-driven,trace,report_streaming_sequential,NRU,GlobalAllocation,13,6,0,0.0047,0.0084,1.7872340425531914,8,,,
trace-driven,trace,report_streaming_sequential,NRU,GlobalAllocation,13,6,1,0.0046,0.0105,2.282608695652174,8,,,
trace-driven,trace,report_streaming_sequential,NRU,GlobalAllocation,13,7,0,0.0045,0.0082,1.8222222222222222,8,,,
trace-driven,trace,report_streaming_sequential,NRU,GlobalAllocation,13,7,1,0.0045,0.0107,2.3777777777777778,8,,,
trace-driven,trace,report_streaming_sequential,NRU,GlobalAllocation,13,8,0,0.0046,0.0094,2.0434782608695654,8,,,
trace-driven,trace,report_streaming_sequential,NRU,GlobalAllocation,13,8,1,0.0048,0.0106,2.2083333333333335,8,,,
trace-driven,trace,report_streaming_sequential,NRU,GlobalAllocation,13,9,0,0.0045,0.0081,1.8,8,,,
trace-driven,trace,report_streaming_sequential,NRU,GlobalAllocation,13,9,1,0.0043,0.0104,2.4186046511627906,8,,,
trace-driven,trace,report_streaming_sequential,NRU,LocalAllocation,13,0,0,0.0049,0.0074,1.510204081632653,8,1,8,0
trace-driven,trace,report_streaming_sequential,NRU,LocalAllocation,13,0,1,0.0045,0.0083,1.8444444444444446,8,2,8,0
trace-driven,trace,report_streaming_sequential,NRU,LocalAllocation,13,1,0,0.0046,0.0076,1.6521739130434783,8,1,8,0
trace-driven,trace,report_streaming_sequential,NRU,LocalAllocation,13,1,1,0.0043,0.0076,1.7674418604651163,8,2,8,0
trace-driven,trace,report_streaming_sequential,NRU,LocalAllocation,13,2,0,0.0046,0.0075,1.6304347826086956,8,1,8,0
trace-driven,trace,report_streaming_sequential,NRU,LocalAllocation,13,2,1,0.0045,0.0073,1.6222222222222222,8,2,8,0
trace-driven,trace,report_streaming_sequential,NRU,LocalAllocation,13,3,0,0.0046,0.0061,1.326086956521739,8,1,8,0
trace-driven,trace,report_streaming_sequential,NRU,LocalAllocation,13,3,1,0.0044,0.0074,1.6818181818181819,8,2,8,0
trace-driven,trace,report_streaming_sequential,NRU,LocalAllocation,13,4,0,0.0048,0.0066,1.375,8,1,8,0
trace-driven,trace,report_streaming_sequential,NRU,LocalAllocation,13,4,1,0.0045,0.0075,1.6666666666666667,8,2,8,0
trace-driven,trace,report_streaming_sequential,NRU,LocalAllocation,13,5,0,0.0045,0.0059,1.3111111111111111,8,1,8,0
trace-driven,trace,report_streaming_sequential,NRU,LocalAllocation,13,5,1,0.0044,0.0072,1.6363636363636365,8,2,8,0
trace-driven,trace,report_streaming_sequential,NRU,LocalAllocation,13,6,0,0.0047,0.0057,1.2127659574468086,8,1,8,0
trace-driven,trace,report_streaming_sequential,NRU,LocalAllocation,13,6,1,0.0044,0.0069,1.5681818181818181,8,2,8,0
trace-driven,trace,report_streaming_sequential,NRU,LocalAllocation,13,7,0,0.0044,0.0062,1.4090909090909092,8,1,8,0
trace-driven,trace,report_streaming_sequential,NRU,LocalAllocation,13,7,1,0.0046,0.0074,1.608695652173913,8,2,8,0
trace-driven,trace,report_streaming_sequential,NRU,LocalAllocation,13,8,0,0.0046,0.0064,1.391304347826087,8,1,8,0
trace-driven,trace,report_streaming_sequential,NRU,LocalAllocation,13,8,1,0.0046,0.0074,1.608695652173913,8,2,8,0
trace-driven,trace,report_streaming_sequential,NRU,LocalAllocation,13,9,0,0.0043,0.0062,1.441860465116279,8,1,8,0
trace-driven,trace,report_streaming_sequential,NRU,LocalAllocation,13,9,1,0.0045,0.0067,1.488888888888889,8,2,8,0
trace-driven,trace,report_streaming_sequential,NRU,ProportionalAllocation,13,0,0,0.0046,0.0069,1.5,8,1,8,0
trace-driven,trace,report_streaming_sequential,NRU,ProportionalAllocation,13,0,1,0.0044,0.0079,1.7954545454545454,8,2,8,0
trace-driven,trace,report_streaming_sequential,NRU,ProportionalAllocation,13,1,0,0.0047,0.0074,1.574468085106383,8,1,8,0
trace-driven,trace,report_streaming_sequential,NRU,ProportionalAllocation,13,1,1,0.0047,0.0072,1.5319148936170213,8,2,8,0
trace-driven,trace,report_streaming_sequential,NRU,ProportionalAllocation,13,2,0,0.0045,0.0064,1.4222222222222223,8,1,8,0
trace-driven,trace,report_streaming_sequential,NRU,ProportionalAllocation,13,2,1,0.0045,0.0073,1.6222222222222222,8,2,8,0
trace-driven,trace,report_streaming_sequential,NRU,ProportionalAllocation,13,3,0,0.0045,0.006,1.3333333333333333,8,1,8,0
trace-driven,trace,report_streaming_sequential,NRU,ProportionalAllocation,13,3,1,0.0045,0.0071,1.5777777777777777,8,2,8,0
trace-driven,trace,report_streaming_sequential,NRU,ProportionalAllocation,13,4,0,0.0045,0.0058,1.288888888888889,8,1,8,0
trace-driven,trace,report_streaming_sequential,NRU,ProportionalAllocation,13,4,1,0.0044,0.0074,1.6818181818181819,8,2,8,0
trace-driven,trace,report_streaming_sequential,NRU,ProportionalAllocation,13,5,0,0.0046,0.0062,1.3478260869565217,8,1,8,0
trace-driven,trace,report_streaming_sequential,NRU,ProportionalAllocation,13,5,1,0.0044,0.007,1.5909090909090908,8,2,8,0
trace-driven,trace,report_streaming_sequential,NRU,ProportionalAllocation,13,6,0,0.0046,0.0062,1.3478260869565217,8,1,8,0
trace-driven,trace,report_streaming_sequential,NRU,ProportionalAllocation,13,6,1,0.0044,0.0072,1.6363636363636365,8,2,8,0
trace-driven,trace,report_streaming_sequential,NRU,ProportionalAllocation,13,7,0,0.0043,0.0061,1.4186046511627908,8,1,8,0
trace-driven,trace,report_streaming_sequential,NRU,ProportionalAllocation,13,7,1,0.0044,0.0069,1.5681818181818181,8,2,8,0
trace-driven,trace,report_streaming_sequential,NRU,ProportionalAllocation,13,8,0,0.0044,0.0061,1.3863636363636365,8,1,8,0
trace-driven,trace,report_streaming_sequential,NRU,ProportionalAllocation,13,8,1,0.0044,0.0069,1.5681818181818181,8,2,8,0
trace-driven,trace,report_streaming_sequential,NRU,ProportionalAllocation,13,9,0,0.0048,0.0058,1.2083333333333333,8,1,8,0
trace-driven,trace,report_streaming_sequential,NRU,ProportionalAllocation,13,9,1,0.0044,0.0071,1.6136363636363635,8,2,8,0
trace-driven,trace,report_streaming_sequential,SecondChance,GlobalAllocation,13,0,0,0.0067,0.0102,1.5223880597014925,8,,,
trace-driven,trace,report_streaming_sequential,SecondChance,GlobalAllocation,13,0,1,0.0058,0.0136,2.3448275862068964,8,,,
trace-driven,trace,report_streaming_sequential,SecondChance,GlobalAllocation,13,1,0,0.0053,0.0084,1.5849056603773586,8,,,
trace-driven,trace,report_streaming_sequential,SecondChance,GlobalAllocation,13,1,1,0.005,0.0108,2.16,8,,,
trace-driven,trace,report_streaming_sequential,SecondChance,GlobalAllocation,13,2,0,0.0051,0.0077,1.5098039215686274,8,,,
trace-driven,trace,report_streaming_sequential,SecondChance,GlobalAllocation,13,2,1,0.005,0.0099,1.98,8,,,
trace-driven,trace,report_streaming_sequential,SecondChance,GlobalAllocation,13,3,0,0.0051,0.0077,1.5098039215686274,8,,,
trace-driven,trace,report_streaming_sequential,SecondChance,GlobalAllocation,13,3,1,0.0051,0.0101,1.9803921568627452,8,,,
trace-driven,trace,report_streaming_sequential,SecondChance,GlobalAllocation,13,4,0,0.0051,0.0073,1.4313725490196079,8,,,
trace-driven,trace,report_streaming_sequential,SecondChance,GlobalAllocation,13,4,1,0.0049,0.0097,1.9795918367346939,8,,,
trace-driven,trace,report_streaming_sequential,SecondChance,GlobalAllocation,13,5,0,0.0051,0.0082,1.607843137254902,8,,,
trace-driven,trace,report_streaming_sequential,SecondChance,GlobalAllocation,13,5,1,0.0051,0.0099,1.9411764705882353,8,,,
trace-driven,trace,report_streaming_sequential,SecondChance,GlobalAllocation,13,6,0,0.0051,0.0075,1.4705882352941178,8,,,
trace-driven,trace,report_streaming_sequential,SecondChance,GlobalAllocation,13,6,1,0.0049,0.0098,2.0,8,,,
trace-driven,trace,report_streaming_sequential,SecondChance,GlobalAllocation,13,7,0,0.005,0.0071,1.42,8,,,
trace-driven,trace,report_streaming_sequential,SecondChance,GlobalAllocation,13,7,1,0.0051,0.0098,1.9215686274509804,8,,,
trace-driven,trace,report_streaming_sequential,SecondChance,GlobalAllocation,13,8,0,0.0051,0.008,1.5686274509803921,8,,,
trace-driven,trace,report_streaming_sequential,SecondChance,GlobalAllocation,13,8,1,0.0052,0.01,1.9230769230769231,8,,,
trace-driven,trace,report_streaming_sequential,SecondChance,GlobalAllocation,13,9,0,0.0048,0.007,1.4583333333333333,8,,,
trace-driven,trace,report_streaming_sequential,SecondChance,GlobalAllocation,13,9,1,0.0048,0.0095,1.9791666666666667,8,,,
trace-driven,trace,report_streaming_sequential,SecondChance,LocalAllocation,13,0,0,0.005,0.0077,1.54,8,1,8,0
trace-driven,trace,report_streaming_sequential,SecondChance,LocalAllocation,13,0,1,0.0065,0.007,1.0769230769230769,8,2,8,0
trace-driven,trace,report_streaming_sequential,SecondChance,LocalAllocation,13,1,0,0.0049,0.0076,1.5510204081632653,8,1,8,0
trace-driven,trace,report_streaming_sequential,SecondChance,LocalAllocation,13,1,1,0.0048,0.0071,1.4791666666666667,8,2,8,0
trace-driven,trace,report_streaming_sequential,SecondChance,LocalAllocation,13,2,0,0.0063,0.0066,1.0476190476190477,8,1,8,0
trace-driven,trace,report_streaming_sequential,SecondChance,LocalAllocation,13,2,1,0.0048,0.0065,1.3541666666666667,8,2,8,0
trace-driven,trace,report_streaming_sequential,SecondChance,LocalAllocation,13,3,0,0.0048,0.0067,1.3958333333333333,8,1,8,0
trace-driven,trace,report_streaming_sequential,SecondChance,LocalAllocation,13,3,1,0.0048,0.0067,1.3958333333333333,8,2,8,0
trace-driven,trace,report_streaming_sequential,SecondChance,LocalAllocation,13,4,0,0.0048,0.0062,1.2916666666666667,8,1,8,0
trace-driven,trace,report_streaming_sequential,SecondChance,LocalAllocation,13,4,1,0.0048,0.0074,1.5416666666666667,8,2,8,0
trace-driven,trace,report_streaming_sequential,SecondChance,LocalAllocation,13,5,0,0.0047,0.0063,1.3404255319148937,8,1,8,0
trace-driven,trace,report_streaming_sequential,SecondChance,LocalAllocation,13,5,1,0.0047,0.0062,1.3191489361702127,8,2,8,0
trace-driven,trace,report_streaming_sequential,SecondChance,LocalAllocation,13,6,0,0.0049,0.0063,1.2857142857142858,8,1,8,0
trace-driven,trace,report_streaming_sequential,SecondChance,LocalAllocation,13,6,1,0.006,0.008,1.3333333333333333,8,2,8,0
trace-driven,trace,report_streaming_sequential,SecondChance,LocalAllocation,13,7,0,0.0047,0.0063,1.3404255319148937,8,1,8,0
trace-driven,trace,report_streaming_sequential,SecondChance,LocalAllocation,13,7,1,0.0053,0.0071,1.3396226415094339,8,2,8,0
trace-driven,trace,report_streaming_sequential,SecondChance,LocalAllocation,13,8,0,0.0049,0.0064,1.3061224489795917,8,1,8,0
trace-driven,trace,report_streaming_sequential,SecondChance,LocalAllocation,13,8,1,0.0049,0.0062,1.2653061224489797,8,2,8,0
trace-driven,trace,report_streaming_sequential,SecondChance,LocalAllocation,13,9,0,0.0049,0.0066,1.346938775510204,8,1,8,0
trace-driven,trace,report_streaming_sequential,SecondChance,LocalAllocation,13,9,1,0.0051,0.0064,1.2549019607843137,8,2,8,0
trace-driven,trace,report_streaming_sequential,SecondChance,ProportionalAllocation,13,0,0,0.0052,0.0071,1.3653846153846154,8,1,8,0
trace-driven,trace,report_streaming_sequential,SecondChance,ProportionalAllocation,13,0,1,0.0048,0.0072,1.5,8,2,8,0
trace-driven,trace,report_streaming_sequential,SecondChance,ProportionalAllocation,13,1,0,0.005,0.0077,1.54,8,1,8,0
trace-driven,trace,report_streaming_sequential,SecondChance,ProportionalAllocation,13,1,1,0.0048,0.0066,1.375,8,2,8,0
trace-driven,trace,report_streaming_sequential,SecondChance,ProportionalAllocation,13,2,0,0.0049,0.0066,1.346938775510204,8,1,8,0
trace-driven,trace,report_streaming_sequential,SecondChance,ProportionalAllocation,13,2,1,0.0048,0.0061,1.2708333333333333,8,2,8,0
trace-driven,trace,report_streaming_sequential,SecondChance,ProportionalAllocation,13,3,0,0.0047,0.0065,1.3829787234042554,8,1,8,0
trace-driven,trace,report_streaming_sequential,SecondChance,ProportionalAllocation,13,3,1,0.0047,0.0062,1.3191489361702127,8,2,8,0
trace-driven,trace,report_streaming_sequential,SecondChance,ProportionalAllocation,13,4,0,0.0048,0.0066,1.375,8,1,8,0
trace-driven,trace,report_streaming_sequential,SecondChance,ProportionalAllocation,13,4,1,0.0047,0.0068,1.446808510638298,8,2,8,0
trace-driven,trace,report_streaming_sequential,SecondChance,ProportionalAllocation,13,5,0,0.005,0.0061,1.22,8,1,8,0
trace-driven,trace,report_streaming_sequential,SecondChance,ProportionalAllocation,13,5,1,0.0045,0.0062,1.3777777777777778,8,2,8,0
trace-driven,trace,report_streaming_sequential,SecondChance,ProportionalAllocation,13,6,0,0.0047,0.006,1.2765957446808511,8,1,8,0
trace-driven,trace,report_streaming_sequential,SecondChance,ProportionalAllocation,13,6,1,0.0045,0.0064,1.4222222222222223,8,2,8,0
trace-driven,trace,report_streaming_sequential,SecondChance,ProportionalAllocation,13,7,0,0.0047,0.0059,1.2553191489361701,8,1,8,0
trace-driven,trace,report_streaming_sequential,SecondChance,ProportionalAllocation,13,7,1,0.0048,0.0063,1.3125,8,2,8,0
trace-driven,trace,report_streaming_sequential,SecondChance,ProportionalAllocation,13,8,0,0.0046,0.0064,1.391304347826087,8,1,8,0
trace-driven,trace,report_streaming_sequential,SecondChance,ProportionalAllocation,13,8,1,0.0046,0.0058,1.2608695652173914,8,2,8,0
trace-driven,trace,report_streaming_sequential,SecondChance,ProportionalAllocation,13,9,0,0.0047,0.0062,1.3191489361702127,8,1,8,0
trace-driven,trace,report_streaming_sequential,SecondChance,ProportionalAllocation,13,9,1,0.0049,0.0071,1.4489795918367347,8,2,8,0
trace-driven,trace,report_streaming_sequential,WSClock,GlobalAllocation,13,0,0,0.0068,0.016,2.3529411764705883,8,,,
trace-driven,trace,report_streaming_sequential,WSClock,GlobalAllocation,13,0,1,0.0056,0.0219,3.9107142857142856,8,,,
trace-driven,trace,report_streaming_sequential,WSClock,GlobalAllocation,13,1,0,0.0054,0.0138,2.5555555555555554,8,,,
trace-driven,trace,report_streaming_sequential,WSClock,GlobalAllocation,13,1,1,0.005,0.0194,3.88,8,,,
trace-driven,trace,report_streaming_sequential,WSClock,GlobalAllocation,13,2,0,0.0051,0.0129,2.5294117647058822,8,,,
trace-driven,trace,report_streaming_sequential,WSClock,GlobalAllocation,13,2,1,0.005,0.0188,3.76,8,,,
trace-driven,trace,report_streaming_sequential,WSClock,GlobalAllocation,13,3,0,0.0052,0.0133,2.5576923076923075,8,,,
trace-driven,trace,report_streaming_sequential,WSClock,GlobalAllocation,13,3,1,0.0049,0.0187,3.816326530612245,8,,,
trace-driven,trace,report_streaming_sequential,WSClock,GlobalAllocation,13,4,0,0.0052,0.013,2.5,8,,,
trace-driven,trace,report_streaming_sequential,WSClock,GlobalAllocation,13,4,1,0.0052,0.0192,3.6923076923076925,8,,,
trace-driven,trace,report_streaming_sequential,WSClock,GlobalAllocation,13,5,0,0.0049,0.0127,2.5918367346938775,8,,,
trace-driven,trace,report_streaming_sequential,WSClock,GlobalAllocation,13,5,1,0.005,0.0189,3.78,8,,,
trace-driven,trace,report_streaming_sequential,WSClock,GlobalAllocation,13,6,0,0.005,0.0129,2.58,8,,,
trace-driven,trace,report_streaming_sequential,WSClock,GlobalAllocation,13,6,1,0.0048,0.0188,3.9166666666666665,8,,,
trace-driven,trace,report_streaming_sequential,WSClock,GlobalAllocation,13,7,0,0.005,0.0133,2.66,8,,,
trace-driven,trace,report_streaming_sequential,WSClock,GlobalAllocation,13,7,1,0.0049,0.0193,3.938775510204082,8,,,
trace-driven,trace,report_streaming_sequential,WSClock,GlobalAllocation,13,8,0,0.0064,0.0137,2.140625,8,,,
trace-driven,trace,report_streaming_sequential,WSClock,GlobalAllocation,13,8,1,0.0051,0.0189,3.7058823529411766,8,,,
trace-driven,trace,report_streaming_sequential,WSClock,GlobalAllocation,13,9,0,0.0048,0.0132,2.75,8,,,
trace-driven,trace,report_streaming_sequential,WSClock,GlobalAllocation,13,9,1,0.0046,0.0187,4.065217391304348,8,,,
trace-driven,trace,report_streaming_sequential,WSClock,LocalAllocation,13,0,0,0.005,0.0092,1.84,8,1,8,0
trace-driven,trace,report_streaming_sequential,WSClock,LocalAllocation,13,0,1,0.0048,0.0115,2.3958333333333335,8,2,8,0
trace-driven,trace,report_streaming_sequential,WSClock,LocalAllocation,13,1,0,0.005,0.0096,1.92,8,1,8,0
trace-driven,trace,report_streaming_sequential,WSClock,LocalAllocation,13,1,1,0.0048,0.0108,2.25,8,2,8,0
trace-driven,trace,report_streaming_sequential,WSClock,LocalAllocation,13,2,0,0.0048,0.0084,1.75,8,1,8,0
trace-driven,trace,report_streaming_sequential,WSClock,LocalAllocation,13,2,1,0.0049,0.0106,2.163265306122449,8,2,8,0
trace-driven,trace,report_streaming_sequential,WSClock,LocalAllocation,13,3,0,0.0053,0.0084,1.5849056603773586,8,1,8,0
trace-driven,trace,report_streaming_sequential,WSClock,LocalAllocation,13,3,1,0.0048,0.0101,2.1041666666666665,8,2,8,0
trace-driven,trace,report_streaming_sequential,WSClock,LocalAllocation,13,4,0,0.0048,0.0079,1.6458333333333333,8,1,8,0
trace-driven,trace,report_streaming_sequential,WSClock,LocalAllocation,13,4,1,0.0048,0.0104,2.1666666666666665,8,2,8,0
trace-driven,trace,report_streaming_sequential,WSClock,LocalAllocation,13,5,0,0.0048,0.008,1.6666666666666667,8,1,8,0
trace-driven,trace,report_streaming_sequential,WSClock,LocalAllocation,13,5,1,0.0047,0.0102,2.1702127659574466,8,2,8,0
trace-driven,trace,report_streaming_sequential,WSClock,LocalAllocation,13,6,0,0.0049,0.0083,1.6938775510204083,8,1,8,0
trace-driven,trace,report_streaming_sequential,WSClock,LocalAllocation,13,6,1,0.006,0.0099,1.65,8,2,8,0
trace-driven,trace,report_streaming_sequential,WSClock,LocalAllocation,13,7,0,0.0047,0.0079,1.6808510638297873,8,1,8,0
trace-driven,trace,report_streaming_sequential,WSClock,LocalAllocation,13,7,1,0.0046,0.0099,2.152173913043478,8,2,8,0
trace-driven,trace,report_streaming_sequential,WSClock,LocalAllocation,13,8,0,0.006,0.0082,1.3666666666666667,8,1,8,0
trace-driven,trace,report_streaming_sequential,WSClock,LocalAllocation,13,8,1,0.0047,0.01,2.127659574468085,8,2,8,0
trace-driven,trace,report_streaming_sequential,WSClock,LocalAllocation,13,9,0,0.0047,0.0079,1.6808510638297873,8,1,8,0
trace-driven,trace,report_streaming_sequential,WSClock,LocalAllocation,13,9,1,0.0051,0.0101,1.9803921568627452,8,2,8,0
trace-driven,trace,report_streaming_sequential,WSClock,ProportionalAllocation,13,0,0,0.0053,0.0089,1.679245283018868,8,1,8,0
trace-driven,trace,report_streaming_sequential,WSClock,ProportionalAllocation,13,0,1,0.0049,0.0106,2.163265306122449,8,2,8,0
trace-driven,trace,report_streaming_sequential,WSClock,ProportionalAllocation,13,1,0,0.005,0.0088,1.76,8,1,8,0
trace-driven,trace,report_streaming_sequential,WSClock,ProportionalAllocation,13,1,1,0.0048,0.0105,2.1875,8,2,8,0
trace-driven,trace,report_streaming_sequential,WSClock,ProportionalAllocation,13,2,0,0.0049,0.0089,1.816326530612245,8,1,8,0
trace-driven,trace,report_streaming_sequential,WSClock,ProportionalAllocation,13,2,1,0.0059,0.0117,1.9830508474576272,8,2,8,0
trace-driven,trace,report_streaming_sequential,WSClock,ProportionalAllocation,13,3,0,0.006,0.0082,1.3666666666666667,8,1,8,0
trace-driven,trace,report_streaming_sequential,WSClock,ProportionalAllocation,13,3,1,0.0059,0.0101,1.7118644067796611,8,2,8,0
trace-driven,trace,report_streaming_sequential,WSClock,ProportionalAllocation,13,4,0,0.005,0.0081,1.62,8,1,8,0
trace-driven,trace,report_streaming_sequential,WSClock,ProportionalAllocation,13,4,1,0.0048,0.0098,2.0416666666666665,8,2,8,0
trace-driven,trace,report_streaming_sequential,WSClock,ProportionalAllocation,13,5,0,0.0047,0.0082,1.7446808510638299,8,1,8,0
trace-driven,trace,report_streaming_sequential,WSClock,ProportionalAllocation,13,5,1,0.0046,0.0101,2.1956521739130435,8,2,8,0
trace-driven,trace,report_streaming_sequential,WSClock,ProportionalAllocation,13,6,0,0.0048,0.008,1.6666666666666667,8,1,8,0
trace-driven,trace,report_streaming_sequential,WSClock,ProportionalAllocation,13,6,1,0.0048,0.0105,2.1875,8,2,8,0
trace-driven,trace,report_streaming_sequential,WSClock,ProportionalAllocation,13,7,0,0.0049,0.008,1.6326530612244898,8,1,8,0
trace-driven,trace,report_streaming_sequential,WSClock,ProportionalAllocation,13,7,1,0.0047,0.0102,2.1702127659574466,8,2,8,0
trace-driven,trace,report_streaming_sequential,WSClock,ProportionalAllocation,13,8,0,0.005,0.0078,1.56,8,1,8,0
trace-driven,trace,report_streaming_sequential,WSClock,ProportionalAllocation,13,8,1,0.0047,0.0101,2.148936170212766,8,2,8,0
trace-driven,trace,report_streaming_sequential,WSClock,ProportionalAllocation,13,9,0,0.0047,0.008,1.702127659574468,8,1,8,0
trace-driven,trace,report_streaming_sequential,WSClock,ProportionalAllocation,13,9,1,0.0045,0.0099,2.2,8,2,8,0
trace-driven,trace,report_streaming_sequential,FIFO,GlobalAllocation,16,0,0,0.0065,0.0087,1.3384615384615384,8,,,
trace-driven,trace,report_streaming_sequential,FIFO,GlobalAllocation,16,0,1,0.0056,0.0087,1.5535714285714286,8,,,
trace-driven,trace,report_streaming_sequential,FIFO,GlobalAllocation,16,1,0,0.0079,0.0103,1.3037974683544304,8,,,
trace-driven,trace,report_streaming_sequential,FIFO,GlobalAllocation,16,1,1,0.0067,0.0097,1.4477611940298507,8,,,
trace-driven,trace,report_streaming_sequential,FIFO,GlobalAllocation,16,2,0,0.0049,0.0067,1.3673469387755102,8,,,
trace-driven,trace,report_streaming_sequential,FIFO,GlobalAllocation,16,2,1,0.0048,0.0066,1.375,8,,,
trace-driven,trace,report_streaming_sequential,FIFO,GlobalAllocation,16,3,0,0.0049,0.0076,1.5510204081632653,8,,,
trace-driven,trace,report_streaming_sequential,FIFO,GlobalAllocation,16,3,1,0.0051,0.0074,1.4509803921568627,8,,,
trace-driven,trace,report_streaming_sequential,FIFO,GlobalAllocation,16,4,0,0.0048,0.0063,1.3125,8,,,
trace-driven,trace,report_streaming_sequential,FIFO,GlobalAllocation,16,4,1,0.0048,0.0065,1.3541666666666667,8,,,
trace-driven,trace,report_streaming_sequential,FIFO,GlobalAllocation,16,5,0,0.005,0.0062,1.24,8,,,
trace-driven,trace,report_streaming_sequential,FIFO,GlobalAllocation,16,5,1,0.005,0.0066,1.32,8,,,
trace-driven,trace,report_streaming_sequential,FIFO,GlobalAllocation,16,6,0,0.0045,0.0062,1.3777777777777778,8,,,
trace-driven,trace,report_streaming_sequential,FIFO,GlobalAllocation,16,6,1,0.0048,0.0063,1.3125,8,,,
trace-driven,trace,report_streaming_sequential,FIFO,GlobalAllocation,16,7,0,0.0049,0.006,1.2244897959183674,8,,,
trace-driven,trace,report_streaming_sequential,FIFO,GlobalAllocation,16,7,1,0.0052,0.0061,1.1730769230769231,8,,,
trace-driven,trace,report_streaming_sequential,FIFO,GlobalAllocation,16,8,0,0.0047,0.0062,1.3191489361702127,8,,,
trace-driven,trace,report_streaming_sequential,FIFO,GlobalAllocation,16,8,1,0.0051,0.0062,1.2156862745098038,8,,,
trace-driven,trace,report_streaming_sequential,FIFO,GlobalAllocation,16,9,0,0.0046,0.0061,1.326086956521739,8,,,
trace-driven,trace,report_streaming_sequential,FIFO,GlobalAllocation,16,9,1,0.0045,0.0062,1.3777777777777778,8,,,
trace-driven,trace,report_streaming_sequential,FIFO,LocalAllocation,16,0,0,0.0047,0.006,1.2765957446808511,8,0,8,0
trace-driven,trace,report_streaming_sequential,FIFO,LocalAllocation,16,0,1,0.0048,0.0052,1.0833333333333333,8,0,8,0
trace-driven,trace,report_streaming_sequential,FIFO,LocalAllocation,16,1,0,0.0052,0.0062,1.1923076923076923,8,0,8,0
trace-driven,trace,report_streaming_sequential,FIFO,LocalAllocation,16,1,1,0.0048,0.0048,1.0,8,0,8,0
trace-driven,trace,report_streaming_sequential,FIFO,LocalAllocation,16,2,0,0.0045,0.0052,1.1555555555555554,8,0,8,0
trace-driven,trace,report_streaming_sequential,FIFO,LocalAllocation,16,2,1,0.0048,0.0045,0.9375,8,0,8,0
trace-driven,trace,report_streaming_sequential,FIFO,LocalAllocation,16,3,0,0.0045,0.005,1.1111111111111112,8,0,8,0
trace-driven,trace,report_streaming_sequential,FIFO,LocalAllocation,16,3,1,0.0047,0.0045,0.9574468085106383,8,0,8,0
trace-driven,trace,report_streaming_sequential,FIFO,LocalAllocation,16,4,0,0.0046,0.0047,1.0217391304347827,8,0,8,0
trace-driven,trace,report_streaming_sequential,FIFO,LocalAllocation,16,4,1,0.0047,0.0043,0.9148936170212766,8,0,8,0
trace-driven,trace,report_streaming_sequential,FIFO,LocalAllocation,16,5,0,0.0045,0.0047,1.0444444444444445,8,0,8,0
trace-driven,trace,report_streaming_sequential,FIFO,LocalAllocation,16,5,1,0.0046,0.0055,1.1956521739130435,8,0,8,0
trace-driven,trace,report_streaming_sequential,FIFO,LocalAllocation,16,6,0,0.0046,0.0046,1.0,8,0,8,0
trace-driven,trace,report_streaming_sequential,FIFO,LocalAllocation,16,6,1,0.0047,0.0041,0.8723404255319149,8,0,8,0
trace-driven,trace,report_streaming_sequential,FIFO,LocalAllocation,16,7,0,0.0046,0.0047,1.0217391304347827,8,0,8,0
trace-driven,trace,report_streaming_sequential,FIFO,LocalAllocation,16,7,1,0.0067,0.0043,0.6417910447761194,8,0,8,0
trace-driven,trace,report_streaming_sequential,FIFO,LocalAllocation,16,8,0,0.0046,0.0044,0.9565217391304348,8,0,8,0
trace-driven,trace,report_streaming_sequential,FIFO,LocalAllocation,16,8,1,0.0046,0.0042,0.9130434782608695,8,0,8,0
trace-driven,trace,report_streaming_sequential,FIFO,LocalAllocation,16,9,0,0.0045,0.0047,1.0444444444444445,8,0,8,0
trace-driven,trace,report_streaming_sequential,FIFO,LocalAllocation,16,9,1,0.0045,0.0042,0.9333333333333333,8,0,8,0
trace-driven,trace,report_streaming_sequential,FIFO,ProportionalAllocation,16,0,0,0.0087,0.0106,1.2183908045977012,8,0,8,0
trace-driven,trace,report_streaming_sequential,FIFO,ProportionalAllocation,16,0,1,0.0083,0.0095,1.144578313253012,8,0,8,0
trace-driven,trace,report_streaming_sequential,FIFO,ProportionalAllocation,16,1,0,0.0068,0.0087,1.2794117647058822,8,0,8,0
trace-driven,trace,report_streaming_sequential,FIFO,ProportionalAllocation,16,1,1,0.0089,0.0071,0.797752808988764,8,0,8,0
trace-driven,trace,report_streaming_sequential,FIFO,ProportionalAllocation,16,2,0,0.0071,0.007,0.9859154929577465,8,0,8,0
trace-driven,trace,report_streaming_sequential,FIFO,ProportionalAllocation,16,2,1,0.0077,0.0071,0.922077922077922,8,0,8,0
trace-driven,trace,report_streaming_sequential,FIFO,ProportionalAllocation,16,3,0,0.0073,0.0091,1.2465753424657535,8,0,8,0
trace-driven,trace,report_streaming_sequential,FIFO,ProportionalAllocation,16,3,1,0.0081,0.0085,1.0493827160493827,8,0,8,0
trace-driven,trace,report_streaming_sequential,FIFO,ProportionalAllocation,16,4,0,0.008,0.0087,1.0875,8,0,8,0
trace-driven,trace,report_streaming_sequential,FIFO,ProportionalAllocation,16,4,1,0.0091,0.0084,0.9230769230769231,8,0,8,0
trace-driven,trace,report_streaming_sequential,FIFO,ProportionalAllocation,16,5,0,0.009,0.0091,1.011111111111111,8,0,8,0
trace-driven,trace,report_streaming_sequential,FIFO,ProportionalAllocation,16,5,1,0.0092,0.0087,0.9456521739130435,8,0,8,0
trace-driven,trace,report_streaming_sequential,FIFO,ProportionalAllocation,16,6,0,0.0084,0.0086,1.0238095238095237,8,0,8,0
trace-driven,trace,report_streaming_sequential,FIFO,ProportionalAllocation,16,6,1,0.0086,0.008,0.9302325581395349,8,0,8,0
trace-driven,trace,report_streaming_sequential,FIFO,ProportionalAllocation,16,7,0,0.0083,0.0089,1.072289156626506,8,0,8,0
trace-driven,trace,report_streaming_sequential,FIFO,ProportionalAllocation,16,7,1,0.0086,0.0084,0.9767441860465116,8,0,8,0
trace-driven,trace,report_streaming_sequential,FIFO,ProportionalAllocation,16,8,0,0.0087,0.0093,1.0689655172413792,8,0,8,0
trace-driven,trace,report_streaming_sequential,FIFO,ProportionalAllocation,16,8,1,0.0087,0.0092,1.0574712643678161,8,0,8,0
trace-driven,trace,report_streaming_sequential,FIFO,ProportionalAllocation,16,9,0,0.0089,0.009,1.0112359550561798,8,0,8,0
trace-driven,trace,report_streaming_sequential,FIFO,ProportionalAllocation,16,9,1,0.0084,0.0086,1.0238095238095237,8,0,8,0
trace-driven,trace,report_streaming_sequential,LRU,GlobalAllocation,16,0,0,0.0108,0.017,1.5740740740740742,8,,,
trace-driven,trace,report_streaming_sequential,LRU,GlobalAllocation,16,0,1,0.0103,0.0173,1.6796116504854368,8,,,
trace-driven,trace,report_streaming_sequential,LRU,GlobalAllocation,16,1,0,0.0074,0.0116,1.5675675675675675,8,,,
trace-driven,trace,report_streaming_sequential,LRU,GlobalAllocation,16,1,1,0.0069,0.0115,1.6666666666666667,8,,,
trace-driven,trace,report_streaming_sequential,LRU,GlobalAllocation,16,2,0,0.0086,0.0115,1.3372093023255813,8,,,
trace-driven,trace,report_streaming_sequential,LRU,GlobalAllocation,16,2,1,0.0087,0.0124,1.4252873563218391,8,,,
trace-driven,trace,report_streaming_sequential,LRU,GlobalAllocation,16,3,0,0.0093,0.0129,1.3870967741935485,8,,,
trace-driven,trace,report_streaming_sequential,LRU,GlobalAllocation,16,3,1,0.0094,0.0135,1.4361702127659575,8,,,
trace-driven,trace,report_streaming_sequential,LRU,GlobalAllocation,16,4,0,0.0095,0.0129,1.3578947368421053,8,,,
trace-driven,trace,report_streaming_sequential,LRU,GlobalAllocation,16,4,1,0.0091,0.0131,1.4395604395604396,8,,,
trace-driven,trace,report_streaming_sequential,LRU,GlobalAllocation,16,5,0,0.0099,0.0131,1.3232323232323233,8,,,
trace-driven,trace,report_streaming_sequential,LRU,GlobalAllocation,16,5,1,0.0094,0.0135,1.4361702127659575,8,,,
trace-driven,trace,report_streaming_sequential,LRU,GlobalAllocation,16,6,0,0.005,0.0093,1.86,8,,,
trace-driven,trace,report_streaming_sequential,LRU,GlobalAllocation,16,6,1,0.005,0.0109,2.18,8,,,
trace-driven,trace,report_streaming_sequential,LRU,GlobalAllocation,16,7,0,0.0049,0.0066,1.346938775510204,8,,,
trace-driven,trace,report_streaming_sequential,LRU,GlobalAllocation,16,7,1,0.005,0.0069,1.38,8,,,
trace-driven,trace,report_streaming_sequential,LRU,GlobalAllocation,16,8,0,0.0052,0.0068,1.3076923076923077,8,,,
trace-driven,trace,report_streaming_sequential,LRU,GlobalAllocation,16,8,1,0.005,0.0067,1.34,8,,,
trace-driven,trace,report_streaming_sequential,LRU,GlobalAllocation,16,9,0,0.0048,0.0065,1.3541666666666667,8,,,
trace-driven,trace,report_streaming_sequential,LRU,GlobalAllocation,16,9,1,0.0048,0.0069,1.4375,8,,,
trace-driven,trace,report_streaming_sequential,LRU,LocalAllocation,16,0,0,0.0052,0.007,1.3461538461538463,8,0,8,0
trace-driven,trace,report_streaming_sequential,LRU,LocalAllocation,16,0,1,0.005,0.0058,1.16,8,0,8,0
trace-driven,trace,report_streaming_sequential,LRU,LocalAllocation,16,1,0,0.0049,0.0068,1.3877551020408163,8,0,8,0
trace-driven,trace,report_streaming_sequential,LRU,LocalAllocation,16,1,1,0.0046,0.0051,1.108695652173913,8,0,8,0
trace-driven,trace,report_streaming_sequential,LRU,LocalAllocation,16,2,0,0.0049,0.0056,1.1428571428571428,8,0,8,0
trace-driven,trace,report_streaming_sequential,LRU,LocalAllocation,16,2,1,0.0049,0.0049,1.0,8,0,8,0
trace-driven,trace,report_streaming_sequential,LRU,LocalAllocation,16,3,0,0.0049,0.0054,1.1020408163265305,8,0,8,0
trace-driven,trace,report_streaming_sequential,LRU,LocalAllocation,16,3,1,0.005,0.0049,0.98,8,0,8,0
trace-driven,trace,report_streaming_sequential,LRU,LocalAllocation,16,4,0,0.0048,0.0051,1.0625,8,0,8,0
trace-driven,trace,report_streaming_sequential,LRU,LocalAllocation,16,4,1,0.0049,0.0046,0.9387755102040817,8,0,8,0
trace-driven,trace,report_streaming_sequential,LRU,LocalAllocation,16,5,0,0.005,0.0053,1.06,8,0,8,0
trace-driven,trace,report_streaming_sequential,LRU,LocalAllocation,16,5,1,0.0047,0.0047,1.0,8,0,8,0
trace-driven,trace,report_streaming_sequential,LRU,LocalAllocation,16,6,0,0.0052,0.0053,1.0192307692307692,8,0,8,0
trace-driven,trace,report_streaming_sequential,LRU,LocalAllocation,16,6,1,0.0047,0.0047,1.0,8,0,8,0
trace-driven,trace,report_streaming_sequential,LRU,LocalAllocation,16,7,0,0.0049,0.0051,1.0408163265306123,8,0,8,0
trace-driven,trace,report_streaming_sequential,LRU,LocalAllocation,16,7,1,0.0048,0.0051,1.0625,8,0,8,0
trace-driven,trace,report_streaming_sequential,LRU,LocalAllocation,16,8,0,0.0047,0.0052,1.1063829787234043,8,0,8,0
trace-driven,trace,report_streaming_sequential,LRU,LocalAllocation,16,8,1,0.0049,0.0048,0.9795918367346939,8,0,8,0
trace-driven,trace,report_streaming_sequential,LRU,LocalAllocation,16,9,0,0.0048,0.0053,1.1041666666666667,8,0,8,0
trace-driven,trace,report_streaming_sequential,LRU,LocalAllocation,16,9,1,0.0048,0.0049,1.0208333333333333,8,0,8,0
trace-driven,trace,report_streaming_sequential,LRU,ProportionalAllocation,16,0,0,0.005,0.0059,1.18,8,0,8,0
trace-driven,trace,report_streaming_sequential,LRU,ProportionalAllocation,16,0,1,0.0049,0.0052,1.0612244897959184,8,0,8,0
trace-driven,trace,report_streaming_sequential,LRU,ProportionalAllocation,16,1,0,0.0051,0.0065,1.2745098039215685,8,0,8,0
trace-driven,trace,report_streaming_sequential,LRU,ProportionalAllocation,16,1,1,0.0047,0.0054,1.148936170212766,8,0,8,0
trace-driven,trace,report_streaming_sequential,LRU,ProportionalAllocation,16,2,0,0.0047,0.0053,1.127659574468085,8,0,8,0
trace-driven,trace,report_streaming_sequential,LRU,ProportionalAllocation,16,2,1,0.0049,0.0049,1.0,8,0,8,0
trace-driven,trace,report_streaming_sequential,LRU,ProportionalAllocation,16,3,0,0.005,0.0055,1.1,8,0,8,0
trace-driven,trace,report_streaming_sequential,LRU,ProportionalAllocation,16,3,1,0.0047,0.005,1.0638297872340425,8,0,8,0
trace-driven,trace,report_streaming_sequential,LRU,ProportionalAllocation,16,4,0,0.0047,0.0055,1.1702127659574468,8,0,8,0
trace-driven,trace,report_streaming_sequential,LRU,ProportionalAllocation,16,4,1,0.0059,0.0055,0.9322033898305084,8,0,8,0
trace-driven,trace,report_streaming_sequential,LRU,ProportionalAllocation,16,5,0,0.0048,0.0053,1.1041666666666667,8,0,8,0
trace-driven,trace,report_streaming_sequential,LRU,ProportionalAllocation,16,5,1,0.0048,0.0047,0.9791666666666666,8,0,8,0
trace-driven,trace,report_streaming_sequential,LRU,ProportionalAllocation,16,6,0,0.0049,0.0052,1.0612244897959184,8,0,8,0
trace-driven,trace,report_streaming_sequential,LRU,ProportionalAllocation,16,6,1,0.0048,0.005,1.0416666666666667,8,0,8,0
trace-driven,trace,report_streaming_sequential,LRU,ProportionalAllocation,16,7,0,0.0048,0.005,1.0416666666666667,8,0,8,0
trace-driven,trace,report_streaming_sequential,LRU,ProportionalAllocation,16,7,1,0.0046,0.0048,1.0434782608695652,8,0,8,0
trace-driven,trace,report_streaming_sequential,LRU,ProportionalAllocation,16,8,0,0.0049,0.005,1.0204081632653061,8,0,8,0
trace-driven,trace,report_streaming_sequential,LRU,ProportionalAllocation,16,8,1,0.0048,0.0049,1.0208333333333333,8,0,8,0
trace-driven,trace,report_streaming_sequential,LRU,ProportionalAllocation,16,9,0,0.0049,0.0052,1.0612244897959184,8,0,8,0
trace-driven,trace,report_streaming_sequential,LRU,ProportionalAllocation,16,9,1,0.005,0.0046,0.92,8,0,8,0
trace-driven,trace,report_streaming_sequential,NRU,GlobalAllocation,16,0,0,0.0061,0.0085,1.3934426229508197,8,,,
trace-driven,trace,report_streaming_sequential,NRU,GlobalAllocation,16,0,1,0.0051,0.0087,1.7058823529411764,8,,,
trace-driven,trace,report_streaming_sequential,NRU,GlobalAllocation,16,1,0,0.005,0.0072,1.44,8,,,
trace-driven,trace,report_streaming_sequential,NRU,GlobalAllocation,16,1,1,0.0048,0.0072,1.5,8,,,
trace-driven,trace,report_streaming_sequential,NRU,GlobalAllocation,16,2,0,0.0047,0.0067,1.425531914893617,8,,,
trace-driven,trace,report_streaming_sequential,NRU,GlobalAllocation,16,2,1,0.0048,0.0068,1.4166666666666667,8,,,
trace-driven,trace,report_streaming_sequential,NRU,GlobalAllocation,16,3,0,0.0048,0.0067,1.3958333333333333,8,,,
trace-driven,trace,report_streaming_sequential,NRU,GlobalAllocation,16,3,1,0.0046,0.007,1.5217391304347827,8,,,
trace-driven,trace,report_streaming_sequential,NRU,GlobalAllocation,16,4,0,0.0049,0.0066,1.346938775510204,8,,,
trace-driven,trace,report_streaming_sequential,NRU,GlobalAllocation,16,4,1,0.0046,0.0067,1.4565217391304348,8,,,
trace-driven,trace,report_streaming_sequential,NRU,GlobalAllocation,16,5,0,0.0047,0.0062,1.3191489361702127,8,,,
trace-driven,trace,report_streaming_sequential,NRU,GlobalAllocation,16,5,1,0.0046,0.0068,1.4782608695652173,8,,,
trace-driven,trace,report_streaming_sequential,NRU,GlobalAllocation,16,6,0,0.0045,0.0062,1.3777777777777778,8,,,
trace-driven,trace,report_streaming_sequential,NRU,GlobalAllocation,16,6,1,0.0046,0.0066,1.434782608695652,8,,,
trace-driven,trace,report_streaming_sequential,NRU,GlobalAllocation,16,7,0,0.0045,0.0063,1.4,8,,,
trace-driven,trace,report_streaming_sequential,NRU,GlobalAllocation,16,7,1,0.0046,0.0066,1.434782608695652,8,,,
trace-driven,trace,report_streaming_sequential,NRU,GlobalAllocation,16,8,0,0.0048,0.0063,1.3125,8,,,
trace-driven,trace,report_streaming_sequential,NRU,GlobalAllocation,16,8,1,0.0049,0.0067,1.3673469387755102,8,,,
trace-driven,trace,report_streaming_sequential,NRU,GlobalAllocation,16,9,0,0.0045,0.0061,1.3555555555555556,8,,,
trace-driven,trace,report_streaming_sequential,NRU,GlobalAllocation,16,9,1,0.0047,0.0067,1.425531914893617,8,,,
trace-driven,trace,report_streaming_sequential,NRU,LocalAllocation,16,0,0,0.0047,0.0058,1.2340425531914894,8,0,8,0
trace-driven,trace,report_streaming_sequential,NRU,LocalAllocation,16,0,1,0.0045,0.0053,1.1777777777777778,8,0,8,0
trace-driven,trace,report_streaming_sequential,NRU,LocalAllocation,16,1,0,0.0046,0.007,1.5217391304347827,8,0,8,0
trace-driven,trace,report_streaming_sequential,NRU,LocalAllocation,16,1,1,0.0046,0.0049,1.065217391304348,8,0,8,0
trace-driven,trace,report_streaming_sequential,NRU,LocalAllocation,16,2,0,0.0047,0.0051,1.0851063829787233,8,0,8,0
trace-driven,trace,report_streaming_sequential,NRU,LocalAllocation,16,2,1,0.0046,0.0046,1.0,8,0,8,0
trace-driven,trace,report_streaming_sequential,NRU,LocalAllocation,16,3,0,0.0044,0.0049,1.1136363636363635,8,0,8,0
trace-driven,trace,report_streaming_sequential,NRU,LocalAllocation,16,3,1,0.0047,0.0045,0.9574468085106383,8,0,8,0
trace-driven,trace,report_streaming_sequential,NRU,LocalAllocation,16,4,0,0.0044,0.0046,1.0454545454545454,8,0,8,0
trace-driven,trace,report_streaming_sequential,NRU,LocalAllocation,16,4,1,0.0044,0.0044,1.0,8,0,8,0
trace-driven,trace,report_streaming_sequential,NRU,LocalAllocation,16,5,0,0.0044,0.0045,1.0227272727272727,8,0,8,0
trace-driven,trace,report_streaming_sequential,NRU,LocalAllocation,16,5,1,0.0044,0.0045,1.0227272727272727,8,0,8,0
trace-driven,trace,report_streaming_sequential,NRU,LocalAllocation,16,6,0,0.0043,0.0045,1.0465116279069768,8,0,8,0
trace-driven,trace,report_streaming_sequential,NRU,LocalAllocation,16,6,1,0.0044,0.0045,1.0227272727272727,8,0,8,0
trace-driven,trace,report_streaming_sequential,NRU,LocalAllocation,16,7,0,0.0045,0.0047,1.0444444444444445,8,0,8,0
trace-driven,trace,report_streaming_sequential,NRU,LocalAllocation,16,7,1,0.0046,0.0043,0.9347826086956522,8,0,8,0
trace-driven,trace,report_streaming_sequential,NRU,LocalAllocation,16,8,0,0.0047,0.0046,0.9787234042553191,8,0,8,0
trace-driven,trace,report_streaming_sequential,NRU,LocalAllocation,16,8,1,0.0043,0.0044,1.0232558139534884,8,0,8,0
trace-driven,trace,report_streaming_sequential,NRU,LocalAllocation,16,9,0,0.0045,0.0049,1.0888888888888888,8,0,8,0
trace-driven,trace,report_streaming_sequential,NRU,LocalAllocation,16,9,1,0.0043,0.0044,1.0232558139534884,8,0,8,0
trace-driven,trace,report_streaming_sequential,NRU,ProportionalAllocation,16,0,0,0.0047,0.0056,1.1914893617021276,8,0,8,0
trace-driven,trace,report_streaming_sequential,NRU,ProportionalAllocation,16,0,1,0.0047,0.005,1.0638297872340425,8,0,8,0
trace-driven,trace,report_streaming_sequential,NRU,ProportionalAllocation,16,1,0,0.0047,0.0058,1.2340425531914894,8,0,8,0
trace-driven,trace,report_streaming_sequential,NRU,ProportionalAllocation,16,1,1,0.0047,0.0047,1.0,8,0,8,0
trace-driven,trace,report_streaming_sequential,NRU,ProportionalAllocation,16,2,0,0.0044,0.0051,1.1590909090909092,8,0,8,0
trace-driven,trace,report_streaming_sequential,NRU,ProportionalAllocation,16,2,1,0.0045,0.0044,0.9777777777777777,8,0,8,0
trace-driven,trace,report_streaming_sequential,NRU,ProportionalAllocation,16,3,0,0.0044,0.0045,1.0227272727272727,8,0,8,0
trace-driven,trace,report_streaming_sequential,NRU,ProportionalAllocation,16,3,1,0.0042,0.0044,1.0476190476190477,8,0,8,0
trace-driven,trace,report_streaming_sequential,NRU,ProportionalAllocation,16,4,0,0.0044,0.0047,1.0681818181818181,8,0,8,0
trace-driven,trace,report_streaming_sequential,NRU,ProportionalAllocation,16,4,1,0.0043,0.0043,1.0,8,0,8,0
trace-driven,trace,report_streaming_sequential,NRU,ProportionalAllocation,16,5,0,0.0044,0.0048,1.0909090909090908,8,0,8,0
trace-driven,trace,report_streaming_sequential,NRU,ProportionalAllocation,16,5,1,0.0043,0.0044,1.0232558139534884,8,0,8,0
trace-driven,trace,report_streaming_sequential,NRU,ProportionalAllocation,16,6,0,0.0044,0.005,1.1363636363636365,8,0,8,0
trace-driven,trace,report_streaming_sequential,NRU,ProportionalAllocation,16,6,1,0.0044,0.0043,0.9772727272727273,8,0,8,0
trace-driven,trace,report_streaming_sequential,NRU,ProportionalAllocation,16,7,0,0.0044,0.0048,1.0909090909090908,8,0,8,0
trace-driven,trace,report_streaming_sequential,NRU,ProportionalAllocation,16,7,1,0.0044,0.0045,1.0227272727272727,8,0,8,0
trace-driven,trace,report_streaming_sequential,NRU,ProportionalAllocation,16,8,0,0.0044,0.0047,1.0681818181818181,8,0,8,0
trace-driven,trace,report_streaming_sequential,NRU,ProportionalAllocation,16,8,1,0.0044,0.0045,1.0227272727272727,8,0,8,0
trace-driven,trace,report_streaming_sequential,NRU,ProportionalAllocation,16,9,0,0.0043,0.0046,1.069767441860465,8,0,8,0
trace-driven,trace,report_streaming_sequential,NRU,ProportionalAllocation,16,9,1,0.0044,0.0045,1.0227272727272727,8,0,8,0
trace-driven,trace,report_streaming_sequential,SecondChance,GlobalAllocation,16,0,0,0.0066,0.0091,1.378787878787879,8,,,
trace-driven,trace,report_streaming_sequential,SecondChance,GlobalAllocation,16,0,1,0.0068,0.0093,1.3676470588235294,8,,,
trace-driven,trace,report_streaming_sequential,SecondChance,GlobalAllocation,16,1,0,0.0054,0.008,1.4814814814814814,8,,,
trace-driven,trace,report_streaming_sequential,SecondChance,GlobalAllocation,16,1,1,0.0049,0.0079,1.6122448979591837,8,,,
trace-driven,trace,report_streaming_sequential,SecondChance,GlobalAllocation,16,2,0,0.005,0.0073,1.46,8,,,
trace-driven,trace,report_streaming_sequential,SecondChance,GlobalAllocation,16,2,1,0.005,0.0072,1.44,8,,,
trace-driven,trace,report_streaming_sequential,SecondChance,GlobalAllocation,16,3,0,0.0054,0.0071,1.3148148148148149,8,,,
trace-driven,trace,report_streaming_sequential,SecondChance,GlobalAllocation,16,3,1,0.005,0.0068,1.36,8,,,
trace-driven,trace,report_streaming_sequential,SecondChance,GlobalAllocation,16,4,0,0.005,0.007,1.4,8,,,
trace-driven,trace,report_streaming_sequential,SecondChance,GlobalAllocation,16,4,1,0.0051,0.0069,1.3529411764705883,8,,,
trace-driven,trace,report_streaming_sequential,SecondChance,GlobalAllocation,16,5,0,0.0049,0.0067,1.3673469387755102,8,,,
trace-driven,trace,report_streaming_sequential,SecondChance,GlobalAllocation,16,5,1,0.0048,0.007,1.4583333333333333,8,,,
trace-driven,trace,report_streaming_sequential,SecondChance,GlobalAllocation,16,6,0,0.005,0.007,1.4,8,,,
trace-driven,trace,report_streaming_sequential,SecondChance,GlobalAllocation,16,6,1,0.0047,0.0072,1.5319148936170213,8,,,
trace-driven,trace,report_streaming_sequential,SecondChance,GlobalAllocation,16,7,0,0.0049,0.007,1.4285714285714286,8,,,
trace-driven,trace,report_streaming_sequential,SecondChance,GlobalAllocation,16,7,1,0.0049,0.0071,1.4489795918367347,8,,,
trace-driven,trace,report_streaming_sequential,SecondChance,GlobalAllocation,16,8,0,0.005,0.0094,1.88,8,,,
trace-driven,trace,report_streaming_sequential,SecondChance,GlobalAllocation,16,8,1,0.005,0.0076,1.52,8,,,
trace-driven,trace,report_streaming_sequential,SecondChance,GlobalAllocation,16,9,0,0.0049,0.007,1.4285714285714286,8,,,
trace-driven,trace,report_streaming_sequential,SecondChance,GlobalAllocation,16,9,1,0.0047,0.0068,1.446808510638298,8,,,
trace-driven,trace,report_streaming_sequential,SecondChance,LocalAllocation,16,0,0,0.0049,0.0064,1.3061224489795917,8,0,8,0
trace-driven,trace,report_streaming_sequential,SecondChance,LocalAllocation,16,0,1,0.0049,0.0054,1.1020408163265305,8,0,8,0
trace-driven,trace,report_streaming_sequential,SecondChance,LocalAllocation,16,1,0,0.005,0.0067,1.34,8,0,8,0
trace-driven,trace,report_streaming_sequential,SecondChance,LocalAllocation,16,1,1,0.0049,0.0054,1.1020408163265305,8,0,8,0
trace-driven,trace,report_streaming_sequential,SecondChance,LocalAllocation,16,2,0,0.0047,0.0053,1.127659574468085,8,0,8,0
trace-driven,trace,report_streaming_sequential,SecondChance,LocalAllocation,16,2,1,0.0046,0.0047,1.0217391304347827,8,0,8,0
trace-driven,trace,report_streaming_sequential,SecondChance,LocalAllocation,16,3,0,0.005,0.0051,1.02,8,0,8,0
trace-driven,trace,report_streaming_sequential,SecondChance,LocalAllocation,16,3,1,0.0048,0.0048,1.0,8,0,8,0
trace-driven,trace,report_streaming_sequential,SecondChance,LocalAllocation,16,4,0,0.0047,0.0048,1.0212765957446808,8,0,8,0
trace-driven,trace,report_streaming_sequential,SecondChance,LocalAllocation,16,4,1,0.0047,0.0049,1.0425531914893618,8,0,8,0
trace-driven,trace,report_streaming_sequential,SecondChance,LocalAllocation,16,5,0,0.0048,0.0047,0.9791666666666666,8,0,8,0
trace-driven,trace,report_streaming_sequential,SecondChance,LocalAllocation,16,5,1,0.0048,0.0049,1.0208333333333333,8,0,8,0
trace-driven,trace,report_streaming_sequential,SecondChance,LocalAllocation,16,6,0,0.0048,0.0048,1.0,8,0,8,0
trace-driven,trace,report_streaming_sequential,SecondChance,LocalAllocation,16,6,1,0.0048,0.0045,0.9375,8,0,8,0
trace-driven,trace,report_streaming_sequential,SecondChance,LocalAllocation,16,7,0,0.0047,0.0046,0.9787234042553191,8,0,8,0
trace-driven,trace,report_streaming_sequential,SecondChance,LocalAllocation,16,7,1,0.0046,0.0049,1.065217391304348,8,0,8,0
trace-driven,trace,report_streaming_sequential,SecondChance,LocalAllocation,16,8,0,0.0046,0.0049,1.065217391304348,8,0,8,0
trace-driven,trace,report_streaming_sequential,SecondChance,LocalAllocation,16,8,1,0.0046,0.0048,1.0434782608695652,8,0,8,0
trace-driven,trace,report_streaming_sequential,SecondChance,LocalAllocation,16,9,0,0.0046,0.005,1.0869565217391304,8,0,8,0
trace-driven,trace,report_streaming_sequential,SecondChance,LocalAllocation,16,9,1,0.0048,0.0046,0.9583333333333334,8,0,8,0
trace-driven,trace,report_streaming_sequential,SecondChance,ProportionalAllocation,16,0,0,0.0069,0.0093,1.3478260869565217,8,0,8,0
trace-driven,trace,report_streaming_sequential,SecondChance,ProportionalAllocation,16,0,1,0.0072,0.0091,1.2638888888888888,8,0,8,0
trace-driven,trace,report_streaming_sequential,SecondChance,ProportionalAllocation,16,1,0,0.0084,0.0099,1.1785714285714286,8,0,8,0
trace-driven,trace,report_streaming_sequential,SecondChance,ProportionalAllocation,16,1,1,0.008,0.0091,1.1375,8,0,8,0
trace-driven,trace,report_streaming_sequential,SecondChance,ProportionalAllocation,16,2,0,0.0081,0.009,1.1111111111111112,8,0,8,0
trace-driven,trace,report_streaming_sequential,SecondChance,ProportionalAllocation,16,2,1,0.008,0.0084,1.05,8,0,8,0
trace-driven,trace,report_streaming_sequential,SecondChance,ProportionalAllocation,16,3,0,0.008,0.0087,1.0875,8,0,8,0
trace-driven,trace,report_streaming_sequential,SecondChance,ProportionalAllocation,16,3,1,0.0082,0.0086,1.048780487804878,8,0,8,0
trace-driven,trace,report_streaming_sequential,SecondChance,ProportionalAllocation,16,4,0,0.0073,0.0085,1.1643835616438356,8,0,8,0
trace-driven,trace,report_streaming_sequential,SecondChance,ProportionalAllocation,16,4,1,0.0046,0.0084,1.826086956521739,8,0,8,0
trace-driven,trace,report_streaming_sequential,SecondChance,ProportionalAllocation,16,5,0,0.0048,0.0051,1.0625,8,0,8,0
trace-driven,trace,report_streaming_sequential,SecondChance,ProportionalAllocation,16,5,1,0.0047,0.0049,1.0425531914893618,8,0,8,0
trace-driven,trace,report_streaming_sequential,SecondChance,ProportionalAllocation,16,6,0,0.0049,0.0052,1.0612244897959184,8,0,8,0
trace-driven,trace,report_streaming_sequential,SecondChance,ProportionalAllocation,16,6,1,0.0047,0.0047,1.0,8,0,8,0
trace-driven,trace,report_streaming_sequential,SecondChance,ProportionalAllocation,16,7,0,0.0047,0.0052,1.1063829787234043,8,0,8,0
trace-driven,trace,report_streaming_sequential,SecondChance,ProportionalAllocation,16,7,1,0.0048,0.005,1.0416666666666667,8,0,8,0
trace-driven,trace,report_streaming_sequential,SecondChance,ProportionalAllocation,16,8,0,0.0048,0.005,1.0416666666666667,8,0,8,0
trace-driven,trace,report_streaming_sequential,SecondChance,ProportionalAllocation,16,8,1,0.0049,0.0052,1.0612244897959184,8,0,8,0
trace-driven,trace,report_streaming_sequential,SecondChance,ProportionalAllocation,16,9,0,0.0046,0.0049,1.065217391304348,8,0,8,0
trace-driven,trace,report_streaming_sequential,SecondChance,ProportionalAllocation,16,9,1,0.0048,0.0046,0.9583333333333334,8,0,8,0
trace-driven,trace,report_streaming_sequential,WSClock,GlobalAllocation,16,0,0,0.0066,0.0092,1.393939393939394,8,,,
trace-driven,trace,report_streaming_sequential,WSClock,GlobalAllocation,16,0,1,0.0055,0.009,1.6363636363636365,8,,,
trace-driven,trace,report_streaming_sequential,WSClock,GlobalAllocation,16,1,0,0.0054,0.0087,1.6111111111111112,8,,,
trace-driven,trace,report_streaming_sequential,WSClock,GlobalAllocation,16,1,1,0.0052,0.0079,1.5192307692307692,8,,,
trace-driven,trace,report_streaming_sequential,WSClock,GlobalAllocation,16,2,0,0.0064,0.0074,1.15625,8,,,
trace-driven,trace,report_streaming_sequential,WSClock,GlobalAllocation,16,2,1,0.005,0.0076,1.52,8,,,
trace-driven,trace,report_streaming_sequential,WSClock,GlobalAllocation,16,3,0,0.0051,0.0069,1.3529411764705883,8,,,
trace-driven,trace,report_streaming_sequential,WSClock,GlobalAllocation,16,3,1,0.0051,0.0071,1.392156862745098,8,,,
trace-driven,trace,report_streaming_sequential,WSClock,GlobalAllocation,16,4,0,0.005,0.0068,1.36,8,,,
trace-driven,trace,report_streaming_sequential,WSClock,GlobalAllocation,16,4,1,0.0049,0.0069,1.4081632653061225,8,,,
trace-driven,trace,report_streaming_sequential,WSClock,GlobalAllocation,16,5,0,0.0051,0.0066,1.2941176470588236,8,,,
trace-driven,trace,report_streaming_sequential,WSClock,GlobalAllocation,16,5,1,0.0048,0.0071,1.4791666666666667,8,,,
trace-driven,trace,report_streaming_sequential,WSClock,GlobalAllocation,16,6,0,0.005,0.0069,1.38,8,,,
trace-driven,trace,report_streaming_sequential,WSClock,GlobalAllocation,16,6,1,0.0049,0.007,1.4285714285714286,8,,,
trace-driven,trace,report_streaming_sequential,WSClock,GlobalAllocation,16,7,0,0.005,0.0068,1.36,8,,,
trace-driven,trace,report_streaming_sequential,WSClock,GlobalAllocation,16,7,1,0.005,0.007,1.4,8,,,
trace-driven,trace,report_streaming_sequential,WSClock,GlobalAllocation,16,8,0,0.0049,0.0068,1.3877551020408163,8,,,
trace-driven,trace,report_streaming_sequential,WSClock,GlobalAllocation,16,8,1,0.0052,0.0068,1.3076923076923077,8,,,
trace-driven,trace,report_streaming_sequential,WSClock,GlobalAllocation,16,9,0,0.0047,0.0068,1.446808510638298,8,,,
trace-driven,trace,report_streaming_sequential,WSClock,GlobalAllocation,16,9,1,0.0046,0.0068,1.4782608695652173,8,,,
trace-driven,trace,report_streaming_sequential,WSClock,LocalAllocation,16,0,0,0.0048,0.0059,1.2291666666666667,8,0,8,0
trace-driven,trace,report_streaming_sequential,WSClock,LocalAllocation,16,0,1,0.0048,0.0053,1.1041666666666667,8,0,8,0
trace-driven,trace,report_streaming_sequential,WSClock,LocalAllocation,16,1,0,0.0049,0.0064,1.3061224489795917,8,0,8,0
trace-driven,trace,report_streaming_sequential,WSClock,LocalAllocation,16,1,1,0.0047,0.005,1.0638297872340425,8,0,8,0
trace-driven,trace,report_streaming_sequential,WSClock,LocalAllocation,16,2,0,0.0049,0.0051,1.0408163265306123,8,0,8,0
trace-driven,trace,report_streaming_sequential,WSClock,LocalAllocation,16,2,1,0.0046,0.005,1.0869565217391304,8,0,8,0
trace-driven,trace,report_streaming_sequential,WSClock,LocalAllocation,16,3,0,0.0048,0.0054,1.125,8,0,8,0
trace-driven,trace,report_streaming_sequential,WSClock,LocalAllocation,16,3,1,0.0046,0.0048,1.0434782608695652,8,0,8,0
trace-driven,trace,report_streaming_sequential,WSClock,LocalAllocation,16,4,0,0.0047,0.0051,1.0851063829787233,8,0,8,0
trace-driven,trace,report_streaming_sequential,WSClock,LocalAllocation,16,4,1,0.0047,0.0045,0.9574468085106383,8,0,8,0
trace-driven,trace,report_streaming_sequential,WSClock,LocalAllocation,16,5,0,0.0049,0.0052,1.0612244897959184,8,0,8,0
trace-driven,trace,report_streaming_sequential,WSClock,LocalAllocation,16,5,1,0.0055,0.005,0.9090909090909091,8,0,8,0
trace-driven,trace,report_streaming_sequential,WSClock,LocalAllocation,16,6,0,0.0048,0.005,1.0416666666666667,8,0,8,0
trace-driven,trace,report_streaming_sequential,WSClock,LocalAllocation,16,6,1,0.0049,0.0046,0.9387755102040817,8,0,8,0
trace-driven,trace,report_streaming_sequential,WSClock,LocalAllocation,16,7,0,0.0048,0.0049,1.0208333333333333,8,0,8,0
trace-driven,trace,report_streaming_sequential,WSClock,LocalAllocation,16,7,1,0.0049,0.0046,0.9387755102040817,8,0,8,0
trace-driven,trace,report_streaming_sequential,WSClock,LocalAllocation,16,8,0,0.0046,0.0048,1.0434782608695652,8,0,8,0
trace-driven,trace,report_streaming_sequential,WSClock,LocalAllocation,16,8,1,0.0047,0.0046,0.9787234042553191,8,0,8,0
trace-driven,trace,report_streaming_sequential,WSClock,LocalAllocation,16,9,0,0.0047,0.005,1.0638297872340425,8,0,8,0
trace-driven,trace,report_streaming_sequential,WSClock,LocalAllocation,16,9,1,0.005,0.0045,0.9,8,0,8,0
trace-driven,trace,report_streaming_sequential,WSClock,ProportionalAllocation,16,0,0,0.0051,0.0068,1.3333333333333333,8,0,8,0
trace-driven,trace,report_streaming_sequential,WSClock,ProportionalAllocation,16,0,1,0.0048,0.0056,1.1666666666666667,8,0,8,0
trace-driven,trace,report_streaming_sequential,WSClock,ProportionalAllocation,16,1,0,0.0052,0.0062,1.1923076923076923,8,0,8,0
trace-driven,trace,report_streaming_sequential,WSClock,ProportionalAllocation,16,1,1,0.0049,0.0051,1.0408163265306123,8,0,8,0
trace-driven,trace,report_streaming_sequential,WSClock,ProportionalAllocation,16,2,0,0.0048,0.005,1.0416666666666667,8,0,8,0
trace-driven,trace,report_streaming_sequential,WSClock,ProportionalAllocation,16,2,1,0.0058,0.0049,0.8448275862068966,8,0,8,0
trace-driven,trace,report_streaming_sequential,WSClock,ProportionalAllocation,16,3,0,0.0048,0.0052,1.0833333333333333,8,0,8,0
trace-driven,trace,report_streaming_sequential,WSClock,ProportionalAllocation,16,3,1,0.0047,0.0047,1.0,8,0,8,0
trace-driven,trace,report_streaming_sequential,WSClock,ProportionalAllocation,16,4,0,0.0047,0.0051,1.0851063829787233,8,0,8,0
trace-driven,trace,report_streaming_sequential,WSClock,ProportionalAllocation,16,4,1,0.0046,0.0045,0.9782608695652174,8,0,8,0
trace-driven,trace,report_streaming_sequential,WSClock,ProportionalAllocation,16,5,0,0.007,0.0091,1.3,8,0,8,0
trace-driven,trace,report_streaming_sequential,WSClock,ProportionalAllocation,16,5,1,0.0077,0.008,1.0389610389610389,8,0,8,0
trace-driven,trace,report_streaming_sequential,WSClock,ProportionalAllocation,16,6,0,0.0085,0.0078,0.9176470588235294,8,0,8,0
trace-driven,trace,report_streaming_sequential,WSClock,ProportionalAllocation,16,6,1,0.0077,0.0082,1.0649350649350648,8,0,8,0
trace-driven,trace,report_streaming_sequential,WSClock,ProportionalAllocation,16,7,0,0.0073,0.0074,1.0136986301369864,8,0,8,0
trace-driven,trace,report_streaming_sequential,WSClock,ProportionalAllocation,16,7,1,0.0075,0.0073,0.9733333333333334,8,0,8,0
trace-driven,trace,report_streaming_sequential,WSClock,ProportionalAllocation,16,8,0,0.0072,0.0079,1.0972222222222223,8,0,8,0
trace-driven,trace,report_streaming_sequential,WSClock,ProportionalAllocation,16,8,1,0.0083,0.0074,0.891566265060241,8,0,8,0
trace-driven,trace,report_streaming_sequential,WSClock,ProportionalAllocation,16,9,0,0.0098,0.0089,0.9081632653061225,8,0,8,0
trace-driven,trace,report_streaming_sequential,WSClock,ProportionalAllocation,16,9,1,0.0078,0.0088,1.1282051282051282,8,0,8,0
trace-driven,trace,report_streaming_sequential,FIFO,GlobalAllocation,19,0,0,0.0067,0.0083,1.2388059701492538,8,,,
trace-driven,trace,report_streaming_sequential,FIFO,GlobalAllocation,19,0,1,0.0055,0.0083,1.509090909090909,8,,,
trace-driven,trace,report_streaming_sequential,FIFO,GlobalAllocation,19,1,0,0.0051,0.0071,1.392156862745098,8,,,
trace-driven,trace,report_streaming_sequential,FIFO,GlobalAllocation,19,1,1,0.0048,0.0066,1.375,8,,,
trace-driven,trace,report_streaming_sequential,FIFO,GlobalAllocation,19,2,0,0.0051,0.0064,1.2549019607843137,8,,,
trace-driven,trace,report_streaming_sequential,FIFO,GlobalAllocation,19,2,1,0.0049,0.0066,1.346938775510204,8,,,
trace-driven,trace,report_streaming_sequential,FIFO,GlobalAllocation,19,3,0,0.0049,0.0064,1.3061224489795917,8,,,
trace-driven,trace,report_streaming_sequential,FIFO,GlobalAllocation,19,3,1,0.0049,0.0062,1.2653061224489797,8,,,
trace-driven,trace,report_streaming_sequential,FIFO,GlobalAllocation,19,4,0,0.0047,0.0061,1.297872340425532,8,,,
trace-driven,trace,report_streaming_sequential,FIFO,GlobalAllocation,19,4,1,0.0048,0.0066,1.375,8,,,
trace-driven,trace,report_streaming_sequential,FIFO,GlobalAllocation,19,5,0,0.0049,0.0059,1.2040816326530612,8,,,
trace-driven,trace,report_streaming_sequential,FIFO,GlobalAllocation,19,5,1,0.0077,0.0059,0.7662337662337663,8,,,
trace-driven,trace,report_streaming_sequential,FIFO,GlobalAllocation,19,6,0,0.0049,0.0065,1.3265306122448979,8,,,
trace-driven,trace,report_streaming_sequential,FIFO,GlobalAllocation,19,6,1,0.0049,0.0066,1.346938775510204,8,,,
trace-driven,trace,report_streaming_sequential,FIFO,GlobalAllocation,19,7,0,0.0048,0.0063,1.3125,8,,,
trace-driven,trace,report_streaming_sequential,FIFO,GlobalAllocation,19,7,1,0.0048,0.0063,1.3125,8,,,
trace-driven,trace,report_streaming_sequential,FIFO,GlobalAllocation,19,8,0,0.0051,0.0063,1.2352941176470589,8,,,
trace-driven,trace,report_streaming_sequential,FIFO,GlobalAllocation,19,8,1,0.0049,0.0065,1.3265306122448979,8,,,
trace-driven,trace,report_streaming_sequential,FIFO,GlobalAllocation,19,9,0,0.0044,0.006,1.3636363636363635,8,,,
trace-driven,trace,report_streaming_sequential,FIFO,GlobalAllocation,19,9,1,0.0045,0.0063,1.4,8,,,
trace-driven,trace,report_streaming_sequential,FIFO,LocalAllocation,19,0,0,0.005,0.0056,1.12,8,0,8,0
trace-driven,trace,report_streaming_sequential,FIFO,LocalAllocation,19,0,1,0.0047,0.0049,1.0425531914893618,8,0,8,0
trace-driven,trace,report_streaming_sequential,FIFO,LocalAllocation,19,1,0,0.0048,0.0061,1.2708333333333333,8,0,8,0
trace-driven,trace,report_streaming_sequential,FIFO,LocalAllocation,19,1,1,0.0047,0.0053,1.127659574468085,8,0,8,0
trace-driven,trace,report_streaming_sequential,FIFO,LocalAllocation,19,2,0,0.0051,0.0048,0.9411764705882353,8,0,8,0
trace-driven,trace,report_streaming_sequential,FIFO,LocalAllocation,19,2,1,0.0046,0.0045,0.9782608695652174,8,0,8,0
trace-driven,trace,report_streaming_sequential,FIFO,LocalAllocation,19,3,0,0.0044,0.0048,1.0909090909090908,8,0,8,0
trace-driven,trace,report_streaming_sequential,FIFO,LocalAllocation,19,3,1,0.0046,0.0043,0.9347826086956522,8,0,8,0
trace-driven,trace,report_streaming_sequential,FIFO,LocalAllocation,19,4,0,0.0045,0.0046,1.0222222222222221,8,0,8,0
trace-driven,trace,report_streaming_sequential,FIFO,LocalAllocation,19,4,1,0.0047,0.0045,0.9574468085106383,8,0,8,0
trace-driven,trace,report_streaming_sequential,FIFO,LocalAllocation,19,5,0,0.0046,0.0048,1.0434782608695652,8,0,8,0
trace-driven,trace,report_streaming_sequential,FIFO,LocalAllocation,19,5,1,0.0049,0.0043,0.8775510204081632,8,0,8,0
trace-driven,trace,report_streaming_sequential,FIFO,LocalAllocation,19,6,0,0.0044,0.0049,1.1136363636363635,8,0,8,0
trace-driven,trace,report_streaming_sequential,FIFO,LocalAllocation,19,6,1,0.0047,0.0042,0.8936170212765957,8,0,8,0
trace-driven,trace,report_streaming_sequential,FIFO,LocalAllocation,19,7,0,0.0045,0.0045,1.0,8,0,8,0
trace-driven,trace,report_streaming_sequential,FIFO,LocalAllocation,19,7,1,0.0045,0.0043,0.9555555555555556,8,0,8,0
trace-driven,trace,report_streaming_sequential,FIFO,LocalAllocation,19,8,0,0.0049,0.0046,0.9387755102040817,8,0,8,0
trace-driven,trace,report_streaming_sequential,FIFO,LocalAllocation,19,8,1,0.0047,0.0041,0.8723404255319149,8,0,8,0
trace-driven,trace,report_streaming_sequential,FIFO,LocalAllocation,19,9,0,0.0045,0.0045,1.0,8,0,8,0
trace-driven,trace,report_streaming_sequential,FIFO,LocalAllocation,19,9,1,0.0045,0.0045,1.0,8,0,8,0
trace-driven,trace,report_streaming_sequential,FIFO,ProportionalAllocation,19,0,0,0.0049,0.0054,1.1020408163265305,8,0,8,0
trace-driven,trace,report_streaming_sequential,FIFO,ProportionalAllocation,19,0,1,0.0048,0.0049,1.0208333333333333,8,0,8,0
trace-driven,trace,report_streaming_sequential,FIFO,ProportionalAllocation,19,1,0,0.0049,0.0057,1.163265306122449,8,0,8,0
trace-driven,trace,report_streaming_sequential,FIFO,ProportionalAllocation,19,1,1,0.0046,0.0046,1.0,8,0,8,0
trace-driven,trace,report_streaming_sequential,FIFO,ProportionalAllocation,19,2,0,0.0047,0.005,1.0638297872340425,8,0,8,0
trace-driven,trace,report_streaming_sequential,FIFO,ProportionalAllocation,19,2,1,0.0045,0.0041,0.9111111111111111,8,0,8,0
trace-driven,trace,report_streaming_sequential,FIFO,ProportionalAllocation,19,3,0,0.0045,0.005,1.1111111111111112,8,0,8,0
trace-driven,trace,report_streaming_sequential,FIFO,ProportionalAllocation,19,3,1,0.0048,0.0041,0.8541666666666666,8,0,8,0
trace-driven,trace,report_streaming_sequential,FIFO,ProportionalAllocation,19,4,0,0.0047,0.0048,1.0212765957446808,8,0,8,0
trace-driven,trace,report_streaming_sequential,FIFO,ProportionalAllocation,19,4,1,0.0047,0.0041,0.8723404255319149,8,0,8,0
trace-driven,trace,report_streaming_sequential,FIFO,ProportionalAllocation,19,5,0,0.0045,0.0045,1.0,8,0,8,0
trace-driven,trace,report_streaming_sequential,FIFO,ProportionalAllocation,19,5,1,0.0046,0.0044,0.9565217391304348,8,0,8,0
trace-driven,trace,report_streaming_sequential,FIFO,ProportionalAllocation,19,6,0,0.0044,0.0047,1.0681818181818181,8,0,8,0
trace-driven,trace,report_streaming_sequential,FIFO,ProportionalAllocation,19,6,1,0.0045,0.004,0.8888888888888888,8,0,8,0
trace-driven,trace,report_streaming_sequential,FIFO,ProportionalAllocation,19,7,0,0.0049,0.0045,0.9183673469387755,8,0,8,0
trace-driven,trace,report_streaming_sequential,FIFO,ProportionalAllocation,19,7,1,0.0046,0.0045,0.9782608695652174,8,0,8,0
trace-driven,trace,report_streaming_sequential,FIFO,ProportionalAllocation,19,8,0,0.0046,0.0046,1.0,8,0,8,0
trace-driven,trace,report_streaming_sequential,FIFO,ProportionalAllocation,19,8,1,0.0046,0.0042,0.9130434782608695,8,0,8,0
trace-driven,trace,report_streaming_sequential,FIFO,ProportionalAllocation,19,9,0,0.0046,0.0045,0.9782608695652174,8,0,8,0
trace-driven,trace,report_streaming_sequential,FIFO,ProportionalAllocation,19,9,1,0.0051,0.0043,0.8431372549019608,8,0,8,0
trace-driven,trace,report_streaming_sequential,LRU,GlobalAllocation,19,0,0,0.0066,0.0092,1.393939393939394,8,,,
trace-driven,trace,report_streaming_sequential,LRU,GlobalAllocation,19,0,1,0.0054,0.009,1.6666666666666667,8,,,
trace-driven,trace,report_streaming_sequential,LRU,GlobalAllocation,19,1,0,0.0052,0.0092,1.7692307692307692,8,,,
trace-driven,trace,report_streaming_sequential,LRU,GlobalAllocation,19,1,1,0.0053,0.0074,1.3962264150943395,8,,,
trace-driven,trace,report_streaming_sequential,LRU,GlobalAllocation,19,2,0,0.0052,0.0072,1.3846153846153846,8,,,
trace-driven,trace,report_streaming_sequential,LRU,GlobalAllocation,19,2,1,0.0051,0.007,1.3725490196078431,8,,,
trace-driven,trace,report_streaming_sequential,LRU,GlobalAllocation,19,3,0,0.0052,0.0067,1.2884615384615385,8,,,
trace-driven,trace,report_streaming_sequential,LRU,GlobalAllocation,19,3,1,0.005,0.0069,1.38,8,,,
trace-driven,trace,report_streaming_sequential,LRU,GlobalAllocation,19,4,0,0.005,0.0068,1.36,8,,,
trace-driven,trace,report_streaming_sequential,LRU,GlobalAllocation,19,4,1,0.005,0.007,1.4,8,,,
trace-driven,trace,report_streaming_sequential,LRU,GlobalAllocation,19,5,0,0.005,0.0065,1.3,8,,,
trace-driven,trace,report_streaming_sequential,LRU,GlobalAllocation,19,5,1,0.005,0.0102,2.04,8,,,
trace-driven,trace,report_streaming_sequential,LRU,GlobalAllocation,19,6,0,0.005,0.0068,1.36,8,,,
trace-driven,trace,report_streaming_sequential,LRU,GlobalAllocation,19,6,1,0.005,0.0073,1.46,8,,,
trace-driven,trace,report_streaming_sequential,LRU,GlobalAllocation,19,7,0,0.005,0.0067,1.34,8,,,
trace-driven,trace,report_streaming_sequential,LRU,GlobalAllocation,19,7,1,0.0051,0.0066,1.2941176470588236,8,,,
trace-driven,trace,report_streaming_sequential,LRU,GlobalAllocation,19,8,0,0.0048,0.0065,1.3541666666666667,8,,,
trace-driven,trace,report_streaming_sequential,LRU,GlobalAllocation,19,8,1,0.0049,0.0065,1.3265306122448979,8,,,
trace-driven,trace,report_streaming_sequential,LRU,GlobalAllocation,19,9,0,0.0047,0.0067,1.425531914893617,8,,,
trace-driven,trace,report_streaming_sequential,LRU,GlobalAllocation,19,9,1,0.0049,0.0067,1.3673469387755102,8,,,
trace-driven,trace,report_streaming_sequential,LRU,LocalAllocation,19,0,0,0.0051,0.0088,1.7254901960784315,8,0,8,0
trace-driven,trace,report_streaming_sequential,LRU,LocalAllocation,19,0,1,0.0049,0.0066,1.346938775510204,8,0,8,0
trace-driven,trace,report_streaming_sequential,LRU,LocalAllocation,19,1,0,0.0051,0.0067,1.3137254901960784,8,0,8,0
trace-driven,trace,report_streaming_sequential,LRU,LocalAllocation,19,1,1,0.0049,0.0051,1.0408163265306123,8,0,8,0
trace-driven,trace,report_streaming_sequential,LRU,LocalAllocation,19,2,0,0.0048,0.0053,1.1041666666666667,8,0,8,0
trace-driven,trace,report_streaming_sequential,LRU,LocalAllocation,19,2,1,0.0048,0.0047,0.9791666666666666,8,0,8,0
trace-driven,trace,report_streaming_sequential,LRU,LocalAllocation,19,3,0,0.0048,0.0053,1.1041666666666667,8,0,8,0
trace-driven,trace,report_streaming_sequential,LRU,LocalAllocation,19,3,1,0.0046,0.0048,1.0434782608695652,8,0,8,0
trace-driven,trace,report_streaming_sequential,LRU,LocalAllocation,19,4,0,0.0047,0.005,1.0638297872340425,8,0,8,0
trace-driven,trace,report_streaming_sequential,LRU,LocalAllocation,19,4,1,0.0049,0.0048,0.9795918367346939,8,0,8,0
trace-driven,trace,report_streaming_sequential,LRU,LocalAllocation,19,5,0,0.0047,0.0048,1.0212765957446808,8,0,8,0
trace-driven,trace,report_streaming_sequential,LRU,LocalAllocation,19,5,1,0.0048,0.0049,1.0208333333333333,8,0,8,0
trace-driven,trace,report_streaming_sequential,LRU,LocalAllocation,19,6,0,0.0047,0.005,1.0638297872340425,8,0,8,0
trace-driven,trace,report_streaming_sequential,LRU,LocalAllocation,19,6,1,0.0047,0.0045,0.9574468085106383,8,0,8,0
trace-driven,trace,report_streaming_sequential,LRU,LocalAllocation,19,7,0,0.0047,0.005,1.0638297872340425,8,0,8,0
trace-driven,trace,report_streaming_sequential,LRU,LocalAllocation,19,7,1,0.0048,0.0048,1.0,8,0,8,0
trace-driven,trace,report_streaming_sequential,LRU,LocalAllocation,19,8,0,0.0047,0.0049,1.0425531914893618,8,0,8,0
trace-driven,trace,report_streaming_sequential,LRU,LocalAllocation,19,8,1,0.0047,0.0049,1.0425531914893618,8,0,8,0
trace-driven,trace,report_streaming_sequential,LRU,LocalAllocation,19,9,0,0.0052,0.0048,0.9230769230769231,8,0,8,0
trace-driven,trace,report_streaming_sequential,LRU,LocalAllocation,19,9,1,0.0047,0.0047,1.0,8,0,8,0
trace-driven,trace,report_streaming_sequential,LRU,ProportionalAllocation,19,0,0,0.005,0.0058,1.16,8,0,8,0
trace-driven,trace,report_streaming_sequential,LRU,ProportionalAllocation,19,0,1,0.0049,0.0051,1.0408163265306123,8,0,8,0
trace-driven,trace,report_streaming_sequential,LRU,ProportionalAllocation,19,1,0,0.005,0.0061,1.22,8,0,8,0
trace-driven,trace,report_streaming_sequential,LRU,ProportionalAllocation,19,1,1,0.0048,0.005,1.0416666666666667,8,0,8,0
trace-driven,trace,report_streaming_sequential,LRU,ProportionalAllocation,19,2,0,0.0052,0.0051,0.9807692307692307,8,0,8,0
trace-driven,trace,report_streaming_sequential,LRU,ProportionalAllocation,19,2,1,0.0048,0.0048,1.0,8,0,8,0
trace-driven,trace,report_streaming_sequential,LRU,ProportionalAllocation,19,3,0,0.0048,0.0054,1.125,8,0,8,0
trace-driven,trace,report_streaming_sequential,LRU,ProportionalAllocation,19,3,1,0.005,0.0048,0.96,8,0,8,0
trace-driven,trace,report_streaming_sequential,LRU,ProportionalAllocation,19,4,0,0.005,0.0052,1.04,8,0,8,0
trace-driven,trace,report_streaming_sequential,LRU,ProportionalAllocation,19,4,1,0.0049,0.0047,0.9591836734693877,8,0,8,0
trace-driven,trace,report_streaming_sequential,LRU,ProportionalAllocation,19,5,0,0.0049,0.005,1.0204081632653061,8,0,8,0
trace-driven,trace,report_streaming_sequential,LRU,ProportionalAllocation,19,5,1,0.0048,0.006,1.25,8,0,8,0
trace-driven,trace,report_streaming_sequential,LRU,ProportionalAllocation,19,6,0,0.0049,0.005,1.0204081632653061,8,0,8,0
trace-driven,trace,report_streaming_sequential,LRU,ProportionalAllocation,19,6,1,0.0048,0.0045,0.9375,8,0,8,0
trace-driven,trace,report_streaming_sequential,LRU,ProportionalAllocation,19,7,0,0.0048,0.0048,1.0,8,0,8,0
trace-driven,trace,report_streaming_sequential,LRU,ProportionalAllocation,19,7,1,0.0048,0.0047,0.9791666666666666,8,0,8,0
trace-driven,trace,report_streaming_sequential,LRU,ProportionalAllocation,19,8,0,0.0048,0.0049,1.0208333333333333,8,0,8,0
trace-driven,trace,report_streaming_sequential,LRU,ProportionalAllocation,19,8,1,0.0047,0.0046,0.9787234042553191,8,0,8,0
trace-driven,trace,report_streaming_sequential,LRU,ProportionalAllocation,19,9,0,0.0046,0.0049,1.065217391304348,8,0,8,0
trace-driven,trace,report_streaming_sequential,LRU,ProportionalAllocation,19,9,1,0.005,0.0046,0.92,8,0,8,0
trace-driven,trace,report_streaming_sequential,NRU,GlobalAllocation,19,0,0,0.0063,0.0086,1.3650793650793651,8,,,
trace-driven,trace,report_streaming_sequential,NRU,GlobalAllocation,19,0,1,0.0051,0.0083,1.6274509803921569,8,,,
trace-driven,trace,report_streaming_sequential,NRU,GlobalAllocation,19,1,0,0.0048,0.0072,1.5,8,,,
trace-driven,trace,report_streaming_sequential,NRU,GlobalAllocation,19,1,1,0.0047,0.0072,1.5319148936170213,8,,,
trace-driven,trace,report_streaming_sequential,NRU,GlobalAllocation,19,2,0,0.0047,0.0066,1.4042553191489362,8,,,
trace-driven,trace,report_streaming_sequential,NRU,GlobalAllocation,19,2,1,0.0047,0.0064,1.3617021276595744,8,,,
trace-driven,trace,report_streaming_sequential,NRU,GlobalAllocation,19,3,0,0.0046,0.0064,1.391304347826087,8,,,
trace-driven,trace,report_streaming_sequential,NRU,GlobalAllocation,19,3,1,0.0049,0.0067,1.3673469387755102,8,,,
trace-driven,trace,report_streaming_sequential,NRU,GlobalAllocation,19,4,0,0.0059,0.0074,1.2542372881355932,8,,,
trace-driven,trace,report_streaming_sequential,NRU,GlobalAllocation,19,4,1,0.0047,0.0085,1.8085106382978724,8,,,
trace-driven,trace,report_streaming_sequential,NRU,GlobalAllocation,19,5,0,0.0047,0.0069,1.4680851063829787,8,,,
trace-driven,trace,report_streaming_sequential,NRU,GlobalAllocation,19,5,1,0.0053,0.0069,1.3018867924528301,8,,,
trace-driven,trace,report_streaming_sequential,NRU,GlobalAllocation,19,6,0,0.0046,0.0065,1.4130434782608696,8,,,
trace-driven,trace,report_streaming_sequential,NRU,GlobalAllocation,19,6,1,0.0046,0.0066,1.434782608695652,8,,,
trace-driven,trace,report_streaming_sequential,NRU,GlobalAllocation,19,7,0,0.0059,0.0066,1.11864406779661,8,,,
trace-driven,trace,report_streaming_sequential,NRU,GlobalAllocation,19,7,1,0.0058,0.0065,1.1206896551724137,8,,,
trace-driven,trace,report_streaming_sequential,NRU,GlobalAllocation,19,8,0,0.0045,0.0063,1.4,8,,,
trace-driven,trace,report_streaming_sequential,NRU,GlobalAllocation,19,8,1,0.0049,0.0066,1.346938775510204,8,,,
trace-driven,trace,report_streaming_sequential,NRU,GlobalAllocation,19,9,0,0.0044,0.0065,1.4772727272727273,8,,,
trace-driven,trace,report_streaming_sequential,NRU,GlobalAllocation,19,9,1,0.0043,0.0064,1.4883720930232558,8,,,
trace-driven,trace,report_streaming_sequential,NRU,LocalAllocation,19,0,0,0.0046,0.0059,1.2826086956521738,8,0,8,0
trace-driven,trace,report_streaming_sequential,NRU,LocalAllocation,19,0,1,0.0044,0.0051,1.1590909090909092,8,0,8,0
trace-driven,trace,report_streaming_sequential,NRU,LocalAllocation,19,1,0,0.0045,0.0059,1.3111111111111111,8,0,8,0
trace-driven,trace,report_streaming_sequential,NRU,LocalAllocation,19,1,1,0.0047,0.0049,1.0425531914893618,8,0,8,0
trace-driven,trace,report_streaming_sequential,NRU,LocalAllocation,19,2,0,0.0045,0.0049,1.0888888888888888,8,0,8,0
trace-driven,trace,report_streaming_sequential,NRU,LocalAllocation,19,2,1,0.0045,0.0046,1.0222222222222221,8,0,8,0
trace-driven,trace,report_streaming_sequential,NRU,LocalAllocation,19,3,0,0.0044,0.005,1.1363636363636365,8,0,8,0
trace-driven,trace,report_streaming_sequential,NRU,LocalAllocation,19,3,1,0.0044,0.0046,1.0454545454545454,8,0,8,0
trace-driven,trace,report_streaming_sequential,NRU,LocalAllocation,19,4,0,0.0044,0.0047,1.0681818181818181,8,0,8,0
trace-driven,trace,report_streaming_sequential,NRU,LocalAllocation,19,4,1,0.0043,0.0044,1.0232558139534884,8,0,8,0
trace-driven,trace,report_streaming_sequential,NRU,LocalAllocation,19,5,0,0.0046,0.0048,1.0434782608695652,8,0,8,0
trace-driven,trace,report_streaming_sequential,NRU,LocalAllocation,19,5,1,0.0045,0.0044,0.9777777777777777,8,0,8,0
trace-driven,trace,report_streaming_sequential,NRU,LocalAllocation,19,6,0,0.0045,0.0051,1.1333333333333333,8,0,8,0
trace-driven,trace,report_streaming_sequential,NRU,LocalAllocation,19,6,1,0.0045,0.0044,0.9777777777777777,8,0,8,0
trace-driven,trace,report_streaming_sequential,NRU,LocalAllocation,19,7,0,0.0045,0.005,1.1111111111111112,8,0,8,0
trace-driven,trace,report_streaming_sequential,NRU,LocalAllocation,19,7,1,0.0044,0.0044,1.0,8,0,8,0
trace-driven,trace,report_streaming_sequential,NRU,LocalAllocation,19,8,0,0.0048,0.0048,1.0,8,0,8,0
trace-driven,trace,report_streaming_sequential,NRU,LocalAllocation,19,8,1,0.0045,0.0044,0.9777777777777777,8,0,8,0
trace-driven,trace,report_streaming_sequential,NRU,LocalAllocation,19,9,0,0.0047,0.0048,1.0212765957446808,8,0,8,0
trace-driven,trace,report_streaming_sequential,NRU,LocalAllocation,19,9,1,0.0045,0.0043,0.9555555555555556,8,0,8,0
trace-driven,trace,report_streaming_sequential,NRU,ProportionalAllocation,19,0,0,0.0048,0.0055,1.1458333333333333,8,0,8,0
trace-driven,trace,report_streaming_sequential,NRU,ProportionalAllocation,19,0,1,0.0048,0.0051,1.0625,8,0,8,0
trace-driven,trace,report_streaming_sequential,NRU,ProportionalAllocation,19,1,0,0.0045,0.006,1.3333333333333333,8,0,8,0
trace-driven,trace,report_streaming_sequential,NRU,ProportionalAllocation,19,1,1,0.0046,0.0047,1.0217391304347827,8,0,8,0
trace-driven,trace,report_streaming_sequential,NRU,ProportionalAllocation,19,2,0,0.0045,0.0051,1.1333333333333333,8,0,8,0
trace-driven,trace,report_streaming_sequential,NRU,ProportionalAllocation,19,2,1,0.0044,0.0045,1.0227272727272727,8,0,8,0
trace-driven,trace,report_streaming_sequential,NRU,ProportionalAllocation,19,3,0,0.0045,0.0051,1.1333333333333333,8,0,8,0
trace-driven,trace,report_streaming_sequential,NRU,ProportionalAllocation,19,3,1,0.0044,0.0047,1.0681818181818181,8,0,8,0
trace-driven,trace,report_streaming_sequential,NRU,ProportionalAllocation,19,4,0,0.0045,0.0051,1.1333333333333333,8,0,8,0
trace-driven,trace,report_streaming_sequential,NRU,ProportionalAllocation,19,4,1,0.0043,0.0042,0.9767441860465116,8,0,8,0
trace-driven,trace,report_streaming_sequential,NRU,ProportionalAllocation,19,5,0,0.0043,0.0046,1.069767441860465,8,0,8,0
trace-driven,trace,report_streaming_sequential,NRU,ProportionalAllocation,19,5,1,0.0045,0.0044,0.9777777777777777,8,0,8,0
trace-driven,trace,report_streaming_sequential,NRU,ProportionalAllocation,19,6,0,0.0046,0.0047,1.0217391304347827,8,0,8,0
trace-driven,trace,report_streaming_sequential,NRU,ProportionalAllocation,19,6,1,0.0046,0.0046,1.0,8,0,8,0
trace-driven,trace,report_streaming_sequential,NRU,ProportionalAllocation,19,7,0,0.0045,0.0048,1.0666666666666667,8,0,8,0
trace-driven,trace,report_streaming_sequential,NRU,ProportionalAllocation,19,7,1,0.0045,0.0052,1.1555555555555554,8,0,8,0
trace-driven,trace,report_streaming_sequential,NRU,ProportionalAllocation,19,8,0,0.0046,0.0048,1.0434782608695652,8,0,8,0
trace-driven,trace,report_streaming_sequential,NRU,ProportionalAllocation,19,8,1,0.0045,0.0044,0.9777777777777777,8,0,8,0
trace-driven,trace,report_streaming_sequential,NRU,ProportionalAllocation,19,9,0,0.0044,0.0043,0.9772727272727273,8,0,8,0
trace-driven,trace,report_streaming_sequential,NRU,ProportionalAllocation,19,9,1,0.0044,0.0043,0.9772727272727273,8,0,8,0
trace-driven,trace,report_streaming_sequential,SecondChance,GlobalAllocation,19,0,0,0.0066,0.0096,1.4545454545454546,8,,,
trace-driven,trace,report_streaming_sequential,SecondChance,GlobalAllocation,19,0,1,0.0054,0.0091,1.6851851851851851,8,,,
trace-driven,trace,report_streaming_sequential,SecondChance,GlobalAllocation,19,1,0,0.0057,0.0078,1.368421052631579,8,,,
trace-driven,trace,report_streaming_sequential,SecondChance,GlobalAllocation,19,1,1,0.005,0.008,1.6,8,,,
trace-driven,trace,report_streaming_sequential,SecondChance,GlobalAllocation,19,2,0,0.0051,0.0071,1.392156862745098,8,,,
trace-driven,trace,report_streaming_sequential,SecondChance,GlobalAllocation,19,2,1,0.0049,0.0069,1.4081632653061225,8,,,
trace-driven,trace,report_streaming_sequential,SecondChance,GlobalAllocation,19,3,0,0.0049,0.0069,1.4081632653061225,8,,,
trace-driven,trace,report_streaming_sequential,SecondChance,GlobalAllocation,19,3,1,0.0049,0.0069,1.4081632653061225,8,,,
trace-driven,trace,report_streaming_sequential,SecondChance,GlobalAllocation,19,4,0,0.0051,0.0068,1.3333333333333333,8,,,
trace-driven,trace,report_streaming_sequential,SecondChance,GlobalAllocation,19,4,1,0.005,0.007,1.4,8,,,
trace-driven,trace,report_streaming_sequential,SecondChance,GlobalAllocation,19,5,0,0.0049,0.0066,1.346938775510204,8,,,
trace-driven,trace,report_streaming_sequential,SecondChance,GlobalAllocation,19,5,1,0.005,0.0072,1.44,8,,,
trace-driven,trace,report_streaming_sequential,SecondChance,GlobalAllocation,19,6,0,0.0059,0.0068,1.152542372881356,8,,,
trace-driven,trace,report_streaming_sequential,SecondChance,GlobalAllocation,19,6,1,0.005,0.0071,1.42,8,,,
trace-driven,trace,report_streaming_sequential,SecondChance,GlobalAllocation,19,7,0,0.005,0.007,1.4,8,,,
trace-driven,trace,report_streaming_sequential,SecondChance,GlobalAllocation,19,7,1,0.0049,0.007,1.4285714285714286,8,,,
trace-driven,trace,report_streaming_sequential,SecondChance,GlobalAllocation,19,8,0,0.0051,0.0066,1.2941176470588236,8,,,
trace-driven,trace,report_streaming_sequential,SecondChance,GlobalAllocation,19,8,1,0.0052,0.007,1.3461538461538463,8,,,
trace-driven,trace,report_streaming_sequential,SecondChance,GlobalAllocation,19,9,0,0.0048,0.0069,1.4375,8,,,
trace-driven,trace,report_streaming_sequential,SecondChance,GlobalAllocation,19,9,1,0.0049,0.0073,1.489795918367347,8,,,
trace-driven,trace,report_streaming_sequential,SecondChance,LocalAllocation,19,0,0,0.0048,0.0061,1.2708333333333333,8,0,8,0
trace-driven,trace,report_streaming_sequential,SecondChance,LocalAllocation,19,0,1,0.0047,0.0057,1.2127659574468086,8,0,8,0
trace-driven,trace,report_streaming_sequential,SecondChance,LocalAllocation,19,1,0,0.0047,0.0065,1.3829787234042554,8,0,8,0
trace-driven,trace,report_streaming_sequential,SecondChance,LocalAllocation,19,1,1,0.0049,0.0055,1.1224489795918366,8,0,8,0
trace-driven,trace,report_streaming_sequential,SecondChance,LocalAllocation,19,2,0,0.0048,0.0052,1.0833333333333333,8,0,8,0
trace-driven,trace,report_streaming_sequential,SecondChance,LocalAllocation,19,2,1,0.0047,0.005,1.0638297872340425,8,0,8,0
trace-driven,trace,report_streaming_sequential,SecondChance,LocalAllocation,19,3,0,0.0048,0.0054,1.125,8,0,8,0
trace-driven,trace,report_streaming_sequential,SecondChance,LocalAllocation,19,3,1,0.0049,0.0048,0.9795918367346939,8,0,8,0
trace-driven,trace,report_streaming_sequential,SecondChance,LocalAllocation,19,4,0,0.0048,0.0053,1.1041666666666667,8,0,8,0
trace-driven,trace,report_streaming_sequential,SecondChance,LocalAllocation,19,4,1,0.0046,0.0049,1.065217391304348,8,0,8,0
trace-driven,trace,report_streaming_sequential,SecondChance,LocalAllocation,19,5,0,0.0048,0.0051,1.0625,8,0,8,0
trace-driven,trace,report_streaming_sequential,SecondChance,LocalAllocation,19,5,1,0.0046,0.0048,1.0434782608695652,8,0,8,0
trace-driven,trace,report_streaming_sequential,SecondChance,LocalAllocation,19,6,0,0.0047,0.0055,1.1702127659574468,8,0,8,0
trace-driven,trace,report_streaming_sequential,SecondChance,LocalAllocation,19,6,1,0.0046,0.0046,1.0,8,0,8,0
trace-driven,trace,report_streaming_sequential,SecondChance,LocalAllocation,19,7,0,0.0048,0.005,1.0416666666666667,8,0,8,0
trace-driven,trace,report_streaming_sequential,SecondChance,LocalAllocation,19,7,1,0.0048,0.0048,1.0,8,0,8,0
trace-driven,trace,report_streaming_sequential,SecondChance,LocalAllocation,19,8,0,0.0047,0.0049,1.0425531914893618,8,0,8,0
trace-driven,trace,report_streaming_sequential,SecondChance,LocalAllocation,19,8,1,0.0049,0.0046,0.9387755102040817,8,0,8,0
trace-driven,trace,report_streaming_sequential,SecondChance,LocalAllocation,19,9,0,0.0047,0.005,1.0638297872340425,8,0,8,0
trace-driven,trace,report_streaming_sequential,SecondChance,LocalAllocation,19,9,1,0.0056,0.005,0.8928571428571429,8,0,8,0
trace-driven,trace,report_streaming_sequential,SecondChance,ProportionalAllocation,19,0,0,0.0053,0.0059,1.1132075471698113,8,0,8,0
trace-driven,trace,report_streaming_sequential,SecondChance,ProportionalAllocation,19,0,1,0.0048,0.0053,1.1041666666666667,8,0,8,0
trace-driven,trace,report_streaming_sequential,SecondChance,ProportionalAllocation,19,1,0,0.0049,0.006,1.2244897959183674,8,0,8,0
trace-driven,trace,report_streaming_sequential,SecondChance,ProportionalAllocation,19,1,1,0.005,0.005,1.0,8,0,8,0
trace-driven,trace,report_streaming_sequential,SecondChance,ProportionalAllocation,19,2,0,0.0048,0.0054,1.125,8,0,8,0
trace-driven,trace,report_streaming_sequential,SecondChance,ProportionalAllocation,19,2,1,0.0047,0.0047,1.0,8,0,8,0
trace-driven,trace,report_streaming_sequential,SecondChance,ProportionalAllocation,19,3,0,0.0049,0.0054,1.1020408163265305,8,0,8,0
trace-driven,trace,report_streaming_sequential,SecondChance,ProportionalAllocation,19,3,1,0.0047,0.0044,0.9361702127659575,8,0,8,0
trace-driven,trace,report_streaming_sequential,SecondChance,ProportionalAllocation,19,4,0,0.0048,0.005,1.0416666666666667,8,0,8,0
trace-driven,trace,report_streaming_sequential,SecondChance,ProportionalAllocation,19,4,1,0.0047,0.0048,1.0212765957446808,8,0,8,0
trace-driven,trace,report_streaming_sequential,SecondChance,ProportionalAllocation,19,5,0,0.0046,0.005,1.0869565217391304,8,0,8,0
trace-driven,trace,report_streaming_sequential,SecondChance,ProportionalAllocation,19,5,1,0.0048,0.0047,0.9791666666666666,8,0,8,0
trace-driven,trace,report_streaming_sequential,SecondChance,ProportionalAllocation,19,6,0,0.0048,0.0051,1.0625,8,0,8,0
trace-driven,trace,report_streaming_sequential,SecondChance,ProportionalAllocation,19,6,1,0.0047,0.0046,0.9787234042553191,8,0,8,0
trace-driven,trace,report_streaming_sequential,SecondChance,ProportionalAllocation,19,7,0,0.0047,0.005,1.0638297872340425,8,0,8,0
trace-driven,trace,report_streaming_sequential,SecondChance,ProportionalAllocation,19,7,1,0.0049,0.0047,0.9591836734693877,8,0,8,0
trace-driven,trace,report_streaming_sequential,SecondChance,ProportionalAllocation,19,8,0,0.0047,0.0049,1.0425531914893618,8,0,8,0
trace-driven,trace,report_streaming_sequential,SecondChance,ProportionalAllocation,19,8,1,0.0047,0.005,1.0638297872340425,8,0,8,0
trace-driven,trace,report_streaming_sequential,SecondChance,ProportionalAllocation,19,9,0,0.0047,0.0059,1.2553191489361701,8,0,8,0
trace-driven,trace,report_streaming_sequential,SecondChance,ProportionalAllocation,19,9,1,0.0047,0.0048,1.0212765957446808,8,0,8,0
trace-driven,trace,report_streaming_sequential,WSClock,GlobalAllocation,19,0,0,0.0068,0.0094,1.3823529411764706,8,,,
trace-driven,trace,report_streaming_sequential,WSClock,GlobalAllocation,19,0,1,0.0055,0.009,1.6363636363636365,8,,,
trace-driven,trace,report_streaming_sequential,WSClock,GlobalAllocation,19,1,0,0.0053,0.008,1.509433962264151,8,,,
trace-driven,trace,report_streaming_sequential,WSClock,GlobalAllocation,19,1,1,0.0049,0.0076,1.5510204081632653,8,,,
trace-driven,trace,report_streaming_sequential,WSClock,GlobalAllocation,19,2,0,0.005,0.0073,1.46,8,,,
trace-driven,trace,report_streaming_sequential,WSClock,GlobalAllocation,19,2,1,0.0052,0.0068,1.3076923076923077,8,,,
trace-driven,trace,report_streaming_sequential,WSClock,GlobalAllocation,19,3,0,0.005,0.0071,1.42,8,,,
trace-driven,trace,report_streaming_sequential,WSClock,GlobalAllocation,19,3,1,0.0049,0.0071,1.4489795918367347,8,,,
trace-driven,trace,report_streaming_sequential,WSClock,GlobalAllocation,19,4,0,0.0051,0.0066,1.2941176470588236,8,,,
trace-driven,trace,report_streaming_sequential,WSClock,GlobalAllocation,19,4,1,0.0049,0.0071,1.4489795918367347,8,,,
trace-driven,trace,report_streaming_sequential,WSClock,GlobalAllocation,19,5,0,0.0052,0.0071,1.3653846153846154,8,,,
trace-driven,trace,report_streaming_sequential,WSClock,GlobalAllocation,19,5,1,0.005,0.0071,1.42,8,,,
trace-driven,trace,report_streaming_sequential,WSClock,GlobalAllocation,19,6,0,0.0049,0.0066,1.346938775510204,8,,,
trace-driven,trace,report_streaming_sequential,WSClock,GlobalAllocation,19,6,1,0.0049,0.0068,1.3877551020408163,8,,,
trace-driven,trace,report_streaming_sequential,WSClock,GlobalAllocation,19,7,0,0.0049,0.0066,1.346938775510204,8,,,
trace-driven,trace,report_streaming_sequential,WSClock,GlobalAllocation,19,7,1,0.005,0.0068,1.36,8,,,
trace-driven,trace,report_streaming_sequential,WSClock,GlobalAllocation,19,8,0,0.0051,0.0067,1.3137254901960784,8,,,
trace-driven,trace,report_streaming_sequential,WSClock,GlobalAllocation,19,8,1,0.0053,0.0066,1.2452830188679245,8,,,
trace-driven,trace,report_streaming_sequential,WSClock,GlobalAllocation,19,9,0,0.0048,0.0069,1.4375,8,,,
trace-driven,trace,report_streaming_sequential,WSClock,GlobalAllocation,19,9,1,0.0048,0.0069,1.4375,8,,,
trace-driven,trace,report_streaming_sequential,WSClock,LocalAllocation,19,0,0,0.0051,0.0059,1.1568627450980393,8,0,8,0
trace-driven,trace,report_streaming_sequential,WSClock,LocalAllocation,19,0,1,0.005,0.0059,1.18,8,0,8,0
trace-driven,trace,report_streaming_sequential,WSClock,LocalAllocation,19,1,0,0.0048,0.0066,1.375,8,0,8,0
trace-driven,trace,report_streaming_sequential,WSClock,LocalAllocation,19,1,1,0.0047,0.0054,1.148936170212766,8,0,8,0
trace-driven,trace,report_streaming_sequential,WSClock,LocalAllocation,19,2,0,0.0049,0.0053,1.0816326530612246,8,0,8,0
trace-driven,trace,report_streaming_sequential,WSClock,LocalAllocation,19,2,1,0.0049,0.0049,1.0,8,0,8,0
trace-driven,trace,report_streaming_sequential,WSClock,LocalAllocation,19,3,0,0.0048,0.0051,1.0625,8,0,8,0
trace-driven,trace,report_streaming_sequential,WSClock,LocalAllocation,19,3,1,0.0047,0.0047,1.0,8,0,8,0
trace-driven,trace,report_streaming_sequential,WSClock,LocalAllocation,19,4,0,0.0047,0.0049,1.0425531914893618,8,0,8,0
trace-driven,trace,report_streaming_sequential,WSClock,LocalAllocation,19,4,1,0.0048,0.0046,0.9583333333333334,8,0,8,0
trace-driven,trace,report_streaming_sequential,WSClock,LocalAllocation,19,5,0,0.0048,0.0051,1.0625,8,0,8,0
trace-driven,trace,report_streaming_sequential,WSClock,LocalAllocation,19,5,1,0.0048,0.0049,1.0208333333333333,8,0,8,0
trace-driven,trace,report_streaming_sequential,WSClock,LocalAllocation,19,6,0,0.0046,0.0064,1.391304347826087,8,0,8,0
trace-driven,trace,report_streaming_sequential,WSClock,LocalAllocation,19,6,1,0.0046,0.0049,1.065217391304348,8,0,8,0
trace-driven,trace,report_streaming_sequential,WSClock,LocalAllocation,19,7,0,0.0049,0.005,1.0204081632653061,8,0,8,0
trace-driven,trace,report_streaming_sequential,WSClock,LocalAllocation,19,7,1,0.0048,0.0047,0.9791666666666666,8,0,8,0
trace-driven,trace,report_streaming_sequential,WSClock,LocalAllocation,19,8,0,0.0048,0.0049,1.0208333333333333,8,0,8,0
trace-driven,trace,report_streaming_sequential,WSClock,LocalAllocation,19,8,1,0.0048,0.0046,0.9583333333333334,8,0,8,0
trace-driven,trace,report_streaming_sequential,WSClock,LocalAllocation,19,9,0,0.0048,0.0048,1.0,8,0,8,0
trace-driven,trace,report_streaming_sequential,WSClock,LocalAllocation,19,9,1,0.0046,0.0049,1.065217391304348,8,0,8,0
trace-driven,trace,report_streaming_sequential,WSClock,ProportionalAllocation,19,0,0,0.0051,0.0058,1.1372549019607843,8,0,8,0
trace-driven,trace,report_streaming_sequential,WSClock,ProportionalAllocation,19,0,1,0.0049,0.0054,1.1020408163265305,8,0,8,0
trace-driven,trace,report_streaming_sequential,WSClock,ProportionalAllocation,19,1,0,0.0049,0.006,1.2244897959183674,8,0,8,0
trace-driven,trace,report_streaming_sequential,WSClock,ProportionalAllocation,19,1,1,0.0049,0.0051,1.0408163265306123,8,0,8,0
trace-driven,trace,report_streaming_sequential,WSClock,ProportionalAllocation,19,2,0,0.0054,0.0054,1.0,8,0,8,0
trace-driven,trace,report_streaming_sequential,WSClock,ProportionalAllocation,19,2,1,0.0046,0.0048,1.0434782608695652,8,0,8,0
trace-driven,trace,report_streaming_sequential,WSClock,ProportionalAllocation,19,3,0,0.0048,0.0051,1.0625,8,0,8,0
trace-driven,trace,report_streaming_sequential,WSClock,ProportionalAllocation,19,3,1,0.0047,0.0047,1.0,8,0,8,0
trace-driven,trace,report_streaming_sequential,WSClock,ProportionalAllocation,19,4,0,0.0048,0.0053,1.1041666666666667,8,0,8,0
trace-driven,trace,report_streaming_sequential,WSClock,ProportionalAllocation,19,4,1,0.0047,0.0045,0.9574468085106383,8,0,8,0
trace-driven,trace,report_streaming_sequential,WSClock,ProportionalAllocation,19,5,0,0.0047,0.0049,1.0425531914893618,8,0,8,0
trace-driven,trace,report_streaming_sequential,WSClock,ProportionalAllocation,19,5,1,0.0048,0.0047,0.9791666666666666,8,0,8,0
trace-driven,trace,report_streaming_sequential,WSClock,ProportionalAllocation,19,6,0,0.0047,0.0048,1.0212765957446808,8,0,8,0
trace-driven,trace,report_streaming_sequential,WSClock,ProportionalAllocation,19,6,1,0.0048,0.0051,1.0625,8,0,8,0
trace-driven,trace,report_streaming_sequential,WSClock,ProportionalAllocation,19,7,0,0.0048,0.0048,1.0,8,0,8,0
trace-driven,trace,report_streaming_sequential,WSClock,ProportionalAllocation,19,7,1,0.0048,0.0047,0.9791666666666666,8,0,8,0
trace-driven,trace,report_streaming_sequential,WSClock,ProportionalAllocation,19,8,0,0.0046,0.005,1.0869565217391304,8,0,8,0
trace-driven,trace,report_streaming_sequential,WSClock,ProportionalAllocation,19,8,1,0.0047,0.0048,1.0212765957446808,8,0,8,0
trace-driven,trace,report_streaming_sequential,WSClock,ProportionalAllocation,19,9,0,0.0047,0.0049,1.0425531914893618,8,0,8,0
trace-driven,trace,report_streaming_sequential,WSClock,ProportionalAllocation,19,9,1,0.0047,0.0046,0.9787234042553191,8,0,8,0
trace-driven,trace,report_streaming_sequential,FIFO,GlobalAllocation,24,0,0,0.0067,0.0086,1.2835820895522387,8,,,
trace-driven,trace,report_streaming_sequential,FIFO,GlobalAllocation,24,0,1,0.0052,0.0083,1.5961538461538463,8,,,
trace-driven,trace,report_streaming_sequential,FIFO,GlobalAllocation,24,1,0,0.0053,0.007,1.320754716981132,8,,,
trace-driven,trace,report_streaming_sequential,FIFO,GlobalAllocation,24,1,1,0.0049,0.0071,1.4489795918367347,8,,,
trace-driven,trace,report_streaming_sequential,FIFO,GlobalAllocation,24,2,0,0.005,0.0067,1.34,8,,,
trace-driven,trace,report_streaming_sequential,FIFO,GlobalAllocation,24,2,1,0.0054,0.0065,1.2037037037037037,8,,,
trace-driven,trace,report_streaming_sequential,FIFO,GlobalAllocation,24,3,0,0.0048,0.0063,1.3125,8,,,
trace-driven,trace,report_streaming_sequential,FIFO,GlobalAllocation,24,3,1,0.0049,0.0062,1.2653061224489797,8,,,
trace-driven,trace,report_streaming_sequential,FIFO,GlobalAllocation,24,4,0,0.0049,0.0065,1.3265306122448979,8,,,
trace-driven,trace,report_streaming_sequential,FIFO,GlobalAllocation,24,4,1,0.0048,0.0062,1.2916666666666667,8,,,
trace-driven,trace,report_streaming_sequential,FIFO,GlobalAllocation,24,5,0,0.0049,0.0063,1.2857142857142858,8,,,
trace-driven,trace,report_streaming_sequential,FIFO,GlobalAllocation,24,5,1,0.0049,0.0065,1.3265306122448979,8,,,
trace-driven,trace,report_streaming_sequential,FIFO,GlobalAllocation,24,6,0,0.005,0.006,1.2,8,,,
trace-driven,trace,report_streaming_sequential,FIFO,GlobalAllocation,24,6,1,0.0049,0.0061,1.2448979591836735,8,,,
trace-driven,trace,report_streaming_sequential,FIFO,GlobalAllocation,24,7,0,0.0048,0.0061,1.2708333333333333,8,,,
trace-driven,trace,report_streaming_sequential,FIFO,GlobalAllocation,24,7,1,0.0049,0.0064,1.3061224489795917,8,,,
trace-driven,trace,report_streaming_sequential,FIFO,GlobalAllocation,24,8,0,0.0048,0.0061,1.2708333333333333,8,,,
trace-driven,trace,report_streaming_sequential,FIFO,GlobalAllocation,24,8,1,0.0048,0.0063,1.3125,8,,,
trace-driven,trace,report_streaming_sequential,FIFO,GlobalAllocation,24,9,0,0.0047,0.0064,1.3617021276595744,8,,,
trace-driven,trace,report_streaming_sequential,FIFO,GlobalAllocation,24,9,1,0.0047,0.0064,1.3617021276595744,8,,,
trace-driven,trace,report_streaming_sequential,FIFO,LocalAllocation,24,0,0,0.0049,0.0057,1.163265306122449,8,0,8,0
trace-driven,trace,report_streaming_sequential,FIFO,LocalAllocation,24,0,1,0.0047,0.005,1.0638297872340425,8,0,8,0
trace-driven,trace,report_streaming_sequential,FIFO,LocalAllocation,24,1,0,0.0051,0.0062,1.2156862745098038,8,0,8,0
trace-driven,trace,report_streaming_sequential,FIFO,LocalAllocation,24,1,1,0.0047,0.0049,1.0425531914893618,8,0,8,0
trace-driven,trace,report_streaming_sequential,FIFO,LocalAllocation,24,2,0,0.0046,0.0049,1.065217391304348,8,0,8,0
trace-driven,trace,report_streaming_sequential,FIFO,LocalAllocation,24,2,1,0.0046,0.0046,1.0,8,0,8,0
trace-driven,trace,report_streaming_sequential,FIFO,LocalAllocation,24,3,0,0.0047,0.0049,1.0425531914893618,8,0,8,0
trace-driven,trace,report_streaming_sequential,FIFO,LocalAllocation,24,3,1,0.0047,0.0045,0.9574468085106383,8,0,8,0
trace-driven,trace,report_streaming_sequential,FIFO,LocalAllocation,24,4,0,0.0047,0.0049,1.0425531914893618,8,0,8,0
trace-driven,trace,report_streaming_sequential,FIFO,LocalAllocation,24,4,1,0.0046,0.0044,0.9565217391304348,8,0,8,0
trace-driven,trace,report_streaming_sequential,FIFO,LocalAllocation,24,5,0,0.0045,0.0047,1.0444444444444445,8,0,8,0
trace-driven,trace,report_streaming_sequential,FIFO,LocalAllocation,24,5,1,0.0049,0.0041,0.8367346938775511,8,0,8,0
trace-driven,trace,report_streaming_sequential,FIFO,LocalAllocation,24,6,0,0.0044,0.005,1.1363636363636365,8,0,8,0
trace-driven,trace,report_streaming_sequential,FIFO,LocalAllocation,24,6,1,0.0047,0.0055,1.1702127659574468,8,0,8,0
trace-driven,trace,report_streaming_sequential,FIFO,LocalAllocation,24,7,0,0.0046,0.0046,1.0,8,0,8,0
trace-driven,trace,report_streaming_sequential,FIFO,LocalAllocation,24,7,1,0.0044,0.0041,0.9318181818181818,8,0,8,0
trace-driven,trace,report_streaming_sequential,FIFO,LocalAllocation,24,8,0,0.0044,0.0047,1.0681818181818181,8,0,8,0
trace-driven,trace,report_streaming_sequential,FIFO,LocalAllocation,24,8,1,0.0045,0.0043,0.9555555555555556,8,0,8,0
trace-driven,trace,report_streaming_sequential,FIFO,LocalAllocation,24,9,0,0.0058,0.0051,0.8793103448275862,8,0,8,0
trace-driven,trace,report_streaming_sequential,FIFO,LocalAllocation,24,9,1,0.0046,0.005,1.0869565217391304,8,0,8,0
trace-driven,trace,report_streaming_sequential,FIFO,ProportionalAllocation,24,0,0,0.0047,0.0055,1.1702127659574468,8,0,8,0
trace-driven,trace,report_streaming_sequential,FIFO,ProportionalAllocation,24,0,1,0.0046,0.0045,0.9782608695652174,8,0,8,0
trace-driven,trace,report_streaming_sequential,FIFO,ProportionalAllocation,24,1,0,0.0047,0.0058,1.2340425531914894,8,0,8,0
trace-driven,trace,report_streaming_sequential,FIFO,ProportionalAllocation,24,1,1,0.0046,0.0044,0.9565217391304348,8,0,8,0
trace-driven,trace,report_streaming_sequential,FIFO,ProportionalAllocation,24,2,0,0.0059,0.005,0.847457627118644,8,0,8,0
trace-driven,trace,report_streaming_sequential,FIFO,ProportionalAllocation,24,2,1,0.0047,0.0044,0.9361702127659575,8,0,8,0
trace-driven,trace,report_streaming_sequential,FIFO,ProportionalAllocation,24,3,0,0.0047,0.0049,1.0425531914893618,8,0,8,0
trace-driven,trace,report_streaming_sequential,FIFO,ProportionalAllocation,24,3,1,0.0047,0.0045,0.9574468085106383,8,0,8,0
trace-driven,trace,report_streaming_sequential,FIFO,ProportionalAllocation,24,4,0,0.0044,0.0045,1.0227272727272727,8,0,8,0
trace-driven,trace,report_streaming_sequential,FIFO,ProportionalAllocation,24,4,1,0.0046,0.0043,0.9347826086956522,8,0,8,0
trace-driven,trace,report_streaming_sequential,FIFO,ProportionalAllocation,24,5,0,0.0048,0.0047,0.9791666666666666,8,0,8,0
trace-driven,trace,report_streaming_sequential,FIFO,ProportionalAllocation,24,5,1,0.0047,0.0043,0.9148936170212766,8,0,8,0
trace-driven,trace,report_streaming_sequential,FIFO,ProportionalAllocation,24,6,0,0.0047,0.0046,0.9787234042553191,8,0,8,0
trace-driven,trace,report_streaming_sequential,FIFO,ProportionalAllocation,24,6,1,0.0045,0.0045,1.0,8,0,8,0
trace-driven,trace,report_streaming_sequential,FIFO,ProportionalAllocation,24,7,0,0.0045,0.0048,1.0666666666666667,8,0,8,0
trace-driven,trace,report_streaming_sequential,FIFO,ProportionalAllocation,24,7,1,0.0045,0.0043,0.9555555555555556,8,0,8,0
trace-driven,trace,report_streaming_sequential,FIFO,ProportionalAllocation,24,8,0,0.0044,0.0046,1.0454545454545454,8,0,8,0
trace-driven,trace,report_streaming_sequential,FIFO,ProportionalAllocation,24,8,1,0.007,0.0043,0.6142857142857143,8,0,8,0
trace-driven,trace,report_streaming_sequential,FIFO,ProportionalAllocation,24,9,0,0.0044,0.0045,1.0227272727272727,8,0,8,0
trace-driven,trace,report_streaming_sequential,FIFO,ProportionalAllocation,24,9,1,0.0046,0.0044,0.9565217391304348,8,0,8,0
trace-driven,trace,report_streaming_sequential,LRU,GlobalAllocation,24,0,0,0.0068,0.0094,1.3823529411764706,8,,,
trace-driven,trace,report_streaming_sequential,LRU,GlobalAllocation,24,0,1,0.0056,0.0089,1.5892857142857142,8,,,
trace-driven,trace,report_streaming_sequential,LRU,GlobalAllocation,24,1,0,0.0054,0.0077,1.4259259259259258,8,,,
trace-driven,trace,report_streaming_sequential,LRU,GlobalAllocation,24,1,1,0.0051,0.0075,1.4705882352941178,8,,,
trace-driven,trace,report_streaming_sequential,LRU,GlobalAllocation,24,2,0,0.0052,0.0071,1.3653846153846154,8,,,
trace-driven,trace,report_streaming_sequential,LRU,GlobalAllocation,24,2,1,0.0052,0.0069,1.3269230769230769,8,,,
trace-driven,trace,report_streaming_sequential,LRU,GlobalAllocation,24,3,0,0.005,0.0067,1.34,8,,,
trace-driven,trace,report_streaming_sequential,LRU,GlobalAllocation,24,3,1,0.005,0.0069,1.38,8,,,
trace-driven,trace,report_streaming_sequential,LRU,GlobalAllocation,24,4,0,0.005,0.0067,1.34,8,,,
trace-driven,trace,report_streaming_sequential,LRU,GlobalAllocation,24,4,1,0.005,0.0067,1.34,8,,,
trace-driven,trace,report_streaming_sequential,LRU,GlobalAllocation,24,5,0,0.0052,0.0068,1.3076923076923077,8,,,
trace-driven,trace,report_streaming_sequential,LRU,GlobalAllocation,24,5,1,0.0051,0.0072,1.411764705882353,8,,,
trace-driven,trace,report_streaming_sequential,LRU,GlobalAllocation,24,6,0,0.0051,0.0067,1.3137254901960784,8,,,
trace-driven,trace,report_streaming_sequential,LRU,GlobalAllocation,24,6,1,0.0051,0.0069,1.3529411764705883,8,,,
trace-driven,trace,report_streaming_sequential,LRU,GlobalAllocation,24,7,0,0.0051,0.006,1.1764705882352942,8,,,
trace-driven,trace,report_streaming_sequential,LRU,GlobalAllocation,24,7,1,0.0049,0.0069,1.4081632653061225,8,,,
trace-driven,trace,report_streaming_sequential,LRU,GlobalAllocation,24,8,0,0.005,0.0064,1.28,8,,,
trace-driven,trace,report_streaming_sequential,LRU,GlobalAllocation,24,8,1,0.0052,0.0066,1.2692307692307692,8,,,
trace-driven,trace,report_streaming_sequential,LRU,GlobalAllocation,24,9,0,0.005,0.0066,1.32,8,,,
trace-driven,trace,report_streaming_sequential,LRU,GlobalAllocation,24,9,1,0.0048,0.0069,1.4375,8,,,
trace-driven,trace,report_streaming_sequential,LRU,LocalAllocation,24,0,0,0.0051,0.0062,1.2156862745098038,8,0,8,0
trace-driven,trace,report_streaming_sequential,LRU,LocalAllocation,24,0,1,0.0051,0.0053,1.0392156862745099,8,0,8,0
trace-driven,trace,report_streaming_sequential,LRU,LocalAllocation,24,1,0,0.0053,0.0062,1.169811320754717,8,0,8,0
trace-driven,trace,report_streaming_sequential,LRU,LocalAllocation,24,1,1,0.0047,0.0054,1.148936170212766,8,0,8,0
trace-driven,trace,report_streaming_sequential,LRU,LocalAllocation,24,2,0,0.0049,0.0057,1.163265306122449,8,0,8,0
trace-driven,trace,report_streaming_sequential,LRU,LocalAllocation,24,2,1,0.0048,0.0049,1.0208333333333333,8,0,8,0
trace-driven,trace,report_streaming_sequential,LRU,LocalAllocation,24,3,0,0.0047,0.0053,1.127659574468085,8,0,8,0
trace-driven,trace,report_streaming_sequential,LRU,LocalAllocation,24,3,1,0.0047,0.0048,1.0212765957446808,8,0,8,0
trace-driven,trace,report_streaming_sequential,LRU,LocalAllocation,24,4,0,0.0048,0.0052,1.0833333333333333,8,0,8,0
trace-driven,trace,report_streaming_sequential,LRU,LocalAllocation,24,4,1,0.0047,0.005,1.0638297872340425,8,0,8,0
trace-driven,trace,report_streaming_sequential,LRU,LocalAllocation,24,5,0,0.0048,0.0051,1.0625,8,0,8,0
trace-driven,trace,report_streaming_sequential,LRU,LocalAllocation,24,5,1,0.0048,0.0047,0.9791666666666666,8,0,8,0
trace-driven,trace,report_streaming_sequential,LRU,LocalAllocation,24,6,0,0.0049,0.0047,0.9591836734693877,8,0,8,0
trace-driven,trace,report_streaming_sequential,LRU,LocalAllocation,24,6,1,0.0048,0.0045,0.9375,8,0,8,0
trace-driven,trace,report_streaming_sequential,LRU,LocalAllocation,24,7,0,0.0048,0.005,1.0416666666666667,8,0,8,0
trace-driven,trace,report_streaming_sequential,LRU,LocalAllocation,24,7,1,0.0047,0.0049,1.0425531914893618,8,0,8,0
trace-driven,trace,report_streaming_sequential,LRU,LocalAllocation,24,8,0,0.0048,0.0052,1.0833333333333333,8,0,8,0
trace-driven,trace,report_streaming_sequential,LRU,LocalAllocation,24,8,1,0.0047,0.0045,0.9574468085106383,8,0,8,0
trace-driven,trace,report_streaming_sequential,LRU,LocalAllocation,24,9,0,0.0048,0.0051,1.0625,8,0,8,0
trace-driven,trace,report_streaming_sequential,LRU,LocalAllocation,24,9,1,0.0048,0.0043,0.8958333333333334,8,0,8,0
trace-driven,trace,report_streaming_sequential,LRU,ProportionalAllocation,24,0,0,0.005,0.0057,1.14,8,0,8,0
trace-driven,trace,report_streaming_sequential,LRU,ProportionalAllocation,24,0,1,0.005,0.0057,1.14,8,0,8,0
trace-driven,trace,report_streaming_sequential,LRU,ProportionalAllocation,24,1,0,0.0073,0.0071,0.9726027397260274,8,0,8,0
trace-driven,trace,report_streaming_sequential,LRU,ProportionalAllocation,24,1,1,0.0078,0.0065,0.8333333333333334,8,0,8,0
trace-driven,trace,report_streaming_sequential,LRU,ProportionalAllocation,24,2,0,0.0073,0.0077,1.0547945205479452,8,0,8,0
trace-driven,trace,report_streaming_sequential,LRU,ProportionalAllocation,24,2,1,0.0093,0.0074,0.7956989247311828,8,0,8,0
trace-driven,trace,report_streaming_sequential,LRU,ProportionalAllocation,24,3,0,0.0078,0.0108,1.3846153846153846,8,0,8,0
trace-driven,trace,report_streaming_sequential,LRU,ProportionalAllocation,24,3,1,0.0073,0.0081,1.1095890410958904,8,0,8,0
trace-driven,trace,report_streaming_sequential,LRU,ProportionalAllocation,24,4,0,0.0047,0.0051,1.0851063829787233,8,0,8,0
trace-driven,trace,report_streaming_sequential,LRU,ProportionalAllocation,24,4,1,0.0047,0.0049,1.0425531914893618,8,0,8,0
trace-driven,trace,report_streaming_sequential,LRU,ProportionalAllocation,24,5,0,0.0049,0.0051,1.0408163265306123,8,0,8,0
trace-driven,trace,report_streaming_sequential,LRU,ProportionalAllocation,24,5,1,0.0047,0.0047,1.0,8,0,8,0
trace-driven,trace,report_streaming_sequential,LRU,ProportionalAllocation,24,6,0,0.0048,0.0051,1.0625,8,0,8,0
trace-driven,trace,report_streaming_sequential,LRU,ProportionalAllocation,24,6,1,0.0059,0.0047,0.7966101694915254,8,0,8,0
trace-driven,trace,report_streaming_sequential,LRU,ProportionalAllocation,24,7,0,0.006,0.0058,0.9666666666666667,8,0,8,0
trace-driven,trace,report_streaming_sequential,LRU,ProportionalAllocation,24,7,1,0.0061,0.0064,1.0491803278688525,8,0,8,0
trace-driven,trace,report_streaming_sequential,LRU,ProportionalAllocation,24,8,0,0.0049,0.0049,1.0,8,0,8,0
trace-driven,trace,report_streaming_sequential,LRU,ProportionalAllocation,24,8,1,0.0047,0.0062,1.3191489361702127,8,0,8,0
trace-driven,trace,report_streaming_sequential,LRU,ProportionalAllocation,24,9,0,0.0047,0.0051,1.0851063829787233,8,0,8,0
trace-driven,trace,report_streaming_sequential,LRU,ProportionalAllocation,24,9,1,0.0048,0.0046,0.9583333333333334,8,0,8,0
trace-driven,trace,report_streaming_sequential,NRU,GlobalAllocation,24,0,0,0.0063,0.0087,1.380952380952381,8,,,
trace-driven,trace,report_streaming_sequential,NRU,GlobalAllocation,24,0,1,0.0051,0.0084,1.6470588235294117,8,,,
trace-driven,trace,report_streaming_sequential,NRU,GlobalAllocation,24,1,0,0.0049,0.0074,1.510204081632653,8,,,
trace-driven,trace,report_streaming_sequential,NRU,GlobalAllocation,24,1,1,0.0047,0.0069,1.4680851063829787,8,,,
trace-driven,trace,report_streaming_sequential,NRU,GlobalAllocation,24,2,0,0.0047,0.0065,1.3829787234042554,8,,,
trace-driven,trace,report_streaming_sequential,NRU,GlobalAllocation,24,2,1,0.0046,0.0073,1.5869565217391304,8,,,
trace-driven,trace,report_streaming_sequential,NRU,GlobalAllocation,24,3,0,0.0051,0.0069,1.3529411764705883,8,,,
trace-driven,trace,report_streaming_sequential,NRU,GlobalAllocation,24,3,1,0.0045,0.0068,1.511111111111111,8,,,
trace-driven,trace,report_streaming_sequential,NRU,GlobalAllocation,24,4,0,0.0048,0.0064,1.3333333333333333,8,,,
trace-driven,trace,report_streaming_sequential,NRU,GlobalAllocation,24,4,1,0.0047,0.0066,1.4042553191489362,8,,,
trace-driven,trace,report_streaming_sequential,NRU,GlobalAllocation,24,5,0,0.0046,0.0069,1.5,8,,,
trace-driven,trace,report_streaming_sequential,NRU,GlobalAllocation,24,5,1,0.0048,0.0066,1.375,8,,,
trace-driven,trace,report_streaming_sequential,NRU,GlobalAllocation,24,6,0,0.0047,0.0062,1.3191489361702127,8,,,
trace-driven,trace,report_streaming_sequential,NRU,GlobalAllocation,24,6,1,0.0045,0.0065,1.4444444444444444,8,,,
trace-driven,trace,report_streaming_sequential,NRU,GlobalAllocation,24,7,0,0.0045,0.0064,1.4222222222222223,8,,,
trace-driven,trace,report_streaming_sequential,NRU,GlobalAllocation,24,7,1,0.0045,0.0073,1.6222222222222222,8,,,
trace-driven,trace,report_streaming_sequential,NRU,GlobalAllocation,24,8,0,0.0046,0.006,1.3043478260869565,8,,,
trace-driven,trace,report_streaming_sequential,NRU,GlobalAllocation,24,8,1,0.0048,0.0063,1.3125,8,,,
trace-driven,trace,report_streaming_sequential,NRU,GlobalAllocation,24,9,0,0.0045,0.0063,1.4,8,,,
trace-driven,trace,report_streaming_sequential,NRU,GlobalAllocation,24,9,1,0.0046,0.0066,1.434782608695652,8,,,
trace-driven,trace,report_streaming_sequential,NRU,LocalAllocation,24,0,0,0.005,0.0058,1.16,8,0,8,0
trace-driven,trace,report_streaming_sequential,NRU,LocalAllocation,24,0,1,0.0043,0.0051,1.186046511627907,8,0,8,0
trace-driven,trace,report_streaming_sequential,NRU,LocalAllocation,24,1,0,0.0045,0.0061,1.3555555555555556,8,0,8,0
trace-driven,trace,report_streaming_sequential,NRU,LocalAllocation,24,1,1,0.0044,0.0052,1.1818181818181819,8,0,8,0
trace-driven,trace,report_streaming_sequential,NRU,LocalAllocation,24,2,0,0.0047,0.0048,1.0212765957446808,8,0,8,0
trace-driven,trace,report_streaming_sequential,NRU,LocalAllocation,24,2,1,0.0045,0.0047,1.0444444444444445,8,0,8,0
trace-driven,trace,report_streaming_sequential,NRU,LocalAllocation,24,3,0,0.0043,0.0049,1.1395348837209303,8,0,8,0
trace-driven,trace,report_streaming_sequential,NRU,LocalAllocation,24,3,1,0.0043,0.0045,1.0465116279069768,8,0,8,0
trace-driven,trace,report_streaming_sequential,NRU,LocalAllocation,24,4,0,0.0044,0.0045,1.0227272727272727,8,0,8,0
trace-driven,trace,report_streaming_sequential,NRU,LocalAllocation,24,4,1,0.0043,0.0043,1.0,8,0,8,0
trace-driven,trace,report_streaming_sequential,NRU,LocalAllocation,24,5,0,0.0045,0.0046,1.0222222222222221,8,0,8,0
trace-driven,trace,report_streaming_sequential,NRU,LocalAllocation,24,5,1,0.0043,0.0043,1.0,8,0,8,0
trace-driven,trace,report_streaming_sequential,NRU,LocalAllocation,24,6,0,0.0042,0.0046,1.0952380952380953,8,0,8,0
trace-driven,trace,report_streaming_sequential,NRU,LocalAllocation,24,6,1,0.0044,0.0045,1.0227272727272727,8,0,8,0
trace-driven,trace,report_streaming_sequential,NRU,LocalAllocation,24,7,0,0.0044,0.0046,1.0454545454545454,8,0,8,0
trace-driven,trace,report_streaming_sequential,NRU,LocalAllocation,24,7,1,0.0045,0.0045,1.0,8,0,8,0
trace-driven,trace,report_streaming_sequential,NRU,LocalAllocation,24,8,0,0.0043,0.0046,1.069767441860465,8,0,8,0
trace-driven,trace,report_streaming_sequential,NRU,LocalAllocation,24,8,1,0.0051,0.0043,0.8431372549019608,8,0,8,0
trace-driven,trace,report_streaming_sequential,NRU,LocalAllocation,24,9,0,0.0046,0.0048,1.0434782608695652,8,0,8,0
trace-driven,trace,report_streaming_sequential,NRU,LocalAllocation,24,9,1,0.0078,0.0044,0.5641025641025641,8,0,8,0
trace-driven,trace,report_streaming_sequential,NRU,ProportionalAllocation,24,0,0,0.0047,0.0052,1.1063829787234043,8,0,8,0
trace-driven,trace,report_streaming_sequential,NRU,ProportionalAllocation,24,0,1,0.0046,0.0047,1.0217391304347827,8,0,8,0
trace-driven,trace,report_streaming_sequential,NRU,ProportionalAllocation,24,1,0,0.0043,0.0057,1.3255813953488371,8,0,8,0
trace-driven,trace,report_streaming_sequential,NRU,ProportionalAllocation,24,1,1,0.0046,0.0045,0.9782608695652174,8,0,8,0
trace-driven,trace,report_streaming_sequential,NRU,ProportionalAllocation,24,2,0,0.0044,0.0049,1.1136363636363635,8,0,8,0
trace-driven,trace,report_streaming_sequential,NRU,ProportionalAllocation,24,2,1,0.0046,0.0044,0.9565217391304348,8,0,8,0
trace-driven,trace,report_streaming_sequential,NRU,ProportionalAllocation,24,3,0,0.0044,0.0049,1.1136363636363635,8,0,8,0
trace-driven,trace,report_streaming_sequential,NRU,ProportionalAllocation,24,3,1,0.0044,0.0043,0.9772727272727273,8,0,8,0
trace-driven,trace,report_streaming_sequential,NRU,ProportionalAllocation,24,4,0,0.0043,0.0049,1.1395348837209303,8,0,8,0
trace-driven,trace,report_streaming_sequential,NRU,ProportionalAllocation,24,4,1,0.0043,0.0044,1.0232558139534884,8,0,8,0
trace-driven,trace,report_streaming_sequential,NRU,ProportionalAllocation,24,5,0,0.0044,0.0045,1.0227272727272727,8,0,8,0
trace-driven,trace,report_streaming_sequential,NRU,ProportionalAllocation,24,5,1,0.0045,0.0042,0.9333333333333333,8,0,8,0
trace-driven,trace,report_streaming_sequential,NRU,ProportionalAllocation,24,6,0,0.0044,0.0047,1.0681818181818181,8,0,8,0
trace-driven,trace,report_streaming_sequential,NRU,ProportionalAllocation,24,6,1,0.0043,0.0083,1.930232558139535,8,0,8,0
trace-driven,trace,report_streaming_sequential,NRU,ProportionalAllocation,24,7,0,0.0044,0.0049,1.1136363636363635,8,0,8,0
trace-driven,trace,report_streaming_sequential,NRU,ProportionalAllocation,24,7,1,0.0044,0.0042,0.9545454545454546,8,0,8,0
trace-driven,trace,report_streaming_sequential,NRU,ProportionalAllocation,24,8,0,0.0044,0.0044,1.0,8,0,8,0
trace-driven,trace,report_streaming_sequential,NRU,ProportionalAllocation,24,8,1,0.0044,0.0044,1.0,8,0,8,0
trace-driven,trace,report_streaming_sequential,NRU,ProportionalAllocation,24,9,0,0.0042,0.0047,1.119047619047619,8,0,8,0
trace-driven,trace,report_streaming_sequential,NRU,ProportionalAllocation,24,9,1,0.0044,0.0045,1.0227272727272727,8,0,8,0
trace-driven,trace,report_streaming_sequential,SecondChance,GlobalAllocation,24,0,0,0.0065,0.0095,1.4615384615384615,8,,,
trace-driven,trace,report_streaming_sequential,SecondChance,GlobalAllocation,24,0,1,0.0069,0.0093,1.3478260869565217,8,,,
trace-driven,trace,report_streaming_sequential,SecondChance,GlobalAllocation,24,1,0,0.0052,0.0083,1.5961538461538463,8,,,
trace-driven,trace,report_streaming_sequential,SecondChance,GlobalAllocation,24,1,1,0.005,0.0076,1.52,8,,,
trace-driven,trace,report_streaming_sequential,SecondChance,GlobalAllocation,24,2,0,0.0049,0.0073,1.489795918367347,8,,,
trace-driven,trace,report_streaming_sequential,SecondChance,GlobalAllocation,24,2,1,0.005,0.0076,1.52,8,,,
trace-driven,trace,report_streaming_sequential,SecondChance,GlobalAllocation,24,3,0,0.0051,0.0072,1.411764705882353,8,,,
trace-driven,trace,report_streaming_sequential,SecondChance,GlobalAllocation,24,3,1,0.005,0.0072,1.44,8,,,
trace-driven,trace,report_streaming_sequential,SecondChance,GlobalAllocation,24,4,0,0.0051,0.0068,1.3333333333333333,8,,,
trace-driven,trace,report_streaming_sequential,SecondChance,GlobalAllocation,24,4,1,0.0051,0.0071,1.392156862745098,8,,,
trace-driven,trace,report_streaming_sequential,SecondChance,GlobalAllocation,24,5,0,0.0051,0.0069,1.3529411764705883,8,,,
trace-driven,trace,report_streaming_sequential,SecondChance,GlobalAllocation,24,5,1,0.005,0.0068,1.36,8,,,
trace-driven,trace,report_streaming_sequential,SecondChance,GlobalAllocation,24,6,0,0.005,0.0067,1.34,8,,,
trace-driven,trace,report_streaming_sequential,SecondChance,GlobalAllocation,24,6,1,0.0051,0.007,1.3725490196078431,8,,,
trace-driven,trace,report_streaming_sequential,SecondChance,GlobalAllocation,24,7,0,0.005,0.0068,1.36,8,,,
trace-driven,trace,report_streaming_sequential,SecondChance,GlobalAllocation,24,7,1,0.0051,0.0071,1.392156862745098,8,,,
trace-driven,trace,report_streaming_sequential,SecondChance,GlobalAllocation,24,8,0,0.005,0.0068,1.36,8,,,
trace-driven,trace,report_streaming_sequential,SecondChance,GlobalAllocation,24,8,1,0.0051,0.0069,1.3529411764705883,8,,,
trace-driven,trace,report_streaming_sequential,SecondChance,GlobalAllocation,24,9,0,0.0048,0.007,1.4583333333333333,8,,,
trace-driven,trace,report_streaming_sequential,SecondChance,GlobalAllocation,24,9,1,0.0049,0.0069,1.4081632653061225,8,,,
trace-driven,trace,report_streaming_sequential,SecondChance,LocalAllocation,24,0,0,0.005,0.006,1.2,8,0,8,0
trace-driven,trace,report_streaming_sequential,SecondChance,LocalAllocation,24,0,1,0.0048,0.0055,1.1458333333333333,8,0,8,0
trace-driven,trace,report_streaming_sequential,SecondChance,LocalAllocation,24,1,0,0.0049,0.0065,1.3265306122448979,8,0,8,0
trace-driven,trace,report_streaming_sequential,SecondChance,LocalAllocation,24,1,1,0.0046,0.0054,1.173913043478261,8,0,8,0
trace-driven,trace,report_streaming_sequential,SecondChance,LocalAllocation,24,2,0,0.005,0.0054,1.08,8,0,8,0
trace-driven,trace,report_streaming_sequential,SecondChance,LocalAllocation,24,2,1,0.0049,0.0051,1.0408163265306123,8,0,8,0
trace-driven,trace,report_streaming_sequential,SecondChance,LocalAllocation,24,3,0,0.0049,0.0054,1.1020408163265305,8,0,8,0
trace-driven,trace,report_streaming_sequential,SecondChance,LocalAllocation,24,3,1,0.0048,0.0048,1.0,8,0,8,0
trace-driven,trace,report_streaming_sequential,SecondChance,LocalAllocation,24,4,0,0.0049,0.0052,1.0612244897959184,8,0,8,0
trace-driven,trace,report_streaming_sequential,SecondChance,LocalAllocation,24,4,1,0.0047,0.0047,1.0,8,0,8,0
trace-driven,trace,report_streaming_sequential,SecondChance,LocalAllocation,24,5,0,0.0052,0.0052,1.0,8,0,8,0
trace-driven,trace,report_streaming_sequential,SecondChance,LocalAllocation,24,5,1,0.0047,0.0047,1.0,8,0,8,0
trace-driven,trace,report_streaming_sequential,SecondChance,LocalAllocation,24,6,0,0.0048,0.0051,1.0625,8,0,8,0
trace-driven,trace,report_streaming_sequential,SecondChance,LocalAllocation,24,6,1,0.0047,0.0047,1.0,8,0,8,0
trace-driven,trace,report_streaming_sequential,SecondChance,LocalAllocation,24,7,0,0.0049,0.0052,1.0612244897959184,8,0,8,0
trace-driven,trace,report_streaming_sequential,SecondChance,LocalAllocation,24,7,1,0.0048,0.0048,1.0,8,0,8,0
trace-driven,trace,report_streaming_sequential,SecondChance,LocalAllocation,24,8,0,0.0051,0.0052,1.0196078431372548,8,0,8,0
trace-driven,trace,report_streaming_sequential,SecondChance,LocalAllocation,24,8,1,0.0047,0.0044,0.9361702127659575,8,0,8,0
trace-driven,trace,report_streaming_sequential,SecondChance,LocalAllocation,24,9,0,0.0048,0.0072,1.5,8,0,8,0
trace-driven,trace,report_streaming_sequential,SecondChance,LocalAllocation,24,9,1,0.0049,0.0066,1.346938775510204,8,0,8,0
trace-driven,trace,report_streaming_sequential,SecondChance,ProportionalAllocation,24,0,0,0.0048,0.0059,1.2291666666666667,8,0,8,0
trace-driven,trace,report_streaming_sequential,SecondChance,ProportionalAllocation,24,0,1,0.0048,0.0051,1.0625,8,0,8,0
trace-driven,trace,report_streaming_sequential,SecondChance,ProportionalAllocation,24,1,0,0.0047,0.0061,1.297872340425532,8,0,8,0
trace-driven,trace,report_streaming_sequential,SecondChance,ProportionalAllocation,24,1,1,0.0048,0.005,1.0416666666666667,8,0,8,0
trace-driven,trace,report_streaming_sequential,SecondChance,ProportionalAllocation,24,2,0,0.0048,0.0053,1.1041666666666667,8,0,8,0
trace-driven,trace,report_streaming_sequential,SecondChance,ProportionalAllocation,24,2,1,0.0049,0.0046,0.9387755102040817,8,0,8,0
trace-driven,trace,report_streaming_sequential,SecondChance,ProportionalAllocation,24,3,0,0.0048,0.0053,1.1041666666666667,8,0,8,0
trace-driven,trace,report_streaming_sequential,SecondChance,ProportionalAllocation,24,3,1,0.0046,0.0045,0.9782608695652174,8,0,8,0
trace-driven,trace,report_streaming_sequential,SecondChance,ProportionalAllocation,24,4,0,0.0048,0.0049,1.0208333333333333,8,0,8,0
trace-driven,trace,report_streaming_sequential,SecondChance,ProportionalAllocation,24,4,1,0.0048,0.0047,0.9791666666666666,8,0,8,0
trace-driven,trace,report_streaming_sequential,SecondChance,ProportionalAllocation,24,5,0,0.0048,0.0051,1.0625,8,0,8,0
trace-driven,trace,report_streaming_sequential,SecondChance,ProportionalAllocation,24,5,1,0.0047,0.0047,1.0,8,0,8,0
trace-driven,trace,report_streaming_sequential,SecondChance,ProportionalAllocation,24,6,0,0.0046,0.0051,1.108695652173913,8,0,8,0
trace-driven,trace,report_streaming_sequential,SecondChance,ProportionalAllocation,24,6,1,0.0048,0.0046,0.9583333333333334,8,0,8,0
trace-driven,trace,report_streaming_sequential,SecondChance,ProportionalAllocation,24,7,0,0.0046,0.0051,1.108695652173913,8,0,8,0
trace-driven,trace,report_streaming_sequential,SecondChance,ProportionalAllocation,24,7,1,0.0055,0.0049,0.8909090909090909,8,0,8,0
trace-driven,trace,report_streaming_sequential,SecondChance,ProportionalAllocation,24,8,0,0.0047,0.0053,1.127659574468085,8,0,8,0
trace-driven,trace,report_streaming_sequential,SecondChance,ProportionalAllocation,24,8,1,0.0047,0.0045,0.9574468085106383,8,0,8,0
trace-driven,trace,report_streaming_sequential,SecondChance,ProportionalAllocation,24,9,0,0.0047,0.0051,1.0851063829787233,8,0,8,0
trace-driven,trace,report_streaming_sequential,SecondChance,ProportionalAllocation,24,9,1,0.0047,0.0047,1.0,8,0,8,0
trace-driven,trace,report_streaming_sequential,WSClock,GlobalAllocation,24,0,0,0.0065,0.0092,1.4153846153846155,8,,,
trace-driven,trace,report_streaming_sequential,WSClock,GlobalAllocation,24,0,1,0.0055,0.0094,1.709090909090909,8,,,
trace-driven,trace,report_streaming_sequential,WSClock,GlobalAllocation,24,1,0,0.0054,0.008,1.4814814814814814,8,,,
trace-driven,trace,report_streaming_sequential,WSClock,GlobalAllocation,24,1,1,0.0052,0.0076,1.4615384615384615,8,,,
trace-driven,trace,report_streaming_sequential,WSClock,GlobalAllocation,24,2,0,0.0051,0.0069,1.3529411764705883,8,,,
trace-driven,trace,report_streaming_sequential,WSClock,GlobalAllocation,24,2,1,0.0048,0.0073,1.5208333333333333,8,,,
trace-driven,trace,report_streaming_sequential,WSClock,GlobalAllocation,24,3,0,0.0051,0.007,1.3725490196078431,8,,,
trace-driven,trace,report_streaming_sequential,WSClock,GlobalAllocation,24,3,1,0.0048,0.0072,1.5,8,,,
trace-driven,trace,report_streaming_sequential,WSClock,GlobalAllocation,24,4,0,0.0052,0.0067,1.2884615384615385,8,,,
trace-driven,trace,report_streaming_sequential,WSClock,GlobalAllocation,24,4,1,0.0051,0.0074,1.4509803921568627,8,,,
trace-driven,trace,report_streaming_sequential,WSClock,GlobalAllocation,24,5,0,0.0051,0.0066,1.2941176470588236,8,,,
trace-driven,trace,report_streaming_sequential,WSClock,GlobalAllocation,24,5,1,0.0051,0.0071,1.392156862745098,8,,,
trace-driven,trace,report_streaming_sequential,WSClock,GlobalAllocation,24,6,0,0.005,0.0067,1.34,8,,,
trace-driven,trace,report_streaming_sequential,WSClock,GlobalAllocation,24,6,1,0.005,0.007,1.4,8,,,
trace-driven,trace,report_streaming_sequential,WSClock,GlobalAllocation,24,7,0,0.0049,0.0065,1.3265306122448979,8,,,
trace-driven,trace,report_streaming_sequential,WSClock,GlobalAllocation,24,7,1,0.005,0.0067,1.34,8,,,
trace-driven,trace,report_streaming_sequential,WSClock,GlobalAllocation,24,8,0,0.0049,0.0063,1.2857142857142858,8,,,
trace-driven,trace,report_streaming_sequential,WSClock,GlobalAllocation,24,8,1,0.0061,0.0069,1.1311475409836065,8,,,
trace-driven,trace,report_streaming_sequential,WSClock,GlobalAllocation,24,9,0,0.0048,0.0067,1.3958333333333333,8,,,
trace-driven,trace,report_streaming_sequential,WSClock,GlobalAllocation,24,9,1,0.0054,0.007,1.2962962962962963,8,,,
trace-driven,trace,report_streaming_sequential,WSClock,LocalAllocation,24,0,0,0.0056,0.0065,1.1607142857142858,8,0,8,0
trace-driven,trace,report_streaming_sequential,WSClock,LocalAllocation,24,0,1,0.0048,0.0057,1.1875,8,0,8,0
trace-driven,trace,report_streaming_sequential,WSClock,LocalAllocation,24,1,0,0.005,0.0069,1.38,8,0,8,0
trace-driven,trace,report_streaming_sequential,WSClock,LocalAllocation,24,1,1,0.0048,0.0055,1.1458333333333333,8,0,8,0
trace-driven,trace,report_streaming_sequential,WSClock,LocalAllocation,24,2,0,0.0047,0.0055,1.1702127659574468,8,0,8,0
trace-driven,trace,report_streaming_sequential,WSClock,LocalAllocation,24,2,1,0.0049,0.005,1.0204081632653061,8,0,8,0
trace-driven,trace,report_streaming_sequential,WSClock,LocalAllocation,24,3,0,0.0049,0.0052,1.0612244897959184,8,0,8,0
trace-driven,trace,report_streaming_sequential,WSClock,LocalAllocation,24,3,1,0.0048,0.0052,1.0833333333333333,8,0,8,0
trace-driven,trace,report_streaming_sequential,WSClock,LocalAllocation,24,4,0,0.005,0.0051,1.02,8,0,8,0
trace-driven,trace,report_streaming_sequential,WSClock,LocalAllocation,24,4,1,0.0047,0.0049,1.0425531914893618,8,0,8,0
trace-driven,trace,report_streaming_sequential,WSClock,LocalAllocation,24,5,0,0.0048,0.0049,1.0208333333333333,8,0,8,0
trace-driven,trace,report_streaming_sequential,WSClock,LocalAllocation,24,5,1,0.0046,0.0047,1.0217391304347827,8,0,8,0
trace-driven,trace,report_streaming_sequential,WSClock,LocalAllocation,24,6,0,0.005,0.0053,1.06,8,0,8,0
trace-driven,trace,report_streaming_sequential,WSClock,LocalAllocation,24,6,1,0.0048,0.0049,1.0208333333333333,8,0,8,0
trace-driven,trace,report_streaming_sequential,WSClock,LocalAllocation,24,7,0,0.0049,0.0051,1.0408163265306123,8,0,8,0
trace-driven,trace,report_streaming_sequential,WSClock,LocalAllocation,24,7,1,0.0047,0.0047,1.0,8,0,8,0
trace-driven,trace,report_streaming_sequential,WSClock,LocalAllocation,24,8,0,0.0047,0.005,1.0638297872340425,8,0,8,0
trace-driven,trace,report_streaming_sequential,WSClock,LocalAllocation,24,8,1,0.0046,0.0048,1.0434782608695652,8,0,8,0
trace-driven,trace,report_streaming_sequential,WSClock,LocalAllocation,24,9,0,0.0049,0.0049,1.0,8,0,8,0
trace-driven,trace,report_streaming_sequential,WSClock,LocalAllocation,24,9,1,0.0046,0.0049,1.065217391304348,8,0,8,0
trace-driven,trace,report_streaming_sequential,WSClock,ProportionalAllocation,24,0,0,0.0051,0.0058,1.1372549019607843,8,0,8,0
trace-driven,trace,report_streaming_sequential,WSClock,ProportionalAllocation,24,0,1,0.0047,0.0061,1.297872340425532,8,0,8,0
trace-driven,trace,report_streaming_sequential,WSClock,ProportionalAllocation,24,1,0,0.0048,0.0061,1.2708333333333333,8,0,8,0
trace-driven,trace,report_streaming_sequential,WSClock,ProportionalAllocation,24,1,1,0.0047,0.0051,1.0851063829787233,8,0,8,0
trace-driven,trace,report_streaming_sequential,WSClock,ProportionalAllocation,24,2,0,0.005,0.0055,1.1,8,0,8,0
trace-driven,trace,report_streaming_sequential,WSClock,ProportionalAllocation,24,2,1,0.0049,0.0053,1.0816326530612246,8,0,8,0
trace-driven,trace,report_streaming_sequential,WSClock,ProportionalAllocation,24,3,0,0.0049,0.0054,1.1020408163265305,8,0,8,0
trace-driven,trace,report_streaming_sequential,WSClock,ProportionalAllocation,24,3,1,0.0049,0.0048,0.9795918367346939,8,0,8,0
trace-driven,trace,report_streaming_sequential,WSClock,ProportionalAllocation,24,4,0,0.0049,0.0052,1.0612244897959184,8,0,8,0
trace-driven,trace,report_streaming_sequential,WSClock,ProportionalAllocation,24,4,1,0.0049,0.0049,1.0,8,0,8,0
trace-driven,trace,report_streaming_sequential,WSClock,ProportionalAllocation,24,5,0,0.0048,0.0053,1.1041666666666667,8,0,8,0
trace-driven,trace,report_streaming_sequential,WSClock,ProportionalAllocation,24,5,1,0.0049,0.0047,0.9591836734693877,8,0,8,0
trace-driven,trace,report_streaming_sequential,WSClock,ProportionalAllocation,24,6,0,0.0051,0.0051,1.0,8,0,8,0
trace-driven,trace,report_streaming_sequential,WSClock,ProportionalAllocation,24,6,1,0.0048,0.005,1.0416666666666667,8,0,8,0
trace-driven,trace,report_streaming_sequential,WSClock,ProportionalAllocation,24,7,0,0.005,0.0055,1.1,8,0,8,0
trace-driven,trace,report_streaming_sequential,WSClock,ProportionalAllocation,24,7,1,0.0048,0.0047,0.9791666666666666,8,0,8,0
trace-driven,trace,report_streaming_sequential,WSClock,ProportionalAllocation,24,8,0,0.0048,0.0047,0.9791666666666666,8,0,8,0
trace-driven,trace,report_streaming_sequential,WSClock,ProportionalAllocation,24,8,1,0.0045,0.0049,1.0888888888888888,8,0,8,0
trace-driven,trace,report_streaming_sequential,WSClock,ProportionalAllocation,24,9,0,0.0048,0.0051,1.0625,8,0,8,0
trace-driven,trace,report_streaming_sequential,WSClock,ProportionalAllocation,24,9,1,0.0048,0.0054,1.125,8,0,8,0
trace-driven,trace,report_thrashing_pressure,FIFO,GlobalAllocation,8,0,0,0.0063,0.0137,2.1746031746031744,10,,,
trace-driven,trace,report_thrashing_pressure,FIFO,GlobalAllocation,8,0,1,0.0047,0.0134,2.851063829787234,10,,,
trace-driven,trace,report_thrashing_pressure,FIFO,GlobalAllocation,8,1,0,0.0049,0.0114,2.326530612244898,10,,,
trace-driven,trace,report_thrashing_pressure,FIFO,GlobalAllocation,8,1,1,0.0042,0.0105,2.5,10,,,
trace-driven,trace,report_thrashing_pressure,FIFO,GlobalAllocation,8,2,0,0.0045,0.0098,2.1777777777777776,10,,,
trace-driven,trace,report_thrashing_pressure,FIFO,GlobalAllocation,8,2,1,0.0042,0.0094,2.238095238095238,10,,,
trace-driven,trace,report_thrashing_pressure,FIFO,GlobalAllocation,8,3,0,0.0042,0.0094,2.238095238095238,10,,,
trace-driven,trace,report_thrashing_pressure,FIFO,GlobalAllocation,8,3,1,0.0045,0.0094,2.088888888888889,10,,,
trace-driven,trace,report_thrashing_pressure,FIFO,GlobalAllocation,8,4,0,0.0042,0.0091,2.1666666666666665,10,,,
trace-driven,trace,report_thrashing_pressure,FIFO,GlobalAllocation,8,4,1,0.0042,0.0094,2.238095238095238,10,,,
trace-driven,trace,report_thrashing_pressure,FIFO,GlobalAllocation,8,5,0,0.0041,0.0091,2.2195121951219514,10,,,
trace-driven,trace,report_thrashing_pressure,FIFO,GlobalAllocation,8,5,1,0.0041,0.0092,2.2439024390243905,10,,,
trace-driven,trace,report_thrashing_pressure,FIFO,GlobalAllocation,8,6,0,0.004,0.0104,2.6,10,,,
trace-driven,trace,report_thrashing_pressure,FIFO,GlobalAllocation,8,6,1,0.0041,0.0092,2.2439024390243905,10,,,
trace-driven,trace,report_thrashing_pressure,FIFO,GlobalAllocation,8,7,0,0.004,0.0094,2.35,10,,,
trace-driven,trace,report_thrashing_pressure,FIFO,GlobalAllocation,8,7,1,0.0041,0.009,2.1951219512195124,10,,,
trace-driven,trace,report_thrashing_pressure,FIFO,GlobalAllocation,8,8,0,0.0041,0.0091,2.2195121951219514,10,,,
trace-driven,trace,report_thrashing_pressure,FIFO,GlobalAllocation,8,8,1,0.0042,0.0094,2.238095238095238,10,,,
trace-driven,trace,report_thrashing_pressure,FIFO,GlobalAllocation,8,9,0,0.004,0.009,2.25,10,,,
trace-driven,trace,report_thrashing_pressure,FIFO,GlobalAllocation,8,9,1,0.0038,0.0091,2.3947368421052633,10,,,
trace-driven,trace,report_thrashing_pressure,FIFO,LocalAllocation,8,0,0,0.0043,0.0098,2.2790697674418605,10,6,10,1
trace-driven,trace,report_thrashing_pressure,FIFO,LocalAllocation,8,0,1,0.0039,0.008,2.051282051282051,10,6,10,1
trace-driven,trace,report_thrashing_pressure,FIFO,LocalAllocation,8,1,0,0.0042,0.0079,1.880952380952381,10,6,10,1
trace-driven,trace,report_thrashing_pressure,FIFO,LocalAllocation,8,1,1,0.004,0.0069,1.725,10,6,10,1
trace-driven,trace,report_thrashing_pressure,FIFO,LocalAllocation,8,2,0,0.004,0.0074,1.85,10,6,10,1
trace-driven,trace,report_thrashing_pressure,FIFO,LocalAllocation,8,2,1,0.0039,0.0072,1.8461538461538463,10,6,10,1
trace-driven,trace,report_thrashing_pressure,FIFO,LocalAllocation,8,3,0,0.0039,0.0072,1.8461538461538463,10,6,10,1
trace-driven,trace,report_thrashing_pressure,FIFO,LocalAllocation,8,3,1,0.0038,0.0075,1.9736842105263157,10,6,10,1
trace-driven,trace,report_thrashing_pressure,FIFO,LocalAllocation,8,4,0,0.004,0.0073,1.825,10,6,10,1
trace-driven,trace,report_thrashing_pressure,FIFO,LocalAllocation,8,4,1,0.0037,0.0067,1.8108108108108107,10,6,10,1
trace-driven,trace,report_thrashing_pressure,FIFO,LocalAllocation,8,5,0,0.0039,0.0071,1.8205128205128205,10,6,10,1
trace-driven,trace,report_thrashing_pressure,FIFO,LocalAllocation,8,5,1,0.0038,0.0068,1.7894736842105263,10,6,10,1
trace-driven,trace,report_thrashing_pressure,FIFO,LocalAllocation,8,6,0,0.004,0.0068,1.7,10,6,10,1
trace-driven,trace,report_thrashing_pressure,FIFO,LocalAllocation,8,6,1,0.0057,0.0067,1.1754385964912282,10,6,10,1
trace-driven,trace,report_thrashing_pressure,FIFO,LocalAllocation,8,7,0,0.0038,0.0076,2.0,10,6,10,1
trace-driven,trace,report_thrashing_pressure,FIFO,LocalAllocation,8,7,1,0.004,0.0069,1.725,10,6,10,1
trace-driven,trace,report_thrashing_pressure,FIFO,LocalAllocation,8,8,0,0.0039,0.007,1.794871794871795,10,6,10,1
trace-driven,trace,report_thrashing_pressure,FIFO,LocalAllocation,8,8,1,0.0037,0.0069,1.864864864864865,10,6,10,1
trace-driven,trace,report_thrashing_pressure,FIFO,LocalAllocation,8,9,0,0.0038,0.0071,1.868421052631579,10,6,10,1
trace-driven,trace,report_thrashing_pressure,FIFO,LocalAllocation,8,9,1,0.0039,0.0067,1.7179487179487178,10,6,10,1
trace-driven,trace,report_thrashing_pressure,FIFO,ProportionalAllocation,8,0,0,0.0042,0.008,1.9047619047619047,10,6,10,1
trace-driven,trace,report_thrashing_pressure,FIFO,ProportionalAllocation,8,0,1,0.004,0.0073,1.825,10,6,10,1
trace-driven,trace,report_thrashing_pressure,FIFO,ProportionalAllocation,8,1,0,0.0039,0.0075,1.9230769230769231,10,6,10,1
trace-driven,trace,report_thrashing_pressure,FIFO,ProportionalAllocation,8,1,1,0.0043,0.007,1.627906976744186,10,6,10,1
trace-driven,trace,report_thrashing_pressure,FIFO,ProportionalAllocation,8,2,0,0.0041,0.0078,1.9024390243902438,10,6,10,1
trace-driven,trace,report_thrashing_pressure,FIFO,ProportionalAllocation,8,2,1,0.0045,0.0067,1.488888888888889,10,6,10,1
trace-driven,trace,report_thrashing_pressure,FIFO,ProportionalAllocation,8,3,0,0.0041,0.0074,1.8048780487804879,10,6,10,1
trace-driven,trace,report_thrashing_pressure,FIFO,ProportionalAllocation,8,3,1,0.004,0.0067,1.675,10,6,10,1
trace-driven,trace,report_thrashing_pressure,FIFO,ProportionalAllocation,8,4,0,0.0039,0.0068,1.7435897435897436,10,6,10,1
trace-driven,trace,report_thrashing_pressure,FIFO,ProportionalAllocation,8,4,1,0.0039,0.0065,1.6666666666666667,10,6,10,1
trace-driven,trace,report_thrashing_pressure,FIFO,ProportionalAllocation,8,5,0,0.0038,0.0072,1.894736842105263,10,6,10,1
trace-driven,trace,report_thrashing_pressure,FIFO,ProportionalAllocation,8,5,1,0.0038,0.0076,2.0,10,6,10,1
trace-driven,trace,report_thrashing_pressure,FIFO,ProportionalAllocation,8,6,0,0.004,0.0073,1.825,10,6,10,1
trace-driven,trace,report_thrashing_pressure,FIFO,ProportionalAllocation,8,6,1,0.0038,0.0065,1.7105263157894737,10,6,10,1
trace-driven,trace,report_thrashing_pressure,FIFO,ProportionalAllocation,8,7,0,0.004,0.0073,1.825,10,6,10,1
trace-driven,trace,report_thrashing_pressure,FIFO,ProportionalAllocation,8,7,1,0.0038,0.0064,1.6842105263157894,10,6,10,1
trace-driven,trace,report_thrashing_pressure,FIFO,ProportionalAllocation,8,8,0,0.0038,0.0073,1.9210526315789473,10,6,10,1
trace-driven,trace,report_thrashing_pressure,FIFO,ProportionalAllocation,8,8,1,0.0038,0.0069,1.8157894736842106,10,6,10,1
trace-driven,trace,report_thrashing_pressure,FIFO,ProportionalAllocation,8,9,0,0.0038,0.0072,1.894736842105263,10,6,10,1
trace-driven,trace,report_thrashing_pressure,FIFO,ProportionalAllocation,8,9,1,0.0037,0.0067,1.8108108108108107,10,6,10,1
trace-driven,trace,report_thrashing_pressure,LRU,GlobalAllocation,8,0,0,0.0064,0.0147,2.296875,10,,,
trace-driven,trace,report_thrashing_pressure,LRU,GlobalAllocation,8,0,1,0.0051,0.0139,2.7254901960784315,10,,,
trace-driven,trace,report_thrashing_pressure,LRU,GlobalAllocation,8,1,0,0.0052,0.0118,2.269230769230769,10,,,
trace-driven,trace,report_thrashing_pressure,LRU,GlobalAllocation,8,1,1,0.0047,0.0119,2.5319148936170213,10,,,
trace-driven,trace,report_thrashing_pressure,LRU,GlobalAllocation,8,2,0,0.0047,0.011,2.3404255319148937,10,,,
trace-driven,trace,report_thrashing_pressure,LRU,GlobalAllocation,8,2,1,0.0045,0.0112,2.488888888888889,10,,,
trace-driven,trace,report_thrashing_pressure,LRU,GlobalAllocation,8,3,0,0.0046,0.0105,2.282608695652174,10,,,
trace-driven,trace,report_thrashing_pressure,LRU,GlobalAllocation,8,3,1,0.0044,0.0106,2.409090909090909,10,,,
trace-driven,trace,report_thrashing_pressure,LRU,GlobalAllocation,8,4,0,0.0046,0.0105,2.282608695652174,10,,,
trace-driven,trace,report_thrashing_pressure,LRU,GlobalAllocation,8,4,1,0.0045,0.0108,2.4,10,,,
trace-driven,trace,report_thrashing_pressure,LRU,GlobalAllocation,8,5,0,0.0046,0.0105,2.282608695652174,10,,,
trace-driven,trace,report_thrashing_pressure,LRU,GlobalAllocation,8,5,1,0.0046,0.0107,2.3260869565217392,10,,,
trace-driven,trace,report_thrashing_pressure,LRU,GlobalAllocation,8,6,0,0.0046,0.0111,2.4130434782608696,10,,,
trace-driven,trace,report_thrashing_pressure,LRU,GlobalAllocation,8,6,1,0.0045,0.0104,2.311111111111111,10,,,
trace-driven,trace,report_thrashing_pressure,LRU,GlobalAllocation,8,7,0,0.0047,0.0101,2.148936170212766,10,,,
trace-driven,trace,report_thrashing_pressure,LRU,GlobalAllocation,8,7,1,0.0046,0.0105,2.282608695652174,10,,,
trace-driven,trace,report_thrashing_pressure,LRU,GlobalAllocation,8,8,0,0.0045,0.0103,2.2888888888888888,10,,,
trace-driven,trace,report_thrashing_pressure,LRU,GlobalAllocation,8,8,1,0.0048,0.0104,2.1666666666666665,10,,,
trace-driven,trace,report_thrashing_pressure,LRU,GlobalAllocation,8,9,0,0.0049,0.0105,2.142857142857143,10,,,
trace-driven,trace,report_thrashing_pressure,LRU,GlobalAllocation,8,9,1,0.0046,0.0107,2.3260869565217392,10,,,
trace-driven,trace,report_thrashing_pressure,LRU,LocalAllocation,8,0,0,0.0047,0.01,2.127659574468085,10,6,10,1
trace-driven,trace,report_thrashing_pressure,LRU,LocalAllocation,8,0,1,0.0043,0.0083,1.930232558139535,10,6,10,1
trace-driven,trace,report_thrashing_pressure,LRU,LocalAllocation,8,1,0,0.0046,0.0089,1.934782608695652,10,6,10,1
trace-driven,trace,report_thrashing_pressure,LRU,LocalAllocation,8,1,1,0.0043,0.0081,1.8837209302325582,10,6,10,1
trace-driven,trace,report_thrashing_pressure,LRU,LocalAllocation,8,2,0,0.0043,0.0085,1.9767441860465116,10,6,10,1
trace-driven,trace,report_thrashing_pressure,LRU,LocalAllocation,8,2,1,0.0042,0.008,1.9047619047619047,10,6,10,1
trace-driven,trace,report_thrashing_pressure,LRU,LocalAllocation,8,3,0,0.0043,0.0083,1.930232558139535,10,6,10,1
trace-driven,trace,report_thrashing_pressure,LRU,LocalAllocation,8,3,1,0.0044,0.0075,1.7045454545454546,10,6,10,1
trace-driven,trace,report_thrashing_pressure,LRU,LocalAllocation,8,4,0,0.0044,0.0084,1.9090909090909092,10,6,10,1
trace-driven,trace,report_thrashing_pressure,LRU,LocalAllocation,8,4,1,0.0042,0.0074,1.7619047619047619,10,6,10,1
trace-driven,trace,report_thrashing_pressure,LRU,LocalAllocation,8,5,0,0.0044,0.0086,1.9545454545454546,10,6,10,1
trace-driven,trace,report_thrashing_pressure,LRU,LocalAllocation,8,5,1,0.0042,0.0082,1.9523809523809523,10,6,10,1
trace-driven,trace,report_thrashing_pressure,LRU,LocalAllocation,8,6,0,0.0044,0.0084,1.9090909090909092,10,6,10,1
trace-driven,trace,report_thrashing_pressure,LRU,LocalAllocation,8,6,1,0.0043,0.0077,1.7906976744186047,10,6,10,1
trace-driven,trace,report_thrashing_pressure,LRU,LocalAllocation,8,7,0,0.0045,0.0084,1.8666666666666667,10,6,10,1
trace-driven,trace,report_thrashing_pressure,LRU,LocalAllocation,8,7,1,0.0043,0.0085,1.9767441860465116,10,6,10,1
trace-driven,trace,report_thrashing_pressure,LRU,LocalAllocation,8,8,0,0.0044,0.009,2.0454545454545454,10,6,10,1
trace-driven,trace,report_thrashing_pressure,LRU,LocalAllocation,8,8,1,0.0044,0.0082,1.8636363636363635,10,6,10,1
trace-driven,trace,report_thrashing_pressure,LRU,LocalAllocation,8,9,0,0.0043,0.0081,1.8837209302325582,10,6,10,1
trace-driven,trace,report_thrashing_pressure,LRU,LocalAllocation,8,9,1,0.0043,0.0075,1.744186046511628,10,6,10,1
trace-driven,trace,report_thrashing_pressure,LRU,ProportionalAllocation,8,0,0,0.0047,0.009,1.9148936170212767,10,6,10,1
trace-driven,trace,report_thrashing_pressure,LRU,ProportionalAllocation,8,0,1,0.0043,0.0083,1.930232558139535,10,6,10,1
trace-driven,trace,report_thrashing_pressure,LRU,ProportionalAllocation,8,1,0,0.0044,0.0086,1.9545454545454546,10,6,10,1
trace-driven,trace,report_thrashing_pressure,LRU,ProportionalAllocation,8,1,1,0.0043,0.0078,1.813953488372093,10,6,10,1
trace-driven,trace,report_thrashing_pressure,LRU,ProportionalAllocation,8,2,0,0.0043,0.0082,1.9069767441860466,10,6,10,1
trace-driven,trace,report_thrashing_pressure,LRU,ProportionalAllocation,8,2,1,0.0045,0.0077,1.711111111111111,10,6,10,1
trace-driven,trace,report_thrashing_pressure,LRU,ProportionalAllocation,8,3,0,0.0044,0.0083,1.8863636363636365,10,6,10,1
trace-driven,trace,report_thrashing_pressure,LRU,ProportionalAllocation,8,3,1,0.0044,0.0075,1.7045454545454546,10,6,10,1
trace-driven,trace,report_thrashing_pressure,LRU,ProportionalAllocation,8,4,0,0.0044,0.0082,1.8636363636363635,10,6,10,1
trace-driven,trace,report_thrashing_pressure,LRU,ProportionalAllocation,8,4,1,0.0043,0.0078,1.813953488372093,10,6,10,1
trace-driven,trace,report_thrashing_pressure,LRU,ProportionalAllocation,8,5,0,0.0044,0.0081,1.8409090909090908,10,6,10,1
trace-driven,trace,report_thrashing_pressure,LRU,ProportionalAllocation,8,5,1,0.0043,0.0078,1.813953488372093,10,6,10,1
trace-driven,trace,report_thrashing_pressure,LRU,ProportionalAllocation,8,6,0,0.0044,0.0084,1.9090909090909092,10,6,10,1
trace-driven,trace,report_thrashing_pressure,LRU,ProportionalAllocation,8,6,1,0.0044,0.0075,1.7045454545454546,10,6,10,1
trace-driven,trace,report_thrashing_pressure,LRU,ProportionalAllocation,8,7,0,0.0044,0.0081,1.8409090909090908,10,6,10,1
trace-driven,trace,report_thrashing_pressure,LRU,ProportionalAllocation,8,7,1,0.0044,0.008,1.8181818181818181,10,6,10,1
trace-driven,trace,report_thrashing_pressure,LRU,ProportionalAllocation,8,8,0,0.0042,0.0083,1.9761904761904763,10,6,10,1
trace-driven,trace,report_thrashing_pressure,LRU,ProportionalAllocation,8,8,1,0.0043,0.0075,1.744186046511628,10,6,10,1
trace-driven,trace,report_thrashing_pressure,LRU,ProportionalAllocation,8,9,0,0.0045,0.0091,2.022222222222222,10,6,10,1
trace-driven,trace,report_thrashing_pressure,LRU,ProportionalAllocation,8,9,1,0.0041,0.009,2.1951219512195124,10,6,10,1
trace-driven,trace,report_thrashing_pressure,NRU,GlobalAllocation,8,0,0,0.0062,0.0192,3.096774193548387,9,,,
trace-driven,trace,report_thrashing_pressure,NRU,GlobalAllocation,8,0,1,0.0065,0.0193,2.9692307692307693,9,,,
trace-driven,trace,report_thrashing_pressure,NRU,GlobalAllocation,8,1,0,0.005,0.0165,3.3,9,,,
trace-driven,trace,report_thrashing_pressure,NRU,GlobalAllocation,8,1,1,0.0045,0.017,3.7777777777777777,9,,,
trace-driven,trace,report_thrashing_pressure,NRU,GlobalAllocation,8,2,0,0.0045,0.0171,3.8,9,,,
trace-driven,trace,report_thrashing_pressure,NRU,GlobalAllocation,8,2,1,0.0044,0.0166,3.772727272727273,9,,,
trace-driven,trace,report_thrashing_pressure,NRU,GlobalAllocation,8,3,0,0.0044,0.0151,3.4318181818181817,9,,,
trace-driven,trace,report_thrashing_pressure,NRU,GlobalAllocation,8,3,1,0.0044,0.0151,3.4318181818181817,9,,,
trace-driven,trace,report_thrashing_pressure,NRU,GlobalAllocation,8,4,0,0.0047,0.0172,3.6595744680851063,9,,,
trace-driven,trace,report_thrashing_pressure,NRU,GlobalAllocation,8,4,1,0.0044,0.016,3.6363636363636362,9,,,
trace-driven,trace,report_thrashing_pressure,NRU,GlobalAllocation,8,5,0,0.0046,0.0146,3.1739130434782608,9,,,
trace-driven,trace,report_thrashing_pressure,NRU,GlobalAllocation,8,5,1,0.0048,0.0151,3.1458333333333335,9,,,
trace-driven,trace,report_thrashing_pressure,NRU,GlobalAllocation,8,6,0,0.0044,0.0148,3.3636363636363638,9,,,
trace-driven,trace,report_thrashing_pressure,NRU,GlobalAllocation,8,6,1,0.0042,0.0149,3.5476190476190474,9,,,
trace-driven,trace,report_thrashing_pressure,NRU,GlobalAllocation,8,7,0,0.0043,0.0145,3.372093023255814,9,,,
trace-driven,trace,report_thrashing_pressure,NRU,GlobalAllocation,8,7,1,0.0043,0.015,3.488372093023256,9,,,
trace-driven,trace,report_thrashing_pressure,NRU,GlobalAllocation,8,8,0,0.0044,0.0147,3.340909090909091,9,,,
trace-driven,trace,report_thrashing_pressure,NRU,GlobalAllocation,8,8,1,0.0044,0.0153,3.477272727272727,9,,,
trace-driven,trace,report_thrashing_pressure,NRU,GlobalAllocation,8,9,0,0.0042,0.0147,3.5,9,,,
trace-driven,trace,report_thrashing_pressure,NRU,GlobalAllocation,8,9,1,0.0041,0.0152,3.707317073170732,9,,,
trace-driven,trace,report_thrashing_pressure,NRU,LocalAllocation,8,0,0,0.0042,0.0132,3.142857142857143,9,5,9,0
trace-driven,trace,report_thrashing_pressure,NRU,LocalAllocation,8,0,1,0.0042,0.012,2.857142857142857,9,5,9,0
trace-driven,trace,report_thrashing_pressure,NRU,LocalAllocation,8,1,0,0.0042,0.0115,2.738095238095238,9,5,9,0
trace-driven,trace,report_thrashing_pressure,NRU,LocalAllocation,8,1,1,0.0042,0.0108,2.5714285714285716,9,5,9,0
trace-driven,trace,report_thrashing_pressure,NRU,LocalAllocation,8,2,0,0.0046,0.0113,2.4565217391304346,9,5,9,0
trace-driven,trace,report_thrashing_pressure,NRU,LocalAllocation,8,2,1,0.0041,0.0105,2.5609756097560976,9,5,9,0
trace-driven,trace,report_thrashing_pressure,NRU,LocalAllocation,8,3,0,0.0042,0.0105,2.5,9,5,9,0
trace-driven,trace,report_thrashing_pressure,NRU,LocalAllocation,8,3,1,0.0041,0.0102,2.4878048780487805,9,5,9,0
trace-driven,trace,report_thrashing_pressure,NRU,LocalAllocation,8,4,0,0.0054,0.0107,1.9814814814814814,9,5,9,0
trace-driven,trace,report_thrashing_pressure,NRU,LocalAllocation,8,4,1,0.0041,0.0102,2.4878048780487805,9,5,9,0
trace-driven,trace,report_thrashing_pressure,NRU,LocalAllocation,8,5,0,0.0041,0.0106,2.5853658536585367,9,5,9,0
trace-driven,trace,report_thrashing_pressure,NRU,LocalAllocation,8,5,1,0.0041,0.0106,2.5853658536585367,9,5,9,0
trace-driven,trace,report_thrashing_pressure,NRU,LocalAllocation,8,6,0,0.0042,0.0109,2.5952380952380953,9,5,9,0
trace-driven,trace,report_thrashing_pressure,NRU,LocalAllocation,8,6,1,0.004,0.0102,2.55,9,5,9,0
trace-driven,trace,report_thrashing_pressure,NRU,LocalAllocation,8,7,0,0.0043,0.011,2.558139534883721,9,5,9,0
trace-driven,trace,report_thrashing_pressure,NRU,LocalAllocation,8,7,1,0.0042,0.0099,2.357142857142857,9,5,9,0
trace-driven,trace,report_thrashing_pressure,NRU,LocalAllocation,8,8,0,0.0041,0.011,2.682926829268293,9,5,9,0
trace-driven,trace,report_thrashing_pressure,NRU,LocalAllocation,8,8,1,0.0041,0.0101,2.4634146341463414,9,5,9,0
trace-driven,trace,report_thrashing_pressure,NRU,LocalAllocation,8,9,0,0.0041,0.0111,2.707317073170732,9,5,9,0
trace-driven,trace,report_thrashing_pressure,NRU,LocalAllocation,8,9,1,0.0039,0.0101,2.58974358974359,9,5,9,0
trace-driven,trace,report_thrashing_pressure,NRU,ProportionalAllocation,8,0,0,0.0042,0.0119,2.8333333333333335,9,5,9,0
trace-driven,trace,report_thrashing_pressure,NRU,ProportionalAllocation,8,0,1,0.0041,0.0111,2.707317073170732,9,5,9,0
trace-driven,trace,report_thrashing_pressure,NRU,ProportionalAllocation,8,1,0,0.004,0.0113,2.825,9,5,9,0
trace-driven,trace,report_thrashing_pressure,NRU,ProportionalAllocation,8,1,1,0.0042,0.0104,2.4761904761904763,9,5,9,0
trace-driven,trace,report_thrashing_pressure,NRU,ProportionalAllocation,8,2,0,0.0043,0.0137,3.186046511627907,9,5,9,0
trace-driven,trace,report_thrashing_pressure,NRU,ProportionalAllocation,8,2,1,0.0041,0.0108,2.6341463414634148,9,5,9,0
trace-driven,trace,report_thrashing_pressure,NRU,ProportionalAllocation,8,3,0,0.0043,0.0109,2.5348837209302326,9,5,9,0
trace-driven,trace,report_thrashing_pressure,NRU,ProportionalAllocation,8,3,1,0.0041,0.0107,2.6097560975609757,9,5,9,0
trace-driven,trace,report_thrashing_pressure,NRU,ProportionalAllocation,8,4,0,0.0043,0.0109,2.5348837209302326,9,5,9,0
trace-driven,trace,report_thrashing_pressure,NRU,ProportionalAllocation,8,4,1,0.0042,0.0105,2.5,9,5,9,0
trace-driven,trace,report_thrashing_pressure,NRU,ProportionalAllocation,8,5,0,0.0042,0.0109,2.5952380952380953,9,5,9,0
trace-driven,trace,report_thrashing_pressure,NRU,ProportionalAllocation,8,5,1,0.0042,0.0104,2.4761904761904763,9,5,9,0
trace-driven,trace,report_thrashing_pressure,NRU,ProportionalAllocation,8,6,0,0.0042,0.0108,2.5714285714285716,9,5,9,0
trace-driven,trace,report_thrashing_pressure,NRU,ProportionalAllocation,8,6,1,0.0042,0.0103,2.4523809523809526,9,5,9,0
trace-driven,trace,report_thrashing_pressure,NRU,ProportionalAllocation,8,7,0,0.0042,0.011,2.619047619047619,9,5,9,0
trace-driven,trace,report_thrashing_pressure,NRU,ProportionalAllocation,8,7,1,0.0041,0.0099,2.4146341463414633,9,5,9,0
trace-driven,trace,report_thrashing_pressure,NRU,ProportionalAllocation,8,8,0,0.0042,0.0111,2.642857142857143,9,5,9,0
trace-driven,trace,report_thrashing_pressure,NRU,ProportionalAllocation,8,8,1,0.0043,0.0104,2.4186046511627906,9,5,9,0
trace-driven,trace,report_thrashing_pressure,NRU,ProportionalAllocation,8,9,0,0.0041,0.0117,2.8536585365853657,9,5,9,0
trace-driven,trace,report_thrashing_pressure,NRU,ProportionalAllocation,8,9,1,0.004,0.011,2.75,9,5,9,0
trace-driven,trace,report_thrashing_pressure,SecondChance,GlobalAllocation,8,0,0,0.0063,0.0167,2.6507936507936507,10,,,
trace-driven,trace,report_thrashing_pressure,SecondChance,GlobalAllocation,8,0,1,0.0047,0.0149,3.1702127659574466,10,,,
trace-driven,trace,report_thrashing_pressure,SecondChance,GlobalAllocation,8,1,0,0.005,0.0142,2.84,10,,,
trace-driven,trace,report_thrashing_pressure,SecondChance,GlobalAllocation,8,1,1,0.0045,0.013,2.888888888888889,10,,,
trace-driven,trace,report_thrashing_pressure,SecondChance,GlobalAllocation,8,2,0,0.0045,0.0134,2.977777777777778,10,,,
trace-driven,trace,report_thrashing_pressure,SecondChance,GlobalAllocation,8,2,1,0.0044,0.0111,2.522727272727273,10,,,
trace-driven,trace,report_thrashing_pressure,SecondChance,GlobalAllocation,8,3,0,0.0045,0.0123,2.7333333333333334,10,,,
trace-driven,trace,report_thrashing_pressure,SecondChance,GlobalAllocation,8,3,1,0.0044,0.0111,2.522727272727273,10,,,
trace-driven,trace,report_thrashing_pressure,SecondChance,GlobalAllocation,8,4,0,0.0044,0.0144,3.272727272727273,10,,,
trace-driven,trace,report_thrashing_pressure,SecondChance,GlobalAllocation,8,4,1,0.0044,0.0104,2.3636363636363638,10,,,
trace-driven,trace,report_thrashing_pressure,SecondChance,GlobalAllocation,8,5,0,0.0046,0.0129,2.8043478260869565,10,,,
trace-driven,trace,report_thrashing_pressure,SecondChance,GlobalAllocation,8,5,1,0.0043,0.011,2.558139534883721,10,,,
trace-driven,trace,report_thrashing_pressure,SecondChance,GlobalAllocation,8,6,0,0.0044,0.0126,2.8636363636363638,10,,,
trace-driven,trace,report_thrashing_pressure,SecondChance,GlobalAllocation,8,6,1,0.0044,0.0109,2.477272727272727,10,,,
trace-driven,trace,report_thrashing_pressure,SecondChance,GlobalAllocation,8,7,0,0.0046,0.0124,2.6956521739130435,10,,,
trace-driven,trace,report_thrashing_pressure,SecondChance,GlobalAllocation,8,7,1,0.0042,0.011,2.619047619047619,10,,,
trace-driven,trace,report_thrashing_pressure,SecondChance,GlobalAllocation,8,8,0,0.0044,0.0127,2.8863636363636362,10,,,
trace-driven,trace,report_thrashing_pressure,SecondChance,GlobalAllocation,8,8,1,0.0044,0.0104,2.3636363636363638,10,,,
trace-driven,trace,report_thrashing_pressure,SecondChance,GlobalAllocation,8,9,0,0.0041,0.0123,3.0,10,,,
trace-driven,trace,report_thrashing_pressure,SecondChance,GlobalAllocation,8,9,1,0.0039,0.0108,2.769230769230769,10,,,
trace-driven,trace,report_thrashing_pressure,SecondChance,LocalAllocation,8,0,0,0.0043,0.0106,2.4651162790697674,10,6,10,1
trace-driven,trace,report_thrashing_pressure,SecondChance,LocalAllocation,8,0,1,0.0043,0.0097,2.255813953488372,10,6,10,1
trace-driven,trace,report_thrashing_pressure,SecondChance,LocalAllocation,8,1,0,0.0043,0.0095,2.2093023255813953,10,6,10,1
trace-driven,trace,report_thrashing_pressure,SecondChance,LocalAllocation,8,1,1,0.0042,0.0093,2.2142857142857144,10,6,10,1
trace-driven,trace,report_thrashing_pressure,SecondChance,LocalAllocation,8,2,0,0.0045,0.0096,2.1333333333333333,10,6,10,1
trace-driven,trace,report_thrashing_pressure,SecondChance,LocalAllocation,8,2,1,0.0041,0.0091,2.2195121951219514,10,6,10,1
trace-driven,trace,report_thrashing_pressure,SecondChance,LocalAllocation,8,3,0,0.0042,0.0091,2.1666666666666665,10,6,10,1
trace-driven,trace,report_thrashing_pressure,SecondChance,LocalAllocation,8,3,1,0.004,0.0087,2.175,10,6,10,1
trace-driven,trace,report_thrashing_pressure,SecondChance,LocalAllocation,8,4,0,0.0043,0.0092,2.13953488372093,10,6,10,1
trace-driven,trace,report_thrashing_pressure,SecondChance,LocalAllocation,8,4,1,0.004,0.0086,2.15,10,6,10,1
trace-driven,trace,report_thrashing_pressure,SecondChance,LocalAllocation,8,5,0,0.0042,0.0094,2.238095238095238,10,6,10,1
trace-driven,trace,report_thrashing_pressure,SecondChance,LocalAllocation,8,5,1,0.0041,0.0086,2.097560975609756,10,6,10,1
trace-driven,trace,report_thrashing_pressure,SecondChance,LocalAllocation,8,6,0,0.0042,0.009,2.142857142857143,10,6,10,1
trace-driven,trace,report_thrashing_pressure,SecondChance,LocalAllocation,8,6,1,0.0041,0.0107,2.6097560975609757,10,6,10,1
trace-driven,trace,report_thrashing_pressure,SecondChance,LocalAllocation,8,7,0,0.0042,0.0092,2.1904761904761907,10,6,10,1
trace-driven,trace,report_thrashing_pressure,SecondChance,LocalAllocation,8,7,1,0.0042,0.0089,2.119047619047619,10,6,10,1
trace-driven,trace,report_thrashing_pressure,SecondChance,LocalAllocation,8,8,0,0.0043,0.0092,2.13953488372093,10,6,10,1
trace-driven,trace,report_thrashing_pressure,SecondChance,LocalAllocation,8,8,1,0.0041,0.0088,2.1463414634146343,10,6,10,1
trace-driven,trace,report_thrashing_pressure,SecondChance,LocalAllocation,8,9,0,0.0042,0.0091,2.1666666666666665,10,6,10,1
trace-driven,trace,report_thrashing_pressure,SecondChance,LocalAllocation,8,9,1,0.004,0.0086,2.15,10,6,10,1
trace-driven,trace,report_thrashing_pressure,SecondChance,ProportionalAllocation,8,0,0,0.0047,0.0102,2.1702127659574466,10,6,10,1
trace-driven,trace,report_thrashing_pressure,SecondChance,ProportionalAllocation,8,0,1,0.0041,0.0092,2.2439024390243905,10,6,10,1
trace-driven,trace,report_thrashing_pressure,SecondChance,ProportionalAllocation,8,1,0,0.0044,0.0091,2.0681818181818183,10,6,10,1
trace-driven,trace,report_thrashing_pressure,SecondChance,ProportionalAllocation,8,1,1,0.0041,0.0086,2.097560975609756,10,6,10,1
trace-driven,trace,report_thrashing_pressure,SecondChance,ProportionalAllocation,8,2,0,0.0042,0.0092,2.1904761904761907,10,6,10,1
trace-driven,trace,report_thrashing_pressure,SecondChance,ProportionalAllocation,8,2,1,0.0041,0.0085,2.073170731707317,10,6,10,1
trace-driven,trace,report_thrashing_pressure,SecondChance,ProportionalAllocation,8,3,0,0.0042,0.0093,2.2142857142857144,10,6,10,1
trace-driven,trace,report_thrashing_pressure,SecondChance,ProportionalAllocation,8,3,1,0.0039,0.0085,2.1794871794871793,10,6,10,1
trace-driven,trace,report_thrashing_pressure,SecondChance,ProportionalAllocation,8,4,0,0.0042,0.0091,2.1666666666666665,10,6,10,1
trace-driven,trace,report_thrashing_pressure,SecondChance,ProportionalAllocation,8,4,1,0.0042,0.0085,2.0238095238095237,10,6,10,1
trace-driven,trace,report_thrashing_pressure,SecondChance,ProportionalAllocation,8,5,0,0.0043,0.0092,2.13953488372093,10,6,10,1
trace-driven,trace,report_thrashing_pressure,SecondChance,ProportionalAllocation,8,5,1,0.0041,0.0085,2.073170731707317,10,6,10,1
trace-driven,trace,report_thrashing_pressure,SecondChance,ProportionalAllocation,8,6,0,0.0042,0.009,2.142857142857143,10,6,10,1
trace-driven,trace,report_thrashing_pressure,SecondChance,ProportionalAllocation,8,6,1,0.0042,0.0085,2.0238095238095237,10,6,10,1
trace-driven,trace,report_thrashing_pressure,SecondChance,ProportionalAllocation,8,7,0,0.0041,0.0089,2.1707317073170733,10,6,10,1
trace-driven,trace,report_thrashing_pressure,SecondChance,ProportionalAllocation,8,7,1,0.0041,0.0088,2.1463414634146343,10,6,10,1
trace-driven,trace,report_thrashing_pressure,SecondChance,ProportionalAllocation,8,8,0,0.0041,0.0093,2.268292682926829,10,6,10,1
trace-driven,trace,report_thrashing_pressure,SecondChance,ProportionalAllocation,8,8,1,0.004,0.0095,2.375,10,6,10,1
trace-driven,trace,report_thrashing_pressure,SecondChance,ProportionalAllocation,8,9,0,0.004,0.0091,2.275,10,6,10,1
trace-driven,trace,report_thrashing_pressure,SecondChance,ProportionalAllocation,8,9,1,0.0041,0.0084,2.048780487804878,10,6,10,1
trace-driven,trace,report_thrashing_pressure,WSClock,GlobalAllocation,8,0,0,0.0063,0.0341,5.412698412698413,10,,,
trace-driven,trace,report_thrashing_pressure,WSClock,GlobalAllocation,8,0,1,0.0048,0.0338,7.041666666666667,10,,,
trace-driven,trace,report_thrashing_pressure,WSClock,GlobalAllocation,8,1,0,0.0052,0.0314,6.038461538461538,10,,,
trace-driven,trace,report_thrashing_pressure,WSClock,GlobalAllocation,8,1,1,0.0044,0.0319,7.25,10,,,
trace-driven,trace,report_thrashing_pressure,WSClock,GlobalAllocation,8,2,0,0.0046,0.0313,6.804347826086956,10,,,
trace-driven,trace,report_thrashing_pressure,WSClock,GlobalAllocation,8,2,1,0.0045,0.0306,6.8,10,,,
trace-driven,trace,report_thrashing_pressure,WSClock,GlobalAllocation,8,3,0,0.0046,0.0301,6.543478260869565,10,,,
trace-driven,trace,report_thrashing_pressure,WSClock,GlobalAllocation,8,3,1,0.0042,0.0301,7.166666666666667,10,,,
trace-driven,trace,report_thrashing_pressure,WSClock,GlobalAllocation,8,4,0,0.0043,0.03,6.976744186046512,10,,,
trace-driven,trace,report_thrashing_pressure,WSClock,GlobalAllocation,8,4,1,0.0043,0.0302,7.023255813953488,10,,,
trace-driven,trace,report_thrashing_pressure,WSClock,GlobalAllocation,8,5,0,0.0045,0.0299,6.644444444444445,10,,,
trace-driven,trace,report_thrashing_pressure,WSClock,GlobalAllocation,8,5,1,0.0043,0.03,6.976744186046512,10,,,
trace-driven,trace,report_thrashing_pressure,WSClock,GlobalAllocation,8,6,0,0.0044,0.0302,6.863636363636363,10,,,
trace-driven,trace,report_thrashing_pressure,WSClock,GlobalAllocation,8,6,1,0.0043,0.0301,7.0,10,,,
trace-driven,trace,report_thrashing_pressure,WSClock,GlobalAllocation,8,7,0,0.0044,0.0298,6.7727272727272725,10,,,
trace-driven,trace,report_thrashing_pressure,WSClock,GlobalAllocation,8,7,1,0.0044,0.0301,6.840909090909091,10,,,
trace-driven,trace,report_thrashing_pressure,WSClock,GlobalAllocation,8,8,0,0.0045,0.0289,6.4222222222222225,10,,,
trace-driven,trace,report_thrashing_pressure,WSClock,GlobalAllocation,8,8,1,0.0045,0.0301,6.688888888888889,10,,,
trace-driven,trace,report_thrashing_pressure,WSClock,GlobalAllocation,8,9,0,0.0046,0.0298,6.478260869565218,10,,,
trace-driven,trace,report_thrashing_pressure,WSClock,GlobalAllocation,8,9,1,0.0043,0.0301,7.0,10,,,
trace-driven,trace,report_thrashing_pressure,WSClock,LocalAllocation,8,0,0,0.0078,0.0342,4.384615384615385,10,6,10,1
trace-driven,trace,report_thrashing_pressure,WSClock,LocalAllocation,8,0,1,0.0073,0.0327,4.47945205479452,10,6,10,1
trace-driven,trace,report_thrashing_pressure,WSClock,LocalAllocation,8,1,0,0.0085,0.0313,3.6823529411764704,10,6,10,1
trace-driven,trace,report_thrashing_pressure,WSClock,LocalAllocation,8,1,1,0.0076,0.0286,3.763157894736842,10,6,10,1
trace-driven,trace,report_thrashing_pressure,WSClock,LocalAllocation,8,2,0,0.0075,0.0301,4.013333333333334,10,6,10,1
trace-driven,trace,report_thrashing_pressure,WSClock,LocalAllocation,8,2,1,0.0064,0.0285,4.453125,10,6,10,1
trace-driven,trace,report_thrashing_pressure,WSClock,LocalAllocation,8,3,0,0.0042,0.0175,4.166666666666667,10,6,10,1
trace-driven,trace,report_thrashing_pressure,WSClock,LocalAllocation,8,3,1,0.0041,0.0168,4.097560975609756,10,6,10,1
trace-driven,trace,report_thrashing_pressure,WSClock,LocalAllocation,8,4,0,0.0042,0.0176,4.190476190476191,10,6,10,1
trace-driven,trace,report_thrashing_pressure,WSClock,LocalAllocation,8,4,1,0.0041,0.0173,4.219512195121951,10,6,10,1
trace-driven,trace,report_thrashing_pressure,WSClock,LocalAllocation,8,5,0,0.0043,0.0172,4.0,10,6,10,1
trace-driven,trace,report_thrashing_pressure,WSClock,LocalAllocation,8,5,1,0.0041,0.0169,4.121951219512195,10,6,10,1
trace-driven,trace,report_thrashing_pressure,WSClock,LocalAllocation,8,6,0,0.0042,0.0175,4.166666666666667,10,6,10,1
trace-driven,trace,report_thrashing_pressure,WSClock,LocalAllocation,8,6,1,0.0041,0.0171,4.170731707317073,10,6,10,1
trace-driven,trace,report_thrashing_pressure,WSClock,LocalAllocation,8,7,0,0.0043,0.0176,4.093023255813954,10,6,10,1
trace-driven,trace,report_thrashing_pressure,WSClock,LocalAllocation,8,7,1,0.0041,0.0171,4.170731707317073,10,6,10,1
trace-driven,trace,report_thrashing_pressure,WSClock,LocalAllocation,8,8,0,0.0042,0.0173,4.119047619047619,10,6,10,1
trace-driven,trace,report_thrashing_pressure,WSClock,LocalAllocation,8,8,1,0.004,0.0171,4.275,10,6,10,1
trace-driven,trace,report_thrashing_pressure,WSClock,LocalAllocation,8,9,0,0.0042,0.0171,4.071428571428571,10,6,10,1
trace-driven,trace,report_thrashing_pressure,WSClock,LocalAllocation,8,9,1,0.004,0.0164,4.1,10,6,10,1
trace-driven,trace,report_thrashing_pressure,WSClock,ProportionalAllocation,8,0,0,0.0082,0.0326,3.975609756097561,10,6,10,1
trace-driven,trace,report_thrashing_pressure,WSClock,ProportionalAllocation,8,0,1,0.0079,0.0311,3.9367088607594938,10,6,10,1
trace-driven,trace,report_thrashing_pressure,WSClock,ProportionalAllocation,8,1,0,0.0077,0.0317,4.116883116883117,10,6,10,1
trace-driven,trace,report_thrashing_pressure,WSClock,ProportionalAllocation,8,1,1,0.0076,0.0315,4.144736842105263,10,6,10,1
trace-driven,trace,report_thrashing_pressure,WSClock,ProportionalAllocation,8,2,0,0.0077,0.0329,4.2727272727272725,10,6,10,1
trace-driven,trace,report_thrashing_pressure,WSClock,ProportionalAllocation,8,2,1,0.0075,0.0314,4.1866666666666665,10,6,10,1
trace-driven,trace,report_thrashing_pressure,WSClock,ProportionalAllocation,8,3,0,0.0066,0.0318,4.818181818181818,10,6,10,1
trace-driven,trace,report_thrashing_pressure,WSClock,ProportionalAllocation,8,3,1,0.0041,0.0308,7.512195121951219,10,6,10,1
trace-driven,trace,report_thrashing_pressure,WSClock,ProportionalAllocation,8,4,0,0.0043,0.0172,4.0,10,6,10,1
trace-driven,trace,report_thrashing_pressure,WSClock,ProportionalAllocation,8,4,1,0.0041,0.0166,4.048780487804878,10,6,10,1
trace-driven,trace,report_thrashing_pressure,WSClock,ProportionalAllocation,8,5,0,0.0044,0.0177,4.0227272727272725,10,6,10,1
trace-driven,trace,report_thrashing_pressure,WSClock,ProportionalAllocation,8,5,1,0.0042,0.0167,3.9761904761904763,10,6,10,1
trace-driven,trace,report_thrashing_pressure,WSClock,ProportionalAllocation,8,6,0,0.0043,0.0178,4.1395348837209305,10,6,10,1
trace-driven,trace,report_thrashing_pressure,WSClock,ProportionalAllocation,8,6,1,0.0042,0.0167,3.9761904761904763,10,6,10,1
trace-driven,trace,report_thrashing_pressure,WSClock,ProportionalAllocation,8,7,0,0.0044,0.0174,3.9545454545454546,10,6,10,1
trace-driven,trace,report_thrashing_pressure,WSClock,ProportionalAllocation,8,7,1,0.0041,0.0171,4.170731707317073,10,6,10,1
trace-driven,trace,report_thrashing_pressure,WSClock,ProportionalAllocation,8,8,0,0.0042,0.0175,4.166666666666667,10,6,10,1
trace-driven,trace,report_thrashing_pressure,WSClock,ProportionalAllocation,8,8,1,0.0041,0.017,4.146341463414634,10,6,10,1
trace-driven,trace,report_thrashing_pressure,WSClock,ProportionalAllocation,8,9,0,0.0042,0.017,4.0476190476190474,10,6,10,1
trace-driven,trace,report_thrashing_pressure,WSClock,ProportionalAllocation,8,9,1,0.004,0.0167,4.175,10,6,10,1
trace-driven,trace,report_thrashing_pressure,FIFO,GlobalAllocation,10,0,0,0.0059,0.0071,1.2033898305084745,5,,,
trace-driven,trace,report_thrashing_pressure,FIFO,GlobalAllocation,10,0,1,0.0052,0.008,1.5384615384615385,5,,,
trace-driven,trace,report_thrashing_pressure,FIFO,GlobalAllocation,10,1,0,0.0049,0.0076,1.5510204081632653,5,,,
trace-driven,trace,report_thrashing_pressure,FIFO,GlobalAllocation,10,1,1,0.0043,0.007,1.627906976744186,5,,,
trace-driven,trace,report_thrashing_pressure,FIFO,GlobalAllocation,10,2,0,0.0042,0.0058,1.380952380952381,5,,,
trace-driven,trace,report_thrashing_pressure,FIFO,GlobalAllocation,10,2,1,0.0041,0.0064,1.5609756097560976,5,,,
trace-driven,trace,report_thrashing_pressure,FIFO,GlobalAllocation,10,3,0,0.0042,0.0053,1.2619047619047619,5,,,
trace-driven,trace,report_thrashing_pressure,FIFO,GlobalAllocation,10,3,1,0.0042,0.006,1.4285714285714286,5,,,
trace-driven,trace,report_thrashing_pressure,FIFO,GlobalAllocation,10,4,0,0.0043,0.005,1.1627906976744187,5,,,
trace-driven,trace,report_thrashing_pressure,FIFO,GlobalAllocation,10,4,1,0.0042,0.0058,1.380952380952381,5,,,
trace-driven,trace,report_thrashing_pressure,FIFO,GlobalAllocation,10,5,0,0.0041,0.0055,1.3414634146341464,5,,,
trace-driven,trace,report_thrashing_pressure,FIFO,GlobalAllocation,10,5,1,0.0056,0.0057,1.0178571428571428,5,,,
trace-driven,trace,report_thrashing_pressure,FIFO,GlobalAllocation,10,6,0,0.0043,0.0071,1.6511627906976745,5,,,
trace-driven,trace,report_thrashing_pressure,FIFO,GlobalAllocation,10,6,1,0.004,0.0078,1.95,5,,,
trace-driven,trace,report_thrashing_pressure,FIFO,GlobalAllocation,10,7,0,0.0043,0.0054,1.255813953488372,5,,,
trace-driven,trace,report_thrashing_pressure,FIFO,GlobalAllocation,10,7,1,0.0045,0.0061,1.3555555555555556,5,,,
trace-driven,trace,report_thrashing_pressure,FIFO,GlobalAllocation,10,8,0,0.0041,0.0051,1.2439024390243902,5,,,
trace-driven,trace,report_thrashing_pressure,FIFO,GlobalAllocation,10,8,1,0.0042,0.0058,1.380952380952381,5,,,
trace-driven,trace,report_thrashing_pressure,FIFO,GlobalAllocation,10,9,0,0.004,0.0051,1.275,5,,,
trace-driven,trace,report_thrashing_pressure,FIFO,GlobalAllocation,10,9,1,0.004,0.0059,1.475,5,,,
trace-driven,trace,report_thrashing_pressure,FIFO,LocalAllocation,10,0,0,0.0043,0.0056,1.302325581395349,5,0,5,0
trace-driven,trace,report_thrashing_pressure,FIFO,LocalAllocation,10,0,1,0.0041,0.0046,1.1219512195121952,5,0,5,0
trace-driven,trace,report_thrashing_pressure,FIFO,LocalAllocation,10,1,0,0.0041,0.0046,1.1219512195121952,5,0,5,0
trace-driven,trace,report_thrashing_pressure,FIFO,LocalAllocation,10,1,1,0.0041,0.0041,1.0,5,0,5,0
trace-driven,trace,report_thrashing_pressure,FIFO,LocalAllocation,10,2,0,0.0042,0.0043,1.0238095238095237,5,0,5,0
trace-driven,trace,report_thrashing_pressure,FIFO,LocalAllocation,10,2,1,0.0041,0.0041,1.0,5,0,5,0
trace-driven,trace,report_thrashing_pressure,FIFO,LocalAllocation,10,3,0,0.004,0.0044,1.1,5,0,5,0
trace-driven,trace,report_thrashing_pressure,FIFO,LocalAllocation,10,3,1,0.0041,0.0037,0.9024390243902439,5,0,5,0
trace-driven,trace,report_thrashing_pressure,FIFO,LocalAllocation,10,4,0,0.004,0.0043,1.075,5,0,5,0
trace-driven,trace,report_thrashing_pressure,FIFO,LocalAllocation,10,4,1,0.0039,0.0035,0.8974358974358975,5,0,5,0
trace-driven,trace,report_thrashing_pressure,FIFO,LocalAllocation,10,5,0,0.004,0.0042,1.05,5,0,5,0
trace-driven,trace,report_thrashing_pressure,FIFO,LocalAllocation,10,5,1,0.0039,0.0038,0.9743589743589743,5,0,5,0
trace-driven,trace,report_thrashing_pressure,FIFO,LocalAllocation,10,6,0,0.0041,0.0044,1.0731707317073171,5,0,5,0
trace-driven,trace,report_thrashing_pressure,FIFO,LocalAllocation,10,6,1,0.0039,0.0037,0.9487179487179487,5,0,5,0
trace-driven,trace,report_thrashing_pressure,FIFO,LocalAllocation,10,7,0,0.004,0.0042,1.05,5,0,5,0
trace-driven,trace,report_thrashing_pressure,FIFO,LocalAllocation,10,7,1,0.004,0.0038,0.95,5,0,5,0
trace-driven,trace,report_thrashing_pressure,FIFO,LocalAllocation,10,8,0,0.004,0.0042,1.05,5,0,5,0
trace-driven,trace,report_thrashing_pressure,FIFO,LocalAllocation,10,8,1,0.0039,0.0038,0.9743589743589743,5,0,5,0
trace-driven,trace,report_thrashing_pressure,FIFO,LocalAllocation,10,9,0,0.004,0.0044,1.1,5,0,5,0
trace-driven,trace,report_thrashing_pressure,FIFO,LocalAllocation,10,9,1,0.0038,0.004,1.0526315789473684,5,0,5,0
trace-driven,trace,report_thrashing_pressure,FIFO,ProportionalAllocation,10,0,0,0.0043,0.005,1.1627906976744187,5,0,5,0
trace-driven,trace,report_thrashing_pressure,FIFO,ProportionalAllocation,10,0,1,0.004,0.0045,1.125,5,0,5,0
trace-driven,trace,report_thrashing_pressure,FIFO,ProportionalAllocation,10,1,0,0.004,0.0047,1.175,5,0,5,0
trace-driven,trace,report_thrashing_pressure,FIFO,ProportionalAllocation,10,1,1,0.0039,0.0042,1.0769230769230769,5,0,5,0
trace-driven,trace,report_thrashing_pressure,FIFO,ProportionalAllocation,10,2,0,0.004,0.0044,1.1,5,0,5,0
trace-driven,trace,report_thrashing_pressure,FIFO,ProportionalAllocation,10,2,1,0.0039,0.0038,0.9743589743589743,5,0,5,0
trace-driven,trace,report_thrashing_pressure,FIFO,ProportionalAllocation,10,3,0,0.0039,0.0042,1.0769230769230769,5,0,5,0
trace-driven,trace,report_thrashing_pressure,FIFO,ProportionalAllocation,10,3,1,0.0039,0.0036,0.9230769230769231,5,0,5,0
trace-driven,trace,report_thrashing_pressure,FIFO,ProportionalAllocation,10,4,0,0.004,0.0038,0.95,5,0,5,0
trace-driven,trace,report_thrashing_pressure,FIFO,ProportionalAllocation,10,4,1,0.0039,0.0038,0.9743589743589743,5,0,5,0
trace-driven,trace,report_thrashing_pressure,FIFO,ProportionalAllocation,10,5,0,0.0041,0.0044,1.0731707317073171,5,0,5,0
trace-driven,trace,report_thrashing_pressure,FIFO,ProportionalAllocation,10,5,1,0.004,0.0036,0.9,5,0,5,0
trace-driven,trace,report_thrashing_pressure,FIFO,ProportionalAllocation,10,6,0,0.004,0.0042,1.05,5,0,5,0
trace-driven,trace,report_thrashing_pressure,FIFO,ProportionalAllocation,10,6,1,0.0041,0.0039,0.9512195121951219,5,0,5,0
trace-driven,trace,report_thrashing_pressure,FIFO,ProportionalAllocation,10,7,0,0.0039,0.004,1.0256410256410255,5,0,5,0
trace-driven,trace,report_thrashing_pressure,FIFO,ProportionalAllocation,10,7,1,0.0037,0.0037,1.0,5,0,5,0
trace-driven,trace,report_thrashing_pressure,FIFO,ProportionalAllocation,10,8,0,0.0039,0.004,1.0256410256410255,5,0,5,0
trace-driven,trace,report_thrashing_pressure,FIFO,ProportionalAllocation,10,8,1,0.0038,0.0039,1.0263157894736843,5,0,5,0
trace-driven,trace,report_thrashing_pressure,FIFO,ProportionalAllocation,10,9,0,0.004,0.0043,1.075,5,0,5,0
trace-driven,trace,report_thrashing_pressure,FIFO,ProportionalAllocation,10,9,1,0.0037,0.0038,1.027027027027027,5,0,5,0
trace-driven,trace,report_thrashing_pressure,LRU,GlobalAllocation,10,0,0,0.0067,0.0093,1.3880597014925373,5,,,
trace-driven,trace,report_thrashing_pressure,LRU,GlobalAllocation,10,0,1,0.0054,0.0094,1.7407407407407407,5,,,
trace-driven,trace,report_thrashing_pressure,LRU,GlobalAllocation,10,1,0,0.0052,0.0088,1.6923076923076923,5,,,
trace-driven,trace,report_thrashing_pressure,LRU,GlobalAllocation,10,1,1,0.0045,0.0079,1.7555555555555555,5,,,
trace-driven,trace,report_thrashing_pressure,LRU,GlobalAllocation,10,2,0,0.0046,0.0066,1.434782608695652,5,,,
trace-driven,trace,report_thrashing_pressure,LRU,GlobalAllocation,10,2,1,0.0059,0.007,1.1864406779661016,5,,,
trace-driven,trace,report_thrashing_pressure,LRU,GlobalAllocation,10,3,0,0.0046,0.0063,1.3695652173913044,5,,,
trace-driven,trace,report_thrashing_pressure,LRU,GlobalAllocation,10,3,1,0.0045,0.0068,1.511111111111111,5,,,
trace-driven,trace,report_thrashing_pressure,LRU,GlobalAllocation,10,4,0,0.0048,0.0062,1.2916666666666667,5,,,
trace-driven,trace,report_thrashing_pressure,LRU,GlobalAllocation,10,4,1,0.0046,0.0069,1.5,5,,,
trace-driven,trace,report_thrashing_pressure,LRU,GlobalAllocation,10,5,0,0.0047,0.0062,1.3191489361702127,5,,,
trace-driven,trace,report_thrashing_pressure,LRU,GlobalAllocation,10,5,1,0.0047,0.0073,1.553191489361702,5,,,
trace-driven,trace,report_thrashing_pressure,LRU,GlobalAllocation,10,6,0,0.0045,0.0062,1.3777777777777778,5,,,
trace-driven,trace,report_thrashing_pressure,LRU,GlobalAllocation,10,6,1,0.0045,0.0069,1.5333333333333334,5,,,
trace-driven,trace,report_thrashing_pressure,LRU,GlobalAllocation,10,7,0,0.0045,0.0062,1.3777777777777778,5,,,
trace-driven,trace,report_thrashing_pressure,LRU,GlobalAllocation,10,7,1,0.0043,0.0068,1.5813953488372092,5,,,
trace-driven,trace,report_thrashing_pressure,LRU,GlobalAllocation,10,8,0,0.0045,0.0059,1.3111111111111111,5,,,
trace-driven,trace,report_thrashing_pressure,LRU,GlobalAllocation,10,8,1,0.0046,0.0067,1.4565217391304348,5,,,
trace-driven,trace,report_thrashing_pressure,LRU,GlobalAllocation,10,9,0,0.0046,0.0061,1.326086956521739,5,,,
trace-driven,trace,report_thrashing_pressure,LRU,GlobalAllocation,10,9,1,0.0043,0.0068,1.5813953488372092,5,,,
trace-driven,trace,report_thrashing_pressure,LRU,LocalAllocation,10,0,0,0.0047,0.006,1.2765957446808511,5,0,5,0
trace-driven,trace,report_thrashing_pressure,LRU,LocalAllocation,10,0,1,0.0045,0.0055,1.2222222222222223,5,0,5,0
trace-driven,trace,report_thrashing_pressure,LRU,LocalAllocation,10,1,0,0.0043,0.0053,1.2325581395348837,5,0,5,0
trace-driven,trace,report_thrashing_pressure,LRU,LocalAllocation,10,1,1,0.0044,0.0047,1.0681818181818181,5,0,5,0
trace-driven,trace,report_thrashing_pressure,LRU,LocalAllocation,10,2,0,0.0045,0.0052,1.1555555555555554,5,0,5,0
trace-driven,trace,report_thrashing_pressure,LRU,LocalAllocation,10,2,1,0.0059,0.0046,0.7796610169491526,5,0,5,0
trace-driven,trace,report_thrashing_pressure,LRU,LocalAllocation,10,3,0,0.0044,0.0046,1.0454545454545454,5,0,5,0
trace-driven,trace,report_thrashing_pressure,LRU,LocalAllocation,10,3,1,0.0044,0.0044,1.0,5,0,5,0
trace-driven,trace,report_thrashing_pressure,LRU,LocalAllocation,10,4,0,0.0046,0.0047,1.0217391304347827,5,0,5,0
trace-driven,trace,report_thrashing_pressure,LRU,LocalAllocation,10,4,1,0.0044,0.0044,1.0,5,0,5,0
trace-driven,trace,report_thrashing_pressure,LRU,LocalAllocation,10,5,0,0.0045,0.0051,1.1333333333333333,5,0,5,0
trace-driven,trace,report_thrashing_pressure,LRU,LocalAllocation,10,5,1,0.0042,0.0044,1.0476190476190477,5,0,5,0
trace-driven,trace,report_thrashing_pressure,LRU,LocalAllocation,10,6,0,0.0061,0.0047,0.7704918032786885,5,0,5,0
trace-driven,trace,report_thrashing_pressure,LRU,LocalAllocation,10,6,1,0.0046,0.0041,0.8913043478260869,5,0,5,0
trace-driven,trace,report_thrashing_pressure,LRU,LocalAllocation,10,7,0,0.0044,0.0062,1.4090909090909092,5,0,5,0
trace-driven,trace,report_thrashing_pressure,LRU,LocalAllocation,10,7,1,0.0044,0.0048,1.0909090909090908,5,0,5,0
trace-driven,trace,report_thrashing_pressure,LRU,LocalAllocation,10,8,0,0.0045,0.0047,1.0444444444444445,5,0,5,0
trace-driven,trace,report_thrashing_pressure,LRU,LocalAllocation,10,8,1,0.0045,0.0044,0.9777777777777777,5,0,5,0
trace-driven,trace,report_thrashing_pressure,LRU,LocalAllocation,10,9,0,0.0044,0.0049,1.1136363636363635,5,0,5,0
trace-driven,trace,report_thrashing_pressure,LRU,LocalAllocation,10,9,1,0.0044,0.0043,0.9772727272727273,5,0,5,0
trace-driven,trace,report_thrashing_pressure,LRU,ProportionalAllocation,10,0,0,0.0046,0.0054,1.173913043478261,5,0,5,0
trace-driven,trace,report_thrashing_pressure,LRU,ProportionalAllocation,10,0,1,0.0042,0.0049,1.1666666666666667,5,0,5,0
trace-driven,trace,report_thrashing_pressure,LRU,ProportionalAllocation,10,1,0,0.0045,0.005,1.1111111111111112,5,0,5,0
trace-driven,trace,report_thrashing_pressure,LRU,ProportionalAllocation,10,1,1,0.0045,0.0047,1.0444444444444445,5,0,5,0
trace-driven,trace,report_thrashing_pressure,LRU,ProportionalAllocation,10,2,0,0.0044,0.0047,1.0681818181818181,5,0,5,0
trace-driven,trace,report_thrashing_pressure,LRU,ProportionalAllocation,10,2,1,0.0043,0.0046,1.069767441860465,5,0,5,0
trace-driven,trace,report_thrashing_pressure,LRU,ProportionalAllocation,10,3,0,0.0046,0.0049,1.065217391304348,5,0,5,0
trace-driven,trace,report_thrashing_pressure,LRU,ProportionalAllocation,10,3,1,0.0063,0.0043,0.6825396825396826,5,0,5,0
trace-driven,trace,report_thrashing_pressure,LRU,ProportionalAllocation,10,4,0,0.0045,0.005,1.1111111111111112,5,0,5,0
trace-driven,trace,report_thrashing_pressure,LRU,ProportionalAllocation,10,4,1,0.0042,0.0044,1.0476190476190477,5,0,5,0
trace-driven,trace,report_thrashing_pressure,LRU,ProportionalAllocation,10,5,0,0.0045,0.0049,1.0888888888888888,5,0,5,0
trace-driven,trace,report_thrashing_pressure,LRU,ProportionalAllocation,10,5,1,0.0042,0.0045,1.0714285714285714,5,0,5,0
trace-driven,trace,report_thrashing_pressure,LRU,ProportionalAllocation,10,6,0,0.0044,0.005,1.1363636363636365,5,0,5,0
trace-driven,trace,report_thrashing_pressure,LRU,ProportionalAllocation,10,6,1,0.005,0.0046,0.92,5,0,5,0
trace-driven,trace,report_thrashing_pressure,LRU,ProportionalAllocation,10,7,0,0.0043,0.0047,1.0930232558139534,5,0,5,0
trace-driven,trace,report_thrashing_pressure,LRU,ProportionalAllocation,10,7,1,0.0042,0.0044,1.0476190476190477,5,0,5,0
trace-driven,trace,report_thrashing_pressure,LRU,ProportionalAllocation,10,8,0,0.0043,0.005,1.1627906976744187,5,0,5,0
trace-driven,trace,report_thrashing_pressure,LRU,ProportionalAllocation,10,8,1,0.0042,0.0042,1.0,5,0,5,0
trace-driven,trace,report_thrashing_pressure,LRU,ProportionalAllocation,10,9,0,0.0043,0.0047,1.0930232558139534,5,0,5,0
trace-driven,trace,report_thrashing_pressure,LRU,ProportionalAllocation,10,9,1,0.0043,0.0045,1.0465116279069768,5,0,5,0
trace-driven,trace,report_thrashing_pressure,NRU,GlobalAllocation,10,0,0,0.0061,0.0078,1.278688524590164,5,,,
trace-driven,trace,report_thrashing_pressure,NRU,GlobalAllocation,10,0,1,0.0051,0.0085,1.6666666666666667,5,,,
trace-driven,trace,report_thrashing_pressure,NRU,GlobalAllocation,10,1,0,0.0048,0.0079,1.6458333333333333,5,,,
trace-driven,trace,report_thrashing_pressure,NRU,GlobalAllocation,10,1,1,0.0045,0.0078,1.7333333333333334,5,,,
trace-driven,trace,report_thrashing_pressure,NRU,GlobalAllocation,10,2,0,0.0044,0.0064,1.4545454545454546,5,,,
trace-driven,trace,report_thrashing_pressure,NRU,GlobalAllocation,10,2,1,0.0044,0.0068,1.5454545454545454,5,,,
trace-driven,trace,report_thrashing_pressure,NRU,GlobalAllocation,10,3,0,0.0042,0.0061,1.4523809523809523,5,,,
trace-driven,trace,report_thrashing_pressure,NRU,GlobalAllocation,10,3,1,0.0043,0.0069,1.6046511627906976,5,,,
trace-driven,trace,report_thrashing_pressure,NRU,GlobalAllocation,10,4,0,0.0042,0.0059,1.4047619047619047,5,,,
trace-driven,trace,report_thrashing_pressure,NRU,GlobalAllocation,10,4,1,0.0044,0.0065,1.4772727272727273,5,,,
trace-driven,trace,report_thrashing_pressure,NRU,GlobalAllocation,10,5,0,0.0045,0.0062,1.3777777777777778,5,,,
trace-driven,trace,report_thrashing_pressure,NRU,GlobalAllocation,10,5,1,0.0045,0.0067,1.488888888888889,5,,,
trace-driven,trace,report_thrashing_pressure,NRU,GlobalAllocation,10,6,0,0.0044,0.0061,1.3863636363636365,5,,,
trace-driven,trace,report_thrashing_pressure,NRU,GlobalAllocation,10,6,1,0.0043,0.0065,1.5116279069767442,5,,,
trace-driven,trace,report_thrashing_pressure,NRU,GlobalAllocation,10,7,0,0.0043,0.0059,1.372093023255814,5,,,
trace-driven,trace,report_thrashing_pressure,NRU,GlobalAllocation,10,7,1,0.0043,0.0065,1.5116279069767442,5,,,
trace-driven,trace,report_thrashing_pressure,NRU,GlobalAllocation,10,8,0,0.0042,0.0061,1.4523809523809523,5,,,
trace-driven,trace,report_thrashing_pressure,NRU,GlobalAllocation,10,8,1,0.0046,0.0066,1.434782608695652,5,,,
trace-driven,trace,report_thrashing_pressure,NRU,GlobalAllocation,10,9,0,0.0043,0.0063,1.4651162790697674,5,,,
trace-driven,trace,report_thrashing_pressure,NRU,GlobalAllocation,10,9,1,0.0043,0.0065,1.5116279069767442,5,,,
trace-driven,trace,report_thrashing_pressure,NRU,LocalAllocation,10,0,0,0.0044,0.0059,1.3409090909090908,5,0,5,0
trace-driven,trace,report_thrashing_pressure,NRU,LocalAllocation,10,0,1,0.0042,0.0052,1.2380952380952381,5,0,5,0
trace-driven,trace,report_thrashing_pressure,NRU,LocalAllocation,10,1,0,0.0055,0.005,0.9090909090909091,5,0,5,0
trace-driven,trace,report_thrashing_pressure,NRU,LocalAllocation,10,1,1,0.0043,0.0046,1.069767441860465,5,0,5,0
trace-driven,trace,report_thrashing_pressure,NRU,LocalAllocation,10,2,0,0.0043,0.0049,1.1395348837209303,5,0,5,0
trace-driven,trace,report_thrashing_pressure,NRU,LocalAllocation,10,2,1,0.0041,0.0042,1.024390243902439,5,0,5,0
trace-driven,trace,report_thrashing_pressure,NRU,LocalAllocation,10,3,0,0.0044,0.0049,1.1136363636363635,5,0,5,0
trace-driven,trace,report_thrashing_pressure,NRU,LocalAllocation,10,3,1,0.004,0.0043,1.075,5,0,5,0
trace-driven,trace,report_thrashing_pressure,NRU,LocalAllocation,10,4,0,0.0043,0.005,1.1627906976744187,5,0,5,0
trace-driven,trace,report_thrashing_pressure,NRU,LocalAllocation,10,4,1,0.0042,0.0045,1.0714285714285714,5,0,5,0
trace-driven,trace,report_thrashing_pressure,NRU,LocalAllocation,10,5,0,0.0042,0.0044,1.0476190476190477,5,0,5,0
trace-driven,trace,report_thrashing_pressure,NRU,LocalAllocation,10,5,1,0.0039,0.0041,1.0512820512820513,5,0,5,0
trace-driven,trace,report_thrashing_pressure,NRU,LocalAllocation,10,6,0,0.0044,0.0049,1.1136363636363635,5,0,5,0
trace-driven,trace,report_thrashing_pressure,NRU,LocalAllocation,10,6,1,0.0045,0.0043,0.9555555555555556,5,0,5,0
trace-driven,trace,report_thrashing_pressure,NRU,LocalAllocation,10,7,0,0.0042,0.0046,1.0952380952380953,5,0,5,0
trace-driven,trace,report_thrashing_pressure,NRU,LocalAllocation,10,7,1,0.004,0.0043,1.075,5,0,5,0
trace-driven,trace,report_thrashing_pressure,NRU,LocalAllocation,10,8,0,0.0042,0.0048,1.1428571428571428,5,0,5,0
trace-driven,trace,report_thrashing_pressure,NRU,LocalAllocation,10,8,1,0.0043,0.0043,1.0,5,0,5,0
trace-driven,trace,report_thrashing_pressure,NRU,LocalAllocation,10,9,0,0.004,0.0045,1.125,5,0,5,0
trace-driven,trace,report_thrashing_pressure,NRU,LocalAllocation,10,9,1,0.0042,0.0042,1.0,5,0,5,0
trace-driven,trace,report_thrashing_pressure,NRU,ProportionalAllocation,10,0,0,0.0043,0.0052,1.2093023255813953,5,0,5,0
trace-driven,trace,report_thrashing_pressure,NRU,ProportionalAllocation,10,0,1,0.0041,0.005,1.2195121951219512,5,0,5,0
trace-driven,trace,report_thrashing_pressure,NRU,ProportionalAllocation,10,1,0,0.0045,0.0048,1.0666666666666667,5,0,5,0
trace-driven,trace,report_thrashing_pressure,NRU,ProportionalAllocation,10,1,1,0.0041,0.0043,1.048780487804878,5,0,5,0
trace-driven,trace,report_thrashing_pressure,NRU,ProportionalAllocation,10,2,0,0.0042,0.0048,1.1428571428571428,5,0,5,0
trace-driven,trace,report_thrashing_pressure,NRU,ProportionalAllocation,10,2,1,0.0042,0.0044,1.0476190476190477,5,0,5,0
trace-driven,trace,report_thrashing_pressure,NRU,ProportionalAllocation,10,3,0,0.0041,0.0049,1.1951219512195121,5,0,5,0
trace-driven,trace,report_thrashing_pressure,NRU,ProportionalAllocation,10,3,1,0.0041,0.0041,1.0,5,0,5,0
trace-driven,trace,report_thrashing_pressure,NRU,ProportionalAllocation,10,4,0,0.0043,0.0048,1.1162790697674418,5,0,5,0
trace-driven,trace,report_thrashing_pressure,NRU,ProportionalAllocation,10,4,1,0.0041,0.0044,1.0731707317073171,5,0,5,0
trace-driven,trace,report_thrashing_pressure,NRU,ProportionalAllocation,10,5,0,0.0042,0.0049,1.1666666666666667,5,0,5,0
trace-driven,trace,report_thrashing_pressure,NRU,ProportionalAllocation,10,5,1,0.0041,0.0043,1.048780487804878,5,0,5,0
trace-driven,trace,report_thrashing_pressure,NRU,ProportionalAllocation,10,6,0,0.0043,0.0043,1.0,5,0,5,0
trace-driven,trace,report_thrashing_pressure,NRU,ProportionalAllocation,10,6,1,0.0042,0.0043,1.0238095238095237,5,0,5,0
trace-driven,trace,report_thrashing_pressure,NRU,ProportionalAllocation,10,7,0,0.0041,0.0046,1.1219512195121952,5,0,5,0
trace-driven,trace,report_thrashing_pressure,NRU,ProportionalAllocation,10,7,1,0.0041,0.0042,1.024390243902439,5,0,5,0
trace-driven,trace,report_thrashing_pressure,NRU,ProportionalAllocation,10,8,0,0.0041,0.0048,1.170731707317073,5,0,5,0
trace-driven,trace,report_thrashing_pressure,NRU,ProportionalAllocation,10,8,1,0.0044,0.0044,1.0,5,0,5,0
trace-driven,trace,report_thrashing_pressure,NRU,ProportionalAllocation,10,9,0,0.0042,0.0046,1.0952380952380953,5,0,5,0
trace-driven,trace,report_thrashing_pressure,NRU,ProportionalAllocation,10,9,1,0.0041,0.0043,1.048780487804878,5,0,5,0
trace-driven,trace,report_thrashing_pressure,SecondChance,GlobalAllocation,10,0,0,0.0062,0.0082,1.3225806451612903,5,,,
trace-driven,trace,report_thrashing_pressure,SecondChance,GlobalAllocation,10,0,1,0.0052,0.0085,1.6346153846153846,5,,,
trace-driven,trace,report_thrashing_pressure,SecondChance,GlobalAllocation,10,1,0,0.0049,0.0082,1.6734693877551021,5,,,
trace-driven,trace,report_thrashing_pressure,SecondChance,GlobalAllocation,10,1,1,0.0043,0.008,1.8604651162790697,5,,,
trace-driven,trace,report_thrashing_pressure,SecondChance,GlobalAllocation,10,2,0,0.0044,0.0063,1.4318181818181819,5,,,
trace-driven,trace,report_thrashing_pressure,SecondChance,GlobalAllocation,10,2,1,0.0043,0.0067,1.558139534883721,5,,,
trace-driven,trace,report_thrashing_pressure,SecondChance,GlobalAllocation,10,3,0,0.0044,0.0061,1.3863636363636365,5,,,
trace-driven,trace,report_thrashing_pressure,SecondChance,GlobalAllocation,10,3,1,0.0042,0.0065,1.5476190476190477,5,,,
trace-driven,trace,report_thrashing_pressure,SecondChance,GlobalAllocation,10,4,0,0.0045,0.0061,1.3555555555555556,5,,,
trace-driven,trace,report_thrashing_pressure,SecondChance,GlobalAllocation,10,4,1,0.0044,0.0067,1.5227272727272727,5,,,
trace-driven,trace,report_thrashing_pressure,SecondChance,GlobalAllocation,10,5,0,0.0044,0.0062,1.4090909090909092,5,,,
trace-driven,trace,report_thrashing_pressure,SecondChance,GlobalAllocation,10,5,1,0.0043,0.0067,1.558139534883721,5,,,
trace-driven,trace,report_thrashing_pressure,SecondChance,GlobalAllocation,10,6,0,0.0044,0.0062,1.4090909090909092,5,,,
trace-driven,trace,report_thrashing_pressure,SecondChance,GlobalAllocation,10,6,1,0.0043,0.0066,1.5348837209302326,5,,,
trace-driven,trace,report_thrashing_pressure,SecondChance,GlobalAllocation,10,7,0,0.0045,0.0056,1.2444444444444445,5,,,
trace-driven,trace,report_thrashing_pressure,SecondChance,GlobalAllocation,10,7,1,0.0044,0.0066,1.5,5,,,
trace-driven,trace,report_thrashing_pressure,SecondChance,GlobalAllocation,10,8,0,0.0043,0.0059,1.372093023255814,5,,,
trace-driven,trace,report_thrashing_pressure,SecondChance,GlobalAllocation,10,8,1,0.0044,0.0067,1.5227272727272727,5,,,
trace-driven,trace,report_thrashing_pressure,SecondChance,GlobalAllocation,10,9,0,0.0042,0.0062,1.4761904761904763,5,,,
trace-driven,trace,report_thrashing_pressure,SecondChance,GlobalAllocation,10,9,1,0.0041,0.0068,1.6585365853658536,5,,,
trace-driven,trace,report_thrashing_pressure,SecondChance,LocalAllocation,10,0,0,0.0044,0.0059,1.3409090909090908,5,0,5,0
trace-driven,trace,report_thrashing_pressure,SecondChance,LocalAllocation,10,0,1,0.004,0.0052,1.3,5,0,5,0
trace-driven,trace,report_thrashing_pressure,SecondChance,LocalAllocation,10,1,0,0.0044,0.0052,1.1818181818181819,5,0,5,0
trace-driven,trace,report_thrashing_pressure,SecondChance,LocalAllocation,10,1,1,0.004,0.0046,1.15,5,0,5,0
trace-driven,trace,report_thrashing_pressure,SecondChance,LocalAllocation,10,2,0,0.0042,0.0052,1.2380952380952381,5,0,5,0
trace-driven,trace,report_thrashing_pressure,SecondChance,LocalAllocation,10,2,1,0.0042,0.0044,1.0476190476190477,5,0,5,0
trace-driven,trace,report_thrashing_pressure,SecondChance,LocalAllocation,10,3,0,0.0042,0.0049,1.1666666666666667,5,0,5,0
trace-driven,trace,report_thrashing_pressure,SecondChance,LocalAllocation,10,3,1,0.0045,0.0044,0.9777777777777777,5,0,5,0
trace-driven,trace,report_thrashing_pressure,SecondChance,LocalAllocation,10,4,0,0.0042,0.0049,1.1666666666666667,5,0,5,0
trace-driven,trace,report_thrashing_pressure,SecondChance,LocalAllocation,10,4,1,0.004,0.0041,1.025,5,0,5,0
trace-driven,trace,report_thrashing_pressure,SecondChance,LocalAllocation,10,5,0,0.0042,0.0046,1.0952380952380953,5,0,5,0
trace-driven,trace,report_thrashing_pressure,SecondChance,LocalAllocation,10,5,1,0.004,0.0043,1.075,5,0,5,0
trace-driven,trace,report_thrashing_pressure,SecondChance,LocalAllocation,10,6,0,0.0042,0.0043,1.0238095238095237,5,0,5,0
trace-driven,trace,report_thrashing_pressure,SecondChance,LocalAllocation,10,6,1,0.0042,0.0042,1.0,5,0,5,0
trace-driven,trace,report_thrashing_pressure,SecondChance,LocalAllocation,10,7,0,0.0044,0.0049,1.1136363636363635,5,0,5,0
trace-driven,trace,report_thrashing_pressure,SecondChance,LocalAllocation,10,7,1,0.0041,0.0044,1.0731707317073171,5,0,5,0
trace-driven,trace,report_thrashing_pressure,SecondChance,LocalAllocation,10,8,0,0.0042,0.0048,1.1428571428571428,5,0,5,0
trace-driven,trace,report_thrashing_pressure,SecondChance,LocalAllocation,10,8,1,0.0041,0.0042,1.024390243902439,5,0,5,0
trace-driven,trace,report_thrashing_pressure,SecondChance,LocalAllocation,10,9,0,0.0043,0.0045,1.0465116279069768,5,0,5,0
trace-driven,trace,report_thrashing_pressure,SecondChance,LocalAllocation,10,9,1,0.0041,0.0041,1.0,5,0,5,0
trace-driven,trace,report_thrashing_pressure,SecondChance,ProportionalAllocation,10,0,0,0.0044,0.0057,1.2954545454545454,5,0,5,0
trace-driven,trace,report_thrashing_pressure,SecondChance,ProportionalAllocation,10,0,1,0.0041,0.0047,1.146341463414634,5,0,5,0
trace-driven,trace,report_thrashing_pressure,SecondChance,ProportionalAllocation,10,1,0,0.0042,0.0055,1.3095238095238095,5,0,5,0
trace-driven,trace,report_thrashing_pressure,SecondChance,ProportionalAllocation,10,1,1,0.0041,0.0047,1.146341463414634,5,0,5,0
trace-driven,trace,report_thrashing_pressure,SecondChance,ProportionalAllocation,10,2,0,0.0042,0.0048,1.1428571428571428,5,0,5,0
trace-driven,trace,report_thrashing_pressure,SecondChance,ProportionalAllocation,10,2,1,0.004,0.0042,1.05,5,0,5,0
trace-driven,trace,report_thrashing_pressure,SecondChance,ProportionalAllocation,10,3,0,0.0042,0.0045,1.0714285714285714,5,0,5,0
trace-driven,trace,report_thrashing_pressure,SecondChance,ProportionalAllocation,10,3,1,0.0042,0.0041,0.9761904761904762,5,0,5,0
trace-driven,trace,report_thrashing_pressure,SecondChance,ProportionalAllocation,10,4,0,0.0041,0.0046,1.1219512195121952,5,0,5,0
trace-driven,trace,report_thrashing_pressure,SecondChance,ProportionalAllocation,10,4,1,0.0042,0.0041,0.9761904761904762,5,0,5,0
trace-driven,trace,report_thrashing_pressure,SecondChance,ProportionalAllocation,10,5,0,0.0043,0.0048,1.1162790697674418,5,0,5,0
trace-driven,trace,report_thrashing_pressure,SecondChance,ProportionalAllocation,10,5,1,0.004,0.0041,1.025,5,0,5,0
trace-driven,trace,report_thrashing_pressure,SecondChance,ProportionalAllocation,10,6,0,0.0041,0.0047,1.146341463414634,5,0,5,0
trace-driven,trace,report_thrashing_pressure,SecondChance,ProportionalAllocation,10,6,1,0.0041,0.0043,1.048780487804878,5,0,5,0
trace-driven,trace,report_thrashing_pressure,SecondChance,ProportionalAllocation,10,7,0,0.0042,0.0048,1.1428571428571428,5,0,5,0
trace-driven,trace,report_thrashing_pressure,SecondChance,ProportionalAllocation,10,7,1,0.0041,0.0042,1.024390243902439,5,0,5,0
trace-driven,trace,report_thrashing_pressure,SecondChance,ProportionalAllocation,10,8,0,0.0043,0.0044,1.0232558139534884,5,0,5,0
trace-driven,trace,report_thrashing_pressure,SecondChance,ProportionalAllocation,10,8,1,0.0041,0.0041,1.0,5,0,5,0
trace-driven,trace,report_thrashing_pressure,SecondChance,ProportionalAllocation,10,9,0,0.0043,0.0045,1.0465116279069768,5,0,5,0
trace-driven,trace,report_thrashing_pressure,SecondChance,ProportionalAllocation,10,9,1,0.0041,0.0044,1.0731707317073171,5,0,5,0
trace-driven,trace,report_thrashing_pressure,WSClock,GlobalAllocation,10,0,0,0.0064,0.0079,1.234375,5,,,
trace-driven,trace,report_thrashing_pressure,WSClock,GlobalAllocation,10,0,1,0.0051,0.0087,1.7058823529411764,5,,,
trace-driven,trace,report_thrashing_pressure,WSClock,GlobalAllocation,10,1,0,0.005,0.0085,1.7,5,,,
trace-driven,trace,report_thrashing_pressure,WSClock,GlobalAllocation,10,1,1,0.0044,0.0077,1.75,5,,,
trace-driven,trace,report_thrashing_pressure,WSClock,GlobalAllocation,10,2,0,0.0045,0.0066,1.4666666666666666,5,,,
trace-driven,trace,report_thrashing_pressure,WSClock,GlobalAllocation,10,2,1,0.0042,0.0068,1.619047619047619,5,,,
trace-driven,trace,report_thrashing_pressure,WSClock,GlobalAllocation,10,3,0,0.0044,0.0059,1.3409090909090908,5,,,
trace-driven,trace,report_thrashing_pressure,WSClock,GlobalAllocation,10,3,1,0.0046,0.0064,1.391304347826087,5,,,
trace-driven,trace,report_thrashing_pressure,WSClock,GlobalAllocation,10,4,0,0.0043,0.0062,1.441860465116279,5,,,
trace-driven,trace,report_thrashing_pressure,WSClock,GlobalAllocation,10,4,1,0.0046,0.0066,1.434782608695652,5,,,
trace-driven,trace,report_thrashing_pressure,WSClock,GlobalAllocation,10,5,0,0.0044,0.0059,1.3409090909090908,5,,,
trace-driven,trace,report_thrashing_pressure,WSClock,GlobalAllocation,10,5,1,0.0045,0.0067,1.488888888888889,5,,,
trace-driven,trace,report_thrashing_pressure,WSClock,GlobalAllocation,10,6,0,0.0044,0.0058,1.3181818181818181,5,,,
trace-driven,trace,report_thrashing_pressure,WSClock,GlobalAllocation,10,6,1,0.0042,0.0064,1.5238095238095237,5,,,
trace-driven,trace,report_thrashing_pressure,WSClock,GlobalAllocation,10,7,0,0.0046,0.0061,1.326086956521739,5,,,
trace-driven,trace,report_thrashing_pressure,WSClock,GlobalAllocation,10,7,1,0.0044,0.007,1.5909090909090908,5,,,
trace-driven,trace,report_thrashing_pressure,WSClock,GlobalAllocation,10,8,0,0.0045,0.0059,1.3111111111111111,5,,,
trace-driven,trace,report_thrashing_pressure,WSClock,GlobalAllocation,10,8,1,0.0044,0.0067,1.5227272727272727,5,,,
trace-driven,trace,report_thrashing_pressure,WSClock,GlobalAllocation,10,9,0,0.0043,0.006,1.3953488372093024,5,,,
trace-driven,trace,report_thrashing_pressure,WSClock,GlobalAllocation,10,9,1,0.0041,0.0065,1.5853658536585367,5,,,
trace-driven,trace,report_thrashing_pressure,WSClock,LocalAllocation,10,0,0,0.0043,0.0063,1.4651162790697674,5,0,5,0
trace-driven,trace,report_thrashing_pressure,WSClock,LocalAllocation,10,0,1,0.0042,0.0057,1.3571428571428572,5,0,5,0
trace-driven,trace,report_thrashing_pressure,WSClock,LocalAllocation,10,1,0,0.0044,0.0051,1.1590909090909092,5,0,5,0
trace-driven,trace,report_thrashing_pressure,WSClock,LocalAllocation,10,1,1,0.0039,0.0045,1.1538461538461537,5,0,5,0
trace-driven,trace,report_thrashing_pressure,WSClock,LocalAllocation,10,2,0,0.0042,0.0058,1.380952380952381,5,0,5,0
trace-driven,trace,report_thrashing_pressure,WSClock,LocalAllocation,10,2,1,0.004,0.005,1.25,5,0,5,0
trace-driven,trace,report_thrashing_pressure,WSClock,LocalAllocation,10,3,0,0.0043,0.0049,1.1395348837209303,5,0,5,0
trace-driven,trace,report_thrashing_pressure,WSClock,LocalAllocation,10,3,1,0.0043,0.0042,0.9767441860465116,5,0,5,0
trace-driven,trace,report_thrashing_pressure,WSClock,LocalAllocation,10,4,0,0.0043,0.0046,1.069767441860465,5,0,5,0
trace-driven,trace,report_thrashing_pressure,WSClock,LocalAllocation,10,4,1,0.004,0.0042,1.05,5,0,5,0
trace-driven,trace,report_thrashing_pressure,WSClock,LocalAllocation,10,5,0,0.0045,0.0051,1.1333333333333333,5,0,5,0
trace-driven,trace,report_thrashing_pressure,WSClock,LocalAllocation,10,5,1,0.0044,0.0044,1.0,5,0,5,0
trace-driven,trace,report_thrashing_pressure,WSClock,LocalAllocation,10,6,0,0.0042,0.0047,1.119047619047619,5,0,5,0
trace-driven,trace,report_thrashing_pressure,WSClock,LocalAllocation,10,6,1,0.0072,0.0041,0.5694444444444444,5,0,5,0
trace-driven,trace,report_thrashing_pressure,WSClock,LocalAllocation,10,7,0,0.0045,0.0048,1.0666666666666667,5,0,5,0
trace-driven,trace,report_thrashing_pressure,WSClock,LocalAllocation,10,7,1,0.0041,0.0044,1.0731707317073171,5,0,5,0
trace-driven,trace,report_thrashing_pressure,WSClock,LocalAllocation,10,8,0,0.0042,0.0052,1.2380952380952381,5,0,5,0
trace-driven,trace,report_thrashing_pressure,WSClock,LocalAllocation,10,8,1,0.0044,0.0045,1.0227272727272727,5,0,5,0
trace-driven,trace,report_thrashing_pressure,WSClock,LocalAllocation,10,9,0,0.0044,0.0044,1.0,5,0,5,0
trace-driven,trace,report_thrashing_pressure,WSClock,LocalAllocation,10,9,1,0.0041,0.0052,1.2682926829268293,5,0,5,0
trace-driven,trace,report_thrashing_pressure,WSClock,ProportionalAllocation,10,0,0,0.0044,0.0052,1.1818181818181819,5,0,5,0
trace-driven,trace,report_thrashing_pressure,WSClock,ProportionalAllocation,10,0,1,0.0042,0.0048,1.1428571428571428,5,0,5,0
trace-driven,trace,report_thrashing_pressure,WSClock,ProportionalAllocation,10,1,0,0.0043,0.0049,1.1395348837209303,5,0,5,0
trace-driven,trace,report_thrashing_pressure,WSClock,ProportionalAllocation,10,1,1,0.004,0.0042,1.05,5,0,5,0
trace-driven,trace,report_thrashing_pressure,WSClock,ProportionalAllocation,10,2,0,0.0042,0.0051,1.2142857142857142,5,0,5,0
trace-driven,trace,report_thrashing_pressure,WSClock,ProportionalAllocation,10,2,1,0.0042,0.0046,1.0952380952380953,5,0,5,0
trace-driven,trace,report_thrashing_pressure,WSClock,ProportionalAllocation,10,3,0,0.0042,0.0045,1.0714285714285714,5,0,5,0
trace-driven,trace,report_thrashing_pressure,WSClock,ProportionalAllocation,10,3,1,0.004,0.0044,1.1,5,0,5,0
trace-driven,trace,report_thrashing_pressure,WSClock,ProportionalAllocation,10,4,0,0.0042,0.0049,1.1666666666666667,5,0,5,0
trace-driven,trace,report_thrashing_pressure,WSClock,ProportionalAllocation,10,4,1,0.0041,0.0043,1.048780487804878,5,0,5,0
trace-driven,trace,report_thrashing_pressure,WSClock,ProportionalAllocation,10,5,0,0.0053,0.0061,1.150943396226415,5,0,5,0
trace-driven,trace,report_thrashing_pressure,WSClock,ProportionalAllocation,10,5,1,0.0041,0.0043,1.048780487804878,5,0,5,0
trace-driven,trace,report_thrashing_pressure,WSClock,ProportionalAllocation,10,6,0,0.0042,0.0049,1.1666666666666667,5,0,5,0
trace-driven,trace,report_thrashing_pressure,WSClock,ProportionalAllocation,10,6,1,0.0042,0.0044,1.0476190476190477,5,0,5,0
trace-driven,trace,report_thrashing_pressure,WSClock,ProportionalAllocation,10,7,0,0.0042,0.0046,1.0952380952380953,5,0,5,0
trace-driven,trace,report_thrashing_pressure,WSClock,ProportionalAllocation,10,7,1,0.0041,0.0043,1.048780487804878,5,0,5,0
trace-driven,trace,report_thrashing_pressure,WSClock,ProportionalAllocation,10,8,0,0.0041,0.0047,1.146341463414634,5,0,5,0
trace-driven,trace,report_thrashing_pressure,WSClock,ProportionalAllocation,10,8,1,0.0041,0.0042,1.024390243902439,5,0,5,0
trace-driven,trace,report_thrashing_pressure,WSClock,ProportionalAllocation,10,9,0,0.0044,0.0052,1.1818181818181819,5,0,5,0
trace-driven,trace,report_thrashing_pressure,WSClock,ProportionalAllocation,10,9,1,0.0041,0.0043,1.048780487804878,5,0,5,0
trace-driven,trace,report_thrashing_pressure,FIFO,GlobalAllocation,12,0,0,0.006,0.0073,1.2166666666666666,5,,,
trace-driven,trace,report_thrashing_pressure,FIFO,GlobalAllocation,12,0,1,0.0049,0.0079,1.6122448979591837,5,,,
trace-driven,trace,report_thrashing_pressure,FIFO,GlobalAllocation,12,1,0,0.005,0.0079,1.58,5,,,
trace-driven,trace,report_thrashing_pressure,FIFO,GlobalAllocation,12,1,1,0.0044,0.0071,1.6136363636363635,5,,,
trace-driven,trace,report_thrashing_pressure,FIFO,GlobalAllocation,12,2,0,0.0044,0.0059,1.3409090909090908,5,,,
trace-driven,trace,report_thrashing_pressure,FIFO,GlobalAllocation,12,2,1,0.0042,0.0065,1.5476190476190477,5,,,
trace-driven,trace,report_thrashing_pressure,FIFO,GlobalAllocation,12,3,0,0.0041,0.0057,1.3902439024390243,5,,,
trace-driven,trace,report_thrashing_pressure,FIFO,GlobalAllocation,12,3,1,0.0041,0.006,1.4634146341463414,5,,,
trace-driven,trace,report_thrashing_pressure,FIFO,GlobalAllocation,12,4,0,0.0044,0.0055,1.25,5,,,
trace-driven,trace,report_thrashing_pressure,FIFO,GlobalAllocation,12,4,1,0.0045,0.0058,1.288888888888889,5,,,
trace-driven,trace,report_thrashing_pressure,FIFO,GlobalAllocation,12,5,0,0.0059,0.0083,1.4067796610169492,5,,,
trace-driven,trace,report_thrashing_pressure,FIFO,GlobalAllocation,12,5,1,0.0042,0.0077,1.8333333333333333,5,,,
trace-driven,trace,report_thrashing_pressure,FIFO,GlobalAllocation,12,6,0,0.0041,0.0054,1.3170731707317074,5,,,
trace-driven,trace,report_thrashing_pressure,FIFO,GlobalAllocation,12,6,1,0.0042,0.006,1.4285714285714286,5,,,
trace-driven,trace,report_thrashing_pressure,FIFO,GlobalAllocation,12,7,0,0.0043,0.0054,1.255813953488372,5,,,
trace-driven,trace,report_thrashing_pressure,FIFO,GlobalAllocation,12,7,1,0.0041,0.0057,1.3902439024390243,5,,,
trace-driven,trace,report_thrashing_pressure,FIFO,GlobalAllocation,12,8,0,0.0043,0.0052,1.2093023255813953,5,,,
trace-driven,trace,report_thrashing_pressure,FIFO,GlobalAllocation,12,8,1,0.0044,0.0059,1.3409090909090908,5,,,
trace-driven,trace,report_thrashing_pressure,FIFO,GlobalAllocation,12,9,0,0.004,0.0054,1.35,5,,,
trace-driven,trace,report_thrashing_pressure,FIFO,GlobalAllocation,12,9,1,0.0039,0.0059,1.5128205128205128,5,,,
trace-driven,trace,report_thrashing_pressure,FIFO,LocalAllocation,12,0,0,0.0046,0.0056,1.2173913043478262,5,0,5,0
trace-driven,trace,report_thrashing_pressure,FIFO,LocalAllocation,12,0,1,0.0037,0.0048,1.2972972972972974,5,0,5,0
trace-driven,trace,report_thrashing_pressure,FIFO,LocalAllocation,12,1,0,0.004,0.0045,1.125,5,0,5,0
trace-driven,trace,report_thrashing_pressure,FIFO,LocalAllocation,12,1,1,0.0039,0.0039,1.0,5,0,5,0
trace-driven,trace,report_thrashing_pressure,FIFO,LocalAllocation,12,2,0,0.004,0.0047,1.175,5,0,5,0
trace-driven,trace,report_thrashing_pressure,FIFO,LocalAllocation,12,2,1,0.0039,0.0041,1.0512820512820513,5,0,5,0
trace-driven,trace,report_thrashing_pressure,FIFO,LocalAllocation,12,3,0,0.0041,0.0042,1.024390243902439,5,0,5,0
trace-driven,trace,report_thrashing_pressure,FIFO,LocalAllocation,12,3,1,0.0038,0.0038,1.0,5,0,5,0
trace-driven,trace,report_thrashing_pressure,FIFO,LocalAllocation,12,4,0,0.004,0.0044,1.1,5,0,5,0
trace-driven,trace,report_thrashing_pressure,FIFO,LocalAllocation,12,4,1,0.0039,0.0036,0.9230769230769231,5,0,5,0
trace-driven,trace,report_thrashing_pressure,FIFO,LocalAllocation,12,5,0,0.0039,0.0042,1.0769230769230769,5,0,5,0
trace-driven,trace,report_thrashing_pressure,FIFO,LocalAllocation,12,5,1,0.0039,0.0035,0.8974358974358975,5,0,5,0
trace-driven,trace,report_thrashing_pressure,FIFO,LocalAllocation,12,6,0,0.0041,0.0042,1.024390243902439,5,0,5,0
trace-driven,trace,report_thrashing_pressure,FIFO,LocalAllocation,12,6,1,0.0038,0.0039,1.0263157894736843,5,0,5,0
trace-driven,trace,report_thrashing_pressure,FIFO,LocalAllocation,12,7,0,0.0039,0.0041,1.0512820512820513,5,0,5,0
trace-driven,trace,report_thrashing_pressure,FIFO,LocalAllocation,12,7,1,0.0039,0.0039,1.0,5,0,5,0
trace-driven,trace,report_thrashing_pressure,FIFO,LocalAllocation,12,8,0,0.004,0.004,1.0,5,0,5,0
trace-driven,trace,report_thrashing_pressure,FIFO,LocalAllocation,12,8,1,0.0053,0.0037,0.6981132075471698,5,0,5,0
trace-driven,trace,report_thrashing_pressure,FIFO,LocalAllocation,12,9,0,0.0042,0.0041,0.9761904761904762,5,0,5,0
trace-driven,trace,report_thrashing_pressure,FIFO,LocalAllocation,12,9,1,0.0038,0.0038,1.0,5,0,5,0
trace-driven,trace,report_thrashing_pressure,FIFO,ProportionalAllocation,12,0,0,0.0041,0.005,1.2195121951219512,5,0,5,0
trace-driven,trace,report_thrashing_pressure,FIFO,ProportionalAllocation,12,0,1,0.0041,0.0042,1.024390243902439,5,0,5,0
trace-driven,trace,report_thrashing_pressure,FIFO,ProportionalAllocation,12,1,0,0.0041,0.0043,1.048780487804878,5,0,5,0
trace-driven,trace,report_thrashing_pressure,FIFO,ProportionalAllocation,12,1,1,0.0037,0.0041,1.1081081081081081,5,0,5,0
trace-driven,trace,report_thrashing_pressure,FIFO,ProportionalAllocation,12,2,0,0.004,0.0047,1.175,5,0,5,0
trace-driven,trace,report_thrashing_pressure,FIFO,ProportionalAllocation,12,2,1,0.004,0.0039,0.975,5,0,5,0
trace-driven,trace,report_thrashing_pressure,FIFO,ProportionalAllocation,12,3,0,0.0041,0.005,1.2195121951219512,5,0,5,0
trace-driven,trace,report_thrashing_pressure,FIFO,ProportionalAllocation,12,3,1,0.004,0.0042,1.05,5,0,5,0
trace-driven,trace,report_thrashing_pressure,FIFO,ProportionalAllocation,12,4,0,0.0042,0.0043,1.0238095238095237,5,0,5,0
trace-driven,trace,report_thrashing_pressure,FIFO,ProportionalAllocation,12,4,1,0.0039,0.004,1.0256410256410255,5,0,5,0
trace-driven,trace,report_thrashing_pressure,FIFO,ProportionalAllocation,12,5,0,0.0039,0.004,1.0256410256410255,5,0,5,0
trace-driven,trace,report_thrashing_pressure,FIFO,ProportionalAllocation,12,5,1,0.0038,0.0036,0.9473684210526315,5,0,5,0
trace-driven,trace,report_thrashing_pressure,FIFO,ProportionalAllocation,12,6,0,0.0041,0.0041,1.0,5,0,5,0
trace-driven,trace,report_thrashing_pressure,FIFO,ProportionalAllocation,12,6,1,0.0038,0.0039,1.0263157894736843,5,0,5,0
trace-driven,trace,report_thrashing_pressure,FIFO,ProportionalAllocation,12,7,0,0.0038,0.0042,1.105263157894737,5,0,5,0
trace-driven,trace,report_thrashing_pressure,FIFO,ProportionalAllocation,12,7,1,0.0038,0.0035,0.9210526315789473,5,0,5,0
trace-driven,trace,report_thrashing_pressure,FIFO,ProportionalAllocation,12,8,0,0.004,0.004,1.0,5,0,5,0
trace-driven,trace,report_thrashing_pressure,FIFO,ProportionalAllocation,12,8,1,0.0039,0.0037,0.9487179487179487,5,0,5,0
trace-driven,trace,report_thrashing_pressure,FIFO,ProportionalAllocation,12,9,0,0.004,0.0041,1.025,5,0,5,0
trace-driven,trace,report_thrashing_pressure,FIFO,ProportionalAllocation,12,9,1,0.0039,0.004,1.0256410256410255,5,0,5,0
trace-driven,trace,report_thrashing_pressure,LRU,GlobalAllocation,12,0,0,0.0064,0.0093,1.453125,5,,,
trace-driven,trace,report_thrashing_pressure,LRU,GlobalAllocation,12,0,1,0.0054,0.0104,1.9259259259259258,5,,,
trace-driven,trace,report_thrashing_pressure,LRU,GlobalAllocation,12,1,0,0.005,0.0087,1.74,5,,,
trace-driven,trace,report_thrashing_pressure,LRU,GlobalAllocation,12,1,1,0.0046,0.008,1.7391304347826086,5,,,
trace-driven,trace,report_thrashing_pressure,LRU,GlobalAllocation,12,2,0,0.0046,0.0059,1.2826086956521738,5,,,
trace-driven,trace,report_thrashing_pressure,LRU,GlobalAllocation,12,2,1,0.0046,0.0072,1.565217391304348,5,,,
trace-driven,trace,report_thrashing_pressure,LRU,GlobalAllocation,12,3,0,0.0048,0.0066,1.375,5,,,
trace-driven,trace,report_thrashing_pressure,LRU,GlobalAllocation,12,3,1,0.0045,0.0069,1.5333333333333334,5,,,
trace-driven,trace,report_thrashing_pressure,LRU,GlobalAllocation,12,4,0,0.0047,0.0062,1.3191489361702127,5,,,
trace-driven,trace,report_thrashing_pressure,LRU,GlobalAllocation,12,4,1,0.0045,0.0069,1.5333333333333334,5,,,
trace-driven,trace,report_thrashing_pressure,LRU,GlobalAllocation,12,5,0,0.0045,0.0064,1.4222222222222223,5,,,
trace-driven,trace,report_thrashing_pressure,LRU,GlobalAllocation,12,5,1,0.0045,0.0068,1.511111111111111,5,,,
trace-driven,trace,report_thrashing_pressure,LRU,GlobalAllocation,12,6,0,0.0046,0.0063,1.3695652173913044,5,,,
trace-driven,trace,report_thrashing_pressure,LRU,GlobalAllocation,12,6,1,0.0046,0.0068,1.4782608695652173,5,,,
trace-driven,trace,report_thrashing_pressure,LRU,GlobalAllocation,12,7,0,0.0046,0.0072,1.565217391304348,5,,,
trace-driven,trace,report_thrashing_pressure,LRU,GlobalAllocation,12,7,1,0.0045,0.0073,1.6222222222222222,5,,,
trace-driven,trace,report_thrashing_pressure,LRU,GlobalAllocation,12,8,0,0.0046,0.0061,1.326086956521739,5,,,
trace-driven,trace,report_thrashing_pressure,LRU,GlobalAllocation,12,8,1,0.0044,0.0069,1.5681818181818181,5,,,
trace-driven,trace,report_thrashing_pressure,LRU,GlobalAllocation,12,9,0,0.0046,0.0062,1.3478260869565217,5,,,
trace-driven,trace,report_thrashing_pressure,LRU,GlobalAllocation,12,9,1,0.0044,0.0069,1.5681818181818181,5,,,
trace-driven,trace,report_thrashing_pressure,LRU,LocalAllocation,12,0,0,0.0083,0.0762,9.180722891566266,5,0,5,0
trace-driven,trace,report_thrashing_pressure,LRU,LocalAllocation,12,0,1,0.0061,0.0121,1.9836065573770492,5,0,5,0
trace-driven,trace,report_thrashing_pressure,LRU,LocalAllocation,12,1,0,0.0088,0.0102,1.1590909090909092,5,0,5,0
trace-driven,trace,report_thrashing_pressure,LRU,LocalAllocation,12,1,1,0.0054,0.0094,1.7407407407407407,5,0,5,0
trace-driven,trace,report_thrashing_pressure,LRU,LocalAllocation,12,2,0,0.009,0.0076,0.8444444444444444,5,0,5,0
trace-driven,trace,report_thrashing_pressure,LRU,LocalAllocation,12,2,1,0.0092,0.007,0.7608695652173914,5,0,5,0
trace-driven,trace,report_thrashing_pressure,LRU,LocalAllocation,12,3,0,0.0084,0.009,1.0714285714285714,5,0,5,0
trace-driven,trace,report_thrashing_pressure,LRU,LocalAllocation,12,3,1,0.0083,0.0089,1.072289156626506,5,0,5,0
trace-driven,trace,report_thrashing_pressure,LRU,LocalAllocation,12,4,0,0.0078,0.0087,1.1153846153846154,5,0,5,0
trace-driven,trace,report_thrashing_pressure,LRU,LocalAllocation,12,4,1,0.0073,0.0079,1.082191780821918,5,0,5,0
trace-driven,trace,report_thrashing_pressure,LRU,LocalAllocation,12,5,0,0.0083,0.009,1.0843373493975903,5,0,5,0
trace-driven,trace,report_thrashing_pressure,LRU,LocalAllocation,12,5,1,0.0084,0.0086,1.0238095238095237,5,0,5,0
trace-driven,trace,report_thrashing_pressure,LRU,LocalAllocation,12,6,0,0.0087,0.0091,1.0459770114942528,5,0,5,0
trace-driven,trace,report_thrashing_pressure,LRU,LocalAllocation,12,6,1,0.0085,0.0087,1.0235294117647058,5,0,5,0
trace-driven,trace,report_thrashing_pressure,LRU,LocalAllocation,12,7,0,0.008,0.0089,1.1125,5,0,5,0
trace-driven,trace,report_thrashing_pressure,LRU,LocalAllocation,12,7,1,0.0084,0.0086,1.0238095238095237,5,0,5,0
trace-driven,trace,report_thrashing_pressure,LRU,LocalAllocation,12,8,0,0.0094,0.0093,0.9893617021276596,5,0,5,0
trace-driven,trace,report_thrashing_pressure,LRU,LocalAllocation,12,8,1,0.0081,0.0085,1.0493827160493827,5,0,5,0
trace-driven,trace,report_thrashing_pressure,LRU,LocalAllocation,12,9,0,0.0091,0.0125,1.3736263736263736,5,0,5,0
trace-driven,trace,report_thrashing_pressure,LRU,LocalAllocation,12,9,1,0.0087,0.0094,1.0804597701149425,5,0,5,0
trace-driven,trace,report_thrashing_pressure,LRU,ProportionalAllocation,12,0,0,0.0086,0.011,1.2790697674418605,5,0,5,0
trace-driven,trace,report_thrashing_pressure,LRU,ProportionalAllocation,12,0,1,0.0078,0.0104,1.3333333333333333,5,0,5,0
trace-driven,trace,report_thrashing_pressure,LRU,ProportionalAllocation,12,1,0,0.0085,0.0098,1.1529411764705881,5,0,5,0
trace-driven,trace,report_thrashing_pressure,LRU,ProportionalAllocation,12,1,1,0.0078,0.0089,1.141025641025641,5,0,5,0
trace-driven,trace,report_thrashing_pressure,LRU,ProportionalAllocation,12,2,0,0.0082,0.0094,1.146341463414634,5,0,5,0
trace-driven,trace,report_thrashing_pressure,LRU,ProportionalAllocation,12,2,1,0.0082,0.0084,1.024390243902439,5,0,5,0
trace-driven,trace,report_thrashing_pressure,LRU,ProportionalAllocation,12,3,0,0.0088,0.0097,1.1022727272727273,5,0,5,0
trace-driven,trace,report_thrashing_pressure,LRU,ProportionalAllocation,12,3,1,0.0086,0.0089,1.0348837209302326,5,0,5,0
trace-driven,trace,report_thrashing_pressure,LRU,ProportionalAllocation,12,4,0,0.0079,0.0093,1.1772151898734178,5,0,5,0
trace-driven,trace,report_thrashing_pressure,LRU,ProportionalAllocation,12,4,1,0.0103,0.0083,0.8058252427184466,5,0,5,0
trace-driven,trace,report_thrashing_pressure,LRU,ProportionalAllocation,12,5,0,0.0076,0.0092,1.2105263157894737,5,0,5,0
trace-driven,trace,report_thrashing_pressure,LRU,ProportionalAllocation,12,5,1,0.0078,0.0086,1.1025641025641026,5,0,5,0
trace-driven,trace,report_thrashing_pressure,LRU,ProportionalAllocation,12,6,0,0.0064,0.0077,1.203125,5,0,5,0
trace-driven,trace,report_thrashing_pressure,LRU,ProportionalAllocation,12,6,1,0.0063,0.0071,1.126984126984127,5,0,5,0
trace-driven,trace,report_thrashing_pressure,LRU,ProportionalAllocation,12,7,0,0.0071,0.0073,1.028169014084507,5,0,5,0
trace-driven,trace,report_thrashing_pressure,LRU,ProportionalAllocation,12,7,1,0.0075,0.0064,0.8533333333333334,5,0,5,0
trace-driven,trace,report_thrashing_pressure,LRU,ProportionalAllocation,12,8,0,0.0073,0.008,1.095890410958904,5,0,5,0
trace-driven,trace,report_thrashing_pressure,LRU,ProportionalAllocation,12,8,1,0.0083,0.0077,0.927710843373494,5,0,5,0
trace-driven,trace,report_thrashing_pressure,LRU,ProportionalAllocation,12,9,0,0.0083,0.0083,1.0,5,0,5,0
trace-driven,trace,report_thrashing_pressure,LRU,ProportionalAllocation,12,9,1,0.0086,0.0084,0.9767441860465116,5,0,5,0
trace-driven,trace,report_thrashing_pressure,NRU,GlobalAllocation,12,0,0,0.0117,0.0152,1.2991452991452992,5,,,
trace-driven,trace,report_thrashing_pressure,NRU,GlobalAllocation,12,0,1,0.0096,0.016,1.6666666666666667,5,,,
trace-driven,trace,report_thrashing_pressure,NRU,GlobalAllocation,12,1,0,0.0081,0.0154,1.9012345679012346,5,,,
trace-driven,trace,report_thrashing_pressure,NRU,GlobalAllocation,12,1,1,0.0077,0.0135,1.7532467532467533,5,,,
trace-driven,trace,report_thrashing_pressure,NRU,GlobalAllocation,12,2,0,0.0082,0.0112,1.3658536585365855,5,,,
trace-driven,trace,report_thrashing_pressure,NRU,GlobalAllocation,12,2,1,0.0075,0.0122,1.6266666666666667,5,,,
trace-driven,trace,report_thrashing_pressure,NRU,GlobalAllocation,12,3,0,0.0079,0.0109,1.379746835443038,5,,,
trace-driven,trace,report_thrashing_pressure,NRU,GlobalAllocation,12,3,1,0.0075,0.0119,1.5866666666666667,5,,,
trace-driven,trace,report_thrashing_pressure,NRU,GlobalAllocation,12,4,0,0.0086,0.0112,1.302325581395349,5,,,
trace-driven,trace,report_thrashing_pressure,NRU,GlobalAllocation,12,4,1,0.0083,0.0123,1.4819277108433735,5,,,
trace-driven,trace,report_thrashing_pressure,NRU,GlobalAllocation,12,5,0,0.0078,0.0102,1.3076923076923077,5,,,
trace-driven,trace,report_thrashing_pressure,NRU,GlobalAllocation,12,5,1,0.0062,0.0112,1.8064516129032258,5,,,
trace-driven,trace,report_thrashing_pressure,NRU,GlobalAllocation,12,6,0,0.0073,0.0089,1.2191780821917808,5,,,
trace-driven,trace,report_thrashing_pressure,NRU,GlobalAllocation,12,6,1,0.0079,0.0097,1.2278481012658229,5,,,
trace-driven,trace,report_thrashing_pressure,NRU,GlobalAllocation,12,7,0,0.006,0.009,1.5,5,,,
trace-driven,trace,report_thrashing_pressure,NRU,GlobalAllocation,12,7,1,0.0074,0.0094,1.2702702702702702,5,,,
trace-driven,trace,report_thrashing_pressure,NRU,GlobalAllocation,12,8,0,0.0076,0.0098,1.2894736842105263,5,,,
trace-driven,trace,report_thrashing_pressure,NRU,GlobalAllocation,12,8,1,0.0082,0.0112,1.3658536585365855,5,,,
trace-driven,trace,report_thrashing_pressure,NRU,GlobalAllocation,12,9,0,0.0079,0.0105,1.3291139240506329,5,,,
trace-driven,trace,report_thrashing_pressure,NRU,GlobalAllocation,12,9,1,0.0068,0.0113,1.661764705882353,5,,,
trace-driven,trace,report_thrashing_pressure,NRU,LocalAllocation,12,0,0,0.0043,0.0057,1.3255813953488371,5,0,5,0
trace-driven,trace,report_thrashing_pressure,NRU,LocalAllocation,12,0,1,0.0038,0.0052,1.368421052631579,5,0,5,0
trace-driven,trace,report_thrashing_pressure,NRU,LocalAllocation,12,1,0,0.004,0.0049,1.225,5,0,5,0
trace-driven,trace,report_thrashing_pressure,NRU,LocalAllocation,12,1,1,0.004,0.0043,1.075,5,0,5,0
trace-driven,trace,report_thrashing_pressure,NRU,LocalAllocation,12,2,0,0.0042,0.0059,1.4047619047619047,5,0,5,0
trace-driven,trace,report_thrashing_pressure,NRU,LocalAllocation,12,2,1,0.0037,0.0048,1.2972972972972974,5,0,5,0
trace-driven,trace,report_thrashing_pressure,NRU,LocalAllocation,12,3,0,0.0042,0.0044,1.0476190476190477,5,0,5,0
trace-driven,trace,report_thrashing_pressure,NRU,LocalAllocation,12,3,1,0.0039,0.0041,1.0512820512820513,5,0,5,0
trace-driven,trace,report_thrashing_pressure,NRU,LocalAllocation,12,4,0,0.0042,0.0045,1.0714285714285714,5,0,5,0
trace-driven,trace,report_thrashing_pressure,NRU,LocalAllocation,12,4,1,0.0042,0.0041,0.9761904761904762,5,0,5,0
trace-driven,trace,report_thrashing_pressure,NRU,LocalAllocation,12,5,0,0.0041,0.0044,1.0731707317073171,5,0,5,0
trace-driven,trace,report_thrashing_pressure,NRU,LocalAllocation,12,5,1,0.0042,0.0038,0.9047619047619048,5,0,5,0
trace-driven,trace,report_thrashing_pressure,NRU,LocalAllocation,12,6,0,0.0051,0.0046,0.9019607843137255,5,0,5,0
trace-driven,trace,report_thrashing_pressure,NRU,LocalAllocation,12,6,1,0.0041,0.0043,1.048780487804878,5,0,5,0
trace-driven,trace,report_thrashing_pressure,NRU,LocalAllocation,12,7,0,0.0043,0.0045,1.0465116279069768,5,0,5,0
trace-driven,trace,report_thrashing_pressure,NRU,LocalAllocation,12,7,1,0.004,0.0043,1.075,5,0,5,0
trace-driven,trace,report_thrashing_pressure,NRU,LocalAllocation,12,8,0,0.0039,0.0046,1.1794871794871795,5,0,5,0
trace-driven,trace,report_thrashing_pressure,NRU,LocalAllocation,12,8,1,0.0041,0.0041,1.0,5,0,5,0
trace-driven,trace,report_thrashing_pressure,NRU,LocalAllocation,12,9,0,0.0052,0.0044,0.8461538461538461,5,0,5,0
trace-driven,trace,report_thrashing_pressure,NRU,LocalAllocation,12,9,1,0.0038,0.0042,1.105263157894737,5,0,5,0
trace-driven,trace,report_thrashing_pressure,NRU,ProportionalAllocation,12,0,0,0.0043,0.0053,1.2325581395348837,5,0,5,0
trace-driven,trace,report_thrashing_pressure,NRU,ProportionalAllocation,12,0,1,0.0041,0.0048,1.170731707317073,5,0,5,0
trace-driven,trace,report_thrashing_pressure,NRU,ProportionalAllocation,12,1,0,0.0045,0.0049,1.0888888888888888,5,0,5,0
trace-driven,trace,report_thrashing_pressure,NRU,ProportionalAllocation,12,1,1,0.0042,0.0043,1.0238095238095237,5,0,5,0
trace-driven,trace,report_thrashing_pressure,NRU,ProportionalAllocation,12,2,0,0.0041,0.0049,1.1951219512195121,5,0,5,0
trace-driven,trace,report_thrashing_pressure,NRU,ProportionalAllocation,12,2,1,0.0041,0.0043,1.048780487804878,5,0,5,0
trace-driven,trace,report_thrashing_pressure,NRU,ProportionalAllocation,12,3,0,0.0041,0.0045,1.0975609756097562,5,0,5,0
trace-driven,trace,report_thrashing_pressure,NRU,ProportionalAllocation,12,3,1,0.0041,0.0043,1.048780487804878,5,0,5,0
trace-driven,trace,report_thrashing_pressure,NRU,ProportionalAllocation,12,4,0,0.0041,0.0047,1.146341463414634,5,0,5,0
trace-driven,trace,report_thrashing_pressure,NRU,ProportionalAllocation,12,4,1,0.004,0.0041,1.025,5,0,5,0
trace-driven,trace,report_thrashing_pressure,NRU,ProportionalAllocation,12,5,0,0.0041,0.0045,1.0975609756097562,5,0,5,0
trace-driven,trace,report_thrashing_pressure,NRU,ProportionalAllocation,12,5,1,0.0041,0.0036,0.8780487804878049,5,0,5,0
trace-driven,trace,report_thrashing_pressure,NRU,ProportionalAllocation,12,6,0,0.0042,0.0043,1.0238095238095237,5,0,5,0
trace-driven,trace,report_thrashing_pressure,NRU,ProportionalAllocation,12,6,1,0.004,0.0042,1.05,5,0,5,0
trace-driven,trace,report_thrashing_pressure,NRU,ProportionalAllocation,12,7,0,0.0042,0.0047,1.119047619047619,5,0,5,0
trace-driven,trace,report_thrashing_pressure,NRU,ProportionalAllocation,12,7,1,0.0041,0.0045,1.0975609756097562,5,0,5,0
trace-driven,trace,report_thrashing_pressure,NRU,ProportionalAllocation,12,8,0,0.0041,0.0046,1.1219512195121952,5,0,5,0
trace-driven,trace,report_thrashing_pressure,NRU,ProportionalAllocation,12,8,1,0.004,0.0044,1.1,5,0,5,0
trace-driven,trace,report_thrashing_pressure,NRU,ProportionalAllocation,12,9,0,0.004,0.0049,1.225,5,0,5,0
trace-driven,trace,report_thrashing_pressure,NRU,ProportionalAllocation,12,9,1,0.004,0.0043,1.075,5,0,5,0
trace-driven,trace,report_thrashing_pressure,SecondChance,GlobalAllocation,12,0,0,0.0062,0.008,1.2903225806451613,5,,,
trace-driven,trace,report_thrashing_pressure,SecondChance,GlobalAllocation,12,0,1,0.0052,0.0085,1.6346153846153846,5,,,
trace-driven,trace,report_thrashing_pressure,SecondChance,GlobalAllocation,12,1,0,0.0049,0.008,1.6326530612244898,5,,,
trace-driven,trace,report_thrashing_pressure,SecondChance,GlobalAllocation,12,1,1,0.0044,0.0078,1.7727272727272727,5,,,
trace-driven,trace,report_thrashing_pressure,SecondChance,GlobalAllocation,12,2,0,0.0045,0.0065,1.4444444444444444,5,,,
trace-driven,trace,report_thrashing_pressure,SecondChance,GlobalAllocation,12,2,1,0.0045,0.0069,1.5333333333333334,5,,,
trace-driven,trace,report_thrashing_pressure,SecondChance,GlobalAllocation,12,3,0,0.0044,0.0071,1.6136363636363635,5,,,
trace-driven,trace,report_thrashing_pressure,SecondChance,GlobalAllocation,12,3,1,0.0043,0.0064,1.4883720930232558,5,,,
trace-driven,trace,report_thrashing_pressure,SecondChance,GlobalAllocation,12,4,0,0.0044,0.0064,1.4545454545454546,5,,,
trace-driven,trace,report_thrashing_pressure,SecondChance,GlobalAllocation,12,4,1,0.0046,0.0066,1.434782608695652,5,,,
trace-driven,trace,report_thrashing_pressure,SecondChance,GlobalAllocation,12,5,0,0.0044,0.0061,1.3863636363636365,5,,,
trace-driven,trace,report_thrashing_pressure,SecondChance,GlobalAllocation,12,5,1,0.0043,0.0066,1.5348837209302326,5,,,
trace-driven,trace,report_thrashing_pressure,SecondChance,GlobalAllocation,12,6,0,0.0045,0.0062,1.3777777777777778,5,,,
trace-driven,trace,report_thrashing_pressure,SecondChance,GlobalAllocation,12,6,1,0.0045,0.0066,1.4666666666666666,5,,,
trace-driven,trace,report_thrashing_pressure,SecondChance,GlobalAllocation,12,7,0,0.0044,0.0063,1.4318181818181819,5,,,
trace-driven,trace,report_thrashing_pressure,SecondChance,GlobalAllocation,12,7,1,0.0044,0.0068,1.5454545454545454,5,,,
trace-driven,trace,report_thrashing_pressure,SecondChance,GlobalAllocation,12,8,0,0.0045,0.0059,1.3111111111111111,5,,,
trace-driven,trace,report_thrashing_pressure,SecondChance,GlobalAllocation,12,8,1,0.0046,0.0066,1.434782608695652,5,,,
trace-driven,trace,report_thrashing_pressure,SecondChance,GlobalAllocation,12,9,0,0.0043,0.0058,1.3488372093023255,5,,,
trace-driven,trace,report_thrashing_pressure,SecondChance,GlobalAllocation,12,9,1,0.0044,0.0069,1.5681818181818181,5,,,
trace-driven,trace,report_thrashing_pressure,SecondChance,LocalAllocation,12,0,0,0.0044,0.0062,1.4090909090909092,5,0,5,0
trace-driven,trace,report_thrashing_pressure,SecondChance,LocalAllocation,12,0,1,0.0042,0.0053,1.2619047619047619,5,0,5,0
trace-driven,trace,report_thrashing_pressure,SecondChance,LocalAllocation,12,1,0,0.0043,0.0049,1.1395348837209303,5,0,5,0
trace-driven,trace,report_thrashing_pressure,SecondChance,LocalAllocation,12,1,1,0.0041,0.0043,1.048780487804878,5,0,5,0
trace-driven,trace,report_thrashing_pressure,SecondChance,LocalAllocation,12,2,0,0.0042,0.0052,1.2380952380952381,5,0,5,0
trace-driven,trace,report_thrashing_pressure,SecondChance,LocalAllocation,12,2,1,0.004,0.0051,1.275,5,0,5,0
trace-driven,trace,report_thrashing_pressure,SecondChance,LocalAllocation,12,3,0,0.0041,0.0049,1.1951219512195121,5,0,5,0
trace-driven,trace,report_thrashing_pressure,SecondChance,LocalAllocation,12,3,1,0.0041,0.0042,1.024390243902439,5,0,5,0
trace-driven,trace,report_thrashing_pressure,SecondChance,LocalAllocation,12,4,0,0.0042,0.0044,1.0476190476190477,5,0,5,0
trace-driven,trace,report_thrashing_pressure,SecondChance,LocalAllocation,12,4,1,0.004,0.0044,1.1,5,0,5,0
trace-driven,trace,report_thrashing_pressure,SecondChance,LocalAllocation,12,5,0,0.0041,0.0044,1.0731707317073171,5,0,5,0
trace-driven,trace,report_thrashing_pressure,SecondChance,LocalAllocation,12,5,1,0.004,0.0044,1.1,5,0,5,0
trace-driven,trace,report_thrashing_pressure,SecondChance,LocalAllocation,12,6,0,0.0042,0.0047,1.119047619047619,5,0,5,0
trace-driven,trace,report_thrashing_pressure,SecondChance,LocalAllocation,12,6,1,0.0041,0.0041,1.0,5,0,5,0
trace-driven,trace,report_thrashing_pressure,SecondChance,LocalAllocation,12,7,0,0.0042,0.005,1.1904761904761905,5,0,5,0
trace-driven,trace,report_thrashing_pressure,SecondChance,LocalAllocation,12,7,1,0.0041,0.004,0.975609756097561,5,0,5,0
trace-driven,trace,report_thrashing_pressure,SecondChance,LocalAllocation,12,8,0,0.0043,0.0045,1.0465116279069768,5,0,5,0
trace-driven,trace,report_thrashing_pressure,SecondChance,LocalAllocation,12,8,1,0.0039,0.0042,1.0769230769230769,5,0,5,0
trace-driven,trace,report_thrashing_pressure,SecondChance,LocalAllocation,12,9,0,0.004,0.0047,1.175,5,0,5,0
trace-driven,trace,report_thrashing_pressure,SecondChance,LocalAllocation,12,9,1,0.004,0.0044,1.1,5,0,5,0
trace-driven,trace,report_thrashing_pressure,SecondChance,ProportionalAllocation,12,0,0,0.0044,0.0056,1.2727272727272727,5,0,5,0
trace-driven,trace,report_thrashing_pressure,SecondChance,ProportionalAllocation,12,0,1,0.0041,0.005,1.2195121951219512,5,0,5,0
trace-driven,trace,report_thrashing_pressure,SecondChance,ProportionalAllocation,12,1,0,0.0042,0.0048,1.1428571428571428,5,0,5,0
trace-driven,trace,report_thrashing_pressure,SecondChance,ProportionalAllocation,12,1,1,0.0041,0.0043,1.048780487804878,5,0,5,0
trace-driven,trace,report_thrashing_pressure,SecondChance,ProportionalAllocation,12,2,0,0.0041,0.0046,1.1219512195121952,5,0,5,0
trace-driven,trace,report_thrashing_pressure,SecondChance,ProportionalAllocation,12,2,1,0.004,0.0044,1.1,5,0,5,0
trace-driven,trace,report_thrashing_pressure,SecondChance,ProportionalAllocation,12,3,0,0.0041,0.0048,1.170731707317073,5,0,5,0
trace-driven,trace,report_thrashing_pressure,SecondChance,ProportionalAllocation,12,3,1,0.0041,0.0041,1.0,5,0,5,0
trace-driven,trace,report_thrashing_pressure,SecondChance,ProportionalAllocation,12,4,0,0.0041,0.0047,1.146341463414634,5,0,5,0
trace-driven,trace,report_thrashing_pressure,SecondChance,ProportionalAllocation,12,4,1,0.004,0.004,1.0,5,0,5,0
trace-driven,trace,report_thrashing_pressure,SecondChance,ProportionalAllocation,12,5,0,0.0041,0.0049,1.1951219512195121,5,0,5,0
trace-driven,trace,report_thrashing_pressure,SecondChance,ProportionalAllocation,12,5,1,0.0041,0.0042,1.024390243902439,5,0,5,0
trace-driven,trace,report_thrashing_pressure,SecondChance,ProportionalAllocation,12,6,0,0.004,0.0046,1.15,5,0,5,0
trace-driven,trace,report_thrashing_pressure,SecondChance,ProportionalAllocation,12,6,1,0.0039,0.004,1.0256410256410255,5,0,5,0
trace-driven,trace,report_thrashing_pressure,SecondChance,ProportionalAllocation,12,7,0,0.0041,0.0048,1.170731707317073,5,0,5,0
trace-driven,trace,report_thrashing_pressure,SecondChance,ProportionalAllocation,12,7,1,0.0041,0.0041,1.0,5,0,5,0
trace-driven,trace,report_thrashing_pressure,SecondChance,ProportionalAllocation,12,8,0,0.0042,0.0047,1.119047619047619,5,0,5,0
trace-driven,trace,report_thrashing_pressure,SecondChance,ProportionalAllocation,12,8,1,0.004,0.004,1.0,5,0,5,0
trace-driven,trace,report_thrashing_pressure,SecondChance,ProportionalAllocation,12,9,0,0.0042,0.0048,1.1428571428571428,5,0,5,0
trace-driven,trace,report_thrashing_pressure,SecondChance,ProportionalAllocation,12,9,1,0.0041,0.0041,1.0,5,0,5,0
trace-driven,trace,report_thrashing_pressure,WSClock,GlobalAllocation,12,0,0,0.0063,0.0081,1.2857142857142858,5,,,
trace-driven,trace,report_thrashing_pressure,WSClock,GlobalAllocation,12,0,1,0.0051,0.0087,1.7058823529411764,5,,,
trace-driven,trace,report_thrashing_pressure,WSClock,GlobalAllocation,12,1,0,0.005,0.008,1.6,5,,,
trace-driven,trace,report_thrashing_pressure,WSClock,GlobalAllocation,12,1,1,0.0043,0.008,1.8604651162790697,5,,,
trace-driven,trace,report_thrashing_pressure,WSClock,GlobalAllocation,12,2,0,0.0043,0.0068,1.5813953488372092,5,,,
trace-driven,trace,report_thrashing_pressure,WSClock,GlobalAllocation,12,2,1,0.0042,0.007,1.6666666666666667,5,,,
trace-driven,trace,report_thrashing_pressure,WSClock,GlobalAllocation,12,3,0,0.0045,0.0063,1.4,5,,,
trace-driven,trace,report_thrashing_pressure,WSClock,GlobalAllocation,12,3,1,0.0043,0.0068,1.5813953488372092,5,,,
trace-driven,trace,report_thrashing_pressure,WSClock,GlobalAllocation,12,4,0,0.0044,0.0067,1.5227272727272727,5,,,
trace-driven,trace,report_thrashing_pressure,WSClock,GlobalAllocation,12,4,1,0.0042,0.0066,1.5714285714285714,5,,,
trace-driven,trace,report_thrashing_pressure,WSClock,GlobalAllocation,12,5,0,0.0044,0.0059,1.3409090909090908,5,,,
trace-driven,trace,report_thrashing_pressure,WSClock,GlobalAllocation,12,5,1,0.0043,0.0068,1.5813953488372092,5,,,
trace-driven,trace,report_thrashing_pressure,WSClock,GlobalAllocation,12,6,0,0.0044,0.006,1.3636363636363635,5,,,
trace-driven,trace,report_thrashing_pressure,WSClock,GlobalAllocation,12,6,1,0.0042,0.0066,1.5714285714285714,5,,,
trace-driven,trace,report_thrashing_pressure,WSClock,GlobalAllocation,12,7,0,0.0044,0.0059,1.3409090909090908,5,,,
trace-driven,trace,report_thrashing_pressure,WSClock,GlobalAllocation,12,7,1,0.0043,0.0067,1.558139534883721,5,,,
trace-driven,trace,report_thrashing_pressure,WSClock,GlobalAllocation,12,8,0,0.0042,0.0058,1.380952380952381,5,,,
trace-driven,trace,report_thrashing_pressure,WSClock,GlobalAllocation,12,8,1,0.0044,0.0064,1.4545454545454546,5,,,
trace-driven,trace,report_thrashing_pressure,WSClock,GlobalAllocation,12,9,0,0.0045,0.0059,1.3111111111111111,5,,,
trace-driven,trace,report_thrashing_pressure,WSClock,GlobalAllocation,12,9,1,0.0041,0.0067,1.6341463414634145,5,,,
trace-driven,trace,report_thrashing_pressure,WSClock,LocalAllocation,12,0,0,0.0044,0.0056,1.2727272727272727,5,0,5,0
trace-driven,trace,report_thrashing_pressure,WSClock,LocalAllocation,12,0,1,0.0041,0.0052,1.2682926829268293,5,0,5,0
trace-driven,trace,report_thrashing_pressure,WSClock,LocalAllocation,12,1,0,0.0042,0.0049,1.1666666666666667,5,0,5,0
trace-driven,trace,report_thrashing_pressure,WSClock,LocalAllocation,12,1,1,0.0041,0.0048,1.170731707317073,5,0,5,0
trace-driven,trace,report_thrashing_pressure,WSClock,LocalAllocation,12,2,0,0.0043,0.005,1.1627906976744187,5,0,5,0
trace-driven,trace,report_thrashing_pressure,WSClock,LocalAllocation,12,2,1,0.0041,0.0042,1.024390243902439,5,0,5,0
trace-driven,trace,report_thrashing_pressure,WSClock,LocalAllocation,12,3,0,0.0044,0.0049,1.1136363636363635,5,0,5,0
trace-driven,trace,report_thrashing_pressure,WSClock,LocalAllocation,12,3,1,0.0042,0.004,0.9523809523809523,5,0,5,0
trace-driven,trace,report_thrashing_pressure,WSClock,LocalAllocation,12,4,0,0.0043,0.0046,1.069767441860465,5,0,5,0
trace-driven,trace,report_thrashing_pressure,WSClock,LocalAllocation,12,4,1,0.0055,0.0041,0.7454545454545455,5,0,5,0
trace-driven,trace,report_thrashing_pressure,WSClock,LocalAllocation,12,5,0,0.0042,0.0049,1.1666666666666667,5,0,5,0
trace-driven,trace,report_thrashing_pressure,WSClock,LocalAllocation,12,5,1,0.0044,0.0045,1.0227272727272727,5,0,5,0
trace-driven,trace,report_thrashing_pressure,WSClock,LocalAllocation,12,6,0,0.0042,0.005,1.1904761904761905,5,0,5,0
trace-driven,trace,report_thrashing_pressure,WSClock,LocalAllocation,12,6,1,0.0041,0.0044,1.0731707317073171,5,0,5,0
trace-driven,trace,report_thrashing_pressure,WSClock,LocalAllocation,12,7,0,0.0041,0.0049,1.1951219512195121,5,0,5,0
trace-driven,trace,report_thrashing_pressure,WSClock,LocalAllocation,12,7,1,0.0041,0.0046,1.1219512195121952,5,0,5,0
trace-driven,trace,report_thrashing_pressure,WSClock,LocalAllocation,12,8,0,0.0042,0.0048,1.1428571428571428,5,0,5,0
trace-driven,trace,report_thrashing_pressure,WSClock,LocalAllocation,12,8,1,0.0043,0.0041,0.9534883720930233,5,0,5,0
trace-driven,trace,report_thrashing_pressure,WSClock,LocalAllocation,12,9,0,0.0043,0.0046,1.069767441860465,5,0,5,0
trace-driven,trace,report_thrashing_pressure,WSClock,LocalAllocation,12,9,1,0.0041,0.0042,1.024390243902439,5,0,5,0
trace-driven,trace,report_thrashing_pressure,WSClock,ProportionalAllocation,12,0,0,0.0059,0.0085,1.4406779661016949,5,0,5,0
trace-driven,trace,report_thrashing_pressure,WSClock,ProportionalAllocation,12,0,1,0.006,0.0083,1.3833333333333333,5,0,5,0
trace-driven,trace,report_thrashing_pressure,WSClock,ProportionalAllocation,12,1,0,0.0042,0.005,1.1904761904761905,5,0,5,0
trace-driven,trace,report_thrashing_pressure,WSClock,ProportionalAllocation,12,1,1,0.004,0.0043,1.075,5,0,5,0
trace-driven,trace,report_thrashing_pressure,WSClock,ProportionalAllocation,12,2,0,0.0044,0.005,1.1363636363636365,5,0,5,0
trace-driven,trace,report_thrashing_pressure,WSClock,ProportionalAllocation,12,2,1,0.0041,0.0044,1.0731707317073171,5,0,5,0
trace-driven,trace,report_thrashing_pressure,WSClock,ProportionalAllocation,12,3,0,0.0043,0.0047,1.0930232558139534,5,0,5,0
trace-driven,trace,report_thrashing_pressure,WSClock,ProportionalAllocation,12,3,1,0.0041,0.0043,1.048780487804878,5,0,5,0
trace-driven,trace,report_thrashing_pressure,WSClock,ProportionalAllocation,12,4,0,0.0043,0.0048,1.1162790697674418,5,0,5,0
trace-driven,trace,report_thrashing_pressure,WSClock,ProportionalAllocation,12,4,1,0.004,0.0041,1.025,5,0,5,0
trace-driven,trace,report_thrashing_pressure,WSClock,ProportionalAllocation,12,5,0,0.0042,0.0047,1.119047619047619,5,0,5,0
trace-driven,trace,report_thrashing_pressure,WSClock,ProportionalAllocation,12,5,1,0.0041,0.0043,1.048780487804878,5,0,5,0
trace-driven,trace,report_thrashing_pressure,WSClock,ProportionalAllocation,12,6,0,0.0041,0.0047,1.146341463414634,5,0,5,0
trace-driven,trace,report_thrashing_pressure,WSClock,ProportionalAllocation,12,6,1,0.0043,0.004,0.9302325581395349,5,0,5,0
trace-driven,trace,report_thrashing_pressure,WSClock,ProportionalAllocation,12,7,0,0.0041,0.0046,1.1219512195121952,5,0,5,0
trace-driven,trace,report_thrashing_pressure,WSClock,ProportionalAllocation,12,7,1,0.004,0.0042,1.05,5,0,5,0
trace-driven,trace,report_thrashing_pressure,WSClock,ProportionalAllocation,12,8,0,0.0041,0.0048,1.170731707317073,5,0,5,0
trace-driven,trace,report_thrashing_pressure,WSClock,ProportionalAllocation,12,8,1,0.0041,0.0042,1.024390243902439,5,0,5,0
trace-driven,trace,report_thrashing_pressure,WSClock,ProportionalAllocation,12,9,0,0.0041,0.0047,1.146341463414634,5,0,5,0
trace-driven,trace,report_thrashing_pressure,WSClock,ProportionalAllocation,12,9,1,0.004,0.004,1.0,5,0,5,0
trace-driven,trace,report_thrashing_pressure,FIFO,GlobalAllocation,15,0,0,0.0062,0.0079,1.2741935483870968,5,,,
trace-driven,trace,report_thrashing_pressure,FIFO,GlobalAllocation,15,0,1,0.0052,0.0084,1.6153846153846154,5,,,
trace-driven,trace,report_thrashing_pressure,FIFO,GlobalAllocation,15,1,0,0.0051,0.0076,1.4901960784313726,5,,,
trace-driven,trace,report_thrashing_pressure,FIFO,GlobalAllocation,15,1,1,0.0044,0.0073,1.6590909090909092,5,,,
trace-driven,trace,report_thrashing_pressure,FIFO,GlobalAllocation,15,2,0,0.0043,0.0057,1.3255813953488371,5,,,
trace-driven,trace,report_thrashing_pressure,FIFO,GlobalAllocation,15,2,1,0.0041,0.0063,1.5365853658536586,5,,,
trace-driven,trace,report_thrashing_pressure,FIFO,GlobalAllocation,15,3,0,0.0042,0.0053,1.2619047619047619,5,,,
trace-driven,trace,report_thrashing_pressure,FIFO,GlobalAllocation,15,3,1,0.0046,0.006,1.3043478260869565,5,,,
trace-driven,trace,report_thrashing_pressure,FIFO,GlobalAllocation,15,4,0,0.0042,0.0055,1.3095238095238095,5,,,
trace-driven,trace,report_thrashing_pressure,FIFO,GlobalAllocation,15,4,1,0.0043,0.0062,1.441860465116279,5,,,
trace-driven,trace,report_thrashing_pressure,FIFO,GlobalAllocation,15,5,0,0.0042,0.0056,1.3333333333333333,5,,,
trace-driven,trace,report_thrashing_pressure,FIFO,GlobalAllocation,15,5,1,0.0041,0.0062,1.5121951219512195,5,,,
trace-driven,trace,report_thrashing_pressure,FIFO,GlobalAllocation,15,6,0,0.0042,0.0054,1.2857142857142858,5,,,
trace-driven,trace,report_thrashing_pressure,FIFO,GlobalAllocation,15,6,1,0.0041,0.0059,1.4390243902439024,5,,,
trace-driven,trace,report_thrashing_pressure,FIFO,GlobalAllocation,15,7,0,0.0041,0.0053,1.2926829268292683,5,,,
trace-driven,trace,report_thrashing_pressure,FIFO,GlobalAllocation,15,7,1,0.0041,0.006,1.4634146341463414,5,,,
trace-driven,trace,report_thrashing_pressure,FIFO,GlobalAllocation,15,8,0,0.0042,0.0051,1.2142857142857142,5,,,
trace-driven,trace,report_thrashing_pressure,FIFO,GlobalAllocation,15,8,1,0.0043,0.006,1.3953488372093024,5,,,
trace-driven,trace,report_thrashing_pressure,FIFO,GlobalAllocation,15,9,0,0.0041,0.005,1.2195121951219512,5,,,
trace-driven,trace,report_thrashing_pressure,FIFO,GlobalAllocation,15,9,1,0.0039,0.0056,1.435897435897436,5,,,
trace-driven,trace,report_thrashing_pressure,FIFO,LocalAllocation,15,0,0,0.0046,0.0055,1.1956521739130435,5,0,5,0
trace-driven,trace,report_thrashing_pressure,FIFO,LocalAllocation,15,0,1,0.0039,0.0047,1.205128205128205,5,0,5,0
trace-driven,trace,report_thrashing_pressure,FIFO,LocalAllocation,15,1,0,0.004,0.0045,1.125,5,0,5,0
trace-driven,trace,report_thrashing_pressure,FIFO,LocalAllocation,15,1,1,0.0042,0.0042,1.0,5,0,5,0
trace-driven,trace,report_thrashing_pressure,FIFO,LocalAllocation,15,2,0,0.0043,0.0047,1.0930232558139534,5,0,5,0
trace-driven,trace,report_thrashing_pressure,FIFO,LocalAllocation,15,2,1,0.0039,0.0038,0.9743589743589743,5,0,5,0
trace-driven,trace,report_thrashing_pressure,FIFO,LocalAllocation,15,3,0,0.004,0.0047,1.175,5,0,5,0
trace-driven,trace,report_thrashing_pressure,FIFO,LocalAllocation,15,3,1,0.004,0.0039,0.975,5,0,5,0
trace-driven,trace,report_thrashing_pressure,FIFO,LocalAllocation,15,4,0,0.0038,0.0041,1.0789473684210527,5,0,5,0
trace-driven,trace,report_thrashing_pressure,FIFO,LocalAllocation,15,4,1,0.0038,0.0038,1.0,5,0,5,0
trace-driven,trace,report_thrashing_pressure,FIFO,LocalAllocation,15,5,0,0.004,0.0044,1.1,5,0,5,0
trace-driven,trace,report_thrashing_pressure,FIFO,LocalAllocation,15,5,1,0.0041,0.0039,0.9512195121951219,5,0,5,0
trace-driven,trace,report_thrashing_pressure,FIFO,LocalAllocation,15,6,0,0.0041,0.0044,1.0731707317073171,5,0,5,0
trace-driven,trace,report_thrashing_pressure,FIFO,LocalAllocation,15,6,1,0.0039,0.0038,0.9743589743589743,5,0,5,0
trace-driven,trace,report_thrashing_pressure,FIFO,LocalAllocation,15,7,0,0.0039,0.0043,1.1025641025641026,5,0,5,0
trace-driven,trace,report_thrashing_pressure,FIFO,LocalAllocation,15,7,1,0.0038,0.0039,1.0263157894736843,5,0,5,0
trace-driven,trace,report_thrashing_pressure,FIFO,LocalAllocation,15,8,0,0.0038,0.0043,1.131578947368421,5,0,5,0
trace-driven,trace,report_thrashing_pressure,FIFO,LocalAllocation,15,8,1,0.0037,0.0039,1.054054054054054,5,0,5,0
trace-driven,trace,report_thrashing_pressure,FIFO,LocalAllocation,15,9,0,0.0039,0.0042,1.0769230769230769,5,0,5,0
trace-driven,trace,report_thrashing_pressure,FIFO,LocalAllocation,15,9,1,0.0052,0.0036,0.6923076923076923,5,0,5,0
trace-driven,trace,report_thrashing_pressure,FIFO,ProportionalAllocation,15,0,0,0.0043,0.0056,1.302325581395349,5,0,5,0
trace-driven,trace,report_thrashing_pressure,FIFO,ProportionalAllocation,15,0,1,0.0039,0.0042,1.0769230769230769,5,0,5,0
trace-driven,trace,report_thrashing_pressure,FIFO,ProportionalAllocation,15,1,0,0.0041,0.005,1.2195121951219512,5,0,5,0
trace-driven,trace,report_thrashing_pressure,FIFO,ProportionalAllocation,15,1,1,0.0042,0.0044,1.0476190476190477,5,0,5,0
trace-driven,trace,report_thrashing_pressure,FIFO,ProportionalAllocation,15,2,0,0.0041,0.0047,1.146341463414634,5,0,5,0
trace-driven,trace,report_thrashing_pressure,FIFO,ProportionalAllocation,15,2,1,0.0041,0.0036,0.8780487804878049,5,0,5,0
trace-driven,trace,report_thrashing_pressure,FIFO,ProportionalAllocation,15,3,0,0.0037,0.0045,1.2162162162162162,5,0,5,0
trace-driven,trace,report_thrashing_pressure,FIFO,ProportionalAllocation,15,3,1,0.0038,0.004,1.0526315789473684,5,0,5,0
trace-driven,trace,report_thrashing_pressure,FIFO,ProportionalAllocation,15,4,0,0.0038,0.0042,1.105263157894737,5,0,5,0
trace-driven,trace,report_thrashing_pressure,FIFO,ProportionalAllocation,15,4,1,0.0041,0.004,0.975609756097561,5,0,5,0
trace-driven,trace,report_thrashing_pressure,FIFO,ProportionalAllocation,15,5,0,0.0038,0.0039,1.0263157894736843,5,0,5,0
trace-driven,trace,report_thrashing_pressure,FIFO,ProportionalAllocation,15,5,1,0.0038,0.0038,1.0,5,0,5,0
trace-driven,trace,report_thrashing_pressure,FIFO,ProportionalAllocation,15,6,0,0.0054,0.0045,0.8333333333333334,5,0,5,0
trace-driven,trace,report_thrashing_pressure,FIFO,ProportionalAllocation,15,6,1,0.0038,0.0039,1.0263157894736843,5,0,5,0
trace-driven,trace,report_thrashing_pressure,FIFO,ProportionalAllocation,15,7,0,0.0037,0.0048,1.2972972972972974,5,0,5,0
trace-driven,trace,report_thrashing_pressure,FIFO,ProportionalAllocation,15,7,1,0.0038,0.0041,1.0789473684210527,5,0,5,0
trace-driven,trace,report_thrashing_pressure,FIFO,ProportionalAllocation,15,8,0,0.0038,0.0052,1.368421052631579,5,0,5,0
trace-driven,trace,report_thrashing_pressure,FIFO,ProportionalAllocation,15,8,1,0.0037,0.0048,1.2972972972972974,5,0,5,0
trace-driven,trace,report_thrashing_pressure,FIFO,ProportionalAllocation,15,9,0,0.0038,0.0043,1.131578947368421,5,0,5,0
trace-driven,trace,report_thrashing_pressure,FIFO,ProportionalAllocation,15,9,1,0.0038,0.0036,0.9473684210526315,5,0,5,0
trace-driven,trace,report_thrashing_pressure,LRU,GlobalAllocation,15,0,0,0.0062,0.0078,1.2580645161290323,5,,,
trace-driven,trace,report_thrashing_pressure,LRU,GlobalAllocation,15,0,1,0.0067,0.0085,1.2686567164179106,5,,,
trace-driven,trace,report_thrashing_pressure,LRU,GlobalAllocation,15,1,0,0.0053,0.0086,1.6226415094339623,5,,,
trace-driven,trace,report_thrashing_pressure,LRU,GlobalAllocation,15,1,1,0.0047,0.008,1.702127659574468,5,,,
trace-driven,trace,report_thrashing_pressure,LRU,GlobalAllocation,15,2,0,0.0048,0.0081,1.6875,5,,,
trace-driven,trace,report_thrashing_pressure,LRU,GlobalAllocation,15,2,1,0.0046,0.0089,1.934782608695652,5,,,
trace-driven,trace,report_thrashing_pressure,LRU,GlobalAllocation,15,3,0,0.0046,0.0062,1.3478260869565217,5,,,
trace-driven,trace,report_thrashing_pressure,LRU,GlobalAllocation,15,3,1,0.0045,0.0069,1.5333333333333334,5,,,
trace-driven,trace,report_thrashing_pressure,LRU,GlobalAllocation,15,4,0,0.0046,0.0061,1.326086956521739,5,,,
trace-driven,trace,report_thrashing_pressure,LRU,GlobalAllocation,15,4,1,0.0044,0.007,1.5909090909090908,5,,,
trace-driven,trace,report_thrashing_pressure,LRU,GlobalAllocation,15,5,0,0.0047,0.0064,1.3617021276595744,5,,,
trace-driven,trace,report_thrashing_pressure,LRU,GlobalAllocation,15,5,1,0.0045,0.0066,1.4666666666666666,5,,,
trace-driven,trace,report_thrashing_pressure,LRU,GlobalAllocation,15,6,0,0.0046,0.0065,1.4130434782608696,5,,,
trace-driven,trace,report_thrashing_pressure,LRU,GlobalAllocation,15,6,1,0.0044,0.0067,1.5227272727272727,5,,,
trace-driven,trace,report_thrashing_pressure,LRU,GlobalAllocation,15,7,0,0.0046,0.006,1.3043478260869565,5,,,
trace-driven,trace,report_thrashing_pressure,LRU,GlobalAllocation,15,7,1,0.0044,0.0069,1.5681818181818181,5,,,
trace-driven,trace,report_thrashing_pressure,LRU,GlobalAllocation,15,8,0,0.0049,0.0063,1.2857142857142858,5,,,
trace-driven,trace,report_thrashing_pressure,LRU,GlobalAllocation,15,8,1,0.0047,0.0068,1.446808510638298,5,,,
trace-driven,trace,report_thrashing_pressure,LRU,GlobalAllocation,15,9,0,0.0047,0.006,1.2765957446808511,5,,,
trace-driven,trace,report_thrashing_pressure,LRU,GlobalAllocation,15,9,1,0.0045,0.007,1.5555555555555556,5,,,
trace-driven,trace,report_thrashing_pressure,LRU,LocalAllocation,15,0,0,0.0045,0.006,1.3333333333333333,5,0,5,0
trace-driven,trace,report_thrashing_pressure,LRU,LocalAllocation,15,0,1,0.0042,0.0054,1.2857142857142858,5,0,5,0
trace-driven,trace,report_thrashing_pressure,LRU,LocalAllocation,15,1,0,0.0047,0.0053,1.127659574468085,5,0,5,0
trace-driven,trace,report_thrashing_pressure,LRU,LocalAllocation,15,1,1,0.0045,0.0045,1.0,5,0,5,0
trace-driven,trace,report_thrashing_pressure,LRU,LocalAllocation,15,2,0,0.0044,0.0049,1.1136363636363635,5,0,5,0
trace-driven,trace,report_thrashing_pressure,LRU,LocalAllocation,15,2,1,0.0041,0.0047,1.146341463414634,5,0,5,0
trace-driven,trace,report_thrashing_pressure,LRU,LocalAllocation,15,3,0,0.0047,0.0047,1.0,5,0,5,0
trace-driven,trace,report_thrashing_pressure,LRU,LocalAllocation,15,3,1,0.0042,0.0044,1.0476190476190477,5,0,5,0
trace-driven,trace,report_thrashing_pressure,LRU,LocalAllocation,15,4,0,0.0044,0.0047,1.0681818181818181,5,0,5,0
trace-driven,trace,report_thrashing_pressure,LRU,LocalAllocation,15,4,1,0.0045,0.0043,0.9555555555555556,5,0,5,0
trace-driven,trace,report_thrashing_pressure,LRU,LocalAllocation,15,5,0,0.0061,0.0048,0.7868852459016393,5,0,5,0
trace-driven,trace,report_thrashing_pressure,LRU,LocalAllocation,15,5,1,0.0044,0.0044,1.0,5,0,5,0
trace-driven,trace,report_thrashing_pressure,LRU,LocalAllocation,15,6,0,0.0043,0.0049,1.1395348837209303,5,0,5,0
trace-driven,trace,report_thrashing_pressure,LRU,LocalAllocation,15,6,1,0.0042,0.0042,1.0,5,0,5,0
trace-driven,trace,report_thrashing_pressure,LRU,LocalAllocation,15,7,0,0.0044,0.005,1.1363636363636365,5,0,5,0
trace-driven,trace,report_thrashing_pressure,LRU,LocalAllocation,15,7,1,0.0043,0.0045,1.0465116279069768,5,0,5,0
trace-driven,trace,report_thrashing_pressure,LRU,LocalAllocation,15,8,0,0.0044,0.0048,1.0909090909090908,5,0,5,0
trace-driven,trace,report_thrashing_pressure,LRU,LocalAllocation,15,8,1,0.0043,0.0043,1.0,5,0,5,0
trace-driven,trace,report_thrashing_pressure,LRU,LocalAllocation,15,9,0,0.0044,0.0049,1.1136363636363635,5,0,5,0
trace-driven,trace,report_thrashing_pressure,LRU,LocalAllocation,15,9,1,0.0053,0.0044,0.8301886792452831,5,0,5,0
trace-driven,trace,report_thrashing_pressure,LRU,ProportionalAllocation,15,0,0,0.0045,0.0055,1.2222222222222223,5,0,5,0
trace-driven,trace,report_thrashing_pressure,LRU,ProportionalAllocation,15,0,1,0.0043,0.005,1.1627906976744187,5,0,5,0
trace-driven,trace,report_thrashing_pressure,LRU,ProportionalAllocation,15,1,0,0.0044,0.0051,1.1590909090909092,5,0,5,0
trace-driven,trace,report_thrashing_pressure,LRU,ProportionalAllocation,15,1,1,0.0044,0.0045,1.0227272727272727,5,0,5,0
trace-driven,trace,report_thrashing_pressure,LRU,ProportionalAllocation,15,2,0,0.0062,0.005,0.8064516129032258,5,0,5,0
trace-driven,trace,report_thrashing_pressure,LRU,ProportionalAllocation,15,2,1,0.0043,0.0049,1.1395348837209303,5,0,5,0
trace-driven,trace,report_thrashing_pressure,LRU,ProportionalAllocation,15,3,0,0.0045,0.0049,1.0888888888888888,5,0,5,0
trace-driven,trace,report_thrashing_pressure,LRU,ProportionalAllocation,15,3,1,0.0044,0.0046,1.0454545454545454,5,0,5,0
trace-driven,trace,report_thrashing_pressure,LRU,ProportionalAllocation,15,4,0,0.0043,0.0048,1.1162790697674418,5,0,5,0
trace-driven,trace,report_thrashing_pressure,LRU,ProportionalAllocation,15,4,1,0.0042,0.0043,1.0238095238095237,5,0,5,0
trace-driven,trace,report_thrashing_pressure,LRU,ProportionalAllocation,15,5,0,0.0043,0.0046,1.069767441860465,5,0,5,0
trace-driven,trace,report_thrashing_pressure,LRU,ProportionalAllocation,15,5,1,0.0042,0.0043,1.0238095238095237,5,0,5,0
trace-driven,trace,report_thrashing_pressure,LRU,ProportionalAllocation,15,6,0,0.0044,0.0048,1.0909090909090908,5,0,5,0
trace-driven,trace,report_thrashing_pressure,LRU,ProportionalAllocation,15,6,1,0.0043,0.0046,1.069767441860465,5,0,5,0
trace-driven,trace,report_thrashing_pressure,LRU,ProportionalAllocation,15,7,0,0.0044,0.005,1.1363636363636365,5,0,5,0
trace-driven,trace,report_thrashing_pressure,LRU,ProportionalAllocation,15,7,1,0.0044,0.0042,0.9545454545454546,5,0,5,0
trace-driven,trace,report_thrashing_pressure,LRU,ProportionalAllocation,15,8,0,0.0045,0.0048,1.0666666666666667,5,0,5,0
trace-driven,trace,report_thrashing_pressure,LRU,ProportionalAllocation,15,8,1,0.0043,0.0044,1.0232558139534884,5,0,5,0
trace-driven,trace,report_thrashing_pressure,LRU,ProportionalAllocation,15,9,0,0.0046,0.005,1.0869565217391304,5,0,5,0
trace-driven,trace,report_thrashing_pressure,LRU,ProportionalAllocation,15,9,1,0.0044,0.0048,1.0909090909090908,5,0,5,0
trace-driven,trace,report_thrashing_pressure,NRU,GlobalAllocation,15,0,0,0.0058,0.0077,1.3275862068965518,5,,,
trace-driven,trace,report_thrashing_pressure,NRU,GlobalAllocation,15,0,1,0.0052,0.0083,1.5961538461538463,5,,,
trace-driven,trace,report_thrashing_pressure,NRU,GlobalAllocation,15,1,0,0.005,0.0096,1.92,5,,,
trace-driven,trace,report_thrashing_pressure,NRU,GlobalAllocation,15,1,1,0.0045,0.0088,1.9555555555555555,5,,,
trace-driven,trace,report_thrashing_pressure,NRU,GlobalAllocation,15,2,0,0.0043,0.0067,1.558139534883721,5,,,
trace-driven,trace,report_thrashing_pressure,NRU,GlobalAllocation,15,2,1,0.0043,0.0068,1.5813953488372092,5,,,
trace-driven,trace,report_thrashing_pressure,NRU,GlobalAllocation,15,3,0,0.0044,0.0062,1.4090909090909092,5,,,
trace-driven,trace,report_thrashing_pressure,NRU,GlobalAllocation,15,3,1,0.0043,0.0063,1.4651162790697674,5,,,
trace-driven,trace,report_thrashing_pressure,NRU,GlobalAllocation,15,4,0,0.0044,0.006,1.3636363636363635,5,,,
trace-driven,trace,report_thrashing_pressure,NRU,GlobalAllocation,15,4,1,0.0042,0.0064,1.5238095238095237,5,,,
trace-driven,trace,report_thrashing_pressure,NRU,GlobalAllocation,15,5,0,0.0046,0.0061,1.326086956521739,5,,,
trace-driven,trace,report_thrashing_pressure,NRU,GlobalAllocation,15,5,1,0.0046,0.0067,1.4565217391304348,5,,,
trace-driven,trace,report_thrashing_pressure,NRU,GlobalAllocation,15,6,0,0.0044,0.0058,1.3181818181818181,5,,,
trace-driven,trace,report_thrashing_pressure,NRU,GlobalAllocation,15,6,1,0.0043,0.0067,1.558139534883721,5,,,
trace-driven,trace,report_thrashing_pressure,NRU,GlobalAllocation,15,7,0,0.0045,0.006,1.3333333333333333,5,,,
trace-driven,trace,report_thrashing_pressure,NRU,GlobalAllocation,15,7,1,0.0044,0.0065,1.4772727272727273,5,,,
trace-driven,trace,report_thrashing_pressure,NRU,GlobalAllocation,15,8,0,0.0043,0.0058,1.3488372093023255,5,,,
trace-driven,trace,report_thrashing_pressure,NRU,GlobalAllocation,15,8,1,0.0043,0.0066,1.5348837209302326,5,,,
trace-driven,trace,report_thrashing_pressure,NRU,GlobalAllocation,15,9,0,0.0043,0.0058,1.3488372093023255,5,,,
trace-driven,trace,report_thrashing_pressure,NRU,GlobalAllocation,15,9,1,0.0042,0.0065,1.5476190476190477,5,,,
trace-driven,trace,report_thrashing_pressure,NRU,LocalAllocation,15,0,0,0.0046,0.0058,1.2608695652173914,5,0,5,0
trace-driven,trace,report_thrashing_pressure,NRU,LocalAllocation,15,0,1,0.0041,0.0051,1.2439024390243902,5,0,5,0
trace-driven,trace,report_thrashing_pressure,NRU,LocalAllocation,15,1,0,0.0042,0.0053,1.2619047619047619,5,0,5,0
trace-driven,trace,report_thrashing_pressure,NRU,LocalAllocation,15,1,1,0.0042,0.0043,1.0238095238095237,5,0,5,0
trace-driven,trace,report_thrashing_pressure,NRU,LocalAllocation,15,2,0,0.0042,0.0049,1.1666666666666667,5,0,5,0
trace-driven,trace,report_thrashing_pressure,NRU,LocalAllocation,15,2,1,0.004,0.0047,1.175,5,0,5,0
trace-driven,trace,report_thrashing_pressure,NRU,LocalAllocation,15,3,0,0.0045,0.0048,1.0666666666666667,5,0,5,0
trace-driven,trace,report_thrashing_pressure,NRU,LocalAllocation,15,3,1,0.0041,0.0041,1.0,5,0,5,0
trace-driven,trace,report_thrashing_pressure,NRU,LocalAllocation,15,4,0,0.0041,0.0043,1.048780487804878,5,0,5,0
trace-driven,trace,report_thrashing_pressure,NRU,LocalAllocation,15,4,1,0.004,0.0044,1.1,5,0,5,0
trace-driven,trace,report_thrashing_pressure,NRU,LocalAllocation,15,5,0,0.0041,0.005,1.2195121951219512,5,0,5,0
trace-driven,trace,report_thrashing_pressure,NRU,LocalAllocation,15,5,1,0.0041,0.0045,1.0975609756097562,5,0,5,0
trace-driven,trace,report_thrashing_pressure,NRU,LocalAllocation,15,6,0,0.0042,0.0046,1.0952380952380953,5,0,5,0
trace-driven,trace,report_thrashing_pressure,NRU,LocalAllocation,15,6,1,0.0039,0.0042,1.0769230769230769,5,0,5,0
trace-driven,trace,report_thrashing_pressure,NRU,LocalAllocation,15,7,0,0.0041,0.0044,1.0731707317073171,5,0,5,0
trace-driven,trace,report_thrashing_pressure,NRU,LocalAllocation,15,7,1,0.0041,0.0044,1.0731707317073171,5,0,5,0
trace-driven,trace,report_thrashing_pressure,NRU,LocalAllocation,15,8,0,0.0042,0.0046,1.0952380952380953,5,0,5,0
trace-driven,trace,report_thrashing_pressure,NRU,LocalAllocation,15,8,1,0.0041,0.0042,1.024390243902439,5,0,5,0
trace-driven,trace,report_thrashing_pressure,NRU,LocalAllocation,15,9,0,0.0046,0.0053,1.1521739130434783,5,0,5,0
trace-driven,trace,report_thrashing_pressure,NRU,LocalAllocation,15,9,1,0.0041,0.0043,1.048780487804878,5,0,5,0
trace-driven,trace,report_thrashing_pressure,NRU,ProportionalAllocation,15,0,0,0.0042,0.0055,1.3095238095238095,5,0,5,0
trace-driven,trace,report_thrashing_pressure,NRU,ProportionalAllocation,15,0,1,0.004,0.0046,1.15,5,0,5,0
trace-driven,trace,report_thrashing_pressure,NRU,ProportionalAllocation,15,1,0,0.0041,0.0049,1.1951219512195121,5,0,5,0
trace-driven,trace,report_thrashing_pressure,NRU,ProportionalAllocation,15,1,1,0.0043,0.0047,1.0930232558139534,5,0,5,0
trace-driven,trace,report_thrashing_pressure,NRU,ProportionalAllocation,15,2,0,0.0042,0.0045,1.0714285714285714,5,0,5,0
trace-driven,trace,report_thrashing_pressure,NRU,ProportionalAllocation,15,2,1,0.0041,0.0042,1.024390243902439,5,0,5,0
trace-driven,trace,report_thrashing_pressure,NRU,ProportionalAllocation,15,3,0,0.0042,0.0046,1.0952380952380953,5,0,5,0
trace-driven,trace,report_thrashing_pressure,NRU,ProportionalAllocation,15,3,1,0.0041,0.0044,1.0731707317073171,5,0,5,0
trace-driven,trace,report_thrashing_pressure,NRU,ProportionalAllocation,15,4,0,0.0044,0.0044,1.0,5,0,5,0
trace-driven,trace,report_thrashing_pressure,NRU,ProportionalAllocation,15,4,1,0.0042,0.0043,1.0238095238095237,5,0,5,0
trace-driven,trace,report_thrashing_pressure,NRU,ProportionalAllocation,15,5,0,0.0041,0.0046,1.1219512195121952,5,0,5,0
trace-driven,trace,report_thrashing_pressure,NRU,ProportionalAllocation,15,5,1,0.0042,0.0041,0.9761904761904762,5,0,5,0
trace-driven,trace,report_thrashing_pressure,NRU,ProportionalAllocation,15,6,0,0.0041,0.0046,1.1219512195121952,5,0,5,0
trace-driven,trace,report_thrashing_pressure,NRU,ProportionalAllocation,15,6,1,0.004,0.0039,0.975,5,0,5,0
trace-driven,trace,report_thrashing_pressure,NRU,ProportionalAllocation,15,7,0,0.0041,0.0046,1.1219512195121952,5,0,5,0
trace-driven,trace,report_thrashing_pressure,NRU,ProportionalAllocation,15,7,1,0.0041,0.0044,1.0731707317073171,5,0,5,0
trace-driven,trace,report_thrashing_pressure,NRU,ProportionalAllocation,15,8,0,0.0041,0.0047,1.146341463414634,5,0,5,0
trace-driven,trace,report_thrashing_pressure,NRU,ProportionalAllocation,15,8,1,0.0041,0.0043,1.048780487804878,5,0,5,0
trace-driven,trace,report_thrashing_pressure,NRU,ProportionalAllocation,15,9,0,0.0042,0.0048,1.1428571428571428,5,0,5,0
trace-driven,trace,report_thrashing_pressure,NRU,ProportionalAllocation,15,9,1,0.0041,0.0043,1.048780487804878,5,0,5,0
trace-driven,trace,report_thrashing_pressure,SecondChance,GlobalAllocation,15,0,0,0.0065,0.0084,1.2923076923076924,5,,,
trace-driven,trace,report_thrashing_pressure,SecondChance,GlobalAllocation,15,0,1,0.0053,0.0085,1.6037735849056605,5,,,
trace-driven,trace,report_thrashing_pressure,SecondChance,GlobalAllocation,15,1,0,0.0051,0.0086,1.6862745098039216,5,,,
trace-driven,trace,report_thrashing_pressure,SecondChance,GlobalAllocation,15,1,1,0.0045,0.0079,1.7555555555555555,5,,,
trace-driven,trace,report_thrashing_pressure,SecondChance,GlobalAllocation,15,2,0,0.0045,0.0066,1.4666666666666666,5,,,
trace-driven,trace,report_thrashing_pressure,SecondChance,GlobalAllocation,15,2,1,0.0043,0.0071,1.6511627906976745,5,,,
trace-driven,trace,report_thrashing_pressure,SecondChance,GlobalAllocation,15,3,0,0.0044,0.0062,1.4090909090909092,5,,,
trace-driven,trace,report_thrashing_pressure,SecondChance,GlobalAllocation,15,3,1,0.0043,0.0066,1.5348837209302326,5,,,
trace-driven,trace,report_thrashing_pressure,SecondChance,GlobalAllocation,15,4,0,0.0043,0.0062,1.441860465116279,5,,,
trace-driven,trace,report_thrashing_pressure,SecondChance,GlobalAllocation,15,4,1,0.0042,0.0065,1.5476190476190477,5,,,
trace-driven,trace,report_thrashing_pressure,SecondChance,GlobalAllocation,15,5,0,0.0044,0.006,1.3636363636363635,5,,,
trace-driven,trace,report_thrashing_pressure,SecondChance,GlobalAllocation,15,5,1,0.0045,0.0065,1.4444444444444444,5,,,
trace-driven,trace,report_thrashing_pressure,SecondChance,GlobalAllocation,15,6,0,0.0044,0.0061,1.3863636363636365,5,,,
trace-driven,trace,report_thrashing_pressure,SecondChance,GlobalAllocation,15,6,1,0.0043,0.0068,1.5813953488372092,5,,,
trace-driven,trace,report_thrashing_pressure,SecondChance,GlobalAllocation,15,7,0,0.0043,0.0062,1.441860465116279,5,,,
trace-driven,trace,report_thrashing_pressure,SecondChance,GlobalAllocation,15,7,1,0.0043,0.0069,1.6046511627906976,5,,,
trace-driven,trace,report_thrashing_pressure,SecondChance,GlobalAllocation,15,8,0,0.0043,0.0062,1.441860465116279,5,,,
trace-driven,trace,report_thrashing_pressure,SecondChance,GlobalAllocation,15,8,1,0.0045,0.0064,1.4222222222222223,5,,,
trace-driven,trace,report_thrashing_pressure,SecondChance,GlobalAllocation,15,9,0,0.0042,0.006,1.4285714285714286,5,,,
trace-driven,trace,report_thrashing_pressure,SecondChance,GlobalAllocation,15,9,1,0.0041,0.0067,1.6341463414634145,5,,,
trace-driven,trace,report_thrashing_pressure,SecondChance,LocalAllocation,15,0,0,0.0042,0.0059,1.4047619047619047,5,0,5,0
trace-driven,trace,report_thrashing_pressure,SecondChance,LocalAllocation,15,0,1,0.0041,0.0054,1.3170731707317074,5,0,5,0
trace-driven,trace,report_thrashing_pressure,SecondChance,LocalAllocation,15,1,0,0.0043,0.005,1.1627906976744187,5,0,5,0
trace-driven,trace,report_thrashing_pressure,SecondChance,LocalAllocation,15,1,1,0.0042,0.0046,1.0952380952380953,5,0,5,0
trace-driven,trace,report_thrashing_pressure,SecondChance,LocalAllocation,15,2,0,0.0044,0.0048,1.0909090909090908,5,0,5,0
trace-driven,trace,report_thrashing_pressure,SecondChance,LocalAllocation,15,2,1,0.0041,0.0045,1.0975609756097562,5,0,5,0
trace-driven,trace,report_thrashing_pressure,SecondChance,LocalAllocation,15,3,0,0.0042,0.0048,1.1428571428571428,5,0,5,0
trace-driven,trace,report_thrashing_pressure,SecondChance,LocalAllocation,15,3,1,0.0041,0.0043,1.048780487804878,5,0,5,0
trace-driven,trace,report_thrashing_pressure,SecondChance,LocalAllocation,15,4,0,0.0042,0.0047,1.119047619047619,5,0,5,0
trace-driven,trace,report_thrashing_pressure,SecondChance,LocalAllocation,15,4,1,0.0041,0.0043,1.048780487804878,5,0,5,0
trace-driven,trace,report_thrashing_pressure,SecondChance,LocalAllocation,15,5,0,0.0042,0.0046,1.0952380952380953,5,0,5,0
trace-driven,trace,report_thrashing_pressure,SecondChance,LocalAllocation,15,5,1,0.0041,0.0046,1.1219512195121952,5,0,5,0
trace-driven,trace,report_thrashing_pressure,SecondChance,LocalAllocation,15,6,0,0.0042,0.0043,1.0238095238095237,5,0,5,0
trace-driven,trace,report_thrashing_pressure,SecondChance,LocalAllocation,15,6,1,0.0042,0.0044,1.0476190476190477,5,0,5,0
trace-driven,trace,report_thrashing_pressure,SecondChance,LocalAllocation,15,7,0,0.0041,0.0047,1.146341463414634,5,0,5,0
trace-driven,trace,report_thrashing_pressure,SecondChance,LocalAllocation,15,7,1,0.004,0.0042,1.05,5,0,5,0
trace-driven,trace,report_thrashing_pressure,SecondChance,LocalAllocation,15,8,0,0.0044,0.0048,1.0909090909090908,5,0,5,0
trace-driven,trace,report_thrashing_pressure,SecondChance,LocalAllocation,15,8,1,0.0041,0.0042,1.024390243902439,5,0,5,0
trace-driven,trace,report_thrashing_pressure,SecondChance,LocalAllocation,15,9,0,0.0042,0.0046,1.0952380952380953,5,0,5,0
trace-driven,trace,report_thrashing_pressure,SecondChance,LocalAllocation,15,9,1,0.0041,0.0043,1.048780487804878,5,0,5,0
trace-driven,trace,report_thrashing_pressure,SecondChance,ProportionalAllocation,15,0,0,0.0047,0.0055,1.1702127659574468,5,0,5,0
trace-driven,trace,report_thrashing_pressure,SecondChance,ProportionalAllocation,15,0,1,0.0043,0.0047,1.0930232558139534,5,0,5,0
trace-driven,trace,report_thrashing_pressure,SecondChance,ProportionalAllocation,15,1,0,0.0043,0.0049,1.1395348837209303,5,0,5,0
trace-driven,trace,report_thrashing_pressure,SecondChance,ProportionalAllocation,15,1,1,0.0042,0.0044,1.0476190476190477,5,0,5,0
trace-driven,trace,report_thrashing_pressure,SecondChance,ProportionalAllocation,15,2,0,0.0042,0.0048,1.1428571428571428,5,0,5,0
trace-driven,trace,report_thrashing_pressure,SecondChance,ProportionalAllocation,15,2,1,0.0042,0.0044,1.0476190476190477,5,0,5,0
trace-driven,trace,report_thrashing_pressure,SecondChance,ProportionalAllocation,15,3,0,0.0043,0.0051,1.186046511627907,5,0,5,0
trace-driven,trace,report_thrashing_pressure,SecondChance,ProportionalAllocation,15,3,1,0.0041,0.0042,1.024390243902439,5,0,5,0
trace-driven,trace,report_thrashing_pressure,SecondChance,ProportionalAllocation,15,4,0,0.0043,0.0047,1.0930232558139534,5,0,5,0
trace-driven,trace,report_thrashing_pressure,SecondChance,ProportionalAllocation,15,4,1,0.0041,0.0042,1.024390243902439,5,0,5,0
trace-driven,trace,report_thrashing_pressure,SecondChance,ProportionalAllocation,15,5,0,0.0041,0.0045,1.0975609756097562,5,0,5,0
trace-driven,trace,report_thrashing_pressure,SecondChance,ProportionalAllocation,15,5,1,0.0041,0.0045,1.0975609756097562,5,0,5,0
trace-driven,trace,report_thrashing_pressure,SecondChance,ProportionalAllocation,15,6,0,0.0041,0.0045,1.0975609756097562,5,0,5,0
trace-driven,trace,report_thrashing_pressure,SecondChance,ProportionalAllocation,15,6,1,0.0044,0.0042,0.9545454545454546,5,0,5,0
trace-driven,trace,report_thrashing_pressure,SecondChance,ProportionalAllocation,15,7,0,0.0041,0.0045,1.0975609756097562,5,0,5,0
trace-driven,trace,report_thrashing_pressure,SecondChance,ProportionalAllocation,15,7,1,0.0041,0.0042,1.024390243902439,5,0,5,0
trace-driven,trace,report_thrashing_pressure,SecondChance,ProportionalAllocation,15,8,0,0.0042,0.0042,1.0,5,0,5,0
trace-driven,trace,report_thrashing_pressure,SecondChance,ProportionalAllocation,15,8,1,0.004,0.0042,1.05,5,0,5,0
trace-driven,trace,report_thrashing_pressure,SecondChance,ProportionalAllocation,15,9,0,0.004,0.0046,1.15,5,0,5,0
trace-driven,trace,report_thrashing_pressure,SecondChance,ProportionalAllocation,15,9,1,0.004,0.0042,1.05,5,0,5,0
trace-driven,trace,report_thrashing_pressure,WSClock,GlobalAllocation,15,0,0,0.0062,0.0083,1.3387096774193548,5,,,
trace-driven,trace,report_thrashing_pressure,WSClock,GlobalAllocation,15,0,1,0.0053,0.0084,1.5849056603773586,5,,,
trace-driven,trace,report_thrashing_pressure,WSClock,GlobalAllocation,15,1,0,0.0048,0.0084,1.75,5,,,
trace-driven,trace,report_thrashing_pressure,WSClock,GlobalAllocation,15,1,1,0.0044,0.0078,1.7727272727272727,5,,,
trace-driven,trace,report_thrashing_pressure,WSClock,GlobalAllocation,15,2,0,0.0045,0.0066,1.4666666666666666,5,,,
trace-driven,trace,report_thrashing_pressure,WSClock,GlobalAllocation,15,2,1,0.0043,0.0068,1.5813953488372092,5,,,
trace-driven,trace,report_thrashing_pressure,WSClock,GlobalAllocation,15,3,0,0.0044,0.0062,1.4090909090909092,5,,,
trace-driven,trace,report_thrashing_pressure,WSClock,GlobalAllocation,15,3,1,0.0042,0.0066,1.5714285714285714,5,,,
trace-driven,trace,report_thrashing_pressure,WSClock,GlobalAllocation,15,4,0,0.0044,0.006,1.3636363636363635,5,,,
trace-driven,trace,report_thrashing_pressure,WSClock,GlobalAllocation,15,4,1,0.0043,0.0064,1.4883720930232558,5,,,
trace-driven,trace,report_thrashing_pressure,WSClock,GlobalAllocation,15,5,0,0.0044,0.0061,1.3863636363636365,5,,,
trace-driven,trace,report_thrashing_pressure,WSClock,GlobalAllocation,15,5,1,0.0043,0.0067,1.558139534883721,5,,,
trace-driven,trace,report_thrashing_pressure,WSClock,GlobalAllocation,15,6,0,0.0045,0.0062,1.3777777777777778,5,,,
trace-driven,trace,report_thrashing_pressure,WSClock,GlobalAllocation,15,6,1,0.0045,0.0067,1.488888888888889,5,,,
trace-driven,trace,report_thrashing_pressure,WSClock,GlobalAllocation,15,7,0,0.0046,0.0063,1.3695652173913044,5,,,
trace-driven,trace,report_thrashing_pressure,WSClock,GlobalAllocation,15,7,1,0.0042,0.0069,1.6428571428571428,5,,,
trace-driven,trace,report_thrashing_pressure,WSClock,GlobalAllocation,15,8,0,0.0044,0.006,1.3636363636363635,5,,,
trace-driven,trace,report_thrashing_pressure,WSClock,GlobalAllocation,15,8,1,0.0044,0.0066,1.5,5,,,
trace-driven,trace,report_thrashing_pressure,WSClock,GlobalAllocation,15,9,0,0.0044,0.006,1.3636363636363635,5,,,
trace-driven,trace,report_thrashing_pressure,WSClock,GlobalAllocation,15,9,1,0.0041,0.0066,1.6097560975609757,5,,,
trace-driven,trace,report_thrashing_pressure,WSClock,LocalAllocation,15,0,0,0.0044,0.0061,1.3863636363636365,5,0,5,0
trace-driven,trace,report_thrashing_pressure,WSClock,LocalAllocation,15,0,1,0.0041,0.0053,1.2926829268292683,5,0,5,0
trace-driven,trace,report_thrashing_pressure,WSClock,LocalAllocation,15,1,0,0.0044,0.0051,1.1590909090909092,5,0,5,0
trace-driven,trace,report_thrashing_pressure,WSClock,LocalAllocation,15,1,1,0.0041,0.0046,1.1219512195121952,5,0,5,0
trace-driven,trace,report_thrashing_pressure,WSClock,LocalAllocation,15,2,0,0.0043,0.0048,1.1162790697674418,5,0,5,0
trace-driven,trace,report_thrashing_pressure,WSClock,LocalAllocation,15,2,1,0.0041,0.0043,1.048780487804878,5,0,5,0
trace-driven,trace,report_thrashing_pressure,WSClock,LocalAllocation,15,3,0,0.0041,0.0045,1.0975609756097562,5,0,5,0
trace-driven,trace,report_thrashing_pressure,WSClock,LocalAllocation,15,3,1,0.0041,0.0044,1.0731707317073171,5,0,5,0
trace-driven,trace,report_thrashing_pressure,WSClock,LocalAllocation,15,4,0,0.0043,0.0044,1.0232558139534884,5,0,5,0
trace-driven,trace,report_thrashing_pressure,WSClock,LocalAllocation,15,4,1,0.0042,0.0041,0.9761904761904762,5,0,5,0
trace-driven,trace,report_thrashing_pressure,WSClock,LocalAllocation,15,5,0,0.0042,0.0047,1.119047619047619,5,0,5,0
trace-driven,trace,report_thrashing_pressure,WSClock,LocalAllocation,15,5,1,0.0041,0.0042,1.024390243902439,5,0,5,0
trace-driven,trace,report_thrashing_pressure,WSClock,LocalAllocation,15,6,0,0.0041,0.0048,1.170731707317073,5,0,5,0
trace-driven,trace,report_thrashing_pressure,WSClock,LocalAllocation,15,6,1,0.004,0.0042,1.05,5,0,5,0
trace-driven,trace,report_thrashing_pressure,WSClock,LocalAllocation,15,7,0,0.0042,0.0046,1.0952380952380953,5,0,5,0
trace-driven,trace,report_thrashing_pressure,WSClock,LocalAllocation,15,7,1,0.0043,0.0043,1.0,5,0,5,0
trace-driven,trace,report_thrashing_pressure,WSClock,LocalAllocation,15,8,0,0.0043,0.0047,1.0930232558139534,5,0,5,0
trace-driven,trace,report_thrashing_pressure,WSClock,LocalAllocation,15,8,1,0.0043,0.0043,1.0,5,0,5,0
trace-driven,trace,report_thrashing_pressure,WSClock,LocalAllocation,15,9,0,0.0042,0.0047,1.119047619047619,5,0,5,0
trace-driven,trace,report_thrashing_pressure,WSClock,LocalAllocation,15,9,1,0.0041,0.0045,1.0975609756097562,5,0,5,0
trace-driven,trace,report_thrashing_pressure,WSClock,ProportionalAllocation,15,0,0,0.0043,0.0053,1.2325581395348837,5,0,5,0
trace-driven,trace,report_thrashing_pressure,WSClock,ProportionalAllocation,15,0,1,0.0041,0.0046,1.1219512195121952,5,0,5,0
trace-driven,trace,report_thrashing_pressure,WSClock,ProportionalAllocation,15,1,0,0.0042,0.005,1.1904761904761905,5,0,5,0
trace-driven,trace,report_thrashing_pressure,WSClock,ProportionalAllocation,15,1,1,0.004,0.0042,1.05,5,0,5,0
trace-driven,trace,report_thrashing_pressure,WSClock,ProportionalAllocation,15,2,0,0.0042,0.0048,1.1428571428571428,5,0,5,0
trace-driven,trace,report_thrashing_pressure,WSClock,ProportionalAllocation,15,2,1,0.0041,0.0044,1.0731707317073171,5,0,5,0
trace-driven,trace,report_thrashing_pressure,WSClock,ProportionalAllocation,15,3,0,0.0041,0.0047,1.146341463414634,5,0,5,0
trace-driven,trace,report_thrashing_pressure,WSClock,ProportionalAllocation,15,3,1,0.0042,0.0041,0.9761904761904762,5,0,5,0
trace-driven,trace,report_thrashing_pressure,WSClock,ProportionalAllocation,15,4,0,0.0042,0.0045,1.0714285714285714,5,0,5,0
trace-driven,trace,report_thrashing_pressure,WSClock,ProportionalAllocation,15,4,1,0.0041,0.0041,1.0,5,0,5,0
trace-driven,trace,report_thrashing_pressure,WSClock,ProportionalAllocation,15,5,0,0.0042,0.0047,1.119047619047619,5,0,5,0
trace-driven,trace,report_thrashing_pressure,WSClock,ProportionalAllocation,15,5,1,0.0041,0.0039,0.9512195121951219,5,0,5,0
trace-driven,trace,report_thrashing_pressure,WSClock,ProportionalAllocation,15,6,0,0.0042,0.0053,1.2619047619047619,5,0,5,0
trace-driven,trace,report_thrashing_pressure,WSClock,ProportionalAllocation,15,6,1,0.0041,0.0043,1.048780487804878,5,0,5,0
trace-driven,trace,report_thrashing_pressure,WSClock,ProportionalAllocation,15,7,0,0.0043,0.0045,1.0465116279069768,5,0,5,0
trace-driven,trace,report_thrashing_pressure,WSClock,ProportionalAllocation,15,7,1,0.004,0.0043,1.075,5,0,5,0
trace-driven,trace,report_thrashing_pressure,WSClock,ProportionalAllocation,15,8,0,0.0043,0.0047,1.0930232558139534,5,0,5,0
trace-driven,trace,report_thrashing_pressure,WSClock,ProportionalAllocation,15,8,1,0.0041,0.0042,1.024390243902439,5,0,5,0
trace-driven,trace,report_thrashing_pressure,WSClock,ProportionalAllocation,15,9,0,0.0041,0.0051,1.2439024390243902,5,0,5,0
trace-driven,trace,report_thrashing_pressure,WSClock,ProportionalAllocation,15,9,1,0.0041,0.0042,1.024390243902439,5,0,5,0
trace-driven,trace,sample_trace,FIFO,GlobalAllocation,4,0,0,0.0033,0.0038,1.1515151515151516,2,,,
trace-driven,trace,sample_trace,FIFO,GlobalAllocation,4,0,1,0.0036,0.0049,1.3611111111111112,3,,,
trace-driven,trace,sample_trace,FIFO,GlobalAllocation,4,1,0,0.0038,0.0034,0.8947368421052632,2,,,
trace-driven,trace,sample_trace,FIFO,GlobalAllocation,4,1,1,0.0035,0.0044,1.2571428571428571,3,,,
trace-driven,trace,sample_trace,FIFO,GlobalAllocation,4,2,0,0.0047,0.0032,0.6808510638297872,2,,,
trace-driven,trace,sample_trace,FIFO,GlobalAllocation,4,2,1,0.0033,0.0042,1.2727272727272727,3,,,
trace-driven,trace,sample_trace,FIFO,GlobalAllocation,4,3,0,0.003,0.0029,0.9666666666666667,2,,,
trace-driven,trace,sample_trace,FIFO,GlobalAllocation,4,3,1,0.0033,0.0037,1.121212121212121,3,,,
trace-driven,trace,sample_trace,FIFO,GlobalAllocation,4,4,0,0.0026,0.0026,1.0,2,,,
trace-driven,trace,sample_trace,FIFO,GlobalAllocation,4,4,1,0.0027,0.0034,1.2592592592592593,3,,,
trace-driven,trace,sample_trace,FIFO,GlobalAllocation,4,5,0,0.0029,0.003,1.0344827586206897,2,,,
trace-driven,trace,sample_trace,FIFO,GlobalAllocation,4,5,1,0.0029,0.0041,1.4137931034482758,3,,,
trace-driven,trace,sample_trace,FIFO,GlobalAllocation,4,6,0,0.0026,0.0027,1.0384615384615385,2,,,
trace-driven,trace,sample_trace,FIFO,GlobalAllocation,4,6,1,0.003,0.0037,1.2333333333333334,3,,,
trace-driven,trace,sample_trace,FIFO,GlobalAllocation,4,7,0,0.0025,0.0024,0.96,2,,,
trace-driven,trace,sample_trace,FIFO,GlobalAllocation,4,7,1,0.003,0.0033,1.1,3,,,
trace-driven,trace,sample_trace,FIFO,GlobalAllocation,4,8,0,0.0025,0.0026,1.04,2,,,
trace-driven,trace,sample_trace,FIFO,GlobalAllocation,4,8,1,0.0029,0.0036,1.2413793103448276,3,,,
trace-driven,trace,sample_trace,FIFO,GlobalAllocation,4,9,0,0.0024,0.0025,1.0416666666666667,2,,,
trace-driven,trace,sample_trace,FIFO,GlobalAllocation,4,9,1,0.0026,0.0035,1.3461538461538463,3,,,
trace-driven,trace,sample_trace,FIFO,LocalAllocation,4,0,0,0.0028,0.0028,1.0,2,0,2,0
trace-driven,trace,sample_trace,FIFO,LocalAllocation,4,0,1,0.0027,0.0032,1.1851851851851851,3,1,3,1
trace-driven,trace,sample_trace,FIFO,LocalAllocation,4,1,0,0.0026,0.0026,1.0,2,0,2,0
trace-driven,trace,sample_trace,FIFO,LocalAllocation,4,1,1,0.0028,0.0031,1.1071428571428572,3,1,3,1
trace-driven,trace,sample_trace,FIFO,LocalAllocation,4,2,0,0.0025,0.0026,1.04,2,0,2,0
trace-driven,trace,sample_trace,FIFO,LocalAllocation,4,2,1,0.0027,0.0028,1.037037037037037,3,1,3,1
trace-driven,trace,sample_trace,FIFO,LocalAllocation,4,3,0,0.0023,0.0021,0.9130434782608695,2,0,2,0
trace-driven,trace,sample_trace,FIFO,LocalAllocation,4,3,1,0.0025,0.0027,1.08,3,1,3,1
trace-driven,trace,sample_trace,FIFO,LocalAllocation,4,4,0,0.0023,0.0022,0.9565217391304348,2,0,2,0
trace-driven,trace,sample_trace,FIFO,LocalAllocation,4,4,1,0.0027,0.0026,0.9629629629629629,3,1,3,1
trace-driven,trace,sample_trace,FIFO,LocalAllocation,4,5,0,0.0024,0.0022,0.9166666666666666,2,0,2,0
trace-driven,trace,sample_trace,FIFO,LocalAllocation,4,5,1,0.0026,0.0026,1.0,3,1,3,1
trace-driven,trace,sample_trace,FIFO,LocalAllocation,4,6,0,0.0023,0.0024,1.0434782608695652,2,0,2,0
trace-driven,trace,sample_trace,FIFO,LocalAllocation,4,6,1,0.0028,0.0024,0.8571428571428571,3,1,3,1
trace-driven,trace,sample_trace,FIFO,LocalAllocation,4,7,0,0.0024,0.002,0.8333333333333334,2,0,2,0
trace-driven,trace,sample_trace,FIFO,LocalAllocation,4,7,1,0.0025,0.0036,1.44,3,1,3,1
trace-driven,trace,sample_trace,FIFO,LocalAllocation,4,8,0,0.0023,0.0021,0.9130434782608695,2,0,2,0
trace-driven,trace,sample_trace,FIFO,LocalAllocation,4,8,1,0.0027,0.0026,0.9629629629629629,3,1,3,1
trace-driven,trace,sample_trace,FIFO,LocalAllocation,4,9,0,0.0022,0.0019,0.8636363636363636,2,0,2,0
trace-driven,trace,sample_trace,FIFO,LocalAllocation,4,9,1,0.0026,0.0025,0.9615384615384616,3,1,3,1
trace-driven,trace,sample_trace,FIFO,ProportionalAllocation,4,0,0,0.0042,0.0047,1.119047619047619,2,0,2,0
trace-driven,trace,sample_trace,FIFO,ProportionalAllocation,4,0,1,0.0046,0.0054,1.173913043478261,3,1,3,1
trace-driven,trace,sample_trace,FIFO,ProportionalAllocation,4,1,0,0.0046,0.0043,0.9347826086956522,2,0,2,0
trace-driven,trace,sample_trace,FIFO,ProportionalAllocation,4,1,1,0.0051,0.0054,1.0588235294117647,3,1,3,1
trace-driven,trace,sample_trace,FIFO,ProportionalAllocation,4,2,0,0.0044,0.0039,0.8863636363636364,2,0,2,0
trace-driven,trace,sample_trace,FIFO,ProportionalAllocation,4,2,1,0.0047,0.0048,1.0212765957446808,3,1,3,1
trace-driven,trace,sample_trace,FIFO,ProportionalAllocation,4,3,0,0.0042,0.0036,0.8571428571428571,2,0,2,0
trace-driven,trace,sample_trace,FIFO,ProportionalAllocation,4,3,1,0.005,0.0043,0.86,3,1,3,1
trace-driven,trace,sample_trace,FIFO,ProportionalAllocation,4,4,0,0.0044,0.0036,0.8181818181818182,2,0,2,0
trace-driven,trace,sample_trace,FIFO,ProportionalAllocation,4,4,1,0.0049,0.0046,0.9387755102040817,3,1,3,1
trace-driven,trace,sample_trace,FIFO,ProportionalAllocation,4,5,0,0.0041,0.0038,0.926829268292683,2,0,2,0
trace-driven,trace,sample_trace,FIFO,ProportionalAllocation,4,5,1,0.0047,0.0047,1.0,3,1,3,1
trace-driven,trace,sample_trace,FIFO,ProportionalAllocation,4,6,0,0.0043,0.0037,0.8604651162790697,2,0,2,0
trace-driven,trace,sample_trace,FIFO,ProportionalAllocation,4,6,1,0.0039,0.0047,1.205128205128205,3,1,3,1
trace-driven,trace,sample_trace,FIFO,ProportionalAllocation,4,7,0,0.0042,0.0039,0.9285714285714286,2,0,2,0
trace-driven,trace,sample_trace,FIFO,ProportionalAllocation,4,7,1,0.0047,0.0045,0.9574468085106383,3,1,3,1
trace-driven,trace,sample_trace,FIFO,ProportionalAllocation,4,8,0,0.0041,0.0033,0.8048780487804879,2,0,2,0
trace-driven,trace,sample_trace,FIFO,ProportionalAllocation,4,8,1,0.005,0.0041,0.82,3,1,3,1
trace-driven,trace,sample_trace,FIFO,ProportionalAllocation,4,9,0,0.0041,0.004,0.975609756097561,2,0,2,0
trace-driven,trace,sample_trace,FIFO,ProportionalAllocation,4,9,1,0.0048,0.0047,0.9791666666666666,3,1,3,1
trace-driven,trace,sample_trace,LRU,GlobalAllocation,4,0,0,0.0035,0.0053,1.5142857142857142,2,,,
trace-driven,trace,sample_trace,LRU,GlobalAllocation,4,0,1,0.0036,0.0057,1.5833333333333333,3,,,
trace-driven,trace,sample_trace,LRU,GlobalAllocation,4,1,0,0.004,0.0035,0.875,2,,,
trace-driven,trace,sample_trace,LRU,GlobalAllocation,4,1,1,0.0034,0.0045,1.3235294117647058,3,,,
trace-driven,trace,sample_trace,LRU,GlobalAllocation,4,2,0,0.0045,0.0037,0.8222222222222222,2,,,
trace-driven,trace,sample_trace,LRU,GlobalAllocation,4,2,1,0.0033,0.0044,1.3333333333333333,3,,,
trace-driven,trace,sample_trace,LRU,GlobalAllocation,4,3,0,0.0031,0.0031,1.0,2,,,
trace-driven,trace,sample_trace,LRU,GlobalAllocation,4,3,1,0.0028,0.0042,1.5,3,,,
trace-driven,trace,sample_trace,LRU,GlobalAllocation,4,4,0,0.0027,0.0031,1.1481481481481481,2,,,
trace-driven,trace,sample_trace,LRU,GlobalAllocation,4,4,1,0.0029,0.0042,1.4482758620689655,3,,,
trace-driven,trace,sample_trace,LRU,GlobalAllocation,4,5,0,0.0028,0.0032,1.1428571428571428,2,,,
trace-driven,trace,sample_trace,LRU,GlobalAllocation,4,5,1,0.0031,0.0046,1.4838709677419355,3,,,
trace-driven,trace,sample_trace,LRU,GlobalAllocation,4,6,0,0.0027,0.003,1.1111111111111112,2,,,
trace-driven,trace,sample_trace,LRU,GlobalAllocation,4,6,1,0.0029,0.0041,1.4137931034482758,3,,,
trace-driven,trace,sample_trace,LRU,GlobalAllocation,4,7,0,0.0027,0.0029,1.0740740740740742,2,,,
trace-driven,trace,sample_trace,LRU,GlobalAllocation,4,7,1,0.0041,0.004,0.975609756097561,3,,,
trace-driven,trace,sample_trace,LRU,GlobalAllocation,4,8,0,0.0026,0.0028,1.0769230769230769,2,,,
trace-driven,trace,sample_trace,LRU,GlobalAllocation,4,8,1,0.0029,0.0042,1.4482758620689655,3,,,
trace-driven,trace,sample_trace,LRU,GlobalAllocation,4,9,0,0.0025,0.0028,1.12,2,,,
trace-driven,trace,sample_trace,LRU,GlobalAllocation,4,9,1,0.0038,0.004,1.0526315789473684,3,,,
trace-driven,trace,sample_trace,LRU,LocalAllocation,4,0,0,0.0027,0.0032,1.1851851851851851,2,0,2,0
trace-driven,trace,sample_trace,LRU,LocalAllocation,4,0,1,0.0028,0.0034,1.2142857142857142,3,1,3,1
trace-driven,trace,sample_trace,LRU,LocalAllocation,4,1,0,0.0025,0.003,1.2,2,0,2,0
trace-driven,trace,sample_trace,LRU,LocalAllocation,4,1,1,0.0028,0.0034,1.2142857142857142,3,1,3,1
trace-driven,trace,sample_trace,LRU,LocalAllocation,4,2,0,0.0025,0.0029,1.16,2,0,2,0
trace-driven,trace,sample_trace,LRU,LocalAllocation,4,2,1,0.0028,0.0034,1.2142857142857142,3,1,3,1
trace-driven,trace,sample_trace,LRU,LocalAllocation,4,3,0,0.0024,0.0024,1.0,2,0,2,0
trace-driven,trace,sample_trace,LRU,LocalAllocation,4,3,1,0.0026,0.0032,1.2307692307692308,3,1,3,1
trace-driven,trace,sample_trace,LRU,LocalAllocation,4,4,0,0.0024,0.0023,0.9583333333333334,2,0,2,0
trace-driven,trace,sample_trace,LRU,LocalAllocation,4,4,1,0.0028,0.0028,1.0,3,1,3,1
trace-driven,trace,sample_trace,LRU,LocalAllocation,4,5,0,0.0025,0.0023,0.92,2,0,2,0
trace-driven,trace,sample_trace,LRU,LocalAllocation,4,5,1,0.0027,0.0027,1.0,3,1,3,1
trace-driven,trace,sample_trace,LRU,LocalAllocation,4,6,0,0.0024,0.0025,1.0416666666666667,2,0,2,0
trace-driven,trace,sample_trace,LRU,LocalAllocation,4,6,1,0.0027,0.0033,1.2222222222222223,3,1,3,1
trace-driven,trace,sample_trace,LRU,LocalAllocation,4,7,0,0.0025,0.0025,1.0,2,0,2,0
trace-driven,trace,sample_trace,LRU,LocalAllocation,4,7,1,0.0026,0.0028,1.0769230769230769,3,1,3,1
trace-driven,trace,sample_trace,LRU,LocalAllocation,4,8,0,0.0024,0.0026,1.0833333333333333,2,0,2,0
trace-driven,trace,sample_trace,LRU,LocalAllocation,4,8,1,0.0026,0.0027,1.0384615384615385,3,1,3,1
trace-driven,trace,sample_trace,LRU,LocalAllocation,4,9,0,0.0024,0.0024,1.0,2,0,2,0
trace-driven,trace,sample_trace,LRU,LocalAllocation,4,9,1,0.0027,0.0028,1.037037037037037,3,1,3,1
trace-driven,trace,sample_trace,LRU,ProportionalAllocation,4,0,0,0.0027,0.0029,1.0740740740740742,2,0,2,0
trace-driven,trace,sample_trace,LRU,ProportionalAllocation,4,0,1,0.0027,0.0031,1.1481481481481481,3,1,3,1
trace-driven,trace,sample_trace,LRU,ProportionalAllocation,4,1,0,0.0025,0.0029,1.16,2,0,2,0
trace-driven,trace,sample_trace,LRU,ProportionalAllocation,4,1,1,0.0027,0.0031,1.1481481481481481,3,1,3,1
trace-driven,trace,sample_trace,LRU,ProportionalAllocation,4,2,0,0.0026,0.0027,1.0384615384615385,2,0,2,0
trace-driven,trace,sample_trace,LRU,ProportionalAllocation,4,2,1,0.0027,0.0032,1.1851851851851851,3,1,3,1
trace-driven,trace,sample_trace,LRU,ProportionalAllocation,4,3,0,0.0025,0.0025,1.0,2,0,2,0
trace-driven,trace,sample_trace,LRU,ProportionalAllocation,4,3,1,0.0027,0.0027,1.0,3,1,3,1
trace-driven,trace,sample_trace,LRU,ProportionalAllocation,4,4,0,0.0025,0.0025,1.0,2,0,2,0
trace-driven,trace,sample_trace,LRU,ProportionalAllocation,4,4,1,0.0027,0.003,1.1111111111111112,3,1,3,1
trace-driven,trace,sample_trace,LRU,ProportionalAllocation,4,5,0,0.0024,0.0025,1.0416666666666667,2,0,2,0
trace-driven,trace,sample_trace,LRU,ProportionalAllocation,4,5,1,0.0027,0.0032,1.1851851851851851,3,1,3,1
trace-driven,trace,sample_trace,LRU,ProportionalAllocation,4,6,0,0.0025,0.0024,0.96,2,0,2,0
trace-driven,trace,sample_trace,LRU,ProportionalAllocation,4,6,1,0.0027,0.0031,1.1481481481481481,3,1,3,1
trace-driven,trace,sample_trace,LRU,ProportionalAllocation,4,7,0,0.0024,0.0025,1.0416666666666667,2,0,2,0
trace-driven,trace,sample_trace,LRU,ProportionalAllocation,4,7,1,0.0025,0.0028,1.12,3,1,3,1
trace-driven,trace,sample_trace,LRU,ProportionalAllocation,4,8,0,0.0025,0.0026,1.04,2,0,2,0
trace-driven,trace,sample_trace,LRU,ProportionalAllocation,4,8,1,0.0027,0.0026,0.9629629629629629,3,1,3,1
trace-driven,trace,sample_trace,LRU,ProportionalAllocation,4,9,0,0.0025,0.0023,0.92,2,0,2,0
trace-driven,trace,sample_trace,LRU,ProportionalAllocation,4,9,1,0.0027,0.0027,1.0,3,1,3,1
trace-driven,trace,sample_trace,NRU,GlobalAllocation,4,0,0,0.0066,0.0067,1.0151515151515151,2,,,
trace-driven,trace,sample_trace,NRU,GlobalAllocation,4,0,1,0.0067,0.0109,1.626865671641791,3,,,
trace-driven,trace,sample_trace,NRU,GlobalAllocation,4,1,0,0.0065,0.0059,0.9076923076923077,2,,,
trace-driven,trace,sample_trace,NRU,GlobalAllocation,4,1,1,0.0061,0.0095,1.5573770491803278,3,,,
trace-driven,trace,sample_trace,NRU,GlobalAllocation,4,2,0,0.0076,0.006,0.7894736842105263,2,,,
trace-driven,trace,sample_trace,NRU,GlobalAllocation,4,2,1,0.0062,0.0096,1.5483870967741935,3,,,
trace-driven,trace,sample_trace,NRU,GlobalAllocation,4,3,0,0.0055,0.0058,1.0545454545454545,2,,,
trace-driven,trace,sample_trace,NRU,GlobalAllocation,4,3,1,0.0052,0.0092,1.7692307692307692,3,,,
trace-driven,trace,sample_trace,NRU,GlobalAllocation,4,4,0,0.0045,0.0051,1.1333333333333333,2,,,
trace-driven,trace,sample_trace,NRU,GlobalAllocation,4,4,1,0.0051,0.0084,1.6470588235294117,3,,,
trace-driven,trace,sample_trace,NRU,GlobalAllocation,4,5,0,0.0054,0.005,0.9259259259259259,2,,,
trace-driven,trace,sample_trace,NRU,GlobalAllocation,4,5,1,0.0055,0.0083,1.509090909090909,3,,,
trace-driven,trace,sample_trace,NRU,GlobalAllocation,4,6,0,0.0048,0.0059,1.2291666666666667,2,,,
trace-driven,trace,sample_trace,NRU,GlobalAllocation,4,6,1,0.0051,0.0087,1.7058823529411764,3,,,
trace-driven,trace,sample_trace,NRU,GlobalAllocation,4,7,0,0.0045,0.0051,1.1333333333333333,2,,,
trace-driven,trace,sample_trace,NRU,GlobalAllocation,4,7,1,0.0046,0.0087,1.891304347826087,3,,,
trace-driven,trace,sample_trace,NRU,GlobalAllocation,4,8,0,0.0047,0.0049,1.0425531914893618,2,,,
trace-driven,trace,sample_trace,NRU,GlobalAllocation,4,8,1,0.0055,0.0085,1.5454545454545454,3,,,
trace-driven,trace,sample_trace,NRU,GlobalAllocation,4,9,0,0.0041,0.0048,1.170731707317073,2,,,
trace-driven,trace,sample_trace,NRU,GlobalAllocation,4,9,1,0.0063,0.008,1.2698412698412698,3,,,
trace-driven,trace,sample_trace,NRU,LocalAllocation,4,0,0,0.0026,0.0032,1.2307692307692308,2,0,2,0
trace-driven,trace,sample_trace,NRU,LocalAllocation,4,0,1,0.0027,0.0044,1.6296296296296295,3,1,3,1
trace-driven,trace,sample_trace,NRU,LocalAllocation,4,1,0,0.0024,0.0027,1.125,2,0,2,0
trace-driven,trace,sample_trace,NRU,LocalAllocation,4,1,1,0.0027,0.004,1.4814814814814814,3,1,3,1
trace-driven,trace,sample_trace,NRU,LocalAllocation,4,2,0,0.0024,0.0029,1.2083333333333333,2,0,2,0
trace-driven,trace,sample_trace,NRU,LocalAllocation,4,2,1,0.0025,0.0038,1.52,3,1,3,1
trace-driven,trace,sample_trace,NRU,LocalAllocation,4,3,0,0.0025,0.0026,1.04,2,0,2,0
trace-driven,trace,sample_trace,NRU,LocalAllocation,4,3,1,0.0025,0.0035,1.4,3,1,3,1
trace-driven,trace,sample_trace,NRU,LocalAllocation,4,4,0,0.0025,0.0024,0.96,2,0,2,0
trace-driven,trace,sample_trace,NRU,LocalAllocation,4,4,1,0.0025,0.0036,1.44,3,1,3,1
trace-driven,trace,sample_trace,NRU,LocalAllocation,4,5,0,0.0023,0.0025,1.0869565217391304,2,0,2,0
trace-driven,trace,sample_trace,NRU,LocalAllocation,4,5,1,0.0025,0.0038,1.52,3,1,3,1
trace-driven,trace,sample_trace,NRU,LocalAllocation,4,6,0,0.0023,0.0025,1.0869565217391304,2,0,2,0
trace-driven,trace,sample_trace,NRU,LocalAllocation,4,6,1,0.0024,0.0036,1.5,3,1,3,1
trace-driven,trace,sample_trace,NRU,LocalAllocation,4,7,0,0.0022,0.0026,1.1818181818181819,2,0,2,0
trace-driven,trace,sample_trace,NRU,LocalAllocation,4,7,1,0.0025,0.0039,1.56,3,1,3,1
trace-driven,trace,sample_trace,NRU,LocalAllocation,4,8,0,0.0024,0.0025,1.0416666666666667,2,0,2,0
trace-driven,trace,sample_trace,NRU,LocalAllocation,4,8,1,0.0026,0.0036,1.3846153846153846,3,1,3,1
trace-driven,trace,sample_trace,NRU,LocalAllocation,4,9,0,0.0023,0.0024,1.0434782608695652,2,0,2,0
trace-driven,trace,sample_trace,NRU,LocalAllocation,4,9,1,0.0026,0.0034,1.3076923076923077,3,1,3,1
trace-driven,trace,sample_trace,NRU,ProportionalAllocation,4,0,0,0.0024,0.0031,1.2916666666666667,2,0,2,0
trace-driven,trace,sample_trace,NRU,ProportionalAllocation,4,0,1,0.0026,0.0041,1.5769230769230769,3,1,3,1
trace-driven,trace,sample_trace,NRU,ProportionalAllocation,4,1,0,0.0025,0.0029,1.16,2,0,2,0
trace-driven,trace,sample_trace,NRU,ProportionalAllocation,4,1,1,0.0033,0.0038,1.1515151515151516,3,1,3,1
trace-driven,trace,sample_trace,NRU,ProportionalAllocation,4,2,0,0.0026,0.0038,1.4615384615384615,2,0,2,0
trace-driven,trace,sample_trace,NRU,ProportionalAllocation,4,2,1,0.0026,0.0045,1.7307692307692308,3,1,3,1
trace-driven,trace,sample_trace,NRU,ProportionalAllocation,4,3,0,0.0023,0.0026,1.1304347826086956,2,0,2,0
trace-driven,trace,sample_trace,NRU,ProportionalAllocation,4,3,1,0.0027,0.0037,1.3703703703703705,3,1,3,1
trace-driven,trace,sample_trace,NRU,ProportionalAllocation,4,4,0,0.0025,0.0024,0.96,2,0,2,0
trace-driven,trace,sample_trace,NRU,ProportionalAllocation,4,4,1,0.0028,0.0035,1.25,3,1,3,1
trace-driven,trace,sample_trace,NRU,ProportionalAllocation,4,5,0,0.0022,0.0024,1.0909090909090908,2,0,2,0
trace-driven,trace,sample_trace,NRU,ProportionalAllocation,4,5,1,0.0025,0.0035,1.4,3,1,3,1
trace-driven,trace,sample_trace,NRU,ProportionalAllocation,4,6,0,0.0024,0.0025,1.0416666666666667,2,0,2,0
trace-driven,trace,sample_trace,NRU,ProportionalAllocation,4,6,1,0.0025,0.0039,1.56,3,1,3,1
trace-driven,trace,sample_trace,NRU,ProportionalAllocation,4,7,0,0.0024,0.0023,0.9583333333333334,2,0,2,0
trace-driven,trace,sample_trace,NRU,ProportionalAllocation,4,7,1,0.0026,0.0034,1.3076923076923077,3,1,3,1
trace-driven,trace,sample_trace,NRU,ProportionalAllocation,4,8,0,0.0024,0.0023,0.9583333333333334,2,0,2,0
trace-driven,trace,sample_trace,NRU,ProportionalAllocation,4,8,1,0.0024,0.0033,1.375,3,1,3,1
trace-driven,trace,sample_trace,NRU,ProportionalAllocation,4,9,0,0.0024,0.0022,0.9166666666666666,2,0,2,0
trace-driven,trace,sample_trace,NRU,ProportionalAllocation,4,9,1,0.0025,0.0036,1.44,3,1,3,1
trace-driven,trace,sample_trace,SecondChance,GlobalAllocation,4,0,0,0.0031,0.0042,1.3548387096774193,2,,,
trace-driven,trace,sample_trace,SecondChance,GlobalAllocation,4,0,1,0.0035,0.006,1.7142857142857142,3,,,
trace-driven,trace,sample_trace,SecondChance,GlobalAllocation,4,1,0,0.0035,0.0035,1.0,2,,,
trace-driven,trace,sample_trace,SecondChance,GlobalAllocation,4,1,1,0.0032,0.0054,1.6875,3,,,
trace-driven,trace,sample_trace,SecondChance,GlobalAllocation,4,2,0,0.0043,0.0031,0.7209302325581395,2,,,
trace-driven,trace,sample_trace,SecondChance,GlobalAllocation,4,2,1,0.003,0.0053,1.7666666666666666,3,,,
trace-driven,trace,sample_trace,SecondChance,GlobalAllocation,4,3,0,0.0029,0.003,1.0344827586206897,2,,,
trace-driven,trace,sample_trace,SecondChance,GlobalAllocation,4,3,1,0.003,0.005,1.6666666666666667,3,,,
trace-driven,trace,sample_trace,SecondChance,GlobalAllocation,4,4,0,0.0025,0.0028,1.12,2,,,
trace-driven,trace,sample_trace,SecondChance,GlobalAllocation,4,4,1,0.0026,0.0046,1.7692307692307692,3,,,
trace-driven,trace,sample_trace,SecondChance,GlobalAllocation,4,5,0,0.0026,0.0028,1.0769230769230769,2,,,
trace-driven,trace,sample_trace,SecondChance,GlobalAllocation,4,5,1,0.0033,0.006,1.8181818181818181,3,,,
trace-driven,trace,sample_trace,SecondChance,GlobalAllocation,4,6,0,0.0026,0.003,1.1538461538461537,2,,,
trace-driven,trace,sample_trace,SecondChance,GlobalAllocation,4,6,1,0.0028,0.0048,1.7142857142857142,3,,,
trace-driven,trace,sample_trace,SecondChance,GlobalAllocation,4,7,0,0.0025,0.0029,1.16,2,,,
trace-driven,trace,sample_trace,SecondChance,GlobalAllocation,4,7,1,0.0027,0.0046,1.7037037037037037,3,,,
trace-driven,trace,sample_trace,SecondChance,GlobalAllocation,4,8,0,0.0026,0.0027,1.0384615384615385,2,,,
trace-driven,trace,sample_trace,SecondChance,GlobalAllocation,4,8,1,0.003,0.0044,1.4666666666666666,3,,,
trace-driven,trace,sample_trace,SecondChance,GlobalAllocation,4,9,0,0.0026,0.0027,1.0384615384615385,2,,,
trace-driven,trace,sample_trace,SecondChance,GlobalAllocation,4,9,1,0.0026,0.0053,2.0384615384615383,3,,,
trace-driven,trace,sample_trace,SecondChance,LocalAllocation,4,0,0,0.0029,0.0033,1.1379310344827587,2,0,2,0
trace-driven,trace,sample_trace,SecondChance,LocalAllocation,4,0,1,0.0026,0.004,1.5384615384615385,3,1,3,1
trace-driven,trace,sample_trace,SecondChance,LocalAllocation,4,1,0,0.0024,0.0029,1.2083333333333333,2,0,2,0
trace-driven,trace,sample_trace,SecondChance,LocalAllocation,4,1,1,0.0028,0.0035,1.25,3,1,3,1
trace-driven,trace,sample_trace,SecondChance,LocalAllocation,4,2,0,0.0025,0.0027,1.08,2,0,2,0
trace-driven,trace,sample_trace,SecondChance,LocalAllocation,4,2,1,0.0025,0.0034,1.36,3,1,3,1
trace-driven,trace,sample_trace,SecondChance,LocalAllocation,4,3,0,0.0022,0.0027,1.2272727272727273,2,0,2,0
trace-driven,trace,sample_trace,SecondChance,LocalAllocation,4,3,1,0.0025,0.0033,1.32,3,1,3,1
trace-driven,trace,sample_trace,SecondChance,LocalAllocation,4,4,0,0.0023,0.0025,1.0869565217391304,2,0,2,0
trace-driven,trace,sample_trace,SecondChance,LocalAllocation,4,4,1,0.0025,0.0032,1.28,3,1,3,1
trace-driven,trace,sample_trace,SecondChance,LocalAllocation,4,5,0,0.0023,0.0025,1.0869565217391304,2,0,2,0
trace-driven,trace,sample_trace,SecondChance,LocalAllocation,4,5,1,0.0027,0.0033,1.2222222222222223,3,1,3,1
trace-driven,trace,sample_trace,SecondChance,LocalAllocation,4,6,0,0.0022,0.0024,1.0909090909090908,2,0,2,0
trace-driven,trace,sample_trace,SecondChance,LocalAllocation,4,6,1,0.0027,0.0033,1.2222222222222223,3,1,3,1
trace-driven,trace,sample_trace,SecondChance,LocalAllocation,4,7,0,0.0024,0.0024,1.0,2,0,2,0
trace-driven,trace,sample_trace,SecondChance,LocalAllocation,4,7,1,0.0025,0.003,1.2,3,1,3,1
trace-driven,trace,sample_trace,SecondChance,LocalAllocation,4,8,0,0.0021,0.0024,1.1428571428571428,2,0,2,0
trace-driven,trace,sample_trace,SecondChance,LocalAllocation,4,8,1,0.0025,0.0029,1.16,3,1,3,1
trace-driven,trace,sample_trace,SecondChance,LocalAllocation,4,9,0,0.0023,0.0025,1.0869565217391304,2,0,2,0
trace-driven,trace,sample_trace,SecondChance,LocalAllocation,4,9,1,0.0027,0.0036,1.3333333333333333,3,1,3,1
trace-driven,trace,sample_trace,SecondChance,ProportionalAllocation,4,0,0,0.0026,0.003,1.1538461538461537,2,0,2,0
trace-driven,trace,sample_trace,SecondChance,ProportionalAllocation,4,0,1,0.0025,0.0034,1.36,3,1,3,1
trace-driven,trace,sample_trace,SecondChance,ProportionalAllocation,4,1,0,0.0025,0.0025,1.0,2,0,2,0
trace-driven,trace,sample_trace,SecondChance,ProportionalAllocation,4,1,1,0.0025,0.0031,1.24,3,1,3,1
trace-driven,trace,sample_trace,SecondChance,ProportionalAllocation,4,2,0,0.0025,0.0025,1.0,2,0,2,0
trace-driven,trace,sample_trace,SecondChance,ProportionalAllocation,4,2,1,0.0025,0.0034,1.36,3,1,3,1
trace-driven,trace,sample_trace,SecondChance,ProportionalAllocation,4,3,0,0.0025,0.0024,0.96,2,0,2,0
trace-driven,trace,sample_trace,SecondChance,ProportionalAllocation,4,3,1,0.0029,0.0031,1.0689655172413792,3,1,3,1
trace-driven,trace,sample_trace,SecondChance,ProportionalAllocation,4,4,0,0.0023,0.0023,1.0,2,0,2,0
trace-driven,trace,sample_trace,SecondChance,ProportionalAllocation,4,4,1,0.0026,0.0033,1.2692307692307692,3,1,3,1
trace-driven,trace,sample_trace,SecondChance,ProportionalAllocation,4,5,0,0.0023,0.0022,0.9565217391304348,2,0,2,0
trace-driven,trace,sample_trace,SecondChance,ProportionalAllocation,4,5,1,0.0026,0.0031,1.1923076923076923,3,1,3,1
trace-driven,trace,sample_trace,SecondChance,ProportionalAllocation,4,6,0,0.0024,0.0026,1.0833333333333333,2,0,2,0
trace-driven,trace,sample_trace,SecondChance,ProportionalAllocation,4,6,1,0.0026,0.0034,1.3076923076923077,3,1,3,1
trace-driven,trace,sample_trace,SecondChance,ProportionalAllocation,4,7,0,0.0023,0.0024,1.0434782608695652,2,0,2,0
trace-driven,trace,sample_trace,SecondChance,ProportionalAllocation,4,7,1,0.0027,0.003,1.1111111111111112,3,1,3,1
trace-driven,trace,sample_trace,SecondChance,ProportionalAllocation,4,8,0,0.0023,0.0022,0.9565217391304348,2,0,2,0
trace-driven,trace,sample_trace,SecondChance,ProportionalAllocation,4,8,1,0.0026,0.0029,1.1153846153846154,3,1,3,1
trace-driven,trace,sample_trace,SecondChance,ProportionalAllocation,4,9,0,0.0023,0.0024,1.0434782608695652,2,0,2,0
trace-driven,trace,sample_trace,SecondChance,ProportionalAllocation,4,9,1,0.0035,0.0029,0.8285714285714286,3,1,3,1
trace-driven,trace,sample_trace,WSClock,GlobalAllocation,4,0,0,0.0033,0.004,1.2121212121212122,2,,,
trace-driven,trace,sample_trace,WSClock,GlobalAllocation,4,0,1,0.0034,0.0074,2.176470588235294,3,,,
trace-driven,trace,sample_trace,WSClock,GlobalAllocation,4,1,0,0.0034,0.0036,1.0588235294117647,2,,,
trace-driven,trace,sample_trace,WSClock,GlobalAllocation,4,1,1,0.0034,0.0067,1.9705882352941178,3,,,
trace-driven,trace,sample_trace,WSClock,GlobalAllocation,4,2,0,0.0042,0.0042,1.0,2,,,
trace-driven,trace,sample_trace,WSClock,GlobalAllocation,4,2,1,0.0032,0.007,2.1875,3,,,
trace-driven,trace,sample_trace,WSClock,GlobalAllocation,4,3,0,0.0029,0.003,1.0344827586206897,2,,,
trace-driven,trace,sample_trace,WSClock,GlobalAllocation,4,3,1,0.0028,0.0062,2.2142857142857144,3,,,
trace-driven,trace,sample_trace,WSClock,GlobalAllocation,4,4,0,0.0026,0.003,1.1538461538461537,2,,,
trace-driven,trace,sample_trace,WSClock,GlobalAllocation,4,4,1,0.0042,0.0056,1.3333333333333333,3,,,
trace-driven,trace,sample_trace,WSClock,GlobalAllocation,4,5,0,0.0026,0.0029,1.1153846153846154,2,,,
trace-driven,trace,sample_trace,WSClock,GlobalAllocation,4,5,1,0.0028,0.0058,2.0714285714285716,3,,,
trace-driven,trace,sample_trace,WSClock,GlobalAllocation,4,6,0,0.0026,0.0027,1.0384615384615385,2,,,
trace-driven,trace,sample_trace,WSClock,GlobalAllocation,4,6,1,0.0029,0.0056,1.9310344827586208,3,,,
trace-driven,trace,sample_trace,WSClock,GlobalAllocation,4,7,0,0.0026,0.0029,1.1153846153846154,2,,,
trace-driven,trace,sample_trace,WSClock,GlobalAllocation,4,7,1,0.0028,0.0058,2.0714285714285716,3,,,
trace-driven,trace,sample_trace,WSClock,GlobalAllocation,4,8,0,0.0028,0.0032,1.1428571428571428,2,,,
trace-driven,trace,sample_trace,WSClock,GlobalAllocation,4,8,1,0.0028,0.0056,2.0,3,,,
trace-driven,trace,sample_trace,WSClock,GlobalAllocation,4,9,0,0.0026,0.0032,1.2307692307692308,2,,,
trace-driven,trace,sample_trace,WSClock,GlobalAllocation,4,9,1,0.0026,0.0057,2.1923076923076925,3,,,
trace-driven,trace,sample_trace,WSClock,LocalAllocation,4,0,0,0.0024,0.003,1.25,2,0,2,0
trace-driven,trace,sample_trace,WSClock,LocalAllocation,4,0,1,0.0026,0.0046,1.7692307692307692,3,1,3,1
trace-driven,trace,sample_trace,WSClock,LocalAllocation,4,1,0,0.0024,0.0029,1.2083333333333333,2,0,2,0
trace-driven,trace,sample_trace,WSClock,LocalAllocation,4,1,1,0.0027,0.0042,1.5555555555555556,3,1,3,1
trace-driven,trace,sample_trace,WSClock,LocalAllocation,4,2,0,0.0025,0.0045,1.8,2,0,2,0
trace-driven,trace,sample_trace,WSClock,LocalAllocation,4,2,1,0.0028,0.004,1.4285714285714286,3,1,3,1
trace-driven,trace,sample_trace,WSClock,LocalAllocation,4,3,0,0.0024,0.0024,1.0,2,0,2,0
trace-driven,trace,sample_trace,WSClock,LocalAllocation,4,3,1,0.0026,0.0036,1.3846153846153846,3,1,3,1
trace-driven,trace,sample_trace,WSClock,LocalAllocation,4,4,0,0.0032,0.0031,0.96875,2,0,2,0
trace-driven,trace,sample_trace,WSClock,LocalAllocation,4,4,1,0.0033,0.0049,1.4848484848484849,3,1,3,1
trace-driven,trace,sample_trace,WSClock,LocalAllocation,4,5,0,0.0029,0.003,1.0344827586206897,2,0,2,0
trace-driven,trace,sample_trace,WSClock,LocalAllocation,4,5,1,0.0034,0.0049,1.4411764705882353,3,1,3,1
trace-driven,trace,sample_trace,WSClock,LocalAllocation,4,6,0,0.0022,0.0026,1.1818181818181819,2,0,2,0
trace-driven,trace,sample_trace,WSClock,LocalAllocation,4,6,1,0.0027,0.0048,1.7777777777777777,3,1,3,1
trace-driven,trace,sample_trace,WSClock,LocalAllocation,4,7,0,0.0024,0.0023,0.9583333333333334,2,0,2,0
trace-driven,trace,sample_trace,WSClock,LocalAllocation,4,7,1,0.0026,0.0038,1.4615384615384615,3,1,3,1
trace-driven,trace,sample_trace,WSClock,LocalAllocation,4,8,0,0.0024,0.0024,1.0,2,0,2,0
trace-driven,trace,sample_trace,WSClock,LocalAllocation,4,8,1,0.0026,0.0038,1.4615384615384615,3,1,3,1
trace-driven,trace,sample_trace,WSClock,LocalAllocation,4,9,0,0.0023,0.0024,1.0434782608695652,2,0,2,0
trace-driven,trace,sample_trace,WSClock,LocalAllocation,4,9,1,0.0026,0.0036,1.3846153846153846,3,1,3,1
trace-driven,trace,sample_trace,WSClock,ProportionalAllocation,4,0,0,0.0024,0.0031,1.2916666666666667,2,0,2,0
trace-driven,trace,sample_trace,WSClock,ProportionalAllocation,4,0,1,0.0026,0.004,1.5384615384615385,3,1,3,1
trace-driven,trace,sample_trace,WSClock,ProportionalAllocation,4,1,0,0.0025,0.0028,1.12,2,0,2,0
trace-driven,trace,sample_trace,WSClock,ProportionalAllocation,4,1,1,0.0028,0.0041,1.4642857142857142,3,1,3,1
trace-driven,trace,sample_trace,WSClock,ProportionalAllocation,4,2,0,0.0024,0.0026,1.0833333333333333,2,0,2,0
trace-driven,trace,sample_trace,WSClock,ProportionalAllocation,4,2,1,0.0026,0.0041,1.5769230769230769,3,1,3,1
trace-driven,trace,sample_trace,WSClock,ProportionalAllocation,4,3,0,0.0023,0.0023,1.0,2,0,2,0
trace-driven,trace,sample_trace,WSClock,ProportionalAllocation,4,3,1,0.0026,0.0037,1.4230769230769231,3,1,3,1
trace-driven,trace,sample_trace,WSClock,ProportionalAllocation,4,4,0,0.0023,0.0023,1.0,2,0,2,0
trace-driven,trace,sample_trace,WSClock,ProportionalAllocation,4,4,1,0.0027,0.0038,1.4074074074074074,3,1,3,1
trace-driven,trace,sample_trace,WSClock,ProportionalAllocation,4,5,0,0.0023,0.0023,1.0,2,0,2,0
trace-driven,trace,sample_trace,WSClock,ProportionalAllocation,4,5,1,0.0026,0.004,1.5384615384615385,3,1,3,1
trace-driven,trace,sample_trace,WSClock,ProportionalAllocation,4,6,0,0.0025,0.0025,1.0,2,0,2,0
trace-driven,trace,sample_trace,WSClock,ProportionalAllocation,4,6,1,0.0026,0.0038,1.4615384615384615,3,1,3,1
trace-driven,trace,sample_trace,WSClock,ProportionalAllocation,4,7,0,0.0022,0.0024,1.0909090909090908,2,0,2,0
trace-driven,trace,sample_trace,WSClock,ProportionalAllocation,4,7,1,0.0026,0.0037,1.4230769230769231,3,1,3,1
trace-driven,trace,sample_trace,WSClock,ProportionalAllocation,4,8,0,0.0023,0.0023,1.0,2,0,2,0
trace-driven,trace,sample_trace,WSClock,ProportionalAllocation,4,8,1,0.0025,0.0037,1.48,3,1,3,1
trace-driven,trace,sample_trace,WSClock,ProportionalAllocation,4,9,0,0.0025,0.0022,0.88,2,0,2,0
trace-driven,trace,sample_trace,WSClock,ProportionalAllocation,4,9,1,0.0027,0.0036,1.3333333333333333,3,1,3,1
trace-driven,trace,sample_trace,FIFO,GlobalAllocation,5,0,0,0.0034,0.0034,1.0,2,,,
trace-driven,trace,sample_trace,FIFO,GlobalAllocation,5,0,1,0.0035,0.0039,1.1142857142857143,3,,,
trace-driven,trace,sample_trace,FIFO,GlobalAllocation,5,1,0,0.0036,0.0035,0.9722222222222222,2,,,
trace-driven,trace,sample_trace,FIFO,GlobalAllocation,5,1,1,0.0035,0.004,1.1428571428571428,3,,,
trace-driven,trace,sample_trace,FIFO,GlobalAllocation,5,2,0,0.0046,0.0031,0.6739130434782609,2,,,
trace-driven,trace,sample_trace,FIFO,GlobalAllocation,5,2,1,0.003,0.0037,1.2333333333333334,3,,,
trace-driven,trace,sample_trace,FIFO,GlobalAllocation,5,3,0,0.003,0.0027,0.9,2,,,
trace-driven,trace,sample_trace,FIFO,GlobalAllocation,5,3,1,0.003,0.0032,1.0666666666666667,3,,,
trace-driven,trace,sample_trace,FIFO,GlobalAllocation,5,4,0,0.0027,0.0026,0.9629629629629629,2,,,
trace-driven,trace,sample_trace,FIFO,GlobalAllocation,5,4,1,0.0029,0.003,1.0344827586206897,3,,,
trace-driven,trace,sample_trace,FIFO,GlobalAllocation,5,5,0,0.0028,0.0027,0.9642857142857143,2,,,
trace-driven,trace,sample_trace,FIFO,GlobalAllocation,5,5,1,0.0029,0.003,1.0344827586206897,3,,,
trace-driven,trace,sample_trace,FIFO,GlobalAllocation,5,6,0,0.0025,0.0025,1.0,2,,,
trace-driven,trace,sample_trace,FIFO,GlobalAllocation,5,6,1,0.003,0.0031,1.0333333333333334,3,,,
trace-driven,trace,sample_trace,FIFO,GlobalAllocation,5,7,0,0.0026,0.0026,1.0,2,,,
trace-driven,trace,sample_trace,FIFO,GlobalAllocation,5,7,1,0.0037,0.0032,0.8648648648648649,3,,,
trace-driven,trace,sample_trace,FIFO,GlobalAllocation,5,8,0,0.0026,0.0022,0.8461538461538461,2,,,
trace-driven,trace,sample_trace,FIFO,GlobalAllocation,5,8,1,0.0029,0.0028,0.9655172413793104,3,,,
trace-driven,trace,sample_trace,FIFO,GlobalAllocation,5,9,0,0.0023,0.0026,1.1304347826086956,2,,,
trace-driven,trace,sample_trace,FIFO,GlobalAllocation,5,9,1,0.0028,0.0029,1.0357142857142858,3,,,
trace-driven,trace,sample_trace,FIFO,LocalAllocation,5,0,0,0.0026,0.0036,1.3846153846153846,2,0,2,0
trace-driven,trace,sample_trace,FIFO,LocalAllocation,5,0,1,0.0027,0.0031,1.1481481481481481,3,1,3,1
trace-driven,trace,sample_trace,FIFO,LocalAllocation,5,1,0,0.0023,0.0028,1.2173913043478262,2,0,2,0
trace-driven,trace,sample_trace,FIFO,LocalAllocation,5,1,1,0.0028,0.003,1.0714285714285714,3,1,3,1
trace-driven,trace,sample_trace,FIFO,LocalAllocation,5,2,0,0.0024,0.0027,1.125,2,0,2,0
trace-driven,trace,sample_trace,FIFO,LocalAllocation,5,2,1,0.0027,0.0028,1.037037037037037,3,1,3,1
trace-driven,trace,sample_trace,FIFO,LocalAllocation,5,3,0,0.0023,0.0023,1.0,2,0,2,0
trace-driven,trace,sample_trace,FIFO,LocalAllocation,5,3,1,0.0027,0.0027,1.0,3,1,3,1
trace-driven,trace,sample_trace,FIFO,LocalAllocation,5,4,0,0.0024,0.0022,0.9166666666666666,2,0,2,0
trace-driven,trace,sample_trace,FIFO,LocalAllocation,5,4,1,0.0027,0.0027,1.0,3,1,3,1
trace-driven,trace,sample_trace,FIFO,LocalAllocation,5,5,0,0.0023,0.0024,1.0434782608695652,2,0,2,0
trace-driven,trace,sample_trace,FIFO,LocalAllocation,5,5,1,0.0034,0.0027,0.7941176470588235,3,1,3,1
trace-driven,trace,sample_trace,FIFO,LocalAllocation,5,6,0,0.0024,0.0022,0.9166666666666666,2,0,2,0
trace-driven,trace,sample_trace,FIFO,LocalAllocation,5,6,1,0.0028,0.0026,0.9285714285714286,3,1,3,1
trace-driven,trace,sample_trace,FIFO,LocalAllocation,5,7,0,0.0023,0.0023,1.0,2,0,2,0
trace-driven,trace,sample_trace,FIFO,LocalAllocation,5,7,1,0.0027,0.0025,0.9259259259259259,3,1,3,1
trace-driven,trace,sample_trace,FIFO,LocalAllocation,5,8,0,0.0025,0.0022,0.88,2,0,2,0
trace-driven,trace,sample_trace,FIFO,LocalAllocation,5,8,1,0.0027,0.0027,1.0,3,1,3,1
trace-driven,trace,sample_trace,FIFO,LocalAllocation,5,9,0,0.0023,0.0022,0.9565217391304348,2,0,2,0
trace-driven,trace,sample_trace,FIFO,LocalAllocation,5,9,1,0.0025,0.0025,1.0,3,1,3,1
trace-driven,trace,sample_trace,FIFO,ProportionalAllocation,5,0,0,0.0029,0.0027,0.9310344827586207,2,0,2,0
trace-driven,trace,sample_trace,FIFO,ProportionalAllocation,5,0,1,0.0027,0.0021,0.7777777777777778,3,0,3,0
trace-driven,trace,sample_trace,FIFO,ProportionalAllocation,5,1,0,0.0024,0.0028,1.1666666666666667,2,0,2,0
trace-driven,trace,sample_trace,FIFO,ProportionalAllocation,5,1,1,0.0028,0.0021,0.75,3,0,3,0
trace-driven,trace,sample_trace,FIFO,ProportionalAllocation,5,2,0,0.0023,0.0025,1.0869565217391304,2,0,2,0
trace-driven,trace,sample_trace,FIFO,ProportionalAllocation,5,2,1,0.0027,0.0023,0.8518518518518519,3,0,3,0
trace-driven,trace,sample_trace,FIFO,ProportionalAllocation,5,3,0,0.0023,0.0021,0.9130434782608695,2,0,2,0
trace-driven,trace,sample_trace,FIFO,ProportionalAllocation,5,3,1,0.0027,0.0021,0.7777777777777778,3,0,3,0
trace-driven,trace,sample_trace,FIFO,ProportionalAllocation,5,4,0,0.0022,0.0022,1.0,2,0,2,0
trace-driven,trace,sample_trace,FIFO,ProportionalAllocation,5,4,1,0.0027,0.0019,0.7037037037037037,3,0,3,0
trace-driven,trace,sample_trace,FIFO,ProportionalAllocation,5,5,0,0.0022,0.0022,1.0,2,0,2,0
trace-driven,trace,sample_trace,FIFO,ProportionalAllocation,5,5,1,0.0026,0.002,0.7692307692307693,3,0,3,0
trace-driven,trace,sample_trace,FIFO,ProportionalAllocation,5,6,0,0.0022,0.0022,1.0,2,0,2,0
trace-driven,trace,sample_trace,FIFO,ProportionalAllocation,5,6,1,0.0026,0.0022,0.8461538461538461,3,0,3,0
trace-driven,trace,sample_trace,FIFO,ProportionalAllocation,5,7,0,0.0022,0.0022,1.0,2,0,2,0
trace-driven,trace,sample_trace,FIFO,ProportionalAllocation,5,7,1,0.0026,0.0019,0.7307692307692307,3,0,3,0
trace-driven,trace,sample_trace,FIFO,ProportionalAllocation,5,8,0,0.0022,0.002,0.9090909090909091,2,0,2,0
trace-driven,trace,sample_trace,FIFO,ProportionalAllocation,5,8,1,0.0025,0.002,0.8,3,0,3,0
trace-driven,trace,sample_trace,FIFO,ProportionalAllocation,5,9,0,0.0024,0.0022,0.9166666666666666,2,0,2,0
trace-driven,trace,sample_trace,FIFO,ProportionalAllocation,5,9,1,0.0035,0.002,0.5714285714285714,3,0,3,0
trace-driven,trace,sample_trace,LRU,GlobalAllocation,5,0,0,0.0035,0.0042,1.2,2,,,
trace-driven,trace,sample_trace,LRU,GlobalAllocation,5,0,1,0.0036,0.0046,1.2777777777777777,3,,,
trace-driven,trace,sample_trace,LRU,GlobalAllocation,5,1,0,0.0037,0.0038,1.027027027027027,2,,,
trace-driven,trace,sample_trace,LRU,GlobalAllocation,5,1,1,0.0033,0.0042,1.2727272727272727,3,,,
trace-driven,trace,sample_trace,LRU,GlobalAllocation,5,2,0,0.0046,0.0036,0.782608695652174,2,,,
trace-driven,trace,sample_trace,LRU,GlobalAllocation,5,2,1,0.0032,0.0042,1.3125,3,,,
trace-driven,trace,sample_trace,LRU,GlobalAllocation,5,3,0,0.0032,0.003,0.9375,2,,,
trace-driven,trace,sample_trace,LRU,GlobalAllocation,5,3,1,0.0032,0.0035,1.09375,3,,,
trace-driven,trace,sample_trace,LRU,GlobalAllocation,5,4,0,0.0028,0.003,1.0714285714285714,2,,,
trace-driven,trace,sample_trace,LRU,GlobalAllocation,5,4,1,0.0029,0.0033,1.1379310344827587,3,,,
trace-driven,trace,sample_trace,LRU,GlobalAllocation,5,5,0,0.0028,0.0028,1.0,2,,,
trace-driven,trace,sample_trace,LRU,GlobalAllocation,5,5,1,0.0041,0.0035,0.8536585365853658,3,,,
trace-driven,trace,sample_trace,LRU,GlobalAllocation,5,6,0,0.0029,0.003,1.0344827586206897,2,,,
trace-driven,trace,sample_trace,LRU,GlobalAllocation,5,6,1,0.003,0.0035,1.1666666666666667,3,,,
trace-driven,trace,sample_trace,LRU,GlobalAllocation,5,7,0,0.0027,0.003,1.1111111111111112,2,,,
trace-driven,trace,sample_trace,LRU,GlobalAllocation,5,7,1,0.0029,0.0033,1.1379310344827587,3,,,
trace-driven,trace,sample_trace,LRU,GlobalAllocation,5,8,0,0.003,0.0027,0.9,2,,,
trace-driven,trace,sample_trace,LRU,GlobalAllocation,5,8,1,0.0031,0.0031,1.0,3,,,
trace-driven,trace,sample_trace,LRU,GlobalAllocation,5,9,0,0.0024,0.0029,1.2083333333333333,2,,,
trace-driven,trace,sample_trace,LRU,GlobalAllocation,5,9,1,0.0028,0.0036,1.2857142857142858,3,,,
trace-driven,trace,sample_trace,LRU,LocalAllocation,5,0,0,0.0028,0.0033,1.1785714285714286,2,0,2,0
trace-driven,trace,sample_trace,LRU,LocalAllocation,5,0,1,0.0032,0.0034,1.0625,3,1,3,1
trace-driven,trace,sample_trace,LRU,LocalAllocation,5,1,0,0.0025,0.0028,1.12,2,0,2,0
trace-driven,trace,sample_trace,LRU,LocalAllocation,5,1,1,0.0028,0.0034,1.2142857142857142,3,1,3,1
trace-driven,trace,sample_trace,LRU,LocalAllocation,5,2,0,0.0025,0.006,2.4,2,0,2,0
trace-driven,trace,sample_trace,LRU,LocalAllocation,5,2,1,0.0027,0.0032,1.1851851851851851,3,1,3,1
trace-driven,trace,sample_trace,LRU,LocalAllocation,5,3,0,0.0029,0.0028,0.9655172413793104,2,0,2,0
trace-driven,trace,sample_trace,LRU,LocalAllocation,5,3,1,0.0027,0.0031,1.1481481481481481,3,1,3,1
trace-driven,trace,sample_trace,LRU,LocalAllocation,5,4,0,0.0024,0.0025,1.0416666666666667,2,0,2,0
trace-driven,trace,sample_trace,LRU,LocalAllocation,5,4,1,0.0027,0.0028,1.037037037037037,3,1,3,1
trace-driven,trace,sample_trace,LRU,LocalAllocation,5,5,0,0.0025,0.0026,1.04,2,0,2,0
trace-driven,trace,sample_trace,LRU,LocalAllocation,5,5,1,0.0027,0.0029,1.0740740740740742,3,1,3,1
trace-driven,trace,sample_trace,LRU,LocalAllocation,5,6,0,0.0027,0.0025,0.9259259259259259,2,0,2,0
trace-driven,trace,sample_trace,LRU,LocalAllocation,5,6,1,0.0027,0.0029,1.0740740740740742,3,1,3,1
trace-driven,trace,sample_trace,LRU,LocalAllocation,5,7,0,0.0025,0.0024,0.96,2,0,2,0
trace-driven,trace,sample_trace,LRU,LocalAllocation,5,7,1,0.0027,0.0028,1.037037037037037,3,1,3,1
trace-driven,trace,sample_trace,LRU,LocalAllocation,5,8,0,0.0026,0.0023,0.8846153846153846,2,0,2,0
trace-driven,trace,sample_trace,LRU,LocalAllocation,5,8,1,0.0027,0.003,1.1111111111111112,3,1,3,1
trace-driven,trace,sample_trace,LRU,LocalAllocation,5,9,0,0.0024,0.0025,1.0416666666666667,2,0,2,0
trace-driven,trace,sample_trace,LRU,LocalAllocation,5,9,1,0.0027,0.003,1.1111111111111112,3,1,3,1
trace-driven,trace,sample_trace,LRU,ProportionalAllocation,5,0,0,0.0026,0.0029,1.1153846153846154,2,0,2,0
trace-driven,trace,sample_trace,LRU,ProportionalAllocation,5,0,1,0.0026,0.0026,1.0,3,0,3,0
trace-driven,trace,sample_trace,LRU,ProportionalAllocation,5,1,0,0.0025,0.0026,1.04,2,0,2,0
trace-driven,trace,sample_trace,LRU,ProportionalAllocation,5,1,1,0.0029,0.0023,0.7931034482758621,3,0,3,0
trace-driven,trace,sample_trace,LRU,ProportionalAllocation,5,2,0,0.0025,0.0027,1.08,2,0,2,0
trace-driven,trace,sample_trace,LRU,ProportionalAllocation,5,2,1,0.0026,0.0023,0.8846153846153846,3,0,3,0
trace-driven,trace,sample_trace,LRU,ProportionalAllocation,5,3,0,0.0026,0.0025,0.9615384615384616,2,0,2,0
trace-driven,trace,sample_trace,LRU,ProportionalAllocation,5,3,1,0.0027,0.0021,0.7777777777777778,3,0,3,0
trace-driven,trace,sample_trace,LRU,ProportionalAllocation,5,4,0,0.0024,0.0026,1.0833333333333333,2,0,2,0
trace-driven,trace,sample_trace,LRU,ProportionalAllocation,5,4,1,0.0026,0.0023,0.8846153846153846,3,0,3,0
trace-driven,trace,sample_trace,LRU,ProportionalAllocation,5,5,0,0.0024,0.0023,0.9583333333333334,2,0,2,0
trace-driven,trace,sample_trace,LRU,ProportionalAllocation,5,5,1,0.0028,0.0023,0.8214285714285714,3,0,3,0
trace-driven,trace,sample_trace,LRU,ProportionalAllocation,5,6,0,0.0023,0.0025,1.0869565217391304,2,0,2,0
trace-driven,trace,sample_trace,LRU,ProportionalAllocation,5,6,1,0.0027,0.0021,0.7777777777777778,3,0,3,0
trace-driven,trace,sample_trace,LRU,ProportionalAllocation,5,7,0,0.0025,0.0025,1.0,2,0,2,0
trace-driven,trace,sample_trace,LRU,ProportionalAllocation,5,7,1,0.0027,0.0022,0.8148148148148148,3,0,3,0
trace-driven,trace,sample_trace,LRU,ProportionalAllocation,5,8,0,0.0024,0.0025,1.0416666666666667,2,0,2,0
trace-driven,trace,sample_trace,LRU,ProportionalAllocation,5,8,1,0.0026,0.0021,0.8076923076923077,3,0,3,0
trace-driven,trace,sample_trace,LRU,ProportionalAllocation,5,9,0,0.0024,0.0023,0.9583333333333334,2,0,2,0
trace-driven,trace,sample_trace,LRU,ProportionalAllocation,5,9,1,0.0026,0.0021,0.8076923076923077,3,0,3,0
trace-driven,trace,sample_trace,NRU,GlobalAllocation,5,0,0,0.0032,0.0036,1.125,2,,,
trace-driven,trace,sample_trace,NRU,GlobalAllocation,5,0,1,0.0034,0.0041,1.2058823529411764,3,,,
trace-driven,trace,sample_trace,NRU,GlobalAllocation,5,1,0,0.0034,0.0035,1.0294117647058822,2,,,
trace-driven,trace,sample_trace,NRU,GlobalAllocation,5,1,1,0.0034,0.0037,1.088235294117647,3,,,
trace-driven,trace,sample_trace,NRU,GlobalAllocation,5,2,0,0.0045,0.0033,0.7333333333333333,2,,,
trace-driven,trace,sample_trace,NRU,GlobalAllocation,5,2,1,0.0029,0.0038,1.3103448275862069,3,,,
trace-driven,trace,sample_trace,NRU,GlobalAllocation,5,3,0,0.0028,0.0029,1.0357142857142858,2,,,
trace-driven,trace,sample_trace,NRU,GlobalAllocation,5,3,1,0.0027,0.0033,1.2222222222222223,3,,,
trace-driven,trace,sample_trace,NRU,GlobalAllocation,5,4,0,0.0025,0.0028,1.12,2,,,
trace-driven,trace,sample_trace,NRU,GlobalAllocation,5,4,1,0.0028,0.0031,1.1071428571428572,3,,,
trace-driven,trace,sample_trace,NRU,GlobalAllocation,5,5,0,0.0025,0.0028,1.12,2,,,
trace-driven,trace,sample_trace,NRU,GlobalAllocation,5,5,1,0.0028,0.0032,1.1428571428571428,3,,,
trace-driven,trace,sample_trace,NRU,GlobalAllocation,5,6,0,0.0025,0.0029,1.16,2,,,
trace-driven,trace,sample_trace,NRU,GlobalAllocation,5,6,1,0.0029,0.0033,1.1379310344827587,3,,,
trace-driven,trace,sample_trace,NRU,GlobalAllocation,5,7,0,0.0025,0.0026,1.04,2,,,
trace-driven,trace,sample_trace,NRU,GlobalAllocation,5,7,1,0.0028,0.003,1.0714285714285714,3,,,
trace-driven,trace,sample_trace,NRU,GlobalAllocation,5,8,0,0.0025,0.003,1.2,2,,,
trace-driven,trace,sample_trace,NRU,GlobalAllocation,5,8,1,0.0027,0.0033,1.2222222222222223,3,,,
trace-driven,trace,sample_trace,NRU,GlobalAllocation,5,9,0,0.0025,0.0029,1.16,2,,,
trace-driven,trace,sample_trace,NRU,GlobalAllocation,5,9,1,0.0026,0.0032,1.2307692307692308,3,,,
trace-driven,trace,sample_trace,NRU,LocalAllocation,5,0,0,0.0025,0.0031,1.24,2,0,2,0
trace-driven,trace,sample_trace,NRU,LocalAllocation,5,0,1,0.0025,0.004,1.6,3,1,3,1
trace-driven,trace,sample_trace,NRU,LocalAllocation,5,1,0,0.0024,0.0028,1.1666666666666667,2,0,2,0
trace-driven,trace,sample_trace,NRU,LocalAllocation,5,1,1,0.0027,0.0043,1.5925925925925926,3,1,3,1
trace-driven,trace,sample_trace,NRU,LocalAllocation,5,2,0,0.0024,0.0029,1.2083333333333333,2,0,2,0
trace-driven,trace,sample_trace,NRU,LocalAllocation,5,2,1,0.0026,0.0039,1.5,3,1,3,1
trace-driven,trace,sample_trace,NRU,LocalAllocation,5,3,0,0.0024,0.0024,1.0,2,0,2,0
trace-driven,trace,sample_trace,NRU,LocalAllocation,5,3,1,0.0026,0.0038,1.4615384615384615,3,1,3,1
trace-driven,trace,sample_trace,NRU,LocalAllocation,5,4,0,0.0023,0.0026,1.1304347826086956,2,0,2,0
trace-driven,trace,sample_trace,NRU,LocalAllocation,5,4,1,0.0038,0.0036,0.9473684210526315,3,1,3,1
trace-driven,trace,sample_trace,NRU,LocalAllocation,5,5,0,0.0023,0.0024,1.0434782608695652,2,0,2,0
trace-driven,trace,sample_trace,NRU,LocalAllocation,5,5,1,0.0025,0.0038,1.52,3,1,3,1
trace-driven,trace,sample_trace,NRU,LocalAllocation,5,6,0,0.0023,0.0028,1.2173913043478262,2,0,2,0
trace-driven,trace,sample_trace,NRU,LocalAllocation,5,6,1,0.0026,0.0041,1.5769230769230769,3,1,3,1
trace-driven,trace,sample_trace,NRU,LocalAllocation,5,7,0,0.0022,0.0025,1.1363636363636365,2,0,2,0
trace-driven,trace,sample_trace,NRU,LocalAllocation,5,7,1,0.0024,0.0033,1.375,3,1,3,1
trace-driven,trace,sample_trace,NRU,LocalAllocation,5,8,0,0.0023,0.0024,1.0434782608695652,2,0,2,0
trace-driven,trace,sample_trace,NRU,LocalAllocation,5,8,1,0.0025,0.0035,1.4,3,1,3,1
trace-driven,trace,sample_trace,NRU,LocalAllocation,5,9,0,0.0023,0.0025,1.0869565217391304,2,0,2,0
trace-driven,trace,sample_trace,NRU,LocalAllocation,5,9,1,0.0025,0.0037,1.48,3,1,3,1
trace-driven,trace,sample_trace,NRU,ProportionalAllocation,5,0,0,0.0025,0.0029,1.16,2,0,2,0
trace-driven,trace,sample_trace,NRU,ProportionalAllocation,5,0,1,0.0026,0.0024,0.9230769230769231,3,0,3,0
trace-driven,trace,sample_trace,NRU,ProportionalAllocation,5,1,0,0.0025,0.0027,1.08,2,0,2,0
trace-driven,trace,sample_trace,NRU,ProportionalAllocation,5,1,1,0.0026,0.0021,0.8076923076923077,3,0,3,0
trace-driven,trace,sample_trace,NRU,ProportionalAllocation,5,2,0,0.0024,0.0028,1.1666666666666667,2,0,2,0
trace-driven,trace,sample_trace,NRU,ProportionalAllocation,5,2,1,0.0026,0.0021,0.8076923076923077,3,0,3,0
trace-driven,trace,sample_trace,NRU,ProportionalAllocation,5,3,0,0.0022,0.0021,0.9545454545454546,2,0,2,0
trace-driven,trace,sample_trace,NRU,ProportionalAllocation,5,3,1,0.0025,0.002,0.8,3,0,3,0
trace-driven,trace,sample_trace,NRU,ProportionalAllocation,5,4,0,0.0024,0.0023,0.9583333333333334,2,0,2,0
trace-driven,trace,sample_trace,NRU,ProportionalAllocation,5,4,1,0.0028,0.0021,0.75,3,0,3,0
trace-driven,trace,sample_trace,NRU,ProportionalAllocation,5,5,0,0.0023,0.0023,1.0,2,0,2,0
trace-driven,trace,sample_trace,NRU,ProportionalAllocation,5,5,1,0.0026,0.0022,0.8461538461538461,3,0,3,0
trace-driven,trace,sample_trace,NRU,ProportionalAllocation,5,6,0,0.0024,0.0025,1.0416666666666667,2,0,2,0
trace-driven,trace,sample_trace,NRU,ProportionalAllocation,5,6,1,0.0026,0.002,0.7692307692307693,3,0,3,0
trace-driven,trace,sample_trace,NRU,ProportionalAllocation,5,7,0,0.0023,0.0023,1.0,2,0,2,0
trace-driven,trace,sample_trace,NRU,ProportionalAllocation,5,7,1,0.0024,0.0021,0.875,3,0,3,0
trace-driven,trace,sample_trace,NRU,ProportionalAllocation,5,8,0,0.0023,0.0023,1.0,2,0,2,0
trace-driven,trace,sample_trace,NRU,ProportionalAllocation,5,8,1,0.0025,0.0019,0.76,3,0,3,0
trace-driven,trace,sample_trace,NRU,ProportionalAllocation,5,9,0,0.0023,0.0025,1.0869565217391304,2,0,2,0
trace-driven,trace,sample_trace,NRU,ProportionalAllocation,5,9,1,0.0025,0.002,0.8,3,0,3,0
trace-driven,trace,sample_trace,SecondChance,GlobalAllocation,5,0,0,0.0032,0.0038,1.1875,2,,,
trace-driven,trace,sample_trace,SecondChance,GlobalAllocation,5,0,1,0.0034,0.004,1.1764705882352942,3,,,
trace-driven,trace,sample_trace,SecondChance,GlobalAllocation,5,1,0,0.0036,0.0035,0.9722222222222222,2,,,
trace-driven,trace,sample_trace,SecondChance,GlobalAllocation,5,1,1,0.0034,0.0038,1.1176470588235294,3,,,
trace-driven,trace,sample_trace,SecondChance,GlobalAllocation,5,2,0,0.0042,0.0034,0.8095238095238095,2,,,
trace-driven,trace,sample_trace,SecondChance,GlobalAllocation,5,2,1,0.0029,0.004,1.3793103448275863,3,,,
trace-driven,trace,sample_trace,SecondChance,GlobalAllocation,5,3,0,0.0029,0.0028,0.9655172413793104,2,,,
trace-driven,trace,sample_trace,SecondChance,GlobalAllocation,5,3,1,0.0029,0.0032,1.103448275862069,3,,,
trace-driven,trace,sample_trace,SecondChance,GlobalAllocation,5,4,0,0.0027,0.0029,1.0740740740740742,2,,,
trace-driven,trace,sample_trace,SecondChance,GlobalAllocation,5,4,1,0.0028,0.0032,1.1428571428571428,3,,,
trace-driven,trace,sample_trace,SecondChance,GlobalAllocation,5,5,0,0.0026,0.0029,1.1153846153846154,2,,,
trace-driven,trace,sample_trace,SecondChance,GlobalAllocation,5,5,1,0.0028,0.0034,1.2142857142857142,3,,,
trace-driven,trace,sample_trace,SecondChance,GlobalAllocation,5,6,0,0.0024,0.0029,1.2083333333333333,2,,,
trace-driven,trace,sample_trace,SecondChance,GlobalAllocation,5,6,1,0.0027,0.003,1.1111111111111112,3,,,
trace-driven,trace,sample_trace,SecondChance,GlobalAllocation,5,7,0,0.0027,0.0027,1.0,2,,,
trace-driven,trace,sample_trace,SecondChance,GlobalAllocation,5,7,1,0.0028,0.0033,1.1785714285714286,3,,,
trace-driven,trace,sample_trace,SecondChance,GlobalAllocation,5,8,0,0.0027,0.0028,1.037037037037037,2,,,
trace-driven,trace,sample_trace,SecondChance,GlobalAllocation,5,8,1,0.0028,0.0031,1.1071428571428572,3,,,
trace-driven,trace,sample_trace,SecondChance,GlobalAllocation,5,9,0,0.0024,0.0028,1.1666666666666667,2,,,
trace-driven,trace,sample_trace,SecondChance,GlobalAllocation,5,9,1,0.0026,0.0032,1.2307692307692308,3,,,
trace-driven,trace,sample_trace,SecondChance,LocalAllocation,5,0,0,0.0026,0.0033,1.2692307692307692,2,0,2,0
trace-driven,trace,sample_trace,SecondChance,LocalAllocation,5,0,1,0.0027,0.0038,1.4074074074074074,3,1,3,1
trace-driven,trace,sample_trace,SecondChance,LocalAllocation,5,1,0,0.0025,0.0028,1.12,2,0,2,0
trace-driven,trace,sample_trace,SecondChance,LocalAllocation,5,1,1,0.0026,0.0035,1.3461538461538463,3,1,3,1
trace-driven,trace,sample_trace,SecondChance,LocalAllocation,5,2,0,0.0025,0.0028,1.12,2,0,2,0
trace-driven,trace,sample_trace,SecondChance,LocalAllocation,5,2,1,0.0026,0.0038,1.4615384615384615,3,1,3,1
trace-driven,trace,sample_trace,SecondChance,LocalAllocation,5,3,0,0.0024,0.0025,1.0416666666666667,2,0,2,0
trace-driven,trace,sample_trace,SecondChance,LocalAllocation,5,3,1,0.0027,0.0033,1.2222222222222223,3,1,3,1
trace-driven,trace,sample_trace,SecondChance,LocalAllocation,5,4,0,0.0023,0.0026,1.1304347826086956,2,0,2,0
trace-driven,trace,sample_trace,SecondChance,LocalAllocation,5,4,1,0.0027,0.0032,1.1851851851851851,3,1,3,1
trace-driven,trace,sample_trace,SecondChance,LocalAllocation,5,5,0,0.0023,0.0023,1.0,2,0,2,0
trace-driven,trace,sample_trace,SecondChance,LocalAllocation,5,5,1,0.0025,0.0032,1.28,3,1,3,1
trace-driven,trace,sample_trace,SecondChance,LocalAllocation,5,6,0,0.0023,0.0025,1.0869565217391304,2,0,2,0
trace-driven,trace,sample_trace,SecondChance,LocalAllocation,5,6,1,0.0025,0.0031,1.24,3,1,3,1
trace-driven,trace,sample_trace,SecondChance,LocalAllocation,5,7,0,0.0023,0.0023,1.0,2,0,2,0
trace-driven,trace,sample_trace,SecondChance,LocalAllocation,5,7,1,0.0026,0.003,1.1538461538461537,3,1,3,1
trace-driven,trace,sample_trace,SecondChance,LocalAllocation,5,8,0,0.0024,0.0025,1.0416666666666667,2,0,2,0
trace-driven,trace,sample_trace,SecondChance,LocalAllocation,5,8,1,0.0026,0.0032,1.2307692307692308,3,1,3,1
trace-driven,trace,sample_trace,SecondChance,LocalAllocation,5,9,0,0.0024,0.0024,1.0,2,0,2,0
trace-driven,trace,sample_trace,SecondChance,LocalAllocation,5,9,1,0.0025,0.003,1.2,3,1,3,1
trace-driven,trace,sample_trace,SecondChance,ProportionalAllocation,5,0,0,0.0024,0.0028,1.1666666666666667,2,0,2,0
trace-driven,trace,sample_trace,SecondChance,ProportionalAllocation,5,0,1,0.0027,0.0023,0.8518518518518519,3,0,3,0
trace-driven,trace,sample_trace,SecondChance,ProportionalAllocation,5,1,0,0.0025,0.0026,1.04,2,0,2,0
trace-driven,trace,sample_trace,SecondChance,ProportionalAllocation,5,1,1,0.0026,0.0022,0.8461538461538461,3,0,3,0
trace-driven,trace,sample_trace,SecondChance,ProportionalAllocation,5,2,0,0.0023,0.0024,1.0434782608695652,2,0,2,0
trace-driven,trace,sample_trace,SecondChance,ProportionalAllocation,5,2,1,0.0026,0.0025,0.9615384615384616,3,0,3,0
trace-driven,trace,sample_trace,SecondChance,ProportionalAllocation,5,3,0,0.0025,0.0024,0.96,2,0,2,0
trace-driven,trace,sample_trace,SecondChance,ProportionalAllocation,5,3,1,0.0025,0.0022,0.88,3,0,3,0
trace-driven,trace,sample_trace,SecondChance,ProportionalAllocation,5,4,0,0.0023,0.0023,1.0,2,0,2,0
trace-driven,trace,sample_trace,SecondChance,ProportionalAllocation,5,4,1,0.0027,0.0022,0.8148148148148148,3,0,3,0
trace-driven,trace,sample_trace,SecondChance,ProportionalAllocation,5,5,0,0.0023,0.0026,1.1304347826086956,2,0,2,0
trace-driven,trace,sample_trace,SecondChance,ProportionalAllocation,5,5,1,0.0024,0.0029,1.2083333333333333,3,0,3,0
trace-driven,trace,sample_trace,SecondChance,ProportionalAllocation,5,6,0,0.0024,0.0026,1.0833333333333333,2,0,2,0
trace-driven,trace,sample_trace,SecondChance,ProportionalAllocation,5,6,1,0.0026,0.0022,0.8461538461538461,3,0,3,0
trace-driven,trace,sample_trace,SecondChance,ProportionalAllocation,5,7,0,0.0025,0.0026,1.04,2,0,2,0
trace-driven,trace,sample_trace,SecondChance,ProportionalAllocation,5,7,1,0.0025,0.0022,0.88,3,0,3,0
trace-driven,trace,sample_trace,SecondChance,ProportionalAllocation,5,8,0,0.0024,0.003,1.25,2,0,2,0
trace-driven,trace,sample_trace,SecondChance,ProportionalAllocation,5,8,1,0.0026,0.0025,0.9615384615384616,3,0,3,0
trace-driven,trace,sample_trace,SecondChance,ProportionalAllocation,5,9,0,0.0023,0.0023,1.0,2,0,2,0
trace-driven,trace,sample_trace,SecondChance,ProportionalAllocation,5,9,1,0.0026,0.0021,0.8076923076923077,3,0,3,0
trace-driven,trace,sample_trace,WSClock,GlobalAllocation,5,0,0,0.0032,0.0046,1.4375,2,,,
trace-driven,trace,sample_trace,WSClock,GlobalAllocation,5,0,1,0.0036,0.0063,1.75,3,,,
trace-driven,trace,sample_trace,WSClock,GlobalAllocation,5,1,0,0.0035,0.0035,1.0,2,,,
trace-driven,trace,sample_trace,WSClock,GlobalAllocation,5,1,1,0.0034,0.004,1.1764705882352942,3,,,
trace-driven,trace,sample_trace,WSClock,GlobalAllocation,5,2,0,0.0044,0.0033,0.75,2,,,
trace-driven,trace,sample_trace,WSClock,GlobalAllocation,5,2,1,0.003,0.0038,1.2666666666666666,3,,,
trace-driven,trace,sample_trace,WSClock,GlobalAllocation,5,3,0,0.0029,0.0029,1.0,2,,,
trace-driven,trace,sample_trace,WSClock,GlobalAllocation,5,3,1,0.0029,0.0034,1.1724137931034482,3,,,
trace-driven,trace,sample_trace,WSClock,GlobalAllocation,5,4,0,0.0026,0.0028,1.0769230769230769,2,,,
trace-driven,trace,sample_trace,WSClock,GlobalAllocation,5,4,1,0.0028,0.0033,1.1785714285714286,3,,,
trace-driven,trace,sample_trace,WSClock,GlobalAllocation,5,5,0,0.0027,0.0028,1.037037037037037,2,,,
trace-driven,trace,sample_trace,WSClock,GlobalAllocation,5,5,1,0.0028,0.0033,1.1785714285714286,3,,,
trace-driven,trace,sample_trace,WSClock,GlobalAllocation,5,6,0,0.0025,0.003,1.2,2,,,
trace-driven,trace,sample_trace,WSClock,GlobalAllocation,5,6,1,0.0028,0.0037,1.3214285714285714,3,,,
trace-driven,trace,sample_trace,WSClock,GlobalAllocation,5,7,0,0.0026,0.0028,1.0769230769230769,2,,,
trace-driven,trace,sample_trace,WSClock,GlobalAllocation,5,7,1,0.0027,0.0033,1.2222222222222223,3,,,
trace-driven,trace,sample_trace,WSClock,GlobalAllocation,5,8,0,0.0025,0.0026,1.04,2,,,
trace-driven,trace,sample_trace,WSClock,GlobalAllocation,5,8,1,0.0029,0.003,1.0344827586206897,3,,,
trace-driven,trace,sample_trace,WSClock,GlobalAllocation,5,9,0,0.0024,0.0028,1.1666666666666667,2,,,
trace-driven,trace,sample_trace,WSClock,GlobalAllocation,5,9,1,0.0026,0.0031,1.1923076923076923,3,,,
trace-driven,trace,sample_trace,WSClock,LocalAllocation,5,0,0,0.0026,0.0031,1.1923076923076923,2,0,2,0
trace-driven,trace,sample_trace,WSClock,LocalAllocation,5,0,1,0.0026,0.0044,1.6923076923076923,3,1,3,1
trace-driven,trace,sample_trace,WSClock,LocalAllocation,5,1,0,0.0024,0.0027,1.125,2,0,2,0
trace-driven,trace,sample_trace,WSClock,LocalAllocation,5,1,1,0.0026,0.0042,1.6153846153846154,3,1,3,1
trace-driven,trace,sample_trace,WSClock,LocalAllocation,5,2,0,0.0023,0.0028,1.2173913043478262,2,0,2,0
trace-driven,trace,sample_trace,WSClock,LocalAllocation,5,2,1,0.0025,0.004,1.6,3,1,3,1
trace-driven,trace,sample_trace,WSClock,LocalAllocation,5,3,0,0.0023,0.0024,1.0434782608695652,2,0,2,0
trace-driven,trace,sample_trace,WSClock,LocalAllocation,5,3,1,0.0026,0.0036,1.3846153846153846,3,1,3,1
trace-driven,trace,sample_trace,WSClock,LocalAllocation,5,4,0,0.0023,0.0025,1.0869565217391304,2,0,2,0
trace-driven,trace,sample_trace,WSClock,LocalAllocation,5,4,1,0.0026,0.0038,1.4615384615384615,3,1,3,1
trace-driven,trace,sample_trace,WSClock,LocalAllocation,5,5,0,0.0025,0.0029,1.16,2,0,2,0
trace-driven,trace,sample_trace,WSClock,LocalAllocation,5,5,1,0.0026,0.0036,1.3846153846153846,3,1,3,1
trace-driven,trace,sample_trace,WSClock,LocalAllocation,5,6,0,0.0024,0.0026,1.0833333333333333,2,0,2,0
trace-driven,trace,sample_trace,WSClock,LocalAllocation,5,6,1,0.0025,0.0039,1.56,3,1,3,1
trace-driven,trace,sample_trace,WSClock,LocalAllocation,5,7,0,0.0022,0.0024,1.0909090909090908,2,0,2,0
trace-driven,trace,sample_trace,WSClock,LocalAllocation,5,7,1,0.0026,0.0051,1.9615384615384615,3,1,3,1
trace-driven,trace,sample_trace,WSClock,LocalAllocation,5,8,0,0.0024,0.0023,0.9583333333333334,2,0,2,0
trace-driven,trace,sample_trace,WSClock,LocalAllocation,5,8,1,0.0025,0.0037,1.48,3,1,3,1
trace-driven,trace,sample_trace,WSClock,LocalAllocation,5,9,0,0.0025,0.0027,1.08,2,0,2,0
trace-driven,trace,sample_trace,WSClock,LocalAllocation,5,9,1,0.0025,0.0037,1.48,3,1,3,1
trace-driven,trace,sample_trace,WSClock,ProportionalAllocation,5,0,0,0.0024,0.0028,1.1666666666666667,2,0,2,0
trace-driven,trace,sample_trace,WSClock,ProportionalAllocation,5,0,1,0.0027,0.0022,0.8148148148148148,3,0,3,0
trace-driven,trace,sample_trace,WSClock,ProportionalAllocation,5,1,0,0.0025,0.0027,1.08,2,0,2,0
trace-driven,trace,sample_trace,WSClock,ProportionalAllocation,5,1,1,0.0027,0.0022,0.8148148148148148,3,0,3,0
trace-driven,trace,sample_trace,WSClock,ProportionalAllocation,5,2,0,0.0023,0.0025,1.0869565217391304,2,0,2,0
trace-driven,trace,sample_trace,WSClock,ProportionalAllocation,5,2,1,0.0026,0.0025,0.9615384615384616,3,0,3,0
trace-driven,trace,sample_trace,WSClock,ProportionalAllocation,5,3,0,0.0036,0.0025,0.6944444444444444,2,0,2,0
trace-driven,trace,sample_trace,WSClock,ProportionalAllocation,5,3,1,0.0027,0.0021,0.7777777777777778,3,0,3,0
trace-driven,trace,sample_trace,WSClock,ProportionalAllocation,5,4,0,0.0042,0.0023,0.5476190476190477,2,0,2,0
trace-driven,trace,sample_trace,WSClock,ProportionalAllocation,5,4,1,0.0038,0.0021,0.5526315789473685,3,0,3,0
trace-driven,trace,sample_trace,WSClock,ProportionalAllocation,5,5,0,0.0025,0.0023,0.92,2,0,2,0
trace-driven,trace,sample_trace,WSClock,ProportionalAllocation,5,5,1,0.0027,0.0023,0.8518518518518519,3,0,3,0
trace-driven,trace,sample_trace,WSClock,ProportionalAllocation,5,6,0,0.0023,0.0023,1.0,2,0,2,0
trace-driven,trace,sample_trace,WSClock,ProportionalAllocation,5,6,1,0.0025,0.0022,0.88,3,0,3,0
trace-driven,trace,sample_trace,WSClock,ProportionalAllocation,5,7,0,0.0023,0.0024,1.0434782608695652,2,0,2,0
trace-driven,trace,sample_trace,WSClock,ProportionalAllocation,5,7,1,0.0026,0.0019,0.7307692307692307,3,0,3,0
trace-driven,trace,sample_trace,WSClock,ProportionalAllocation,5,8,0,0.0022,0.002,0.9090909090909091,2,0,2,0
trace-driven,trace,sample_trace,WSClock,ProportionalAllocation,5,8,1,0.0025,0.0019,0.76,3,0,3,0
trace-driven,trace,sample_trace,WSClock,ProportionalAllocation,5,9,0,0.0023,0.0023,1.0,2,0,2,0
trace-driven,trace,sample_trace,WSClock,ProportionalAllocation,5,9,1,0.0025,0.002,0.8,3,0,3,0
trace-driven,trace,sample_trace,FIFO,GlobalAllocation,6,0,0,0.0033,0.0037,1.121212121212121,2,,,
trace-driven,trace,sample_trace,FIFO,GlobalAllocation,6,0,1,0.0035,0.004,1.1428571428571428,3,,,
trace-driven,trace,sample_trace,FIFO,GlobalAllocation,6,1,0,0.0038,0.0033,0.868421052631579,2,,,
trace-driven,trace,sample_trace,FIFO,GlobalAllocation,6,1,1,0.0037,0.0038,1.027027027027027,3,,,
trace-driven,trace,sample_trace,FIFO,GlobalAllocation,6,2,0,0.0046,0.0032,0.6956521739130435,2,,,
trace-driven,trace,sample_trace,FIFO,GlobalAllocation,6,2,1,0.0031,0.0038,1.2258064516129032,3,,,
trace-driven,trace,sample_trace,FIFO,GlobalAllocation,6,3,0,0.0028,0.0029,1.0357142857142858,2,,,
trace-driven,trace,sample_trace,FIFO,GlobalAllocation,6,3,1,0.0028,0.0032,1.1428571428571428,3,,,
trace-driven,trace,sample_trace,FIFO,GlobalAllocation,6,4,0,0.0027,0.0026,0.9629629629629629,2,,,
trace-driven,trace,sample_trace,FIFO,GlobalAllocation,6,4,1,0.0028,0.0031,1.1071428571428572,3,,,
trace-driven,trace,sample_trace,FIFO,GlobalAllocation,6,5,0,0.0026,0.0024,0.9230769230769231,2,,,
trace-driven,trace,sample_trace,FIFO,GlobalAllocation,6,5,1,0.0027,0.0029,1.0740740740740742,3,,,
trace-driven,trace,sample_trace,FIFO,GlobalAllocation,6,6,0,0.0024,0.0027,1.125,2,,,
trace-driven,trace,sample_trace,FIFO,GlobalAllocation,6,6,1,0.0028,0.0031,1.1071428571428572,3,,,
trace-driven,trace,sample_trace,FIFO,GlobalAllocation,6,7,0,0.0025,0.0025,1.0,2,,,
trace-driven,trace,sample_trace,FIFO,GlobalAllocation,6,7,1,0.003,0.003,1.0,3,,,
trace-driven,trace,sample_trace,FIFO,GlobalAllocation,6,8,0,0.0029,0.0026,0.896551724137931,2,,,
trace-driven,trace,sample_trace,FIFO,GlobalAllocation,6,8,1,0.0028,0.0028,1.0,3,,,
trace-driven,trace,sample_trace,FIFO,GlobalAllocation,6,9,0,0.0022,0.0023,1.0454545454545454,2,,,
trace-driven,trace,sample_trace,FIFO,GlobalAllocation,6,9,1,0.0026,0.0027,1.0384615384615385,3,,,
trace-driven,trace,sample_trace,FIFO,LocalAllocation,6,0,0,0.0025,0.0027,1.08,2,0,2,0
trace-driven,trace,sample_trace,FIFO,LocalAllocation,6,0,1,0.0026,0.0024,0.9230769230769231,3,0,3,0
trace-driven,trace,sample_trace,FIFO,LocalAllocation,6,1,0,0.0025,0.0025,1.0,2,0,2,0
trace-driven,trace,sample_trace,FIFO,LocalAllocation,6,1,1,0.0028,0.0022,0.7857142857142857,3,0,3,0
trace-driven,trace,sample_trace,FIFO,LocalAllocation,6,2,0,0.0022,0.0023,1.0454545454545454,2,0,2,0
trace-driven,trace,sample_trace,FIFO,LocalAllocation,6,2,1,0.0026,0.0022,0.8461538461538461,3,0,3,0
trace-driven,trace,sample_trace,FIFO,LocalAllocation,6,3,0,0.0024,0.0022,0.9166666666666666,2,0,2,0
trace-driven,trace,sample_trace,FIFO,LocalAllocation,6,3,1,0.0026,0.0021,0.8076923076923077,3,0,3,0
trace-driven,trace,sample_trace,FIFO,LocalAllocation,6,4,0,0.0023,0.0024,1.0434782608695652,2,0,2,0
trace-driven,trace,sample_trace,FIFO,LocalAllocation,6,4,1,0.0026,0.002,0.7692307692307693,3,0,3,0
trace-driven,trace,sample_trace,FIFO,LocalAllocation,6,5,0,0.0023,0.0024,1.0434782608695652,2,0,2,0
trace-driven,trace,sample_trace,FIFO,LocalAllocation,6,5,1,0.0027,0.002,0.7407407407407407,3,0,3,0
trace-driven,trace,sample_trace,FIFO,LocalAllocation,6,6,0,0.0023,0.0021,0.9130434782608695,2,0,2,0
trace-driven,trace,sample_trace,FIFO,LocalAllocation,6,6,1,0.0026,0.002,0.7692307692307693,3,0,3,0
trace-driven,trace,sample_trace,FIFO,LocalAllocation,6,7,0,0.0024,0.0021,0.875,2,0,2,0
trace-driven,trace,sample_trace,FIFO,LocalAllocation,6,7,1,0.0026,0.002,0.7692307692307693,3,0,3,0
trace-driven,trace,sample_trace,FIFO,LocalAllocation,6,8,0,0.0023,0.002,0.8695652173913043,2,0,2,0
trace-driven,trace,sample_trace,FIFO,LocalAllocation,6,8,1,0.0027,0.0018,0.6666666666666666,3,0,3,0
trace-driven,trace,sample_trace,FIFO,LocalAllocation,6,9,0,0.0023,0.002,0.8695652173913043,2,0,2,0
trace-driven,trace,sample_trace,FIFO,LocalAllocation,6,9,1,0.0026,0.0018,0.6923076923076923,3,0,3,0
trace-driven,trace,sample_trace,FIFO,ProportionalAllocation,6,0,0,0.0026,0.0027,1.0384615384615385,2,0,2,0
trace-driven,trace,sample_trace,FIFO,ProportionalAllocation,6,0,1,0.0026,0.0022,0.8461538461538461,3,0,3,0
trace-driven,trace,sample_trace,FIFO,ProportionalAllocation,6,1,0,0.0024,0.0024,1.0,2,0,2,0
trace-driven,trace,sample_trace,FIFO,ProportionalAllocation,6,1,1,0.0027,0.0021,0.7777777777777778,3,0,3,0
trace-driven,trace,sample_trace,FIFO,ProportionalAllocation,6,2,0,0.0023,0.0023,1.0,2,0,2,0
trace-driven,trace,sample_trace,FIFO,ProportionalAllocation,6,2,1,0.0028,0.0021,0.75,3,0,3,0
trace-driven,trace,sample_trace,FIFO,ProportionalAllocation,6,3,0,0.0023,0.0023,1.0,2,0,2,0
trace-driven,trace,sample_trace,FIFO,ProportionalAllocation,6,3,1,0.0026,0.0021,0.8076923076923077,3,0,3,0
trace-driven,trace,sample_trace,FIFO,ProportionalAllocation,6,4,0,0.0023,0.002,0.8695652173913043,2,0,2,0
trace-driven,trace,sample_trace,FIFO,ProportionalAllocation,6,4,1,0.0026,0.002,0.7692307692307693,3,0,3,0
trace-driven,trace,sample_trace,FIFO,ProportionalAllocation,6,5,0,0.0024,0.0022,0.9166666666666666,2,0,2,0
trace-driven,trace,sample_trace,FIFO,ProportionalAllocation,6,5,1,0.0026,0.0019,0.7307692307692307,3,0,3,0
trace-driven,trace,sample_trace,FIFO,ProportionalAllocation,6,6,0,0.0022,0.0022,1.0,2,0,2,0
trace-driven,trace,sample_trace,FIFO,ProportionalAllocation,6,6,1,0.0026,0.0022,0.8461538461538461,3,0,3,0
trace-driven,trace,sample_trace,FIFO,ProportionalAllocation,6,7,0,0.0022,0.0024,1.0909090909090908,2,0,2,0
trace-driven,trace,sample_trace,FIFO,ProportionalAllocation,6,7,1,0.0026,0.0018,0.6923076923076923,3,0,3,0
trace-driven,trace,sample_trace,FIFO,ProportionalAllocation,6,8,0,0.0023,0.0026,1.1304347826086956,2,0,2,0
trace-driven,trace,sample_trace,FIFO,ProportionalAllocation,6,8,1,0.0027,0.0019,0.7037037037037037,3,0,3,0
trace-driven,trace,sample_trace,FIFO,ProportionalAllocation,6,9,0,0.0022,0.002,0.9090909090909091,2,0,2,0
trace-driven,trace,sample_trace,FIFO,ProportionalAllocation,6,9,1,0.0025,0.0019,0.76,3,0,3,0
trace-driven,trace,sample_trace,LRU,GlobalAllocation,6,0,0,0.0049,0.0061,1.2448979591836735,2,,,
trace-driven,trace,sample_trace,LRU,GlobalAllocation,6,0,1,0.0057,0.0066,1.1578947368421053,3,,,
trace-driven,trace,sample_trace,LRU,GlobalAllocation,6,1,0,0.0036,0.0036,1.0,2,,,
trace-driven,trace,sample_trace,LRU,GlobalAllocation,6,1,1,0.0034,0.0043,1.2647058823529411,3,,,
trace-driven,trace,sample_trace,LRU,GlobalAllocation,6,2,0,0.0049,0.0033,0.673469387755102,2,,,
trace-driven,trace,sample_trace,LRU,GlobalAllocation,6,2,1,0.0032,0.0038,1.1875,3,,,
trace-driven,trace,sample_trace,LRU,GlobalAllocation,6,3,0,0.0032,0.003,0.9375,2,,,
trace-driven,trace,sample_trace,LRU,GlobalAllocation,6,3,1,0.003,0.0035,1.1666666666666667,3,,,
trace-driven,trace,sample_trace,LRU,GlobalAllocation,6,4,0,0.0028,0.003,1.0714285714285714,2,,,
trace-driven,trace,sample_trace,LRU,GlobalAllocation,6,4,1,0.0029,0.0035,1.206896551724138,3,,,
trace-driven,trace,sample_trace,LRU,GlobalAllocation,6,5,0,0.0027,0.0029,1.0740740740740742,2,,,
trace-driven,trace,sample_trace,LRU,GlobalAllocation,6,5,1,0.003,0.0033,1.1,3,,,
trace-driven,trace,sample_trace,LRU,GlobalAllocation,6,6,0,0.0027,0.0031,1.1481481481481481,2,,,
trace-driven,trace,sample_trace,LRU,GlobalAllocation,6,6,1,0.003,0.0036,1.2,3,,,
trace-driven,trace,sample_trace,LRU,GlobalAllocation,6,7,0,0.0028,0.0029,1.0357142857142858,2,,,
trace-driven,trace,sample_trace,LRU,GlobalAllocation,6,7,1,0.003,0.0033,1.1,3,,,
trace-driven,trace,sample_trace,LRU,GlobalAllocation,6,8,0,0.0027,0.003,1.1111111111111112,2,,,
trace-driven,trace,sample_trace,LRU,GlobalAllocation,6,8,1,0.0031,0.0033,1.064516129032258,3,,,
trace-driven,trace,sample_trace,LRU,GlobalAllocation,6,9,0,0.0026,0.0027,1.0384615384615385,2,,,
trace-driven,trace,sample_trace,LRU,GlobalAllocation,6,9,1,0.0026,0.0032,1.2307692307692308,3,,,
trace-driven,trace,sample_trace,LRU,LocalAllocation,6,0,0,0.0027,0.0035,1.2962962962962963,2,0,2,0
trace-driven,trace,sample_trace,LRU,LocalAllocation,6,0,1,0.0032,0.0027,0.84375,3,0,3,0
trace-driven,trace,sample_trace,LRU,LocalAllocation,6,1,0,0.0025,0.0031,1.24,2,0,2,0
trace-driven,trace,sample_trace,LRU,LocalAllocation,6,1,1,0.0028,0.0026,0.9285714285714286,3,0,3,0
trace-driven,trace,sample_trace,LRU,LocalAllocation,6,2,0,0.0025,0.003,1.2,2,0,2,0
trace-driven,trace,sample_trace,LRU,LocalAllocation,6,2,1,0.0033,0.0025,0.7575757575757576,3,0,3,0
trace-driven,trace,sample_trace,LRU,LocalAllocation,6,3,0,0.0026,0.0026,1.0,2,0,2,0
trace-driven,trace,sample_trace,LRU,LocalAllocation,6,3,1,0.0027,0.0022,0.8148148148148148,3,0,3,0
trace-driven,trace,sample_trace,LRU,LocalAllocation,6,4,0,0.0024,0.0026,1.0833333333333333,2,0,2,0
trace-driven,trace,sample_trace,LRU,LocalAllocation,6,4,1,0.0027,0.0023,0.8518518518518519,3,0,3,0
trace-driven,trace,sample_trace,LRU,LocalAllocation,6,5,0,0.0024,0.0025,1.0416666666666667,2,0,2,0
trace-driven,trace,sample_trace,LRU,LocalAllocation,6,5,1,0.0027,0.0023,0.8518518518518519,3,0,3,0
trace-driven,trace,sample_trace,LRU,LocalAllocation,6,6,0,0.0024,0.0028,1.1666666666666667,2,0,2,0
trace-driven,trace,sample_trace,LRU,LocalAllocation,6,6,1,0.0029,0.0022,0.7586206896551724,3,0,3,0
trace-driven,trace,sample_trace,LRU,LocalAllocation,6,7,0,0.0025,0.0025,1.0,2,0,2,0
trace-driven,trace,sample_trace,LRU,LocalAllocation,6,7,1,0.0027,0.0022,0.8148148148148148,3,0,3,0
trace-driven,trace,sample_trace,LRU,LocalAllocation,6,8,0,0.0026,0.0024,0.9230769230769231,2,0,2,0
trace-driven,trace,sample_trace,LRU,LocalAllocation,6,8,1,0.0027,0.0021,0.7777777777777778,3,0,3,0
trace-driven,trace,sample_trace,LRU,LocalAllocation,6,9,0,0.0031,0.0031,1.0,2,0,2,0
trace-driven,trace,sample_trace,LRU,LocalAllocation,6,9,1,0.0035,0.0028,0.8,3,0,3,0
trace-driven,trace,sample_trace,LRU,ProportionalAllocation,6,0,0,0.0027,0.0029,1.0740740740740742,2,0,2,0
trace-driven,trace,sample_trace,LRU,ProportionalAllocation,6,0,1,0.0028,0.0024,0.8571428571428571,3,0,3,0
trace-driven,trace,sample_trace,LRU,ProportionalAllocation,6,1,0,0.0026,0.0032,1.2307692307692308,2,0,2,0
trace-driven,trace,sample_trace,LRU,ProportionalAllocation,6,1,1,0.0029,0.0022,0.7586206896551724,3,0,3,0
trace-driven,trace,sample_trace,LRU,ProportionalAllocation,6,2,0,0.0025,0.0029,1.16,2,0,2,0
trace-driven,trace,sample_trace,LRU,ProportionalAllocation,6,2,1,0.0028,0.0021,0.75,3,0,3,0
trace-driven,trace,sample_trace,LRU,ProportionalAllocation,6,3,0,0.0025,0.0026,1.04,2,0,2,0
trace-driven,trace,sample_trace,LRU,ProportionalAllocation,6,3,1,0.0027,0.0022,0.8148148148148148,3,0,3,0
trace-driven,trace,sample_trace,LRU,ProportionalAllocation,6,4,0,0.0025,0.0026,1.04,2,0,2,0
trace-driven,trace,sample_trace,LRU,ProportionalAllocation,6,4,1,0.0025,0.0022,0.88,3,0,3,0
trace-driven,trace,sample_trace,LRU,ProportionalAllocation,6,5,0,0.0024,0.0024,1.0,2,0,2,0
trace-driven,trace,sample_trace,LRU,ProportionalAllocation,6,5,1,0.0026,0.0022,0.8461538461538461,3,0,3,0
trace-driven,trace,sample_trace,LRU,ProportionalAllocation,6,6,0,0.0023,0.0024,1.0434782608695652,2,0,2,0
trace-driven,trace,sample_trace,LRU,ProportionalAllocation,6,6,1,0.0026,0.0021,0.8076923076923077,3,0,3,0
trace-driven,trace,sample_trace,LRU,ProportionalAllocation,6,7,0,0.0023,0.0024,1.0434782608695652,2,0,2,0
trace-driven,trace,sample_trace,LRU,ProportionalAllocation,6,7,1,0.0026,0.0021,0.8076923076923077,3,0,3,0
trace-driven,trace,sample_trace,LRU,ProportionalAllocation,6,8,0,0.0023,0.0025,1.0869565217391304,2,0,2,0
trace-driven,trace,sample_trace,LRU,ProportionalAllocation,6,8,1,0.0026,0.0021,0.8076923076923077,3,0,3,0
trace-driven,trace,sample_trace,LRU,ProportionalAllocation,6,9,0,0.0025,0.0023,0.92,2,0,2,0
trace-driven,trace,sample_trace,LRU,ProportionalAllocation,6,9,1,0.0026,0.0021,0.8076923076923077,3,0,3,0
trace-driven,trace,sample_trace,NRU,GlobalAllocation,6,0,0,0.0032,0.0037,1.15625,2,,,
trace-driven,trace,sample_trace,NRU,GlobalAllocation,6,0,1,0.0034,0.004,1.1764705882352942,3,,,
trace-driven,trace,sample_trace,NRU,GlobalAllocation,6,1,0,0.0034,0.0041,1.2058823529411764,2,,,
trace-driven,trace,sample_trace,NRU,GlobalAllocation,6,1,1,0.0033,0.0039,1.1818181818181819,3,,,
trace-driven,trace,sample_trace,NRU,GlobalAllocation,6,2,0,0.0042,0.0033,0.7857142857142857,2,,,
trace-driven,trace,sample_trace,NRU,GlobalAllocation,6,2,1,0.0028,0.0037,1.3214285714285714,3,,,
trace-driven,trace,sample_trace,NRU,GlobalAllocation,6,3,0,0.003,0.003,1.0,2,,,
trace-driven,trace,sample_trace,NRU,GlobalAllocation,6,3,1,0.003,0.0046,1.5333333333333334,3,,,
trace-driven,trace,sample_trace,NRU,GlobalAllocation,6,4,0,0.0025,0.0029,1.16,2,,,
trace-driven,trace,sample_trace,NRU,GlobalAllocation,6,4,1,0.0028,0.0033,1.1785714285714286,3,,,
trace-driven,trace,sample_trace,NRU,GlobalAllocation,6,5,0,0.0026,0.0025,0.9615384615384616,2,,,
trace-driven,trace,sample_trace,NRU,GlobalAllocation,6,5,1,0.0029,0.0033,1.1379310344827587,3,,,
trace-driven,trace,sample_trace,NRU,GlobalAllocation,6,6,0,0.0025,0.0027,1.08,2,,,
trace-driven,trace,sample_trace,NRU,GlobalAllocation,6,6,1,0.0039,0.0033,0.8461538461538461,3,,,
trace-driven,trace,sample_trace,NRU,GlobalAllocation,6,7,0,0.0025,0.0028,1.12,2,,,
trace-driven,trace,sample_trace,NRU,GlobalAllocation,6,7,1,0.0028,0.0032,1.1428571428571428,3,,,
trace-driven,trace,sample_trace,NRU,GlobalAllocation,6,8,0,0.0025,0.003,1.2,2,,,
trace-driven,trace,sample_trace,NRU,GlobalAllocation,6,8,1,0.0029,0.0031,1.0689655172413792,3,,,
trace-driven,trace,sample_trace,NRU,GlobalAllocation,6,9,0,0.0024,0.0027,1.125,2,,,
trace-driven,trace,sample_trace,NRU,GlobalAllocation,6,9,1,0.0025,0.0029,1.16,3,,,
trace-driven,trace,sample_trace,NRU,LocalAllocation,6,0,0,0.0026,0.0031,1.1923076923076923,2,0,2,0
trace-driven,trace,sample_trace,NRU,LocalAllocation,6,0,1,0.0025,0.0024,0.96,3,0,3,0
trace-driven,trace,sample_trace,NRU,LocalAllocation,6,1,0,0.0023,0.0026,1.1304347826086956,2,0,2,0
trace-driven,trace,sample_trace,NRU,LocalAllocation,6,1,1,0.0026,0.0023,0.8846153846153846,3,0,3,0
trace-driven,trace,sample_trace,NRU,LocalAllocation,6,2,0,0.0025,0.0024,0.96,2,0,2,0
trace-driven,trace,sample_trace,NRU,LocalAllocation,6,2,1,0.0027,0.0024,0.8888888888888888,3,0,3,0
trace-driven,trace,sample_trace,NRU,LocalAllocation,6,3,0,0.0024,0.0034,1.4166666666666667,2,0,2,0
trace-driven,trace,sample_trace,NRU,LocalAllocation,6,3,1,0.0025,0.0031,1.24,3,0,3,0
trace-driven,trace,sample_trace,NRU,LocalAllocation,6,4,0,0.0022,0.0027,1.2272727272727273,2,0,2,0
trace-driven,trace,sample_trace,NRU,LocalAllocation,6,4,1,0.0027,0.0023,0.8518518518518519,3,0,3,0
trace-driven,trace,sample_trace,NRU,LocalAllocation,6,5,0,0.0024,0.0023,0.9583333333333334,2,0,2,0
trace-driven,trace,sample_trace,NRU,LocalAllocation,6,5,1,0.0026,0.0022,0.8461538461538461,3,0,3,0
trace-driven,trace,sample_trace,NRU,LocalAllocation,6,6,0,0.0021,0.0023,1.0952380952380953,2,0,2,0
trace-driven,trace,sample_trace,NRU,LocalAllocation,6,6,1,0.0026,0.0022,0.8461538461538461,3,0,3,0
trace-driven,trace,sample_trace,NRU,LocalAllocation,6,7,0,0.0024,0.0024,1.0,2,0,2,0
trace-driven,trace,sample_trace,NRU,LocalAllocation,6,7,1,0.0025,0.002,0.8,3,0,3,0
trace-driven,trace,sample_trace,NRU,LocalAllocation,6,8,0,0.0022,0.0026,1.1818181818181819,2,0,2,0
trace-driven,trace,sample_trace,NRU,LocalAllocation,6,8,1,0.0026,0.002,0.7692307692307693,3,0,3,0
trace-driven,trace,sample_trace,NRU,LocalAllocation,6,9,0,0.0033,0.0032,0.9696969696969697,2,0,2,0
trace-driven,trace,sample_trace,NRU,LocalAllocation,6,9,1,0.0025,0.0023,0.92,3,0,3,0
trace-driven,trace,sample_trace,NRU,ProportionalAllocation,6,0,0,0.0026,0.0033,1.2692307692307692,2,0,2,0
trace-driven,trace,sample_trace,NRU,ProportionalAllocation,6,0,1,0.0025,0.0022,0.88,3,0,3,0
trace-driven,trace,sample_trace,NRU,ProportionalAllocation,6,1,0,0.0035,0.0034,0.9714285714285714,2,0,2,0
trace-driven,trace,sample_trace,NRU,ProportionalAllocation,6,1,1,0.0034,0.0029,0.8529411764705882,3,0,3,0
trace-driven,trace,sample_trace,NRU,ProportionalAllocation,6,2,0,0.0024,0.0041,1.7083333333333333,2,0,2,0
trace-driven,trace,sample_trace,NRU,ProportionalAllocation,6,2,1,0.0026,0.0025,0.9615384615384616,3,0,3,0
trace-driven,trace,sample_trace,NRU,ProportionalAllocation,6,3,0,0.0022,0.0024,1.0909090909090908,2,0,2,0
trace-driven,trace,sample_trace,NRU,ProportionalAllocation,6,3,1,0.0035,0.0021,0.6,3,0,3,0
trace-driven,trace,sample_trace,NRU,ProportionalAllocation,6,4,0,0.0023,0.0025,1.0869565217391304,2,0,2,0
trace-driven,trace,sample_trace,NRU,ProportionalAllocation,6,4,1,0.0027,0.0023,0.8518518518518519,3,0,3,0
trace-driven,trace,sample_trace,NRU,ProportionalAllocation,6,5,0,0.0024,0.0023,0.9583333333333334,2,0,2,0
trace-driven,trace,sample_trace,NRU,ProportionalAllocation,6,5,1,0.0025,0.0021,0.84,3,0,3,0
trace-driven,trace,sample_trace,NRU,ProportionalAllocation,6,6,0,0.0022,0.0024,1.0909090909090908,2,0,2,0
trace-driven,trace,sample_trace,NRU,ProportionalAllocation,6,6,1,0.0025,0.002,0.8,3,0,3,0
trace-driven,trace,sample_trace,NRU,ProportionalAllocation,6,7,0,0.0024,0.0023,0.9583333333333334,2,0,2,0
trace-driven,trace,sample_trace,NRU,ProportionalAllocation,6,7,1,0.0025,0.0021,0.84,3,0,3,0
trace-driven,trace,sample_trace,NRU,ProportionalAllocation,6,8,0,0.0022,0.0025,1.1363636363636365,2,0,2,0
trace-driven,trace,sample_trace,NRU,ProportionalAllocation,6,8,1,0.0025,0.0021,0.84,3,0,3,0
trace-driven,trace,sample_trace,NRU,ProportionalAllocation,6,9,0,0.0024,0.0023,0.9583333333333334,2,0,2,0
trace-driven,trace,sample_trace,NRU,ProportionalAllocation,6,9,1,0.0026,0.0021,0.8076923076923077,3,0,3,0
trace-driven,trace,sample_trace,SecondChance,GlobalAllocation,6,0,0,0.0053,0.0069,1.3018867924528301,2,,,
trace-driven,trace,sample_trace,SecondChance,GlobalAllocation,6,0,1,0.0063,0.0075,1.1904761904761905,3,,,
trace-driven,trace,sample_trace,SecondChance,GlobalAllocation,6,1,0,0.0039,0.0037,0.9487179487179487,2,,,
trace-driven,trace,sample_trace,SecondChance,GlobalAllocation,6,1,1,0.0035,0.0041,1.1714285714285715,3,,,
trace-driven,trace,sample_trace,SecondChance,GlobalAllocation,6,2,0,0.0044,0.0036,0.8181818181818182,2,,,
trace-driven,trace,sample_trace,SecondChance,GlobalAllocation,6,2,1,0.0029,0.0042,1.4482758620689655,3,,,
trace-driven,trace,sample_trace,SecondChance,GlobalAllocation,6,3,0,0.0029,0.0028,0.9655172413793104,2,,,
trace-driven,trace,sample_trace,SecondChance,GlobalAllocation,6,3,1,0.0029,0.0033,1.1379310344827587,3,,,
trace-driven,trace,sample_trace,SecondChance,GlobalAllocation,6,4,0,0.0026,0.0027,1.0384615384615385,2,,,
trace-driven,trace,sample_trace,SecondChance,GlobalAllocation,6,4,1,0.0029,0.0033,1.1379310344827587,3,,,
trace-driven,trace,sample_trace,SecondChance,GlobalAllocation,6,5,0,0.0027,0.0027,1.0,2,,,
trace-driven,trace,sample_trace,SecondChance,GlobalAllocation,6,5,1,0.0028,0.0031,1.1071428571428572,3,,,
trace-driven,trace,sample_trace,SecondChance,GlobalAllocation,6,6,0,0.0025,0.004,1.6,2,,,
trace-driven,trace,sample_trace,SecondChance,GlobalAllocation,6,6,1,0.0027,0.0033,1.2222222222222223,3,,,
trace-driven,trace,sample_trace,SecondChance,GlobalAllocation,6,7,0,0.0026,0.0029,1.1153846153846154,2,,,
trace-driven,trace,sample_trace,SecondChance,GlobalAllocation,6,7,1,0.0029,0.003,1.0344827586206897,3,,,
trace-driven,trace,sample_trace,SecondChance,GlobalAllocation,6,8,0,0.0026,0.0029,1.1153846153846154,2,,,
trace-driven,trace,sample_trace,SecondChance,GlobalAllocation,6,8,1,0.0029,0.0034,1.1724137931034482,3,,,
trace-driven,trace,sample_trace,SecondChance,GlobalAllocation,6,9,0,0.0023,0.0028,1.2173913043478262,2,,,
trace-driven,trace,sample_trace,SecondChance,GlobalAllocation,6,9,1,0.0026,0.0032,1.2307692307692308,3,,,
trace-driven,trace,sample_trace,SecondChance,LocalAllocation,6,0,0,0.0025,0.0035,1.4,2,0,2,0
trace-driven,trace,sample_trace,SecondChance,LocalAllocation,6,0,1,0.0027,0.0025,0.9259259259259259,3,0,3,0
trace-driven,trace,sample_trace,SecondChance,LocalAllocation,6,1,0,0.0031,0.0026,0.8387096774193549,2,0,2,0
trace-driven,trace,sample_trace,SecondChance,LocalAllocation,6,1,1,0.0026,0.0024,0.9230769230769231,3,0,3,0
trace-driven,trace,sample_trace,SecondChance,LocalAllocation,6,2,0,0.0024,0.0026,1.0833333333333333,2,0,2,0
trace-driven,trace,sample_trace,SecondChance,LocalAllocation,6,2,1,0.0027,0.0024,0.8888888888888888,3,0,3,0
trace-driven,trace,sample_trace,SecondChance,LocalAllocation,6,3,0,0.0023,0.0027,1.173913043478261,2,0,2,0
trace-driven,trace,sample_trace,SecondChance,LocalAllocation,6,3,1,0.0027,0.0022,0.8148148148148148,3,0,3,0
trace-driven,trace,sample_trace,SecondChance,LocalAllocation,6,4,0,0.0022,0.003,1.3636363636363635,2,0,2,0
trace-driven,trace,sample_trace,SecondChance,LocalAllocation,6,4,1,0.0026,0.0029,1.1153846153846154,3,0,3,0
trace-driven,trace,sample_trace,SecondChance,LocalAllocation,6,5,0,0.0024,0.0025,1.0416666666666667,2,0,2,0
trace-driven,trace,sample_trace,SecondChance,LocalAllocation,6,5,1,0.0026,0.0023,0.8846153846153846,3,0,3,0
trace-driven,trace,sample_trace,SecondChance,LocalAllocation,6,6,0,0.0024,0.0027,1.125,2,0,2,0
trace-driven,trace,sample_trace,SecondChance,LocalAllocation,6,6,1,0.0026,0.0023,0.8846153846153846,3,0,3,0
trace-driven,trace,sample_trace,SecondChance,LocalAllocation,6,7,0,0.0023,0.0023,1.0,2,0,2,0
trace-driven,trace,sample_trace,SecondChance,LocalAllocation,6,7,1,0.0026,0.0021,0.8076923076923077,3,0,3,0
trace-driven,trace,sample_trace,SecondChance,LocalAllocation,6,8,0,0.0022,0.0022,1.0,2,0,2,0
trace-driven,trace,sample_trace,SecondChance,LocalAllocation,6,8,1,0.0026,0.0023,0.8846153846153846,3,0,3,0
trace-driven,trace,sample_trace,SecondChance,LocalAllocation,6,9,0,0.0023,0.0022,0.9565217391304348,2,0,2,0
trace-driven,trace,sample_trace,SecondChance,LocalAllocation,6,9,1,0.0025,0.0021,0.84,3,0,3,0
trace-driven,trace,sample_trace,SecondChance,ProportionalAllocation,6,0,0,0.0027,0.0029,1.0740740740740742,2,0,2,0
trace-driven,trace,sample_trace,SecondChance,ProportionalAllocation,6,0,1,0.0025,0.0024,0.96,3,0,3,0
trace-driven,trace,sample_trace,SecondChance,ProportionalAllocation,6,1,0,0.0025,0.0027,1.08,2,0,2,0
trace-driven,trace,sample_trace,SecondChance,ProportionalAllocation,6,1,1,0.0026,0.0022,0.8461538461538461,3,0,3,0
trace-driven,trace,sample_trace,SecondChance,ProportionalAllocation,6,2,0,0.0026,0.0027,1.0384615384615385,2,0,2,0
trace-driven,trace,sample_trace,SecondChance,ProportionalAllocation,6,2,1,0.0026,0.0022,0.8461538461538461,3,0,3,0
trace-driven,trace,sample_trace,SecondChance,ProportionalAllocation,6,3,0,0.0024,0.0023,0.9583333333333334,2,0,2,0
trace-driven,trace,sample_trace,SecondChance,ProportionalAllocation,6,3,1,0.0027,0.002,0.7407407407407407,3,0,3,0
trace-driven,trace,sample_trace,SecondChance,ProportionalAllocation,6,4,0,0.0023,0.0025,1.0869565217391304,2,0,2,0
trace-driven,trace,sample_trace,SecondChance,ProportionalAllocation,6,4,1,0.0025,0.0021,0.84,3,0,3,0
trace-driven,trace,sample_trace,SecondChance,ProportionalAllocation,6,5,0,0.0025,0.0025,1.0,2,0,2,0
trace-driven,trace,sample_trace,SecondChance,ProportionalAllocation,6,5,1,0.0025,0.002,0.8,3,0,3,0
trace-driven,trace,sample_trace,SecondChance,ProportionalAllocation,6,6,0,0.0023,0.0026,1.1304347826086956,2,0,2,0
trace-driven,trace,sample_trace,SecondChance,ProportionalAllocation,6,6,1,0.0024,0.002,0.8333333333333334,3,0,3,0
trace-driven,trace,sample_trace,SecondChance,ProportionalAllocation,6,7,0,0.0024,0.0026,1.0833333333333333,2,0,2,0
trace-driven,trace,sample_trace,SecondChance,ProportionalAllocation,6,7,1,0.0028,0.002,0.7142857142857143,3,0,3,0
trace-driven,trace,sample_trace,SecondChance,ProportionalAllocation,6,8,0,0.0022,0.0024,1.0909090909090908,2,0,2,0
trace-driven,trace,sample_trace,SecondChance,ProportionalAllocation,6,8,1,0.0026,0.0025,0.9615384615384616,3,0,3,0
trace-driven,trace,sample_trace,SecondChance,ProportionalAllocation,6,9,0,0.0024,0.0023,0.9583333333333334,2,0,2,0
trace-driven,trace,sample_trace,SecondChance,ProportionalAllocation,6,9,1,0.0028,0.003,1.0714285714285714,3,0,3,0
trace-driven,trace,sample_trace,WSClock,GlobalAllocation,6,0,0,0.0032,0.0038,1.1875,2,,,
trace-driven,trace,sample_trace,WSClock,GlobalAllocation,6,0,1,0.0035,0.0041,1.1714285714285715,3,,,
trace-driven,trace,sample_trace,WSClock,GlobalAllocation,6,1,0,0.0034,0.0035,1.0294117647058822,2,,,
trace-driven,trace,sample_trace,WSClock,GlobalAllocation,6,1,1,0.0034,0.004,1.1764705882352942,3,,,
trace-driven,trace,sample_trace,WSClock,GlobalAllocation,6,2,0,0.0045,0.0034,0.7555555555555555,2,,,
trace-driven,trace,sample_trace,WSClock,GlobalAllocation,6,2,1,0.003,0.004,1.3333333333333333,3,,,
trace-driven,trace,sample_trace,WSClock,GlobalAllocation,6,3,0,0.0029,0.0031,1.0689655172413792,2,,,
trace-driven,trace,sample_trace,WSClock,GlobalAllocation,6,3,1,0.0029,0.0037,1.2758620689655173,3,,,
trace-driven,trace,sample_trace,WSClock,GlobalAllocation,6,4,0,0.0026,0.003,1.1538461538461537,2,,,
trace-driven,trace,sample_trace,WSClock,GlobalAllocation,6,4,1,0.0027,0.0031,1.1481481481481481,3,,,
trace-driven,trace,sample_trace,WSClock,GlobalAllocation,6,5,0,0.0026,0.0029,1.1153846153846154,2,,,
trace-driven,trace,sample_trace,WSClock,GlobalAllocation,6,5,1,0.0027,0.0032,1.1851851851851851,3,,,
trace-driven,trace,sample_trace,WSClock,GlobalAllocation,6,6,0,0.0025,0.003,1.2,2,,,
trace-driven,trace,sample_trace,WSClock,GlobalAllocation,6,6,1,0.0031,0.0032,1.032258064516129,3,,,
trace-driven,trace,sample_trace,WSClock,GlobalAllocation,6,7,0,0.0026,0.0027,1.0384615384615385,2,,,
trace-driven,trace,sample_trace,WSClock,GlobalAllocation,6,7,1,0.0028,0.0032,1.1428571428571428,3,,,
trace-driven,trace,sample_trace,WSClock,GlobalAllocation,6,8,0,0.0026,0.0028,1.0769230769230769,2,,,
trace-driven,trace,sample_trace,WSClock,GlobalAllocation,6,8,1,0.0028,0.0032,1.1428571428571428,3,,,
trace-driven,trace,sample_trace,WSClock,GlobalAllocation,6,9,0,0.0023,0.0027,1.173913043478261,2,,,
trace-driven,trace,sample_trace,WSClock,GlobalAllocation,6,9,1,0.0026,0.003,1.1538461538461537,3,,,
trace-driven,trace,sample_trace,WSClock,LocalAllocation,6,0,0,0.0043,0.0053,1.2325581395348837,2,0,2,0
trace-driven,trace,sample_trace,WSClock,LocalAllocation,6,0,1,0.0044,0.0046,1.0454545454545454,3,0,3,0
trace-driven,trace,sample_trace,WSClock,LocalAllocation,6,1,0,0.0025,0.0031,1.24,2,0,2,0
trace-driven,trace,sample_trace,WSClock,LocalAllocation,6,1,1,0.0027,0.0025,0.9259259259259259,3,0,3,0
trace-driven,trace,sample_trace,WSClock,LocalAllocation,6,2,0,0.0022,0.0028,1.2727272727272727,2,0,2,0
trace-driven,trace,sample_trace,WSClock,LocalAllocation,6,2,1,0.0025,0.0023,0.92,3,0,3,0
trace-driven,trace,sample_trace,WSClock,LocalAllocation,6,3,0,0.0023,0.0024,1.0434782608695652,2,0,2,0
trace-driven,trace,sample_trace,WSClock,LocalAllocation,6,3,1,0.0026,0.0023,0.8846153846153846,3,0,3,0
trace-driven,trace,sample_trace,WSClock,LocalAllocation,6,4,0,0.0024,0.0025,1.0416666666666667,2,0,2,0
trace-driven,trace,sample_trace,WSClock,LocalAllocation,6,4,1,0.0028,0.0021,0.75,3,0,3,0
trace-driven,trace,sample_trace,WSClock,LocalAllocation,6,5,0,0.0023,0.0023,1.0,2,0,2,0
trace-driven,trace,sample_trace,WSClock,LocalAllocation,6,5,1,0.0025,0.0022,0.88,3,0,3,0
trace-driven,trace,sample_trace,WSClock,LocalAllocation,6,6,0,0.0023,0.0023,1.0,2,0,2,0
trace-driven,trace,sample_trace,WSClock,LocalAllocation,6,6,1,0.0025,0.002,0.8,3,0,3,0
trace-driven,trace,sample_trace,WSClock,LocalAllocation,6,7,0,0.0022,0.0025,1.1363636363636365,2,0,2,0
trace-driven,trace,sample_trace,WSClock,LocalAllocation,6,7,1,0.0025,0.0022,0.88,3,0,3,0
trace-driven,trace,sample_trace,WSClock,LocalAllocation,6,8,0,0.0024,0.0025,1.0416666666666667,2,0,2,0
trace-driven,trace,sample_trace,WSClock,LocalAllocation,6,8,1,0.0025,0.002,0.8,3,0,3,0
trace-driven,trace,sample_trace,WSClock,LocalAllocation,6,9,0,0.0023,0.0025,1.0869565217391304,2,0,2,0
trace-driven,trace,sample_trace,WSClock,LocalAllocation,6,9,1,0.0025,0.002,0.8,3,0,3,0
trace-driven,trace,sample_trace,WSClock,ProportionalAllocation,6,0,0,0.0025,0.003,1.2,2,0,2,0
trace-driven,trace,sample_trace,WSClock,ProportionalAllocation,6,0,1,0.0026,0.0022,0.8461538461538461,3,0,3,0
trace-driven,trace,sample_trace,WSClock,ProportionalAllocation,6,1,0,0.0023,0.0025,1.0869565217391304,2,0,2,0
trace-driven,trace,sample_trace,WSClock,ProportionalAllocation,6,1,1,0.0026,0.0023,0.8846153846153846,3,0,3,0
trace-driven,trace,sample_trace,WSClock,ProportionalAllocation,6,2,0,0.0024,0.0028,1.1666666666666667,2,0,2,0
trace-driven,trace,sample_trace,WSClock,ProportionalAllocation,6,2,1,0.0026,0.0023,0.8846153846153846,3,0,3,0
trace-driven,trace,sample_trace,WSClock,ProportionalAllocation,6,3,0,0.0023,0.0023,1.0,2,0,2,0
trace-driven,trace,sample_trace,WSClock,ProportionalAllocation,6,3,1,0.0026,0.0021,0.8076923076923077,3,0,3,0
trace-driven,trace,sample_trace,WSClock,ProportionalAllocation,6,4,0,0.0023,0.0022,0.9565217391304348,2,0,2,0
trace-driven,trace,sample_trace,WSClock,ProportionalAllocation,6,4,1,0.0026,0.0021,0.8076923076923077,3,0,3,0
trace-driven,trace,sample_trace,WSClock,ProportionalAllocation,6,5,0,0.0024,0.0023,0.9583333333333334,2,0,2,0
trace-driven,trace,sample_trace,WSClock,ProportionalAllocation,6,5,1,0.0026,0.0022,0.8461538461538461,3,0,3,0
trace-driven,trace,sample_trace,WSClock,ProportionalAllocation,6,6,0,0.0022,0.0024,1.0909090909090908,2,0,2,0
trace-driven,trace,sample_trace,WSClock,ProportionalAllocation,6,6,1,0.0026,0.0022,0.8461538461538461,3,0,3,0
trace-driven,trace,sample_trace,WSClock,ProportionalAllocation,6,7,0,0.0023,0.0023,1.0,2,0,2,0
trace-driven,trace,sample_trace,WSClock,ProportionalAllocation,6,7,1,0.0026,0.0022,0.8461538461538461,3,0,3,0
trace-driven,trace,sample_trace,WSClock,ProportionalAllocation,6,8,0,0.0023,0.0024,1.0434782608695652,2,0,2,0
trace-driven,trace,sample_trace,WSClock,ProportionalAllocation,6,8,1,0.0027,0.002,0.7407407407407407,3,0,3,0
trace-driven,trace,sample_trace,WSClock,ProportionalAllocation,6,9,0,0.0023,0.0022,0.9565217391304348,2,0,2,0
trace-driven,trace,sample_trace,WSClock,ProportionalAllocation,6,9,1,0.0025,0.0022,0.88,3,0,3,0
trace-driven,trace,sample_trace,FIFO,GlobalAllocation,8,0,0,0.0037,0.0042,1.135135135135135,2,,,
trace-driven,trace,sample_trace,FIFO,GlobalAllocation,8,0,1,0.0037,0.0047,1.2702702702702702,3,,,
trace-driven,trace,sample_trace,FIFO,GlobalAllocation,8,1,0,0.0038,0.0034,0.8947368421052632,2,,,
trace-driven,trace,sample_trace,FIFO,GlobalAllocation,8,1,1,0.0036,0.0038,1.0555555555555556,3,,,
trace-driven,trace,sample_trace,FIFO,GlobalAllocation,8,2,0,0.0043,0.0034,0.7906976744186046,2,,,
trace-driven,trace,sample_trace,FIFO,GlobalAllocation,8,2,1,0.0032,0.0038,1.1875,3,,,
trace-driven,trace,sample_trace,FIFO,GlobalAllocation,8,3,0,0.0029,0.0026,0.896551724137931,2,,,
trace-driven,trace,sample_trace,FIFO,GlobalAllocation,8,3,1,0.003,0.0033,1.1,3,,,
trace-driven,trace,sample_trace,FIFO,GlobalAllocation,8,4,0,0.0027,0.0026,0.9629629629629629,2,,,
trace-driven,trace,sample_trace,FIFO,GlobalAllocation,8,4,1,0.003,0.0033,1.1,3,,,
trace-driven,trace,sample_trace,FIFO,GlobalAllocation,8,5,0,0.0025,0.0028,1.12,2,,,
trace-driven,trace,sample_trace,FIFO,GlobalAllocation,8,5,1,0.003,0.0032,1.0666666666666667,3,,,
trace-driven,trace,sample_trace,FIFO,GlobalAllocation,8,6,0,0.0028,0.0028,1.0,2,,,
trace-driven,trace,sample_trace,FIFO,GlobalAllocation,8,6,1,0.003,0.003,1.0,3,,,
trace-driven,trace,sample_trace,FIFO,GlobalAllocation,8,7,0,0.0025,0.0026,1.04,2,,,
trace-driven,trace,sample_trace,FIFO,GlobalAllocation,8,7,1,0.003,0.0031,1.0333333333333334,3,,,
trace-driven,trace,sample_trace,FIFO,GlobalAllocation,8,8,0,0.0027,0.0024,0.8888888888888888,2,,,
trace-driven,trace,sample_trace,FIFO,GlobalAllocation,8,8,1,0.003,0.0032,1.0666666666666667,3,,,
trace-driven,trace,sample_trace,FIFO,GlobalAllocation,8,9,0,0.0024,0.0025,1.0416666666666667,2,,,
trace-driven,trace,sample_trace,FIFO,GlobalAllocation,8,9,1,0.0028,0.0029,1.0357142857142858,3,,,
trace-driven,trace,sample_trace,FIFO,LocalAllocation,8,0,0,0.0027,0.0031,1.1481481481481481,2,0,2,0
trace-driven,trace,sample_trace,FIFO,LocalAllocation,8,0,1,0.0028,0.0024,0.8571428571428571,3,0,3,0
trace-driven,trace,sample_trace,FIFO,LocalAllocation,8,1,0,0.0023,0.0026,1.1304347826086956,2,0,2,0
trace-driven,trace,sample_trace,FIFO,LocalAllocation,8,1,1,0.0028,0.0024,0.8571428571428571,3,0,3,0
trace-driven,trace,sample_trace,FIFO,LocalAllocation,8,2,0,0.0024,0.0026,1.0833333333333333,2,0,2,0
trace-driven,trace,sample_trace,FIFO,LocalAllocation,8,2,1,0.0028,0.0024,0.8571428571428571,3,0,3,0
trace-driven,trace,sample_trace,FIFO,LocalAllocation,8,3,0,0.0024,0.0021,0.875,2,0,2,0
trace-driven,trace,sample_trace,FIFO,LocalAllocation,8,3,1,0.0026,0.0022,0.8461538461538461,3,0,3,0
trace-driven,trace,sample_trace,FIFO,LocalAllocation,8,4,0,0.0022,0.0023,1.0454545454545454,2,0,2,0
trace-driven,trace,sample_trace,FIFO,LocalAllocation,8,4,1,0.0025,0.0021,0.84,3,0,3,0
trace-driven,trace,sample_trace,FIFO,LocalAllocation,8,5,0,0.0023,0.0021,0.9130434782608695,2,0,2,0
trace-driven,trace,sample_trace,FIFO,LocalAllocation,8,5,1,0.0027,0.0021,0.7777777777777778,3,0,3,0
trace-driven,trace,sample_trace,FIFO,LocalAllocation,8,6,0,0.0024,0.0021,0.875,2,0,2,0
trace-driven,trace,sample_trace,FIFO,LocalAllocation,8,6,1,0.0026,0.0021,0.8076923076923077,3,0,3,0
trace-driven,trace,sample_trace,FIFO,LocalAllocation,8,7,0,0.0023,0.0022,0.9565217391304348,2,0,2,0
trace-driven,trace,sample_trace,FIFO,LocalAllocation,8,7,1,0.003,0.0019,0.6333333333333333,3,0,3,0
trace-driven,trace,sample_trace,FIFO,LocalAllocation,8,8,0,0.0026,0.002,0.7692307692307693,2,0,2,0
trace-driven,trace,sample_trace,FIFO,LocalAllocation,8,8,1,0.0026,0.0018,0.6923076923076923,3,0,3,0
trace-driven,trace,sample_trace,FIFO,LocalAllocation,8,9,0,0.0023,0.0021,0.9130434782608695,2,0,2,0
trace-driven,trace,sample_trace,FIFO,LocalAllocation,8,9,1,0.0026,0.002,0.7692307692307693,3,0,3,0
trace-driven,trace,sample_trace,FIFO,ProportionalAllocation,8,0,0,0.0025,0.0026,1.04,2,0,2,0
trace-driven,trace,sample_trace,FIFO,ProportionalAllocation,8,0,1,0.0026,0.0021,0.8076923076923077,3,0,3,0
trace-driven,trace,sample_trace,FIFO,ProportionalAllocation,8,1,0,0.0024,0.0024,1.0,2,0,2,0
trace-driven,trace,sample_trace,FIFO,ProportionalAllocation,8,1,1,0.0028,0.002,0.7142857142857143,3,0,3,0
trace-driven,trace,sample_trace,FIFO,ProportionalAllocation,8,2,0,0.0023,0.002,0.8695652173913043,2,0,2,0
trace-driven,trace,sample_trace,FIFO,ProportionalAllocation,8,2,1,0.0045,0.002,0.4444444444444444,3,0,3,0
trace-driven,trace,sample_trace,FIFO,ProportionalAllocation,8,3,0,0.0021,0.0021,1.0,2,0,2,0
trace-driven,trace,sample_trace,FIFO,ProportionalAllocation,8,3,1,0.0028,0.0019,0.6785714285714286,3,0,3,0
trace-driven,trace,sample_trace,FIFO,ProportionalAllocation,8,4,0,0.0023,0.0022,0.9565217391304348,2,0,2,0
trace-driven,trace,sample_trace,FIFO,ProportionalAllocation,8,4,1,0.0026,0.0019,0.7307692307692307,3,0,3,0
trace-driven,trace,sample_trace,FIFO,ProportionalAllocation,8,5,0,0.0022,0.002,0.9090909090909091,2,0,2,0
trace-driven,trace,sample_trace,FIFO,ProportionalAllocation,8,5,1,0.0026,0.0021,0.8076923076923077,3,0,3,0
trace-driven,trace,sample_trace,FIFO,ProportionalAllocation,8,6,0,0.0023,0.0021,0.9130434782608695,2,0,2,0
trace-driven,trace,sample_trace,FIFO,ProportionalAllocation,8,6,1,0.0029,0.002,0.6896551724137931,3,0,3,0
trace-driven,trace,sample_trace,FIFO,ProportionalAllocation,8,7,0,0.0024,0.002,0.8333333333333334,2,0,2,0
trace-driven,trace,sample_trace,FIFO,ProportionalAllocation,8,7,1,0.0026,0.002,0.7692307692307693,3,0,3,0
trace-driven,trace,sample_trace,FIFO,ProportionalAllocation,8,8,0,0.0022,0.0019,0.8636363636363636,2,0,2,0
trace-driven,trace,sample_trace,FIFO,ProportionalAllocation,8,8,1,0.0027,0.002,0.7407407407407407,3,0,3,0
trace-driven,trace,sample_trace,FIFO,ProportionalAllocation,8,9,0,0.0023,0.0022,0.9565217391304348,2,0,2,0
trace-driven,trace,sample_trace,FIFO,ProportionalAllocation,8,9,1,0.0026,0.0019,0.7307692307692307,3,0,3,0
trace-driven,trace,sample_trace,LRU,GlobalAllocation,8,0,0,0.0034,0.0044,1.2941176470588236,2,,,
trace-driven,trace,sample_trace,LRU,GlobalAllocation,8,0,1,0.0034,0.0043,1.2647058823529411,3,,,
trace-driven,trace,sample_trace,LRU,GlobalAllocation,8,1,0,0.0038,0.0035,0.9210526315789473,2,,,
trace-driven,trace,sample_trace,LRU,GlobalAllocation,8,1,1,0.0034,0.0043,1.2647058823529411,3,,,
trace-driven,trace,sample_trace,LRU,GlobalAllocation,8,2,0,0.0044,0.0037,0.8409090909090909,2,,,
trace-driven,trace,sample_trace,LRU,GlobalAllocation,8,2,1,0.0049,0.0046,0.9387755102040817,3,,,
trace-driven,trace,sample_trace,LRU,GlobalAllocation,8,3,0,0.0029,0.0031,1.0689655172413792,2,,,
trace-driven,trace,sample_trace,LRU,GlobalAllocation,8,3,1,0.0032,0.0036,1.125,3,,,
trace-driven,trace,sample_trace,LRU,GlobalAllocation,8,4,0,0.0034,0.003,0.8823529411764706,2,,,
trace-driven,trace,sample_trace,LRU,GlobalAllocation,8,4,1,0.0032,0.0032,1.0,3,,,
trace-driven,trace,sample_trace,LRU,GlobalAllocation,8,5,0,0.0035,0.0032,0.9142857142857143,2,,,
trace-driven,trace,sample_trace,LRU,GlobalAllocation,8,5,1,0.0028,0.004,1.4285714285714286,3,,,
trace-driven,trace,sample_trace,LRU,GlobalAllocation,8,6,0,0.003,0.0031,1.0333333333333334,2,,,
trace-driven,trace,sample_trace,LRU,GlobalAllocation,8,6,1,0.0028,0.0034,1.2142857142857142,3,,,
trace-driven,trace,sample_trace,LRU,GlobalAllocation,8,7,0,0.0028,0.0028,1.0,2,,,
trace-driven,trace,sample_trace,LRU,GlobalAllocation,8,7,1,0.0029,0.0031,1.0689655172413792,3,,,
trace-driven,trace,sample_trace,LRU,GlobalAllocation,8,8,0,0.0025,0.0029,1.16,2,,,
trace-driven,trace,sample_trace,LRU,GlobalAllocation,8,8,1,0.0029,0.0032,1.103448275862069,3,,,
trace-driven,trace,sample_trace,LRU,GlobalAllocation,8,9,0,0.0031,0.0033,1.064516129032258,2,,,
trace-driven,trace,sample_trace,LRU,GlobalAllocation,8,9,1,0.0028,0.0037,1.3214285714285714,3,,,
trace-driven,trace,sample_trace,LRU,LocalAllocation,8,0,0,0.0026,0.0037,1.4230769230769231,2,0,2,0
trace-driven,trace,sample_trace,LRU,LocalAllocation,8,0,1,0.0026,0.0025,0.9615384615384616,3,0,3,0
trace-driven,trace,sample_trace,LRU,LocalAllocation,8,1,0,0.0025,0.0031,1.24,2,0,2,0
trace-driven,trace,sample_trace,LRU,LocalAllocation,8,1,1,0.0028,0.0028,1.0,3,0,3,0
trace-driven,trace,sample_trace,LRU,LocalAllocation,8,2,0,0.0025,0.0029,1.16,2,0,2,0
trace-driven,trace,sample_trace,LRU,LocalAllocation,8,2,1,0.0026,0.0023,0.8846153846153846,3,0,3,0
trace-driven,trace,sample_trace,LRU,LocalAllocation,8,3,0,0.0024,0.0024,1.0,2,0,2,0
trace-driven,trace,sample_trace,LRU,LocalAllocation,8,3,1,0.0026,0.0023,0.8846153846153846,3,0,3,0
trace-driven,trace,sample_trace,LRU,LocalAllocation,8,4,0,0.0024,0.0025,1.0416666666666667,2,0,2,0
trace-driven,trace,sample_trace,LRU,LocalAllocation,8,4,1,0.0027,0.0022,0.8148148148148148,3,0,3,0
trace-driven,trace,sample_trace,LRU,LocalAllocation,8,5,0,0.0025,0.0027,1.08,2,0,2,0
trace-driven,trace,sample_trace,LRU,LocalAllocation,8,5,1,0.0027,0.0021,0.7777777777777778,3,0,3,0
trace-driven,trace,sample_trace,LRU,LocalAllocation,8,6,0,0.0026,0.0024,0.9230769230769231,2,0,2,0
trace-driven,trace,sample_trace,LRU,LocalAllocation,8,6,1,0.0028,0.0023,0.8214285714285714,3,0,3,0
trace-driven,trace,sample_trace,LRU,LocalAllocation,8,7,0,0.0023,0.0025,1.0869565217391304,2,0,2,0
trace-driven,trace,sample_trace,LRU,LocalAllocation,8,7,1,0.0026,0.0021,0.8076923076923077,3,0,3,0
trace-driven,trace,sample_trace,LRU,LocalAllocation,8,8,0,0.0024,0.0022,0.9166666666666666,2,0,2,0
trace-driven,trace,sample_trace,LRU,LocalAllocation,8,8,1,0.0028,0.0022,0.7857142857142857,3,0,3,0
trace-driven,trace,sample_trace,LRU,LocalAllocation,8,9,0,0.0024,0.0024,1.0,2,0,2,0
trace-driven,trace,sample_trace,LRU,LocalAllocation,8,9,1,0.0029,0.0021,0.7241379310344828,3,0,3,0
trace-driven,trace,sample_trace,LRU,ProportionalAllocation,8,0,0,0.0025,0.003,1.2,2,0,2,0
trace-driven,trace,sample_trace,LRU,ProportionalAllocation,8,0,1,0.0027,0.0022,0.8148148148148148,3,0,3,0
trace-driven,trace,sample_trace,LRU,ProportionalAllocation,8,1,0,0.0025,0.0027,1.08,2,0,2,0
trace-driven,trace,sample_trace,LRU,ProportionalAllocation,8,1,1,0.0028,0.0022,0.7857142857142857,3,0,3,0
trace-driven,trace,sample_trace,LRU,ProportionalAllocation,8,2,0,0.0024,0.0025,1.0416666666666667,2,0,2,0
trace-driven,trace,sample_trace,LRU,ProportionalAllocation,8,2,1,0.0027,0.0025,0.9259259259259259,3,0,3,0
trace-driven,trace,sample_trace,LRU,ProportionalAllocation,8,3,0,0.0024,0.0025,1.0416666666666667,2,0,2,0
trace-driven,trace,sample_trace,LRU,ProportionalAllocation,8,3,1,0.0027,0.0023,0.8518518518518519,3,0,3,0
trace-driven,trace,sample_trace,LRU,ProportionalAllocation,8,4,0,0.0024,0.0026,1.0833333333333333,2,0,2,0
trace-driven,trace,sample_trace,LRU,ProportionalAllocation,8,4,1,0.0026,0.0021,0.8076923076923077,3,0,3,0
trace-driven,trace,sample_trace,LRU,ProportionalAllocation,8,5,0,0.0026,0.0025,0.9615384615384616,2,0,2,0
trace-driven,trace,sample_trace,LRU,ProportionalAllocation,8,5,1,0.0026,0.002,0.7692307692307693,3,0,3,0
trace-driven,trace,sample_trace,LRU,ProportionalAllocation,8,6,0,0.0025,0.0026,1.04,2,0,2,0
trace-driven,trace,sample_trace,LRU,ProportionalAllocation,8,6,1,0.0026,0.0024,0.9230769230769231,3,0,3,0
trace-driven,trace,sample_trace,LRU,ProportionalAllocation,8,7,0,0.0025,0.0029,1.16,2,0,2,0
trace-driven,trace,sample_trace,LRU,ProportionalAllocation,8,7,1,0.0026,0.0029,1.1153846153846154,3,0,3,0
trace-driven,trace,sample_trace,LRU,ProportionalAllocation,8,8,0,0.0025,0.0023,0.92,2,0,2,0
trace-driven,trace,sample_trace,LRU,ProportionalAllocation,8,8,1,0.0026,0.0022,0.8461538461538461,3,0,3,0
trace-driven,trace,sample_trace,LRU,ProportionalAllocation,8,9,0,0.0025,0.0032,1.28,2,0,2,0
trace-driven,trace,sample_trace,LRU,ProportionalAllocation,8,9,1,0.0026,0.0022,0.8461538461538461,3,0,3,0
trace-driven,trace,sample_trace,NRU,GlobalAllocation,8,0,0,0.0033,0.0041,1.2424242424242424,2,,,
trace-driven,trace,sample_trace,NRU,GlobalAllocation,8,0,1,0.0033,0.0048,1.4545454545454546,3,,,
trace-driven,trace,sample_trace,NRU,GlobalAllocation,8,1,0,0.0037,0.0036,0.972972972972973,2,,,
trace-driven,trace,sample_trace,NRU,GlobalAllocation,8,1,1,0.0034,0.0039,1.1470588235294117,3,,,
trace-driven,trace,sample_trace,NRU,GlobalAllocation,8,2,0,0.0044,0.0032,0.7272727272727273,2,,,
trace-driven,trace,sample_trace,NRU,GlobalAllocation,8,2,1,0.0029,0.0037,1.2758620689655173,3,,,
trace-driven,trace,sample_trace,NRU,GlobalAllocation,8,3,0,0.0029,0.003,1.0344827586206897,2,,,
trace-driven,trace,sample_trace,NRU,GlobalAllocation,8,3,1,0.003,0.0032,1.0666666666666667,3,,,
trace-driven,trace,sample_trace,NRU,GlobalAllocation,8,4,0,0.0025,0.003,1.2,2,,,
trace-driven,trace,sample_trace,NRU,GlobalAllocation,8,4,1,0.0028,0.0033,1.1785714285714286,3,,,
trace-driven,trace,sample_trace,NRU,GlobalAllocation,8,5,0,0.0025,0.0029,1.16,2,,,
trace-driven,trace,sample_trace,NRU,GlobalAllocation,8,5,1,0.0027,0.0032,1.1851851851851851,3,,,
trace-driven,trace,sample_trace,NRU,GlobalAllocation,8,6,0,0.0025,0.0029,1.16,2,,,
trace-driven,trace,sample_trace,NRU,GlobalAllocation,8,6,1,0.0028,0.0031,1.1071428571428572,3,,,
trace-driven,trace,sample_trace,NRU,GlobalAllocation,8,7,0,0.0026,0.0029,1.1153846153846154,2,,,
trace-driven,trace,sample_trace,NRU,GlobalAllocation,8,7,1,0.0028,0.0034,1.2142857142857142,3,,,
trace-driven,trace,sample_trace,NRU,GlobalAllocation,8,8,0,0.0025,0.0026,1.04,2,,,
trace-driven,trace,sample_trace,NRU,GlobalAllocation,8,8,1,0.0029,0.0031,1.0689655172413792,3,,,
trace-driven,trace,sample_trace,NRU,GlobalAllocation,8,9,0,0.0025,0.0028,1.12,2,,,
trace-driven,trace,sample_trace,NRU,GlobalAllocation,8,9,1,0.0026,0.0032,1.2307692307692308,3,,,
trace-driven,trace,sample_trace,NRU,LocalAllocation,8,0,0,0.0026,0.003,1.1538461538461537,2,0,2,0
trace-driven,trace,sample_trace,NRU,LocalAllocation,8,0,1,0.0027,0.0024,0.8888888888888888,3,0,3,0
trace-driven,trace,sample_trace,NRU,LocalAllocation,8,1,0,0.0025,0.0027,1.08,2,0,2,0
trace-driven,trace,sample_trace,NRU,LocalAllocation,8,1,1,0.0027,0.0025,0.9259259259259259,3,0,3,0
trace-driven,trace,sample_trace,NRU,LocalAllocation,8,2,0,0.0024,0.0029,1.2083333333333333,2,0,2,0
trace-driven,trace,sample_trace,NRU,LocalAllocation,8,2,1,0.0026,0.0023,0.8846153846153846,3,0,3,0
trace-driven,trace,sample_trace,NRU,LocalAllocation,8,3,0,0.0025,0.0023,0.92,2,0,2,0
trace-driven,trace,sample_trace,NRU,LocalAllocation,8,3,1,0.0026,0.0022,0.8461538461538461,3,0,3,0
trace-driven,trace,sample_trace,NRU,LocalAllocation,8,4,0,0.0023,0.0023,1.0,2,0,2,0
trace-driven,trace,sample_trace,NRU,LocalAllocation,8,4,1,0.0025,0.0022,0.88,3,0,3,0
trace-driven,trace,sample_trace,NRU,LocalAllocation,8,5,0,0.0024,0.0021,0.875,2,0,2,0
trace-driven,trace,sample_trace,NRU,LocalAllocation,8,5,1,0.0026,0.0021,0.8076923076923077,3,0,3,0
trace-driven,trace,sample_trace,NRU,LocalAllocation,8,6,0,0.0022,0.0025,1.1363636363636365,2,0,2,0
trace-driven,trace,sample_trace,NRU,LocalAllocation,8,6,1,0.0026,0.002,0.7692307692307693,3,0,3,0
trace-driven,trace,sample_trace,NRU,LocalAllocation,8,7,0,0.0023,0.002,0.8695652173913043,2,0,2,0
trace-driven,trace,sample_trace,NRU,LocalAllocation,8,7,1,0.0026,0.0021,0.8076923076923077,3,0,3,0
trace-driven,trace,sample_trace,NRU,LocalAllocation,8,8,0,0.0022,0.0024,1.0909090909090908,2,0,2,0
trace-driven,trace,sample_trace,NRU,LocalAllocation,8,8,1,0.0025,0.0021,0.84,3,0,3,0
trace-driven,trace,sample_trace,NRU,LocalAllocation,8,9,0,0.0022,0.0028,1.2727272727272727,2,0,2,0
trace-driven,trace,sample_trace,NRU,LocalAllocation,8,9,1,0.0026,0.0022,0.8461538461538461,3,0,3,0
trace-driven,trace,sample_trace,NRU,ProportionalAllocation,8,0,0,0.0025,0.003,1.2,2,0,2,0
trace-driven,trace,sample_trace,NRU,ProportionalAllocation,8,0,1,0.0026,0.0023,0.8846153846153846,3,0,3,0
trace-driven,trace,sample_trace,NRU,ProportionalAllocation,8,1,0,0.0025,0.0026,1.04,2,0,2,0
trace-driven,trace,sample_trace,NRU,ProportionalAllocation,8,1,1,0.0027,0.0022,0.8148148148148148,3,0,3,0
trace-driven,trace,sample_trace,NRU,ProportionalAllocation,8,2,0,0.0023,0.0024,1.0434782608695652,2,0,2,0
trace-driven,trace,sample_trace,NRU,ProportionalAllocation,8,2,1,0.0028,0.0022,0.7857142857142857,3,0,3,0
trace-driven,trace,sample_trace,NRU,ProportionalAllocation,8,3,0,0.0022,0.0024,1.0909090909090908,2,0,2,0
trace-driven,trace,sample_trace,NRU,ProportionalAllocation,8,3,1,0.0027,0.0021,0.7777777777777778,3,0,3,0
trace-driven,trace,sample_trace,NRU,ProportionalAllocation,8,4,0,0.0023,0.0025,1.0869565217391304,2,0,2,0
trace-driven,trace,sample_trace,NRU,ProportionalAllocation,8,4,1,0.0025,0.0023,0.92,3,0,3,0
trace-driven,trace,sample_trace,NRU,ProportionalAllocation,8,5,0,0.0023,0.0023,1.0,2,0,2,0
trace-driven,trace,sample_trace,NRU,ProportionalAllocation,8,5,1,0.0026,0.0021,0.8076923076923077,3,0,3,0
trace-driven,trace,sample_trace,NRU,ProportionalAllocation,8,6,0,0.0023,0.0037,1.608695652173913,2,0,2,0
trace-driven,trace,sample_trace,NRU,ProportionalAllocation,8,6,1,0.0026,0.0021,0.8076923076923077,3,0,3,0
trace-driven,trace,sample_trace,NRU,ProportionalAllocation,8,7,0,0.0024,0.0024,1.0,2,0,2,0
trace-driven,trace,sample_trace,NRU,ProportionalAllocation,8,7,1,0.0026,0.002,0.7692307692307693,3,0,3,0
trace-driven,trace,sample_trace,NRU,ProportionalAllocation,8,8,0,0.0023,0.0022,0.9565217391304348,2,0,2,0
trace-driven,trace,sample_trace,NRU,ProportionalAllocation,8,8,1,0.0024,0.002,0.8333333333333334,3,0,3,0
trace-driven,trace,sample_trace,NRU,ProportionalAllocation,8,9,0,0.0023,0.0023,1.0,2,0,2,0
trace-driven,trace,sample_trace,NRU,ProportionalAllocation,8,9,1,0.0025,0.0021,0.84,3,0,3,0
trace-driven,trace,sample_trace,SecondChance,GlobalAllocation,8,0,0,0.0031,0.0038,1.2258064516129032,2,,,
trace-driven,trace,sample_trace,SecondChance,GlobalAllocation,8,0,1,0.0049,0.0043,0.8775510204081632,3,,,
trace-driven,trace,sample_trace,SecondChance,GlobalAllocation,8,1,0,0.0033,0.0035,1.0606060606060606,2,,,
trace-driven,trace,sample_trace,SecondChance,GlobalAllocation,8,1,1,0.0037,0.0041,1.1081081081081081,3,,,
trace-driven,trace,sample_trace,SecondChance,GlobalAllocation,8,2,0,0.0045,0.0035,0.7777777777777778,2,,,
trace-driven,trace,sample_trace,SecondChance,GlobalAllocation,8,2,1,0.0028,0.004,1.4285714285714286,3,,,
trace-driven,trace,sample_trace,SecondChance,GlobalAllocation,8,3,0,0.0029,0.003,1.0344827586206897,2,,,
trace-driven,trace,sample_trace,SecondChance,GlobalAllocation,8,3,1,0.0029,0.0031,1.0689655172413792,3,,,
trace-driven,trace,sample_trace,SecondChance,GlobalAllocation,8,4,0,0.0026,0.003,1.1538461538461537,2,,,
trace-driven,trace,sample_trace,SecondChance,GlobalAllocation,8,4,1,0.0029,0.0032,1.103448275862069,3,,,
trace-driven,trace,sample_trace,SecondChance,GlobalAllocation,8,5,0,0.0026,0.0028,1.0769230769230769,2,,,
trace-driven,trace,sample_trace,SecondChance,GlobalAllocation,8,5,1,0.0028,0.0035,1.25,3,,,
trace-driven,trace,sample_trace,SecondChance,GlobalAllocation,8,6,0,0.0026,0.0029,1.1153846153846154,2,,,
trace-driven,trace,sample_trace,SecondChance,GlobalAllocation,8,6,1,0.0028,0.0032,1.1428571428571428,3,,,
trace-driven,trace,sample_trace,SecondChance,GlobalAllocation,8,7,0,0.0027,0.0031,1.1481481481481481,2,,,
trace-driven,trace,sample_trace,SecondChance,GlobalAllocation,8,7,1,0.0028,0.0034,1.2142857142857142,3,,,
trace-driven,trace,sample_trace,SecondChance,GlobalAllocation,8,8,0,0.0026,0.0028,1.0769230769230769,2,,,
trace-driven,trace,sample_trace,SecondChance,GlobalAllocation,8,8,1,0.0029,0.0033,1.1379310344827587,3,,,
trace-driven,trace,sample_trace,SecondChance,GlobalAllocation,8,9,0,0.0025,0.0027,1.08,2,,,
trace-driven,trace,sample_trace,SecondChance,GlobalAllocation,8,9,1,0.0028,0.0032,1.1428571428571428,3,,,
trace-driven,trace,sample_trace,SecondChance,LocalAllocation,8,0,0,0.0026,0.0031,1.1923076923076923,2,0,2,0
trace-driven,trace,sample_trace,SecondChance,LocalAllocation,8,0,1,0.0027,0.0023,0.8518518518518519,3,0,3,0
trace-driven,trace,sample_trace,SecondChance,LocalAllocation,8,1,0,0.0024,0.0029,1.2083333333333333,2,0,2,0
trace-driven,trace,sample_trace,SecondChance,LocalAllocation,8,1,1,0.0026,0.0025,0.9615384615384616,3,0,3,0
trace-driven,trace,sample_trace,SecondChance,LocalAllocation,8,2,0,0.0024,0.0028,1.1666666666666667,2,0,2,0
trace-driven,trace,sample_trace,SecondChance,LocalAllocation,8,2,1,0.0026,0.0023,0.8846153846153846,3,0,3,0
trace-driven,trace,sample_trace,SecondChance,LocalAllocation,8,3,0,0.0024,0.0027,1.125,2,0,2,0
trace-driven,trace,sample_trace,SecondChance,LocalAllocation,8,3,1,0.0026,0.0021,0.8076923076923077,3,0,3,0
trace-driven,trace,sample_trace,SecondChance,LocalAllocation,8,4,0,0.0022,0.0024,1.0909090909090908,2,0,2,0
trace-driven,trace,sample_trace,SecondChance,LocalAllocation,8,4,1,0.0026,0.0023,0.8846153846153846,3,0,3,0
trace-driven,trace,sample_trace,SecondChance,LocalAllocation,8,5,0,0.0024,0.0024,1.0,2,0,2,0
trace-driven,trace,sample_trace,SecondChance,LocalAllocation,8,5,1,0.0024,0.0023,0.9583333333333334,3,0,3,0
trace-driven,trace,sample_trace,SecondChance,LocalAllocation,8,6,0,0.0024,0.0025,1.0416666666666667,2,0,2,0
trace-driven,trace,sample_trace,SecondChance,LocalAllocation,8,6,1,0.0026,0.0022,0.8461538461538461,3,0,3,0
trace-driven,trace,sample_trace,SecondChance,LocalAllocation,8,7,0,0.0022,0.0022,1.0,2,0,2,0
trace-driven,trace,sample_trace,SecondChance,LocalAllocation,8,7,1,0.0027,0.0021,0.7777777777777778,3,0,3,0
trace-driven,trace,sample_trace,SecondChance,LocalAllocation,8,8,0,0.0022,0.0023,1.0454545454545454,2,0,2,0
trace-driven,trace,sample_trace,SecondChance,LocalAllocation,8,8,1,0.0026,0.0021,0.8076923076923077,3,0,3,0
trace-driven,trace,sample_trace,SecondChance,LocalAllocation,8,9,0,0.0024,0.0024,1.0,2,0,2,0
trace-driven,trace,sample_trace,SecondChance,LocalAllocation,8,9,1,0.0026,0.002,0.7692307692307693,3,0,3,0
trace-driven,trace,sample_trace,SecondChance,ProportionalAllocation,8,0,0,0.0042,0.0046,1.0952380952380953,2,0,2,0
trace-driven,trace,sample_trace,SecondChance,ProportionalAllocation,8,0,1,0.0046,0.0043,0.9347826086956522,3,0,3,0
trace-driven,trace,sample_trace,SecondChance,ProportionalAllocation,8,1,0,0.0038,0.0048,1.263157894736842,2,0,2,0
trace-driven,trace,sample_trace,SecondChance,ProportionalAllocation,8,1,1,0.0043,0.0044,1.0232558139534884,3,0,3,0
trace-driven,trace,sample_trace,SecondChance,ProportionalAllocation,8,2,0,0.0039,0.0046,1.1794871794871795,2,0,2,0
trace-driven,trace,sample_trace,SecondChance,ProportionalAllocation,8,2,1,0.0048,0.0045,0.9375,3,0,3,0
trace-driven,trace,sample_trace,SecondChance,ProportionalAllocation,8,3,0,0.0034,0.0041,1.2058823529411764,2,0,2,0
trace-driven,trace,sample_trace,SecondChance,ProportionalAllocation,8,3,1,0.0038,0.0042,1.105263157894737,3,0,3,0
trace-driven,trace,sample_trace,SecondChance,ProportionalAllocation,8,4,0,0.004,0.004,1.0,2,0,2,0
trace-driven,trace,sample_trace,SecondChance,ProportionalAllocation,8,4,1,0.0043,0.0035,0.813953488372093,3,0,3,0
trace-driven,trace,sample_trace,SecondChance,ProportionalAllocation,8,5,0,0.004,0.0036,0.9,2,0,2,0
trace-driven,trace,sample_trace,SecondChance,ProportionalAllocation,8,5,1,0.0046,0.0035,0.7608695652173914,3,0,3,0
trace-driven,trace,sample_trace,SecondChance,ProportionalAllocation,8,6,0,0.0039,0.0038,0.9743589743589743,2,0,2,0
trace-driven,trace,sample_trace,SecondChance,ProportionalAllocation,8,6,1,0.0042,0.004,0.9523809523809523,3,0,3,0
trace-driven,trace,sample_trace,SecondChance,ProportionalAllocation,8,7,0,0.0037,0.0034,0.918918918918919,2,0,2,0
trace-driven,trace,sample_trace,SecondChance,ProportionalAllocation,8,7,1,0.0041,0.003,0.7317073170731707,3,0,3,0
trace-driven,trace,sample_trace,SecondChance,ProportionalAllocation,8,8,0,0.0023,0.0035,1.5217391304347827,2,0,2,0
trace-driven,trace,sample_trace,SecondChance,ProportionalAllocation,8,8,1,0.0026,0.0035,1.3461538461538463,3,0,3,0
trace-driven,trace,sample_trace,SecondChance,ProportionalAllocation,8,9,0,0.0023,0.0023,1.0,2,0,2,0
trace-driven,trace,sample_trace,SecondChance,ProportionalAllocation,8,9,1,0.0025,0.0022,0.88,3,0,3,0
trace-driven,trace,sample_trace,WSClock,GlobalAllocation,8,0,0,0.0034,0.0044,1.2941176470588236,2,,,
trace-driven,trace,sample_trace,WSClock,GlobalAllocation,8,0,1,0.0034,0.0044,1.2941176470588236,3,,,
trace-driven,trace,sample_trace,WSClock,GlobalAllocation,8,1,0,0.0035,0.0037,1.0571428571428572,2,,,
trace-driven,trace,sample_trace,WSClock,GlobalAllocation,8,1,1,0.0033,0.004,1.2121212121212122,3,,,
trace-driven,trace,sample_trace,WSClock,GlobalAllocation,8,2,0,0.0045,0.0036,0.8,2,,,
trace-driven,trace,sample_trace,WSClock,GlobalAllocation,8,2,1,0.0029,0.0041,1.4137931034482758,3,,,
trace-driven,trace,sample_trace,WSClock,GlobalAllocation,8,3,0,0.0029,0.0036,1.2413793103448276,2,,,
trace-driven,trace,sample_trace,WSClock,GlobalAllocation,8,3,1,0.0028,0.0039,1.3928571428571428,3,,,
trace-driven,trace,sample_trace,WSClock,GlobalAllocation,8,4,0,0.0026,0.0028,1.0769230769230769,2,,,
trace-driven,trace,sample_trace,WSClock,GlobalAllocation,8,4,1,0.0028,0.0033,1.1785714285714286,3,,,
trace-driven,trace,sample_trace,WSClock,GlobalAllocation,8,5,0,0.0026,0.0028,1.0769230769230769,2,,,
trace-driven,trace,sample_trace,WSClock,GlobalAllocation,8,5,1,0.0028,0.0031,1.1071428571428572,3,,,
trace-driven,trace,sample_trace,WSClock,GlobalAllocation,8,6,0,0.0024,0.003,1.25,2,,,
trace-driven,trace,sample_trace,WSClock,GlobalAllocation,8,6,1,0.0028,0.0032,1.1428571428571428,3,,,
trace-driven,trace,sample_trace,WSClock,GlobalAllocation,8,7,0,0.0026,0.0029,1.1153846153846154,2,,,
trace-driven,trace,sample_trace,WSClock,GlobalAllocation,8,7,1,0.0028,0.0033,1.1785714285714286,3,,,
trace-driven,trace,sample_trace,WSClock,GlobalAllocation,8,8,0,0.0027,0.0028,1.037037037037037,2,,,
trace-driven,trace,sample_trace,WSClock,GlobalAllocation,8,8,1,0.0029,0.004,1.3793103448275863,3,,,
trace-driven,trace,sample_trace,WSClock,GlobalAllocation,8,9,0,0.0025,0.0027,1.08,2,,,
trace-driven,trace,sample_trace,WSClock,GlobalAllocation,8,9,1,0.0026,0.0033,1.2692307692307692,3,,,
trace-driven,trace,sample_trace,WSClock,LocalAllocation,8,0,0,0.0024,0.0031,1.2916666666666667,2,0,2,0
trace-driven,trace,sample_trace,WSClock,LocalAllocation,8,0,1,0.0027,0.0025,0.9259259259259259,3,0,3,0
trace-driven,trace,sample_trace,WSClock,LocalAllocation,8,1,0,0.0025,0.0032,1.28,2,0,2,0
trace-driven,trace,sample_trace,WSClock,LocalAllocation,8,1,1,0.0026,0.0025,0.9615384615384616,3,0,3,0
trace-driven,trace,sample_trace,WSClock,LocalAllocation,8,2,0,0.0024,0.0025,1.0416666666666667,2,0,2,0
trace-driven,trace,sample_trace,WSClock,LocalAllocation,8,2,1,0.0026,0.0025,0.9615384615384616,3,0,3,0
trace-driven,trace,sample_trace,WSClock,LocalAllocation,8,3,0,0.0024,0.0023,0.9583333333333334,2,0,2,0
trace-driven,trace,sample_trace,WSClock,LocalAllocation,8,3,1,0.0025,0.0021,0.84,3,0,3,0
trace-driven,trace,sample_trace,WSClock,LocalAllocation,8,4,0,0.0024,0.0024,1.0,2,0,2,0
trace-driven,trace,sample_trace,WSClock,LocalAllocation,8,4,1,0.0026,0.0023,0.8846153846153846,3,0,3,0
trace-driven,trace,sample_trace,WSClock,LocalAllocation,8,5,0,0.0024,0.0023,0.9583333333333334,2,0,2,0
trace-driven,trace,sample_trace,WSClock,LocalAllocation,8,5,1,0.0025,0.0021,0.84,3,0,3,0
trace-driven,trace,sample_trace,WSClock,LocalAllocation,8,6,0,0.0024,0.0025,1.0416666666666667,2,0,2,0
trace-driven,trace,sample_trace,WSClock,LocalAllocation,8,6,1,0.0026,0.0023,0.8846153846153846,3,0,3,0
trace-driven,trace,sample_trace,WSClock,LocalAllocation,8,7,0,0.0022,0.0022,1.0,2,0,2,0
trace-driven,trace,sample_trace,WSClock,LocalAllocation,8,7,1,0.0027,0.0021,0.7777777777777778,3,0,3,0
trace-driven,trace,sample_trace,WSClock,LocalAllocation,8,8,0,0.0024,0.0022,0.9166666666666666,2,0,2,0
trace-driven,trace,sample_trace,WSClock,LocalAllocation,8,8,1,0.0031,0.0019,0.6129032258064516,3,0,3,0
trace-driven,trace,sample_trace,WSClock,LocalAllocation,8,9,0,0.0023,0.0021,0.9130434782608695,2,0,2,0
trace-driven,trace,sample_trace,WSClock,LocalAllocation,8,9,1,0.0027,0.0021,0.7777777777777778,3,0,3,0
trace-driven,trace,sample_trace,WSClock,ProportionalAllocation,8,0,0,0.003,0.004,1.3333333333333333,2,0,2,0
trace-driven,trace,sample_trace,WSClock,ProportionalAllocation,8,0,1,0.0057,0.0025,0.43859649122807015,3,0,3,0
trace-driven,trace,sample_trace,WSClock,ProportionalAllocation,8,1,0,0.0025,0.0025,1.0,2,0,2,0
trace-driven,trace,sample_trace,WSClock,ProportionalAllocation,8,1,1,0.0026,0.0023,0.8846153846153846,3,0,3,0
trace-driven,trace,sample_trace,WSClock,ProportionalAllocation,8,2,0,0.0024,0.0028,1.1666666666666667,2,0,2,0
trace-driven,trace,sample_trace,WSClock,ProportionalAllocation,8,2,1,0.0026,0.0029,1.1153846153846154,3,0,3,0
trace-driven,trace,sample_trace,WSClock,ProportionalAllocation,8,3,0,0.0024,0.0025,1.0416666666666667,2,0,2,0
trace-driven,trace,sample_trace,WSClock,ProportionalAllocation,8,3,1,0.0025,0.0022,0.88,3,0,3,0
trace-driven,trace,sample_trace,WSClock,ProportionalAllocation,8,4,0,0.0022,0.0023,1.0454545454545454,2,0,2,0
trace-driven,trace,sample_trace,WSClock,ProportionalAllocation,8,4,1,0.0025,0.0021,0.84,3,0,3,0
trace-driven,trace,sample_trace,WSClock,ProportionalAllocation,8,5,0,0.0023,0.0021,0.9130434782608695,2,0,2,0
trace-driven,trace,sample_trace,WSClock,ProportionalAllocation,8,5,1,0.0026,0.002,0.7692307692307693,3,0,3,0
trace-driven,trace,sample_trace,WSClock,ProportionalAllocation,8,6,0,0.0025,0.0025,1.0,2,0,2,0
trace-driven,trace,sample_trace,WSClock,ProportionalAllocation,8,6,1,0.0026,0.0021,0.8076923076923077,3,0,3,0
trace-driven,trace,sample_trace,WSClock,ProportionalAllocation,8,7,0,0.0024,0.0027,1.125,2,0,2,0
trace-driven,trace,sample_trace,WSClock,ProportionalAllocation,8,7,1,0.0026,0.0022,0.8461538461538461,3,0,3,0
trace-driven,trace,sample_trace,WSClock,ProportionalAllocation,8,8,0,0.0023,0.0021,0.9130434782608695,2,0,2,0
trace-driven,trace,sample_trace,WSClock,ProportionalAllocation,8,8,1,0.0026,0.0019,0.7307692307692307,3,0,3,0
trace-driven,trace,sample_trace,WSClock,ProportionalAllocation,8,9,0,0.0024,0.0022,0.9166666666666666,2,0,2,0
trace-driven,trace,sample_trace,WSClock,ProportionalAllocation,8,9,1,0.0025,0.0021,0.84,3,0,3,0
