workload_label,workload_kind,trace_name,algorithm,allocation_policy,memory_frames,repetition_id,process_id,t_isolated_ms,t_shared_ms,slowdown,page_faults,replacements,disk_reads,disk_writes
thrashing,synthetic,,FIFO,GlobalAllocation,163,0,0,0.1871,1.5498,8.283270978086584,1449,,,
thrashing,synthetic,,FIFO,GlobalAllocation,163,0,1,0.1927,1.7886,9.281785158277115,1500,,,
thrashing,synthetic,,FIFO,GlobalAllocation,163,1,0,0.1875,1.0428,5.5616,883,,,
thrashing,synthetic,,FIFO,GlobalAllocation,163,1,1,0.1939,1.199,6.183599793708097,960,,,
thrashing,synthetic,,FIFO,GlobalAllocation,163,2,0,0.1832,1.4868,8.115720524017467,1499,,,
thrashing,synthetic,,FIFO,GlobalAllocation,163,2,1,0.1893,1.5851,8.373481246698363,1500,,,
thrashing,synthetic,,FIFO,GlobalAllocation,163,3,0,0.1861,1.0082,5.417517463729178,828,,,
thrashing,synthetic,,FIFO,GlobalAllocation,163,3,1,0.1905,1.1204,5.881364829396325,845,,,
thrashing,synthetic,,FIFO,GlobalAllocation,163,4,0,0.1861,0.9963,5.353573347662547,825,,,
thrashing,synthetic,,FIFO,GlobalAllocation,163,4,1,0.1881,1.1418,6.0701754385964914,896,,,
thrashing,synthetic,,FIFO,GlobalAllocation,163,5,0,0.188,1.6234,8.635106382978723,1475,,,
thrashing,synthetic,,FIFO,GlobalAllocation,163,5,1,0.1865,1.7417,9.33887399463807,1500,,,
thrashing,synthetic,,FIFO,GlobalAllocation,163,6,0,0.2599,1.272,4.89419007310504,1212,,,
thrashing,synthetic,,FIFO,GlobalAllocation,163,6,1,0.1888,1.3876,7.34957627118644,1282,,,
thrashing,synthetic,,FIFO,GlobalAllocation,163,7,0,0.1826,1.464,8.017524644030669,1500,,,
thrashing,synthetic,,FIFO,GlobalAllocation,163,7,1,0.1894,1.5591,8.231784582893347,1500,,,
thrashing,synthetic,,FIFO,GlobalAllocation,163,8,0,0.1891,1.192,6.3035430988894765,1080,,,
thrashing,synthetic,,FIFO,GlobalAllocation,163,8,1,0.1865,1.3472,7.223592493297587,1176,,,
thrashing,synthetic,,FIFO,GlobalAllocation,163,9,0,0.1896,1.0341,5.454113924050633,828,,,
thrashing,synthetic,,FIFO,GlobalAllocation,163,9,1,0.1917,1.1689,6.0975482524778295,921,,,
thrashing,synthetic,,FIFO,LocalAllocation,163,0,0,0.1854,1.1275,6.081445523193096,1500,1418,1500,401
thrashing,synthetic,,FIFO,LocalAllocation,163,0,1,0.1921,1.126,5.86153045288912,1500,1419,1500,451
thrashing,synthetic,,FIFO,LocalAllocation,163,1,0,0.1853,1.1262,6.077711818672423,1500,1418,1500,439
thrashing,synthetic,,FIFO,LocalAllocation,163,1,1,0.1913,1.1302,5.907997909043387,1500,1419,1500,432
thrashing,synthetic,,FIFO,LocalAllocation,163,2,0,0.1836,1.1289,6.148692810457517,1500,1418,1500,405
thrashing,synthetic,,FIFO,LocalAllocation,163,2,1,0.1864,1.1288,6.055793991416309,1500,1419,1500,415
thrashing,synthetic,,FIFO,LocalAllocation,163,3,0,0.1858,1.1303,6.083423035522067,1500,1418,1500,429
thrashing,synthetic,,FIFO,LocalAllocation,163,3,1,0.1908,1.1313,5.929245283018868,1500,1419,1500,418
thrashing,synthetic,,FIFO,LocalAllocation,163,4,0,0.1867,1.1304,6.054633101231923,1500,1418,1500,423
thrashing,synthetic,,FIFO,LocalAllocation,163,4,1,0.1893,1.1464,6.055995773903856,1500,1419,1500,450
thrashing,synthetic,,FIFO,LocalAllocation,163,5,0,0.2038,1.1178,5.4847890088321885,1500,1418,1500,412
thrashing,synthetic,,FIFO,LocalAllocation,163,5,1,0.1867,1.1226,6.012854847348688,1500,1419,1500,401
thrashing,synthetic,,FIFO,LocalAllocation,163,6,0,0.1851,1.1351,6.132360886007564,1500,1418,1500,427
thrashing,synthetic,,FIFO,LocalAllocation,163,6,1,0.1873,1.136,6.06513614522157,1500,1419,1500,426
thrashing,synthetic,,FIFO,LocalAllocation,163,7,0,0.192,1.1257,5.863020833333334,1500,1418,1500,411
thrashing,synthetic,,FIFO,LocalAllocation,163,7,1,0.1887,1.1342,6.0105988341282455,1500,1419,1500,440
thrashing,synthetic,,FIFO,LocalAllocation,163,8,0,0.2821,1.1517,4.082594824530308,1500,1418,1500,426
thrashing,synthetic,,FIFO,LocalAllocation,163,8,1,0.1864,1.1796,6.328326180257511,1500,1419,1500,418
thrashing,synthetic,,FIFO,LocalAllocation,163,9,0,0.1855,1.1166,6.019407008086254,1500,1418,1500,431
thrashing,synthetic,,FIFO,LocalAllocation,163,9,1,0.1889,1.1216,5.937533086289042,1500,1419,1500,455
thrashing,synthetic,,FIFO,ProportionalAllocation,163,0,0,0.1848,1.113,6.0227272727272725,1500,1424,1500,403
thrashing,synthetic,,FIFO,ProportionalAllocation,163,0,1,0.1914,1.0955,5.723615464994776,1500,1413,1500,451
thrashing,synthetic,,FIFO,ProportionalAllocation,163,1,0,0.1846,1.1211,6.073131094257855,1500,1424,1500,440
thrashing,synthetic,,FIFO,ProportionalAllocation,163,1,1,0.1881,1.1032,5.864965443912812,1500,1413,1500,431
thrashing,synthetic,,FIFO,ProportionalAllocation,163,2,0,0.1829,1.1078,6.05686167304538,1500,1424,1500,406
thrashing,synthetic,,FIFO,ProportionalAllocation,163,2,1,0.1881,1.0885,5.786815523657629,1500,1413,1500,412
thrashing,synthetic,,FIFO,ProportionalAllocation,163,3,0,0.1865,1.1286,6.051474530831099,1500,1424,1500,431
thrashing,synthetic,,FIFO,ProportionalAllocation,163,3,1,0.1859,1.1114,5.978483055406132,1500,1413,1500,418
thrashing,synthetic,,FIFO,ProportionalAllocation,163,4,0,0.185,1.1209,6.058918918918919,1500,1424,1500,425
thrashing,synthetic,,FIFO,ProportionalAllocation,163,4,1,0.1901,1.1017,5.795370857443451,1500,1413,1500,448
thrashing,synthetic,,FIFO,ProportionalAllocation,163,5,0,0.186,1.1404,6.131182795698924,1500,1424,1500,414
thrashing,synthetic,,FIFO,ProportionalAllocation,163,5,1,0.1881,1.1232,5.971291866028708,1500,1413,1500,401
thrashing,synthetic,,FIFO,ProportionalAllocation,163,6,0,0.1841,1.1435,6.211298207495926,1500,1424,1500,428
thrashing,synthetic,,FIFO,ProportionalAllocation,163,6,1,0.1867,1.1097,5.943760042849491,1500,1413,1500,424
thrashing,synthetic,,FIFO,ProportionalAllocation,163,7,0,0.1869,1.1075,5.9256286784376675,1500,1424,1500,416
thrashing,synthetic,,FIFO,ProportionalAllocation,163,7,1,0.1941,1.089,5.6105100463678514,1500,1413,1500,437
thrashing,synthetic,,FIFO,ProportionalAllocation,163,8,0,0.1939,1.1237,5.795255286230016,1500,1424,1500,427
thrashing,synthetic,,FIFO,ProportionalAllocation,163,8,1,0.1961,1.1098,5.659357470678225,1500,1413,1500,416
thrashing,synthetic,,FIFO,ProportionalAllocation,163,9,0,0.1962,1.2608,6.426095820591233,1500,1424,1500,433
thrashing,synthetic,,FIFO,ProportionalAllocation,163,9,1,0.1876,1.2443,6.63272921108742,1500,1413,1500,452
thrashing,synthetic,,LRU,GlobalAllocation,163,0,0,0.308,1.7382,5.643506493506494,1449,,,
thrashing,synthetic,,LRU,GlobalAllocation,163,0,1,0.3175,1.9136,6.027086614173228,1500,,,
thrashing,synthetic,,LRU,GlobalAllocation,163,1,0,0.3067,1.7941,5.849690251059667,1435,,,
thrashing,synthetic,,LRU,GlobalAllocation,163,1,1,0.307,1.8871,6.146905537459284,1489,,,
thrashing,synthetic,,LRU,GlobalAllocation,163,2,0,0.3034,1.8159,5.985168094924193,1499,,,
thrashing,synthetic,,LRU,GlobalAllocation,163,2,1,0.3072,1.928,6.276041666666667,1500,,,
thrashing,synthetic,,LRU,GlobalAllocation,163,3,0,0.3046,1.9459,6.388378200919238,1455,,,
thrashing,synthetic,,LRU,GlobalAllocation,163,3,1,0.3051,2.1614,7.084234677155031,1500,,,
thrashing,synthetic,,LRU,GlobalAllocation,163,4,0,0.3088,1.7503,5.668069948186528,1415,,,
thrashing,synthetic,,LRU,GlobalAllocation,163,4,1,0.3108,1.856,5.971685971685972,1434,,,
thrashing,synthetic,,LRU,GlobalAllocation,163,5,0,0.3078,1.9398,6.30214424951267,1475,,,
thrashing,synthetic,,LRU,GlobalAllocation,163,5,1,0.3075,2.0808,6.766829268292683,1500,,,
thrashing,synthetic,,LRU,GlobalAllocation,163,6,0,0.3035,1.7967,5.9199341021416805,1478,,,
thrashing,synthetic,,LRU,GlobalAllocation,163,6,1,0.305,1.9099,6.261967213114754,1500,,,
thrashing,synthetic,,LRU,GlobalAllocation,163,7,0,0.3068,2.0386,6.644719687092569,1500,,,
thrashing,synthetic,,LRU,GlobalAllocation,163,7,1,0.3076,2.0991,6.824122236671001,1500,,,
thrashing,synthetic,,LRU,GlobalAllocation,163,8,0,0.3157,1.8118,5.738992714602471,1491,,,
thrashing,synthetic,,LRU,GlobalAllocation,163,8,1,0.3112,1.923,6.179305912596401,1500,,,
thrashing,synthetic,,LRU,GlobalAllocation,163,9,0,0.3101,1.7537,5.655272492744276,1368,,,
thrashing,synthetic,,LRU,GlobalAllocation,163,9,1,0.3111,1.9232,6.181935069109611,1461,,,
thrashing,synthetic,,LRU,LocalAllocation,163,0,0,0.306,1.3688,4.473202614379085,1500,1418,1500,401
thrashing,synthetic,,LRU,LocalAllocation,163,0,1,0.3047,1.3798,4.5283885789300955,1500,1419,1500,451
thrashing,synthetic,,LRU,LocalAllocation,163,1,0,0.302,1.3863,4.590397350993378,1500,1418,1500,439
thrashing,synthetic,,LRU,LocalAllocation,163,1,1,0.3167,1.3816,4.362488159141143,1500,1419,1500,432
thrashing,synthetic,,LRU,LocalAllocation,163,2,0,0.3123,1.3833,4.4293948126801155,1500,1418,1500,405
thrashing,synthetic,,LRU,LocalAllocation,163,2,1,0.3053,1.4125,4.626596790042581,1500,1419,1500,415
thrashing,synthetic,,LRU,LocalAllocation,163,3,0,0.3039,1.4634,4.815399802566634,1500,1418,1500,429
thrashing,synthetic,,LRU,LocalAllocation,163,3,1,0.3064,1.3683,4.4657310704960835,1500,1419,1500,418
thrashing,synthetic,,LRU,LocalAllocation,163,4,0,0.3139,1.3816,4.401401720293087,1500,1418,1500,423
thrashing,synthetic,,LRU,LocalAllocation,163,4,1,0.3092,1.3999,4.527490297542044,1500,1419,1500,450
thrashing,synthetic,,LRU,LocalAllocation,163,5,0,0.3104,1.3801,4.446198453608248,1500,1418,1500,412
thrashing,synthetic,,LRU,LocalAllocation,163,5,1,0.3045,1.3784,4.526765188834155,1500,1419,1500,401
thrashing,synthetic,,LRU,LocalAllocation,163,6,0,0.3046,1.3749,4.513788575180564,1500,1418,1500,427
thrashing,synthetic,,LRU,LocalAllocation,163,6,1,0.3093,1.3741,4.4426123504688,1500,1419,1500,426
thrashing,synthetic,,LRU,LocalAllocation,163,7,0,0.3172,1.3943,4.395649432534679,1500,1418,1500,411
thrashing,synthetic,,LRU,LocalAllocation,163,7,1,0.3099,1.3904,4.486608583414005,1500,1419,1500,440
thrashing,synthetic,,LRU,LocalAllocation,163,8,0,0.3087,1.3911,4.506316812439262,1500,1418,1500,426
thrashing,synthetic,,LRU,LocalAllocation,163,8,1,0.301,1.3989,4.647508305647841,1500,1419,1500,418
thrashing,synthetic,,LRU,LocalAllocation,163,9,0,0.3036,1.3851,4.562252964426878,1500,1418,1500,431
thrashing,synthetic,,LRU,LocalAllocation,163,9,1,0.3116,1.3825,4.436777920410783,1500,1419,1500,455
thrashing,synthetic,,LRU,ProportionalAllocation,163,0,0,0.3089,1.3731,4.44512787309809,1500,1424,1500,403
thrashing,synthetic,,LRU,ProportionalAllocation,163,0,1,0.3049,1.3675,4.48507707445064,1500,1413,1500,451
thrashing,synthetic,,LRU,ProportionalAllocation,163,1,0,0.3022,1.3656,4.518861681005957,1500,1424,1500,440
thrashing,synthetic,,LRU,ProportionalAllocation,163,1,1,0.3062,1.3444,4.390594382756368,1500,1413,1500,431
thrashing,synthetic,,LRU,ProportionalAllocation,163,2,0,0.3038,1.3733,4.520408163265306,1500,1424,1500,406
thrashing,synthetic,,LRU,ProportionalAllocation,163,2,1,0.3071,1.3471,4.386519049169651,1500,1413,1500,412
thrashing,synthetic,,LRU,ProportionalAllocation,163,3,0,0.2989,1.38,4.616928738708598,1500,1424,1500,431
thrashing,synthetic,,LRU,ProportionalAllocation,163,3,1,0.3162,1.3536,4.280834914611006,1500,1413,1500,418
thrashing,synthetic,,LRU,ProportionalAllocation,163,4,0,0.6288,2.7209,4.327131043256998,1500,1424,1500,425
thrashing,synthetic,,LRU,ProportionalAllocation,163,4,1,0.7756,2.7502,3.5458999484270244,1500,1413,1500,448
thrashing,synthetic,,LRU,ProportionalAllocation,163,5,0,0.3072,1.3899,4.5244140625,1500,1424,1500,414
thrashing,synthetic,,LRU,ProportionalAllocation,163,5,1,0.3057,1.3687,4.47726529277069,1500,1413,1500,401
thrashing,synthetic,,LRU,ProportionalAllocation,163,6,0,0.3018,1.3894,4.6037110669317425,1500,1424,1500,428
thrashing,synthetic,,LRU,ProportionalAllocation,163,6,1,0.3071,1.3634,4.439596222728753,1500,1413,1500,424
thrashing,synthetic,,LRU,ProportionalAllocation,163,7,0,0.3013,1.4065,4.668104878858281,1500,1424,1500,416
thrashing,synthetic,,LRU,ProportionalAllocation,163,7,1,0.3099,1.3758,4.439496611810261,1500,1413,1500,437
thrashing,synthetic,,LRU,ProportionalAllocation,163,8,0,0.3133,1.3875,4.428662623683371,1500,1424,1500,427
thrashing,synthetic,,LRU,ProportionalAllocation,163,8,1,0.3036,1.3746,4.527667984189724,1500,1413,1500,416
thrashing,synthetic,,LRU,ProportionalAllocation,163,9,0,0.304,1.387,4.5625,1500,1424,1500,433
thrashing,synthetic,,LRU,ProportionalAllocation,163,9,1,0.3086,1.3557,4.393065456902138,1500,1413,1500,452
thrashing,synthetic,,NRU,GlobalAllocation,163,0,0,0.3344,10.7719,32.21261961722488,717,,,
thrashing,synthetic,,NRU,GlobalAllocation,163,0,1,0.3386,10.7268,31.679858239810986,713,,,
thrashing,synthetic,,NRU,GlobalAllocation,163,1,0,0.3193,9.9036,31.01659880989665,669,,,
thrashing,synthetic,,NRU,GlobalAllocation,163,1,1,0.3572,11.5265,32.26903695408735,762,,,
thrashing,synthetic,,NRU,GlobalAllocation,163,2,0,0.3187,10.8472,34.035770316912455,723,,,
thrashing,synthetic,,NRU,GlobalAllocation,163,2,1,0.3595,10.5736,29.411961057023642,695,,,
thrashing,synthetic,,NRU,GlobalAllocation,163,3,0,0.3182,10.42,32.74670018856065,697,,,
thrashing,synthetic,,NRU,GlobalAllocation,163,3,1,0.3214,11.4754,35.70441817050404,740,,,
thrashing,synthetic,,NRU,GlobalAllocation,163,4,0,0.3318,10.2778,30.97588908981314,679,,,
thrashing,synthetic,,NRU,GlobalAllocation,163,4,1,0.3277,11.4649,34.98596277082697,756,,,
thrashing,synthetic,,NRU,GlobalAllocation,163,5,0,0.3326,10.2085,30.693024654239327,684,,,
thrashing,synthetic,,NRU,GlobalAllocation,163,5,1,0.3268,10.9484,33.50183598531212,728,,,
thrashing,synthetic,,NRU,GlobalAllocation,163,6,0,0.3173,10.1429,31.96627797037504,686,,,
thrashing,synthetic,,NRU,GlobalAllocation,163,6,1,0.3434,11.1949,32.60017472335469,723,,,
thrashing,synthetic,,NRU,GlobalAllocation,163,7,0,0.3209,10.1211,31.539732003739484,672,,,
thrashing,synthetic,,NRU,GlobalAllocation,163,7,1,0.3281,11.3112,34.47485522706492,739,,,
thrashing,synthetic,,NRU,GlobalAllocation,163,8,0,0.3175,13.6585,43.01889763779528,660,,,
thrashing,synthetic,,NRU,GlobalAllocation,163,8,1,0.329,15.1212,45.96109422492401,738,,,
thrashing,synthetic,,NRU,GlobalAllocation,163,9,0,0.3187,10.0855,31.645748352682773,681,,,
thrashing,synthetic,,NRU,GlobalAllocation,163,9,1,0.322,11.08,34.409937888198755,724,,,
thrashing,synthetic,,NRU,LocalAllocation,163,0,0,0.3187,4.7899,15.02949482271729,636,554,636,106
thrashing,synthetic,,NRU,LocalAllocation,163,0,1,0.3268,7.2042,22.04467564259486,971,890,971,244
thrashing,synthetic,,NRU,LocalAllocation,163,1,0,0.3205,4.6868,14.623400936037442,619,537,619,110
thrashing,synthetic,,NRU,LocalAllocation,163,1,1,0.3311,7.8373,23.670492298399274,1034,953,1034,258
thrashing,synthetic,,NRU,LocalAllocation,163,2,0,0.3205,4.8365,15.090483619344774,652,570,652,110
thrashing,synthetic,,NRU,LocalAllocation,163,2,1,0.3352,7.3055,21.79445107398568,972,891,972,221
thrashing,synthetic,,NRU,LocalAllocation,163,3,0,0.3051,4.477,14.673877417240249,611,529,611,103
thrashing,synthetic,,NRU,LocalAllocation,163,3,1,0.3086,7.3473,23.80848995463383,1010,929,1010,235
thrashing,synthetic,,NRU,LocalAllocation,163,4,0,0.2897,4.3779,15.111839834311356,645,563,645,98
thrashing,synthetic,,NRU,LocalAllocation,163,4,1,0.2929,6.7799,23.147490611130078,1005,924,1005,251
thrashing,synthetic,,NRU,LocalAllocation,163,5,0,0.3168,5.1754,16.3364898989899,692,610,692,129
thrashing,synthetic,,NRU,LocalAllocation,163,5,1,0.3253,7.5551,23.225023055640946,1005,924,1005,207
thrashing,synthetic,,NRU,LocalAllocation,163,6,0,0.3223,4.7575,14.761092150170649,633,551,633,124
thrashing,synthetic,,NRU,LocalAllocation,163,6,1,0.3236,7.4906,23.14771322620519,997,916,997,234
thrashing,synthetic,,NRU,LocalAllocation,163,7,0,0.3237,4.1576,12.843991350015447,556,474,556,94
thrashing,synthetic,,NRU,LocalAllocation,163,7,1,0.339,7.4764,22.054277286135694,1009,928,1009,233
thrashing,synthetic,,NRU,LocalAllocation,163,8,0,0.319,4.6296,14.512852664576803,626,544,626,118
thrashing,synthetic,,NRU,LocalAllocation,163,8,1,0.3202,7.2447,22.625546533416614,982,901,982,235
thrashing,synthetic,,NRU,LocalAllocation,163,9,0,0.3151,4.7212,14.983179942875278,629,547,629,109
thrashing,synthetic,,NRU,LocalAllocation,163,9,1,0.3419,7.5655,22.127815150628837,996,915,996,271
thrashing,synthetic,,NRU,ProportionalAllocation,163,0,0,0.3241,5.0792,15.67170626349892,716,640,716,139
thrashing,synthetic,,NRU,ProportionalAllocation,163,0,1,0.3242,6.7963,20.96329426280074,857,770,857,205
thrashing,synthetic,,NRU,ProportionalAllocation,163,1,0,0.316,5.3554,16.94746835443038,749,673,749,169
thrashing,synthetic,,NRU,ProportionalAllocation,163,1,1,0.3253,7.5644,23.253612050415,956,869,956,224
thrashing,synthetic,,NRU,ProportionalAllocation,163,2,0,0.3494,5.3738,15.380080137378362,761,685,761,147
thrashing,synthetic,,NRU,ProportionalAllocation,163,2,1,0.3512,7.1022,20.222665148063783,903,816,903,198
thrashing,synthetic,,NRU,ProportionalAllocation,163,3,0,0.3174,5.0274,15.839319470699433,712,636,712,139
thrashing,synthetic,,NRU,ProportionalAllocation,163,3,1,0.3484,7.2476,20.802525832376578,917,830,917,210
thrashing,synthetic,,NRU,ProportionalAllocation,163,4,0,0.3599,5.3058,14.742428452347875,745,669,745,135
thrashing,synthetic,,NRU,ProportionalAllocation,163,4,1,0.3253,7.125,21.902858899477405,898,811,898,209
thrashing,synthetic,,NRU,ProportionalAllocation,163,5,0,0.3371,5.707,16.929694452684664,800,724,800,163
thrashing,synthetic,,NRU,ProportionalAllocation,163,5,1,0.3218,7.3066,22.705407085146053,918,831,918,175
thrashing,synthetic,,NRU,ProportionalAllocation,163,6,0,0.3631,5.4302,14.95510878545855,767,691,767,174
thrashing,synthetic,,NRU,ProportionalAllocation,163,6,1,0.3235,7.2816,22.508809891808347,912,825,912,205
thrashing,synthetic,,NRU,ProportionalAllocation,163,7,0,0.3145,4.9128,15.620985691573926,671,595,671,134
thrashing,synthetic,,NRU,ProportionalAllocation,163,7,1,0.3239,7.2372,22.34393331275085,910,823,910,195
thrashing,synthetic,,NRU,ProportionalAllocation,163,8,0,0.3195,5.1257,16.042879499217527,727,651,727,152
thrashing,synthetic,,NRU,ProportionalAllocation,163,8,1,0.3217,6.8051,21.153559216661485,867,780,867,189
thrashing,synthetic,,NRU,ProportionalAllocation,163,9,0,0.3211,5.2507,16.352226720647774,733,657,733,155
thrashing,synthetic,,NRU,ProportionalAllocation,163,9,1,0.3229,7.2207,22.36203158872716,902,815,902,238
thrashing,synthetic,,SecondChance,GlobalAllocation,163,0,0,0.2826,3.3926,12.004953998584572,1449,,,
thrashing,synthetic,,SecondChance,GlobalAllocation,163,0,1,0.2923,3.734,12.774546698597332,1500,,,
thrashing,synthetic,,SecondChance,GlobalAllocation,163,1,0,0.5454,3.3177,6.083058305830583,1351,,,
thrashing,synthetic,,SecondChance,GlobalAllocation,163,1,1,0.6153,3.9823,6.472127417519909,1482,,,
thrashing,synthetic,,SecondChance,GlobalAllocation,163,2,0,0.2806,3.3978,12.109052031361369,1499,,,
thrashing,synthetic,,SecondChance,GlobalAllocation,163,2,1,0.2989,3.8736,12.959518233522918,1500,,,
thrashing,synthetic,,SecondChance,GlobalAllocation,163,3,0,0.2844,3.3519,11.785864978902953,1406,,,
thrashing,synthetic,,SecondChance,GlobalAllocation,163,3,1,0.3094,3.6944,11.940530058177117,1470,,,
thrashing,synthetic,,SecondChance,GlobalAllocation,163,4,0,0.2814,3.2021,11.379175550817342,1332,,,
thrashing,synthetic,,SecondChance,GlobalAllocation,163,4,1,0.2923,3.6026,12.325008552856653,1434,,,
thrashing,synthetic,,SecondChance,GlobalAllocation,163,5,0,0.2839,3.4308,12.08453680873547,1475,,,
thrashing,synthetic,,SecondChance,GlobalAllocation,163,5,1,0.2886,3.7856,13.117117117117116,1500,,,
thrashing,synthetic,,SecondChance,GlobalAllocation,163,6,0,0.2828,3.4219,12.10007072135785,1456,,,
thrashing,synthetic,,SecondChance,GlobalAllocation,163,6,1,0.301,3.8453,12.775083056478405,1500,,,
thrashing,synthetic,,SecondChance,GlobalAllocation,163,7,0,0.2931,3.4793,11.870692596383487,1500,,,
thrashing,synthetic,,SecondChance,GlobalAllocation,163,7,1,0.2896,3.8189,13.186809392265193,1500,,,
thrashing,synthetic,,SecondChance,GlobalAllocation,163,8,0,0.2802,3.3858,12.083511777301927,1486,,,
thrashing,synthetic,,SecondChance,GlobalAllocation,163,8,1,0.2928,3.8144,13.027322404371585,1500,,,
thrashing,synthetic,,SecondChance,GlobalAllocation,163,9,0,0.2841,3.0098,10.594156986976417,1212,,,
thrashing,synthetic,,SecondChance,GlobalAllocation,163,9,1,0.2958,3.4467,11.65212981744422,1386,,,
thrashing,synthetic,,SecondChance,LocalAllocation,163,0,0,0.2771,2.1169,7.639480332010105,1500,1418,1500,401
thrashing,synthetic,,SecondChance,LocalAllocation,163,0,1,0.2935,2.117,7.212947189097104,1500,1419,1500,451
thrashing,synthetic,,SecondChance,LocalAllocation,163,1,0,0.2737,2.5638,9.36719035440263,1500,1418,1500,439
thrashing,synthetic,,SecondChance,LocalAllocation,163,1,1,0.278,2.6744,9.620143884892085,1500,1419,1500,432
thrashing,synthetic,,SecondChance,LocalAllocation,163,2,0,0.2836,2.1317,7.516572637517631,1500,1418,1500,405
thrashing,synthetic,,SecondChance,LocalAllocation,163,2,1,0.2935,2.1209,7.226235093696763,1500,1419,1500,415
thrashing,synthetic,,SecondChance,LocalAllocation,163,3,0,0.5795,2.7048,4.667471958584987,1500,1418,1500,429
thrashing,synthetic,,SecondChance,LocalAllocation,163,3,1,0.2907,2.6568,9.139318885448917,1500,1419,1500,418
thrashing,synthetic,,SecondChance,LocalAllocation,163,4,0,0.2779,2.1381,7.693774739114789,1500,1418,1500,423
thrashing,synthetic,,SecondChance,LocalAllocation,163,4,1,0.2971,2.1321,7.1763715920565465,1500,1419,1500,450
thrashing,synthetic,,SecondChance,LocalAllocation,163,5,0,0.2812,2.1188,7.534850640113798,1500,1418,1500,412
thrashing,synthetic,,SecondChance,LocalAllocation,163,5,1,0.2979,2.109,7.079556898288016,1500,1419,1500,401
thrashing,synthetic,,SecondChance,LocalAllocation,163,6,0,0.2783,2.1363,7.676248652533237,1500,1418,1500,427
thrashing,synthetic,,SecondChance,LocalAllocation,163,6,1,0.2886,2.1333,7.391891891891892,1500,1419,1500,426
thrashing,synthetic,,SecondChance,LocalAllocation,163,7,0,0.2795,2.1173,7.57531305903399,1500,1418,1500,411
thrashing,synthetic,,SecondChance,LocalAllocation,163,7,1,0.291,2.1135,7.262886597938144,1500,1419,1500,440
thrashing,synthetic,,SecondChance,LocalAllocation,163,8,0,0.2871,2.1362,7.440613026819923,1500,1418,1500,426
thrashing,synthetic,,SecondChance,LocalAllocation,163,8,1,0.291,2.1205,7.286941580756014,1500,1419,1500,418
thrashing,synthetic,,SecondChance,LocalAllocation,163,9,0,0.2804,2.1347,7.613052781740371,1500,1418,1500,431
thrashing,synthetic,,SecondChance,LocalAllocation,163,9,1,0.2974,2.1276,7.154001344989912,1500,1419,1500,455
thrashing,synthetic,,SecondChance,ProportionalAllocation,163,0,0,0.2837,2.0923,7.375044060627423,1500,1424,1500,403
thrashing,synthetic,,SecondChance,ProportionalAllocation,163,0,1,0.2915,2.1533,7.38696397941681,1500,1413,1500,451
thrashing,synthetic,,SecondChance,ProportionalAllocation,163,1,0,0.2823,2.0911,7.4073680481757,1500,1424,1500,440
thrashing,synthetic,,SecondChance,ProportionalAllocation,163,1,1,0.2917,2.1618,7.411038738429894,1500,1413,1500,431
thrashing,synthetic,,SecondChance,ProportionalAllocation,163,2,0,0.278,2.0825,7.491007194244604,1500,1424,1500,406
thrashing,synthetic,,SecondChance,ProportionalAllocation,163,2,1,0.2872,2.1461,7.4724930362116995,1500,1413,1500,412
thrashing,synthetic,,SecondChance,ProportionalAllocation,163,3,0,0.3045,2.1414,7.032512315270936,1500,1424,1500,431
thrashing,synthetic,,SecondChance,ProportionalAllocation,163,3,1,0.3004,2.1738,7.236351531291612,1500,1413,1500,418
thrashing,synthetic,,SecondChance,ProportionalAllocation,163,4,0,0.2987,2.0606,6.898560428523602,1500,1424,1500,425
thrashing,synthetic,,SecondChance,ProportionalAllocation,163,4,1,0.2985,2.1302,7.136348408710218,1500,1413,1500,448
thrashing,synthetic,,SecondChance,ProportionalAllocation,163,5,0,0.2831,2.0563,7.2635111268103145,1500,1424,1500,414
thrashing,synthetic,,SecondChance,ProportionalAllocation,163,5,1,0.2995,2.1209,7.081469115191987,1500,1413,1500,401
thrashing,synthetic,,SecondChance,ProportionalAllocation,163,6,0,0.2839,2.0636,7.268756604438183,1500,1424,1500,428
thrashing,synthetic,,SecondChance,ProportionalAllocation,163,6,1,0.2908,2.1296,7.3232462173315,1500,1413,1500,424
thrashing,synthetic,,SecondChance,ProportionalAllocation,163,7,0,2.6642,3.8973,1.462840627580512,1500,1424,1500,416
thrashing,synthetic,,SecondChance,ProportionalAllocation,163,7,1,0.5806,4.1707,7.183430933517052,1500,1413,1500,437
thrashing,synthetic,,SecondChance,ProportionalAllocation,163,8,0,0.2779,2.0784,7.478949262324577,1500,1424,1500,427
thrashing,synthetic,,SecondChance,ProportionalAllocation,163,8,1,0.2898,2.1423,7.392339544513457,1500,1413,1500,416
thrashing,synthetic,,SecondChance,ProportionalAllocation,163,9,0,0.2846,2.1047,7.395291637385805,1500,1424,1500,433
thrashing,synthetic,,SecondChance,ProportionalAllocation,163,9,1,0.2912,2.1629,7.427541208791209,1500,1413,1500,452
thrashing,synthetic,,WSClock,GlobalAllocation,163,0,0,0.2923,17.4233,59.607594936708864,776,,,
thrashing,synthetic,,WSClock,GlobalAllocation,163,0,1,0.2999,16.9357,56.47115705235078,740,,,
thrashing,synthetic,,WSClock,GlobalAllocation,163,1,0,0.2884,16.0148,55.52981969486824,740,,,
thrashing,synthetic,,WSClock,GlobalAllocation,163,1,1,0.3457,18.2941,52.919004917558574,803,,,
thrashing,synthetic,,WSClock,GlobalAllocation,163,2,0,0.2845,14.8475,52.18804920913884,777,,,
thrashing,synthetic,,WSClock,GlobalAllocation,163,2,1,0.304,14.376,47.28947368421053,766,,,
thrashing,synthetic,,WSClock,GlobalAllocation,163,3,0,0.2788,17.8437,64.00179340028694,772,,,
thrashing,synthetic,,WSClock,GlobalAllocation,163,3,1,0.2955,18.1753,61.50693739424704,755,,,
thrashing,synthetic,,WSClock,GlobalAllocation,163,4,0,0.2944,23.697,80.49252717391305,765,,,
thrashing,synthetic,,WSClock,GlobalAllocation,163,4,1,0.2978,22.5467,75.71087978509067,787,,,
thrashing,synthetic,,WSClock,GlobalAllocation,163,5,0,0.283,14.2877,50.48657243816255,730,,,
thrashing,synthetic,,WSClock,GlobalAllocation,163,5,1,0.2895,16.9359,58.50051813471502,795,,,
thrashing,synthetic,,WSClock,GlobalAllocation,163,6,0,0.2783,15.8925,57.105641394178946,730,,,
thrashing,synthetic,,WSClock,GlobalAllocation,163,6,1,0.2888,17.7372,61.41689750692521,772,,,
thrashing,synthetic,,WSClock,GlobalAllocation,163,7,0,0.2867,16.4767,57.47017788629229,748,,,
thrashing,synthetic,,WSClock,GlobalAllocation,163,7,1,0.2946,18.2522,61.95587236931433,782,,,
thrashing,synthetic,,WSClock,GlobalAllocation,163,8,0,0.2928,15.6615,53.48872950819672,712,,,
thrashing,synthetic,,WSClock,GlobalAllocation,163,8,1,0.3047,16.4609,54.02330160813915,768,,,
thrashing,synthetic,,WSClock,GlobalAllocation,163,9,0,0.286,16.1078,56.320979020979024,728,,,
thrashing,synthetic,,WSClock,GlobalAllocation,163,9,1,0.3011,20.1828,67.03022251743607,798,,,
thrashing,synthetic,,WSClock,LocalAllocation,163,0,0,0.2883,46.3073,160.62192160943462,1500,1418,1500,401
thrashing,synthetic,,WSClock,LocalAllocation,163,0,1,0.289,46.3255,160.29584775086505,1500,1419,1500,451
thrashing,synthetic,,WSClock,LocalAllocation,163,1,0,0.2818,52.431,186.05748757984387,1500,1418,1500,439
thrashing,synthetic,,WSClock,LocalAllocation,163,1,1,0.29,51.4128,177.28551724137932,1500,1419,1500,432
thrashing,synthetic,,WSClock,LocalAllocation,163,2,0,0.287,45.1123,157.18571428571428,1500,1418,1500,405
thrashing,synthetic,,WSClock,LocalAllocation,163,2,1,0.2948,44.4737,150.86058344640435,1500,1419,1500,415
thrashing,synthetic,,WSClock,LocalAllocation,163,3,0,0.2803,44.8856,160.13414199072423,1500,1418,1500,429
thrashing,synthetic,,WSClock,LocalAllocation,163,3,1,0.2916,44.3004,151.9218106995885,1500,1419,1500,418
thrashing,synthetic,,WSClock,LocalAllocation,163,4,0,0.2854,53.5782,187.7302032235459,1500,1418,1500,423
thrashing,synthetic,,WSClock,LocalAllocation,163,4,1,0.2924,54.5958,186.71614227086184,1500,1419,1500,450
thrashing,synthetic,,WSClock,LocalAllocation,163,5,0,0.2959,44.9091,151.77120648867862,1500,1418,1500,412
thrashing,synthetic,,WSClock,LocalAllocation,163,5,1,0.2907,44.4819,153.01651186790505,1500,1419,1500,401
thrashing,synthetic,,WSClock,LocalAllocation,163,6,0,0.2777,51.2291,184.4764133957508,1500,1418,1500,427
thrashing,synthetic,,WSClock,LocalAllocation,163,6,1,0.2926,50.4018,172.25495557074504,1500,1419,1500,426
thrashing,synthetic,,WSClock,LocalAllocation,163,7,0,0.5611,40.9728,73.02227766886473,1500,1418,1500,411
thrashing,synthetic,,WSClock,LocalAllocation,163,7,1,0.3531,40.5768,114.91588785046729,1500,1419,1500,440
thrashing,synthetic,,WSClock,LocalAllocation,163,8,0,0.285,45.3403,159.08877192982456,1500,1418,1500,426
thrashing,synthetic,,WSClock,LocalAllocation,163,8,1,0.294,44.4718,151.26462585034014,1500,1419,1500,418
thrashing,synthetic,,WSClock,LocalAllocation,163,9,0,0.2831,49.5432,175.0024726245143,1500,1418,1500,431
thrashing,synthetic,,WSClock,LocalAllocation,163,9,1,0.29,48.3512,166.72827586206895,1500,1419,1500,455
thrashing,synthetic,,WSClock,ProportionalAllocation,163,0,0,0.2855,42.1569,147.6598949211909,1500,1424,1500,403
thrashing,synthetic,,WSClock,ProportionalAllocation,163,0,1,0.286,47.8828,167.4223776223776,1500,1413,1500,451
thrashing,synthetic,,WSClock,ProportionalAllocation,163,1,0,0.2825,43.0719,152.46690265486725,1500,1424,1500,440
thrashing,synthetic,,WSClock,ProportionalAllocation,163,1,1,0.2926,48.0688,164.2816131237184,1500,1413,1500,431
thrashing,synthetic,,WSClock,ProportionalAllocation,163,2,0,0.2905,44.1149,151.85851979345955,1500,1424,1500,406
thrashing,synthetic,,WSClock,ProportionalAllocation,163,2,1,0.2954,49.8196,168.6513202437373,1500,1413,1500,412
thrashing,synthetic,,WSClock,ProportionalAllocation,163,3,0,0.2829,41.7679,147.64192294096853,1500,1424,1500,431
thrashing,synthetic,,WSClock,ProportionalAllocation,163,3,1,0.2957,47.247,159.78018261751777,1500,1413,1500,418
thrashing,synthetic,,WSClock,ProportionalAllocation,163,4,0,0.2842,47.5073,167.16150598170302,1500,1424,1500,425
thrashing,synthetic,,WSClock,ProportionalAllocation,163,4,1,0.2913,54.5624,187.3065568142808,1500,1413,1500,448
thrashing,synthetic,,WSClock,ProportionalAllocation,163,5,0,0.2922,41.6997,142.7094455852156,1500,1424,1500,414
thrashing,synthetic,,WSClock,ProportionalAllocation,163,5,1,0.294,47.4027,161.23367346938775,1500,1413,1500,401
thrashing,synthetic,,WSClock,ProportionalAllocation,163,6,0,0.2802,41.9675,149.77694503925767,1500,1424,1500,428
thrashing,synthetic,,WSClock,ProportionalAllocation,163,6,1,0.2888,47.6496,164.99168975069253,1500,1413,1500,424
thrashing,synthetic,,WSClock,ProportionalAllocation,163,7,0,0.2811,47.181,167.84418356456777,1500,1424,1500,416
thrashing,synthetic,,WSClock,ProportionalAllocation,163,7,1,0.2911,55.503,190.66643765029198,1500,1413,1500,437
thrashing,synthetic,,WSClock,ProportionalAllocation,163,8,0,0.283,42.1842,149.060777385159,1500,1424,1500,427
thrashing,synthetic,,WSClock,ProportionalAllocation,163,8,1,0.3064,47.6104,155.3864229765013,1500,1413,1500,416
thrashing,synthetic,,WSClock,ProportionalAllocation,163,9,0,0.2861,42.2324,147.61412093673542,1500,1424,1500,433
thrashing,synthetic,,WSClock,ProportionalAllocation,163,9,1,0.3133,47.6037,151.94286626236834,1500,1413,1500,452
thrashing,synthetic,,FIFO,GlobalAllocation,204,0,0,0.1837,0.4516,2.458356015242243,96,,,
thrashing,synthetic,,FIFO,GlobalAllocation,204,0,1,0.1904,0.5555,2.9175420168067228,108,,,
thrashing,synthetic,,FIFO,GlobalAllocation,204,1,0,0.1879,0.4828,2.5694518360830227,96,,,
thrashing,synthetic,,FIFO,GlobalAllocation,204,1,1,0.2174,0.6641,3.0547378104875804,108,,,
thrashing,synthetic,,FIFO,GlobalAllocation,204,2,0,0.1866,0.454,2.433011789924973,96,,,
thrashing,synthetic,,FIFO,GlobalAllocation,204,2,1,0.1875,0.5505,2.936,108,,,
thrashing,synthetic,,FIFO,GlobalAllocation,204,3,0,0.1845,0.4536,2.4585365853658536,96,,,
thrashing,synthetic,,FIFO,GlobalAllocation,204,3,1,0.1866,0.5516,2.9560557341907825,108,,,
thrashing,synthetic,,FIFO,GlobalAllocation,204,4,0,0.1871,0.4621,2.469802244788883,96,,,
thrashing,synthetic,,FIFO,GlobalAllocation,204,4,1,0.1943,0.5833,3.0020586721564593,108,,,
thrashing,synthetic,,FIFO,GlobalAllocation,204,5,0,0.1846,0.46,2.4918743228602382,96,,,
thrashing,synthetic,,FIFO,GlobalAllocation,204,5,1,0.187,0.5525,2.9545454545454546,108,,,
thrashing,synthetic,,FIFO,GlobalAllocation,204,6,0,0.1878,0.4485,2.3881789137380194,96,,,
thrashing,synthetic,,FIFO,GlobalAllocation,204,6,1,0.1894,0.5465,2.885427666314678,108,,,
thrashing,synthetic,,FIFO,GlobalAllocation,204,7,0,0.1823,0.4478,2.4563905650027427,96,,,
thrashing,synthetic,,FIFO,GlobalAllocation,204,7,1,0.1909,0.5445,2.85227867993714,108,,,
thrashing,synthetic,,FIFO,GlobalAllocation,204,8,0,0.1904,0.4516,2.3718487394957983,96,,,
thrashing,synthetic,,FIFO,GlobalAllocation,204,8,1,0.1889,0.55,2.911593435680254,108,,,
thrashing,synthetic,,FIFO,GlobalAllocation,204,9,0,0.1828,0.4535,2.4808533916849016,96,,,
thrashing,synthetic,,FIFO,GlobalAllocation,204,9,1,0.1906,0.545,2.8593913955928647,108,,,
thrashing,synthetic,,FIFO,LocalAllocation,204,0,0,0.1864,0.3666,1.9667381974248928,96,0,96,0
thrashing,synthetic,,FIFO,LocalAllocation,204,0,1,0.1948,1.1757,6.035420944558521,1500,1398,1500,445
thrashing,synthetic,,FIFO,LocalAllocation,204,1,0,0.1857,0.3583,1.929456112008616,96,0,96,0
thrashing,synthetic,,FIFO,LocalAllocation,204,1,1,0.1874,1.2146,6.481323372465315,1500,1398,1500,427
thrashing,synthetic,,FIFO,LocalAllocation,204,2,0,0.1819,0.3558,1.9560197910940076,96,0,96,0
thrashing,synthetic,,FIFO,LocalAllocation,204,2,1,0.1859,1.1088,5.964497041420119,1500,1398,1500,410
thrashing,synthetic,,FIFO,LocalAllocation,204,3,0,0.188,0.3606,1.9180851063829787,96,0,96,0
thrashing,synthetic,,FIFO,LocalAllocation,204,3,1,0.1874,1.1161,5.9557097118463185,1500,1398,1500,413
thrashing,synthetic,,FIFO,LocalAllocation,204,4,0,0.1857,0.3616,1.9472267097469036,96,0,96,0
thrashing,synthetic,,FIFO,LocalAllocation,204,4,1,0.192,1.1145,5.8046875,1500,1398,1500,443
thrashing,synthetic,,FIFO,LocalAllocation,204,5,0,0.1841,0.3667,1.9918522542096686,96,0,96,0
thrashing,synthetic,,FIFO,LocalAllocation,204,5,1,0.1903,1.1203,5.88702049395691,1500,1398,1500,395
thrashing,synthetic,,FIFO,LocalAllocation,204,6,0,0.1881,0.3566,1.895800106326422,96,0,96,0
thrashing,synthetic,,FIFO,LocalAllocation,204,6,1,0.1914,1.1052,5.774294670846395,1500,1398,1500,420
thrashing,synthetic,,FIFO,LocalAllocation,204,7,0,0.1832,0.3626,1.9792576419213974,96,0,96,0
thrashing,synthetic,,FIFO,LocalAllocation,204,7,1,0.1899,1.1116,5.8536071616640335,1500,1398,1500,431
thrashing,synthetic,,FIFO,LocalAllocation,204,8,0,0.1862,0.3624,1.9462943071965628,96,0,96,0
thrashing,synthetic,,FIFO,LocalAllocation,204,8,1,0.3125,1.1138,3.56416,1500,1398,1500,414
thrashing,synthetic,,FIFO,LocalAllocation,204,9,0,0.1871,0.3602,1.9251737039016568,96,0,96,0
thrashing,synthetic,,FIFO,LocalAllocation,204,9,1,0.1904,1.1068,5.813025210084033,1500,1398,1500,446
thrashing,synthetic,,FIFO,ProportionalAllocation,204,0,0,0.1849,0.3299,1.7842076798269335,96,0,96,0
thrashing,synthetic,,FIFO,ProportionalAllocation,204,0,1,0.1875,0.3386,1.8058666666666667,108,0,108,0
thrashing,synthetic,,FIFO,ProportionalAllocation,204,1,0,0.1847,0.3504,1.8971304818624797,96,0,96,0
thrashing,synthetic,,FIFO,ProportionalAllocation,204,1,1,0.1907,0.3584,1.8793917147351862,108,0,108,0
thrashing,synthetic,,FIFO,ProportionalAllocation,204,2,0,0.1844,0.3358,1.8210412147505424,96,0,96,0
thrashing,synthetic,,FIFO,ProportionalAllocation,204,2,1,0.186,0.3404,1.8301075268817204,108,0,108,0
thrashing,synthetic,,FIFO,ProportionalAllocation,204,3,0,0.1759,0.339,1.9272313814667426,96,0,96,0
thrashing,synthetic,,FIFO,ProportionalAllocation,204,3,1,0.1785,0.3365,1.8851540616246498,108,0,108,0
thrashing,synthetic,,FIFO,ProportionalAllocation,204,4,0,0.365,0.3713,1.0172602739726027,96,0,96,0
thrashing,synthetic,,FIFO,ProportionalAllocation,204,4,1,0.3693,0.4157,1.1256431085838072,108,0,108,0
thrashing,synthetic,,FIFO,ProportionalAllocation,204,5,0,0.1849,0.3393,1.8350459707950244,96,0,96,0
thrashing,synthetic,,FIFO,ProportionalAllocation,204,5,1,0.3992,0.344,0.8617234468937875,108,0,108,0
thrashing,synthetic,,FIFO,ProportionalAllocation,204,6,0,0.1846,0.3434,1.8602383531960998,96,0,96,0
thrashing,synthetic,,FIFO,ProportionalAllocation,204,6,1,0.1861,0.3468,1.8635142396560989,108,0,108,0
thrashing,synthetic,,FIFO,ProportionalAllocation,204,7,0,0.189,0.3338,1.7661375661375662,96,0,96,0
thrashing,synthetic,,FIFO,ProportionalAllocation,204,7,1,0.1896,0.3454,1.8217299578059072,108,0,108,0
thrashing,synthetic,,FIFO,ProportionalAllocation,204,8,0,0.1855,0.351,1.8921832884097034,96,0,96,0
thrashing,synthetic,,FIFO,ProportionalAllocation,204,8,1,0.1866,0.3597,1.927652733118971,108,0,108,0
thrashing,synthetic,,FIFO,ProportionalAllocation,204,9,0,0.1883,0.3459,1.8369622942113648,96,0,96,0
thrashing,synthetic,,FIFO,ProportionalAllocation,204,9,1,0.1908,0.3493,1.830712788259958,108,0,108,0
thrashing,synthetic,,LRU,GlobalAllocation,204,0,0,0.303,0.6417,2.117821782178218,96,,,
thrashing,synthetic,,LRU,GlobalAllocation,204,0,1,0.3039,0.7768,2.556103981572886,108,,,
thrashing,synthetic,,LRU,GlobalAllocation,204,1,0,0.3016,0.6489,2.151525198938992,96,,,
thrashing,synthetic,,LRU,GlobalAllocation,204,1,1,0.3058,0.7587,2.4810333551340746,108,,,
thrashing,synthetic,,LRU,GlobalAllocation,204,2,0,0.3015,0.6375,2.1144278606965172,96,,,
thrashing,synthetic,,LRU,GlobalAllocation,204,2,1,0.3023,0.7692,2.5444922262652994,108,,,
thrashing,synthetic,,LRU,GlobalAllocation,204,3,0,0.3066,0.6285,2.0499021526418786,96,,,
thrashing,synthetic,,LRU,GlobalAllocation,204,3,1,0.3027,0.7385,2.4397092831185994,108,,,
thrashing,synthetic,,LRU,GlobalAllocation,204,4,0,0.3066,0.6481,2.113829093281148,96,,,
thrashing,synthetic,,LRU,GlobalAllocation,204,4,1,0.304,0.7633,2.510855263157895,108,,,
thrashing,synthetic,,LRU,GlobalAllocation,204,5,0,0.3049,0.6168,2.022958346999016,96,,,
thrashing,synthetic,,LRU,GlobalAllocation,204,5,1,0.3045,0.7637,2.5080459770114945,108,,,
thrashing,synthetic,,LRU,GlobalAllocation,204,6,0,0.3064,0.6306,2.058093994778068,96,,,
thrashing,synthetic,,LRU,GlobalAllocation,204,6,1,0.3099,0.7675,2.4766053565666346,108,,,
thrashing,synthetic,,LRU,GlobalAllocation,204,7,0,0.3092,0.6485,2.097347994825356,96,,,
thrashing,synthetic,,LRU,GlobalAllocation,204,7,1,0.3078,0.7672,2.492527615334633,108,,,
thrashing,synthetic,,LRU,GlobalAllocation,204,8,0,0.304,0.6151,2.0233552631578946,96,,,
thrashing,synthetic,,LRU,GlobalAllocation,204,8,1,0.3054,0.7456,2.441388343156516,108,,,
thrashing,synthetic,,LRU,GlobalAllocation,204,9,0,0.3077,0.6336,2.059148521286968,96,,,
thrashing,synthetic,,LRU,GlobalAllocation,204,9,1,0.3112,0.7621,2.4489074550128533,108,,,
thrashing,synthetic,,LRU,LocalAllocation,204,0,0,0.3021,0.9741,3.224428997020854,96,0,96,0
thrashing,synthetic,,LRU,LocalAllocation,204,0,1,0.6199,2.5793,4.160832392321342,1500,1398,1500,445
thrashing,synthetic,,LRU,LocalAllocation,204,1,0,0.2973,0.5065,1.7036663303060882,96,0,96,0
thrashing,synthetic,,LRU,LocalAllocation,204,1,1,0.3062,1.3756,4.4924885695623775,1500,1398,1500,427
thrashing,synthetic,,LRU,LocalAllocation,204,2,0,0.3068,0.519,1.6916558018252934,96,0,96,0
thrashing,synthetic,,LRU,LocalAllocation,204,2,1,0.305,1.3794,4.522622950819672,1500,1398,1500,410
thrashing,synthetic,,LRU,LocalAllocation,204,3,0,0.3057,0.5107,1.670592083742231,96,0,96,0
thrashing,synthetic,,LRU,LocalAllocation,204,3,1,0.3066,1.3725,4.47651663405088,1500,1398,1500,413
thrashing,synthetic,,LRU,LocalAllocation,204,4,0,0.3052,0.5408,1.7719528178243775,96,0,96,0
thrashing,synthetic,,LRU,LocalAllocation,204,4,1,0.3038,1.4308,4.709677419354839,1500,1398,1500,443
thrashing,synthetic,,LRU,LocalAllocation,204,5,0,0.303,0.5279,1.7422442244224423,96,0,96,0
thrashing,synthetic,,LRU,LocalAllocation,204,5,1,0.3061,1.382,4.514864423391049,1500,1398,1500,395
thrashing,synthetic,,LRU,LocalAllocation,204,6,0,0.3026,0.5123,1.6929940515532056,96,0,96,0
thrashing,synthetic,,LRU,LocalAllocation,204,6,1,0.3037,1.364,4.4912742838327295,1500,1398,1500,420
thrashing,synthetic,,LRU,LocalAllocation,204,7,0,0.3091,0.5123,1.6573924296344225,96,0,96,0
thrashing,synthetic,,LRU,LocalAllocation,204,7,1,0.3028,1.392,4.597093791281374,1500,1398,1500,431
thrashing,synthetic,,LRU,LocalAllocation,204,8,0,0.3114,0.5176,1.6621708413615928,96,0,96,0
thrashing,synthetic,,LRU,LocalAllocation,204,8,1,0.3134,1.3644,4.353541799617103,1500,1398,1500,414
thrashing,synthetic,,LRU,LocalAllocation,204,9,0,0.3106,0.5201,1.6745009658725047,96,0,96,0
thrashing,synthetic,,LRU,LocalAllocation,204,9,1,0.3087,1.3826,4.4787819889860705,1500,1398,1500,446
thrashing,synthetic,,LRU,ProportionalAllocation,204,0,0,0.3079,0.4649,1.5099058135758363,96,0,96,0
thrashing,synthetic,,LRU,ProportionalAllocation,204,0,1,0.3087,0.4747,1.5377389050858439,108,0,108,0
thrashing,synthetic,,LRU,ProportionalAllocation,204,1,0,0.305,0.4807,1.5760655737704918,96,0,96,0
thrashing,synthetic,,LRU,ProportionalAllocation,204,1,1,0.3035,0.4765,1.57001647446458,108,0,108,0
thrashing,synthetic,,LRU,ProportionalAllocation,204,2,0,0.3037,0.4671,1.5380309515969708,96,0,96,0
thrashing,synthetic,,LRU,ProportionalAllocation,204,2,1,0.3099,0.4725,1.5246853823814133,108,0,108,0
thrashing,synthetic,,LRU,ProportionalAllocation,204,3,0,0.3029,0.4823,1.592274678111588,96,0,96,0
thrashing,synthetic,,LRU,ProportionalAllocation,204,3,1,0.3209,0.4927,1.535369273917108,108,0,108,0
thrashing,synthetic,,LRU,ProportionalAllocation,204,4,0,0.3013,0.4797,1.592100896116827,96,0,96,0
thrashing,synthetic,,LRU,ProportionalAllocation,204,4,1,0.3097,0.4799,1.5495640942847917,108,0,108,0
thrashing,synthetic,,LRU,ProportionalAllocation,204,5,0,0.3228,0.4588,1.4213135068153655,96,0,96,0
thrashing,synthetic,,LRU,ProportionalAllocation,204,5,1,0.3047,0.4638,1.5221529373153921,108,0,108,0
thrashing,synthetic,,LRU,ProportionalAllocation,204,6,0,0.3015,0.5214,1.7293532338308457,96,0,96,0
thrashing,synthetic,,LRU,ProportionalAllocation,204,6,1,0.3078,0.5095,1.6552956465237167,108,0,108,0
thrashing,synthetic,,LRU,ProportionalAllocation,204,7,0,0.6344,0.8689,1.369640605296343,96,0,96,0
thrashing,synthetic,,LRU,ProportionalAllocation,204,7,1,0.6385,0.9111,1.426938136256852,108,0,108,0
thrashing,synthetic,,LRU,ProportionalAllocation,204,8,0,0.2986,0.4584,1.5351640991292699,96,0,96,0
thrashing,synthetic,,LRU,ProportionalAllocation,204,8,1,0.3026,0.4629,1.5297422339722406,108,0,108,0
thrashing,synthetic,,LRU,ProportionalAllocation,204,9,0,0.2741,0.4632,1.6898941991973733,96,0,96,0
thrashing,synthetic,,LRU,ProportionalAllocation,204,9,1,0.2835,0.4709,1.6610229276895943,108,0,108,0
thrashing,synthetic,,NRU,GlobalAllocation,204,0,0,0.3012,0.5852,1.9428950863213812,96,,,
thrashing,synthetic,,NRU,GlobalAllocation,204,0,1,0.2932,0.6685,2.280013642564802,108,,,
thrashing,synthetic,,NRU,GlobalAllocation,204,1,0,0.3481,0.6023,1.730249928181557,96,,,
thrashing,synthetic,,NRU,GlobalAllocation,204,1,1,0.3262,0.6874,2.107296137339056,108,,,
thrashing,synthetic,,NRU,GlobalAllocation,204,2,0,0.3318,0.6814,2.0536467751657623,96,,,
thrashing,synthetic,,NRU,GlobalAllocation,204,2,1,0.3217,0.8466,2.631644389182468,108,,,
thrashing,synthetic,,NRU,GlobalAllocation,204,3,0,0.3271,0.6896,2.1082237847752983,96,,,
thrashing,synthetic,,NRU,GlobalAllocation,204,3,1,0.3219,0.7821,2.429636533084809,108,,,
thrashing,synthetic,,NRU,GlobalAllocation,204,4,0,0.3174,0.6775,2.1345305608065535,96,,,
thrashing,synthetic,,NRU,GlobalAllocation,204,4,1,0.3255,0.7443,2.286635944700461,108,,,
thrashing,synthetic,,NRU,GlobalAllocation,204,5,0,0.3165,0.6589,2.0818325434439178,96,,,
thrashing,synthetic,,NRU,GlobalAllocation,204,5,1,0.3255,0.7689,2.36221198156682,108,,,
thrashing,synthetic,,NRU,GlobalAllocation,204,6,0,0.3338,0.652,1.9532654284002398,96,,,
thrashing,synthetic,,NRU,GlobalAllocation,204,6,1,0.3343,0.7691,2.300628178282979,108,,,
thrashing,synthetic,,NRU,GlobalAllocation,204,7,0,0.3197,0.6458,2.0200187675946197,96,,,
thrashing,synthetic,,NRU,GlobalAllocation,204,7,1,0.3262,0.7593,2.3277130594727162,108,,,
thrashing,synthetic,,NRU,GlobalAllocation,204,8,0,0.3316,0.643,1.9390832328106151,96,,,
thrashing,synthetic,,NRU,GlobalAllocation,204,8,1,0.3295,0.7583,2.3013657056145673,108,,,
thrashing,synthetic,,NRU,GlobalAllocation,204,9,0,0.3349,0.6829,2.0391161540758436,96,,,
thrashing,synthetic,,NRU,GlobalAllocation,204,9,1,0.3288,0.7352,2.236009732360097,108,,,
thrashing,synthetic,,NRU,LocalAllocation,204,0,0,0.3374,0.5082,1.5062240663900415,96,0,96,0
thrashing,synthetic,,NRU,LocalAllocation,204,0,1,0.3692,4.9001,13.272210184182015,566,464,566,94
thrashing,synthetic,,NRU,LocalAllocation,204,1,0,0.3359,0.5101,1.5186067281929145,96,0,96,0
thrashing,synthetic,,NRU,LocalAllocation,204,1,1,0.3564,5.5103,15.460998877665544,629,527,629,99
thrashing,synthetic,,NRU,LocalAllocation,204,2,0,0.3162,0.5034,1.5920303605313093,96,0,96,0
thrashing,synthetic,,NRU,LocalAllocation,204,2,1,0.324,5.3178,16.41296296296296,607,505,607,86
thrashing,synthetic,,NRU,LocalAllocation,204,3,0,0.3281,0.5146,1.5684242608960683,96,0,96,0
thrashing,synthetic,,NRU,LocalAllocation,204,3,1,0.3512,5.3815,15.323177676537586,607,505,607,104
thrashing,synthetic,,NRU,LocalAllocation,204,4,0,0.3341,0.5071,1.5178090392098174,96,0,96,0
thrashing,synthetic,,NRU,LocalAllocation,204,4,1,0.3298,5.1214,15.528805336567617,593,491,593,95
thrashing,synthetic,,NRU,LocalAllocation,204,5,0,0.6699,0.7137,1.0653828929690998,96,0,96,0
thrashing,synthetic,,NRU,LocalAllocation,204,5,1,0.6515,6.4863,9.955947812739831,614,512,614,87
thrashing,synthetic,,NRU,LocalAllocation,204,6,0,0.3277,0.5056,1.5428745804089106,96,0,96,0
thrashing,synthetic,,NRU,LocalAllocation,204,6,1,0.3537,5.3131,15.021487135990952,612,510,612,92
thrashing,synthetic,,NRU,LocalAllocation,204,7,0,0.3214,0.5017,1.5609831985065339,96,0,96,0
thrashing,synthetic,,NRU,LocalAllocation,204,7,1,0.3393,5.3199,15.679045092838196,614,512,614,87
thrashing,synthetic,,NRU,LocalAllocation,204,8,0,0.3425,0.5148,1.503065693430657,96,0,96,0
thrashing,synthetic,,NRU,LocalAllocation,204,8,1,0.3242,5.2011,16.04287476866132,597,495,597,98
thrashing,synthetic,,NRU,LocalAllocation,204,9,0,0.3318,0.6747,2.0334538878842676,96,0,96,0
thrashing,synthetic,,NRU,LocalAllocation,204,9,1,0.3347,5.2583,15.710487003286525,569,467,569,97
thrashing,synthetic,,NRU,ProportionalAllocation,204,0,0,0.3153,0.4673,1.482080558198541,96,0,96,0
thrashing,synthetic,,NRU,ProportionalAllocation,204,0,1,0.3314,0.4797,1.4474954737477368,108,0,108,0
thrashing,synthetic,,NRU,ProportionalAllocation,204,1,0,0.337,0.4759,1.4121661721068248,96,0,96,0
thrashing,synthetic,,NRU,ProportionalAllocation,204,1,1,0.3229,0.4839,1.4986063796841127,108,0,108,0
thrashing,synthetic,,NRU,ProportionalAllocation,204,2,0,0.3372,0.4743,1.4065836298932384,96,0,96,0
thrashing,synthetic,,NRU,ProportionalAllocation,204,2,1,0.3187,0.4746,1.4891747725133355,108,0,108,0
thrashing,synthetic,,NRU,ProportionalAllocation,204,3,0,0.3434,0.4881,1.4213744903902155,96,0,96,0
thrashing,synthetic,,NRU,ProportionalAllocation,204,3,1,0.3218,0.4988,1.5500310752019888,108,0,108,0
thrashing,synthetic,,NRU,ProportionalAllocation,204,4,0,0.3399,0.4701,1.3830538393645189,96,0,96,0
thrashing,synthetic,,NRU,ProportionalAllocation,204,4,1,0.3261,0.4837,1.4832873351732598,108,0,108,0
thrashing,synthetic,,NRU,ProportionalAllocation,204,5,0,0.3128,0.4994,1.5965473145780051,96,0,96,0
thrashing,synthetic,,NRU,ProportionalAllocation,204,5,1,0.3243,0.5049,1.5568917668825162,108,0,108,0
thrashing,synthetic,,NRU,ProportionalAllocation,204,6,0,0.3287,0.4819,1.466078491025251,96,0,96,0
thrashing,synthetic,,NRU,ProportionalAllocation,204,6,1,0.3221,0.4875,1.5135051226327227,108,0,108,0
thrashing,synthetic,,NRU,ProportionalAllocation,204,7,0,0.3136,0.4985,1.5896045918367347,96,0,96,0
thrashing,synthetic,,NRU,ProportionalAllocation,204,7,1,0.3217,0.5106,1.5871930369909855,108,0,108,0
thrashing,synthetic,,NRU,ProportionalAllocation,204,8,0,0.3232,0.4813,1.4891707920792079,96,0,96,0
thrashing,synthetic,,NRU,ProportionalAllocation,204,8,1,0.3283,0.4856,1.4791349375571123,108,0,108,0
thrashing,synthetic,,NRU,ProportionalAllocation,204,9,0,0.317,0.4984,1.5722397476340695,96,0,96,0
thrashing,synthetic,,NRU,ProportionalAllocation,204,9,1,0.3243,0.5193,1.601295097132285,108,0,108,0
thrashing,synthetic,,SecondChance,GlobalAllocation,204,0,0,0.5224,1.2226,2.340352220520674,96,,,
thrashing,synthetic,,SecondChance,GlobalAllocation,204,0,1,0.621,1.3827,2.2265700483091786,108,,,
thrashing,synthetic,,SecondChance,GlobalAllocation,204,1,0,0.2853,0.5998,2.102348405187522,96,,,
thrashing,synthetic,,SecondChance,GlobalAllocation,204,1,1,0.2937,0.7335,2.497446373850868,108,,,
thrashing,synthetic,,SecondChance,GlobalAllocation,204,2,0,0.2839,0.5874,2.069038393800634,96,,,
thrashing,synthetic,,SecondChance,GlobalAllocation,204,2,1,0.2883,0.7399,2.566423864030524,108,,,
thrashing,synthetic,,SecondChance,GlobalAllocation,204,3,0,0.286,0.5886,2.058041958041958,96,,,
thrashing,synthetic,,SecondChance,GlobalAllocation,204,3,1,0.2937,0.7375,2.511065713312904,108,,,
thrashing,synthetic,,SecondChance,GlobalAllocation,204,4,0,0.2817,0.6135,2.1778487752928646,96,,,
thrashing,synthetic,,SecondChance,GlobalAllocation,204,4,1,0.2929,0.7317,2.498122226015705,108,,,
thrashing,synthetic,,SecondChance,GlobalAllocation,204,5,0,0.2797,0.5989,2.141222738648552,96,,,
thrashing,synthetic,,SecondChance,GlobalAllocation,204,5,1,0.2863,0.7416,2.5902899056933286,108,,,
thrashing,synthetic,,SecondChance,GlobalAllocation,204,6,0,0.2814,0.6011,2.1361051883439943,96,,,
thrashing,synthetic,,SecondChance,GlobalAllocation,204,6,1,0.2902,0.7431,2.5606478290833907,108,,,
thrashing,synthetic,,SecondChance,GlobalAllocation,204,7,0,0.2822,0.6209,2.2002126151665484,96,,,
thrashing,synthetic,,SecondChance,GlobalAllocation,204,7,1,0.2914,0.7506,2.575840768702814,108,,,
thrashing,synthetic,,SecondChance,GlobalAllocation,204,8,0,0.2832,0.6135,2.1663135593220337,96,,,
thrashing,synthetic,,SecondChance,GlobalAllocation,204,8,1,0.292,0.7268,2.489041095890411,108,,,
thrashing,synthetic,,SecondChance,GlobalAllocation,204,9,0,0.2845,0.6073,2.134622144112478,96,,,
thrashing,synthetic,,SecondChance,GlobalAllocation,204,9,1,0.2908,0.7591,2.610385144429161,108,,,
thrashing,synthetic,,SecondChance,LocalAllocation,204,0,0,0.2849,0.4708,1.6525096525096525,96,0,96,0
thrashing,synthetic,,SecondChance,LocalAllocation,204,0,1,0.2885,2.2637,7.846447140381282,1500,1398,1500,445
thrashing,synthetic,,SecondChance,LocalAllocation,204,1,0,0.2842,0.4653,1.6372273047149895,96,0,96,0
thrashing,synthetic,,SecondChance,LocalAllocation,204,1,1,0.2952,2.2661,7.676490514905149,1500,1398,1500,427
thrashing,synthetic,,SecondChance,LocalAllocation,204,2,0,0.2824,0.4867,1.723441926345609,96,0,96,0
thrashing,synthetic,,SecondChance,LocalAllocation,204,2,1,0.293,2.287,7.805460750853243,1500,1398,1500,410
thrashing,synthetic,,SecondChance,LocalAllocation,204,3,0,0.2872,0.4776,1.6629526462395543,96,0,96,0
thrashing,synthetic,,SecondChance,LocalAllocation,204,3,1,0.2876,2.2636,7.870653685674548,1500,1398,1500,413
thrashing,synthetic,,SecondChance,LocalAllocation,204,4,0,0.286,0.4746,1.6594405594405595,96,0,96,0
thrashing,synthetic,,SecondChance,LocalAllocation,204,4,1,0.2955,2.2753,7.699830795262267,1500,1398,1500,443
thrashing,synthetic,,SecondChance,LocalAllocation,204,5,0,0.2791,0.4696,1.6825510569688285,96,0,96,0
thrashing,synthetic,,SecondChance,LocalAllocation,204,5,1,0.2945,2.2363,7.593548387096774,1500,1398,1500,395
thrashing,synthetic,,SecondChance,LocalAllocation,204,6,0,0.2773,0.4634,1.6711143166245943,96,0,96,0
thrashing,synthetic,,SecondChance,LocalAllocation,204,6,1,0.2892,2.255,7.797372060857538,1500,1398,1500,420
thrashing,synthetic,,SecondChance,LocalAllocation,204,7,0,0.2829,0.4694,1.6592435489572288,96,0,96,0
thrashing,synthetic,,SecondChance,LocalAllocation,204,7,1,0.2927,2.2617,7.727024256918346,1500,1398,1500,431
thrashing,synthetic,,SecondChance,LocalAllocation,204,8,0,0.2809,0.465,1.6553933784264863,96,0,96,0
thrashing,synthetic,,SecondChance,LocalAllocation,204,8,1,0.2897,2.2545,7.782188470831895,1500,1398,1500,414
thrashing,synthetic,,SecondChance,LocalAllocation,204,9,0,0.2842,0.466,1.6396903589021816,96,0,96,0
thrashing,synthetic,,SecondChance,LocalAllocation,204,9,1,0.2895,2.2506,7.774093264248704,1500,1398,1500,446
thrashing,synthetic,,SecondChance,ProportionalAllocation,204,0,0,0.2773,0.4343,1.566173818968626,96,0,96,0
thrashing,synthetic,,SecondChance,ProportionalAllocation,204,0,1,0.2932,0.4482,1.528649386084584,108,0,108,0
thrashing,synthetic,,SecondChance,ProportionalAllocation,204,1,0,0.2816,0.4571,1.6232244318181819,96,0,96,0
thrashing,synthetic,,SecondChance,ProportionalAllocation,204,1,1,0.2928,0.4718,1.6113387978142077,108,0,108,0
thrashing,synthetic,,SecondChance,ProportionalAllocation,204,2,0,0.276,0.4415,1.5996376811594204,96,0,96,0
thrashing,synthetic,,SecondChance,ProportionalAllocation,204,2,1,0.2911,0.4506,1.5479216763998627,108,0,108,0
thrashing,synthetic,,SecondChance,ProportionalAllocation,204,3,0,0.2856,0.4555,1.594887955182073,96,0,96,0
thrashing,synthetic,,SecondChance,ProportionalAllocation,204,3,1,0.294,0.4658,1.5843537414965987,108,0,108,0
thrashing,synthetic,,SecondChance,ProportionalAllocation,204,4,0,0.2825,0.4568,1.6169911504424779,96,0,96,0
thrashing,synthetic,,SecondChance,ProportionalAllocation,204,4,1,0.3129,0.4715,1.5068712048577821,108,0,108,0
thrashing,synthetic,,SecondChance,ProportionalAllocation,204,5,0,0.2801,0.4419,1.5776508389860764,96,0,96,0
thrashing,synthetic,,SecondChance,ProportionalAllocation,204,5,1,0.2922,0.4484,1.5345653661875427,108,0,108,0
thrashing,synthetic,,SecondChance,ProportionalAllocation,204,6,0,0.2815,0.4599,1.6337477797513322,96,0,96,0
thrashing,synthetic,,SecondChance,ProportionalAllocation,204,6,1,0.2918,0.4699,1.6103495544893762,108,0,108,0
thrashing,synthetic,,SecondChance,ProportionalAllocation,204,7,0,0.3003,0.4357,1.450882450882451,96,0,96,0
thrashing,synthetic,,SecondChance,ProportionalAllocation,204,7,1,0.3497,0.4525,1.2939662567915355,108,0,108,0
thrashing,synthetic,,SecondChance,ProportionalAllocation,204,8,0,0.2847,0.4501,1.580962416578855,96,0,96,0
thrashing,synthetic,,SecondChance,ProportionalAllocation,204,8,1,0.2908,0.4587,1.577372764786795,108,0,108,0
thrashing,synthetic,,SecondChance,ProportionalAllocation,204,9,0,0.2805,0.4491,1.6010695187165775,96,0,96,0
thrashing,synthetic,,SecondChance,ProportionalAllocation,204,9,1,0.2872,0.4599,1.6013231197771587,108,0,108,0
thrashing,synthetic,,WSClock,GlobalAllocation,204,0,0,0.2845,0.6006,2.1110720562390157,96,,,
thrashing,synthetic,,WSClock,GlobalAllocation,204,0,1,0.292,0.739,2.530821917808219,108,,,
thrashing,synthetic,,WSClock,GlobalAllocation,204,1,0,0.2833,0.6097,2.1521355453582776,96,,,
thrashing,synthetic,,WSClock,GlobalAllocation,204,1,1,0.302,0.7341,2.430794701986755,108,,,
thrashing,synthetic,,WSClock,GlobalAllocation,204,2,0,0.2847,0.6057,2.1275026343519494,96,,,
thrashing,synthetic,,WSClock,GlobalAllocation,204,2,1,0.2976,0.7478,2.512768817204301,108,,,
thrashing,synthetic,,WSClock,GlobalAllocation,204,3,0,0.2847,0.6104,2.144011239901651,96,,,
thrashing,synthetic,,WSClock,GlobalAllocation,204,3,1,0.2954,0.756,2.559241706161137,108,,,
thrashing,synthetic,,WSClock,GlobalAllocation,204,4,0,0.282,0.6099,2.1627659574468083,96,,,
thrashing,synthetic,,WSClock,GlobalAllocation,204,4,1,0.2973,0.7364,2.476959300369997,108,,,
thrashing,synthetic,,WSClock,GlobalAllocation,204,5,0,0.2615,0.6848,2.618738049713193,96,,,
thrashing,synthetic,,WSClock,GlobalAllocation,204,5,1,0.2688,0.8187,3.0457589285714284,108,,,
thrashing,synthetic,,WSClock,GlobalAllocation,204,6,0,0.2834,0.6009,2.1203246294989415,96,,,
thrashing,synthetic,,WSClock,GlobalAllocation,204,6,1,0.2891,0.7388,2.5555171221030784,108,,,
thrashing,synthetic,,WSClock,GlobalAllocation,204,7,0,0.2808,0.6161,2.194088319088319,96,,,
thrashing,synthetic,,WSClock,GlobalAllocation,204,7,1,0.2891,0.7465,2.5821515046696644,108,,,
thrashing,synthetic,,WSClock,GlobalAllocation,204,8,0,0.2892,0.6223,2.1517980636237897,96,,,
thrashing,synthetic,,WSClock,GlobalAllocation,204,8,1,0.2916,0.7363,2.525034293552812,108,,,
thrashing,synthetic,,WSClock,GlobalAllocation,204,9,0,0.2817,0.6032,2.141285055023074,96,,,
thrashing,synthetic,,WSClock,GlobalAllocation,204,9,1,0.294,0.7524,2.559183673469388,108,,,
thrashing,synthetic,,WSClock,LocalAllocation,204,0,0,0.2831,0.4827,1.7050512186506535,96,0,96,0
thrashing,synthetic,,WSClock,LocalAllocation,204,0,1,0.2936,17.231,58.688692098092645,1325,1223,1325,380
thrashing,synthetic,,WSClock,LocalAllocation,204,1,0,0.2842,0.4639,1.632301196340605,96,0,96,0
thrashing,synthetic,,WSClock,LocalAllocation,204,1,1,0.2923,16.9222,57.89326034895655,1339,1237,1339,368
thrashing,synthetic,,WSClock,LocalAllocation,204,2,0,0.2862,0.4748,1.6589797344514325,96,0,96,0
thrashing,synthetic,,WSClock,LocalAllocation,204,2,1,0.3023,16.5977,54.90473040026464,1346,1244,1346,356
thrashing,synthetic,,WSClock,LocalAllocation,204,3,0,0.2828,0.4814,1.7022630834512023,96,0,96,0
thrashing,synthetic,,WSClock,LocalAllocation,204,3,1,0.2919,16.7557,57.40219253168893,1339,1237,1339,363
thrashing,synthetic,,WSClock,LocalAllocation,204,4,0,0.2818,0.4763,1.6902058197303051,96,0,96,0
thrashing,synthetic,,WSClock,LocalAllocation,204,4,1,0.2945,17.8675,60.67062818336163,1340,1238,1340,387
thrashing,synthetic,,WSClock,LocalAllocation,204,5,0,0.2778,0.4804,1.7293016558675307,96,0,96,0
thrashing,synthetic,,WSClock,LocalAllocation,204,5,1,0.2916,16.2862,55.851165980795614,1347,1245,1347,344
thrashing,synthetic,,WSClock,LocalAllocation,204,6,0,0.2808,0.6177,2.199786324786325,96,0,96,0
thrashing,synthetic,,WSClock,LocalAllocation,204,6,1,0.2949,18.774,63.66225839267548,1342,1240,1342,370
thrashing,synthetic,,WSClock,LocalAllocation,204,7,0,0.279,0.4649,1.6663082437275987,96,0,96,0
thrashing,synthetic,,WSClock,LocalAllocation,204,7,1,0.2935,16.9011,57.584667802385006,1339,1237,1339,367
thrashing,synthetic,,WSClock,LocalAllocation,204,8,0,0.2821,0.473,1.6767103863878057,96,0,96,0
thrashing,synthetic,,WSClock,LocalAllocation,204,8,1,0.3005,16.5767,55.16372712146423,1334,1232,1334,357
thrashing,synthetic,,WSClock,LocalAllocation,204,9,0,0.2773,0.4699,1.6945546339704292,96,0,96,0
thrashing,synthetic,,WSClock,LocalAllocation,204,9,1,0.2874,17.4634,60.7633959638135,1331,1229,1331,384
thrashing,synthetic,,WSClock,ProportionalAllocation,204,0,0,0.2811,0.4404,1.5667022411953042,96,0,96,0
thrashing,synthetic,,WSClock,ProportionalAllocation,204,0,1,0.2902,0.4518,1.5568573397656789,108,0,108,0
thrashing,synthetic,,WSClock,ProportionalAllocation,204,1,0,0.2832,0.4447,1.5702683615819208,96,0,96,0
thrashing,synthetic,,WSClock,ProportionalAllocation,204,1,1,0.2945,0.4551,1.5453310696095077,108,0,108,0
thrashing,synthetic,,WSClock,ProportionalAllocation,204,2,0,0.2772,0.4701,1.6958874458874458,96,0,96,0
thrashing,synthetic,,WSClock,ProportionalAllocation,204,2,1,0.29,0.4711,1.6244827586206896,108,0,108,0
thrashing,synthetic,,WSClock,ProportionalAllocation,204,3,0,0.2834,0.4561,1.6093860268172195,96,0,96,0
thrashing,synthetic,,WSClock,ProportionalAllocation,204,3,1,0.2939,0.4699,1.5988431439265056,108,0,108,0
thrashing,synthetic,,WSClock,ProportionalAllocation,204,4,0,0.2826,0.4719,1.6698513800424628,96,0,96,0
thrashing,synthetic,,WSClock,ProportionalAllocation,204,4,1,0.2905,0.4812,1.6564543889845094,108,0,108,0
thrashing,synthetic,,WSClock,ProportionalAllocation,204,5,0,0.2805,0.4525,1.6131907308377897,96,0,96,0
thrashing,synthetic,,WSClock,ProportionalAllocation,204,5,1,0.2944,0.4627,1.5716711956521738,108,0,108,0
thrashing,synthetic,,WSClock,ProportionalAllocation,204,6,0,0.2946,0.4509,1.530549898167006,96,0,96,0
thrashing,synthetic,,WSClock,ProportionalAllocation,204,6,1,0.2888,0.4583,1.5869113573407203,108,0,108,0
thrashing,synthetic,,WSClock,ProportionalAllocation,204,7,0,0.3078,0.4362,1.4171539961013646,96,0,96,0
thrashing,synthetic,,WSClock,ProportionalAllocation,204,7,1,0.3121,0.4516,1.4469721243191285,108,0,108,0
thrashing,synthetic,,WSClock,ProportionalAllocation,204,8,0,0.3031,0.4525,1.4929066314747608,96,0,96,0
thrashing,synthetic,,WSClock,ProportionalAllocation,204,8,1,0.292,0.4576,1.5671232876712329,108,0,108,0
thrashing,synthetic,,WSClock,ProportionalAllocation,204,9,0,0.2865,0.4483,1.5647469458987784,96,0,96,0
thrashing,synthetic,,WSClock,ProportionalAllocation,204,9,1,0.2876,0.4571,1.5893602225312935,108,0,108,0
thrashing,synthetic,,FIFO,GlobalAllocation,245,0,0,0.1844,0.4584,2.4859002169197395,96,,,
thrashing,synthetic,,FIFO,GlobalAllocation,245,0,1,0.1921,0.5804,3.021343050494534,108,,,
thrashing,synthetic,,FIFO,GlobalAllocation,245,1,0,0.1838,0.4576,2.489662676822633,96,,,
thrashing,synthetic,,FIFO,GlobalAllocation,245,1,1,0.1878,0.5411,2.8812566560170394,108,,,
thrashing,synthetic,,FIFO,GlobalAllocation,245,2,0,0.1854,0.4772,2.5738942826321467,96,,,
thrashing,synthetic,,FIFO,GlobalAllocation,245,2,1,0.1889,0.5664,2.9984118581259924,108,,,
thrashing,synthetic,,FIFO,GlobalAllocation,245,3,0,0.1867,0.4616,2.4724156400642743,96,,,
thrashing,synthetic,,FIFO,GlobalAllocation,245,3,1,0.1898,0.5584,2.9420442571127503,108,,,
thrashing,synthetic,,FIFO,GlobalAllocation,245,4,0,0.1866,0.4482,2.401929260450161,96,,,
thrashing,synthetic,,FIFO,GlobalAllocation,245,4,1,0.192,0.5468,2.847916666666667,108,,,
thrashing,synthetic,,FIFO,GlobalAllocation,245,5,0,0.1846,0.4441,2.405742145178765,96,,,
thrashing,synthetic,,FIFO,GlobalAllocation,245,5,1,0.1851,0.548,2.960561858454889,108,,,
thrashing,synthetic,,FIFO,GlobalAllocation,245,6,0,0.1855,0.4498,2.4247978436657682,96,,,
thrashing,synthetic,,FIFO,GlobalAllocation,245,6,1,0.1893,0.5495,2.9027997886951926,108,,,
thrashing,synthetic,,FIFO,GlobalAllocation,245,7,0,0.1885,0.4512,2.3936339522546417,96,,,
thrashing,synthetic,,FIFO,GlobalAllocation,245,7,1,0.1884,0.5443,2.8890658174097665,108,,,
thrashing,synthetic,,FIFO,GlobalAllocation,245,8,0,0.1905,0.4609,2.419422572178478,96,,,
thrashing,synthetic,,FIFO,GlobalAllocation,245,8,1,0.188,0.5618,2.9882978723404254,108,,,
thrashing,synthetic,,FIFO,GlobalAllocation,245,9,0,0.1842,0.4522,2.454940282301846,96,,,
thrashing,synthetic,,FIFO,GlobalAllocation,245,9,1,0.1896,0.5471,2.8855485232067513,108,,,
thrashing,synthetic,,FIFO,LocalAllocation,245,0,0,0.1887,0.336,1.78060413354531,96,0,96,0
thrashing,synthetic,,FIFO,LocalAllocation,245,0,1,0.1926,0.3423,1.777258566978193,108,0,108,0
thrashing,synthetic,,FIFO,LocalAllocation,245,1,0,0.1834,0.3345,1.8238822246455835,96,0,96,0
thrashing,synthetic,,FIFO,LocalAllocation,245,1,1,0.1908,0.3457,1.8118448637316562,108,0,108,0
thrashing,synthetic,,FIFO,LocalAllocation,245,2,0,0.1866,0.3371,1.8065380493033225,96,0,96,0
thrashing,synthetic,,FIFO,LocalAllocation,245,2,1,0.1869,0.3435,1.8378812199036918,108,0,108,0
thrashing,synthetic,,FIFO,LocalAllocation,245,3,0,0.1829,0.3496,1.9114270092946966,96,0,96,0
thrashing,synthetic,,FIFO,LocalAllocation,245,3,1,0.1848,0.3481,1.8836580086580086,108,0,108,0
thrashing,synthetic,,FIFO,LocalAllocation,245,4,0,0.1833,0.3367,1.8368794326241136,96,0,96,0
thrashing,synthetic,,FIFO,LocalAllocation,245,4,1,0.1919,0.3428,1.7863470557582073,108,0,108,0
thrashing,synthetic,,FIFO,LocalAllocation,245,5,0,0.1831,0.3343,1.8257782632441288,96,0,96,0
thrashing,synthetic,,FIFO,LocalAllocation,245,5,1,0.1878,0.3365,1.7917997870074547,108,0,108,0
thrashing,synthetic,,FIFO,LocalAllocation,245,6,0,0.1874,0.3395,1.8116328708644611,96,0,96,0
thrashing,synthetic,,FIFO,LocalAllocation,245,6,1,0.1894,0.3547,1.8727560718057021,108,0,108,0
thrashing,synthetic,,FIFO,LocalAllocation,245,7,0,0.193,0.335,1.7357512953367875,96,0,96,0
thrashing,synthetic,,FIFO,LocalAllocation,245,7,1,0.1888,0.3392,1.7966101694915255,108,0,108,0
thrashing,synthetic,,FIFO,LocalAllocation,245,8,0,0.184,0.3358,1.825,96,0,96,0
thrashing,synthetic,,FIFO,LocalAllocation,245,8,1,0.2205,0.3454,1.5664399092970522,108,0,108,0
thrashing,synthetic,,FIFO,LocalAllocation,245,9,0,0.1821,0.3376,1.8539264140582097,96,0,96,0
thrashing,synthetic,,FIFO,LocalAllocation,245,9,1,0.1874,0.3424,1.8271077908217717,108,0,108,0
thrashing,synthetic,,FIFO,ProportionalAllocation,245,0,0,0.3524,0.7099,2.014472190692395,96,0,96,0
thrashing,synthetic,,FIFO,ProportionalAllocation,245,0,1,0.3232,0.7244,2.241336633663366,108,0,108,0
thrashing,synthetic,,FIFO,ProportionalAllocation,245,1,0,0.1829,0.3406,1.8622197922361947,96,0,96,0
thrashing,synthetic,,FIFO,ProportionalAllocation,245,1,1,0.194,0.3474,1.7907216494845362,108,0,108,0
thrashing,synthetic,,FIFO,ProportionalAllocation,245,2,0,0.1819,0.3393,1.8653106102253987,96,0,96,0
thrashing,synthetic,,FIFO,ProportionalAllocation,245,2,1,0.186,0.3433,1.8456989247311828,108,0,108,0
thrashing,synthetic,,FIFO,ProportionalAllocation,245,3,0,0.188,0.3467,1.8441489361702128,96,0,96,0
thrashing,synthetic,,FIFO,ProportionalAllocation,245,3,1,0.2009,0.3541,1.7625684420109506,108,0,108,0
thrashing,synthetic,,FIFO,ProportionalAllocation,245,4,0,0.183,0.3399,1.8573770491803279,96,0,96,0
thrashing,synthetic,,FIFO,ProportionalAllocation,245,4,1,0.1894,0.3455,1.824181626187962,108,0,108,0
thrashing,synthetic,,FIFO,ProportionalAllocation,245,5,0,0.1952,0.3395,1.7392418032786885,96,0,96,0
thrashing,synthetic,,FIFO,ProportionalAllocation,245,5,1,0.1851,0.3414,1.8444084278768234,108,0,108,0
thrashing,synthetic,,FIFO,ProportionalAllocation,245,6,0,0.1777,0.3223,1.8137310073157007,96,0,96,0
thrashing,synthetic,,FIFO,ProportionalAllocation,245,6,1,0.1773,0.3258,1.8375634517766497,108,0,108,0
thrashing,synthetic,,FIFO,ProportionalAllocation,245,7,0,0.1771,0.3206,1.8102766798418972,96,0,96,0
thrashing,synthetic,,FIFO,ProportionalAllocation,245,7,1,0.1802,0.3263,1.8107658157602664,108,0,108,0
thrashing,synthetic,,FIFO,ProportionalAllocation,245,8,0,0.165,0.3205,1.9424242424242424,96,0,96,0
thrashing,synthetic,,FIFO,ProportionalAllocation,245,8,1,0.1686,0.3195,1.895017793594306,108,0,108,0
thrashing,synthetic,,FIFO,ProportionalAllocation,245,9,0,0.1855,0.3421,1.8442048517520215,96,0,96,0
thrashing,synthetic,,FIFO,ProportionalAllocation,245,9,1,0.1929,0.3481,1.8045619491964748,108,0,108,0
thrashing,synthetic,,LRU,GlobalAllocation,245,0,0,0.3073,0.6484,2.10999023755288,96,,,
thrashing,synthetic,,LRU,GlobalAllocation,245,0,1,0.3088,0.8007,2.592940414507772,108,,,
thrashing,synthetic,,LRU,GlobalAllocation,245,1,0,0.305,0.6414,2.102950819672131,96,,,
thrashing,synthetic,,LRU,GlobalAllocation,245,1,1,0.3119,0.7716,2.4738698300737414,108,,,
thrashing,synthetic,,LRU,GlobalAllocation,245,2,0,0.3011,0.6312,2.096313517103952,96,,,
thrashing,synthetic,,LRU,GlobalAllocation,245,2,1,0.3074,0.763,2.482108002602472,108,,,
thrashing,synthetic,,LRU,GlobalAllocation,245,3,0,0.3074,0.6263,2.0374105400130125,96,,,
thrashing,synthetic,,LRU,GlobalAllocation,245,3,1,0.3114,0.7466,2.397559409120103,108,,,
thrashing,synthetic,,LRU,GlobalAllocation,245,4,0,0.2982,0.6399,2.1458752515090542,96,,,
thrashing,synthetic,,LRU,GlobalAllocation,245,4,1,0.3097,0.7618,2.4597998062641264,108,,,
thrashing,synthetic,,LRU,GlobalAllocation,245,5,0,0.3027,0.6277,2.073670300627684,96,,,
thrashing,synthetic,,LRU,GlobalAllocation,245,5,1,0.3048,0.7624,2.5013123359580054,108,,,
thrashing,synthetic,,LRU,GlobalAllocation,245,6,0,0.3035,0.64,2.1087314662273475,96,,,
thrashing,synthetic,,LRU,GlobalAllocation,245,6,1,0.323,0.7706,2.3857585139318886,108,,,
thrashing,synthetic,,LRU,GlobalAllocation,245,7,0,0.3092,0.6419,2.0760025873221215,96,,,
thrashing,synthetic,,LRU,GlobalAllocation,245,7,1,0.3055,0.7646,2.50278232405892,108,,,
thrashing,synthetic,,LRU,GlobalAllocation,245,8,0,0.6707,1.0825,1.613985388400179,96,,,
thrashing,synthetic,,LRU,GlobalAllocation,245,8,1,0.6143,1.2914,2.1022301806934722,108,,,
thrashing,synthetic,,LRU,GlobalAllocation,245,9,0,0.3024,0.6418,2.122354497354497,96,,,
thrashing,synthetic,,LRU,GlobalAllocation,245,9,1,0.3069,0.7641,2.4897360703812317,108,,,
thrashing,synthetic,,LRU,LocalAllocation,245,0,0,0.3008,0.4571,1.5196143617021276,96,0,96,0
thrashing,synthetic,,LRU,LocalAllocation,245,0,1,0.3061,0.4663,1.5233583796145052,108,0,108,0
thrashing,synthetic,,LRU,LocalAllocation,245,1,0,0.3003,0.4623,1.5394605394605394,96,0,96,0
thrashing,synthetic,,LRU,LocalAllocation,245,1,1,0.3095,0.4671,1.5092084006462037,108,0,108,0
thrashing,synthetic,,LRU,LocalAllocation,245,2,0,0.3066,0.488,1.5916503587736464,96,0,96,0
thrashing,synthetic,,LRU,LocalAllocation,245,2,1,0.3142,0.4915,1.5642902609802674,108,0,108,0
thrashing,synthetic,,LRU,LocalAllocation,245,3,0,0.3097,0.4928,1.5912173070713593,96,0,96,0
thrashing,synthetic,,LRU,LocalAllocation,245,3,1,0.3038,0.5115,1.683673469387755,108,0,108,0
thrashing,synthetic,,LRU,LocalAllocation,245,4,0,0.3007,0.4704,1.5643498503491853,96,0,96,0
thrashing,synthetic,,LRU,LocalAllocation,245,4,1,0.3042,0.4729,1.5545693622616699,108,0,108,0
thrashing,synthetic,,LRU,LocalAllocation,245,5,0,0.3062,0.486,1.5871979098628348,96,0,96,0
thrashing,synthetic,,LRU,LocalAllocation,245,5,1,0.3067,0.4935,1.6090642321486794,108,0,108,0
thrashing,synthetic,,LRU,LocalAllocation,245,6,0,0.3035,0.4594,1.513673805601318,96,0,96,0
thrashing,synthetic,,LRU,LocalAllocation,245,6,1,0.3034,0.4642,1.5299934080421886,108,0,108,0
thrashing,synthetic,,LRU,LocalAllocation,245,7,0,0.3047,0.4925,1.6163439448638004,96,0,96,0
thrashing,synthetic,,LRU,LocalAllocation,245,7,1,0.3277,0.4918,1.5007628928898382,108,0,108,0
thrashing,synthetic,,LRU,LocalAllocation,245,8,0,0.3017,0.4611,1.5283394100099437,96,0,96,0
thrashing,synthetic,,LRU,LocalAllocation,245,8,1,0.4432,0.4705,1.0615974729241877,108,0,108,0
thrashing,synthetic,,LRU,LocalAllocation,245,9,0,0.3019,0.4585,1.5187148062272275,96,0,96,0
thrashing,synthetic,,LRU,LocalAllocation,245,9,1,0.304,0.4636,1.525,108,0,108,0
thrashing,synthetic,,LRU,ProportionalAllocation,245,0,0,0.3025,0.4655,1.5388429752066115,96,0,96,0
thrashing,synthetic,,LRU,ProportionalAllocation,245,0,1,0.3236,0.472,1.4585908529048208,108,0,108,0
thrashing,synthetic,,LRU,ProportionalAllocation,245,1,0,0.3028,0.4601,1.5194848084544255,96,0,96,0
thrashing,synthetic,,LRU,ProportionalAllocation,245,1,1,0.304,0.4692,1.543421052631579,108,0,108,0
thrashing,synthetic,,LRU,ProportionalAllocation,245,2,0,0.2986,0.4932,1.651707970529136,96,0,96,0
thrashing,synthetic,,LRU,ProportionalAllocation,245,2,1,0.3082,0.4947,1.6051265412070084,108,0,108,0
thrashing,synthetic,,LRU,ProportionalAllocation,245,3,0,0.3121,0.4801,1.5382890099327138,96,0,96,0
thrashing,synthetic,,LRU,ProportionalAllocation,245,3,1,0.306,0.484,1.5816993464052287,108,0,108,0
thrashing,synthetic,,LRU,ProportionalAllocation,245,4,0,0.3012,0.4923,1.6344621513944224,96,0,96,0
thrashing,synthetic,,LRU,ProportionalAllocation,245,4,1,0.311,0.4943,1.5893890675241158,108,0,108,0
thrashing,synthetic,,LRU,ProportionalAllocation,245,5,0,0.3091,0.4743,1.534454868974442,96,0,96,0
thrashing,synthetic,,LRU,ProportionalAllocation,245,5,1,0.3009,0.476,1.5819209039548023,108,0,108,0
thrashing,synthetic,,LRU,ProportionalAllocation,245,6,0,0.306,0.4811,1.5722222222222222,96,0,96,0
thrashing,synthetic,,LRU,ProportionalAllocation,245,6,1,0.3065,0.4853,1.5833605220228384,108,0,108,0
thrashing,synthetic,,LRU,ProportionalAllocation,245,7,0,0.302,0.4817,1.5950331125827815,96,0,96,0
thrashing,synthetic,,LRU,ProportionalAllocation,245,7,1,0.3023,0.4949,1.6371154482302348,108,0,108,0
thrashing,synthetic,,LRU,ProportionalAllocation,245,8,0,0.312,0.4919,1.576602564102564,96,0,96,0
thrashing,synthetic,,LRU,ProportionalAllocation,245,8,1,0.3043,0.5008,1.6457443312520539,108,0,108,0
thrashing,synthetic,,LRU,ProportionalAllocation,245,9,0,0.3061,0.4897,1.5998039856256125,96,0,96,0
thrashing,synthetic,,LRU,ProportionalAllocation,245,9,1,0.307,0.4923,1.6035830618892508,108,0,108,0
thrashing,synthetic,,NRU,GlobalAllocation,245,0,0,0.6285,0.9539,1.5177406523468575,96,,,
thrashing,synthetic,,NRU,GlobalAllocation,245,0,1,0.3853,1.115,2.8938489488710095,108,,,
thrashing,synthetic,,NRU,GlobalAllocation,245,1,0,0.3259,0.657,2.015955814667076,96,,,
thrashing,synthetic,,NRU,GlobalAllocation,245,1,1,0.3531,0.7573,2.144718210138771,108,,,
thrashing,synthetic,,NRU,GlobalAllocation,245,2,0,0.3348,0.6639,1.9829749103942653,96,,,
thrashing,synthetic,,NRU,GlobalAllocation,245,2,1,0.3378,0.7432,2.2001184132622855,108,,,
thrashing,synthetic,,NRU,GlobalAllocation,245,3,0,0.6208,1.3349,2.1502899484536084,96,,,
thrashing,synthetic,,NRU,GlobalAllocation,245,3,1,0.6667,1.5649,2.3472326383680815,108,,,
thrashing,synthetic,,NRU,GlobalAllocation,245,4,0,0.3192,0.6652,2.0839598997493733,96,,,
thrashing,synthetic,,NRU,GlobalAllocation,245,4,1,0.322,0.7315,2.2717391304347827,108,,,
thrashing,synthetic,,NRU,GlobalAllocation,245,5,0,0.6119,1.238,2.023206406275535,96,,,
thrashing,synthetic,,NRU,GlobalAllocation,245,5,1,0.6326,1.4381,2.2733164717040784,108,,,
thrashing,synthetic,,NRU,GlobalAllocation,245,6,0,0.3209,0.8126,2.5322530383296975,96,,,
thrashing,synthetic,,NRU,GlobalAllocation,245,6,1,0.3368,0.9436,2.8016627078384797,108,,,
thrashing,synthetic,,NRU,GlobalAllocation,245,7,0,0.3173,0.6596,2.0787897888433657,96,,,
thrashing,synthetic,,NRU,GlobalAllocation,245,7,1,0.3237,0.7708,2.3812171763978993,108,,,
thrashing,synthetic,,NRU,GlobalAllocation,245,8,0,0.3319,0.6543,1.9713769207592649,96,,,
thrashing,synthetic,,NRU,GlobalAllocation,245,8,1,0.323,0.7651,2.3687306501547987,108,,,
thrashing,synthetic,,NRU,GlobalAllocation,245,9,0,0.3371,0.662,1.9638089587659449,96,,,
thrashing,synthetic,,NRU,GlobalAllocation,245,9,1,0.3311,0.7257,2.1917849592268195,108,,,
thrashing,synthetic,,NRU,LocalAllocation,245,0,0,0.3319,0.4765,1.4356733956010848,96,0,96,0
thrashing,synthetic,,NRU,LocalAllocation,245,0,1,0.323,0.4908,1.5195046439628483,108,0,108,0
thrashing,synthetic,,NRU,LocalAllocation,245,1,0,0.3129,0.4879,1.5592841163310962,96,0,96,0
thrashing,synthetic,,NRU,LocalAllocation,245,1,1,0.3336,0.4984,1.4940047961630696,108,0,108,0
thrashing,synthetic,,NRU,LocalAllocation,245,2,0,0.3185,0.4927,1.546938775510204,96,0,96,0
thrashing,synthetic,,NRU,LocalAllocation,245,2,1,0.3197,0.4842,1.514544885830466,108,0,108,0
thrashing,synthetic,,NRU,LocalAllocation,245,3,0,0.3183,0.4942,1.5526233113415018,96,0,96,0
thrashing,synthetic,,NRU,LocalAllocation,245,3,1,0.3318,0.5218,1.5726341169379143,108,0,108,0
thrashing,synthetic,,NRU,LocalAllocation,245,4,0,0.3157,0.4898,1.5514729173265758,96,0,96,0
thrashing,synthetic,,NRU,LocalAllocation,245,4,1,0.3221,0.4922,1.5280968643278485,108,0,108,0
thrashing,synthetic,,NRU,LocalAllocation,245,5,0,0.3409,0.5122,1.5024933998239953,96,0,96,0
thrashing,synthetic,,NRU,LocalAllocation,245,5,1,0.3383,0.5193,1.5350280815843926,108,0,108,0
thrashing,synthetic,,NRU,LocalAllocation,245,6,0,0.3295,0.4948,1.501669195751138,96,0,96,0
thrashing,synthetic,,NRU,LocalAllocation,245,6,1,0.3219,0.5018,1.5588692140416278,108,0,108,0
thrashing,synthetic,,NRU,LocalAllocation,245,7,0,0.3141,0.4652,1.481056988220312,96,0,96,0
thrashing,synthetic,,NRU,LocalAllocation,245,7,1,0.3348,0.4716,1.4086021505376345,108,0,108,0
thrashing,synthetic,,NRU,LocalAllocation,245,8,0,0.3184,0.4939,1.5511934673366834,96,0,96,0
thrashing,synthetic,,NRU,LocalAllocation,245,8,1,0.3341,0.5019,1.502244836875187,108,0,108,0
thrashing,synthetic,,NRU,LocalAllocation,245,9,0,0.3334,0.4779,1.4334133173365327,96,0,96,0
thrashing,synthetic,,NRU,LocalAllocation,245,9,1,0.3209,0.4863,1.5154253661576815,108,0,108,0
thrashing,synthetic,,NRU,ProportionalAllocation,245,0,0,0.3293,0.4634,1.4072274521712724,96,0,96,0
thrashing,synthetic,,NRU,ProportionalAllocation,245,0,1,0.309,0.4884,1.5805825242718448,108,0,108,0
thrashing,synthetic,,NRU,ProportionalAllocation,245,1,0,0.3142,0.4919,1.5655633354551242,96,0,96,0
thrashing,synthetic,,NRU,ProportionalAllocation,245,1,1,0.3235,0.5004,1.5468315301391036,108,0,108,0
thrashing,synthetic,,NRU,ProportionalAllocation,245,2,0,0.3306,0.4866,1.471869328493648,96,0,96,0
thrashing,synthetic,,NRU,ProportionalAllocation,245,2,1,0.3176,0.4978,1.5673803526448362,108,0,108,0
thrashing,synthetic,,NRU,ProportionalAllocation,245,3,0,0.326,0.4834,1.4828220858895707,96,0,96,0
thrashing,synthetic,,NRU,ProportionalAllocation,245,3,1,0.3337,0.4934,1.4785735690740185,108,0,108,0
thrashing,synthetic,,NRU,ProportionalAllocation,245,4,0,0.3153,0.488,1.547732318426895,96,0,96,0
thrashing,synthetic,,NRU,ProportionalAllocation,245,4,1,0.331,0.4918,1.4858006042296072,108,0,108,0
thrashing,synthetic,,NRU,ProportionalAllocation,245,5,0,0.3279,0.4682,1.427874351936566,96,0,96,0
thrashing,synthetic,,NRU,ProportionalAllocation,245,5,1,0.3337,0.4761,1.4267305963440216,108,0,108,0
thrashing,synthetic,,NRU,ProportionalAllocation,245,6,0,0.3333,0.4823,1.447044704470447,96,0,96,0
thrashing,synthetic,,NRU,ProportionalAllocation,245,6,1,0.3327,0.488,1.4667868951006913,108,0,108,0
thrashing,synthetic,,NRU,ProportionalAllocation,245,7,0,0.3524,0.4689,1.3305902383654937,96,0,96,0
thrashing,synthetic,,NRU,ProportionalAllocation,245,7,1,0.3374,0.4757,1.4098992294013042,108,0,108,0
thrashing,synthetic,,NRU,ProportionalAllocation,245,8,0,0.3163,0.4927,1.5576983876067025,96,0,96,0
thrashing,synthetic,,NRU,ProportionalAllocation,245,8,1,0.3191,0.4994,1.5650266374177373,108,0,108,0
thrashing,synthetic,,NRU,ProportionalAllocation,245,9,0,0.3245,0.4939,1.5220338983050847,96,0,96,0
thrashing,synthetic,,NRU,ProportionalAllocation,245,9,1,0.3227,0.4963,1.5379609544468547,108,0,108,0
thrashing,synthetic,,SecondChance,GlobalAllocation,245,0,0,0.282,0.6113,2.167730496453901,96,,,
thrashing,synthetic,,SecondChance,GlobalAllocation,245,0,1,0.2922,0.7429,2.5424366872005475,108,,,
thrashing,synthetic,,SecondChance,GlobalAllocation,245,1,0,0.2879,0.6175,2.1448419590135464,96,,,
thrashing,synthetic,,SecondChance,GlobalAllocation,245,1,1,0.2941,0.7428,2.5256715402924175,108,,,
thrashing,synthetic,,SecondChance,GlobalAllocation,245,2,0,0.2847,0.597,2.0969441517386724,96,,,
thrashing,synthetic,,SecondChance,GlobalAllocation,245,2,1,0.2916,0.7387,2.5332647462277094,108,,,
thrashing,synthetic,,SecondChance,GlobalAllocation,245,3,0,0.2849,0.6067,2.1295191295191294,96,,,
thrashing,synthetic,,SecondChance,GlobalAllocation,245,3,1,0.2914,0.7483,2.567947838023336,108,,,
thrashing,synthetic,,SecondChance,GlobalAllocation,245,4,0,0.2889,0.6209,2.1491865697473176,96,,,
thrashing,synthetic,,SecondChance,GlobalAllocation,245,4,1,0.2891,0.758,2.6219301279833966,108,,,
thrashing,synthetic,,SecondChance,GlobalAllocation,245,5,0,0.2827,0.6001,2.1227449593208347,96,,,
thrashing,synthetic,,SecondChance,GlobalAllocation,245,5,1,0.286,0.7425,2.5961538461538463,108,,,
thrashing,synthetic,,SecondChance,GlobalAllocation,245,6,0,0.2817,0.601,2.1334753283635073,96,,,
thrashing,synthetic,,SecondChance,GlobalAllocation,245,6,1,0.2961,0.741,2.502532928064843,108,,,
thrashing,synthetic,,SecondChance,GlobalAllocation,245,7,0,0.2856,0.6042,2.115546218487395,96,,,
thrashing,synthetic,,SecondChance,GlobalAllocation,245,7,1,0.2888,0.7362,2.549168975069252,108,,,
thrashing,synthetic,,SecondChance,GlobalAllocation,245,8,0,0.2668,0.5877,2.2027736131934033,96,,,
thrashing,synthetic,,SecondChance,GlobalAllocation,245,8,1,0.2831,0.7094,2.5058283292122923,108,,,
thrashing,synthetic,,SecondChance,GlobalAllocation,245,9,0,0.2836,0.599,2.11212976022567,96,,,
thrashing,synthetic,,SecondChance,GlobalAllocation,245,9,1,0.3119,0.7466,2.3937159345944212,108,,,
thrashing,synthetic,,SecondChance,LocalAllocation,245,0,0,0.2796,0.4336,1.5507868383404864,96,0,96,0
thrashing,synthetic,,SecondChance,LocalAllocation,245,0,1,0.289,0.4485,1.5519031141868511,108,0,108,0
thrashing,synthetic,,SecondChance,LocalAllocation,245,1,0,0.2791,0.4376,1.567896811178789,96,0,96,0
thrashing,synthetic,,SecondChance,LocalAllocation,245,1,1,0.3,0.4485,1.495,108,0,108,0
thrashing,synthetic,,SecondChance,LocalAllocation,245,2,0,0.2818,0.4896,1.737402413058907,96,0,96,0
thrashing,synthetic,,SecondChance,LocalAllocation,245,2,1,0.2941,0.4838,1.6450187011220674,108,0,108,0
thrashing,synthetic,,SecondChance,LocalAllocation,245,3,0,0.2926,0.4373,1.4945317840054682,96,0,96,0
thrashing,synthetic,,SecondChance,LocalAllocation,245,3,1,0.2998,0.4469,1.490660440293529,108,0,108,0
thrashing,synthetic,,SecondChance,LocalAllocation,245,4,0,0.2951,0.4395,1.489325652321247,96,0,96,0
thrashing,synthetic,,SecondChance,LocalAllocation,245,4,1,0.2932,0.448,1.5279672578444747,108,0,108,0
thrashing,synthetic,,SecondChance,LocalAllocation,245,5,0,0.2794,0.4418,1.5812455261274159,96,0,96,0
thrashing,synthetic,,SecondChance,LocalAllocation,245,5,1,0.3134,0.4517,1.4412890874282067,108,0,108,0
thrashing,synthetic,,SecondChance,LocalAllocation,245,6,0,0.2817,0.4401,1.5623003194888179,96,0,96,0
thrashing,synthetic,,SecondChance,LocalAllocation,245,6,1,0.3167,0.4536,1.432270287338175,108,0,108,0
thrashing,synthetic,,SecondChance,LocalAllocation,245,7,0,0.2812,0.4406,1.5668563300142246,96,0,96,0
thrashing,synthetic,,SecondChance,LocalAllocation,245,7,1,0.2892,0.4503,1.5570539419087137,108,0,108,0
thrashing,synthetic,,SecondChance,LocalAllocation,245,8,0,0.2826,0.4588,1.6234961075725407,96,0,96,0
thrashing,synthetic,,SecondChance,LocalAllocation,245,8,1,0.3085,0.4665,1.5121555915721232,108,0,108,0
thrashing,synthetic,,SecondChance,LocalAllocation,245,9,0,0.2833,0.4525,1.5972467349099895,96,0,96,0
thrashing,synthetic,,SecondChance,LocalAllocation,245,9,1,0.3057,0.4645,1.5194635263330063,108,0,108,0
thrashing,synthetic,,SecondChance,ProportionalAllocation,245,0,0,0.2796,0.4548,1.6266094420600858,96,0,96,0
thrashing,synthetic,,SecondChance,ProportionalAllocation,245,0,1,0.2932,0.4685,1.5978854024556617,108,0,108,0
thrashing,synthetic,,SecondChance,ProportionalAllocation,245,1,0,0.2905,0.4371,1.504647160068847,96,0,96,0
thrashing,synthetic,,SecondChance,ProportionalAllocation,245,1,1,0.2881,0.4524,1.5702880944116626,108,0,108,0
thrashing,synthetic,,SecondChance,ProportionalAllocation,245,2,0,0.2778,0.447,1.6090712742980562,96,0,96,0
thrashing,synthetic,,SecondChance,ProportionalAllocation,245,2,1,0.289,0.4579,1.5844290657439446,108,0,108,0
thrashing,synthetic,,SecondChance,ProportionalAllocation,245,3,0,0.2794,0.4406,1.5769506084466713,96,0,96,0
thrashing,synthetic,,SecondChance,ProportionalAllocation,245,3,1,0.2919,0.4572,1.566289825282631,108,0,108,0
thrashing,synthetic,,SecondChance,ProportionalAllocation,245,4,0,0.2836,0.4438,1.5648801128349787,96,0,96,0
thrashing,synthetic,,SecondChance,ProportionalAllocation,245,4,1,0.2928,0.4551,1.5543032786885247,108,0,108,0
thrashing,synthetic,,SecondChance,ProportionalAllocation,245,5,0,0.2805,0.4468,1.5928698752228163,96,0,96,0
thrashing,synthetic,,SecondChance,ProportionalAllocation,245,5,1,0.2979,0.4559,1.5303793219201074,108,0,108,0
thrashing,synthetic,,SecondChance,ProportionalAllocation,245,6,0,0.2794,0.4529,1.620973514674302,96,0,96,0
thrashing,synthetic,,SecondChance,ProportionalAllocation,245,6,1,0.291,0.4633,1.5920962199312714,108,0,108,0
thrashing,synthetic,,SecondChance,ProportionalAllocation,245,7,0,0.3107,0.4402,1.416800772449308,96,0,96,0
thrashing,synthetic,,SecondChance,ProportionalAllocation,245,7,1,0.2772,0.4499,1.623015873015873,108,0,108,0
thrashing,synthetic,,SecondChance,ProportionalAllocation,245,8,0,0.2827,0.4405,1.558188892819243,96,0,96,0
thrashing,synthetic,,SecondChance,ProportionalAllocation,245,8,1,0.2903,0.4515,1.5552876334826042,108,0,108,0
thrashing,synthetic,,SecondChance,ProportionalAllocation,245,9,0,0.2875,0.4482,1.5589565217391304,96,0,96,0
thrashing,synthetic,,SecondChance,ProportionalAllocation,245,9,1,0.2923,0.4562,1.5607252822442697,108,0,108,0
thrashing,synthetic,,WSClock,GlobalAllocation,245,0,0,0.2855,0.6058,2.121891418563923,96,,,
thrashing,synthetic,,WSClock,GlobalAllocation,245,0,1,0.2952,0.7404,2.508130081300813,108,,,
thrashing,synthetic,,WSClock,GlobalAllocation,245,1,0,0.2848,0.6177,2.1688904494382024,96,,,
thrashing,synthetic,,WSClock,GlobalAllocation,245,1,1,0.2912,0.7385,2.5360576923076925,108,,,
thrashing,synthetic,,WSClock,GlobalAllocation,245,2,0,0.5605,1.2731,2.2713648528099912,96,,,
thrashing,synthetic,,WSClock,GlobalAllocation,245,2,1,0.3019,1.5627,5.176217290493541,108,,,
thrashing,synthetic,,WSClock,GlobalAllocation,245,3,0,0.2831,0.6068,2.1434122218297422,96,,,
thrashing,synthetic,,WSClock,GlobalAllocation,245,3,1,0.3049,0.7449,2.44309609708101,108,,,
thrashing,synthetic,,WSClock,GlobalAllocation,245,4,0,0.284,0.6161,2.1693661971830984,96,,,
thrashing,synthetic,,WSClock,GlobalAllocation,245,4,1,0.2928,0.7361,2.5140027322404372,108,,,
thrashing,synthetic,,WSClock,GlobalAllocation,245,5,0,0.2838,0.6241,2.1990838618745596,96,,,
thrashing,synthetic,,WSClock,GlobalAllocation,245,5,1,0.2931,0.7518,2.5649948822927326,108,,,
thrashing,synthetic,,WSClock,GlobalAllocation,245,6,0,0.299,0.5914,1.9779264214046823,96,,,
thrashing,synthetic,,WSClock,GlobalAllocation,245,6,1,0.2893,0.7313,2.5278257863809195,108,,,
thrashing,synthetic,,WSClock,GlobalAllocation,245,7,0,0.2855,0.6178,2.163922942206655,96,,,
thrashing,synthetic,,WSClock,GlobalAllocation,245,7,1,0.2916,0.7442,2.5521262002743486,108,,,
thrashing,synthetic,,WSClock,GlobalAllocation,245,8,0,0.288,0.6231,2.1635416666666667,96,,,
thrashing,synthetic,,WSClock,GlobalAllocation,245,8,1,0.2904,0.8297,2.857093663911846,108,,,
thrashing,synthetic,,WSClock,GlobalAllocation,245,9,0,0.2846,0.5883,2.067111735769501,96,,,
thrashing,synthetic,,WSClock,GlobalAllocation,245,9,1,0.2968,0.7335,2.4713611859838274,108,,,
thrashing,synthetic,,WSClock,LocalAllocation,245,0,0,0.3141,0.4402,1.4014645017510348,96,0,96,0
thrashing,synthetic,,WSClock,LocalAllocation,245,0,1,0.2965,0.4551,1.5349072512647555,108,0,108,0
thrashing,synthetic,,WSClock,LocalAllocation,245,1,0,0.2874,0.4556,1.5852470424495477,96,0,96,0
thrashing,synthetic,,WSClock,LocalAllocation,245,1,1,0.2918,0.4682,1.604523646333105,108,0,108,0
thrashing,synthetic,,WSClock,LocalAllocation,245,2,0,0.2823,0.4474,1.5848388239461566,96,0,96,0
thrashing,synthetic,,WSClock,LocalAllocation,245,2,1,0.2899,0.4629,1.596757502587099,108,0,108,0
thrashing,synthetic,,WSClock,LocalAllocation,245,3,0,0.278,0.4375,1.5737410071942446,96,0,96,0
thrashing,synthetic,,WSClock,LocalAllocation,245,3,1,0.2895,0.4497,1.5533678756476683,108,0,108,0
thrashing,synthetic,,WSClock,LocalAllocation,245,4,0,0.2774,0.4394,1.5839942321557319,96,0,96,0
thrashing,synthetic,,WSClock,LocalAllocation,245,4,1,0.2971,0.4498,1.5139683608212724,108,0,108,0
thrashing,synthetic,,WSClock,LocalAllocation,245,5,0,0.5575,0.9288,1.6660089686098656,96,0,96,0
thrashing,synthetic,,WSClock,LocalAllocation,245,5,1,0.6082,0.9416,1.5481749424531404,108,0,108,0
thrashing,synthetic,,WSClock,LocalAllocation,245,6,0,0.2855,0.4378,1.5334500875656742,96,0,96,0
thrashing,synthetic,,WSClock,LocalAllocation,245,6,1,0.299,0.4533,1.5160535117056857,108,0,108,0
thrashing,synthetic,,WSClock,LocalAllocation,245,7,0,0.285,0.4341,1.523157894736842,96,0,96,0
thrashing,synthetic,,WSClock,LocalAllocation,245,7,1,0.3359,0.4417,1.3149746948496577,108,0,108,0
thrashing,synthetic,,WSClock,LocalAllocation,245,8,0,0.2816,0.4357,1.5472301136363635,96,0,96,0
thrashing,synthetic,,WSClock,LocalAllocation,245,8,1,0.2904,0.4455,1.5340909090909092,108,0,108,0
thrashing,synthetic,,WSClock,LocalAllocation,245,9,0,0.2802,0.4386,1.5653104925053534,96,0,96,0
thrashing,synthetic,,WSClock,LocalAllocation,245,9,1,0.2931,0.4495,1.5336062777209143,108,0,108,0
thrashing,synthetic,,WSClock,ProportionalAllocation,245,0,0,0.2825,0.4394,1.5553982300884956,96,0,96,0
thrashing,synthetic,,WSClock,ProportionalAllocation,245,0,1,0.2957,0.4507,1.524179912073047,108,0,108,0
thrashing,synthetic,,WSClock,ProportionalAllocation,245,1,0,0.2855,0.4377,1.5330998248686516,96,0,96,0
thrashing,synthetic,,WSClock,ProportionalAllocation,245,1,1,0.2903,0.4531,1.560799173269032,108,0,108,0
thrashing,synthetic,,WSClock,ProportionalAllocation,245,2,0,0.2801,0.45,1.6065690824705463,96,0,96,0
thrashing,synthetic,,WSClock,ProportionalAllocation,245,2,1,0.291,0.4577,1.572852233676976,108,0,108,0
thrashing,synthetic,,WSClock,ProportionalAllocation,245,3,0,0.2955,0.4437,1.501522842639594,96,0,96,0
thrashing,synthetic,,WSClock,ProportionalAllocation,245,3,1,0.4482,0.4618,1.030343596608657,108,0,108,0
thrashing,synthetic,,WSClock,ProportionalAllocation,245,4,0,0.2835,0.4372,1.5421516754850089,96,0,96,0
thrashing,synthetic,,WSClock,ProportionalAllocation,245,4,1,0.299,0.4567,1.5274247491638795,108,0,108,0
thrashing,synthetic,,WSClock,ProportionalAllocation,245,5,0,0.2798,0.4347,1.5536097212294495,96,0,96,0
thrashing,synthetic,,WSClock,ProportionalAllocation,245,5,1,0.2888,0.4446,1.5394736842105263,108,0,108,0
thrashing,synthetic,,WSClock,ProportionalAllocation,245,6,0,0.2835,0.4411,1.5559082892416225,96,0,96,0
thrashing,synthetic,,WSClock,ProportionalAllocation,245,6,1,0.2911,0.4488,1.5417382342837513,108,0,108,0
thrashing,synthetic,,WSClock,ProportionalAllocation,245,7,0,0.2821,0.4364,1.5469691598723856,96,0,96,0
thrashing,synthetic,,WSClock,ProportionalAllocation,245,7,1,0.2879,0.4521,1.5703369225425494,108,0,108,0
thrashing,synthetic,,WSClock,ProportionalAllocation,245,8,0,0.2824,0.4577,1.6207507082152974,96,0,96,0
thrashing,synthetic,,WSClock,ProportionalAllocation,245,8,1,0.2942,0.4698,1.5968728755948334,108,0,108,0
thrashing,synthetic,,WSClock,ProportionalAllocation,245,9,0,0.2806,0.4724,1.6835352815395581,96,0,96,0
thrashing,synthetic,,WSClock,ProportionalAllocation,245,9,1,0.3018,0.4657,1.5430748840291584,108,0,108,0
thrashing,synthetic,,FIFO,GlobalAllocation,306,0,0,0.1859,0.4468,2.403442711135019,96,,,
thrashing,synthetic,,FIFO,GlobalAllocation,306,0,1,0.1931,0.5509,2.8529259451061626,108,,,
thrashing,synthetic,,FIFO,GlobalAllocation,306,1,0,0.1849,0.4496,2.431584640346133,96,,,
thrashing,synthetic,,FIFO,GlobalAllocation,306,1,1,0.1886,0.5407,2.866914103923648,108,,,
thrashing,synthetic,,FIFO,GlobalAllocation,306,2,0,0.1876,0.4519,2.4088486140724945,96,,,
thrashing,synthetic,,FIFO,GlobalAllocation,306,2,1,0.1873,0.5447,2.9081687132941805,108,,,
thrashing,synthetic,,FIFO,GlobalAllocation,306,3,0,0.1854,0.4491,2.4223300970873787,96,,,
thrashing,synthetic,,FIFO,GlobalAllocation,306,3,1,0.1846,0.5418,2.934994582881907,108,,,
thrashing,synthetic,,FIFO,GlobalAllocation,306,4,0,0.1674,0.4135,2.470131421744325,96,,,
thrashing,synthetic,,FIFO,GlobalAllocation,306,4,1,0.1713,0.5266,3.074138937536486,108,,,
thrashing,synthetic,,FIFO,GlobalAllocation,306,5,0,0.1695,0.4054,2.391740412979351,96,,,
thrashing,synthetic,,FIFO,GlobalAllocation,306,5,1,0.1703,0.4944,2.903112155020552,108,,,
thrashing,synthetic,,FIFO,GlobalAllocation,306,6,0,0.169,0.4052,2.3976331360946745,96,,,
thrashing,synthetic,,FIFO,GlobalAllocation,306,6,1,0.1697,0.4963,2.924572775486152,108,,,
thrashing,synthetic,,FIFO,GlobalAllocation,306,7,0,0.2019,0.4473,2.2154531946508174,96,,,
thrashing,synthetic,,FIFO,GlobalAllocation,306,7,1,0.1912,0.5571,2.913702928870293,108,,,
thrashing,synthetic,,FIFO,GlobalAllocation,306,8,0,0.3649,0.8855,2.4266922444505346,96,,,
thrashing,synthetic,,FIFO,GlobalAllocation,306,8,1,0.3686,1.0766,2.9207813347802496,108,,,
thrashing,synthetic,,FIFO,GlobalAllocation,306,9,0,0.187,0.4539,2.4272727272727272,96,,,
thrashing,synthetic,,FIFO,GlobalAllocation,306,9,1,0.195,0.5501,2.821025641025641,108,,,
thrashing,synthetic,,FIFO,LocalAllocation,306,0,0,0.1826,0.3498,1.9156626506024097,96,0,96,0
thrashing,synthetic,,FIFO,LocalAllocation,306,0,1,0.1872,0.3442,1.8386752136752136,108,0,108,0
thrashing,synthetic,,FIFO,LocalAllocation,306,1,0,0.1864,0.3373,1.809549356223176,96,0,96,0
thrashing,synthetic,,FIFO,LocalAllocation,306,1,1,0.1872,0.3443,1.8392094017094016,108,0,108,0
thrashing,synthetic,,FIFO,LocalAllocation,306,2,0,0.1831,0.3389,1.8509011469142544,96,0,96,0
thrashing,synthetic,,FIFO,LocalAllocation,306,2,1,0.1867,0.3405,1.8237814675950723,108,0,108,0
thrashing,synthetic,,FIFO,LocalAllocation,306,3,0,0.188,0.3376,1.7957446808510638,96,0,96,0
thrashing,synthetic,,FIFO,LocalAllocation,306,3,1,0.1902,0.3442,1.8096740273396426,108,0,108,0
thrashing,synthetic,,FIFO,LocalAllocation,306,4,0,0.1863,0.3377,1.8126677402039721,96,0,96,0
thrashing,synthetic,,FIFO,LocalAllocation,306,4,1,0.19,0.3465,1.8236842105263158,108,0,108,0
thrashing,synthetic,,FIFO,LocalAllocation,306,5,0,0.1848,0.3447,1.8652597402597402,96,0,96,0
thrashing,synthetic,,FIFO,LocalAllocation,306,5,1,0.1849,0.3462,1.8723634396971336,108,0,108,0
thrashing,synthetic,,FIFO,LocalAllocation,306,6,0,0.1863,0.3443,1.848094471282877,96,0,96,0
thrashing,synthetic,,FIFO,LocalAllocation,306,6,1,0.1879,0.3448,1.8350186269292177,108,0,108,0
thrashing,synthetic,,FIFO,LocalAllocation,306,7,0,0.1836,0.3435,1.8709150326797386,96,0,96,0
thrashing,synthetic,,FIFO,LocalAllocation,306,7,1,0.1903,0.348,1.8286915396741987,108,0,108,0
thrashing,synthetic,,FIFO,LocalAllocation,306,8,0,0.186,0.3401,1.828494623655914,96,0,96,0
thrashing,synthetic,,FIFO,LocalAllocation,306,8,1,0.1939,0.344,1.774110366168128,108,0,108,0
thrashing,synthetic,,FIFO,LocalAllocation,306,9,0,0.1826,0.3452,1.8904709748083242,96,0,96,0
thrashing,synthetic,,FIFO,LocalAllocation,306,9,1,0.1924,0.3506,1.8222453222453223,108,0,108,0
thrashing,synthetic,,FIFO,ProportionalAllocation,306,0,0,0.1826,0.3532,1.9342825848849945,96,0,96,0
thrashing,synthetic,,FIFO,ProportionalAllocation,306,0,1,0.1912,0.3644,1.905857740585774,108,0,108,0
thrashing,synthetic,,FIFO,ProportionalAllocation,306,1,0,0.3067,0.341,1.1118356700358656,96,0,96,0
thrashing,synthetic,,FIFO,ProportionalAllocation,306,1,1,0.1912,0.3477,1.8185146443514644,108,0,108,0
thrashing,synthetic,,FIFO,ProportionalAllocation,306,2,0,0.1832,0.3431,1.872816593886463,96,0,96,0
thrashing,synthetic,,FIFO,ProportionalAllocation,306,2,1,0.1856,0.3465,1.8669181034482758,108,0,108,0
thrashing,synthetic,,FIFO,ProportionalAllocation,306,3,0,0.1864,0.3453,1.8524678111587982,96,0,96,0
thrashing,synthetic,,FIFO,ProportionalAllocation,306,3,1,0.1966,0.3516,1.7884028484231944,108,0,108,0
thrashing,synthetic,,FIFO,ProportionalAllocation,306,4,0,0.1878,0.3655,1.9462193823216187,96,0,96,0
thrashing,synthetic,,FIFO,ProportionalAllocation,306,4,1,0.1892,0.3834,2.026427061310782,108,0,108,0
thrashing,synthetic,,FIFO,ProportionalAllocation,306,5,0,0.1845,0.3495,1.8943089430894309,96,0,96,0
thrashing,synthetic,,FIFO,ProportionalAllocation,306,5,1,0.1877,0.3511,1.8705380927011188,108,0,108,0
thrashing,synthetic,,FIFO,ProportionalAllocation,306,6,0,0.1846,0.3435,1.8607800650054171,96,0,96,0
thrashing,synthetic,,FIFO,ProportionalAllocation,306,6,1,0.1855,0.348,1.876010781671159,108,0,108,0
thrashing,synthetic,,FIFO,ProportionalAllocation,306,7,0,0.1794,0.3381,1.8846153846153846,96,0,96,0
thrashing,synthetic,,FIFO,ProportionalAllocation,306,7,1,0.207,0.3354,1.6202898550724638,108,0,108,0
thrashing,synthetic,,FIFO,ProportionalAllocation,306,8,0,0.1848,0.3427,1.8544372294372293,96,0,96,0
thrashing,synthetic,,FIFO,ProportionalAllocation,306,8,1,0.1877,0.3474,1.8508257858284496,108,0,108,0
thrashing,synthetic,,FIFO,ProportionalAllocation,306,9,0,0.1946,0.7565,3.8874614594039056,96,0,96,0
thrashing,synthetic,,FIFO,ProportionalAllocation,306,9,1,0.1917,0.7676,4.004173187271779,108,0,108,0
thrashing,synthetic,,LRU,GlobalAllocation,306,0,0,0.3003,0.6166,2.0532800532800533,96,,,
thrashing,synthetic,,LRU,GlobalAllocation,306,0,1,0.3132,0.7588,2.422733077905492,108,,,
thrashing,synthetic,,LRU,GlobalAllocation,306,1,0,0.3081,0.6318,2.050632911392405,96,,,
thrashing,synthetic,,LRU,GlobalAllocation,306,1,1,0.3088,0.7637,2.473121761658031,108,,,
thrashing,synthetic,,LRU,GlobalAllocation,306,2,0,0.2989,0.6324,2.1157577785212447,96,,,
thrashing,synthetic,,LRU,GlobalAllocation,306,2,1,0.3123,0.7634,2.4444444444444446,108,,,
thrashing,synthetic,,LRU,GlobalAllocation,306,3,0,0.31,0.6406,2.0664516129032258,96,,,
thrashing,synthetic,,LRU,GlobalAllocation,306,3,1,0.3063,0.7668,2.5034280117531833,108,,,
thrashing,synthetic,,LRU,GlobalAllocation,306,4,0,0.3035,0.6304,2.0771004942339375,96,,,
thrashing,synthetic,,LRU,GlobalAllocation,306,4,1,0.316,0.7566,2.3943037974683543,108,,,
thrashing,synthetic,,LRU,GlobalAllocation,306,5,0,0.3074,0.6296,2.048145738451529,96,,,
thrashing,synthetic,,LRU,GlobalAllocation,306,5,1,0.3044,0.769,2.526281208935611,108,,,
thrashing,synthetic,,LRU,GlobalAllocation,306,6,0,0.304,0.6182,2.033552631578947,96,,,
thrashing,synthetic,,LRU,GlobalAllocation,306,6,1,0.3907,0.7504,1.9206552341950345,108,,,
thrashing,synthetic,,LRU,GlobalAllocation,306,7,0,0.3036,0.648,2.1343873517786562,96,,,
thrashing,synthetic,,LRU,GlobalAllocation,306,7,1,0.3079,0.7794,2.5313413445924002,108,,,
thrashing,synthetic,,LRU,GlobalAllocation,306,8,0,0.6669,1.3293,1.9932523616734144,96,,,
thrashing,synthetic,,LRU,GlobalAllocation,306,8,1,0.6411,1.5944,2.4869755108407423,108,,,
thrashing,synthetic,,LRU,GlobalAllocation,306,9,0,0.3036,0.6378,2.100790513833992,96,,,
thrashing,synthetic,,LRU,GlobalAllocation,306,9,1,0.3046,0.7699,2.5275771503611293,108,,,
thrashing,synthetic,,LRU,LocalAllocation,306,0,0,0.3011,0.4812,1.5981401527731651,96,0,96,0
thrashing,synthetic,,LRU,LocalAllocation,306,0,1,0.3135,0.4897,1.5620414673046252,108,0,108,0
thrashing,synthetic,,LRU,LocalAllocation,306,1,0,0.3074,0.5029,1.6359791802212102,96,0,96,0
thrashing,synthetic,,LRU,LocalAllocation,306,1,1,0.3093,0.4998,1.6159068865179438,108,0,108,0
thrashing,synthetic,,LRU,LocalAllocation,306,2,0,0.3021,0.4906,1.6239655743131414,96,0,96,0
thrashing,synthetic,,LRU,LocalAllocation,306,2,1,0.3057,0.4889,1.5992803402028133,108,0,108,0
thrashing,synthetic,,LRU,LocalAllocation,306,3,0,0.6224,0.9904,1.5912596401028278,96,0,96,0
thrashing,synthetic,,LRU,LocalAllocation,306,3,1,0.3032,1.0213,3.3684036939313984,108,0,108,0
thrashing,synthetic,,LRU,LocalAllocation,306,4,0,0.304,0.461,1.5164473684210527,96,0,96,0
thrashing,synthetic,,LRU,LocalAllocation,306,4,1,0.3074,0.4677,1.5214703968770331,108,0,108,0
thrashing,synthetic,,LRU,LocalAllocation,306,5,0,0.301,0.4657,1.5471760797342193,96,0,96,0
thrashing,synthetic,,LRU,LocalAllocation,306,5,1,0.3032,0.4652,1.5343007915567282,108,0,108,0
thrashing,synthetic,,LRU,LocalAllocation,306,6,0,0.3033,0.4872,1.606330365974283,96,0,96,0
thrashing,synthetic,,LRU,LocalAllocation,306,6,1,0.304,0.5056,1.6631578947368422,108,0,108,0
thrashing,synthetic,,LRU,LocalAllocation,306,7,0,0.3073,0.4546,1.4793361535958347,96,0,96,0
thrashing,synthetic,,LRU,LocalAllocation,306,7,1,0.3041,0.4649,1.5287734297928313,108,0,108,0
thrashing,synthetic,,LRU,LocalAllocation,306,8,0,0.5884,0.4843,0.8230795377294358,96,0,96,0
thrashing,synthetic,,LRU,LocalAllocation,306,8,1,0.3044,0.4911,1.6133377135348226,108,0,108,0
thrashing,synthetic,,LRU,LocalAllocation,306,9,0,0.3071,0.4777,1.5555193747964833,96,0,96,0
thrashing,synthetic,,LRU,LocalAllocation,306,9,1,0.3081,0.4744,1.539759818240831,108,0,108,0
thrashing,synthetic,,LRU,ProportionalAllocation,306,0,0,0.5842,1.0708,1.8329339267374187,96,0,96,0
thrashing,synthetic,,LRU,ProportionalAllocation,306,0,1,0.7667,1.1732,1.530194339376549,108,0,108,0
thrashing,synthetic,,LRU,ProportionalAllocation,306,1,0,0.3041,0.4877,1.6037487668530088,96,0,96,0
thrashing,synthetic,,LRU,ProportionalAllocation,306,1,1,0.3053,0.4902,1.6056338028169015,108,0,108,0
thrashing,synthetic,,LRU,ProportionalAllocation,306,2,0,0.3041,0.4988,1.6402499177902006,96,0,96,0
thrashing,synthetic,,LRU,ProportionalAllocation,306,2,1,0.307,0.4931,1.6061889250814332,108,0,108,0
thrashing,synthetic,,LRU,ProportionalAllocation,306,3,0,0.303,0.4756,1.5696369636963696,96,0,96,0
thrashing,synthetic,,LRU,ProportionalAllocation,306,3,1,0.3058,0.4769,1.5595160235448005,108,0,108,0
thrashing,synthetic,,LRU,ProportionalAllocation,306,4,0,0.3032,0.4585,1.5122031662269129,96,0,96,0
thrashing,synthetic,,LRU,ProportionalAllocation,306,4,1,0.3103,0.4663,1.5027392845633258,108,0,108,0
thrashing,synthetic,,LRU,ProportionalAllocation,306,5,0,0.3029,0.4562,1.5061076262793,96,0,96,0
thrashing,synthetic,,LRU,ProportionalAllocation,306,5,1,0.3091,0.4618,1.4940148819152377,108,0,108,0
thrashing,synthetic,,LRU,ProportionalAllocation,306,6,0,0.3116,0.4645,1.4906931964056482,96,0,96,0
thrashing,synthetic,,LRU,ProportionalAllocation,306,6,1,0.3061,0.4658,1.5217249264946096,108,0,108,0
thrashing,synthetic,,LRU,ProportionalAllocation,306,7,0,0.2974,0.4887,1.6432414256893073,96,0,96,0
thrashing,synthetic,,LRU,ProportionalAllocation,306,7,1,0.3102,0.5053,1.628949065119278,108,0,108,0
thrashing,synthetic,,LRU,ProportionalAllocation,306,8,0,0.3006,0.4701,1.5638722554890219,96,0,96,0
thrashing,synthetic,,LRU,ProportionalAllocation,306,8,1,0.3025,0.4757,1.5725619834710745,108,0,108,0
thrashing,synthetic,,LRU,ProportionalAllocation,306,9,0,0.3072,0.4828,1.5716145833333333,96,0,96,0
thrashing,synthetic,,LRU,ProportionalAllocation,306,9,1,0.3041,0.4807,1.5807300230187438,108,0,108,0
thrashing,synthetic,,NRU,GlobalAllocation,306,0,0,0.319,0.6472,2.0288401253918495,96,,,
thrashing,synthetic,,NRU,GlobalAllocation,306,0,1,0.3214,0.7412,2.3061605476042315,108,,,
thrashing,synthetic,,NRU,GlobalAllocation,306,1,0,0.5908,0.986,1.6689234935680433,96,,,
thrashing,synthetic,,NRU,GlobalAllocation,306,1,1,0.6832,1.1602,1.6981850117096018,108,,,
thrashing,synthetic,,NRU,GlobalAllocation,306,2,0,0.3235,0.6722,2.07789799072643,96,,,
thrashing,synthetic,,NRU,GlobalAllocation,306,2,1,0.3226,0.7524,2.33230006199628,108,,,
thrashing,synthetic,,NRU,GlobalAllocation,306,3,0,0.3191,0.6966,2.183014728925102,96,,,
thrashing,synthetic,,NRU,GlobalAllocation,306,3,1,0.3253,0.7944,2.4420534890869967,108,,,
thrashing,synthetic,,NRU,GlobalAllocation,306,4,0,0.3317,0.6829,2.0587880615013567,96,,,
thrashing,synthetic,,NRU,GlobalAllocation,306,4,1,0.3398,0.7445,2.190994702766333,108,,,
thrashing,synthetic,,NRU,GlobalAllocation,306,5,0,0.3307,0.6595,1.9942546114302995,96,,,
thrashing,synthetic,,NRU,GlobalAllocation,306,5,1,0.3557,0.7638,2.147315153219005,108,,,
thrashing,synthetic,,NRU,GlobalAllocation,306,6,0,0.3179,0.65,2.0446681346335325,96,,,
thrashing,synthetic,,NRU,GlobalAllocation,306,6,1,0.3242,0.7566,2.333744602097471,108,,,
thrashing,synthetic,,NRU,GlobalAllocation,306,7,0,0.3165,0.6501,2.054028436018957,96,,,
thrashing,synthetic,,NRU,GlobalAllocation,306,7,1,0.3392,0.7637,2.2514740566037736,108,,,
thrashing,synthetic,,NRU,GlobalAllocation,306,8,0,0.3192,0.6604,2.068922305764411,96,,,
thrashing,synthetic,,NRU,GlobalAllocation,306,8,1,0.3221,0.77,2.3905619372865567,108,,,
thrashing,synthetic,,NRU,GlobalAllocation,306,9,0,0.3264,0.685,2.0986519607843137,96,,,
thrashing,synthetic,,NRU,GlobalAllocation,306,9,1,0.3235,0.7389,2.284080370942813,108,,,
thrashing,synthetic,,NRU,LocalAllocation,306,0,0,0.3186,0.4659,1.4623352165725048,96,0,96,0
thrashing,synthetic,,NRU,LocalAllocation,306,0,1,0.3218,0.4765,1.480733374766936,108,0,108,0
thrashing,synthetic,,NRU,LocalAllocation,306,1,0,0.3187,0.4886,1.5331032318795106,96,0,96,0
thrashing,synthetic,,NRU,LocalAllocation,306,1,1,0.3239,0.4836,1.4930534115467737,108,0,108,0
thrashing,synthetic,,NRU,LocalAllocation,306,2,0,0.3168,0.5126,1.6180555555555556,96,0,96,0
thrashing,synthetic,,NRU,LocalAllocation,306,2,1,0.3238,0.5052,1.5602223594811613,108,0,108,0
thrashing,synthetic,,NRU,LocalAllocation,306,3,0,0.3155,0.4923,1.560380348652932,96,0,96,0
thrashing,synthetic,,NRU,LocalAllocation,306,3,1,0.3206,0.4996,1.5583281347473488,108,0,108,0
thrashing,synthetic,,NRU,LocalAllocation,306,4,0,0.3134,0.4842,1.5449904275686024,96,0,96,0
thrashing,synthetic,,NRU,LocalAllocation,306,4,1,0.3317,0.4924,1.4844739222188725,108,0,108,0
thrashing,synthetic,,NRU,LocalAllocation,306,5,0,0.4454,0.4696,1.0543331836551415,96,0,96,0
thrashing,synthetic,,NRU,LocalAllocation,306,5,1,0.3255,0.472,1.4500768049155146,108,0,108,0
thrashing,synthetic,,NRU,LocalAllocation,306,6,0,0.3333,0.4767,1.4302430243024302,96,0,96,0
thrashing,synthetic,,NRU,LocalAllocation,306,6,1,0.3284,0.4919,1.4978684531059683,108,0,108,0
thrashing,synthetic,,NRU,LocalAllocation,306,7,0,0.3181,0.4675,1.469663627790003,96,0,96,0
thrashing,synthetic,,NRU,LocalAllocation,306,7,1,0.3402,0.4743,1.3941798941798942,108,0,108,0
thrashing,synthetic,,NRU,LocalAllocation,306,8,0,0.3184,0.48,1.5075376884422111,96,0,96,0
thrashing,synthetic,,NRU,LocalAllocation,306,8,1,0.3429,0.4852,1.4149897929425488,108,0,108,0
thrashing,synthetic,,NRU,LocalAllocation,306,9,0,0.3491,0.4899,1.4033228301346319,96,0,96,0
thrashing,synthetic,,NRU,LocalAllocation,306,9,1,0.3547,0.4932,1.3904708204116154,108,0,108,0
thrashing,synthetic,,NRU,ProportionalAllocation,306,0,0,0.3514,0.4718,1.342629482071713,96,0,96,0
thrashing,synthetic,,NRU,ProportionalAllocation,306,0,1,0.3318,0.4759,1.4342977697408077,108,0,108,0
thrashing,synthetic,,NRU,ProportionalAllocation,306,1,0,0.3289,0.4707,1.4311340833079964,96,0,96,0
thrashing,synthetic,,NRU,ProportionalAllocation,306,1,1,0.3416,0.4813,1.4089578454332552,108,0,108,0
thrashing,synthetic,,NRU,ProportionalAllocation,306,2,0,0.3191,0.4863,1.5239736759636477,96,0,96,0
thrashing,synthetic,,NRU,ProportionalAllocation,306,2,1,0.3525,0.493,1.398581560283688,108,0,108,0
thrashing,synthetic,,NRU,ProportionalAllocation,306,3,0,0.3385,0.5094,1.504874446085672,96,0,96,0
thrashing,synthetic,,NRU,ProportionalAllocation,306,3,1,0.3319,0.5151,1.551973485989756,108,0,108,0
thrashing,synthetic,,NRU,ProportionalAllocation,306,4,0,0.3334,0.4812,1.4433113377324536,96,0,96,0
thrashing,synthetic,,NRU,ProportionalAllocation,306,4,1,0.3412,0.4897,1.4352286049237983,108,0,108,0
thrashing,synthetic,,NRU,ProportionalAllocation,306,5,0,0.3194,0.4937,1.5457107075767063,96,0,96,0
thrashing,synthetic,,NRU,ProportionalAllocation,306,5,1,0.3204,0.4991,1.5577403245942572,108,0,108,0
thrashing,synthetic,,NRU,ProportionalAllocation,306,6,0,0.3166,0.5102,1.6114971572962729,96,0,96,0
thrashing,synthetic,,NRU,ProportionalAllocation,306,6,1,0.3201,0.5226,1.6326148078725398,108,0,108,0
thrashing,synthetic,,NRU,ProportionalAllocation,306,7,0,0.328,0.4781,1.457621951219512,96,0,96,0
thrashing,synthetic,,NRU,ProportionalAllocation,306,7,1,0.3208,0.4834,1.506857855361596,108,0,108,0
thrashing,synthetic,,NRU,ProportionalAllocation,306,8,0,0.3186,0.4726,1.4833647206528562,96,0,96,0
thrashing,synthetic,,NRU,ProportionalAllocation,306,8,1,0.3215,0.4796,1.4917573872472785,108,0,108,0
thrashing,synthetic,,NRU,ProportionalAllocation,306,9,0,0.3176,0.4711,1.4833123425692696,96,0,96,0
thrashing,synthetic,,NRU,ProportionalAllocation,306,9,1,0.3477,0.475,1.366120218579235,108,0,108,0
thrashing,synthetic,,SecondChance,GlobalAllocation,306,0,0,0.2822,0.6014,2.1311126860382705,96,,,
thrashing,synthetic,,SecondChance,GlobalAllocation,306,0,1,0.2929,0.7354,2.510754523728235,108,,,
thrashing,synthetic,,SecondChance,GlobalAllocation,306,1,0,0.2791,0.5984,2.144034396273737,96,,,
thrashing,synthetic,,SecondChance,GlobalAllocation,306,1,1,0.2968,0.7227,2.4349730458221024,108,,,
thrashing,synthetic,,SecondChance,GlobalAllocation,306,2,0,0.2843,0.961,3.380232149138234,96,,,
thrashing,synthetic,,SecondChance,GlobalAllocation,306,2,1,0.2772,1.1909,4.296176046176046,108,,,
thrashing,synthetic,,SecondChance,GlobalAllocation,306,3,0,0.2891,0.5995,2.073676928398478,96,,,
thrashing,synthetic,,SecondChance,GlobalAllocation,306,3,1,0.2893,0.7435,2.5699965433805736,108,,,
thrashing,synthetic,,SecondChance,GlobalAllocation,306,4,0,0.2961,0.6172,2.0844309354947654,96,,,
thrashing,synthetic,,SecondChance,GlobalAllocation,306,4,1,0.2942,0.7319,2.4877634262406527,108,,,
thrashing,synthetic,,SecondChance,GlobalAllocation,306,5,0,0.2812,0.5936,2.1109530583214795,96,,,
thrashing,synthetic,,SecondChance,GlobalAllocation,306,5,1,0.287,0.7349,2.5606271777003484,108,,,
thrashing,synthetic,,SecondChance,GlobalAllocation,306,6,0,0.2833,0.5995,2.1161313095658314,96,,,
thrashing,synthetic,,SecondChance,GlobalAllocation,306,6,1,0.2935,0.7484,2.549914821124361,108,,,
thrashing,synthetic,,SecondChance,GlobalAllocation,306,7,0,0.5714,1.3137,2.299089954497725,96,,,
thrashing,synthetic,,SecondChance,GlobalAllocation,306,7,1,0.5913,1.5795,2.671232876712329,108,,,
thrashing,synthetic,,SecondChance,GlobalAllocation,306,8,0,0.2823,0.618,2.189160467587673,96,,,
thrashing,synthetic,,SecondChance,GlobalAllocation,306,8,1,0.2881,0.7264,2.5213467545990977,108,,,
thrashing,synthetic,,SecondChance,GlobalAllocation,306,9,0,0.2861,0.5975,2.0884306186648027,96,,,
thrashing,synthetic,,SecondChance,GlobalAllocation,306,9,1,0.2928,0.796,2.7185792349726774,108,,,
thrashing,synthetic,,SecondChance,LocalAllocation,306,0,0,0.3149,0.4376,1.3896475071451255,96,0,96,0
thrashing,synthetic,,SecondChance,LocalAllocation,306,0,1,0.2952,0.452,1.5311653116531165,108,0,108,0
thrashing,synthetic,,SecondChance,LocalAllocation,306,1,0,0.2798,0.4384,1.5668334524660472,96,0,96,0
thrashing,synthetic,,SecondChance,LocalAllocation,306,1,1,0.2903,0.4514,1.5549431622459524,108,0,108,0
thrashing,synthetic,,SecondChance,LocalAllocation,306,2,0,0.2811,0.442,1.5723941657773035,96,0,96,0
thrashing,synthetic,,SecondChance,LocalAllocation,306,2,1,0.2925,0.4482,1.5323076923076924,108,0,108,0
thrashing,synthetic,,SecondChance,LocalAllocation,306,3,0,0.2782,0.4506,1.6196980589503953,96,0,96,0
thrashing,synthetic,,SecondChance,LocalAllocation,306,3,1,0.2941,0.4676,1.5899353961237674,108,0,108,0
thrashing,synthetic,,SecondChance,LocalAllocation,306,4,0,0.2836,0.4356,1.535966149506347,96,0,96,0
thrashing,synthetic,,SecondChance,LocalAllocation,306,4,1,0.2934,0.4446,1.5153374233128833,108,0,108,0
thrashing,synthetic,,SecondChance,LocalAllocation,306,5,0,0.3177,0.4341,1.3663833805476866,96,0,96,0
thrashing,synthetic,,SecondChance,LocalAllocation,306,5,1,0.3032,0.4484,1.4788918205804749,108,0,108,0
thrashing,synthetic,,SecondChance,LocalAllocation,306,6,0,0.2829,0.4557,1.610816542948038,96,0,96,0
thrashing,synthetic,,SecondChance,LocalAllocation,306,6,1,0.2922,0.4554,1.5585215605749487,108,0,108,0
thrashing,synthetic,,SecondChance,LocalAllocation,306,7,0,0.2814,0.4425,1.572494669509595,96,0,96,0
thrashing,synthetic,,SecondChance,LocalAllocation,306,7,1,0.295,0.4587,1.5549152542372882,108,0,108,0
thrashing,synthetic,,SecondChance,LocalAllocation,306,8,0,0.4286,0.9035,2.1080261315912274,96,0,96,0
thrashing,synthetic,,SecondChance,LocalAllocation,306,8,1,0.4853,0.9953,2.0508963527714816,108,0,108,0
thrashing,synthetic,,SecondChance,LocalAllocation,306,9,0,0.2857,0.4416,1.5456772838641932,96,0,96,0
thrashing,synthetic,,SecondChance,LocalAllocation,306,9,1,0.2896,0.4491,1.5507596685082874,108,0,108,0
thrashing,synthetic,,SecondChance,ProportionalAllocation,306,0,0,0.2778,0.4387,1.5791936645068394,96,0,96,0
thrashing,synthetic,,SecondChance,ProportionalAllocation,306,0,1,0.2946,0.452,1.5342837746096403,108,0,108,0
thrashing,synthetic,,SecondChance,ProportionalAllocation,306,1,0,0.3072,0.46,1.4973958333333333,96,0,96,0
thrashing,synthetic,,SecondChance,ProportionalAllocation,306,1,1,0.2884,0.4772,1.654646324549237,108,0,108,0
thrashing,synthetic,,SecondChance,ProportionalAllocation,306,2,0,0.2797,0.4495,1.6070790132284591,96,0,96,0
thrashing,synthetic,,SecondChance,ProportionalAllocation,306,2,1,0.2901,0.4594,1.5835918648741814,108,0,108,0
thrashing,synthetic,,SecondChance,ProportionalAllocation,306,3,0,0.2786,0.4549,1.6328068916008613,96,0,96,0
thrashing,synthetic,,SecondChance,ProportionalAllocation,306,3,1,0.2908,0.4812,1.65474552957359,108,0,108,0
thrashing,synthetic,,SecondChance,ProportionalAllocation,306,4,0,0.2817,0.4484,1.5917642882499112,96,0,96,0
thrashing,synthetic,,SecondChance,ProportionalAllocation,306,4,1,0.29,0.4614,1.5910344827586207,108,0,108,0
thrashing,synthetic,,SecondChance,ProportionalAllocation,306,5,0,0.2823,0.4395,1.5568544102019128,96,0,96,0
thrashing,synthetic,,SecondChance,ProportionalAllocation,306,5,1,0.2888,0.4475,1.5495152354570638,108,0,108,0
thrashing,synthetic,,SecondChance,ProportionalAllocation,306,6,0,0.2832,0.4458,1.5741525423728813,96,0,96,0
thrashing,synthetic,,SecondChance,ProportionalAllocation,306,6,1,0.2963,0.4553,1.5366182922713465,108,0,108,0
thrashing,synthetic,,SecondChance,ProportionalAllocation,306,7,0,0.2807,0.442,1.5746348414677591,96,0,96,0
thrashing,synthetic,,SecondChance,ProportionalAllocation,306,7,1,0.2894,0.4705,1.6257774706288874,108,0,108,0
thrashing,synthetic,,SecondChance,ProportionalAllocation,306,8,0,0.2762,0.4407,1.5955829109341058,96,0,96,0
thrashing,synthetic,,SecondChance,ProportionalAllocation,306,8,1,0.2902,0.4537,1.5634045485871813,108,0,108,0
thrashing,synthetic,,SecondChance,ProportionalAllocation,306,9,0,0.3625,0.4414,1.2176551724137932,96,0,96,0
thrashing,synthetic,,SecondChance,ProportionalAllocation,306,9,1,0.2947,0.4502,1.5276552426196133,108,0,108,0
thrashing,synthetic,,WSClock,GlobalAllocation,306,0,0,0.2845,0.5955,2.093145869947276,96,,,
thrashing,synthetic,,WSClock,GlobalAllocation,306,0,1,0.2962,0.7275,2.4561107359891965,108,,,
thrashing,synthetic,,WSClock,GlobalAllocation,306,1,0,0.29,0.6119,2.11,96,,,
thrashing,synthetic,,WSClock,GlobalAllocation,306,1,1,0.2905,0.7648,2.6327022375215146,108,,,
thrashing,synthetic,,WSClock,GlobalAllocation,306,2,0,0.2814,0.602,2.1393034825870645,96,,,
thrashing,synthetic,,WSClock,GlobalAllocation,306,2,1,0.3021,0.7553,2.5001655081098972,108,,,
thrashing,synthetic,,WSClock,GlobalAllocation,306,3,0,0.2793,0.5963,2.1349803079126386,96,,,
thrashing,synthetic,,WSClock,GlobalAllocation,306,3,1,0.2894,0.7397,2.5559778852798893,108,,,
thrashing,synthetic,,WSClock,GlobalAllocation,306,4,0,0.2824,0.6147,2.176699716713881,96,,,
thrashing,synthetic,,WSClock,GlobalAllocation,306,4,1,0.3002,0.7413,2.4693537641572285,108,,,
thrashing,synthetic,,WSClock,GlobalAllocation,306,5,0,0.2896,0.6001,2.0721685082872927,96,,,
thrashing,synthetic,,WSClock,GlobalAllocation,306,5,1,0.292,0.743,2.5445205479452055,108,,,
thrashing,synthetic,,WSClock,GlobalAllocation,306,6,0,0.2883,0.563,1.952826916406521,96,,,
thrashing,synthetic,,WSClock,GlobalAllocation,306,6,1,0.2929,0.7037,2.4025264595425058,108,,,
thrashing,synthetic,,WSClock,GlobalAllocation,306,7,0,0.325,0.6381,1.9633846153846153,96,,,
thrashing,synthetic,,WSClock,GlobalAllocation,306,7,1,0.298,0.7712,2.5879194630872484,108,,,
thrashing,synthetic,,WSClock,GlobalAllocation,306,8,0,0.2885,0.6233,2.160485268630849,96,,,
thrashing,synthetic,,WSClock,GlobalAllocation,306,8,1,0.2902,0.7916,2.727773949000689,108,,,
thrashing,synthetic,,WSClock,GlobalAllocation,306,9,0,0.2835,0.6099,2.1513227513227515,96,,,
thrashing,synthetic,,WSClock,GlobalAllocation,306,9,1,0.2914,0.7777,2.6688400823610157,108,,,
thrashing,synthetic,,WSClock,LocalAllocation,306,0,0,0.2837,0.4385,1.5456468100105745,96,0,96,0
thrashing,synthetic,,WSClock,LocalAllocation,306,0,1,0.2928,0.4557,1.5563524590163935,108,0,108,0
thrashing,synthetic,,WSClock,LocalAllocation,306,1,0,0.3076,0.4945,1.6076072821846554,96,0,96,0
thrashing,synthetic,,WSClock,LocalAllocation,306,1,1,0.3257,0.507,1.5566472213693583,108,0,108,0
thrashing,synthetic,,WSClock,LocalAllocation,306,2,0,0.2836,0.4474,1.577574047954866,96,0,96,0
thrashing,synthetic,,WSClock,LocalAllocation,306,2,1,0.2876,0.4595,1.5977051460361613,108,0,108,0
thrashing,synthetic,,WSClock,LocalAllocation,306,3,0,0.2773,0.4227,1.5243418680129823,96,0,96,0
thrashing,synthetic,,WSClock,LocalAllocation,306,3,1,0.2637,0.4347,1.6484641638225257,108,0,108,0
thrashing,synthetic,,WSClock,LocalAllocation,306,4,0,0.2541,0.4339,1.7075954348681621,96,0,96,0
thrashing,synthetic,,WSClock,LocalAllocation,306,4,1,0.272,0.4249,1.5621323529411764,108,0,108,0
thrashing,synthetic,,WSClock,LocalAllocation,306,5,0,0.282,0.4595,1.6294326241134751,96,0,96,0
thrashing,synthetic,,WSClock,LocalAllocation,306,5,1,0.2922,0.4691,1.605407255304586,108,0,108,0
thrashing,synthetic,,WSClock,LocalAllocation,306,6,0,0.2788,0.4419,1.5850071736011477,96,0,96,0
thrashing,synthetic,,WSClock,LocalAllocation,306,6,1,0.2918,0.4577,1.5685400959561344,108,0,108,0
thrashing,synthetic,,WSClock,LocalAllocation,306,7,0,0.2816,0.4369,1.5514914772727273,96,0,96,0
thrashing,synthetic,,WSClock,LocalAllocation,306,7,1,0.2902,0.4538,1.563749138525155,108,0,108,0
thrashing,synthetic,,WSClock,LocalAllocation,306,8,0,0.2955,0.4444,1.5038917089678512,96,0,96,0
thrashing,synthetic,,WSClock,LocalAllocation,306,8,1,0.2901,0.4562,1.5725611857980006,108,0,108,0
thrashing,synthetic,,WSClock,LocalAllocation,306,9,0,0.2831,0.5967,2.107735782409043,96,0,96,0
thrashing,synthetic,,WSClock,LocalAllocation,306,9,1,0.2885,0.5972,2.0700173310225303,108,0,108,0
thrashing,synthetic,,WSClock,ProportionalAllocation,306,0,0,0.2781,0.4454,1.6015821646889608,96,0,96,0
thrashing,synthetic,,WSClock,ProportionalAllocation,306,0,1,0.2905,0.4565,1.5714285714285714,108,0,108,0
thrashing,synthetic,,WSClock,ProportionalAllocation,306,1,0,0.2809,0.4471,1.5916696333214666,96,0,96,0
thrashing,synthetic,,WSClock,ProportionalAllocation,306,1,1,0.2894,0.4577,1.58154803040774,108,0,108,0
thrashing,synthetic,,WSClock,ProportionalAllocation,306,2,0,0.2794,0.4564,1.6335003579098066,96,0,96,0
thrashing,synthetic,,WSClock,ProportionalAllocation,306,2,1,0.2901,0.4662,1.607032057911065,108,0,108,0
thrashing,synthetic,,WSClock,ProportionalAllocation,306,3,0,0.2849,0.4388,1.5401895401895402,96,0,96,0
thrashing,synthetic,,WSClock,ProportionalAllocation,306,3,1,0.2914,0.4501,1.5446122168840082,108,0,108,0
thrashing,synthetic,,WSClock,ProportionalAllocation,306,4,0,0.3052,0.4917,1.6110747051114023,96,0,96,0
thrashing,synthetic,,WSClock,ProportionalAllocation,306,4,1,0.3057,0.5459,1.7857376512921164,108,0,108,0
thrashing,synthetic,,WSClock,ProportionalAllocation,306,5,0,0.2839,0.4409,1.553011623811201,96,0,96,0
thrashing,synthetic,,WSClock,ProportionalAllocation,306,5,1,0.2913,0.4516,1.5502917953999313,108,0,108,0
thrashing,synthetic,,WSClock,ProportionalAllocation,306,6,0,0.282,0.4446,1.5765957446808512,96,0,96,0
thrashing,synthetic,,WSClock,ProportionalAllocation,306,6,1,0.2929,0.4505,1.5380675998634346,108,0,108,0
thrashing,synthetic,,WSClock,ProportionalAllocation,306,7,0,0.2836,0.4366,1.5394922425952045,96,0,96,0
thrashing,synthetic,,WSClock,ProportionalAllocation,306,7,1,0.2912,0.4531,1.5559752747252746,108,0,108,0
thrashing,synthetic,,WSClock,ProportionalAllocation,306,8,0,0.2857,0.4433,1.551627581379069,96,0,96,0
thrashing,synthetic,,WSClock,ProportionalAllocation,306,8,1,0.292,0.4545,1.5565068493150684,108,0,108,0
thrashing,synthetic,,WSClock,ProportionalAllocation,306,9,0,0.2814,0.4436,1.576403695806681,96,0,96,0
thrashing,synthetic,,WSClock,ProportionalAllocation,306,9,1,0.2937,0.4519,1.5386448757235274,108,0,108,0
thrashing,synthetic,,FIFO,GlobalAllocation,365,0,0,0.1853,0.9621,5.192120885051268,628,,,
thrashing,synthetic,,FIFO,GlobalAllocation,365,0,1,0.1903,1.082,5.685759327377824,744,,,
thrashing,synthetic,,FIFO,GlobalAllocation,365,0,2,0.1959,1.0828,5.527309851965288,752,,,
thrashing,synthetic,,FIFO,GlobalAllocation,365,0,3,0.2002,1.138,5.684315684315684,840,,,
thrashing,synthetic,,FIFO,GlobalAllocation,365,1,0,0.1848,0.9238,4.998917748917749,596,,,
thrashing,synthetic,,FIFO,GlobalAllocation,365,1,1,0.1874,1.1058,5.900747065101387,786,,,
thrashing,synthetic,,FIFO,GlobalAllocation,365,1,2,0.1987,1.1106,5.58933064921993,811,,,
thrashing,synthetic,,FIFO,GlobalAllocation,365,1,3,0.3376,1.1508,3.4087677725118484,840,,,
thrashing,synthetic,,FIFO,GlobalAllocation,365,2,0,0.183,0.9763,5.334972677595628,651,,,
thrashing,synthetic,,FIFO,GlobalAllocation,365,2,1,0.1878,1.0626,5.65814696485623,710,,,
thrashing,synthetic,,FIFO,GlobalAllocation,365,2,2,0.1946,1.0949,5.626413155190134,780,,,
thrashing,synthetic,,FIFO,GlobalAllocation,365,2,3,0.1939,1.1501,5.931407942238267,840,,,
thrashing,synthetic,,FIFO,GlobalAllocation,365,3,0,0.1858,0.9714,5.228202368137783,642,,,
thrashing,synthetic,,FIFO,GlobalAllocation,365,3,1,0.1882,1.1057,5.875132837407014,773,,,
thrashing,synthetic,,FIFO,GlobalAllocation,365,3,2,0.1943,1.1603,5.971693257848687,830,,,
thrashing,synthetic,,FIFO,GlobalAllocation,365,3,3,0.197,1.1402,5.787817258883249,840,,,
thrashing,synthetic,,FIFO,GlobalAllocation,365,4,0,0.1943,0.965,4.96654657745754,629,,,
thrashing,synthetic,,FIFO,GlobalAllocation,365,4,1,0.1986,1.0753,5.414400805639477,719,,,
thrashing,synthetic,,FIFO,GlobalAllocation,365,4,2,0.1976,1.1185,5.6604251012145745,776,,,
thrashing,synthetic,,FIFO,GlobalAllocation,365,4,3,0.1939,1.097,5.657555440948943,751,,,
thrashing,synthetic,,FIFO,GlobalAllocation,365,5,0,0.1904,0.9303,4.886029411764706,565,,,
thrashing,synthetic,,FIFO,GlobalAllocation,365,5,1,0.1915,1.0388,5.424543080939948,658,,,
thrashing,synthetic,,FIFO,GlobalAllocation,365,5,2,0.1923,1.0978,5.708788351534062,734,,,
thrashing,synthetic,,FIFO,GlobalAllocation,365,5,3,0.1889,1.1236,5.948120698782424,794,,,
thrashing,synthetic,,FIFO,GlobalAllocation,365,6,0,0.1877,0.9808,5.225359616409164,663,,,
thrashing,synthetic,,FIFO,GlobalAllocation,365,6,1,0.1886,1.0867,5.761930010604454,736,,,
thrashing,synthetic,,FIFO,GlobalAllocation,365,6,2,0.1929,1.1897,6.167444271643339,895,,,
thrashing,synthetic,,FIFO,GlobalAllocation,365,6,3,0.1953,1.1538,5.907834101382488,840,,,
thrashing,synthetic,,FIFO,GlobalAllocation,365,7,0,0.1885,0.9618,5.1023872679045095,640,,,
thrashing,synthetic,,FIFO,GlobalAllocation,365,7,1,0.1984,1.0745,5.415826612903226,723,,,
thrashing,synthetic,,FIFO,GlobalAllocation,365,7,2,0.1913,1.1692,6.111866178776791,864,,,
thrashing,synthetic,,FIFO,GlobalAllocation,365,7,3,0.1914,1.179,6.15987460815047,856,,,
thrashing,synthetic,,FIFO,GlobalAllocation,365,8,0,0.1853,1.038,5.601726929303831,710,,,
thrashing,synthetic,,FIFO,GlobalAllocation,365,8,1,0.188,1.1652,6.197872340425532,840,,,
thrashing,synthetic,,FIFO,GlobalAllocation,365,8,2,0.1926,1.2512,6.496365524402908,988,,,
thrashing,synthetic,,FIFO,GlobalAllocation,365,8,3,0.1929,1.3095,6.788491446345256,1064,,,
thrashing,synthetic,,FIFO,GlobalAllocation,365,9,0,0.1836,0.9788,5.331154684095861,646,,,
thrashing,synthetic,,FIFO,GlobalAllocation,365,9,1,0.1932,1.0866,5.624223602484472,726,,,
thrashing,synthetic,,FIFO,GlobalAllocation,365,9,2,0.1954,1.142,5.844421699078812,817,,,
thrashing,synthetic,,FIFO,GlobalAllocation,365,9,3,0.1936,1.1727,6.057334710743802,840,,,
thrashing,synthetic,,FIFO,LocalAllocation,365,0,0,0.3783,1.4327,3.7872059212265397,1500,1408,1500,424
thrashing,synthetic,,FIFO,LocalAllocation,365,0,1,0.3852,1.4627,3.7972481827622016,1500,1409,1500,410
thrashing,synthetic,,FIFO,LocalAllocation,365,0,2,0.3735,1.4608,3.911111111111111,1500,1409,1500,420
thrashing,synthetic,,FIFO,LocalAllocation,365,0,3,0.4026,1.3984,3.4734227521112766,1500,1409,1500,403
thrashing,synthetic,,FIFO,LocalAllocation,365,1,0,0.1828,1.108,6.061269146608315,1500,1408,1500,420
thrashing,synthetic,,FIFO,LocalAllocation,365,1,1,0.1895,1.1111,5.863324538258575,1500,1409,1500,445
thrashing,synthetic,,FIFO,LocalAllocation,365,1,2,0.1926,1.107,5.747663551401869,1500,1409,1500,431
thrashing,synthetic,,FIFO,LocalAllocation,365,1,3,0.1934,1.1193,5.787487073422958,1500,1409,1500,411
thrashing,synthetic,,FIFO,LocalAllocation,365,2,0,0.1877,1.1074,5.899840170484816,1500,1408,1500,413
thrashing,synthetic,,FIFO,LocalAllocation,365,2,1,0.1904,1.1132,5.8466386554621845,1500,1409,1500,423
thrashing,synthetic,,FIFO,LocalAllocation,365,2,2,0.1892,1.1059,5.8451374207188165,1500,1409,1500,433
thrashing,synthetic,,FIFO,LocalAllocation,365,2,3,0.1978,1.1164,5.644084934277047,1500,1409,1500,406
thrashing,synthetic,,FIFO,LocalAllocation,365,3,0,0.1829,1.0901,5.960087479496993,1500,1408,1500,399
thrashing,synthetic,,FIFO,LocalAllocation,365,3,1,0.1887,1.0916,5.784843667196609,1500,1409,1500,400
thrashing,synthetic,,FIFO,LocalAllocation,365,3,2,0.1942,1.0819,5.5710607621009265,1500,1409,1500,427
thrashing,synthetic,,FIFO,LocalAllocation,365,3,3,0.1945,1.0982,5.646272493573265,1500,1409,1500,433
thrashing,synthetic,,FIFO,LocalAllocation,365,4,0,0.183,1.1093,6.061748633879781,1500,1408,1500,414
thrashing,synthetic,,FIFO,LocalAllocation,365,4,1,0.1865,1.1179,5.994101876675603,1500,1409,1500,408
thrashing,synthetic,,FIFO,LocalAllocation,365,4,2,0.1922,1.1196,5.8251821019771075,1500,1409,1500,394
thrashing,synthetic,,FIFO,LocalAllocation,365,4,3,0.1953,1.1248,5.759344598054276,1500,1409,1500,417
thrashing,synthetic,,FIFO,LocalAllocation,365,5,0,0.1857,1.0946,5.894453419493807,1500,1408,1500,414
thrashing,synthetic,,FIFO,LocalAllocation,365,5,1,0.1862,1.1049,5.933941997851773,1500,1409,1500,420
thrashing,synthetic,,FIFO,LocalAllocation,365,5,2,0.1903,1.115,5.859169732002102,1500,1409,1500,443
thrashing,synthetic,,FIFO,LocalAllocation,365,5,3,0.1893,1.1069,5.847332276809297,1500,1409,1500,378
thrashing,synthetic,,FIFO,LocalAllocation,365,6,0,0.1887,1.0965,5.8108108108108105,1500,1408,1500,420
thrashing,synthetic,,FIFO,LocalAllocation,365,6,1,0.188,1.1059,5.882446808510639,1500,1409,1500,442
thrashing,synthetic,,FIFO,LocalAllocation,365,6,2,0.1937,1.1156,5.759421786267424,1500,1409,1500,435
thrashing,synthetic,,FIFO,LocalAllocation,365,6,3,0.1932,1.1157,5.774844720496894,1500,1409,1500,431
thrashing,synthetic,,FIFO,LocalAllocation,365,7,0,0.1832,1.1157,6.090065502183406,1500,1408,1500,442
thrashing,synthetic,,FIFO,LocalAllocation,365,7,1,0.1859,1.1205,6.027434104357181,1500,1409,1500,394
thrashing,synthetic,,FIFO,LocalAllocation,365,7,2,0.1907,1.1231,5.889355007865758,1500,1409,1500,430
thrashing,synthetic,,FIFO,LocalAllocation,365,7,3,0.1924,1.1307,5.876819126819127,1500,1409,1500,421
thrashing,synthetic,,FIFO,LocalAllocation,365,8,0,0.1876,1.1239,5.990938166311301,1500,1408,1500,417
thrashing,synthetic,,FIFO,LocalAllocation,365,8,1,0.1895,1.1232,5.927176781002639,1500,1409,1500,402
thrashing,synthetic,,FIFO,LocalAllocation,365,8,2,0.1901,1.1324,5.9568648079957915,1500,1409,1500,416
thrashing,synthetic,,FIFO,LocalAllocation,365,8,3,0.1939,1.1606,5.985559566787003,1500,1409,1500,415
thrashing,synthetic,,FIFO,LocalAllocation,365,9,0,0.1833,1.1116,6.064375340971085,1500,1408,1500,404
thrashing,synthetic,,FIFO,LocalAllocation,365,9,1,0.1854,1.1217,6.050161812297735,1500,1409,1500,421
thrashing,synthetic,,FIFO,LocalAllocation,365,9,2,0.1895,1.1127,5.871767810026385,1500,1409,1500,410
thrashing,synthetic,,FIFO,LocalAllocation,365,9,3,0.1944,1.1319,5.822530864197531,1500,1409,1500,437
thrashing,synthetic,,FIFO,ProportionalAllocation,365,0,0,0.1824,1.13,6.1951754385964914,1500,1424,1500,431
thrashing,synthetic,,FIFO,ProportionalAllocation,365,0,1,0.1906,1.1392,5.97691500524659,1500,1414,1500,412
thrashing,synthetic,,FIFO,ProportionalAllocation,365,0,2,0.1926,1.1096,5.761163032191069,1500,1403,1500,419
thrashing,synthetic,,FIFO,ProportionalAllocation,365,0,3,0.1981,1.1111,5.608783442705704,1500,1394,1500,400
thrashing,synthetic,,FIFO,ProportionalAllocation,365,1,0,0.1859,1.1397,6.130715438407746,1500,1424,1500,426
thrashing,synthetic,,FIFO,ProportionalAllocation,365,1,1,0.1884,1.1301,5.998407643312102,1500,1414,1500,446
thrashing,synthetic,,FIFO,ProportionalAllocation,365,1,2,0.1926,1.1043,5.733644859813084,1500,1403,1500,430
thrashing,synthetic,,FIFO,ProportionalAllocation,365,1,3,0.1949,1.1115,5.702924576706003,1500,1394,1500,408
thrashing,synthetic,,FIFO,ProportionalAllocation,365,2,0,0.1868,1.2371,6.622591006423983,1500,1424,1500,419
thrashing,synthetic,,FIFO,ProportionalAllocation,365,2,1,0.229,1.2372,5.402620087336245,1500,1414,1500,425
thrashing,synthetic,,FIFO,ProportionalAllocation,365,2,2,0.2779,1.1964,4.305145735876215,1500,1403,1500,431
thrashing,synthetic,,FIFO,ProportionalAllocation,365,2,3,0.1966,1.2092,6.150559511698881,1500,1394,1500,404
thrashing,synthetic,,FIFO,ProportionalAllocation,365,3,0,0.1836,1.1287,6.14760348583878,1500,1424,1500,406
thrashing,synthetic,,FIFO,ProportionalAllocation,365,3,1,0.1869,1.1363,6.07972177635099,1500,1414,1500,404
thrashing,synthetic,,FIFO,ProportionalAllocation,365,3,2,0.1908,1.1086,5.810272536687631,1500,1403,1500,426
thrashing,synthetic,,FIFO,ProportionalAllocation,365,3,3,0.1936,1.1136,5.75206611570248,1500,1394,1500,427
thrashing,synthetic,,FIFO,ProportionalAllocation,365,4,0,0.1966,1.1285,5.740081383519837,1500,1424,1500,418
thrashing,synthetic,,FIFO,ProportionalAllocation,365,4,1,0.1894,1.1502,6.072861668426611,1500,1414,1500,408
thrashing,synthetic,,FIFO,ProportionalAllocation,365,4,2,0.193,1.115,5.77720207253886,1500,1403,1500,394
thrashing,synthetic,,FIFO,ProportionalAllocation,365,4,3,0.1953,1.1173,5.720942140296979,1500,1394,1500,412
thrashing,synthetic,,FIFO,ProportionalAllocation,365,5,0,0.187,1.1449,6.122459893048128,1500,1424,1500,421
thrashing,synthetic,,FIFO,ProportionalAllocation,365,5,1,0.1875,1.1577,6.1744,1500,1414,1500,421
thrashing,synthetic,,FIFO,ProportionalAllocation,365,5,2,0.1896,1.12,5.9071729957805905,1500,1403,1500,441
thrashing,synthetic,,FIFO,ProportionalAllocation,365,5,3,0.1911,1.1303,5.914704343275772,1500,1394,1500,373
thrashing,synthetic,,FIFO,ProportionalAllocation,365,6,0,0.1866,1.1447,6.134512325830654,1500,1424,1500,424
thrashing,synthetic,,FIFO,ProportionalAllocation,365,6,1,0.2509,1.1565,4.609406137903547,1500,1414,1500,445
thrashing,synthetic,,FIFO,ProportionalAllocation,365,6,2,0.4325,1.1177,2.5842774566473987,1500,1403,1500,434
thrashing,synthetic,,FIFO,ProportionalAllocation,365,6,3,0.4044,1.1249,2.7816518298714143,1500,1394,1500,427
thrashing,synthetic,,FIFO,ProportionalAllocation,365,7,0,0.1848,1.1556,6.253246753246753,1500,1424,1500,444
thrashing,synthetic,,FIFO,ProportionalAllocation,365,7,1,0.1872,1.1388,6.083333333333333,1500,1414,1500,395
thrashing,synthetic,,FIFO,ProportionalAllocation,365,7,2,0.1916,1.1227,5.859603340292275,1500,1403,1500,428
thrashing,synthetic,,FIFO,ProportionalAllocation,365,7,3,0.1917,1.1172,5.827856025039123,1500,1394,1500,415
thrashing,synthetic,,FIFO,ProportionalAllocation,365,8,0,0.1855,1.1231,6.054447439353099,1500,1424,1500,422
thrashing,synthetic,,FIFO,ProportionalAllocation,365,8,1,0.1866,1.1268,6.038585209003215,1500,1414,1500,404
thrashing,synthetic,,FIFO,ProportionalAllocation,365,8,2,0.1941,1.1204,5.772282328696548,1500,1403,1500,416
thrashing,synthetic,,FIFO,ProportionalAllocation,365,8,3,0.1963,1.1076,5.642384105960265,1500,1394,1500,410
thrashing,synthetic,,FIFO,ProportionalAllocation,365,9,0,0.1843,1.1238,6.097666847531199,1500,1424,1500,411
thrashing,synthetic,,FIFO,ProportionalAllocation,365,9,1,0.1902,1.1225,5.901682439537329,1500,1414,1500,421
thrashing,synthetic,,FIFO,ProportionalAllocation,365,9,2,0.1959,1.0982,5.605921388463502,1500,1403,1500,409
thrashing,synthetic,,FIFO,ProportionalAllocation,365,9,3,0.194,1.1038,5.689690721649485,1500,1394,1500,432
thrashing,synthetic,,LRU,GlobalAllocation,365,0,0,0.31,1.8659,6.019032258064516,1283,,,
thrashing,synthetic,,LRU,GlobalAllocation,365,0,1,0.3089,1.992,6.448688896082874,1441,,,
thrashing,synthetic,,LRU,GlobalAllocation,365,0,2,0.312,2.0033,6.420833333333333,1442,,,
thrashing,synthetic,,LRU,GlobalAllocation,365,0,3,0.3164,2.0272,6.407079646017699,1500,,,
thrashing,synthetic,,LRU,GlobalAllocation,365,1,0,0.3061,1.569,5.12577589023195,980,,,
thrashing,synthetic,,LRU,GlobalAllocation,365,1,1,0.3137,1.959,6.244819891616194,1438,,,
thrashing,synthetic,,LRU,GlobalAllocation,365,1,2,0.3183,2.0878,6.559220860823123,1500,,,
thrashing,synthetic,,LRU,GlobalAllocation,365,1,3,0.3117,2.0218,6.486365094642284,1500,,,
thrashing,synthetic,,LRU,GlobalAllocation,365,2,0,0.3089,1.7347,5.615733247005504,1111,,,
thrashing,synthetic,,LRU,GlobalAllocation,365,2,1,0.3016,2.0285,6.72579575596817,1433,,,
thrashing,synthetic,,LRU,GlobalAllocation,365,2,2,0.3154,2.0968,6.648065948002537,1500,,,
thrashing,synthetic,,LRU,GlobalAllocation,365,2,3,0.3069,2.0791,6.774519387422613,1500,,,
thrashing,synthetic,,LRU,GlobalAllocation,365,3,0,0.3095,1.7585,5.681744749596123,1141,,,
thrashing,synthetic,,LRU,GlobalAllocation,365,3,1,0.3053,2.1172,6.934818211595152,1498,,,
thrashing,synthetic,,LRU,GlobalAllocation,365,3,2,0.3099,2.0768,6.701516618263956,1499,,,
thrashing,synthetic,,LRU,GlobalAllocation,365,3,3,0.3121,2.032,6.510733739186159,1500,,,
thrashing,synthetic,,LRU,GlobalAllocation,365,4,0,0.3032,1.7194,5.670844327176781,1152,,,
thrashing,synthetic,,LRU,GlobalAllocation,365,4,1,0.3125,1.9977,6.39264,1462,,,
thrashing,synthetic,,LRU,GlobalAllocation,365,4,2,0.3037,2.0292,6.681593677971683,1500,,,
thrashing,synthetic,,LRU,GlobalAllocation,365,4,3,0.3106,2.0237,6.51545396007727,1500,,,
thrashing,synthetic,,LRU,GlobalAllocation,365,5,0,0.3061,1.6726,5.464227376674289,1129,,,
thrashing,synthetic,,LRU,GlobalAllocation,365,5,1,0.3097,1.9202,6.200193735873426,1380,,,
thrashing,synthetic,,LRU,GlobalAllocation,365,5,2,0.3126,2.0282,6.488163787587972,1500,,,
thrashing,synthetic,,LRU,GlobalAllocation,365,5,3,0.3136,2.0188,6.4375,1500,,,
thrashing,synthetic,,LRU,GlobalAllocation,365,6,0,0.3037,3.2283,10.629897925584459,1158,,,
thrashing,synthetic,,LRU,GlobalAllocation,365,6,1,0.3082,3.8326,12.435431537962362,1464,,,
thrashing,synthetic,,LRU,GlobalAllocation,365,6,2,0.3112,3.7737,12.126285347043702,1482,,,
thrashing,synthetic,,LRU,GlobalAllocation,365,6,3,0.3169,3.8917,12.280530135689492,1500,,,
thrashing,synthetic,,LRU,GlobalAllocation,365,7,0,0.3115,1.7283,5.548314606741573,1155,,,
thrashing,synthetic,,LRU,GlobalAllocation,365,7,1,0.3224,2.0079,6.227977667493796,1458,,,
thrashing,synthetic,,LRU,GlobalAllocation,365,7,2,0.3102,1.9896,6.413926499032882,1462,,,
thrashing,synthetic,,LRU,GlobalAllocation,365,7,3,0.3119,1.9877,6.372875921769798,1500,,,
thrashing,synthetic,,LRU,GlobalAllocation,365,8,0,0.3107,1.5426,4.964917927261023,936,,,
thrashing,synthetic,,LRU,GlobalAllocation,365,8,1,0.3033,1.9847,6.543686119353775,1466,,,
thrashing,synthetic,,LRU,GlobalAllocation,365,8,2,0.3084,1.9771,6.410830090791181,1461,,,
thrashing,synthetic,,LRU,GlobalAllocation,365,8,3,0.3117,2.0158,6.467115816490215,1500,,,
thrashing,synthetic,,LRU,GlobalAllocation,365,9,0,0.3045,1.4621,4.801642036124795,889,,,
thrashing,synthetic,,LRU,GlobalAllocation,365,9,1,0.307,1.9989,6.511074918566775,1429,,,
thrashing,synthetic,,LRU,GlobalAllocation,365,9,2,0.3155,2.0249,6.418066561014263,1440,,,
thrashing,synthetic,,LRU,GlobalAllocation,365,9,3,0.3123,2.0414,6.536663464617355,1500,,,
thrashing,synthetic,,LRU,LocalAllocation,365,0,0,0.3017,1.3388,4.4375207159429895,1500,1408,1500,424
thrashing,synthetic,,LRU,LocalAllocation,365,0,1,0.3083,1.3494,4.376905611417451,1500,1409,1500,410
thrashing,synthetic,,LRU,LocalAllocation,365,0,2,0.3574,1.3628,3.813094571908226,1500,1409,1500,420
thrashing,synthetic,,LRU,LocalAllocation,365,0,3,0.3087,1.3608,4.408163265306122,1500,1409,1500,403
thrashing,synthetic,,LRU,LocalAllocation,365,1,0,0.3027,1.367,4.51602246448629,1500,1408,1500,420
thrashing,synthetic,,LRU,LocalAllocation,365,1,1,0.3047,1.3565,4.451919921234,1500,1409,1500,445
thrashing,synthetic,,LRU,LocalAllocation,365,1,2,0.3164,1.3509,4.269595448798989,1500,1409,1500,431
thrashing,synthetic,,LRU,LocalAllocation,365,1,3,0.3093,1.3604,4.398318784351762,1500,1409,1500,411
thrashing,synthetic,,LRU,LocalAllocation,365,2,0,0.3032,1.3312,4.3905013192612135,1500,1408,1500,413
thrashing,synthetic,,LRU,LocalAllocation,365,2,1,0.3089,1.3383,4.332470055033991,1500,1409,1500,423
thrashing,synthetic,,LRU,LocalAllocation,365,2,2,0.312,1.3363,4.283012820512821,1500,1409,1500,433
thrashing,synthetic,,LRU,LocalAllocation,365,2,3,0.313,1.3425,4.289137380191693,1500,1409,1500,406
thrashing,synthetic,,LRU,LocalAllocation,365,3,0,0.3058,1.3536,4.4264224983649445,1500,1408,1500,399
thrashing,synthetic,,LRU,LocalAllocation,365,3,1,0.3046,1.367,4.48785292186474,1500,1409,1500,400
thrashing,synthetic,,LRU,LocalAllocation,365,3,2,0.3081,1.3647,4.429406037000974,1500,1409,1500,427
thrashing,synthetic,,LRU,LocalAllocation,365,3,3,0.316,1.3791,4.364240506329114,1500,1409,1500,433
thrashing,synthetic,,LRU,LocalAllocation,365,4,0,0.3092,1.333,4.311125485122898,1500,1408,1500,414
thrashing,synthetic,,LRU,LocalAllocation,365,4,1,0.3094,1.3409,4.333872010342598,1500,1409,1500,408
thrashing,synthetic,,LRU,LocalAllocation,365,4,2,0.3089,1.3515,4.375202330851408,1500,1409,1500,394
thrashing,synthetic,,LRU,LocalAllocation,365,4,3,0.3171,1.3588,4.285083569851782,1500,1409,1500,417
thrashing,synthetic,,LRU,LocalAllocation,365,5,0,0.3053,1.3418,4.395021290533901,1500,1408,1500,414
thrashing,synthetic,,LRU,LocalAllocation,365,5,1,0.3075,1.3564,4.411056910569106,1500,1409,1500,420
thrashing,synthetic,,LRU,LocalAllocation,365,5,2,0.316,1.35,4.272151898734177,1500,1409,1500,443
thrashing,synthetic,,LRU,LocalAllocation,365,5,3,0.3148,1.3571,4.310991105463787,1500,1409,1500,378
thrashing,synthetic,,LRU,LocalAllocation,365,6,0,0.3105,1.3364,4.30402576489533,1500,1408,1500,420
thrashing,synthetic,,LRU,LocalAllocation,365,6,1,0.3131,1.3411,4.2832960715426385,1500,1409,1500,442
thrashing,synthetic,,LRU,LocalAllocation,365,6,2,0.313,1.359,4.34185303514377,1500,1409,1500,435
thrashing,synthetic,,LRU,LocalAllocation,365,6,3,0.3093,1.3653,4.414161008729389,1500,1409,1500,431
thrashing,synthetic,,LRU,LocalAllocation,365,7,0,0.3091,1.8595,6.015852474927208,1500,1408,1500,442
thrashing,synthetic,,LRU,LocalAllocation,365,7,1,0.3068,1.9067,6.2147979139504566,1500,1409,1500,394
thrashing,synthetic,,LRU,LocalAllocation,365,7,2,0.3167,3.9542,12.485633091253552,1500,1409,1500,430
thrashing,synthetic,,LRU,LocalAllocation,365,7,3,0.3131,1.9165,6.121047588629831,1500,1409,1500,421
thrashing,synthetic,,LRU,LocalAllocation,365,8,0,0.3071,1.3573,4.4197329859980465,1500,1408,1500,417
thrashing,synthetic,,LRU,LocalAllocation,365,8,1,0.3096,1.3674,4.416666666666667,1500,1409,1500,402
thrashing,synthetic,,LRU,LocalAllocation,365,8,2,0.3215,1.4019,4.36049766718507,1500,1409,1500,416
thrashing,synthetic,,LRU,LocalAllocation,365,8,3,0.4446,1.3779,3.0991902834008096,1500,1409,1500,415
thrashing,synthetic,,LRU,LocalAllocation,365,9,0,0.3037,1.3541,4.458676325321041,1500,1408,1500,404
thrashing,synthetic,,LRU,LocalAllocation,365,9,1,0.3094,1.3639,4.408209437621203,1500,1409,1500,421
thrashing,synthetic,,LRU,LocalAllocation,365,9,2,0.3109,1.3705,4.408169829527179,1500,1409,1500,410
thrashing,synthetic,,LRU,LocalAllocation,365,9,3,0.3188,1.3742,4.310539523212046,1500,1409,1500,437
thrashing,synthetic,,LRU,ProportionalAllocation,365,0,0,0.3057,1.4572,4.766764802093555,1500,1424,1500,431
thrashing,synthetic,,LRU,ProportionalAllocation,365,0,1,0.3101,1.4569,4.698161883263463,1500,1414,1500,412
thrashing,synthetic,,LRU,ProportionalAllocation,365,0,2,0.3087,1.4288,4.6284418529316484,1500,1403,1500,419
thrashing,synthetic,,LRU,ProportionalAllocation,365,0,3,0.3093,1.423,4.600711283543485,1500,1394,1500,400
thrashing,synthetic,,LRU,ProportionalAllocation,365,1,0,0.2764,1.2564,4.5455861070911725,1500,1424,1500,426
thrashing,synthetic,,LRU,ProportionalAllocation,365,1,1,0.2772,1.2648,4.562770562770563,1500,1414,1500,446
thrashing,synthetic,,LRU,ProportionalAllocation,365,1,2,0.2876,1.2295,4.275034770514604,1500,1403,1500,430
thrashing,synthetic,,LRU,ProportionalAllocation,365,1,3,0.2823,1.2246,4.337938363443145,1500,1394,1500,408
thrashing,synthetic,,LRU,ProportionalAllocation,365,2,0,0.3012,1.3857,4.600597609561753,1500,1424,1500,419
thrashing,synthetic,,LRU,ProportionalAllocation,365,2,1,0.3052,1.399,4.583879423328964,1500,1414,1500,425
thrashing,synthetic,,LRU,ProportionalAllocation,365,2,2,0.307,1.3542,4.411074918566775,1500,1403,1500,431
thrashing,synthetic,,LRU,ProportionalAllocation,365,2,3,0.3139,1.3682,4.358712965912711,1500,1394,1500,404
thrashing,synthetic,,LRU,ProportionalAllocation,365,3,0,0.3044,1.3824,4.541392904073588,1500,1424,1500,406
thrashing,synthetic,,LRU,ProportionalAllocation,365,3,1,0.313,1.392,4.447284345047923,1500,1414,1500,404
thrashing,synthetic,,LRU,ProportionalAllocation,365,3,2,0.3145,1.365,4.340222575516693,1500,1403,1500,426
thrashing,synthetic,,LRU,ProportionalAllocation,365,3,3,0.3129,1.3674,4.370086289549377,1500,1394,1500,427
thrashing,synthetic,,LRU,ProportionalAllocation,365,4,0,0.3125,1.3884,4.44288,1500,1424,1500,418
thrashing,synthetic,,LRU,ProportionalAllocation,365,4,1,0.3116,1.3967,4.482349165596919,1500,1414,1500,408
thrashing,synthetic,,LRU,ProportionalAllocation,365,4,2,0.3098,1.3623,4.3973531310522915,1500,1403,1500,394
thrashing,synthetic,,LRU,ProportionalAllocation,365,4,3,0.3062,1.3671,4.464728935336382,1500,1394,1500,412
thrashing,synthetic,,LRU,ProportionalAllocation,365,5,0,0.3128,1.3882,4.437979539641944,1500,1424,1500,421
thrashing,synthetic,,LRU,ProportionalAllocation,365,5,1,0.3126,1.4055,4.49616122840691,1500,1414,1500,421
thrashing,synthetic,,LRU,ProportionalAllocation,365,5,2,0.3081,1.3596,4.412852969814995,1500,1403,1500,441
thrashing,synthetic,,LRU,ProportionalAllocation,365,5,3,0.3082,1.3763,4.465606748864373,1500,1394,1500,373
thrashing,synthetic,,LRU,ProportionalAllocation,365,6,0,0.3076,1.3798,4.485695708712614,1500,1424,1500,424
thrashing,synthetic,,LRU,ProportionalAllocation,365,6,1,0.3111,1.3995,4.4985535197685635,1500,1414,1500,445
thrashing,synthetic,,LRU,ProportionalAllocation,365,6,2,0.3151,1.36,4.316090130117423,1500,1403,1500,434
thrashing,synthetic,,LRU,ProportionalAllocation,365,6,3,0.3164,1.376,4.348925410872313,1500,1394,1500,427
thrashing,synthetic,,LRU,ProportionalAllocation,365,7,0,0.3027,1.4037,4.637264618434093,1500,1424,1500,444
thrashing,synthetic,,LRU,ProportionalAllocation,365,7,1,0.3057,1.4069,4.602224403009487,1500,1414,1500,395
thrashing,synthetic,,LRU,ProportionalAllocation,365,7,2,0.3127,1.3676,4.37352094659418,1500,1403,1500,428
thrashing,synthetic,,LRU,ProportionalAllocation,365,7,3,0.317,1.3747,4.3365930599369085,1500,1394,1500,415
thrashing,synthetic,,LRU,ProportionalAllocation,365,8,0,0.316,1.3768,4.356962025316456,1500,1424,1500,422
thrashing,synthetic,,LRU,ProportionalAllocation,365,8,1,0.3103,1.3927,4.4882371898163065,1500,1414,1500,404
thrashing,synthetic,,LRU,ProportionalAllocation,365,8,2,0.311,1.3554,4.358199356913183,1500,1403,1500,416
thrashing,synthetic,,LRU,ProportionalAllocation,365,8,3,0.3131,1.3533,4.322261258383903,1500,1394,1500,410
thrashing,synthetic,,LRU,ProportionalAllocation,365,9,0,0.3018,1.4015,4.643803843605037,1500,1424,1500,411
thrashing,synthetic,,LRU,ProportionalAllocation,365,9,1,0.3046,1.409,4.625738673670387,1500,1414,1500,421
thrashing,synthetic,,LRU,ProportionalAllocation,365,9,2,0.3077,1.362,4.4263893402664936,1500,1403,1500,409
thrashing,synthetic,,LRU,ProportionalAllocation,365,9,3,0.314,1.3798,4.394267515923567,1500,1394,1500,432
thrashing,synthetic,,NRU,GlobalAllocation,365,0,0,0.3213,15.2907,47.590102707749764,514,,,
thrashing,synthetic,,NRU,GlobalAllocation,365,0,1,0.3234,18.357,56.76252319109462,602,,,
thrashing,synthetic,,NRU,GlobalAllocation,365,0,2,0.3294,18.6951,56.755009107468126,603,,,
thrashing,synthetic,,NRU,GlobalAllocation,365,0,3,0.3317,20.5466,61.94332227916792,661,,,
thrashing,synthetic,,NRU,GlobalAllocation,365,1,0,0.3169,15.9403,50.30072578100347,533,,,
thrashing,synthetic,,NRU,GlobalAllocation,365,1,1,0.3232,17.1425,53.039913366336634,561,,,
thrashing,synthetic,,NRU,GlobalAllocation,365,1,2,0.3296,17.4906,53.06614077669903,573,,,
thrashing,synthetic,,NRU,GlobalAllocation,365,1,3,0.3371,21.2479,63.031444675170576,679,,,
thrashing,synthetic,,NRU,GlobalAllocation,365,2,0,0.3161,14.1258,44.687757038911734,478,,,
thrashing,synthetic,,NRU,GlobalAllocation,365,2,1,0.3226,16.4697,51.05300681959083,552,,,
thrashing,synthetic,,NRU,GlobalAllocation,365,2,2,0.3386,18.5897,54.901653868871826,605,,,
thrashing,synthetic,,NRU,GlobalAllocation,365,2,3,0.3338,19.3444,57.95206710605153,629,,,
thrashing,synthetic,,NRU,GlobalAllocation,365,3,0,0.3513,15.2846,43.50868203814404,503,,,
thrashing,synthetic,,NRU,GlobalAllocation,365,3,1,0.3208,15.7609,49.12998753117207,538,,,
thrashing,synthetic,,NRU,GlobalAllocation,365,3,2,0.3461,20.9203,60.445824906096504,653,,,
thrashing,synthetic,,NRU,GlobalAllocation,365,3,3,0.3322,18.5927,55.9683925346177,623,,,
thrashing,synthetic,,NRU,GlobalAllocation,365,4,0,0.3319,15.3961,46.387767399819225,510,,,
thrashing,synthetic,,NRU,GlobalAllocation,365,4,1,0.3488,18.2796,52.40711009174312,599,,,
thrashing,synthetic,,NRU,GlobalAllocation,365,4,2,0.3304,18.4516,55.846246973365616,599,,,
thrashing,synthetic,,NRU,GlobalAllocation,365,4,3,0.3587,19.8442,55.32255366601617,647,,,
thrashing,synthetic,,NRU,GlobalAllocation,365,5,0,0.3223,17.3262,53.757989450822215,525,,,
thrashing,synthetic,,NRU,GlobalAllocation,365,5,1,0.3224,19.1047,59.25775434243176,570,,,
thrashing,synthetic,,NRU,GlobalAllocation,365,5,2,0.3303,19.3663,58.63245534362701,564,,,
thrashing,synthetic,,NRU,GlobalAllocation,365,5,3,0.3548,24.5604,69.22322435174746,703,,,
thrashing,synthetic,,NRU,GlobalAllocation,365,6,0,0.3188,16.8359,52.810225846925974,555,,,
thrashing,synthetic,,NRU,GlobalAllocation,365,6,1,0.3359,17.1902,51.17654063709438,556,,,
thrashing,synthetic,,NRU,GlobalAllocation,365,6,2,0.3283,18.1174,55.185501066098084,604,,,
thrashing,synthetic,,NRU,GlobalAllocation,365,6,3,0.3467,19.9554,57.55811941159504,649,,,
thrashing,synthetic,,NRU,GlobalAllocation,365,7,0,0.3182,12.8256,40.30672532998114,436,,,
thrashing,synthetic,,NRU,GlobalAllocation,365,7,1,0.3244,17.4968,53.93588162762022,584,,,
thrashing,synthetic,,NRU,GlobalAllocation,365,7,2,0.3413,19.0435,55.796952827424555,623,,,
thrashing,synthetic,,NRU,GlobalAllocation,365,7,3,0.3309,20.1141,60.786038077969174,651,,,
thrashing,synthetic,,NRU,GlobalAllocation,365,8,0,0.3212,15.3665,47.84090909090909,491,,,
thrashing,synthetic,,NRU,GlobalAllocation,365,8,1,0.3383,19.3087,57.075672480047295,597,,,
thrashing,synthetic,,NRU,GlobalAllocation,365,8,2,0.3283,20.1961,61.51720986902224,624,,,
thrashing,synthetic,,NRU,GlobalAllocation,365,8,3,0.3285,22.644,68.93150684931507,672,,,
thrashing,synthetic,,NRU,GlobalAllocation,365,9,0,0.3299,15.8873,48.15792664443771,534,,,
thrashing,synthetic,,NRU,GlobalAllocation,365,9,1,0.3343,19.1082,57.158839365839064,609,,,
thrashing,synthetic,,NRU,GlobalAllocation,365,9,2,0.3288,19.2164,58.44403892944039,624,,,
thrashing,synthetic,,NRU,GlobalAllocation,365,9,3,0.33,19.0783,57.8130303030303,631,,,
thrashing,synthetic,,NRU,LocalAllocation,365,0,0,0.316,3.5146,11.122151898734177,420,328,420,53
thrashing,synthetic,,NRU,LocalAllocation,365,0,1,0.3268,7.1821,21.977050183598532,866,775,866,169
thrashing,synthetic,,NRU,LocalAllocation,365,0,2,0.3451,9.75,28.252680382497825,1177,1086,1177,293
thrashing,synthetic,,NRU,LocalAllocation,365,0,3,0.3308,11.1524,33.71342200725514,1349,1258,1349,348
thrashing,synthetic,,NRU,LocalAllocation,365,1,0,0.3318,4.7056,14.18203737191079,442,350,442,51
thrashing,synthetic,,NRU,LocalAllocation,365,1,1,0.3259,9.1336,28.025774777539123,883,792,883,201
thrashing,synthetic,,NRU,LocalAllocation,365,1,2,0.3291,12.5403,38.104831358249776,1174,1083,1174,317
thrashing,synthetic,,NRU,LocalAllocation,365,1,3,0.3314,14.0464,42.385033192516595,1326,1235,1326,343
thrashing,synthetic,,NRU,LocalAllocation,365,2,0,0.3179,3.5352,11.120478137779175,420,328,420,52
thrashing,synthetic,,NRU,LocalAllocation,365,2,1,0.3218,7.0804,22.002486016159104,853,762,853,196
thrashing,synthetic,,NRU,LocalAllocation,365,2,2,0.3544,9.7071,27.39023702031603,1171,1080,1171,308
thrashing,synthetic,,NRU,LocalAllocation,365,2,3,0.3331,10.8944,32.70609426598619,1323,1232,1323,351
thrashing,synthetic,,NRU,LocalAllocation,365,3,0,0.3204,3.7175,11.602684144818976,447,355,447,50
thrashing,synthetic,,NRU,LocalAllocation,365,3,1,0.3258,7.2195,22.159300184162063,860,769,860,185
thrashing,synthetic,,NRU,LocalAllocation,365,3,2,0.3243,9.5765,29.529756398396547,1153,1062,1153,303
thrashing,synthetic,,NRU,LocalAllocation,365,3,3,0.3664,10.8821,29.700054585152838,1313,1222,1313,358
thrashing,synthetic,,NRU,LocalAllocation,365,4,0,0.3385,3.5865,10.595273264401772,434,342,434,49
thrashing,synthetic,,NRU,LocalAllocation,365,4,1,0.3223,6.9401,21.533043748060813,841,750,841,173
thrashing,synthetic,,NRU,LocalAllocation,365,4,2,0.3246,9.7058,29.900800985828713,1177,1086,1177,297
thrashing,synthetic,,NRU,LocalAllocation,365,4,3,0.3503,10.7012,30.548672566371682,1303,1212,1303,353
thrashing,synthetic,,NRU,LocalAllocation,365,5,0,0.3175,3.9661,12.491653543307086,478,386,478,52
thrashing,synthetic,,NRU,LocalAllocation,365,5,1,0.3244,7.3164,22.55363748458693,871,780,871,186
thrashing,synthetic,,NRU,LocalAllocation,365,5,2,0.3264,9.6715,29.63082107843137,1161,1070,1161,311
thrashing,synthetic,,NRU,LocalAllocation,365,5,3,0.3494,10.9416,31.315397824842588,1335,1244,1335,315
thrashing,synthetic,,NRU,LocalAllocation,365,6,0,0.682,4.2585,6.244134897360704,475,383,475,49
thrashing,synthetic,,NRU,LocalAllocation,365,6,1,0.6753,7.4817,11.079075966237228,824,733,824,194
thrashing,synthetic,,NRU,LocalAllocation,365,6,2,0.6585,10.8447,16.46879271070615,1170,1079,1170,321
thrashing,synthetic,,NRU,LocalAllocation,365,6,3,0.693,11.8844,17.14920634920635,1319,1228,1319,365
thrashing,synthetic,,NRU,LocalAllocation,365,7,0,0.3161,3.76,11.89496994621955,451,359,451,54
thrashing,synthetic,,NRU,LocalAllocation,365,7,1,0.3209,7.113,22.165783733250233,855,764,855,172
thrashing,synthetic,,NRU,LocalAllocation,365,7,2,0.3389,9.7536,28.780171141929774,1162,1071,1162,309
thrashing,synthetic,,NRU,LocalAllocation,365,7,3,0.3488,11.0647,31.722190366972477,1329,1238,1329,355
thrashing,synthetic,,NRU,LocalAllocation,365,8,0,0.3198,4.0521,12.670731707317072,498,406,498,55
thrashing,synthetic,,NRU,LocalAllocation,365,8,1,0.3237,6.9564,21.490268767377202,850,759,850,169
thrashing,synthetic,,NRU,LocalAllocation,365,8,2,0.3308,9.6457,29.1587061668682,1175,1084,1175,320
thrashing,synthetic,,NRU,LocalAllocation,365,8,3,0.365,10.7545,29.464383561643835,1318,1227,1318,342
thrashing,synthetic,,NRU,LocalAllocation,365,9,0,0.3318,3.9855,12.011754068716094,470,378,470,51
thrashing,synthetic,,NRU,LocalAllocation,365,9,1,0.3221,7.3715,22.885749767153058,881,790,881,184
thrashing,synthetic,,NRU,LocalAllocation,365,9,2,0.3369,9.9512,29.537548233897297,1192,1101,1192,300
thrashing,synthetic,,NRU,LocalAllocation,365,9,3,0.3352,11.1216,33.178997613365155,1327,1236,1327,375
thrashing,synthetic,,NRU,ProportionalAllocation,365,0,0,0.3182,5.4624,17.16656191074796,750,674,750,189
thrashing,synthetic,,NRU,ProportionalAllocation,365,0,1,0.327,7.3679,22.531804281345565,937,851,937,191
thrashing,synthetic,,NRU,ProportionalAllocation,365,0,2,0.3251,9.3893,28.881267302368503,1083,986,1083,258
thrashing,synthetic,,NRU,ProportionalAllocation,365,0,3,0.3938,9.9558,25.281361097003554,1071,965,1071,246
thrashing,synthetic,,NRU,ProportionalAllocation,365,1,0,0.3206,5.5795,17.403306300686214,756,680,756,147
thrashing,synthetic,,NRU,ProportionalAllocation,365,1,1,0.3272,7.5871,23.187958435207825,959,873,959,229
thrashing,synthetic,,NRU,ProportionalAllocation,365,1,2,0.3294,9.5902,29.114146933819065,1094,997,1094,288
thrashing,synthetic,,NRU,ProportionalAllocation,365,1,3,0.3489,9.629,27.5981656635139,1033,927,1033,229
thrashing,synthetic,,NRU,ProportionalAllocation,365,2,0,0.3227,5.1089,15.831732259064147,699,623,699,151
thrashing,synthetic,,NRU,ProportionalAllocation,365,2,1,0.3254,7.3263,22.514751075599264,925,839,925,225
thrashing,synthetic,,NRU,ProportionalAllocation,365,2,2,0.3312,9.3318,28.17572463768116,1075,978,1075,266
thrashing,synthetic,,NRU,ProportionalAllocation,365,2,3,0.3421,9.6997,28.353405437006725,1046,940,1046,245
thrashing,synthetic,,NRU,ProportionalAllocation,365,3,0,0.3324,5.433,16.34476534296029,728,652,728,160
thrashing,synthetic,,NRU,ProportionalAllocation,365,3,1,0.3423,7.6401,22.319894829097283,935,849,935,211
thrashing,synthetic,,NRU,ProportionalAllocation,365,3,2,0.347,9.6835,27.90634005763689,1069,972,1069,268
thrashing,synthetic,,NRU,ProportionalAllocation,365,3,3,0.3531,10.086,28.564146134239593,1053,947,1053,259
thrashing,synthetic,,NRU,ProportionalAllocation,365,4,0,0.3354,5.4369,16.21019677996422,742,666,742,151
thrashing,synthetic,,NRU,ProportionalAllocation,365,4,1,0.3467,7.3087,21.080761465243725,923,837,923,197
thrashing,synthetic,,NRU,ProportionalAllocation,365,4,2,0.3241,9.5249,29.38876889848812,1093,996,1093,270
thrashing,synthetic,,NRU,ProportionalAllocation,365,4,3,0.3352,9.8228,29.304295942720763,1049,943,1049,255
thrashing,synthetic,,NRU,ProportionalAllocation,365,5,0,0.3053,4.8206,15.789715034392401,719,643,719,139
thrashing,synthetic,,NRU,ProportionalAllocation,365,5,1,0.3017,6.7866,22.494530991050713,937,851,937,205
thrashing,synthetic,,NRU,ProportionalAllocation,365,5,2,0.2946,8.6369,29.317379497623897,1081,984,1081,276
thrashing,synthetic,,NRU,ProportionalAllocation,365,5,3,0.3186,9.0498,28.404896421845574,1063,957,1063,212
thrashing,synthetic,,NRU,ProportionalAllocation,365,6,0,0.3194,5.343,16.728240450845334,739,663,739,143
thrashing,synthetic,,NRU,ProportionalAllocation,365,6,1,0.3205,7.0518,22.002496099843995,897,811,897,223
thrashing,synthetic,,NRU,ProportionalAllocation,365,6,2,0.3424,9.4689,27.654497663551403,1090,993,1090,294
thrashing,synthetic,,NRU,ProportionalAllocation,365,6,3,0.3345,9.8211,29.36053811659193,1058,952,1058,260
thrashing,synthetic,,NRU,ProportionalAllocation,365,7,0,0.3192,5.3783,16.849310776942357,729,653,729,161
thrashing,synthetic,,NRU,ProportionalAllocation,365,7,1,0.3212,7.4957,23.336550435865504,935,849,935,195
thrashing,synthetic,,NRU,ProportionalAllocation,365,7,2,0.3301,9.5418,28.90578612541654,1091,994,1091,281
thrashing,synthetic,,NRU,ProportionalAllocation,365,7,3,0.3324,9.682,29.127557160048134,1044,938,1044,240
thrashing,synthetic,,NRU,ProportionalAllocation,365,8,0,0.3223,5.3424,16.57586099906919,741,665,741,144
thrashing,synthetic,,NRU,ProportionalAllocation,365,8,1,0.3284,7.2262,22.00426309378806,924,838,924,196
thrashing,synthetic,,NRU,ProportionalAllocation,365,8,2,0.3245,9.3107,28.692449922958396,1077,980,1077,284
thrashing,synthetic,,NRU,ProportionalAllocation,365,8,3,0.3473,9.6984,27.92513676936366,1050,944,1050,248
thrashing,synthetic,,NRU,ProportionalAllocation,365,9,0,0.3219,5.2228,16.224914569742158,720,644,720,134
thrashing,synthetic,,NRU,ProportionalAllocation,365,9,1,0.3284,7.5303,22.93026796589525,957,871,957,220
thrashing,synthetic,,NRU,ProportionalAllocation,365,9,2,0.3426,9.6281,28.103035610040862,1113,1016,1113,264
thrashing,synthetic,,NRU,ProportionalAllocation,365,9,3,0.3314,9.6161,29.01659625829813,1041,935,1041,259
thrashing,synthetic,,SecondChance,GlobalAllocation,365,0,0,0.2837,5.1748,18.240394783221713,1227,,,
thrashing,synthetic,,SecondChance,GlobalAllocation,365,0,1,0.291,6.049,20.786941580756015,1375,,,
thrashing,synthetic,,SecondChance,GlobalAllocation,365,0,2,0.3024,6.3326,20.941137566137566,1434,,,
thrashing,synthetic,,SecondChance,GlobalAllocation,365,0,3,0.3115,6.583,21.13322632423756,1500,,,
thrashing,synthetic,,SecondChance,GlobalAllocation,365,1,0,0.2829,4.0164,14.197242841993637,985,,,
thrashing,synthetic,,SecondChance,GlobalAllocation,365,1,1,0.292,6.4417,22.060616438356163,1415,,,
thrashing,synthetic,,SecondChance,GlobalAllocation,365,1,2,0.3148,6.3387,20.1356416772554,1457,,,
thrashing,synthetic,,SecondChance,GlobalAllocation,365,1,3,0.3667,6.5299,17.807199345514043,1485,,,
thrashing,synthetic,,SecondChance,GlobalAllocation,365,2,0,0.2822,4.7525,16.840892983699504,1135,,,
thrashing,synthetic,,SecondChance,GlobalAllocation,365,2,1,0.2908,5.862,20.15818431911967,1319,,,
thrashing,synthetic,,SecondChance,GlobalAllocation,365,2,2,0.3002,6.5779,21.911725516322452,1500,,,
thrashing,synthetic,,SecondChance,GlobalAllocation,365,2,3,0.3187,6.624,20.784436774395985,1500,,,
thrashing,synthetic,,SecondChance,GlobalAllocation,365,3,0,0.2881,4.7995,16.659146129816037,1081,,,
thrashing,synthetic,,SecondChance,GlobalAllocation,365,3,1,0.2945,6.16,20.91680814940577,1430,,,
thrashing,synthetic,,SecondChance,GlobalAllocation,365,3,2,0.3095,6.493,20.978998384491113,1499,,,
thrashing,synthetic,,SecondChance,GlobalAllocation,365,3,3,0.3165,6.6846,21.120379146919433,1492,,,
thrashing,synthetic,,SecondChance,GlobalAllocation,365,4,0,0.2868,5.1357,17.906903765690377,1040,,,
thrashing,synthetic,,SecondChance,GlobalAllocation,365,4,1,0.2969,6.0406,20.345570899292692,1238,,,
thrashing,synthetic,,SecondChance,GlobalAllocation,365,4,2,0.3089,6.8509,22.17837487860149,1424,,,
thrashing,synthetic,,SecondChance,GlobalAllocation,365,4,3,0.3141,7.3832,23.505889843998727,1500,,,
thrashing,synthetic,,SecondChance,GlobalAllocation,365,5,0,0.2813,4.0917,14.545680767863491,980,,,
thrashing,synthetic,,SecondChance,GlobalAllocation,365,5,1,0.2975,5.172,17.38487394957983,1213,,,
thrashing,synthetic,,SecondChance,GlobalAllocation,365,5,2,0.307,6.687,21.781758957654723,1454,,,
thrashing,synthetic,,SecondChance,GlobalAllocation,365,5,3,0.3118,6.4706,20.752405388069274,1493,,,
thrashing,synthetic,,SecondChance,GlobalAllocation,365,6,0,0.2879,4.8935,16.997221257381035,1127,,,
thrashing,synthetic,,SecondChance,GlobalAllocation,365,6,1,0.2913,6.0348,20.716786817713697,1392,,,
thrashing,synthetic,,SecondChance,GlobalAllocation,365,6,2,0.3039,6.2198,20.466600855544588,1462,,,
thrashing,synthetic,,SecondChance,GlobalAllocation,365,6,3,0.3104,6.8409,22.038981958762886,1500,,,
thrashing,synthetic,,SecondChance,GlobalAllocation,365,7,0,0.2849,4.8384,16.98280098280098,1116,,,
thrashing,synthetic,,SecondChance,GlobalAllocation,365,7,1,0.2874,6.266,21.802366040361864,1313,,,
thrashing,synthetic,,SecondChance,GlobalAllocation,365,7,2,0.322,6.2207,19.318944099378882,1444,,,
thrashing,synthetic,,SecondChance,GlobalAllocation,365,7,3,0.3104,6.3687,20.517719072164947,1500,,,
thrashing,synthetic,,SecondChance,GlobalAllocation,365,8,0,0.2874,5.005,17.41475295755045,960,,,
thrashing,synthetic,,SecondChance,GlobalAllocation,365,8,1,0.2993,7.1658,23.94186435015035,1338,,,
thrashing,synthetic,,SecondChance,GlobalAllocation,365,8,2,0.304,8.0199,26.38125,1441,,,
thrashing,synthetic,,SecondChance,GlobalAllocation,365,8,3,0.3154,8.2578,26.181991122384275,1500,,,
thrashing,synthetic,,SecondChance,GlobalAllocation,365,9,0,0.2858,4.0004,13.997200839748075,969,,,
thrashing,synthetic,,SecondChance,GlobalAllocation,365,9,1,0.3106,5.954,19.169349645846747,1327,,,
thrashing,synthetic,,SecondChance,GlobalAllocation,365,9,2,0.3044,6.2505,20.5338370565046,1424,,,
thrashing,synthetic,,SecondChance,GlobalAllocation,365,9,3,0.3117,6.6468,21.324350336862366,1500,,,
thrashing,synthetic,,SecondChance,LocalAllocation,365,0,0,0.2831,2.827,9.98587071706111,1500,1408,1500,424
thrashing,synthetic,,SecondChance,LocalAllocation,365,0,1,0.2915,2.7257,9.350600343053173,1500,1409,1500,410
thrashing,synthetic,,SecondChance,LocalAllocation,365,0,2,0.303,2.7703,9.142904290429042,1500,1409,1500,420
thrashing,synthetic,,SecondChance,LocalAllocation,365,0,3,0.3079,2.7737,9.008444300097434,1500,1409,1500,403
thrashing,synthetic,,SecondChance,LocalAllocation,365,1,0,0.2883,2.1424,7.431148109608047,1500,1408,1500,420
thrashing,synthetic,,SecondChance,LocalAllocation,365,1,1,0.291,2.1208,7.287972508591065,1500,1409,1500,445
thrashing,synthetic,,SecondChance,LocalAllocation,365,1,2,0.3001,2.119,7.060979673442186,1500,1409,1500,431
thrashing,synthetic,,SecondChance,LocalAllocation,365,1,3,0.3136,2.1189,6.756696428571429,1500,1409,1500,411
thrashing,synthetic,,SecondChance,LocalAllocation,365,2,0,0.2806,2.1685,7.7280826799714895,1500,1408,1500,413
thrashing,synthetic,,SecondChance,LocalAllocation,365,2,1,0.2918,2.1637,7.415010281014394,1500,1409,1500,423
thrashing,synthetic,,SecondChance,LocalAllocation,365,2,2,0.3067,2.1595,7.041082491033583,1500,1409,1500,433
thrashing,synthetic,,SecondChance,LocalAllocation,365,2,3,0.3155,2.1759,6.896671949286846,1500,1409,1500,406
thrashing,synthetic,,SecondChance,LocalAllocation,365,3,0,0.2791,2.1567,7.727337871730563,1500,1408,1500,399
thrashing,synthetic,,SecondChance,LocalAllocation,365,3,1,0.2923,2.1551,7.37290455011974,1500,1409,1500,400
thrashing,synthetic,,SecondChance,LocalAllocation,365,3,2,0.3037,2.1601,7.1126111294040175,1500,1409,1500,427
thrashing,synthetic,,SecondChance,LocalAllocation,365,3,3,0.3072,2.165,7.047526041666667,1500,1409,1500,433
thrashing,synthetic,,SecondChance,LocalAllocation,365,4,0,0.2826,2.1724,7.6871903750884645,1500,1408,1500,414
thrashing,synthetic,,SecondChance,LocalAllocation,365,4,1,0.2942,2.1673,7.366757307953773,1500,1409,1500,408
thrashing,synthetic,,SecondChance,LocalAllocation,365,4,2,0.2988,2.1619,7.235274431057563,1500,1409,1500,394
thrashing,synthetic,,SecondChance,LocalAllocation,365,4,3,0.3093,2.1745,7.030391205948917,1500,1409,1500,417
thrashing,synthetic,,SecondChance,LocalAllocation,365,5,0,0.279,2.1695,7.775985663082437,1500,1408,1500,414
thrashing,synthetic,,SecondChance,LocalAllocation,365,5,1,0.3107,2.1835,7.027679433537174,1500,1409,1500,420
thrashing,synthetic,,SecondChance,LocalAllocation,365,5,2,0.3016,2.1707,7.197281167108753,1500,1409,1500,443
thrashing,synthetic,,SecondChance,LocalAllocation,365,5,3,0.3147,2.172,6.901811248808389,1500,1409,1500,378
thrashing,synthetic,,SecondChance,LocalAllocation,365,6,0,0.2834,2.2319,7.875441072688779,1500,1408,1500,420
thrashing,synthetic,,SecondChance,LocalAllocation,365,6,1,0.2912,2.1968,7.543956043956044,1500,1409,1500,442
thrashing,synthetic,,SecondChance,LocalAllocation,365,6,2,0.3006,2.2023,7.326347305389222,1500,1409,1500,435
thrashing,synthetic,,SecondChance,LocalAllocation,365,6,3,0.3249,2.2037,6.7827023699599875,1500,1409,1500,431
thrashing,synthetic,,SecondChance,LocalAllocation,365,7,0,0.2802,2.1695,7.742683797287651,1500,1408,1500,442
thrashing,synthetic,,SecondChance,LocalAllocation,365,7,1,0.293,2.16,7.3720136518771335,1500,1409,1500,394
thrashing,synthetic,,SecondChance,LocalAllocation,365,7,2,0.3045,2.1668,7.115927750410509,1500,1409,1500,430
thrashing,synthetic,,SecondChance,LocalAllocation,365,7,3,0.3114,2.1652,6.953114964675659,1500,1409,1500,421
thrashing,synthetic,,SecondChance,LocalAllocation,365,8,0,0.2834,2.1836,7.705010585744531,1500,1408,1500,417
thrashing,synthetic,,SecondChance,LocalAllocation,365,8,1,0.2936,2.1606,7.358991825613079,1500,1409,1500,402
thrashing,synthetic,,SecondChance,LocalAllocation,365,8,2,0.3053,2.172,7.114313789715035,1500,1409,1500,416
thrashing,synthetic,,SecondChance,LocalAllocation,365,8,3,0.3087,2.175,7.045675413022352,1500,1409,1500,415
thrashing,synthetic,,SecondChance,LocalAllocation,365,9,0,0.2812,2.1758,7.737553342816501,1500,1408,1500,404
thrashing,synthetic,,SecondChance,LocalAllocation,365,9,1,0.2937,2.1656,7.37351038474634,1500,1409,1500,421
thrashing,synthetic,,SecondChance,LocalAllocation,365,9,2,0.3025,2.1764,7.194710743801653,1500,1409,1500,410
thrashing,synthetic,,SecondChance,LocalAllocation,365,9,3,0.3157,2.1952,6.953436807095343,1500,1409,1500,437
thrashing,synthetic,,SecondChance,ProportionalAllocation,365,0,0,0.283,2.1025,7.429328621908128,1500,1424,1500,431
thrashing,synthetic,,SecondChance,ProportionalAllocation,365,0,1,0.2928,2.1721,7.41837431693989,1500,1414,1500,412
thrashing,synthetic,,SecondChance,ProportionalAllocation,365,0,2,0.3072,2.2489,7.320638020833333,1500,1403,1500,419
thrashing,synthetic,,SecondChance,ProportionalAllocation,365,0,3,0.3209,2.3015,7.172016204425055,1500,1394,1500,400
thrashing,synthetic,,SecondChance,ProportionalAllocation,365,1,0,0.284,2.1086,7.424647887323943,1500,1424,1500,426
thrashing,synthetic,,SecondChance,ProportionalAllocation,365,1,1,0.2895,2.1715,7.500863557858376,1500,1414,1500,446
thrashing,synthetic,,SecondChance,ProportionalAllocation,365,1,2,0.2976,2.2261,7.480174731182796,1500,1403,1500,430
thrashing,synthetic,,SecondChance,ProportionalAllocation,365,1,3,0.3132,2.3051,7.359833971902938,1500,1394,1500,408
thrashing,synthetic,,SecondChance,ProportionalAllocation,365,2,0,0.2838,2.0953,7.383016208597604,1500,1424,1500,419
thrashing,synthetic,,SecondChance,ProportionalAllocation,365,2,1,0.29,2.1752,7.500689655172414,1500,1414,1500,425
thrashing,synthetic,,SecondChance,ProportionalAllocation,365,2,2,0.3058,2.2242,7.273381294964029,1500,1403,1500,431
thrashing,synthetic,,SecondChance,ProportionalAllocation,365,2,3,0.3146,2.2952,7.295613477431659,1500,1394,1500,404
thrashing,synthetic,,SecondChance,ProportionalAllocation,365,3,0,0.2819,2.0753,7.361830436324938,1500,1424,1500,406
thrashing,synthetic,,SecondChance,ProportionalAllocation,365,3,1,0.2883,2.1651,7.509885535900104,1500,1414,1500,404
thrashing,synthetic,,SecondChance,ProportionalAllocation,365,3,2,0.2988,2.2161,7.416666666666667,1500,1403,1500,426
thrashing,synthetic,,SecondChance,ProportionalAllocation,365,3,3,0.318,2.2974,7.224528301886792,1500,1394,1500,427
thrashing,synthetic,,SecondChance,ProportionalAllocation,365,4,0,0.2817,2.0822,7.391551295704651,1500,1424,1500,418
thrashing,synthetic,,SecondChance,ProportionalAllocation,365,4,1,0.3058,2.1725,7.10431654676259,1500,1414,1500,408
thrashing,synthetic,,SecondChance,ProportionalAllocation,365,4,2,0.3005,2.2246,7.4029950083194676,1500,1403,1500,394
thrashing,synthetic,,SecondChance,ProportionalAllocation,365,4,3,0.3165,2.2959,7.254028436018958,1500,1394,1500,412
thrashing,synthetic,,SecondChance,ProportionalAllocation,365,5,0,0.2915,2.0915,7.174957118353345,1500,1424,1500,421
thrashing,synthetic,,SecondChance,ProportionalAllocation,365,5,1,0.2902,2.1776,7.503790489317712,1500,1414,1500,421
thrashing,synthetic,,SecondChance,ProportionalAllocation,365,5,2,0.3038,2.2227,7.316326530612245,1500,1403,1500,441
thrashing,synthetic,,SecondChance,ProportionalAllocation,365,5,3,0.3132,2.3004,7.344827586206897,1500,1394,1500,373
thrashing,synthetic,,SecondChance,ProportionalAllocation,365,6,0,0.2778,2.0885,7.517998560115191,1500,1424,1500,424
thrashing,synthetic,,SecondChance,ProportionalAllocation,365,6,1,0.2867,2.1696,7.56749215207534,1500,1414,1500,445
thrashing,synthetic,,SecondChance,ProportionalAllocation,365,6,2,0.3015,2.2328,7.40563847429519,1500,1403,1500,434
thrashing,synthetic,,SecondChance,ProportionalAllocation,365,6,3,0.3156,2.2979,7.281051964512041,1500,1394,1500,427
thrashing,synthetic,,SecondChance,ProportionalAllocation,365,7,0,0.2791,2.1045,7.540308133285561,1500,1424,1500,444
thrashing,synthetic,,SecondChance,ProportionalAllocation,365,7,1,0.2879,2.19,7.606807919416464,1500,1414,1500,395
thrashing,synthetic,,SecondChance,ProportionalAllocation,365,7,2,0.3043,2.2433,7.372001314492278,1500,1403,1500,428
thrashing,synthetic,,SecondChance,ProportionalAllocation,365,7,3,0.3096,2.3138,7.473514211886305,1500,1394,1500,415
thrashing,synthetic,,SecondChance,ProportionalAllocation,365,8,0,0.3347,2.0982,6.268897520167314,1500,1424,1500,422
thrashing,synthetic,,SecondChance,ProportionalAllocation,365,8,1,0.4942,2.1757,4.402468636179685,1500,1414,1500,404
thrashing,synthetic,,SecondChance,ProportionalAllocation,365,8,2,0.3095,2.2389,7.233925686591276,1500,1403,1500,416
thrashing,synthetic,,SecondChance,ProportionalAllocation,365,8,3,0.324,2.3039,7.110802469135803,1500,1394,1500,410
thrashing,synthetic,,SecondChance,ProportionalAllocation,365,9,0,0.2797,2.09,7.472291741151233,1500,1424,1500,411
thrashing,synthetic,,SecondChance,ProportionalAllocation,365,9,1,0.2886,2.1769,7.542966042966043,1500,1414,1500,421
thrashing,synthetic,,SecondChance,ProportionalAllocation,365,9,2,0.3069,2.2205,7.235255783642881,1500,1403,1500,409
thrashing,synthetic,,SecondChance,ProportionalAllocation,365,9,3,0.3126,2.3006,7.3595649392194495,1500,1394,1500,432
thrashing,synthetic,,WSClock,GlobalAllocation,365,0,0,0.2933,20.7968,70.90623934538016,510,,,
thrashing,synthetic,,WSClock,GlobalAllocation,365,0,1,0.2928,18.9214,64.62226775956285,589,,,
thrashing,synthetic,,WSClock,GlobalAllocation,365,0,2,0.3074,23.7633,77.30416395575797,622,,,
thrashing,synthetic,,WSClock,GlobalAllocation,365,0,3,0.3128,22.0016,70.33759590792839,636,,,
thrashing,synthetic,,WSClock,GlobalAllocation,365,1,0,0.2831,23.5953,83.34616743200283,538,,,
thrashing,synthetic,,WSClock,GlobalAllocation,365,1,1,0.2963,23.8176,80.3833952075599,565,,,
thrashing,synthetic,,WSClock,GlobalAllocation,365,1,2,0.3029,21.3293,70.41696929679762,581,,,
thrashing,synthetic,,WSClock,GlobalAllocation,365,1,3,0.3115,31.2539,100.33354735152489,687,,,
thrashing,synthetic,,WSClock,GlobalAllocation,365,2,0,0.2878,25.9996,90.33912439193885,476,,,
thrashing,synthetic,,WSClock,GlobalAllocation,365,2,1,0.2927,24.5459,83.86026648445507,559,,,
thrashing,synthetic,,WSClock,GlobalAllocation,365,2,2,0.3043,21.2231,69.74400262898456,604,,,
thrashing,synthetic,,WSClock,GlobalAllocation,365,2,3,0.3116,24.0358,77.1367137355584,630,,,
thrashing,synthetic,,WSClock,GlobalAllocation,365,3,0,0.5661,23.2592,41.086733792616144,509,,,
thrashing,synthetic,,WSClock,GlobalAllocation,365,3,1,0.5547,25.7831,46.4811609879214,572,,,
thrashing,synthetic,,WSClock,GlobalAllocation,365,3,2,0.6064,32.8582,54.18568601583114,665,,,
thrashing,synthetic,,WSClock,GlobalAllocation,365,3,3,0.6355,28.9203,45.50794649881983,608,,,
thrashing,synthetic,,WSClock,GlobalAllocation,365,4,0,0.287,22.7059,79.11463414634146,527,,,
thrashing,synthetic,,WSClock,GlobalAllocation,365,4,1,0.2982,19.8866,66.68879946344735,587,,,
thrashing,synthetic,,WSClock,GlobalAllocation,365,4,2,0.3012,25.4465,84.48373173970784,633,,,
thrashing,synthetic,,WSClock,GlobalAllocation,365,4,3,0.3263,25.1618,77.11247318418633,634,,,
thrashing,synthetic,,WSClock,GlobalAllocation,365,5,0,0.2834,21.9305,77.38355681016232,521,,,
thrashing,synthetic,,WSClock,GlobalAllocation,365,5,1,0.4807,21.8183,45.38859995839401,616,,,
thrashing,synthetic,,WSClock,GlobalAllocation,365,5,2,0.3097,20.6133,66.55892799483371,566,,,
thrashing,synthetic,,WSClock,GlobalAllocation,365,5,3,0.3131,25.7387,82.20600447141489,691,,,
thrashing,synthetic,,WSClock,GlobalAllocation,365,6,0,0.2852,24.4026,85.56311360448808,557,,,
thrashing,synthetic,,WSClock,GlobalAllocation,365,6,1,0.2987,30.2826,101.38131904921326,535,,,
thrashing,synthetic,,WSClock,GlobalAllocation,365,6,2,0.303,32.0196,105.67524752475248,626,,,
thrashing,synthetic,,WSClock,GlobalAllocation,365,6,3,0.3198,31.7919,99.41181988742964,645,,,
thrashing,synthetic,,WSClock,GlobalAllocation,365,7,0,0.2829,21.5618,76.21703782255214,467,,,
thrashing,synthetic,,WSClock,GlobalAllocation,365,7,1,0.2903,20.2032,69.59421288322424,565,,,
thrashing,synthetic,,WSClock,GlobalAllocation,365,7,2,0.3022,24.1537,79.92620780939775,615,,,
thrashing,synthetic,,WSClock,GlobalAllocation,365,7,3,0.318,28.5743,89.8562893081761,660,,,
thrashing,synthetic,,WSClock,GlobalAllocation,365,8,0,0.2813,21.2682,75.60682545325275,512,,,
thrashing,synthetic,,WSClock,GlobalAllocation,365,8,1,0.2959,20.9474,70.7921595133491,565,,,
thrashing,synthetic,,WSClock,GlobalAllocation,365,8,2,0.3063,27.8365,90.87985634998368,665,,,
thrashing,synthetic,,WSClock,GlobalAllocation,365,8,3,0.3062,25.0088,81.67472240365774,644,,,
thrashing,synthetic,,WSClock,GlobalAllocation,365,9,0,0.2808,19.0747,67.9298433048433,522,,,
thrashing,synthetic,,WSClock,GlobalAllocation,365,9,1,0.2941,26.5112,90.14348860931656,611,,,
thrashing,synthetic,,WSClock,GlobalAllocation,365,9,2,0.3069,24.5814,80.09579667644184,629,,,
thrashing,synthetic,,WSClock,GlobalAllocation,365,9,3,0.3174,26.2462,82.69124133585382,638,,,
thrashing,synthetic,,WSClock,LocalAllocation,365,0,0,0.2818,49.9607,177.29134137686302,1500,1408,1500,424
thrashing,synthetic,,WSClock,LocalAllocation,365,0,1,0.2931,49.4338,168.65847833503923,1500,1409,1500,410
thrashing,synthetic,,WSClock,LocalAllocation,365,0,2,0.3137,49.4411,157.60631176283073,1500,1409,1500,420
thrashing,synthetic,,WSClock,LocalAllocation,365,0,3,0.3283,49.2019,149.86871763630825,1500,1409,1500,403
thrashing,synthetic,,WSClock,LocalAllocation,365,1,0,0.2918,49.8792,170.9362577107608,1500,1408,1500,420
thrashing,synthetic,,WSClock,LocalAllocation,365,1,1,0.2978,49.2885,165.50873069173943,1500,1409,1500,445
thrashing,synthetic,,WSClock,LocalAllocation,365,1,2,0.3022,49.3425,163.2776307081403,1500,1409,1500,431
thrashing,synthetic,,WSClock,LocalAllocation,365,1,3,0.3151,49.2766,156.3840050777531,1500,1409,1500,411
thrashing,synthetic,,WSClock,LocalAllocation,365,2,0,0.2817,52.7185,187.14412495562655,1500,1408,1500,413
thrashing,synthetic,,WSClock,LocalAllocation,365,2,1,0.2889,52.0145,180.04326756663204,1500,1409,1500,423
thrashing,synthetic,,WSClock,LocalAllocation,365,2,2,0.3395,51.7829,152.52695139911634,1500,1409,1500,433
thrashing,synthetic,,WSClock,LocalAllocation,365,2,3,0.3115,54.7992,175.9203852327448,1500,1409,1500,406
thrashing,synthetic,,WSClock,LocalAllocation,365,3,0,0.2842,50.1176,176.34623504574245,1500,1408,1500,399
thrashing,synthetic,,WSClock,LocalAllocation,365,3,1,0.2977,49.5396,166.40779308028218,1500,1409,1500,400
thrashing,synthetic,,WSClock,LocalAllocation,365,3,2,0.3009,49.4357,164.2927883017614,1500,1409,1500,427
thrashing,synthetic,,WSClock,LocalAllocation,365,3,3,0.3164,49.3734,156.0474083438685,1500,1409,1500,433
thrashing,synthetic,,WSClock,LocalAllocation,365,4,0,0.2807,49.9878,178.08265051656574,1500,1408,1500,414
thrashing,synthetic,,WSClock,LocalAllocation,365,4,1,0.2962,49.514,167.16407832545576,1500,1409,1500,408
thrashing,synthetic,,WSClock,LocalAllocation,365,4,2,0.301,49.6737,165.02890365448505,1500,1409,1500,394
thrashing,synthetic,,WSClock,LocalAllocation,365,4,3,0.3171,49.4906,156.07253232418796,1500,1409,1500,417
thrashing,synthetic,,WSClock,LocalAllocation,365,5,0,0.2819,51.953,184.2958495920539,1500,1408,1500,414
thrashing,synthetic,,WSClock,LocalAllocation,365,5,1,0.2889,51.5021,178.26964347525094,1500,1409,1500,420
thrashing,synthetic,,WSClock,LocalAllocation,365,5,2,0.2998,53.3996,178.1174116077385,1500,1409,1500,443
thrashing,synthetic,,WSClock,LocalAllocation,365,5,3,0.3536,51.3367,145.18297511312218,1500,1409,1500,378
thrashing,synthetic,,WSClock,LocalAllocation,365,6,0,0.2847,52.1772,183.27081138040043,1500,1408,1500,420
thrashing,synthetic,,WSClock,LocalAllocation,365,6,1,0.3002,52.08,173.48434377081946,1500,1409,1500,442
thrashing,synthetic,,WSClock,LocalAllocation,365,6,2,0.3191,51.2415,160.58132246944533,1500,1409,1500,435
thrashing,synthetic,,WSClock,LocalAllocation,365,6,3,0.3163,51.8634,163.96901675624406,1500,1409,1500,431
thrashing,synthetic,,WSClock,LocalAllocation,365,7,0,0.28,49.8727,178.11678571428573,1500,1408,1500,442
thrashing,synthetic,,WSClock,LocalAllocation,365,7,1,0.2901,49.4202,170.35573940020683,1500,1409,1500,394
thrashing,synthetic,,WSClock,LocalAllocation,365,7,2,0.3041,49.4064,162.4676093390332,1500,1409,1500,430
thrashing,synthetic,,WSClock,LocalAllocation,365,7,3,0.3121,49.4495,158.44120474206986,1500,1409,1500,421
thrashing,synthetic,,WSClock,LocalAllocation,365,8,0,0.287,49.9416,174.01254355400698,1500,1408,1500,417
thrashing,synthetic,,WSClock,LocalAllocation,365,8,1,0.3129,49.4478,158.0306807286673,1500,1409,1500,402
thrashing,synthetic,,WSClock,LocalAllocation,365,8,2,0.3068,49.4554,161.1975228161669,1500,1409,1500,416
thrashing,synthetic,,WSClock,LocalAllocation,365,8,3,0.312,49.4099,158.3650641025641,1500,1409,1500,415
thrashing,synthetic,,WSClock,LocalAllocation,365,9,0,0.2818,49.7678,176.6068133427963,1500,1408,1500,404
thrashing,synthetic,,WSClock,LocalAllocation,365,9,1,0.2894,49.0993,169.65894955079474,1500,1409,1500,421
thrashing,synthetic,,WSClock,LocalAllocation,365,9,2,0.3013,49.0798,162.8934616661135,1500,1409,1500,410
thrashing,synthetic,,WSClock,LocalAllocation,365,9,3,0.3146,49.197,156.37952956134774,1500,1409,1500,437
thrashing,synthetic,,WSClock,ProportionalAllocation,365,0,0,0.2817,43.3358,153.83670571529996,1500,1424,1500,431
thrashing,synthetic,,WSClock,ProportionalAllocation,365,0,1,0.3097,48.7376,157.37035841136583,1500,1414,1500,412
thrashing,synthetic,,WSClock,ProportionalAllocation,365,0,2,0.3005,54.075,179.95008319467553,1500,1403,1500,419
thrashing,synthetic,,WSClock,ProportionalAllocation,365,0,3,0.3126,17.0364,54.49904030710173,1328,1222,1328,333
thrashing,synthetic,,WSClock,ProportionalAllocation,365,1,0,0.2828,42.3799,149.8582036775106,1500,1424,1500,426
thrashing,synthetic,,WSClock,ProportionalAllocation,365,1,1,0.3044,46.9918,154.37516425755584,1500,1414,1500,446
thrashing,synthetic,,WSClock,ProportionalAllocation,365,1,2,0.3096,52.5187,169.63404392764858,1500,1403,1500,430
thrashing,synthetic,,WSClock,ProportionalAllocation,365,1,3,0.3098,17.5833,56.75693996126533,1332,1226,1332,344
thrashing,synthetic,,WSClock,ProportionalAllocation,365,2,0,0.2789,43.3157,155.30907135173896,1500,1424,1500,419
thrashing,synthetic,,WSClock,ProportionalAllocation,365,2,1,0.2942,48.3246,164.2576478585996,1500,1414,1500,425
thrashing,synthetic,,WSClock,ProportionalAllocation,365,2,2,0.3032,53.7396,177.24142480211083,1500,1403,1500,431
thrashing,synthetic,,WSClock,ProportionalAllocation,365,2,3,0.3147,17.611,55.9612329202415,1334,1228,1334,342
thrashing,synthetic,,WSClock,ProportionalAllocation,365,3,0,0.2917,44.9937,154.24648611587247,1500,1424,1500,406
thrashing,synthetic,,WSClock,ProportionalAllocation,365,3,1,0.2956,51.0606,172.73545331529093,1500,1414,1500,404
thrashing,synthetic,,WSClock,ProportionalAllocation,365,3,2,0.4337,57.4199,132.39543463223427,1500,1403,1500,426
thrashing,synthetic,,WSClock,ProportionalAllocation,365,3,3,0.3497,18.9436,54.17100371747212,1325,1219,1325,357
thrashing,synthetic,,WSClock,ProportionalAllocation,365,4,0,0.2811,42.08,149.69761650658128,1500,1424,1500,418
thrashing,synthetic,,WSClock,ProportionalAllocation,365,4,1,0.2866,47.0812,164.27494766224703,1500,1414,1500,408
thrashing,synthetic,,WSClock,ProportionalAllocation,365,4,2,0.3017,52.6171,174.40205502154458,1500,1403,1500,394
thrashing,synthetic,,WSClock,ProportionalAllocation,365,4,3,0.3584,17.3588,48.434151785714285,1330,1224,1330,345
thrashing,synthetic,,WSClock,ProportionalAllocation,365,5,0,0.2838,42.2551,148.89041578576462,1500,1424,1500,421
thrashing,synthetic,,WSClock,ProportionalAllocation,365,5,1,0.2917,47.0968,161.45629070963318,1500,1414,1500,421
thrashing,synthetic,,WSClock,ProportionalAllocation,365,5,2,0.2988,52.5333,175.81425702811245,1500,1403,1500,441
thrashing,synthetic,,WSClock,ProportionalAllocation,365,5,3,0.3123,15.8925,50.888568683957736,1328,1222,1328,312
thrashing,synthetic,,WSClock,ProportionalAllocation,365,6,0,0.2806,42.1509,150.21703492516036,1500,1424,1500,424
thrashing,synthetic,,WSClock,ProportionalAllocation,365,6,1,0.2914,46.9364,161.07206588881263,1500,1414,1500,445
thrashing,synthetic,,WSClock,ProportionalAllocation,365,6,2,0.3026,52.4697,173.39623265036352,1500,1403,1500,434
thrashing,synthetic,,WSClock,ProportionalAllocation,365,6,3,0.3222,17.6636,54.82184978274364,1327,1221,1327,354
thrashing,synthetic,,WSClock,ProportionalAllocation,365,7,0,0.2826,41.9677,148.5056617126681,1500,1424,1500,444
thrashing,synthetic,,WSClock,ProportionalAllocation,365,7,1,0.2852,46.9832,164.73772791023842,1500,1414,1500,395
thrashing,synthetic,,WSClock,ProportionalAllocation,365,7,2,0.3012,52.4867,174.25863213811422,1500,1403,1500,428
thrashing,synthetic,,WSClock,ProportionalAllocation,365,7,3,0.3123,17.5511,56.19948767211015,1330,1224,1330,347
thrashing,synthetic,,WSClock,ProportionalAllocation,365,8,0,0.2876,41.8346,145.46105702364395,1500,1424,1500,422
thrashing,synthetic,,WSClock,ProportionalAllocation,365,8,1,0.2902,46.9975,161.9486560992419,1500,1414,1500,404
thrashing,synthetic,,WSClock,ProportionalAllocation,365,8,2,0.3011,52.1778,173.29060112919296,1500,1403,1500,416
thrashing,synthetic,,WSClock,ProportionalAllocation,365,8,3,0.3174,16.9503,53.40359168241966,1330,1224,1330,343
thrashing,synthetic,,WSClock,ProportionalAllocation,365,9,0,0.3154,46.9495,148.85700697526948,1500,1424,1500,411
thrashing,synthetic,,WSClock,ProportionalAllocation,365,9,1,0.3077,51.5867,167.65258368540788,1500,1414,1500,421
thrashing,synthetic,,WSClock,ProportionalAllocation,365,9,2,0.355,57.9206,163.15661971830986,1500,1403,1500,409
thrashing,synthetic,,WSClock,ProportionalAllocation,365,9,3,0.3266,20.3777,62.393447642375996,1336,1230,1336,378
thrashing,synthetic,,FIFO,GlobalAllocation,456,0,0,0.1855,0.4884,2.6328840970350402,96,,,
thrashing,synthetic,,FIFO,GlobalAllocation,456,0,1,0.1876,0.5495,2.9291044776119404,108,,,
thrashing,synthetic,,FIFO,GlobalAllocation,456,0,2,0.1922,0.5646,2.9375650364203953,120,,,
thrashing,synthetic,,FIFO,GlobalAllocation,456,0,3,0.2013,0.565,2.80675608544461,132,,,
thrashing,synthetic,,FIFO,GlobalAllocation,456,1,0,0.1881,0.4843,2.5746943115364167,96,,,
thrashing,synthetic,,FIFO,GlobalAllocation,456,1,1,0.1891,0.5558,2.9391856160761503,108,,,
thrashing,synthetic,,FIFO,GlobalAllocation,456,1,2,0.1938,0.5586,2.8823529411764706,120,,,
thrashing,synthetic,,FIFO,GlobalAllocation,456,1,3,0.1937,0.5702,2.943727413526071,132,,,
thrashing,synthetic,,FIFO,GlobalAllocation,456,2,0,0.1836,0.4874,2.6546840958605666,96,,,
thrashing,synthetic,,FIFO,GlobalAllocation,456,2,1,0.1903,0.5601,2.9432475039411456,108,,,
thrashing,synthetic,,FIFO,GlobalAllocation,456,2,2,0.1933,0.565,2.9229177444386965,120,,,
thrashing,synthetic,,FIFO,GlobalAllocation,456,2,3,0.1977,0.5666,2.8659585230146685,132,,,
thrashing,synthetic,,FIFO,GlobalAllocation,456,3,0,0.2188,0.4682,2.139853747714808,96,,,
thrashing,synthetic,,FIFO,GlobalAllocation,456,3,1,0.1825,0.524,2.871232876712329,108,,,
thrashing,synthetic,,FIFO,GlobalAllocation,456,3,2,0.1806,0.5416,2.998892580287929,120,,,
thrashing,synthetic,,FIFO,GlobalAllocation,456,3,3,0.1838,0.5355,2.9134929270946683,132,,,
thrashing,synthetic,,FIFO,GlobalAllocation,456,4,0,0.1695,0.443,2.6135693215339235,96,,,
thrashing,synthetic,,FIFO,GlobalAllocation,456,4,1,0.1705,0.505,2.961876832844575,108,,,
thrashing,synthetic,,FIFO,GlobalAllocation,456,4,2,0.173,0.5096,2.945664739884393,120,,,
thrashing,synthetic,,FIFO,GlobalAllocation,456,4,3,0.1794,0.5178,2.8862876254180603,132,,,
thrashing,synthetic,,FIFO,GlobalAllocation,456,5,0,0.1854,0.4896,2.6407766990291264,96,,,
thrashing,synthetic,,FIFO,GlobalAllocation,456,5,1,0.188,0.5681,3.021808510638298,108,,,
thrashing,synthetic,,FIFO,GlobalAllocation,456,5,2,0.197,0.5685,2.8857868020304567,120,,,
thrashing,synthetic,,FIFO,GlobalAllocation,456,5,3,0.1905,0.5733,3.0094488188976376,132,,,
thrashing,synthetic,,FIFO,GlobalAllocation,456,6,0,0.1876,0.5053,2.693496801705757,96,,,
thrashing,synthetic,,FIFO,GlobalAllocation,456,6,1,0.1863,0.5789,3.1073537305421364,108,,,
thrashing,synthetic,,FIFO,GlobalAllocation,456,6,2,0.1921,0.5759,2.997917751171265,120,,,
thrashing,synthetic,,FIFO,GlobalAllocation,456,6,3,0.1942,0.5923,3.04994850669413,132,,,
thrashing,synthetic,,FIFO,GlobalAllocation,456,7,0,0.1852,0.4971,2.6841252699784017,96,,,
thrashing,synthetic,,FIFO,GlobalAllocation,456,7,1,0.1839,0.56,3.045133224578575,108,,,
thrashing,synthetic,,FIFO,GlobalAllocation,456,7,2,0.1918,0.569,2.9666319082377477,120,,,
thrashing,synthetic,,FIFO,GlobalAllocation,456,7,3,0.1932,0.5732,2.9668737060041406,132,,,
thrashing,synthetic,,FIFO,GlobalAllocation,456,8,0,0.1851,0.4936,2.6666666666666665,96,,,
thrashing,synthetic,,FIFO,GlobalAllocation,456,8,1,0.189,0.5517,2.919047619047619,108,,,
thrashing,synthetic,,FIFO,GlobalAllocation,456,8,2,0.1919,0.5658,2.948410630536738,120,,,
thrashing,synthetic,,FIFO,GlobalAllocation,456,8,3,0.1922,0.5726,2.979188345473465,132,,,
thrashing,synthetic,,FIFO,GlobalAllocation,456,9,0,0.1875,0.4841,2.5818666666666665,96,,,
thrashing,synthetic,,FIFO,GlobalAllocation,456,9,1,0.1833,0.5626,3.0692853246044733,108,,,
thrashing,synthetic,,FIFO,GlobalAllocation,456,9,2,0.1901,0.5624,2.9584429247764334,120,,,
thrashing,synthetic,,FIFO,GlobalAllocation,456,9,3,0.1932,0.5691,2.9456521739130435,132,,,
thrashing,synthetic,,FIFO,LocalAllocation,456,0,0,0.1858,0.3627,1.9520990312163617,96,0,96,0
thrashing,synthetic,,FIFO,LocalAllocation,456,0,1,0.1875,0.3665,1.9546666666666668,108,0,108,0
thrashing,synthetic,,FIFO,LocalAllocation,456,0,2,0.198,1.1376,5.745454545454545,1500,1386,1500,414
thrashing,synthetic,,FIFO,LocalAllocation,456,0,3,0.1916,1.1355,5.926409185803758,1500,1386,1500,397
thrashing,synthetic,,FIFO,LocalAllocation,456,1,0,0.1864,0.3577,1.918991416309013,96,0,96,0
thrashing,synthetic,,FIFO,LocalAllocation,456,1,1,0.1891,0.3683,1.947646747752512,108,0,108,0
thrashing,synthetic,,FIFO,LocalAllocation,456,1,2,0.1911,1.1305,5.915750915750916,1500,1386,1500,423
thrashing,synthetic,,FIFO,LocalAllocation,456,1,3,0.1933,1.1316,5.854112778065184,1500,1386,1500,405
thrashing,synthetic,,FIFO,LocalAllocation,456,2,0,0.1957,0.3582,1.8303525804803271,96,0,96,0
thrashing,synthetic,,FIFO,LocalAllocation,456,2,1,0.1866,0.3629,1.944801714898178,108,0,108,0
thrashing,synthetic,,FIFO,LocalAllocation,456,2,2,0.2023,1.1311,5.591201186356896,1500,1386,1500,427
thrashing,synthetic,,FIFO,LocalAllocation,456,2,3,0.194,1.1334,5.842268041237113,1500,1386,1500,403
thrashing,synthetic,,FIFO,LocalAllocation,456,3,0,0.1867,0.3612,1.934654525977504,96,0,96,0
thrashing,synthetic,,FIFO,LocalAllocation,456,3,1,0.2007,0.3623,1.8051818634778276,108,0,108,0
thrashing,synthetic,,FIFO,LocalAllocation,456,3,2,0.1908,1.1192,5.865828092243187,1500,1386,1500,422
thrashing,synthetic,,FIFO,LocalAllocation,456,3,3,0.1955,1.124,5.749360613810742,1500,1386,1500,425
thrashing,synthetic,,FIFO,LocalAllocation,456,4,0,0.1898,0.3593,1.8930453108535301,96,0,96,0
thrashing,synthetic,,FIFO,LocalAllocation,456,4,1,0.1917,0.3664,1.9113197704747,108,0,108,0
thrashing,synthetic,,FIFO,LocalAllocation,456,4,2,0.1909,1.1198,5.865898376113148,1500,1386,1500,388
thrashing,synthetic,,FIFO,LocalAllocation,456,4,3,0.197,1.1224,5.69746192893401,1500,1386,1500,408
thrashing,synthetic,,FIFO,LocalAllocation,456,5,0,0.1885,0.3618,1.9193633952254643,96,0,96,0
thrashing,synthetic,,FIFO,LocalAllocation,456,5,1,0.1861,0.3662,1.967759269210102,108,0,108,0
thrashing,synthetic,,FIFO,LocalAllocation,456,5,2,0.191,1.122,5.87434554973822,1500,1386,1500,437
thrashing,synthetic,,FIFO,LocalAllocation,456,5,3,0.1904,1.1205,5.884978991596639,1500,1386,1500,372
thrashing,synthetic,,FIFO,LocalAllocation,456,6,0,0.1838,0.361,1.9640914036996735,96,0,96,0
thrashing,synthetic,,FIFO,LocalAllocation,456,6,1,0.1901,0.3649,1.9195160441872698,108,0,108,0
thrashing,synthetic,,FIFO,LocalAllocation,456,6,2,0.1929,1.1274,5.844479004665629,1500,1386,1500,428
thrashing,synthetic,,FIFO,LocalAllocation,456,6,3,0.1955,1.1651,5.959590792838875,1500,1386,1500,425
thrashing,synthetic,,FIFO,LocalAllocation,456,7,0,0.1859,0.3584,1.9279182356105433,96,0,96,0
thrashing,synthetic,,FIFO,LocalAllocation,456,7,1,0.1837,0.3571,1.94393032117583,108,0,108,0
thrashing,synthetic,,FIFO,LocalAllocation,456,7,2,0.1903,1.1174,5.871781397792958,1500,1386,1500,422
thrashing,synthetic,,FIFO,LocalAllocation,456,7,3,0.1932,1.1207,5.800724637681159,1500,1386,1500,410
thrashing,synthetic,,FIFO,LocalAllocation,456,8,0,0.1884,0.3609,1.9156050955414012,96,0,96,0
thrashing,synthetic,,FIFO,LocalAllocation,456,8,1,0.1897,0.3619,1.9077490774907748,108,0,108,0
thrashing,synthetic,,FIFO,LocalAllocation,456,8,2,0.1912,1.1332,5.926778242677824,1500,1386,1500,406
thrashing,synthetic,,FIFO,LocalAllocation,456,8,3,0.191,1.131,5.9214659685863875,1500,1386,1500,408
thrashing,synthetic,,FIFO,LocalAllocation,456,9,0,0.1838,0.3617,1.967899891186072,96,0,96,0
thrashing,synthetic,,FIFO,LocalAllocation,456,9,1,0.1894,0.3612,1.9070749736008448,108,0,108,0
thrashing,synthetic,,FIFO,LocalAllocation,456,9,2,0.193,1.1269,5.838860103626943,1500,1386,1500,405
thrashing,synthetic,,FIFO,LocalAllocation,456,9,3,0.1924,1.1344,5.896049896049896,1500,1386,1500,431
thrashing,synthetic,,FIFO,ProportionalAllocation,456,0,0,0.1861,0.3387,1.8199892530897368,96,0,96,0
thrashing,synthetic,,FIFO,ProportionalAllocation,456,0,1,0.1883,0.3426,1.8194370685077004,108,0,108,0
thrashing,synthetic,,FIFO,ProportionalAllocation,456,0,2,0.1907,0.3461,1.8148925013109596,120,0,120,0
thrashing,synthetic,,FIFO,ProportionalAllocation,456,0,3,0.1963,0.3479,1.772287315333673,132,0,132,0
thrashing,synthetic,,FIFO,ProportionalAllocation,456,1,0,0.1888,0.3467,1.836334745762712,96,0,96,0
thrashing,synthetic,,FIFO,ProportionalAllocation,456,1,1,0.1911,0.3537,1.8508634222919937,108,0,108,0
thrashing,synthetic,,FIFO,ProportionalAllocation,456,1,2,0.195,0.3504,1.7969230769230768,120,0,120,0
thrashing,synthetic,,FIFO,ProportionalAllocation,456,1,3,0.1957,0.3532,1.8048032703117016,132,0,132,0
thrashing,synthetic,,FIFO,ProportionalAllocation,456,2,0,0.1846,0.3396,1.839653304442037,96,0,96,0
thrashing,synthetic,,FIFO,ProportionalAllocation,456,2,1,0.1904,0.3485,1.8303571428571428,108,0,108,0
thrashing,synthetic,,FIFO,ProportionalAllocation,456,2,2,0.1937,0.3519,1.81672689726381,120,0,120,0
thrashing,synthetic,,FIFO,ProportionalAllocation,456,2,3,0.1977,0.3531,1.7860394537177542,132,0,132,0
thrashing,synthetic,,FIFO,ProportionalAllocation,456,3,0,0.1856,0.3497,1.8841594827586208,96,0,96,0
thrashing,synthetic,,FIFO,ProportionalAllocation,456,3,1,0.1886,0.3603,1.910392364793213,108,0,108,0
thrashing,synthetic,,FIFO,ProportionalAllocation,456,3,2,0.1966,0.3675,1.8692777212614446,120,0,120,0
thrashing,synthetic,,FIFO,ProportionalAllocation,456,3,3,0.1998,0.366,1.8318318318318318,132,0,132,0
thrashing,synthetic,,FIFO,ProportionalAllocation,456,4,0,0.1851,0.3374,1.8227984873041598,96,0,96,0
thrashing,synthetic,,FIFO,ProportionalAllocation,456,4,1,0.1864,0.3429,1.8395922746781115,108,0,108,0
thrashing,synthetic,,FIFO,ProportionalAllocation,456,4,2,0.1922,0.3463,1.8017689906347554,120,0,120,0
thrashing,synthetic,,FIFO,ProportionalAllocation,456,4,3,0.1929,0.3494,1.811301192327631,132,0,132,0
thrashing,synthetic,,FIFO,ProportionalAllocation,456,5,0,0.1857,0.3385,1.8228325255788906,96,0,96,0
thrashing,synthetic,,FIFO,ProportionalAllocation,456,5,1,0.1868,0.3425,1.8335117773019272,108,0,108,0
thrashing,synthetic,,FIFO,ProportionalAllocation,456,5,2,0.191,0.3454,1.8083769633507853,120,0,120,0
thrashing,synthetic,,FIFO,ProportionalAllocation,456,5,3,0.1898,0.3452,1.8187565858798735,132,0,132,0
thrashing,synthetic,,FIFO,ProportionalAllocation,456,6,0,0.1859,0.3352,1.8031199569661107,96,0,96,0
thrashing,synthetic,,FIFO,ProportionalAllocation,456,6,1,0.191,0.3403,1.7816753926701572,108,0,108,0
thrashing,synthetic,,FIFO,ProportionalAllocation,456,6,2,0.1939,0.3453,1.7808148530170191,120,0,120,0
thrashing,synthetic,,FIFO,ProportionalAllocation,456,6,3,0.1936,0.348,1.7975206611570247,132,0,132,0
thrashing,synthetic,,FIFO,ProportionalAllocation,456,7,0,0.1862,0.3347,1.7975295381310419,96,0,96,0
thrashing,synthetic,,FIFO,ProportionalAllocation,456,7,1,0.1853,0.333,1.7970858067997841,108,0,108,0
thrashing,synthetic,,FIFO,ProportionalAllocation,456,7,2,0.1922,0.3384,1.760665972944849,120,0,120,0
thrashing,synthetic,,FIFO,ProportionalAllocation,456,7,3,0.196,0.3401,1.735204081632653,132,0,132,0
thrashing,synthetic,,FIFO,ProportionalAllocation,456,8,0,0.1848,0.3401,1.8403679653679654,96,0,96,0
thrashing,synthetic,,FIFO,ProportionalAllocation,456,8,1,0.1843,0.3403,1.8464460119370592,108,0,108,0
thrashing,synthetic,,FIFO,ProportionalAllocation,456,8,2,0.1905,0.3502,1.8383202099737532,120,0,120,0
thrashing,synthetic,,FIFO,ProportionalAllocation,456,8,3,0.1939,0.3441,1.774626095925735,132,0,132,0
thrashing,synthetic,,FIFO,ProportionalAllocation,456,9,0,0.1829,0.3409,1.8638600328048114,96,0,96,0
thrashing,synthetic,,FIFO,ProportionalAllocation,456,9,1,0.189,0.3439,1.8195767195767196,108,0,108,0
thrashing,synthetic,,FIFO,ProportionalAllocation,456,9,2,0.1897,0.3448,1.8176067474960464,120,0,120,0
thrashing,synthetic,,FIFO,ProportionalAllocation,456,9,3,0.1939,0.3481,1.7952552862300155,132,0,132,0
thrashing,synthetic,,LRU,GlobalAllocation,456,0,0,0.3106,0.7024,2.2614294913071475,96,,,
thrashing,synthetic,,LRU,GlobalAllocation,456,0,1,0.6623,0.7812,1.1795258946096936,108,,,
thrashing,synthetic,,LRU,GlobalAllocation,456,0,2,0.3151,0.8091,2.567756267851476,120,,,
thrashing,synthetic,,LRU,GlobalAllocation,456,0,3,0.3122,0.8073,2.585842408712364,132,,,
thrashing,synthetic,,LRU,GlobalAllocation,456,1,0,0.3066,0.6992,2.2804957599478146,96,,,
thrashing,synthetic,,LRU,GlobalAllocation,456,1,1,0.3062,0.7882,2.5741345525800132,108,,,
thrashing,synthetic,,LRU,GlobalAllocation,456,1,2,0.313,0.7882,2.5182108626198083,120,,,
thrashing,synthetic,,LRU,GlobalAllocation,456,1,3,0.3124,0.8286,2.6523687580025608,132,,,
thrashing,synthetic,,LRU,GlobalAllocation,456,2,0,0.3016,0.6852,2.2718832891246685,96,,,
thrashing,synthetic,,LRU,GlobalAllocation,456,2,1,0.3041,0.7912,2.6017757316672148,108,,,
thrashing,synthetic,,LRU,GlobalAllocation,456,2,2,0.3118,0.7996,2.5644644002565746,120,,,
thrashing,synthetic,,LRU,GlobalAllocation,456,2,3,0.3075,0.8021,2.6084552845528455,132,,,
thrashing,synthetic,,LRU,GlobalAllocation,456,3,0,0.3039,0.6977,2.2958209937479435,96,,,
thrashing,synthetic,,LRU,GlobalAllocation,456,3,1,0.3071,0.7815,2.5447736893520028,108,,,
thrashing,synthetic,,LRU,GlobalAllocation,456,3,2,0.3062,0.8112,2.6492488569562376,120,,,
thrashing,synthetic,,LRU,GlobalAllocation,456,3,3,0.3065,0.7896,2.5761827079934747,132,,,
thrashing,synthetic,,LRU,GlobalAllocation,456,4,0,0.3023,0.7641,2.527621567978829,96,,,
thrashing,synthetic,,LRU,GlobalAllocation,456,4,1,0.2989,0.8857,2.963198394111743,108,,,
thrashing,synthetic,,LRU,GlobalAllocation,456,4,2,0.5048,0.8704,1.7242472266244058,120,,,
thrashing,synthetic,,LRU,GlobalAllocation,456,4,3,0.3099,0.911,2.9396579541787675,132,,,
thrashing,synthetic,,LRU,GlobalAllocation,456,5,0,0.6408,0.8665,1.352215980024969,96,,,
thrashing,synthetic,,LRU,GlobalAllocation,456,5,1,0.5671,1.0201,1.798800916945865,108,,,
thrashing,synthetic,,LRU,GlobalAllocation,456,5,2,0.6368,0.9935,1.560144472361809,120,,,
thrashing,synthetic,,LRU,GlobalAllocation,456,5,3,0.653,1.0383,1.5900459418070445,132,,,
thrashing,synthetic,,LRU,GlobalAllocation,456,6,0,0.3026,0.6877,2.2726371447455387,96,,,
thrashing,synthetic,,LRU,GlobalAllocation,456,6,1,0.3122,0.791,2.5336322869955157,108,,,
thrashing,synthetic,,LRU,GlobalAllocation,456,6,2,0.3122,0.7824,2.5060858424087122,120,,,
thrashing,synthetic,,LRU,GlobalAllocation,456,6,3,0.3131,0.8097,2.5860747365059087,132,,,
thrashing,synthetic,,LRU,GlobalAllocation,456,7,0,0.3071,0.6843,2.2282644089873007,96,,,
thrashing,synthetic,,LRU,GlobalAllocation,456,7,1,0.307,0.772,2.514657980456026,108,,,
thrashing,synthetic,,LRU,GlobalAllocation,456,7,2,0.3318,0.7881,2.375226039783002,120,,,
thrashing,synthetic,,LRU,GlobalAllocation,456,7,3,0.3114,0.7986,2.5645472061657033,132,,,
thrashing,synthetic,,LRU,GlobalAllocation,456,8,0,0.2981,0.69,2.3146595102314658,96,,,
thrashing,synthetic,,LRU,GlobalAllocation,456,8,1,0.3147,0.7601,2.415316174134096,108,,,
thrashing,synthetic,,LRU,GlobalAllocation,456,8,2,0.3121,0.7605,2.43671900032041,120,,,
thrashing,synthetic,,LRU,GlobalAllocation,456,8,3,0.3168,0.7798,2.461489898989899,132,,,
thrashing,synthetic,,LRU,GlobalAllocation,456,9,0,0.3085,0.7401,2.39902755267423,96,,,
thrashing,synthetic,,LRU,GlobalAllocation,456,9,1,0.3049,0.8474,2.7792718924237456,108,,,
thrashing,synthetic,,LRU,GlobalAllocation,456,9,2,0.3156,0.8646,2.7395437262357416,120,,,
thrashing,synthetic,,LRU,GlobalAllocation,456,9,3,0.3201,0.8791,2.746329272102468,132,,,
thrashing,synthetic,,LRU,LocalAllocation,456,0,0,0.3071,0.5645,1.8381634646694887,96,0,96,0
thrashing,synthetic,,LRU,LocalAllocation,456,0,1,0.3061,0.5794,1.8928454753348578,108,0,108,0
thrashing,synthetic,,LRU,LocalAllocation,456,0,2,0.3167,1.5287,4.8269655825702555,1500,1386,1500,414
thrashing,synthetic,,LRU,LocalAllocation,456,0,3,0.3119,1.5133,4.851875601154216,1500,1386,1500,397
thrashing,synthetic,,LRU,LocalAllocation,456,1,0,0.312,0.5138,1.6467948717948717,96,0,96,0
thrashing,synthetic,,LRU,LocalAllocation,456,1,1,0.3078,0.5168,1.6790123456790123,108,0,108,0
thrashing,synthetic,,LRU,LocalAllocation,456,1,2,0.3105,1.3696,4.410950080515298,1500,1386,1500,423
thrashing,synthetic,,LRU,LocalAllocation,456,1,3,0.3085,1.3718,4.446677471636953,1500,1386,1500,405
thrashing,synthetic,,LRU,LocalAllocation,456,2,0,0.3004,0.5167,1.720039946737683,96,0,96,0
thrashing,synthetic,,LRU,LocalAllocation,456,2,1,0.3102,0.5211,1.6798839458413926,108,0,108,0
thrashing,synthetic,,LRU,LocalAllocation,456,2,2,0.307,1.3816,4.5003257328990225,1500,1386,1500,427
thrashing,synthetic,,LRU,LocalAllocation,456,2,3,0.3438,1.3946,4.056428155904595,1500,1386,1500,403
thrashing,synthetic,,LRU,LocalAllocation,456,3,0,0.3113,0.5271,1.693221972373916,96,0,96,0
thrashing,synthetic,,LRU,LocalAllocation,456,3,1,0.3073,0.5271,1.715261958997722,108,0,108,0
thrashing,synthetic,,LRU,LocalAllocation,456,3,2,0.3074,1.3999,4.554001301236174,1500,1386,1500,422
thrashing,synthetic,,LRU,LocalAllocation,456,3,3,0.3124,1.4046,4.496158770806658,1500,1386,1500,425
thrashing,synthetic,,LRU,LocalAllocation,456,4,0,0.6316,1.0348,1.6383787207093097,96,0,96,0
thrashing,synthetic,,LRU,LocalAllocation,456,4,1,0.4105,1.0354,2.5222898903775883,108,0,108,0
thrashing,synthetic,,LRU,LocalAllocation,456,4,2,0.5964,2.6167,4.387491616364856,1500,1386,1500,388
thrashing,synthetic,,LRU,LocalAllocation,456,4,3,0.5887,2.6151,4.442160693052489,1500,1386,1500,408
thrashing,synthetic,,LRU,LocalAllocation,456,5,0,0.3097,0.5197,1.678075556990636,96,0,96,0
thrashing,synthetic,,LRU,LocalAllocation,456,5,1,0.3104,0.5282,1.7016752577319587,108,0,108,0
thrashing,synthetic,,LRU,LocalAllocation,456,5,2,0.3133,1.3992,4.46600702202362,1500,1386,1500,437
thrashing,synthetic,,LRU,LocalAllocation,456,5,3,0.3197,1.3972,4.370347200500469,1500,1386,1500,372
thrashing,synthetic,,LRU,LocalAllocation,456,6,0,0.3055,0.513,1.679214402618658,96,0,96,0
thrashing,synthetic,,LRU,LocalAllocation,456,6,1,0.3136,0.517,1.6485969387755102,108,0,108,0
thrashing,synthetic,,LRU,LocalAllocation,456,6,2,0.3051,1.3787,4.518846279908227,1500,1386,1500,428
thrashing,synthetic,,LRU,LocalAllocation,456,6,3,0.3132,1.3799,4.40581098339719,1500,1386,1500,425
thrashing,synthetic,,LRU,LocalAllocation,456,7,0,0.3026,0.5227,1.7273628552544613,96,0,96,0
thrashing,synthetic,,LRU,LocalAllocation,456,7,1,0.3047,0.5144,1.6882179192648508,108,0,108,0
thrashing,synthetic,,LRU,LocalAllocation,456,7,2,0.3129,1.3763,4.398529881751358,1500,1386,1500,422
thrashing,synthetic,,LRU,LocalAllocation,456,7,3,0.3121,1.389,4.450496635693688,1500,1386,1500,410
thrashing,synthetic,,LRU,LocalAllocation,456,8,0,0.3034,0.5153,1.698417930125247,96,0,96,0
thrashing,synthetic,,LRU,LocalAllocation,456,8,1,0.3008,0.5215,1.7337101063829787,108,0,108,0
thrashing,synthetic,,LRU,LocalAllocation,456,8,2,0.3261,1.3779,4.225390984360626,1500,1386,1500,406
thrashing,synthetic,,LRU,LocalAllocation,456,8,3,0.3104,1.3789,4.442332474226804,1500,1386,1500,408
thrashing,synthetic,,LRU,LocalAllocation,456,9,0,0.3135,0.5165,1.6475279106858054,96,0,96,0
thrashing,synthetic,,LRU,LocalAllocation,456,9,1,0.305,0.521,1.7081967213114755,108,0,108,0
thrashing,synthetic,,LRU,LocalAllocation,456,9,2,0.328,1.3739,4.188719512195122,1500,1386,1500,405
thrashing,synthetic,,LRU,LocalAllocation,456,9,3,0.3088,1.3847,4.484132124352332,1500,1386,1500,431
thrashing,synthetic,,LRU,ProportionalAllocation,456,0,0,0.3102,0.4843,1.561250805931657,96,0,96,0
thrashing,synthetic,,LRU,ProportionalAllocation,456,0,1,0.3098,0.4867,1.5710135571336346,108,0,108,0
thrashing,synthetic,,LRU,ProportionalAllocation,456,0,2,0.3116,0.4932,1.582798459563543,120,0,120,0
thrashing,synthetic,,LRU,ProportionalAllocation,456,0,3,0.317,0.4922,1.5526813880126182,132,0,132,0
thrashing,synthetic,,LRU,ProportionalAllocation,456,1,0,0.3114,0.4664,1.497752087347463,96,0,96,0
thrashing,synthetic,,LRU,ProportionalAllocation,456,1,1,0.3091,0.472,1.5270139113555483,108,0,108,0
thrashing,synthetic,,LRU,ProportionalAllocation,456,1,2,0.3089,0.4762,1.5415992230495306,120,0,120,0
thrashing,synthetic,,LRU,ProportionalAllocation,456,1,3,0.4081,0.4727,1.1582945356530263,132,0,132,0
thrashing,synthetic,,LRU,ProportionalAllocation,456,2,0,0.3031,0.4734,1.561860772022435,96,0,96,0
thrashing,synthetic,,LRU,ProportionalAllocation,456,2,1,0.3031,0.4816,1.5889145496535797,108,0,108,0
thrashing,synthetic,,LRU,ProportionalAllocation,456,2,2,0.3092,0.481,1.555627425614489,120,0,120,0
thrashing,synthetic,,LRU,ProportionalAllocation,456,2,3,0.3097,0.4837,1.5618340329350986,132,0,132,0
thrashing,synthetic,,LRU,ProportionalAllocation,456,3,0,0.3116,0.5725,1.8372913992297817,96,0,96,0
thrashing,synthetic,,LRU,ProportionalAllocation,456,3,1,0.3085,0.6524,2.1147487844408426,108,0,108,0
thrashing,synthetic,,LRU,ProportionalAllocation,456,3,2,0.3094,2.1922,7.085326438267614,120,0,120,0
thrashing,synthetic,,LRU,ProportionalAllocation,456,3,3,0.3214,0.5636,1.7535780958307405,132,0,132,0
thrashing,synthetic,,LRU,ProportionalAllocation,456,4,0,0.302,0.475,1.5728476821192052,96,0,96,0
thrashing,synthetic,,LRU,ProportionalAllocation,456,4,1,0.3039,0.4767,1.5686080947680159,108,0,108,0
thrashing,synthetic,,LRU,ProportionalAllocation,456,4,2,0.3103,0.4828,1.5559136319690623,120,0,120,0
thrashing,synthetic,,LRU,ProportionalAllocation,456,4,3,0.3141,0.4811,1.5316778096147723,132,0,132,0
thrashing,synthetic,,LRU,ProportionalAllocation,456,5,0,0.3122,0.4947,1.5845611787315823,96,0,96,0
thrashing,synthetic,,LRU,ProportionalAllocation,456,5,1,0.3097,0.5025,1.6225379399418793,108,0,108,0
thrashing,synthetic,,LRU,ProportionalAllocation,456,5,2,0.3113,0.5012,1.6100224863475747,120,0,120,0
thrashing,synthetic,,LRU,ProportionalAllocation,456,5,3,0.3106,0.5032,1.6200901481004508,132,0,132,0
thrashing,synthetic,,LRU,ProportionalAllocation,456,6,0,0.3038,0.4714,1.5516787360105333,96,0,96,0
thrashing,synthetic,,LRU,ProportionalAllocation,456,6,1,0.31,0.478,1.5419354838709678,108,0,108,0
thrashing,synthetic,,LRU,ProportionalAllocation,456,6,2,0.3123,0.4857,1.5552353506243997,120,0,120,0
thrashing,synthetic,,LRU,ProportionalAllocation,456,6,3,0.315,0.4905,1.5571428571428572,132,0,132,0
thrashing,synthetic,,LRU,ProportionalAllocation,456,7,0,0.3034,0.4792,1.5794330916282135,96,0,96,0
thrashing,synthetic,,LRU,ProportionalAllocation,456,7,1,0.3045,0.4744,1.5579638752052545,108,0,108,0
thrashing,synthetic,,LRU,ProportionalAllocation,456,7,2,0.3098,0.4819,1.5555196901226598,120,0,120,0
thrashing,synthetic,,LRU,ProportionalAllocation,456,7,3,0.317,0.4831,1.52397476340694,132,0,132,0
thrashing,synthetic,,LRU,ProportionalAllocation,456,8,0,0.3049,0.4686,1.5368973433912758,96,0,96,0
thrashing,synthetic,,LRU,ProportionalAllocation,456,8,1,0.3004,0.4701,1.56491344873502,108,0,108,0
thrashing,synthetic,,LRU,ProportionalAllocation,456,8,2,0.3131,0.475,1.5170871925902267,120,0,120,0
thrashing,synthetic,,LRU,ProportionalAllocation,456,8,3,0.3097,0.481,1.5531159186309331,132,0,132,0
thrashing,synthetic,,LRU,ProportionalAllocation,456,9,0,0.3123,0.4742,1.5184117835414666,96,0,96,0
thrashing,synthetic,,LRU,ProportionalAllocation,456,9,1,0.3092,0.4718,1.5258732212160413,108,0,108,0
thrashing,synthetic,,LRU,ProportionalAllocation,456,9,2,0.3113,0.4754,1.5271442338580148,120,0,120,0
thrashing,synthetic,,LRU,ProportionalAllocation,456,9,3,0.3111,0.4757,1.529090324654452,132,0,132,0
thrashing,synthetic,,NRU,GlobalAllocation,456,0,0,0.3356,0.9127,2.719606674612634,96,,,
thrashing,synthetic,,NRU,GlobalAllocation,456,0,1,0.3223,0.8567,2.6580825318026684,108,,,
thrashing,synthetic,,NRU,GlobalAllocation,456,0,2,0.3289,0.9528,2.896929157798723,120,,,
thrashing,synthetic,,NRU,GlobalAllocation,456,0,3,0.3376,0.8825,2.6140402843601898,132,,,
thrashing,synthetic,,NRU,GlobalAllocation,456,1,0,0.3384,0.7705,2.2768912529550827,96,,,
thrashing,synthetic,,NRU,GlobalAllocation,456,1,1,0.3277,0.8626,2.6322856270979553,108,,,
thrashing,synthetic,,NRU,GlobalAllocation,456,1,2,0.3317,0.848,2.556526982212843,120,,,
thrashing,synthetic,,NRU,GlobalAllocation,456,1,3,0.3357,0.805,2.397974381888591,132,,,
thrashing,synthetic,,NRU,GlobalAllocation,456,2,0,0.3349,0.7792,2.3266646760226934,96,,,
thrashing,synthetic,,NRU,GlobalAllocation,456,2,1,0.323,0.8291,2.56687306501548,108,,,
thrashing,synthetic,,NRU,GlobalAllocation,456,2,2,0.3289,0.818,2.4870781392520525,120,,,
thrashing,synthetic,,NRU,GlobalAllocation,456,2,3,0.3338,0.8625,2.5838825644098264,132,,,
thrashing,synthetic,,NRU,GlobalAllocation,456,3,0,0.3184,0.7935,2.49214824120603,96,,,
thrashing,synthetic,,NRU,GlobalAllocation,456,3,1,0.3233,0.8651,2.67584287039901,108,,,
thrashing,synthetic,,NRU,GlobalAllocation,456,3,2,0.3258,0.8398,2.577655003069368,120,,,
thrashing,synthetic,,NRU,GlobalAllocation,456,3,3,0.3335,0.8251,2.4740629685157423,132,,,
thrashing,synthetic,,NRU,GlobalAllocation,456,4,0,0.3202,0.8023,2.505621486570893,96,,,
thrashing,synthetic,,NRU,GlobalAllocation,456,4,1,0.3301,0.8115,2.4583459557709784,108,,,
thrashing,synthetic,,NRU,GlobalAllocation,456,4,2,0.3476,0.8711,2.506041426927503,120,,,
thrashing,synthetic,,NRU,GlobalAllocation,456,4,3,0.3503,0.8501,2.426777048244362,132,,,
thrashing,synthetic,,NRU,GlobalAllocation,456,5,0,0.3334,0.7618,2.2849430113977203,96,,,
thrashing,synthetic,,NRU,GlobalAllocation,456,5,1,0.3548,0.8495,2.394306651634724,108,,,
thrashing,synthetic,,NRU,GlobalAllocation,456,5,2,0.345,0.827,2.3971014492753624,120,,,
thrashing,synthetic,,NRU,GlobalAllocation,456,5,3,0.3468,0.8149,2.349769319492503,132,,,
thrashing,synthetic,,NRU,GlobalAllocation,456,6,0,0.3144,0.7072,2.2493638676844783,96,,,
thrashing,synthetic,,NRU,GlobalAllocation,456,6,1,0.3249,0.8257,2.541397353031702,108,,,
thrashing,synthetic,,NRU,GlobalAllocation,456,6,2,0.3321,0.8394,2.5275519421860886,120,,,
thrashing,synthetic,,NRU,GlobalAllocation,456,6,3,0.3323,0.8579,2.5817032801685222,132,,,
thrashing,synthetic,,NRU,GlobalAllocation,456,7,0,0.2896,0.6581,2.2724447513812156,96,,,
thrashing,synthetic,,NRU,GlobalAllocation,456,7,1,0.2905,0.7194,2.476419965576592,108,,,
thrashing,synthetic,,NRU,GlobalAllocation,456,7,2,0.2996,0.8034,2.6815754339118825,120,,,
thrashing,synthetic,,NRU,GlobalAllocation,456,7,3,0.3054,0.7909,2.5897184020956123,132,,,
thrashing,synthetic,,NRU,GlobalAllocation,456,8,0,0.3258,0.7767,2.383977900552486,96,,,
thrashing,synthetic,,NRU,GlobalAllocation,456,8,1,0.3365,0.8723,2.5922734026745915,108,,,
thrashing,synthetic,,NRU,GlobalAllocation,456,8,2,0.3601,0.8838,2.4543182449319634,120,,,
thrashing,synthetic,,NRU,GlobalAllocation,456,8,3,0.3294,0.8678,2.634486945962356,132,,,
thrashing,synthetic,,NRU,GlobalAllocation,456,9,0,0.3157,0.7524,2.3832752613240418,96,,,
thrashing,synthetic,,NRU,GlobalAllocation,456,9,1,0.3231,0.8613,2.6657381615598887,108,,,
thrashing,synthetic,,NRU,GlobalAllocation,456,9,2,0.3282,0.8262,2.517367458866545,120,,,
thrashing,synthetic,,NRU,GlobalAllocation,456,9,3,0.3318,0.8487,2.557866184448463,132,,,
thrashing,synthetic,,NRU,LocalAllocation,456,0,0,0.3228,0.5362,1.661090458488228,96,0,96,0
thrashing,synthetic,,NRU,LocalAllocation,456,0,1,0.3254,0.5361,1.6475107559926245,108,0,108,0
thrashing,synthetic,,NRU,LocalAllocation,456,0,2,0.3328,5.4416,16.35096153846154,568,454,568,53
thrashing,synthetic,,NRU,LocalAllocation,456,0,3,0.3353,8.2001,24.456009543692215,832,718,832,151
thrashing,synthetic,,NRU,LocalAllocation,456,1,0,0.3184,0.5176,1.6256281407035176,96,0,96,0
thrashing,synthetic,,NRU,LocalAllocation,456,1,1,0.3205,0.5231,1.6321372854914196,108,0,108,0
thrashing,synthetic,,NRU,LocalAllocation,456,1,2,0.3319,5.061,15.248568846037964,542,428,542,76
thrashing,synthetic,,NRU,LocalAllocation,456,1,3,0.3324,7.6156,22.91095066185319,791,677,791,148
thrashing,synthetic,,NRU,LocalAllocation,456,2,0,0.331,0.5107,1.5429003021148036,96,0,96,0
thrashing,synthetic,,NRU,LocalAllocation,456,2,1,0.32,0.5151,1.6096875,108,0,108,0
thrashing,synthetic,,NRU,LocalAllocation,456,2,2,0.3479,5.0954,14.646162690428284,550,436,550,68
thrashing,synthetic,,NRU,LocalAllocation,456,2,3,0.3395,7.6271,22.465684830633283,795,681,795,152
thrashing,synthetic,,NRU,LocalAllocation,456,3,0,0.3196,0.5095,1.594180225281602,96,0,96,0
thrashing,synthetic,,NRU,LocalAllocation,456,3,1,0.3351,0.5177,1.5449119665771411,108,0,108,0
thrashing,synthetic,,NRU,LocalAllocation,456,3,2,0.3364,4.9731,14.783293697978596,536,422,536,54
thrashing,synthetic,,NRU,LocalAllocation,456,3,3,0.3338,7.6773,22.99970041941282,792,678,792,170
thrashing,synthetic,,NRU,LocalAllocation,456,4,0,0.3288,0.5173,1.5732968369829683,96,0,96,0
thrashing,synthetic,,NRU,LocalAllocation,456,4,1,0.3399,0.5212,1.5333921741688732,108,0,108,0
thrashing,synthetic,,NRU,LocalAllocation,456,4,2,0.3251,5.2432,16.12796062749923,560,446,560,66
thrashing,synthetic,,NRU,LocalAllocation,456,4,3,0.3302,7.835,23.728043609933373,809,695,809,171
thrashing,synthetic,,NRU,LocalAllocation,456,5,0,0.3514,0.5227,1.487478656801366,96,0,96,0
thrashing,synthetic,,NRU,LocalAllocation,456,5,1,0.3211,0.5203,1.620367486764248,108,0,108,0
thrashing,synthetic,,NRU,LocalAllocation,456,5,2,0.3291,4.8207,14.648131267092069,522,408,522,67
thrashing,synthetic,,NRU,LocalAllocation,456,5,3,0.3321,7.8554,23.653718759409816,820,706,820,131
thrashing,synthetic,,NRU,LocalAllocation,456,6,0,0.3144,0.5205,1.6555343511450382,96,0,96,0
thrashing,synthetic,,NRU,LocalAllocation,456,6,1,0.3217,0.5219,1.6223189306807584,108,0,108,0
thrashing,synthetic,,NRU,LocalAllocation,456,6,2,0.3478,5.0311,14.465497412305924,531,417,531,67
thrashing,synthetic,,NRU,LocalAllocation,456,6,3,0.3521,7.7082,21.89207611474013,798,684,798,157
thrashing,synthetic,,NRU,LocalAllocation,456,7,0,0.3285,0.5223,1.5899543378995433,96,0,96,0
thrashing,synthetic,,NRU,LocalAllocation,456,7,1,0.33,0.5237,1.586969696969697,108,0,108,0
thrashing,synthetic,,NRU,LocalAllocation,456,7,2,0.3443,5.1572,14.978797560267209,539,425,539,61
thrashing,synthetic,,NRU,LocalAllocation,456,7,3,0.3326,7.8215,23.516235718580877,803,689,803,155
thrashing,synthetic,,NRU,LocalAllocation,456,8,0,0.3147,0.5188,1.6485541785827773,96,0,96,0
thrashing,synthetic,,NRU,LocalAllocation,456,8,1,0.345,0.5311,1.5394202898550724,108,0,108,0
thrashing,synthetic,,NRU,LocalAllocation,456,8,2,0.3266,5.4529,16.695958358848745,557,443,557,64
thrashing,synthetic,,NRU,LocalAllocation,456,8,3,0.3371,7.8148,23.182438445565115,810,696,810,154
thrashing,synthetic,,NRU,LocalAllocation,456,9,0,0.3181,0.5253,1.6513674944985854,96,0,96,0
thrashing,synthetic,,NRU,LocalAllocation,456,9,1,0.3211,0.5248,1.6343818125194642,108,0,108,0
thrashing,synthetic,,NRU,LocalAllocation,456,9,2,0.3281,5.0234,15.310576043889059,542,428,542,60
thrashing,synthetic,,NRU,LocalAllocation,456,9,3,0.3325,7.5589,22.733533834586467,786,672,786,152
thrashing,synthetic,,NRU,ProportionalAllocation,456,0,0,0.333,0.5394,1.61981981981982,96,0,96,0
thrashing,synthetic,,NRU,ProportionalAllocation,456,0,1,0.3438,0.5167,1.5029086678301338,108,0,108,0
thrashing,synthetic,,NRU,ProportionalAllocation,456,0,2,0.5268,0.5413,1.027524677296887,120,0,120,0
thrashing,synthetic,,NRU,ProportionalAllocation,456,0,3,0.345,0.528,1.5304347826086957,132,0,132,0
thrashing,synthetic,,NRU,ProportionalAllocation,456,1,0,0.323,0.4784,1.4811145510835912,96,0,96,0
thrashing,synthetic,,NRU,ProportionalAllocation,456,1,1,0.3236,0.4845,1.4972187886279358,108,0,108,0
thrashing,synthetic,,NRU,ProportionalAllocation,456,1,2,0.3311,0.4882,1.4744790093627302,120,0,120,0
thrashing,synthetic,,NRU,ProportionalAllocation,456,1,3,0.3306,0.496,1.5003024803387779,132,0,132,0
thrashing,synthetic,,NRU,ProportionalAllocation,456,2,0,0.3281,0.4977,1.5169155745199634,96,0,96,0
thrashing,synthetic,,NRU,ProportionalAllocation,456,2,1,0.3218,0.5027,1.562150403977626,108,0,108,0
thrashing,synthetic,,NRU,ProportionalAllocation,456,2,2,0.333,0.5091,1.5288288288288288,120,0,120,0
thrashing,synthetic,,NRU,ProportionalAllocation,456,2,3,0.338,0.5146,1.5224852071005917,132,0,132,0
thrashing,synthetic,,NRU,ProportionalAllocation,456,3,0,0.334,0.5012,1.5005988023952095,96,0,96,0
thrashing,synthetic,,NRU,ProportionalAllocation,456,3,1,0.3185,0.5019,1.5758241758241758,108,0,108,0
thrashing,synthetic,,NRU,ProportionalAllocation,456,3,2,0.3255,0.5086,1.5625192012288787,120,0,120,0
thrashing,synthetic,,NRU,ProportionalAllocation,456,3,3,0.3361,0.5148,1.5316869979172865,132,0,132,0
thrashing,synthetic,,NRU,ProportionalAllocation,456,4,0,0.3255,0.4655,1.4301075268817205,96,0,96,0
thrashing,synthetic,,NRU,ProportionalAllocation,456,4,1,0.3382,0.4708,1.3920756948551154,108,0,108,0
thrashing,synthetic,,NRU,ProportionalAllocation,456,4,2,0.3392,0.4794,1.4133254716981132,120,0,120,0
thrashing,synthetic,,NRU,ProportionalAllocation,456,4,3,0.3526,0.4829,1.369540555870675,132,0,132,0
thrashing,synthetic,,NRU,ProportionalAllocation,456,5,0,0.335,0.4905,1.464179104477612,96,0,96,0
thrashing,synthetic,,NRU,ProportionalAllocation,456,5,1,0.3349,0.4934,1.4732756046581068,108,0,108,0
thrashing,synthetic,,NRU,ProportionalAllocation,456,5,2,0.3327,0.4984,1.4980462879470995,120,0,120,0
thrashing,synthetic,,NRU,ProportionalAllocation,456,5,3,0.3573,0.5045,1.411978729359082,132,0,132,0
thrashing,synthetic,,NRU,ProportionalAllocation,456,6,0,0.3147,0.4785,1.5204957102001906,96,0,96,0
thrashing,synthetic,,NRU,ProportionalAllocation,456,6,1,0.3416,0.482,1.411007025761124,108,0,108,0
thrashing,synthetic,,NRU,ProportionalAllocation,456,6,2,0.3247,0.4904,1.5103172158915923,120,0,120,0
thrashing,synthetic,,NRU,ProportionalAllocation,456,6,3,0.3311,0.4984,1.5052854122621564,132,0,132,0
thrashing,synthetic,,NRU,ProportionalAllocation,456,7,0,0.3288,0.4913,1.494221411192214,96,0,96,0
thrashing,synthetic,,NRU,ProportionalAllocation,456,7,1,0.3249,0.4963,1.5275469375192368,108,0,108,0
thrashing,synthetic,,NRU,ProportionalAllocation,456,7,2,0.3284,0.5019,1.5283191230207065,120,0,120,0
thrashing,synthetic,,NRU,ProportionalAllocation,456,7,3,0.3548,0.5062,1.4267192784667417,132,0,132,0
thrashing,synthetic,,NRU,ProportionalAllocation,456,8,0,0.3179,0.4882,1.5357030512739855,96,0,96,0
thrashing,synthetic,,NRU,ProportionalAllocation,456,8,1,0.3211,0.4923,1.5331672376206789,108,0,108,0
thrashing,synthetic,,NRU,ProportionalAllocation,456,8,2,0.3257,0.5,1.5351550506601166,120,0,120,0
thrashing,synthetic,,NRU,ProportionalAllocation,456,8,3,0.3307,0.5054,1.528273359540369,132,0,132,0
thrashing,synthetic,,NRU,ProportionalAllocation,456,9,0,0.328,0.4907,1.4960365853658537,96,0,96,0
thrashing,synthetic,,NRU,ProportionalAllocation,456,9,1,0.3233,0.4886,1.5112898236931642,108,0,108,0
thrashing,synthetic,,NRU,ProportionalAllocation,456,9,2,0.3473,0.4941,1.4226893175928592,120,0,120,0
thrashing,synthetic,,NRU,ProportionalAllocation,456,9,3,0.3322,0.5003,1.5060204695966286,132,0,132,0
thrashing,synthetic,,SecondChance,GlobalAllocation,456,0,0,0.2843,0.7183,2.5265564544495254,96,,,
thrashing,synthetic,,SecondChance,GlobalAllocation,456,0,1,0.291,0.8319,2.858762886597938,108,,,
thrashing,synthetic,,SecondChance,GlobalAllocation,456,0,2,0.3026,0.9228,3.0495703899537343,120,,,
thrashing,synthetic,,SecondChance,GlobalAllocation,456,0,3,0.3134,0.9432,3.009572431397575,132,,,
thrashing,synthetic,,SecondChance,GlobalAllocation,456,1,0,0.2823,0.7059,2.5005313496280555,96,,,
thrashing,synthetic,,SecondChance,GlobalAllocation,456,1,1,0.2898,0.8398,2.8978605935127675,108,,,
thrashing,synthetic,,SecondChance,GlobalAllocation,456,1,2,0.3,0.8867,2.9556666666666667,120,,,
thrashing,synthetic,,SecondChance,GlobalAllocation,456,1,3,0.3147,0.9443,3.0006355258976805,132,,,
thrashing,synthetic,,SecondChance,GlobalAllocation,456,2,0,0.2856,0.7371,2.5808823529411766,96,,,
thrashing,synthetic,,SecondChance,GlobalAllocation,456,2,1,0.2936,0.8837,3.0098773841961854,108,,,
thrashing,synthetic,,SecondChance,GlobalAllocation,456,2,2,0.3036,0.9221,3.037220026350461,120,,,
thrashing,synthetic,,SecondChance,GlobalAllocation,456,2,3,0.3132,0.9384,2.996168582375479,132,,,
thrashing,synthetic,,SecondChance,GlobalAllocation,456,3,0,0.3204,0.8191,2.5564918851435707,96,,,
thrashing,synthetic,,SecondChance,GlobalAllocation,456,3,1,0.4998,0.9114,1.8235294117647058,108,,,
thrashing,synthetic,,SecondChance,GlobalAllocation,456,3,2,0.3409,1.0693,3.1366969785860954,120,,,
thrashing,synthetic,,SecondChance,GlobalAllocation,456,3,3,0.3232,1.0093,3.1228341584158414,132,,,
thrashing,synthetic,,SecondChance,GlobalAllocation,456,4,0,0.2853,0.73,2.5587101296880475,96,,,
thrashing,synthetic,,SecondChance,GlobalAllocation,456,4,1,0.2893,0.8538,2.9512616660905633,108,,,
thrashing,synthetic,,SecondChance,GlobalAllocation,456,4,2,0.2994,0.9075,3.031062124248497,120,,,
thrashing,synthetic,,SecondChance,GlobalAllocation,456,4,3,0.313,0.9366,2.992332268370607,132,,,
thrashing,synthetic,,SecondChance,GlobalAllocation,456,5,0,0.5798,1.5031,2.5924456709210073,96,,,
thrashing,synthetic,,SecondChance,GlobalAllocation,456,5,1,0.5989,1.7393,2.904157622307564,108,,,
thrashing,synthetic,,SecondChance,GlobalAllocation,456,5,2,0.579,1.8819,3.250259067357513,120,,,
thrashing,synthetic,,SecondChance,GlobalAllocation,456,5,3,0.6516,2.0012,3.071209330877839,132,,,
thrashing,synthetic,,SecondChance,GlobalAllocation,456,6,0,0.2862,0.7257,2.5356394129979036,96,,,
thrashing,synthetic,,SecondChance,GlobalAllocation,456,6,1,0.2945,0.8646,2.935823429541596,108,,,
thrashing,synthetic,,SecondChance,GlobalAllocation,456,6,2,0.3044,0.8707,2.860381077529566,120,,,
thrashing,synthetic,,SecondChance,GlobalAllocation,456,6,3,0.3398,0.9607,2.8272513243084165,132,,,
thrashing,synthetic,,SecondChance,GlobalAllocation,456,7,0,0.2851,0.7378,2.5878639074009118,96,,,
thrashing,synthetic,,SecondChance,GlobalAllocation,456,7,1,0.2897,0.8421,2.9068001380738697,108,,,
thrashing,synthetic,,SecondChance,GlobalAllocation,456,7,2,0.3015,0.8981,2.9787728026533995,120,,,
thrashing,synthetic,,SecondChance,GlobalAllocation,456,7,3,0.3146,0.9408,2.9904640813731724,132,,,
thrashing,synthetic,,SecondChance,GlobalAllocation,456,8,0,0.2864,0.7328,2.558659217877095,96,,,
thrashing,synthetic,,SecondChance,GlobalAllocation,456,8,1,0.2927,0.8566,2.926545951486163,108,,,
thrashing,synthetic,,SecondChance,GlobalAllocation,456,8,2,0.2999,0.884,2.9476492164054684,120,,,
thrashing,synthetic,,SecondChance,GlobalAllocation,456,8,3,0.3159,0.9577,3.0316555872111426,132,,,
thrashing,synthetic,,SecondChance,GlobalAllocation,456,9,0,0.2835,0.7211,2.543562610229277,96,,,
thrashing,synthetic,,SecondChance,GlobalAllocation,456,9,1,0.2922,0.8947,3.061943874058864,108,,,
thrashing,synthetic,,SecondChance,GlobalAllocation,456,9,2,0.3083,0.9001,2.919558871229322,120,,,
thrashing,synthetic,,SecondChance,GlobalAllocation,456,9,3,0.3244,0.9333,2.877003699136868,132,,,
thrashing,synthetic,,SecondChance,LocalAllocation,456,0,0,0.2863,0.4738,1.6549074397485155,96,0,96,0
thrashing,synthetic,,SecondChance,LocalAllocation,456,0,1,0.2883,0.4894,1.6975372875476933,108,0,108,0
thrashing,synthetic,,SecondChance,LocalAllocation,456,0,2,0.3033,2.3971,7.903395977579954,1500,1386,1500,414
thrashing,synthetic,,SecondChance,LocalAllocation,456,0,3,0.3226,2.4258,7.519528828270304,1500,1386,1500,397
thrashing,synthetic,,SecondChance,LocalAllocation,456,1,0,0.2837,0.4861,1.7134296792386323,96,0,96,0
thrashing,synthetic,,SecondChance,LocalAllocation,456,1,1,0.2934,0.4965,1.6922290388548058,108,0,108,0
thrashing,synthetic,,SecondChance,LocalAllocation,456,1,2,0.3019,2.3757,7.869161974163631,1500,1386,1500,423
thrashing,synthetic,,SecondChance,LocalAllocation,456,1,3,0.3098,2.3842,7.695932859909619,1500,1386,1500,405
thrashing,synthetic,,SecondChance,LocalAllocation,456,2,0,0.2849,0.482,1.6918216918216917,96,0,96,0
thrashing,synthetic,,SecondChance,LocalAllocation,456,2,1,0.2952,0.492,1.6666666666666667,108,0,108,0
thrashing,synthetic,,SecondChance,LocalAllocation,456,2,2,0.3065,2.3966,7.819249592169657,1500,1386,1500,427
thrashing,synthetic,,SecondChance,LocalAllocation,456,2,3,0.3088,2.3875,7.731541450777202,1500,1386,1500,403
thrashing,synthetic,,SecondChance,LocalAllocation,456,3,0,0.2784,0.4781,1.7173132183908046,96,0,96,0
thrashing,synthetic,,SecondChance,LocalAllocation,456,3,1,0.3246,0.4805,1.480283425754775,108,0,108,0
thrashing,synthetic,,SecondChance,LocalAllocation,456,3,2,0.3044,2.368,7.779237844940868,1500,1386,1500,422
thrashing,synthetic,,SecondChance,LocalAllocation,456,3,3,0.3169,2.3734,7.489428841905964,1500,1386,1500,425
thrashing,synthetic,,SecondChance,LocalAllocation,456,4,0,0.2846,0.481,1.6900913562895292,96,0,96,0
thrashing,synthetic,,SecondChance,LocalAllocation,456,4,1,0.2944,0.488,1.6576086956521738,108,0,108,0
thrashing,synthetic,,SecondChance,LocalAllocation,456,4,2,0.2971,2.3912,8.048468529114777,1500,1386,1500,388
thrashing,synthetic,,SecondChance,LocalAllocation,456,4,3,0.3101,2.384,7.6878426314092225,1500,1386,1500,408
thrashing,synthetic,,SecondChance,LocalAllocation,456,5,0,0.2857,0.6581,2.303465173258663,96,0,96,0
thrashing,synthetic,,SecondChance,LocalAllocation,456,5,1,0.2991,0.6923,2.31461049816115,108,0,108,0
thrashing,synthetic,,SecondChance,LocalAllocation,456,5,2,0.3249,3.2527,10.01138811942136,1500,1386,1500,437
thrashing,synthetic,,SecondChance,LocalAllocation,456,5,3,0.6318,3.4157,5.406299461855017,1500,1386,1500,372
thrashing,synthetic,,SecondChance,LocalAllocation,456,6,0,0.2832,0.509,1.7973163841807909,96,0,96,0
thrashing,synthetic,,SecondChance,LocalAllocation,456,6,1,0.2923,0.5186,1.7742045843311667,108,0,108,0
thrashing,synthetic,,SecondChance,LocalAllocation,456,6,2,0.2996,2.5022,8.351802403204273,1500,1386,1500,428
thrashing,synthetic,,SecondChance,LocalAllocation,456,6,3,0.3287,2.5087,7.632187404928506,1500,1386,1500,425
thrashing,synthetic,,SecondChance,LocalAllocation,456,7,0,0.285,0.5084,1.783859649122807,96,0,96,0
thrashing,synthetic,,SecondChance,LocalAllocation,456,7,1,0.291,0.5181,1.7804123711340205,108,0,108,0
thrashing,synthetic,,SecondChance,LocalAllocation,456,7,2,0.3133,2.5208,8.045962336418768,1500,1386,1500,422
thrashing,synthetic,,SecondChance,LocalAllocation,456,7,3,0.3141,2.5753,8.198981216173193,1500,1386,1500,410
thrashing,synthetic,,SecondChance,LocalAllocation,456,8,0,0.2816,0.4722,1.6768465909090908,96,0,96,0
thrashing,synthetic,,SecondChance,LocalAllocation,456,8,1,0.2905,0.4825,1.6609294320137693,108,0,108,0
thrashing,synthetic,,SecondChance,LocalAllocation,456,8,2,0.301,2.3763,7.894684385382059,1500,1386,1500,406
thrashing,synthetic,,SecondChance,LocalAllocation,456,8,3,0.3218,2.3728,7.373523927905532,1500,1386,1500,408
thrashing,synthetic,,SecondChance,LocalAllocation,456,9,0,0.2862,0.485,1.6946191474493362,96,0,96,0
thrashing,synthetic,,SecondChance,LocalAllocation,456,9,1,0.2916,0.488,1.673525377229081,108,0,108,0
thrashing,synthetic,,SecondChance,LocalAllocation,456,9,2,0.2999,2.3982,7.996665555185062,1500,1386,1500,405
thrashing,synthetic,,SecondChance,LocalAllocation,456,9,3,0.3195,2.3986,7.50735524256651,1500,1386,1500,431
thrashing,synthetic,,SecondChance,ProportionalAllocation,456,0,0,0.285,0.4499,1.57859649122807,96,0,96,0
thrashing,synthetic,,SecondChance,ProportionalAllocation,456,0,1,0.2945,0.4572,1.5524617996604415,108,0,108,0
thrashing,synthetic,,SecondChance,ProportionalAllocation,456,0,2,0.3002,0.4727,1.5746169220519655,120,0,120,0
thrashing,synthetic,,SecondChance,ProportionalAllocation,456,0,3,0.3176,0.4835,1.5223551637279598,132,0,132,0
thrashing,synthetic,,SecondChance,ProportionalAllocation,456,1,0,0.2837,0.4772,1.6820585125132181,96,0,96,0
thrashing,synthetic,,SecondChance,ProportionalAllocation,456,1,1,0.3208,0.4991,1.555798004987531,108,0,108,0
thrashing,synthetic,,SecondChance,ProportionalAllocation,456,1,2,0.304,0.4853,1.5963815789473683,120,0,120,0
thrashing,synthetic,,SecondChance,ProportionalAllocation,456,1,3,0.3219,0.4925,1.529978254116185,132,0,132,0
thrashing,synthetic,,SecondChance,ProportionalAllocation,456,2,0,0.2817,0.4519,1.6041888533901314,96,0,96,0
thrashing,synthetic,,SecondChance,ProportionalAllocation,456,2,1,0.2898,0.4584,1.5817805383022774,108,0,108,0
thrashing,synthetic,,SecondChance,ProportionalAllocation,456,2,2,0.3041,0.4727,1.5544228872081551,120,0,120,0
thrashing,synthetic,,SecondChance,ProportionalAllocation,456,2,3,0.3154,0.4867,1.5431198478123018,132,0,132,0
thrashing,synthetic,,SecondChance,ProportionalAllocation,456,3,0,0.2798,0.4447,1.589349535382416,96,0,96,0
thrashing,synthetic,,SecondChance,ProportionalAllocation,456,3,1,0.2921,0.4556,1.5597398151318043,108,0,108,0
thrashing,synthetic,,SecondChance,ProportionalAllocation,456,3,2,0.3046,0.4685,1.5380827314510834,120,0,120,0
thrashing,synthetic,,SecondChance,ProportionalAllocation,456,3,3,0.3127,0.4788,1.5311800447713464,132,0,132,0
thrashing,synthetic,,SecondChance,ProportionalAllocation,456,4,0,0.2827,0.4578,1.6193845065440395,96,0,96,0
thrashing,synthetic,,SecondChance,ProportionalAllocation,456,4,1,0.2903,0.4686,1.6141922149500516,108,0,108,0
thrashing,synthetic,,SecondChance,ProportionalAllocation,456,4,2,0.306,0.4799,1.5683006535947712,120,0,120,0
thrashing,synthetic,,SecondChance,ProportionalAllocation,456,4,3,0.3152,0.4895,1.552982233502538,132,0,132,0
thrashing,synthetic,,SecondChance,ProportionalAllocation,456,5,0,0.2794,0.4476,1.6020042949176807,96,0,96,0
thrashing,synthetic,,SecondChance,ProportionalAllocation,456,5,1,0.2968,0.456,1.536388140161725,108,0,108,0
thrashing,synthetic,,SecondChance,ProportionalAllocation,456,5,2,0.2988,0.4674,1.5642570281124497,120,0,120,0
thrashing,synthetic,,SecondChance,ProportionalAllocation,456,5,3,0.3142,0.479,1.524506683640993,132,0,132,0
thrashing,synthetic,,SecondChance,ProportionalAllocation,456,6,0,0.2803,0.4447,1.586514448804852,96,0,96,0
thrashing,synthetic,,SecondChance,ProportionalAllocation,456,6,1,0.2924,0.4575,1.5646374829001368,108,0,108,0
thrashing,synthetic,,SecondChance,ProportionalAllocation,456,6,2,0.3097,0.4676,1.509848240232483,120,0,120,0
thrashing,synthetic,,SecondChance,ProportionalAllocation,456,6,3,0.317,0.4827,1.5227129337539431,132,0,132,0
thrashing,synthetic,,SecondChance,ProportionalAllocation,456,7,0,0.2813,0.4543,1.6150017774617846,96,0,96,0
thrashing,synthetic,,SecondChance,ProportionalAllocation,456,7,1,0.287,0.4603,1.6038327526132403,108,0,108,0
thrashing,synthetic,,SecondChance,ProportionalAllocation,456,7,2,0.3146,0.4775,1.5178003814367451,120,0,120,0
thrashing,synthetic,,SecondChance,ProportionalAllocation,456,7,3,0.3179,0.4837,1.5215476564957533,132,0,132,0
thrashing,synthetic,,SecondChance,ProportionalAllocation,456,8,0,0.2833,0.4655,1.6431344864101658,96,0,96,0
thrashing,synthetic,,SecondChance,ProportionalAllocation,456,8,1,0.3072,0.4747,1.5452473958333333,108,0,108,0
thrashing,synthetic,,SecondChance,ProportionalAllocation,456,8,2,0.3173,0.4895,1.5427040655531044,120,0,120,0
thrashing,synthetic,,SecondChance,ProportionalAllocation,456,8,3,0.3162,0.495,1.5654648956356736,132,0,132,0
thrashing,synthetic,,SecondChance,ProportionalAllocation,456,9,0,0.3,0.4591,1.5303333333333333,96,0,96,0
thrashing,synthetic,,SecondChance,ProportionalAllocation,456,9,1,0.3021,0.4607,1.524991724594505,108,0,108,0
thrashing,synthetic,,SecondChance,ProportionalAllocation,456,9,2,0.3034,0.4699,1.548780487804878,120,0,120,0
thrashing,synthetic,,SecondChance,ProportionalAllocation,456,9,3,0.3116,0.4854,1.5577663671373556,132,0,132,0
thrashing,synthetic,,WSClock,GlobalAllocation,456,0,0,0.2825,0.731,2.5876106194690265,96,,,
thrashing,synthetic,,WSClock,GlobalAllocation,456,0,1,0.29,0.8484,2.9255172413793105,108,,,
thrashing,synthetic,,WSClock,GlobalAllocation,456,0,2,0.3075,0.9318,3.0302439024390244,120,,,
thrashing,synthetic,,WSClock,GlobalAllocation,456,0,3,0.3121,0.9527,3.0525472604934314,132,,,
thrashing,synthetic,,WSClock,GlobalAllocation,456,1,0,0.2819,0.7203,2.5551614047534588,96,,,
thrashing,synthetic,,WSClock,GlobalAllocation,456,1,1,0.2895,0.8596,2.9692573402417963,108,,,
thrashing,synthetic,,WSClock,GlobalAllocation,456,1,2,0.3057,0.9102,2.9774288518155054,120,,,
thrashing,synthetic,,WSClock,GlobalAllocation,456,1,3,0.3133,0.9668,3.085860197893393,132,,,
thrashing,synthetic,,WSClock,GlobalAllocation,456,2,0,0.2664,0.9414,3.5337837837837838,96,,,
thrashing,synthetic,,WSClock,GlobalAllocation,456,2,1,0.2787,1.1575,4.153211338356656,108,,,
thrashing,synthetic,,WSClock,GlobalAllocation,456,2,2,0.4387,1.2397,2.8258490996124914,120,,,
thrashing,synthetic,,WSClock,GlobalAllocation,456,2,3,0.6621,1.2842,1.939586165231838,132,,,
thrashing,synthetic,,WSClock,GlobalAllocation,456,3,0,0.2959,0.743,2.51098344035147,96,,,
thrashing,synthetic,,WSClock,GlobalAllocation,456,3,1,0.2887,0.8355,2.894007620367163,108,,,
thrashing,synthetic,,WSClock,GlobalAllocation,456,3,2,0.3045,0.9536,3.1316912972085387,120,,,
thrashing,synthetic,,WSClock,GlobalAllocation,456,3,3,0.3146,0.9144,2.9065479974570883,132,,,
thrashing,synthetic,,WSClock,GlobalAllocation,456,4,0,0.2857,0.7367,2.578578928946447,96,,,
thrashing,synthetic,,WSClock,GlobalAllocation,456,4,1,0.2991,0.8548,2.857907054496824,108,,,
thrashing,synthetic,,WSClock,GlobalAllocation,456,4,2,0.3068,0.9049,2.9494784876140807,120,,,
thrashing,synthetic,,WSClock,GlobalAllocation,456,4,3,0.3395,0.9395,2.767304860088365,132,,,
thrashing,synthetic,,WSClock,GlobalAllocation,456,5,0,0.2867,0.7314,2.5510987094523894,96,,,
thrashing,synthetic,,WSClock,GlobalAllocation,456,5,1,0.2973,0.8298,2.791120080726539,108,,,
thrashing,synthetic,,WSClock,GlobalAllocation,456,5,2,0.3025,0.908,3.0016528925619834,120,,,
thrashing,synthetic,,WSClock,GlobalAllocation,456,5,3,0.3135,0.9623,3.069537480063796,132,,,
thrashing,synthetic,,WSClock,GlobalAllocation,456,6,0,0.2819,0.7323,2.597729691379922,96,,,
thrashing,synthetic,,WSClock,GlobalAllocation,456,6,1,0.294,0.8801,2.9935374149659864,108,,,
thrashing,synthetic,,WSClock,GlobalAllocation,456,6,2,0.3054,0.8787,2.8772102161100195,120,,,
thrashing,synthetic,,WSClock,GlobalAllocation,456,6,3,0.3214,0.9553,2.9723086496577475,132,,,
thrashing,synthetic,,WSClock,GlobalAllocation,456,7,0,0.2586,0.6691,2.5873936581593195,96,,,
thrashing,synthetic,,WSClock,GlobalAllocation,456,7,1,0.2646,0.7627,2.882464096749811,108,,,
thrashing,synthetic,,WSClock,GlobalAllocation,456,7,2,0.2739,0.808,2.949981745162468,120,,,
thrashing,synthetic,,WSClock,GlobalAllocation,456,7,3,0.2853,0.8668,3.038205397826849,132,,,
thrashing,synthetic,,WSClock,GlobalAllocation,456,8,0,0.2873,0.7198,2.5053950574312567,96,,,
thrashing,synthetic,,WSClock,GlobalAllocation,456,8,1,0.29,0.8507,2.933448275862069,108,,,
thrashing,synthetic,,WSClock,GlobalAllocation,456,8,2,0.3048,0.8807,2.8894356955380576,120,,,
thrashing,synthetic,,WSClock,GlobalAllocation,456,8,3,0.3204,0.9541,2.977840199750312,132,,,
thrashing,synthetic,,WSClock,GlobalAllocation,456,9,0,0.281,0.7098,2.525978647686833,96,,,
thrashing,synthetic,,WSClock,GlobalAllocation,456,9,1,0.2914,0.892,3.0610844200411806,108,,,
thrashing,synthetic,,WSClock,GlobalAllocation,456,9,2,0.3029,0.8956,2.9567514031033344,120,,,
thrashing,synthetic,,WSClock,GlobalAllocation,456,9,3,0.3107,0.9168,2.950756356614097,132,,,
thrashing,synthetic,,WSClock,LocalAllocation,456,0,0,0.2821,0.4764,1.6887628500531726,96,0,96,0
thrashing,synthetic,,WSClock,LocalAllocation,456,0,1,0.2891,0.4944,1.7101349014181944,108,0,108,0
thrashing,synthetic,,WSClock,LocalAllocation,456,0,2,0.3008,7.6227,25.341422872340427,743,629,743,123
thrashing,synthetic,,WSClock,LocalAllocation,456,0,3,0.3076,12.9566,42.121586475942784,1044,930,1044,219
thrashing,synthetic,,WSClock,LocalAllocation,456,1,0,0.2816,0.465,1.6512784090909092,96,0,96,0
thrashing,synthetic,,WSClock,LocalAllocation,456,1,1,0.2925,0.4919,1.6817094017094016,108,0,108,0
thrashing,synthetic,,WSClock,LocalAllocation,456,1,2,0.3045,8.7604,28.769786535303776,731,617,731,149
thrashing,synthetic,,WSClock,LocalAllocation,456,1,3,0.3174,12.9463,40.78859483301827,1036,922,1036,221
thrashing,synthetic,,WSClock,LocalAllocation,456,2,0,0.2789,0.4693,1.6826819648619578,96,0,96,0
thrashing,synthetic,,WSClock,LocalAllocation,456,2,1,0.2946,0.4765,1.6174473862864902,108,0,108,0
thrashing,synthetic,,WSClock,LocalAllocation,456,2,2,0.307,7.8209,25.475244299674266,725,611,725,127
thrashing,synthetic,,WSClock,LocalAllocation,456,2,3,0.3145,13.1988,41.96756756756757,1036,922,1036,225
thrashing,synthetic,,WSClock,LocalAllocation,456,3,0,0.285,0.6286,2.205614035087719,96,0,96,0
thrashing,synthetic,,WSClock,LocalAllocation,456,3,1,0.2958,0.6504,2.1987829614604464,108,0,108,0
thrashing,synthetic,,WSClock,LocalAllocation,456,3,2,0.3029,8.2682,27.29679762297788,727,613,727,125
thrashing,synthetic,,WSClock,LocalAllocation,456,3,3,0.3129,15.5543,49.71013103227868,1033,919,1033,251
thrashing,synthetic,,WSClock,LocalAllocation,456,4,0,0.2812,0.4578,1.628022759601707,96,0,96,0
thrashing,synthetic,,WSClock,LocalAllocation,456,4,1,0.2922,0.4736,1.620807665982204,108,0,108,0
thrashing,synthetic,,WSClock,LocalAllocation,456,4,2,0.3045,8.5546,28.093924466338258,739,625,739,145
thrashing,synthetic,,WSClock,LocalAllocation,456,4,3,0.3193,14.2146,44.518008142812405,1038,924,1038,248
thrashing,synthetic,,WSClock,LocalAllocation,456,5,0,0.2849,0.4662,1.6363636363636365,96,0,96,0
thrashing,synthetic,,WSClock,LocalAllocation,456,5,1,0.2946,0.4707,1.5977596741344195,108,0,108,0
thrashing,synthetic,,WSClock,LocalAllocation,456,5,2,0.3024,8.5915,28.411044973544975,703,589,703,150
thrashing,synthetic,,WSClock,LocalAllocation,456,5,3,0.3141,11.4518,36.45908946195479,1031,917,1031,190
thrashing,synthetic,,WSClock,LocalAllocation,456,6,0,0.2852,0.4561,1.5992286115007013,96,0,96,0
thrashing,synthetic,,WSClock,LocalAllocation,456,6,1,0.2936,0.4692,1.598092643051771,108,0,108,0
thrashing,synthetic,,WSClock,LocalAllocation,456,6,2,0.3005,7.7966,25.945424292845257,699,585,699,130
thrashing,synthetic,,WSClock,LocalAllocation,456,6,3,0.3107,14.8902,47.92468619246862,1055,941,1055,256
thrashing,synthetic,,WSClock,LocalAllocation,456,7,0,0.2836,0.4742,1.6720733427362482,96,0,96,0
thrashing,synthetic,,WSClock,LocalAllocation,456,7,1,0.2941,0.4824,1.6402584155049302,108,0,108,0
thrashing,synthetic,,WSClock,LocalAllocation,456,7,2,0.2998,8.1957,27.337224816544364,722,608,722,135
thrashing,synthetic,,WSClock,LocalAllocation,456,7,3,0.3168,13.3531,42.14993686868687,1026,912,1026,233
thrashing,synthetic,,WSClock,LocalAllocation,456,8,0,0.3042,0.4707,1.547337278106509,96,0,96,0
thrashing,synthetic,,WSClock,LocalAllocation,456,8,1,0.2864,0.47,1.6410614525139664,108,0,108,0
thrashing,synthetic,,WSClock,LocalAllocation,456,8,2,0.3054,7.7516,25.381794368041913,733,619,733,125
thrashing,synthetic,,WSClock,LocalAllocation,456,8,3,0.32,14.3936,44.98,1042,928,1042,247
thrashing,synthetic,,WSClock,LocalAllocation,456,9,0,0.2845,0.6102,2.1448154657293497,96,0,96,0
thrashing,synthetic,,WSClock,LocalAllocation,456,9,1,0.2963,0.6057,2.044211947350658,108,0,108,0
thrashing,synthetic,,WSClock,LocalAllocation,456,9,2,0.3011,9.1748,30.470939887080704,704,590,704,115
thrashing,synthetic,,WSClock,LocalAllocation,456,9,3,0.3709,19.9842,53.88029118360744,1038,924,1038,253
thrashing,synthetic,,WSClock,ProportionalAllocation,456,0,0,0.2935,0.446,1.5195911413969336,96,0,96,0
thrashing,synthetic,,WSClock,ProportionalAllocation,456,0,1,0.2889,0.4543,1.5725164416753201,108,0,108,0
thrashing,synthetic,,WSClock,ProportionalAllocation,456,0,2,0.303,0.4692,1.5485148514851486,120,0,120,0
thrashing,synthetic,,WSClock,ProportionalAllocation,456,0,3,0.3107,0.4804,1.54618603154168,132,0,132,0
thrashing,synthetic,,WSClock,ProportionalAllocation,456,1,0,0.2852,0.4627,1.6223702664796633,96,0,96,0
thrashing,synthetic,,WSClock,ProportionalAllocation,456,1,1,0.2888,0.4776,1.6537396121883656,108,0,108,0
thrashing,synthetic,,WSClock,ProportionalAllocation,456,1,2,0.3,0.4832,1.6106666666666667,120,0,120,0
thrashing,synthetic,,WSClock,ProportionalAllocation,456,1,3,0.3614,0.4945,1.368289983397897,132,0,132,0
thrashing,synthetic,,WSClock,ProportionalAllocation,456,2,0,0.2825,0.4611,1.632212389380531,96,0,96,0
thrashing,synthetic,,WSClock,ProportionalAllocation,456,2,1,0.2934,0.4616,1.5732788002726652,108,0,108,0
thrashing,synthetic,,WSClock,ProportionalAllocation,456,2,2,0.3014,0.4721,1.56635700066357,120,0,120,0
thrashing,synthetic,,WSClock,ProportionalAllocation,456,2,3,0.3106,0.4821,1.5521571152607856,132,0,132,0
thrashing,synthetic,,WSClock,ProportionalAllocation,456,3,0,0.2808,0.4504,1.603988603988604,96,0,96,0
thrashing,synthetic,,WSClock,ProportionalAllocation,456,3,1,0.294,0.4575,1.5561224489795917,108,0,108,0
thrashing,synthetic,,WSClock,ProportionalAllocation,456,3,2,0.3032,0.4731,1.5603562005277045,120,0,120,0
thrashing,synthetic,,WSClock,ProportionalAllocation,456,3,3,0.3131,0.4822,1.5400830405621206,132,0,132,0
thrashing,synthetic,,WSClock,ProportionalAllocation,456,4,0,0.2811,0.4422,1.5731056563500534,96,0,96,0
thrashing,synthetic,,WSClock,ProportionalAllocation,456,4,1,0.2906,0.4546,1.5643496214728148,108,0,108,0
thrashing,synthetic,,WSClock,ProportionalAllocation,456,4,2,0.3031,0.4688,1.5466842626195976,120,0,120,0
thrashing,synthetic,,WSClock,ProportionalAllocation,456,4,3,0.3112,0.4724,1.5179948586118253,132,0,132,0
thrashing,synthetic,,WSClock,ProportionalAllocation,456,5,0,0.2703,0.436,1.6130225675175731,96,0,96,0
thrashing,synthetic,,WSClock,ProportionalAllocation,456,5,1,0.2987,0.4476,1.4984934717107465,108,0,108,0
thrashing,synthetic,,WSClock,ProportionalAllocation,456,5,2,0.7049,0.4689,0.6652007376932898,120,0,120,0
thrashing,synthetic,,WSClock,ProportionalAllocation,456,5,3,0.3123,0.466,1.4921549791866795,132,0,132,0
thrashing,synthetic,,WSClock,ProportionalAllocation,456,6,0,0.2778,0.446,1.605471562275018,96,0,96,0
thrashing,synthetic,,WSClock,ProportionalAllocation,456,6,1,0.3377,0.4642,1.3745928338762214,108,0,108,0
thrashing,synthetic,,WSClock,ProportionalAllocation,456,6,2,0.2894,0.4741,1.638217000691085,120,0,120,0
thrashing,synthetic,,WSClock,ProportionalAllocation,456,6,3,0.3033,0.4885,1.6106165512693702,132,0,132,0
thrashing,synthetic,,WSClock,ProportionalAllocation,456,7,0,0.2848,0.4509,1.5832162921348314,96,0,96,0
thrashing,synthetic,,WSClock,ProportionalAllocation,456,7,1,0.2882,0.4595,1.5943789035392089,108,0,108,0
thrashing,synthetic,,WSClock,ProportionalAllocation,456,7,2,0.2989,0.4739,1.585480093676815,120,0,120,0
thrashing,synthetic,,WSClock,ProportionalAllocation,456,7,3,0.3298,0.4889,1.4824135839902972,132,0,132,0
thrashing,synthetic,,WSClock,ProportionalAllocation,456,8,0,0.2805,0.4492,1.6014260249554366,96,0,96,0
thrashing,synthetic,,WSClock,ProportionalAllocation,456,8,1,0.2911,0.4559,1.5661284781861904,108,0,108,0
thrashing,synthetic,,WSClock,ProportionalAllocation,456,8,2,0.3025,0.4708,1.5563636363636364,120,0,120,0
thrashing,synthetic,,WSClock,ProportionalAllocation,456,8,3,0.3134,0.4821,1.5382897255902999,132,0,132,0
thrashing,synthetic,,WSClock,ProportionalAllocation,456,9,0,0.2789,0.4513,1.6181427034779492,96,0,96,0
thrashing,synthetic,,WSClock,ProportionalAllocation,456,9,1,0.2894,0.4551,1.5725639253628196,108,0,108,0
thrashing,synthetic,,WSClock,ProportionalAllocation,456,9,2,0.3017,0.4657,1.5435863440503812,120,0,120,0
thrashing,synthetic,,WSClock,ProportionalAllocation,456,9,3,0.3148,0.4793,1.522554002541296,132,0,132,0
thrashing,synthetic,,FIFO,GlobalAllocation,547,0,0,0.1896,0.4997,2.6355485232067513,96,,,
thrashing,synthetic,,FIFO,GlobalAllocation,547,0,1,0.188,0.5699,3.0313829787234043,108,,,
thrashing,synthetic,,FIFO,GlobalAllocation,547,0,2,0.1909,0.5859,3.069146149816658,120,,,
thrashing,synthetic,,FIFO,GlobalAllocation,547,0,3,0.1908,0.5865,3.0738993710691824,132,,,
thrashing,synthetic,,FIFO,GlobalAllocation,547,1,0,0.1876,0.4905,2.6146055437100215,96,,,
thrashing,synthetic,,FIFO,GlobalAllocation,547,1,1,0.1906,0.5617,2.94700944386149,108,,,
thrashing,synthetic,,FIFO,GlobalAllocation,547,1,2,0.1928,0.5789,3.0025933609958506,120,,,
thrashing,synthetic,,FIFO,GlobalAllocation,547,1,3,0.1939,0.5683,2.9308922124806602,132,,,
thrashing,synthetic,,FIFO,GlobalAllocation,547,2,0,0.1874,0.5035,2.6867662753468515,96,,,
thrashing,synthetic,,FIFO,GlobalAllocation,547,2,1,0.1945,0.5783,2.9732647814910025,108,,,
thrashing,synthetic,,FIFO,GlobalAllocation,547,2,2,0.1916,0.587,3.0636743215031315,120,,,
thrashing,synthetic,,FIFO,GlobalAllocation,547,2,3,0.1954,0.6043,3.092630501535312,132,,,
thrashing,synthetic,,FIFO,GlobalAllocation,547,3,0,0.1841,0.4927,2.6762629005975014,96,,,
thrashing,synthetic,,FIFO,GlobalAllocation,547,3,1,0.1881,0.5579,2.9659755449229133,108,,,
thrashing,synthetic,,FIFO,GlobalAllocation,547,3,2,0.1907,0.5778,3.029889879391715,120,,,
thrashing,synthetic,,FIFO,GlobalAllocation,547,3,3,0.1943,0.5704,2.9356664951106537,132,,,
thrashing,synthetic,,FIFO,GlobalAllocation,547,4,0,0.3871,0.4839,1.2500645827951433,96,,,
thrashing,synthetic,,FIFO,GlobalAllocation,547,4,1,0.3857,0.5595,1.4506092818252527,108,,,
thrashing,synthetic,,FIFO,GlobalAllocation,547,4,2,0.3739,0.5592,1.4955870553623964,120,,,
thrashing,synthetic,,FIFO,GlobalAllocation,547,4,3,0.2776,0.5721,2.060878962536023,132,,,
thrashing,synthetic,,FIFO,GlobalAllocation,547,5,0,0.1861,0.4838,2.599677592692101,96,,,
thrashing,synthetic,,FIFO,GlobalAllocation,547,5,1,0.1876,0.5662,3.018123667377399,108,,,
thrashing,synthetic,,FIFO,GlobalAllocation,547,5,2,0.194,0.5649,2.9118556701030927,120,,,
thrashing,synthetic,,FIFO,GlobalAllocation,547,5,3,0.1932,0.5685,2.9425465838509317,132,,,
thrashing,synthetic,,FIFO,GlobalAllocation,547,6,0,0.1873,0.487,2.600106780565937,96,,,
thrashing,synthetic,,FIFO,GlobalAllocation,547,6,1,0.1899,0.5593,2.945234333859926,108,,,
thrashing,synthetic,,FIFO,GlobalAllocation,547,6,2,0.1947,0.5593,2.8726245505906522,120,,,
thrashing,synthetic,,FIFO,GlobalAllocation,547,6,3,0.1988,0.5703,2.868712273641851,132,,,
thrashing,synthetic,,FIFO,GlobalAllocation,547,7,0,0.1864,0.4938,2.6491416309012874,96,,,
thrashing,synthetic,,FIFO,GlobalAllocation,547,7,1,0.186,0.5565,2.9919354838709675,108,,,
thrashing,synthetic,,FIFO,GlobalAllocation,547,7,2,0.1928,0.5688,2.9502074688796682,120,,,
thrashing,synthetic,,FIFO,GlobalAllocation,547,7,3,0.1937,0.5731,2.9586990191017035,132,,,
thrashing,synthetic,,FIFO,GlobalAllocation,547,8,0,0.1866,0.5016,2.688102893890675,96,,,
thrashing,synthetic,,FIFO,GlobalAllocation,547,8,1,0.1865,0.5612,3.0091152815013404,108,,,
thrashing,synthetic,,FIFO,GlobalAllocation,547,8,2,0.1921,0.5646,2.9390942217595004,120,,,
thrashing,synthetic,,FIFO,GlobalAllocation,547,8,3,0.1938,0.576,2.972136222910217,132,,,
thrashing,synthetic,,FIFO,GlobalAllocation,547,9,0,0.1833,0.4944,2.69721767594108,96,,,
thrashing,synthetic,,FIFO,GlobalAllocation,547,9,1,0.1895,0.57,3.0079155672823217,108,,,
thrashing,synthetic,,FIFO,GlobalAllocation,547,9,2,0.193,0.5672,2.938860103626943,120,,,
thrashing,synthetic,,FIFO,GlobalAllocation,547,9,3,0.1986,0.581,2.9254783484390736,132,,,
thrashing,synthetic,,FIFO,LocalAllocation,547,0,0,0.1832,0.337,1.8395196506550218,96,0,96,0
thrashing,synthetic,,FIFO,LocalAllocation,547,0,1,0.1879,0.3421,1.8206492815327302,108,0,108,0
thrashing,synthetic,,FIFO,LocalAllocation,547,0,2,0.1903,0.349,1.833946400420389,120,0,120,0
thrashing,synthetic,,FIFO,LocalAllocation,547,0,3,0.1926,0.3484,1.8089304257528556,132,0,132,0
thrashing,synthetic,,FIFO,LocalAllocation,547,1,0,0.1838,0.3448,1.8759521218715995,96,0,96,0
thrashing,synthetic,,FIFO,LocalAllocation,547,1,1,0.1889,0.3496,1.8507146638433034,108,0,108,0
thrashing,synthetic,,FIFO,LocalAllocation,547,1,2,0.1928,0.3496,1.8132780082987552,120,0,120,0
thrashing,synthetic,,FIFO,LocalAllocation,547,1,3,0.2013,0.3527,1.7521112767014406,132,0,132,0
thrashing,synthetic,,FIFO,LocalAllocation,547,2,0,0.1897,0.3427,1.8065366367949394,96,0,96,0
thrashing,synthetic,,FIFO,LocalAllocation,547,2,1,0.2214,0.353,1.5943992773261066,108,0,108,0
thrashing,synthetic,,FIFO,LocalAllocation,547,2,2,0.3684,0.3504,0.9511400651465798,120,0,120,0
thrashing,synthetic,,FIFO,LocalAllocation,547,2,3,0.1927,0.3553,1.843798650752465,132,0,132,0
thrashing,synthetic,,FIFO,LocalAllocation,547,3,0,0.1838,0.3448,1.8759521218715995,96,0,96,0
thrashing,synthetic,,FIFO,LocalAllocation,547,3,1,0.1886,0.3487,1.8488865323435844,108,0,108,0
thrashing,synthetic,,FIFO,LocalAllocation,547,3,2,0.1888,0.3531,1.8702330508474576,120,0,120,0
thrashing,synthetic,,FIFO,LocalAllocation,547,3,3,0.1978,0.3585,1.8124368048533872,132,0,132,0
thrashing,synthetic,,FIFO,LocalAllocation,547,4,0,0.1894,0.3376,1.7824709609292502,96,0,96,0
thrashing,synthetic,,FIFO,LocalAllocation,547,4,1,0.1875,0.3399,1.8128,108,0,108,0
thrashing,synthetic,,FIFO,LocalAllocation,547,4,2,0.1884,0.3437,1.8243099787685775,120,0,120,0
thrashing,synthetic,,FIFO,LocalAllocation,547,4,3,0.1925,0.3459,1.796883116883117,132,0,132,0
thrashing,synthetic,,FIFO,LocalAllocation,547,5,0,0.1849,0.3369,1.822065981611682,96,0,96,0
thrashing,synthetic,,FIFO,LocalAllocation,547,5,1,0.1858,0.3411,1.8358449946178688,108,0,108,0
thrashing,synthetic,,FIFO,LocalAllocation,547,5,2,0.1898,0.3458,1.821917808219178,120,0,120,0
thrashing,synthetic,,FIFO,LocalAllocation,547,5,3,0.1888,0.3472,1.8389830508474576,132,0,132,0
thrashing,synthetic,,FIFO,LocalAllocation,547,6,0,0.1836,0.3383,1.8425925925925926,96,0,96,0
thrashing,synthetic,,FIFO,LocalAllocation,547,6,1,0.1863,0.3396,1.8228663446054751,108,0,108,0
thrashing,synthetic,,FIFO,LocalAllocation,547,6,2,0.1905,0.3477,1.8251968503937008,120,0,120,0
thrashing,synthetic,,FIFO,LocalAllocation,547,6,3,0.1969,0.3486,1.7704418486541391,132,0,132,0
thrashing,synthetic,,FIFO,LocalAllocation,547,7,0,0.1817,0.3395,1.868464501926252,96,0,96,0
thrashing,synthetic,,FIFO,LocalAllocation,547,7,1,0.1837,0.3436,1.8704409363091998,108,0,108,0
thrashing,synthetic,,FIFO,LocalAllocation,547,7,2,0.1917,0.3488,1.819509650495566,120,0,120,0
thrashing,synthetic,,FIFO,LocalAllocation,547,7,3,0.1945,0.3501,1.8,132,0,132,0
thrashing,synthetic,,FIFO,LocalAllocation,547,8,0,0.1839,0.335,1.821642196846112,96,0,96,0
thrashing,synthetic,,FIFO,LocalAllocation,547,8,1,0.1871,0.3418,1.8268305718866915,108,0,108,0
thrashing,synthetic,,FIFO,LocalAllocation,547,8,2,0.1916,0.3488,1.8204592901878915,120,0,120,0
thrashing,synthetic,,FIFO,LocalAllocation,547,8,3,0.1927,0.3429,1.779449922158796,132,0,132,0
thrashing,synthetic,,FIFO,LocalAllocation,547,9,0,0.1828,0.3405,1.862691466083151,96,0,96,0
thrashing,synthetic,,FIFO,LocalAllocation,547,9,1,0.1892,0.3396,1.7949260042283297,108,0,108,0
thrashing,synthetic,,FIFO,LocalAllocation,547,9,2,0.1895,0.3428,1.8089709762532982,120,0,120,0
thrashing,synthetic,,FIFO,LocalAllocation,547,9,3,0.198,0.3488,1.7616161616161616,132,0,132,0
thrashing,synthetic,,FIFO,ProportionalAllocation,547,0,0,0.1899,0.3386,1.7830437072143233,96,0,96,0
thrashing,synthetic,,FIFO,ProportionalAllocation,547,0,1,0.187,0.3393,1.8144385026737968,108,0,108,0
thrashing,synthetic,,FIFO,ProportionalAllocation,547,0,2,0.1914,0.3478,1.8171368861024033,120,0,120,0
thrashing,synthetic,,FIFO,ProportionalAllocation,547,0,3,0.2011,0.3471,1.7260069617105918,132,0,132,0
thrashing,synthetic,,FIFO,ProportionalAllocation,547,1,0,0.1835,0.3425,1.8664850136239781,96,0,96,0
thrashing,synthetic,,FIFO,ProportionalAllocation,547,1,1,0.2324,0.3436,1.4784853700516352,108,0,108,0
thrashing,synthetic,,FIFO,ProportionalAllocation,547,1,2,0.1892,0.3455,1.8261099365750528,120,0,120,0
thrashing,synthetic,,FIFO,ProportionalAllocation,547,1,3,0.2273,0.3484,1.5327760668719754,132,0,132,0
thrashing,synthetic,,FIFO,ProportionalAllocation,547,2,0,0.1809,0.3402,1.8805970149253732,96,0,96,0
thrashing,synthetic,,FIFO,ProportionalAllocation,547,2,1,0.1871,0.352,1.8813468733297702,108,0,108,0
thrashing,synthetic,,FIFO,ProportionalAllocation,547,2,2,0.1899,0.3506,1.84623486045287,120,0,120,0
thrashing,synthetic,,FIFO,ProportionalAllocation,547,2,3,0.1935,0.3527,1.8227390180878553,132,0,132,0
thrashing,synthetic,,FIFO,ProportionalAllocation,547,3,0,0.1837,0.3421,1.8622754491017963,96,0,96,0
thrashing,synthetic,,FIFO,ProportionalAllocation,547,3,1,0.1923,0.3468,1.8034321372854913,108,0,108,0
thrashing,synthetic,,FIFO,ProportionalAllocation,547,3,2,0.1943,0.3479,1.7905301080802882,120,0,120,0
thrashing,synthetic,,FIFO,ProportionalAllocation,547,3,3,0.1927,0.357,1.8526206538661132,132,0,132,0
thrashing,synthetic,,FIFO,ProportionalAllocation,547,4,0,0.1829,0.3384,1.8501913613996719,96,0,96,0
thrashing,synthetic,,FIFO,ProportionalAllocation,547,4,1,0.1857,0.3441,1.8529886914378029,108,0,108,0
thrashing,synthetic,,FIFO,ProportionalAllocation,547,4,2,0.1871,0.3469,1.854088722608231,120,0,120,0
thrashing,synthetic,,FIFO,ProportionalAllocation,547,4,3,0.1944,0.3508,1.8045267489711934,132,0,132,0
thrashing,synthetic,,FIFO,ProportionalAllocation,547,5,0,0.1906,0.3569,1.872507869884575,96,0,96,0
thrashing,synthetic,,FIFO,ProportionalAllocation,547,5,1,0.1888,0.3461,1.8331567796610169,108,0,108,0
thrashing,synthetic,,FIFO,ProportionalAllocation,547,5,2,0.1932,0.3445,1.7831262939958592,120,0,120,0
thrashing,synthetic,,FIFO,ProportionalAllocation,547,5,3,0.1969,0.3468,1.761300152361605,132,0,132,0
thrashing,synthetic,,FIFO,ProportionalAllocation,547,6,0,0.1877,0.3336,1.7773042088439,96,0,96,0
thrashing,synthetic,,FIFO,ProportionalAllocation,547,6,1,0.1899,0.3422,1.8020010531858872,108,0,108,0
thrashing,synthetic,,FIFO,ProportionalAllocation,547,6,2,0.1954,0.3478,1.7799385875127942,120,0,120,0
thrashing,synthetic,,FIFO,ProportionalAllocation,547,6,3,0.1972,0.3514,1.781947261663286,132,0,132,0
thrashing,synthetic,,FIFO,ProportionalAllocation,547,7,0,0.186,0.3391,1.8231182795698924,96,0,96,0
thrashing,synthetic,,FIFO,ProportionalAllocation,547,7,1,0.187,0.3431,1.83475935828877,108,0,108,0
thrashing,synthetic,,FIFO,ProportionalAllocation,547,7,2,0.1933,0.3481,1.800827728918779,120,0,120,0
thrashing,synthetic,,FIFO,ProportionalAllocation,547,7,3,0.1956,0.3494,1.7862985685071575,132,0,132,0
thrashing,synthetic,,FIFO,ProportionalAllocation,547,8,0,0.3686,0.7566,2.0526315789473686,96,0,96,0
thrashing,synthetic,,FIFO,ProportionalAllocation,547,8,1,0.3796,0.7705,2.029768177028451,108,0,108,0
thrashing,synthetic,,FIFO,ProportionalAllocation,547,8,2,0.3961,0.7897,1.9936884625094673,120,0,120,0
thrashing,synthetic,,FIFO,ProportionalAllocation,547,8,3,0.3711,0.7823,2.108057127458906,132,0,132,0
thrashing,synthetic,,FIFO,ProportionalAllocation,547,9,0,0.3673,0.7652,2.083310645249115,96,0,96,0
thrashing,synthetic,,FIFO,ProportionalAllocation,547,9,1,0.3865,0.765,1.9793014230271668,108,0,108,0
thrashing,synthetic,,FIFO,ProportionalAllocation,547,9,2,0.3724,0.7699,2.0674006444683135,120,0,120,0
thrashing,synthetic,,FIFO,ProportionalAllocation,547,9,3,0.4071,0.7785,1.9123065585851142,132,0,132,0
thrashing,synthetic,,LRU,GlobalAllocation,547,0,0,0.3036,0.6973,2.2967720685111987,96,,,
thrashing,synthetic,,LRU,GlobalAllocation,547,0,1,0.3076,0.7742,2.5169050715214563,108,,,
thrashing,synthetic,,LRU,GlobalAllocation,547,0,2,0.3528,0.8073,2.288265306122449,120,,,
thrashing,synthetic,,LRU,GlobalAllocation,547,0,3,0.3224,0.799,2.478287841191067,132,,,
thrashing,synthetic,,LRU,GlobalAllocation,547,1,0,0.6397,1.15,1.7977176801625763,96,,,
thrashing,synthetic,,LRU,GlobalAllocation,547,1,1,0.3205,1.3774,4.297659906396256,108,,,
thrashing,synthetic,,LRU,GlobalAllocation,547,1,2,0.3342,1.3483,4.0344105326152,120,,,
thrashing,synthetic,,LRU,GlobalAllocation,547,1,3,0.3231,1.3509,4.181058495821727,132,,,
thrashing,synthetic,,LRU,GlobalAllocation,547,2,0,0.3147,0.6825,2.168732125834128,96,,,
thrashing,synthetic,,LRU,GlobalAllocation,547,2,1,0.3038,0.7892,2.597761685319289,108,,,
thrashing,synthetic,,LRU,GlobalAllocation,547,2,2,0.3352,0.7997,2.3857398568019095,120,,,
thrashing,synthetic,,LRU,GlobalAllocation,547,2,3,0.3111,0.8049,2.587270973963356,132,,,
thrashing,synthetic,,LRU,GlobalAllocation,547,3,0,0.3057,0.6933,2.267909715407262,96,,,
thrashing,synthetic,,LRU,GlobalAllocation,547,3,1,0.3048,0.7783,2.5534776902887137,108,,,
thrashing,synthetic,,LRU,GlobalAllocation,547,3,2,0.3078,0.8044,2.613385315139701,120,,,
thrashing,synthetic,,LRU,GlobalAllocation,547,3,3,0.3177,0.7866,2.4759206798866855,132,,,
thrashing,synthetic,,LRU,GlobalAllocation,547,4,0,0.3058,0.702,2.2956180510137343,96,,,
thrashing,synthetic,,LRU,GlobalAllocation,547,4,1,0.3037,0.8129,2.6766545933486996,108,,,
thrashing,synthetic,,LRU,GlobalAllocation,547,4,2,0.3042,0.81,2.662721893491124,120,,,
thrashing,synthetic,,LRU,GlobalAllocation,547,4,3,0.3177,0.8365,2.6329870947434686,132,,,
thrashing,synthetic,,LRU,GlobalAllocation,547,5,0,0.3078,0.6864,2.230019493177388,96,,,
thrashing,synthetic,,LRU,GlobalAllocation,547,5,1,0.3043,0.7993,2.6266841932303646,108,,,
thrashing,synthetic,,LRU,GlobalAllocation,547,5,2,0.3172,0.7897,2.489596469104666,120,,,
thrashing,synthetic,,LRU,GlobalAllocation,547,5,3,0.3206,0.8027,2.5037429819089208,132,,,
thrashing,synthetic,,LRU,GlobalAllocation,547,6,0,0.2756,0.6328,2.2960812772133528,96,,,
thrashing,synthetic,,LRU,GlobalAllocation,547,6,1,0.2782,0.7307,2.626527677929547,108,,,
thrashing,synthetic,,LRU,GlobalAllocation,547,6,2,0.2906,0.7205,2.4793530626290434,120,,,
thrashing,synthetic,,LRU,GlobalAllocation,547,6,3,0.2885,0.7462,2.586481802426343,132,,,
thrashing,synthetic,,LRU,GlobalAllocation,547,7,0,0.3023,0.6798,2.2487595104201126,96,,,
thrashing,synthetic,,LRU,GlobalAllocation,547,7,1,0.3112,0.7689,2.470758354755784,108,,,
thrashing,synthetic,,LRU,GlobalAllocation,547,7,2,0.3186,0.7913,2.483678593848085,120,,,
thrashing,synthetic,,LRU,GlobalAllocation,547,7,3,0.3134,0.7987,2.5485003190810467,132,,,
thrashing,synthetic,,LRU,GlobalAllocation,547,8,0,0.305,0.7064,2.3160655737704916,96,,,
thrashing,synthetic,,LRU,GlobalAllocation,547,8,1,0.3108,0.7828,2.518661518661519,108,,,
thrashing,synthetic,,LRU,GlobalAllocation,547,8,2,0.3072,0.7831,2.5491536458333335,120,,,
thrashing,synthetic,,LRU,GlobalAllocation,547,8,3,0.3158,0.8071,2.5557314756174794,132,,,
thrashing,synthetic,,LRU,GlobalAllocation,547,9,0,0.3136,0.6839,2.1808035714285716,96,,,
thrashing,synthetic,,LRU,GlobalAllocation,547,9,1,0.3099,0.7949,2.5650209745079056,108,,,
thrashing,synthetic,,LRU,GlobalAllocation,547,9,2,0.3105,0.7962,2.564251207729469,120,,,
thrashing,synthetic,,LRU,GlobalAllocation,547,9,3,0.3161,0.8049,2.5463460930085415,132,,,
thrashing,synthetic,,LRU,LocalAllocation,547,0,0,0.3003,0.4615,1.5367965367965368,96,0,96,0
thrashing,synthetic,,LRU,LocalAllocation,547,0,1,0.3149,0.4611,1.4642743728167673,108,0,108,0
thrashing,synthetic,,LRU,LocalAllocation,547,0,2,0.3182,0.4697,1.4761156505342552,120,0,120,0
thrashing,synthetic,,LRU,LocalAllocation,547,0,3,0.3303,0.4689,1.4196185286103542,132,0,132,0
thrashing,synthetic,,LRU,LocalAllocation,547,1,0,0.3028,0.4579,1.5122192866578599,96,0,96,0
thrashing,synthetic,,LRU,LocalAllocation,547,1,1,0.3021,0.4652,1.5398874544852699,108,0,108,0
thrashing,synthetic,,LRU,LocalAllocation,547,1,2,0.306,0.4657,1.5218954248366012,120,0,120,0
thrashing,synthetic,,LRU,LocalAllocation,547,1,3,0.3109,0.4662,1.499517529752332,132,0,132,0
thrashing,synthetic,,LRU,LocalAllocation,547,2,0,0.3002,0.4747,1.5812791472351766,96,0,96,0
thrashing,synthetic,,LRU,LocalAllocation,547,2,1,0.3082,0.4765,1.546073977936405,108,0,108,0
thrashing,synthetic,,LRU,LocalAllocation,547,2,2,0.3091,0.478,1.5464251051439664,120,0,120,0
thrashing,synthetic,,LRU,LocalAllocation,547,2,3,0.3078,0.484,1.5724496426250811,132,0,132,0
thrashing,synthetic,,LRU,LocalAllocation,547,3,0,0.2974,0.4923,1.6553463349024882,96,0,96,0
thrashing,synthetic,,LRU,LocalAllocation,547,3,1,0.2995,0.5102,1.7035058430717862,108,0,108,0
thrashing,synthetic,,LRU,LocalAllocation,547,3,2,0.3132,0.4982,1.590676883780332,120,0,120,0
thrashing,synthetic,,LRU,LocalAllocation,547,3,3,0.3168,0.5044,1.5921717171717171,132,0,132,0
thrashing,synthetic,,LRU,LocalAllocation,547,4,0,0.3075,0.4769,1.5508943089430893,96,0,96,0
thrashing,synthetic,,LRU,LocalAllocation,547,4,1,0.3031,0.4853,1.6011217419993402,108,0,108,0
thrashing,synthetic,,LRU,LocalAllocation,547,4,2,0.3053,0.4797,1.5712414018997707,120,0,120,0
thrashing,synthetic,,LRU,LocalAllocation,547,4,3,0.3093,0.4872,1.5751697381183316,132,0,132,0
thrashing,synthetic,,LRU,LocalAllocation,547,5,0,0.3028,0.4699,1.5518494055482166,96,0,96,0
thrashing,synthetic,,LRU,LocalAllocation,547,5,1,0.3087,0.4809,1.5578231292517006,108,0,108,0
thrashing,synthetic,,LRU,LocalAllocation,547,5,2,0.3054,0.4798,1.5710543549443352,120,0,120,0
thrashing,synthetic,,LRU,LocalAllocation,547,5,3,0.31,0.4824,1.5561290322580645,132,0,132,0
thrashing,synthetic,,LRU,LocalAllocation,547,6,0,0.3024,0.4843,1.601521164021164,96,0,96,0
thrashing,synthetic,,LRU,LocalAllocation,547,6,1,0.306,0.4914,1.6058823529411765,108,0,108,0
thrashing,synthetic,,LRU,LocalAllocation,547,6,2,0.3131,0.4968,1.5867135100606835,120,0,120,0
thrashing,synthetic,,LRU,LocalAllocation,547,6,3,0.3245,0.4959,1.5281972265023112,132,0,132,0
thrashing,synthetic,,LRU,LocalAllocation,547,7,0,0.3046,0.4892,1.6060407091267235,96,0,96,0
thrashing,synthetic,,LRU,LocalAllocation,547,7,1,0.3045,0.4893,1.606896551724138,108,0,108,0
thrashing,synthetic,,LRU,LocalAllocation,547,7,2,0.3078,0.4986,1.6198830409356726,120,0,120,0
thrashing,synthetic,,LRU,LocalAllocation,547,7,3,0.3117,0.4945,1.5864613410330446,132,0,132,0
thrashing,synthetic,,LRU,LocalAllocation,547,8,0,0.3118,0.5027,1.6122514432328416,96,0,96,0
thrashing,synthetic,,LRU,LocalAllocation,547,8,1,0.3073,0.4968,1.6166612430849332,108,0,108,0
thrashing,synthetic,,LRU,LocalAllocation,547,8,2,0.3057,0.5207,1.7033038927052666,120,0,120,0
thrashing,synthetic,,LRU,LocalAllocation,547,8,3,0.3153,0.503,1.5953060577228038,132,0,132,0
thrashing,synthetic,,LRU,LocalAllocation,547,9,0,0.3038,0.4737,1.5592495062541145,96,0,96,0
thrashing,synthetic,,LRU,LocalAllocation,547,9,1,0.3074,0.4941,1.6073519843851658,108,0,108,0
thrashing,synthetic,,LRU,LocalAllocation,547,9,2,0.3089,0.4804,1.5551958562641632,120,0,120,0
thrashing,synthetic,,LRU,LocalAllocation,547,9,3,0.3096,0.4798,1.5497416020671835,132,0,132,0
thrashing,synthetic,,LRU,ProportionalAllocation,547,0,0,0.3031,0.5688,1.8766083800725832,96,0,96,0
thrashing,synthetic,,LRU,ProportionalAllocation,547,0,1,0.3028,0.5743,1.8966314398943196,108,0,108,0
thrashing,synthetic,,LRU,ProportionalAllocation,547,0,2,0.312,0.5832,1.8692307692307693,120,0,120,0
thrashing,synthetic,,LRU,ProportionalAllocation,547,0,3,0.3087,0.5766,1.8678328474246841,132,0,132,0
thrashing,synthetic,,LRU,ProportionalAllocation,547,1,0,0.3063,0.4641,1.515181194906954,96,0,96,0
thrashing,synthetic,,LRU,ProportionalAllocation,547,1,1,0.3068,0.4673,1.523142112125163,108,0,108,0
thrashing,synthetic,,LRU,ProportionalAllocation,547,1,2,0.3393,0.4675,1.377836722664309,120,0,120,0
thrashing,synthetic,,LRU,ProportionalAllocation,547,1,3,0.309,0.47,1.5210355987055015,132,0,132,0
thrashing,synthetic,,LRU,ProportionalAllocation,547,2,0,0.3068,0.474,1.544980443285528,96,0,96,0
thrashing,synthetic,,LRU,ProportionalAllocation,547,2,1,0.3145,0.4717,1.4998410174880763,108,0,108,0
thrashing,synthetic,,LRU,ProportionalAllocation,547,2,2,0.3091,0.4801,1.5532190229699125,120,0,120,0
thrashing,synthetic,,LRU,ProportionalAllocation,547,2,3,0.3118,0.4794,1.5375240538806927,132,0,132,0
thrashing,synthetic,,LRU,ProportionalAllocation,547,3,0,0.3041,0.4891,1.608352515619862,96,0,96,0
thrashing,synthetic,,LRU,ProportionalAllocation,547,3,1,0.3067,0.4896,1.596348223019237,108,0,108,0
thrashing,synthetic,,LRU,ProportionalAllocation,547,3,2,0.315,0.4969,1.5774603174603175,120,0,120,0
thrashing,synthetic,,LRU,ProportionalAllocation,547,3,3,0.3159,0.4957,1.569167458056347,132,0,132,0
thrashing,synthetic,,LRU,ProportionalAllocation,547,4,0,0.3035,0.4753,1.5660626029654037,96,0,96,0
thrashing,synthetic,,LRU,ProportionalAllocation,547,4,1,0.3043,0.4768,1.5668747946105817,108,0,108,0
thrashing,synthetic,,LRU,ProportionalAllocation,547,4,2,0.3185,0.4839,1.519309262166405,120,0,120,0
thrashing,synthetic,,LRU,ProportionalAllocation,547,4,3,0.3057,0.4872,1.593719332679097,132,0,132,0
thrashing,synthetic,,LRU,ProportionalAllocation,547,5,0,0.3035,0.4642,1.5294892915980232,96,0,96,0
thrashing,synthetic,,LRU,ProportionalAllocation,547,5,1,0.3027,0.4706,1.5546745953088867,108,0,108,0
thrashing,synthetic,,LRU,ProportionalAllocation,547,5,2,0.3064,0.469,1.5306788511749347,120,0,120,0
thrashing,synthetic,,LRU,ProportionalAllocation,547,5,3,0.3102,0.4677,1.5077369439071566,132,0,132,0
thrashing,synthetic,,LRU,ProportionalAllocation,547,6,0,0.3054,0.4969,1.6270464963981663,96,0,96,0
thrashing,synthetic,,LRU,ProportionalAllocation,547,6,1,0.3028,0.5066,1.6730515191545574,108,0,108,0
thrashing,synthetic,,LRU,ProportionalAllocation,547,6,2,0.3054,0.513,1.6797642436149312,120,0,120,0
thrashing,synthetic,,LRU,ProportionalAllocation,547,6,3,0.3092,0.5149,1.6652652005174644,132,0,132,0
thrashing,synthetic,,LRU,ProportionalAllocation,547,7,0,0.3071,0.4706,1.5323998697492673,96,0,96,0
thrashing,synthetic,,LRU,ProportionalAllocation,547,7,1,0.3081,0.4733,1.5361895488477766,108,0,108,0
thrashing,synthetic,,LRU,ProportionalAllocation,547,7,2,0.3109,0.4823,1.5513026696687038,120,0,120,0
thrashing,synthetic,,LRU,ProportionalAllocation,547,7,3,0.3134,0.4788,1.5277600510529674,132,0,132,0
thrashing,synthetic,,LRU,ProportionalAllocation,547,8,0,0.3425,0.4604,1.3442335766423357,96,0,96,0
thrashing,synthetic,,LRU,ProportionalAllocation,547,8,1,0.3101,0.4601,1.4837149306675266,108,0,108,0
thrashing,synthetic,,LRU,ProportionalAllocation,547,8,2,0.313,0.4689,1.4980830670926517,120,0,120,0
thrashing,synthetic,,LRU,ProportionalAllocation,547,8,3,0.31,0.4745,1.5306451612903227,132,0,132,0
thrashing,synthetic,,LRU,ProportionalAllocation,547,9,0,0.4411,0.4821,1.0929494445703922,96,0,96,0
thrashing,synthetic,,LRU,ProportionalAllocation,547,9,1,0.3109,0.4825,1.5519459633322612,108,0,108,0
thrashing,synthetic,,LRU,ProportionalAllocation,547,9,2,0.3131,0.4929,1.5742574257425743,120,0,120,0
thrashing,synthetic,,LRU,ProportionalAllocation,547,9,3,0.31,0.5635,1.8177419354838709,132,0,132,0
thrashing,synthetic,,NRU,GlobalAllocation,547,0,0,0.3182,0.8303,2.609365179132621,96,,,
thrashing,synthetic,,NRU,GlobalAllocation,547,0,1,0.3237,0.7908,2.443002780352178,108,,,
thrashing,synthetic,,NRU,GlobalAllocation,547,0,2,0.3299,0.8737,2.648378296453471,120,,,
thrashing,synthetic,,NRU,GlobalAllocation,547,0,3,0.3321,0.8009,2.41162300511894,132,,,
thrashing,synthetic,,NRU,GlobalAllocation,547,1,0,0.3216,0.7709,2.397077114427861,96,,,
thrashing,synthetic,,NRU,GlobalAllocation,547,1,1,0.3317,0.8608,2.5951160687368104,108,,,
thrashing,synthetic,,NRU,GlobalAllocation,547,1,2,0.3444,0.8375,2.431765389082462,120,,,
thrashing,synthetic,,NRU,GlobalAllocation,547,1,3,0.3365,0.7991,2.374739970282318,132,,,
thrashing,synthetic,,NRU,GlobalAllocation,547,2,0,0.3352,0.7678,2.2905727923627683,96,,,
thrashing,synthetic,,NRU,GlobalAllocation,547,2,1,0.3378,0.8297,2.4561870929544107,108,,,
thrashing,synthetic,,NRU,GlobalAllocation,547,2,2,0.3473,0.8149,2.3463864094442846,120,,,
thrashing,synthetic,,NRU,GlobalAllocation,547,2,3,0.368,0.8619,2.3421195652173914,132,,,
thrashing,synthetic,,NRU,GlobalAllocation,547,3,0,0.3186,0.7667,2.40646578782172,96,,,
thrashing,synthetic,,NRU,GlobalAllocation,547,3,1,0.3333,0.8215,2.4647464746474648,108,,,
thrashing,synthetic,,NRU,GlobalAllocation,547,3,2,0.3283,0.8166,2.487359122753579,120,,,
thrashing,synthetic,,NRU,GlobalAllocation,547,3,3,0.3311,0.7976,2.40893989731199,132,,,
thrashing,synthetic,,NRU,GlobalAllocation,547,4,0,0.3176,0.7838,2.467884130982368,96,,,
thrashing,synthetic,,NRU,GlobalAllocation,547,4,1,0.3615,0.7996,2.2118948824343017,108,,,
thrashing,synthetic,,NRU,GlobalAllocation,547,4,2,0.3419,0.86,2.5153553670663937,120,,,
thrashing,synthetic,,NRU,GlobalAllocation,547,4,3,0.3322,0.8414,2.5328115593016256,132,,,
thrashing,synthetic,,NRU,GlobalAllocation,547,5,0,0.3181,0.7507,2.359949701351776,96,,,
thrashing,synthetic,,NRU,GlobalAllocation,547,5,1,0.3207,0.8488,2.6467103211724354,108,,,
thrashing,synthetic,,NRU,GlobalAllocation,547,5,2,0.3434,0.832,2.422830518345952,120,,,
thrashing,synthetic,,NRU,GlobalAllocation,547,5,3,0.3466,0.8167,2.356318522792845,132,,,
thrashing,synthetic,,NRU,GlobalAllocation,547,6,0,0.4127,0.7165,1.7361279379694694,96,,,
thrashing,synthetic,,NRU,GlobalAllocation,547,6,1,0.3222,0.8283,2.5707635009310987,108,,,
thrashing,synthetic,,NRU,GlobalAllocation,547,6,2,0.3271,0.8426,2.57597065117701,120,,,
thrashing,synthetic,,NRU,GlobalAllocation,547,6,3,0.3361,0.8613,2.562630169592383,132,,,
thrashing,synthetic,,NRU,GlobalAllocation,547,7,0,0.3497,0.7295,2.0860737775235916,96,,,
thrashing,synthetic,,NRU,GlobalAllocation,547,7,1,0.3386,0.805,2.377436503248671,108,,,
thrashing,synthetic,,NRU,GlobalAllocation,547,7,2,0.3337,0.8872,2.658675456997303,120,,,
thrashing,synthetic,,NRU,GlobalAllocation,547,7,3,0.3348,0.8767,2.61857825567503,132,,,
thrashing,synthetic,,NRU,GlobalAllocation,547,8,0,0.3319,0.7598,2.2892437481169026,96,,,
thrashing,synthetic,,NRU,GlobalAllocation,547,8,1,0.3247,0.824,2.537727132737912,108,,,
thrashing,synthetic,,NRU,GlobalAllocation,547,8,2,0.3288,0.8098,2.462895377128954,120,,,
thrashing,synthetic,,NRU,GlobalAllocation,547,8,3,0.3488,0.8573,2.457855504587156,132,,,
thrashing,synthetic,,NRU,GlobalAllocation,547,9,0,0.3206,0.7544,2.3530879600748595,96,,,
thrashing,synthetic,,NRU,GlobalAllocation,547,9,1,0.3511,0.8538,2.4317858160068355,108,,,
thrashing,synthetic,,NRU,GlobalAllocation,547,9,2,0.337,0.822,2.4391691394658754,120,,,
thrashing,synthetic,,NRU,GlobalAllocation,547,9,3,0.3334,0.8446,2.5332933413317336,132,,,
thrashing,synthetic,,NRU,LocalAllocation,547,0,0,0.3318,0.5068,1.5274261603375527,96,0,96,0
thrashing,synthetic,,NRU,LocalAllocation,547,0,1,0.3198,0.5083,1.589430894308943,108,0,108,0
thrashing,synthetic,,NRU,LocalAllocation,547,0,2,0.3309,0.5227,1.5796313085524327,120,0,120,0
thrashing,synthetic,,NRU,LocalAllocation,547,0,3,0.33,0.5348,1.6206060606060606,132,0,132,0
thrashing,synthetic,,NRU,LocalAllocation,547,1,0,0.3016,0.4866,1.613395225464191,96,0,96,0
thrashing,synthetic,,NRU,LocalAllocation,547,1,1,0.3223,0.5061,1.5702761402420105,108,0,108,0
thrashing,synthetic,,NRU,LocalAllocation,547,1,2,0.3458,0.4863,1.4063042220936959,120,0,120,0
thrashing,synthetic,,NRU,LocalAllocation,547,1,3,0.3387,0.4939,1.4582226158842633,132,0,132,0
thrashing,synthetic,,NRU,LocalAllocation,547,2,0,0.3143,0.4764,1.515749284123449,96,0,96,0
thrashing,synthetic,,NRU,LocalAllocation,547,2,1,0.3557,0.4803,1.3502951925780151,108,0,108,0
thrashing,synthetic,,NRU,LocalAllocation,547,2,2,0.3296,0.4858,1.4739077669902914,120,0,120,0
thrashing,synthetic,,NRU,LocalAllocation,547,2,3,0.346,0.497,1.4364161849710984,132,0,132,0
thrashing,synthetic,,NRU,LocalAllocation,547,3,0,0.3382,0.4846,1.4328799526907157,96,0,96,0
thrashing,synthetic,,NRU,LocalAllocation,547,3,1,0.3208,0.4851,1.5121571072319202,108,0,108,0
thrashing,synthetic,,NRU,LocalAllocation,547,3,2,0.3635,0.492,1.3535075653370015,120,0,120,0
thrashing,synthetic,,NRU,LocalAllocation,547,3,3,0.3363,0.5025,1.4942016057091883,132,0,132,0
thrashing,synthetic,,NRU,LocalAllocation,547,4,0,0.3179,0.5005,1.57439446366782,96,0,96,0
thrashing,synthetic,,NRU,LocalAllocation,547,4,1,0.3246,0.4931,1.5191004313000616,108,0,108,0
thrashing,synthetic,,NRU,LocalAllocation,547,4,2,0.3303,0.5045,1.5273993339388434,120,0,120,0
thrashing,synthetic,,NRU,LocalAllocation,547,4,3,0.3304,0.5036,1.5242130750605327,132,0,132,0
thrashing,synthetic,,NRU,LocalAllocation,547,5,0,0.3207,0.4982,1.5534767695665732,96,0,96,0
thrashing,synthetic,,NRU,LocalAllocation,547,5,1,0.3438,0.5035,1.4645142524723676,108,0,108,0
thrashing,synthetic,,NRU,LocalAllocation,547,5,2,0.3406,0.506,1.485613623018203,120,0,120,0
thrashing,synthetic,,NRU,LocalAllocation,547,5,3,0.3423,0.5099,1.4896289804265264,132,0,132,0
thrashing,synthetic,,NRU,LocalAllocation,547,6,0,0.3367,0.4964,1.4743094743094742,96,0,96,0
thrashing,synthetic,,NRU,LocalAllocation,547,6,1,0.3203,0.4997,1.5600999063378083,108,0,108,0
thrashing,synthetic,,NRU,LocalAllocation,547,6,2,0.3515,0.5094,1.449217638691323,120,0,120,0
thrashing,synthetic,,NRU,LocalAllocation,547,6,3,0.3464,0.5192,1.4988452655889146,132,0,132,0
thrashing,synthetic,,NRU,LocalAllocation,547,7,0,0.6018,0.5345,0.888168826852775,96,0,96,0
thrashing,synthetic,,NRU,LocalAllocation,547,7,1,0.6727,0.6624,0.9846885684554779,108,0,108,0
thrashing,synthetic,,NRU,LocalAllocation,547,7,2,0.646,0.5419,0.8388544891640867,120,0,120,0
thrashing,synthetic,,NRU,LocalAllocation,547,7,3,0.3365,0.5226,1.5530460624071323,132,0,132,0
thrashing,synthetic,,NRU,LocalAllocation,547,8,0,0.3329,0.4863,1.4607990387503755,96,0,96,0
thrashing,synthetic,,NRU,LocalAllocation,547,8,1,0.3346,0.4981,1.4886431560071727,108,0,108,0
thrashing,synthetic,,NRU,LocalAllocation,547,8,2,0.327,0.511,1.562691131498471,120,0,120,0
thrashing,synthetic,,NRU,LocalAllocation,547,8,3,0.3308,0.5056,1.528415961305925,132,0,132,0
thrashing,synthetic,,NRU,LocalAllocation,547,9,0,0.3365,0.5107,1.5176820208023774,96,0,96,0
thrashing,synthetic,,NRU,LocalAllocation,547,9,1,0.3386,0.5145,1.519492025989368,108,0,108,0
thrashing,synthetic,,NRU,LocalAllocation,547,9,2,0.3461,0.5141,1.485408841375325,120,0,120,0
thrashing,synthetic,,NRU,LocalAllocation,547,9,3,0.3528,0.5218,1.4790249433106577,132,0,132,0
thrashing,synthetic,,NRU,ProportionalAllocation,547,0,0,0.3147,0.4771,1.5160470289164283,96,0,96,0
thrashing,synthetic,,NRU,ProportionalAllocation,547,0,1,0.3197,0.4788,1.4976540506725056,108,0,108,0
thrashing,synthetic,,NRU,ProportionalAllocation,547,0,2,0.3303,0.4868,1.4738116863457462,120,0,120,0
thrashing,synthetic,,NRU,ProportionalAllocation,547,0,3,0.3303,0.4903,1.4844081138359067,132,0,132,0
thrashing,synthetic,,NRU,ProportionalAllocation,547,1,0,0.3158,0.4674,1.480050664977834,96,0,96,0
thrashing,synthetic,,NRU,ProportionalAllocation,547,1,1,0.321,0.4806,1.497196261682243,108,0,108,0
thrashing,synthetic,,NRU,ProportionalAllocation,547,1,2,0.3306,0.4783,1.4467634603750756,120,0,120,0
thrashing,synthetic,,NRU,ProportionalAllocation,547,1,3,0.3392,0.4836,1.4257075471698113,132,0,132,0
thrashing,synthetic,,NRU,ProportionalAllocation,547,2,0,0.3374,0.4832,1.4321280379371666,96,0,96,0
thrashing,synthetic,,NRU,ProportionalAllocation,547,2,1,0.3215,0.4917,1.529393468118196,108,0,108,0
thrashing,synthetic,,NRU,ProportionalAllocation,547,2,2,0.3262,0.4946,1.516247700797057,120,0,120,0
thrashing,synthetic,,NRU,ProportionalAllocation,547,2,3,0.3332,0.5035,1.5111044417767108,132,0,132,0
thrashing,synthetic,,NRU,ProportionalAllocation,547,3,0,0.3154,0.4809,1.5247305009511731,96,0,96,0
thrashing,synthetic,,NRU,ProportionalAllocation,547,3,1,0.3227,0.4873,1.5100712736287574,108,0,108,0
thrashing,synthetic,,NRU,ProportionalAllocation,547,3,2,0.3263,0.4904,1.5029114311982839,120,0,120,0
thrashing,synthetic,,NRU,ProportionalAllocation,547,3,3,0.3406,0.4938,1.4497944803288314,132,0,132,0
thrashing,synthetic,,NRU,ProportionalAllocation,547,4,0,0.3473,0.4846,1.3953354448603512,96,0,96,0
thrashing,synthetic,,NRU,ProportionalAllocation,547,4,1,0.3365,0.4894,1.4543833580980683,108,0,108,0
thrashing,synthetic,,NRU,ProportionalAllocation,547,4,2,0.3418,0.4974,1.4552369806904624,120,0,120,0
thrashing,synthetic,,NRU,ProportionalAllocation,547,4,3,0.35,0.4967,1.419142857142857,132,0,132,0
thrashing,synthetic,,NRU,ProportionalAllocation,547,5,0,0.319,0.4792,1.502194357366771,96,0,96,0
thrashing,synthetic,,NRU,ProportionalAllocation,547,5,1,0.3266,0.4843,1.482853643600735,108,0,108,0
thrashing,synthetic,,NRU,ProportionalAllocation,547,5,2,0.3301,0.4881,1.4786428355043926,120,0,120,0
thrashing,synthetic,,NRU,ProportionalAllocation,547,5,3,0.3277,0.492,1.501373207201709,132,0,132,0
thrashing,synthetic,,NRU,ProportionalAllocation,547,6,0,0.3151,0.4817,1.5287210409393843,96,0,96,0
thrashing,synthetic,,NRU,ProportionalAllocation,547,6,1,0.3221,0.4884,1.5162992859360447,108,0,108,0
thrashing,synthetic,,NRU,ProportionalAllocation,547,6,2,2.9348,0.4964,0.16914270137658444,120,0,120,0
thrashing,synthetic,,NRU,ProportionalAllocation,547,6,3,0.7238,0.5043,0.696739430781984,132,0,132,0
thrashing,synthetic,,NRU,ProportionalAllocation,547,7,0,0.3191,0.4932,1.5455969915387027,96,0,96,0
thrashing,synthetic,,NRU,ProportionalAllocation,547,7,1,0.3219,0.4983,1.547996272134203,108,0,108,0
thrashing,synthetic,,NRU,ProportionalAllocation,547,7,2,0.3421,0.5082,1.4855305466237942,120,0,120,0
thrashing,synthetic,,NRU,ProportionalAllocation,547,7,3,0.3482,0.5223,1.5,132,0,132,0
thrashing,synthetic,,NRU,ProportionalAllocation,547,8,0,0.3192,0.4982,1.5607769423558897,96,0,96,0
thrashing,synthetic,,NRU,ProportionalAllocation,547,8,1,0.3202,0.4966,1.5509056839475328,108,0,108,0
thrashing,synthetic,,NRU,ProportionalAllocation,547,8,2,0.3648,0.5107,1.3999451754385965,120,0,120,0
thrashing,synthetic,,NRU,ProportionalAllocation,547,8,3,0.3442,0.5134,1.4915746658919233,132,0,132,0
thrashing,synthetic,,NRU,ProportionalAllocation,547,9,0,0.3198,0.4898,1.531582238899312,96,0,96,0
thrashing,synthetic,,NRU,ProportionalAllocation,547,9,1,0.3241,0.4896,1.5106448626966986,108,0,108,0
thrashing,synthetic,,NRU,ProportionalAllocation,547,9,2,0.3279,0.4933,1.5044220799024093,120,0,120,0
thrashing,synthetic,,NRU,ProportionalAllocation,547,9,3,0.3536,0.5005,1.4154411764705883,132,0,132,0
thrashing,synthetic,,SecondChance,GlobalAllocation,547,0,0,0.2853,1.0864,3.8079214861549247,96,,,
thrashing,synthetic,,SecondChance,GlobalAllocation,547,0,1,0.2874,1.2721,4.426235212247739,108,,,
thrashing,synthetic,,SecondChance,GlobalAllocation,547,0,2,0.2998,1.4323,4.777518345563709,120,,,
thrashing,synthetic,,SecondChance,GlobalAllocation,547,0,3,0.3216,1.4868,4.623134328358209,132,,,
thrashing,synthetic,,SecondChance,GlobalAllocation,547,1,0,0.2855,0.725,2.539404553415061,96,,,
thrashing,synthetic,,SecondChance,GlobalAllocation,547,1,1,0.2962,0.8548,2.885887913571911,108,,,
thrashing,synthetic,,SecondChance,GlobalAllocation,547,1,2,0.3031,0.9227,3.0442098317387,120,,,
thrashing,synthetic,,SecondChance,GlobalAllocation,547,1,3,0.3152,0.9665,3.066307106598985,132,,,
thrashing,synthetic,,SecondChance,GlobalAllocation,547,2,0,0.2807,0.7161,2.5511221945137157,96,,,
thrashing,synthetic,,SecondChance,GlobalAllocation,547,2,1,0.5079,0.8534,1.6802520181138019,108,,,
thrashing,synthetic,,SecondChance,GlobalAllocation,547,2,2,0.2996,0.9131,3.0477303070761015,120,,,
thrashing,synthetic,,SecondChance,GlobalAllocation,547,2,3,0.3121,0.9282,2.974046779878244,132,,,
thrashing,synthetic,,SecondChance,GlobalAllocation,547,3,0,0.2821,0.7355,2.6072314781992203,96,,,
thrashing,synthetic,,SecondChance,GlobalAllocation,547,3,1,0.2946,0.8248,2.7997284453496265,108,,,
thrashing,synthetic,,SecondChance,GlobalAllocation,547,3,2,0.3063,0.9512,3.1054521710741105,120,,,
thrashing,synthetic,,SecondChance,GlobalAllocation,547,3,3,0.3221,0.9061,2.813101521266687,132,,,
thrashing,synthetic,,SecondChance,GlobalAllocation,547,4,0,0.2838,0.7259,2.557787174066244,96,,,
thrashing,synthetic,,SecondChance,GlobalAllocation,547,4,1,0.2898,0.8531,2.9437543133195305,108,,,
thrashing,synthetic,,SecondChance,GlobalAllocation,547,4,2,0.3021,0.9068,3.0016550810989737,120,,,
thrashing,synthetic,,SecondChance,GlobalAllocation,547,4,3,0.3125,0.9324,2.98368,132,,,
thrashing,synthetic,,SecondChance,GlobalAllocation,547,5,0,0.558,1.059,1.8978494623655915,96,,,
thrashing,synthetic,,SecondChance,GlobalAllocation,547,5,1,0.3758,1.2147,3.2323044172432143,108,,,
thrashing,synthetic,,SecondChance,GlobalAllocation,547,5,2,0.2844,1.2874,4.526722925457102,120,,,
thrashing,synthetic,,SecondChance,GlobalAllocation,547,5,3,0.2987,1.3608,4.555741546702377,132,,,
thrashing,synthetic,,SecondChance,GlobalAllocation,547,6,0,0.2875,0.7262,2.525913043478261,96,,,
thrashing,synthetic,,SecondChance,GlobalAllocation,547,6,1,0.2922,0.8865,3.03388090349076,108,,,
thrashing,synthetic,,SecondChance,GlobalAllocation,547,6,2,0.3045,0.89,2.922824302134647,120,,,
thrashing,synthetic,,SecondChance,GlobalAllocation,547,6,3,0.3108,0.9622,3.095881595881596,132,,,
thrashing,synthetic,,SecondChance,GlobalAllocation,547,7,0,0.2831,0.7432,2.62522077004592,96,,,
thrashing,synthetic,,SecondChance,GlobalAllocation,547,7,1,0.2875,0.851,2.96,108,,,
thrashing,synthetic,,SecondChance,GlobalAllocation,547,7,2,0.3044,0.9087,2.9852168199737186,120,,,
thrashing,synthetic,,SecondChance,GlobalAllocation,547,7,3,0.3192,0.965,3.023182957393484,132,,,
thrashing,synthetic,,SecondChance,GlobalAllocation,547,8,0,0.2779,0.7215,2.5962576466354803,96,,,
thrashing,synthetic,,SecondChance,GlobalAllocation,547,8,1,0.2861,0.8513,2.975533030408948,108,,,
thrashing,synthetic,,SecondChance,GlobalAllocation,547,8,2,0.2976,0.8816,2.9623655913978495,120,,,
thrashing,synthetic,,SecondChance,GlobalAllocation,547,8,3,0.3305,0.9509,2.877155824508321,132,,,
thrashing,synthetic,,SecondChance,GlobalAllocation,547,9,0,0.2557,0.6684,2.6140007821666016,96,,,
thrashing,synthetic,,SecondChance,GlobalAllocation,547,9,1,0.2698,0.8346,3.093402520385471,108,,,
thrashing,synthetic,,SecondChance,GlobalAllocation,547,9,2,0.2719,0.8427,3.0993012136815006,120,,,
thrashing,synthetic,,SecondChance,GlobalAllocation,547,9,3,0.2914,0.8771,3.009951956074125,132,,,
thrashing,synthetic,,SecondChance,LocalAllocation,547,0,0,0.26,0.4082,1.57,96,0,96,0
thrashing,synthetic,,SecondChance,LocalAllocation,547,0,1,0.2659,0.4131,1.5535915757803687,108,0,108,0
thrashing,synthetic,,SecondChance,LocalAllocation,547,0,2,0.2719,0.4262,1.567488047076131,120,0,120,0
thrashing,synthetic,,SecondChance,LocalAllocation,547,0,3,0.2782,0.4341,1.5603882099209203,132,0,132,0
thrashing,synthetic,,SecondChance,LocalAllocation,547,1,0,0.2771,0.4474,1.6145795741609528,96,0,96,0
thrashing,synthetic,,SecondChance,LocalAllocation,547,1,1,0.2862,0.4567,1.595737246680643,108,0,108,0
thrashing,synthetic,,SecondChance,LocalAllocation,547,1,2,0.3036,0.4601,1.5154808959156785,120,0,120,0
thrashing,synthetic,,SecondChance,LocalAllocation,547,1,3,0.318,0.4769,1.499685534591195,132,0,132,0
thrashing,synthetic,,SecondChance,LocalAllocation,547,2,0,0.2848,0.4426,1.5540730337078652,96,0,96,0
thrashing,synthetic,,SecondChance,LocalAllocation,547,2,1,0.2956,0.4499,1.5219891745602165,108,0,108,0
thrashing,synthetic,,SecondChance,LocalAllocation,547,2,2,0.3031,0.4626,1.5262289673375125,120,0,120,0
thrashing,synthetic,,SecondChance,LocalAllocation,547,2,3,0.3104,0.4753,1.53125,132,0,132,0
thrashing,synthetic,,SecondChance,LocalAllocation,547,3,0,0.2838,0.4545,1.6014799154334038,96,0,96,0
thrashing,synthetic,,SecondChance,LocalAllocation,547,3,1,0.287,0.4567,1.5912891986062718,108,0,108,0
thrashing,synthetic,,SecondChance,LocalAllocation,547,3,2,0.2967,0.4743,1.5985844287158746,120,0,120,0
thrashing,synthetic,,SecondChance,LocalAllocation,547,3,3,0.3138,0.4843,1.5433397068196304,132,0,132,0
thrashing,synthetic,,SecondChance,LocalAllocation,547,4,0,0.2788,0.4484,1.6083213773314204,96,0,96,0
thrashing,synthetic,,SecondChance,LocalAllocation,547,4,1,0.2862,0.4605,1.6090146750524108,108,0,108,0
thrashing,synthetic,,SecondChance,LocalAllocation,547,4,2,0.2978,0.4682,1.5721961047683009,120,0,120,0
thrashing,synthetic,,SecondChance,LocalAllocation,547,4,3,0.3083,0.4791,1.5540058384690236,132,0,132,0
thrashing,synthetic,,SecondChance,LocalAllocation,547,5,0,0.2817,0.4692,1.665601703940362,96,0,96,0
thrashing,synthetic,,SecondChance,LocalAllocation,547,5,1,0.2918,0.458,1.5695681973954763,108,0,108,0
thrashing,synthetic,,SecondChance,LocalAllocation,547,5,2,0.3112,0.4689,1.5067480719794344,120,0,120,0
thrashing,synthetic,,SecondChance,LocalAllocation,547,5,3,0.3159,0.4757,1.5058562836340614,132,0,132,0
thrashing,synthetic,,SecondChance,LocalAllocation,547,6,0,0.2779,0.4553,1.638359121986326,96,0,96,0
thrashing,synthetic,,SecondChance,LocalAllocation,547,6,1,0.2878,0.4665,1.6209173036831133,108,0,108,0
thrashing,synthetic,,SecondChance,LocalAllocation,547,6,2,0.3002,0.4816,1.604263824117255,120,0,120,0
thrashing,synthetic,,SecondChance,LocalAllocation,547,6,3,0.3151,0.4947,1.5699777848302126,132,0,132,0
thrashing,synthetic,,SecondChance,LocalAllocation,547,7,0,0.282,0.4605,1.6329787234042554,96,0,96,0
thrashing,synthetic,,SecondChance,LocalAllocation,547,7,1,0.2875,0.4734,1.646608695652174,108,0,108,0
thrashing,synthetic,,SecondChance,LocalAllocation,547,7,2,0.3079,0.4874,1.5829814874959403,120,0,120,0
thrashing,synthetic,,SecondChance,LocalAllocation,547,7,3,0.3177,0.492,1.5486307837582625,132,0,132,0
thrashing,synthetic,,SecondChance,LocalAllocation,547,8,0,0.2799,0.436,1.5576991782779563,96,0,96,0
thrashing,synthetic,,SecondChance,LocalAllocation,547,8,1,0.2904,0.4476,1.5413223140495869,108,0,108,0
thrashing,synthetic,,SecondChance,LocalAllocation,547,8,2,0.3035,0.4615,1.5205930807248764,120,0,120,0
thrashing,synthetic,,SecondChance,LocalAllocation,547,8,3,0.3133,0.4699,1.4998404085541015,132,0,132,0
thrashing,synthetic,,SecondChance,LocalAllocation,547,9,0,0.2772,0.4466,1.6111111111111112,96,0,96,0
thrashing,synthetic,,SecondChance,LocalAllocation,547,9,1,0.294,0.4519,1.5370748299319728,108,0,108,0
thrashing,synthetic,,SecondChance,LocalAllocation,547,9,2,0.3039,0.4626,1.5222112537018757,120,0,120,0
thrashing,synthetic,,SecondChance,LocalAllocation,547,9,3,0.3141,0.4733,1.5068449538363577,132,0,132,0
thrashing,synthetic,,SecondChance,ProportionalAllocation,547,0,0,0.3479,0.6716,1.9304397815464214,96,0,96,0
thrashing,synthetic,,SecondChance,ProportionalAllocation,547,0,1,0.3049,0.6852,2.247294194817973,108,0,108,0
thrashing,synthetic,,SecondChance,ProportionalAllocation,547,0,2,0.3053,0.7026,2.3013429413691453,120,0,120,0
thrashing,synthetic,,SecondChance,ProportionalAllocation,547,0,3,0.3142,0.7387,2.351050286441757,132,0,132,0
thrashing,synthetic,,SecondChance,ProportionalAllocation,547,1,0,0.2845,0.4439,1.560281195079086,96,0,96,0
thrashing,synthetic,,SecondChance,ProportionalAllocation,547,1,1,0.2953,0.4546,1.539451405350491,108,0,108,0
thrashing,synthetic,,SecondChance,ProportionalAllocation,547,1,2,0.3034,0.4646,1.5313117996044825,120,0,120,0
thrashing,synthetic,,SecondChance,ProportionalAllocation,547,1,3,0.3109,0.4712,1.5155998713412673,132,0,132,0
thrashing,synthetic,,SecondChance,ProportionalAllocation,547,2,0,0.2801,0.4519,1.6133523741520885,96,0,96,0
thrashing,synthetic,,SecondChance,ProportionalAllocation,547,2,1,0.2921,0.4628,1.5843889079082507,108,0,108,0
thrashing,synthetic,,SecondChance,ProportionalAllocation,547,2,2,0.3103,0.4764,1.5352884305510797,120,0,120,0
thrashing,synthetic,,SecondChance,ProportionalAllocation,547,2,3,0.3125,0.4889,1.56448,132,0,132,0
thrashing,synthetic,,SecondChance,ProportionalAllocation,547,3,0,0.286,0.4447,1.554895104895105,96,0,96,0
thrashing,synthetic,,SecondChance,ProportionalAllocation,547,3,1,0.292,0.4491,1.538013698630137,108,0,108,0
thrashing,synthetic,,SecondChance,ProportionalAllocation,547,3,2,0.3017,0.4638,1.5372886973815048,120,0,120,0
thrashing,synthetic,,SecondChance,ProportionalAllocation,547,3,3,0.3119,0.47,1.5068932350112216,132,0,132,0
thrashing,synthetic,,SecondChance,ProportionalAllocation,547,4,0,0.284,0.4417,1.555281690140845,96,0,96,0
thrashing,synthetic,,SecondChance,ProportionalAllocation,547,4,1,0.2911,0.4557,1.5654414290621779,108,0,108,0
thrashing,synthetic,,SecondChance,ProportionalAllocation,547,4,2,0.3014,0.4664,1.5474452554744527,120,0,120,0
thrashing,synthetic,,SecondChance,ProportionalAllocation,547,4,3,0.3129,0.48,1.5340364333652925,132,0,132,0
thrashing,synthetic,,SecondChance,ProportionalAllocation,547,5,0,0.2806,0.4506,1.6058446186742694,96,0,96,0
thrashing,synthetic,,SecondChance,ProportionalAllocation,547,5,1,0.2916,0.4662,1.5987654320987654,108,0,108,0
thrashing,synthetic,,SecondChance,ProportionalAllocation,547,5,2,0.2995,0.4691,1.5662771285475794,120,0,120,0
thrashing,synthetic,,SecondChance,ProportionalAllocation,547,5,3,0.333,0.4812,1.445045045045045,132,0,132,0
thrashing,synthetic,,SecondChance,ProportionalAllocation,547,6,0,0.2837,0.4487,1.5816002819880155,96,0,96,0
thrashing,synthetic,,SecondChance,ProportionalAllocation,547,6,1,0.2904,0.4546,1.565426997245179,108,0,108,0
thrashing,synthetic,,SecondChance,ProportionalAllocation,547,6,2,0.3119,0.4661,1.4943892273164476,120,0,120,0
thrashing,synthetic,,SecondChance,ProportionalAllocation,547,6,3,0.3162,0.4797,1.51707779886148,132,0,132,0
thrashing,synthetic,,SecondChance,ProportionalAllocation,547,7,0,0.2806,0.4544,1.6193870277975766,96,0,96,0
thrashing,synthetic,,SecondChance,ProportionalAllocation,547,7,1,0.2998,0.4605,1.5360240160106737,108,0,108,0
thrashing,synthetic,,SecondChance,ProportionalAllocation,547,7,2,0.2966,0.4717,1.5903573836817262,120,0,120,0
thrashing,synthetic,,SecondChance,ProportionalAllocation,547,7,3,0.3071,0.4814,1.5675675675675675,132,0,132,0
thrashing,synthetic,,SecondChance,ProportionalAllocation,547,8,0,0.2823,0.4408,1.561459440311725,96,0,96,0
thrashing,synthetic,,SecondChance,ProportionalAllocation,547,8,1,0.2903,0.4521,1.5573544609025147,108,0,108,0
thrashing,synthetic,,SecondChance,ProportionalAllocation,547,8,2,0.302,0.46,1.5231788079470199,120,0,120,0
thrashing,synthetic,,SecondChance,ProportionalAllocation,547,8,3,0.3129,0.4717,1.5075103867050175,132,0,132,0
thrashing,synthetic,,SecondChance,ProportionalAllocation,547,9,0,0.2829,0.4697,1.6603039943442912,96,0,96,0
thrashing,synthetic,,SecondChance,ProportionalAllocation,547,9,1,0.2942,0.4735,1.6094493541808295,108,0,108,0
thrashing,synthetic,,SecondChance,ProportionalAllocation,547,9,2,0.3058,0.4831,1.5797907128842381,120,0,120,0
thrashing,synthetic,,SecondChance,ProportionalAllocation,547,9,3,0.3122,0.4954,1.5868033311979501,132,0,132,0
thrashing,synthetic,,WSClock,GlobalAllocation,547,0,0,0.2847,0.7168,2.517737969792764,96,,,
thrashing,synthetic,,WSClock,GlobalAllocation,547,0,1,0.2887,0.8408,2.912365777623831,108,,,
thrashing,synthetic,,WSClock,GlobalAllocation,547,0,2,0.3017,0.9416,3.1209811070599933,120,,,
thrashing,synthetic,,WSClock,GlobalAllocation,547,0,3,0.3584,0.9466,2.6411830357142856,132,,,
thrashing,synthetic,,WSClock,GlobalAllocation,547,1,0,0.285,0.7146,2.5073684210526315,96,,,
thrashing,synthetic,,WSClock,GlobalAllocation,547,1,1,0.296,0.8509,2.874662162162162,108,,,
thrashing,synthetic,,WSClock,GlobalAllocation,547,1,2,0.3054,0.8946,2.9292730844793713,120,,,
thrashing,synthetic,,WSClock,GlobalAllocation,547,1,3,0.3182,0.9587,3.012884978001257,132,,,
thrashing,synthetic,,WSClock,GlobalAllocation,547,2,0,0.2819,0.737,2.61440227030862,96,,,
thrashing,synthetic,,WSClock,GlobalAllocation,547,2,1,0.2962,0.869,2.9338284942606347,108,,,
thrashing,synthetic,,WSClock,GlobalAllocation,547,2,2,0.3088,0.9268,3.0012953367875648,120,,,
thrashing,synthetic,,WSClock,GlobalAllocation,547,2,3,0.3125,0.9516,3.04512,132,,,
thrashing,synthetic,,WSClock,GlobalAllocation,547,3,0,0.2837,0.7423,2.6164962989072964,96,,,
thrashing,synthetic,,WSClock,GlobalAllocation,547,3,1,0.2899,0.8346,2.8789237668161434,108,,,
thrashing,synthetic,,WSClock,GlobalAllocation,547,3,2,0.3025,0.9453,3.1249586776859504,120,,,
thrashing,synthetic,,WSClock,GlobalAllocation,547,3,3,0.3122,0.9194,2.9449071108263936,132,,,
thrashing,synthetic,,WSClock,GlobalAllocation,547,4,0,0.2859,0.7222,2.5260580622595312,96,,,
thrashing,synthetic,,WSClock,GlobalAllocation,547,4,1,0.2916,0.8484,2.909465020576132,108,,,
thrashing,synthetic,,WSClock,GlobalAllocation,547,4,2,0.3047,0.8978,2.946504758779127,120,,,
thrashing,synthetic,,WSClock,GlobalAllocation,547,4,3,0.3148,0.9307,2.9564803049555275,132,,,
thrashing,synthetic,,WSClock,GlobalAllocation,547,5,0,0.2862,0.7279,2.5433263452131376,96,,,
thrashing,synthetic,,WSClock,GlobalAllocation,547,5,1,0.2935,0.8255,2.8126064735945486,108,,,
thrashing,synthetic,,WSClock,GlobalAllocation,547,5,2,0.5234,0.9024,1.7241115781429117,120,,,
thrashing,synthetic,,WSClock,GlobalAllocation,547,5,3,0.3183,0.9565,3.0050267043669496,132,,,
thrashing,synthetic,,WSClock,GlobalAllocation,547,6,0,0.2832,0.7232,2.553672316384181,96,,,
thrashing,synthetic,,WSClock,GlobalAllocation,547,6,1,0.297,0.8862,2.9838383838383837,108,,,
thrashing,synthetic,,WSClock,GlobalAllocation,547,6,2,0.3023,0.8736,2.8898445253059872,120,,,
thrashing,synthetic,,WSClock,GlobalAllocation,547,6,3,0.312,0.9487,3.0407051282051283,132,,,
thrashing,synthetic,,WSClock,GlobalAllocation,547,7,0,0.281,0.7433,2.6451957295373667,96,,,
thrashing,synthetic,,WSClock,GlobalAllocation,547,7,1,0.2904,0.8443,2.9073691460055096,108,,,
thrashing,synthetic,,WSClock,GlobalAllocation,547,7,2,0.3055,0.8984,2.9407528641571195,120,,,
thrashing,synthetic,,WSClock,GlobalAllocation,547,7,3,0.3135,0.9463,3.0185007974481657,132,,,
thrashing,synthetic,,WSClock,GlobalAllocation,547,8,0,0.2857,0.7333,2.5666783339166956,96,,,
thrashing,synthetic,,WSClock,GlobalAllocation,547,8,1,0.2935,0.8601,2.9304940374787054,108,,,
thrashing,synthetic,,WSClock,GlobalAllocation,547,8,2,0.3017,0.8924,2.957905203844879,120,,,
thrashing,synthetic,,WSClock,GlobalAllocation,547,8,3,0.3139,0.9545,3.0407773176170756,132,,,
thrashing,synthetic,,WSClock,GlobalAllocation,547,9,0,0.2826,0.7105,2.5141542816702054,96,,,
thrashing,synthetic,,WSClock,GlobalAllocation,547,9,1,0.2903,0.8859,3.051670685497761,108,,,
thrashing,synthetic,,WSClock,GlobalAllocation,547,9,2,0.2961,0.8963,3.027017899358325,120,,,
thrashing,synthetic,,WSClock,GlobalAllocation,547,9,3,0.3126,0.9255,2.9606525911708252,132,,,
thrashing,synthetic,,WSClock,LocalAllocation,547,0,0,0.2597,0.4029,1.5514054678475164,96,0,96,0
thrashing,synthetic,,WSClock,LocalAllocation,547,0,1,0.2709,0.4184,1.544481358434847,108,0,108,0
thrashing,synthetic,,WSClock,LocalAllocation,547,0,2,0.3179,0.4202,1.3217993079584776,120,0,120,0
thrashing,synthetic,,WSClock,LocalAllocation,547,0,3,0.3159,0.4301,1.3615068059512503,132,0,132,0
thrashing,synthetic,,WSClock,LocalAllocation,547,1,0,0.2814,0.4423,1.5717839374555793,96,0,96,0
thrashing,synthetic,,WSClock,LocalAllocation,547,1,1,0.2967,0.455,1.533535557802494,108,0,108,0
thrashing,synthetic,,WSClock,LocalAllocation,547,1,2,0.3104,0.4644,1.4961340206185567,120,0,120,0
thrashing,synthetic,,WSClock,LocalAllocation,547,1,3,0.3142,0.4708,1.498408656906429,132,0,132,0
thrashing,synthetic,,WSClock,LocalAllocation,547,2,0,0.2824,0.4624,1.6373937677053825,96,0,96,0
thrashing,synthetic,,WSClock,LocalAllocation,547,2,1,0.2908,0.4768,1.639614855570839,108,0,108,0
thrashing,synthetic,,WSClock,LocalAllocation,547,2,2,0.3002,0.4837,1.611259160559627,120,0,120,0
thrashing,synthetic,,WSClock,LocalAllocation,547,2,3,0.3232,0.4981,1.54115099009901,132,0,132,0
thrashing,synthetic,,WSClock,LocalAllocation,547,3,0,0.282,0.4467,1.5840425531914895,96,0,96,0
thrashing,synthetic,,WSClock,LocalAllocation,547,3,1,0.2906,0.452,1.5554026152787337,108,0,108,0
thrashing,synthetic,,WSClock,LocalAllocation,547,3,2,0.3012,0.4623,1.5348605577689243,120,0,120,0
thrashing,synthetic,,WSClock,LocalAllocation,547,3,3,0.3136,0.4764,1.5191326530612246,132,0,132,0
thrashing,synthetic,,WSClock,LocalAllocation,547,4,0,0.2824,0.505,1.788243626062323,96,0,96,0
thrashing,synthetic,,WSClock,LocalAllocation,547,4,1,0.2879,0.4692,1.6297325460229246,108,0,108,0
thrashing,synthetic,,WSClock,LocalAllocation,547,4,2,0.3058,0.481,1.5729234793982996,120,0,120,0
thrashing,synthetic,,WSClock,LocalAllocation,547,4,3,0.3135,0.4906,1.5649122807017544,132,0,132,0
thrashing,synthetic,,WSClock,LocalAllocation,547,5,0,0.2884,0.4486,1.5554785020804438,96,0,96,0
thrashing,synthetic,,WSClock,LocalAllocation,547,5,1,0.2885,0.4616,1.6,108,0,108,0
thrashing,synthetic,,WSClock,LocalAllocation,547,5,2,0.3039,0.4682,1.5406383678841724,120,0,120,0
thrashing,synthetic,,WSClock,LocalAllocation,547,5,3,0.327,0.4757,1.4547400611620795,132,0,132,0
thrashing,synthetic,,WSClock,LocalAllocation,547,6,0,0.288,0.4754,1.6506944444444445,96,0,96,0
thrashing,synthetic,,WSClock,LocalAllocation,547,6,1,0.2935,0.4728,1.6109028960817717,108,0,108,0
thrashing,synthetic,,WSClock,LocalAllocation,547,6,2,0.3022,0.5069,1.6773659827928524,120,0,120,0
thrashing,synthetic,,WSClock,LocalAllocation,547,6,3,0.3172,0.4996,1.575031525851198,132,0,132,0
thrashing,synthetic,,WSClock,LocalAllocation,547,7,0,0.2811,0.451,1.6044112415510494,96,0,96,0
thrashing,synthetic,,WSClock,LocalAllocation,547,7,1,0.2892,0.4569,1.579875518672199,108,0,108,0
thrashing,synthetic,,WSClock,LocalAllocation,547,7,2,0.3008,0.4688,1.5585106382978724,120,0,120,0
thrashing,synthetic,,WSClock,LocalAllocation,547,7,3,0.3166,0.4786,1.5116866708780796,132,0,132,0
thrashing,synthetic,,WSClock,LocalAllocation,547,8,0,0.2897,0.4433,1.5302036589575423,96,0,96,0
thrashing,synthetic,,WSClock,LocalAllocation,547,8,1,0.2883,0.4533,1.5723204994797086,108,0,108,0
thrashing,synthetic,,WSClock,LocalAllocation,547,8,2,0.302,0.467,1.5463576158940397,120,0,120,0
thrashing,synthetic,,WSClock,LocalAllocation,547,8,3,0.3191,0.478,1.4979630209965529,132,0,132,0
thrashing,synthetic,,WSClock,LocalAllocation,547,9,0,0.2828,0.4506,1.5933521923620932,96,0,96,0
thrashing,synthetic,,WSClock,LocalAllocation,547,9,1,0.3142,0.4548,1.4474856779121579,108,0,108,0
thrashing,synthetic,,WSClock,LocalAllocation,547,9,2,0.3041,0.4659,1.5320618217691548,120,0,120,0
thrashing,synthetic,,WSClock,LocalAllocation,547,9,3,0.3152,0.483,1.5323604060913705,132,0,132,0
thrashing,synthetic,,WSClock,ProportionalAllocation,547,0,0,0.2878,0.4443,1.543780403057679,96,0,96,0
thrashing,synthetic,,WSClock,ProportionalAllocation,547,0,1,0.2915,0.4499,1.5433962264150944,108,0,108,0
thrashing,synthetic,,WSClock,ProportionalAllocation,547,0,2,0.305,0.4612,1.5121311475409835,120,0,120,0
thrashing,synthetic,,WSClock,ProportionalAllocation,547,0,3,0.3111,0.474,1.523625843780135,132,0,132,0
thrashing,synthetic,,WSClock,ProportionalAllocation,547,1,0,0.2817,0.4501,1.5977990770323038,96,0,96,0
thrashing,synthetic,,WSClock,ProportionalAllocation,547,1,1,0.2902,0.4665,1.607512060647829,108,0,108,0
thrashing,synthetic,,WSClock,ProportionalAllocation,547,1,2,0.3043,0.4693,1.5422280644101216,120,0,120,0
thrashing,synthetic,,WSClock,ProportionalAllocation,547,1,3,0.3217,0.483,1.5013988187752565,132,0,132,0
thrashing,synthetic,,WSClock,ProportionalAllocation,547,2,0,0.2975,0.4552,1.5300840336134454,96,0,96,0
thrashing,synthetic,,WSClock,ProportionalAllocation,547,2,1,0.2898,0.4662,1.608695652173913,108,0,108,0
thrashing,synthetic,,WSClock,ProportionalAllocation,547,2,2,0.3011,0.4745,1.5758884091663898,120,0,120,0
thrashing,synthetic,,WSClock,ProportionalAllocation,547,2,3,0.316,0.4901,1.5509493670886076,132,0,132,0
thrashing,synthetic,,WSClock,ProportionalAllocation,547,3,0,0.2777,0.4563,1.6431400792221822,96,0,96,0
thrashing,synthetic,,WSClock,ProportionalAllocation,547,3,1,0.2971,0.4658,1.5678222820599126,108,0,108,0
thrashing,synthetic,,WSClock,ProportionalAllocation,547,3,2,0.3039,0.4907,1.6146758802237577,120,0,120,0
thrashing,synthetic,,WSClock,ProportionalAllocation,547,3,3,0.3103,0.4953,1.5961972284885595,132,0,132,0
thrashing,synthetic,,WSClock,ProportionalAllocation,547,4,0,0.2828,0.454,1.6053748231966054,96,0,96,0
thrashing,synthetic,,WSClock,ProportionalAllocation,547,4,1,0.2887,0.4719,1.6345687564946312,108,0,108,0
thrashing,synthetic,,WSClock,ProportionalAllocation,547,4,2,0.2984,0.4778,1.601206434316354,120,0,120,0
thrashing,synthetic,,WSClock,ProportionalAllocation,547,4,3,0.3137,0.4832,1.5403251514185528,132,0,132,0
thrashing,synthetic,,WSClock,ProportionalAllocation,547,5,0,0.2798,0.4844,1.7312365975696926,96,0,96,0
thrashing,synthetic,,WSClock,ProportionalAllocation,547,5,1,0.2936,0.4705,1.6025204359673024,108,0,108,0
thrashing,synthetic,,WSClock,ProportionalAllocation,547,5,2,0.3038,0.4764,1.5681369321922318,120,0,120,0
thrashing,synthetic,,WSClock,ProportionalAllocation,547,5,3,0.3093,0.4767,1.5412221144519884,132,0,132,0
thrashing,synthetic,,WSClock,ProportionalAllocation,547,6,0,0.2832,0.4471,1.5787429378531073,96,0,96,0
thrashing,synthetic,,WSClock,ProportionalAllocation,547,6,1,0.2896,0.451,1.5573204419889504,108,0,108,0
thrashing,synthetic,,WSClock,ProportionalAllocation,547,6,2,0.3004,0.4653,1.5489347536617843,120,0,120,0
thrashing,synthetic,,WSClock,ProportionalAllocation,547,6,3,0.3126,0.4744,1.5175943698016634,132,0,132,0
thrashing,synthetic,,WSClock,ProportionalAllocation,547,7,0,0.2826,0.4542,1.6072186836518048,96,0,96,0
thrashing,synthetic,,WSClock,ProportionalAllocation,547,7,1,0.2927,0.4607,1.5739665186197471,108,0,108,0
thrashing,synthetic,,WSClock,ProportionalAllocation,547,7,2,0.3007,0.4718,1.5690056534752246,120,0,120,0
thrashing,synthetic,,WSClock,ProportionalAllocation,547,7,3,0.3088,0.481,1.557642487046632,132,0,132,0
thrashing,synthetic,,WSClock,ProportionalAllocation,547,8,0,0.2828,0.4524,1.5997171145685998,96,0,96,0
thrashing,synthetic,,WSClock,ProportionalAllocation,547,8,1,0.2886,0.4615,1.5990990990990992,108,0,108,0
thrashing,synthetic,,WSClock,ProportionalAllocation,547,8,2,0.3028,0.473,1.5620871862615588,120,0,120,0
thrashing,synthetic,,WSClock,ProportionalAllocation,547,8,3,0.311,0.4826,1.5517684887459806,132,0,132,0
thrashing,synthetic,,WSClock,ProportionalAllocation,547,9,0,0.2872,0.6189,2.1549442896935935,96,0,96,0
thrashing,synthetic,,WSClock,ProportionalAllocation,547,9,1,0.3105,0.5657,1.8219001610305958,108,0,108,0
thrashing,synthetic,,WSClock,ProportionalAllocation,547,9,2,0.3126,0.5759,1.8422904670505438,120,0,120,0
thrashing,synthetic,,WSClock,ProportionalAllocation,547,9,3,0.3153,0.7235,2.294640025372661,132,0,132,0
thrashing,synthetic,,FIFO,GlobalAllocation,684,0,0,0.185,0.5034,2.7210810810810813,96,,,
thrashing,synthetic,,FIFO,GlobalAllocation,684,0,1,0.1872,0.565,3.018162393162393,108,,,
thrashing,synthetic,,FIFO,GlobalAllocation,684,0,2,0.1919,0.5809,3.027097446586764,120,,,
thrashing,synthetic,,FIFO,GlobalAllocation,684,0,3,0.1919,0.5719,2.98019801980198,132,,,
thrashing,synthetic,,FIFO,GlobalAllocation,684,1,0,0.1832,0.4945,2.699235807860262,96,,,
thrashing,synthetic,,FIFO,GlobalAllocation,684,1,1,0.191,0.5672,2.9696335078534033,108,,,
thrashing,synthetic,,FIFO,GlobalAllocation,684,1,2,0.1947,0.5692,2.9234720082177708,120,,,
thrashing,synthetic,,FIFO,GlobalAllocation,684,1,3,0.1931,0.5767,2.986535473847747,132,,,
thrashing,synthetic,,FIFO,GlobalAllocation,684,2,0,0.1866,0.4905,2.6286173633440515,96,,,
thrashing,synthetic,,FIFO,GlobalAllocation,684,2,1,0.1881,0.5615,2.9851143009037746,108,,,
thrashing,synthetic,,FIFO,GlobalAllocation,684,2,2,0.1898,0.5654,2.9789251844046363,120,,,
thrashing,synthetic,,FIFO,GlobalAllocation,684,2,3,0.1935,0.5739,2.965891472868217,132,,,
thrashing,synthetic,,FIFO,GlobalAllocation,684,3,0,0.1835,0.5095,2.776566757493188,96,,,
thrashing,synthetic,,FIFO,GlobalAllocation,684,3,1,0.1869,0.5789,3.097378277153558,108,,,
thrashing,synthetic,,FIFO,GlobalAllocation,684,3,2,0.1917,0.5876,3.065206051121544,120,,,
thrashing,synthetic,,FIFO,GlobalAllocation,684,3,3,0.1951,0.5858,3.002562788313685,132,,,
thrashing,synthetic,,FIFO,GlobalAllocation,684,4,0,0.1872,0.4864,2.5982905982905984,96,,,
thrashing,synthetic,,FIFO,GlobalAllocation,684,4,1,0.1875,0.5584,2.9781333333333335,108,,,
thrashing,synthetic,,FIFO,GlobalAllocation,684,4,2,0.1906,0.5585,2.9302203567681007,120,,,
thrashing,synthetic,,FIFO,GlobalAllocation,684,4,3,0.1934,0.5725,2.9601861427094107,132,,,
thrashing,synthetic,,FIFO,GlobalAllocation,684,5,0,0.1845,0.4887,2.648780487804878,96,,,
thrashing,synthetic,,FIFO,GlobalAllocation,684,5,1,0.186,0.5648,3.0365591397849463,108,,,
thrashing,synthetic,,FIFO,GlobalAllocation,684,5,2,0.1931,0.5668,2.9352667011910927,120,,,
thrashing,synthetic,,FIFO,GlobalAllocation,684,5,3,0.1926,0.5717,2.9683281412253373,132,,,
thrashing,synthetic,,FIFO,GlobalAllocation,684,6,0,0.1844,0.4967,2.693600867678959,96,,,
thrashing,synthetic,,FIFO,GlobalAllocation,684,6,1,0.1901,0.5687,2.9915833771699107,108,,,
thrashing,synthetic,,FIFO,GlobalAllocation,684,6,2,0.1945,0.5668,2.91413881748072,120,,,
thrashing,synthetic,,FIFO,GlobalAllocation,684,6,3,0.2017,0.5807,2.87902825979177,132,,,
thrashing,synthetic,,FIFO,GlobalAllocation,684,7,0,0.1857,0.4869,2.621970920840065,96,,,
thrashing,synthetic,,FIFO,GlobalAllocation,684,7,1,0.1905,0.5544,2.910236220472441,108,,,
thrashing,synthetic,,FIFO,GlobalAllocation,684,7,2,0.1929,0.5786,2.9994815966822186,120,,,
thrashing,synthetic,,FIFO,GlobalAllocation,684,7,3,0.1937,0.5685,2.934950955085183,132,,,
thrashing,synthetic,,FIFO,GlobalAllocation,684,8,0,0.188,0.6821,3.628191489361702,96,,,
thrashing,synthetic,,FIFO,GlobalAllocation,684,8,1,0.184,0.7288,3.9608695652173913,108,,,
thrashing,synthetic,,FIFO,GlobalAllocation,684,8,2,0.1834,0.7858,4.284623773173392,120,,,
thrashing,synthetic,,FIFO,GlobalAllocation,684,8,3,0.1932,0.7692,3.981366459627329,132,,,
thrashing,synthetic,,FIFO,GlobalAllocation,684,9,0,0.1864,0.4914,2.6362660944206007,96,,,
thrashing,synthetic,,FIFO,GlobalAllocation,684,9,1,0.186,0.575,3.0913978494623655,108,,,
thrashing,synthetic,,FIFO,GlobalAllocation,684,9,2,0.1918,0.5662,2.952033368091762,120,,,
thrashing,synthetic,,FIFO,GlobalAllocation,684,9,3,0.1986,0.5755,2.8977844914400808,132,,,
thrashing,synthetic,,FIFO,LocalAllocation,684,0,0,0.1865,0.3991,2.139946380697051,96,0,96,0
thrashing,synthetic,,FIFO,LocalAllocation,684,0,1,0.1895,0.4034,2.128759894459103,108,0,108,0
thrashing,synthetic,,FIFO,LocalAllocation,684,0,2,0.1916,0.411,2.1450939457202507,120,0,120,0
thrashing,synthetic,,FIFO,LocalAllocation,684,0,3,0.1955,0.4132,2.113554987212276,132,0,132,0
thrashing,synthetic,,FIFO,LocalAllocation,684,1,0,0.1848,0.346,1.8722943722943723,96,0,96,0
thrashing,synthetic,,FIFO,LocalAllocation,684,1,1,0.1875,0.3513,1.8736,108,0,108,0
thrashing,synthetic,,FIFO,LocalAllocation,684,1,2,0.1932,0.3499,1.8110766045548654,120,0,120,0
thrashing,synthetic,,FIFO,LocalAllocation,684,1,3,0.1945,0.3565,1.832904884318766,132,0,132,0
thrashing,synthetic,,FIFO,LocalAllocation,684,2,0,0.1846,0.3435,1.8607800650054171,96,0,96,0
thrashing,synthetic,,FIFO,LocalAllocation,684,2,1,0.1871,0.3481,1.860502405130946,108,0,108,0
thrashing,synthetic,,FIFO,LocalAllocation,684,2,2,0.1903,0.3525,1.8523384130320546,120,0,120,0
thrashing,synthetic,,FIFO,LocalAllocation,684,2,3,0.1912,0.355,1.856694560669456,132,0,132,0
thrashing,synthetic,,FIFO,LocalAllocation,684,3,0,0.182,0.3443,1.8917582417582417,96,0,96,0
thrashing,synthetic,,FIFO,LocalAllocation,684,3,1,0.1882,0.342,1.8172157279489904,108,0,108,0
thrashing,synthetic,,FIFO,LocalAllocation,684,3,2,0.1922,0.3495,1.8184183142559833,120,0,120,0
thrashing,synthetic,,FIFO,LocalAllocation,684,3,3,0.2007,0.3522,1.7548579970104634,132,0,132,0
thrashing,synthetic,,FIFO,LocalAllocation,684,4,0,0.167,0.3116,1.865868263473054,96,0,96,0
thrashing,synthetic,,FIFO,LocalAllocation,684,4,1,0.1711,0.3115,1.820572764465225,108,0,108,0
thrashing,synthetic,,FIFO,LocalAllocation,684,4,2,0.1718,0.3162,1.8405122235157159,120,0,120,0
thrashing,synthetic,,FIFO,LocalAllocation,684,4,3,0.1763,0.3173,1.7997731140102098,132,0,132,0
thrashing,synthetic,,FIFO,LocalAllocation,684,5,0,0.1841,0.3302,1.7935904399782727,96,0,96,0
thrashing,synthetic,,FIFO,LocalAllocation,684,5,1,0.1866,0.3331,1.785101822079314,108,0,108,0
thrashing,synthetic,,FIFO,LocalAllocation,684,5,2,0.1917,0.329,1.7162232655190401,120,0,120,0
thrashing,synthetic,,FIFO,LocalAllocation,684,5,3,0.1871,0.3325,1.7771245323356495,132,0,132,0
thrashing,synthetic,,FIFO,LocalAllocation,684,6,0,0.1838,0.333,1.811751904243743,96,0,96,0
thrashing,synthetic,,FIFO,LocalAllocation,684,6,1,0.1881,0.3359,1.7857522594364699,108,0,108,0
thrashing,synthetic,,FIFO,LocalAllocation,684,6,2,0.19,0.3453,1.8173684210526315,120,0,120,0
thrashing,synthetic,,FIFO,LocalAllocation,684,6,3,0.197,0.3465,1.7588832487309645,132,0,132,0
thrashing,synthetic,,FIFO,LocalAllocation,684,7,0,0.1822,0.3364,1.8463227222832053,96,0,96,0
thrashing,synthetic,,FIFO,LocalAllocation,684,7,1,0.1847,0.3414,1.848402815376286,108,0,108,0
thrashing,synthetic,,FIFO,LocalAllocation,684,7,2,0.1953,0.3453,1.7680491551459294,120,0,120,0
thrashing,synthetic,,FIFO,LocalAllocation,684,7,3,0.1898,0.3516,1.8524762908324552,132,0,132,0
thrashing,synthetic,,FIFO,LocalAllocation,684,8,0,0.1857,0.3372,1.815831987075929,96,0,96,0
thrashing,synthetic,,FIFO,LocalAllocation,684,8,1,0.1951,0.34,1.742696053305997,108,0,108,0
thrashing,synthetic,,FIFO,LocalAllocation,684,8,2,0.1913,0.3526,1.8431782540512285,120,0,120,0
thrashing,synthetic,,FIFO,LocalAllocation,684,8,3,0.1943,0.3478,1.7900154400411734,132,0,132,0
thrashing,synthetic,,FIFO,LocalAllocation,684,9,0,0.3456,0.3942,1.140625,96,0,96,0
thrashing,synthetic,,FIFO,LocalAllocation,684,9,1,0.3873,0.403,1.040537051381358,108,0,108,0
thrashing,synthetic,,FIFO,LocalAllocation,684,9,2,0.3862,0.41,1.0616261004660799,120,0,120,0
thrashing,synthetic,,FIFO,LocalAllocation,684,9,3,0.3932,0.3804,0.9674465920651069,132,0,132,0
thrashing,synthetic,,FIFO,ProportionalAllocation,684,0,0,0.1929,0.3554,1.8424053913945049,96,0,96,0
thrashing,synthetic,,FIFO,ProportionalAllocation,684,0,1,0.1946,0.4004,2.0575539568345325,108,0,108,0
thrashing,synthetic,,FIFO,ProportionalAllocation,684,0,2,0.1906,0.3661,1.9207764952780693,120,0,120,0
thrashing,synthetic,,FIFO,ProportionalAllocation,684,0,3,0.1956,0.3674,1.878323108384458,132,0,132,0
thrashing,synthetic,,FIFO,ProportionalAllocation,684,1,0,0.183,0.3469,1.8956284153005465,96,0,96,0
thrashing,synthetic,,FIFO,ProportionalAllocation,684,1,1,0.191,0.3538,1.8523560209424084,108,0,108,0
thrashing,synthetic,,FIFO,ProportionalAllocation,684,1,2,0.1958,0.3569,1.8227783452502553,120,0,120,0
thrashing,synthetic,,FIFO,ProportionalAllocation,684,1,3,0.1927,0.3588,1.8619615983393876,132,0,132,0
thrashing,synthetic,,FIFO,ProportionalAllocation,684,2,0,0.1859,0.3311,1.7810650887573964,96,0,96,0
thrashing,synthetic,,FIFO,ProportionalAllocation,684,2,1,0.1854,0.3444,1.8576051779935274,108,0,108,0
thrashing,synthetic,,FIFO,ProportionalAllocation,684,2,2,0.4861,0.3446,0.7089076321744497,120,0,120,0
thrashing,synthetic,,FIFO,ProportionalAllocation,684,2,3,0.2077,0.3494,1.6822339913336544,132,0,132,0
thrashing,synthetic,,FIFO,ProportionalAllocation,684,3,0,0.1824,0.3454,1.893640350877193,96,0,96,0
thrashing,synthetic,,FIFO,ProportionalAllocation,684,3,1,0.1886,0.3457,1.8329798515376459,108,0,108,0
thrashing,synthetic,,FIFO,ProportionalAllocation,684,3,2,0.191,0.3496,1.830366492146597,120,0,120,0
thrashing,synthetic,,FIFO,ProportionalAllocation,684,3,3,0.1948,0.3583,1.8393223819301847,132,0,132,0
thrashing,synthetic,,FIFO,ProportionalAllocation,684,4,0,0.182,0.3357,1.8445054945054946,96,0,96,0
thrashing,synthetic,,FIFO,ProportionalAllocation,684,4,1,0.1863,0.3445,1.8491680085882984,108,0,108,0
thrashing,synthetic,,FIFO,ProportionalAllocation,684,4,2,0.1901,0.3456,1.817990531299316,120,0,120,0
thrashing,synthetic,,FIFO,ProportionalAllocation,684,4,3,0.1953,0.3447,1.7649769585253456,132,0,132,0
thrashing,synthetic,,FIFO,ProportionalAllocation,684,5,0,0.1807,0.3454,1.9114554510237964,96,0,96,0
thrashing,synthetic,,FIFO,ProportionalAllocation,684,5,1,0.1816,0.3543,1.9509911894273129,108,0,108,0
thrashing,synthetic,,FIFO,ProportionalAllocation,684,5,2,0.2031,0.3466,1.706548498276711,120,0,120,0
thrashing,synthetic,,FIFO,ProportionalAllocation,684,5,3,0.2112,0.3632,1.7196969696969697,132,0,132,0
thrashing,synthetic,,FIFO,ProportionalAllocation,684,6,0,0.1873,0.3368,1.798184730379071,96,0,96,0
thrashing,synthetic,,FIFO,ProportionalAllocation,684,6,1,0.1915,0.3426,1.7890339425587467,108,0,108,0
thrashing,synthetic,,FIFO,ProportionalAllocation,684,6,2,0.1926,0.3495,1.8146417445482865,120,0,120,0
thrashing,synthetic,,FIFO,ProportionalAllocation,684,6,3,0.2014,0.3532,1.7537239324726912,132,0,132,0
thrashing,synthetic,,FIFO,ProportionalAllocation,684,7,0,0.2146,0.3402,1.5852749301025164,96,0,96,0
thrashing,synthetic,,FIFO,ProportionalAllocation,684,7,1,0.1867,0.3388,1.8146759507230852,108,0,108,0
thrashing,synthetic,,FIFO,ProportionalAllocation,684,7,2,0.1938,0.3464,1.7874097007223941,120,0,120,0
thrashing,synthetic,,FIFO,ProportionalAllocation,684,7,3,0.1946,0.349,1.7934224049331964,132,0,132,0
thrashing,synthetic,,FIFO,ProportionalAllocation,684,8,0,0.3674,0.7479,2.0356559608056615,96,0,96,0
thrashing,synthetic,,FIFO,ProportionalAllocation,684,8,1,0.3806,0.7333,1.9266946925906463,108,0,108,0
thrashing,synthetic,,FIFO,ProportionalAllocation,684,8,2,0.3729,0.8183,2.194422097076964,120,0,120,0
thrashing,synthetic,,FIFO,ProportionalAllocation,684,8,3,0.3907,0.7462,1.909905298182749,132,0,132,0
thrashing,synthetic,,FIFO,ProportionalAllocation,684,9,0,0.1844,0.3303,1.7912147505422993,96,0,96,0
thrashing,synthetic,,FIFO,ProportionalAllocation,684,9,1,0.1908,0.3362,1.7620545073375262,108,0,108,0
thrashing,synthetic,,FIFO,ProportionalAllocation,684,9,2,0.1899,0.3406,1.7935755660874144,120,0,120,0
thrashing,synthetic,,FIFO,ProportionalAllocation,684,9,3,0.1939,0.3421,1.7643115007735946,132,0,132,0
thrashing,synthetic,,LRU,GlobalAllocation,684,0,0,0.3072,0.6964,2.2669270833333335,96,,,
thrashing,synthetic,,LRU,GlobalAllocation,684,0,1,0.3092,0.7767,2.511966364812419,108,,,
thrashing,synthetic,,LRU,GlobalAllocation,684,0,2,0.3386,0.8038,2.373892498523331,120,,,
thrashing,synthetic,,LRU,GlobalAllocation,684,0,3,0.3161,0.802,2.5371717810819363,132,,,
thrashing,synthetic,,LRU,GlobalAllocation,684,1,0,0.3047,0.7051,2.3140794223826715,96,,,
thrashing,synthetic,,LRU,GlobalAllocation,684,1,1,0.3101,0.8012,2.583682683005482,108,,,
thrashing,synthetic,,LRU,GlobalAllocation,684,1,2,0.3109,0.8003,2.574139594724992,120,,,
thrashing,synthetic,,LRU,GlobalAllocation,684,1,3,0.3122,0.8433,2.7011531069827033,132,,,
thrashing,synthetic,,LRU,GlobalAllocation,684,2,0,0.3058,0.6732,2.2014388489208634,96,,,
thrashing,synthetic,,LRU,GlobalAllocation,684,2,1,0.3036,0.7785,2.564229249011858,108,,,
thrashing,synthetic,,LRU,GlobalAllocation,684,2,2,0.3051,0.7929,2.5988200589970503,120,,,
thrashing,synthetic,,LRU,GlobalAllocation,684,2,3,0.3124,0.7888,2.524967989756722,132,,,
thrashing,synthetic,,LRU,GlobalAllocation,684,3,0,0.3031,0.7068,2.331903662157704,96,,,
thrashing,synthetic,,LRU,GlobalAllocation,684,3,1,0.3097,0.7919,2.556990636099451,108,,,
thrashing,synthetic,,LRU,GlobalAllocation,684,3,2,0.3109,0.8216,2.6426503698938566,120,,,
thrashing,synthetic,,LRU,GlobalAllocation,684,3,3,0.3172,0.7981,2.516078184110971,132,,,
thrashing,synthetic,,LRU,GlobalAllocation,684,4,0,0.311,0.6933,2.229260450160772,96,,,
thrashing,synthetic,,LRU,GlobalAllocation,684,4,1,0.3045,0.7961,2.614449917898194,108,,,
thrashing,synthetic,,LRU,GlobalAllocation,684,4,2,0.3038,0.7922,2.607636603028308,120,,,
thrashing,synthetic,,LRU,GlobalAllocation,684,4,3,0.3099,0.8166,2.635043562439497,132,,,
thrashing,synthetic,,LRU,GlobalAllocation,684,5,0,0.2854,1.0037,3.5168185003503853,96,,,
thrashing,synthetic,,LRU,GlobalAllocation,684,5,1,0.2972,1.1977,4.029946164199193,108,,,
thrashing,synthetic,,LRU,GlobalAllocation,684,5,2,0.2969,1.1978,4.034355001684069,120,,,
thrashing,synthetic,,LRU,GlobalAllocation,684,5,3,0.3048,1.1963,3.9248687664041997,132,,,
thrashing,synthetic,,LRU,GlobalAllocation,684,6,0,0.3082,0.7027,2.2800129785853342,96,,,
thrashing,synthetic,,LRU,GlobalAllocation,684,6,1,0.3056,0.8028,2.6269633507853403,108,,,
thrashing,synthetic,,LRU,GlobalAllocation,684,6,2,0.3084,0.8045,2.6086251621271077,120,,,
thrashing,synthetic,,LRU,GlobalAllocation,684,6,3,0.3171,0.8279,2.610848312835068,132,,,
thrashing,synthetic,,LRU,GlobalAllocation,684,7,0,0.3048,0.6944,2.2782152230971127,96,,,
thrashing,synthetic,,LRU,GlobalAllocation,684,7,1,0.3037,0.7838,2.580836351662825,108,,,
thrashing,synthetic,,LRU,GlobalAllocation,684,7,2,0.3181,0.8004,2.516189877397045,120,,,
thrashing,synthetic,,LRU,GlobalAllocation,684,7,3,0.31,0.8127,2.6216129032258064,132,,,
thrashing,synthetic,,LRU,GlobalAllocation,684,8,0,0.3079,0.7114,2.310490418967197,96,,,
thrashing,synthetic,,LRU,GlobalAllocation,684,8,1,0.305,0.7767,2.5465573770491803,108,,,
thrashing,synthetic,,LRU,GlobalAllocation,684,8,2,0.3079,0.7866,2.5547255602468333,120,,,
thrashing,synthetic,,LRU,GlobalAllocation,684,8,3,0.3148,0.8003,2.542249047013977,132,,,
thrashing,synthetic,,LRU,GlobalAllocation,684,9,0,0.3021,0.6862,2.2714333002317115,96,,,
thrashing,synthetic,,LRU,GlobalAllocation,684,9,1,0.3099,0.7989,2.5779283639883834,108,,,
thrashing,synthetic,,LRU,GlobalAllocation,684,9,2,0.3126,0.7967,2.5486244401791427,120,,,
thrashing,synthetic,,LRU,GlobalAllocation,684,9,3,0.3124,0.8105,2.5944302176696543,132,,,
thrashing,synthetic,,LRU,LocalAllocation,684,0,0,0.3071,0.4792,1.5604037772712471,96,0,96,0
thrashing,synthetic,,LRU,LocalAllocation,684,0,1,0.3109,0.4845,1.5583788999678354,108,0,108,0
thrashing,synthetic,,LRU,LocalAllocation,684,0,2,0.3054,0.4874,1.595939751146038,120,0,120,0
thrashing,synthetic,,LRU,LocalAllocation,684,0,3,0.3094,0.4882,1.5778926955397543,132,0,132,0
thrashing,synthetic,,LRU,LocalAllocation,684,1,0,0.3121,0.4798,1.537327779557834,96,0,96,0
thrashing,synthetic,,LRU,LocalAllocation,684,1,1,0.3077,0.4814,1.5645108872278193,108,0,108,0
thrashing,synthetic,,LRU,LocalAllocation,684,1,2,0.3264,0.4866,1.4908088235294117,120,0,120,0
thrashing,synthetic,,LRU,LocalAllocation,684,1,3,0.3117,0.486,1.5591915303176132,132,0,132,0
thrashing,synthetic,,LRU,LocalAllocation,684,2,0,0.2978,0.4611,1.548354600402955,96,0,96,0
thrashing,synthetic,,LRU,LocalAllocation,684,2,1,0.2998,0.4637,1.546697798532355,108,0,108,0
thrashing,synthetic,,LRU,LocalAllocation,684,2,2,0.3126,0.4626,1.4798464491362764,120,0,120,0
thrashing,synthetic,,LRU,LocalAllocation,684,2,3,0.3103,0.4691,1.5117628101836933,132,0,132,0
thrashing,synthetic,,LRU,LocalAllocation,684,3,0,0.2994,0.4604,1.5377421509686038,96,0,96,0
thrashing,synthetic,,LRU,LocalAllocation,684,3,1,0.3049,0.467,1.5316497212200721,108,0,108,0
thrashing,synthetic,,LRU,LocalAllocation,684,3,2,0.3089,0.4692,1.5189381676918097,120,0,120,0
thrashing,synthetic,,LRU,LocalAllocation,684,3,3,0.3237,0.4746,1.4661723818350325,132,0,132,0
thrashing,synthetic,,LRU,LocalAllocation,684,4,0,0.3081,0.4788,1.5540408958130476,96,0,96,0
thrashing,synthetic,,LRU,LocalAllocation,684,4,1,0.3019,0.4758,1.576018549188473,108,0,108,0
thrashing,synthetic,,LRU,LocalAllocation,684,4,2,0.3093,0.4818,1.5577109602327837,120,0,120,0
thrashing,synthetic,,LRU,LocalAllocation,684,4,3,0.31,0.4812,1.552258064516129,132,0,132,0
thrashing,synthetic,,LRU,LocalAllocation,684,5,0,0.3023,0.4676,1.5468078068144229,96,0,96,0
thrashing,synthetic,,LRU,LocalAllocation,684,5,1,0.3047,0.4681,1.5362651788644568,108,0,108,0
thrashing,synthetic,,LRU,LocalAllocation,684,5,2,0.3086,0.4712,1.5268956578094621,120,0,120,0
thrashing,synthetic,,LRU,LocalAllocation,684,5,3,0.3255,0.473,1.4531490015360984,132,0,132,0
thrashing,synthetic,,LRU,LocalAllocation,684,6,0,0.3088,0.4649,1.5055051813471503,96,0,96,0
thrashing,synthetic,,LRU,LocalAllocation,684,6,1,0.3121,0.4609,1.4767702659404036,108,0,108,0
thrashing,synthetic,,LRU,LocalAllocation,684,6,2,0.3152,0.4735,1.5022208121827412,120,0,120,0
thrashing,synthetic,,LRU,LocalAllocation,684,6,3,0.3196,0.471,1.4737171464330412,132,0,132,0
thrashing,synthetic,,LRU,LocalAllocation,684,7,0,0.3065,0.4819,1.5722675367047307,96,0,96,0
thrashing,synthetic,,LRU,LocalAllocation,684,7,1,0.306,0.485,1.5849673202614378,108,0,108,0
thrashing,synthetic,,LRU,LocalAllocation,684,7,2,0.3123,0.4911,1.5725264169068203,120,0,120,0
thrashing,synthetic,,LRU,LocalAllocation,684,7,3,0.3117,0.488,1.5656079563683027,132,0,132,0
thrashing,synthetic,,LRU,LocalAllocation,684,8,0,0.3048,0.4715,1.5469160104986877,96,0,96,0
thrashing,synthetic,,LRU,LocalAllocation,684,8,1,0.3092,0.4636,1.499353169469599,108,0,108,0
thrashing,synthetic,,LRU,LocalAllocation,684,8,2,0.3181,0.4704,1.4787802577805722,120,0,120,0
thrashing,synthetic,,LRU,LocalAllocation,684,8,3,0.3105,0.4688,1.5098228663446054,132,0,132,0
thrashing,synthetic,,LRU,LocalAllocation,684,9,0,0.3021,0.4712,1.559748427672956,96,0,96,0
thrashing,synthetic,,LRU,LocalAllocation,684,9,1,0.3494,0.476,1.3623354321694334,108,0,108,0
thrashing,synthetic,,LRU,LocalAllocation,684,9,2,0.3098,0.4713,1.5213040671400904,120,0,120,0
thrashing,synthetic,,LRU,LocalAllocation,684,9,3,0.3104,0.4835,1.5576675257731958,132,0,132,0
thrashing,synthetic,,LRU,ProportionalAllocation,684,0,0,0.303,0.5346,1.7643564356435644,96,0,96,0
thrashing,synthetic,,LRU,ProportionalAllocation,684,0,1,0.3071,0.5081,1.6545099316183653,108,0,108,0
thrashing,synthetic,,LRU,ProportionalAllocation,684,0,2,0.3055,0.5127,1.6782324058919804,120,0,120,0
thrashing,synthetic,,LRU,ProportionalAllocation,684,0,3,0.3106,0.5136,1.6535737282678686,132,0,132,0
thrashing,synthetic,,LRU,ProportionalAllocation,684,1,0,0.3087,0.4634,1.5011337868480725,96,0,96,0
thrashing,synthetic,,LRU,ProportionalAllocation,684,1,1,0.309,0.4648,1.5042071197411002,108,0,108,0
thrashing,synthetic,,LRU,ProportionalAllocation,684,1,2,0.3167,0.4692,1.4815282601831385,120,0,120,0
thrashing,synthetic,,LRU,ProportionalAllocation,684,1,3,0.3074,0.4695,1.5273259596616786,132,0,132,0
thrashing,synthetic,,LRU,ProportionalAllocation,684,2,0,0.3037,0.47,1.5475798485347383,96,0,96,0
thrashing,synthetic,,LRU,ProportionalAllocation,684,2,1,0.3071,0.4744,1.5447736893520025,108,0,108,0
thrashing,synthetic,,LRU,ProportionalAllocation,684,2,2,0.3056,0.4769,1.5605366492146597,120,0,120,0
thrashing,synthetic,,LRU,ProportionalAllocation,684,2,3,0.3097,0.4779,1.543106231837262,132,0,132,0
thrashing,synthetic,,LRU,ProportionalAllocation,684,3,0,0.3063,0.4795,1.565458700620307,96,0,96,0
thrashing,synthetic,,LRU,ProportionalAllocation,684,3,1,0.3017,0.4823,1.5986078886310904,108,0,108,0
thrashing,synthetic,,LRU,ProportionalAllocation,684,3,2,0.3064,0.4834,1.5776762402088773,120,0,120,0
thrashing,synthetic,,LRU,ProportionalAllocation,684,3,3,0.3138,0.4874,1.5532186105799872,132,0,132,0
thrashing,synthetic,,LRU,ProportionalAllocation,684,4,0,0.3008,0.4701,1.5628324468085106,96,0,96,0
thrashing,synthetic,,LRU,ProportionalAllocation,684,4,1,0.3053,0.4765,1.5607599082869308,108,0,108,0
thrashing,synthetic,,LRU,ProportionalAllocation,684,4,2,0.3059,0.4806,1.571101667211507,120,0,120,0
thrashing,synthetic,,LRU,ProportionalAllocation,684,4,3,0.3221,0.4828,1.498913380937597,132,0,132,0
thrashing,synthetic,,LRU,ProportionalAllocation,684,5,0,0.3129,0.4757,1.5202940236497284,96,0,96,0
thrashing,synthetic,,LRU,ProportionalAllocation,684,5,1,0.304,0.474,1.5592105263157894,108,0,108,0
thrashing,synthetic,,LRU,ProportionalAllocation,684,5,2,0.3102,0.47,1.5151515151515151,120,0,120,0
thrashing,synthetic,,LRU,ProportionalAllocation,684,5,3,0.3081,0.4733,1.5361895488477766,132,0,132,0
thrashing,synthetic,,LRU,ProportionalAllocation,684,6,0,0.3066,0.4788,1.5616438356164384,96,0,96,0
thrashing,synthetic,,LRU,ProportionalAllocation,684,6,1,0.3092,0.4827,1.5611254851228977,108,0,108,0
thrashing,synthetic,,LRU,ProportionalAllocation,684,6,2,0.3118,0.4938,1.583707504810776,120,0,120,0
thrashing,synthetic,,LRU,ProportionalAllocation,684,6,3,0.3166,0.4938,1.5596967782691094,132,0,132,0
thrashing,synthetic,,LRU,ProportionalAllocation,684,7,0,0.3037,0.4742,1.5614092854790913,96,0,96,0
thrashing,synthetic,,LRU,ProportionalAllocation,684,7,1,0.3166,0.4767,1.505685407454201,108,0,108,0
thrashing,synthetic,,LRU,ProportionalAllocation,684,7,2,0.3112,0.4738,1.5224935732647815,120,0,120,0
thrashing,synthetic,,LRU,ProportionalAllocation,684,7,3,0.3128,0.4847,1.5495524296675192,132,0,132,0
thrashing,synthetic,,LRU,ProportionalAllocation,684,8,0,0.3036,0.4768,1.5704874835309617,96,0,96,0
thrashing,synthetic,,LRU,ProportionalAllocation,684,8,1,0.305,0.4599,1.5078688524590165,108,0,108,0
thrashing,synthetic,,LRU,ProportionalAllocation,684,8,2,0.3082,0.4704,1.526281635301752,120,0,120,0
thrashing,synthetic,,LRU,ProportionalAllocation,684,8,3,0.3129,0.4704,1.5033557046979866,132,0,132,0
thrashing,synthetic,,LRU,ProportionalAllocation,684,9,0,0.3008,0.4611,1.5329122340425532,96,0,96,0
thrashing,synthetic,,LRU,ProportionalAllocation,684,9,1,0.3062,0.4693,1.532658393207054,108,0,108,0
thrashing,synthetic,,LRU,ProportionalAllocation,684,9,2,0.3073,0.4665,1.5180605271721446,120,0,120,0
thrashing,synthetic,,LRU,ProportionalAllocation,684,9,3,0.3117,0.4743,1.521655437921078,132,0,132,0
thrashing,synthetic,,NRU,GlobalAllocation,684,0,0,0.3161,0.8394,2.6554887693767797,96,,,
thrashing,synthetic,,NRU,GlobalAllocation,684,0,1,0.3247,0.7935,2.4437942716353556,108,,,
thrashing,synthetic,,NRU,GlobalAllocation,684,0,2,0.3485,0.872,2.5021520803443327,120,,,
thrashing,synthetic,,NRU,GlobalAllocation,684,0,3,0.3469,0.8015,2.3104641106947246,132,,,
thrashing,synthetic,,NRU,GlobalAllocation,684,1,0,0.3172,1.2936,4.078184110970996,96,,,
thrashing,synthetic,,NRU,GlobalAllocation,684,1,1,0.3329,2.3917,7.1844397717032145,108,,,
thrashing,synthetic,,NRU,GlobalAllocation,684,1,2,0.3357,5.9542,17.73666964551683,120,,,
thrashing,synthetic,,NRU,GlobalAllocation,684,1,3,0.3082,1.3823,4.485074626865671,132,,,
thrashing,synthetic,,NRU,GlobalAllocation,684,2,0,0.3196,0.775,2.424906132665832,96,,,
thrashing,synthetic,,NRU,GlobalAllocation,684,2,1,0.326,0.8313,2.55,108,,,
thrashing,synthetic,,NRU,GlobalAllocation,684,2,2,0.3506,0.8211,2.3419851682829433,120,,,
thrashing,synthetic,,NRU,GlobalAllocation,684,2,3,0.3484,0.8731,2.506027554535017,132,,,
thrashing,synthetic,,NRU,GlobalAllocation,684,3,0,0.3237,0.7818,2.4151992585727524,96,,,
thrashing,synthetic,,NRU,GlobalAllocation,684,3,1,0.3264,0.8328,2.551470588235294,108,,,
thrashing,synthetic,,NRU,GlobalAllocation,684,3,2,0.3454,0.8235,2.384192240880139,120,,,
thrashing,synthetic,,NRU,GlobalAllocation,684,3,3,0.3391,0.8068,2.3792391624889415,132,,,
thrashing,synthetic,,NRU,GlobalAllocation,684,4,0,0.3319,0.7879,2.3739078035552876,96,,,
thrashing,synthetic,,NRU,GlobalAllocation,684,4,1,0.3421,0.795,2.323881905875475,108,,,
thrashing,synthetic,,NRU,GlobalAllocation,684,4,2,0.3377,0.8535,2.5273911755996448,120,,,
thrashing,synthetic,,NRU,GlobalAllocation,684,4,3,0.3314,0.8339,2.516294508147254,132,,,
thrashing,synthetic,,NRU,GlobalAllocation,684,5,0,0.326,0.7616,2.3361963190184047,96,,,
thrashing,synthetic,,NRU,GlobalAllocation,684,5,1,0.3864,0.8402,2.1744306418219463,108,,,
thrashing,synthetic,,NRU,GlobalAllocation,684,5,2,0.3308,0.8308,2.5114873035066507,120,,,
thrashing,synthetic,,NRU,GlobalAllocation,684,5,3,0.3327,0.8131,2.4439434926360084,132,,,
thrashing,synthetic,,NRU,GlobalAllocation,684,6,0,0.3223,0.728,2.2587651256593237,96,,,
thrashing,synthetic,,NRU,GlobalAllocation,684,6,1,0.3179,0.8482,2.6681346335325573,108,,,
thrashing,synthetic,,NRU,GlobalAllocation,684,6,2,0.3513,0.857,2.439510389980074,120,,,
thrashing,synthetic,,NRU,GlobalAllocation,684,6,3,0.3522,0.8786,2.4946053378762065,132,,,
thrashing,synthetic,,NRU,GlobalAllocation,684,7,0,0.6151,1.0724,1.7434563485612096,96,,,
thrashing,synthetic,,NRU,GlobalAllocation,684,7,1,0.6694,1.2223,1.8259635494472661,108,,,
thrashing,synthetic,,NRU,GlobalAllocation,684,7,2,0.6794,1.338,1.969384751251104,120,,,
thrashing,synthetic,,NRU,GlobalAllocation,684,7,3,0.6355,1.3102,2.0616837136113295,132,,,
thrashing,synthetic,,NRU,GlobalAllocation,684,8,0,0.3209,0.7663,2.387971330632596,96,,,
thrashing,synthetic,,NRU,GlobalAllocation,684,8,1,0.3208,0.8233,2.5663965087281797,108,,,
thrashing,synthetic,,NRU,GlobalAllocation,684,8,2,0.3444,0.8017,2.327816492450639,120,,,
thrashing,synthetic,,NRU,GlobalAllocation,684,8,3,0.342,0.8561,2.5032163742690057,132,,,
thrashing,synthetic,,NRU,GlobalAllocation,684,9,0,0.3152,0.7575,2.403236040609137,96,,,
thrashing,synthetic,,NRU,GlobalAllocation,684,9,1,0.3246,0.8562,2.6377079482439925,108,,,
thrashing,synthetic,,NRU,GlobalAllocation,684,9,2,0.345,0.8256,2.3930434782608696,120,,,
thrashing,synthetic,,NRU,GlobalAllocation,684,9,3,0.3331,0.8521,2.558090663464425,132,,,
thrashing,synthetic,,NRU,LocalAllocation,684,0,0,0.3259,0.5035,1.5449524393985885,96,0,96,0
thrashing,synthetic,,NRU,LocalAllocation,684,0,1,0.3936,0.5052,1.2835365853658536,108,0,108,0
thrashing,synthetic,,NRU,LocalAllocation,684,0,2,0.3447,0.5119,1.4850594720046417,120,0,120,0
thrashing,synthetic,,NRU,LocalAllocation,684,0,3,0.3511,0.5252,1.4958701224722302,132,0,132,0
thrashing,synthetic,,NRU,LocalAllocation,684,1,0,0.3331,0.5093,1.5289702791954367,96,0,96,0
thrashing,synthetic,,NRU,LocalAllocation,684,1,1,0.3223,0.5077,1.5752404591995035,108,0,108,0
thrashing,synthetic,,NRU,LocalAllocation,684,1,2,0.3325,0.5163,1.5527819548872182,120,0,120,0
thrashing,synthetic,,NRU,LocalAllocation,684,1,3,0.3353,0.5167,1.5410080524903071,132,0,132,0
thrashing,synthetic,,NRU,LocalAllocation,684,2,0,0.3358,0.4871,1.450565812983919,96,0,96,0
thrashing,synthetic,,NRU,LocalAllocation,684,2,1,0.343,0.4899,1.4282798833819241,108,0,108,0
thrashing,synthetic,,NRU,LocalAllocation,684,2,2,0.3268,0.4961,1.5180538555691554,120,0,120,0
thrashing,synthetic,,NRU,LocalAllocation,684,2,3,0.334,0.5089,1.5236526946107785,132,0,132,0
thrashing,synthetic,,NRU,LocalAllocation,684,3,0,0.319,0.4792,1.502194357366771,96,0,96,0
thrashing,synthetic,,NRU,LocalAllocation,684,3,1,0.3252,0.4818,1.481549815498155,108,0,108,0
thrashing,synthetic,,NRU,LocalAllocation,684,3,2,0.3429,0.4867,1.4193642461358997,120,0,120,0
thrashing,synthetic,,NRU,LocalAllocation,684,3,3,0.3297,0.4984,1.5116772823779194,132,0,132,0
thrashing,synthetic,,NRU,LocalAllocation,684,4,0,0.3203,0.4745,1.4814236653137682,96,0,96,0
thrashing,synthetic,,NRU,LocalAllocation,684,4,1,0.3244,0.477,1.470406905055487,108,0,108,0
thrashing,synthetic,,NRU,LocalAllocation,684,4,2,0.3312,0.4883,1.4743357487922706,120,0,120,0
thrashing,synthetic,,NRU,LocalAllocation,684,4,3,0.3327,0.4948,1.4872257288848814,132,0,132,0
thrashing,synthetic,,NRU,LocalAllocation,684,5,0,0.3273,0.4959,1.5151237396883592,96,0,96,0
thrashing,synthetic,,NRU,LocalAllocation,684,5,1,0.3393,0.5055,1.4898320070733864,108,0,108,0
thrashing,synthetic,,NRU,LocalAllocation,684,5,2,0.3446,0.5152,1.4950667440510736,120,0,120,0
thrashing,synthetic,,NRU,LocalAllocation,684,5,3,0.3397,0.5127,1.5092728878422137,132,0,132,0
thrashing,synthetic,,NRU,LocalAllocation,684,6,0,0.3503,0.4914,1.4027976020553812,96,0,96,0
thrashing,synthetic,,NRU,LocalAllocation,684,6,1,0.3244,0.4939,1.5225030826140566,108,0,108,0
thrashing,synthetic,,NRU,LocalAllocation,684,6,2,0.3381,0.5282,1.562259686483289,120,0,120,0
thrashing,synthetic,,NRU,LocalAllocation,684,6,3,0.3353,0.5187,1.546972860125261,132,0,132,0
thrashing,synthetic,,NRU,LocalAllocation,684,7,0,0.3343,0.4938,1.477116362548609,96,0,96,0
thrashing,synthetic,,NRU,LocalAllocation,684,7,1,0.3382,0.493,1.4577173270254287,108,0,108,0
thrashing,synthetic,,NRU,LocalAllocation,684,7,2,0.3323,0.5004,1.5058681913933194,120,0,120,0
thrashing,synthetic,,NRU,LocalAllocation,684,7,3,0.3292,0.5001,1.5191373025516404,132,0,132,0
thrashing,synthetic,,NRU,LocalAllocation,684,8,0,0.2885,0.4604,1.595840554592721,96,0,96,0
thrashing,synthetic,,NRU,LocalAllocation,684,8,1,0.3085,0.463,1.5008103727714748,108,0,108,0
thrashing,synthetic,,NRU,LocalAllocation,684,8,2,0.3137,0.4719,1.5043034746573158,120,0,120,0
thrashing,synthetic,,NRU,LocalAllocation,684,8,3,0.3149,0.5765,1.8307399174341061,132,0,132,0
thrashing,synthetic,,NRU,LocalAllocation,684,9,0,0.2874,0.449,1.5622825330549757,96,0,96,0
thrashing,synthetic,,NRU,LocalAllocation,684,9,1,0.3051,0.4533,1.4857423795476892,108,0,108,0
thrashing,synthetic,,NRU,LocalAllocation,684,9,2,0.2978,0.458,1.5379449294828744,120,0,120,0
thrashing,synthetic,,NRU,LocalAllocation,684,9,3,0.3191,0.462,1.4478219993732373,132,0,132,0
thrashing,synthetic,,NRU,ProportionalAllocation,684,0,0,0.3201,0.4841,1.5123398937831927,96,0,96,0
thrashing,synthetic,,NRU,ProportionalAllocation,684,0,1,0.3243,0.4898,1.5103299414122726,108,0,108,0
thrashing,synthetic,,NRU,ProportionalAllocation,684,0,2,0.3432,0.4938,1.4388111888111887,120,0,120,0
thrashing,synthetic,,NRU,ProportionalAllocation,684,0,3,0.3455,0.4983,1.4422575976845151,132,0,132,0
thrashing,synthetic,,NRU,ProportionalAllocation,684,1,0,0.3366,0.5072,1.506833036244801,96,0,96,0
thrashing,synthetic,,NRU,ProportionalAllocation,684,1,1,0.3426,0.5132,1.4979568009340338,108,0,108,0
thrashing,synthetic,,NRU,ProportionalAllocation,684,1,2,0.3308,0.5147,1.555925030229746,120,0,120,0
thrashing,synthetic,,NRU,ProportionalAllocation,684,1,3,0.3363,0.5171,1.5376152245019328,132,0,132,0
thrashing,synthetic,,NRU,ProportionalAllocation,684,2,0,0.3174,0.5088,1.6030245746691871,96,0,96,0
thrashing,synthetic,,NRU,ProportionalAllocation,684,2,1,0.3253,0.4952,1.5222871195819243,108,0,108,0
thrashing,synthetic,,NRU,ProportionalAllocation,684,2,2,0.3511,0.4998,1.4235260609512959,120,0,120,0
thrashing,synthetic,,NRU,ProportionalAllocation,684,2,3,0.3306,0.5028,1.5208711433756805,132,0,132,0
thrashing,synthetic,,NRU,ProportionalAllocation,684,3,0,0.3336,0.4924,1.476019184652278,96,0,96,0
thrashing,synthetic,,NRU,ProportionalAllocation,684,3,1,0.3185,0.4955,1.555729984301413,108,0,108,0
thrashing,synthetic,,NRU,ProportionalAllocation,684,3,2,0.3459,0.502,1.4512864989881469,120,0,120,0
thrashing,synthetic,,NRU,ProportionalAllocation,684,3,3,0.3504,0.5089,1.452340182648402,132,0,132,0
thrashing,synthetic,,NRU,ProportionalAllocation,684,4,0,0.3223,0.4802,1.4899162271175923,96,0,96,0
thrashing,synthetic,,NRU,ProportionalAllocation,684,4,1,0.3423,0.4931,1.4405492258252994,108,0,108,0
thrashing,synthetic,,NRU,ProportionalAllocation,684,4,2,0.3443,0.4942,1.4353761254719721,120,0,120,0
thrashing,synthetic,,NRU,ProportionalAllocation,684,4,3,0.3546,0.4981,1.4046813310772701,132,0,132,0
thrashing,synthetic,,NRU,ProportionalAllocation,684,5,0,0.3383,0.5758,1.7020396098137747,96,0,96,0
thrashing,synthetic,,NRU,ProportionalAllocation,684,5,1,0.3214,0.5869,1.8260734287492222,108,0,108,0
thrashing,synthetic,,NRU,ProportionalAllocation,684,5,2,0.332,0.5865,1.766566265060241,120,0,120,0
thrashing,synthetic,,NRU,ProportionalAllocation,684,5,3,0.3301,0.5876,1.7800666464707664,132,0,132,0
thrashing,synthetic,,NRU,ProportionalAllocation,684,6,0,0.3314,0.4854,1.4646952323476161,96,0,96,0
thrashing,synthetic,,NRU,ProportionalAllocation,684,6,1,0.3225,0.4949,1.5345736434108528,108,0,108,0
thrashing,synthetic,,NRU,ProportionalAllocation,684,6,2,0.3288,0.5044,1.5340632603406326,120,0,120,0
thrashing,synthetic,,NRU,ProportionalAllocation,684,6,3,0.3375,0.503,1.4903703703703703,132,0,132,0
thrashing,synthetic,,NRU,ProportionalAllocation,684,7,0,0.3406,0.4967,1.4583088667058133,96,0,96,0
thrashing,synthetic,,NRU,ProportionalAllocation,684,7,1,0.5213,0.5005,0.9600997506234414,108,0,108,0
thrashing,synthetic,,NRU,ProportionalAllocation,684,7,2,0.6449,0.5084,0.78833927740735,120,0,120,0
thrashing,synthetic,,NRU,ProportionalAllocation,684,7,3,0.6466,0.5115,0.7910609341169192,132,0,132,0
thrashing,synthetic,,NRU,ProportionalAllocation,684,8,0,0.3326,0.486,1.4612146722790138,96,0,96,0
thrashing,synthetic,,NRU,ProportionalAllocation,684,8,1,0.3247,0.4916,1.5140129350169387,108,0,108,0
thrashing,synthetic,,NRU,ProportionalAllocation,684,8,2,0.3394,0.4987,1.4693576900412493,120,0,120,0
thrashing,synthetic,,NRU,ProportionalAllocation,684,8,3,0.3343,0.4966,1.4854920729883339,132,0,132,0
thrashing,synthetic,,NRU,ProportionalAllocation,684,9,0,0.3174,0.4904,1.5450535601764335,96,0,96,0
thrashing,synthetic,,NRU,ProportionalAllocation,684,9,1,0.3228,0.4913,1.521995043370508,108,0,108,0
thrashing,synthetic,,NRU,ProportionalAllocation,684,9,2,0.3277,0.4981,1.5199877937137627,120,0,120,0
thrashing,synthetic,,NRU,ProportionalAllocation,684,9,3,0.3358,0.502,1.4949374627754617,132,0,132,0
thrashing,synthetic,,SecondChance,GlobalAllocation,684,0,0,0.3128,0.7209,2.3046675191815855,96,,,
thrashing,synthetic,,SecondChance,GlobalAllocation,684,0,1,0.3067,0.8276,2.6984023475709162,108,,,
thrashing,synthetic,,SecondChance,GlobalAllocation,684,0,2,0.3176,0.9166,2.886020151133501,120,,,
thrashing,synthetic,,SecondChance,GlobalAllocation,684,0,3,0.3337,0.9375,2.809409649385676,132,,,
thrashing,synthetic,,SecondChance,GlobalAllocation,684,1,0,0.2857,0.7229,2.530276513825691,96,,,
thrashing,synthetic,,SecondChance,GlobalAllocation,684,1,1,0.295,0.859,2.911864406779661,108,,,
thrashing,synthetic,,SecondChance,GlobalAllocation,684,1,2,0.3049,0.9169,3.007215480485405,120,,,
thrashing,synthetic,,SecondChance,GlobalAllocation,684,1,3,0.3116,0.9618,3.086649550706033,132,,,
thrashing,synthetic,,SecondChance,GlobalAllocation,684,2,0,0.2801,0.7246,2.5869332381292396,96,,,
thrashing,synthetic,,SecondChance,GlobalAllocation,684,2,1,0.2879,0.8569,2.976380687738798,108,,,
thrashing,synthetic,,SecondChance,GlobalAllocation,684,2,2,0.3044,0.9049,2.9727332457293034,120,,,
thrashing,synthetic,,SecondChance,GlobalAllocation,684,2,3,0.3138,0.9244,2.945825366475462,132,,,
thrashing,synthetic,,SecondChance,GlobalAllocation,684,3,0,0.2797,0.7361,2.631748301751877,96,,,
thrashing,synthetic,,SecondChance,GlobalAllocation,684,3,1,0.2943,0.8178,2.778797145769623,108,,,
thrashing,synthetic,,SecondChance,GlobalAllocation,684,3,2,0.3026,0.9474,3.1308658294778584,120,,,
thrashing,synthetic,,SecondChance,GlobalAllocation,684,3,3,0.318,0.911,2.8647798742138364,132,,,
thrashing,synthetic,,SecondChance,GlobalAllocation,684,4,0,0.2815,0.724,2.571936056838366,96,,,
thrashing,synthetic,,SecondChance,GlobalAllocation,684,4,1,0.29,0.8534,2.942758620689655,108,,,
thrashing,synthetic,,SecondChance,GlobalAllocation,684,4,2,0.3018,0.8991,2.979125248508946,120,,,
thrashing,synthetic,,SecondChance,GlobalAllocation,684,4,3,0.3159,0.9348,2.959164292497626,132,,,
thrashing,synthetic,,SecondChance,GlobalAllocation,684,5,0,0.286,0.7321,2.5597902097902097,96,,,
thrashing,synthetic,,SecondChance,GlobalAllocation,684,5,1,0.2873,0.8352,2.907065784893839,108,,,
thrashing,synthetic,,SecondChance,GlobalAllocation,684,5,2,0.3041,0.9146,3.0075633015455443,120,,,
thrashing,synthetic,,SecondChance,GlobalAllocation,684,5,3,0.3121,0.9785,3.1352130727330985,132,,,
thrashing,synthetic,,SecondChance,GlobalAllocation,684,6,0,0.2834,0.7414,2.616090331686662,96,,,
thrashing,synthetic,,SecondChance,GlobalAllocation,684,6,1,0.2954,0.8965,3.0348679756262693,108,,,
thrashing,synthetic,,SecondChance,GlobalAllocation,684,6,2,0.3057,0.8877,2.903827281648675,120,,,
thrashing,synthetic,,SecondChance,GlobalAllocation,684,6,3,0.3136,0.9706,3.095025510204082,132,,,
thrashing,synthetic,,SecondChance,GlobalAllocation,684,7,0,0.2829,0.7448,2.6327324142806647,96,,,
thrashing,synthetic,,SecondChance,GlobalAllocation,684,7,1,0.3086,0.8434,2.73298768632534,108,,,
thrashing,synthetic,,SecondChance,GlobalAllocation,684,7,2,0.306,0.8988,2.937254901960784,120,,,
thrashing,synthetic,,SecondChance,GlobalAllocation,684,7,3,0.317,0.9616,3.0334384858044166,132,,,
thrashing,synthetic,,SecondChance,GlobalAllocation,684,8,0,0.2795,0.7223,2.584257602862254,96,,,
thrashing,synthetic,,SecondChance,GlobalAllocation,684,8,1,0.2936,0.8541,2.909059945504087,108,,,
thrashing,synthetic,,SecondChance,GlobalAllocation,684,8,2,0.3038,0.8758,2.8828176431863066,120,,,
thrashing,synthetic,,SecondChance,GlobalAllocation,684,8,3,0.3184,0.9489,2.980213567839196,132,,,
thrashing,synthetic,,SecondChance,GlobalAllocation,684,9,0,0.2844,0.7207,2.5341068917018283,96,,,
thrashing,synthetic,,SecondChance,GlobalAllocation,684,9,1,0.2895,0.901,3.1122625215889466,108,,,
thrashing,synthetic,,SecondChance,GlobalAllocation,684,9,2,0.3041,0.9094,2.9904636632686614,120,,,
thrashing,synthetic,,SecondChance,GlobalAllocation,684,9,3,0.3081,0.9345,3.033106134371957,132,,,
thrashing,synthetic,,SecondChance,LocalAllocation,684,0,0,0.2852,0.4394,1.540673211781206,96,0,96,0
thrashing,synthetic,,SecondChance,LocalAllocation,684,0,1,0.3064,0.4509,1.4716057441253263,108,0,108,0
thrashing,synthetic,,SecondChance,LocalAllocation,684,0,2,0.3017,0.4596,1.5233675836924097,120,0,120,0
thrashing,synthetic,,SecondChance,LocalAllocation,684,0,3,0.331,0.4704,1.4211480362537765,132,0,132,0
thrashing,synthetic,,SecondChance,LocalAllocation,684,1,0,0.2853,0.4434,1.5541535226077814,96,0,96,0
thrashing,synthetic,,SecondChance,LocalAllocation,684,1,1,0.2919,0.4516,1.5471051730044536,108,0,108,0
thrashing,synthetic,,SecondChance,LocalAllocation,684,1,2,0.3032,0.4616,1.5224274406332454,120,0,120,0
thrashing,synthetic,,SecondChance,LocalAllocation,684,1,3,0.3137,0.4723,1.5055785782594835,132,0,132,0
thrashing,synthetic,,SecondChance,LocalAllocation,684,2,0,0.3025,0.4476,1.4796694214876034,96,0,96,0
thrashing,synthetic,,SecondChance,LocalAllocation,684,2,1,0.2909,0.4608,1.5840495015469234,108,0,108,0
thrashing,synthetic,,SecondChance,LocalAllocation,684,2,2,0.3049,0.4664,1.5296818629058708,120,0,120,0
thrashing,synthetic,,SecondChance,LocalAllocation,684,2,3,0.3129,0.4848,1.5493767976989454,132,0,132,0
thrashing,synthetic,,SecondChance,LocalAllocation,684,3,0,0.2786,0.4536,1.6281407035175879,96,0,96,0
thrashing,synthetic,,SecondChance,LocalAllocation,684,3,1,0.2887,0.4572,1.5836508486317977,108,0,108,0
thrashing,synthetic,,SecondChance,LocalAllocation,684,3,2,0.3062,0.4718,1.5408229915088179,120,0,120,0
thrashing,synthetic,,SecondChance,LocalAllocation,684,3,3,0.325,0.4827,1.4852307692307691,132,0,132,0
thrashing,synthetic,,SecondChance,LocalAllocation,684,4,0,0.2898,0.4382,1.5120772946859904,96,0,96,0
thrashing,synthetic,,SecondChance,LocalAllocation,684,4,1,0.289,0.4435,1.5346020761245676,108,0,108,0
thrashing,synthetic,,SecondChance,LocalAllocation,684,4,2,0.3033,0.4603,1.5176393010220903,120,0,120,0
thrashing,synthetic,,SecondChance,LocalAllocation,684,4,3,0.3144,0.47,1.494910941475827,132,0,132,0
thrashing,synthetic,,SecondChance,LocalAllocation,684,5,0,0.4148,0.4523,1.0904050144648023,96,0,96,0
thrashing,synthetic,,SecondChance,LocalAllocation,684,5,1,0.2923,0.4647,1.589804994868286,108,0,108,0
thrashing,synthetic,,SecondChance,LocalAllocation,684,5,2,0.3033,0.474,1.562809099901088,120,0,120,0
thrashing,synthetic,,SecondChance,LocalAllocation,684,5,3,0.3158,0.4916,1.5566814439518684,132,0,132,0
thrashing,synthetic,,SecondChance,LocalAllocation,684,6,0,0.2837,0.4636,1.6341205498766302,96,0,96,0
thrashing,synthetic,,SecondChance,LocalAllocation,684,6,1,0.2906,0.4671,1.6073640743289745,108,0,108,0
thrashing,synthetic,,SecondChance,LocalAllocation,684,6,2,0.3265,0.4818,1.4756508422664625,120,0,120,0
thrashing,synthetic,,SecondChance,LocalAllocation,684,6,3,0.3165,0.5118,1.6170616113744076,132,0,132,0
thrashing,synthetic,,SecondChance,LocalAllocation,684,7,0,0.2821,0.4564,1.617866004962779,96,0,96,0
thrashing,synthetic,,SecondChance,LocalAllocation,684,7,1,0.2905,0.4615,1.5886402753872633,108,0,108,0
thrashing,synthetic,,SecondChance,LocalAllocation,684,7,2,0.302,0.4709,1.559271523178808,120,0,120,0
thrashing,synthetic,,SecondChance,LocalAllocation,684,7,3,0.3102,0.4857,1.5657640232108316,132,0,132,0
thrashing,synthetic,,SecondChance,LocalAllocation,684,8,0,0.2824,0.4578,1.6211048158640227,96,0,96,0
thrashing,synthetic,,SecondChance,LocalAllocation,684,8,1,0.2979,0.466,1.5642833165491776,108,0,108,0
thrashing,synthetic,,SecondChance,LocalAllocation,684,8,2,0.3021,0.4821,1.595829195630586,120,0,120,0
thrashing,synthetic,,SecondChance,LocalAllocation,684,8,3,0.3102,0.4874,1.571244358478401,132,0,132,0
thrashing,synthetic,,SecondChance,LocalAllocation,684,9,0,0.2842,0.4617,1.6245601688951443,96,0,96,0
thrashing,synthetic,,SecondChance,LocalAllocation,684,9,1,0.2909,0.4627,1.5905809556548642,108,0,108,0
thrashing,synthetic,,SecondChance,LocalAllocation,684,9,2,0.5252,0.4759,0.9061309977151562,120,0,120,0
thrashing,synthetic,,SecondChance,LocalAllocation,684,9,3,0.4324,0.4868,1.125809435707678,132,0,132,0
thrashing,synthetic,,SecondChance,ProportionalAllocation,684,0,0,0.2843,0.4654,1.6370031656700668,96,0,96,0
thrashing,synthetic,,SecondChance,ProportionalAllocation,684,0,1,0.3018,0.4764,1.5785288270377733,108,0,108,0
thrashing,synthetic,,SecondChance,ProportionalAllocation,684,0,2,0.3034,0.4874,1.6064601186552405,120,0,120,0
thrashing,synthetic,,SecondChance,ProportionalAllocation,684,0,3,0.3147,0.4963,1.57705751509374,132,0,132,0
thrashing,synthetic,,SecondChance,ProportionalAllocation,684,1,0,0.2804,0.4494,1.602710413694722,96,0,96,0
thrashing,synthetic,,SecondChance,ProportionalAllocation,684,1,1,0.293,0.4696,1.6027303754266211,108,0,108,0
thrashing,synthetic,,SecondChance,ProportionalAllocation,684,1,2,0.3225,0.4742,1.4703875968992248,120,0,120,0
thrashing,synthetic,,SecondChance,ProportionalAllocation,684,1,3,0.328,0.4781,1.457621951219512,132,0,132,0
thrashing,synthetic,,SecondChance,ProportionalAllocation,684,2,0,0.2885,0.4486,1.5549393414211439,96,0,96,0
thrashing,synthetic,,SecondChance,ProportionalAllocation,684,2,1,0.2934,0.4599,1.5674846625766872,108,0,108,0
thrashing,synthetic,,SecondChance,ProportionalAllocation,684,2,2,0.304,0.4701,1.5463815789473685,120,0,120,0
thrashing,synthetic,,SecondChance,ProportionalAllocation,684,2,3,0.3174,0.4847,1.527095148078135,132,0,132,0
thrashing,synthetic,,SecondChance,ProportionalAllocation,684,3,0,0.2835,0.438,1.5449735449735449,96,0,96,0
thrashing,synthetic,,SecondChance,ProportionalAllocation,684,3,1,0.2979,0.4541,1.5243370258476,108,0,108,0
thrashing,synthetic,,SecondChance,ProportionalAllocation,684,3,2,0.31,0.4623,1.491290322580645,120,0,120,0
thrashing,synthetic,,SecondChance,ProportionalAllocation,684,3,3,0.3145,0.4762,1.5141494435612082,132,0,132,0
thrashing,synthetic,,SecondChance,ProportionalAllocation,684,4,0,0.3834,0.4522,1.1794470526864893,96,0,96,0
thrashing,synthetic,,SecondChance,ProportionalAllocation,684,4,1,0.2898,0.5037,1.7380952380952381,108,0,108,0
thrashing,synthetic,,SecondChance,ProportionalAllocation,684,4,2,0.3139,0.4747,1.512265052564511,120,0,120,0
thrashing,synthetic,,SecondChance,ProportionalAllocation,684,4,3,0.318,0.4813,1.5135220125786164,132,0,132,0
thrashing,synthetic,,SecondChance,ProportionalAllocation,684,5,0,0.2811,0.4473,1.5912486659551761,96,0,96,0
thrashing,synthetic,,SecondChance,ProportionalAllocation,684,5,1,0.2902,0.462,1.5920055134390076,108,0,108,0
thrashing,synthetic,,SecondChance,ProportionalAllocation,684,5,2,0.3018,0.4694,1.5553346587143804,120,0,120,0
thrashing,synthetic,,SecondChance,ProportionalAllocation,684,5,3,0.3136,0.4774,1.5223214285714286,132,0,132,0
thrashing,synthetic,,SecondChance,ProportionalAllocation,684,6,0,0.2879,0.4441,1.5425494963529003,96,0,96,0
thrashing,synthetic,,SecondChance,ProportionalAllocation,684,6,1,0.2986,0.4559,1.5267916945746818,108,0,108,0
thrashing,synthetic,,SecondChance,ProportionalAllocation,684,6,2,0.3047,0.4673,1.533639645553003,120,0,120,0
thrashing,synthetic,,SecondChance,ProportionalAllocation,684,6,3,0.3119,0.4849,1.5546649567168964,132,0,132,0
thrashing,synthetic,,SecondChance,ProportionalAllocation,684,7,0,0.2817,0.4553,1.6162584309549166,96,0,96,0
thrashing,synthetic,,SecondChance,ProportionalAllocation,684,7,1,0.2885,0.4599,1.594107452339688,108,0,108,0
thrashing,synthetic,,SecondChance,ProportionalAllocation,684,7,2,0.3025,0.4739,1.566611570247934,120,0,120,0
thrashing,synthetic,,SecondChance,ProportionalAllocation,684,7,3,0.3136,0.4833,1.5411352040816326,132,0,132,0
thrashing,synthetic,,SecondChance,ProportionalAllocation,684,8,0,0.2797,0.4509,1.6120843761172685,96,0,96,0
thrashing,synthetic,,SecondChance,ProportionalAllocation,684,8,1,0.2909,0.454,1.5606737710553455,108,0,108,0
thrashing,synthetic,,SecondChance,ProportionalAllocation,684,8,2,0.2974,0.4712,1.5843981170141224,120,0,120,0
thrashing,synthetic,,SecondChance,ProportionalAllocation,684,8,3,0.3193,0.485,1.5189476980895709,132,0,132,0
thrashing,synthetic,,SecondChance,ProportionalAllocation,684,9,0,0.2893,0.4424,1.5292084341513998,96,0,96,0
thrashing,synthetic,,SecondChance,ProportionalAllocation,684,9,1,0.2986,0.4553,1.5247823174815807,108,0,108,0
thrashing,synthetic,,SecondChance,ProportionalAllocation,684,9,2,0.3029,0.4639,1.5315285572796302,120,0,120,0
thrashing,synthetic,,SecondChance,ProportionalAllocation,684,9,3,0.3155,0.4746,1.5042789223454833,132,0,132,0
thrashing,synthetic,,WSClock,GlobalAllocation,684,0,0,0.2861,0.715,2.4991261796574626,96,,,
thrashing,synthetic,,WSClock,GlobalAllocation,684,0,1,0.2925,0.8333,2.848888888888889,108,,,
thrashing,synthetic,,WSClock,GlobalAllocation,684,0,2,0.3019,0.9306,3.08247764160318,120,,,
thrashing,synthetic,,WSClock,GlobalAllocation,684,0,3,0.315,0.9469,3.006031746031746,132,,,
thrashing,synthetic,,WSClock,GlobalAllocation,684,1,0,0.2848,0.7167,2.516502808988764,96,,,
thrashing,synthetic,,WSClock,GlobalAllocation,684,1,1,0.2958,0.853,2.8837052062204194,108,,,
thrashing,synthetic,,WSClock,GlobalAllocation,684,1,2,0.306,0.899,2.9379084967320264,120,,,
thrashing,synthetic,,WSClock,GlobalAllocation,684,1,3,0.3809,0.9631,2.5284851667104227,132,,,
thrashing,synthetic,,WSClock,GlobalAllocation,684,2,0,0.2754,0.7869,2.8572984749455337,96,,,
thrashing,synthetic,,WSClock,GlobalAllocation,684,2,1,0.2935,0.9431,3.2132879045996594,108,,,
thrashing,synthetic,,WSClock,GlobalAllocation,684,2,2,0.29,1.0533,3.6320689655172416,120,,,
thrashing,synthetic,,WSClock,GlobalAllocation,684,2,3,0.3115,1.1015,3.536115569823435,132,,,
thrashing,synthetic,,WSClock,GlobalAllocation,684,3,0,0.2819,0.743,2.6356864136218516,96,,,
thrashing,synthetic,,WSClock,GlobalAllocation,684,3,1,0.2945,0.8286,2.8135823429541595,108,,,
thrashing,synthetic,,WSClock,GlobalAllocation,684,3,2,0.3035,0.955,3.14662273476112,120,,,
thrashing,synthetic,,WSClock,GlobalAllocation,684,3,3,0.3092,0.908,2.9366106080206986,132,,,
thrashing,synthetic,,WSClock,GlobalAllocation,684,4,0,0.3253,0.7345,2.257915770058408,96,,,
thrashing,synthetic,,WSClock,GlobalAllocation,684,4,1,0.2921,0.8444,2.890790825059911,108,,,
thrashing,synthetic,,WSClock,GlobalAllocation,684,4,2,0.3034,0.8932,2.943968358602505,120,,,
thrashing,synthetic,,WSClock,GlobalAllocation,684,4,3,0.3215,0.9278,2.8858475894245723,132,,,
thrashing,synthetic,,WSClock,GlobalAllocation,684,5,0,0.2873,0.7229,2.5161851722937696,96,,,
thrashing,synthetic,,WSClock,GlobalAllocation,684,5,1,0.2911,0.8233,2.8282377189969083,108,,,
thrashing,synthetic,,WSClock,GlobalAllocation,684,5,2,0.304,0.9317,3.064802631578947,120,,,
thrashing,synthetic,,WSClock,GlobalAllocation,684,5,3,0.3111,0.9969,3.2044358727097397,132,,,
thrashing,synthetic,,WSClock,GlobalAllocation,684,6,0,0.2845,0.7315,2.571177504393673,96,,,
thrashing,synthetic,,WSClock,GlobalAllocation,684,6,1,0.2955,0.8829,2.987817258883249,108,,,
thrashing,synthetic,,WSClock,GlobalAllocation,684,6,2,0.3011,0.8769,2.9123214878777817,120,,,
thrashing,synthetic,,WSClock,GlobalAllocation,684,6,3,0.3174,0.9574,3.0163831127914302,132,,,
thrashing,synthetic,,WSClock,GlobalAllocation,684,7,0,0.2837,0.7499,2.643285160380684,96,,,
thrashing,synthetic,,WSClock,GlobalAllocation,684,7,1,0.2912,0.8453,2.902815934065934,108,,,
thrashing,synthetic,,WSClock,GlobalAllocation,684,7,2,0.3028,0.9048,2.988110964332893,120,,,
thrashing,synthetic,,WSClock,GlobalAllocation,684,7,3,0.317,0.9546,3.0113564668769714,132,,,
thrashing,synthetic,,WSClock,GlobalAllocation,684,8,0,0.2802,0.7168,2.558172733761599,96,,,
thrashing,synthetic,,WSClock,GlobalAllocation,684,8,1,0.2905,0.8513,2.9304647160068846,108,,,
thrashing,synthetic,,WSClock,GlobalAllocation,684,8,2,0.3037,0.8745,2.8794863351992097,120,,,
thrashing,synthetic,,WSClock,GlobalAllocation,684,8,3,0.3107,0.945,3.0415191503057613,132,,,
thrashing,synthetic,,WSClock,GlobalAllocation,684,9,0,0.282,0.7209,2.5563829787234043,96,,,
thrashing,synthetic,,WSClock,GlobalAllocation,684,9,1,0.2975,0.9009,3.028235294117647,108,,,
thrashing,synthetic,,WSClock,GlobalAllocation,684,9,2,0.3019,0.9053,2.998675057966214,120,,,
thrashing,synthetic,,WSClock,GlobalAllocation,684,9,3,0.3144,0.9342,2.9713740458015265,132,,,
thrashing,synthetic,,WSClock,LocalAllocation,684,0,0,0.2882,0.4771,1.6554476058292853,96,0,96,0
thrashing,synthetic,,WSClock,LocalAllocation,684,0,1,0.545,0.4796,0.88,108,0,108,0
thrashing,synthetic,,WSClock,LocalAllocation,684,0,2,0.6604,0.4881,0.7390975166565718,120,0,120,0
thrashing,synthetic,,WSClock,LocalAllocation,684,0,3,0.6891,0.5048,0.732549702510521,132,0,132,0
thrashing,synthetic,,WSClock,LocalAllocation,684,1,0,0.2786,0.4474,1.605886575735822,96,0,96,0
thrashing,synthetic,,WSClock,LocalAllocation,684,1,1,0.2924,0.4597,1.5721614227086183,108,0,108,0
thrashing,synthetic,,WSClock,LocalAllocation,684,1,2,0.3007,0.471,1.5663451945460591,120,0,120,0
thrashing,synthetic,,WSClock,LocalAllocation,684,1,3,0.312,0.4796,1.5371794871794873,132,0,132,0
thrashing,synthetic,,WSClock,LocalAllocation,684,2,0,0.2804,0.4369,1.5581312410841655,96,0,96,0
thrashing,synthetic,,WSClock,LocalAllocation,684,2,1,0.2927,0.4542,1.5517594806969592,108,0,108,0
thrashing,synthetic,,WSClock,LocalAllocation,684,2,2,0.3029,0.4603,1.5196434466820732,120,0,120,0
thrashing,synthetic,,WSClock,LocalAllocation,684,2,3,0.317,0.4788,1.5104100946372239,132,0,132,0
thrashing,synthetic,,WSClock,LocalAllocation,684,3,0,0.2784,0.4445,1.5966235632183907,96,0,96,0
thrashing,synthetic,,WSClock,LocalAllocation,684,3,1,0.2882,0.4527,1.5707841776544067,108,0,108,0
thrashing,synthetic,,WSClock,LocalAllocation,684,3,2,0.2998,0.4666,1.5563709139426285,120,0,120,0
thrashing,synthetic,,WSClock,LocalAllocation,684,3,3,0.3135,0.4757,1.517384370015949,132,0,132,0
thrashing,synthetic,,WSClock,LocalAllocation,684,4,0,0.2805,0.4459,1.5896613190730837,96,0,96,0
thrashing,synthetic,,WSClock,LocalAllocation,684,4,1,0.2881,0.4599,1.5963207219715376,108,0,108,0
thrashing,synthetic,,WSClock,LocalAllocation,684,4,2,0.3021,0.4729,1.565375703409467,120,0,120,0
thrashing,synthetic,,WSClock,LocalAllocation,684,4,3,0.3103,0.4808,1.5494682565259426,132,0,132,0
thrashing,synthetic,,WSClock,LocalAllocation,684,5,0,0.2823,0.4649,1.6468296138859368,96,0,96,0
thrashing,synthetic,,WSClock,LocalAllocation,684,5,1,0.2916,0.4734,1.623456790123457,108,0,108,0
thrashing,synthetic,,WSClock,LocalAllocation,684,5,2,0.2993,0.4863,1.6247911794186436,120,0,120,0
thrashing,synthetic,,WSClock,LocalAllocation,684,5,3,0.3211,0.4898,1.5253815010900031,132,0,132,0
thrashing,synthetic,,WSClock,LocalAllocation,684,6,0,0.2851,0.4414,1.5482286916871273,96,0,96,0
thrashing,synthetic,,WSClock,LocalAllocation,684,6,1,0.2985,0.455,1.5242881072026802,108,0,108,0
thrashing,synthetic,,WSClock,LocalAllocation,684,6,2,0.3028,0.4704,1.5535006605019814,120,0,120,0
thrashing,synthetic,,WSClock,LocalAllocation,684,6,3,0.3323,0.4813,1.4483900090279869,132,0,132,0
thrashing,synthetic,,WSClock,LocalAllocation,684,7,0,0.2797,0.4538,1.6224526278155167,96,0,96,0
thrashing,synthetic,,WSClock,LocalAllocation,684,7,1,0.2869,0.4616,1.6089229696758451,108,0,108,0
thrashing,synthetic,,WSClock,LocalAllocation,684,7,2,0.3015,0.4783,1.5864013266998342,120,0,120,0
thrashing,synthetic,,WSClock,LocalAllocation,684,7,3,0.3097,0.4829,1.5592508879560865,132,0,132,0
thrashing,synthetic,,WSClock,LocalAllocation,684,8,0,0.2809,0.4448,1.5834816660733357,96,0,96,0
thrashing,synthetic,,WSClock,LocalAllocation,684,8,1,0.2883,0.4526,1.5698924731182795,108,0,108,0
thrashing,synthetic,,WSClock,LocalAllocation,684,8,2,0.3011,0.4715,1.5659249418797743,120,0,120,0
thrashing,synthetic,,WSClock,LocalAllocation,684,8,3,0.3121,0.474,1.518743992310157,132,0,132,0
thrashing,synthetic,,WSClock,LocalAllocation,684,9,0,0.2825,0.4471,1.5826548672566372,96,0,96,0
thrashing,synthetic,,WSClock,LocalAllocation,684,9,1,0.2902,0.454,1.5644383184011026,108,0,108,0
thrashing,synthetic,,WSClock,LocalAllocation,684,9,2,0.3005,0.4729,1.5737104825291182,120,0,120,0
thrashing,synthetic,,WSClock,LocalAllocation,684,9,3,0.3125,0.4764,1.52448,132,0,132,0
thrashing,synthetic,,WSClock,ProportionalAllocation,684,0,0,0.3276,1.0296,3.142857142857143,96,0,96,0
thrashing,synthetic,,WSClock,ProportionalAllocation,684,0,1,0.2964,0.9475,3.196693657219973,108,0,108,0
thrashing,synthetic,,WSClock,ProportionalAllocation,684,0,2,0.3318,0.9745,2.9370102471368296,120,0,120,0
thrashing,synthetic,,WSClock,ProportionalAllocation,684,0,3,0.3356,0.9862,2.9386174016686533,132,0,132,0
thrashing,synthetic,,WSClock,ProportionalAllocation,684,1,0,0.2829,0.4422,1.5630965005302226,96,0,96,0
thrashing,synthetic,,WSClock,ProportionalAllocation,684,1,1,0.2983,0.4586,1.5373784780422393,108,0,108,0
thrashing,synthetic,,WSClock,ProportionalAllocation,684,1,2,0.3045,0.4601,1.5110016420361247,120,0,120,0
thrashing,synthetic,,WSClock,ProportionalAllocation,684,1,3,0.314,0.4757,1.514968152866242,132,0,132,0
thrashing,synthetic,,WSClock,ProportionalAllocation,684,2,0,0.2564,0.4165,1.6244149765990639,96,0,96,0
thrashing,synthetic,,WSClock,ProportionalAllocation,684,2,1,0.2645,0.4212,1.5924385633270322,108,0,108,0
thrashing,synthetic,,WSClock,ProportionalAllocation,684,2,2,0.2778,0.4345,1.5640748740100792,120,0,120,0
thrashing,synthetic,,WSClock,ProportionalAllocation,684,2,3,0.2886,0.4458,1.5446985446985446,132,0,132,0
thrashing,synthetic,,WSClock,ProportionalAllocation,684,3,0,0.2827,0.4576,1.6186770428015564,96,0,96,0
thrashing,synthetic,,WSClock,ProportionalAllocation,684,3,1,0.2954,0.4659,1.5771834800270819,108,0,108,0
thrashing,synthetic,,WSClock,ProportionalAllocation,684,3,2,0.31,0.4825,1.5564516129032258,120,0,120,0
thrashing,synthetic,,WSClock,ProportionalAllocation,684,3,3,0.3215,0.4927,1.5325038880248834,132,0,132,0
thrashing,synthetic,,WSClock,ProportionalAllocation,684,4,0,0.2861,0.4414,1.5428171967843411,96,0,96,0
thrashing,synthetic,,WSClock,ProportionalAllocation,684,4,1,0.296,0.4539,1.533445945945946,108,0,108,0
thrashing,synthetic,,WSClock,ProportionalAllocation,684,4,2,0.302,0.4573,1.5142384105960265,120,0,120,0
thrashing,synthetic,,WSClock,ProportionalAllocation,684,4,3,0.3105,0.467,1.5040257648953301,132,0,132,0
thrashing,synthetic,,WSClock,ProportionalAllocation,684,5,0,0.2783,0.4526,1.626302551203737,96,0,96,0
thrashing,synthetic,,WSClock,ProportionalAllocation,684,5,1,0.2886,0.4649,1.610880110880111,108,0,108,0
thrashing,synthetic,,WSClock,ProportionalAllocation,684,5,2,0.3004,0.4711,1.5682423435419441,120,0,120,0
thrashing,synthetic,,WSClock,ProportionalAllocation,684,5,3,0.3139,0.4833,1.5396623128384836,132,0,132,0
thrashing,synthetic,,WSClock,ProportionalAllocation,684,6,0,0.2811,0.4498,1.6001422981145499,96,0,96,0
thrashing,synthetic,,WSClock,ProportionalAllocation,684,6,1,0.2941,0.4604,1.565453927235634,108,0,108,0
thrashing,synthetic,,WSClock,ProportionalAllocation,684,6,2,0.3056,0.4689,1.5343586387434556,120,0,120,0
thrashing,synthetic,,WSClock,ProportionalAllocation,684,6,3,0.3163,0.4822,1.5245020550110655,132,0,132,0
thrashing,synthetic,,WSClock,ProportionalAllocation,684,7,0,0.287,0.457,1.5923344947735192,96,0,96,0
thrashing,synthetic,,WSClock,ProportionalAllocation,684,7,1,0.3027,0.4684,1.5474066732738685,108,0,108,0
thrashing,synthetic,,WSClock,ProportionalAllocation,684,7,2,0.32,0.4851,1.5159375,120,0,120,0
thrashing,synthetic,,WSClock,ProportionalAllocation,684,7,3,0.3167,0.4918,1.552889169561099,132,0,132,0
thrashing,synthetic,,WSClock,ProportionalAllocation,684,8,0,0.2818,0.44,1.5613910574875798,96,0,96,0
thrashing,synthetic,,WSClock,ProportionalAllocation,684,8,1,0.2949,0.4622,1.5673109528653781,108,0,108,0
thrashing,synthetic,,WSClock,ProportionalAllocation,684,8,2,0.3042,0.4691,1.542077580539119,120,0,120,0
thrashing,synthetic,,WSClock,ProportionalAllocation,684,8,3,0.3155,0.4685,1.484944532488114,132,0,132,0
thrashing,synthetic,,WSClock,ProportionalAllocation,684,9,0,0.281,0.4581,1.6302491103202847,96,0,96,0
thrashing,synthetic,,WSClock,ProportionalAllocation,684,9,1,0.2899,0.461,1.5902035184546395,108,0,108,0
thrashing,synthetic,,WSClock,ProportionalAllocation,684,9,2,0.3212,0.4732,1.473225404732254,120,0,120,0
thrashing,synthetic,,WSClock,ProportionalAllocation,684,9,3,0.3157,0.4839,1.53278428888185,132,0,132,0
thrashing,synthetic,,FIFO,GlobalAllocation,768,0,0,0.185,0.9472,5.12,576,,,
thrashing,synthetic,,FIFO,GlobalAllocation,768,0,1,0.1906,0.9924,5.206715634837356,617,,,
thrashing,synthetic,,FIFO,GlobalAllocation,768,0,2,0.1862,1.013,5.440386680988185,643,,,
thrashing,synthetic,,FIFO,GlobalAllocation,768,0,3,0.1966,1.0816,5.501525940996948,710,,,
thrashing,synthetic,,FIFO,GlobalAllocation,768,0,4,0.2029,1.1688,5.760473139477575,795,,,
thrashing,synthetic,,FIFO,GlobalAllocation,768,0,5,0.2038,1.213,5.951913640824338,876,,,
thrashing,synthetic,,FIFO,GlobalAllocation,768,0,6,0.1618,0.6711,4.147713226205192,163,,,
thrashing,synthetic,,FIFO,GlobalAllocation,768,0,7,0.2095,1.1545,5.5107398568019095,827,,,
thrashing,synthetic,,FIFO,GlobalAllocation,768,1,0,0.1901,0.9659,5.081009994739611,576,,,
thrashing,synthetic,,FIFO,GlobalAllocation,768,1,1,0.186,1.0064,5.410752688172043,609,,,
thrashing,synthetic,,FIFO,GlobalAllocation,768,1,2,0.191,1.0069,5.2717277486911,614,,,
thrashing,synthetic,,FIFO,GlobalAllocation,768,1,3,0.195,1.1935,6.12051282051282,840,,,
thrashing,synthetic,,FIFO,GlobalAllocation,768,1,4,0.1991,1.1635,5.843797086891009,785,,,
thrashing,synthetic,,FIFO,GlobalAllocation,768,1,5,0.2035,1.1767,5.7823095823095825,849,,,
thrashing,synthetic,,FIFO,GlobalAllocation,768,1,6,0.1626,0.6724,4.1353013530135305,168,,,
thrashing,synthetic,,FIFO,GlobalAllocation,768,1,7,0.2102,1.1654,5.5442435775451955,809,,,
thrashing,synthetic,,FIFO,GlobalAllocation,768,2,0,0.1904,0.9139,4.799894957983193,540,,,
thrashing,synthetic,,FIFO,GlobalAllocation,768,2,1,0.1922,0.9428,4.905306971904267,540,,,
thrashing,synthetic,,FIFO,GlobalAllocation,768,2,2,0.1983,1.0587,5.338880484114977,660,,,
thrashing,synthetic,,FIFO,GlobalAllocation,768,2,3,0.1937,1.0322,5.328859060402684,677,,,
thrashing,synthetic,,FIFO,GlobalAllocation,768,2,4,0.1974,1.1135,5.6408308004052685,751,,,
thrashing,synthetic,,FIFO,GlobalAllocation,768,2,5,0.2001,1.0872,5.43328335832084,720,,,
thrashing,synthetic,,FIFO,GlobalAllocation,768,2,6,0.1626,0.6646,4.0873308733087335,144,,,
thrashing,synthetic,,FIFO,GlobalAllocation,768,2,7,0.2107,1.1491,5.453725676317038,810,,,
thrashing,synthetic,,FIFO,GlobalAllocation,768,3,0,0.189,1.2418,6.57037037037037,577,,,
thrashing,synthetic,,FIFO,GlobalAllocation,768,3,1,0.1915,1.4492,7.567624020887728,614,,,
thrashing,synthetic,,FIFO,GlobalAllocation,768,3,2,0.1902,1.3527,7.11198738170347,658,,,
thrashing,synthetic,,FIFO,GlobalAllocation,768,3,3,0.1916,1.4398,7.514613778705637,749,,,
thrashing,synthetic,,FIFO,GlobalAllocation,768,3,4,0.1975,1.4781,7.4840506329113925,780,,,
thrashing,synthetic,,FIFO,GlobalAllocation,768,3,5,0.1914,1.6852,8.804597701149426,876,,,
thrashing,synthetic,,FIFO,GlobalAllocation,768,3,6,0.1597,0.9072,5.680651221039449,168,,,
thrashing,synthetic,,FIFO,GlobalAllocation,768,3,7,0.2101,1.6233,7.726320799619229,893,,,
thrashing,synthetic,,FIFO,GlobalAllocation,768,4,0,0.1876,0.9374,4.99680170575693,558,,,
thrashing,synthetic,,FIFO,GlobalAllocation,768,4,1,0.1897,1.0013,5.278334211913548,587,,,
thrashing,synthetic,,FIFO,GlobalAllocation,768,4,2,0.1936,1.0395,5.369318181818182,660,,,
thrashing,synthetic,,FIFO,GlobalAllocation,768,4,3,0.2124,1.0918,5.1403013182674195,737,,,
thrashing,synthetic,,FIFO,GlobalAllocation,768,4,4,0.1997,1.1024,5.520280420630947,780,,,
thrashing,synthetic,,FIFO,GlobalAllocation,768,4,5,0.2011,1.1637,5.78667329686723,833,,,
thrashing,synthetic,,FIFO,GlobalAllocation,768,4,6,0.1626,0.6785,4.172816728167282,168,,,
thrashing,synthetic,,FIFO,GlobalAllocation,768,4,7,0.2045,1.1355,5.552567237163815,784,,,
thrashing,synthetic,,FIFO,GlobalAllocation,768,5,0,0.1819,0.9362,5.146783947223749,540,,,
thrashing,synthetic,,FIFO,GlobalAllocation,768,5,1,0.1896,0.9682,5.106540084388186,570,,,
thrashing,synthetic,,FIFO,GlobalAllocation,768,5,2,0.1929,0.9964,5.165370658372214,600,,,
thrashing,synthetic,,FIFO,GlobalAllocation,768,5,3,0.192,1.0804,5.627083333333333,707,,,
thrashing,synthetic,,FIFO,GlobalAllocation,768,5,4,0.1972,1.1626,5.895537525354969,780,,,
thrashing,synthetic,,FIFO,GlobalAllocation,768,5,5,0.2021,1.2065,5.969816922315685,846,,,
thrashing,synthetic,,FIFO,GlobalAllocation,768,5,6,0.1625,0.6801,4.1852307692307695,163,,,
thrashing,synthetic,,FIFO,GlobalAllocation,768,5,7,0.2118,1.1693,5.520774315391879,810,,,
thrashing,synthetic,,FIFO,GlobalAllocation,768,6,0,0.1894,0.9616,5.077085533262935,564,,,
thrashing,synthetic,,FIFO,GlobalAllocation,768,6,1,0.1876,1.0157,5.414179104477612,597,,,
thrashing,synthetic,,FIFO,GlobalAllocation,768,6,2,0.1888,1.0182,5.393008474576271,635,,,
thrashing,synthetic,,FIFO,GlobalAllocation,768,6,3,0.1974,1.111,5.6281661600810535,763,,,
thrashing,synthetic,,FIFO,GlobalAllocation,768,6,4,0.1963,1.1189,5.699949057564951,783,,,
thrashing,synthetic,,FIFO,GlobalAllocation,768,6,5,0.2012,1.1916,5.922465208747515,857,,,
thrashing,synthetic,,FIFO,GlobalAllocation,768,6,6,0.1613,0.674,4.178549287042777,168,,,
thrashing,synthetic,,FIFO,GlobalAllocation,768,6,7,0.2134,1.1391,5.337863167760075,798,,,
thrashing,synthetic,,FIFO,GlobalAllocation,768,7,0,0.1854,0.9607,5.1817691477885655,566,,,
thrashing,synthetic,,FIFO,GlobalAllocation,768,7,1,0.1853,1.0413,5.619535887749596,636,,,
thrashing,synthetic,,FIFO,GlobalAllocation,768,7,2,0.1942,1.0371,5.340370751802266,653,,,
thrashing,synthetic,,FIFO,GlobalAllocation,768,7,3,0.1966,1.0825,5.5061037639877926,722,,,
thrashing,synthetic,,FIFO,GlobalAllocation,768,7,4,0.2026,1.1226,5.54096742349457,780,,,
thrashing,synthetic,,FIFO,GlobalAllocation,768,7,5,0.2001,1.1718,5.856071964017991,824,,,
thrashing,synthetic,,FIFO,GlobalAllocation,768,7,6,0.1604,0.6761,4.215087281795511,168,,,
thrashing,synthetic,,FIFO,GlobalAllocation,768,7,7,0.209,1.1392,5.450717703349282,802,,,
thrashing,synthetic,,FIFO,GlobalAllocation,768,8,0,0.1865,0.9738,5.221447721179625,570,,,
thrashing,synthetic,,FIFO,GlobalAllocation,768,8,1,0.1899,1.0861,5.719325961032122,636,,,
thrashing,synthetic,,FIFO,GlobalAllocation,768,8,2,0.1906,1.0759,5.644805876180483,660,,,
thrashing,synthetic,,FIFO,GlobalAllocation,768,8,3,0.1932,1.1036,5.712215320910973,718,,,
thrashing,synthetic,,FIFO,GlobalAllocation,768,8,4,0.1967,1.1625,5.910015251652262,774,,,
thrashing,synthetic,,FIFO,GlobalAllocation,768,8,5,0.2001,1.2283,6.138430784607696,842,,,
thrashing,synthetic,,FIFO,GlobalAllocation,768,8,6,0.1628,0.7024,4.314496314496314,168,,,
thrashing,synthetic,,FIFO,GlobalAllocation,768,8,7,0.2147,1.2097,5.63437354448067,810,,,
thrashing,synthetic,,FIFO,GlobalAllocation,768,9,0,0.1831,0.9663,5.277444019661387,561,,,
thrashing,synthetic,,FIFO,GlobalAllocation,768,9,1,0.1933,0.9733,5.0351784790481116,540,,,
thrashing,synthetic,,FIFO,GlobalAllocation,768,9,2,0.1951,1.0085,5.169144028703229,624,,,
thrashing,synthetic,,FIFO,GlobalAllocation,768,9,3,0.1981,1.1458,5.783947501261989,804,,,
thrashing,synthetic,,FIFO,GlobalAllocation,768,9,4,0.2028,1.1281,5.562623274161735,783,,,
thrashing,synthetic,,FIFO,GlobalAllocation,768,9,5,0.2014,1.169,5.804369414101291,835,,,
thrashing,synthetic,,FIFO,GlobalAllocation,768,9,6,0.163,0.6847,4.200613496932515,163,,,
thrashing,synthetic,,FIFO,GlobalAllocation,768,9,7,0.2088,1.1337,5.429597701149425,788,,,
thrashing,synthetic,,FIFO,LocalAllocation,768,0,0,0.1865,0.3915,2.099195710455764,96,0,96,0
thrashing,synthetic,,FIFO,LocalAllocation,768,0,1,0.1909,1.1429,5.986904138292299,1500,1404,1500,442
thrashing,synthetic,,FIFO,LocalAllocation,768,0,2,0.195,1.1491,5.892820512820513,1500,1404,1500,395
thrashing,synthetic,,FIFO,LocalAllocation,768,0,3,0.1984,1.1422,5.757056451612903,1500,1404,1500,470
thrashing,synthetic,,FIFO,LocalAllocation,768,0,4,0.2037,1.1235,5.515463917525773,1500,1404,1500,426
thrashing,synthetic,,FIFO,LocalAllocation,768,0,5,0.2111,1.1263,5.335386072951208,1500,1404,1500,421
thrashing,synthetic,,FIFO,LocalAllocation,768,0,6,0.1568,0.3655,2.3309948979591835,24,0,24,0
thrashing,synthetic,,FIFO,LocalAllocation,768,0,7,0.2084,1.127,5.407869481765835,1500,1404,1500,435
thrashing,synthetic,,FIFO,LocalAllocation,768,1,0,0.1879,0.3885,2.067589143161256,96,0,96,0
thrashing,synthetic,,FIFO,LocalAllocation,768,1,1,0.189,1.1215,5.9338624338624335,1500,1404,1500,378
thrashing,synthetic,,FIFO,LocalAllocation,768,1,2,0.1933,1.112,5.752715985514744,1500,1404,1500,397
thrashing,synthetic,,FIFO,LocalAllocation,768,1,3,0.193,1.1084,5.74300518134715,1500,1404,1500,432
thrashing,synthetic,,FIFO,LocalAllocation,768,1,4,0.1954,1.1281,5.773285568065507,1500,1404,1500,438
thrashing,synthetic,,FIFO,LocalAllocation,768,1,5,0.1984,1.1178,5.634072580645161,1500,1404,1500,379
thrashing,synthetic,,FIFO,LocalAllocation,768,1,6,0.1613,0.3628,2.24922504649721,24,0,24,0
thrashing,synthetic,,FIFO,LocalAllocation,768,1,7,0.2094,1.116,5.329512893982808,1500,1404,1500,431
thrashing,synthetic,,FIFO,LocalAllocation,768,2,0,0.37,0.5834,1.5767567567567569,96,0,96,0
thrashing,synthetic,,FIFO,LocalAllocation,768,2,1,0.3822,1.7322,4.532182103610675,1500,1404,1500,410
thrashing,synthetic,,FIFO,LocalAllocation,768,2,2,0.3753,2.2808,6.077271516120437,1500,1404,1500,413
thrashing,synthetic,,FIFO,LocalAllocation,768,2,3,0.3888,1.8691,4.807355967078189,1500,1404,1500,415
thrashing,synthetic,,FIFO,LocalAllocation,768,2,4,0.3635,1.7246,4.744429160935351,1500,1404,1500,398
thrashing,synthetic,,FIFO,LocalAllocation,768,2,5,0.3971,1.6687,4.202216066481994,1500,1404,1500,416
thrashing,synthetic,,FIFO,LocalAllocation,768,2,6,0.2215,0.5635,2.544018058690745,24,0,24,0
thrashing,synthetic,,FIFO,LocalAllocation,768,2,7,0.2154,1.7147,7.960538532961931,1500,1404,1500,407
thrashing,synthetic,,FIFO,LocalAllocation,768,3,0,0.1849,0.3938,2.1297998918334233,96,0,96,0
thrashing,synthetic,,FIFO,LocalAllocation,768,3,1,0.19,1.1295,5.9447368421052635,1500,1404,1500,424
thrashing,synthetic,,FIFO,LocalAllocation,768,3,2,0.1935,1.1439,5.911627906976745,1500,1404,1500,413
thrashing,synthetic,,FIFO,LocalAllocation,768,3,3,0.1982,1.1298,5.700302724520686,1500,1404,1500,408
thrashing,synthetic,,FIFO,LocalAllocation,768,3,4,0.1964,1.1261,5.7337067209775965,1500,1404,1500,396
thrashing,synthetic,,FIFO,LocalAllocation,768,3,5,0.1994,1.1262,5.647943831494484,1500,1404,1500,408
thrashing,synthetic,,FIFO,LocalAllocation,768,3,6,0.1621,0.3638,2.244293645897594,24,0,24,0
thrashing,synthetic,,FIFO,LocalAllocation,768,3,7,0.2091,1.1294,5.401243424198948,1500,1404,1500,426
thrashing,synthetic,,FIFO,LocalAllocation,768,4,0,0.1825,0.3903,2.1386301369863014,96,0,96,0
thrashing,synthetic,,FIFO,LocalAllocation,768,4,1,0.1883,1.135,6.02761550716941,1500,1404,1500,434
thrashing,synthetic,,FIFO,LocalAllocation,768,4,2,0.1942,1.1539,5.941812564366632,1500,1404,1500,410
thrashing,synthetic,,FIFO,LocalAllocation,768,4,3,0.1931,1.1365,5.885551527705852,1500,1404,1500,424
thrashing,synthetic,,FIFO,LocalAllocation,768,4,4,0.2002,1.1389,5.688811188811189,1500,1404,1500,416
thrashing,synthetic,,FIFO,LocalAllocation,768,4,5,0.203,1.1446,5.638423645320197,1500,1404,1500,404
thrashing,synthetic,,FIFO,LocalAllocation,768,4,6,0.1605,0.3717,2.3158878504672895,24,0,24,0
thrashing,synthetic,,FIFO,LocalAllocation,768,4,7,0.2114,1.14,5.392620624408704,1500,1404,1500,366
thrashing,synthetic,,FIFO,LocalAllocation,768,5,0,0.1848,0.385,2.0833333333333335,96,0,96,0
thrashing,synthetic,,FIFO,LocalAllocation,768,5,1,0.1876,1.1106,5.9200426439232405,1500,1404,1500,417
thrashing,synthetic,,FIFO,LocalAllocation,768,5,2,0.1925,1.1315,5.8779220779220775,1500,1404,1500,461
thrashing,synthetic,,FIFO,LocalAllocation,768,5,3,0.1946,1.1129,5.718910585817061,1500,1404,1500,390
thrashing,synthetic,,FIFO,LocalAllocation,768,5,4,0.1952,1.1098,5.685450819672131,1500,1404,1500,426
thrashing,synthetic,,FIFO,LocalAllocation,768,5,5,0.1979,1.1051,5.584133400707428,1500,1404,1500,395
thrashing,synthetic,,FIFO,LocalAllocation,768,5,6,0.1602,0.3655,2.281523096129838,24,0,24,0
thrashing,synthetic,,FIFO,LocalAllocation,768,5,7,0.2098,1.1074,5.2783603431839845,1500,1404,1500,425
thrashing,synthetic,,FIFO,LocalAllocation,768,6,0,0.1876,0.3854,2.0543710021321964,96,0,96,0
thrashing,synthetic,,FIFO,LocalAllocation,768,6,1,0.1891,1.1114,5.877313590692755,1500,1404,1500,422
thrashing,synthetic,,FIFO,LocalAllocation,768,6,2,0.1937,1.1225,5.795043882292204,1500,1404,1500,419
thrashing,synthetic,,FIFO,LocalAllocation,768,6,3,0.1949,1.1159,5.7255002565418165,1500,1404,1500,417
thrashing,synthetic,,FIFO,LocalAllocation,768,6,4,0.2034,1.1056,5.4355948869223205,1500,1404,1500,397
thrashing,synthetic,,FIFO,LocalAllocation,768,6,5,0.1991,1.106,5.554997488699146,1500,1404,1500,417
thrashing,synthetic,,FIFO,LocalAllocation,768,6,6,0.1623,0.3612,2.22550831792976,24,0,24,0
thrashing,synthetic,,FIFO,LocalAllocation,768,6,7,0.2153,1.1076,5.144449605202044,1500,1404,1500,419
thrashing,synthetic,,FIFO,LocalAllocation,768,7,0,0.1877,0.391,2.083111347895578,96,0,96,0
thrashing,synthetic,,FIFO,LocalAllocation,768,7,1,0.1932,1.1117,5.754140786749482,1500,1404,1500,407
thrashing,synthetic,,FIFO,LocalAllocation,768,7,2,0.1946,1.1539,5.9295991778006165,1500,1404,1500,445
thrashing,synthetic,,FIFO,LocalAllocation,768,7,3,0.1971,1.1191,5.677828513444952,1500,1404,1500,405
thrashing,synthetic,,FIFO,LocalAllocation,768,7,4,0.1985,1.1124,5.604030226700252,1500,1404,1500,421
thrashing,synthetic,,FIFO,LocalAllocation,768,7,5,0.205,1.1051,5.390731707317073,1500,1404,1500,410
thrashing,synthetic,,FIFO,LocalAllocation,768,7,6,0.1637,0.3625,2.2144166157605376,24,0,24,0
thrashing,synthetic,,FIFO,LocalAllocation,768,7,7,0.2115,1.1113,5.2543735224586285,1500,1404,1500,397
thrashing,synthetic,,FIFO,LocalAllocation,768,8,0,0.1838,0.3839,2.088683351468988,96,0,96,0
thrashing,synthetic,,FIFO,LocalAllocation,768,8,1,0.1873,1.1195,5.977042178323545,1500,1404,1500,422
thrashing,synthetic,,FIFO,LocalAllocation,768,8,2,0.189,1.1359,6.01005291005291,1500,1404,1500,407
thrashing,synthetic,,FIFO,LocalAllocation,768,8,3,0.1932,1.1172,5.782608695652174,1500,1404,1500,420
thrashing,synthetic,,FIFO,LocalAllocation,768,8,4,0.1988,1.1124,5.5955734406438635,1500,1404,1500,402
thrashing,synthetic,,FIFO,LocalAllocation,768,8,5,0.2044,1.1115,5.437866927592955,1500,1404,1500,420
thrashing,synthetic,,FIFO,LocalAllocation,768,8,6,0.1593,0.3606,2.263653483992467,24,0,24,0
thrashing,synthetic,,FIFO,LocalAllocation,768,8,7,0.2141,1.1146,5.205978514712751,1500,1404,1500,430
thrashing,synthetic,,FIFO,LocalAllocation,768,9,0,0.1862,0.4087,2.194951664876477,96,0,96,0
thrashing,synthetic,,FIFO,LocalAllocation,768,9,1,0.1888,1.1705,6.1996822033898304,1500,1404,1500,421
thrashing,synthetic,,FIFO,LocalAllocation,768,9,2,0.1937,1.1803,6.093443469282396,1500,1404,1500,450
thrashing,synthetic,,FIFO,LocalAllocation,768,9,3,0.1914,1.1757,6.1426332288401255,1500,1404,1500,414
thrashing,synthetic,,FIFO,LocalAllocation,768,9,4,0.205,1.1919,5.814146341463415,1500,1404,1500,433
thrashing,synthetic,,FIFO,LocalAllocation,768,9,5,0.2038,1.1739,5.760058881256134,1500,1404,1500,418
thrashing,synthetic,,FIFO,LocalAllocation,768,9,6,0.1616,0.3821,2.364480198019802,24,0,24,0
thrashing,synthetic,,FIFO,LocalAllocation,768,9,7,0.2112,1.1637,5.509943181818182,1500,1404,1500,389
thrashing,synthetic,,FIFO,ProportionalAllocation,768,0,0,0.1759,1.2585,7.154633314383172,1500,1424,1500,443
thrashing,synthetic,,FIFO,ProportionalAllocation,768,0,1,0.1818,1.1781,6.48019801980198,1500,1414,1500,445
thrashing,synthetic,,FIFO,ProportionalAllocation,768,0,2,0.1825,1.3077,7.165479452054795,1500,1404,1500,395
thrashing,synthetic,,FIFO,ProportionalAllocation,768,0,3,0.1913,1.1705,6.118661787767904,1500,1395,1500,470
thrashing,synthetic,,FIFO,ProportionalAllocation,768,0,4,0.1867,1.1684,6.258168184252812,1500,1384,1500,419
thrashing,synthetic,,FIFO,ProportionalAllocation,768,0,5,0.1917,3.0546,15.934272300469484,1500,1375,1500,415
thrashing,synthetic,,FIFO,ProportionalAllocation,768,0,6,0.1604,1.2096,7.541147132169576,1500,1481,1500,403
thrashing,synthetic,,FIFO,ProportionalAllocation,768,0,7,0.2114,1.1758,5.561967833491012,1500,1355,1500,419
thrashing,synthetic,,FIFO,ProportionalAllocation,768,1,0,0.1865,1.1331,6.075603217158177,1500,1424,1500,446
thrashing,synthetic,,FIFO,ProportionalAllocation,768,1,1,0.1859,1.1392,6.128025820333512,1500,1414,1500,382
thrashing,synthetic,,FIFO,ProportionalAllocation,768,1,2,0.1922,1.1113,5.781997918834548,1500,1404,1500,397
thrashing,synthetic,,FIFO,ProportionalAllocation,768,1,3,0.1959,1.1324,5.780500255232261,1500,1395,1500,430
thrashing,synthetic,,FIFO,ProportionalAllocation,768,1,4,0.1976,1.1155,5.645242914979757,1500,1384,1500,434
thrashing,synthetic,,FIFO,ProportionalAllocation,768,1,5,0.2004,1.2304,6.139720558882235,1500,1375,1500,371
thrashing,synthetic,,FIFO,ProportionalAllocation,768,1,6,0.159,1.1677,7.344025157232704,1500,1481,1500,435
thrashing,synthetic,,FIFO,ProportionalAllocation,768,1,7,0.2118,1.1223,5.298866855524079,1500,1355,1500,415
thrashing,synthetic,,FIFO,ProportionalAllocation,768,2,0,0.1874,1.1349,6.056029882604055,1500,1424,1500,437
thrashing,synthetic,,FIFO,ProportionalAllocation,768,2,1,0.1881,1.1436,6.0797448165869215,1500,1414,1500,412
thrashing,synthetic,,FIFO,ProportionalAllocation,768,2,2,0.1914,1.1222,5.863113897596656,1500,1404,1500,413
thrashing,synthetic,,FIFO,ProportionalAllocation,768,2,3,0.1936,1.1329,5.851756198347108,1500,1395,1500,414
thrashing,synthetic,,FIFO,ProportionalAllocation,768,2,4,0.1974,1.1159,5.652988855116515,1500,1384,1500,389
thrashing,synthetic,,FIFO,ProportionalAllocation,768,2,5,0.2006,1.1168,5.567298105682951,1500,1375,1500,404
thrashing,synthetic,,FIFO,ProportionalAllocation,768,2,6,0.1616,1.1966,7.40470297029703,1500,1481,1500,483
thrashing,synthetic,,FIFO,ProportionalAllocation,768,2,7,0.2117,1.1264,5.320736891828059,1500,1355,1500,390
thrashing,synthetic,,FIFO,ProportionalAllocation,768,3,0,0.188,1.1258,5.988297872340426,1500,1424,1500,403
thrashing,synthetic,,FIFO,ProportionalAllocation,768,3,1,0.1866,1.1356,6.085744908896034,1500,1414,1500,426
thrashing,synthetic,,FIFO,ProportionalAllocation,768,3,2,0.1912,1.1128,5.820083682008368,1500,1404,1500,413
thrashing,synthetic,,FIFO,ProportionalAllocation,768,3,3,0.196,1.1236,5.7326530612244895,1500,1395,1500,407
thrashing,synthetic,,FIFO,ProportionalAllocation,768,3,4,0.1945,1.1086,5.69974293059126,1500,1384,1500,392
thrashing,synthetic,,FIFO,ProportionalAllocation,768,3,5,0.2056,1.1082,5.3900778210116735,1500,1375,1500,402
thrashing,synthetic,,FIFO,ProportionalAllocation,768,3,6,0.1669,1.2077,7.236069502696226,1500,1481,1500,435
thrashing,synthetic,,FIFO,ProportionalAllocation,768,3,7,0.2159,1.1154,5.166280685502548,1500,1355,1500,409
thrashing,synthetic,,FIFO,ProportionalAllocation,768,4,0,0.1824,1.1349,6.222039473684211,1500,1424,1500,386
thrashing,synthetic,,FIFO,ProportionalAllocation,768,4,1,0.1871,1.1347,6.064671298770711,1500,1414,1500,436
thrashing,synthetic,,FIFO,ProportionalAllocation,768,4,2,0.1905,1.1149,5.85249343832021,1500,1404,1500,410
thrashing,synthetic,,FIFO,ProportionalAllocation,768,4,3,0.1954,1.1742,6.00921187308086,1500,1395,1500,423
thrashing,synthetic,,FIFO,ProportionalAllocation,768,4,4,0.1993,1.1226,5.632714500752634,1500,1384,1500,410
thrashing,synthetic,,FIFO,ProportionalAllocation,768,4,5,0.1988,1.118,5.6237424547283705,1500,1375,1500,392
thrashing,synthetic,,FIFO,ProportionalAllocation,768,4,6,0.1624,1.1814,7.274630541871921,1500,1481,1500,467
thrashing,synthetic,,FIFO,ProportionalAllocation,768,4,7,0.2068,1.1188,5.4100580270793035,1500,1355,1500,360
thrashing,synthetic,,FIFO,ProportionalAllocation,768,5,0,0.1866,1.144,6.130760986066452,1500,1424,1500,420
thrashing,synthetic,,FIFO,ProportionalAllocation,768,5,1,0.1874,1.1397,6.081643543223052,1500,1414,1500,419
thrashing,synthetic,,FIFO,ProportionalAllocation,768,5,2,0.1969,1.1243,5.710005078720163,1500,1404,1500,461
thrashing,synthetic,,FIFO,ProportionalAllocation,768,5,3,0.192,1.1277,5.8734375,1500,1395,1500,387
thrashing,synthetic,,FIFO,ProportionalAllocation,768,5,4,0.1971,1.1256,5.710806697108067,1500,1384,1500,420
thrashing,synthetic,,FIFO,ProportionalAllocation,768,5,5,0.1999,1.1176,5.59079539769885,1500,1375,1500,387
thrashing,synthetic,,FIFO,ProportionalAllocation,768,5,6,0.1607,1.1771,7.32482887367766,1500,1481,1500,429
thrashing,synthetic,,FIFO,ProportionalAllocation,768,5,7,0.2083,1.1298,5.423907825252041,1500,1355,1500,413
thrashing,synthetic,,FIFO,ProportionalAllocation,768,6,0,0.1736,1.0238,5.897465437788019,1500,1424,1500,437
thrashing,synthetic,,FIFO,ProportionalAllocation,768,6,1,0.1723,1.034,6.00116076610563,1500,1414,1500,424
thrashing,synthetic,,FIFO,ProportionalAllocation,768,6,2,0.1774,1.0123,5.706313416009019,1500,1404,1500,419
thrashing,synthetic,,FIFO,ProportionalAllocation,768,6,3,0.1847,1.0216,5.531131564699512,1500,1395,1500,413
thrashing,synthetic,,FIFO,ProportionalAllocation,768,6,4,0.1798,1.0081,5.60678531701891,1500,1384,1500,391
thrashing,synthetic,,FIFO,ProportionalAllocation,768,6,5,0.186,1.0206,5.487096774193549,1500,1375,1500,410
thrashing,synthetic,,FIFO,ProportionalAllocation,768,6,6,0.1453,1.0665,7.339986235375086,1500,1481,1500,434
thrashing,synthetic,,FIFO,ProportionalAllocation,768,6,7,0.1899,1.0137,5.338072669826224,1500,1355,1500,407
thrashing,synthetic,,FIFO,ProportionalAllocation,768,7,0,0.1867,1.1378,6.094268880557044,1500,1424,1500,428
thrashing,synthetic,,FIFO,ProportionalAllocation,768,7,1,0.1907,1.1449,6.003670686942842,1500,1414,1500,412
thrashing,synthetic,,FIFO,ProportionalAllocation,768,7,2,0.189,1.1224,5.938624338624338,1500,1404,1500,445
thrashing,synthetic,,FIFO,ProportionalAllocation,768,7,3,0.1922,1.1383,5.922476586888657,1500,1395,1500,402
thrashing,synthetic,,FIFO,ProportionalAllocation,768,7,4,0.1975,1.1163,5.652151898734177,1500,1384,1500,415
thrashing,synthetic,,FIFO,ProportionalAllocation,768,7,5,0.1992,1.1215,5.630020080321285,1500,1375,1500,401
thrashing,synthetic,,FIFO,ProportionalAllocation,768,7,6,0.1636,1.1721,7.16442542787286,1500,1481,1500,431
thrashing,synthetic,,FIFO,ProportionalAllocation,768,7,7,0.2113,1.1236,5.317557974443918,1500,1355,1500,384
thrashing,synthetic,,FIFO,ProportionalAllocation,768,8,0,0.1858,1.1258,6.059203444564047,1500,1424,1500,396
thrashing,synthetic,,FIFO,ProportionalAllocation,768,8,1,0.1887,1.1471,6.078961314255432,1500,1414,1500,424
thrashing,synthetic,,FIFO,ProportionalAllocation,768,8,2,0.1916,1.1167,5.828288100208768,1500,1404,1500,407
thrashing,synthetic,,FIFO,ProportionalAllocation,768,8,3,0.1981,1.1296,5.702170620898536,1500,1395,1500,418
thrashing,synthetic,,FIFO,ProportionalAllocation,768,8,4,0.1974,1.1122,5.634245187436677,1500,1384,1500,394
thrashing,synthetic,,FIFO,ProportionalAllocation,768,8,5,0.2,1.1179,5.5895,1500,1375,1500,411
thrashing,synthetic,,FIFO,ProportionalAllocation,768,8,6,0.1614,1.1796,7.308550185873606,1500,1481,1500,422
thrashing,synthetic,,FIFO,ProportionalAllocation,768,8,7,0.2102,1.2295,5.849191246431969,1500,1355,1500,412
thrashing,synthetic,,FIFO,ProportionalAllocation,768,9,0,0.1918,1.2821,6.684567257559959,1500,1424,1500,425
thrashing,synthetic,,FIFO,ProportionalAllocation,768,9,1,0.1879,1.3054,6.947312400212879,1500,1414,1500,426
thrashing,synthetic,,FIFO,ProportionalAllocation,768,9,2,0.1968,1.2586,6.395325203252033,1500,1404,1500,450
thrashing,synthetic,,FIFO,ProportionalAllocation,768,9,3,0.2167,1.2978,5.988924780802954,1500,1395,1500,411
thrashing,synthetic,,FIFO,ProportionalAllocation,768,9,4,0.1997,1.2817,6.418127190786179,1500,1384,1500,430
thrashing,synthetic,,FIFO,ProportionalAllocation,768,9,5,0.2062,1.2521,6.072259941804074,1500,1375,1500,412
thrashing,synthetic,,FIFO,ProportionalAllocation,768,9,6,0.1648,1.33,8.070388349514563,1500,1481,1500,459
thrashing,synthetic,,FIFO,ProportionalAllocation,768,9,7,0.2179,1.2645,5.803120697567691,1500,1355,1500,375
thrashing,synthetic,,LRU,GlobalAllocation,768,0,0,0.627,0.9851,1.5711323763955343,181,,,
thrashing,synthetic,,LRU,GlobalAllocation,768,0,1,0.6444,2.2491,3.4902234636871508,997,,,
thrashing,synthetic,,LRU,GlobalAllocation,768,0,2,0.7445,2.5511,3.426595030221625,1374,,,
thrashing,synthetic,,LRU,GlobalAllocation,768,0,3,0.6521,2.5716,3.94356693758626,1500,,,
thrashing,synthetic,,LRU,GlobalAllocation,768,0,4,0.3146,4.9032,15.585505403687222,1500,,,
thrashing,synthetic,,LRU,GlobalAllocation,768,0,5,0.3234,2.5922,8.015460729746444,1500,,,
thrashing,synthetic,,LRU,GlobalAllocation,768,0,6,0.2683,1.0068,3.752515840477078,24,,,
thrashing,synthetic,,LRU,GlobalAllocation,768,0,7,0.339,2.6505,7.81858407079646,1500,,,
thrashing,synthetic,,LRU,GlobalAllocation,768,1,0,0.307,0.8231,2.6811074918566775,184,,,
thrashing,synthetic,,LRU,GlobalAllocation,768,1,1,0.3021,1.5584,5.158556769281695,887,,,
thrashing,synthetic,,LRU,GlobalAllocation,768,1,2,0.3153,2.0549,6.517285125277514,1381,,,
thrashing,synthetic,,LRU,GlobalAllocation,768,1,3,0.3154,2.1561,6.8360811667723524,1445,,,
thrashing,synthetic,,LRU,GlobalAllocation,768,1,4,0.3195,2.0195,6.320813771517997,1458,,,
thrashing,synthetic,,LRU,GlobalAllocation,768,1,5,0.3211,2.0672,6.437869822485207,1500,,,
thrashing,synthetic,,LRU,GlobalAllocation,768,1,6,0.2764,0.7762,2.808248914616498,24,,,
thrashing,synthetic,,LRU,GlobalAllocation,768,1,7,0.3287,2.1018,6.394280498935199,1500,,,
thrashing,synthetic,,LRU,GlobalAllocation,768,2,0,0.3082,0.8169,2.6505515898767036,196,,,
thrashing,synthetic,,LRU,GlobalAllocation,768,2,1,0.3165,1.5721,4.967140600315956,857,,,
thrashing,synthetic,,LRU,GlobalAllocation,768,2,2,0.311,1.9486,6.265594855305467,1184,,,
thrashing,synthetic,,LRU,GlobalAllocation,768,2,3,0.3117,2.0755,6.6586461341033045,1500,,,
thrashing,synthetic,,LRU,GlobalAllocation,768,2,4,0.3228,2.1238,6.579306071871128,1500,,,
thrashing,synthetic,,LRU,GlobalAllocation,768,2,5,0.3186,2.0952,6.576271186440678,1500,,,
thrashing,synthetic,,LRU,GlobalAllocation,768,2,6,0.2765,0.7789,2.816998191681736,24,,,
thrashing,synthetic,,LRU,GlobalAllocation,768,2,7,0.3276,2.0415,6.231684981684982,1500,,,
thrashing,synthetic,,LRU,GlobalAllocation,768,3,0,0.6085,0.9969,1.638290879211175,226,,,
thrashing,synthetic,,LRU,GlobalAllocation,768,3,1,0.6817,1.7058,2.5022737274460907,709,,,
thrashing,synthetic,,LRU,GlobalAllocation,768,3,2,0.6793,2.3156,3.408803179743854,1280,,,
thrashing,synthetic,,LRU,GlobalAllocation,768,3,3,0.629,2.5201,4.006518282988871,1448,,,
thrashing,synthetic,,LRU,GlobalAllocation,768,3,4,0.6946,2.3968,3.450619061330262,1500,,,
thrashing,synthetic,,LRU,GlobalAllocation,768,3,5,0.6911,2.5325,3.664447981478802,1482,,,
thrashing,synthetic,,LRU,GlobalAllocation,768,3,6,0.5803,0.953,1.642254006548337,24,,,
thrashing,synthetic,,LRU,GlobalAllocation,768,3,7,0.7118,2.4727,3.473869064343917,1500,,,
thrashing,synthetic,,LRU,GlobalAllocation,768,4,0,0.3049,0.8235,2.700885536241391,205,,,
thrashing,synthetic,,LRU,GlobalAllocation,768,4,1,0.3065,1.6941,5.527243066884176,948,,,
thrashing,synthetic,,LRU,GlobalAllocation,768,4,2,0.3205,1.7453,5.4455538221528865,1099,,,
thrashing,synthetic,,LRU,GlobalAllocation,768,4,3,0.3239,2.1134,6.52485334979932,1499,,,
thrashing,synthetic,,LRU,GlobalAllocation,768,4,4,0.3124,2.0722,6.633162612035852,1500,,,
thrashing,synthetic,,LRU,GlobalAllocation,768,4,5,0.3198,2.1766,6.806128830519074,1500,,,
thrashing,synthetic,,LRU,GlobalAllocation,768,4,6,0.2789,0.7818,2.8031552527787738,24,,,
thrashing,synthetic,,LRU,GlobalAllocation,768,4,7,0.329,2.1171,6.434954407294833,1500,,,
thrashing,synthetic,,LRU,GlobalAllocation,768,5,0,0.3052,0.8223,2.6942988204456095,212,,,
thrashing,synthetic,,LRU,GlobalAllocation,768,5,1,0.3082,1.511,4.902660609993511,785,,,
thrashing,synthetic,,LRU,GlobalAllocation,768,5,2,0.313,1.8819,6.012460063897763,1230,,,
thrashing,synthetic,,LRU,GlobalAllocation,768,5,3,0.3091,2.1197,6.857651245551601,1477,,,
thrashing,synthetic,,LRU,GlobalAllocation,768,5,4,0.3119,2.1863,7.009618467457519,1500,,,
thrashing,synthetic,,LRU,GlobalAllocation,768,5,5,0.3206,2.0648,6.4404242046163445,1486,,,
thrashing,synthetic,,LRU,GlobalAllocation,768,5,6,0.2794,0.7915,2.832856120257695,24,,,
thrashing,synthetic,,LRU,GlobalAllocation,768,5,7,0.3324,2.0803,6.258423586040915,1500,,,
thrashing,synthetic,,LRU,GlobalAllocation,768,6,0,0.3063,0.9079,2.9640874959190335,212,,,
thrashing,synthetic,,LRU,GlobalAllocation,768,6,1,0.7178,1.4605,2.0346893285037613,750,,,
thrashing,synthetic,,LRU,GlobalAllocation,768,6,2,0.6361,2.0834,3.2752711837761357,1365,,,
thrashing,synthetic,,LRU,GlobalAllocation,768,6,3,0.6995,2.1801,3.116654753395282,1500,,,
thrashing,synthetic,,LRU,GlobalAllocation,768,6,4,0.7249,2.1711,2.995033797765209,1500,,,
thrashing,synthetic,,LRU,GlobalAllocation,768,6,5,0.6441,2.1379,3.31920509237696,1500,,,
thrashing,synthetic,,LRU,GlobalAllocation,768,6,6,0.632,0.7976,1.2620253164556963,24,,,
thrashing,synthetic,,LRU,GlobalAllocation,768,6,7,0.7227,2.178,3.0136986301369864,1500,,,
thrashing,synthetic,,LRU,GlobalAllocation,768,7,0,0.3094,0.8892,2.8739495798319328,266,,,
thrashing,synthetic,,LRU,GlobalAllocation,768,7,1,0.3066,1.6306,5.31833007175473,953,,,
thrashing,synthetic,,LRU,GlobalAllocation,768,7,2,0.3118,2.0109,6.449326491340603,1352,,,
thrashing,synthetic,,LRU,GlobalAllocation,768,7,3,0.312,2.1755,6.972756410256411,1500,,,
thrashing,synthetic,,LRU,GlobalAllocation,768,7,4,0.3157,2.0901,6.620525815647767,1500,,,
thrashing,synthetic,,LRU,GlobalAllocation,768,7,5,0.3177,2.1741,6.8432483474976395,1500,,,
thrashing,synthetic,,LRU,GlobalAllocation,768,7,6,0.2764,0.7996,2.8929088277858175,24,,,
thrashing,synthetic,,LRU,GlobalAllocation,768,7,7,0.3276,2.0566,6.277777777777778,1500,,,
thrashing,synthetic,,LRU,GlobalAllocation,768,8,0,0.3033,0.8226,2.712166172106825,182,,,
thrashing,synthetic,,LRU,GlobalAllocation,768,8,1,0.3086,1.5754,5.1049902786779,862,,,
thrashing,synthetic,,LRU,GlobalAllocation,768,8,2,0.3095,1.9755,6.382875605815832,1284,,,
thrashing,synthetic,,LRU,GlobalAllocation,768,8,3,0.3128,2.1734,6.948209718670077,1488,,,
thrashing,synthetic,,LRU,GlobalAllocation,768,8,4,0.3127,2.1724,6.947233770386952,1500,,,
thrashing,synthetic,,LRU,GlobalAllocation,768,8,5,0.3466,2.2181,6.399596076168494,1500,,,
thrashing,synthetic,,LRU,GlobalAllocation,768,8,6,0.2735,0.8,2.9250457038391224,24,,,
thrashing,synthetic,,LRU,GlobalAllocation,768,8,7,0.3344,2.2698,6.787679425837321,1500,,,
thrashing,synthetic,,LRU,GlobalAllocation,768,9,0,0.308,1.0174,3.303246753246753,307,,,
thrashing,synthetic,,LRU,GlobalAllocation,768,9,1,0.3055,1.3077,4.280523731587562,573,,,
thrashing,synthetic,,LRU,GlobalAllocation,768,9,2,0.3115,2.0781,6.6712680577849115,1400,,,
thrashing,synthetic,,LRU,GlobalAllocation,768,9,3,0.3186,2.1909,6.876647834274953,1498,,,
thrashing,synthetic,,LRU,GlobalAllocation,768,9,4,0.3154,2.1355,6.770767279644895,1498,,,
thrashing,synthetic,,LRU,GlobalAllocation,768,9,5,0.3144,2.2326,7.101145038167939,1500,,,
thrashing,synthetic,,LRU,GlobalAllocation,768,9,6,0.2772,0.8055,2.905844155844156,24,,,
thrashing,synthetic,,LRU,GlobalAllocation,768,9,7,0.3288,2.1762,6.618613138686132,1500,,,
thrashing,synthetic,,LRU,LocalAllocation,768,0,0,0.3471,0.5581,1.6078939786804956,96,0,96,0
thrashing,synthetic,,LRU,LocalAllocation,768,0,1,0.3042,1.4553,4.784023668639053,1500,1404,1500,442
thrashing,synthetic,,LRU,LocalAllocation,768,0,2,0.3124,1.3786,4.412932138284251,1500,1404,1500,395
thrashing,synthetic,,LRU,LocalAllocation,768,0,3,0.32,1.3946,4.358125,1500,1404,1500,470
thrashing,synthetic,,LRU,LocalAllocation,768,0,4,0.3202,1.4371,4.488132417239226,1500,1404,1500,426
thrashing,synthetic,,LRU,LocalAllocation,768,0,5,0.3202,1.4626,4.567770143660212,1500,1404,1500,421
thrashing,synthetic,,LRU,LocalAllocation,768,0,6,0.2843,0.5271,1.854027435807246,24,0,24,0
thrashing,synthetic,,LRU,LocalAllocation,768,0,7,0.3278,1.3976,4.263575350823673,1500,1404,1500,435
thrashing,synthetic,,LRU,LocalAllocation,768,1,0,0.3034,0.5552,1.829927488464074,96,0,96,0
thrashing,synthetic,,LRU,LocalAllocation,768,1,1,0.3031,1.3634,4.498185417354009,1500,1404,1500,378
thrashing,synthetic,,LRU,LocalAllocation,768,1,2,0.311,1.3798,4.436655948553055,1500,1404,1500,397
thrashing,synthetic,,LRU,LocalAllocation,768,1,3,0.3213,1.3756,4.28135698723934,1500,1404,1500,432
thrashing,synthetic,,LRU,LocalAllocation,768,1,4,0.7024,1.3948,1.9857630979498861,1500,1404,1500,438
thrashing,synthetic,,LRU,LocalAllocation,768,1,5,0.6723,1.3852,2.060389706976052,1500,1404,1500,379
thrashing,synthetic,,LRU,LocalAllocation,768,1,6,0.6275,0.5266,0.839203187250996,24,0,24,0
thrashing,synthetic,,LRU,LocalAllocation,768,1,7,0.7062,1.3821,1.9570943075615972,1500,1404,1500,431
thrashing,synthetic,,LRU,LocalAllocation,768,2,0,0.3031,0.5447,1.7970966677664137,96,0,96,0
thrashing,synthetic,,LRU,LocalAllocation,768,2,1,0.3072,1.3511,4.398111979166667,1500,1404,1500,410
thrashing,synthetic,,LRU,LocalAllocation,768,2,2,0.3139,1.3681,4.358394393118828,1500,1404,1500,413
thrashing,synthetic,,LRU,LocalAllocation,768,2,3,0.3182,1.3555,4.259899434318039,1500,1404,1500,415
thrashing,synthetic,,LRU,LocalAllocation,768,2,4,0.3454,1.3588,3.9339895773016793,1500,1404,1500,398
thrashing,synthetic,,LRU,LocalAllocation,768,2,5,0.3205,1.3508,4.2146645865834635,1500,1404,1500,416
thrashing,synthetic,,LRU,LocalAllocation,768,2,6,0.281,0.5128,1.8249110320284698,24,0,24,0
thrashing,synthetic,,LRU,LocalAllocation,768,2,7,0.3229,1.3565,4.200991018891298,1500,1404,1500,407
thrashing,synthetic,,LRU,LocalAllocation,768,3,0,0.3099,0.5479,1.7679896740884156,96,0,96,0
thrashing,synthetic,,LRU,LocalAllocation,768,3,1,0.3048,1.3764,4.515748031496063,1500,1404,1500,424
thrashing,synthetic,,LRU,LocalAllocation,768,3,2,0.3137,1.364,4.348103283391776,1500,1404,1500,413
thrashing,synthetic,,LRU,LocalAllocation,768,3,3,0.3143,1.358,4.320712694877505,1500,1404,1500,408
thrashing,synthetic,,LRU,LocalAllocation,768,3,4,0.3152,1.3682,4.340736040609137,1500,1404,1500,396
thrashing,synthetic,,LRU,LocalAllocation,768,3,5,0.3224,1.3599,4.218052109181142,1500,1404,1500,408
thrashing,synthetic,,LRU,LocalAllocation,768,3,6,0.2774,0.5212,1.8788752703677,24,0,24,0
thrashing,synthetic,,LRU,LocalAllocation,768,3,7,0.338,1.3726,4.06094674556213,1500,1404,1500,426
thrashing,synthetic,,LRU,LocalAllocation,768,4,0,0.2996,0.5432,1.8130841121495327,96,0,96,0
thrashing,synthetic,,LRU,LocalAllocation,768,4,1,0.3106,1.3658,4.397295556986478,1500,1404,1500,434
thrashing,synthetic,,LRU,LocalAllocation,768,4,2,0.3155,1.376,4.361331220285262,1500,1404,1500,410
thrashing,synthetic,,LRU,LocalAllocation,768,4,3,0.3128,1.3772,4.4028132992327365,1500,1404,1500,424
thrashing,synthetic,,LRU,LocalAllocation,768,4,4,0.3112,1.378,4.428020565552699,1500,1404,1500,416
thrashing,synthetic,,LRU,LocalAllocation,768,4,5,0.3155,1.3643,4.324247226624406,1500,1404,1500,404
thrashing,synthetic,,LRU,LocalAllocation,768,4,6,0.2804,0.5213,1.8591298145506419,24,0,24,0
thrashing,synthetic,,LRU,LocalAllocation,768,4,7,0.3282,1.3799,4.204448507007922,1500,1404,1500,366
thrashing,synthetic,,LRU,LocalAllocation,768,5,0,0.3076,0.543,1.7652795838751625,96,0,96,0
thrashing,synthetic,,LRU,LocalAllocation,768,5,1,0.3313,1.3472,4.0664050709326895,1500,1404,1500,417
thrashing,synthetic,,LRU,LocalAllocation,768,5,2,0.3198,1.3543,4.234834271419637,1500,1404,1500,461
thrashing,synthetic,,LRU,LocalAllocation,768,5,3,0.3093,1.3533,4.375363724539282,1500,1404,1500,390
thrashing,synthetic,,LRU,LocalAllocation,768,5,4,0.3141,1.3684,4.356574339382362,1500,1404,1500,426
thrashing,synthetic,,LRU,LocalAllocation,768,5,5,0.3241,1.355,4.18080839247146,1500,1404,1500,395
thrashing,synthetic,,LRU,LocalAllocation,768,5,6,0.2782,0.5163,1.8558590941768511,24,0,24,0
thrashing,synthetic,,LRU,LocalAllocation,768,5,7,0.3291,1.3546,4.116074141598299,1500,1404,1500,425
thrashing,synthetic,,LRU,LocalAllocation,768,6,0,0.3131,0.5501,1.7569466624081762,96,0,96,0
thrashing,synthetic,,LRU,LocalAllocation,768,6,1,0.3044,1.3759,4.5200394218134035,1500,1404,1500,422
thrashing,synthetic,,LRU,LocalAllocation,768,6,2,0.3078,1.367,4.4411955815464585,1500,1404,1500,419
thrashing,synthetic,,LRU,LocalAllocation,768,6,3,0.3105,1.3673,4.40354267310789,1500,1404,1500,417
thrashing,synthetic,,LRU,LocalAllocation,768,6,4,0.3135,1.3664,4.358532695374801,1500,1404,1500,397
thrashing,synthetic,,LRU,LocalAllocation,768,6,5,0.3196,1.3554,4.240926157697121,1500,1404,1500,417
thrashing,synthetic,,LRU,LocalAllocation,768,6,6,0.2833,0.5134,1.8122132015531238,24,0,24,0
thrashing,synthetic,,LRU,LocalAllocation,768,6,7,0.3249,1.3708,4.219144352108341,1500,1404,1500,419
thrashing,synthetic,,LRU,LocalAllocation,768,7,0,0.3044,0.567,1.8626806833114322,96,0,96,0
thrashing,synthetic,,LRU,LocalAllocation,768,7,1,0.3032,1.3835,4.562994722955145,1500,1404,1500,407
thrashing,synthetic,,LRU,LocalAllocation,768,7,2,0.3054,1.449,4.744597249508841,1500,1404,1500,445
thrashing,synthetic,,LRU,LocalAllocation,768,7,3,0.3119,1.4276,4.577108047451106,1500,1404,1500,405
thrashing,synthetic,,LRU,LocalAllocation,768,7,4,0.3157,1.4107,4.46848273677542,1500,1404,1500,421
thrashing,synthetic,,LRU,LocalAllocation,768,7,5,0.3137,1.4102,4.4953777494421425,1500,1404,1500,410
thrashing,synthetic,,LRU,LocalAllocation,768,7,6,0.2732,0.53,1.9399707174231333,24,0,24,0
thrashing,synthetic,,LRU,LocalAllocation,768,7,7,0.3248,1.3991,4.307573891625616,1500,1404,1500,397
thrashing,synthetic,,LRU,LocalAllocation,768,8,0,0.3005,0.545,1.8136439267886855,96,0,96,0
thrashing,synthetic,,LRU,LocalAllocation,768,8,1,0.3057,1.3515,4.421000981354269,1500,1404,1500,422
thrashing,synthetic,,LRU,LocalAllocation,768,8,2,0.3175,1.3901,4.378267716535433,1500,1404,1500,407
thrashing,synthetic,,LRU,LocalAllocation,768,8,3,0.315,1.357,4.307936507936508,1500,1404,1500,420
thrashing,synthetic,,LRU,LocalAllocation,768,8,4,0.3144,1.3588,4.321882951653944,1500,1404,1500,402
thrashing,synthetic,,LRU,LocalAllocation,768,8,5,0.3136,1.3542,4.318239795918367,1500,1404,1500,420
thrashing,synthetic,,LRU,LocalAllocation,768,8,6,0.2757,0.5141,1.864708015959376,24,0,24,0
thrashing,synthetic,,LRU,LocalAllocation,768,8,7,0.3296,1.3575,4.118628640776699,1500,1404,1500,430
thrashing,synthetic,,LRU,LocalAllocation,768,9,0,0.3012,0.5457,1.8117529880478087,96,0,96,0
thrashing,synthetic,,LRU,LocalAllocation,768,9,1,0.3093,1.3674,4.4209505334626575,1500,1404,1500,421
thrashing,synthetic,,LRU,LocalAllocation,768,9,2,0.3094,1.3662,4.415643180349063,1500,1404,1500,450
thrashing,synthetic,,LRU,LocalAllocation,768,9,3,0.3138,1.3721,4.372530274059911,1500,1404,1500,414
thrashing,synthetic,,LRU,LocalAllocation,768,9,4,0.3173,1.3751,4.333753545540498,1500,1404,1500,433
thrashing,synthetic,,LRU,LocalAllocation,768,9,5,0.3194,1.3623,4.265184721352536,1500,1404,1500,418
thrashing,synthetic,,LRU,LocalAllocation,768,9,6,0.2746,0.5163,1.880189366351056,24,0,24,0
thrashing,synthetic,,LRU,LocalAllocation,768,9,7,0.3257,1.3596,4.174393613754989,1500,1404,1500,389
thrashing,synthetic,,LRU,ProportionalAllocation,768,0,0,0.3029,1.4027,4.630901287553648,1500,1424,1500,443
thrashing,synthetic,,LRU,ProportionalAllocation,768,0,1,0.3067,1.399,4.561460710792305,1500,1414,1500,445
thrashing,synthetic,,LRU,ProportionalAllocation,768,0,2,0.3081,1.3646,4.42908146705615,1500,1404,1500,395
thrashing,synthetic,,LRU,ProportionalAllocation,768,0,3,0.3157,1.364,4.320557491289199,1500,1395,1500,470
thrashing,synthetic,,LRU,ProportionalAllocation,768,0,4,0.3172,1.3658,4.305800756620429,1500,1384,1500,419
thrashing,synthetic,,LRU,ProportionalAllocation,768,0,5,0.3166,1.3628,4.304485154769425,1500,1375,1500,415
thrashing,synthetic,,LRU,ProportionalAllocation,768,0,6,0.2745,1.4198,5.172313296903461,1500,1481,1500,403
thrashing,synthetic,,LRU,ProportionalAllocation,768,0,7,0.3261,1.3723,4.2082183379331495,1500,1355,1500,419
thrashing,synthetic,,LRU,ProportionalAllocation,768,1,0,0.3,1.4015,4.671666666666667,1500,1424,1500,446
thrashing,synthetic,,LRU,ProportionalAllocation,768,1,1,0.3018,1.4064,4.6600397614314115,1500,1414,1500,382
thrashing,synthetic,,LRU,ProportionalAllocation,768,1,2,0.3057,1.3627,4.457638207392868,1500,1404,1500,397
thrashing,synthetic,,LRU,ProportionalAllocation,768,1,3,0.3181,1.3629,4.284501729016033,1500,1395,1500,430
thrashing,synthetic,,LRU,ProportionalAllocation,768,1,4,0.3127,1.3695,4.379597057882955,1500,1384,1500,434
thrashing,synthetic,,LRU,ProportionalAllocation,768,1,5,0.3178,1.3675,4.303020767778477,1500,1375,1500,371
thrashing,synthetic,,LRU,ProportionalAllocation,768,1,6,0.2726,1.4232,5.220836390315481,1500,1481,1500,435
thrashing,synthetic,,LRU,ProportionalAllocation,768,1,7,0.3241,1.3603,4.197161369947547,1500,1355,1500,415
thrashing,synthetic,,LRU,ProportionalAllocation,768,2,0,0.304,1.3908,4.575,1500,1424,1500,437
thrashing,synthetic,,LRU,ProportionalAllocation,768,2,1,0.3049,1.3962,4.579206297146605,1500,1414,1500,412
thrashing,synthetic,,LRU,ProportionalAllocation,768,2,2,0.3104,1.3598,4.380798969072165,1500,1404,1500,413
thrashing,synthetic,,LRU,ProportionalAllocation,768,2,3,0.3219,1.3555,4.2109350730040385,1500,1395,1500,414
thrashing,synthetic,,LRU,ProportionalAllocation,768,2,4,0.3121,1.3582,4.351810317206024,1500,1384,1500,389
thrashing,synthetic,,LRU,ProportionalAllocation,768,2,5,0.3235,1.3544,4.186707882534776,1500,1375,1500,404
thrashing,synthetic,,LRU,ProportionalAllocation,768,2,6,0.277,1.4101,5.090613718411553,1500,1481,1500,483
thrashing,synthetic,,LRU,ProportionalAllocation,768,2,7,0.3289,1.3468,4.094861660079052,1500,1355,1500,390
thrashing,synthetic,,LRU,ProportionalAllocation,768,3,0,0.3042,1.3808,4.539119000657462,1500,1424,1500,403
thrashing,synthetic,,LRU,ProportionalAllocation,768,3,1,0.3097,1.3984,4.515337423312883,1500,1414,1500,426
thrashing,synthetic,,LRU,ProportionalAllocation,768,3,2,0.3102,1.3564,4.372662798194713,1500,1404,1500,413
thrashing,synthetic,,LRU,ProportionalAllocation,768,3,3,0.3184,1.3627,4.279836683417085,1500,1395,1500,407
thrashing,synthetic,,LRU,ProportionalAllocation,768,3,4,0.3173,1.357,4.276709738417901,1500,1384,1500,392
thrashing,synthetic,,LRU,ProportionalAllocation,768,3,5,0.316,1.3628,4.312658227848101,1500,1375,1500,402
thrashing,synthetic,,LRU,ProportionalAllocation,768,3,6,0.2741,1.4465,5.2772710689529365,1500,1481,1500,435
thrashing,synthetic,,LRU,ProportionalAllocation,768,3,7,0.3259,1.3587,4.169070266953053,1500,1355,1500,409
thrashing,synthetic,,LRU,ProportionalAllocation,768,4,0,0.305,1.3751,4.508524590163934,1500,1424,1500,386
thrashing,synthetic,,LRU,ProportionalAllocation,768,4,1,0.3073,1.3767,4.4799869834038395,1500,1414,1500,436
thrashing,synthetic,,LRU,ProportionalAllocation,768,4,2,0.314,1.3515,4.304140127388535,1500,1404,1500,410
thrashing,synthetic,,LRU,ProportionalAllocation,768,4,3,0.3807,1.3488,3.5429472025216704,1500,1395,1500,423
thrashing,synthetic,,LRU,ProportionalAllocation,768,4,4,0.3135,1.3527,4.314832535885167,1500,1384,1500,410
thrashing,synthetic,,LRU,ProportionalAllocation,768,4,5,0.3129,1.3652,4.363055289229786,1500,1375,1500,392
thrashing,synthetic,,LRU,ProportionalAllocation,768,4,6,0.2971,1.4081,4.739481656008078,1500,1481,1500,467
thrashing,synthetic,,LRU,ProportionalAllocation,768,4,7,0.332,1.3767,4.146686746987951,1500,1355,1500,360
thrashing,synthetic,,LRU,ProportionalAllocation,768,5,0,0.3034,1.4795,4.876400791034937,1500,1424,1500,420
thrashing,synthetic,,LRU,ProportionalAllocation,768,5,1,0.3152,1.4348,4.552030456852792,1500,1414,1500,419
thrashing,synthetic,,LRU,ProportionalAllocation,768,5,2,0.3108,1.4159,4.555662805662806,1500,1404,1500,461
thrashing,synthetic,,LRU,ProportionalAllocation,768,5,3,0.3174,1.4048,4.42596093257719,1500,1395,1500,387
thrashing,synthetic,,LRU,ProportionalAllocation,768,5,4,0.3196,1.3985,4.375782227784731,1500,1384,1500,420
thrashing,synthetic,,LRU,ProportionalAllocation,768,5,5,0.3202,1.4122,4.410368519675203,1500,1375,1500,387
thrashing,synthetic,,LRU,ProportionalAllocation,768,5,6,0.277,1.476,5.328519855595668,1500,1481,1500,429
thrashing,synthetic,,LRU,ProportionalAllocation,768,5,7,0.3315,1.4138,4.264856711915535,1500,1355,1500,413
thrashing,synthetic,,LRU,ProportionalAllocation,768,6,0,0.3108,1.3784,4.435006435006435,1500,1424,1500,437
thrashing,synthetic,,LRU,ProportionalAllocation,768,6,1,0.3088,1.3943,4.515220207253886,1500,1414,1500,424
thrashing,synthetic,,LRU,ProportionalAllocation,768,6,2,0.3121,1.3551,4.341877603332265,1500,1404,1500,419
thrashing,synthetic,,LRU,ProportionalAllocation,768,6,3,0.3136,1.359,4.333545918367347,1500,1395,1500,413
thrashing,synthetic,,LRU,ProportionalAllocation,768,6,4,0.315,1.36,4.317460317460317,1500,1384,1500,391
thrashing,synthetic,,LRU,ProportionalAllocation,768,6,5,0.3197,1.3598,4.253362527369409,1500,1375,1500,410
thrashing,synthetic,,LRU,ProportionalAllocation,768,6,6,0.2825,1.4316,5.0676106194690265,1500,1481,1500,434
thrashing,synthetic,,LRU,ProportionalAllocation,768,6,7,0.328,1.3559,4.133841463414634,1500,1355,1500,407
thrashing,synthetic,,LRU,ProportionalAllocation,768,7,0,0.3089,1.3843,4.481385561670444,1500,1424,1500,428
thrashing,synthetic,,LRU,ProportionalAllocation,768,7,1,0.31,1.3988,4.512258064516129,1500,1414,1500,412
thrashing,synthetic,,LRU,ProportionalAllocation,768,7,2,0.3102,1.3868,4.470664087685364,1500,1404,1500,445
thrashing,synthetic,,LRU,ProportionalAllocation,768,7,3,0.3105,1.3741,4.425442834138487,1500,1395,1500,402
thrashing,synthetic,,LRU,ProportionalAllocation,768,7,4,0.3345,1.3619,4.071449925261584,1500,1384,1500,415
thrashing,synthetic,,LRU,ProportionalAllocation,768,7,5,0.3167,1.379,4.354278497000315,1500,1375,1500,401
thrashing,synthetic,,LRU,ProportionalAllocation,768,7,6,0.2829,1.4383,5.08412866737363,1500,1481,1500,431
thrashing,synthetic,,LRU,ProportionalAllocation,768,7,7,0.3344,1.3933,4.166566985645933,1500,1355,1500,384
thrashing,synthetic,,LRU,ProportionalAllocation,768,8,0,0.3044,1.3717,4.506241787122208,1500,1424,1500,396
thrashing,synthetic,,LRU,ProportionalAllocation,768,8,1,0.3057,1.3996,4.578344782466471,1500,1414,1500,424
thrashing,synthetic,,LRU,ProportionalAllocation,768,8,2,0.3086,1.3682,4.433570965651328,1500,1404,1500,407
thrashing,synthetic,,LRU,ProportionalAllocation,768,8,3,0.3136,1.3753,4.385522959183674,1500,1395,1500,418
thrashing,synthetic,,LRU,ProportionalAllocation,768,8,4,0.3107,1.3641,4.390408754425491,1500,1384,1500,394
thrashing,synthetic,,LRU,ProportionalAllocation,768,8,5,0.3176,1.3688,4.309823677581864,1500,1375,1500,411
thrashing,synthetic,,LRU,ProportionalAllocation,768,8,6,0.2822,1.42,5.031892274982282,1500,1481,1500,422
thrashing,synthetic,,LRU,ProportionalAllocation,768,8,7,0.334,1.3608,4.074251497005988,1500,1355,1500,412
thrashing,synthetic,,LRU,ProportionalAllocation,768,9,0,0.3048,1.376,4.514435695538058,1500,1424,1500,425
thrashing,synthetic,,LRU,ProportionalAllocation,768,9,1,0.3086,1.377,4.462086843810758,1500,1414,1500,426
thrashing,synthetic,,LRU,ProportionalAllocation,768,9,2,0.3204,1.3471,4.204431960049938,1500,1404,1500,450
thrashing,synthetic,,LRU,ProportionalAllocation,768,9,3,0.3126,1.3524,4.326295585412668,1500,1395,1500,411
thrashing,synthetic,,LRU,ProportionalAllocation,768,9,4,0.3105,1.3435,4.326892109500805,1500,1384,1500,430
thrashing,synthetic,,LRU,ProportionalAllocation,768,9,5,0.3254,1.3576,4.172095881991395,1500,1375,1500,412
thrashing,synthetic,,LRU,ProportionalAllocation,768,9,6,0.2829,1.4165,5.0070696359137505,1500,1481,1500,459
thrashing,synthetic,,LRU,ProportionalAllocation,768,9,7,0.3244,1.343,4.139950678175093,1500,1355,1500,375
thrashing,synthetic,,NRU,GlobalAllocation,768,0,0,0.3205,20.8074,64.9216848673947,383,,,
thrashing,synthetic,,NRU,GlobalAllocation,768,0,1,0.3404,26.1263,76.75176263219741,477,,,
thrashing,synthetic,,NRU,GlobalAllocation,768,0,2,0.3277,36.243,110.5981080256332,605,,,
thrashing,synthetic,,NRU,GlobalAllocation,768,0,3,0.3346,26.8593,80.27286312014346,498,,,
thrashing,synthetic,,NRU,GlobalAllocation,768,0,4,0.3386,35.6915,105.40903721204961,610,,,
thrashing,synthetic,,NRU,GlobalAllocation,768,0,5,0.3598,37.6541,104.65286270150084,656,,,
thrashing,synthetic,,NRU,GlobalAllocation,768,0,6,0.281,6.9759,24.825266903914592,109,,,
thrashing,synthetic,,NRU,GlobalAllocation,768,0,7,0.3597,40.8721,113.62830136224632,709,,,
thrashing,synthetic,,NRU,GlobalAllocation,768,1,0,0.3409,23.3239,68.41859782927544,418,,,
thrashing,synthetic,,NRU,GlobalAllocation,768,1,1,0.3438,29.167,84.83711460151251,521,,,
thrashing,synthetic,,NRU,GlobalAllocation,768,1,2,0.3586,32.3986,90.34746235359732,576,,,
thrashing,synthetic,,NRU,GlobalAllocation,768,1,3,0.3337,30.8916,92.57296973329338,539,,,
thrashing,synthetic,,NRU,GlobalAllocation,768,1,4,0.34,33.3698,98.14647058823529,582,,,
thrashing,synthetic,,NRU,GlobalAllocation,768,1,5,0.3467,40.0525,115.52494952408422,683,,,
thrashing,synthetic,,NRU,GlobalAllocation,768,1,6,0.2945,5.8622,19.90560271646859,94,,,
thrashing,synthetic,,NRU,GlobalAllocation,768,1,7,0.3699,38.7452,104.74506623411733,657,,,
thrashing,synthetic,,NRU,GlobalAllocation,768,2,0,0.3294,23.0081,69.8485124468731,411,,,
thrashing,synthetic,,NRU,GlobalAllocation,768,2,1,0.3552,24.9844,70.33896396396396,456,,,
thrashing,synthetic,,NRU,GlobalAllocation,768,2,2,0.4048,26.3402,65.06966403162055,482,,,
thrashing,synthetic,,NRU,GlobalAllocation,768,2,3,0.3589,33.3181,92.83393702981331,582,,,
thrashing,synthetic,,NRU,GlobalAllocation,768,2,4,0.3399,35.2534,103.71697558105325,611,,,
thrashing,synthetic,,NRU,GlobalAllocation,768,2,5,0.3441,35.7876,104.00348735832607,613,,,
thrashing,synthetic,,NRU,GlobalAllocation,768,2,6,0.2822,6.3232,22.406803685329553,101,,,
thrashing,synthetic,,NRU,GlobalAllocation,768,2,7,0.3596,43.1734,120.059510567297,724,,,
thrashing,synthetic,,NRU,GlobalAllocation,768,3,0,0.3205,26.8303,83.71388455538222,469,,,
thrashing,synthetic,,NRU,GlobalAllocation,768,3,1,0.3348,26.9483,80.49074074074075,484,,,
thrashing,synthetic,,NRU,GlobalAllocation,768,3,2,0.3307,31.9863,96.72301179316601,558,,,
thrashing,synthetic,,NRU,GlobalAllocation,768,3,3,0.328,33.7931,103.02774390243903,577,,,
thrashing,synthetic,,NRU,GlobalAllocation,768,3,4,0.334,33.5652,100.49461077844312,596,,,
thrashing,synthetic,,NRU,GlobalAllocation,768,3,5,0.3674,38.4171,104.5647795318454,659,,,
thrashing,synthetic,,NRU,GlobalAllocation,768,3,6,0.3012,6.6352,22.02921646746348,104,,,
thrashing,synthetic,,NRU,GlobalAllocation,768,3,7,0.3559,40.6896,114.3287440292217,697,,,
thrashing,synthetic,,NRU,GlobalAllocation,768,4,0,0.3138,26.0499,83.01434034416826,441,,,
thrashing,synthetic,,NRU,GlobalAllocation,768,4,1,0.3537,25.4955,72.08227311280747,457,,,
thrashing,synthetic,,NRU,GlobalAllocation,768,4,2,0.3282,32.8395,100.05941499085924,551,,,
thrashing,synthetic,,NRU,GlobalAllocation,768,4,3,0.3355,35.1503,104.7698956780924,596,,,
thrashing,synthetic,,NRU,GlobalAllocation,768,4,4,0.3331,37.2354,111.78444911438007,642,,,
thrashing,synthetic,,NRU,GlobalAllocation,768,4,5,0.3404,39.5875,116.2970035252644,642,,,
thrashing,synthetic,,NRU,GlobalAllocation,768,4,6,0.2962,8.1855,27.63504388926401,103,,,
thrashing,synthetic,,NRU,GlobalAllocation,768,4,7,0.3761,47.0783,125.17495346982186,738,,,
thrashing,synthetic,,NRU,GlobalAllocation,768,5,0,0.3421,21.7915,63.69921075708857,381,,,
thrashing,synthetic,,NRU,GlobalAllocation,768,5,1,0.3366,30.3292,90.10457516339869,519,,,
thrashing,synthetic,,NRU,GlobalAllocation,768,5,2,0.3439,27.3729,79.59552195405641,503,,,
thrashing,synthetic,,NRU,GlobalAllocation,768,5,3,0.3476,34.656,99.70080552359033,592,,,
thrashing,synthetic,,NRU,GlobalAllocation,768,5,4,0.3658,30.297,82.8239475123018,550,,,
thrashing,synthetic,,NRU,GlobalAllocation,768,5,5,0.3707,39.0401,105.31454005934718,639,,,
thrashing,synthetic,,NRU,GlobalAllocation,768,5,6,0.2843,8.231,28.951811466760464,121,,,
thrashing,synthetic,,NRU,GlobalAllocation,768,5,7,0.3725,41.6231,111.73986577181208,694,,,
thrashing,synthetic,,NRU,GlobalAllocation,768,6,0,0.3198,21.0817,65.92151344590368,387,,,
thrashing,synthetic,,NRU,GlobalAllocation,768,6,1,0.324,26.8848,82.97777777777777,488,,,
thrashing,synthetic,,NRU,GlobalAllocation,768,6,2,0.3296,28.9485,87.82918689320388,519,,,
thrashing,synthetic,,NRU,GlobalAllocation,768,6,3,0.3311,33.588,101.44367260646331,592,,,
thrashing,synthetic,,NRU,GlobalAllocation,768,6,4,0.3594,35.1318,97.75125208681135,613,,,
thrashing,synthetic,,NRU,GlobalAllocation,768,6,5,0.352,37.7152,107.14545454545454,659,,,
thrashing,synthetic,,NRU,GlobalAllocation,768,6,6,0.3054,5.2735,17.267518009168302,86,,,
thrashing,synthetic,,NRU,GlobalAllocation,768,6,7,0.3782,39.7797,105.18164992067689,674,,,
thrashing,synthetic,,NRU,GlobalAllocation,768,7,0,0.325,24.2816,74.71261538461539,433,,,
thrashing,synthetic,,NRU,GlobalAllocation,768,7,1,0.338,26.6861,78.95295857988165,476,,,
thrashing,synthetic,,NRU,GlobalAllocation,768,7,2,0.3437,26.4804,77.04509746872273,492,,,
thrashing,synthetic,,NRU,GlobalAllocation,768,7,3,0.3483,29.9494,85.98736721217341,545,,,
thrashing,synthetic,,NRU,GlobalAllocation,768,7,4,0.3349,36.875,110.10749477455957,628,,,
thrashing,synthetic,,NRU,GlobalAllocation,768,7,5,0.3587,37.5405,104.65709506551435,643,,,
thrashing,synthetic,,NRU,GlobalAllocation,768,7,6,0.2928,7.9224,27.057377049180328,120,,,
thrashing,synthetic,,NRU,GlobalAllocation,768,7,7,0.3573,41.23,115.39322698012874,698,,,
thrashing,synthetic,,NRU,GlobalAllocation,768,8,0,0.3185,23.6707,74.3193092621664,425,,,
thrashing,synthetic,,NRU,GlobalAllocation,768,8,1,0.3198,27.1826,84.99874921826141,491,,,
thrashing,synthetic,,NRU,GlobalAllocation,768,8,2,0.3252,29.3905,90.37669126691267,541,,,
thrashing,synthetic,,NRU,GlobalAllocation,768,8,3,0.3337,31.8114,95.32933772849866,559,,,
thrashing,synthetic,,NRU,GlobalAllocation,768,8,4,0.3504,35.7301,101.96946347031964,618,,,
thrashing,synthetic,,NRU,GlobalAllocation,768,8,5,0.346,37.4443,108.22052023121387,637,,,
thrashing,synthetic,,NRU,GlobalAllocation,768,8,6,0.2777,7.6957,27.712279438242707,119,,,
thrashing,synthetic,,NRU,GlobalAllocation,768,8,7,0.3557,39.8246,111.96120326117514,676,,,
thrashing,synthetic,,NRU,GlobalAllocation,768,9,0,0.3195,21.939,68.66666666666667,397,,,
thrashing,synthetic,,NRU,GlobalAllocation,768,9,1,0.3229,26.0835,80.77887890987923,461,,,
thrashing,synthetic,,NRU,GlobalAllocation,768,9,2,0.3369,30.2415,89.7640249332146,524,,,
thrashing,synthetic,,NRU,GlobalAllocation,768,9,3,0.3474,33.7289,97.0895221646517,595,,,
thrashing,synthetic,,NRU,GlobalAllocation,768,9,4,0.3579,34.9684,97.70438670019558,589,,,
thrashing,synthetic,,NRU,GlobalAllocation,768,9,5,0.3401,40.1632,118.09232578653338,649,,,
thrashing,synthetic,,NRU,GlobalAllocation,768,9,6,0.2784,7.9954,28.7191091954023,100,,,
thrashing,synthetic,,NRU,GlobalAllocation,768,9,7,0.3582,46.1699,128.89419318816303,726,,,
thrashing,synthetic,,NRU,LocalAllocation,768,0,0,0.3205,0.5878,1.834009360374415,96,0,96,0
thrashing,synthetic,,NRU,LocalAllocation,768,0,1,0.3227,6.6375,20.56863960334676,764,668,764,160
thrashing,synthetic,,NRU,LocalAllocation,768,0,2,0.3272,9.5987,29.33588019559902,1112,1016,1112,260
thrashing,synthetic,,NRU,LocalAllocation,768,0,3,0.3337,10.9993,32.96164219358705,1265,1169,1265,376
thrashing,synthetic,,NRU,LocalAllocation,768,0,4,0.3363,11.5705,34.40529289325008,1346,1250,1346,370
thrashing,synthetic,,NRU,LocalAllocation,768,0,5,0.344,12.3096,35.783720930232555,1431,1335,1431,392
thrashing,synthetic,,NRU,LocalAllocation,768,0,6,0.2744,0.5415,1.973396501457726,24,0,24,0
thrashing,synthetic,,NRU,LocalAllocation,768,0,7,0.3565,12.8722,36.107152875175316,1500,1404,1500,433
thrashing,synthetic,,NRU,LocalAllocation,768,1,0,0.3193,0.5987,1.8750391481365487,96,0,96,0
thrashing,synthetic,,NRU,LocalAllocation,768,1,1,0.3156,6.8107,21.580164765525982,785,689,785,156
thrashing,synthetic,,NRU,LocalAllocation,768,1,2,0.3236,9.715,30.021631644004945,1121,1025,1121,256
thrashing,synthetic,,NRU,LocalAllocation,768,1,3,0.3276,11.0159,33.626068376068375,1270,1174,1270,342
thrashing,synthetic,,NRU,LocalAllocation,768,1,4,0.369,11.4597,31.05609756097561,1322,1226,1322,375
thrashing,synthetic,,NRU,LocalAllocation,768,1,5,0.3741,12.0948,32.33039294306335,1422,1326,1422,346
thrashing,synthetic,,NRU,LocalAllocation,768,1,6,0.3035,0.5503,1.813179571663921,24,0,24,0
thrashing,synthetic,,NRU,LocalAllocation,768,1,7,0.3543,12.8445,36.253175275190515,1500,1404,1500,429
thrashing,synthetic,,NRU,LocalAllocation,768,2,0,0.3195,0.5793,1.8131455399061034,96,0,96,0
thrashing,synthetic,,NRU,LocalAllocation,768,2,1,0.3304,6.5328,19.772397094430993,746,650,746,153
thrashing,synthetic,,NRU,LocalAllocation,768,2,2,0.3453,9.9789,28.899218071242398,1141,1045,1141,272
thrashing,synthetic,,NRU,LocalAllocation,768,2,3,0.3282,10.903,33.2205971968312,1275,1179,1275,342
thrashing,synthetic,,NRU,LocalAllocation,768,2,4,0.3357,11.7444,34.98480786416443,1374,1278,1374,349
thrashing,synthetic,,NRU,LocalAllocation,768,2,5,0.341,12.2548,35.93782991202346,1432,1336,1432,393
thrashing,synthetic,,NRU,LocalAllocation,768,2,6,0.2795,0.536,1.9177101967799641,24,0,24,0
thrashing,synthetic,,NRU,LocalAllocation,768,2,7,0.355,12.7189,35.82788732394366,1500,1404,1500,405
thrashing,synthetic,,NRU,LocalAllocation,768,3,0,0.3177,0.5817,1.8309726156751653,96,0,96,0
thrashing,synthetic,,NRU,LocalAllocation,768,3,1,0.3245,6.4259,19.802465331278892,743,647,743,145
thrashing,synthetic,,NRU,LocalAllocation,768,3,2,0.331,9.2457,27.93262839879154,1071,975,1071,264
thrashing,synthetic,,NRU,LocalAllocation,768,3,3,0.3463,10.9582,31.64366156511695,1262,1166,1262,336
thrashing,synthetic,,NRU,LocalAllocation,768,3,4,0.341,11.5952,34.003519061583575,1348,1252,1348,345
thrashing,synthetic,,NRU,LocalAllocation,768,3,5,0.3448,12.2034,35.39269141531322,1422,1326,1422,386
thrashing,synthetic,,NRU,LocalAllocation,768,3,6,0.3002,0.5425,1.807128580946036,24,0,24,0
thrashing,synthetic,,NRU,LocalAllocation,768,3,7,0.3686,12.9001,34.99755832881172,1500,1404,1500,425
thrashing,synthetic,,NRU,LocalAllocation,768,4,0,0.3354,0.6663,1.986583184257603,96,0,96,0
thrashing,synthetic,,NRU,LocalAllocation,768,4,1,0.3287,7.2019,21.910252509887435,750,654,750,173
thrashing,synthetic,,NRU,LocalAllocation,768,4,2,0.3241,10.7027,33.02283245911756,1118,1022,1118,266
thrashing,synthetic,,NRU,LocalAllocation,768,4,3,0.349,12.4848,35.7730659025788,1285,1189,1285,345
thrashing,synthetic,,NRU,LocalAllocation,768,4,4,0.3512,12.9495,36.872152619589976,1358,1262,1358,368
thrashing,synthetic,,NRU,LocalAllocation,768,4,5,0.3637,15.4208,42.39978003849326,1430,1334,1430,378
thrashing,synthetic,,NRU,LocalAllocation,768,4,6,0.2943,0.6356,2.1597009853890587,24,0,24,0
thrashing,synthetic,,NRU,LocalAllocation,768,4,7,0.3572,14.0719,39.39501679731243,1500,1404,1500,366
thrashing,synthetic,,NRU,LocalAllocation,768,5,0,0.3192,0.5832,1.8270676691729324,96,0,96,0
thrashing,synthetic,,NRU,LocalAllocation,768,5,1,0.3361,6.3757,18.969651889318655,739,643,739,148
thrashing,synthetic,,NRU,LocalAllocation,768,5,2,0.3263,9.2113,28.229543365001533,1067,971,1067,285
thrashing,synthetic,,NRU,LocalAllocation,768,5,3,0.3408,10.9607,32.16167840375587,1283,1187,1283,315
thrashing,synthetic,,NRU,LocalAllocation,768,5,4,0.3383,11.573,34.209281702630804,1355,1259,1355,361
thrashing,synthetic,,NRU,LocalAllocation,768,5,5,0.3423,12.208,35.66462167689161,1436,1340,1436,372
thrashing,synthetic,,NRU,LocalAllocation,768,5,6,0.2766,0.5337,1.9295010845986984,24,0,24,0
thrashing,synthetic,,NRU,LocalAllocation,768,5,7,0.3817,12.7927,33.51506418653393,1500,1404,1500,425
thrashing,synthetic,,NRU,LocalAllocation,768,6,0,0.3166,0.5853,1.848704990524321,96,0,96,0
thrashing,synthetic,,NRU,LocalAllocation,768,6,1,0.3232,6.2015,19.187809405940595,718,622,718,146
thrashing,synthetic,,NRU,LocalAllocation,768,6,2,0.3312,9.3663,28.279891304347824,1080,984,1080,276
thrashing,synthetic,,NRU,LocalAllocation,768,6,3,0.3356,11.0438,32.907628128724674,1291,1195,1291,351
thrashing,synthetic,,NRU,LocalAllocation,768,6,4,0.3354,11.5762,34.514609421586165,1350,1254,1350,345
thrashing,synthetic,,NRU,LocalAllocation,768,6,5,0.3483,12.1739,34.95233993683606,1426,1330,1426,388
thrashing,synthetic,,NRU,LocalAllocation,768,6,6,0.2802,0.5389,1.9232690935046395,24,0,24,0
thrashing,synthetic,,NRU,LocalAllocation,768,6,7,0.3588,12.8191,35.727703455964324,1500,1404,1500,417
thrashing,synthetic,,NRU,LocalAllocation,768,7,0,0.3175,0.5837,1.8384251968503937,96,0,96,0
thrashing,synthetic,,NRU,LocalAllocation,768,7,1,0.3489,6.6563,19.077959300659213,760,664,760,148
thrashing,synthetic,,NRU,LocalAllocation,768,7,2,0.3582,9.4147,26.283361250697933,1079,983,1079,278
thrashing,synthetic,,NRU,LocalAllocation,768,7,3,0.3454,11.1038,32.147654892877824,1272,1176,1272,319
thrashing,synthetic,,NRU,LocalAllocation,768,7,4,0.3637,11.6734,32.09623315919714,1348,1252,1348,366
thrashing,synthetic,,NRU,LocalAllocation,768,7,5,0.3693,12.3148,33.346330896290276,1421,1325,1421,378
thrashing,synthetic,,NRU,LocalAllocation,768,7,6,0.2743,0.5384,1.962814436748086,24,0,24,0
thrashing,synthetic,,NRU,LocalAllocation,768,7,7,0.358,12.9962,36.30223463687151,1500,1404,1500,396
thrashing,synthetic,,NRU,LocalAllocation,768,8,0,0.362,0.5806,1.6038674033149172,96,0,96,0
thrashing,synthetic,,NRU,LocalAllocation,768,8,1,0.3457,6.5731,19.01388487127567,756,660,756,157
thrashing,synthetic,,NRU,LocalAllocation,768,8,2,0.3314,9.2582,27.936632468316233,1069,973,1069,264
thrashing,synthetic,,NRU,LocalAllocation,768,8,3,0.3371,11.2234,33.29397804805696,1289,1193,1289,333
thrashing,synthetic,,NRU,LocalAllocation,768,8,4,0.3502,11.6267,33.20017133066819,1348,1252,1348,350
thrashing,synthetic,,NRU,LocalAllocation,768,8,5,0.3436,12.4001,36.08876600698487,1440,1344,1440,404
thrashing,synthetic,,NRU,LocalAllocation,768,8,6,0.2783,0.5428,1.9504132231404958,24,0,24,0
thrashing,synthetic,,NRU,LocalAllocation,768,8,7,0.3633,12.8627,35.40517478667768,1500,1404,1500,426
thrashing,synthetic,,NRU,LocalAllocation,768,9,0,0.3359,0.5784,1.7219410538850848,96,0,96,0
thrashing,synthetic,,NRU,LocalAllocation,768,9,1,0.3352,6.7644,20.18019093078759,786,690,786,170
thrashing,synthetic,,NRU,LocalAllocation,768,9,2,0.3428,9.1234,26.614352392065346,1057,961,1057,278
thrashing,synthetic,,NRU,LocalAllocation,768,9,3,0.3383,11.1995,33.10523204256577,1305,1209,1305,343
thrashing,synthetic,,NRU,LocalAllocation,768,9,4,0.3537,11.4705,32.43002544529262,1336,1240,1336,374
thrashing,synthetic,,NRU,LocalAllocation,768,9,5,0.3688,12.2391,33.18627982646421,1434,1338,1434,395
thrashing,synthetic,,NRU,LocalAllocation,768,9,6,0.2937,0.5335,1.8164794007490637,24,0,24,0
thrashing,synthetic,,NRU,LocalAllocation,768,9,7,0.5784,12.7265,22.002939142461965,1500,1404,1500,388
thrashing,synthetic,,NRU,ProportionalAllocation,768,0,0,0.3312,5.1982,15.695048309178745,710,634,710,151
thrashing,synthetic,,NRU,ProportionalAllocation,768,0,1,0.339,7.2406,21.358702064896754,917,831,917,220
thrashing,synthetic,,NRU,ProportionalAllocation,768,0,2,0.3297,9.6144,29.16105550500455,1112,1016,1112,260
thrashing,synthetic,,NRU,ProportionalAllocation,768,0,3,0.3355,9.669,28.81967213114754,1040,935,1040,297
thrashing,synthetic,,NRU,ProportionalAllocation,768,0,4,0.3605,9.4453,26.200554785020806,953,837,953,209
thrashing,synthetic,,NRU,ProportionalAllocation,768,0,5,0.3427,9.2033,26.855266997373796,886,761,886,161
thrashing,synthetic,,NRU,ProportionalAllocation,768,0,6,0.3137,2.1267,6.779407076824992,590,571,590,148
thrashing,synthetic,,NRU,ProportionalAllocation,768,0,7,0.3568,9.1484,25.640134529147982,809,664,809,131
thrashing,synthetic,,NRU,ProportionalAllocation,768,1,0,0.3274,5.2323,15.981368356750153,720,644,720,135
thrashing,synthetic,,NRU,ProportionalAllocation,768,1,1,0.3239,7.1265,22.002161160852115,907,821,907,196
thrashing,synthetic,,NRU,ProportionalAllocation,768,1,2,0.3386,9.6509,28.502362669816893,1121,1025,1121,256
thrashing,synthetic,,NRU,ProportionalAllocation,768,1,3,0.3328,9.7236,29.217548076923077,1054,949,1054,267
thrashing,synthetic,,NRU,ProportionalAllocation,768,1,4,0.3545,9.2092,25.97799717912553,934,818,934,221
thrashing,synthetic,,NRU,ProportionalAllocation,768,1,5,0.367,9.4001,25.613351498637602,910,785,910,148
thrashing,synthetic,,NRU,ProportionalAllocation,768,1,6,0.2941,2.1438,7.289357361441686,607,588,607,163
thrashing,synthetic,,NRU,ProportionalAllocation,768,1,7,0.3547,9.2947,26.204398082886946,821,676,821,143
thrashing,synthetic,,NRU,ProportionalAllocation,768,2,0,0.3209,5.8285,18.162979121221564,791,715,791,177
thrashing,synthetic,,NRU,ProportionalAllocation,768,2,1,0.3213,7.202,22.41518829754124,910,824,910,202
thrashing,synthetic,,NRU,ProportionalAllocation,768,2,2,0.3455,9.8769,28.58726483357453,1141,1045,1141,272
thrashing,synthetic,,NRU,ProportionalAllocation,768,2,3,3.0429,10.0595,3.3058924052712872,1082,977,1082,264
thrashing,synthetic,,NRU,ProportionalAllocation,768,2,4,0.359,9.7386,27.127019498607243,979,863,979,199
thrashing,synthetic,,NRU,ProportionalAllocation,768,2,5,0.3611,9.3265,25.828025477707005,891,766,891,186
thrashing,synthetic,,NRU,ProportionalAllocation,768,2,6,0.3633,2.043,5.623451692815855,566,547,566,172
thrashing,synthetic,,NRU,ProportionalAllocation,768,2,7,0.3857,9.2368,23.94814622763806,819,674,819,121
thrashing,synthetic,,NRU,ProportionalAllocation,768,3,0,0.3178,5.4637,17.19225928256765,744,668,744,136
thrashing,synthetic,,NRU,ProportionalAllocation,768,3,1,0.3254,7.0541,21.67824216349109,891,805,891,197
thrashing,synthetic,,NRU,ProportionalAllocation,768,3,2,0.3493,9.2828,26.575436587460636,1071,975,1071,264
thrashing,synthetic,,NRU,ProportionalAllocation,768,3,3,0.33,9.9136,30.041212121212123,1061,956,1061,269
thrashing,synthetic,,NRU,ProportionalAllocation,768,3,4,0.338,9.3765,27.74112426035503,942,826,942,195
thrashing,synthetic,,NRU,ProportionalAllocation,768,3,5,0.3393,9.3406,27.529030356616563,890,765,890,181
thrashing,synthetic,,NRU,ProportionalAllocation,768,3,6,0.2986,2.2006,7.36972538513061,613,594,613,170
thrashing,synthetic,,NRU,ProportionalAllocation,768,3,7,0.3742,9.4323,25.206574024585784,820,675,820,147
thrashing,synthetic,,NRU,ProportionalAllocation,768,4,0,0.3141,5.5581,17.695319961795608,744,668,744,137
thrashing,synthetic,,NRU,ProportionalAllocation,768,4,1,0.3385,7.6267,22.530871491875924,932,846,932,235
thrashing,synthetic,,NRU,ProportionalAllocation,768,4,2,0.3585,10.0238,27.960390516039052,1118,1022,1118,266
thrashing,synthetic,,NRU,ProportionalAllocation,768,4,3,0.3631,10.3194,28.420269898099697,1087,982,1087,277
thrashing,synthetic,,NRU,ProportionalAllocation,768,4,4,0.3442,9.5771,27.82423009877978,944,828,944,201
thrashing,synthetic,,NRU,ProportionalAllocation,768,4,5,0.3569,9.4092,26.363687307369013,884,759,884,176
thrashing,synthetic,,NRU,ProportionalAllocation,768,4,6,0.3035,2.2373,7.37166392092257,615,596,615,168
thrashing,synthetic,,NRU,ProportionalAllocation,768,4,7,0.3758,9.8209,26.133315593400745,844,699,844,109
thrashing,synthetic,,NRU,ProportionalAllocation,768,5,0,0.3186,5.1661,16.21500313873195,712,636,712,151
thrashing,synthetic,,NRU,ProportionalAllocation,768,5,1,0.3249,6.8903,21.207448445675592,877,791,877,196
thrashing,synthetic,,NRU,ProportionalAllocation,768,5,2,0.332,9.1911,27.684036144578315,1067,971,1067,285
thrashing,synthetic,,NRU,ProportionalAllocation,768,5,3,0.3297,10.1032,30.64361540794662,1098,993,1098,254
thrashing,synthetic,,NRU,ProportionalAllocation,768,5,4,0.3404,9.3591,27.494418331374852,944,828,944,220
thrashing,synthetic,,NRU,ProportionalAllocation,768,5,5,0.341,9.2604,27.156598240469208,898,773,898,174
thrashing,synthetic,,NRU,ProportionalAllocation,768,5,6,0.3157,2.1548,6.825467215711118,612,593,612,160
thrashing,synthetic,,NRU,ProportionalAllocation,768,5,7,0.3571,9.2282,25.84206104732568,818,673,818,136
thrashing,synthetic,,NRU,ProportionalAllocation,768,6,0,0.3173,5.5225,17.404664355499527,750,674,750,153
thrashing,synthetic,,NRU,ProportionalAllocation,768,6,1,0.3432,6.7748,19.74009324009324,862,776,862,180
thrashing,synthetic,,NRU,ProportionalAllocation,768,6,2,0.3428,9.3979,27.415110851808635,1080,984,1080,276
thrashing,synthetic,,NRU,ProportionalAllocation,768,6,3,0.3311,10.0225,30.270311084264574,1085,980,1085,272
thrashing,synthetic,,NRU,ProportionalAllocation,768,6,4,0.3378,9.2542,27.395500296033156,933,817,933,189
thrashing,synthetic,,NRU,ProportionalAllocation,768,6,5,0.3612,9.273,25.672757475083056,890,765,890,168
thrashing,synthetic,,NRU,ProportionalAllocation,768,6,6,0.29,2.1199,7.31,586,567,586,153
thrashing,synthetic,,NRU,ProportionalAllocation,768,6,7,0.3541,9.2651,26.165207568483478,814,669,814,132
thrashing,synthetic,,NRU,ProportionalAllocation,768,7,0,0.3554,5.1407,14.464546989307822,702,626,702,138
thrashing,synthetic,,NRU,ProportionalAllocation,768,7,1,0.3389,7.1809,21.188846267335496,910,824,910,205
thrashing,synthetic,,NRU,ProportionalAllocation,768,7,2,0.3309,9.3258,28.183136899365365,1079,983,1079,278
thrashing,synthetic,,NRU,ProportionalAllocation,768,7,3,0.331,10.03,30.30211480362538,1087,982,1087,254
thrashing,synthetic,,NRU,ProportionalAllocation,768,7,4,0.3393,9.3293,27.495726495726494,943,827,943,203
thrashing,synthetic,,NRU,ProportionalAllocation,768,7,5,0.3446,9.5123,27.60388856645386,916,791,916,179
thrashing,synthetic,,NRU,ProportionalAllocation,768,7,6,0.2796,2.0407,7.2986409155937055,571,552,571,152
thrashing,synthetic,,NRU,ProportionalAllocation,768,7,7,0.3583,9.3681,26.14596706670388,826,681,826,133
thrashing,synthetic,,NRU,ProportionalAllocation,768,8,0,0.3158,5.3439,16.921785940468652,732,656,732,141
thrashing,synthetic,,NRU,ProportionalAllocation,768,8,1,0.3221,7.3599,22.84973610679913,930,844,930,225
thrashing,synthetic,,NRU,ProportionalAllocation,768,8,2,0.3304,9.2133,27.885290556900728,1069,973,1069,264
thrashing,synthetic,,NRU,ProportionalAllocation,768,8,3,0.3335,9.9806,29.926836581709146,1079,974,1079,250
thrashing,synthetic,,NRU,ProportionalAllocation,768,8,4,0.3351,9.2253,27.529991047448522,932,816,932,202
thrashing,synthetic,,NRU,ProportionalAllocation,768,8,5,0.3398,9.2173,27.125662154208356,883,758,883,173
thrashing,synthetic,,NRU,ProportionalAllocation,768,8,6,0.2764,2.195,7.941389290882778,607,588,607,169
thrashing,synthetic,,NRU,ProportionalAllocation,768,8,7,0.3725,9.3919,25.21315436241611,829,684,829,137
thrashing,synthetic,,NRU,ProportionalAllocation,768,9,0,0.3399,5.1285,15.088261253309797,709,633,709,145
thrashing,synthetic,,NRU,ProportionalAllocation,768,9,1,0.3214,7.3007,22.71530802738021,934,848,934,222
thrashing,synthetic,,NRU,ProportionalAllocation,768,9,2,0.3307,9.1648,27.713335349259147,1057,961,1057,278
thrashing,synthetic,,NRU,ProportionalAllocation,768,9,3,0.3415,10.0831,29.525915080527085,1093,988,1093,256
thrashing,synthetic,,NRU,ProportionalAllocation,768,9,4,0.337,9.1426,27.129376854599407,931,815,931,211
thrashing,synthetic,,NRU,ProportionalAllocation,768,9,5,0.3757,9.292,24.732499334575458,896,771,896,181
thrashing,synthetic,,NRU,ProportionalAllocation,768,9,6,0.29,2.1676,7.47448275862069,617,598,617,183
thrashing,synthetic,,NRU,ProportionalAllocation,768,9,7,0.3527,9.0909,25.77516302806918,810,665,810,114
thrashing,synthetic,,SecondChance,GlobalAllocation,768,0,0,0.2838,2.5215,8.88477801268499,357,,,
thrashing,synthetic,,SecondChance,GlobalAllocation,768,0,1,0.2937,7.0661,24.058903643173306,948,,,
thrashing,synthetic,,SecondChance,GlobalAllocation,768,0,2,0.3007,9.5311,31.69637512470901,1224,,,
thrashing,synthetic,,SecondChance,GlobalAllocation,768,0,3,0.3204,11.1093,34.67322097378277,1400,,,
thrashing,synthetic,,SecondChance,GlobalAllocation,768,0,4,0.3239,11.482,35.4492127199753,1500,,,
thrashing,synthetic,,SecondChance,GlobalAllocation,768,0,5,0.3359,11.8368,35.23905924382257,1500,,,
thrashing,synthetic,,SecondChance,GlobalAllocation,768,0,6,0.2343,0.8955,3.82202304737516,38,,,
thrashing,synthetic,,SecondChance,GlobalAllocation,768,0,7,0.3657,11.4374,31.27536231884058,1500,,,
thrashing,synthetic,,SecondChance,GlobalAllocation,768,1,0,0.2869,2.8365,9.886720111537121,410,,,
thrashing,synthetic,,SecondChance,GlobalAllocation,768,1,1,0.2869,7.3309,25.552108748692923,972,,,
thrashing,synthetic,,SecondChance,GlobalAllocation,768,1,2,0.3004,9.1457,30.44507323568575,1176,,,
thrashing,synthetic,,SecondChance,GlobalAllocation,768,1,3,0.3104,10.4042,33.51868556701031,1367,,,
thrashing,synthetic,,SecondChance,GlobalAllocation,768,1,4,0.3225,11.5148,35.70480620155039,1457,,,
thrashing,synthetic,,SecondChance,GlobalAllocation,768,1,5,0.3346,11.6344,34.77106993424985,1500,,,
thrashing,synthetic,,SecondChance,GlobalAllocation,768,1,6,0.2329,0.7942,3.4100472305710605,28,,,
thrashing,synthetic,,SecondChance,GlobalAllocation,768,1,7,0.3655,11.4149,31.23091655266758,1500,,,
thrashing,synthetic,,SecondChance,GlobalAllocation,768,2,0,0.2815,3.0567,10.858614564831262,445,,,
thrashing,synthetic,,SecondChance,GlobalAllocation,768,2,1,0.2904,7.3864,25.435261707988982,952,,,
thrashing,synthetic,,SecondChance,GlobalAllocation,768,2,2,0.3074,8.5222,27.7234873129473,1146,,,
thrashing,synthetic,,SecondChance,GlobalAllocation,768,2,3,0.3156,10.7344,34.01267427122941,1391,,,
thrashing,synthetic,,SecondChance,GlobalAllocation,768,2,4,0.5382,11.8015,21.927722036417688,1490,,,
thrashing,synthetic,,SecondChance,GlobalAllocation,768,2,5,0.3451,11.6047,33.62706461895103,1500,,,
thrashing,synthetic,,SecondChance,GlobalAllocation,768,2,6,0.2355,0.8333,3.538428874734607,34,,,
thrashing,synthetic,,SecondChance,GlobalAllocation,768,2,7,0.3635,11.5086,31.660522696011004,1500,,,
thrashing,synthetic,,SecondChance,GlobalAllocation,768,3,0,0.2875,3.1041,10.796869565217392,434,,,
thrashing,synthetic,,SecondChance,GlobalAllocation,768,3,1,0.2919,4.5957,15.744090441932169,590,,,
thrashing,synthetic,,SecondChance,GlobalAllocation,768,3,2,0.3003,8.8702,29.53779553779554,1133,,,
thrashing,synthetic,,SecondChance,GlobalAllocation,768,3,3,0.57,9.9908,17.527719298245614,1287,,,
thrashing,synthetic,,SecondChance,GlobalAllocation,768,3,4,0.3232,11.0777,34.275061881188115,1439,,,
thrashing,synthetic,,SecondChance,GlobalAllocation,768,3,5,0.3343,11.4276,34.18366736464254,1472,,,
thrashing,synthetic,,SecondChance,GlobalAllocation,768,3,6,0.2335,0.8604,3.684796573875803,36,,,
thrashing,synthetic,,SecondChance,GlobalAllocation,768,3,7,0.3687,11.6205,31.517493897477625,1500,,,
thrashing,synthetic,,SecondChance,GlobalAllocation,768,4,0,0.2835,2.2184,7.825044091710758,309,,,
thrashing,synthetic,,SecondChance,GlobalAllocation,768,4,1,0.2967,7.1375,24.05628581058308,901,,,
thrashing,synthetic,,SecondChance,GlobalAllocation,768,4,2,0.303,8.1603,26.93168316831683,1032,,,
thrashing,synthetic,,SecondChance,GlobalAllocation,768,4,3,0.3163,10.5736,33.42902307935504,1337,,,
thrashing,synthetic,,SecondChance,GlobalAllocation,768,4,4,0.322,11.3644,35.293167701863354,1482,,,
thrashing,synthetic,,SecondChance,GlobalAllocation,768,4,5,0.3372,11.6702,34.609134045077106,1499,,,
thrashing,synthetic,,SecondChance,GlobalAllocation,768,4,6,0.2303,0.8819,3.8293530178028656,40,,,
thrashing,synthetic,,SecondChance,GlobalAllocation,768,4,7,0.3648,11.6752,32.00438596491228,1500,,,
thrashing,synthetic,,SecondChance,GlobalAllocation,768,5,0,0.2859,2.7612,9.657922350472193,311,,,
thrashing,synthetic,,SecondChance,GlobalAllocation,768,5,1,0.2966,7.8804,26.569116655428186,849,,,
thrashing,synthetic,,SecondChance,GlobalAllocation,768,5,2,0.304,9.637,31.700657894736842,1049,,,
thrashing,synthetic,,SecondChance,GlobalAllocation,768,5,3,0.3194,12.7661,39.96900438321853,1319,,,
thrashing,synthetic,,SecondChance,GlobalAllocation,768,5,4,0.3236,13.604,42.03955500618047,1469,,,
thrashing,synthetic,,SecondChance,GlobalAllocation,768,5,5,0.3406,13.7899,40.48708162066941,1486,,,
thrashing,synthetic,,SecondChance,GlobalAllocation,768,5,6,0.2302,1.0061,4.370547350130321,34,,,
thrashing,synthetic,,SecondChance,GlobalAllocation,768,5,7,0.3734,13.8422,37.07070166041778,1500,,,
thrashing,synthetic,,SecondChance,GlobalAllocation,768,6,0,0.2879,2.4851,8.631816602987149,342,,,
thrashing,synthetic,,SecondChance,GlobalAllocation,768,6,1,0.2941,6.3735,21.67120027201632,853,,,
thrashing,synthetic,,SecondChance,GlobalAllocation,768,6,2,0.3031,10.0416,33.12966017815902,1273,,,
thrashing,synthetic,,SecondChance,GlobalAllocation,768,6,3,0.3122,11.4276,36.60345932094811,1432,,,
thrashing,synthetic,,SecondChance,GlobalAllocation,768,6,4,0.3235,11.5376,35.664914992272024,1490,,,
thrashing,synthetic,,SecondChance,GlobalAllocation,768,6,5,0.3419,11.5237,33.704884469143025,1500,,,
thrashing,synthetic,,SecondChance,GlobalAllocation,768,6,6,0.2294,0.8864,3.8639930252833476,39,,,
thrashing,synthetic,,SecondChance,GlobalAllocation,768,6,7,0.3697,11.7701,31.83689477955099,1500,,,
thrashing,synthetic,,SecondChance,GlobalAllocation,768,7,0,0.2809,3.3289,11.850836596653613,416,,,
thrashing,synthetic,,SecondChance,GlobalAllocation,768,7,1,0.2941,7.8873,26.818429105746343,932,,,
thrashing,synthetic,,SecondChance,GlobalAllocation,768,7,2,0.3035,9.9232,32.695881383855024,1229,,,
thrashing,synthetic,,SecondChance,GlobalAllocation,768,7,3,0.3163,11.7652,37.19633259563705,1369,,,
thrashing,synthetic,,SecondChance,GlobalAllocation,768,7,4,0.325,12.3686,38.05723076923077,1490,,,
thrashing,synthetic,,SecondChance,GlobalAllocation,768,7,5,0.3405,12.5924,36.98208516886931,1487,,,
thrashing,synthetic,,SecondChance,GlobalAllocation,768,7,6,0.2374,1.0382,4.373209772535804,34,,,
thrashing,synthetic,,SecondChance,GlobalAllocation,768,7,7,0.3685,12.7279,34.53975576662144,1500,,,
thrashing,synthetic,,SecondChance,GlobalAllocation,768,8,0,0.2797,2.5316,9.051126206649982,354,,,
thrashing,synthetic,,SecondChance,GlobalAllocation,768,8,1,0.2921,7.0783,24.232454638822322,937,,,
thrashing,synthetic,,SecondChance,GlobalAllocation,768,8,2,0.2999,9.4065,31.36545515171724,1238,,,
thrashing,synthetic,,SecondChance,GlobalAllocation,768,8,3,0.3257,11.5631,35.50230273257599,1482,,,
thrashing,synthetic,,SecondChance,GlobalAllocation,768,8,4,0.3196,11.7534,36.77534418022528,1490,,,
thrashing,synthetic,,SecondChance,GlobalAllocation,768,8,5,0.3327,11.5362,34.674481514878266,1500,,,
thrashing,synthetic,,SecondChance,GlobalAllocation,768,8,6,0.23,0.8328,3.6208695652173915,30,,,
thrashing,synthetic,,SecondChance,GlobalAllocation,768,8,7,0.3618,11.924,32.957435046987285,1500,,,
thrashing,synthetic,,SecondChance,GlobalAllocation,768,9,0,0.5707,3.419,5.990888382687927,435,,,
thrashing,synthetic,,SecondChance,GlobalAllocation,768,9,1,0.5792,6.1993,10.703211325966851,773,,,
thrashing,synthetic,,SecondChance,GlobalAllocation,768,9,2,0.6318,10.8705,17.20560303893637,1241,,,
thrashing,synthetic,,SecondChance,GlobalAllocation,768,9,3,0.635,12.1413,19.120157480314962,1396,,,
thrashing,synthetic,,SecondChance,GlobalAllocation,768,9,4,0.672,12.5233,18.635863095238093,1498,,,
thrashing,synthetic,,SecondChance,GlobalAllocation,768,9,5,0.6959,12.2865,17.655553958902143,1500,,,
thrashing,synthetic,,SecondChance,GlobalAllocation,768,9,6,0.438,0.9,2.0547945205479454,27,,,
thrashing,synthetic,,SecondChance,GlobalAllocation,768,9,7,0.77,12.7293,16.531558441558442,1500,,,
thrashing,synthetic,,SecondChance,LocalAllocation,768,0,0,0.274,0.4844,1.7678832116788321,96,0,96,0
thrashing,synthetic,,SecondChance,LocalAllocation,768,0,1,0.2798,2.1468,7.6726233023588275,1500,1404,1500,442
thrashing,synthetic,,SecondChance,LocalAllocation,768,0,2,0.2863,2.1193,7.402375130981488,1500,1404,1500,395
thrashing,synthetic,,SecondChance,LocalAllocation,768,0,3,0.3061,2.1601,7.056844168572362,1500,1404,1500,470
thrashing,synthetic,,SecondChance,LocalAllocation,768,0,4,0.3093,2.1192,6.851600387972842,1500,1404,1500,426
thrashing,synthetic,,SecondChance,LocalAllocation,768,0,5,0.3207,2.121,6.613657623947614,1500,1404,1500,421
thrashing,synthetic,,SecondChance,LocalAllocation,768,0,6,0.2233,0.4343,1.9449171518137036,24,0,24,0
thrashing,synthetic,,SecondChance,LocalAllocation,768,0,7,0.3514,2.1193,6.031018782014798,1500,1404,1500,435
thrashing,synthetic,,SecondChance,LocalAllocation,768,1,0,0.2574,0.6464,2.5112665112665113,96,0,96,0
thrashing,synthetic,,SecondChance,LocalAllocation,768,1,1,0.2638,2.8898,10.95451099317665,1500,1404,1500,378
thrashing,synthetic,,SecondChance,LocalAllocation,768,1,2,0.2722,2.832,10.404114621601764,1500,1404,1500,397
thrashing,synthetic,,SecondChance,LocalAllocation,768,1,3,0.2843,2.8597,10.058740766795639,1500,1404,1500,432
thrashing,synthetic,,SecondChance,LocalAllocation,768,1,4,0.2963,2.8398,9.584205197435033,1500,1404,1500,438
thrashing,synthetic,,SecondChance,LocalAllocation,768,1,5,0.3189,2.9018,9.099404201944184,1500,1404,1500,379
thrashing,synthetic,,SecondChance,LocalAllocation,768,1,6,0.2304,0.5737,2.490017361111111,24,0,24,0
thrashing,synthetic,,SecondChance,LocalAllocation,768,1,7,0.3315,2.9755,8.975867269984917,1500,1404,1500,431
thrashing,synthetic,,SecondChance,LocalAllocation,768,2,0,0.2833,0.5063,1.7871514295799507,96,0,96,0
thrashing,synthetic,,SecondChance,LocalAllocation,768,2,1,0.2881,2.2324,7.748698368622006,1500,1404,1500,410
thrashing,synthetic,,SecondChance,LocalAllocation,768,2,2,0.3069,2.2552,7.34832192896709,1500,1404,1500,413
thrashing,synthetic,,SecondChance,LocalAllocation,768,2,3,0.3078,2.2294,7.243014944769331,1500,1404,1500,415
thrashing,synthetic,,SecondChance,LocalAllocation,768,2,4,0.3227,2.2286,6.9061047412457395,1500,1404,1500,398
thrashing,synthetic,,SecondChance,LocalAllocation,768,2,5,0.337,2.3486,6.9691394658753705,1500,1404,1500,416
thrashing,synthetic,,SecondChance,LocalAllocation,768,2,6,0.234,0.4579,1.9568376068376068,24,0,24,0
thrashing,synthetic,,SecondChance,LocalAllocation,768,2,7,0.3636,2.2344,6.145214521452146,1500,1404,1500,407
thrashing,synthetic,,SecondChance,LocalAllocation,768,3,0,0.2993,0.5118,1.709989976612095,96,0,96,0
thrashing,synthetic,,SecondChance,LocalAllocation,768,3,1,0.2916,2.2548,7.732510288065844,1500,1404,1500,424
thrashing,synthetic,,SecondChance,LocalAllocation,768,3,2,0.3038,2.2367,7.362409479921,1500,1404,1500,413
thrashing,synthetic,,SecondChance,LocalAllocation,768,3,3,0.3264,2.2648,6.938725490196078,1500,1404,1500,408
thrashing,synthetic,,SecondChance,LocalAllocation,768,3,4,0.3231,2.2429,6.9418136799752395,1500,1404,1500,396
thrashing,synthetic,,SecondChance,LocalAllocation,768,3,5,0.3333,2.2448,6.7350735073507355,1500,1404,1500,408
thrashing,synthetic,,SecondChance,LocalAllocation,768,3,6,0.2323,0.4772,2.0542402066293586,24,0,24,0
thrashing,synthetic,,SecondChance,LocalAllocation,768,3,7,0.359,2.2541,6.27883008356546,1500,1404,1500,426
thrashing,synthetic,,SecondChance,LocalAllocation,768,4,0,0.2821,0.516,1.8291386033321517,96,0,96,0
thrashing,synthetic,,SecondChance,LocalAllocation,768,4,1,0.294,2.2462,7.6401360544217685,1500,1404,1500,434
thrashing,synthetic,,SecondChance,LocalAllocation,768,4,2,0.3021,2.2436,7.426679907315458,1500,1404,1500,410
thrashing,synthetic,,SecondChance,LocalAllocation,768,4,3,0.312,2.245,7.19551282051282,1500,1404,1500,424
thrashing,synthetic,,SecondChance,LocalAllocation,768,4,4,0.3246,2.2563,6.95101663585952,1500,1404,1500,416
thrashing,synthetic,,SecondChance,LocalAllocation,768,4,5,0.341,2.2469,6.589149560117302,1500,1404,1500,404
thrashing,synthetic,,SecondChance,LocalAllocation,768,4,6,0.2379,0.4581,1.9255989911727616,24,0,24,0
thrashing,synthetic,,SecondChance,LocalAllocation,768,4,7,0.3675,2.2394,6.09360544217687,1500,1404,1500,366
thrashing,synthetic,,SecondChance,LocalAllocation,768,5,0,0.2804,0.5098,1.8181169757489302,96,0,96,0
thrashing,synthetic,,SecondChance,LocalAllocation,768,5,1,0.2933,2.2313,7.607569041936584,1500,1404,1500,417
thrashing,synthetic,,SecondChance,LocalAllocation,768,5,2,0.3033,2.2389,7.381800197823937,1500,1404,1500,461
thrashing,synthetic,,SecondChance,LocalAllocation,768,5,3,0.3131,2.2512,7.190035132545512,1500,1404,1500,390
thrashing,synthetic,,SecondChance,LocalAllocation,768,5,4,0.3438,2.2314,6.490401396160559,1500,1404,1500,426
thrashing,synthetic,,SecondChance,LocalAllocation,768,5,5,0.333,2.2336,6.707507507507508,1500,1404,1500,395
thrashing,synthetic,,SecondChance,LocalAllocation,768,5,6,0.2311,0.4585,1.983989614885331,24,0,24,0
thrashing,synthetic,,SecondChance,LocalAllocation,768,5,7,0.3621,2.2503,6.214581607290803,1500,1404,1500,425
thrashing,synthetic,,SecondChance,LocalAllocation,768,6,0,0.2787,0.5126,1.8392536777897381,96,0,96,0
thrashing,synthetic,,SecondChance,LocalAllocation,768,6,1,0.2918,2.2552,7.728581220013708,1500,1404,1500,422
thrashing,synthetic,,SecondChance,LocalAllocation,768,6,2,0.3002,2.243,7.471685542971352,1500,1404,1500,419
thrashing,synthetic,,SecondChance,LocalAllocation,768,6,3,0.312,2.2492,7.208974358974359,1500,1404,1500,417
thrashing,synthetic,,SecondChance,LocalAllocation,768,6,4,0.3249,2.2408,6.89689135118498,1500,1404,1500,397
thrashing,synthetic,,SecondChance,LocalAllocation,768,6,5,0.3609,2.2411,6.209753394292048,1500,1404,1500,417
thrashing,synthetic,,SecondChance,LocalAllocation,768,6,6,0.2353,0.4517,1.919677008074798,24,0,24,0
thrashing,synthetic,,SecondChance,LocalAllocation,768,6,7,0.3663,2.2684,6.192738192738193,1500,1404,1500,419
thrashing,synthetic,,SecondChance,LocalAllocation,768,7,0,0.2784,0.4993,1.7934626436781609,96,0,96,0
thrashing,synthetic,,SecondChance,LocalAllocation,768,7,1,0.2936,2.2244,7.576294277929155,1500,1404,1500,407
thrashing,synthetic,,SecondChance,LocalAllocation,768,7,2,0.3036,2.2459,7.397562582345191,1500,1404,1500,445
thrashing,synthetic,,SecondChance,LocalAllocation,768,7,3,0.3083,2.2429,7.275056762893286,1500,1404,1500,405
thrashing,synthetic,,SecondChance,LocalAllocation,768,7,4,0.3256,2.2216,6.823095823095823,1500,1404,1500,421
thrashing,synthetic,,SecondChance,LocalAllocation,768,7,5,0.337,2.2343,6.629970326409495,1500,1404,1500,410
thrashing,synthetic,,SecondChance,LocalAllocation,768,7,6,0.2321,0.4494,1.936234381732012,24,0,24,0
thrashing,synthetic,,SecondChance,LocalAllocation,768,7,7,0.3694,2.2657,6.13345966432052,1500,1404,1500,397
thrashing,synthetic,,SecondChance,LocalAllocation,768,8,0,0.2778,0.5018,1.806335493160547,96,0,96,0
thrashing,synthetic,,SecondChance,LocalAllocation,768,8,1,0.2938,2.2158,7.541865214431586,1500,1404,1500,422
thrashing,synthetic,,SecondChance,LocalAllocation,768,8,2,0.3011,2.2361,7.426436399867153,1500,1404,1500,407
thrashing,synthetic,,SecondChance,LocalAllocation,768,8,3,0.318,2.2224,6.988679245283019,1500,1404,1500,420
thrashing,synthetic,,SecondChance,LocalAllocation,768,8,4,0.3297,2.2339,6.775553533515317,1500,1404,1500,402
thrashing,synthetic,,SecondChance,LocalAllocation,768,8,5,0.3426,2.2252,6.495037945125511,1500,1404,1500,420
thrashing,synthetic,,SecondChance,LocalAllocation,768,8,6,0.234,0.4554,1.9461538461538461,24,0,24,0
thrashing,synthetic,,SecondChance,LocalAllocation,768,8,7,0.3737,2.2231,5.948889483542949,1500,1404,1500,430
thrashing,synthetic,,SecondChance,LocalAllocation,768,9,0,0.281,0.5031,1.7903914590747332,96,0,96,0
thrashing,synthetic,,SecondChance,LocalAllocation,768,9,1,0.2906,2.2299,7.673434273916036,1500,1404,1500,421
thrashing,synthetic,,SecondChance,LocalAllocation,768,9,2,0.3012,2.2213,7.374833997343957,1500,1404,1500,450
thrashing,synthetic,,SecondChance,LocalAllocation,768,9,3,0.3111,2.2356,7.186113789778206,1500,1404,1500,414
thrashing,synthetic,,SecondChance,LocalAllocation,768,9,4,0.3234,2.2112,6.837353123067409,1500,1404,1500,433
thrashing,synthetic,,SecondChance,LocalAllocation,768,9,5,0.3347,2.2175,6.625336121900209,1500,1404,1500,418
thrashing,synthetic,,SecondChance,LocalAllocation,768,9,6,0.236,0.4496,1.9050847457627118,24,0,24,0
thrashing,synthetic,,SecondChance,LocalAllocation,768,9,7,0.3707,2.2094,5.9600755327758295,1500,1404,1500,389
thrashing,synthetic,,SecondChance,ProportionalAllocation,768,0,0,0.2829,2.1252,7.512195121951219,1500,1424,1500,443
thrashing,synthetic,,SecondChance,ProportionalAllocation,768,0,1,0.2925,2.1786,7.448205128205128,1500,1414,1500,445
thrashing,synthetic,,SecondChance,ProportionalAllocation,768,0,2,0.3002,2.22,7.395069953364423,1500,1404,1500,395
thrashing,synthetic,,SecondChance,ProportionalAllocation,768,0,3,0.3121,2.309,7.398269785325216,1500,1395,1500,470
thrashing,synthetic,,SecondChance,ProportionalAllocation,768,0,4,0.3339,2.3679,7.091644204851752,1500,1384,1500,419
thrashing,synthetic,,SecondChance,ProportionalAllocation,768,0,5,0.3348,2.4329,7.266726403823178,1500,1375,1500,415
thrashing,synthetic,,SecondChance,ProportionalAllocation,768,0,6,0.2336,1.7009,7.28125,1500,1481,1500,403
thrashing,synthetic,,SecondChance,ProportionalAllocation,768,0,7,0.3691,2.5851,7.003793010024384,1500,1355,1500,419
thrashing,synthetic,,SecondChance,ProportionalAllocation,768,1,0,0.285,2.1538,7.55719298245614,1500,1424,1500,446
thrashing,synthetic,,SecondChance,ProportionalAllocation,768,1,1,0.2959,2.2097,7.467725582967218,1500,1414,1500,382
thrashing,synthetic,,SecondChance,ProportionalAllocation,768,1,2,0.3053,2.2584,7.397314117261709,1500,1404,1500,397
thrashing,synthetic,,SecondChance,ProportionalAllocation,768,1,3,0.3138,2.3223,7.40057361376673,1500,1395,1500,430
thrashing,synthetic,,SecondChance,ProportionalAllocation,768,1,4,0.3419,2.3877,6.983620941795847,1500,1384,1500,434
thrashing,synthetic,,SecondChance,ProportionalAllocation,768,1,5,0.3357,2.443,7.277330950253202,1500,1375,1500,371
thrashing,synthetic,,SecondChance,ProportionalAllocation,768,1,6,0.2361,1.7356,7.351122405760271,1500,1481,1500,435
thrashing,synthetic,,SecondChance,ProportionalAllocation,768,1,7,0.363,2.6097,7.189256198347107,1500,1355,1500,415
thrashing,synthetic,,SecondChance,ProportionalAllocation,768,2,0,0.2843,2.1259,7.477664438972916,1500,1424,1500,437
thrashing,synthetic,,SecondChance,ProportionalAllocation,768,2,1,0.2931,2.1956,7.490958717161378,1500,1414,1500,412
thrashing,synthetic,,SecondChance,ProportionalAllocation,768,2,2,0.3024,2.2336,7.386243386243386,1500,1404,1500,413
thrashing,synthetic,,SecondChance,ProportionalAllocation,768,2,3,0.3169,2.3138,7.301356894919533,1500,1395,1500,414
thrashing,synthetic,,SecondChance,ProportionalAllocation,768,2,4,0.3303,2.3728,7.183772328186497,1500,1384,1500,389
thrashing,synthetic,,SecondChance,ProportionalAllocation,768,2,5,0.3398,2.4323,7.158034137728075,1500,1375,1500,404
thrashing,synthetic,,SecondChance,ProportionalAllocation,768,2,6,0.2364,1.7113,7.239001692047378,1500,1481,1500,483
thrashing,synthetic,,SecondChance,ProportionalAllocation,768,2,7,0.3646,2.5861,7.092978606692266,1500,1355,1500,390
thrashing,synthetic,,SecondChance,ProportionalAllocation,768,3,0,0.2805,2.4813,8.845989304812834,1500,1424,1500,403
thrashing,synthetic,,SecondChance,ProportionalAllocation,768,3,1,0.2915,2.6521,9.09811320754717,1500,1414,1500,426
thrashing,synthetic,,SecondChance,ProportionalAllocation,768,3,2,0.2986,2.5997,8.70629604822505,1500,1404,1500,413
thrashing,synthetic,,SecondChance,ProportionalAllocation,768,3,3,0.3135,2.7102,8.644976076555023,1500,1395,1500,407
thrashing,synthetic,,SecondChance,ProportionalAllocation,768,3,4,0.3252,2.8298,8.701722017220172,1500,1384,1500,392
thrashing,synthetic,,SecondChance,ProportionalAllocation,768,3,5,0.3313,2.8382,8.566857832779958,1500,1375,1500,402
thrashing,synthetic,,SecondChance,ProportionalAllocation,768,3,6,0.2804,1.991,7.100570613409415,1500,1481,1500,435
thrashing,synthetic,,SecondChance,ProportionalAllocation,768,3,7,0.3672,3.0048,8.183006535947712,1500,1355,1500,409
thrashing,synthetic,,SecondChance,ProportionalAllocation,768,4,0,0.2871,2.1286,7.414141414141414,1500,1424,1500,386
thrashing,synthetic,,SecondChance,ProportionalAllocation,768,4,1,0.2904,2.187,7.5309917355371905,1500,1414,1500,436
thrashing,synthetic,,SecondChance,ProportionalAllocation,768,4,2,0.3023,2.2447,7.425405226596097,1500,1404,1500,410
thrashing,synthetic,,SecondChance,ProportionalAllocation,768,4,3,0.3172,2.3146,7.296973518284994,1500,1395,1500,423
thrashing,synthetic,,SecondChance,ProportionalAllocation,768,4,4,0.3241,2.3731,7.3221228016044435,1500,1384,1500,410
thrashing,synthetic,,SecondChance,ProportionalAllocation,768,4,5,0.3351,2.4364,7.270665472993136,1500,1375,1500,392
thrashing,synthetic,,SecondChance,ProportionalAllocation,768,4,6,0.2337,1.7205,7.362002567394095,1500,1481,1500,467
thrashing,synthetic,,SecondChance,ProportionalAllocation,768,4,7,0.3638,2.5978,7.1407366684991755,1500,1355,1500,360
thrashing,synthetic,,SecondChance,ProportionalAllocation,768,5,0,0.2806,2.1294,7.588738417676407,1500,1424,1500,420
thrashing,synthetic,,SecondChance,ProportionalAllocation,768,5,1,0.2917,2.1919,7.514226945491944,1500,1414,1500,419
thrashing,synthetic,,SecondChance,ProportionalAllocation,768,5,2,0.3056,2.2469,7.352421465968586,1500,1404,1500,461
thrashing,synthetic,,SecondChance,ProportionalAllocation,768,5,3,0.3089,2.3067,7.467465199093557,1500,1395,1500,387
thrashing,synthetic,,SecondChance,ProportionalAllocation,768,5,4,0.323,2.3788,7.364705882352941,1500,1384,1500,420
thrashing,synthetic,,SecondChance,ProportionalAllocation,768,5,5,0.3355,2.4384,7.26795827123696,1500,1375,1500,387
thrashing,synthetic,,SecondChance,ProportionalAllocation,768,5,6,0.2352,1.7148,7.290816326530612,1500,1481,1500,429
thrashing,synthetic,,SecondChance,ProportionalAllocation,768,5,7,0.3657,2.5882,7.077385835384194,1500,1355,1500,413
thrashing,synthetic,,SecondChance,ProportionalAllocation,768,6,0,0.2796,2.1184,7.57653791130186,1500,1424,1500,437
thrashing,synthetic,,SecondChance,ProportionalAllocation,768,6,1,0.2928,2.2119,7.554303278688525,1500,1414,1500,424
thrashing,synthetic,,SecondChance,ProportionalAllocation,768,6,2,0.3044,2.2557,7.410315374507228,1500,1404,1500,419
thrashing,synthetic,,SecondChance,ProportionalAllocation,768,6,3,0.3117,2.3322,7.482194417709336,1500,1395,1500,413
thrashing,synthetic,,SecondChance,ProportionalAllocation,768,6,4,0.3271,2.3794,7.274228064811984,1500,1384,1500,391
thrashing,synthetic,,SecondChance,ProportionalAllocation,768,6,5,0.3365,2.4489,7.277563150074294,1500,1375,1500,410
thrashing,synthetic,,SecondChance,ProportionalAllocation,768,6,6,0.2357,1.7123,7.264743317776835,1500,1481,1500,434
thrashing,synthetic,,SecondChance,ProportionalAllocation,768,6,7,0.3687,2.5994,7.05017629509086,1500,1355,1500,407
thrashing,synthetic,,SecondChance,ProportionalAllocation,768,7,0,0.2862,2.112,7.379454926624738,1500,1424,1500,428
thrashing,synthetic,,SecondChance,ProportionalAllocation,768,7,1,0.2935,2.1896,7.4603066439523,1500,1414,1500,412
thrashing,synthetic,,SecondChance,ProportionalAllocation,768,7,2,0.3056,2.2432,7.340314136125654,1500,1404,1500,445
thrashing,synthetic,,SecondChance,ProportionalAllocation,768,7,3,0.3122,2.3155,7.416720051249199,1500,1395,1500,402
thrashing,synthetic,,SecondChance,ProportionalAllocation,768,7,4,0.3223,2.3818,7.390009308098045,1500,1384,1500,415
thrashing,synthetic,,SecondChance,ProportionalAllocation,768,7,5,2.7122,2.4339,0.8973895730403363,1500,1375,1500,401
thrashing,synthetic,,SecondChance,ProportionalAllocation,768,7,6,0.3887,1.7173,4.418060200668896,1500,1481,1500,431
thrashing,synthetic,,SecondChance,ProportionalAllocation,768,7,7,0.3729,2.5911,6.9485116653258245,1500,1355,1500,384
thrashing,synthetic,,SecondChance,ProportionalAllocation,768,8,0,0.2802,2.1198,7.565310492505353,1500,1424,1500,396
thrashing,synthetic,,SecondChance,ProportionalAllocation,768,8,1,0.2932,2.2152,7.55525238744884,1500,1414,1500,424
thrashing,synthetic,,SecondChance,ProportionalAllocation,768,8,2,0.2965,2.2488,7.584485666104553,1500,1404,1500,407
thrashing,synthetic,,SecondChance,ProportionalAllocation,768,8,3,0.3205,2.3205,7.240249609984399,1500,1395,1500,418
thrashing,synthetic,,SecondChance,ProportionalAllocation,768,8,4,0.3212,2.388,7.434620174346202,1500,1384,1500,394
thrashing,synthetic,,SecondChance,ProportionalAllocation,768,8,5,0.3344,2.4549,7.341208133971292,1500,1375,1500,411
thrashing,synthetic,,SecondChance,ProportionalAllocation,768,8,6,0.233,1.7175,7.371244635193133,1500,1481,1500,422
thrashing,synthetic,,SecondChance,ProportionalAllocation,768,8,7,0.3723,2.6005,6.984958366908407,1500,1355,1500,412
thrashing,synthetic,,SecondChance,ProportionalAllocation,768,9,0,0.2914,2.1319,7.316060398078243,1500,1424,1500,425
thrashing,synthetic,,SecondChance,ProportionalAllocation,768,9,1,0.294,2.2265,7.5731292517006805,1500,1414,1500,426
thrashing,synthetic,,SecondChance,ProportionalAllocation,768,9,2,0.3066,2.2646,7.386170906718852,1500,1404,1500,450
thrashing,synthetic,,SecondChance,ProportionalAllocation,768,9,3,0.3101,2.3269,7.503708481135118,1500,1395,1500,411
thrashing,synthetic,,SecondChance,ProportionalAllocation,768,9,4,0.3228,2.3986,7.430607187112764,1500,1384,1500,430
thrashing,synthetic,,SecondChance,ProportionalAllocation,768,9,5,0.3514,2.4638,7.011383039271485,1500,1375,1500,412
thrashing,synthetic,,SecondChance,ProportionalAllocation,768,9,6,0.249,1.736,6.971887550200803,1500,1481,1500,459
thrashing,synthetic,,SecondChance,ProportionalAllocation,768,9,7,0.3719,2.618,7.039526754503899,1500,1355,1500,375
thrashing,synthetic,,WSClock,GlobalAllocation,768,0,0,0.3008,35.3811,117.62333776595744,412,,,
thrashing,synthetic,,WSClock,GlobalAllocation,768,0,1,0.2911,33.7051,115.78529714874614,463,,,
thrashing,synthetic,,WSClock,GlobalAllocation,768,0,2,0.3057,44.403,145.25024533856723,610,,,
thrashing,synthetic,,WSClock,GlobalAllocation,768,0,3,0.3111,24.9162,80.09064609450337,469,,,
thrashing,synthetic,,WSClock,GlobalAllocation,768,0,4,0.3237,38.7293,119.6456595613222,608,,,
thrashing,synthetic,,WSClock,GlobalAllocation,768,0,5,0.3393,40.9876,120.80047155909224,651,,,
thrashing,synthetic,,WSClock,GlobalAllocation,768,0,6,0.2319,16.1351,69.57783527382493,123,,,
thrashing,synthetic,,WSClock,GlobalAllocation,768,0,7,0.3762,48.4987,128.9173312068049,702,,,
thrashing,synthetic,,WSClock,GlobalAllocation,768,1,0,0.2832,41.8246,147.68573446327684,471,,,
thrashing,synthetic,,WSClock,GlobalAllocation,768,1,1,0.2878,26.0855,90.63759555246699,499,,,
thrashing,synthetic,,WSClock,GlobalAllocation,768,1,2,0.3091,34.8599,112.77871239081203,568,,,
thrashing,synthetic,,WSClock,GlobalAllocation,768,1,3,0.3132,40.5456,129.455938697318,534,,,
thrashing,synthetic,,WSClock,GlobalAllocation,768,1,4,0.3263,39.0816,119.77198896720809,576,,,
thrashing,synthetic,,WSClock,GlobalAllocation,768,1,5,0.3418,47.9271,140.21971913399648,671,,,
thrashing,synthetic,,WSClock,GlobalAllocation,768,1,6,0.2362,18.062,76.46909398814564,112,,,
thrashing,synthetic,,WSClock,GlobalAllocation,768,1,7,0.3835,37.1946,96.98722294654497,625,,,
thrashing,synthetic,,WSClock,GlobalAllocation,768,2,0,0.3074,39.8829,129.74268054651918,416,,,
thrashing,synthetic,,WSClock,GlobalAllocation,768,2,1,0.2884,56.702,196.60887656033287,433,,,
thrashing,synthetic,,WSClock,GlobalAllocation,768,2,2,0.2999,50.8539,169.56952317439146,513,,,
thrashing,synthetic,,WSClock,GlobalAllocation,768,2,3,0.3118,35.1006,112.57408595253368,558,,,
thrashing,synthetic,,WSClock,GlobalAllocation,768,2,4,0.3307,28.8689,87.29634109464772,569,,,
thrashing,synthetic,,WSClock,GlobalAllocation,768,2,5,0.3407,38.1995,112.12063398884649,571,,,
thrashing,synthetic,,WSClock,GlobalAllocation,768,2,6,0.2344,17.5616,74.92150170648465,113,,,
thrashing,synthetic,,WSClock,GlobalAllocation,768,2,7,0.3684,51.3491,139.38409337676438,691,,,
thrashing,synthetic,,WSClock,GlobalAllocation,768,3,0,0.288,26.4976,92.00555555555556,454,,,
thrashing,synthetic,,WSClock,GlobalAllocation,768,3,1,0.2966,28.6645,96.64362778152393,478,,,
thrashing,synthetic,,WSClock,GlobalAllocation,768,3,2,0.3025,39.9583,132.09355371900827,552,,,
thrashing,synthetic,,WSClock,GlobalAllocation,768,3,3,0.3144,32.8503,104.48568702290076,565,,,
thrashing,synthetic,,WSClock,GlobalAllocation,768,3,4,0.3388,36.1184,106.60684769775679,578,,,
thrashing,synthetic,,WSClock,GlobalAllocation,768,3,5,0.3394,49.1068,144.68709487330582,656,,,
thrashing,synthetic,,WSClock,GlobalAllocation,768,3,6,0.2301,11.2652,48.957844415471534,96,,,
thrashing,synthetic,,WSClock,GlobalAllocation,768,3,7,0.3811,52.3671,137.41039097349778,708,,,
thrashing,synthetic,,WSClock,GlobalAllocation,768,4,0,0.4698,44.2366,94.1604938271605,429,,,
thrashing,synthetic,,WSClock,GlobalAllocation,768,4,1,0.5853,25.8562,44.175978130873055,435,,,
thrashing,synthetic,,WSClock,GlobalAllocation,768,4,2,0.6007,32.1118,53.45729981688031,549,,,
thrashing,synthetic,,WSClock,GlobalAllocation,768,4,3,0.6316,31.8193,50.37887903736542,566,,,
thrashing,synthetic,,WSClock,GlobalAllocation,768,4,4,0.325,37.5339,115.48892307692307,614,,,
thrashing,synthetic,,WSClock,GlobalAllocation,768,4,5,0.3681,34.5268,93.79733767997827,610,,,
thrashing,synthetic,,WSClock,GlobalAllocation,768,4,6,0.2358,14.7458,62.53519932145886,131,,,
thrashing,synthetic,,WSClock,GlobalAllocation,768,4,7,0.3624,49.5061,136.6062362030905,735,,,
thrashing,synthetic,,WSClock,GlobalAllocation,768,5,0,0.2765,36.9583,133.6647377938517,401,,,
thrashing,synthetic,,WSClock,GlobalAllocation,768,5,1,0.2759,30.4469,110.35483870967742,482,,,
thrashing,synthetic,,WSClock,GlobalAllocation,768,5,2,0.2911,47.755,164.0501545860529,498,,,
thrashing,synthetic,,WSClock,GlobalAllocation,768,5,3,0.34,37.4028,110.00823529411765,586,,,
thrashing,synthetic,,WSClock,GlobalAllocation,768,5,4,0.3207,35.0684,109.3495478640474,550,,,
thrashing,synthetic,,WSClock,GlobalAllocation,768,5,5,0.3382,54.9386,162.4441159077469,626,,,
thrashing,synthetic,,WSClock,GlobalAllocation,768,5,6,0.2322,18.1364,78.1068044788975,160,,,
thrashing,synthetic,,WSClock,GlobalAllocation,768,5,7,0.3663,42.0417,114.77395577395578,691,,,
thrashing,synthetic,,WSClock,GlobalAllocation,768,6,0,0.2837,45.77,161.33239337328163,385,,,
thrashing,synthetic,,WSClock,GlobalAllocation,768,6,1,0.2959,35.0169,118.34031767489016,483,,,
thrashing,synthetic,,WSClock,GlobalAllocation,768,6,2,0.3005,33.9056,112.830615640599,495,,,
thrashing,synthetic,,WSClock,GlobalAllocation,768,6,3,0.3095,40.4181,130.59159935379645,588,,,
thrashing,synthetic,,WSClock,GlobalAllocation,768,6,4,0.3222,36.0411,111.85940409683427,601,,,
thrashing,synthetic,,WSClock,GlobalAllocation,768,6,5,0.3445,43.4749,126.19709724238027,642,,,
thrashing,synthetic,,WSClock,GlobalAllocation,768,6,6,0.2388,12.7375,53.33961474036851,84,,,
thrashing,synthetic,,WSClock,GlobalAllocation,768,6,7,0.365,46.4604,127.28876712328767,658,,,
thrashing,synthetic,,WSClock,GlobalAllocation,768,7,0,0.2833,52.6009,185.67207906812567,439,,,
thrashing,synthetic,,WSClock,GlobalAllocation,768,7,1,0.2953,23.9966,81.26176769387064,455,,,
thrashing,synthetic,,WSClock,GlobalAllocation,768,7,2,0.3061,47.0127,153.58608297941848,523,,,
thrashing,synthetic,,WSClock,GlobalAllocation,768,7,3,0.3309,27.5156,83.15382290722273,527,,,
thrashing,synthetic,,WSClock,GlobalAllocation,768,7,4,0.3218,38.1139,118.4397141081417,625,,,
thrashing,synthetic,,WSClock,GlobalAllocation,768,7,5,0.3348,32.9904,98.53763440860214,631,,,
thrashing,synthetic,,WSClock,GlobalAllocation,768,7,6,0.2307,14.3357,62.140008669267445,128,,,
thrashing,synthetic,,WSClock,GlobalAllocation,768,7,7,0.3636,40.421,111.16886688668868,679,,,
thrashing,synthetic,,WSClock,GlobalAllocation,768,8,0,0.281,38.5558,137.20925266903916,414,,,
thrashing,synthetic,,WSClock,GlobalAllocation,768,8,1,0.2887,23.9036,82.79736750952546,494,,,
thrashing,synthetic,,WSClock,GlobalAllocation,768,8,2,0.3016,30.9623,102.66014588859416,511,,,
thrashing,synthetic,,WSClock,GlobalAllocation,768,8,3,0.3099,36.8228,118.8215553404324,556,,,
thrashing,synthetic,,WSClock,GlobalAllocation,768,8,4,0.3219,39.3663,122.29356943150047,601,,,
thrashing,synthetic,,WSClock,GlobalAllocation,768,8,5,0.3351,47.5505,141.89943300507312,643,,,
thrashing,synthetic,,WSClock,GlobalAllocation,768,8,6,0.235,13.0808,55.66297872340426,113,,,
thrashing,synthetic,,WSClock,GlobalAllocation,768,8,7,0.3652,41.5121,113.66949616648412,680,,,
thrashing,synthetic,,WSClock,GlobalAllocation,768,9,0,0.2829,30.815,108.92541534110994,407,,,
thrashing,synthetic,,WSClock,GlobalAllocation,768,9,1,0.2915,50.8849,174.5622641509434,478,,,
thrashing,synthetic,,WSClock,GlobalAllocation,768,9,2,0.3094,30.9899,100.16127989657402,498,,,
thrashing,synthetic,,WSClock,GlobalAllocation,768,9,3,0.3135,29.1867,93.09952153110048,610,,,
thrashing,synthetic,,WSClock,GlobalAllocation,768,9,4,0.3271,34.2917,104.83552430449404,580,,,
thrashing,synthetic,,WSClock,GlobalAllocation,768,9,5,0.3361,32.3369,96.21213924427254,637,,,
thrashing,synthetic,,WSClock,GlobalAllocation,768,9,6,0.2327,13.2699,57.025784271594326,113,,,
thrashing,synthetic,,WSClock,GlobalAllocation,768,9,7,0.3691,43.0061,116.51612029260363,693,,,
thrashing,synthetic,,WSClock,LocalAllocation,768,0,0,0.2906,0.5545,1.908121128699243,96,0,96,0
thrashing,synthetic,,WSClock,LocalAllocation,768,0,1,0.293,52.213,178.20136518771332,1500,1404,1500,442
thrashing,synthetic,,WSClock,LocalAllocation,768,0,2,0.3074,52.3745,170.37898503578398,1500,1404,1500,395
thrashing,synthetic,,WSClock,LocalAllocation,768,0,3,0.3151,52.396,166.28371945414153,1500,1404,1500,470
thrashing,synthetic,,WSClock,LocalAllocation,768,0,4,0.3179,52.4393,164.95533186536647,1500,1404,1500,426
thrashing,synthetic,,WSClock,LocalAllocation,768,0,5,0.355,51.9702,146.39492957746478,1500,1404,1500,421
thrashing,synthetic,,WSClock,LocalAllocation,768,0,6,0.2326,0.4866,2.0920034393809113,24,0,24,0
thrashing,synthetic,,WSClock,LocalAllocation,768,0,7,0.367,52.1411,142.07384196185285,1500,1404,1500,435
thrashing,synthetic,,WSClock,LocalAllocation,768,1,0,0.2876,0.5698,1.9812239221140473,96,0,96,0
thrashing,synthetic,,WSClock,LocalAllocation,768,1,1,0.2928,52.3991,178.95867486338798,1500,1404,1500,378
thrashing,synthetic,,WSClock,LocalAllocation,768,1,2,0.3034,52.1048,171.7363216875412,1500,1404,1500,397
thrashing,synthetic,,WSClock,LocalAllocation,768,1,3,0.3148,52.1433,165.6394536213469,1500,1404,1500,432
thrashing,synthetic,,WSClock,LocalAllocation,768,1,4,0.3206,52.1645,162.7089831565814,1500,1404,1500,438
thrashing,synthetic,,WSClock,LocalAllocation,768,1,5,0.3379,52.4753,155.29831311038768,1500,1404,1500,379
thrashing,synthetic,,WSClock,LocalAllocation,768,1,6,0.2433,0.4963,2.03986847513358,24,0,24,0
thrashing,synthetic,,WSClock,LocalAllocation,768,1,7,0.3685,52.0299,141.19375848032564,1500,1404,1500,431
thrashing,synthetic,,WSClock,LocalAllocation,768,2,0,0.532,0.5676,1.0669172932330826,96,0,96,0
thrashing,synthetic,,WSClock,LocalAllocation,768,2,1,0.6066,53.3507,87.95037916254533,1500,1404,1500,410
thrashing,synthetic,,WSClock,LocalAllocation,768,2,2,0.5548,53.288,96.04902667627974,1500,1404,1500,413
thrashing,synthetic,,WSClock,LocalAllocation,768,2,3,0.5998,55.0094,91.71290430143381,1500,1404,1500,415
thrashing,synthetic,,WSClock,LocalAllocation,768,2,4,0.6421,53.2207,82.88537610964025,1500,1404,1500,398
thrashing,synthetic,,WSClock,LocalAllocation,768,2,5,0.6275,53.097,84.61673306772909,1500,1404,1500,416
thrashing,synthetic,,WSClock,LocalAllocation,768,2,6,0.4609,0.5097,1.1058798003905403,24,0,24,0
thrashing,synthetic,,WSClock,LocalAllocation,768,2,7,0.6022,53.5541,88.93075390235802,1500,1404,1500,407
thrashing,synthetic,,WSClock,LocalAllocation,768,3,0,0.2837,0.5479,1.931265421219598,96,0,96,0
thrashing,synthetic,,WSClock,LocalAllocation,768,3,1,0.2867,51.8451,180.8339727938612,1500,1404,1500,424
thrashing,synthetic,,WSClock,LocalAllocation,768,3,2,0.2994,51.7087,172.7077488309953,1500,1404,1500,413
thrashing,synthetic,,WSClock,LocalAllocation,768,3,3,0.3155,51.8598,164.37337559429477,1500,1404,1500,408
thrashing,synthetic,,WSClock,LocalAllocation,768,3,4,0.33,51.7595,156.8469696969697,1500,1404,1500,396
thrashing,synthetic,,WSClock,LocalAllocation,768,3,5,0.6902,51.7977,75.04737757171834,1500,1404,1500,408
thrashing,synthetic,,WSClock,LocalAllocation,768,3,6,0.4478,0.4899,1.094015185350603,24,0,24,0
thrashing,synthetic,,WSClock,LocalAllocation,768,3,7,0.9127,51.9379,56.905774076914646,1500,1404,1500,426
thrashing,synthetic,,WSClock,LocalAllocation,768,4,0,0.2819,0.6147,2.180560482440582,96,0,96,0
thrashing,synthetic,,WSClock,LocalAllocation,768,4,1,0.2995,55.0038,183.65208681135226,1500,1404,1500,434
thrashing,synthetic,,WSClock,LocalAllocation,768,4,2,0.3043,60.1798,197.76470588235293,1500,1404,1500,410
thrashing,synthetic,,WSClock,LocalAllocation,768,4,3,0.3171,54.6047,172.200252286345,1500,1404,1500,424
thrashing,synthetic,,WSClock,LocalAllocation,768,4,4,0.324,55.1284,170.1493827160494,1500,1404,1500,416
thrashing,synthetic,,WSClock,LocalAllocation,768,4,5,0.338,55.0772,162.95029585798815,1500,1404,1500,404
thrashing,synthetic,,WSClock,LocalAllocation,768,4,6,0.2362,0.5517,2.335732430143946,24,0,24,0
thrashing,synthetic,,WSClock,LocalAllocation,768,4,7,0.3662,55.6999,152.102403058438,1500,1404,1500,366
thrashing,synthetic,,WSClock,LocalAllocation,768,5,0,0.2791,0.5689,2.0383375134360446,96,0,96,0
thrashing,synthetic,,WSClock,LocalAllocation,768,5,1,0.2903,53.0996,182.91284877712712,1500,1404,1500,417
thrashing,synthetic,,WSClock,LocalAllocation,768,5,2,0.3119,55.5366,178.0589932670728,1500,1404,1500,461
thrashing,synthetic,,WSClock,LocalAllocation,768,5,3,0.3134,53.0681,169.33024888321634,1500,1404,1500,390
thrashing,synthetic,,WSClock,LocalAllocation,768,5,4,0.3283,53.0491,161.58726774291807,1500,1404,1500,426
thrashing,synthetic,,WSClock,LocalAllocation,768,5,5,0.335,53.2044,158.81910447761194,1500,1404,1500,395
thrashing,synthetic,,WSClock,LocalAllocation,768,5,6,0.2315,0.5018,2.1676025917926567,24,0,24,0
thrashing,synthetic,,WSClock,LocalAllocation,768,5,7,0.3659,53.1271,145.19568188029515,1500,1404,1500,425
thrashing,synthetic,,WSClock,LocalAllocation,768,6,0,0.3092,0.5807,1.8780724450194048,96,0,96,0
thrashing,synthetic,,WSClock,LocalAllocation,768,6,1,0.3202,53.3731,166.68675827607746,1500,1404,1500,422
thrashing,synthetic,,WSClock,LocalAllocation,768,6,2,0.3059,52.9263,173.01830663615561,1500,1404,1500,419
thrashing,synthetic,,WSClock,LocalAllocation,768,6,3,0.5158,55.6222,107.83675843350136,1500,1404,1500,417
thrashing,synthetic,,WSClock,LocalAllocation,768,6,4,0.3248,53.0861,163.44242610837438,1500,1404,1500,397
thrashing,synthetic,,WSClock,LocalAllocation,768,6,5,0.3238,52.8969,163.3628783199506,1500,1404,1500,417
thrashing,synthetic,,WSClock,LocalAllocation,768,6,6,0.2279,0.5217,2.2891619131197896,24,0,24,0
thrashing,synthetic,,WSClock,LocalAllocation,768,6,7,0.3589,52.5354,146.3789356366676,1500,1404,1500,419
thrashing,synthetic,,WSClock,LocalAllocation,768,7,0,0.2895,0.5851,2.0210708117443867,96,0,96,0
thrashing,synthetic,,WSClock,LocalAllocation,768,7,1,0.2901,53.3693,183.9686315063771,1500,1404,1500,407
thrashing,synthetic,,WSClock,LocalAllocation,768,7,2,0.3052,53.1583,174.17529488859765,1500,1404,1500,445
thrashing,synthetic,,WSClock,LocalAllocation,768,7,3,0.3133,53.3658,170.33450367060325,1500,1404,1500,405
thrashing,synthetic,,WSClock,LocalAllocation,768,7,4,0.3271,55.5479,169.81932130846835,1500,1404,1500,421
thrashing,synthetic,,WSClock,LocalAllocation,768,7,5,0.334,52.9705,158.5943113772455,1500,1404,1500,410
thrashing,synthetic,,WSClock,LocalAllocation,768,7,6,0.2324,0.5187,2.2319277108433737,24,0,24,0
thrashing,synthetic,,WSClock,LocalAllocation,768,7,7,0.3694,53.6859,145.3327016783974,1500,1404,1500,397
thrashing,synthetic,,WSClock,LocalAllocation,768,8,0,0.2804,0.5722,2.0406562054208273,96,0,96,0
thrashing,synthetic,,WSClock,LocalAllocation,768,8,1,0.2902,55.4232,190.9827705031013,1500,1404,1500,422
thrashing,synthetic,,WSClock,LocalAllocation,768,8,2,0.2997,53.401,178.1815148481815,1500,1404,1500,407
thrashing,synthetic,,WSClock,LocalAllocation,768,8,3,0.3139,52.6866,167.84517362217267,1500,1404,1500,420
thrashing,synthetic,,WSClock,LocalAllocation,768,8,4,0.3204,53.0071,165.44038701622972,1500,1404,1500,402
thrashing,synthetic,,WSClock,LocalAllocation,768,8,5,0.3363,52.9753,157.52393696104667,1500,1404,1500,420
thrashing,synthetic,,WSClock,LocalAllocation,768,8,6,0.2342,0.5126,2.188727583262169,24,0,24,0
thrashing,synthetic,,WSClock,LocalAllocation,768,8,7,0.3735,52.6281,140.90522088353413,1500,1404,1500,430
thrashing,synthetic,,WSClock,LocalAllocation,768,9,0,0.2788,0.5884,2.110473457675753,96,0,96,0
thrashing,synthetic,,WSClock,LocalAllocation,768,9,1,0.2911,53.6602,184.33596702164203,1500,1404,1500,421
thrashing,synthetic,,WSClock,LocalAllocation,768,9,2,0.3003,53.5426,178.2970362970363,1500,1404,1500,450
thrashing,synthetic,,WSClock,LocalAllocation,768,9,3,0.3145,53.9349,171.49411764705883,1500,1404,1500,414
thrashing,synthetic,,WSClock,LocalAllocation,768,9,4,0.3266,54.1536,165.81016533986528,1500,1404,1500,433
thrashing,synthetic,,WSClock,LocalAllocation,768,9,5,0.3353,54.7411,163.26006561288398,1500,1404,1500,418
thrashing,synthetic,,WSClock,LocalAllocation,768,9,6,0.2376,0.5279,2.221801346801347,24,0,24,0
thrashing,synthetic,,WSClock,LocalAllocation,768,9,7,0.369,53.8891,146.0409214092141,1500,1404,1500,389
thrashing,synthetic,,WSClock,ProportionalAllocation,768,0,0,0.285,45.2048,158.61333333333334,1500,1424,1500,443
thrashing,synthetic,,WSClock,ProportionalAllocation,768,0,1,0.2934,50.3542,171.62304021813225,1500,1414,1500,445
thrashing,synthetic,,WSClock,ProportionalAllocation,768,0,2,0.2998,56.1389,187.25450300200134,1500,1404,1500,395
thrashing,synthetic,,WSClock,ProportionalAllocation,768,0,3,0.5548,21.3435,38.47062004325883,1362,1257,1362,414
thrashing,synthetic,,WSClock,ProportionalAllocation,768,0,4,0.6321,17.3758,27.489004904287295,1125,1009,1125,276
thrashing,synthetic,,WSClock,ProportionalAllocation,768,0,5,0.7213,15.4057,21.358242062941912,1023,898,1023,220
thrashing,synthetic,,WSClock,ProportionalAllocation,768,0,6,0.4817,15.3446,31.855096533111894,1500,1481,1500,403
thrashing,synthetic,,WSClock,ProportionalAllocation,768,0,7,0.7409,15.2902,20.637332973410718,897,752,897,172
thrashing,synthetic,,WSClock,ProportionalAllocation,768,1,0,0.2838,42.3583,149.254052149401,1500,1424,1500,446
thrashing,synthetic,,WSClock,ProportionalAllocation,768,1,1,0.2903,47.3582,163.13537719600413,1500,1414,1500,382
thrashing,synthetic,,WSClock,ProportionalAllocation,768,1,2,0.3011,52.3418,173.83527067419462,1500,1404,1500,397
thrashing,synthetic,,WSClock,ProportionalAllocation,768,1,3,0.6143,18.8064,30.614357805632427,1366,1261,1366,385
thrashing,synthetic,,WSClock,ProportionalAllocation,768,1,4,0.6123,16.6327,27.164298546464153,1134,1018,1134,289
thrashing,synthetic,,WSClock,ProportionalAllocation,768,1,5,0.7025,12.2849,17.487402135231317,1019,894,1019,185
thrashing,synthetic,,WSClock,ProportionalAllocation,768,1,6,0.4152,12.1743,29.321531791907514,1500,1481,1500,435
thrashing,synthetic,,WSClock,ProportionalAllocation,768,1,7,0.6583,13.8788,21.082789001974785,912,767,912,179
thrashing,synthetic,,WSClock,ProportionalAllocation,768,2,0,0.2836,44.0948,155.48236953455572,1500,1424,1500,437
thrashing,synthetic,,WSClock,ProportionalAllocation,768,2,1,0.302,49.2153,162.96456953642385,1500,1414,1500,412
thrashing,synthetic,,WSClock,ProportionalAllocation,768,2,2,0.3011,54.6315,181.43972102291596,1500,1404,1500,413
thrashing,synthetic,,WSClock,ProportionalAllocation,768,2,3,0.3164,19.0164,60.102402022756,1363,1258,1363,365
thrashing,synthetic,,WSClock,ProportionalAllocation,768,2,4,0.3279,15.3393,46.780420860018296,1126,1010,1126,252
thrashing,synthetic,,WSClock,ProportionalAllocation,768,2,5,0.3373,15.0569,44.63949006818856,1008,883,1008,218
thrashing,synthetic,,WSClock,ProportionalAllocation,768,2,6,0.2381,12.8848,54.11507769844603,1500,1481,1500,483
thrashing,synthetic,,WSClock,ProportionalAllocation,768,2,7,0.3788,12.386,32.69799366420275,892,747,892,144
thrashing,synthetic,,WSClock,ProportionalAllocation,768,3,0,0.2854,40.9225,143.3864751226349,1500,1424,1500,403
thrashing,synthetic,,WSClock,ProportionalAllocation,768,3,1,0.2899,45.65,157.46809244567092,1500,1414,1500,426
thrashing,synthetic,,WSClock,ProportionalAllocation,768,3,2,0.2973,50.4627,169.73662966700303,1500,1404,1500,413
thrashing,synthetic,,WSClock,ProportionalAllocation,768,3,3,0.3204,17.0501,53.21504369538077,1367,1262,1367,360
thrashing,synthetic,,WSClock,ProportionalAllocation,768,3,4,0.3196,14.2009,44.43335419274093,1111,995,1111,250
thrashing,synthetic,,WSClock,ProportionalAllocation,768,3,5,0.3373,14.2692,42.30418025496591,1023,898,1023,232
thrashing,synthetic,,WSClock,ProportionalAllocation,768,3,6,0.2332,11.7873,50.5458833619211,1500,1481,1500,435
thrashing,synthetic,,WSClock,ProportionalAllocation,768,3,7,0.3617,11.3945,31.502626486038153,889,744,889,154
thrashing,synthetic,,WSClock,ProportionalAllocation,768,4,0,0.2823,45.6819,161.82040382571734,1500,1424,1500,386
thrashing,synthetic,,WSClock,ProportionalAllocation,768,4,1,0.298,50.5104,169.4979865771812,1500,1414,1500,436
thrashing,synthetic,,WSClock,ProportionalAllocation,768,4,2,0.3053,61.2546,200.63740583033083,1500,1404,1500,410
thrashing,synthetic,,WSClock,ProportionalAllocation,768,4,3,0.3234,18.4745,57.125850340136054,1359,1254,1359,373
thrashing,synthetic,,WSClock,ProportionalAllocation,768,4,4,0.3793,16.4087,43.26047983126813,1129,1013,1129,275
thrashing,synthetic,,WSClock,ProportionalAllocation,768,4,5,0.3379,14.9001,44.09618230245635,1024,899,1024,227
thrashing,synthetic,,WSClock,ProportionalAllocation,768,4,6,0.2401,13.504,56.24323198667222,1500,1481,1500,467
thrashing,synthetic,,WSClock,ProportionalAllocation,768,4,7,0.3676,11.7494,31.962459194776933,923,778,923,144
thrashing,synthetic,,WSClock,ProportionalAllocation,768,5,0,0.2843,45.7288,160.8469926134365,1500,1424,1500,420
thrashing,synthetic,,WSClock,ProportionalAllocation,768,5,1,0.2911,50.5864,173.77670903469598,1500,1414,1500,419
thrashing,synthetic,,WSClock,ProportionalAllocation,768,5,2,0.3069,56.0991,182.79276637341152,1500,1404,1500,461
thrashing,synthetic,,WSClock,ProportionalAllocation,768,5,3,0.3134,17.6914,56.44990427568602,1354,1249,1354,335
thrashing,synthetic,,WSClock,ProportionalAllocation,768,5,4,0.3246,17.9842,55.40418977202711,1124,1008,1124,288
thrashing,synthetic,,WSClock,ProportionalAllocation,768,5,5,0.3381,16.6897,49.36320615202603,1026,901,1026,228
thrashing,synthetic,,WSClock,ProportionalAllocation,768,5,6,0.2362,13.0799,55.376375952582556,1500,1481,1500,429
thrashing,synthetic,,WSClock,ProportionalAllocation,768,5,7,0.366,14.8128,40.472131147540985,912,767,912,169
thrashing,synthetic,,WSClock,ProportionalAllocation,768,6,0,0.2825,44.6601,158.0888495575221,1500,1424,1500,437
thrashing,synthetic,,WSClock,ProportionalAllocation,768,6,1,0.2901,50.4605,173.94174422612892,1500,1414,1500,424
thrashing,synthetic,,WSClock,ProportionalAllocation,768,6,2,0.3035,57.5175,189.51400329489292,1500,1404,1500,419
thrashing,synthetic,,WSClock,ProportionalAllocation,768,6,3,0.3146,18.3264,58.25301970756516,1353,1248,1353,357
thrashing,synthetic,,WSClock,ProportionalAllocation,768,6,4,0.3251,15.4807,47.61827130113811,1129,1013,1129,253
thrashing,synthetic,,WSClock,ProportionalAllocation,768,6,5,0.3431,14.271,41.59428737977266,1015,890,1015,208
thrashing,synthetic,,WSClock,ProportionalAllocation,768,6,6,0.2335,12.9522,55.46980728051392,1500,1481,1500,434
thrashing,synthetic,,WSClock,ProportionalAllocation,768,6,7,0.3736,14.5347,38.904443254817984,905,760,905,177
thrashing,synthetic,,WSClock,ProportionalAllocation,768,7,0,0.2866,42.1251,146.98220516399164,1500,1424,1500,428
thrashing,synthetic,,WSClock,ProportionalAllocation,768,7,1,0.2974,47.4206,159.45057162071285,1500,1414,1500,412
thrashing,synthetic,,WSClock,ProportionalAllocation,768,7,2,0.2984,52.2373,175.0579758713137,1500,1404,1500,445
thrashing,synthetic,,WSClock,ProportionalAllocation,768,7,3,0.31,17.1194,55.22387096774194,1353,1248,1353,348
thrashing,synthetic,,WSClock,ProportionalAllocation,768,7,4,0.3234,15.275,47.23252937538652,1127,1011,1127,258
thrashing,synthetic,,WSClock,ProportionalAllocation,768,7,5,0.3393,14.2577,42.020925434718535,1026,901,1026,223
thrashing,synthetic,,WSClock,ProportionalAllocation,768,7,6,0.2357,12.1391,51.50233347475604,1500,1481,1500,431
thrashing,synthetic,,WSClock,ProportionalAllocation,768,7,7,0.3669,11.8311,32.246116107931314,895,750,895,149
thrashing,synthetic,,WSClock,ProportionalAllocation,768,8,0,0.282,43.8258,155.41063829787234,1500,1424,1500,396
thrashing,synthetic,,WSClock,ProportionalAllocation,768,8,1,0.2913,48.7068,167.20494335736353,1500,1414,1500,424
thrashing,synthetic,,WSClock,ProportionalAllocation,768,8,2,0.3009,54.6221,181.52907942838152,1500,1404,1500,407
thrashing,synthetic,,WSClock,ProportionalAllocation,768,8,3,0.3122,17.9379,57.45643818065343,1365,1260,1365,359
thrashing,synthetic,,WSClock,ProportionalAllocation,768,8,4,0.3253,15.5941,47.93759606517061,1115,999,1115,267
thrashing,synthetic,,WSClock,ProportionalAllocation,768,8,5,0.3366,14.1622,42.07427213309566,1004,879,1004,220
thrashing,synthetic,,WSClock,ProportionalAllocation,768,8,6,0.2366,12.6659,53.532967032967036,1500,1481,1500,422
thrashing,synthetic,,WSClock,ProportionalAllocation,768,8,7,0.3686,12.7177,34.50271296798698,905,760,905,163
thrashing,synthetic,,WSClock,ProportionalAllocation,768,9,0,0.2829,42.1467,148.98091198303288,1500,1424,1500,425
thrashing,synthetic,,WSClock,ProportionalAllocation,768,9,1,0.2931,47.3311,161.48447628795634,1500,1414,1500,426
thrashing,synthetic,,WSClock,ProportionalAllocation,768,9,2,0.2982,52.1038,174.72769953051642,1500,1404,1500,450
thrashing,synthetic,,WSClock,ProportionalAllocation,768,9,3,0.3101,17.5382,56.5565946468881,1359,1254,1359,357
thrashing,synthetic,,WSClock,ProportionalAllocation,768,9,4,0.3192,15.9796,50.06140350877193,1127,1011,1127,280
thrashing,synthetic,,WSClock,ProportionalAllocation,768,9,5,0.3352,14.181,42.306085918854414,1027,902,1027,219
thrashing,synthetic,,WSClock,ProportionalAllocation,768,9,6,0.2339,12.2994,52.58401026079521,1500,1481,1500,459
thrashing,synthetic,,WSClock,ProportionalAllocation,768,9,7,0.3821,11.3558,29.719445171421093,902,757,902,142
thrashing,synthetic,,FIFO,GlobalAllocation,960,0,0,0.1879,0.5042,2.6833422032996275,96,,,
thrashing,synthetic,,FIFO,GlobalAllocation,960,0,1,0.1996,0.5761,2.8862725450901805,108,,,
thrashing,synthetic,,FIFO,GlobalAllocation,960,0,2,0.1912,0.5876,3.073221757322176,120,,,
thrashing,synthetic,,FIFO,GlobalAllocation,960,0,3,0.1939,0.5999,3.0938628158844765,132,,,
thrashing,synthetic,,FIFO,GlobalAllocation,960,0,4,0.1976,0.6059,3.0662955465587043,144,,,
thrashing,synthetic,,FIFO,GlobalAllocation,960,0,5,0.2005,0.6099,3.0418952618453865,156,,,
thrashing,synthetic,,FIFO,GlobalAllocation,960,0,6,0.1645,0.5396,3.280243161094225,24,,,
thrashing,synthetic,,FIFO,GlobalAllocation,960,0,7,0.2139,0.6115,2.858812529219261,180,,,
thrashing,synthetic,,FIFO,GlobalAllocation,960,1,0,0.1896,0.5065,2.6714135021097047,96,,,
thrashing,synthetic,,FIFO,GlobalAllocation,960,1,1,0.1859,0.5637,3.0322754168908017,108,,,
thrashing,synthetic,,FIFO,GlobalAllocation,960,1,2,0.1934,0.5669,2.9312306101344365,120,,,
thrashing,synthetic,,FIFO,GlobalAllocation,960,1,3,0.1952,0.5914,3.0297131147540983,132,,,
thrashing,synthetic,,FIFO,GlobalAllocation,960,1,4,0.2001,0.5881,2.9390304847576214,144,,,
thrashing,synthetic,,FIFO,GlobalAllocation,960,1,5,0.1993,0.579,2.9051680883090816,156,,,
thrashing,synthetic,,FIFO,GlobalAllocation,960,1,6,0.1637,0.5287,3.2296884544899207,24,,,
thrashing,synthetic,,FIFO,GlobalAllocation,960,1,7,0.2143,0.6036,2.81661222585161,180,,,
thrashing,synthetic,,FIFO,GlobalAllocation,960,2,0,0.1863,0.541,2.903918411164788,96,,,
thrashing,synthetic,,FIFO,GlobalAllocation,960,2,1,0.1886,0.6175,3.2741251325556733,108,,,
thrashing,synthetic,,FIFO,GlobalAllocation,960,2,2,0.1914,0.6501,3.396551724137931,120,,,
thrashing,synthetic,,FIFO,GlobalAllocation,960,2,3,0.1962,0.632,3.221202854230377,132,,,
thrashing,synthetic,,FIFO,GlobalAllocation,960,2,4,0.1967,0.634,3.2231825114387394,144,,,
thrashing,synthetic,,FIFO,GlobalAllocation,960,2,5,0.201,0.647,3.218905472636816,156,,,
thrashing,synthetic,,FIFO,GlobalAllocation,960,2,6,0.164,0.5812,3.5439024390243903,24,,,
thrashing,synthetic,,FIFO,GlobalAllocation,960,2,7,0.2093,0.6485,3.09842331581462,180,,,
thrashing,synthetic,,FIFO,GlobalAllocation,960,3,0,0.1903,0.5101,2.680504466631634,96,,,
thrashing,synthetic,,FIFO,GlobalAllocation,960,3,1,0.1887,0.5811,3.079491255961844,108,,,
thrashing,synthetic,,FIFO,GlobalAllocation,960,3,2,0.2395,0.5743,2.397912317327766,120,,,
thrashing,synthetic,,FIFO,GlobalAllocation,960,3,3,0.1931,0.5773,2.9896426721905747,132,,,
thrashing,synthetic,,FIFO,GlobalAllocation,960,3,4,0.1946,0.5767,2.963514902363823,144,,,
thrashing,synthetic,,FIFO,GlobalAllocation,960,3,5,0.1987,0.5927,2.9828887770508303,156,,,
thrashing,synthetic,,FIFO,GlobalAllocation,960,3,6,0.1619,0.5308,3.278567016676961,24,,,
thrashing,synthetic,,FIFO,GlobalAllocation,960,3,7,0.2075,0.5983,2.8833734939759035,180,,,
thrashing,synthetic,,FIFO,GlobalAllocation,960,4,0,0.1805,0.4978,2.7578947368421054,96,,,
thrashing,synthetic,,FIFO,GlobalAllocation,960,4,1,0.1932,0.5732,2.9668737060041406,108,,,
thrashing,synthetic,,FIFO,GlobalAllocation,960,4,2,0.191,0.5657,2.961780104712042,120,,,
thrashing,synthetic,,FIFO,GlobalAllocation,960,4,3,0.253,0.5868,2.3193675889328063,132,,,
thrashing,synthetic,,FIFO,GlobalAllocation,960,4,4,0.1964,0.5779,2.9424643584521384,144,,,
thrashing,synthetic,,FIFO,GlobalAllocation,960,4,5,0.1991,0.5849,2.937719738824711,156,,,
thrashing,synthetic,,FIFO,GlobalAllocation,960,4,6,0.1626,0.5264,3.2373923739237394,24,,,
thrashing,synthetic,,FIFO,GlobalAllocation,960,4,7,0.2097,0.5935,2.8302336671435384,180,,,
thrashing,synthetic,,FIFO,GlobalAllocation,960,5,0,0.3711,0.5207,1.4031258420910806,96,,,
thrashing,synthetic,,FIFO,GlobalAllocation,960,5,1,0.3813,0.6199,1.6257539994754786,108,,,
thrashing,synthetic,,FIFO,GlobalAllocation,960,5,2,0.3799,0.5955,1.5675177678336405,120,,,
thrashing,synthetic,,FIFO,GlobalAllocation,960,5,3,0.3931,0.6178,1.571610277283134,132,,,
thrashing,synthetic,,FIFO,GlobalAllocation,960,5,4,0.3742,0.6154,1.64457509353287,144,,,
thrashing,synthetic,,FIFO,GlobalAllocation,960,5,5,0.3995,0.6439,1.611764705882353,156,,,
thrashing,synthetic,,FIFO,GlobalAllocation,960,5,6,0.3179,0.7687,2.4180559924504563,24,,,
thrashing,synthetic,,FIFO,GlobalAllocation,960,5,7,0.4116,0.6216,1.510204081632653,180,,,
thrashing,synthetic,,FIFO,GlobalAllocation,960,6,0,0.1841,0.5257,2.8555133079847907,96,,,
thrashing,synthetic,,FIFO,GlobalAllocation,960,6,1,0.1864,0.5665,3.0391630901287554,108,,,
thrashing,synthetic,,FIFO,GlobalAllocation,960,6,2,0.1882,0.5808,3.0860786397449522,120,,,
thrashing,synthetic,,FIFO,GlobalAllocation,960,6,3,0.1972,0.5761,2.9213995943204867,132,,,
thrashing,synthetic,,FIFO,GlobalAllocation,960,6,4,0.1968,0.5819,2.956808943089431,144,,,
thrashing,synthetic,,FIFO,GlobalAllocation,960,6,5,0.2032,0.5967,2.936515748031496,156,,,
thrashing,synthetic,,FIFO,GlobalAllocation,960,6,6,0.1602,0.5316,3.3183520599250937,24,,,
thrashing,synthetic,,FIFO,GlobalAllocation,960,6,7,0.217,0.6061,2.7930875576036867,180,,,
thrashing,synthetic,,FIFO,GlobalAllocation,960,7,0,0.1834,0.5065,2.761723009814613,96,,,
thrashing,synthetic,,FIFO,GlobalAllocation,960,7,1,0.1855,0.5714,3.0803234501347707,108,,,
thrashing,synthetic,,FIFO,GlobalAllocation,960,7,2,0.1952,0.5737,2.9390368852459017,120,,,
thrashing,synthetic,,FIFO,GlobalAllocation,960,7,3,0.1951,0.5734,2.93900563813429,132,,,
thrashing,synthetic,,FIFO,GlobalAllocation,960,7,4,0.1987,0.5845,2.941620533467539,144,,,
thrashing,synthetic,,FIFO,GlobalAllocation,960,7,5,0.2,0.5949,2.9745,156,,,
thrashing,synthetic,,FIFO,GlobalAllocation,960,7,6,0.1594,0.5315,3.334378920953576,24,,,
thrashing,synthetic,,FIFO,GlobalAllocation,960,7,7,0.2084,0.5933,2.8469289827255277,180,,,
thrashing,synthetic,,FIFO,GlobalAllocation,960,8,0,0.2003,0.5054,2.5232151772341487,96,,,
thrashing,synthetic,,FIFO,GlobalAllocation,960,8,1,0.1864,0.5748,3.0836909871244633,108,,,
thrashing,synthetic,,FIFO,GlobalAllocation,960,8,2,0.1898,0.5747,3.0279241306638567,120,,,
thrashing,synthetic,,FIFO,GlobalAllocation,960,8,3,0.1935,0.5798,2.9963824289405685,132,,,
thrashing,synthetic,,FIFO,GlobalAllocation,960,8,4,0.1966,0.5886,2.9938962360122074,144,,,
thrashing,synthetic,,FIFO,GlobalAllocation,960,8,5,0.2025,0.5925,2.925925925925926,156,,,
thrashing,synthetic,,FIFO,GlobalAllocation,960,8,6,0.1619,0.5255,3.245830759728227,24,,,
thrashing,synthetic,,FIFO,GlobalAllocation,960,8,7,0.2123,0.6006,2.8290155440414506,180,,,
thrashing,synthetic,,FIFO,GlobalAllocation,960,9,0,0.1655,0.4761,2.876737160120846,96,,,
thrashing,synthetic,,FIFO,GlobalAllocation,960,9,1,0.1713,0.5186,3.0274372446001165,108,,,
thrashing,synthetic,,FIFO,GlobalAllocation,960,9,2,0.1785,0.5384,3.0162464985994397,120,,,
thrashing,synthetic,,FIFO,GlobalAllocation,960,9,3,0.1783,0.5307,2.9764441951766685,132,,,
thrashing,synthetic,,FIFO,GlobalAllocation,960,9,4,0.182,0.523,2.8736263736263736,144,,,
thrashing,synthetic,,FIFO,GlobalAllocation,960,9,5,0.1851,0.5411,2.923284710967045,156,,,
thrashing,synthetic,,FIFO,GlobalAllocation,960,9,6,0.1509,0.4858,3.219350563286945,24,,,
thrashing,synthetic,,FIFO,GlobalAllocation,960,9,7,0.1927,0.5498,2.8531395952257395,180,,,
thrashing,synthetic,,FIFO,LocalAllocation,960,0,0,0.1806,0.5018,2.778516057585825,96,0,96,0
thrashing,synthetic,,FIFO,LocalAllocation,960,0,1,0.1814,0.4909,2.7061742006615215,108,0,108,0
thrashing,synthetic,,FIFO,LocalAllocation,960,0,2,0.1807,0.5125,2.8361925843940234,120,0,120,0
thrashing,synthetic,,FIFO,LocalAllocation,960,0,3,0.1854,1.5564,8.394822006472491,1500,1380,1500,465
thrashing,synthetic,,FIFO,LocalAllocation,960,0,4,0.188,1.5327,8.152659574468085,1500,1380,1500,418
thrashing,synthetic,,FIFO,LocalAllocation,960,0,5,0.1923,1.5257,7.9339573582943315,1500,1380,1500,415
thrashing,synthetic,,FIFO,LocalAllocation,960,0,6,0.1607,0.4879,3.0360920970752954,24,0,24,0
thrashing,synthetic,,FIFO,LocalAllocation,960,0,7,0.1998,1.5473,7.7442442442442445,1500,1380,1500,424
thrashing,synthetic,,FIFO,LocalAllocation,960,1,0,0.1865,0.3663,1.9640750670241287,96,0,96,0
thrashing,synthetic,,FIFO,LocalAllocation,960,1,1,0.1839,0.3686,2.0043501903208267,108,0,108,0
thrashing,synthetic,,FIFO,LocalAllocation,960,1,2,0.189,0.3791,2.005820105820106,120,0,120,0
thrashing,synthetic,,FIFO,LocalAllocation,960,1,3,0.1935,1.1341,5.860981912144703,1500,1380,1500,425
thrashing,synthetic,,FIFO,LocalAllocation,960,1,4,0.1979,1.1365,5.742799393633148,1500,1380,1500,432
thrashing,synthetic,,FIFO,LocalAllocation,960,1,5,0.2038,1.1365,5.576545632973503,1500,1380,1500,374
thrashing,synthetic,,FIFO,LocalAllocation,960,1,6,0.159,0.3604,2.2666666666666666,24,0,24,0
thrashing,synthetic,,FIFO,LocalAllocation,960,1,7,0.2097,1.1348,5.411540295660467,1500,1380,1500,423
thrashing,synthetic,,FIFO,LocalAllocation,960,2,0,0.3043,0.368,1.2093328951692408,96,0,96,0
thrashing,synthetic,,FIFO,LocalAllocation,960,2,1,0.3616,0.3655,1.0107853982300885,108,0,108,0
thrashing,synthetic,,FIFO,LocalAllocation,960,2,2,0.3889,0.3871,0.9953715608125482,120,0,120,0
thrashing,synthetic,,FIFO,LocalAllocation,960,2,3,0.403,1.1448,2.8406947890818857,1500,1380,1500,408
thrashing,synthetic,,FIFO,LocalAllocation,960,2,4,0.391,1.1338,2.8997442455242965,1500,1380,1500,388
thrashing,synthetic,,FIFO,LocalAllocation,960,2,5,0.4159,1.2604,3.0305361865833134,1500,1380,1500,408
thrashing,synthetic,,FIFO,LocalAllocation,960,2,6,0.3044,0.366,1.202365308804205,24,0,24,0
thrashing,synthetic,,FIFO,LocalAllocation,960,2,7,0.4325,1.1402,2.636300578034682,1500,1380,1500,400
thrashing,synthetic,,FIFO,LocalAllocation,960,3,0,0.1832,0.3607,1.9688864628820961,96,0,96,0
thrashing,synthetic,,FIFO,LocalAllocation,960,3,1,0.3423,0.3647,1.065439672801636,108,0,108,0
thrashing,synthetic,,FIFO,LocalAllocation,960,3,2,0.2282,0.3828,1.677475898334794,120,0,120,0
thrashing,synthetic,,FIFO,LocalAllocation,960,3,3,0.194,1.1261,5.804639175257732,1500,1380,1500,401
thrashing,synthetic,,FIFO,LocalAllocation,960,3,4,0.1958,1.1285,5.763534218590398,1500,1380,1500,389
thrashing,synthetic,,FIFO,LocalAllocation,960,3,5,0.2003,1.1254,5.618572141787319,1500,1380,1500,403
thrashing,synthetic,,FIFO,LocalAllocation,960,3,6,0.1633,0.3603,2.2063686466625843,24,0,24,0
thrashing,synthetic,,FIFO,LocalAllocation,960,3,7,0.2126,1.1219,5.277046095954844,1500,1380,1500,417
thrashing,synthetic,,FIFO,LocalAllocation,960,4,0,0.1821,0.3607,1.9807797913234486,96,0,96,0
thrashing,synthetic,,FIFO,LocalAllocation,960,4,1,0.1913,0.3658,1.9121798222686879,108,0,108,0
thrashing,synthetic,,FIFO,LocalAllocation,960,4,2,0.192,0.3787,1.9723958333333333,120,0,120,0
thrashing,synthetic,,FIFO,LocalAllocation,960,4,3,0.1958,1.1308,5.775280898876405,1500,1380,1500,415
thrashing,synthetic,,FIFO,LocalAllocation,960,4,4,0.1982,1.1286,5.694248234106962,1500,1380,1500,408
thrashing,synthetic,,FIFO,LocalAllocation,960,4,5,0.1981,1.1542,5.826350328117113,1500,1380,1500,393
thrashing,synthetic,,FIFO,LocalAllocation,960,4,6,0.1603,0.3617,2.256394260761073,24,0,24,0
thrashing,synthetic,,FIFO,LocalAllocation,960,4,7,0.2063,1.1446,5.548230731943772,1500,1380,1500,362
thrashing,synthetic,,FIFO,LocalAllocation,960,5,0,0.33,0.6481,1.9639393939393939,96,0,96,0
thrashing,synthetic,,FIFO,LocalAllocation,960,5,1,0.3789,0.6654,1.7561361836896279,108,0,108,0
thrashing,synthetic,,FIFO,LocalAllocation,960,5,2,0.3822,0.6706,1.7545787545787546,120,0,120,0
thrashing,synthetic,,FIFO,LocalAllocation,960,5,3,0.3918,2.0081,5.125319040326698,1500,1380,1500,384
thrashing,synthetic,,FIFO,LocalAllocation,960,5,4,0.3791,2.0218,5.333157478237932,1500,1380,1500,418
thrashing,synthetic,,FIFO,LocalAllocation,960,5,5,0.7508,2.0022,2.666755460841769,1500,1380,1500,388
thrashing,synthetic,,FIFO,LocalAllocation,960,5,6,0.3193,0.6411,2.0078296273097402,24,0,24,0
thrashing,synthetic,,FIFO,LocalAllocation,960,5,7,0.4166,2.2404,5.377820451272203,1500,1380,1500,421
thrashing,synthetic,,FIFO,LocalAllocation,960,6,0,0.1903,0.36,1.8917498686284813,96,0,96,0
thrashing,synthetic,,FIFO,LocalAllocation,960,6,1,0.1886,0.3651,1.9358430540827147,108,0,108,0
thrashing,synthetic,,FIFO,LocalAllocation,960,6,2,0.1946,0.3818,1.9619732785200412,120,0,120,0
thrashing,synthetic,,FIFO,LocalAllocation,960,6,3,0.1939,1.1346,5.85146982980918,1500,1380,1500,410
thrashing,synthetic,,FIFO,LocalAllocation,960,6,4,0.1972,1.1291,5.725659229208925,1500,1380,1500,390
thrashing,synthetic,,FIFO,LocalAllocation,960,6,5,0.2071,1.1329,5.470304200869145,1500,1380,1500,411
thrashing,synthetic,,FIFO,LocalAllocation,960,6,6,0.1644,0.3594,2.1861313868613137,24,0,24,0
thrashing,synthetic,,FIFO,LocalAllocation,960,6,7,0.2082,1.1401,5.475984630163304,1500,1380,1500,414
thrashing,synthetic,,FIFO,LocalAllocation,960,7,0,0.1905,0.3608,1.893963254593176,96,0,96,0
thrashing,synthetic,,FIFO,LocalAllocation,960,7,1,0.189,0.3642,1.926984126984127,108,0,108,0
thrashing,synthetic,,FIFO,LocalAllocation,960,7,2,0.1928,0.3825,1.9839211618257262,120,0,120,0
thrashing,synthetic,,FIFO,LocalAllocation,960,7,3,0.1955,1.144,5.851662404092072,1500,1380,1500,399
thrashing,synthetic,,FIFO,LocalAllocation,960,7,4,0.1991,1.1418,5.734806629834254,1500,1380,1500,413
thrashing,synthetic,,FIFO,LocalAllocation,960,7,5,0.2009,1.135,5.649576903932305,1500,1380,1500,403
thrashing,synthetic,,FIFO,LocalAllocation,960,7,6,0.1611,0.3627,2.2513966480446927,24,0,24,0
thrashing,synthetic,,FIFO,LocalAllocation,960,7,7,0.2088,1.1344,5.432950191570881,1500,1380,1500,392
thrashing,synthetic,,FIFO,LocalAllocation,960,8,0,0.1908,0.3634,1.9046121593291405,96,0,96,0
thrashing,synthetic,,FIFO,LocalAllocation,960,8,1,0.1863,0.3733,2.003757380568975,108,0,108,0
thrashing,synthetic,,FIFO,LocalAllocation,960,8,2,0.1908,0.3838,2.011530398322851,120,0,120,0
thrashing,synthetic,,FIFO,LocalAllocation,960,8,3,0.1939,1.1337,5.846828261990717,1500,1380,1500,415
thrashing,synthetic,,FIFO,LocalAllocation,960,8,4,0.1962,1.1317,5.768093781855249,1500,1380,1500,394
thrashing,synthetic,,FIFO,LocalAllocation,960,8,5,0.2023,1.1381,5.625803262481464,1500,1380,1500,414
thrashing,synthetic,,FIFO,LocalAllocation,960,8,6,0.1612,0.3587,2.2251861042183623,24,0,24,0
thrashing,synthetic,,FIFO,LocalAllocation,960,8,7,0.2151,1.1404,5.301720130172013,1500,1380,1500,420
thrashing,synthetic,,FIFO,LocalAllocation,960,9,0,0.1846,0.3688,1.9978331527627302,96,0,96,0
thrashing,synthetic,,FIFO,LocalAllocation,960,9,1,0.1885,0.3694,1.959681697612732,108,0,108,0
thrashing,synthetic,,FIFO,LocalAllocation,960,9,2,0.1946,0.3814,1.959917780061665,120,0,120,0
thrashing,synthetic,,FIFO,LocalAllocation,960,9,3,0.1962,1.1451,5.836391437308868,1500,1380,1500,407
thrashing,synthetic,,FIFO,LocalAllocation,960,9,4,0.2001,1.1421,5.7076461769115445,1500,1380,1500,428
thrashing,synthetic,,FIFO,LocalAllocation,960,9,5,0.2013,1.1409,5.667660208643815,1500,1380,1500,413
thrashing,synthetic,,FIFO,LocalAllocation,960,9,6,0.1628,0.361,2.2174447174447174,24,0,24,0
thrashing,synthetic,,FIFO,LocalAllocation,960,9,7,0.2101,1.1356,5.405045216563541,1500,1380,1500,384
thrashing,synthetic,,FIFO,ProportionalAllocation,960,0,0,0.1834,0.3424,1.866957470010905,96,0,96,0
thrashing,synthetic,,FIFO,ProportionalAllocation,960,0,1,0.1885,0.3515,1.8647214854111407,108,0,108,0
thrashing,synthetic,,FIFO,ProportionalAllocation,960,0,2,0.1916,0.3532,1.8434237995824634,120,0,120,0
thrashing,synthetic,,FIFO,ProportionalAllocation,960,0,3,0.196,0.3515,1.7933673469387754,132,0,132,0
thrashing,synthetic,,FIFO,ProportionalAllocation,960,0,4,0.1937,0.359,1.853381517811048,144,0,144,0
thrashing,synthetic,,FIFO,ProportionalAllocation,960,0,5,0.2026,0.3622,1.7877591312931886,156,0,156,0
thrashing,synthetic,,FIFO,ProportionalAllocation,960,0,6,0.17,0.3323,1.954705882352941,24,0,24,0
thrashing,synthetic,,FIFO,ProportionalAllocation,960,0,7,0.2117,0.3754,1.7732640529050543,180,0,180,0
thrashing,synthetic,,FIFO,ProportionalAllocation,960,1,0,0.1977,0.3431,1.7354577642893272,96,0,96,0
thrashing,synthetic,,FIFO,ProportionalAllocation,960,1,1,0.1847,0.3466,1.8765565782349756,108,0,108,0
thrashing,synthetic,,FIFO,ProportionalAllocation,960,1,2,0.1903,0.3569,1.8754598003152916,120,0,120,0
thrashing,synthetic,,FIFO,ProportionalAllocation,960,1,3,0.2116,0.3528,1.667296786389414,132,0,132,0
thrashing,synthetic,,FIFO,ProportionalAllocation,960,1,4,0.1954,0.3575,1.8295803480040942,144,0,144,0
thrashing,synthetic,,FIFO,ProportionalAllocation,960,1,5,0.1999,0.3575,1.7883941970985493,156,0,156,0
thrashing,synthetic,,FIFO,ProportionalAllocation,960,1,6,0.1595,0.3383,2.121003134796238,24,0,24,0
thrashing,synthetic,,FIFO,ProportionalAllocation,960,1,7,0.2077,0.365,1.7573423206547905,180,0,180,0
thrashing,synthetic,,FIFO,ProportionalAllocation,960,2,0,0.1869,0.342,1.8298555377207062,96,0,96,0
thrashing,synthetic,,FIFO,ProportionalAllocation,960,2,1,0.1892,0.3432,1.813953488372093,108,0,108,0
thrashing,synthetic,,FIFO,ProportionalAllocation,960,2,2,0.194,0.3585,1.847938144329897,120,0,120,0
thrashing,synthetic,,FIFO,ProportionalAllocation,960,2,3,0.1935,0.3527,1.8227390180878553,132,0,132,0
thrashing,synthetic,,FIFO,ProportionalAllocation,960,2,4,0.1951,0.3549,1.8190671450538185,144,0,144,0
thrashing,synthetic,,FIFO,ProportionalAllocation,960,2,5,0.2,0.3588,1.794,156,0,156,0
thrashing,synthetic,,FIFO,ProportionalAllocation,960,2,6,0.163,0.3375,2.0705521472392636,24,0,24,0
thrashing,synthetic,,FIFO,ProportionalAllocation,960,2,7,0.2143,0.3671,1.7130191320578627,180,0,180,0
thrashing,synthetic,,FIFO,ProportionalAllocation,960,3,0,0.1868,0.3362,1.7997858672376874,96,0,96,0
thrashing,synthetic,,FIFO,ProportionalAllocation,960,3,1,0.1926,0.347,1.8016614745586708,108,0,108,0
thrashing,synthetic,,FIFO,ProportionalAllocation,960,3,2,0.1919,0.3587,1.8692027097446586,120,0,120,0
thrashing,synthetic,,FIFO,ProportionalAllocation,960,3,3,0.1922,0.347,1.805411030176899,132,0,132,0
thrashing,synthetic,,FIFO,ProportionalAllocation,960,3,4,0.1943,0.3561,1.8327328872876993,144,0,144,0
thrashing,synthetic,,FIFO,ProportionalAllocation,960,3,5,0.2018,0.3604,1.7859266600594648,156,0,156,0
thrashing,synthetic,,FIFO,ProportionalAllocation,960,3,6,0.1601,0.3386,2.1149281698938163,24,0,24,0
thrashing,synthetic,,FIFO,ProportionalAllocation,960,3,7,0.2116,0.3736,1.7655954631379962,180,0,180,0
thrashing,synthetic,,FIFO,ProportionalAllocation,960,4,0,0.1844,0.3449,1.8703904555314534,96,0,96,0
thrashing,synthetic,,FIFO,ProportionalAllocation,960,4,1,0.1901,0.3471,1.825881115202525,108,0,108,0
thrashing,synthetic,,FIFO,ProportionalAllocation,960,4,2,0.1932,0.3606,1.8664596273291925,120,0,120,0
thrashing,synthetic,,FIFO,ProportionalAllocation,960,4,3,0.1976,0.356,1.8016194331983806,132,0,132,0
thrashing,synthetic,,FIFO,ProportionalAllocation,960,4,4,0.1967,0.3641,1.8510421962379258,144,0,144,0
thrashing,synthetic,,FIFO,ProportionalAllocation,960,4,5,0.2001,0.372,1.8590704647676162,156,0,156,0
thrashing,synthetic,,FIFO,ProportionalAllocation,960,4,6,0.1663,0.3427,2.0607336139506915,24,0,24,0
thrashing,synthetic,,FIFO,ProportionalAllocation,960,4,7,0.2064,0.3765,1.8241279069767442,180,0,180,0
thrashing,synthetic,,FIFO,ProportionalAllocation,960,5,0,0.186,0.3353,1.8026881720430108,96,0,96,0
thrashing,synthetic,,FIFO,ProportionalAllocation,960,5,1,0.1872,0.3391,1.811431623931624,108,0,108,0
thrashing,synthetic,,FIFO,ProportionalAllocation,960,5,2,0.1955,0.3525,1.80306905370844,120,0,120,0
thrashing,synthetic,,FIFO,ProportionalAllocation,960,5,3,0.1926,0.364,1.889927310488058,132,0,132,0
thrashing,synthetic,,FIFO,ProportionalAllocation,960,5,4,0.1986,0.3517,1.7708962739174219,144,0,144,0
thrashing,synthetic,,FIFO,ProportionalAllocation,960,5,5,0.2041,0.3501,1.7153356197942184,156,0,156,0
thrashing,synthetic,,FIFO,ProportionalAllocation,960,5,6,0.1652,0.3336,2.0193704600484264,24,0,24,0
thrashing,synthetic,,FIFO,ProportionalAllocation,960,5,7,0.2104,0.3731,1.7732889733840305,180,0,180,0
thrashing,synthetic,,FIFO,ProportionalAllocation,960,6,0,0.1837,0.3479,1.8938486663037561,96,0,96,0
thrashing,synthetic,,FIFO,ProportionalAllocation,960,6,1,0.1876,0.3579,1.9077825159914712,108,0,108,0
thrashing,synthetic,,FIFO,ProportionalAllocation,960,6,2,0.1919,0.3785,1.9723814486711828,120,0,120,0
thrashing,synthetic,,FIFO,ProportionalAllocation,960,6,3,0.1916,0.3622,1.8903966597077244,132,0,132,0
thrashing,synthetic,,FIFO,ProportionalAllocation,960,6,4,0.195,0.3635,1.8641025641025641,144,0,144,0
thrashing,synthetic,,FIFO,ProportionalAllocation,960,6,5,0.2019,0.3701,1.83308568598316,156,0,156,0
thrashing,synthetic,,FIFO,ProportionalAllocation,960,6,6,0.1602,0.3483,2.1741573033707864,24,0,24,0
thrashing,synthetic,,FIFO,ProportionalAllocation,960,6,7,0.21,0.3825,1.8214285714285714,180,0,180,0
thrashing,synthetic,,FIFO,ProportionalAllocation,960,7,0,0.1876,0.3428,1.8272921108742004,96,0,96,0
thrashing,synthetic,,FIFO,ProportionalAllocation,960,7,1,0.1865,0.3392,1.8187667560321716,108,0,108,0
thrashing,synthetic,,FIFO,ProportionalAllocation,960,7,2,0.1922,0.357,1.8574401664932363,120,0,120,0
thrashing,synthetic,,FIFO,ProportionalAllocation,960,7,3,0.1978,0.3508,1.7735085945399394,132,0,132,0
thrashing,synthetic,,FIFO,ProportionalAllocation,960,7,4,0.2004,0.3521,1.7569860279441119,144,0,144,0
thrashing,synthetic,,FIFO,ProportionalAllocation,960,7,5,0.2,0.3549,1.7745,156,0,156,0
thrashing,synthetic,,FIFO,ProportionalAllocation,960,7,6,0.1634,0.3343,2.0458996328029375,24,0,24,0
thrashing,synthetic,,FIFO,ProportionalAllocation,960,7,7,0.208,0.3661,1.760096153846154,180,0,180,0
thrashing,synthetic,,FIFO,ProportionalAllocation,960,8,0,0.1856,0.3379,1.8205818965517242,96,0,96,0
thrashing,synthetic,,FIFO,ProportionalAllocation,960,8,1,0.1889,0.3445,1.8237162519851773,108,0,108,0
thrashing,synthetic,,FIFO,ProportionalAllocation,960,8,2,0.1908,0.3589,1.881027253668763,120,0,120,0
thrashing,synthetic,,FIFO,ProportionalAllocation,960,8,3,0.1926,0.3513,1.82398753894081,132,0,132,0
thrashing,synthetic,,FIFO,ProportionalAllocation,960,8,4,0.2006,0.3535,1.7622133599202392,144,0,144,0
thrashing,synthetic,,FIFO,ProportionalAllocation,960,8,5,0.1997,0.3575,1.7901852779168752,156,0,156,0
thrashing,synthetic,,FIFO,ProportionalAllocation,960,8,6,0.1588,0.3365,2.1190176322418135,24,0,24,0
thrashing,synthetic,,FIFO,ProportionalAllocation,960,8,7,0.2115,0.3707,1.7527186761229314,180,0,180,0
thrashing,synthetic,,FIFO,ProportionalAllocation,960,9,0,0.1852,0.3582,1.9341252699784017,96,0,96,0
thrashing,synthetic,,FIFO,ProportionalAllocation,960,9,1,0.1869,0.3455,1.8485821294810059,108,0,108,0
thrashing,synthetic,,FIFO,ProportionalAllocation,960,9,2,0.1907,0.358,1.8772941793392763,120,0,120,0
thrashing,synthetic,,FIFO,ProportionalAllocation,960,9,3,0.1926,0.3546,1.841121495327103,132,0,132,0
thrashing,synthetic,,FIFO,ProportionalAllocation,960,9,4,0.2021,0.3589,1.7758535378525482,144,0,144,0
thrashing,synthetic,,FIFO,ProportionalAllocation,960,9,5,0.205,0.3605,1.7585365853658537,156,0,156,0
thrashing,synthetic,,FIFO,ProportionalAllocation,960,9,6,0.1606,0.3418,2.12826899128269,24,0,24,0
thrashing,synthetic,,FIFO,ProportionalAllocation,960,9,7,0.21,0.3753,1.7871428571428571,180,0,180,0
thrashing,synthetic,,LRU,GlobalAllocation,960,0,0,0.3084,0.7082,2.296368352788586,96,,,
thrashing,synthetic,,LRU,GlobalAllocation,960,0,1,0.3078,0.8017,2.60461338531514,108,,,
thrashing,synthetic,,LRU,GlobalAllocation,960,0,2,0.3158,0.8172,2.5877137428752377,120,,,
thrashing,synthetic,,LRU,GlobalAllocation,960,0,3,0.3133,0.8045,2.5678263645068626,132,,,
thrashing,synthetic,,LRU,GlobalAllocation,960,0,4,0.3197,0.8453,2.6440412887081637,144,,,
thrashing,synthetic,,LRU,GlobalAllocation,960,0,5,0.3219,0.844,2.621932277104691,156,,,
thrashing,synthetic,,LRU,GlobalAllocation,960,0,6,0.2749,0.7747,2.8181156784285193,24,,,
thrashing,synthetic,,LRU,GlobalAllocation,960,0,7,0.3281,0.8652,2.6370009143553794,180,,,
thrashing,synthetic,,LRU,GlobalAllocation,960,1,0,0.3106,0.7059,2.27269800386349,96,,,
thrashing,synthetic,,LRU,GlobalAllocation,960,1,1,0.3134,0.8017,2.5580727504786216,108,,,
thrashing,synthetic,,LRU,GlobalAllocation,960,1,2,0.3116,0.7931,2.545250320924262,120,,,
thrashing,synthetic,,LRU,GlobalAllocation,960,1,3,0.3114,0.8343,2.679190751445087,132,,,
thrashing,synthetic,,LRU,GlobalAllocation,960,1,4,0.3152,0.8191,2.5986675126903553,144,,,
thrashing,synthetic,,LRU,GlobalAllocation,960,1,5,0.3233,0.7967,2.464274667491494,156,,,
thrashing,synthetic,,LRU,GlobalAllocation,960,1,6,0.2771,0.762,2.7499097798628656,24,,,
thrashing,synthetic,,LRU,GlobalAllocation,960,1,7,0.3446,0.8507,2.4686593151479976,180,,,
thrashing,synthetic,,LRU,GlobalAllocation,960,2,0,0.3077,0.6962,2.262593435164121,96,,,
thrashing,synthetic,,LRU,GlobalAllocation,960,2,1,0.3085,0.7954,2.5782820097244734,108,,,
thrashing,synthetic,,LRU,GlobalAllocation,960,2,2,0.3285,0.8633,2.628006088280061,120,,,
thrashing,synthetic,,LRU,GlobalAllocation,960,2,3,0.3427,0.8099,2.363291508608112,132,,,
thrashing,synthetic,,LRU,GlobalAllocation,960,2,4,0.3153,0.8393,2.661909292737076,144,,,
thrashing,synthetic,,LRU,GlobalAllocation,960,2,5,0.3315,0.8326,2.5116138763197586,156,,,
thrashing,synthetic,,LRU,GlobalAllocation,960,2,6,0.2918,0.7699,2.638450993831391,24,,,
thrashing,synthetic,,LRU,GlobalAllocation,960,2,7,0.3333,0.8493,2.5481548154815483,180,,,
thrashing,synthetic,,LRU,GlobalAllocation,960,3,0,0.3071,0.7318,2.382937154021491,96,,,
thrashing,synthetic,,LRU,GlobalAllocation,960,3,1,0.3049,0.8365,2.7435224663824203,108,,,
thrashing,synthetic,,LRU,GlobalAllocation,960,3,2,0.3077,0.7989,2.596360090997725,120,,,
thrashing,synthetic,,LRU,GlobalAllocation,960,3,3,0.3107,0.8016,2.5799806887672996,132,,,
thrashing,synthetic,,LRU,GlobalAllocation,960,3,4,0.3213,0.8021,2.4964207905384375,144,,,
thrashing,synthetic,,LRU,GlobalAllocation,960,3,5,0.3188,0.8288,2.599749058971142,156,,,
thrashing,synthetic,,LRU,GlobalAllocation,960,3,6,0.2757,0.7942,2.8806673920928545,24,,,
thrashing,synthetic,,LRU,GlobalAllocation,960,3,7,0.3254,0.8328,2.5593116164720344,180,,,
thrashing,synthetic,,LRU,GlobalAllocation,960,4,0,0.3086,0.7146,2.3156189241736875,96,,,
thrashing,synthetic,,LRU,GlobalAllocation,960,4,1,0.3085,0.8308,2.693030794165316,108,,,
thrashing,synthetic,,LRU,GlobalAllocation,960,4,2,0.3076,0.8085,2.6284135240572173,120,,,
thrashing,synthetic,,LRU,GlobalAllocation,960,4,3,0.3089,0.8489,2.7481385561670444,132,,,
thrashing,synthetic,,LRU,GlobalAllocation,960,4,4,0.3216,0.8077,2.511504975124378,144,,,
thrashing,synthetic,,LRU,GlobalAllocation,960,4,5,0.3198,0.8262,2.5834896810506565,156,,,
thrashing,synthetic,,LRU,GlobalAllocation,960,4,6,0.3099,0.7612,2.456276218134882,24,,,
thrashing,synthetic,,LRU,GlobalAllocation,960,4,7,0.3299,0.8479,2.570172779630191,180,,,
thrashing,synthetic,,LRU,GlobalAllocation,960,5,0,0.3494,0.6934,1.9845449341728678,96,,,
thrashing,synthetic,,LRU,GlobalAllocation,960,5,1,0.3071,0.7894,2.5704982090524258,108,,,
thrashing,synthetic,,LRU,GlobalAllocation,960,5,2,0.3118,0.8295,2.660359204618345,120,,,
thrashing,synthetic,,LRU,GlobalAllocation,960,5,3,0.3185,0.801,2.5149136577708004,132,,,
thrashing,synthetic,,LRU,GlobalAllocation,960,5,4,0.3222,0.8336,2.5872129112352575,144,,,
thrashing,synthetic,,LRU,GlobalAllocation,960,5,5,0.3233,0.8153,2.5218063717909063,156,,,
thrashing,synthetic,,LRU,GlobalAllocation,960,5,6,0.2774,0.7809,2.815068493150685,24,,,
thrashing,synthetic,,LRU,GlobalAllocation,960,5,7,0.3268,0.8296,2.5385556915544676,180,,,
thrashing,synthetic,,LRU,GlobalAllocation,960,6,0,0.3009,0.7677,2.551345962113659,96,,,
thrashing,synthetic,,LRU,GlobalAllocation,960,6,1,0.3075,0.7865,2.5577235772357723,108,,,
thrashing,synthetic,,LRU,GlobalAllocation,960,6,2,0.3129,0.8163,2.6088207094918503,120,,,
thrashing,synthetic,,LRU,GlobalAllocation,960,6,3,0.3091,0.7977,2.5807182141701714,132,,,
thrashing,synthetic,,LRU,GlobalAllocation,960,6,4,0.3125,0.8076,2.58432,144,,,
thrashing,synthetic,,LRU,GlobalAllocation,960,6,5,0.3235,0.8338,2.577434312210201,156,,,
thrashing,synthetic,,LRU,GlobalAllocation,960,6,6,0.2754,0.7514,2.728395061728395,24,,,
thrashing,synthetic,,LRU,GlobalAllocation,960,6,7,0.3257,0.852,2.615904206324839,180,,,
thrashing,synthetic,,LRU,GlobalAllocation,960,7,0,0.3101,0.7194,2.3198968074814577,96,,,
thrashing,synthetic,,LRU,GlobalAllocation,960,7,1,0.3107,0.8033,2.5854522046990667,108,,,
thrashing,synthetic,,LRU,GlobalAllocation,960,7,2,0.3088,0.8134,2.6340673575129534,120,,,
thrashing,synthetic,,LRU,GlobalAllocation,960,7,3,0.308,0.8039,2.610064935064935,132,,,
thrashing,synthetic,,LRU,GlobalAllocation,960,7,4,0.3136,0.8256,2.63265306122449,144,,,
thrashing,synthetic,,LRU,GlobalAllocation,960,7,5,0.3205,0.8507,2.6542901716068643,156,,,
thrashing,synthetic,,LRU,GlobalAllocation,960,7,6,0.2834,0.7884,2.7819336626676074,24,,,
thrashing,synthetic,,LRU,GlobalAllocation,960,7,7,0.329,0.8369,2.543768996960486,180,,,
thrashing,synthetic,,LRU,GlobalAllocation,960,8,0,0.3056,0.7319,2.394960732984293,96,,,
thrashing,synthetic,,LRU,GlobalAllocation,960,8,1,0.3099,0.821,2.649241690868022,108,,,
thrashing,synthetic,,LRU,GlobalAllocation,960,8,2,0.3108,0.8232,2.6486486486486487,120,,,
thrashing,synthetic,,LRU,GlobalAllocation,960,8,3,0.3099,0.8301,2.6786060019361084,132,,,
thrashing,synthetic,,LRU,GlobalAllocation,960,8,4,0.3233,0.8576,2.652644602536344,144,,,
thrashing,synthetic,,LRU,GlobalAllocation,960,8,5,0.3165,0.8573,2.7086887835703,156,,,
thrashing,synthetic,,LRU,GlobalAllocation,960,8,6,0.2786,0.7709,2.7670495333811918,24,,,
thrashing,synthetic,,LRU,GlobalAllocation,960,8,7,0.329,0.8613,2.6179331306990883,180,,,
thrashing,synthetic,,LRU,GlobalAllocation,960,9,0,0.3081,0.7639,2.4793898085037327,96,,,
thrashing,synthetic,,LRU,GlobalAllocation,960,9,1,0.3071,0.7976,2.597199609247802,108,,,
thrashing,synthetic,,LRU,GlobalAllocation,960,9,2,0.3175,0.8143,2.564724409448819,120,,,
thrashing,synthetic,,LRU,GlobalAllocation,960,9,3,0.3164,0.8121,2.566687737041719,132,,,
thrashing,synthetic,,LRU,GlobalAllocation,960,9,4,0.3137,0.8081,2.5760280522792476,144,,,
thrashing,synthetic,,LRU,GlobalAllocation,960,9,5,0.3186,0.8333,2.6155053358443188,156,,,
thrashing,synthetic,,LRU,GlobalAllocation,960,9,6,0.2795,0.7783,2.7846153846153845,24,,,
thrashing,synthetic,,LRU,GlobalAllocation,960,9,7,0.3246,0.8484,2.613678373382625,180,,,
thrashing,synthetic,,LRU,LocalAllocation,960,0,0,0.3042,0.5272,1.7330703484549639,96,0,96,0
thrashing,synthetic,,LRU,LocalAllocation,960,0,1,0.3041,0.5606,1.8434725419269977,108,0,108,0
thrashing,synthetic,,LRU,LocalAllocation,960,0,2,0.3133,0.5332,1.7018831790616022,120,0,120,0
thrashing,synthetic,,LRU,LocalAllocation,960,0,3,0.3169,1.3935,4.397286210160934,1500,1380,1500,465
thrashing,synthetic,,LRU,LocalAllocation,960,0,4,0.3221,1.3806,4.28624650729587,1500,1380,1500,418
thrashing,synthetic,,LRU,LocalAllocation,960,0,5,0.3227,1.3813,4.280446234893089,1500,1380,1500,415
thrashing,synthetic,,LRU,LocalAllocation,960,0,6,0.2792,0.5108,1.829512893982808,24,0,24,0
thrashing,synthetic,,LRU,LocalAllocation,960,0,7,0.3296,1.3852,4.202669902912621,1500,1380,1500,424
thrashing,synthetic,,LRU,LocalAllocation,960,1,0,0.2768,0.4855,1.7539739884393064,96,0,96,0
thrashing,synthetic,,LRU,LocalAllocation,960,1,1,0.2828,0.4892,1.72984441301273,108,0,108,0
thrashing,synthetic,,LRU,LocalAllocation,960,1,2,0.2853,0.4787,1.677882930248861,120,0,120,0
thrashing,synthetic,,LRU,LocalAllocation,960,1,3,0.2831,1.2712,4.490286117979513,1500,1380,1500,425
thrashing,synthetic,,LRU,LocalAllocation,960,1,4,0.287,1.2697,4.42404181184669,1500,1380,1500,432
thrashing,synthetic,,LRU,LocalAllocation,960,1,5,0.2892,1.2544,4.337482710926694,1500,1380,1500,374
thrashing,synthetic,,LRU,LocalAllocation,960,1,6,0.2479,0.4675,1.8858410649455426,24,0,24,0
thrashing,synthetic,,LRU,LocalAllocation,960,1,7,0.3017,1.2746,4.2247265495525355,1500,1380,1500,423
thrashing,synthetic,,LRU,LocalAllocation,960,2,0,0.3096,0.5325,1.7199612403100775,96,0,96,0
thrashing,synthetic,,LRU,LocalAllocation,960,2,1,0.312,0.5335,1.7099358974358974,108,0,108,0
thrashing,synthetic,,LRU,LocalAllocation,960,2,2,0.3079,0.5338,1.7336797661578434,120,0,120,0
thrashing,synthetic,,LRU,LocalAllocation,960,2,3,0.3075,1.3864,4.508617886178862,1500,1380,1500,408
thrashing,synthetic,,LRU,LocalAllocation,960,2,4,0.3146,1.3698,4.354100445009536,1500,1380,1500,388
thrashing,synthetic,,LRU,LocalAllocation,960,2,5,0.3143,1.3759,4.377664651606745,1500,1380,1500,408
thrashing,synthetic,,LRU,LocalAllocation,960,2,6,0.2763,0.5117,1.8519724936663047,24,0,24,0
thrashing,synthetic,,LRU,LocalAllocation,960,2,7,0.3391,1.3782,4.064287820701858,1500,1380,1500,400
thrashing,synthetic,,LRU,LocalAllocation,960,3,0,0.3067,0.5334,1.73915878708836,96,0,96,0
thrashing,synthetic,,LRU,LocalAllocation,960,3,1,0.3035,0.5444,1.7937397034596376,108,0,108,0
thrashing,synthetic,,LRU,LocalAllocation,960,3,2,0.3073,0.5341,1.7380410022779043,120,0,120,0
thrashing,synthetic,,LRU,LocalAllocation,960,3,3,0.31,1.3767,4.440967741935484,1500,1380,1500,401
thrashing,synthetic,,LRU,LocalAllocation,960,3,4,0.3183,1.3805,4.337103361608546,1500,1380,1500,389
thrashing,synthetic,,LRU,LocalAllocation,960,3,5,0.3168,1.3776,4.348484848484849,1500,1380,1500,403
thrashing,synthetic,,LRU,LocalAllocation,960,3,6,0.2774,0.514,1.8529199711607787,24,0,24,0
thrashing,synthetic,,LRU,LocalAllocation,960,3,7,0.3268,1.3884,4.248470012239902,1500,1380,1500,417
thrashing,synthetic,,LRU,LocalAllocation,960,4,0,0.3044,0.5389,1.7703679369250986,96,0,96,0
thrashing,synthetic,,LRU,LocalAllocation,960,4,1,0.3039,0.5494,1.8078315235274762,108,0,108,0
thrashing,synthetic,,LRU,LocalAllocation,960,4,2,0.3125,0.5389,1.72448,120,0,120,0
thrashing,synthetic,,LRU,LocalAllocation,960,4,3,0.309,1.3919,4.504530744336569,1500,1380,1500,415
thrashing,synthetic,,LRU,LocalAllocation,960,4,4,0.3245,1.4002,4.314946070878274,1500,1380,1500,408
thrashing,synthetic,,LRU,LocalAllocation,960,4,5,0.3201,1.3938,4.354264292408622,1500,1380,1500,393
thrashing,synthetic,,LRU,LocalAllocation,960,4,6,0.2785,0.5111,1.8351885098743268,24,0,24,0
thrashing,synthetic,,LRU,LocalAllocation,960,4,7,0.3244,1.4009,4.318434032059186,1500,1380,1500,362
thrashing,synthetic,,LRU,LocalAllocation,960,5,0,0.3012,0.5349,1.7758964143426295,96,0,96,0
thrashing,synthetic,,LRU,LocalAllocation,960,5,1,0.3071,0.5425,1.7665255617062845,108,0,108,0
thrashing,synthetic,,LRU,LocalAllocation,960,5,2,0.3096,0.5458,1.7629198966408268,120,0,120,0
thrashing,synthetic,,LRU,LocalAllocation,960,5,3,0.3186,1.3988,4.390458254865035,1500,1380,1500,384
thrashing,synthetic,,LRU,LocalAllocation,960,5,4,0.3183,1.3967,4.387998743323908,1500,1380,1500,418
thrashing,synthetic,,LRU,LocalAllocation,960,5,5,0.316,1.3962,4.418354430379747,1500,1380,1500,388
thrashing,synthetic,,LRU,LocalAllocation,960,5,6,0.2755,0.5122,1.8591651542649728,24,0,24,0
thrashing,synthetic,,LRU,LocalAllocation,960,5,7,0.3326,1.3999,4.208959711365003,1500,1380,1500,421
thrashing,synthetic,,LRU,LocalAllocation,960,6,0,0.6775,0.7081,1.0451660516605166,96,0,96,0
thrashing,synthetic,,LRU,LocalAllocation,960,6,1,0.6942,0.699,1.006914433880726,108,0,108,0
thrashing,synthetic,,LRU,LocalAllocation,960,6,2,0.5507,0.7122,1.2932631196658797,120,0,120,0
thrashing,synthetic,,LRU,LocalAllocation,960,6,3,0.311,1.8467,5.937942122186495,1500,1380,1500,410
thrashing,synthetic,,LRU,LocalAllocation,960,6,4,0.3183,1.8058,5.673264216148287,1500,1380,1500,390
thrashing,synthetic,,LRU,LocalAllocation,960,6,5,0.3216,1.8018,5.602611940298507,1500,1380,1500,411
thrashing,synthetic,,LRU,LocalAllocation,960,6,6,0.2835,0.6555,2.312169312169312,24,0,24,0
thrashing,synthetic,,LRU,LocalAllocation,960,6,7,0.3312,1.8494,5.583937198067633,1500,1380,1500,414
thrashing,synthetic,,LRU,LocalAllocation,960,7,0,0.3056,0.5368,1.756544502617801,96,0,96,0
thrashing,synthetic,,LRU,LocalAllocation,960,7,1,0.3135,0.5358,1.709090909090909,108,0,108,0
thrashing,synthetic,,LRU,LocalAllocation,960,7,2,0.3067,0.533,1.7378545810238017,120,0,120,0
thrashing,synthetic,,LRU,LocalAllocation,960,7,3,0.3112,1.3817,4.439910025706941,1500,1380,1500,399
thrashing,synthetic,,LRU,LocalAllocation,960,7,4,0.3167,1.3759,4.34449005367856,1500,1380,1500,413
thrashing,synthetic,,LRU,LocalAllocation,960,7,5,0.3391,1.3669,4.030964317310528,1500,1380,1500,403
thrashing,synthetic,,LRU,LocalAllocation,960,7,6,0.2805,0.5057,1.8028520499108733,24,0,24,0
thrashing,synthetic,,LRU,LocalAllocation,960,7,7,0.3277,1.4641,4.467805920048825,1500,1380,1500,392
thrashing,synthetic,,LRU,LocalAllocation,960,8,0,0.308,0.5227,1.6970779220779222,96,0,96,0
thrashing,synthetic,,LRU,LocalAllocation,960,8,1,0.3023,0.5315,1.7581872312272577,108,0,108,0
thrashing,synthetic,,LRU,LocalAllocation,960,8,2,0.3066,0.5357,1.7472276581865622,120,0,120,0
thrashing,synthetic,,LRU,LocalAllocation,960,8,3,0.3076,1.3859,4.505526657997399,1500,1380,1500,415
thrashing,synthetic,,LRU,LocalAllocation,960,8,4,0.3103,1.3807,4.449564937157589,1500,1380,1500,394
thrashing,synthetic,,LRU,LocalAllocation,960,8,5,0.3128,1.3877,4.436381074168798,1500,1380,1500,414
thrashing,synthetic,,LRU,LocalAllocation,960,8,6,0.2752,0.5068,1.8415697674418605,24,0,24,0
thrashing,synthetic,,LRU,LocalAllocation,960,8,7,0.3305,1.3892,4.203328290468987,1500,1380,1500,420
thrashing,synthetic,,LRU,LocalAllocation,960,9,0,0.3062,0.5311,1.7344872632266493,96,0,96,0
thrashing,synthetic,,LRU,LocalAllocation,960,9,1,0.3092,0.5385,1.7415912031047867,108,0,108,0
thrashing,synthetic,,LRU,LocalAllocation,960,9,2,0.3098,0.5435,1.7543576500968368,120,0,120,0
thrashing,synthetic,,LRU,LocalAllocation,960,9,3,0.3121,1.3928,4.462672220442166,1500,1380,1500,407
thrashing,synthetic,,LRU,LocalAllocation,960,9,4,0.3106,1.3811,4.446555054732776,1500,1380,1500,428
thrashing,synthetic,,LRU,LocalAllocation,960,9,5,0.3152,1.3825,4.386104060913706,1500,1380,1500,413
thrashing,synthetic,,LRU,LocalAllocation,960,9,6,0.2776,0.5093,1.8346541786743515,24,0,24,0
thrashing,synthetic,,LRU,LocalAllocation,960,9,7,0.3248,1.3788,4.245073891625616,1500,1380,1500,384
thrashing,synthetic,,LRU,ProportionalAllocation,960,0,0,0.3051,0.4819,1.5794821370042609,96,0,96,0
thrashing,synthetic,,LRU,ProportionalAllocation,960,0,1,0.3076,0.4802,1.5611183355006502,108,0,108,0
thrashing,synthetic,,LRU,ProportionalAllocation,960,0,2,0.3124,0.4817,1.5419334186939821,120,0,120,0
thrashing,synthetic,,LRU,ProportionalAllocation,960,0,3,0.3173,0.4875,1.536400882445635,132,0,132,0
thrashing,synthetic,,LRU,ProportionalAllocation,960,0,4,0.318,0.49,1.5408805031446542,144,0,144,0
thrashing,synthetic,,LRU,ProportionalAllocation,960,0,5,0.3147,0.4908,1.559580552907531,156,0,156,0
thrashing,synthetic,,LRU,ProportionalAllocation,960,0,6,0.2777,0.484,1.7428880086424199,24,0,24,0
thrashing,synthetic,,LRU,ProportionalAllocation,960,0,7,0.3317,0.5083,1.5324088031353633,180,0,180,0
thrashing,synthetic,,LRU,ProportionalAllocation,960,1,0,0.3132,0.4827,1.5411877394636015,96,0,96,0
thrashing,synthetic,,LRU,ProportionalAllocation,960,1,1,0.3028,0.4782,1.5792602377807134,108,0,108,0
thrashing,synthetic,,LRU,ProportionalAllocation,960,1,2,0.3108,0.4862,1.5643500643500643,120,0,120,0
thrashing,synthetic,,LRU,ProportionalAllocation,960,1,3,0.325,0.4857,1.4944615384615385,132,0,132,0
thrashing,synthetic,,LRU,ProportionalAllocation,960,1,4,0.3169,0.4914,1.5506468917639633,144,0,144,0
thrashing,synthetic,,LRU,ProportionalAllocation,960,1,5,0.3229,0.496,1.5360792815113038,156,0,156,0
thrashing,synthetic,,LRU,ProportionalAllocation,960,1,6,0.2784,0.4907,1.7625718390804597,24,0,24,0
thrashing,synthetic,,LRU,ProportionalAllocation,960,1,7,0.3285,0.5057,1.5394216133942162,180,0,180,0
thrashing,synthetic,,LRU,ProportionalAllocation,960,2,0,0.3044,0.4637,1.5233245729303548,96,0,96,0
thrashing,synthetic,,LRU,ProportionalAllocation,960,2,1,0.3439,0.4681,1.3611514975283512,108,0,108,0
thrashing,synthetic,,LRU,ProportionalAllocation,960,2,2,0.3106,0.4707,1.5154539600772698,120,0,120,0
thrashing,synthetic,,LRU,ProportionalAllocation,960,2,3,0.3203,0.4699,1.4670621292538246,132,0,132,0
thrashing,synthetic,,LRU,ProportionalAllocation,960,2,4,0.317,0.4699,1.4823343848580441,144,0,144,0
thrashing,synthetic,,LRU,ProportionalAllocation,960,2,5,0.3255,0.4764,1.463594470046083,156,0,156,0
thrashing,synthetic,,LRU,ProportionalAllocation,960,2,6,0.284,0.4602,1.6204225352112676,24,0,24,0
thrashing,synthetic,,LRU,ProportionalAllocation,960,2,7,0.3353,0.4838,1.4428869668953177,180,0,180,0
thrashing,synthetic,,LRU,ProportionalAllocation,960,3,0,0.3096,0.4782,1.5445736434108528,96,0,96,0
thrashing,synthetic,,LRU,ProportionalAllocation,960,3,1,0.3043,0.4858,1.5964508708511338,108,0,108,0
thrashing,synthetic,,LRU,ProportionalAllocation,960,3,2,0.3186,0.4853,1.5232266164469555,120,0,120,0
thrashing,synthetic,,LRU,ProportionalAllocation,960,3,3,0.3134,0.4866,1.5526483726866624,132,0,132,0
thrashing,synthetic,,LRU,ProportionalAllocation,960,3,4,0.3234,0.4943,1.528447742733457,144,0,144,0
thrashing,synthetic,,LRU,ProportionalAllocation,960,3,5,0.3207,0.4968,1.54911131898971,156,0,156,0
thrashing,synthetic,,LRU,ProportionalAllocation,960,3,6,0.2769,0.4799,1.7331166486096063,24,0,24,0
thrashing,synthetic,,LRU,ProportionalAllocation,960,3,7,0.3272,0.5094,1.5568459657701712,180,0,180,0
thrashing,synthetic,,LRU,ProportionalAllocation,960,4,0,0.303,0.4882,1.6112211221122112,96,0,96,0
thrashing,synthetic,,LRU,ProportionalAllocation,960,4,1,0.3053,0.4877,1.5974451359318702,108,0,108,0
thrashing,synthetic,,LRU,ProportionalAllocation,960,4,2,0.3098,0.4937,1.5936087798579728,120,0,120,0
thrashing,synthetic,,LRU,ProportionalAllocation,960,4,3,0.3128,0.5003,1.5994245524296675,132,0,132,0
thrashing,synthetic,,LRU,ProportionalAllocation,960,4,4,0.3186,0.5036,1.5806654111738858,144,0,144,0
thrashing,synthetic,,LRU,ProportionalAllocation,960,4,5,0.6921,0.5107,0.7378991475220343,156,0,156,0
thrashing,synthetic,,LRU,ProportionalAllocation,960,4,6,0.6036,0.4983,0.8255467196819085,24,0,24,0
thrashing,synthetic,,LRU,ProportionalAllocation,960,4,7,0.6865,0.5228,0.7615440640932265,180,0,180,0
thrashing,synthetic,,LRU,ProportionalAllocation,960,5,0,0.3136,0.4866,1.5516581632653061,96,0,96,0
thrashing,synthetic,,LRU,ProportionalAllocation,960,5,1,0.3093,0.4988,1.6126737795021016,108,0,108,0
thrashing,synthetic,,LRU,ProportionalAllocation,960,5,2,0.3136,0.4915,1.5672831632653061,120,0,120,0
thrashing,synthetic,,LRU,ProportionalAllocation,960,5,3,0.3132,0.4978,1.5893997445721584,132,0,132,0
thrashing,synthetic,,LRU,ProportionalAllocation,960,5,4,0.3128,0.5375,1.7183503836317136,144,0,144,0
thrashing,synthetic,,LRU,ProportionalAllocation,960,5,5,0.3243,0.8055,2.4838112858464383,156,0,156,0
thrashing,synthetic,,LRU,ProportionalAllocation,960,5,6,0.2804,0.4807,1.714336661911555,24,0,24,0
thrashing,synthetic,,LRU,ProportionalAllocation,960,5,7,0.333,0.5162,1.5501501501501502,180,0,180,0
thrashing,synthetic,,LRU,ProportionalAllocation,960,6,0,0.3621,0.4893,1.351284175642088,96,0,96,0
thrashing,synthetic,,LRU,ProportionalAllocation,960,6,1,0.3133,0.5076,1.6201723587615704,108,0,108,0
thrashing,synthetic,,LRU,ProportionalAllocation,960,6,2,0.3292,0.4939,1.5003037667071688,120,0,120,0
thrashing,synthetic,,LRU,ProportionalAllocation,960,6,3,2.4805,0.4903,0.19766176174158437,132,0,132,0
thrashing,synthetic,,LRU,ProportionalAllocation,960,6,4,0.6618,0.4973,0.7514354789966757,144,0,144,0
thrashing,synthetic,,LRU,ProportionalAllocation,960,6,5,0.6706,0.5008,0.7467939158962124,156,0,156,0
thrashing,synthetic,,LRU,ProportionalAllocation,960,6,6,0.5781,0.4903,0.8481231620826847,24,0,24,0
thrashing,synthetic,,LRU,ProportionalAllocation,960,6,7,0.6582,0.5216,0.7924642965663932,180,0,180,0
thrashing,synthetic,,LRU,ProportionalAllocation,960,7,0,0.3212,0.5048,1.5716064757160648,96,0,96,0
thrashing,synthetic,,LRU,ProportionalAllocation,960,7,1,0.3084,0.5038,1.6335927367055771,108,0,108,0
thrashing,synthetic,,LRU,ProportionalAllocation,960,7,2,0.3063,0.5147,1.6803787136793993,120,0,120,0
thrashing,synthetic,,LRU,ProportionalAllocation,960,7,3,0.309,0.5146,1.6653721682847897,132,0,132,0
thrashing,synthetic,,LRU,ProportionalAllocation,960,7,4,0.3159,0.5136,1.6258309591642925,144,0,144,0
thrashing,synthetic,,LRU,ProportionalAllocation,960,7,5,0.3188,0.5142,1.6129234629861982,156,0,156,0
thrashing,synthetic,,LRU,ProportionalAllocation,960,7,6,0.2768,0.5123,1.8507947976878614,24,0,24,0
thrashing,synthetic,,LRU,ProportionalAllocation,960,7,7,0.3301,0.5284,1.600727052408361,180,0,180,0
thrashing,synthetic,,LRU,ProportionalAllocation,960,8,0,0.3026,0.4938,1.6318572372769333,96,0,96,0
thrashing,synthetic,,LRU,ProportionalAllocation,960,8,1,0.3097,0.5031,1.6244752986761382,108,0,108,0
thrashing,synthetic,,LRU,ProportionalAllocation,960,8,2,0.3065,0.5146,1.6789559543230017,120,0,120,0
thrashing,synthetic,,LRU,ProportionalAllocation,960,8,3,0.3127,0.5007,1.6012152222577551,132,0,132,0
thrashing,synthetic,,LRU,ProportionalAllocation,960,8,4,0.3116,0.5019,1.6107188703465982,144,0,144,0
thrashing,synthetic,,LRU,ProportionalAllocation,960,8,5,0.3152,0.5069,1.6081852791878173,156,0,156,0
thrashing,synthetic,,LRU,ProportionalAllocation,960,8,6,0.2757,0.4987,1.8088501994922017,24,0,24,0
thrashing,synthetic,,LRU,ProportionalAllocation,960,8,7,0.3312,0.5227,1.5782004830917875,180,0,180,0
thrashing,synthetic,,LRU,ProportionalAllocation,960,9,0,0.3177,0.4972,1.564998426188228,96,0,96,0
thrashing,synthetic,,LRU,ProportionalAllocation,960,9,1,0.315,0.489,1.5523809523809524,108,0,108,0
thrashing,synthetic,,LRU,ProportionalAllocation,960,9,2,0.3024,0.4911,1.6240079365079365,120,0,120,0
thrashing,synthetic,,LRU,ProportionalAllocation,960,9,3,0.3112,0.4981,1.6005784061696657,132,0,132,0
thrashing,synthetic,,LRU,ProportionalAllocation,960,9,4,0.3152,0.5006,1.5881979695431472,144,0,144,0
thrashing,synthetic,,LRU,ProportionalAllocation,960,9,5,0.3168,0.5044,1.5921717171717171,156,0,156,0
thrashing,synthetic,,LRU,ProportionalAllocation,960,9,6,0.2796,0.4867,1.7407010014306152,24,0,24,0
thrashing,synthetic,,LRU,ProportionalAllocation,960,9,7,0.3308,0.5144,1.555018137847642,180,0,180,0
thrashing,synthetic,,NRU,GlobalAllocation,960,0,0,0.3199,0.9127,2.8530790872147547,96,,,
thrashing,synthetic,,NRU,GlobalAllocation,960,0,1,0.3379,0.9218,2.72802604320805,108,,,
thrashing,synthetic,,NRU,GlobalAllocation,960,0,2,0.3267,1.1221,3.4346495255586165,120,,,
thrashing,synthetic,,NRU,GlobalAllocation,960,0,3,0.3516,0.8961,2.5486348122866893,132,,,
thrashing,synthetic,,NRU,GlobalAllocation,960,0,4,0.338,0.9773,2.8914201183431953,144,,,
thrashing,synthetic,,NRU,GlobalAllocation,960,0,5,0.3633,0.9162,2.521882741535921,156,,,
thrashing,synthetic,,NRU,GlobalAllocation,960,0,6,0.279,0.9335,3.345878136200717,24,,,
thrashing,synthetic,,NRU,GlobalAllocation,960,0,7,0.3576,1.018,2.8467561521252795,180,,,
thrashing,synthetic,,NRU,GlobalAllocation,960,1,0,0.3203,0.8315,2.5960037464876677,96,,,
thrashing,synthetic,,NRU,GlobalAllocation,960,1,1,0.3214,0.8892,2.7666459240821406,108,,,
thrashing,synthetic,,NRU,GlobalAllocation,960,1,2,0.3303,0.986,2.985165001513775,120,,,
thrashing,synthetic,,NRU,GlobalAllocation,960,1,3,0.351,1.0546,3.0045584045584044,132,,,
thrashing,synthetic,,NRU,GlobalAllocation,960,1,4,0.3562,1.0097,2.83464345873105,144,,,
thrashing,synthetic,,NRU,GlobalAllocation,960,1,5,0.3573,1.0338,2.8933669185558353,156,,,
thrashing,synthetic,,NRU,GlobalAllocation,960,1,6,0.2982,0.8672,2.9081153588195843,24,,,
thrashing,synthetic,,NRU,GlobalAllocation,960,1,7,0.374,1.0129,2.708288770053476,180,,,
thrashing,synthetic,,NRU,GlobalAllocation,960,2,0,0.3185,0.877,2.7535321821036107,96,,,
thrashing,synthetic,,NRU,GlobalAllocation,960,2,1,0.3257,0.9207,2.826834510285539,108,,,
thrashing,synthetic,,NRU,GlobalAllocation,960,2,2,0.3298,1.0049,3.046998180715585,120,,,
thrashing,synthetic,,NRU,GlobalAllocation,960,2,3,0.3365,0.97,2.8826151560178306,132,,,
thrashing,synthetic,,NRU,GlobalAllocation,960,2,4,0.3395,0.9586,2.8235640648011784,144,,,
thrashing,synthetic,,NRU,GlobalAllocation,960,2,5,0.3578,1.0006,2.796534376746786,156,,,
thrashing,synthetic,,NRU,GlobalAllocation,960,2,6,0.2807,0.8831,3.1460634128963307,24,,,
thrashing,synthetic,,NRU,GlobalAllocation,960,2,7,0.3543,1.0343,2.9192774484899804,180,,,
thrashing,synthetic,,NRU,GlobalAllocation,960,3,0,0.3312,0.8707,2.628925120772947,96,,,
thrashing,synthetic,,NRU,GlobalAllocation,960,3,1,0.3404,1.0676,3.136310223266745,108,,,
thrashing,synthetic,,NRU,GlobalAllocation,960,3,2,0.3307,0.9408,2.8448745086180827,120,,,
thrashing,synthetic,,NRU,GlobalAllocation,960,3,3,0.3321,0.9459,2.848238482384824,132,,,
thrashing,synthetic,,NRU,GlobalAllocation,960,3,4,0.3378,0.9972,2.952042628774423,144,,,
thrashing,synthetic,,NRU,GlobalAllocation,960,3,5,0.3427,0.9123,2.6620951269331776,156,,,
thrashing,synthetic,,NRU,GlobalAllocation,960,3,6,0.2782,0.9274,3.3335729690869877,24,,,
thrashing,synthetic,,NRU,GlobalAllocation,960,3,7,0.3567,0.9055,2.5385477992710963,180,,,
thrashing,synthetic,,NRU,GlobalAllocation,960,4,0,0.3472,0.8549,2.4622695852534564,96,,,
thrashing,synthetic,,NRU,GlobalAllocation,960,4,1,0.3384,0.9977,2.9482860520094563,108,,,
thrashing,synthetic,,NRU,GlobalAllocation,960,4,2,0.3435,0.92,2.678311499272198,120,,,
thrashing,synthetic,,NRU,GlobalAllocation,960,4,3,0.3335,0.9655,2.8950524737631183,132,,,
thrashing,synthetic,,NRU,GlobalAllocation,960,4,4,0.3522,0.9187,2.6084611016467916,144,,,
thrashing,synthetic,,NRU,GlobalAllocation,960,4,5,0.3606,1.0537,2.9220743205768165,156,,,
thrashing,synthetic,,NRU,GlobalAllocation,960,4,6,0.3131,0.9038,2.8866176940274673,24,,,
thrashing,synthetic,,NRU,GlobalAllocation,960,4,7,0.3712,0.9775,2.6333512931034484,180,,,
thrashing,synthetic,,NRU,GlobalAllocation,960,5,0,0.3229,0.9985,3.0922886342520903,96,,,
thrashing,synthetic,,NRU,GlobalAllocation,960,5,1,0.3394,0.9891,2.9142604596346495,108,,,
thrashing,synthetic,,NRU,GlobalAllocation,960,5,2,0.3499,0.9368,2.677336381823378,120,,,
thrashing,synthetic,,NRU,GlobalAllocation,960,5,3,0.3324,0.9766,2.938026474127557,132,,,
thrashing,synthetic,,NRU,GlobalAllocation,960,5,4,0.3429,0.9323,2.7188684747739864,144,,,
thrashing,synthetic,,NRU,GlobalAllocation,960,5,5,0.3601,0.9044,2.511524576506526,156,,,
thrashing,synthetic,,NRU,GlobalAllocation,960,5,6,0.2892,0.9412,3.2544951590594744,24,,,
thrashing,synthetic,,NRU,GlobalAllocation,960,5,7,0.354,0.9567,2.702542372881356,180,,,
thrashing,synthetic,,NRU,GlobalAllocation,960,6,0,0.3166,1.0118,3.1958307012002525,96,,,
thrashing,synthetic,,NRU,GlobalAllocation,960,6,1,0.3405,0.9007,2.6452276064610865,108,,,
thrashing,synthetic,,NRU,GlobalAllocation,960,6,2,0.331,0.9556,2.8870090634441086,120,,,
thrashing,synthetic,,NRU,GlobalAllocation,960,6,3,0.3366,0.8915,2.648544266191325,132,,,
thrashing,synthetic,,NRU,GlobalAllocation,960,6,4,0.3373,1.0053,2.9804328490957603,144,,,
thrashing,synthetic,,NRU,GlobalAllocation,960,6,5,0.3454,0.9751,2.8231036479444125,156,,,
thrashing,synthetic,,NRU,GlobalAllocation,960,6,6,0.2778,0.9359,3.3689704823614113,24,,,
thrashing,synthetic,,NRU,GlobalAllocation,960,6,7,0.3595,0.9689,2.695132127955494,180,,,
thrashing,synthetic,,NRU,GlobalAllocation,960,7,0,0.3208,0.9269,2.889339152119701,96,,,
thrashing,synthetic,,NRU,GlobalAllocation,960,7,1,0.3237,0.9913,3.0624034599938215,108,,,
thrashing,synthetic,,NRU,GlobalAllocation,960,7,2,0.3286,1.0273,3.126293365794279,120,,,
thrashing,synthetic,,NRU,GlobalAllocation,960,7,3,0.3358,0.9653,2.874627754615843,132,,,
thrashing,synthetic,,NRU,GlobalAllocation,960,7,4,0.3409,1.0114,2.9668524493986506,144,,,
thrashing,synthetic,,NRU,GlobalAllocation,960,7,5,0.343,1.0597,3.0895043731778427,156,,,
thrashing,synthetic,,NRU,GlobalAllocation,960,7,6,0.2787,1.0801,3.875493362038034,24,,,
thrashing,synthetic,,NRU,GlobalAllocation,960,7,7,0.3558,1.0078,2.8324901630129284,180,,,
thrashing,synthetic,,NRU,GlobalAllocation,960,8,0,0.3349,0.8859,2.645267243953419,96,,,
thrashing,synthetic,,NRU,GlobalAllocation,960,8,1,0.3216,0.9975,3.1016791044776117,108,,,
thrashing,synthetic,,NRU,GlobalAllocation,960,8,2,0.3267,0.8343,2.553719008264463,120,,,
thrashing,synthetic,,NRU,GlobalAllocation,960,8,3,0.3335,1.0197,3.0575712143928038,132,,,
thrashing,synthetic,,NRU,GlobalAllocation,960,8,4,0.3381,0.9983,2.952676722863058,144,,,
thrashing,synthetic,,NRU,GlobalAllocation,960,8,5,0.3478,0.9271,2.66561242093157,156,,,
thrashing,synthetic,,NRU,GlobalAllocation,960,8,6,0.3123,0.9761,3.1255203330131285,24,,,
thrashing,synthetic,,NRU,GlobalAllocation,960,8,7,0.3589,1.0117,2.818891056004458,180,,,
thrashing,synthetic,,NRU,GlobalAllocation,960,9,0,0.3338,0.9529,2.854703415218694,96,,,
thrashing,synthetic,,NRU,GlobalAllocation,960,9,1,0.3413,0.9083,2.6612950483445648,108,,,
thrashing,synthetic,,NRU,GlobalAllocation,960,9,2,0.3302,0.9771,2.9591156874621443,120,,,
thrashing,synthetic,,NRU,GlobalAllocation,960,9,3,0.3475,0.8686,2.499568345323741,132,,,
thrashing,synthetic,,NRU,GlobalAllocation,960,9,4,0.3521,0.9893,2.8097131496733883,144,,,
thrashing,synthetic,,NRU,GlobalAllocation,960,9,5,0.3621,0.9738,2.689312344656172,156,,,
thrashing,synthetic,,NRU,GlobalAllocation,960,9,6,0.2794,1.0475,3.749105225483178,24,,,
thrashing,synthetic,,NRU,GlobalAllocation,960,9,7,0.3654,1.0212,2.7947454844006567,180,,,
thrashing,synthetic,,NRU,LocalAllocation,960,0,0,0.3229,0.5491,1.700526478786002,96,0,96,0
thrashing,synthetic,,NRU,LocalAllocation,960,0,1,0.3275,0.5415,1.6534351145038169,108,0,108,0
thrashing,synthetic,,NRU,LocalAllocation,960,0,2,0.3445,0.5409,1.570101596516691,120,0,120,0
thrashing,synthetic,,NRU,LocalAllocation,960,0,3,0.3337,6.2832,18.82888822295475,625,505,625,122
thrashing,synthetic,,NRU,LocalAllocation,960,0,4,0.3385,8.5474,25.250812407680947,844,724,844,161
thrashing,synthetic,,NRU,LocalAllocation,960,0,5,0.3407,10.1156,29.69063692398004,991,871,991,209
thrashing,synthetic,,NRU,LocalAllocation,960,0,6,0.2749,0.5239,1.905783921425973,24,0,24,0
thrashing,synthetic,,NRU,LocalAllocation,960,0,7,0.3521,12.1037,34.37574552683897,1186,1066,1186,298
thrashing,synthetic,,NRU,LocalAllocation,960,1,0,0.321,0.5276,1.6436137071651091,96,0,96,0
thrashing,synthetic,,NRU,LocalAllocation,960,1,1,0.321,0.5321,1.6576323987538941,108,0,108,0
thrashing,synthetic,,NRU,LocalAllocation,960,1,2,0.3237,0.5377,1.6611059623107816,120,0,120,0
thrashing,synthetic,,NRU,LocalAllocation,960,1,3,0.3655,6.3161,17.280711354309165,641,521,641,118
thrashing,synthetic,,NRU,LocalAllocation,960,1,4,0.3664,8.5192,23.25109170305677,849,729,849,194
thrashing,synthetic,,NRU,LocalAllocation,960,1,5,0.366,10.1705,27.788251366120218,1011,891,1011,187
thrashing,synthetic,,NRU,LocalAllocation,960,1,6,0.2779,0.5137,1.8485066570708888,24,0,24,0
thrashing,synthetic,,NRU,LocalAllocation,960,1,7,0.3579,12.03,33.6127409891031,1190,1070,1190,315
thrashing,synthetic,,NRU,LocalAllocation,960,2,0,0.3202,0.5338,1.6670830730793254,96,0,96,0
thrashing,synthetic,,NRU,LocalAllocation,960,2,1,0.5868,0.5345,0.9108725289706885,108,0,108,0
thrashing,synthetic,,NRU,LocalAllocation,960,2,2,0.3561,0.5487,1.5408593091828138,120,0,120,0
thrashing,synthetic,,NRU,LocalAllocation,960,2,3,0.3325,6.2588,18.82345864661654,638,518,638,87
thrashing,synthetic,,NRU,LocalAllocation,960,2,4,0.349,8.74,25.04297994269341,871,751,871,169
thrashing,synthetic,,NRU,LocalAllocation,960,2,5,0.3419,10.0838,29.493419128400117,999,879,999,221
thrashing,synthetic,,NRU,LocalAllocation,960,2,6,0.2803,0.5122,1.8273278630039245,24,0,24,0
thrashing,synthetic,,NRU,LocalAllocation,960,2,7,0.3542,11.8501,33.45595708639187,1174,1054,1174,270
thrashing,synthetic,,NRU,LocalAllocation,960,3,0,0.3548,0.5439,1.5329763246899661,96,0,96,0
thrashing,synthetic,,NRU,LocalAllocation,960,3,1,0.3391,0.5418,1.597758773223238,108,0,108,0
thrashing,synthetic,,NRU,LocalAllocation,960,3,2,0.329,0.5444,1.654711246200608,120,0,120,0
thrashing,synthetic,,NRU,LocalAllocation,960,3,3,0.3387,6.4353,19.0,652,532,652,92
thrashing,synthetic,,NRU,LocalAllocation,960,3,4,0.3566,8.401,23.55860908581043,836,716,836,160
thrashing,synthetic,,NRU,LocalAllocation,960,3,5,0.3428,9.9581,29.049299883313886,987,867,987,218
thrashing,synthetic,,NRU,LocalAllocation,960,3,6,0.2915,0.5204,1.7852487135506003,24,0,24,0
thrashing,synthetic,,NRU,LocalAllocation,960,3,7,0.369,11.9665,32.429539295392956,1185,1065,1185,299
thrashing,synthetic,,NRU,LocalAllocation,960,4,0,0.317,0.5449,1.7189274447949527,96,0,96,0
thrashing,synthetic,,NRU,LocalAllocation,960,4,1,0.4038,0.543,1.3447251114413077,108,0,108,0
thrashing,synthetic,,NRU,LocalAllocation,960,4,2,0.3138,0.5533,1.7632249840662844,120,0,120,0
thrashing,synthetic,,NRU,LocalAllocation,960,4,3,0.3722,6.414,17.23267060720043,653,533,653,93
thrashing,synthetic,,NRU,LocalAllocation,960,4,4,0.359,8.5686,23.867966573816155,851,731,851,165
thrashing,synthetic,,NRU,LocalAllocation,960,4,5,0.3376,9.978,29.555687203791468,984,864,984,207
thrashing,synthetic,,NRU,LocalAllocation,960,4,6,0.2685,0.5254,1.9567970204841714,24,0,24,0
thrashing,synthetic,,NRU,LocalAllocation,960,4,7,0.3516,12.0807,34.35921501706485,1190,1070,1190,256
thrashing,synthetic,,NRU,LocalAllocation,960,5,0,0.3259,0.5462,1.675974225222461,96,0,96,0
thrashing,synthetic,,NRU,LocalAllocation,960,5,1,0.339,0.5545,1.635693215339233,108,0,108,0
thrashing,synthetic,,NRU,LocalAllocation,960,5,2,0.334,0.557,1.6676646706586826,120,0,120,0
thrashing,synthetic,,NRU,LocalAllocation,960,5,3,0.3332,6.3465,19.047118847539014,647,527,647,77
thrashing,synthetic,,NRU,LocalAllocation,960,5,4,0.3334,8.4751,25.420215956808637,838,718,838,170
thrashing,synthetic,,NRU,LocalAllocation,960,5,5,0.3641,10.0649,27.643229881900577,993,873,993,214
thrashing,synthetic,,NRU,LocalAllocation,960,5,6,0.2816,0.5265,1.8696732954545454,24,0,24,0
thrashing,synthetic,,NRU,LocalAllocation,960,5,7,0.3761,12.0913,32.149162456793405,1189,1069,1189,292
thrashing,synthetic,,NRU,LocalAllocation,960,6,0,0.3413,0.5447,1.5959566363902724,96,0,96,0
thrashing,synthetic,,NRU,LocalAllocation,960,6,1,0.3219,0.5444,1.6912084498291395,108,0,108,0
thrashing,synthetic,,NRU,LocalAllocation,960,6,2,0.3274,0.5533,1.6899816737935247,120,0,120,0
thrashing,synthetic,,NRU,LocalAllocation,960,6,3,0.3484,6.0691,17.4199196326062,620,500,620,92
thrashing,synthetic,,NRU,LocalAllocation,960,6,4,0.3514,8.6763,24.69066590779738,857,737,857,151
thrashing,synthetic,,NRU,LocalAllocation,960,6,5,0.3551,9.9488,28.016896648831317,981,861,981,201
thrashing,synthetic,,NRU,LocalAllocation,960,6,6,0.3024,0.5259,1.7390873015873016,24,0,24,0
thrashing,synthetic,,NRU,LocalAllocation,960,6,7,0.3553,12.0938,34.038277511961724,1181,1061,1181,285
thrashing,synthetic,,NRU,LocalAllocation,960,7,0,0.3187,0.5357,1.6808911201757137,96,0,96,0
thrashing,synthetic,,NRU,LocalAllocation,960,7,1,0.3396,0.5429,1.5986454652532391,108,0,108,0
thrashing,synthetic,,NRU,LocalAllocation,960,7,2,0.3377,0.5469,1.6194847497779095,120,0,120,0
thrashing,synthetic,,NRU,LocalAllocation,960,7,3,0.3319,6.504,19.596263934920156,653,533,653,96
thrashing,synthetic,,NRU,LocalAllocation,960,7,4,0.3438,8.5249,24.79610238510762,851,731,851,170
thrashing,synthetic,,NRU,LocalAllocation,960,7,5,0.3383,10.0916,29.830328111143956,1003,883,1003,213
thrashing,synthetic,,NRU,LocalAllocation,960,7,6,0.2787,0.5158,1.850735557947614,24,0,24,0
thrashing,synthetic,,NRU,LocalAllocation,960,7,7,0.353,12.0563,34.15382436260623,1191,1071,1191,278
thrashing,synthetic,,NRU,LocalAllocation,960,8,0,0.317,0.5364,1.6921135646687697,96,0,96,0
thrashing,synthetic,,NRU,LocalAllocation,960,8,1,0.3392,0.5378,1.585495283018868,108,0,108,0
thrashing,synthetic,,NRU,LocalAllocation,960,8,2,0.3427,0.5463,1.5941056317478846,120,0,120,0
thrashing,synthetic,,NRU,LocalAllocation,960,8,3,0.3476,6.2677,18.031357882623706,636,516,636,92
thrashing,synthetic,,NRU,LocalAllocation,960,8,4,0.3323,8.5315,25.674089678001806,850,730,850,158
thrashing,synthetic,,NRU,LocalAllocation,960,8,5,0.343,9.9054,28.878717201166182,983,863,983,208
thrashing,synthetic,,NRU,LocalAllocation,960,8,6,0.2794,0.5139,1.8392984967788117,24,0,24,0
thrashing,synthetic,,NRU,LocalAllocation,960,8,7,0.3557,12.1395,34.12847905538375,1193,1073,1193,300
thrashing,synthetic,,NRU,LocalAllocation,960,9,0,0.3221,0.7205,2.23688295560385,96,0,96,0
thrashing,synthetic,,NRU,LocalAllocation,960,9,1,0.3248,0.7206,2.2185960591133007,108,0,108,0
thrashing,synthetic,,NRU,LocalAllocation,960,9,2,0.3285,0.7046,2.1449010654490106,120,0,120,0
thrashing,synthetic,,NRU,LocalAllocation,960,9,3,0.3338,8.4959,25.452067106051526,658,538,658,88
thrashing,synthetic,,NRU,LocalAllocation,960,9,4,0.3388,10.6032,31.29634002361275,858,738,858,178
thrashing,synthetic,,NRU,LocalAllocation,960,9,5,0.3451,14.7115,42.62967255867864,1012,892,1012,226
thrashing,synthetic,,NRU,LocalAllocation,960,9,6,0.282,0.6576,2.331914893617021,24,0,24,0
thrashing,synthetic,,NRU,LocalAllocation,960,9,7,0.3724,14.5703,39.12540279269603,1173,1053,1173,250
thrashing,synthetic,,NRU,ProportionalAllocation,960,0,0,0.3632,0.4824,1.328193832599119,96,0,96,0
thrashing,synthetic,,NRU,ProportionalAllocation,960,0,1,0.3532,0.489,1.384484711211778,108,0,108,0
thrashing,synthetic,,NRU,ProportionalAllocation,960,0,2,0.3265,0.4924,1.5081163859111792,120,0,120,0
thrashing,synthetic,,NRU,ProportionalAllocation,960,0,3,0.3341,0.4982,1.491170308290931,132,0,132,0
thrashing,synthetic,,NRU,ProportionalAllocation,960,0,4,0.3459,0.5028,1.4535993061578492,144,0,144,0
thrashing,synthetic,,NRU,ProportionalAllocation,960,0,5,0.3593,0.5109,1.4219315335374338,156,0,156,0
thrashing,synthetic,,NRU,ProportionalAllocation,960,0,6,0.2899,0.4688,1.617109348051052,24,0,24,0
thrashing,synthetic,,NRU,ProportionalAllocation,960,0,7,0.3673,0.5244,1.4277157636809148,180,0,180,0
thrashing,synthetic,,NRU,ProportionalAllocation,960,1,0,0.3196,0.4913,1.5372340425531914,96,0,96,0
thrashing,synthetic,,NRU,ProportionalAllocation,960,1,1,0.3261,0.494,1.5148727384237963,108,0,108,0
thrashing,synthetic,,NRU,ProportionalAllocation,960,1,2,0.3263,0.5021,1.538768004903463,120,0,120,0
thrashing,synthetic,,NRU,ProportionalAllocation,960,1,3,0.3476,0.5061,1.4559838895281934,132,0,132,0
thrashing,synthetic,,NRU,ProportionalAllocation,960,1,4,0.3492,0.513,1.4690721649484537,144,0,144,0
thrashing,synthetic,,NRU,ProportionalAllocation,960,1,5,0.343,0.5151,1.5017492711370262,156,0,156,0
thrashing,synthetic,,NRU,ProportionalAllocation,960,1,6,0.2779,0.4779,1.7196833393306945,24,0,24,0
thrashing,synthetic,,NRU,ProportionalAllocation,960,1,7,0.3598,0.529,1.4702612562534743,180,0,180,0
thrashing,synthetic,,NRU,ProportionalAllocation,960,2,0,0.3438,0.4935,1.4354275741710296,96,0,96,0
thrashing,synthetic,,NRU,ProportionalAllocation,960,2,1,0.3249,0.5011,1.5423207140658663,108,0,108,0
thrashing,synthetic,,NRU,ProportionalAllocation,960,2,2,0.3433,0.5081,1.4800466064666473,120,0,120,0
thrashing,synthetic,,NRU,ProportionalAllocation,960,2,3,0.3573,0.513,1.4357682619647356,132,0,132,0
thrashing,synthetic,,NRU,ProportionalAllocation,960,2,4,0.3524,0.5153,1.4622587968217935,144,0,144,0
thrashing,synthetic,,NRU,ProportionalAllocation,960,2,5,0.3463,0.5163,1.4909038406006352,156,0,156,0
thrashing,synthetic,,NRU,ProportionalAllocation,960,2,6,0.279,0.4837,1.7336917562724015,24,0,24,0
thrashing,synthetic,,NRU,ProportionalAllocation,960,2,7,0.3546,0.5318,1.4997179921037789,180,0,180,0
thrashing,synthetic,,NRU,ProportionalAllocation,960,3,0,0.351,0.4915,1.4002849002849003,96,0,96,0
thrashing,synthetic,,NRU,ProportionalAllocation,960,3,1,0.3427,0.4933,1.4394514152319813,108,0,108,0
thrashing,synthetic,,NRU,ProportionalAllocation,960,3,2,0.3468,0.5016,1.4463667820069204,120,0,120,0
thrashing,synthetic,,NRU,ProportionalAllocation,960,3,3,0.3363,0.5067,1.5066904549509366,132,0,132,0
thrashing,synthetic,,NRU,ProportionalAllocation,960,3,4,0.3521,0.5123,1.4549843794376598,144,0,144,0
thrashing,synthetic,,NRU,ProportionalAllocation,960,3,5,0.3438,0.5141,1.495346131471786,156,0,156,0
thrashing,synthetic,,NRU,ProportionalAllocation,960,3,6,0.2773,0.4788,1.7266498377208799,24,0,24,0
thrashing,synthetic,,NRU,ProportionalAllocation,960,3,7,0.3498,0.5307,1.5171526586620927,180,0,180,0
thrashing,synthetic,,NRU,ProportionalAllocation,960,4,0,0.3322,0.4871,1.4662853702588803,96,0,96,0
thrashing,synthetic,,NRU,ProportionalAllocation,960,4,1,0.3426,0.4931,1.4392877991827204,108,0,108,0
thrashing,synthetic,,NRU,ProportionalAllocation,960,4,2,0.3342,0.4957,1.4832435667265111,120,0,120,0
thrashing,synthetic,,NRU,ProportionalAllocation,960,4,3,0.3352,0.504,1.503579952267303,132,0,132,0
thrashing,synthetic,,NRU,ProportionalAllocation,960,4,4,0.3523,0.5076,1.4408174850979278,144,0,144,0
thrashing,synthetic,,NRU,ProportionalAllocation,960,4,5,0.3418,0.5154,1.507899356348742,156,0,156,0
thrashing,synthetic,,NRU,ProportionalAllocation,960,4,6,0.279,0.4767,1.7086021505376343,24,0,24,0
thrashing,synthetic,,NRU,ProportionalAllocation,960,4,7,0.3706,0.5337,1.4400971397733406,180,0,180,0
thrashing,synthetic,,NRU,ProportionalAllocation,960,5,0,0.3163,0.493,1.5586468542522922,96,0,96,0
thrashing,synthetic,,NRU,ProportionalAllocation,960,5,1,0.3213,0.4954,1.5418611889200124,108,0,108,0
thrashing,synthetic,,NRU,ProportionalAllocation,960,5,2,0.3255,0.5045,1.5499231950844854,120,0,120,0
thrashing,synthetic,,NRU,ProportionalAllocation,960,5,3,0.3329,0.5033,1.5118654250525683,132,0,132,0
thrashing,synthetic,,NRU,ProportionalAllocation,960,5,4,0.3376,0.5113,1.5145142180094786,144,0,144,0
thrashing,synthetic,,NRU,ProportionalAllocation,960,5,5,0.3434,0.5142,1.4973791496796738,156,0,156,0
thrashing,synthetic,,NRU,ProportionalAllocation,960,5,6,0.2865,0.4771,1.6652705061082025,24,0,24,0
thrashing,synthetic,,NRU,ProportionalAllocation,960,5,7,0.3772,0.531,1.4077412513255567,180,0,180,0
thrashing,synthetic,,NRU,ProportionalAllocation,960,6,0,0.4769,0.4899,1.0272593835185573,96,0,96,0
thrashing,synthetic,,NRU,ProportionalAllocation,960,6,1,0.3265,0.5,1.5313935681470139,108,0,108,0
thrashing,synthetic,,NRU,ProportionalAllocation,960,6,2,0.3253,0.506,1.5554872425453428,120,0,120,0
thrashing,synthetic,,NRU,ProportionalAllocation,960,6,3,0.333,0.5059,1.5192192192192193,132,0,132,0
thrashing,synthetic,,NRU,ProportionalAllocation,960,6,4,0.3387,0.5117,1.510776498376144,144,0,144,0
thrashing,synthetic,,NRU,ProportionalAllocation,960,6,5,0.348,0.5182,1.489080459770115,156,0,156,0
thrashing,synthetic,,NRU,ProportionalAllocation,960,6,6,0.3124,0.4833,1.5470550576184379,24,0,24,0
thrashing,synthetic,,NRU,ProportionalAllocation,960,6,7,0.3563,0.5408,1.5178220600617458,180,0,180,0
thrashing,synthetic,,NRU,ProportionalAllocation,960,7,0,0.7112,0.9788,1.3762654668166479,96,0,96,0
thrashing,synthetic,,NRU,ProportionalAllocation,960,7,1,0.7154,0.9962,1.3925076880067095,108,0,108,0
thrashing,synthetic,,NRU,ProportionalAllocation,960,7,2,0.6587,1.0044,1.524821618339153,120,0,120,0
thrashing,synthetic,,NRU,ProportionalAllocation,960,7,3,0.6611,1.0228,1.5471184389653607,132,0,132,0
thrashing,synthetic,,NRU,ProportionalAllocation,960,7,4,0.3274,1.1401,3.4822846670739156,144,0,144,0
thrashing,synthetic,,NRU,ProportionalAllocation,960,7,5,0.343,1.0519,3.0667638483965014,156,0,156,0
thrashing,synthetic,,NRU,ProportionalAllocation,960,7,6,0.3568,0.9281,2.601177130044843,24,0,24,0
thrashing,synthetic,,NRU,ProportionalAllocation,960,7,7,0.386,1.0535,2.7292746113989637,180,0,180,0
thrashing,synthetic,,NRU,ProportionalAllocation,960,8,0,0.3327,0.4895,1.4712954613766156,96,0,96,0
thrashing,synthetic,,NRU,ProportionalAllocation,960,8,1,0.32,0.498,1.55625,108,0,108,0
thrashing,synthetic,,NRU,ProportionalAllocation,960,8,2,0.3264,0.5044,1.545343137254902,120,0,120,0
thrashing,synthetic,,NRU,ProportionalAllocation,960,8,3,0.3279,0.5098,1.5547422994815492,132,0,132,0
thrashing,synthetic,,NRU,ProportionalAllocation,960,8,4,0.3371,0.5133,1.5226935627410263,144,0,144,0
thrashing,synthetic,,NRU,ProportionalAllocation,960,8,5,0.3427,0.5165,1.507149110008754,156,0,156,0
thrashing,synthetic,,NRU,ProportionalAllocation,960,8,6,0.2796,0.48,1.7167381974248928,24,0,24,0
thrashing,synthetic,,NRU,ProportionalAllocation,960,8,7,0.3686,0.5313,1.4413998914812804,180,0,180,0
thrashing,synthetic,,NRU,ProportionalAllocation,960,9,0,0.3296,0.482,1.462378640776699,96,0,96,0
thrashing,synthetic,,NRU,ProportionalAllocation,960,9,1,0.3219,0.4825,1.4989127058092575,108,0,108,0
thrashing,synthetic,,NRU,ProportionalAllocation,960,9,2,0.3272,0.4879,1.4911369193154034,120,0,120,0
thrashing,synthetic,,NRU,ProportionalAllocation,960,9,3,0.3357,0.4964,1.478701221328567,132,0,132,0
thrashing,synthetic,,NRU,ProportionalAllocation,960,9,4,0.3418,0.5021,1.4689877121123465,144,0,144,0
thrashing,synthetic,,NRU,ProportionalAllocation,960,9,5,0.3417,0.5073,1.4846356453028973,156,0,156,0
thrashing,synthetic,,NRU,ProportionalAllocation,960,9,6,0.2791,0.4714,1.6890003582945181,24,0,24,0
thrashing,synthetic,,NRU,ProportionalAllocation,960,9,7,0.3506,0.5165,1.473188819167142,180,0,180,0
thrashing,synthetic,,SecondChance,GlobalAllocation,960,0,0,0.2797,0.8516,3.044690740078656,96,,,
thrashing,synthetic,,SecondChance,GlobalAllocation,960,0,1,0.3233,1.0747,3.32415712960099,108,,,
thrashing,synthetic,,SecondChance,GlobalAllocation,960,0,2,0.3047,1.241,4.072858549392845,120,,,
thrashing,synthetic,,SecondChance,GlobalAllocation,960,0,3,0.3174,1.2278,3.86830497794581,132,,,
thrashing,synthetic,,SecondChance,GlobalAllocation,960,0,4,0.3304,1.3733,4.156476997578692,144,,,
thrashing,synthetic,,SecondChance,GlobalAllocation,960,0,5,0.3363,1.3655,4.060362771335117,156,,,
thrashing,synthetic,,SecondChance,GlobalAllocation,960,0,6,0.2386,0.6913,2.89731768650461,24,,,
thrashing,synthetic,,SecondChance,GlobalAllocation,960,0,7,0.3677,1.6041,4.362523796573293,180,,,
thrashing,synthetic,,SecondChance,GlobalAllocation,960,1,0,0.2898,0.8357,2.883712905452036,96,,,
thrashing,synthetic,,SecondChance,GlobalAllocation,960,1,1,0.294,1.0708,3.6421768707482993,108,,,
thrashing,synthetic,,SecondChance,GlobalAllocation,960,1,2,0.3022,1.1109,3.6760423560555924,120,,,
thrashing,synthetic,,SecondChance,GlobalAllocation,960,1,3,0.3196,1.2412,3.88360450563204,132,,,
thrashing,synthetic,,SecondChance,GlobalAllocation,960,1,4,0.3282,1.327,4.0432663010359535,144,,,
thrashing,synthetic,,SecondChance,GlobalAllocation,960,1,5,0.3417,1.3732,4.018729880011707,156,,,
thrashing,synthetic,,SecondChance,GlobalAllocation,960,1,6,0.2314,0.6857,2.963267070008643,24,,,
thrashing,synthetic,,SecondChance,GlobalAllocation,960,1,7,0.3936,1.6063,4.08104674796748,180,,,
thrashing,synthetic,,SecondChance,GlobalAllocation,960,2,0,0.2828,0.8357,2.955091937765205,96,,,
thrashing,synthetic,,SecondChance,GlobalAllocation,960,2,1,0.2928,1.1014,3.7616120218579234,108,,,
thrashing,synthetic,,SecondChance,GlobalAllocation,960,2,2,0.301,1.1272,3.7448504983388706,120,,,
thrashing,synthetic,,SecondChance,GlobalAllocation,960,2,3,0.3161,1.2877,4.0737108509965205,132,,,
thrashing,synthetic,,SecondChance,GlobalAllocation,960,2,4,0.3333,1.4196,4.259225922592259,144,,,
thrashing,synthetic,,SecondChance,GlobalAllocation,960,2,5,0.3448,1.5376,4.459396751740139,156,,,
thrashing,synthetic,,SecondChance,GlobalAllocation,960,2,6,0.2456,0.6876,2.7996742671009773,24,,,
thrashing,synthetic,,SecondChance,GlobalAllocation,960,2,7,0.3705,1.6734,4.516599190283401,180,,,
thrashing,synthetic,,SecondChance,GlobalAllocation,960,3,0,0.2783,1.0542,3.78799856270212,96,,,
thrashing,synthetic,,SecondChance,GlobalAllocation,960,3,1,0.2913,1.2236,4.200480604188122,108,,,
thrashing,synthetic,,SecondChance,GlobalAllocation,960,3,2,0.3025,1.3454,4.447603305785124,120,,,
thrashing,synthetic,,SecondChance,GlobalAllocation,960,3,3,0.315,1.4341,4.552698412698413,132,,,
thrashing,synthetic,,SecondChance,GlobalAllocation,960,3,4,0.3251,1.4963,4.602583820362965,144,,,
thrashing,synthetic,,SecondChance,GlobalAllocation,960,3,5,0.346,1.545,4.465317919075145,156,,,
thrashing,synthetic,,SecondChance,GlobalAllocation,960,3,6,0.232,0.8843,3.8116379310344826,24,,,
thrashing,synthetic,,SecondChance,GlobalAllocation,960,3,7,0.3656,1.7481,4.781455142231947,180,,,
thrashing,synthetic,,SecondChance,GlobalAllocation,960,4,0,0.2817,0.8277,2.9382321618743346,96,,,
thrashing,synthetic,,SecondChance,GlobalAllocation,960,4,1,0.2904,1.0878,3.7458677685950414,108,,,
thrashing,synthetic,,SecondChance,GlobalAllocation,960,4,2,0.301,1.148,3.813953488372093,120,,,
thrashing,synthetic,,SecondChance,GlobalAllocation,960,4,3,0.3151,1.2506,3.9688987622976835,132,,,
thrashing,synthetic,,SecondChance,GlobalAllocation,960,4,4,0.6342,1.2831,2.0231788079470197,144,,,
thrashing,synthetic,,SecondChance,GlobalAllocation,960,4,5,0.7088,1.4183,2.000987584650113,156,,,
thrashing,synthetic,,SecondChance,GlobalAllocation,960,4,6,0.4489,0.6812,1.517487190911116,24,,,
thrashing,synthetic,,SecondChance,GlobalAllocation,960,4,7,0.758,1.6572,2.186279683377309,180,,,
thrashing,synthetic,,SecondChance,GlobalAllocation,960,5,0,0.283,0.8214,2.9024734982332157,96,,,
thrashing,synthetic,,SecondChance,GlobalAllocation,960,5,1,0.2918,1.0637,3.645305003427005,108,,,
thrashing,synthetic,,SecondChance,GlobalAllocation,960,5,2,0.3056,1.1123,3.6397251308900525,120,,,
thrashing,synthetic,,SecondChance,GlobalAllocation,960,5,3,0.3145,1.2511,3.978060413354531,132,,,
thrashing,synthetic,,SecondChance,GlobalAllocation,960,5,4,0.3206,1.2895,4.022145976294448,144,,,
thrashing,synthetic,,SecondChance,GlobalAllocation,960,5,5,0.3363,1.4304,4.253345227475468,156,,,
thrashing,synthetic,,SecondChance,GlobalAllocation,960,5,6,0.2359,0.685,2.903772785078423,24,,,
thrashing,synthetic,,SecondChance,GlobalAllocation,960,5,7,0.3638,1.6191,4.4505222649807585,180,,,
thrashing,synthetic,,SecondChance,GlobalAllocation,960,6,0,0.2911,0.9013,3.096186877361731,96,,,
thrashing,synthetic,,SecondChance,GlobalAllocation,960,6,1,0.2952,0.9824,3.3279132791327912,108,,,
thrashing,synthetic,,SecondChance,GlobalAllocation,960,6,2,0.3054,1.1669,3.820890635232482,120,,,
thrashing,synthetic,,SecondChance,GlobalAllocation,960,6,3,0.3156,1.2023,3.8095690747782003,132,,,
thrashing,synthetic,,SecondChance,GlobalAllocation,960,6,4,0.3217,1.329,4.131178116257383,144,,,
thrashing,synthetic,,SecondChance,GlobalAllocation,960,6,5,0.3347,1.3896,4.151777711383328,156,,,
thrashing,synthetic,,SecondChance,GlobalAllocation,960,6,6,0.2443,0.6722,2.751534997953336,24,,,
thrashing,synthetic,,SecondChance,GlobalAllocation,960,6,7,0.3811,1.672,4.387299921280504,180,,,
thrashing,synthetic,,SecondChance,GlobalAllocation,960,7,0,0.279,0.8997,3.224731182795699,96,,,
thrashing,synthetic,,SecondChance,GlobalAllocation,960,7,1,0.2972,1.1389,3.832099596231494,108,,,
thrashing,synthetic,,SecondChance,GlobalAllocation,960,7,2,0.2992,1.1256,3.7620320855614975,120,,,
thrashing,synthetic,,SecondChance,GlobalAllocation,960,7,3,0.3164,1.2265,3.8764222503160557,132,,,
thrashing,synthetic,,SecondChance,GlobalAllocation,960,7,4,0.3257,1.3887,4.2637396377034085,144,,,
thrashing,synthetic,,SecondChance,GlobalAllocation,960,7,5,0.3434,1.4768,4.300524170064065,156,,,
thrashing,synthetic,,SecondChance,GlobalAllocation,960,7,6,0.2311,0.7254,3.1389009086975337,24,,,
thrashing,synthetic,,SecondChance,GlobalAllocation,960,7,7,0.3677,1.7552,4.773456622246396,180,,,
thrashing,synthetic,,SecondChance,GlobalAllocation,960,8,0,0.2797,0.8977,3.209510189488738,96,,,
thrashing,synthetic,,SecondChance,GlobalAllocation,960,8,1,0.3168,1.0263,3.2395833333333335,108,,,
thrashing,synthetic,,SecondChance,GlobalAllocation,960,8,2,0.2986,1.0799,3.616543871399866,120,,,
thrashing,synthetic,,SecondChance,GlobalAllocation,960,8,3,0.312,1.2361,3.9618589743589743,132,,,
thrashing,synthetic,,SecondChance,GlobalAllocation,960,8,4,0.3254,1.3461,4.136754763368162,144,,,
thrashing,synthetic,,SecondChance,GlobalAllocation,960,8,5,0.3362,1.4043,4.176977989292088,156,,,
thrashing,synthetic,,SecondChance,GlobalAllocation,960,8,6,0.2323,0.6687,2.878605251829531,24,,,
thrashing,synthetic,,SecondChance,GlobalAllocation,960,8,7,0.3653,1.6374,4.4823432794963045,180,,,
thrashing,synthetic,,SecondChance,GlobalAllocation,960,9,0,0.2859,0.9117,3.1888772298006294,96,,,
thrashing,synthetic,,SecondChance,GlobalAllocation,960,9,1,0.2969,1.0238,3.4482990906028967,108,,,
thrashing,synthetic,,SecondChance,GlobalAllocation,960,9,2,0.3018,1.1607,3.8459244532803183,120,,,
thrashing,synthetic,,SecondChance,GlobalAllocation,960,9,3,0.3122,1.1567,3.704996796925048,132,,,
thrashing,synthetic,,SecondChance,GlobalAllocation,960,9,4,0.3247,1.2789,3.9387126578380043,144,,,
thrashing,synthetic,,SecondChance,GlobalAllocation,960,9,5,0.3395,1.3732,4.044771723122238,156,,,
thrashing,synthetic,,SecondChance,GlobalAllocation,960,9,6,0.2309,0.6902,2.989172802078822,24,,,
thrashing,synthetic,,SecondChance,GlobalAllocation,960,9,7,0.3709,1.6657,4.490967915880291,180,,,
thrashing,synthetic,,SecondChance,LocalAllocation,960,0,0,0.2837,0.4976,1.7539654564681002,96,0,96,0
thrashing,synthetic,,SecondChance,LocalAllocation,960,0,1,0.2971,0.5014,1.687647256815887,108,0,108,0
thrashing,synthetic,,SecondChance,LocalAllocation,960,0,2,0.3081,0.5142,1.6689386562804285,120,0,120,0
thrashing,synthetic,,SecondChance,LocalAllocation,960,0,3,0.3122,2.4391,7.812620115310699,1500,1380,1500,465
thrashing,synthetic,,SecondChance,LocalAllocation,960,0,4,0.3277,2.4461,7.464449191333537,1500,1380,1500,418
thrashing,synthetic,,SecondChance,LocalAllocation,960,0,5,0.3368,2.4437,7.255641330166271,1500,1380,1500,415
thrashing,synthetic,,SecondChance,LocalAllocation,960,0,6,0.235,0.4423,1.882127659574468,24,0,24,0
thrashing,synthetic,,SecondChance,LocalAllocation,960,0,7,0.3636,2.4374,6.703520352035204,1500,1380,1500,424
thrashing,synthetic,,SecondChance,LocalAllocation,960,1,0,0.2858,0.9691,3.3908327501749476,96,0,96,0
thrashing,synthetic,,SecondChance,LocalAllocation,960,1,1,0.2981,0.9719,3.2603153304260317,108,0,108,0
thrashing,synthetic,,SecondChance,LocalAllocation,960,1,2,0.2996,0.9939,3.317423230974633,120,0,120,0
thrashing,synthetic,,SecondChance,LocalAllocation,960,1,3,0.3604,4.5134,12.52330743618202,1500,1380,1500,425
thrashing,synthetic,,SecondChance,LocalAllocation,960,1,4,0.3213,4.4444,13.83255524431995,1500,1380,1500,432
thrashing,synthetic,,SecondChance,LocalAllocation,960,1,5,0.3341,4.6312,13.861718048488477,1500,1380,1500,374
thrashing,synthetic,,SecondChance,LocalAllocation,960,1,6,0.2278,0.8723,3.8292361720807726,24,0,24,0
thrashing,synthetic,,SecondChance,LocalAllocation,960,1,7,0.35,4.6181,13.194571428571429,1500,1380,1500,423
thrashing,synthetic,,SecondChance,LocalAllocation,960,2,0,0.2846,0.5002,1.7575544624033732,96,0,96,0
thrashing,synthetic,,SecondChance,LocalAllocation,960,2,1,0.287,0.504,1.7560975609756098,108,0,108,0
thrashing,synthetic,,SecondChance,LocalAllocation,960,2,2,0.304,0.5175,1.7023026315789473,120,0,120,0
thrashing,synthetic,,SecondChance,LocalAllocation,960,2,3,0.3204,2.4528,7.655430711610487,1500,1380,1500,408
thrashing,synthetic,,SecondChance,LocalAllocation,960,2,4,0.3227,2.4355,7.547257514719554,1500,1380,1500,388
thrashing,synthetic,,SecondChance,LocalAllocation,960,2,5,0.3371,2.4545,7.281222189261347,1500,1380,1500,408
thrashing,synthetic,,SecondChance,LocalAllocation,960,2,6,0.2382,0.4541,1.9063811922753988,24,0,24,0
thrashing,synthetic,,SecondChance,LocalAllocation,960,2,7,0.3685,2.4274,6.587245590230665,1500,1380,1500,400
thrashing,synthetic,,SecondChance,LocalAllocation,960,3,0,0.2812,0.4937,1.7556899004267426,96,0,96,0
thrashing,synthetic,,SecondChance,LocalAllocation,960,3,1,0.305,0.5099,1.6718032786885246,108,0,108,0
thrashing,synthetic,,SecondChance,LocalAllocation,960,3,2,0.3075,0.5142,1.6721951219512194,120,0,120,0
thrashing,synthetic,,SecondChance,LocalAllocation,960,3,3,0.3128,2.4484,7.827365728900256,1500,1380,1500,401
thrashing,synthetic,,SecondChance,LocalAllocation,960,3,4,0.3252,2.4482,7.528290282902829,1500,1380,1500,389
thrashing,synthetic,,SecondChance,LocalAllocation,960,3,5,0.3354,2.4509,7.307394156231365,1500,1380,1500,403
thrashing,synthetic,,SecondChance,LocalAllocation,960,3,6,0.2426,0.4518,1.8623248145094806,24,0,24,0
thrashing,synthetic,,SecondChance,LocalAllocation,960,3,7,0.3744,2.4745,6.609241452991453,1500,1380,1500,417
thrashing,synthetic,,SecondChance,LocalAllocation,960,4,0,0.2865,0.4874,1.7012216404886562,96,0,96,0
thrashing,synthetic,,SecondChance,LocalAllocation,960,4,1,0.2897,0.5021,1.7331722471522264,108,0,108,0
thrashing,synthetic,,SecondChance,LocalAllocation,960,4,2,0.3152,0.5044,1.600253807106599,120,0,120,0
thrashing,synthetic,,SecondChance,LocalAllocation,960,4,3,0.3139,2.4513,7.809174896463842,1500,1380,1500,415
thrashing,synthetic,,SecondChance,LocalAllocation,960,4,4,0.3253,2.5471,7.830003074085459,1500,1380,1500,408
thrashing,synthetic,,SecondChance,LocalAllocation,960,4,5,0.3434,2.4246,7.0605707629586485,1500,1380,1500,393
thrashing,synthetic,,SecondChance,LocalAllocation,960,4,6,0.2378,0.4477,1.8826745164003365,24,0,24,0
thrashing,synthetic,,SecondChance,LocalAllocation,960,4,7,0.3664,2.4239,6.615447598253275,1500,1380,1500,362
thrashing,synthetic,,SecondChance,LocalAllocation,960,5,0,0.2917,0.4857,1.665066849502914,96,0,96,0
thrashing,synthetic,,SecondChance,LocalAllocation,960,5,1,0.2942,0.501,1.7029231815091774,108,0,108,0
thrashing,synthetic,,SecondChance,LocalAllocation,960,5,2,0.3256,0.5169,1.5875307125307125,120,0,120,0
thrashing,synthetic,,SecondChance,LocalAllocation,960,5,3,2.8527,2.4239,0.849686262137624,1500,1380,1500,384
thrashing,synthetic,,SecondChance,LocalAllocation,960,5,4,0.695,2.4157,3.4758273381294966,1500,1380,1500,418
thrashing,synthetic,,SecondChance,LocalAllocation,960,5,5,0.6675,2.4194,3.6245692883895133,1500,1380,1500,388
thrashing,synthetic,,SecondChance,LocalAllocation,960,5,6,0.4709,0.4436,0.9420259078360587,24,0,24,0
thrashing,synthetic,,SecondChance,LocalAllocation,960,5,7,0.7473,2.4251,3.2451492038003478,1500,1380,1500,421
thrashing,synthetic,,SecondChance,LocalAllocation,960,6,0,0.2907,0.5186,1.783969728242174,96,0,96,0
thrashing,synthetic,,SecondChance,LocalAllocation,960,6,1,0.2887,0.5031,1.742639418081053,108,0,108,0
thrashing,synthetic,,SecondChance,LocalAllocation,960,6,2,0.3077,0.5139,1.6701332466688332,120,0,120,0
thrashing,synthetic,,SecondChance,LocalAllocation,960,6,3,0.3168,2.4615,7.769886363636363,1500,1380,1500,410
thrashing,synthetic,,SecondChance,LocalAllocation,960,6,4,0.3503,2.4652,7.037396517270911,1500,1380,1500,390
thrashing,synthetic,,SecondChance,LocalAllocation,960,6,5,0.338,2.449,7.245562130177515,1500,1380,1500,411
thrashing,synthetic,,SecondChance,LocalAllocation,960,6,6,0.2293,0.4587,2.000436109899695,24,0,24,0
thrashing,synthetic,,SecondChance,LocalAllocation,960,6,7,0.3702,2.4582,6.640194489465154,1500,1380,1500,414
thrashing,synthetic,,SecondChance,LocalAllocation,960,7,0,0.2819,0.4982,1.7672933664420007,96,0,96,0
thrashing,synthetic,,SecondChance,LocalAllocation,960,7,1,0.2979,0.5117,1.7176905001678415,108,0,108,0
thrashing,synthetic,,SecondChance,LocalAllocation,960,7,2,0.3123,0.5205,1.6666666666666667,120,0,120,0
thrashing,synthetic,,SecondChance,LocalAllocation,960,7,3,0.317,2.4528,7.737539432176656,1500,1380,1500,399
thrashing,synthetic,,SecondChance,LocalAllocation,960,7,4,0.3282,2.458,7.48933577087142,1500,1380,1500,413
thrashing,synthetic,,SecondChance,LocalAllocation,960,7,5,0.3399,2.4534,7.218005295675199,1500,1380,1500,403
thrashing,synthetic,,SecondChance,LocalAllocation,960,7,6,0.439,0.4529,1.0316628701594532,24,0,24,0
thrashing,synthetic,,SecondChance,LocalAllocation,960,7,7,0.3763,2.4748,6.57666755248472,1500,1380,1500,392
thrashing,synthetic,,SecondChance,LocalAllocation,960,8,0,0.2827,0.4911,1.737177219667492,96,0,96,0
thrashing,synthetic,,SecondChance,LocalAllocation,960,8,1,0.3088,0.4998,1.6185233160621761,108,0,108,0
thrashing,synthetic,,SecondChance,LocalAllocation,960,8,2,0.3123,0.5152,1.6496958053154018,120,0,120,0
thrashing,synthetic,,SecondChance,LocalAllocation,960,8,3,0.3156,2.4271,7.6904309252218,1500,1380,1500,415
thrashing,synthetic,,SecondChance,LocalAllocation,960,8,4,0.3224,2.4213,7.510235732009925,1500,1380,1500,394
thrashing,synthetic,,SecondChance,LocalAllocation,960,8,5,0.3355,2.4318,7.2482861400894185,1500,1380,1500,414
thrashing,synthetic,,SecondChance,LocalAllocation,960,8,6,0.2308,0.4523,1.9597053726169844,24,0,24,0
thrashing,synthetic,,SecondChance,LocalAllocation,960,8,7,0.3651,2.4346,6.668310052040537,1500,1380,1500,420
thrashing,synthetic,,SecondChance,LocalAllocation,960,9,0,0.2924,0.5614,1.9199726402188781,96,0,96,0
thrashing,synthetic,,SecondChance,LocalAllocation,960,9,1,0.294,0.5779,1.9656462585034014,108,0,108,0
thrashing,synthetic,,SecondChance,LocalAllocation,960,9,2,0.3112,0.5873,1.887210796915167,120,0,120,0
thrashing,synthetic,,SecondChance,LocalAllocation,960,9,3,0.3138,2.8587,9.109942638623327,1500,1380,1500,407
thrashing,synthetic,,SecondChance,LocalAllocation,960,9,4,0.3249,2.8162,8.66789781471222,1500,1380,1500,428
thrashing,synthetic,,SecondChance,LocalAllocation,960,9,5,0.3435,2.8016,8.15604075691412,1500,1380,1500,413
thrashing,synthetic,,SecondChance,LocalAllocation,960,9,6,0.2327,0.5245,2.2539750752041257,24,0,24,0
thrashing,synthetic,,SecondChance,LocalAllocation,960,9,7,0.3741,2.8171,7.53033948142208,1500,1380,1500,384
thrashing,synthetic,,SecondChance,ProportionalAllocation,960,0,0,0.2818,0.4547,1.613555713271824,96,0,96,0
thrashing,synthetic,,SecondChance,ProportionalAllocation,960,0,1,0.2899,0.4588,1.582614694722318,108,0,108,0
thrashing,synthetic,,SecondChance,ProportionalAllocation,960,0,2,0.3038,0.4665,1.5355497037524688,120,0,120,0
thrashing,synthetic,,SecondChance,ProportionalAllocation,960,0,3,0.3139,0.4872,1.5520866517999363,132,0,132,0
thrashing,synthetic,,SecondChance,ProportionalAllocation,960,0,4,0.3227,0.4935,1.529284164859002,144,0,144,0
thrashing,synthetic,,SecondChance,ProportionalAllocation,960,0,5,0.3361,0.5059,1.5052067836953287,156,0,156,0
thrashing,synthetic,,SecondChance,ProportionalAllocation,960,0,6,0.2337,0.4265,1.8249893025246042,24,0,24,0
thrashing,synthetic,,SecondChance,ProportionalAllocation,960,0,7,0.3657,0.5421,1.4823625922887613,180,0,180,0
thrashing,synthetic,,SecondChance,ProportionalAllocation,960,1,0,0.2873,0.4651,1.6188652975983293,96,0,96,0
thrashing,synthetic,,SecondChance,ProportionalAllocation,960,1,1,0.2892,0.4699,1.6248271092669433,108,0,108,0
thrashing,synthetic,,SecondChance,ProportionalAllocation,960,1,2,0.3019,0.4798,1.5892679695263332,120,0,120,0
thrashing,synthetic,,SecondChance,ProportionalAllocation,960,1,3,0.3291,0.4892,1.4864782740808264,132,0,132,0
thrashing,synthetic,,SecondChance,ProportionalAllocation,960,1,4,0.328,0.5083,1.5496951219512196,144,0,144,0
thrashing,synthetic,,SecondChance,ProportionalAllocation,960,1,5,0.3376,0.5152,1.5260663507109005,156,0,156,0
thrashing,synthetic,,SecondChance,ProportionalAllocation,960,1,6,0.23,0.4415,1.9195652173913043,24,0,24,0
thrashing,synthetic,,SecondChance,ProportionalAllocation,960,1,7,0.3647,0.5444,1.492733753770222,180,0,180,0
thrashing,synthetic,,SecondChance,ProportionalAllocation,960,2,0,0.284,0.4526,1.593661971830986,96,0,96,0
thrashing,synthetic,,SecondChance,ProportionalAllocation,960,2,1,0.2995,0.4626,1.5445742904841402,108,0,108,0
thrashing,synthetic,,SecondChance,ProportionalAllocation,960,2,2,0.3042,0.4832,1.5884286653517423,120,0,120,0
thrashing,synthetic,,SecondChance,ProportionalAllocation,960,2,3,0.3147,0.4849,1.5408325389259612,132,0,132,0
thrashing,synthetic,,SecondChance,ProportionalAllocation,960,2,4,0.3218,0.4987,1.5497203231821006,144,0,144,0
thrashing,synthetic,,SecondChance,ProportionalAllocation,960,2,5,0.3349,0.5099,1.5225440429979098,156,0,156,0
thrashing,synthetic,,SecondChance,ProportionalAllocation,960,2,6,0.2376,0.4356,1.8333333333333333,24,0,24,0
thrashing,synthetic,,SecondChance,ProportionalAllocation,960,2,7,0.384,0.5408,1.4083333333333334,180,0,180,0
thrashing,synthetic,,SecondChance,ProportionalAllocation,960,3,0,0.2819,0.4475,1.5874423554451933,96,0,96,0
thrashing,synthetic,,SecondChance,ProportionalAllocation,960,3,1,0.2931,0.4628,1.5789832821562606,108,0,108,0
thrashing,synthetic,,SecondChance,ProportionalAllocation,960,3,2,0.3029,0.4751,1.568504456916474,120,0,120,0
thrashing,synthetic,,SecondChance,ProportionalAllocation,960,3,3,0.3109,0.4815,1.548729495014474,132,0,132,0
thrashing,synthetic,,SecondChance,ProportionalAllocation,960,3,4,0.3237,0.4968,1.5347544022242818,144,0,144,0
thrashing,synthetic,,SecondChance,ProportionalAllocation,960,3,5,0.3402,0.5079,1.4929453262786596,156,0,156,0
thrashing,synthetic,,SecondChance,ProportionalAllocation,960,3,6,0.2317,0.436,1.881743634009495,24,0,24,0
thrashing,synthetic,,SecondChance,ProportionalAllocation,960,3,7,0.3634,0.5397,1.485140341221794,180,0,180,0
thrashing,synthetic,,SecondChance,ProportionalAllocation,960,4,0,0.2794,0.4593,1.6438797423049392,96,0,96,0
thrashing,synthetic,,SecondChance,ProportionalAllocation,960,4,1,0.293,0.463,1.5802047781569966,108,0,108,0
thrashing,synthetic,,SecondChance,ProportionalAllocation,960,4,2,0.2987,0.4798,1.6062939404084366,120,0,120,0
thrashing,synthetic,,SecondChance,ProportionalAllocation,960,4,3,0.3123,0.487,1.5593980147294269,132,0,132,0
thrashing,synthetic,,SecondChance,ProportionalAllocation,960,4,4,0.321,0.5079,1.5822429906542057,144,0,144,0
thrashing,synthetic,,SecondChance,ProportionalAllocation,960,4,5,0.3316,0.5232,1.577804583835947,156,0,156,0
thrashing,synthetic,,SecondChance,ProportionalAllocation,960,4,6,0.2415,0.4355,1.803312629399586,24,0,24,0
thrashing,synthetic,,SecondChance,ProportionalAllocation,960,4,7,0.3666,0.5499,1.5,180,0,180,0
thrashing,synthetic,,SecondChance,ProportionalAllocation,960,5,0,0.3033,0.4555,1.5018133860863832,96,0,96,0
thrashing,synthetic,,SecondChance,ProportionalAllocation,960,5,1,0.296,0.4599,1.5537162162162161,108,0,108,0
thrashing,synthetic,,SecondChance,ProportionalAllocation,960,5,2,0.3068,0.4764,1.5528031290743156,120,0,120,0
thrashing,synthetic,,SecondChance,ProportionalAllocation,960,5,3,0.307,0.4854,1.5811074918566774,132,0,132,0
thrashing,synthetic,,SecondChance,ProportionalAllocation,960,5,4,0.3252,0.4924,1.5141451414514144,144,0,144,0
thrashing,synthetic,,SecondChance,ProportionalAllocation,960,5,5,0.3363,0.5102,1.5170978293190605,156,0,156,0
thrashing,synthetic,,SecondChance,ProportionalAllocation,960,5,6,0.2384,0.4324,1.813758389261745,24,0,24,0
thrashing,synthetic,,SecondChance,ProportionalAllocation,960,5,7,0.368,0.5445,1.4796195652173914,180,0,180,0
thrashing,synthetic,,SecondChance,ProportionalAllocation,960,6,0,0.2864,0.4693,1.6386173184357542,96,0,96,0
thrashing,synthetic,,SecondChance,ProportionalAllocation,960,6,1,0.2935,0.4766,1.6238500851788757,108,0,108,0
thrashing,synthetic,,SecondChance,ProportionalAllocation,960,6,2,0.3039,0.4844,1.593945376768674,120,0,120,0
thrashing,synthetic,,SecondChance,ProportionalAllocation,960,6,3,0.311,0.5052,1.6244372990353697,132,0,132,0
thrashing,synthetic,,SecondChance,ProportionalAllocation,960,6,4,0.3207,0.506,1.5777985656376676,144,0,144,0
thrashing,synthetic,,SecondChance,ProportionalAllocation,960,6,5,0.336,0.5206,1.549404761904762,156,0,156,0
thrashing,synthetic,,SecondChance,ProportionalAllocation,960,6,6,0.2356,0.4483,1.9028013582342955,24,0,24,0
thrashing,synthetic,,SecondChance,ProportionalAllocation,960,6,7,0.3679,0.552,1.5004077194889915,180,0,180,0
thrashing,synthetic,,SecondChance,ProportionalAllocation,960,7,0,0.2854,0.4411,1.5455501051156273,96,0,96,0
thrashing,synthetic,,SecondChance,ProportionalAllocation,960,7,1,0.2926,0.4534,1.5495557074504442,108,0,108,0
thrashing,synthetic,,SecondChance,ProportionalAllocation,960,7,2,0.3052,0.4664,1.5281782437745741,120,0,120,0
thrashing,synthetic,,SecondChance,ProportionalAllocation,960,7,3,0.3155,0.4811,1.5248811410459588,132,0,132,0
thrashing,synthetic,,SecondChance,ProportionalAllocation,960,7,4,0.3246,0.4886,1.505237215033888,144,0,144,0
thrashing,synthetic,,SecondChance,ProportionalAllocation,960,7,5,0.3399,0.4983,1.4660194174757282,156,0,156,0
thrashing,synthetic,,SecondChance,ProportionalAllocation,960,7,6,0.2309,0.4185,1.812472932005197,24,0,24,0
thrashing,synthetic,,SecondChance,ProportionalAllocation,960,7,7,0.3685,0.5358,1.4540027137042062,180,0,180,0
thrashing,synthetic,,SecondChance,ProportionalAllocation,960,8,0,0.2796,0.4871,1.742131616595136,96,0,96,0
thrashing,synthetic,,SecondChance,ProportionalAllocation,960,8,1,0.2879,0.4858,1.6873914553664466,108,0,108,0
thrashing,synthetic,,SecondChance,ProportionalAllocation,960,8,2,0.3255,0.5077,1.5597542242703533,120,0,120,0
thrashing,synthetic,,SecondChance,ProportionalAllocation,960,8,3,0.349,0.5053,1.4478510028653295,132,0,132,0
thrashing,synthetic,,SecondChance,ProportionalAllocation,960,8,4,0.3029,0.5214,1.7213601848794982,144,0,144,0
thrashing,synthetic,,SecondChance,ProportionalAllocation,960,8,5,0.3067,0.5694,1.856537332898598,156,0,156,0
thrashing,synthetic,,SecondChance,ProportionalAllocation,960,8,6,0.2146,0.4523,2.107642124883504,24,0,24,0
thrashing,synthetic,,SecondChance,ProportionalAllocation,960,8,7,0.3366,0.5789,1.719845513963161,180,0,180,0
thrashing,synthetic,,SecondChance,ProportionalAllocation,960,9,0,0.2827,0.4426,1.5656172621153166,96,0,96,0
thrashing,synthetic,,SecondChance,ProportionalAllocation,960,9,1,0.2883,0.4536,1.5733610822060353,108,0,108,0
thrashing,synthetic,,SecondChance,ProportionalAllocation,960,9,2,0.3043,0.4632,1.522182057180414,120,0,120,0
thrashing,synthetic,,SecondChance,ProportionalAllocation,960,9,3,0.3299,0.4815,1.4595331918763261,132,0,132,0
thrashing,synthetic,,SecondChance,ProportionalAllocation,960,9,4,0.3212,0.4917,1.5308219178082192,144,0,144,0
thrashing,synthetic,,SecondChance,ProportionalAllocation,960,9,5,0.3393,0.5027,1.4815797229590333,156,0,156,0
thrashing,synthetic,,SecondChance,ProportionalAllocation,960,9,6,0.2343,0.4171,1.7801963294921042,24,0,24,0
thrashing,synthetic,,SecondChance,ProportionalAllocation,960,9,7,0.3753,0.5383,1.4343192112976286,180,0,180,0
thrashing,synthetic,,WSClock,GlobalAllocation,960,0,0,0.2811,0.9004,3.2031305585200998,96,,,
thrashing,synthetic,,WSClock,GlobalAllocation,960,0,1,0.2909,1.1058,3.801306290821588,108,,,
thrashing,synthetic,,WSClock,GlobalAllocation,960,0,2,0.3038,1.2612,4.151415404871626,120,,,
thrashing,synthetic,,WSClock,GlobalAllocation,960,0,3,0.3153,1.2722,4.034887408816999,132,,,
thrashing,synthetic,,WSClock,GlobalAllocation,960,0,4,0.3427,1.3839,4.038225853516195,144,,,
thrashing,synthetic,,WSClock,GlobalAllocation,960,0,5,0.3387,1.4079,4.156775907883082,156,,,
thrashing,synthetic,,WSClock,GlobalAllocation,960,0,6,0.2373,0.6988,2.944795617361989,24,,,
thrashing,synthetic,,WSClock,GlobalAllocation,960,0,7,0.3687,1.637,4.439924057499322,180,,,
thrashing,synthetic,,WSClock,GlobalAllocation,960,1,0,0.2865,0.8519,2.97347294938918,96,,,
thrashing,synthetic,,WSClock,GlobalAllocation,960,1,1,0.2916,1.206,4.135802469135802,108,,,
thrashing,synthetic,,WSClock,GlobalAllocation,960,1,2,0.3261,1.275,3.9098436062557496,120,,,
thrashing,synthetic,,WSClock,GlobalAllocation,960,1,3,0.3112,1.2768,4.102827763496144,132,,,
thrashing,synthetic,,WSClock,GlobalAllocation,960,1,4,0.3276,1.3396,4.089133089133089,144,,,
thrashing,synthetic,,WSClock,GlobalAllocation,960,1,5,0.338,1.3941,4.124556213017751,156,,,
thrashing,synthetic,,WSClock,GlobalAllocation,960,1,6,0.2322,0.6936,2.987080103359173,24,,,
thrashing,synthetic,,WSClock,GlobalAllocation,960,1,7,0.3639,1.6316,4.483649354218191,180,,,
thrashing,synthetic,,WSClock,GlobalAllocation,960,2,0,0.2844,0.8082,2.8417721518987342,96,,,
thrashing,synthetic,,WSClock,GlobalAllocation,960,2,1,0.2915,1.077,3.694682675814751,108,,,
thrashing,synthetic,,WSClock,GlobalAllocation,960,2,2,0.2988,1.1099,3.714524765729585,120,,,
thrashing,synthetic,,WSClock,GlobalAllocation,960,2,3,0.3123,1.2482,3.996797950688441,132,,,
thrashing,synthetic,,WSClock,GlobalAllocation,960,2,4,0.3222,1.3715,4.25667287399131,144,,,
thrashing,synthetic,,WSClock,GlobalAllocation,960,2,5,0.3362,1.5057,4.478584176085663,156,,,
thrashing,synthetic,,WSClock,GlobalAllocation,960,2,6,0.238,0.6855,2.880252100840336,24,,,
thrashing,synthetic,,WSClock,GlobalAllocation,960,2,7,0.3659,1.6026,4.379885214539492,180,,,
thrashing,synthetic,,WSClock,GlobalAllocation,960,3,0,0.2908,0.9067,3.1179504814305363,96,,,
thrashing,synthetic,,WSClock,GlobalAllocation,960,3,1,0.2888,1.0653,3.688711911357341,108,,,
thrashing,synthetic,,WSClock,GlobalAllocation,960,3,2,0.2971,1.1634,3.9158532480646246,120,,,
thrashing,synthetic,,WSClock,GlobalAllocation,960,3,3,0.3106,1.2564,4.04507405022537,132,,,
thrashing,synthetic,,WSClock,GlobalAllocation,960,3,4,0.3218,1.2686,3.942200124300808,144,,,
thrashing,synthetic,,WSClock,GlobalAllocation,960,3,5,0.3348,1.3897,4.150836320191159,156,,,
thrashing,synthetic,,WSClock,GlobalAllocation,960,3,6,0.2329,0.6916,2.96951481322456,24,,,
thrashing,synthetic,,WSClock,GlobalAllocation,960,3,7,0.3701,1.558,4.209673061334774,180,,,
thrashing,synthetic,,WSClock,GlobalAllocation,960,4,0,0.2809,0.8292,2.951940192239231,96,,,
thrashing,synthetic,,WSClock,GlobalAllocation,960,4,1,0.2922,1.0841,3.7101300479123887,108,,,
thrashing,synthetic,,WSClock,GlobalAllocation,960,4,2,0.2988,1.2134,4.06091030789826,120,,,
thrashing,synthetic,,WSClock,GlobalAllocation,960,4,3,0.3104,1.2411,3.998389175257732,132,,,
thrashing,synthetic,,WSClock,GlobalAllocation,960,4,4,0.3306,1.2842,3.884452510586812,144,,,
thrashing,synthetic,,WSClock,GlobalAllocation,960,4,5,0.3382,1.4232,4.20816085156712,156,,,
thrashing,synthetic,,WSClock,GlobalAllocation,960,4,6,0.2335,0.675,2.890792291220557,24,,,
thrashing,synthetic,,WSClock,GlobalAllocation,960,4,7,0.3672,1.6431,4.474673202614379,180,,,
thrashing,synthetic,,WSClock,GlobalAllocation,960,5,0,0.2907,0.828,2.848297213622291,96,,,
thrashing,synthetic,,WSClock,GlobalAllocation,960,5,1,0.2937,1.0793,3.6748382703438884,108,,,
thrashing,synthetic,,WSClock,GlobalAllocation,960,5,2,0.3044,1.1298,3.711563731931669,120,,,
thrashing,synthetic,,WSClock,GlobalAllocation,960,5,3,0.3133,1.2733,4.064155761251197,132,,,
thrashing,synthetic,,WSClock,GlobalAllocation,960,5,4,0.3238,1.3104,4.046942557134034,144,,,
thrashing,synthetic,,WSClock,GlobalAllocation,960,5,5,0.3374,1.4434,4.278008298755187,156,,,
thrashing,synthetic,,WSClock,GlobalAllocation,960,5,6,0.2308,0.6925,3.000433275563258,24,,,
thrashing,synthetic,,WSClock,GlobalAllocation,960,5,7,0.3636,1.6354,4.497799779977997,180,,,
thrashing,synthetic,,WSClock,GlobalAllocation,960,6,0,0.2861,0.9005,3.1475008738203427,96,,,
thrashing,synthetic,,WSClock,GlobalAllocation,960,6,1,0.2958,0.9834,3.3245436105476673,108,,,
thrashing,synthetic,,WSClock,GlobalAllocation,960,6,2,0.3065,1.174,3.830342577487765,120,,,
thrashing,synthetic,,WSClock,GlobalAllocation,960,6,3,0.3115,1.2015,3.857142857142857,132,,,
thrashing,synthetic,,WSClock,GlobalAllocation,960,6,4,0.3267,1.3396,4.100397918579737,144,,,
thrashing,synthetic,,WSClock,GlobalAllocation,960,6,5,0.3358,1.4023,4.175997617629541,156,,,
thrashing,synthetic,,WSClock,GlobalAllocation,960,6,6,0.2305,0.6725,2.9175704989154014,24,,,
thrashing,synthetic,,WSClock,GlobalAllocation,960,6,7,0.3653,1.6868,4.617574596222283,180,,,
thrashing,synthetic,,WSClock,GlobalAllocation,960,7,0,0.2821,0.873,3.0946472881956755,96,,,
thrashing,synthetic,,WSClock,GlobalAllocation,960,7,1,0.2937,1.1019,3.7517875383043924,108,,,
thrashing,synthetic,,WSClock,GlobalAllocation,960,7,2,0.3031,1.0746,3.5453645661497855,120,,,
thrashing,synthetic,,WSClock,GlobalAllocation,960,7,3,0.3156,1.1897,3.7696451204055768,132,,,
thrashing,synthetic,,WSClock,GlobalAllocation,960,7,4,0.3202,1.3464,4.204871955028107,144,,,
thrashing,synthetic,,WSClock,GlobalAllocation,960,7,5,0.3352,1.4323,4.272971360381861,156,,,
thrashing,synthetic,,WSClock,GlobalAllocation,960,7,6,0.3023,0.6895,2.2808468408865368,24,,,
thrashing,synthetic,,WSClock,GlobalAllocation,960,7,7,0.3612,1.645,4.554263565891473,180,,,
thrashing,synthetic,,WSClock,GlobalAllocation,960,8,0,0.3022,0.8998,2.977498345466578,96,,,
thrashing,synthetic,,WSClock,GlobalAllocation,960,8,1,0.319,1.0332,3.238871473354232,108,,,
thrashing,synthetic,,WSClock,GlobalAllocation,960,8,2,0.303,1.0955,3.6155115511551155,120,,,
thrashing,synthetic,,WSClock,GlobalAllocation,960,8,3,0.312,1.2368,3.9641025641025642,132,,,
thrashing,synthetic,,WSClock,GlobalAllocation,960,8,4,0.3216,1.3549,4.212997512437811,144,,,
thrashing,synthetic,,WSClock,GlobalAllocation,960,8,5,0.3401,1.4257,4.192002352249339,156,,,
thrashing,synthetic,,WSClock,GlobalAllocation,960,8,6,0.2637,0.6675,2.5312855517633674,24,,,
thrashing,synthetic,,WSClock,GlobalAllocation,960,8,7,0.3737,1.6576,4.435643564356436,180,,,
thrashing,synthetic,,WSClock,GlobalAllocation,960,9,0,0.2844,0.9094,3.19760900140647,96,,,
thrashing,synthetic,,WSClock,GlobalAllocation,960,9,1,0.2917,1.0243,3.511484401782653,108,,,
thrashing,synthetic,,WSClock,GlobalAllocation,960,9,2,0.3042,1.1608,3.815910585141354,120,,,
thrashing,synthetic,,WSClock,GlobalAllocation,960,9,3,0.4187,1.16,2.770480057320277,132,,,
thrashing,synthetic,,WSClock,GlobalAllocation,960,9,4,0.3418,1.278,3.7390286717378585,144,,,
thrashing,synthetic,,WSClock,GlobalAllocation,960,9,5,0.3349,1.3808,4.123021797551508,156,,,
thrashing,synthetic,,WSClock,GlobalAllocation,960,9,6,0.2319,0.7076,3.051315222078482,24,,,
thrashing,synthetic,,WSClock,GlobalAllocation,960,9,7,0.3682,1.6773,4.555404671374253,180,,,
thrashing,synthetic,,WSClock,LocalAllocation,960,0,0,0.2926,0.4892,1.671907040328093,96,0,96,0
thrashing,synthetic,,WSClock,LocalAllocation,960,0,1,0.2917,0.5004,1.7154610901611245,108,0,108,0
thrashing,synthetic,,WSClock,LocalAllocation,960,0,2,0.3032,0.5082,1.6761213720316623,120,0,120,0
thrashing,synthetic,,WSClock,LocalAllocation,960,0,3,0.3226,11.6339,36.06292622442653,804,684,804,190
thrashing,synthetic,,WSClock,LocalAllocation,960,0,4,0.3215,14.0368,43.660342146189734,1008,888,1008,229
thrashing,synthetic,,WSClock,LocalAllocation,960,0,5,0.3357,16.583,49.398272266904975,1139,1019,1139,268
thrashing,synthetic,,WSClock,LocalAllocation,960,0,6,0.2381,0.4559,1.9147417051658966,24,0,24,0
thrashing,synthetic,,WSClock,LocalAllocation,960,0,7,0.3646,19.1021,52.39193636862315,1243,1123,1243,319
thrashing,synthetic,,WSClock,LocalAllocation,960,1,0,0.2848,0.4846,1.7015449438202248,96,0,96,0
thrashing,synthetic,,WSClock,LocalAllocation,960,1,1,0.2915,0.4809,1.6497427101200686,108,0,108,0
thrashing,synthetic,,WSClock,LocalAllocation,960,1,2,0.3064,0.5043,1.6458877284595301,120,0,120,0
thrashing,synthetic,,WSClock,LocalAllocation,960,1,3,0.3144,10.9835,34.93479643765903,810,690,810,178
thrashing,synthetic,,WSClock,LocalAllocation,960,1,4,0.3382,14.7125,43.50236546422235,1009,889,1009,243
thrashing,synthetic,,WSClock,LocalAllocation,960,1,5,0.3369,15.3231,45.482635796972396,1129,1009,1129,244
thrashing,synthetic,,WSClock,LocalAllocation,960,1,6,0.2461,0.4547,1.847622917513206,24,0,24,0
thrashing,synthetic,,WSClock,LocalAllocation,960,1,7,0.377,19.0264,50.46790450928382,1254,1134,1254,326
thrashing,synthetic,,WSClock,LocalAllocation,960,2,0,0.281,0.4891,1.7405693950177936,96,0,96,0
thrashing,synthetic,,WSClock,LocalAllocation,960,2,1,0.2887,0.4969,1.7211638378940077,108,0,108,0
thrashing,synthetic,,WSClock,LocalAllocation,960,2,2,0.3035,0.5095,1.6787479406919275,120,0,120,0
thrashing,synthetic,,WSClock,LocalAllocation,960,2,3,0.328,9.1077,27.767378048780486,786,666,786,141
thrashing,synthetic,,WSClock,LocalAllocation,960,2,4,0.3339,13.3426,39.95986822401917,1008,888,1008,211
thrashing,synthetic,,WSClock,LocalAllocation,960,2,5,0.3364,17.1952,51.115338882283,1139,1019,1139,280
thrashing,synthetic,,WSClock,LocalAllocation,960,2,6,0.2351,0.4657,1.980859208847299,24,0,24,0
thrashing,synthetic,,WSClock,LocalAllocation,960,2,7,0.3653,18.2476,49.95236791678073,1252,1132,1252,307
thrashing,synthetic,,WSClock,LocalAllocation,960,3,0,0.2828,0.666,2.355021216407355,96,0,96,0
thrashing,synthetic,,WSClock,LocalAllocation,960,3,1,0.2817,0.6828,2.4238551650692224,108,0,108,0
thrashing,synthetic,,WSClock,LocalAllocation,960,3,2,0.2897,0.6921,2.389023127373145,120,0,120,0
thrashing,synthetic,,WSClock,LocalAllocation,960,3,3,0.2958,12.0689,40.80087897227857,814,694,814,151
thrashing,synthetic,,WSClock,LocalAllocation,960,3,4,0.3034,17.0696,56.261041529334214,1006,886,1006,215
thrashing,synthetic,,WSClock,LocalAllocation,960,3,5,0.3581,32.432,90.56688075956437,1150,1030,1150,275
thrashing,synthetic,,WSClock,LocalAllocation,960,3,6,0.234,0.6145,2.626068376068376,24,0,24,0
thrashing,synthetic,,WSClock,LocalAllocation,960,3,7,0.3647,23.7859,65.22045516863176,1240,1120,1240,313
thrashing,synthetic,,WSClock,LocalAllocation,960,4,0,0.2795,0.4792,1.7144901610017889,96,0,96,0
thrashing,synthetic,,WSClock,LocalAllocation,960,4,1,0.2922,0.4923,1.6848049281314168,108,0,108,0
thrashing,synthetic,,WSClock,LocalAllocation,960,4,2,0.2974,0.495,1.664425016812374,120,0,120,0
thrashing,synthetic,,WSClock,LocalAllocation,960,4,3,0.3213,10.2823,32.00217864923747,816,696,816,163
thrashing,synthetic,,WSClock,LocalAllocation,960,4,4,0.3208,13.2381,41.26589775561097,1021,901,1021,215
thrashing,synthetic,,WSClock,LocalAllocation,960,4,5,0.3374,16.0987,47.713989330171906,1132,1012,1132,264
thrashing,synthetic,,WSClock,LocalAllocation,960,4,6,0.2354,0.4489,1.90696686491079,24,0,24,0
thrashing,synthetic,,WSClock,LocalAllocation,960,4,7,0.3668,16.4597,44.87377317339149,1256,1136,1256,271
thrashing,synthetic,,WSClock,LocalAllocation,960,5,0,0.2889,0.4878,1.6884735202492211,96,0,96,0
thrashing,synthetic,,WSClock,LocalAllocation,960,5,1,0.2937,0.4966,1.6908409942117808,108,0,108,0
thrashing,synthetic,,WSClock,LocalAllocation,960,5,2,0.3008,0.5084,1.690159574468085,120,0,120,0
thrashing,synthetic,,WSClock,LocalAllocation,960,5,3,0.312,8.9735,28.76121794871795,788,668,788,141
thrashing,synthetic,,WSClock,LocalAllocation,960,5,4,0.3228,14.692,45.51425030978935,1019,899,1019,243
thrashing,synthetic,,WSClock,LocalAllocation,960,5,5,0.3349,15.8657,47.3744401313825,1128,1008,1128,257
thrashing,synthetic,,WSClock,LocalAllocation,960,5,6,0.231,0.4548,1.9688311688311688,24,0,24,0
thrashing,synthetic,,WSClock,LocalAllocation,960,5,7,0.364,18.4944,50.808791208791206,1248,1128,1248,320
thrashing,synthetic,,WSClock,LocalAllocation,960,6,0,0.2855,0.4816,1.6868651488616462,96,0,96,0
thrashing,synthetic,,WSClock,LocalAllocation,960,6,1,0.2914,0.5101,1.7505147563486616,108,0,108,0
thrashing,synthetic,,WSClock,LocalAllocation,960,6,2,0.3047,0.5054,1.6586806695109944,120,0,120,0
thrashing,synthetic,,WSClock,LocalAllocation,960,6,3,0.3119,10.3162,33.07534466175056,808,688,808,160
thrashing,synthetic,,WSClock,LocalAllocation,960,6,4,0.327,13.4454,41.11743119266055,1017,897,1017,215
thrashing,synthetic,,WSClock,LocalAllocation,960,6,5,0.337,15.416,45.74480712166172,1125,1005,1125,248
thrashing,synthetic,,WSClock,LocalAllocation,960,6,6,0.2345,0.4534,1.9334754797441365,24,0,24,0
thrashing,synthetic,,WSClock,LocalAllocation,960,6,7,0.37,18.202,49.1945945945946,1254,1134,1254,308
thrashing,synthetic,,WSClock,LocalAllocation,960,7,0,0.2814,0.4793,1.703269367448472,96,0,96,0
thrashing,synthetic,,WSClock,LocalAllocation,960,7,1,0.2918,0.4893,1.6768334475668265,108,0,108,0
thrashing,synthetic,,WSClock,LocalAllocation,960,7,2,0.3025,0.5057,1.6717355371900826,120,0,120,0
thrashing,synthetic,,WSClock,LocalAllocation,960,7,3,0.3347,10.0162,29.925903794442785,803,683,803,154
thrashing,synthetic,,WSClock,LocalAllocation,960,7,4,0.3476,13.1471,37.822497123130034,1002,882,1002,210
thrashing,synthetic,,WSClock,LocalAllocation,960,7,5,0.3397,15.6699,46.128642920223726,1141,1021,1141,261
thrashing,synthetic,,WSClock,LocalAllocation,960,7,6,0.2355,0.4562,1.9371549893842888,24,0,24,0
thrashing,synthetic,,WSClock,LocalAllocation,960,7,7,0.3702,17.4724,47.197190707725554,1247,1127,1247,294
thrashing,synthetic,,WSClock,LocalAllocation,960,8,0,0.2769,0.4769,1.7222824124232574,96,0,96,0
thrashing,synthetic,,WSClock,LocalAllocation,960,8,1,0.2923,0.4915,1.6814916182004789,108,0,108,0
thrashing,synthetic,,WSClock,LocalAllocation,960,8,2,0.2993,0.5059,1.6902773137320415,120,0,120,0
thrashing,synthetic,,WSClock,LocalAllocation,960,8,3,0.318,9.6471,30.33679245283019,800,680,800,151
thrashing,synthetic,,WSClock,LocalAllocation,960,8,4,0.3226,13.3921,41.51301921884687,1008,888,1008,217
thrashing,synthetic,,WSClock,LocalAllocation,960,8,5,0.3364,16.6137,49.386741973840664,1138,1018,1138,279
thrashing,synthetic,,WSClock,LocalAllocation,960,8,6,0.2313,0.4521,1.954604409857328,24,0,24,0
thrashing,synthetic,,WSClock,LocalAllocation,960,8,7,0.3689,17.9924,48.773109243697476,1247,1127,1247,308
thrashing,synthetic,,WSClock,LocalAllocation,960,9,0,0.281,0.5254,1.8697508896797153,96,0,96,0
thrashing,synthetic,,WSClock,LocalAllocation,960,9,1,0.292,0.53,1.8150684931506849,108,0,108,0
thrashing,synthetic,,WSClock,LocalAllocation,960,9,2,0.3011,0.5497,1.8256393224842244,120,0,120,0
thrashing,synthetic,,WSClock,LocalAllocation,960,9,3,0.3117,10.6822,34.27077317933911,822,702,822,148
thrashing,synthetic,,WSClock,LocalAllocation,960,9,4,0.3246,16.3433,50.349044978434996,1034,914,1034,245
thrashing,synthetic,,WSClock,LocalAllocation,960,9,5,0.3389,18.3814,54.238418412511066,1143,1023,1143,282
thrashing,synthetic,,WSClock,LocalAllocation,960,9,6,0.236,0.4913,2.0817796610169492,24,0,24,0
thrashing,synthetic,,WSClock,LocalAllocation,960,9,7,0.3667,19.3232,52.6948459230979,1248,1128,1248,284
thrashing,synthetic,,WSClock,ProportionalAllocation,960,0,0,0.2859,0.4553,1.5925148653375305,96,0,96,0
thrashing,synthetic,,WSClock,ProportionalAllocation,960,0,1,0.2958,0.4583,1.5493576741041244,108,0,108,0
thrashing,synthetic,,WSClock,ProportionalAllocation,960,0,2,0.3053,0.4723,1.5470029479200786,120,0,120,0
thrashing,synthetic,,WSClock,ProportionalAllocation,960,0,3,0.3123,0.4869,1.559077809798271,132,0,132,0
thrashing,synthetic,,WSClock,ProportionalAllocation,960,0,4,0.3213,0.4903,1.5259881730469966,144,0,144,0
thrashing,synthetic,,WSClock,ProportionalAllocation,960,0,5,0.3406,0.5088,1.4938344098649443,156,0,156,0
thrashing,synthetic,,WSClock,ProportionalAllocation,960,0,6,0.2344,0.4304,1.8361774744027304,24,0,24,0
thrashing,synthetic,,WSClock,ProportionalAllocation,960,0,7,0.3649,0.5486,1.5034255960537133,180,0,180,0
thrashing,synthetic,,WSClock,ProportionalAllocation,960,1,0,0.2824,0.4562,1.6154390934844192,96,0,96,0
thrashing,synthetic,,WSClock,ProportionalAllocation,960,1,1,0.2878,0.458,1.5913829047949966,108,0,108,0
thrashing,synthetic,,WSClock,ProportionalAllocation,960,1,2,0.2991,0.4747,1.587094617184888,120,0,120,0
thrashing,synthetic,,WSClock,ProportionalAllocation,960,1,3,0.312,0.5326,1.707051282051282,132,0,132,0
thrashing,synthetic,,WSClock,ProportionalAllocation,960,1,4,0.3454,0.5011,1.450781702374059,144,0,144,0
thrashing,synthetic,,WSClock,ProportionalAllocation,960,1,5,0.3433,0.5217,1.5196621031168074,156,0,156,0
thrashing,synthetic,,WSClock,ProportionalAllocation,960,1,6,0.2357,0.4385,1.8604157827747136,24,0,24,0
thrashing,synthetic,,WSClock,ProportionalAllocation,960,1,7,0.364,0.5455,1.4986263736263736,180,0,180,0
thrashing,synthetic,,WSClock,ProportionalAllocation,960,2,0,0.2818,0.4519,1.6036195883605393,96,0,96,0
thrashing,synthetic,,WSClock,ProportionalAllocation,960,2,1,0.291,0.4555,1.5652920962199313,108,0,108,0
thrashing,synthetic,,WSClock,ProportionalAllocation,960,2,2,0.3009,0.4718,1.5679627783316716,120,0,120,0
thrashing,synthetic,,WSClock,ProportionalAllocation,960,2,3,0.3093,0.4816,1.5570643388296153,132,0,132,0
thrashing,synthetic,,WSClock,ProportionalAllocation,960,2,4,0.3191,0.497,1.55750548417424,144,0,144,0
thrashing,synthetic,,WSClock,ProportionalAllocation,960,2,5,0.3382,0.5092,1.5056179775280898,156,0,156,0
thrashing,synthetic,,WSClock,ProportionalAllocation,960,2,6,0.2342,0.4384,1.8719043552519214,24,0,24,0
thrashing,synthetic,,WSClock,ProportionalAllocation,960,2,7,0.3684,0.5408,1.4679695982627579,180,0,180,0
thrashing,synthetic,,WSClock,ProportionalAllocation,960,3,0,0.2973,0.4427,1.4890682811974436,96,0,96,0
thrashing,synthetic,,WSClock,ProportionalAllocation,960,3,1,0.2944,0.4529,1.538383152173913,108,0,108,0
thrashing,synthetic,,WSClock,ProportionalAllocation,960,3,2,0.303,0.4624,1.526072607260726,120,0,120,0
thrashing,synthetic,,WSClock,ProportionalAllocation,960,3,3,0.3181,0.472,1.483810122602955,132,0,132,0
thrashing,synthetic,,WSClock,ProportionalAllocation,960,3,4,0.3283,0.4868,1.4827901309777642,144,0,144,0
thrashing,synthetic,,WSClock,ProportionalAllocation,960,3,5,0.5587,0.4936,0.8834795059960623,156,0,156,0
thrashing,synthetic,,WSClock,ProportionalAllocation,960,3,6,0.2355,0.4204,1.7851380042462845,24,0,24,0
thrashing,synthetic,,WSClock,ProportionalAllocation,960,3,7,0.3794,0.5335,1.4061676331049024,180,0,180,0
thrashing,synthetic,,WSClock,ProportionalAllocation,960,4,0,0.3071,0.4429,1.4422012373819604,96,0,96,0
thrashing,synthetic,,WSClock,ProportionalAllocation,960,4,1,0.3156,0.4539,1.438212927756654,108,0,108,0
thrashing,synthetic,,WSClock,ProportionalAllocation,960,4,2,0.3009,0.4646,1.5440345629777334,120,0,120,0
thrashing,synthetic,,WSClock,ProportionalAllocation,960,4,3,0.3149,0.4749,1.5080978088281993,132,0,132,0
thrashing,synthetic,,WSClock,ProportionalAllocation,960,4,4,0.3249,0.4888,1.5044629116651278,144,0,144,0
thrashing,synthetic,,WSClock,ProportionalAllocation,960,4,5,0.3381,0.51,1.5084294587400178,156,0,156,0
thrashing,synthetic,,WSClock,ProportionalAllocation,960,4,6,0.2347,0.4266,1.8176395398380911,24,0,24,0
thrashing,synthetic,,WSClock,ProportionalAllocation,960,4,7,0.3668,0.5364,1.4623773173391494,180,0,180,0
thrashing,synthetic,,WSClock,ProportionalAllocation,960,5,0,0.2803,0.4529,1.615768819122369,96,0,96,0
thrashing,synthetic,,WSClock,ProportionalAllocation,960,5,1,0.2865,0.4576,1.5972076788830716,108,0,108,0
thrashing,synthetic,,WSClock,ProportionalAllocation,960,5,2,0.3001,0.4703,1.567144285238254,120,0,120,0
thrashing,synthetic,,WSClock,ProportionalAllocation,960,5,3,0.3675,0.478,1.3006802721088435,132,0,132,0
thrashing,synthetic,,WSClock,ProportionalAllocation,960,5,4,0.3241,0.4964,1.5316260413452638,144,0,144,0
thrashing,synthetic,,WSClock,ProportionalAllocation,960,5,5,0.3424,0.5027,1.4681658878504673,156,0,156,0
thrashing,synthetic,,WSClock,ProportionalAllocation,960,5,6,0.2276,0.4312,1.8945518453427066,24,0,24,0
thrashing,synthetic,,WSClock,ProportionalAllocation,960,5,7,0.3759,0.5405,1.4378824155360468,180,0,180,0
thrashing,synthetic,,WSClock,ProportionalAllocation,960,6,0,0.2866,0.4509,1.5732728541521284,96,0,96,0
thrashing,synthetic,,WSClock,ProportionalAllocation,960,6,1,0.2985,0.4618,1.547068676716918,108,0,108,0
thrashing,synthetic,,WSClock,ProportionalAllocation,960,6,2,0.3099,0.4729,1.5259761213294611,120,0,120,0
thrashing,synthetic,,WSClock,ProportionalAllocation,960,6,3,0.3107,0.4863,1.5651754103636948,132,0,132,0
thrashing,synthetic,,WSClock,ProportionalAllocation,960,6,4,0.3244,0.4942,1.5234278668310728,144,0,144,0
thrashing,synthetic,,WSClock,ProportionalAllocation,960,6,5,0.3386,0.5124,1.5132900177200237,156,0,156,0
thrashing,synthetic,,WSClock,ProportionalAllocation,960,6,6,0.2377,0.4373,1.839713925115692,24,0,24,0
thrashing,synthetic,,WSClock,ProportionalAllocation,960,6,7,0.3725,0.5442,1.4609395973154362,180,0,180,0
thrashing,synthetic,,WSClock,ProportionalAllocation,960,7,0,0.2722,0.614,2.2556943423952975,96,0,96,0
thrashing,synthetic,,WSClock,ProportionalAllocation,960,7,1,0.2896,0.6359,2.1957872928176796,108,0,108,0
thrashing,synthetic,,WSClock,ProportionalAllocation,960,7,2,0.2891,0.6822,2.359737115185057,120,0,120,0
thrashing,synthetic,,WSClock,ProportionalAllocation,960,7,3,0.2968,0.7067,2.381064690026954,132,0,132,0
thrashing,synthetic,,WSClock,ProportionalAllocation,960,7,4,0.3083,0.7023,2.277975997405125,144,0,144,0
thrashing,synthetic,,WSClock,ProportionalAllocation,960,7,5,0.3411,0.7372,2.161243037232483,156,0,156,0
thrashing,synthetic,,WSClock,ProportionalAllocation,960,7,6,0.2346,0.5502,2.3452685421994883,24,0,24,0
thrashing,synthetic,,WSClock,ProportionalAllocation,960,7,7,0.3507,0.817,2.3296264613629885,180,0,180,0
thrashing,synthetic,,WSClock,ProportionalAllocation,960,8,0,0.2822,0.4597,1.6289865343727852,96,0,96,0
thrashing,synthetic,,WSClock,ProportionalAllocation,960,8,1,0.2911,0.4736,1.6269323256612849,108,0,108,0
thrashing,synthetic,,WSClock,ProportionalAllocation,960,8,2,0.303,0.4888,1.6132013201320132,120,0,120,0
thrashing,synthetic,,WSClock,ProportionalAllocation,960,8,3,0.3493,0.4955,1.4185513884912682,132,0,132,0
thrashing,synthetic,,WSClock,ProportionalAllocation,960,8,4,0.3344,0.5053,1.5110645933014355,144,0,144,0
thrashing,synthetic,,WSClock,ProportionalAllocation,960,8,5,0.3426,0.525,1.5323992994746058,156,0,156,0
thrashing,synthetic,,WSClock,ProportionalAllocation,960,8,6,0.2305,0.445,1.93058568329718,24,0,24,0
thrashing,synthetic,,WSClock,ProportionalAllocation,960,8,7,0.3693,0.5568,1.5077173030056865,180,0,180,0
thrashing,synthetic,,WSClock,ProportionalAllocation,960,9,0,0.2826,0.4657,1.6479122434536446,96,0,96,0
thrashing,synthetic,,WSClock,ProportionalAllocation,960,9,1,0.315,0.4693,1.4898412698412697,108,0,108,0
thrashing,synthetic,,WSClock,ProportionalAllocation,960,9,2,0.3077,0.4849,1.5758856028599284,120,0,120,0
thrashing,synthetic,,WSClock,ProportionalAllocation,960,9,3,0.3126,0.4932,1.5777351247600768,132,0,132,0
thrashing,synthetic,,WSClock,ProportionalAllocation,960,9,4,0.3537,0.5063,1.4314390726604467,144,0,144,0
thrashing,synthetic,,WSClock,ProportionalAllocation,960,9,5,0.3387,0.5324,1.5718925302627693,156,0,156,0
thrashing,synthetic,,WSClock,ProportionalAllocation,960,9,6,0.2385,0.4467,1.8729559748427673,24,0,24,0
thrashing,synthetic,,WSClock,ProportionalAllocation,960,9,7,0.3667,0.5556,1.5151349877283884,180,0,180,0
thrashing,synthetic,,FIFO,GlobalAllocation,1152,0,0,0.1857,0.4997,2.6908992999461496,96,,,
thrashing,synthetic,,FIFO,GlobalAllocation,1152,0,1,0.1881,0.5761,3.0627325890483785,108,,,
thrashing,synthetic,,FIFO,GlobalAllocation,1152,0,2,0.1903,0.5704,2.9973725696269047,120,,,
thrashing,synthetic,,FIFO,GlobalAllocation,1152,0,3,0.1985,0.5773,2.9083123425692694,132,,,
thrashing,synthetic,,FIFO,GlobalAllocation,1152,0,4,0.1989,0.5922,2.97737556561086,144,,,
thrashing,synthetic,,FIFO,GlobalAllocation,1152,0,5,0.2011,0.5901,2.9343610144206864,156,,,
thrashing,synthetic,,FIFO,GlobalAllocation,1152,0,6,0.2753,0.5265,1.9124591354885578,24,,,
thrashing,synthetic,,FIFO,GlobalAllocation,1152,0,7,0.2117,0.6014,2.8408124704770903,180,,,
thrashing,synthetic,,FIFO,GlobalAllocation,1152,1,0,0.1834,0.7202,3.9269356597600873,96,,,
thrashing,synthetic,,FIFO,GlobalAllocation,1152,1,1,0.1776,0.8096,4.558558558558558,108,,,
thrashing,synthetic,,FIFO,GlobalAllocation,1152,1,2,0.1812,0.8163,4.504966887417218,120,,,
thrashing,synthetic,,FIFO,GlobalAllocation,1152,1,3,0.1856,0.8648,4.6594827586206895,132,,,
thrashing,synthetic,,FIFO,GlobalAllocation,1152,1,4,0.1884,0.8446,4.483014861995754,144,,,
thrashing,synthetic,,FIFO,GlobalAllocation,1152,1,5,0.1958,0.87,4.443309499489275,156,,,
thrashing,synthetic,,FIFO,GlobalAllocation,1152,1,6,0.1534,0.765,4.9869621903520205,24,,,
thrashing,synthetic,,FIFO,GlobalAllocation,1152,1,7,0.2106,0.8925,4.237891737891738,180,,,
thrashing,synthetic,,FIFO,GlobalAllocation,1152,2,0,0.1851,0.4922,2.6591031874662345,96,,,
thrashing,synthetic,,FIFO,GlobalAllocation,1152,2,1,0.1899,0.5577,2.9368088467614535,108,,,
thrashing,synthetic,,FIFO,GlobalAllocation,1152,2,2,0.1906,0.5856,3.0724029380902413,120,,,
thrashing,synthetic,,FIFO,GlobalAllocation,1152,2,3,0.1918,0.5717,2.980709071949948,132,,,
thrashing,synthetic,,FIFO,GlobalAllocation,1152,2,4,0.1965,0.5839,2.9715012722646312,144,,,
thrashing,synthetic,,FIFO,GlobalAllocation,1152,2,5,0.2011,0.5846,2.907011437095972,156,,,
thrashing,synthetic,,FIFO,GlobalAllocation,1152,2,6,0.1652,0.5271,3.190677966101695,24,,,
thrashing,synthetic,,FIFO,GlobalAllocation,1152,2,7,0.2096,0.5943,2.8354007633587788,180,,,
thrashing,synthetic,,FIFO,GlobalAllocation,1152,3,0,0.1854,0.5094,2.7475728155339807,96,,,
thrashing,synthetic,,FIFO,GlobalAllocation,1152,3,1,0.19,0.5847,3.0773684210526318,108,,,
thrashing,synthetic,,FIFO,GlobalAllocation,1152,3,2,0.1885,0.571,3.029177718832891,120,,,
thrashing,synthetic,,FIFO,GlobalAllocation,1152,3,3,0.1923,0.5763,2.996879875195008,132,,,
thrashing,synthetic,,FIFO,GlobalAllocation,1152,3,4,0.1961,0.5743,2.928607853136155,144,,,
thrashing,synthetic,,FIFO,GlobalAllocation,1152,3,5,0.2021,0.5885,2.911924789708065,156,,,
thrashing,synthetic,,FIFO,GlobalAllocation,1152,3,6,0.1622,0.5374,3.313193588162762,24,,,
thrashing,synthetic,,FIFO,GlobalAllocation,1152,3,7,0.211,0.5999,2.8431279620853083,180,,,
thrashing,synthetic,,FIFO,GlobalAllocation,1152,4,0,0.1862,0.4959,2.663265306122449,96,,,
thrashing,synthetic,,FIFO,GlobalAllocation,1152,4,1,0.1885,0.5774,3.063129973474801,108,,,
thrashing,synthetic,,FIFO,GlobalAllocation,1152,4,2,0.1932,0.5724,2.9627329192546585,120,,,
thrashing,synthetic,,FIFO,GlobalAllocation,1152,4,3,0.1972,0.5887,2.985294117647059,132,,,
thrashing,synthetic,,FIFO,GlobalAllocation,1152,4,4,0.1991,0.5814,2.920140632847815,144,,,
thrashing,synthetic,,FIFO,GlobalAllocation,1152,4,5,0.2006,0.5839,2.9107676969092724,156,,,
thrashing,synthetic,,FIFO,GlobalAllocation,1152,4,6,0.1628,0.5279,3.2426289926289926,24,,,
thrashing,synthetic,,FIFO,GlobalAllocation,1152,4,7,0.2073,0.5978,2.88374336710082,180,,,
thrashing,synthetic,,FIFO,GlobalAllocation,1152,5,0,0.1656,0.4597,2.7759661835748792,96,,,
thrashing,synthetic,,FIFO,GlobalAllocation,1152,5,1,0.1703,0.519,3.047563123899002,108,,,
thrashing,synthetic,,FIFO,GlobalAllocation,1152,5,2,0.1746,0.5487,3.142611683848797,120,,,
thrashing,synthetic,,FIFO,GlobalAllocation,1152,5,3,0.1757,0.5442,3.097324985771201,132,,,
thrashing,synthetic,,FIFO,GlobalAllocation,1152,5,4,0.1818,0.5485,3.017051705170517,144,,,
thrashing,synthetic,,FIFO,GlobalAllocation,1152,5,5,0.1841,0.5394,2.9299293862031504,156,,,
thrashing,synthetic,,FIFO,GlobalAllocation,1152,5,6,0.1461,0.4974,3.404517453798768,24,,,
thrashing,synthetic,,FIFO,GlobalAllocation,1152,5,7,0.1941,0.5466,2.8160741885625966,180,,,
thrashing,synthetic,,FIFO,GlobalAllocation,1152,6,0,0.1677,0.7403,4.4144305307096,96,,,
thrashing,synthetic,,FIFO,GlobalAllocation,1152,6,1,0.171,0.8007,4.682456140350877,108,,,
thrashing,synthetic,,FIFO,GlobalAllocation,1152,6,2,0.173,0.822,4.7514450867052025,120,,,
thrashing,synthetic,,FIFO,GlobalAllocation,1152,6,3,0.1781,0.826,4.637843907916901,132,,,
thrashing,synthetic,,FIFO,GlobalAllocation,1152,6,4,0.1872,0.8202,4.381410256410256,144,,,
thrashing,synthetic,,FIFO,GlobalAllocation,1152,6,5,0.2018,0.8422,4.173439048562933,156,,,
thrashing,synthetic,,FIFO,GlobalAllocation,1152,6,6,0.1505,0.7771,5.163455149501661,24,,,
thrashing,synthetic,,FIFO,GlobalAllocation,1152,6,7,0.1919,0.8668,4.516935904116727,180,,,
thrashing,synthetic,,FIFO,GlobalAllocation,1152,7,0,0.1855,0.5083,2.7401617250673853,96,,,
thrashing,synthetic,,FIFO,GlobalAllocation,1152,7,1,0.1868,0.5676,3.038543897216274,108,,,
thrashing,synthetic,,FIFO,GlobalAllocation,1152,7,2,0.1939,0.5797,2.98968540484786,120,,,
thrashing,synthetic,,FIFO,GlobalAllocation,1152,7,3,0.199,0.5757,2.892964824120603,132,,,
thrashing,synthetic,,FIFO,GlobalAllocation,1152,7,4,0.2034,0.5916,2.9085545722713864,144,,,
thrashing,synthetic,,FIFO,GlobalAllocation,1152,7,5,0.2007,0.6038,3.0084703537618336,156,,,
thrashing,synthetic,,FIFO,GlobalAllocation,1152,7,6,0.1617,0.5386,3.3308596165739024,24,,,
thrashing,synthetic,,FIFO,GlobalAllocation,1152,7,7,0.2111,0.5952,2.819516816674562,180,,,
thrashing,synthetic,,FIFO,GlobalAllocation,1152,8,0,0.1849,0.5175,2.7988101676581936,96,,,
thrashing,synthetic,,FIFO,GlobalAllocation,1152,8,1,0.1887,0.59,3.1266560678325384,108,,,
thrashing,synthetic,,FIFO,GlobalAllocation,1152,8,2,0.1899,0.608,3.2016850974196944,120,,,
thrashing,synthetic,,FIFO,GlobalAllocation,1152,8,3,0.1958,0.6006,3.067415730337079,132,,,
thrashing,synthetic,,FIFO,GlobalAllocation,1152,8,4,0.1944,0.6072,3.123456790123457,144,,,
thrashing,synthetic,,FIFO,GlobalAllocation,1152,8,5,0.2008,0.6175,3.075199203187251,156,,,
thrashing,synthetic,,FIFO,GlobalAllocation,1152,8,6,0.1576,0.5394,3.4225888324873095,24,,,
thrashing,synthetic,,FIFO,GlobalAllocation,1152,8,7,0.2087,0.6169,2.9559175850503117,180,,,
thrashing,synthetic,,FIFO,GlobalAllocation,1152,9,0,0.1851,0.5393,2.9135602377093464,96,,,
thrashing,synthetic,,FIFO,GlobalAllocation,1152,9,1,0.1909,0.5984,3.13462545835516,108,,,
thrashing,synthetic,,FIFO,GlobalAllocation,1152,9,2,0.1935,0.5976,3.088372093023256,120,,,
thrashing,synthetic,,FIFO,GlobalAllocation,1152,9,3,0.1928,0.6016,3.120331950207469,132,,,
thrashing,synthetic,,FIFO,GlobalAllocation,1152,9,4,0.2015,0.5973,2.9642679900744415,144,,,
thrashing,synthetic,,FIFO,GlobalAllocation,1152,9,5,0.2023,0.6147,3.0385565991102323,156,,,
thrashing,synthetic,,FIFO,GlobalAllocation,1152,9,6,0.1616,0.5498,3.402227722772277,24,,,
thrashing,synthetic,,FIFO,GlobalAllocation,1152,9,7,0.2086,0.6182,2.963566634707574,180,,,
thrashing,synthetic,,FIFO,LocalAllocation,1152,0,0,0.1862,0.3522,1.8915145005370568,96,0,96,0
thrashing,synthetic,,FIFO,LocalAllocation,1152,0,1,0.1909,0.357,1.8700890518596123,108,0,108,0
thrashing,synthetic,,FIFO,LocalAllocation,1152,0,2,0.1919,0.3552,1.8509640437727983,120,0,120,0
thrashing,synthetic,,FIFO,LocalAllocation,1152,0,3,0.1985,0.3659,1.8433249370277078,132,0,132,0
thrashing,synthetic,,FIFO,LocalAllocation,1152,0,4,0.1953,0.3618,1.8525345622119815,144,0,144,0
thrashing,synthetic,,FIFO,LocalAllocation,1152,0,5,0.2012,1.1612,5.7713717693836974,1500,1356,1500,409
thrashing,synthetic,,FIFO,LocalAllocation,1152,0,6,0.1581,0.3458,2.187223276407337,24,0,24,0
thrashing,synthetic,,FIFO,LocalAllocation,1152,0,7,0.2112,1.1562,5.474431818181818,1500,1356,1500,419
thrashing,synthetic,,FIFO,LocalAllocation,1152,1,0,0.1859,0.3493,1.8789671866594944,96,0,96,0
thrashing,synthetic,,FIFO,LocalAllocation,1152,1,1,0.1827,0.3452,1.8894362342638205,108,0,108,0
thrashing,synthetic,,FIFO,LocalAllocation,1152,1,2,0.1944,0.3516,1.808641975308642,120,0,120,0
thrashing,synthetic,,FIFO,LocalAllocation,1152,1,3,0.1944,0.3654,1.8796296296296295,132,0,132,0
thrashing,synthetic,,FIFO,LocalAllocation,1152,1,4,0.1983,0.3634,1.832576903681291,144,0,144,0
thrashing,synthetic,,FIFO,LocalAllocation,1152,1,5,0.1986,1.1539,5.810171198388721,1500,1356,1500,367
thrashing,synthetic,,FIFO,LocalAllocation,1152,1,6,0.1596,0.347,2.174185463659148,24,0,24,0
thrashing,synthetic,,FIFO,LocalAllocation,1152,1,7,0.2096,1.1457,5.466125954198473,1500,1356,1500,416
thrashing,synthetic,,FIFO,LocalAllocation,1152,2,0,0.2045,0.3567,1.7442542787286064,96,0,96,0
thrashing,synthetic,,FIFO,LocalAllocation,1152,2,1,0.1863,0.357,1.9162640901771337,108,0,108,0
thrashing,synthetic,,FIFO,LocalAllocation,1152,2,2,0.1895,0.3632,1.9166226912928759,120,0,120,0
thrashing,synthetic,,FIFO,LocalAllocation,1152,2,3,0.1934,0.3656,1.890382626680455,132,0,132,0
thrashing,synthetic,,FIFO,LocalAllocation,1152,2,4,0.1958,0.3661,1.86976506639428,144,0,144,0
thrashing,synthetic,,FIFO,LocalAllocation,1152,2,5,0.3147,1.1512,3.6580870670479824,1500,1356,1500,400
thrashing,synthetic,,FIFO,LocalAllocation,1152,2,6,0.1627,0.3545,2.1788567916410573,24,0,24,0
thrashing,synthetic,,FIFO,LocalAllocation,1152,2,7,0.21,1.1483,5.468095238095238,1500,1356,1500,390
thrashing,synthetic,,FIFO,LocalAllocation,1152,3,0,0.1835,0.3514,1.9149863760217984,96,0,96,0
thrashing,synthetic,,FIFO,LocalAllocation,1152,3,1,0.1882,0.3689,1.9601487778958555,108,0,108,0
thrashing,synthetic,,FIFO,LocalAllocation,1152,3,2,0.1928,0.3596,1.8651452282157677,120,0,120,0
thrashing,synthetic,,FIFO,LocalAllocation,1152,3,3,0.1944,0.3633,1.8688271604938271,132,0,132,0
thrashing,synthetic,,FIFO,LocalAllocation,1152,3,4,0.1944,0.3669,1.8873456790123457,144,0,144,0
thrashing,synthetic,,FIFO,LocalAllocation,1152,3,5,0.201,1.1557,5.749751243781095,1500,1356,1500,401
thrashing,synthetic,,FIFO,LocalAllocation,1152,3,6,0.1653,0.348,2.1052631578947367,24,0,24,0
thrashing,synthetic,,FIFO,LocalAllocation,1152,3,7,0.2215,1.1617,5.244695259593679,1500,1356,1500,410
thrashing,synthetic,,FIFO,LocalAllocation,1152,4,0,0.1821,0.3442,1.8901702361339923,96,0,96,0
thrashing,synthetic,,FIFO,LocalAllocation,1152,4,1,0.1872,0.352,1.8803418803418803,108,0,108,0
thrashing,synthetic,,FIFO,LocalAllocation,1152,4,2,0.1909,0.3538,1.853326348873756,120,0,120,0
thrashing,synthetic,,FIFO,LocalAllocation,1152,4,3,0.226,0.359,1.5884955752212389,132,0,132,0
thrashing,synthetic,,FIFO,LocalAllocation,1152,4,4,0.1962,0.3648,1.8593272171253823,144,0,144,0
thrashing,synthetic,,FIFO,LocalAllocation,1152,4,5,0.1997,1.1626,5.821732598898348,1500,1356,1500,384
thrashing,synthetic,,FIFO,LocalAllocation,1152,4,6,0.1644,0.3469,2.1100973236009732,24,0,24,0
thrashing,synthetic,,FIFO,LocalAllocation,1152,4,7,0.2076,1.1616,5.595375722543353,1500,1356,1500,360
thrashing,synthetic,,FIFO,LocalAllocation,1152,5,0,0.1855,0.3457,1.863611859838275,96,0,96,0
thrashing,synthetic,,FIFO,LocalAllocation,1152,5,1,0.1875,0.3495,1.864,108,0,108,0
thrashing,synthetic,,FIFO,LocalAllocation,1152,5,2,0.1987,0.355,1.7866129843985907,120,0,120,0
thrashing,synthetic,,FIFO,LocalAllocation,1152,5,3,0.1979,0.3557,1.7973724103082365,132,0,132,0
thrashing,synthetic,,FIFO,LocalAllocation,1152,5,4,0.2011,0.3613,1.7966185977125808,144,0,144,0
thrashing,synthetic,,FIFO,LocalAllocation,1152,5,5,0.1968,1.1567,5.877540650406504,1500,1356,1500,380
thrashing,synthetic,,FIFO,LocalAllocation,1152,5,6,0.1583,0.3467,2.1901452937460517,24,0,24,0
thrashing,synthetic,,FIFO,LocalAllocation,1152,5,7,0.2074,1.1585,5.585824493731919,1500,1356,1500,413
thrashing,synthetic,,FIFO,LocalAllocation,1152,6,0,0.1854,0.3506,1.8910463861920173,96,0,96,0
thrashing,synthetic,,FIFO,LocalAllocation,1152,6,1,0.1875,0.3489,1.8608,108,0,108,0
thrashing,synthetic,,FIFO,LocalAllocation,1152,6,2,0.1925,0.3576,1.8576623376623376,120,0,120,0
thrashing,synthetic,,FIFO,LocalAllocation,1152,6,3,0.1975,0.3556,1.800506329113924,132,0,132,0
thrashing,synthetic,,FIFO,LocalAllocation,1152,6,4,0.1948,0.3647,1.87217659137577,144,0,144,0
thrashing,synthetic,,FIFO,LocalAllocation,1152,6,5,0.2007,1.1598,5.778774289985052,1500,1356,1500,406
thrashing,synthetic,,FIFO,LocalAllocation,1152,6,6,0.1666,0.3445,2.067827130852341,24,0,24,0
thrashing,synthetic,,FIFO,LocalAllocation,1152,6,7,0.212,1.1532,5.439622641509434,1500,1356,1500,407
thrashing,synthetic,,FIFO,LocalAllocation,1152,7,0,0.1835,0.5033,2.7427792915531337,96,0,96,0
thrashing,synthetic,,FIFO,LocalAllocation,1152,7,1,0.188,0.4883,2.597340425531915,108,0,108,0
thrashing,synthetic,,FIFO,LocalAllocation,1152,7,2,0.193,0.4911,2.544559585492228,120,0,120,0
thrashing,synthetic,,FIFO,LocalAllocation,1152,7,3,0.1926,0.4954,2.572170301142264,132,0,132,0
thrashing,synthetic,,FIFO,LocalAllocation,1152,7,4,0.1959,0.5008,2.556406329760082,144,0,144,0
thrashing,synthetic,,FIFO,LocalAllocation,1152,7,5,0.202,1.5662,7.753465346534654,1500,1356,1500,395
thrashing,synthetic,,FIFO,LocalAllocation,1152,7,6,0.1591,0.4791,3.011313639220616,24,0,24,0
thrashing,synthetic,,FIFO,LocalAllocation,1152,7,7,0.2121,1.5885,7.489391796322489,1500,1356,1500,384
thrashing,synthetic,,FIFO,LocalAllocation,1152,8,0,0.1828,0.346,1.8927789934354486,96,0,96,0
thrashing,synthetic,,FIFO,LocalAllocation,1152,8,1,0.1863,0.3497,1.8770799785292538,108,0,108,0
thrashing,synthetic,,FIFO,LocalAllocation,1152,8,2,0.1943,0.354,1.8219248584662893,120,0,120,0
thrashing,synthetic,,FIFO,LocalAllocation,1152,8,3,0.1955,0.3604,1.8434782608695652,132,0,132,0
thrashing,synthetic,,FIFO,LocalAllocation,1152,8,4,0.1938,0.3597,1.8560371517027863,144,0,144,0
thrashing,synthetic,,FIFO,LocalAllocation,1152,8,5,0.2001,1.1591,5.792603698150924,1500,1356,1500,403
thrashing,synthetic,,FIFO,LocalAllocation,1152,8,6,0.1595,0.3446,2.160501567398119,24,0,24,0
thrashing,synthetic,,FIFO,LocalAllocation,1152,8,7,0.2095,1.1573,5.524105011933174,1500,1356,1500,412
thrashing,synthetic,,FIFO,LocalAllocation,1152,9,0,0.3667,0.6796,1.8532860649031906,96,0,96,0
thrashing,synthetic,,FIFO,LocalAllocation,1152,9,1,0.3793,0.6834,1.8017400474558396,108,0,108,0
thrashing,synthetic,,FIFO,LocalAllocation,1152,9,2,0.3804,0.6891,1.8115141955835963,120,0,120,0
thrashing,synthetic,,FIFO,LocalAllocation,1152,9,3,0.3922,0.6951,1.7723100458949514,132,0,132,0
thrashing,synthetic,,FIFO,LocalAllocation,1152,9,4,0.3944,0.7043,1.7857505070993915,144,0,144,0
thrashing,synthetic,,FIFO,LocalAllocation,1152,9,5,0.3891,2.1306,5.475713184271395,1500,1356,1500,405
thrashing,synthetic,,FIFO,LocalAllocation,1152,9,6,0.352,0.6797,1.930965909090909,24,0,24,0
thrashing,synthetic,,FIFO,LocalAllocation,1152,9,7,0.2254,2.1551,9.561224489795919,1500,1356,1500,376
thrashing,synthetic,,FIFO,ProportionalAllocation,1152,0,0,0.1857,0.3483,1.875605815831987,96,0,96,0
thrashing,synthetic,,FIFO,ProportionalAllocation,1152,0,1,0.197,0.356,1.8071065989847717,108,0,108,0
thrashing,synthetic,,FIFO,ProportionalAllocation,1152,0,2,0.187,0.3526,1.8855614973262032,120,0,120,0
thrashing,synthetic,,FIFO,ProportionalAllocation,1152,0,3,0.2004,0.3628,1.8103792415169662,132,0,132,0
thrashing,synthetic,,FIFO,ProportionalAllocation,1152,0,4,0.2015,0.375,1.8610421836228288,144,0,144,0
thrashing,synthetic,,FIFO,ProportionalAllocation,1152,0,5,0.2005,0.3652,1.8214463840399002,156,0,156,0
thrashing,synthetic,,FIFO,ProportionalAllocation,1152,0,6,0.1589,0.3388,2.13215859030837,24,0,24,0
thrashing,synthetic,,FIFO,ProportionalAllocation,1152,0,7,0.2115,0.3816,1.804255319148936,180,0,180,0
thrashing,synthetic,,FIFO,ProportionalAllocation,1152,1,0,0.3244,0.4438,1.3680641183723798,96,0,96,0
thrashing,synthetic,,FIFO,ProportionalAllocation,1152,1,1,0.1916,0.6001,3.132045929018789,108,0,108,0
thrashing,synthetic,,FIFO,ProportionalAllocation,1152,1,2,0.1912,0.4526,2.3671548117154813,120,0,120,0
thrashing,synthetic,,FIFO,ProportionalAllocation,1152,1,3,0.1953,0.4336,2.2201740911418333,132,0,132,0
thrashing,synthetic,,FIFO,ProportionalAllocation,1152,1,4,0.1993,0.4476,2.2458605117912693,144,0,144,0
thrashing,synthetic,,FIFO,ProportionalAllocation,1152,1,5,0.2017,0.4277,2.1204759543877043,156,0,156,0
thrashing,synthetic,,FIFO,ProportionalAllocation,1152,1,6,0.1599,0.4042,2.527829893683552,24,0,24,0
thrashing,synthetic,,FIFO,ProportionalAllocation,1152,1,7,0.2093,0.4411,2.107501194457716,180,0,180,0
thrashing,synthetic,,FIFO,ProportionalAllocation,1152,2,0,0.186,0.3417,1.8370967741935484,96,0,96,0
thrashing,synthetic,,FIFO,ProportionalAllocation,1152,2,1,0.1879,0.3418,1.8190526875997872,108,0,108,0
thrashing,synthetic,,FIFO,ProportionalAllocation,1152,2,2,0.1887,0.3511,1.8606253312135665,120,0,120,0
thrashing,synthetic,,FIFO,ProportionalAllocation,1152,2,3,0.1936,0.3522,1.8192148760330578,132,0,132,0
thrashing,synthetic,,FIFO,ProportionalAllocation,1152,2,4,0.1966,0.358,1.8209562563580874,144,0,144,0
thrashing,synthetic,,FIFO,ProportionalAllocation,1152,2,5,0.2028,0.3599,1.77465483234714,156,0,156,0
thrashing,synthetic,,FIFO,ProportionalAllocation,1152,2,6,0.1648,0.3402,2.0643203883495147,24,0,24,0
thrashing,synthetic,,FIFO,ProportionalAllocation,1152,2,7,0.2119,0.3671,1.732420953279849,180,0,180,0
thrashing,synthetic,,FIFO,ProportionalAllocation,1152,3,0,0.1855,0.3422,1.844743935309973,96,0,96,0
thrashing,synthetic,,FIFO,ProportionalAllocation,1152,3,1,0.1885,0.3487,1.849867374005305,108,0,108,0
thrashing,synthetic,,FIFO,ProportionalAllocation,1152,3,2,0.1945,0.3491,1.7948586118251928,120,0,120,0
thrashing,synthetic,,FIFO,ProportionalAllocation,1152,3,3,0.1952,0.3488,1.7868852459016393,132,0,132,0
thrashing,synthetic,,FIFO,ProportionalAllocation,1152,3,4,0.1995,0.3572,1.7904761904761906,144,0,144,0
thrashing,synthetic,,FIFO,ProportionalAllocation,1152,3,5,0.2038,0.3622,1.777232580961727,156,0,156,0
thrashing,synthetic,,FIFO,ProportionalAllocation,1152,3,6,0.1647,0.3347,2.032179720704311,24,0,24,0
thrashing,synthetic,,FIFO,ProportionalAllocation,1152,3,7,0.2099,0.372,1.7722725107193902,180,0,180,0
thrashing,synthetic,,FIFO,ProportionalAllocation,1152,4,0,0.1801,0.3412,1.8945030538589673,96,0,96,0
thrashing,synthetic,,FIFO,ProportionalAllocation,1152,4,1,0.1855,0.3461,1.8657681940700808,108,0,108,0
thrashing,synthetic,,FIFO,ProportionalAllocation,1152,4,2,0.1923,0.3474,1.8065522620904837,120,0,120,0
thrashing,synthetic,,FIFO,ProportionalAllocation,1152,4,3,0.1991,0.3533,1.7744851833249624,132,0,132,0
thrashing,synthetic,,FIFO,ProportionalAllocation,1152,4,4,0.1945,0.3582,1.8416452442159383,144,0,144,0
thrashing,synthetic,,FIFO,ProportionalAllocation,1152,4,5,0.2028,0.3637,1.7933925049309665,156,0,156,0
thrashing,synthetic,,FIFO,ProportionalAllocation,1152,4,6,0.1635,0.3417,2.089908256880734,24,0,24,0
thrashing,synthetic,,FIFO,ProportionalAllocation,1152,4,7,0.2091,0.3692,1.765662362505978,180,0,180,0
thrashing,synthetic,,FIFO,ProportionalAllocation,1152,5,0,0.1845,0.3383,1.8336043360433605,96,0,96,0
thrashing,synthetic,,FIFO,ProportionalAllocation,1152,5,1,0.2013,0.3426,1.7019374068554396,108,0,108,0
thrashing,synthetic,,FIFO,ProportionalAllocation,1152,5,2,0.1925,0.3502,1.8192207792207793,120,0,120,0
thrashing,synthetic,,FIFO,ProportionalAllocation,1152,5,3,0.1904,0.3455,1.8146008403361344,132,0,132,0
thrashing,synthetic,,FIFO,ProportionalAllocation,1152,5,4,0.1979,0.3522,1.7796867104598282,144,0,144,0
thrashing,synthetic,,FIFO,ProportionalAllocation,1152,5,5,0.2013,0.3551,1.764033780427223,156,0,156,0
thrashing,synthetic,,FIFO,ProportionalAllocation,1152,5,6,0.1608,0.3304,2.054726368159204,24,0,24,0
thrashing,synthetic,,FIFO,ProportionalAllocation,1152,5,7,0.2124,0.3676,1.7306967984934087,180,0,180,0
thrashing,synthetic,,FIFO,ProportionalAllocation,1152,6,0,0.1858,0.3381,1.8196986006458558,96,0,96,0
thrashing,synthetic,,FIFO,ProportionalAllocation,1152,6,1,0.1873,0.3419,1.825413774693006,108,0,108,0
thrashing,synthetic,,FIFO,ProportionalAllocation,1152,6,2,0.1929,0.345,1.7884914463452566,120,0,120,0
thrashing,synthetic,,FIFO,ProportionalAllocation,1152,6,3,0.1913,0.3434,1.7950862519602717,132,0,132,0
thrashing,synthetic,,FIFO,ProportionalAllocation,1152,6,4,0.1952,0.3525,1.8058401639344261,144,0,144,0
thrashing,synthetic,,FIFO,ProportionalAllocation,1152,6,5,0.2033,0.385,1.8937530742744713,156,0,156,0
thrashing,synthetic,,FIFO,ProportionalAllocation,1152,6,6,0.1678,0.337,2.00834326579261,24,0,24,0
thrashing,synthetic,,FIFO,ProportionalAllocation,1152,6,7,0.2147,0.3632,1.6916627852817885,180,0,180,0
thrashing,synthetic,,FIFO,ProportionalAllocation,1152,7,0,0.3476,0.5713,1.6435558112773303,96,0,96,0
thrashing,synthetic,,FIFO,ProportionalAllocation,1152,7,1,0.3837,0.5844,1.5230648944487881,108,0,108,0
thrashing,synthetic,,FIFO,ProportionalAllocation,1152,7,2,0.3952,0.5752,1.4554655870445343,120,0,120,0
thrashing,synthetic,,FIFO,ProportionalAllocation,1152,7,3,0.382,0.5819,1.5232984293193716,132,0,132,0
thrashing,synthetic,,FIFO,ProportionalAllocation,1152,7,4,0.4051,0.5857,1.4458158479387806,144,0,144,0
thrashing,synthetic,,FIFO,ProportionalAllocation,1152,7,5,0.3778,0.5874,1.5547908946532556,156,0,156,0
thrashing,synthetic,,FIFO,ProportionalAllocation,1152,7,6,0.3271,0.5732,1.752369306022623,24,0,24,0
thrashing,synthetic,,FIFO,ProportionalAllocation,1152,7,7,0.4288,0.5955,1.388759328358209,180,0,180,0
thrashing,synthetic,,FIFO,ProportionalAllocation,1152,8,0,0.1757,0.3856,2.1946499715424017,96,0,96,0
thrashing,synthetic,,FIFO,ProportionalAllocation,1152,8,1,0.1773,0.3815,2.151720248166949,108,0,108,0
thrashing,synthetic,,FIFO,ProportionalAllocation,1152,8,2,0.1912,0.3841,2.0088912133891212,120,0,120,0
thrashing,synthetic,,FIFO,ProportionalAllocation,1152,8,3,0.1939,0.3993,2.0593089221248064,132,0,132,0
thrashing,synthetic,,FIFO,ProportionalAllocation,1152,8,4,0.1965,0.4036,2.053944020356234,144,0,144,0
thrashing,synthetic,,FIFO,ProportionalAllocation,1152,8,5,0.2027,0.4018,1.9822397631968427,156,0,156,0
thrashing,synthetic,,FIFO,ProportionalAllocation,1152,8,6,0.1604,0.3753,2.339775561097257,24,0,24,0
thrashing,synthetic,,FIFO,ProportionalAllocation,1152,8,7,0.2097,0.4078,1.9446828803051979,180,0,180,0
thrashing,synthetic,,FIFO,ProportionalAllocation,1152,9,0,0.1843,0.3433,1.8627238198589258,96,0,96,0
thrashing,synthetic,,FIFO,ProportionalAllocation,1152,9,1,0.188,0.3477,1.849468085106383,108,0,108,0
thrashing,synthetic,,FIFO,ProportionalAllocation,1152,9,2,0.1941,0.3523,1.815043791859866,120,0,120,0
thrashing,synthetic,,FIFO,ProportionalAllocation,1152,9,3,0.1955,0.3591,1.8368286445012787,132,0,132,0
thrashing,synthetic,,FIFO,ProportionalAllocation,1152,9,4,0.1974,0.3594,1.8206686930091185,144,0,144,0
thrashing,synthetic,,FIFO,ProportionalAllocation,1152,9,5,0.2026,0.3605,1.7793682132280355,156,0,156,0
thrashing,synthetic,,FIFO,ProportionalAllocation,1152,9,6,0.163,0.3408,2.09079754601227,24,0,24,0
thrashing,synthetic,,FIFO,ProportionalAllocation,1152,9,7,0.207,0.3722,1.7980676328502416,180,0,180,0
thrashing,synthetic,,LRU,GlobalAllocation,1152,0,0,0.3062,0.7017,2.291639451338994,96,,,
thrashing,synthetic,,LRU,GlobalAllocation,1152,0,1,0.3129,0.7963,2.5449025247682964,108,,,
thrashing,synthetic,,LRU,GlobalAllocation,1152,0,2,0.3111,0.8032,2.5818064930890388,120,,,
thrashing,synthetic,,LRU,GlobalAllocation,1152,0,3,0.3114,0.8026,2.577392421323057,132,,,
thrashing,synthetic,,LRU,GlobalAllocation,1152,0,4,0.3172,0.8268,2.6065573770491803,144,,,
thrashing,synthetic,,LRU,GlobalAllocation,1152,0,5,0.3191,0.8355,2.6183014728925103,156,,,
thrashing,synthetic,,LRU,GlobalAllocation,1152,0,6,0.2734,0.7759,2.837966349670812,24,,,
thrashing,synthetic,,LRU,GlobalAllocation,1152,0,7,0.3281,0.8513,2.5946357817738495,180,,,
thrashing,synthetic,,LRU,GlobalAllocation,1152,1,0,0.3039,0.7154,2.3540638367884172,96,,,
thrashing,synthetic,,LRU,GlobalAllocation,1152,1,1,0.3066,0.8179,2.66764514024788,108,,,
thrashing,synthetic,,LRU,GlobalAllocation,1152,1,2,0.3111,0.8099,2.603342976534876,120,,,
thrashing,synthetic,,LRU,GlobalAllocation,1152,1,3,0.3135,0.8573,2.7346092503987243,132,,,
thrashing,synthetic,,LRU,GlobalAllocation,1152,1,4,0.3131,0.8247,2.633982753114021,144,,,
thrashing,synthetic,,LRU,GlobalAllocation,1152,1,5,0.3153,0.814,2.5816682524579764,156,,,
thrashing,synthetic,,LRU,GlobalAllocation,1152,1,6,0.2762,0.7769,2.81281679942071,24,,,
thrashing,synthetic,,LRU,GlobalAllocation,1152,1,7,0.3769,0.8573,2.2746086495091538,180,,,
thrashing,synthetic,,LRU,GlobalAllocation,1152,2,0,0.3063,0.6778,2.2128632060071824,96,,,
thrashing,synthetic,,LRU,GlobalAllocation,1152,2,1,0.312,0.7744,2.482051282051282,108,,,
thrashing,synthetic,,LRU,GlobalAllocation,1152,2,2,0.3062,0.8323,2.718158066623122,120,,,
thrashing,synthetic,,LRU,GlobalAllocation,1152,2,3,0.3149,0.7969,2.530644649094951,132,,,
thrashing,synthetic,,LRU,GlobalAllocation,1152,2,4,0.3119,0.8142,2.6104520679705034,144,,,
thrashing,synthetic,,LRU,GlobalAllocation,1152,2,5,0.3113,0.8106,2.603919049148731,156,,,
thrashing,synthetic,,LRU,GlobalAllocation,1152,2,6,0.2778,0.7589,2.7318214542836574,24,,,
thrashing,synthetic,,LRU,GlobalAllocation,1152,2,7,0.3289,0.8228,2.5016722408026757,180,,,
thrashing,synthetic,,LRU,GlobalAllocation,1152,3,0,0.3015,0.7277,2.4135986733001658,96,,,
thrashing,synthetic,,LRU,GlobalAllocation,1152,3,1,0.3647,0.8403,2.3040855497669317,108,,,
thrashing,synthetic,,LRU,GlobalAllocation,1152,3,2,0.3107,0.8056,2.592854843900869,120,,,
thrashing,synthetic,,LRU,GlobalAllocation,1152,3,3,0.3143,0.8124,2.584791600381801,132,,,
thrashing,synthetic,,LRU,GlobalAllocation,1152,3,4,0.3084,0.8062,2.6141374837872893,144,,,
thrashing,synthetic,,LRU,GlobalAllocation,1152,3,5,0.3162,0.8344,2.6388361796331434,156,,,
thrashing,synthetic,,LRU,GlobalAllocation,1152,3,6,0.2788,0.7992,2.866571018651363,24,,,
thrashing,synthetic,,LRU,GlobalAllocation,1152,3,7,0.3263,0.839,2.5712534477474716,180,,,
thrashing,synthetic,,LRU,GlobalAllocation,1152,4,0,0.3064,0.7002,2.285248041775457,96,,,
thrashing,synthetic,,LRU,GlobalAllocation,1152,4,1,0.3087,0.8182,2.6504697116942015,108,,,
thrashing,synthetic,,LRU,GlobalAllocation,1152,4,2,0.3097,0.7948,2.5663545366483693,120,,,
thrashing,synthetic,,LRU,GlobalAllocation,1152,4,3,0.3116,0.8391,2.692875481386393,132,,,
thrashing,synthetic,,LRU,GlobalAllocation,1152,4,4,0.3158,0.8018,2.538948701709943,144,,,
thrashing,synthetic,,LRU,GlobalAllocation,1152,4,5,0.3294,0.8169,2.4799635701275045,156,,,
thrashing,synthetic,,LRU,GlobalAllocation,1152,4,6,0.2826,0.749,2.6503892427459306,24,,,
thrashing,synthetic,,LRU,GlobalAllocation,1152,4,7,0.3297,0.8356,2.534425235062178,180,,,
thrashing,synthetic,,LRU,GlobalAllocation,1152,5,0,0.3008,0.7034,2.33843085106383,96,,,
thrashing,synthetic,,LRU,GlobalAllocation,1152,5,1,0.3076,0.7974,2.592327698309493,108,,,
thrashing,synthetic,,LRU,GlobalAllocation,1152,5,2,0.3138,0.8406,2.6787762906309753,120,,,
thrashing,synthetic,,LRU,GlobalAllocation,1152,5,3,0.3137,0.8151,2.598342365317182,132,,,
thrashing,synthetic,,LRU,GlobalAllocation,1152,5,4,0.3129,0.8376,2.6768935762224353,144,,,
thrashing,synthetic,,LRU,GlobalAllocation,1152,5,5,0.3172,0.8246,2.599621689785624,156,,,
thrashing,synthetic,,LRU,GlobalAllocation,1152,5,6,0.2717,0.7813,2.875598086124402,24,,,
thrashing,synthetic,,LRU,GlobalAllocation,1152,5,7,0.3269,0.8341,2.5515448149281124,180,,,
thrashing,synthetic,,LRU,GlobalAllocation,1152,6,0,0.3065,0.763,2.489396411092985,96,,,
thrashing,synthetic,,LRU,GlobalAllocation,1152,6,1,0.3051,0.7895,2.5876761717469683,108,,,
thrashing,synthetic,,LRU,GlobalAllocation,1152,6,2,0.3123,0.8155,2.611271213576689,120,,,
thrashing,synthetic,,LRU,GlobalAllocation,1152,6,3,0.3119,0.8011,2.5684514267393395,132,,,
thrashing,synthetic,,LRU,GlobalAllocation,1152,6,4,0.3148,0.8117,2.5784625158831003,144,,,
thrashing,synthetic,,LRU,GlobalAllocation,1152,6,5,0.321,0.8336,2.5968847352024924,156,,,
thrashing,synthetic,,LRU,GlobalAllocation,1152,6,6,0.2759,0.764,2.769119246103661,24,,,
thrashing,synthetic,,LRU,GlobalAllocation,1152,6,7,0.3263,0.8583,2.630401471038921,180,,,
thrashing,synthetic,,LRU,GlobalAllocation,1152,7,0,0.2752,0.6854,2.4905523255813953,96,,,
thrashing,synthetic,,LRU,GlobalAllocation,1152,7,1,0.2789,0.7611,2.728935102187164,108,,,
thrashing,synthetic,,LRU,GlobalAllocation,1152,7,2,0.2784,0.7716,2.771551724137931,120,,,
thrashing,synthetic,,LRU,GlobalAllocation,1152,7,3,0.2809,0.76,2.705589177643289,132,,,
thrashing,synthetic,,LRU,GlobalAllocation,1152,7,4,0.2866,0.7736,2.6992323796231683,144,,,
thrashing,synthetic,,LRU,GlobalAllocation,1152,7,5,0.2913,0.8107,2.783041537933402,156,,,
thrashing,synthetic,,LRU,GlobalAllocation,1152,7,6,0.2515,0.7555,3.003976143141153,24,,,
thrashing,synthetic,,LRU,GlobalAllocation,1152,7,7,0.293,0.7939,2.709556313993174,180,,,
thrashing,synthetic,,LRU,GlobalAllocation,1152,8,0,0.3089,0.7122,2.3056005179669796,96,,,
thrashing,synthetic,,LRU,GlobalAllocation,1152,8,1,0.306,0.7938,2.5941176470588236,108,,,
thrashing,synthetic,,LRU,GlobalAllocation,1152,8,2,0.3143,0.7999,2.545020680878142,120,,,
thrashing,synthetic,,LRU,GlobalAllocation,1152,8,3,0.3131,0.7996,2.5538166719897797,132,,,
thrashing,synthetic,,LRU,GlobalAllocation,1152,8,4,0.3185,0.8334,2.6166405023547883,144,,,
thrashing,synthetic,,LRU,GlobalAllocation,1152,8,5,0.3231,0.8293,2.5666976168368927,156,,,
thrashing,synthetic,,LRU,GlobalAllocation,1152,8,6,0.2814,0.7395,2.6279317697228146,24,,,
thrashing,synthetic,,LRU,GlobalAllocation,1152,8,7,0.3297,0.8343,2.530482256596906,180,,,
thrashing,synthetic,,LRU,GlobalAllocation,1152,9,0,0.3044,0.7529,2.473390275952694,96,,,
thrashing,synthetic,,LRU,GlobalAllocation,1152,9,1,0.3065,0.785,2.5611745513866233,108,,,
thrashing,synthetic,,LRU,GlobalAllocation,1152,9,2,0.3116,0.8008,2.569961489088575,120,,,
thrashing,synthetic,,LRU,GlobalAllocation,1152,9,3,0.3147,0.8015,2.5468700349539244,132,,,
thrashing,synthetic,,LRU,GlobalAllocation,1152,9,4,0.3127,0.7931,2.536296770067157,144,,,
thrashing,synthetic,,LRU,GlobalAllocation,1152,9,5,0.3227,0.8199,2.5407499225286645,156,,,
thrashing,synthetic,,LRU,GlobalAllocation,1152,9,6,0.289,0.7758,2.6844290657439447,24,,,
thrashing,synthetic,,LRU,GlobalAllocation,1152,9,7,0.3431,0.8322,2.425531914893617,180,,,
thrashing,synthetic,,LRU,LocalAllocation,1152,0,0,0.3111,0.5026,1.6155576984892317,96,0,96,0
thrashing,synthetic,,LRU,LocalAllocation,1152,0,1,0.3093,0.4982,1.6107339152925961,108,0,108,0
thrashing,synthetic,,LRU,LocalAllocation,1152,0,2,0.3106,0.5074,1.633612363168062,120,0,120,0
thrashing,synthetic,,LRU,LocalAllocation,1152,0,3,0.3116,0.5124,1.644415917843389,132,0,132,0
thrashing,synthetic,,LRU,LocalAllocation,1152,0,4,0.3265,0.5133,1.5721286370597243,144,0,144,0
thrashing,synthetic,,LRU,LocalAllocation,1152,0,5,0.3144,1.442,4.586513994910941,1500,1356,1500,409
thrashing,synthetic,,LRU,LocalAllocation,1152,0,6,0.2763,0.5048,1.8269996380745566,24,0,24,0
thrashing,synthetic,,LRU,LocalAllocation,1152,0,7,0.3247,1.4296,4.402833384662766,1500,1356,1500,419
thrashing,synthetic,,LRU,LocalAllocation,1152,1,0,0.3044,0.4993,1.640275952693824,96,0,96,0
thrashing,synthetic,,LRU,LocalAllocation,1152,1,1,0.3011,0.4967,1.6496180670873464,108,0,108,0
thrashing,synthetic,,LRU,LocalAllocation,1152,1,2,0.3088,0.4996,1.6178756476683938,120,0,120,0
thrashing,synthetic,,LRU,LocalAllocation,1152,1,3,0.309,0.5043,1.6320388349514563,132,0,132,0
thrashing,synthetic,,LRU,LocalAllocation,1152,1,4,0.3307,0.5092,1.53976413667977,144,0,144,0
thrashing,synthetic,,LRU,LocalAllocation,1152,1,5,0.3104,1.4065,4.53125,1500,1356,1500,367
thrashing,synthetic,,LRU,LocalAllocation,1152,1,6,0.2961,0.498,1.6818642350557245,24,0,24,0
thrashing,synthetic,,LRU,LocalAllocation,1152,1,7,0.3293,1.3976,4.244154266626177,1500,1356,1500,416
thrashing,synthetic,,LRU,LocalAllocation,1152,2,0,0.3029,0.5278,1.742489270386266,96,0,96,0
thrashing,synthetic,,LRU,LocalAllocation,1152,2,1,0.3079,0.5312,1.7252354660604092,108,0,108,0
thrashing,synthetic,,LRU,LocalAllocation,1152,2,2,0.3071,0.5449,1.7743406056659068,120,0,120,0
thrashing,synthetic,,LRU,LocalAllocation,1152,2,3,0.3108,0.5451,1.7538610038610039,132,0,132,0
thrashing,synthetic,,LRU,LocalAllocation,1152,2,4,0.3346,0.5449,1.6285116557083084,144,0,144,0
thrashing,synthetic,,LRU,LocalAllocation,1152,2,5,0.3181,1.4913,4.68814838101226,1500,1356,1500,400
thrashing,synthetic,,LRU,LocalAllocation,1152,2,6,0.2835,0.5293,1.8670194003527336,24,0,24,0
thrashing,synthetic,,LRU,LocalAllocation,1152,2,7,0.3296,1.4913,4.524575242718447,1500,1356,1500,390
thrashing,synthetic,,LRU,LocalAllocation,1152,3,0,0.3061,0.4981,1.6272459980398561,96,0,96,0
thrashing,synthetic,,LRU,LocalAllocation,1152,3,1,0.3013,0.5063,1.6803849983405243,108,0,108,0
thrashing,synthetic,,LRU,LocalAllocation,1152,3,2,0.3081,0.5096,1.6540084388185654,120,0,120,0
thrashing,synthetic,,LRU,LocalAllocation,1152,3,3,0.3091,0.5104,1.6512455516014235,132,0,132,0
thrashing,synthetic,,LRU,LocalAllocation,1152,3,4,0.3138,0.5129,1.634480560866794,144,0,144,0
thrashing,synthetic,,LRU,LocalAllocation,1152,3,5,0.3223,1.4133,4.385044989140552,1500,1356,1500,401
thrashing,synthetic,,LRU,LocalAllocation,1152,3,6,0.2749,0.5031,1.8301200436522371,24,0,24,0
thrashing,synthetic,,LRU,LocalAllocation,1152,3,7,0.3314,1.4076,4.247435123717562,1500,1356,1500,410
thrashing,synthetic,,LRU,LocalAllocation,1152,4,0,0.314,0.4968,1.5821656050955415,96,0,96,0
thrashing,synthetic,,LRU,LocalAllocation,1152,4,1,0.3091,0.4986,1.6130702038175349,108,0,108,0
thrashing,synthetic,,LRU,LocalAllocation,1152,4,2,0.305,0.4981,1.6331147540983606,120,0,120,0
thrashing,synthetic,,LRU,LocalAllocation,1152,4,3,0.3142,0.5065,1.6120305537873965,132,0,132,0
thrashing,synthetic,,LRU,LocalAllocation,1152,4,4,0.3155,0.524,1.6608557844690968,144,0,144,0
thrashing,synthetic,,LRU,LocalAllocation,1152,4,5,0.3162,1.42,4.490828589500317,1500,1356,1500,384
thrashing,synthetic,,LRU,LocalAllocation,1152,4,6,0.2722,0.5014,1.8420279206465835,24,0,24,0
thrashing,synthetic,,LRU,LocalAllocation,1152,4,7,0.3309,1.408,4.2550619522514355,1500,1356,1500,360
thrashing,synthetic,,LRU,LocalAllocation,1152,5,0,0.3115,0.5348,1.7168539325842698,96,0,96,0
thrashing,synthetic,,LRU,LocalAllocation,1152,5,1,0.308,0.5218,1.6941558441558442,108,0,108,0
thrashing,synthetic,,LRU,LocalAllocation,1152,5,2,0.3098,0.5261,1.698192382182053,120,0,120,0
thrashing,synthetic,,LRU,LocalAllocation,1152,5,3,0.3181,0.5288,1.662370323797548,132,0,132,0
thrashing,synthetic,,LRU,LocalAllocation,1152,5,4,0.313,0.5374,1.7169329073482429,144,0,144,0
thrashing,synthetic,,LRU,LocalAllocation,1152,5,5,0.321,1.4573,4.5398753894081,1500,1356,1500,380
thrashing,synthetic,,LRU,LocalAllocation,1152,5,6,0.28,0.547,1.9535714285714285,24,0,24,0
thrashing,synthetic,,LRU,LocalAllocation,1152,5,7,0.3277,1.4915,4.551418980775099,1500,1356,1500,413
thrashing,synthetic,,LRU,LocalAllocation,1152,6,0,0.3074,0.4931,1.6040988939492518,96,0,96,0
thrashing,synthetic,,LRU,LocalAllocation,1152,6,1,0.3041,0.5009,1.6471555409404801,108,0,108,0
thrashing,synthetic,,LRU,LocalAllocation,1152,6,2,0.3098,0.4947,1.5968366688185927,120,0,120,0
thrashing,synthetic,,LRU,LocalAllocation,1152,6,3,0.3105,0.5008,1.6128824476650563,132,0,132,0
thrashing,synthetic,,LRU,LocalAllocation,1152,6,4,0.3161,0.5082,1.6077190762416957,144,0,144,0
thrashing,synthetic,,LRU,LocalAllocation,1152,6,5,0.3168,1.4104,4.452020202020202,1500,1356,1500,406
thrashing,synthetic,,LRU,LocalAllocation,1152,6,6,0.2772,0.498,1.7965367965367964,24,0,24,0
thrashing,synthetic,,LRU,LocalAllocation,1152,6,7,0.3285,1.4139,4.304109589041096,1500,1356,1500,407
thrashing,synthetic,,LRU,LocalAllocation,1152,7,0,0.3057,0.5332,1.7441936539090612,96,0,96,0
thrashing,synthetic,,LRU,LocalAllocation,1152,7,1,0.3062,0.5311,1.7344872632266493,108,0,108,0
thrashing,synthetic,,LRU,LocalAllocation,1152,7,2,0.3103,0.5338,1.720270705768611,120,0,120,0
thrashing,synthetic,,LRU,LocalAllocation,1152,7,3,0.3098,0.5436,1.7546804389928987,132,0,132,0
thrashing,synthetic,,LRU,LocalAllocation,1152,7,4,0.3128,0.5372,1.7173913043478262,144,0,144,0
thrashing,synthetic,,LRU,LocalAllocation,1152,7,5,0.323,1.5104,4.6761609907120745,1500,1356,1500,395
thrashing,synthetic,,LRU,LocalAllocation,1152,7,6,0.273,0.5232,1.9164835164835166,24,0,24,0
thrashing,synthetic,,LRU,LocalAllocation,1152,7,7,0.352,1.4999,4.261079545454545,1500,1356,1500,384
thrashing,synthetic,,LRU,LocalAllocation,1152,8,0,0.3044,0.4949,1.625821287779238,96,0,96,0
thrashing,synthetic,,LRU,LocalAllocation,1152,8,1,0.3037,0.4993,1.6440566348370103,108,0,108,0
thrashing,synthetic,,LRU,LocalAllocation,1152,8,2,0.307,0.5078,1.654071661237785,120,0,120,0
thrashing,synthetic,,LRU,LocalAllocation,1152,8,3,0.3194,0.5181,1.6221039448966812,132,0,132,0
thrashing,synthetic,,LRU,LocalAllocation,1152,8,4,0.3127,0.5107,1.6331947553565718,144,0,144,0
thrashing,synthetic,,LRU,LocalAllocation,1152,8,5,0.3177,1.4156,4.455775889203651,1500,1356,1500,403
thrashing,synthetic,,LRU,LocalAllocation,1152,8,6,0.2818,0.5023,1.7824698367636622,24,0,24,0
thrashing,synthetic,,LRU,LocalAllocation,1152,8,7,0.3282,1.4071,4.287324801950031,1500,1356,1500,412
thrashing,synthetic,,LRU,LocalAllocation,1152,9,0,0.3025,0.4931,1.6300826446280992,96,0,96,0
thrashing,synthetic,,LRU,LocalAllocation,1152,9,1,0.3038,0.4993,1.6435154707044108,108,0,108,0
thrashing,synthetic,,LRU,LocalAllocation,1152,9,2,0.3126,0.4994,1.5975687779910428,120,0,120,0
thrashing,synthetic,,LRU,LocalAllocation,1152,9,3,0.315,0.5026,1.5955555555555556,132,0,132,0
thrashing,synthetic,,LRU,LocalAllocation,1152,9,4,0.315,0.5105,1.6206349206349207,144,0,144,0
thrashing,synthetic,,LRU,LocalAllocation,1152,9,5,0.3145,1.4102,4.483942766295708,1500,1356,1500,405
thrashing,synthetic,,LRU,LocalAllocation,1152,9,6,0.2797,0.4889,1.7479442259563818,24,0,24,0
thrashing,synthetic,,LRU,LocalAllocation,1152,9,7,0.329,1.3971,4.246504559270517,1500,1356,1500,376
thrashing,synthetic,,LRU,ProportionalAllocation,1152,0,0,0.3069,0.4818,1.5698924731182795,96,0,96,0
thrashing,synthetic,,LRU,ProportionalAllocation,1152,0,1,0.3076,0.4805,1.5620936280884266,108,0,108,0
thrashing,synthetic,,LRU,ProportionalAllocation,1152,0,2,0.3095,0.4855,1.568659127625202,120,0,120,0
thrashing,synthetic,,LRU,ProportionalAllocation,1152,0,3,0.3143,0.4883,1.5536111994909323,132,0,132,0
thrashing,synthetic,,LRU,ProportionalAllocation,1152,0,4,0.31,0.4899,1.5803225806451613,144,0,144,0
thrashing,synthetic,,LRU,ProportionalAllocation,1152,0,5,0.3183,0.4971,1.5617342130065976,156,0,156,0
thrashing,synthetic,,LRU,ProportionalAllocation,1152,0,6,0.2792,0.491,1.758595988538682,24,0,24,0
thrashing,synthetic,,LRU,ProportionalAllocation,1152,0,7,0.3286,0.5048,1.5362142422398053,180,0,180,0
thrashing,synthetic,,LRU,ProportionalAllocation,1152,1,0,0.3006,0.646,2.149035262807718,96,0,96,0
thrashing,synthetic,,LRU,ProportionalAllocation,1152,1,1,0.309,0.6382,2.0653721682847896,108,0,108,0
thrashing,synthetic,,LRU,ProportionalAllocation,1152,1,2,0.3087,0.6527,2.114350502105604,120,0,120,0
thrashing,synthetic,,LRU,ProportionalAllocation,1152,1,3,0.3119,0.6529,2.093299134337929,132,0,132,0
thrashing,synthetic,,LRU,ProportionalAllocation,1152,1,4,0.3159,0.6571,2.080088635644191,144,0,144,0
thrashing,synthetic,,LRU,ProportionalAllocation,1152,1,5,0.3145,0.6411,2.0384737678855327,156,0,156,0
thrashing,synthetic,,LRU,ProportionalAllocation,1152,1,6,0.2742,0.6679,2.435813274981765,24,0,24,0
thrashing,synthetic,,LRU,ProportionalAllocation,1152,1,7,0.3292,0.6693,2.0331105710814095,180,0,180,0
thrashing,synthetic,,LRU,ProportionalAllocation,1152,2,0,0.3076,0.48,1.5604681404421326,96,0,96,0
thrashing,synthetic,,LRU,ProportionalAllocation,1152,2,1,0.3076,0.4834,1.571521456436931,108,0,108,0
thrashing,synthetic,,LRU,ProportionalAllocation,1152,2,2,0.3073,0.4905,1.5961601041327693,120,0,120,0
thrashing,synthetic,,LRU,ProportionalAllocation,1152,2,3,0.314,0.4899,1.5601910828025478,132,0,132,0
thrashing,synthetic,,LRU,ProportionalAllocation,1152,2,4,0.3221,0.4912,1.5249922384352685,144,0,144,0
thrashing,synthetic,,LRU,ProportionalAllocation,1152,2,5,0.565,0.4929,0.8723893805309735,156,0,156,0
thrashing,synthetic,,LRU,ProportionalAllocation,1152,2,6,0.2858,0.4787,1.6749475157452764,24,0,24,0
thrashing,synthetic,,LRU,ProportionalAllocation,1152,2,7,0.3346,0.5055,1.5107591153616258,180,0,180,0
thrashing,synthetic,,LRU,ProportionalAllocation,1152,3,0,0.31,0.4796,1.5470967741935484,96,0,96,0
thrashing,synthetic,,LRU,ProportionalAllocation,1152,3,1,0.3139,0.4856,1.5469894870978018,108,0,108,0
thrashing,synthetic,,LRU,ProportionalAllocation,1152,3,2,0.3113,0.4882,1.5682621265660135,120,0,120,0
thrashing,synthetic,,LRU,ProportionalAllocation,1152,3,3,0.3103,0.4865,1.5678375765388335,132,0,132,0
thrashing,synthetic,,LRU,ProportionalAllocation,1152,3,4,0.3122,0.4889,1.5659833440102497,144,0,144,0
thrashing,synthetic,,LRU,ProportionalAllocation,1152,3,5,0.3182,0.4974,1.5631678189817724,156,0,156,0
thrashing,synthetic,,LRU,ProportionalAllocation,1152,3,6,0.2703,0.4817,1.782093969663337,24,0,24,0
thrashing,synthetic,,LRU,ProportionalAllocation,1152,3,7,0.3253,0.5031,1.546572394712573,180,0,180,0
thrashing,synthetic,,LRU,ProportionalAllocation,1152,4,0,0.3042,0.6488,2.1328073635765943,96,0,96,0
thrashing,synthetic,,LRU,ProportionalAllocation,1152,4,1,0.3135,0.653,2.082934609250399,108,0,108,0
thrashing,synthetic,,LRU,ProportionalAllocation,1152,4,2,0.3093,0.6525,2.1096023278370515,120,0,120,0
thrashing,synthetic,,LRU,ProportionalAllocation,1152,4,3,0.3119,0.6652,2.1327348509137543,132,0,132,0
thrashing,synthetic,,LRU,ProportionalAllocation,1152,4,4,0.3154,0.6671,2.1150919467343057,144,0,144,0
thrashing,synthetic,,LRU,ProportionalAllocation,1152,4,5,0.3181,0.6798,2.137063816409934,156,0,156,0
thrashing,synthetic,,LRU,ProportionalAllocation,1152,4,6,0.2786,0.6453,2.316223977027997,24,0,24,0
thrashing,synthetic,,LRU,ProportionalAllocation,1152,4,7,0.3272,0.6815,2.0828239608801957,180,0,180,0
thrashing,synthetic,,LRU,ProportionalAllocation,1152,5,0,0.3073,0.4766,1.5509274324764075,96,0,96,0
thrashing,synthetic,,LRU,ProportionalAllocation,1152,5,1,0.3042,0.4824,1.5857988165680474,108,0,108,0
thrashing,synthetic,,LRU,ProportionalAllocation,1152,5,2,0.3285,0.4812,1.4648401826484019,120,0,120,0
thrashing,synthetic,,LRU,ProportionalAllocation,1152,5,3,0.3171,0.4852,1.5301166824345633,132,0,132,0
thrashing,synthetic,,LRU,ProportionalAllocation,1152,5,4,0.3148,0.4863,1.5447903430749683,144,0,144,0
thrashing,synthetic,,LRU,ProportionalAllocation,1152,5,5,0.3177,0.4944,1.5561850802644004,156,0,156,0
thrashing,synthetic,,LRU,ProportionalAllocation,1152,5,6,0.2787,0.4841,1.7369931826336562,24,0,24,0
thrashing,synthetic,,LRU,ProportionalAllocation,1152,5,7,0.3291,0.5035,1.5299301124278335,180,0,180,0
thrashing,synthetic,,LRU,ProportionalAllocation,1152,6,0,0.3054,0.4873,1.5956123117223313,96,0,96,0
thrashing,synthetic,,LRU,ProportionalAllocation,1152,6,1,0.3095,0.4946,1.5980613893376414,108,0,108,0
thrashing,synthetic,,LRU,ProportionalAllocation,1152,6,2,0.3125,0.4922,1.57504,120,0,120,0
thrashing,synthetic,,LRU,ProportionalAllocation,1152,6,3,0.315,0.499,1.584126984126984,132,0,132,0
thrashing,synthetic,,LRU,ProportionalAllocation,1152,6,4,0.3114,0.5003,1.6066152858060372,144,0,144,0
thrashing,synthetic,,LRU,ProportionalAllocation,1152,6,5,0.3323,0.4981,1.4989467348781222,156,0,156,0
thrashing,synthetic,,LRU,ProportionalAllocation,1152,6,6,0.2784,0.4964,1.7830459770114941,24,0,24,0
thrashing,synthetic,,LRU,ProportionalAllocation,1152,6,7,0.3231,0.5251,1.6251934385639122,180,0,180,0
thrashing,synthetic,,LRU,ProportionalAllocation,1152,7,0,0.303,0.4892,1.6145214521452145,96,0,96,0
thrashing,synthetic,,LRU,ProportionalAllocation,1152,7,1,0.3074,0.5119,1.6652569941444373,108,0,108,0
thrashing,synthetic,,LRU,ProportionalAllocation,1152,7,2,0.3088,0.4997,1.618199481865285,120,0,120,0
thrashing,synthetic,,LRU,ProportionalAllocation,1152,7,3,0.3133,0.5072,1.6188956271943824,132,0,132,0
thrashing,synthetic,,LRU,ProportionalAllocation,1152,7,4,0.3196,0.5087,1.5916770963704632,144,0,144,0
thrashing,synthetic,,LRU,ProportionalAllocation,1152,7,5,0.3149,0.5029,1.5970149253731343,156,0,156,0
thrashing,synthetic,,LRU,ProportionalAllocation,1152,7,6,0.2761,0.4978,1.8029699384281057,24,0,24,0
thrashing,synthetic,,LRU,ProportionalAllocation,1152,7,7,0.3289,0.5192,1.5785953177257526,180,0,180,0
thrashing,synthetic,,LRU,ProportionalAllocation,1152,8,0,0.3078,0.4924,1.5997400909681612,96,0,96,0
thrashing,synthetic,,LRU,ProportionalAllocation,1152,8,1,0.3024,0.5017,1.6590608465608465,108,0,108,0
thrashing,synthetic,,LRU,ProportionalAllocation,1152,8,2,0.311,0.5014,1.612218649517685,120,0,120,0
thrashing,synthetic,,LRU,ProportionalAllocation,1152,8,3,0.3126,0.5042,1.6129238643634036,132,0,132,0
thrashing,synthetic,,LRU,ProportionalAllocation,1152,8,4,0.3089,0.5088,1.6471349951440595,144,0,144,0
thrashing,synthetic,,LRU,ProportionalAllocation,1152,8,5,0.3199,0.5098,1.5936230071897468,156,0,156,0
thrashing,synthetic,,LRU,ProportionalAllocation,1152,8,6,0.2836,0.4962,1.7496473906911143,24,0,24,0
thrashing,synthetic,,LRU,ProportionalAllocation,1152,8,7,0.3305,0.5196,1.5721633888048412,180,0,180,0
thrashing,synthetic,,LRU,ProportionalAllocation,1152,9,0,0.6428,1.0057,1.5645612943372744,96,0,96,0
thrashing,synthetic,,LRU,ProportionalAllocation,1152,9,1,0.7104,1.0105,1.422438063063063,108,0,108,0
thrashing,synthetic,,LRU,ProportionalAllocation,1152,9,2,0.6475,1.0198,1.574980694980695,120,0,120,0
thrashing,synthetic,,LRU,ProportionalAllocation,1152,9,3,0.695,1.0218,1.4702158273381294,132,0,132,0
thrashing,synthetic,,LRU,ProportionalAllocation,1152,9,4,0.3236,1.0639,3.28770086526576,144,0,144,0
thrashing,synthetic,,LRU,ProportionalAllocation,1152,9,5,0.327,1.0574,3.233639143730887,156,0,156,0
thrashing,synthetic,,LRU,ProportionalAllocation,1152,9,6,0.2769,0.9922,3.5832430480317803,24,0,24,0
thrashing,synthetic,,LRU,ProportionalAllocation,1152,9,7,0.3217,1.0909,3.3910475598383587,180,0,180,0
thrashing,synthetic,,NRU,GlobalAllocation,1152,0,0,0.317,0.9037,2.850788643533123,96,,,
thrashing,synthetic,,NRU,GlobalAllocation,1152,0,1,0.3235,0.9166,2.8333848531684698,108,,,
thrashing,synthetic,,NRU,GlobalAllocation,1152,0,2,0.3624,1.1096,3.061810154525386,120,,,
thrashing,synthetic,,NRU,GlobalAllocation,1152,0,3,0.3571,0.8858,2.4805376645197423,132,,,
thrashing,synthetic,,NRU,GlobalAllocation,1152,0,4,0.3393,0.9678,2.852343059239611,144,,,
thrashing,synthetic,,NRU,GlobalAllocation,1152,0,5,0.3425,0.9027,2.6356204379562045,156,,,
thrashing,synthetic,,NRU,GlobalAllocation,1152,0,6,0.2794,0.9262,3.3149606299212597,24,,,
thrashing,synthetic,,NRU,GlobalAllocation,1152,0,7,0.3554,1.0135,2.8517163759144624,180,,,
thrashing,synthetic,,NRU,GlobalAllocation,1152,1,0,0.319,0.8319,2.607836990595611,96,,,
thrashing,synthetic,,NRU,GlobalAllocation,1152,1,1,0.3386,0.879,2.5959834613112815,108,,,
thrashing,synthetic,,NRU,GlobalAllocation,1152,1,2,0.3365,0.9782,2.9069836552748884,120,,,
thrashing,synthetic,,NRU,GlobalAllocation,1152,1,3,0.339,1.0444,3.0808259587020648,132,,,
thrashing,synthetic,,NRU,GlobalAllocation,1152,1,4,0.3387,1.0045,2.9657514024210214,144,,,
thrashing,synthetic,,NRU,GlobalAllocation,1152,1,5,0.3543,1.0207,2.8808918995201807,156,,,
thrashing,synthetic,,NRU,GlobalAllocation,1152,1,6,0.3018,0.8582,2.8436050364479786,24,,,
thrashing,synthetic,,NRU,GlobalAllocation,1152,1,7,0.3552,1.0025,2.8223536036036037,180,,,
thrashing,synthetic,,NRU,GlobalAllocation,1152,2,0,0.3192,0.8834,2.767543859649123,96,,,
thrashing,synthetic,,NRU,GlobalAllocation,1152,2,1,0.3243,0.9596,2.9589885908109776,108,,,
thrashing,synthetic,,NRU,GlobalAllocation,1152,2,2,0.3372,1.0464,3.1032028469750887,120,,,
thrashing,synthetic,,NRU,GlobalAllocation,1152,2,3,0.335,1.0035,2.9955223880597015,132,,,
thrashing,synthetic,,NRU,GlobalAllocation,1152,2,4,0.3413,0.9875,2.8933489598593614,144,,,
thrashing,synthetic,,NRU,GlobalAllocation,1152,2,5,0.3594,1.0245,2.850584307178631,156,,,
thrashing,synthetic,,NRU,GlobalAllocation,1152,2,6,0.3076,0.9168,2.9804941482444733,24,,,
thrashing,synthetic,,NRU,GlobalAllocation,1152,2,7,0.3632,1.0655,2.9336453744493394,180,,,
thrashing,synthetic,,NRU,GlobalAllocation,1152,3,0,0.3189,0.8862,2.7789275634995296,96,,,
thrashing,synthetic,,NRU,GlobalAllocation,1152,3,1,0.3253,1.0793,3.317860436520135,108,,,
thrashing,synthetic,,NRU,GlobalAllocation,1152,3,2,0.3303,0.9617,2.911595519224947,120,,,
thrashing,synthetic,,NRU,GlobalAllocation,1152,3,3,0.3619,0.9599,2.652390163028461,132,,,
thrashing,synthetic,,NRU,GlobalAllocation,1152,3,4,0.3411,1.0157,2.977719143946057,144,,,
thrashing,synthetic,,NRU,GlobalAllocation,1152,3,5,0.3445,0.9295,2.69811320754717,156,,,
thrashing,synthetic,,NRU,GlobalAllocation,1152,3,6,0.2795,0.9455,3.3828264758497317,24,,,
thrashing,synthetic,,NRU,GlobalAllocation,1152,3,7,0.3589,0.9224,2.5700752298690444,180,,,
thrashing,synthetic,,NRU,GlobalAllocation,1152,4,0,0.3165,0.8545,2.6998420221169037,96,,,
thrashing,synthetic,,NRU,GlobalAllocation,1152,4,1,0.3227,1.0039,3.1109389525875426,108,,,
thrashing,synthetic,,NRU,GlobalAllocation,1152,4,2,0.3307,0.9291,2.8094950105836105,120,,,
thrashing,synthetic,,NRU,GlobalAllocation,1152,4,3,0.3517,0.9821,2.7924367358544213,132,,,
thrashing,synthetic,,NRU,GlobalAllocation,1152,4,4,0.3348,0.9232,2.7574671445639187,144,,,
thrashing,synthetic,,NRU,GlobalAllocation,1152,4,5,0.343,1.0632,3.0997084548104956,156,,,
thrashing,synthetic,,NRU,GlobalAllocation,1152,4,6,0.2798,0.9011,3.2205146533238027,24,,,
thrashing,synthetic,,NRU,GlobalAllocation,1152,4,7,0.3553,0.9848,2.771742189698846,180,,,
thrashing,synthetic,,NRU,GlobalAllocation,1152,5,0,0.3317,0.9966,3.0045221585770276,96,,,
thrashing,synthetic,,NRU,GlobalAllocation,1152,5,1,0.3276,0.9938,3.0335775335775335,108,,,
thrashing,synthetic,,NRU,GlobalAllocation,1152,5,2,0.3285,0.9454,2.8779299847793,120,,,
thrashing,synthetic,,NRU,GlobalAllocation,1152,5,3,0.3546,0.9937,2.802312464749013,132,,,
thrashing,synthetic,,NRU,GlobalAllocation,1152,5,4,0.3418,0.9423,2.756875365710942,144,,,
thrashing,synthetic,,NRU,GlobalAllocation,1152,5,5,0.3652,0.9243,2.5309419496166483,156,,,
thrashing,synthetic,,NRU,GlobalAllocation,1152,5,6,0.3027,0.9439,3.118268913115296,24,,,
thrashing,synthetic,,NRU,GlobalAllocation,1152,5,7,0.3686,0.9702,2.6321215409658167,180,,,
thrashing,synthetic,,NRU,GlobalAllocation,1152,6,0,0.3149,1.0109,3.2102254684026676,96,,,
thrashing,synthetic,,NRU,GlobalAllocation,1152,6,1,0.3427,0.896,2.6145316603443245,108,,,
thrashing,synthetic,,NRU,GlobalAllocation,1152,6,2,0.3641,0.9441,2.592968964570173,120,,,
thrashing,synthetic,,NRU,GlobalAllocation,1152,6,3,0.3711,0.8895,2.396928051738076,132,,,
thrashing,synthetic,,NRU,GlobalAllocation,1152,6,4,0.3394,1.0037,2.9572775486152034,144,,,
thrashing,synthetic,,NRU,GlobalAllocation,1152,6,5,0.383,0.9778,2.5530026109660575,156,,,
thrashing,synthetic,,NRU,GlobalAllocation,1152,6,6,0.2957,0.9437,3.191410213053771,24,,,
thrashing,synthetic,,NRU,GlobalAllocation,1152,6,7,0.3538,0.9687,2.7379875635952517,180,,,
thrashing,synthetic,,NRU,GlobalAllocation,1152,7,0,0.3527,0.868,2.461015026935072,96,,,
thrashing,synthetic,,NRU,GlobalAllocation,1152,7,1,0.3233,0.9497,2.9375193318898853,108,,,
thrashing,synthetic,,NRU,GlobalAllocation,1152,7,2,0.3365,0.9733,2.8924219910846953,120,,,
thrashing,synthetic,,NRU,GlobalAllocation,1152,7,3,0.352,0.9131,2.594034090909091,132,,,
thrashing,synthetic,,NRU,GlobalAllocation,1152,7,4,0.3378,0.9778,2.8946121965660154,144,,,
thrashing,synthetic,,NRU,GlobalAllocation,1152,7,5,0.3508,1.0098,2.878563283922463,156,,,
thrashing,synthetic,,NRU,GlobalAllocation,1152,7,6,0.2957,0.9978,3.3743659113966857,24,,,
thrashing,synthetic,,NRU,GlobalAllocation,1152,7,7,0.3705,0.9616,2.5954116059379215,180,,,
thrashing,synthetic,,NRU,GlobalAllocation,1152,8,0,0.3319,0.8694,2.6194636938837,96,,,
thrashing,synthetic,,NRU,GlobalAllocation,1152,8,1,0.3236,0.9836,3.03955500618047,108,,,
thrashing,synthetic,,NRU,GlobalAllocation,1152,8,2,0.3423,0.8218,2.4008179959100207,120,,,
thrashing,synthetic,,NRU,GlobalAllocation,1152,8,3,0.3436,1.0135,2.94965075669383,132,,,
thrashing,synthetic,,NRU,GlobalAllocation,1152,8,4,0.3344,0.9861,2.9488636363636362,144,,,
thrashing,synthetic,,NRU,GlobalAllocation,1152,8,5,0.3436,0.9268,2.69732246798603,156,,,
thrashing,synthetic,,NRU,GlobalAllocation,1152,8,6,0.2794,0.969,3.4681460272011453,24,,,
thrashing,synthetic,,NRU,GlobalAllocation,1152,8,7,0.3572,1.0013,2.8031914893617023,180,,,
thrashing,synthetic,,NRU,GlobalAllocation,1152,9,0,0.3041,0.8636,2.839855310753042,96,,,
thrashing,synthetic,,NRU,GlobalAllocation,1152,9,1,0.3107,0.814,2.6198905696813646,108,,,
thrashing,synthetic,,NRU,GlobalAllocation,1152,9,2,0.3098,0.8864,2.8612007746933505,120,,,
thrashing,synthetic,,NRU,GlobalAllocation,1152,9,3,0.3184,0.7929,2.4902638190954773,132,,,
thrashing,synthetic,,NRU,GlobalAllocation,1152,9,4,0.3086,0.8965,2.905055087491899,144,,,
thrashing,synthetic,,NRU,GlobalAllocation,1152,9,5,0.3175,0.8527,2.685669291338583,156,,,
thrashing,synthetic,,NRU,GlobalAllocation,1152,9,6,0.253,0.9435,3.7292490118577075,24,,,
thrashing,synthetic,,NRU,GlobalAllocation,1152,9,7,0.3653,0.926,2.5349028196003287,180,,,
thrashing,synthetic,,NRU,LocalAllocation,1152,0,0,0.323,0.5026,1.5560371517027864,96,0,96,0
thrashing,synthetic,,NRU,LocalAllocation,1152,0,1,0.3263,0.5065,1.5522525283481459,108,0,108,0
thrashing,synthetic,,NRU,LocalAllocation,1152,0,2,0.3466,0.5118,1.4766301211771495,120,0,120,0
thrashing,synthetic,,NRU,LocalAllocation,1152,0,3,0.3362,0.5402,1.6067816775728734,132,0,132,0
thrashing,synthetic,,NRU,LocalAllocation,1152,0,4,0.3402,0.5226,1.5361552028218695,144,0,144,0
thrashing,synthetic,,NRU,LocalAllocation,1152,0,5,0.3491,6.471,18.53623603551991,606,462,606,46
thrashing,synthetic,,NRU,LocalAllocation,1152,0,6,0.2881,0.4878,1.6931620964942729,24,0,24,0
thrashing,synthetic,,NRU,LocalAllocation,1152,0,7,0.3573,9.1805,25.694094598376715,820,676,820,136
thrashing,synthetic,,NRU,LocalAllocation,1152,1,0,0.3182,0.5043,1.5848522941546197,96,0,96,0
thrashing,synthetic,,NRU,LocalAllocation,1152,1,1,0.3176,0.5048,1.5894206549118388,108,0,108,0
thrashing,synthetic,,NRU,LocalAllocation,1152,1,2,0.3239,0.5123,1.5816610064834826,120,0,120,0
thrashing,synthetic,,NRU,LocalAllocation,1152,1,3,0.3558,0.5241,1.473018549747049,132,0,132,0
thrashing,synthetic,,NRU,LocalAllocation,1152,1,4,0.3573,0.5258,1.4715924993003078,144,0,144,0
thrashing,synthetic,,NRU,LocalAllocation,1152,1,5,0.3424,6.7227,19.634053738317757,629,485,629,34
thrashing,synthetic,,NRU,LocalAllocation,1152,1,6,0.2991,0.4891,1.6352390504847878,24,0,24,0
thrashing,synthetic,,NRU,LocalAllocation,1152,1,7,0.3561,9.35,26.25666947486661,834,690,834,149
thrashing,synthetic,,NRU,LocalAllocation,1152,2,0,0.3212,0.5147,1.602428393524284,96,0,96,0
thrashing,synthetic,,NRU,LocalAllocation,1152,2,1,0.3229,0.516,1.5980179622174047,108,0,108,0
thrashing,synthetic,,NRU,LocalAllocation,1152,2,2,0.3271,0.5266,1.609905227759095,120,0,120,0
thrashing,synthetic,,NRU,LocalAllocation,1152,2,3,0.3397,0.5269,1.5510744774801295,132,0,132,0
thrashing,synthetic,,NRU,LocalAllocation,1152,2,4,0.3433,0.5309,1.5464608214389746,144,0,144,0
thrashing,synthetic,,NRU,LocalAllocation,1152,2,5,0.3407,6.5465,19.214851775755797,611,467,611,57
thrashing,synthetic,,NRU,LocalAllocation,1152,2,6,0.2786,0.503,1.8054558506819813,24,0,24,0
thrashing,synthetic,,NRU,LocalAllocation,1152,2,7,0.3576,9.2944,25.991051454138702,830,686,830,123
thrashing,synthetic,,NRU,LocalAllocation,1152,3,0,0.3208,0.5075,1.5819825436408979,96,0,96,0
thrashing,synthetic,,NRU,LocalAllocation,1152,3,1,0.3197,0.5143,1.608695652173913,108,0,108,0
thrashing,synthetic,,NRU,LocalAllocation,1152,3,2,0.3451,0.5179,1.5007244277021152,120,0,120,0
thrashing,synthetic,,NRU,LocalAllocation,1152,3,3,0.3437,0.5266,1.532150130928135,132,0,132,0
thrashing,synthetic,,NRU,LocalAllocation,1152,3,4,0.3355,0.529,1.5767511177347242,144,0,144,0
thrashing,synthetic,,NRU,LocalAllocation,1152,3,5,0.5166,6.6417,12.856562137049941,622,478,622,54
thrashing,synthetic,,NRU,LocalAllocation,1152,3,6,0.2773,0.4947,1.7839884601514606,24,0,24,0
thrashing,synthetic,,NRU,LocalAllocation,1152,3,7,0.3593,9.3052,25.89813526301141,830,686,830,151
thrashing,synthetic,,NRU,LocalAllocation,1152,4,0,0.3153,0.5213,1.6533460196638123,96,0,96,0
thrashing,synthetic,,NRU,LocalAllocation,1152,4,1,0.324,0.5296,1.634567901234568,108,0,108,0
thrashing,synthetic,,NRU,LocalAllocation,1152,4,2,0.326,0.5425,1.6641104294478528,120,0,120,0
thrashing,synthetic,,NRU,LocalAllocation,1152,4,3,0.3379,0.5369,1.5889316365788695,132,0,132,0
thrashing,synthetic,,NRU,LocalAllocation,1152,4,4,0.3707,0.5667,1.5287294308065822,144,0,144,0
thrashing,synthetic,,NRU,LocalAllocation,1152,4,5,0.3586,6.6341,18.5,609,465,609,60
thrashing,synthetic,,NRU,LocalAllocation,1152,4,6,0.2796,0.5105,1.8258226037195995,24,0,24,0
thrashing,synthetic,,NRU,LocalAllocation,1152,4,7,0.3505,9.8547,28.11611982881598,857,713,857,114
thrashing,synthetic,,NRU,LocalAllocation,1152,5,0,0.3166,0.5133,1.6212886923562855,96,0,96,0
thrashing,synthetic,,NRU,LocalAllocation,1152,5,1,0.3244,0.5209,1.6057336621454994,108,0,108,0
thrashing,synthetic,,NRU,LocalAllocation,1152,5,2,0.331,0.5325,1.608761329305136,120,0,120,0
thrashing,synthetic,,NRU,LocalAllocation,1152,5,3,0.3305,0.5342,1.616338880484115,132,0,132,0
thrashing,synthetic,,NRU,LocalAllocation,1152,5,4,0.3445,0.5376,1.560522496371553,144,0,144,0
thrashing,synthetic,,NRU,LocalAllocation,1152,5,5,0.3596,6.4612,17.967741935483872,592,448,592,51
thrashing,synthetic,,NRU,LocalAllocation,1152,5,6,0.2947,0.4984,1.6912114014251782,24,0,24,0
thrashing,synthetic,,NRU,LocalAllocation,1152,5,7,0.3751,9.4843,25.284724073580378,831,687,831,140
thrashing,synthetic,,NRU,LocalAllocation,1152,6,0,0.3185,0.6989,2.194348508634223,96,0,96,0
thrashing,synthetic,,NRU,LocalAllocation,1152,6,1,0.3199,0.7333,2.2922788371366054,108,0,108,0
thrashing,synthetic,,NRU,LocalAllocation,1152,6,2,0.3298,0.7221,2.189508793208005,120,0,120,0
thrashing,synthetic,,NRU,LocalAllocation,1152,6,3,0.3378,0.7206,2.133214920071048,132,0,132,0
thrashing,synthetic,,NRU,LocalAllocation,1152,6,4,0.3551,0.7343,2.067868206139116,144,0,144,0
thrashing,synthetic,,NRU,LocalAllocation,1152,6,5,0.3441,8.3781,24.347863993025282,600,456,600,41
thrashing,synthetic,,NRU,LocalAllocation,1152,6,6,0.2799,0.6925,2.474097892104323,24,0,24,0
thrashing,synthetic,,NRU,LocalAllocation,1152,6,7,0.3727,11.6115,31.155084518379393,831,687,831,134
thrashing,synthetic,,NRU,LocalAllocation,1152,7,0,0.3201,0.513,1.6026241799437675,96,0,96,0
thrashing,synthetic,,NRU,LocalAllocation,1152,7,1,0.3306,0.5302,1.6037507562008468,108,0,108,0
thrashing,synthetic,,NRU,LocalAllocation,1152,7,2,0.3331,0.524,1.5731011708195737,120,0,120,0
thrashing,synthetic,,NRU,LocalAllocation,1152,7,3,0.3348,0.5333,1.5928912783751494,132,0,132,0
thrashing,synthetic,,NRU,LocalAllocation,1152,7,4,0.3348,0.5355,1.5994623655913978,144,0,144,0
thrashing,synthetic,,NRU,LocalAllocation,1152,7,5,0.3461,6.6823,19.307425599537705,627,483,627,56
thrashing,synthetic,,NRU,LocalAllocation,1152,7,6,0.3024,0.4961,1.6405423280423281,24,0,24,0
thrashing,synthetic,,NRU,LocalAllocation,1152,7,7,0.36,9.4176,26.16,837,693,837,137
thrashing,synthetic,,NRU,LocalAllocation,1152,8,0,0.3182,0.4993,1.5691389063482086,96,0,96,0
thrashing,synthetic,,NRU,LocalAllocation,1152,8,1,0.3249,0.5056,1.5561711295783318,108,0,108,0
thrashing,synthetic,,NRU,LocalAllocation,1152,8,2,0.3273,0.5128,1.566758325695081,120,0,120,0
thrashing,synthetic,,NRU,LocalAllocation,1152,8,3,0.3631,0.521,1.4348664279812724,132,0,132,0
thrashing,synthetic,,NRU,LocalAllocation,1152,8,4,0.3388,0.5201,1.5351239669421488,144,0,144,0
thrashing,synthetic,,NRU,LocalAllocation,1152,8,5,0.3476,5.9538,17.1283084004603,563,419,563,47
thrashing,synthetic,,NRU,LocalAllocation,1152,8,6,0.2804,0.4848,1.7289586305278175,24,0,24,0
thrashing,synthetic,,NRU,LocalAllocation,1152,8,7,0.3556,9.498,26.70978627671541,845,701,845,141
thrashing,synthetic,,NRU,LocalAllocation,1152,9,0,0.318,0.5233,1.6455974842767296,96,0,96,0
thrashing,synthetic,,NRU,LocalAllocation,1152,9,1,0.3378,0.5094,1.507992895204263,108,0,108,0
thrashing,synthetic,,NRU,LocalAllocation,1152,9,2,0.3315,0.514,1.55052790346908,120,0,120,0
thrashing,synthetic,,NRU,LocalAllocation,1152,9,3,0.3333,0.5222,1.5667566756675668,132,0,132,0
thrashing,synthetic,,NRU,LocalAllocation,1152,9,4,0.3366,0.5271,1.5659536541889483,144,0,144,0
thrashing,synthetic,,NRU,LocalAllocation,1152,9,5,0.3413,6.6512,19.487840609434514,625,481,625,50
thrashing,synthetic,,NRU,LocalAllocation,1152,9,6,0.2773,0.4907,1.7695636494771005,24,0,24,0
thrashing,synthetic,,NRU,LocalAllocation,1152,9,7,0.3541,9.1529,25.848347924315163,823,679,823,119
thrashing,synthetic,,NRU,ProportionalAllocation,1152,0,0,0.3369,0.4868,1.4449391510834075,96,0,96,0
thrashing,synthetic,,NRU,ProportionalAllocation,1152,0,1,0.3246,0.4961,1.5283425754775108,108,0,108,0
thrashing,synthetic,,NRU,ProportionalAllocation,1152,0,2,0.3256,0.5132,1.576167076167076,120,0,120,0
thrashing,synthetic,,NRU,ProportionalAllocation,1152,0,3,0.3666,0.5053,1.378341516639389,132,0,132,0
thrashing,synthetic,,NRU,ProportionalAllocation,1152,0,4,0.3439,0.5055,1.4699040418726375,144,0,144,0
thrashing,synthetic,,NRU,ProportionalAllocation,1152,0,5,0.344,0.5137,1.4933139534883721,156,0,156,0
thrashing,synthetic,,NRU,ProportionalAllocation,1152,0,6,0.2783,0.4742,1.7039166367229608,24,0,24,0
thrashing,synthetic,,NRU,ProportionalAllocation,1152,0,7,0.3493,0.53,1.5173203549957057,180,0,180,0
thrashing,synthetic,,NRU,ProportionalAllocation,1152,1,0,0.32,0.4933,1.5415625,96,0,96,0
thrashing,synthetic,,NRU,ProportionalAllocation,1152,1,1,0.366,0.4944,1.3508196721311476,108,0,108,0
thrashing,synthetic,,NRU,ProportionalAllocation,1152,1,2,0.3491,0.5077,1.4543110856488113,120,0,120,0
thrashing,synthetic,,NRU,ProportionalAllocation,1152,1,3,0.3349,0.5098,1.522245446401911,132,0,132,0
thrashing,synthetic,,NRU,ProportionalAllocation,1152,1,4,0.3578,0.5375,1.5022358859698155,144,0,144,0
thrashing,synthetic,,NRU,ProportionalAllocation,1152,1,5,0.3431,0.5195,1.514135820460507,156,0,156,0
thrashing,synthetic,,NRU,ProportionalAllocation,1152,1,6,0.3084,0.4852,1.5732814526588845,24,0,24,0
thrashing,synthetic,,NRU,ProportionalAllocation,1152,1,7,0.3722,0.5342,1.4352498656636217,180,0,180,0
thrashing,synthetic,,NRU,ProportionalAllocation,1152,2,0,0.3196,0.496,1.5519399249061328,96,0,96,0
thrashing,synthetic,,NRU,ProportionalAllocation,1152,2,1,0.3226,0.5033,1.560136391816491,108,0,108,0
thrashing,synthetic,,NRU,ProportionalAllocation,1152,2,2,0.3336,0.5111,1.5320743405275778,120,0,120,0
thrashing,synthetic,,NRU,ProportionalAllocation,1152,2,3,0.3509,0.5099,1.4531205471644344,132,0,132,0
thrashing,synthetic,,NRU,ProportionalAllocation,1152,2,4,0.3465,0.5182,1.4955266955266955,144,0,144,0
thrashing,synthetic,,NRU,ProportionalAllocation,1152,2,5,0.3697,0.5261,1.4230457127400595,156,0,156,0
thrashing,synthetic,,NRU,ProportionalAllocation,1152,2,6,0.2978,0.4861,1.632303559435863,24,0,24,0
thrashing,synthetic,,NRU,ProportionalAllocation,1152,2,7,0.3643,0.5363,1.4721383475157837,180,0,180,0
thrashing,synthetic,,NRU,ProportionalAllocation,1152,3,0,0.3153,0.4816,1.5274341896606407,96,0,96,0
thrashing,synthetic,,NRU,ProportionalAllocation,1152,3,1,0.3224,0.488,1.5136476426799008,108,0,108,0
thrashing,synthetic,,NRU,ProportionalAllocation,1152,3,2,0.328,0.4938,1.5054878048780487,120,0,120,0
thrashing,synthetic,,NRU,ProportionalAllocation,1152,3,3,0.3417,0.5046,1.4767339771729588,132,0,132,0
thrashing,synthetic,,NRU,ProportionalAllocation,1152,3,4,0.3634,0.5064,1.3935057787561915,144,0,144,0
thrashing,synthetic,,NRU,ProportionalAllocation,1152,3,5,0.3578,0.5138,1.4359977641140302,156,0,156,0
thrashing,synthetic,,NRU,ProportionalAllocation,1152,3,6,0.2769,0.472,1.7045864933188877,24,0,24,0
thrashing,synthetic,,NRU,ProportionalAllocation,1152,3,7,0.3538,0.53,1.4980214810627472,180,0,180,0
thrashing,synthetic,,NRU,ProportionalAllocation,1152,4,0,0.317,0.5693,1.7958990536277601,96,0,96,0
thrashing,synthetic,,NRU,ProportionalAllocation,1152,4,1,0.638,0.5486,0.8598746081504702,108,0,108,0
thrashing,synthetic,,NRU,ProportionalAllocation,1152,4,2,0.6421,0.6184,0.9630898613923065,120,0,120,0
thrashing,synthetic,,NRU,ProportionalAllocation,1152,4,3,0.3488,0.6018,1.7253440366972477,132,0,132,0
thrashing,synthetic,,NRU,ProportionalAllocation,1152,4,4,0.4097,0.6147,1.5003661215523554,144,0,144,0
thrashing,synthetic,,NRU,ProportionalAllocation,1152,4,5,0.4128,0.6283,1.522044573643411,156,0,156,0
thrashing,synthetic,,NRU,ProportionalAllocation,1152,4,6,0.2908,0.5464,1.8789546079779917,24,0,24,0
thrashing,synthetic,,NRU,ProportionalAllocation,1152,4,7,0.3397,0.6174,1.8174860170738887,180,0,180,0
thrashing,synthetic,,NRU,ProportionalAllocation,1152,5,0,0.3199,0.4815,1.5051578618318224,96,0,96,0
thrashing,synthetic,,NRU,ProportionalAllocation,1152,5,1,0.3201,0.4861,1.5185879412683536,108,0,108,0
thrashing,synthetic,,NRU,ProportionalAllocation,1152,5,2,0.3452,0.4972,1.440324449594438,120,0,120,0
thrashing,synthetic,,NRU,ProportionalAllocation,1152,5,3,0.3299,0.5019,1.5213701121551986,132,0,132,0
thrashing,synthetic,,NRU,ProportionalAllocation,1152,5,4,0.3384,0.5016,1.4822695035460993,144,0,144,0
thrashing,synthetic,,NRU,ProportionalAllocation,1152,5,5,0.3415,0.5093,1.4913616398243046,156,0,156,0
thrashing,synthetic,,NRU,ProportionalAllocation,1152,5,6,0.2798,0.4701,1.6801286633309507,24,0,24,0
thrashing,synthetic,,NRU,ProportionalAllocation,1152,5,7,0.355,0.526,1.4816901408450704,180,0,180,0
thrashing,synthetic,,NRU,ProportionalAllocation,1152,6,0,0.3334,0.5062,1.5182963407318537,96,0,96,0
thrashing,synthetic,,NRU,ProportionalAllocation,1152,6,1,0.3418,0.5083,1.4871269748390872,108,0,108,0
thrashing,synthetic,,NRU,ProportionalAllocation,1152,6,2,0.3488,0.515,1.4764908256880733,120,0,120,0
thrashing,synthetic,,NRU,ProportionalAllocation,1152,6,3,0.348,0.5207,1.4962643678160918,132,0,132,0
thrashing,synthetic,,NRU,ProportionalAllocation,1152,6,4,0.3364,0.5241,1.5579667063020215,144,0,144,0
thrashing,synthetic,,NRU,ProportionalAllocation,1152,6,5,0.344,0.531,1.5436046511627908,156,0,156,0
thrashing,synthetic,,NRU,ProportionalAllocation,1152,6,6,0.2795,0.4992,1.786046511627907,24,0,24,0
thrashing,synthetic,,NRU,ProportionalAllocation,1152,6,7,0.3686,0.5513,1.4956592512208355,180,0,180,0
thrashing,synthetic,,NRU,ProportionalAllocation,1152,7,0,0.315,0.4953,1.5723809523809524,96,0,96,0
thrashing,synthetic,,NRU,ProportionalAllocation,1152,7,1,0.3213,0.4966,1.5455960161842515,108,0,108,0
thrashing,synthetic,,NRU,ProportionalAllocation,1152,7,2,0.3635,0.508,1.3975240715268225,120,0,120,0
thrashing,synthetic,,NRU,ProportionalAllocation,1152,7,3,0.3472,0.519,1.494815668202765,132,0,132,0
thrashing,synthetic,,NRU,ProportionalAllocation,1152,7,4,0.342,0.5114,1.4953216374269005,144,0,144,0
thrashing,synthetic,,NRU,ProportionalAllocation,1152,7,5,0.3574,0.5232,1.463905987688864,156,0,156,0
thrashing,synthetic,,NRU,ProportionalAllocation,1152,7,6,0.2832,0.4816,1.7005649717514124,24,0,24,0
thrashing,synthetic,,NRU,ProportionalAllocation,1152,7,7,0.3565,0.5374,1.5074333800841515,180,0,180,0
thrashing,synthetic,,NRU,ProportionalAllocation,1152,8,0,0.3368,0.4892,1.4524940617577198,96,0,96,0
thrashing,synthetic,,NRU,ProportionalAllocation,1152,8,1,0.3265,0.4958,1.5185298621745789,108,0,108,0
thrashing,synthetic,,NRU,ProportionalAllocation,1152,8,2,0.3258,0.5004,1.5359116022099448,120,0,120,0
thrashing,synthetic,,NRU,ProportionalAllocation,1152,8,3,0.3358,0.5059,1.5065515187611673,132,0,132,0
thrashing,synthetic,,NRU,ProportionalAllocation,1152,8,4,0.3505,0.511,1.4579172610556348,144,0,144,0
thrashing,synthetic,,NRU,ProportionalAllocation,1152,8,5,0.3438,0.5205,1.5139616055846423,156,0,156,0
thrashing,synthetic,,NRU,ProportionalAllocation,1152,8,6,0.2791,0.4779,1.71228950197062,24,0,24,0
thrashing,synthetic,,NRU,ProportionalAllocation,1152,8,7,0.3528,0.5378,1.52437641723356,180,0,180,0
thrashing,synthetic,,NRU,ProportionalAllocation,1152,9,0,0.3148,0.4919,1.562579415501906,96,0,96,0
thrashing,synthetic,,NRU,ProportionalAllocation,1152,9,1,0.3407,0.4973,1.4596419137070737,108,0,108,0
thrashing,synthetic,,NRU,ProportionalAllocation,1152,9,2,0.33,0.4999,1.5148484848484849,120,0,120,0
thrashing,synthetic,,NRU,ProportionalAllocation,1152,9,3,0.3807,0.5079,1.3341213553979512,132,0,132,0
thrashing,synthetic,,NRU,ProportionalAllocation,1152,9,4,0.3614,0.5123,1.4175428887659103,144,0,144,0
thrashing,synthetic,,NRU,ProportionalAllocation,1152,9,5,0.3462,0.518,1.4962449451184288,156,0,156,0
thrashing,synthetic,,NRU,ProportionalAllocation,1152,9,6,0.2863,0.4766,1.66468739084876,24,0,24,0
thrashing,synthetic,,NRU,ProportionalAllocation,1152,9,7,0.3598,0.5325,1.4799888827126182,180,0,180,0
thrashing,synthetic,,SecondChance,GlobalAllocation,1152,0,0,0.5877,0.8593,1.4621405478985876,96,,,
thrashing,synthetic,,SecondChance,GlobalAllocation,1152,0,1,0.5826,1.0868,1.865430827325781,108,,,
thrashing,synthetic,,SecondChance,GlobalAllocation,1152,0,2,0.6305,1.2455,1.9754163362410786,120,,,
thrashing,synthetic,,SecondChance,GlobalAllocation,1152,0,3,0.6615,1.2277,1.8559334845049131,132,,,
thrashing,synthetic,,SecondChance,GlobalAllocation,1152,0,4,0.6329,1.3888,2.1943434981829673,144,,,
thrashing,synthetic,,SecondChance,GlobalAllocation,1152,0,5,0.7027,1.5174,2.159385228404725,156,,,
thrashing,synthetic,,SecondChance,GlobalAllocation,1152,0,6,0.2654,0.6908,2.6028636021100224,24,,,
thrashing,synthetic,,SecondChance,GlobalAllocation,1152,0,7,0.3718,1.6187,4.3536847767617,180,,,
thrashing,synthetic,,SecondChance,GlobalAllocation,1152,1,0,0.2861,0.8551,2.988815099615519,96,,,
thrashing,synthetic,,SecondChance,GlobalAllocation,1152,1,1,0.2889,1.0953,3.791277258566978,108,,,
thrashing,synthetic,,SecondChance,GlobalAllocation,1152,1,2,0.3037,1.13,3.7207770826473494,120,,,
thrashing,synthetic,,SecondChance,GlobalAllocation,1152,1,3,0.3513,1.2727,3.622829490463991,132,,,
thrashing,synthetic,,SecondChance,GlobalAllocation,1152,1,4,0.3336,1.3577,4.06984412470024,144,,,
thrashing,synthetic,,SecondChance,GlobalAllocation,1152,1,5,0.3519,1.4028,3.9863597612958226,156,,,
thrashing,synthetic,,SecondChance,GlobalAllocation,1152,1,6,0.2479,0.7069,2.851553045582896,24,,,
thrashing,synthetic,,SecondChance,GlobalAllocation,1152,1,7,0.3741,1.6393,4.381983426891206,180,,,
thrashing,synthetic,,SecondChance,GlobalAllocation,1152,2,0,0.2802,0.8025,2.8640256959314776,96,,,
thrashing,synthetic,,SecondChance,GlobalAllocation,1152,2,1,0.2907,1.0373,3.56828345373237,108,,,
thrashing,synthetic,,SecondChance,GlobalAllocation,1152,2,2,0.3019,1.1214,3.714474991719112,120,,,
thrashing,synthetic,,SecondChance,GlobalAllocation,1152,2,3,0.3127,1.2683,4.05596418292293,132,,,
thrashing,synthetic,,SecondChance,GlobalAllocation,1152,2,4,0.3251,1.3923,4.2826822516148875,144,,,
thrashing,synthetic,,SecondChance,GlobalAllocation,1152,2,5,0.3324,1.4872,4.474127557160048,156,,,
thrashing,synthetic,,SecondChance,GlobalAllocation,1152,2,6,0.2328,0.6801,2.9213917525773194,24,,,
thrashing,synthetic,,SecondChance,GlobalAllocation,1152,2,7,0.3732,1.6095,4.312700964630225,180,,,
thrashing,synthetic,,SecondChance,GlobalAllocation,1152,3,0,0.2787,0.9203,3.3021169716541086,96,,,
thrashing,synthetic,,SecondChance,GlobalAllocation,1152,3,1,0.2938,1.0715,3.6470388019060587,108,,,
thrashing,synthetic,,SecondChance,GlobalAllocation,1152,3,2,0.3027,1.1693,3.8629005616121574,120,,,
thrashing,synthetic,,SecondChance,GlobalAllocation,1152,3,3,0.3126,1.2572,4.021753039027511,132,,,
thrashing,synthetic,,SecondChance,GlobalAllocation,1152,3,4,0.3235,1.2733,3.936012364760433,144,,,
thrashing,synthetic,,SecondChance,GlobalAllocation,1152,3,5,0.3346,1.3929,4.162881052002391,156,,,
thrashing,synthetic,,SecondChance,GlobalAllocation,1152,3,6,0.2353,0.6999,2.974500637484063,24,,,
thrashing,synthetic,,SecondChance,GlobalAllocation,1152,3,7,0.3672,1.5542,4.232570806100218,180,,,
thrashing,synthetic,,SecondChance,GlobalAllocation,1152,4,0,0.2829,0.8219,2.9052668787557443,96,,,
thrashing,synthetic,,SecondChance,GlobalAllocation,1152,4,1,0.2938,1.0677,3.6341048332198773,108,,,
thrashing,synthetic,,SecondChance,GlobalAllocation,1152,4,2,0.2989,1.1315,3.785547005687521,120,,,
thrashing,synthetic,,SecondChance,GlobalAllocation,1152,4,3,0.3311,1.2243,3.697674418604651,132,,,
thrashing,synthetic,,SecondChance,GlobalAllocation,1152,4,4,0.3282,1.263,3.8482632541133457,144,,,
thrashing,synthetic,,SecondChance,GlobalAllocation,1152,4,5,0.3351,1.3942,4.160549089823933,156,,,
thrashing,synthetic,,SecondChance,GlobalAllocation,1152,4,6,0.2308,0.6874,2.9783362218370883,24,,,
thrashing,synthetic,,SecondChance,GlobalAllocation,1152,4,7,0.3675,1.6409,4.465034013605442,180,,,
thrashing,synthetic,,SecondChance,GlobalAllocation,1152,5,0,0.2839,0.8204,2.8897499119408243,96,,,
thrashing,synthetic,,SecondChance,GlobalAllocation,1152,5,1,0.3179,1.0706,3.367725699905631,108,,,
thrashing,synthetic,,SecondChance,GlobalAllocation,1152,5,2,0.3069,1.1157,3.635386119257087,120,,,
thrashing,synthetic,,SecondChance,GlobalAllocation,1152,5,3,0.3142,1.2565,3.9990451941438576,132,,,
thrashing,synthetic,,SecondChance,GlobalAllocation,1152,5,4,0.3271,1.2974,3.96637114032406,144,,,
thrashing,synthetic,,SecondChance,GlobalAllocation,1152,5,5,0.337,1.4271,4.234718100890207,156,,,
thrashing,synthetic,,SecondChance,GlobalAllocation,1152,5,6,0.2331,0.6856,2.941226941226941,24,,,
thrashing,synthetic,,SecondChance,GlobalAllocation,1152,5,7,0.3793,1.6198,4.2704982863169,180,,,
thrashing,synthetic,,SecondChance,GlobalAllocation,1152,6,0,0.2998,0.9214,3.0733822548365577,96,,,
thrashing,synthetic,,SecondChance,GlobalAllocation,1152,6,1,0.2984,0.9898,3.317024128686327,108,,,
thrashing,synthetic,,SecondChance,GlobalAllocation,1152,6,2,0.3073,1.167,3.797591929710381,120,,,
thrashing,synthetic,,SecondChance,GlobalAllocation,1152,6,3,0.3235,1.2018,3.7149922720247295,132,,,
thrashing,synthetic,,SecondChance,GlobalAllocation,1152,6,4,0.3266,1.3505,4.135027556644213,144,,,
thrashing,synthetic,,SecondChance,GlobalAllocation,1152,6,5,0.3468,1.4236,4.104959630911188,156,,,
thrashing,synthetic,,SecondChance,GlobalAllocation,1152,6,6,0.2343,0.675,2.880921895006402,24,,,
thrashing,synthetic,,SecondChance,GlobalAllocation,1152,6,7,0.3754,1.6925,4.508524240809803,180,,,
thrashing,synthetic,,SecondChance,GlobalAllocation,1152,7,0,0.2841,0.8689,3.0584301302358323,96,,,
thrashing,synthetic,,SecondChance,GlobalAllocation,1152,7,1,0.2964,1.1039,3.7243589743589745,108,,,
thrashing,synthetic,,SecondChance,GlobalAllocation,1152,7,2,0.3023,1.0808,3.57525636784651,120,,,
thrashing,synthetic,,SecondChance,GlobalAllocation,1152,7,3,0.3155,1.1826,3.7483359746434233,132,,,
thrashing,synthetic,,SecondChance,GlobalAllocation,1152,7,4,0.3246,1.3451,4.1438693776956255,144,,,
thrashing,synthetic,,SecondChance,GlobalAllocation,1152,7,5,0.3398,1.433,4.2171865803413775,156,,,
thrashing,synthetic,,SecondChance,GlobalAllocation,1152,7,6,0.2316,0.6915,2.9857512953367875,24,,,
thrashing,synthetic,,SecondChance,GlobalAllocation,1152,7,7,0.3636,1.6506,4.53960396039604,180,,,
thrashing,synthetic,,SecondChance,GlobalAllocation,1152,8,0,0.2604,0.8541,3.2799539170506913,96,,,
thrashing,synthetic,,SecondChance,GlobalAllocation,1152,8,1,0.2644,0.9747,3.6864599092284416,108,,,
thrashing,synthetic,,SecondChance,GlobalAllocation,1152,8,2,0.2752,1.0255,3.7263808139534884,120,,,
thrashing,synthetic,,SecondChance,GlobalAllocation,1152,8,3,0.2827,1.1822,4.181818181818182,132,,,
thrashing,synthetic,,SecondChance,GlobalAllocation,1152,8,4,0.2935,1.2852,4.378875638841567,144,,,
thrashing,synthetic,,SecondChance,GlobalAllocation,1152,8,5,0.3073,1.3436,4.372274650178978,156,,,
thrashing,synthetic,,SecondChance,GlobalAllocation,1152,8,6,0.2128,0.6354,2.9859022556390977,24,,,
thrashing,synthetic,,SecondChance,GlobalAllocation,1152,8,7,0.3301,1.5589,4.722508330808846,180,,,
thrashing,synthetic,,SecondChance,GlobalAllocation,1152,9,0,0.2834,0.9215,3.251587861679605,96,,,
thrashing,synthetic,,SecondChance,GlobalAllocation,1152,9,1,0.2924,1.043,3.56703146374829,108,,,
thrashing,synthetic,,SecondChance,GlobalAllocation,1152,9,2,0.3087,1.176,3.8095238095238093,120,,,
thrashing,synthetic,,SecondChance,GlobalAllocation,1152,9,3,0.3168,1.1712,3.696969696969697,132,,,
thrashing,synthetic,,SecondChance,GlobalAllocation,1152,9,4,0.3257,1.2972,3.982806263432607,144,,,
thrashing,synthetic,,SecondChance,GlobalAllocation,1152,9,5,0.3428,1.4036,4.094515752625438,156,,,
thrashing,synthetic,,SecondChance,GlobalAllocation,1152,9,6,0.2311,0.7013,3.0346170488965813,24,,,
thrashing,synthetic,,SecondChance,GlobalAllocation,1152,9,7,0.3649,1.675,4.590298711975884,180,,,
thrashing,synthetic,,SecondChance,LocalAllocation,1152,0,0,0.2926,0.4695,1.6045796308954203,96,0,96,0
thrashing,synthetic,,SecondChance,LocalAllocation,1152,0,1,0.3017,0.4764,1.5790520384487903,108,0,108,0
thrashing,synthetic,,SecondChance,LocalAllocation,1152,0,2,0.303,0.4826,1.5927392739273927,120,0,120,0
thrashing,synthetic,,SecondChance,LocalAllocation,1152,0,3,0.3157,0.4947,1.566993981628128,132,0,132,0
thrashing,synthetic,,SecondChance,LocalAllocation,1152,0,4,0.3289,0.5218,1.5865004560656735,144,0,144,0
thrashing,synthetic,,SecondChance,LocalAllocation,1152,0,5,0.3419,2.6441,7.733547821000292,1500,1356,1500,409
thrashing,synthetic,,SecondChance,LocalAllocation,1152,0,6,0.2331,0.4483,1.9232089232089231,24,0,24,0
thrashing,synthetic,,SecondChance,LocalAllocation,1152,0,7,0.3787,2.6274,6.937945603379984,1500,1356,1500,419
thrashing,synthetic,,SecondChance,LocalAllocation,1152,1,0,0.2814,0.4654,1.6538734896943852,96,0,96,0
thrashing,synthetic,,SecondChance,LocalAllocation,1152,1,1,0.2898,0.4652,1.6052449965493443,108,0,108,0
thrashing,synthetic,,SecondChance,LocalAllocation,1152,1,2,0.3034,0.4776,1.5741595253790375,120,0,120,0
thrashing,synthetic,,SecondChance,LocalAllocation,1152,1,3,0.3106,0.4904,1.578879587894398,132,0,132,0
thrashing,synthetic,,SecondChance,LocalAllocation,1152,1,4,0.3234,0.5069,1.567408781694496,144,0,144,0
thrashing,synthetic,,SecondChance,LocalAllocation,1152,1,5,0.3567,2.6139,7.328006728343145,1500,1356,1500,367
thrashing,synthetic,,SecondChance,LocalAllocation,1152,1,6,0.2448,0.4306,1.7589869281045751,24,0,24,0
thrashing,synthetic,,SecondChance,LocalAllocation,1152,1,7,0.3877,2.6122,6.737683776115554,1500,1356,1500,416
thrashing,synthetic,,SecondChance,LocalAllocation,1152,2,0,0.2796,0.4553,1.6283977110157368,96,0,96,0
thrashing,synthetic,,SecondChance,LocalAllocation,1152,2,1,0.2882,0.4657,1.6158917418459404,108,0,108,0
thrashing,synthetic,,SecondChance,LocalAllocation,1152,2,2,0.3019,0.4833,1.600861212321961,120,0,120,0
thrashing,synthetic,,SecondChance,LocalAllocation,1152,2,3,0.3087,0.4881,1.5811467444120506,132,0,132,0
thrashing,synthetic,,SecondChance,LocalAllocation,1152,2,4,0.3242,0.4963,1.5308451573103024,144,0,144,0
thrashing,synthetic,,SecondChance,LocalAllocation,1152,2,5,0.338,2.6163,7.7405325443786985,1500,1356,1500,400
thrashing,synthetic,,SecondChance,LocalAllocation,1152,2,6,0.2362,0.4284,1.8137171888230312,24,0,24,0
thrashing,synthetic,,SecondChance,LocalAllocation,1152,2,7,0.3634,2.615,7.195927352779306,1500,1356,1500,390
thrashing,synthetic,,SecondChance,LocalAllocation,1152,3,0,0.282,0.4543,1.6109929078014185,96,0,96,0
thrashing,synthetic,,SecondChance,LocalAllocation,1152,3,1,0.2883,0.4664,1.6177592785293098,108,0,108,0
thrashing,synthetic,,SecondChance,LocalAllocation,1152,3,2,0.3026,0.4764,1.5743555849306015,120,0,120,0
thrashing,synthetic,,SecondChance,LocalAllocation,1152,3,3,0.3135,0.5,1.594896331738437,132,0,132,0
thrashing,synthetic,,SecondChance,LocalAllocation,1152,3,4,0.3281,0.4988,1.5202682109113075,144,0,144,0
thrashing,synthetic,,SecondChance,LocalAllocation,1152,3,5,0.3361,2.6016,7.740553406724189,1500,1356,1500,401
thrashing,synthetic,,SecondChance,LocalAllocation,1152,3,6,0.2363,0.43,1.8197206940330088,24,0,24,0
thrashing,synthetic,,SecondChance,LocalAllocation,1152,3,7,0.3674,2.5952,7.0636908002177465,1500,1356,1500,410
thrashing,synthetic,,SecondChance,LocalAllocation,1152,4,0,0.288,0.4578,1.5895833333333333,96,0,96,0
thrashing,synthetic,,SecondChance,LocalAllocation,1152,4,1,0.2805,0.4708,1.6784313725490196,108,0,108,0
thrashing,synthetic,,SecondChance,LocalAllocation,1152,4,2,0.2838,0.4734,1.668076109936575,120,0,120,0
thrashing,synthetic,,SecondChance,LocalAllocation,1152,4,3,0.3164,0.4897,1.547724399494311,132,0,132,0
thrashing,synthetic,,SecondChance,LocalAllocation,1152,4,4,0.3286,0.5034,1.5319537431527692,144,0,144,0
thrashing,synthetic,,SecondChance,LocalAllocation,1152,4,5,0.3517,2.625,7.463747512084162,1500,1356,1500,384
thrashing,synthetic,,SecondChance,LocalAllocation,1152,4,6,0.241,0.4412,1.8307053941908713,24,0,24,0
thrashing,synthetic,,SecondChance,LocalAllocation,1152,4,7,0.3888,2.6319,6.76929012345679,1500,1356,1500,360
thrashing,synthetic,,SecondChance,LocalAllocation,1152,5,0,0.2873,0.4658,1.621301775147929,96,0,96,0
thrashing,synthetic,,SecondChance,LocalAllocation,1152,5,1,0.2986,0.4836,1.6195579370395177,108,0,108,0
thrashing,synthetic,,SecondChance,LocalAllocation,1152,5,2,0.3021,0.4966,1.6438265475008276,120,0,120,0
thrashing,synthetic,,SecondChance,LocalAllocation,1152,5,3,0.5876,0.4994,0.8498978897208985,132,0,132,0
thrashing,synthetic,,SecondChance,LocalAllocation,1152,5,4,0.342,0.5146,1.5046783625730995,144,0,144,0
thrashing,synthetic,,SecondChance,LocalAllocation,1152,5,5,0.3438,2.6275,7.642524723676556,1500,1356,1500,380
thrashing,synthetic,,SecondChance,LocalAllocation,1152,5,6,0.2346,0.4396,1.8738277919863597,24,0,24,0
thrashing,synthetic,,SecondChance,LocalAllocation,1152,5,7,0.3638,2.64,7.25673446948873,1500,1356,1500,413
thrashing,synthetic,,SecondChance,LocalAllocation,1152,6,0,0.2697,0.4505,1.6703744901742676,96,0,96,0
thrashing,synthetic,,SecondChance,LocalAllocation,1152,6,1,0.6176,0.4643,0.7517810880829016,108,0,108,0
thrashing,synthetic,,SecondChance,LocalAllocation,1152,6,2,0.6272,0.4709,0.7507971938775511,120,0,120,0
thrashing,synthetic,,SecondChance,LocalAllocation,1152,6,3,0.6668,0.4825,0.7236052789442111,132,0,132,0
thrashing,synthetic,,SecondChance,LocalAllocation,1152,6,4,0.6514,0.4928,0.7565244089653055,144,0,144,0
thrashing,synthetic,,SecondChance,LocalAllocation,1152,6,5,0.7078,2.5316,3.576716586606386,1500,1356,1500,406
thrashing,synthetic,,SecondChance,LocalAllocation,1152,6,6,0.4897,0.4246,0.8670614662037982,24,0,24,0
thrashing,synthetic,,SecondChance,LocalAllocation,1152,6,7,0.7409,2.539,3.426913213659063,1500,1356,1500,407
thrashing,synthetic,,SecondChance,LocalAllocation,1152,7,0,0.285,0.4497,1.5778947368421052,96,0,96,0
thrashing,synthetic,,SecondChance,LocalAllocation,1152,7,1,0.2917,0.4601,1.5773054508056221,108,0,108,0
thrashing,synthetic,,SecondChance,LocalAllocation,1152,7,2,0.3022,0.4737,1.5675049636002647,120,0,120,0
thrashing,synthetic,,SecondChance,LocalAllocation,1152,7,3,0.3115,0.4865,1.5617977528089888,132,0,132,0
thrashing,synthetic,,SecondChance,LocalAllocation,1152,7,4,0.3741,0.4959,1.3255813953488371,144,0,144,0
thrashing,synthetic,,SecondChance,LocalAllocation,1152,7,5,0.3454,2.5961,7.516213086276781,1500,1356,1500,395
thrashing,synthetic,,SecondChance,LocalAllocation,1152,7,6,0.2342,0.4301,1.836464560204953,24,0,24,0
thrashing,synthetic,,SecondChance,LocalAllocation,1152,7,7,0.37,2.6012,7.03027027027027,1500,1356,1500,384
thrashing,synthetic,,SecondChance,LocalAllocation,1152,8,0,0.281,0.4574,1.6277580071174378,96,0,96,0
thrashing,synthetic,,SecondChance,LocalAllocation,1152,8,1,0.29,0.4698,1.62,108,0,108,0
thrashing,synthetic,,SecondChance,LocalAllocation,1152,8,2,0.2985,0.484,1.6214405360134003,120,0,120,0
thrashing,synthetic,,SecondChance,LocalAllocation,1152,8,3,0.3098,0.4908,1.5842479018721756,132,0,132,0
thrashing,synthetic,,SecondChance,LocalAllocation,1152,8,4,0.3198,0.5088,1.5909943714821764,144,0,144,0
thrashing,synthetic,,SecondChance,LocalAllocation,1152,8,5,0.3366,2.631,7.816399286987522,1500,1356,1500,403
thrashing,synthetic,,SecondChance,LocalAllocation,1152,8,6,0.2338,0.436,1.864841745081266,24,0,24,0
thrashing,synthetic,,SecondChance,LocalAllocation,1152,8,7,0.3687,2.6533,7.196365608896121,1500,1356,1500,412
thrashing,synthetic,,SecondChance,LocalAllocation,1152,9,0,0.2835,0.4609,1.6257495590828923,96,0,96,0
thrashing,synthetic,,SecondChance,LocalAllocation,1152,9,1,0.2929,0.4694,1.602594742232844,108,0,108,0
thrashing,synthetic,,SecondChance,LocalAllocation,1152,9,2,0.3003,0.4802,1.599067599067599,120,0,120,0
thrashing,synthetic,,SecondChance,LocalAllocation,1152,9,3,0.3111,0.4932,1.5853423336547734,132,0,132,0
thrashing,synthetic,,SecondChance,LocalAllocation,1152,9,4,0.3258,0.5066,1.5549416820135051,144,0,144,0
thrashing,synthetic,,SecondChance,LocalAllocation,1152,9,5,0.3401,2.6343,7.7456630402822695,1500,1356,1500,405
thrashing,synthetic,,SecondChance,LocalAllocation,1152,9,6,0.2359,0.4319,1.8308605341246291,24,0,24,0
thrashing,synthetic,,SecondChance,LocalAllocation,1152,9,7,0.3625,2.6113,7.203586206896552,1500,1356,1500,376
thrashing,synthetic,,SecondChance,ProportionalAllocation,1152,0,0,0.2783,0.4516,1.622709306503773,96,0,96,0
thrashing,synthetic,,SecondChance,ProportionalAllocation,1152,0,1,0.2932,0.4537,1.5474079126875853,108,0,108,0
thrashing,synthetic,,SecondChance,ProportionalAllocation,1152,0,2,0.3046,0.4694,1.541037426132633,120,0,120,0
thrashing,synthetic,,SecondChance,ProportionalAllocation,1152,0,3,0.3219,0.4777,1.4840012426219322,132,0,132,0
thrashing,synthetic,,SecondChance,ProportionalAllocation,1152,0,4,0.3236,0.488,1.508034610630408,144,0,144,0
thrashing,synthetic,,SecondChance,ProportionalAllocation,1152,0,5,0.3393,0.5048,1.487768936044798,156,0,156,0
thrashing,synthetic,,SecondChance,ProportionalAllocation,1152,0,6,0.2349,0.4152,1.7675606641123882,24,0,24,0
thrashing,synthetic,,SecondChance,ProportionalAllocation,1152,0,7,0.3659,0.5365,1.4662476086362395,180,0,180,0
thrashing,synthetic,,SecondChance,ProportionalAllocation,1152,1,0,0.2836,0.461,1.6255289139633287,96,0,96,0
thrashing,synthetic,,SecondChance,ProportionalAllocation,1152,1,1,0.2911,0.4702,1.6152524905530745,108,0,108,0
thrashing,synthetic,,SecondChance,ProportionalAllocation,1152,1,2,0.3001,0.4838,1.6121292902365878,120,0,120,0
thrashing,synthetic,,SecondChance,ProportionalAllocation,1152,1,3,0.3181,0.4875,1.5325369380697893,132,0,132,0
thrashing,synthetic,,SecondChance,ProportionalAllocation,1152,1,4,0.3224,0.5059,1.5691687344913152,144,0,144,0
thrashing,synthetic,,SecondChance,ProportionalAllocation,1152,1,5,0.338,0.5226,1.5461538461538462,156,0,156,0
thrashing,synthetic,,SecondChance,ProportionalAllocation,1152,1,6,0.2339,0.4402,1.8820008550662677,24,0,24,0
thrashing,synthetic,,SecondChance,ProportionalAllocation,1152,1,7,0.3773,0.5631,1.492446329181023,180,0,180,0
thrashing,synthetic,,SecondChance,ProportionalAllocation,1152,2,0,0.2807,0.4463,1.589953687210545,96,0,96,0
thrashing,synthetic,,SecondChance,ProportionalAllocation,1152,2,1,0.2905,0.4547,1.5652323580034424,108,0,108,0
thrashing,synthetic,,SecondChance,ProportionalAllocation,1152,2,2,0.3043,0.4697,1.5435425566874794,120,0,120,0
thrashing,synthetic,,SecondChance,ProportionalAllocation,1152,2,3,0.3127,0.4769,1.5251039334825711,132,0,132,0
thrashing,synthetic,,SecondChance,ProportionalAllocation,1152,2,4,0.3257,0.4895,1.5029167945962543,144,0,144,0
thrashing,synthetic,,SecondChance,ProportionalAllocation,1152,2,5,0.3388,0.5002,1.4763872491145218,156,0,156,0
thrashing,synthetic,,SecondChance,ProportionalAllocation,1152,2,6,0.2331,0.4192,1.7983697983697984,24,0,24,0
thrashing,synthetic,,SecondChance,ProportionalAllocation,1152,2,7,0.3688,0.5352,1.4511930585683297,180,0,180,0
thrashing,synthetic,,SecondChance,ProportionalAllocation,1152,3,0,0.2822,0.4532,1.6059532246633592,96,0,96,0
thrashing,synthetic,,SecondChance,ProportionalAllocation,1152,3,1,0.2899,0.4693,1.6188340807174888,108,0,108,0
thrashing,synthetic,,SecondChance,ProportionalAllocation,1152,3,2,0.3007,0.4806,1.5982707016960425,120,0,120,0
thrashing,synthetic,,SecondChance,ProportionalAllocation,1152,3,3,0.3191,0.4881,1.5296145408962707,132,0,132,0
thrashing,synthetic,,SecondChance,ProportionalAllocation,1152,3,4,0.3274,0.4985,1.5226023213194868,144,0,144,0
thrashing,synthetic,,SecondChance,ProportionalAllocation,1152,3,5,0.337,0.5126,1.5210682492581602,156,0,156,0
thrashing,synthetic,,SecondChance,ProportionalAllocation,1152,3,6,0.2333,0.4388,1.8808401200171454,24,0,24,0
thrashing,synthetic,,SecondChance,ProportionalAllocation,1152,3,7,0.3694,0.5421,1.467514889009204,180,0,180,0
thrashing,synthetic,,SecondChance,ProportionalAllocation,1152,4,0,0.2772,0.4541,1.6381673881673882,96,0,96,0
thrashing,synthetic,,SecondChance,ProportionalAllocation,1152,4,1,0.3191,0.464,1.4540896270761516,108,0,108,0
thrashing,synthetic,,SecondChance,ProportionalAllocation,1152,4,2,0.3229,0.47,1.4555589965933726,120,0,120,0
thrashing,synthetic,,SecondChance,ProportionalAllocation,1152,4,3,0.31,0.4826,1.5567741935483872,132,0,132,0
thrashing,synthetic,,SecondChance,ProportionalAllocation,1152,4,4,0.3267,0.5009,1.5332108968472604,144,0,144,0
thrashing,synthetic,,SecondChance,ProportionalAllocation,1152,4,5,0.3354,0.5134,1.5307096004770424,156,0,156,0
thrashing,synthetic,,SecondChance,ProportionalAllocation,1152,4,6,0.2368,0.4339,1.832347972972973,24,0,24,0
thrashing,synthetic,,SecondChance,ProportionalAllocation,1152,4,7,0.3673,0.5433,1.4791723386877211,180,0,180,0
thrashing,synthetic,,SecondChance,ProportionalAllocation,1152,5,0,0.2863,0.4544,1.5871463499825358,96,0,96,0
thrashing,synthetic,,SecondChance,ProportionalAllocation,1152,5,1,0.2941,0.4648,1.5804148248894934,108,0,108,0
thrashing,synthetic,,SecondChance,ProportionalAllocation,1152,5,2,0.3022,0.4792,1.585704831237591,120,0,120,0
thrashing,synthetic,,SecondChance,ProportionalAllocation,1152,5,3,0.3072,0.4832,1.5729166666666667,132,0,132,0
thrashing,synthetic,,SecondChance,ProportionalAllocation,1152,5,4,0.3253,0.5117,1.5730095296649247,144,0,144,0
thrashing,synthetic,,SecondChance,ProportionalAllocation,1152,5,5,0.3556,0.5174,1.455005624296963,156,0,156,0
thrashing,synthetic,,SecondChance,ProportionalAllocation,1152,5,6,0.2568,0.4313,1.6795171339563864,24,0,24,0
thrashing,synthetic,,SecondChance,ProportionalAllocation,1152,5,7,0.364,0.5484,1.5065934065934066,180,0,180,0
thrashing,synthetic,,SecondChance,ProportionalAllocation,1152,6,0,0.2889,0.4474,1.548632744894427,96,0,96,0
thrashing,synthetic,,SecondChance,ProportionalAllocation,1152,6,1,0.2949,0.4638,1.572736520854527,108,0,108,0
thrashing,synthetic,,SecondChance,ProportionalAllocation,1152,6,2,0.3091,0.473,1.5302491103202847,120,0,120,0
thrashing,synthetic,,SecondChance,ProportionalAllocation,1152,6,3,0.3102,0.4814,1.5519019987105094,132,0,132,0
thrashing,synthetic,,SecondChance,ProportionalAllocation,1152,6,4,0.3226,0.4907,1.5210787352758834,144,0,144,0
thrashing,synthetic,,SecondChance,ProportionalAllocation,1152,6,5,0.3354,0.5088,1.516994633273703,156,0,156,0
thrashing,synthetic,,SecondChance,ProportionalAllocation,1152,6,6,0.2312,0.4272,1.8477508650519032,24,0,24,0
thrashing,synthetic,,SecondChance,ProportionalAllocation,1152,6,7,0.3702,0.5434,1.467855213398163,180,0,180,0
thrashing,synthetic,,SecondChance,ProportionalAllocation,1152,7,0,0.2798,0.4502,1.6090064331665475,96,0,96,0
thrashing,synthetic,,SecondChance,ProportionalAllocation,1152,7,1,0.2861,0.463,1.6183152743795877,108,0,108,0
thrashing,synthetic,,SecondChance,ProportionalAllocation,1152,7,2,0.3013,0.4819,1.599402588781945,120,0,120,0
thrashing,synthetic,,SecondChance,ProportionalAllocation,1152,7,3,0.3118,0.4893,1.5692751763951251,132,0,132,0
thrashing,synthetic,,SecondChance,ProportionalAllocation,1152,7,4,0.325,0.5001,1.5387692307692307,144,0,144,0
thrashing,synthetic,,SecondChance,ProportionalAllocation,1152,7,5,0.3358,0.5146,1.532459797498511,156,0,156,0
thrashing,synthetic,,SecondChance,ProportionalAllocation,1152,7,6,0.2339,0.4336,1.853783668234288,24,0,24,0
thrashing,synthetic,,SecondChance,ProportionalAllocation,1152,7,7,0.3682,0.5433,1.475556762629006,180,0,180,0
thrashing,synthetic,,SecondChance,ProportionalAllocation,1152,8,0,0.2838,0.4438,1.5637773079633546,96,0,96,0
thrashing,synthetic,,SecondChance,ProportionalAllocation,1152,8,1,0.2929,0.4577,1.5626493683851144,108,0,108,0
thrashing,synthetic,,SecondChance,ProportionalAllocation,1152,8,2,0.3039,0.4708,1.5491938137545245,120,0,120,0
thrashing,synthetic,,SecondChance,ProportionalAllocation,1152,8,3,0.3145,0.4815,1.5310015898251192,132,0,132,0
thrashing,synthetic,,SecondChance,ProportionalAllocation,1152,8,4,0.3224,0.4882,1.5142679900744418,144,0,144,0
thrashing,synthetic,,SecondChance,ProportionalAllocation,1152,8,5,0.3316,0.5016,1.5126658624849216,156,0,156,0
thrashing,synthetic,,SecondChance,ProportionalAllocation,1152,8,6,0.2338,0.4178,1.7869974337040204,24,0,24,0
thrashing,synthetic,,SecondChance,ProportionalAllocation,1152,8,7,0.3758,0.5353,1.4244278871740288,180,0,180,0
thrashing,synthetic,,SecondChance,ProportionalAllocation,1152,9,0,0.2807,0.4737,1.687566797292483,96,0,96,0
thrashing,synthetic,,SecondChance,ProportionalAllocation,1152,9,1,0.2893,0.4871,1.6837193225025924,108,0,108,0
thrashing,synthetic,,SecondChance,ProportionalAllocation,1152,9,2,0.3009,0.5188,1.7241608507809905,120,0,120,0
thrashing,synthetic,,SecondChance,ProportionalAllocation,1152,9,3,0.3071,0.5043,1.6421361120156301,132,0,132,0
thrashing,synthetic,,SecondChance,ProportionalAllocation,1152,9,4,0.3245,0.5205,1.6040061633281972,144,0,144,0
thrashing,synthetic,,SecondChance,ProportionalAllocation,1152,9,5,0.3317,0.528,1.5917998191136569,156,0,156,0
thrashing,synthetic,,SecondChance,ProportionalAllocation,1152,9,6,0.2314,0.4449,1.9226447709593777,24,0,24,0
thrashing,synthetic,,SecondChance,ProportionalAllocation,1152,9,7,0.3662,0.5561,1.5185690879300928,180,0,180,0
thrashing,synthetic,,WSClock,GlobalAllocation,1152,0,0,0.2938,0.8395,2.8573859768550034,96,,,
thrashing,synthetic,,WSClock,GlobalAllocation,1152,0,1,0.2986,1.0666,3.5720026791694575,108,,,
thrashing,synthetic,,WSClock,GlobalAllocation,1152,0,2,0.3015,1.2253,4.064013266998342,120,,,
thrashing,synthetic,,WSClock,GlobalAllocation,1152,0,3,0.3139,1.2141,3.867792290538388,132,,,
thrashing,synthetic,,WSClock,GlobalAllocation,1152,0,4,0.3224,1.3605,4.219913151364764,144,,,
thrashing,synthetic,,WSClock,GlobalAllocation,1152,0,5,0.3433,1.3505,3.933877075444218,156,,,
thrashing,synthetic,,WSClock,GlobalAllocation,1152,0,6,0.235,0.6862,2.92,24,,,
thrashing,synthetic,,WSClock,GlobalAllocation,1152,0,7,0.3634,1.5945,4.387727022564667,180,,,
thrashing,synthetic,,WSClock,GlobalAllocation,1152,1,0,0.285,0.8324,2.920701754385965,96,,,
thrashing,synthetic,,WSClock,GlobalAllocation,1152,1,1,0.3104,1.0795,3.477770618556701,108,,,
thrashing,synthetic,,WSClock,GlobalAllocation,1152,1,2,0.3046,1.1159,3.66349310571241,120,,,
thrashing,synthetic,,WSClock,GlobalAllocation,1152,1,3,0.3117,1.252,4.0166827077317935,132,,,
thrashing,synthetic,,WSClock,GlobalAllocation,1152,1,4,0.3285,1.3362,4.067579908675799,144,,,
thrashing,synthetic,,WSClock,GlobalAllocation,1152,1,5,0.3347,1.3843,4.135942635195698,156,,,
thrashing,synthetic,,WSClock,GlobalAllocation,1152,1,6,0.2373,0.684,2.8824273072060684,24,,,
thrashing,synthetic,,WSClock,GlobalAllocation,1152,1,7,0.3692,1.6198,4.387323943661972,180,,,
thrashing,synthetic,,WSClock,GlobalAllocation,1152,2,0,0.2787,0.8008,2.873340509508432,96,,,
thrashing,synthetic,,WSClock,GlobalAllocation,1152,2,1,0.2884,1.0321,3.5787101248266295,108,,,
thrashing,synthetic,,WSClock,GlobalAllocation,1152,2,2,0.2995,1.0951,3.6564273789649415,120,,,
thrashing,synthetic,,WSClock,GlobalAllocation,1152,2,3,0.3119,1.2351,3.95992305226034,132,,,
thrashing,synthetic,,WSClock,GlobalAllocation,1152,2,4,0.3226,1.3678,4.239925604463732,144,,,
thrashing,synthetic,,WSClock,GlobalAllocation,1152,2,5,0.3395,1.4884,4.384094256259205,156,,,
thrashing,synthetic,,WSClock,GlobalAllocation,1152,2,6,0.2363,0.6796,2.876005078290309,24,,,
thrashing,synthetic,,WSClock,GlobalAllocation,1152,2,7,0.3699,1.6081,4.347391186807245,180,,,
thrashing,synthetic,,WSClock,GlobalAllocation,1152,3,0,0.2832,0.9072,3.2033898305084745,96,,,
thrashing,synthetic,,WSClock,GlobalAllocation,1152,3,1,0.2943,1.0484,3.562351342167856,108,,,
thrashing,synthetic,,WSClock,GlobalAllocation,1152,3,2,0.3105,1.1588,3.7320450885668275,120,,,
thrashing,synthetic,,WSClock,GlobalAllocation,1152,3,3,0.3152,1.2437,3.945748730964467,132,,,
thrashing,synthetic,,WSClock,GlobalAllocation,1152,3,4,0.3272,1.2544,3.8337408312958434,144,,,
thrashing,synthetic,,WSClock,GlobalAllocation,1152,3,5,0.3407,1.373,4.02993836219548,156,,,
thrashing,synthetic,,WSClock,GlobalAllocation,1152,3,6,0.237,0.6865,2.8966244725738397,24,,,
thrashing,synthetic,,WSClock,GlobalAllocation,1152,3,7,0.3705,1.5384,4.152226720647773,180,,,
thrashing,synthetic,,WSClock,GlobalAllocation,1152,4,0,0.5397,1.2521,2.319992588475079,96,,,
thrashing,synthetic,,WSClock,GlobalAllocation,1152,4,1,0.5711,1.6982,2.9735597968832077,108,,,
thrashing,synthetic,,WSClock,GlobalAllocation,1152,4,2,0.2744,1.7909,6.526603498542274,120,,,
thrashing,synthetic,,WSClock,GlobalAllocation,1152,4,3,0.2921,1.9307,6.609722697706265,132,,,
thrashing,synthetic,,WSClock,GlobalAllocation,1152,4,4,0.2968,2.0416,6.878706199460916,144,,,
thrashing,synthetic,,WSClock,GlobalAllocation,1152,4,5,0.3247,2.2829,7.030797659377887,156,,,
thrashing,synthetic,,WSClock,GlobalAllocation,1152,4,6,0.2122,0.968,4.561734213006598,24,,,
thrashing,synthetic,,WSClock,GlobalAllocation,1152,4,7,0.3633,2.4713,6.802367189650426,180,,,
thrashing,synthetic,,WSClock,GlobalAllocation,1152,5,0,0.3647,0.9038,2.4782012613106663,96,,,
thrashing,synthetic,,WSClock,GlobalAllocation,1152,5,1,0.3483,1.0848,3.114556416881998,108,,,
thrashing,synthetic,,WSClock,GlobalAllocation,1152,5,2,0.302,1.1313,3.746026490066225,120,,,
thrashing,synthetic,,WSClock,GlobalAllocation,1152,5,3,0.3146,1.2714,4.041322314049586,132,,,
thrashing,synthetic,,WSClock,GlobalAllocation,1152,5,4,0.3248,1.3233,4.074199507389163,144,,,
thrashing,synthetic,,WSClock,GlobalAllocation,1152,5,5,0.3383,1.4503,4.28702335205439,156,,,
thrashing,synthetic,,WSClock,GlobalAllocation,1152,5,6,0.2334,0.6971,2.986718080548415,24,,,
thrashing,synthetic,,WSClock,GlobalAllocation,1152,5,7,0.3729,1.6407,4.399839098954144,180,,,
thrashing,synthetic,,WSClock,GlobalAllocation,1152,6,0,0.296,0.941,3.179054054054054,96,,,
thrashing,synthetic,,WSClock,GlobalAllocation,1152,6,1,0.2904,1.0371,3.571280991735537,108,,,
thrashing,synthetic,,WSClock,GlobalAllocation,1152,6,2,0.2995,1.2072,4.030717863105175,120,,,
thrashing,synthetic,,WSClock,GlobalAllocation,1152,6,3,0.309,1.2508,4.04789644012945,132,,,
thrashing,synthetic,,WSClock,GlobalAllocation,1152,6,4,0.3213,1.3674,4.2558356676003735,144,,,
thrashing,synthetic,,WSClock,GlobalAllocation,1152,6,5,0.3528,1.4406,4.083333333333333,156,,,
thrashing,synthetic,,WSClock,GlobalAllocation,1152,6,6,0.2388,0.7213,3.0205192629815745,24,,,
thrashing,synthetic,,WSClock,GlobalAllocation,1152,6,7,0.367,1.7349,4.72724795640327,180,,,
thrashing,synthetic,,WSClock,GlobalAllocation,1152,7,0,0.2862,0.9035,3.1568832983927324,96,,,
thrashing,synthetic,,WSClock,GlobalAllocation,1152,7,1,0.2912,1.1245,3.861607142857143,108,,,
thrashing,synthetic,,WSClock,GlobalAllocation,1152,7,2,0.3204,1.0991,3.43039950062422,120,,,
thrashing,synthetic,,WSClock,GlobalAllocation,1152,7,3,0.3116,1.2173,3.9066110397946083,132,,,
thrashing,synthetic,,WSClock,GlobalAllocation,1152,7,4,0.3256,1.3638,4.188574938574939,144,,,
thrashing,synthetic,,WSClock,GlobalAllocation,1152,7,5,0.3404,1.457,4.280258519388954,156,,,
thrashing,synthetic,,WSClock,GlobalAllocation,1152,7,6,0.2405,0.7109,2.955925155925156,24,,,
thrashing,synthetic,,WSClock,GlobalAllocation,1152,7,7,0.3701,1.6607,4.487165630910565,180,,,
thrashing,synthetic,,WSClock,GlobalAllocation,1152,8,0,0.2864,0.8907,3.109986033519553,96,,,
thrashing,synthetic,,WSClock,GlobalAllocation,1152,8,1,0.2914,1.0291,3.5315717227179135,108,,,
thrashing,synthetic,,WSClock,GlobalAllocation,1152,8,2,0.3409,1.0856,3.1845115869756526,120,,,
thrashing,synthetic,,WSClock,GlobalAllocation,1152,8,3,0.3112,1.2287,3.9482647814910026,132,,,
thrashing,synthetic,,WSClock,GlobalAllocation,1152,8,4,0.3313,1.3467,4.064895864775128,144,,,
thrashing,synthetic,,WSClock,GlobalAllocation,1152,8,5,0.3355,1.4185,4.228017883755589,156,,,
thrashing,synthetic,,WSClock,GlobalAllocation,1152,8,6,0.2348,0.6637,2.8266609880749574,24,,,
thrashing,synthetic,,WSClock,GlobalAllocation,1152,8,7,0.3803,1.6328,4.293452537470418,180,,,
thrashing,synthetic,,WSClock,GlobalAllocation,1152,9,0,0.2589,0.8487,3.2780996523754347,96,,,
thrashing,synthetic,,WSClock,GlobalAllocation,1152,9,1,0.2666,0.9504,3.5648912228057013,108,,,
thrashing,synthetic,,WSClock,GlobalAllocation,1152,9,2,0.2745,1.0809,3.9377049180327868,120,,,
thrashing,synthetic,,WSClock,GlobalAllocation,1152,9,3,0.2862,1.0724,3.7470300489168413,132,,,
thrashing,synthetic,,WSClock,GlobalAllocation,1152,9,4,0.2959,1.2148,4.105441027374113,144,,,
thrashing,synthetic,,WSClock,GlobalAllocation,1152,9,5,0.3076,1.3085,4.253901170351106,156,,,
thrashing,synthetic,,WSClock,GlobalAllocation,1152,9,6,0.2125,0.6589,3.100705882352941,24,,,
thrashing,synthetic,,WSClock,GlobalAllocation,1152,9,7,0.3308,1.5394,4.653567110036276,180,,,
thrashing,synthetic,,WSClock,LocalAllocation,1152,0,0,0.2836,0.4559,1.6075458392101551,96,0,96,0
thrashing,synthetic,,WSClock,LocalAllocation,1152,0,1,0.2879,0.4657,1.617575547064953,108,0,108,0
thrashing,synthetic,,WSClock,LocalAllocation,1152,0,2,0.3012,0.4754,1.5783532536520584,120,0,120,0
thrashing,synthetic,,WSClock,LocalAllocation,1152,0,3,0.3205,0.4875,1.5210608424336973,132,0,132,0
thrashing,synthetic,,WSClock,LocalAllocation,1152,0,4,0.332,0.5107,1.5382530120481928,144,0,144,0
thrashing,synthetic,,WSClock,LocalAllocation,1152,0,5,0.3357,5.9483,17.719094429550193,665,521,665,69
thrashing,synthetic,,WSClock,LocalAllocation,1152,0,6,0.2301,0.4294,1.8661451542807475,24,0,24,0
thrashing,synthetic,,WSClock,LocalAllocation,1152,0,7,0.3617,13.9449,38.55377384572851,918,774,918,180
thrashing,synthetic,,WSClock,LocalAllocation,1152,1,0,0.2885,0.4583,1.5885615251299827,96,0,96,0
thrashing,synthetic,,WSClock,LocalAllocation,1152,1,1,0.2867,0.4636,1.6170212765957446,108,0,108,0
thrashing,synthetic,,WSClock,LocalAllocation,1152,1,2,0.2985,0.4854,1.6261306532663315,120,0,120,0
thrashing,synthetic,,WSClock,LocalAllocation,1152,1,3,0.3156,0.4838,1.5329531051964511,132,0,132,0
thrashing,synthetic,,WSClock,LocalAllocation,1152,1,4,0.3217,0.4998,1.5536213863848305,144,0,144,0
thrashing,synthetic,,WSClock,LocalAllocation,1152,1,5,0.3317,5.0336,15.175158275550196,664,520,664,55
thrashing,synthetic,,WSClock,LocalAllocation,1152,1,6,0.2329,0.4297,1.8449978531558608,24,0,24,0
thrashing,synthetic,,WSClock,LocalAllocation,1152,1,7,0.3669,13.977,38.09484873262469,922,778,922,186
thrashing,synthetic,,WSClock,LocalAllocation,1152,2,0,0.2928,0.4644,1.5860655737704918,96,0,96,0
thrashing,synthetic,,WSClock,LocalAllocation,1152,2,1,0.2927,0.4723,1.6135975401434917,108,0,108,0
thrashing,synthetic,,WSClock,LocalAllocation,1152,2,2,0.2977,0.4842,1.626469600268727,120,0,120,0
thrashing,synthetic,,WSClock,LocalAllocation,1152,2,3,0.3109,0.4902,1.5767127693792216,132,0,132,0
thrashing,synthetic,,WSClock,LocalAllocation,1152,2,4,0.3259,0.51,1.5648972077324332,144,0,144,0
thrashing,synthetic,,WSClock,LocalAllocation,1152,2,5,0.3381,5.8384,17.26826382727004,645,501,645,65
thrashing,synthetic,,WSClock,LocalAllocation,1152,2,6,0.2387,0.4377,1.8336824465856725,24,0,24,0
thrashing,synthetic,,WSClock,LocalAllocation,1152,2,7,0.3899,11.9715,30.70402667350603,914,770,914,149
thrashing,synthetic,,WSClock,LocalAllocation,1152,3,0,0.2851,0.4533,1.5899684321290775,96,0,96,0
thrashing,synthetic,,WSClock,LocalAllocation,1152,3,1,0.2917,0.4744,1.6263284196091876,108,0,108,0
thrashing,synthetic,,WSClock,LocalAllocation,1152,3,2,0.3028,0.4725,1.560435931307794,120,0,120,0
thrashing,synthetic,,WSClock,LocalAllocation,1152,3,3,0.3352,0.4876,1.454653937947494,132,0,132,0
thrashing,synthetic,,WSClock,LocalAllocation,1152,3,4,0.3259,0.4973,1.525928198833998,144,0,144,0
thrashing,synthetic,,WSClock,LocalAllocation,1152,3,5,0.3374,5.9416,17.609958506224068,644,500,644,68
thrashing,synthetic,,WSClock,LocalAllocation,1152,3,6,0.2374,0.4277,1.8016006739679866,24,0,24,0
thrashing,synthetic,,WSClock,LocalAllocation,1152,3,7,0.3757,11.871,31.59701889805696,897,753,897,152
thrashing,synthetic,,WSClock,LocalAllocation,1152,4,0,0.2806,0.4669,1.6639344262295082,96,0,96,0
thrashing,synthetic,,WSClock,LocalAllocation,1152,4,1,0.2935,0.4764,1.6231686541737649,108,0,108,0
thrashing,synthetic,,WSClock,LocalAllocation,1152,4,2,0.3017,0.5278,1.7494199535962878,120,0,120,0
thrashing,synthetic,,WSClock,LocalAllocation,1152,4,3,0.3136,0.4992,1.5918367346938775,132,0,132,0
thrashing,synthetic,,WSClock,LocalAllocation,1152,4,4,0.3233,0.5178,1.6016084132384782,144,0,144,0
thrashing,synthetic,,WSClock,LocalAllocation,1152,4,5,0.3442,6.9718,20.25508425334108,647,503,647,80
thrashing,synthetic,,WSClock,LocalAllocation,1152,4,6,0.2327,0.4492,1.9303824666953158,24,0,24,0
thrashing,synthetic,,WSClock,LocalAllocation,1152,4,7,0.366,12.2641,33.50846994535519,934,790,934,149
thrashing,synthetic,,WSClock,LocalAllocation,1152,5,0,0.281,0.4614,1.6419928825622776,96,0,96,0
thrashing,synthetic,,WSClock,LocalAllocation,1152,5,1,0.3167,0.4614,1.4568992737606568,108,0,108,0
thrashing,synthetic,,WSClock,LocalAllocation,1152,5,2,0.3262,0.4831,1.4809932556713672,120,0,120,0
thrashing,synthetic,,WSClock,LocalAllocation,1152,5,3,0.3093,0.4909,1.587132234076948,132,0,132,0
thrashing,synthetic,,WSClock,LocalAllocation,1152,5,4,0.3254,0.4984,1.5316533497234173,144,0,144,0
thrashing,synthetic,,WSClock,LocalAllocation,1152,5,5,0.3359,6.1973,18.4498362607919,642,498,642,75
thrashing,synthetic,,WSClock,LocalAllocation,1152,5,6,0.2326,0.4333,1.8628546861564919,24,0,24,0
thrashing,synthetic,,WSClock,LocalAllocation,1152,5,7,0.3741,13.1743,35.21598503074044,930,786,930,174
thrashing,synthetic,,WSClock,LocalAllocation,1152,6,0,0.2852,0.4498,1.5771388499298737,96,0,96,0
thrashing,synthetic,,WSClock,LocalAllocation,1152,6,1,0.2914,0.4656,1.5978037062457104,108,0,108,0
thrashing,synthetic,,WSClock,LocalAllocation,1152,6,2,0.3034,0.473,1.5589980224126565,120,0,120,0
thrashing,synthetic,,WSClock,LocalAllocation,1152,6,3,0.3139,0.4822,1.536158012105766,132,0,132,0
thrashing,synthetic,,WSClock,LocalAllocation,1152,6,4,0.3251,0.4988,1.534297139341741,144,0,144,0
thrashing,synthetic,,WSClock,LocalAllocation,1152,6,5,0.3395,5.4408,16.025920471281296,649,505,649,63
thrashing,synthetic,,WSClock,LocalAllocation,1152,6,6,0.2327,0.4293,1.8448646325741298,24,0,24,0
thrashing,synthetic,,WSClock,LocalAllocation,1152,6,7,0.3686,13.7803,37.38551275094954,922,778,922,182
thrashing,synthetic,,WSClock,LocalAllocation,1152,7,0,0.2837,0.4867,1.7155445893549524,96,0,96,0
thrashing,synthetic,,WSClock,LocalAllocation,1152,7,1,0.2944,0.4708,1.5991847826086956,108,0,108,0
thrashing,synthetic,,WSClock,LocalAllocation,1152,7,2,0.3249,0.4817,1.4826100338565713,120,0,120,0
thrashing,synthetic,,WSClock,LocalAllocation,1152,7,3,0.3121,0.4959,1.5889138096763857,132,0,132,0
thrashing,synthetic,,WSClock,LocalAllocation,1152,7,4,0.3398,0.4993,1.4693937610359036,144,0,144,0
thrashing,synthetic,,WSClock,LocalAllocation,1152,7,5,0.3371,6.7231,19.943933550875112,672,528,672,81
thrashing,synthetic,,WSClock,LocalAllocation,1152,7,6,0.2329,0.4345,1.8656075568913697,24,0,24,0
thrashing,synthetic,,WSClock,LocalAllocation,1152,7,7,0.3665,13.0893,35.71432469304229,918,774,918,164
thrashing,synthetic,,WSClock,LocalAllocation,1152,8,0,0.2806,0.4642,1.654312188168211,96,0,96,0
thrashing,synthetic,,WSClock,LocalAllocation,1152,8,1,0.3035,0.4789,1.5779242174629324,108,0,108,0
thrashing,synthetic,,WSClock,LocalAllocation,1152,8,2,0.3046,0.485,1.5922521339461588,120,0,120,0
thrashing,synthetic,,WSClock,LocalAllocation,1152,8,3,0.3202,0.4977,1.5543410368519675,132,0,132,0
thrashing,synthetic,,WSClock,LocalAllocation,1152,8,4,0.3312,0.5093,1.5377415458937198,144,0,144,0
thrashing,synthetic,,WSClock,LocalAllocation,1152,8,5,0.3406,5.8206,17.08925425719319,619,475,619,67
thrashing,synthetic,,WSClock,LocalAllocation,1152,8,6,0.237,0.4418,1.8641350210970464,24,0,24,0
thrashing,synthetic,,WSClock,LocalAllocation,1152,8,7,0.3653,13.2576,36.29236244182864,925,781,925,168
thrashing,synthetic,,WSClock,LocalAllocation,1152,9,0,0.2857,0.4546,1.591179558977949,96,0,96,0
thrashing,synthetic,,WSClock,LocalAllocation,1152,9,1,0.293,0.4608,1.5726962457337883,108,0,108,0
thrashing,synthetic,,WSClock,LocalAllocation,1152,9,2,0.339,0.4698,1.3858407079646018,120,0,120,0
thrashing,synthetic,,WSClock,LocalAllocation,1152,9,3,0.3016,0.4875,1.6163793103448276,132,0,132,0
thrashing,synthetic,,WSClock,LocalAllocation,1152,9,4,0.3078,0.4955,1.6098115659519168,144,0,144,0
thrashing,synthetic,,WSClock,LocalAllocation,1152,9,5,0.3247,6.1107,18.81952571604558,672,528,672,73
thrashing,synthetic,,WSClock,LocalAllocation,1152,9,6,0.2227,0.4244,1.9057027391109116,24,0,24,0
thrashing,synthetic,,WSClock,LocalAllocation,1152,9,7,0.3736,12.4803,33.40551391862955,918,774,918,161
thrashing,synthetic,,WSClock,ProportionalAllocation,1152,0,0,0.2849,0.4647,1.631098631098631,96,0,96,0
thrashing,synthetic,,WSClock,ProportionalAllocation,1152,0,1,0.2942,0.4713,1.6019714479945615,108,0,108,0
thrashing,synthetic,,WSClock,ProportionalAllocation,1152,0,2,0.3048,0.485,1.5912073490813647,120,0,120,0
thrashing,synthetic,,WSClock,ProportionalAllocation,1152,0,3,0.3159,0.491,1.5542893320671098,132,0,132,0
thrashing,synthetic,,WSClock,ProportionalAllocation,1152,0,4,0.3232,0.5056,1.5643564356435644,144,0,144,0
thrashing,synthetic,,WSClock,ProportionalAllocation,1152,0,5,0.3415,0.5148,1.507467057101025,156,0,156,0
thrashing,synthetic,,WSClock,ProportionalAllocation,1152,0,6,0.2337,0.4421,1.8917415489944374,24,0,24,0
thrashing,synthetic,,WSClock,ProportionalAllocation,1152,0,7,0.3754,0.5539,1.4754928076718168,180,0,180,0
thrashing,synthetic,,WSClock,ProportionalAllocation,1152,1,0,0.2841,0.4594,1.6170362548398451,96,0,96,0
thrashing,synthetic,,WSClock,ProportionalAllocation,1152,1,1,0.2925,0.4667,1.5955555555555556,108,0,108,0
thrashing,synthetic,,WSClock,ProportionalAllocation,1152,1,2,0.308,0.4796,1.5571428571428572,120,0,120,0
thrashing,synthetic,,WSClock,ProportionalAllocation,1152,1,3,0.318,0.4868,1.5308176100628932,132,0,132,0
thrashing,synthetic,,WSClock,ProportionalAllocation,1152,1,4,0.323,0.4999,1.5476780185758514,144,0,144,0
thrashing,synthetic,,WSClock,ProportionalAllocation,1152,1,5,0.3377,0.5112,1.5137696180041458,156,0,156,0
thrashing,synthetic,,WSClock,ProportionalAllocation,1152,1,6,0.2387,0.4325,1.811897779639715,24,0,24,0
thrashing,synthetic,,WSClock,ProportionalAllocation,1152,1,7,0.3628,0.5462,1.5055126791620728,180,0,180,0
thrashing,synthetic,,WSClock,ProportionalAllocation,1152,2,0,0.28,0.4768,1.7028571428571428,96,0,96,0
thrashing,synthetic,,WSClock,ProportionalAllocation,1152,2,1,0.2908,0.4586,1.577028885832187,108,0,108,0
thrashing,synthetic,,WSClock,ProportionalAllocation,1152,2,2,0.3002,0.481,1.6022651565622918,120,0,120,0
thrashing,synthetic,,WSClock,ProportionalAllocation,1152,2,3,0.3156,0.4834,1.5316856780735109,132,0,132,0
thrashing,synthetic,,WSClock,ProportionalAllocation,1152,2,4,0.32,0.4974,1.554375,144,0,144,0
thrashing,synthetic,,WSClock,ProportionalAllocation,1152,2,5,0.3383,0.5095,1.5060597103162874,156,0,156,0
thrashing,synthetic,,WSClock,ProportionalAllocation,1152,2,6,0.2349,0.4364,1.857811834823329,24,0,24,0
thrashing,synthetic,,WSClock,ProportionalAllocation,1152,2,7,0.3642,0.549,1.5074135090609555,180,0,180,0
thrashing,synthetic,,WSClock,ProportionalAllocation,1152,3,0,0.2812,0.455,1.6180654338549076,96,0,96,0
thrashing,synthetic,,WSClock,ProportionalAllocation,1152,3,1,0.2901,0.4674,1.6111685625646328,108,0,108,0
thrashing,synthetic,,WSClock,ProportionalAllocation,1152,3,2,0.2984,0.4777,1.6008713136729222,120,0,120,0
thrashing,synthetic,,WSClock,ProportionalAllocation,1152,3,3,0.3149,0.4898,1.5554144172753255,132,0,132,0
thrashing,synthetic,,WSClock,ProportionalAllocation,1152,3,4,0.3279,0.5004,1.526075022872827,144,0,144,0
thrashing,synthetic,,WSClock,ProportionalAllocation,1152,3,5,0.3347,0.5145,1.5371974902898118,156,0,156,0
thrashing,synthetic,,WSClock,ProportionalAllocation,1152,3,6,0.2353,0.4317,1.8346791330216745,24,0,24,0
thrashing,synthetic,,WSClock,ProportionalAllocation,1152,3,7,0.3693,0.5486,1.4855131329542377,180,0,180,0
thrashing,synthetic,,WSClock,ProportionalAllocation,1152,4,0,0.283,0.4542,1.6049469964664311,96,0,96,0
thrashing,synthetic,,WSClock,ProportionalAllocation,1152,4,1,0.291,0.4591,1.5776632302405498,108,0,108,0
thrashing,synthetic,,WSClock,ProportionalAllocation,1152,4,2,0.299,0.4696,1.5705685618729097,120,0,120,0
thrashing,synthetic,,WSClock,ProportionalAllocation,1152,4,3,0.3119,0.4776,1.531260019236935,132,0,132,0
thrashing,synthetic,,WSClock,ProportionalAllocation,1152,4,4,0.3249,0.4939,1.5201600492459217,144,0,144,0
thrashing,synthetic,,WSClock,ProportionalAllocation,1152,4,5,0.3541,0.508,1.4346229878565377,156,0,156,0
thrashing,synthetic,,WSClock,ProportionalAllocation,1152,4,6,0.2349,0.4283,1.8233290762026395,24,0,24,0
thrashing,synthetic,,WSClock,ProportionalAllocation,1152,4,7,0.3681,0.5359,1.4558543873947296,180,0,180,0
thrashing,synthetic,,WSClock,ProportionalAllocation,1152,5,0,0.2816,0.4477,1.58984375,96,0,96,0
thrashing,synthetic,,WSClock,ProportionalAllocation,1152,5,1,0.2977,0.5723,1.9224051058112193,108,0,108,0
thrashing,synthetic,,WSClock,ProportionalAllocation,1152,5,2,0.307,0.4742,1.5446254071661238,120,0,120,0
thrashing,synthetic,,WSClock,ProportionalAllocation,1152,5,3,0.3124,0.4791,1.5336107554417413,132,0,132,0
thrashing,synthetic,,WSClock,ProportionalAllocation,1152,5,4,0.3251,0.4913,1.5112273146724085,144,0,144,0
thrashing,synthetic,,WSClock,ProportionalAllocation,1152,5,5,0.3371,0.5053,1.498961732423613,156,0,156,0
thrashing,synthetic,,WSClock,ProportionalAllocation,1152,5,6,0.2354,0.4213,1.7897196261682242,24,0,24,0
thrashing,synthetic,,WSClock,ProportionalAllocation,1152,5,7,0.3696,0.5366,1.451839826839827,180,0,180,0
thrashing,synthetic,,WSClock,ProportionalAllocation,1152,6,0,0.2786,0.4603,1.65218951902369,96,0,96,0
thrashing,synthetic,,WSClock,ProportionalAllocation,1152,6,1,0.2923,0.4778,1.6346219637358879,108,0,108,0
thrashing,synthetic,,WSClock,ProportionalAllocation,1152,6,2,0.3094,0.4879,1.5769230769230769,120,0,120,0
thrashing,synthetic,,WSClock,ProportionalAllocation,1152,6,3,0.3101,0.4973,1.6036762334730732,132,0,132,0
thrashing,synthetic,,WSClock,ProportionalAllocation,1152,6,4,0.3248,0.5052,1.5554187192118227,144,0,144,0
thrashing,synthetic,,WSClock,ProportionalAllocation,1152,6,5,0.3621,0.5241,1.447390223695112,156,0,156,0
thrashing,synthetic,,WSClock,ProportionalAllocation,1152,6,6,0.232,0.4427,1.9081896551724138,24,0,24,0
thrashing,synthetic,,WSClock,ProportionalAllocation,1152,6,7,0.3715,0.5505,1.4818304172274563,180,0,180,0
thrashing,synthetic,,WSClock,ProportionalAllocation,1152,7,0,0.283,0.4701,1.6611307420494699,96,0,96,0
thrashing,synthetic,,WSClock,ProportionalAllocation,1152,7,1,0.2916,0.4744,1.626886145404664,108,0,108,0
thrashing,synthetic,,WSClock,ProportionalAllocation,1152,7,2,0.3057,0.4908,1.60549558390579,120,0,120,0
thrashing,synthetic,,WSClock,ProportionalAllocation,1152,7,3,0.3132,0.5065,1.617177522349936,132,0,132,0
thrashing,synthetic,,WSClock,ProportionalAllocation,1152,7,4,0.3237,0.5188,1.6027185665739883,144,0,144,0
thrashing,synthetic,,WSClock,ProportionalAllocation,1152,7,5,0.3376,0.5316,1.5746445497630333,156,0,156,0
thrashing,synthetic,,WSClock,ProportionalAllocation,1152,7,6,0.2332,0.4369,1.8734991423670668,24,0,24,0
thrashing,synthetic,,WSClock,ProportionalAllocation,1152,7,7,0.368,0.5634,1.5309782608695652,180,0,180,0
thrashing,synthetic,,WSClock,ProportionalAllocation,1152,8,0,0.2851,0.4548,1.5952297439494914,96,0,96,0
thrashing,synthetic,,WSClock,ProportionalAllocation,1152,8,1,0.2961,0.4686,1.5825734549138804,108,0,108,0
thrashing,synthetic,,WSClock,ProportionalAllocation,1152,8,2,0.3023,0.4808,1.5904730400264637,120,0,120,0
thrashing,synthetic,,WSClock,ProportionalAllocation,1152,8,3,0.3155,0.496,1.572107765451664,132,0,132,0
thrashing,synthetic,,WSClock,ProportionalAllocation,1152,8,4,0.321,0.5001,1.5579439252336449,144,0,144,0
thrashing,synthetic,,WSClock,ProportionalAllocation,1152,8,5,0.3306,0.5154,1.558983666061706,156,0,156,0
thrashing,synthetic,,WSClock,ProportionalAllocation,1152,8,6,0.2407,0.4351,1.8076443705857914,24,0,24,0
thrashing,synthetic,,WSClock,ProportionalAllocation,1152,8,7,0.3673,0.5519,1.5025864416008712,180,0,180,0
thrashing,synthetic,,WSClock,ProportionalAllocation,1152,9,0,0.2791,0.4551,1.6305983518452167,96,0,96,0
thrashing,synthetic,,WSClock,ProportionalAllocation,1152,9,1,0.2883,0.4614,1.6004162330905307,108,0,108,0
thrashing,synthetic,,WSClock,ProportionalAllocation,1152,9,2,0.3042,0.4718,1.5509533201840895,120,0,120,0
thrashing,synthetic,,WSClock,ProportionalAllocation,1152,9,3,0.3125,0.4881,1.56192,132,0,132,0
thrashing,synthetic,,WSClock,ProportionalAllocation,1152,9,4,0.3437,0.495,1.4402094850160023,144,0,144,0
thrashing,synthetic,,WSClock,ProportionalAllocation,1152,9,5,0.3369,0.5054,1.500148411991689,156,0,156,0
thrashing,synthetic,,WSClock,ProportionalAllocation,1152,9,6,0.2369,0.4292,1.8117349092444068,24,0,24,0
thrashing,synthetic,,WSClock,ProportionalAllocation,1152,9,7,0.3691,0.5381,1.4578704958005961,180,0,180,0
thrashing,synthetic,,FIFO,GlobalAllocation,1440,0,0,0.1864,0.5026,2.6963519313304722,96,,,
thrashing,synthetic,,FIFO,GlobalAllocation,1440,0,1,0.1888,0.5728,3.0338983050847457,108,,,
thrashing,synthetic,,FIFO,GlobalAllocation,1440,0,2,0.1873,0.5825,3.1099839829151095,120,,,
thrashing,synthetic,,FIFO,GlobalAllocation,1440,0,3,0.1986,0.583,2.9355488418932527,132,,,
thrashing,synthetic,,FIFO,GlobalAllocation,1440,0,4,0.2008,0.5966,2.9711155378486054,144,,,
thrashing,synthetic,,FIFO,GlobalAllocation,1440,0,5,0.2044,0.5985,2.9280821917808217,156,,,
thrashing,synthetic,,FIFO,GlobalAllocation,1440,0,6,0.1605,0.5288,3.2947040498442366,24,,,
thrashing,synthetic,,FIFO,GlobalAllocation,1440,0,7,0.2115,0.6069,2.8695035460992906,180,,,
thrashing,synthetic,,FIFO,GlobalAllocation,1440,1,0,0.1857,0.5078,2.734518039849219,96,,,
thrashing,synthetic,,FIFO,GlobalAllocation,1440,1,1,0.1856,0.5708,3.0754310344827585,108,,,
thrashing,synthetic,,FIFO,GlobalAllocation,1440,1,2,0.1941,0.5803,2.9896960329726947,120,,,
thrashing,synthetic,,FIFO,GlobalAllocation,1440,1,3,0.1944,0.5958,3.064814814814815,132,,,
thrashing,synthetic,,FIFO,GlobalAllocation,1440,1,4,0.197,0.5986,3.0385786802030457,144,,,
thrashing,synthetic,,FIFO,GlobalAllocation,1440,1,5,0.2047,0.5837,2.8514899853444065,156,,,
thrashing,synthetic,,FIFO,GlobalAllocation,1440,1,6,0.1628,0.5388,3.3095823095823094,24,,,
thrashing,synthetic,,FIFO,GlobalAllocation,1440,1,7,0.2125,0.6226,2.9298823529411764,180,,,
thrashing,synthetic,,FIFO,GlobalAllocation,1440,2,0,0.1937,0.51,2.6329375322663915,96,,,
thrashing,synthetic,,FIFO,GlobalAllocation,1440,2,1,0.1936,0.5793,2.9922520661157024,108,,,
thrashing,synthetic,,FIFO,GlobalAllocation,1440,2,2,0.2051,0.6036,2.9429546562652367,120,,,
thrashing,synthetic,,FIFO,GlobalAllocation,1440,2,3,0.1911,0.5958,3.1177394034536894,132,,,
thrashing,synthetic,,FIFO,GlobalAllocation,1440,2,4,0.1977,0.604,3.055134041476985,144,,,
thrashing,synthetic,,FIFO,GlobalAllocation,1440,2,5,0.2049,0.607,2.9624206930209858,156,,,
thrashing,synthetic,,FIFO,GlobalAllocation,1440,2,6,0.1655,0.5447,3.291238670694864,24,,,
thrashing,synthetic,,FIFO,GlobalAllocation,1440,2,7,0.2154,0.6105,2.8342618384401113,180,,,
thrashing,synthetic,,FIFO,GlobalAllocation,1440,3,0,0.1846,0.5094,2.7594799566630552,96,,,
thrashing,synthetic,,FIFO,GlobalAllocation,1440,3,1,0.1879,0.5818,3.096327833954231,108,,,
thrashing,synthetic,,FIFO,GlobalAllocation,1440,3,2,0.1935,0.5749,2.971059431524548,120,,,
thrashing,synthetic,,FIFO,GlobalAllocation,1440,3,3,0.1926,0.5747,2.9839044652128766,132,,,
thrashing,synthetic,,FIFO,GlobalAllocation,1440,3,4,0.1991,0.5737,2.8814665996986437,144,,,
thrashing,synthetic,,FIFO,GlobalAllocation,1440,3,5,0.2019,0.59,2.922238732045567,156,,,
thrashing,synthetic,,FIFO,GlobalAllocation,1440,3,6,0.1634,0.5349,3.273561811505508,24,,,
thrashing,synthetic,,FIFO,GlobalAllocation,1440,3,7,0.2132,0.5972,2.801125703564728,180,,,
thrashing,synthetic,,FIFO,GlobalAllocation,1440,4,0,0.1826,0.4912,2.6900328587075575,96,,,
thrashing,synthetic,,FIFO,GlobalAllocation,1440,4,1,0.1955,0.5835,2.9846547314578005,108,,,
thrashing,synthetic,,FIFO,GlobalAllocation,1440,4,2,0.1889,0.5663,2.9978824775013235,120,,,
thrashing,synthetic,,FIFO,GlobalAllocation,1440,4,3,0.2148,0.5902,2.7476722532588456,132,,,
thrashing,synthetic,,FIFO,GlobalAllocation,1440,4,4,0.2016,0.5822,2.8878968253968256,144,,,
thrashing,synthetic,,FIFO,GlobalAllocation,1440,4,5,0.2027,0.5891,2.906265416872225,156,,,
thrashing,synthetic,,FIFO,GlobalAllocation,1440,4,6,0.1624,0.5338,3.2869458128078817,24,,,
thrashing,synthetic,,FIFO,GlobalAllocation,1440,4,7,0.2108,0.5964,2.829222011385199,180,,,
thrashing,synthetic,,FIFO,GlobalAllocation,1440,5,0,0.1834,0.4996,2.7241003271537623,96,,,
thrashing,synthetic,,FIFO,GlobalAllocation,1440,5,1,0.187,0.5703,3.0497326203208557,108,,,
thrashing,synthetic,,FIFO,GlobalAllocation,1440,5,2,0.1931,0.5925,3.068358363542206,120,,,
thrashing,synthetic,,FIFO,GlobalAllocation,1440,5,3,0.191,0.5807,3.0403141361256543,132,,,
thrashing,synthetic,,FIFO,GlobalAllocation,1440,5,4,0.198,0.5954,3.007070707070707,144,,,
thrashing,synthetic,,FIFO,GlobalAllocation,1440,5,5,0.3799,0.5938,1.563042906027902,156,,,
thrashing,synthetic,,FIFO,GlobalAllocation,1440,5,6,0.1653,0.5322,3.219600725952813,24,,,
thrashing,synthetic,,FIFO,GlobalAllocation,1440,5,7,0.2102,0.6001,2.8549000951474786,180,,,
thrashing,synthetic,,FIFO,GlobalAllocation,1440,6,0,0.1841,0.5237,2.844649646931016,96,,,
thrashing,synthetic,,FIFO,GlobalAllocation,1440,6,1,0.1885,0.5681,3.013793103448276,108,,,
thrashing,synthetic,,FIFO,GlobalAllocation,1440,6,2,0.192,0.5756,2.997916666666667,120,,,
thrashing,synthetic,,FIFO,GlobalAllocation,1440,6,3,0.1903,0.5734,3.0131371518654757,132,,,
thrashing,synthetic,,FIFO,GlobalAllocation,1440,6,4,0.1993,0.5812,2.916206723532363,144,,,
thrashing,synthetic,,FIFO,GlobalAllocation,1440,6,5,0.2002,0.5995,2.9945054945054945,156,,,
thrashing,synthetic,,FIFO,GlobalAllocation,1440,6,6,0.1607,0.5329,3.3161169881767267,24,,,
thrashing,synthetic,,FIFO,GlobalAllocation,1440,6,7,0.2101,0.6089,2.8981437410756783,180,,,
thrashing,synthetic,,FIFO,GlobalAllocation,1440,7,0,0.1869,0.5784,3.0947030497592296,96,,,
thrashing,synthetic,,FIFO,GlobalAllocation,1440,7,1,0.1878,0.6638,3.534611288604899,108,,,
thrashing,synthetic,,FIFO,GlobalAllocation,1440,7,2,0.1926,0.6452,3.3499480789200415,120,,,
thrashing,synthetic,,FIFO,GlobalAllocation,1440,7,3,0.1932,0.644,3.3333333333333335,132,,,
thrashing,synthetic,,FIFO,GlobalAllocation,1440,7,4,0.1941,0.6631,3.4162802679031428,144,,,
thrashing,synthetic,,FIFO,GlobalAllocation,1440,7,5,0.21,0.6677,3.1795238095238094,156,,,
thrashing,synthetic,,FIFO,GlobalAllocation,1440,7,6,0.1616,0.6327,3.915222772277228,24,,,
thrashing,synthetic,,FIFO,GlobalAllocation,1440,7,7,0.2089,0.6585,3.1522259454284347,180,,,
thrashing,synthetic,,FIFO,GlobalAllocation,1440,8,0,0.1828,0.5137,2.810175054704595,96,,,
thrashing,synthetic,,FIFO,GlobalAllocation,1440,8,1,0.1862,0.5809,3.119763694951665,108,,,
thrashing,synthetic,,FIFO,GlobalAllocation,1440,8,2,0.1924,0.5909,3.071205821205821,120,,,
thrashing,synthetic,,FIFO,GlobalAllocation,1440,8,3,0.1997,0.5855,2.931897846770155,132,,,
thrashing,synthetic,,FIFO,GlobalAllocation,1440,8,4,0.1977,0.6012,3.040971168437026,144,,,
thrashing,synthetic,,FIFO,GlobalAllocation,1440,8,5,0.2014,0.6047,3.002482621648461,156,,,
thrashing,synthetic,,FIFO,GlobalAllocation,1440,8,6,0.1577,0.5286,3.3519340519974636,24,,,
thrashing,synthetic,,FIFO,GlobalAllocation,1440,8,7,0.2176,0.6133,2.8184742647058822,180,,,
thrashing,synthetic,,FIFO,GlobalAllocation,1440,9,0,0.1878,0.5212,2.775292864749734,96,,,
thrashing,synthetic,,FIFO,GlobalAllocation,1440,9,1,0.1867,0.5626,3.0133904659882162,108,,,
thrashing,synthetic,,FIFO,GlobalAllocation,1440,9,2,0.1928,0.5795,3.0057053941908713,120,,,
thrashing,synthetic,,FIFO,GlobalAllocation,1440,9,3,0.1958,0.5785,2.9545454545454546,132,,,
thrashing,synthetic,,FIFO,GlobalAllocation,1440,9,4,0.2022,0.5816,2.8763600395647875,144,,,
thrashing,synthetic,,FIFO,GlobalAllocation,1440,9,5,0.2006,0.5956,2.9690927218344965,156,,,
thrashing,synthetic,,FIFO,GlobalAllocation,1440,9,6,0.1639,0.5375,3.2794386821232457,24,,,
thrashing,synthetic,,FIFO,GlobalAllocation,1440,9,7,0.2058,0.6022,2.926141885325559,180,,,
thrashing,synthetic,,FIFO,LocalAllocation,1440,0,0,0.1751,0.3174,1.812678469446031,96,0,96,0
thrashing,synthetic,,FIFO,LocalAllocation,1440,0,1,0.1821,0.3189,1.7512355848434926,108,0,108,0
thrashing,synthetic,,FIFO,LocalAllocation,1440,0,2,0.1816,0.3219,1.7725770925110131,120,0,120,0
thrashing,synthetic,,FIFO,LocalAllocation,1440,0,3,0.1929,0.3298,1.7096941420425091,132,0,132,0
thrashing,synthetic,,FIFO,LocalAllocation,1440,0,4,0.1978,0.3252,1.6440849342770476,144,0,144,0
thrashing,synthetic,,FIFO,LocalAllocation,1440,0,5,0.2008,0.3375,1.6807768924302788,156,0,156,0
thrashing,synthetic,,FIFO,LocalAllocation,1440,0,6,0.1598,0.3088,1.9324155193992492,24,0,24,0
thrashing,synthetic,,FIFO,LocalAllocation,1440,0,7,0.2086,0.3473,1.664908916586769,180,0,180,0
thrashing,synthetic,,FIFO,LocalAllocation,1440,1,0,0.1862,0.3412,1.832438238453276,96,0,96,0
thrashing,synthetic,,FIFO,LocalAllocation,1440,1,1,0.1842,0.3441,1.8680781758957654,108,0,108,0
thrashing,synthetic,,FIFO,LocalAllocation,1440,1,2,0.1877,0.3483,1.8556206712839638,120,0,120,0
thrashing,synthetic,,FIFO,LocalAllocation,1440,1,3,0.1955,0.3555,1.8184143222506395,132,0,132,0
thrashing,synthetic,,FIFO,LocalAllocation,1440,1,4,0.1996,0.3585,1.7960921843687374,144,0,144,0
thrashing,synthetic,,FIFO,LocalAllocation,1440,1,5,0.1997,0.3601,1.8032048072108162,156,0,156,0
thrashing,synthetic,,FIFO,LocalAllocation,1440,1,6,0.1595,0.3371,2.1134796238244515,24,0,24,0
thrashing,synthetic,,FIFO,LocalAllocation,1440,1,7,0.2092,0.3713,1.7748565965583174,180,0,180,0
thrashing,synthetic,,FIFO,LocalAllocation,1440,2,0,0.1939,0.3395,1.7509025270758123,96,0,96,0
thrashing,synthetic,,FIFO,LocalAllocation,1440,2,1,0.1859,0.3448,1.8547606239913932,108,0,108,0
thrashing,synthetic,,FIFO,LocalAllocation,1440,2,2,0.1906,0.3511,1.8420776495278068,120,0,120,0
thrashing,synthetic,,FIFO,LocalAllocation,1440,2,3,0.1963,0.3548,1.8074375955170656,132,0,132,0
thrashing,synthetic,,FIFO,LocalAllocation,1440,2,4,0.1936,0.3583,1.8507231404958677,144,0,144,0
thrashing,synthetic,,FIFO,LocalAllocation,1440,2,5,0.2,0.3602,1.801,156,0,156,0
thrashing,synthetic,,FIFO,LocalAllocation,1440,2,6,0.1632,0.338,2.071078431372549,24,0,24,0
thrashing,synthetic,,FIFO,LocalAllocation,1440,2,7,0.2094,0.3713,1.7731614135625597,180,0,180,0
thrashing,synthetic,,FIFO,LocalAllocation,1440,3,0,0.1841,0.3459,1.8788701792504074,96,0,96,0
thrashing,synthetic,,FIFO,LocalAllocation,1440,3,1,0.1853,0.3512,1.8953049109552078,108,0,108,0
thrashing,synthetic,,FIFO,LocalAllocation,1440,3,2,0.1899,0.3534,1.8609794628751974,120,0,120,0
thrashing,synthetic,,FIFO,LocalAllocation,1440,3,3,0.1955,0.3551,1.8163682864450128,132,0,132,0
thrashing,synthetic,,FIFO,LocalAllocation,1440,3,4,0.1979,0.3594,1.8160687215765539,144,0,144,0
thrashing,synthetic,,FIFO,LocalAllocation,1440,3,5,0.2064,0.3622,1.75484496124031,156,0,156,0
thrashing,synthetic,,FIFO,LocalAllocation,1440,3,6,0.1636,0.3424,2.0929095354523226,24,0,24,0
thrashing,synthetic,,FIFO,LocalAllocation,1440,3,7,0.2095,0.3792,1.8100238663484487,180,0,180,0
thrashing,synthetic,,FIFO,LocalAllocation,1440,4,0,0.1804,0.3353,1.8586474501108647,96,0,96,0
thrashing,synthetic,,FIFO,LocalAllocation,1440,4,1,0.1854,0.3423,1.8462783171521036,108,0,108,0
thrashing,synthetic,,FIFO,LocalAllocation,1440,4,2,0.1903,0.3429,1.8018917498686284,120,0,120,0
thrashing,synthetic,,FIFO,LocalAllocation,1440,4,3,0.1936,0.3489,1.8021694214876034,132,0,132,0
thrashing,synthetic,,FIFO,LocalAllocation,1440,4,4,0.1985,0.355,1.7884130982367759,144,0,144,0
thrashing,synthetic,,FIFO,LocalAllocation,1440,4,5,0.2008,0.3611,1.7983067729083666,156,0,156,0
thrashing,synthetic,,FIFO,LocalAllocation,1440,4,6,0.1657,0.3375,2.0368135184067593,24,0,24,0
thrashing,synthetic,,FIFO,LocalAllocation,1440,4,7,0.2101,0.3649,1.7367920038077107,180,0,180,0
thrashing,synthetic,,FIFO,LocalAllocation,1440,5,0,0.1831,0.3651,1.99399235390497,96,0,96,0
thrashing,synthetic,,FIFO,LocalAllocation,1440,5,1,0.1928,0.3691,1.9144190871369295,108,0,108,0
thrashing,synthetic,,FIFO,LocalAllocation,1440,5,2,0.1947,0.3667,1.8834103749357987,120,0,120,0
thrashing,synthetic,,FIFO,LocalAllocation,1440,5,3,0.1971,0.3735,1.8949771689497716,132,0,132,0
thrashing,synthetic,,FIFO,LocalAllocation,1440,5,4,0.1976,0.3747,1.896255060728745,144,0,144,0
thrashing,synthetic,,FIFO,LocalAllocation,1440,5,5,0.2002,0.3854,1.925074925074925,156,0,156,0
thrashing,synthetic,,FIFO,LocalAllocation,1440,5,6,0.1588,0.3562,2.243073047858942,24,0,24,0
thrashing,synthetic,,FIFO,LocalAllocation,1440,5,7,0.2088,0.3943,1.8884099616858236,180,0,180,0
thrashing,synthetic,,FIFO,LocalAllocation,1440,6,0,0.1853,0.3475,1.8753372908796546,96,0,96,0
thrashing,synthetic,,FIFO,LocalAllocation,1440,6,1,0.1861,0.3553,1.9091886082751208,108,0,108,0
thrashing,synthetic,,FIFO,LocalAllocation,1440,6,2,0.4192,0.3559,0.8489980916030534,120,0,120,0
thrashing,synthetic,,FIFO,LocalAllocation,1440,6,3,0.1919,0.3603,1.877540385617509,132,0,132,0
thrashing,synthetic,,FIFO,LocalAllocation,1440,6,4,0.1998,0.3599,1.8013013013013013,144,0,144,0
thrashing,synthetic,,FIFO,LocalAllocation,1440,6,5,0.2008,0.3652,1.8187250996015936,156,0,156,0
thrashing,synthetic,,FIFO,LocalAllocation,1440,6,6,0.1613,0.3454,2.1413515189088654,24,0,24,0
thrashing,synthetic,,FIFO,LocalAllocation,1440,6,7,0.2231,0.3815,1.709995517705065,180,0,180,0
thrashing,synthetic,,FIFO,LocalAllocation,1440,7,0,0.1838,0.3431,1.866702937976061,96,0,96,0
thrashing,synthetic,,FIFO,LocalAllocation,1440,7,1,0.186,0.3477,1.8693548387096774,108,0,108,0
thrashing,synthetic,,FIFO,LocalAllocation,1440,7,2,0.1924,0.3514,1.8264033264033264,120,0,120,0
thrashing,synthetic,,FIFO,LocalAllocation,1440,7,3,0.1941,0.358,1.8444100978876867,132,0,132,0
thrashing,synthetic,,FIFO,LocalAllocation,1440,7,4,0.1991,0.3578,1.797086891009543,144,0,144,0
thrashing,synthetic,,FIFO,LocalAllocation,1440,7,5,0.2037,0.362,1.7771232204221894,156,0,156,0
thrashing,synthetic,,FIFO,LocalAllocation,1440,7,6,0.1609,0.3412,2.1205717837165943,24,0,24,0
thrashing,synthetic,,FIFO,LocalAllocation,1440,7,7,0.2087,0.3719,1.781983708672736,180,0,180,0
thrashing,synthetic,,FIFO,LocalAllocation,1440,8,0,0.1837,0.3549,1.9319542732716386,96,0,96,0
thrashing,synthetic,,FIFO,LocalAllocation,1440,8,1,0.1885,0.3606,1.912997347480106,108,0,108,0
thrashing,synthetic,,FIFO,LocalAllocation,1440,8,2,0.1973,0.366,1.855043081601622,120,0,120,0
thrashing,synthetic,,FIFO,LocalAllocation,1440,8,3,0.1954,0.3674,1.880245649948823,132,0,132,0
thrashing,synthetic,,FIFO,LocalAllocation,1440,8,4,0.2069,0.369,1.7834702754954084,144,0,144,0
thrashing,synthetic,,FIFO,LocalAllocation,1440,8,5,0.3872,0.3747,0.9677169421487604,156,0,156,0
thrashing,synthetic,,FIFO,LocalAllocation,1440,8,6,0.1657,0.3472,2.095353047676524,24,0,24,0
thrashing,synthetic,,FIFO,LocalAllocation,1440,8,7,0.2178,0.3859,1.7718089990817263,180,0,180,0
thrashing,synthetic,,FIFO,LocalAllocation,1440,9,0,0.1859,0.3949,2.1242603550295858,96,0,96,0
thrashing,synthetic,,FIFO,LocalAllocation,1440,9,1,0.1914,0.3967,2.0726227795193313,108,0,108,0
thrashing,synthetic,,FIFO,LocalAllocation,1440,9,2,0.1927,0.4062,2.1079398028022833,120,0,120,0
thrashing,synthetic,,FIFO,LocalAllocation,1440,9,3,0.1946,0.4191,2.1536485097636175,132,0,132,0
thrashing,synthetic,,FIFO,LocalAllocation,1440,9,4,0.1994,0.4053,2.0325977933801402,144,0,144,0
thrashing,synthetic,,FIFO,LocalAllocation,1440,9,5,0.1994,0.4166,2.0892678034102308,156,0,156,0
thrashing,synthetic,,FIFO,LocalAllocation,1440,9,6,0.161,0.3865,2.400621118012422,24,0,24,0
thrashing,synthetic,,FIFO,LocalAllocation,1440,9,7,0.2099,0.4327,2.061457837065269,180,0,180,0
thrashing,synthetic,,FIFO,ProportionalAllocation,1440,0,0,0.1838,0.3398,1.8487486398258977,96,0,96,0
thrashing,synthetic,,FIFO,ProportionalAllocation,1440,0,1,0.1879,0.3452,1.8371474188398085,108,0,108,0
thrashing,synthetic,,FIFO,ProportionalAllocation,1440,0,2,0.1937,0.3494,1.8038203407330924,120,0,120,0
thrashing,synthetic,,FIFO,ProportionalAllocation,1440,0,3,0.1967,0.3534,1.7966446365022877,132,0,132,0
thrashing,synthetic,,FIFO,ProportionalAllocation,1440,0,4,0.271,0.3567,1.3162361623616237,144,0,144,0
thrashing,synthetic,,FIFO,ProportionalAllocation,1440,0,5,0.2038,0.3625,1.7787046123650638,156,0,156,0
thrashing,synthetic,,FIFO,ProportionalAllocation,1440,0,6,0.1645,0.3348,2.035258358662614,24,0,24,0
thrashing,synthetic,,FIFO,ProportionalAllocation,1440,0,7,0.2219,0.3751,1.690401081568274,180,0,180,0
thrashing,synthetic,,FIFO,ProportionalAllocation,1440,1,0,0.1868,0.3437,1.8399357601713062,96,0,96,0
thrashing,synthetic,,FIFO,ProportionalAllocation,1440,1,1,0.2053,0.3447,1.6790063321967852,108,0,108,0
thrashing,synthetic,,FIFO,ProportionalAllocation,1440,1,2,0.1882,0.3482,1.8501594048884167,120,0,120,0
thrashing,synthetic,,FIFO,ProportionalAllocation,1440,1,3,0.1935,0.3527,1.8227390180878553,132,0,132,0
thrashing,synthetic,,FIFO,ProportionalAllocation,1440,1,4,0.2077,0.3593,1.729898892633606,144,0,144,0
thrashing,synthetic,,FIFO,ProportionalAllocation,1440,1,5,0.2062,0.3553,1.7230843840931134,156,0,156,0
thrashing,synthetic,,FIFO,ProportionalAllocation,1440,1,6,0.1595,0.3343,2.0959247648902823,24,0,24,0
thrashing,synthetic,,FIFO,ProportionalAllocation,1440,1,7,0.2078,0.3711,1.785851780558229,180,0,180,0
thrashing,synthetic,,FIFO,ProportionalAllocation,1440,2,0,0.1849,0.3391,1.8339643050297458,96,0,96,0
thrashing,synthetic,,FIFO,ProportionalAllocation,1440,2,1,0.1872,0.3419,1.8263888888888888,108,0,108,0
thrashing,synthetic,,FIFO,ProportionalAllocation,1440,2,2,0.1919,0.3547,1.8483585200625325,120,0,120,0
thrashing,synthetic,,FIFO,ProportionalAllocation,1440,2,3,0.1965,0.3485,1.7735368956743003,132,0,132,0
thrashing,synthetic,,FIFO,ProportionalAllocation,1440,2,4,0.2144,0.3523,1.6431902985074627,144,0,144,0
thrashing,synthetic,,FIFO,ProportionalAllocation,1440,2,5,0.201,0.3744,1.862686567164179,156,0,156,0
thrashing,synthetic,,FIFO,ProportionalAllocation,1440,2,6,0.1623,0.3381,2.0831792975970425,24,0,24,0
thrashing,synthetic,,FIFO,ProportionalAllocation,1440,2,7,0.2111,0.3693,1.749407863571767,180,0,180,0
thrashing,synthetic,,FIFO,ProportionalAllocation,1440,3,0,0.186,0.3391,1.8231182795698924,96,0,96,0
thrashing,synthetic,,FIFO,ProportionalAllocation,1440,3,1,0.1877,0.3437,1.8311134789557806,108,0,108,0
thrashing,synthetic,,FIFO,ProportionalAllocation,1440,3,2,0.1904,0.3475,1.8251050420168067,120,0,120,0
thrashing,synthetic,,FIFO,ProportionalAllocation,1440,3,3,0.195,0.3512,1.801025641025641,132,0,132,0
thrashing,synthetic,,FIFO,ProportionalAllocation,1440,3,4,0.1957,0.3525,1.8012263668880941,144,0,144,0
thrashing,synthetic,,FIFO,ProportionalAllocation,1440,3,5,0.1998,0.3552,1.7777777777777777,156,0,156,0
thrashing,synthetic,,FIFO,ProportionalAllocation,1440,3,6,0.1614,0.3337,2.0675340768277573,24,0,24,0
thrashing,synthetic,,FIFO,ProportionalAllocation,1440,3,7,0.209,0.3695,1.7679425837320575,180,0,180,0
thrashing,synthetic,,FIFO,ProportionalAllocation,1440,4,0,0.1882,0.3488,1.853347502656748,96,0,96,0
thrashing,synthetic,,FIFO,ProportionalAllocation,1440,4,1,0.1942,0.3473,1.7883625128733265,108,0,108,0
thrashing,synthetic,,FIFO,ProportionalAllocation,1440,4,2,0.1892,0.3495,1.8472515856236786,120,0,120,0
thrashing,synthetic,,FIFO,ProportionalAllocation,1440,4,3,0.1954,0.3535,1.8091095189355169,132,0,132,0
thrashing,synthetic,,FIFO,ProportionalAllocation,1440,4,4,0.2003,0.3579,1.7868197703444832,144,0,144,0
thrashing,synthetic,,FIFO,ProportionalAllocation,1440,4,5,0.2124,0.3623,1.7057438794726931,156,0,156,0
thrashing,synthetic,,FIFO,ProportionalAllocation,1440,4,6,0.1648,0.341,2.0691747572815533,24,0,24,0
thrashing,synthetic,,FIFO,ProportionalAllocation,1440,4,7,0.2128,0.3647,1.7138157894736843,180,0,180,0
thrashing,synthetic,,FIFO,ProportionalAllocation,1440,5,0,0.1871,0.3394,1.8140032068412613,96,0,96,0
thrashing,synthetic,,FIFO,ProportionalAllocation,1440,5,1,0.2173,0.3406,1.567418315692591,108,0,108,0
thrashing,synthetic,,FIFO,ProportionalAllocation,1440,5,2,0.1956,0.3493,1.7857873210633948,120,0,120,0
thrashing,synthetic,,FIFO,ProportionalAllocation,1440,5,3,0.192,0.3508,1.8270833333333334,132,0,132,0
thrashing,synthetic,,FIFO,ProportionalAllocation,1440,5,4,0.1979,0.3564,1.8009095502779182,144,0,144,0
thrashing,synthetic,,FIFO,ProportionalAllocation,1440,5,5,0.2021,0.3587,1.7748639287481445,156,0,156,0
thrashing,synthetic,,FIFO,ProportionalAllocation,1440,5,6,0.163,0.3325,2.039877300613497,24,0,24,0
thrashing,synthetic,,FIFO,ProportionalAllocation,1440,5,7,0.2242,0.3706,1.6529884032114184,180,0,180,0
thrashing,synthetic,,FIFO,ProportionalAllocation,1440,6,0,0.185,0.3454,1.867027027027027,96,0,96,0
thrashing,synthetic,,FIFO,ProportionalAllocation,1440,6,1,0.187,0.3526,1.8855614973262032,108,0,108,0
thrashing,synthetic,,FIFO,ProportionalAllocation,1440,6,2,0.1921,0.3551,1.8485163977095262,120,0,120,0
thrashing,synthetic,,FIFO,ProportionalAllocation,1440,6,3,0.1959,0.3542,1.8080653394589077,132,0,132,0
thrashing,synthetic,,FIFO,ProportionalAllocation,1440,6,4,0.1974,0.3599,1.8232016210739614,144,0,144,0
thrashing,synthetic,,FIFO,ProportionalAllocation,1440,6,5,0.21,0.3661,1.7433333333333334,156,0,156,0
thrashing,synthetic,,FIFO,ProportionalAllocation,1440,6,6,0.1612,0.3475,2.155707196029777,24,0,24,0
thrashing,synthetic,,FIFO,ProportionalAllocation,1440,6,7,0.21,0.3751,1.786190476190476,180,0,180,0
thrashing,synthetic,,FIFO,ProportionalAllocation,1440,7,0,0.1836,0.3431,1.868736383442266,96,0,96,0
thrashing,synthetic,,FIFO,ProportionalAllocation,1440,7,1,0.189,0.3499,1.8513227513227513,108,0,108,0
thrashing,synthetic,,FIFO,ProportionalAllocation,1440,7,2,0.1916,0.3561,1.8585594989561587,120,0,120,0
thrashing,synthetic,,FIFO,ProportionalAllocation,1440,7,3,0.1921,0.3576,1.8615304528891203,132,0,132,0
thrashing,synthetic,,FIFO,ProportionalAllocation,1440,7,4,0.2015,0.3621,1.7970223325062036,144,0,144,0
thrashing,synthetic,,FIFO,ProportionalAllocation,1440,7,5,0.1978,0.3607,1.8235591506572295,156,0,156,0
thrashing,synthetic,,FIFO,ProportionalAllocation,1440,7,6,0.1638,0.3392,2.070818070818071,24,0,24,0
thrashing,synthetic,,FIFO,ProportionalAllocation,1440,7,7,0.2107,0.3725,1.7679164689131466,180,0,180,0
thrashing,synthetic,,FIFO,ProportionalAllocation,1440,8,0,0.1826,0.3405,1.8647316538882803,96,0,96,0
thrashing,synthetic,,FIFO,ProportionalAllocation,1440,8,1,0.208,0.3487,1.6764423076923076,108,0,108,0
thrashing,synthetic,,FIFO,ProportionalAllocation,1440,8,2,0.1959,0.3489,1.781010719754977,120,0,120,0
thrashing,synthetic,,FIFO,ProportionalAllocation,1440,8,3,0.2015,0.3535,1.7543424317617866,132,0,132,0
thrashing,synthetic,,FIFO,ProportionalAllocation,1440,8,4,0.1949,0.3537,1.814776808619805,144,0,144,0
thrashing,synthetic,,FIFO,ProportionalAllocation,1440,8,5,0.2006,0.3645,1.817048853439681,156,0,156,0
thrashing,synthetic,,FIFO,ProportionalAllocation,1440,8,6,0.16,0.3376,2.11,24,0,24,0
thrashing,synthetic,,FIFO,ProportionalAllocation,1440,8,7,0.2118,0.3795,1.791784702549575,180,0,180,0
thrashing,synthetic,,FIFO,ProportionalAllocation,1440,9,0,0.1842,0.3472,1.8849077090119435,96,0,96,0
thrashing,synthetic,,FIFO,ProportionalAllocation,1440,9,1,0.1872,0.3468,1.8525641025641026,108,0,108,0
thrashing,synthetic,,FIFO,ProportionalAllocation,1440,9,2,0.1924,0.3549,1.8445945945945945,120,0,120,0
thrashing,synthetic,,FIFO,ProportionalAllocation,1440,9,3,0.2057,0.3552,1.7267865824015556,132,0,132,0
thrashing,synthetic,,FIFO,ProportionalAllocation,1440,9,4,0.199,0.3976,1.9979899497487437,144,0,144,0
thrashing,synthetic,,FIFO,ProportionalAllocation,1440,9,5,0.2016,0.3671,1.8209325396825398,156,0,156,0
thrashing,synthetic,,FIFO,ProportionalAllocation,1440,9,6,0.1595,0.3444,2.1592476489028214,24,0,24,0
thrashing,synthetic,,FIFO,ProportionalAllocation,1440,9,7,0.208,0.3792,1.823076923076923,180,0,180,0
thrashing,synthetic,,LRU,GlobalAllocation,1440,0,0,0.3009,0.7031,2.3366566965769358,96,,,
thrashing,synthetic,,LRU,GlobalAllocation,1440,0,1,0.3126,0.8074,2.582853486884197,108,,,
thrashing,synthetic,,LRU,GlobalAllocation,1440,0,2,0.3074,0.8133,2.6457384515289526,120,,,
thrashing,synthetic,,LRU,GlobalAllocation,1440,0,3,0.3396,0.8067,2.375441696113074,132,,,
thrashing,synthetic,,LRU,GlobalAllocation,1440,0,4,0.3154,0.8339,2.6439441978440077,144,,,
thrashing,synthetic,,LRU,GlobalAllocation,1440,0,5,0.3181,0.8418,2.6463376296762027,156,,,
thrashing,synthetic,,LRU,GlobalAllocation,1440,0,6,0.2743,0.7772,2.833394094057601,24,,,
thrashing,synthetic,,LRU,GlobalAllocation,1440,0,7,0.3286,0.8589,2.613816189896531,180,,,
thrashing,synthetic,,LRU,GlobalAllocation,1440,1,0,0.3074,0.7298,2.374105400130124,96,,,
thrashing,synthetic,,LRU,GlobalAllocation,1440,1,1,0.3078,0.8142,2.645224171539961,108,,,
thrashing,synthetic,,LRU,GlobalAllocation,1440,1,2,0.319,0.8166,2.55987460815047,120,,,
thrashing,synthetic,,LRU,GlobalAllocation,1440,1,3,0.335,0.8662,2.585671641791045,132,,,
thrashing,synthetic,,LRU,GlobalAllocation,1440,1,4,0.3445,0.8285,2.404934687953556,144,,,
thrashing,synthetic,,LRU,GlobalAllocation,1440,1,5,0.3219,0.828,2.572227399813607,156,,,
thrashing,synthetic,,LRU,GlobalAllocation,1440,1,6,0.2878,0.7932,2.7560806115357885,24,,,
thrashing,synthetic,,LRU,GlobalAllocation,1440,1,7,0.3325,0.8941,2.6890225563909773,180,,,
thrashing,synthetic,,LRU,GlobalAllocation,1440,2,0,0.3027,0.7221,2.385530227948464,96,,,
thrashing,synthetic,,LRU,GlobalAllocation,1440,2,1,0.3112,0.8322,2.674164524421594,108,,,
thrashing,synthetic,,LRU,GlobalAllocation,1440,2,2,0.3126,0.8784,2.8099808061420344,120,,,
thrashing,synthetic,,LRU,GlobalAllocation,1440,2,3,0.3115,0.8437,2.7085072231139646,132,,,
thrashing,synthetic,,LRU,GlobalAllocation,1440,2,4,0.3089,0.8667,2.805762382648106,144,,,
thrashing,synthetic,,LRU,GlobalAllocation,1440,2,5,0.3163,0.8621,2.725576983876067,156,,,
thrashing,synthetic,,LRU,GlobalAllocation,1440,2,6,0.2839,0.798,2.8108488904543854,24,,,
thrashing,synthetic,,LRU,GlobalAllocation,1440,2,7,0.328,0.8833,2.6929878048780487,180,,,
thrashing,synthetic,,LRU,GlobalAllocation,1440,3,0,0.307,0.7371,2.4009771986970683,96,,,
thrashing,synthetic,,LRU,GlobalAllocation,1440,3,1,0.3102,0.8816,2.8420373952288847,108,,,
thrashing,synthetic,,LRU,GlobalAllocation,1440,3,2,0.3082,0.8517,2.763465282284231,120,,,
thrashing,synthetic,,LRU,GlobalAllocation,1440,3,3,0.309,0.8403,2.7194174757281555,132,,,
thrashing,synthetic,,LRU,GlobalAllocation,1440,3,4,0.314,0.8315,2.6480891719745223,144,,,
thrashing,synthetic,,LRU,GlobalAllocation,1440,3,5,0.3181,0.8417,2.6460232631248037,156,,,
thrashing,synthetic,,LRU,GlobalAllocation,1440,3,6,0.2951,0.8642,2.9284988139613692,24,,,
thrashing,synthetic,,LRU,GlobalAllocation,1440,3,7,0.3276,0.8743,2.6688034188034186,180,,,
thrashing,synthetic,,LRU,GlobalAllocation,1440,4,0,0.3005,0.7184,2.3906821963394345,96,,,
thrashing,synthetic,,LRU,GlobalAllocation,1440,4,1,0.3041,0.8369,2.7520552449852023,108,,,
thrashing,synthetic,,LRU,GlobalAllocation,1440,4,2,0.3239,0.8177,2.524544612534733,120,,,
thrashing,synthetic,,LRU,GlobalAllocation,1440,4,3,0.3176,0.8647,2.722607052896725,132,,,
thrashing,synthetic,,LRU,GlobalAllocation,1440,4,4,0.3159,0.8272,2.6185501741057298,144,,,
thrashing,synthetic,,LRU,GlobalAllocation,1440,4,5,0.3179,0.8414,2.6467442592010064,156,,,
thrashing,synthetic,,LRU,GlobalAllocation,1440,4,6,0.2794,0.7769,2.7806012884753044,24,,,
thrashing,synthetic,,LRU,GlobalAllocation,1440,4,7,0.3266,0.8561,2.6212492345376606,180,,,
thrashing,synthetic,,LRU,GlobalAllocation,1440,5,0,0.3076,0.7045,2.2903120936280885,96,,,
thrashing,synthetic,,LRU,GlobalAllocation,1440,5,1,0.3066,0.8107,2.6441617742987606,108,,,
thrashing,synthetic,,LRU,GlobalAllocation,1440,5,2,0.3179,0.8367,2.6319597357659643,120,,,
thrashing,synthetic,,LRU,GlobalAllocation,1440,5,3,0.3116,0.8139,2.612002567394095,132,,,
thrashing,synthetic,,LRU,GlobalAllocation,1440,5,4,0.315,0.8329,2.6441269841269843,144,,,
thrashing,synthetic,,LRU,GlobalAllocation,1440,5,5,0.3258,0.8168,2.5070595457335787,156,,,
thrashing,synthetic,,LRU,GlobalAllocation,1440,5,6,0.2826,0.7823,2.7682236376503893,24,,,
thrashing,synthetic,,LRU,GlobalAllocation,1440,5,7,0.3272,0.8391,2.5644865525672373,180,,,
thrashing,synthetic,,LRU,GlobalAllocation,1440,6,0,0.3151,0.764,2.4246271025071406,96,,,
thrashing,synthetic,,LRU,GlobalAllocation,1440,6,1,0.309,0.7871,2.5472491909385115,108,,,
thrashing,synthetic,,LRU,GlobalAllocation,1440,6,2,0.3113,0.8166,2.6231930613556056,120,,,
thrashing,synthetic,,LRU,GlobalAllocation,1440,6,3,0.3069,0.8027,2.6155099380905833,132,,,
thrashing,synthetic,,LRU,GlobalAllocation,1440,6,4,0.3118,0.8074,2.5894804361770367,144,,,
thrashing,synthetic,,LRU,GlobalAllocation,1440,6,5,0.6997,0.8288,1.1845076461340573,156,,,
thrashing,synthetic,,LRU,GlobalAllocation,1440,6,6,0.5878,0.7738,1.3164341612793466,24,,,
thrashing,synthetic,,LRU,GlobalAllocation,1440,6,7,0.7027,0.8506,1.2104738864380247,180,,,
thrashing,synthetic,,LRU,GlobalAllocation,1440,7,0,0.305,0.7269,2.38327868852459,96,,,
thrashing,synthetic,,LRU,GlobalAllocation,1440,7,1,0.3058,0.8144,2.6631785480706345,108,,,
thrashing,synthetic,,LRU,GlobalAllocation,1440,7,2,0.3113,0.8237,2.6460006424670737,120,,,
thrashing,synthetic,,LRU,GlobalAllocation,1440,7,3,0.3138,0.8147,2.5962396430847674,132,,,
thrashing,synthetic,,LRU,GlobalAllocation,1440,7,4,0.3164,0.8322,2.6302149178255374,144,,,
thrashing,synthetic,,LRU,GlobalAllocation,1440,7,5,0.3185,0.858,2.693877551020408,156,,,
thrashing,synthetic,,LRU,GlobalAllocation,1440,7,6,0.28,0.7985,2.851785714285714,24,,,
thrashing,synthetic,,LRU,GlobalAllocation,1440,7,7,0.3316,0.8452,2.548854041013269,180,,,
thrashing,synthetic,,LRU,GlobalAllocation,1440,8,0,0.3128,0.7274,2.325447570332481,96,,,
thrashing,synthetic,,LRU,GlobalAllocation,1440,8,1,0.3065,0.8152,2.659706362153344,108,,,
thrashing,synthetic,,LRU,GlobalAllocation,1440,8,2,0.3146,0.816,2.5937698664971394,120,,,
thrashing,synthetic,,LRU,GlobalAllocation,1440,8,3,0.3137,0.8213,2.618106471150781,132,,,
thrashing,synthetic,,LRU,GlobalAllocation,1440,8,4,0.3116,0.8556,2.7458279845956355,144,,,
thrashing,synthetic,,LRU,GlobalAllocation,1440,8,5,0.3192,0.8525,2.6707393483709274,156,,,
thrashing,synthetic,,LRU,GlobalAllocation,1440,8,6,0.2888,0.7607,2.6340027700831024,24,,,
thrashing,synthetic,,LRU,GlobalAllocation,1440,8,7,0.3313,0.8505,2.56715967401147,180,,,
thrashing,synthetic,,LRU,GlobalAllocation,1440,9,0,0.3021,0.8464,2.801721284342933,96,,,
thrashing,synthetic,,LRU,GlobalAllocation,1440,9,1,0.3067,0.8642,2.8177372024779914,108,,,
thrashing,synthetic,,LRU,GlobalAllocation,1440,9,2,0.3107,0.8816,2.8374637914386867,120,,,
thrashing,synthetic,,LRU,GlobalAllocation,1440,9,3,0.3073,0.8897,2.8952164009111616,132,,,
thrashing,synthetic,,LRU,GlobalAllocation,1440,9,4,0.311,0.8676,2.789710610932476,144,,,
thrashing,synthetic,,LRU,GlobalAllocation,1440,9,5,0.3197,0.9136,2.857679074131999,156,,,
thrashing,synthetic,,LRU,GlobalAllocation,1440,9,6,0.2797,0.8453,3.022166607079013,24,,,
thrashing,synthetic,,LRU,GlobalAllocation,1440,9,7,0.3209,0.9362,2.917419756933624,180,,,
thrashing,synthetic,,LRU,LocalAllocation,1440,0,0,0.3056,0.4905,1.6050392670157068,96,0,96,0
thrashing,synthetic,,LRU,LocalAllocation,1440,0,1,0.3076,0.4921,1.5998049414824447,108,0,108,0
thrashing,synthetic,,LRU,LocalAllocation,1440,0,2,0.3098,0.4961,1.6013557133634604,120,0,120,0
thrashing,synthetic,,LRU,LocalAllocation,1440,0,3,0.3141,0.4951,1.5762496020375676,132,0,132,0
thrashing,synthetic,,LRU,LocalAllocation,1440,0,4,0.3167,0.4975,1.5708872750236818,144,0,144,0
thrashing,synthetic,,LRU,LocalAllocation,1440,0,5,0.3182,0.5061,1.5905091137649277,156,0,156,0
thrashing,synthetic,,LRU,LocalAllocation,1440,0,6,0.276,0.6141,2.225,24,0,24,0
thrashing,synthetic,,LRU,LocalAllocation,1440,0,7,0.3287,0.5139,1.5634317006388805,180,0,180,0
thrashing,synthetic,,LRU,LocalAllocation,1440,1,0,0.3177,0.4912,1.5461126849228832,96,0,96,0
thrashing,synthetic,,LRU,LocalAllocation,1440,1,1,0.3169,0.4926,1.5544335752603344,108,0,108,0
thrashing,synthetic,,LRU,LocalAllocation,1440,1,2,0.3077,0.4963,1.612934676633084,120,0,120,0
thrashing,synthetic,,LRU,LocalAllocation,1440,1,3,0.313,0.5029,1.6067092651757189,132,0,132,0
thrashing,synthetic,,LRU,LocalAllocation,1440,1,4,0.3164,0.5008,1.5828065739570165,144,0,144,0
thrashing,synthetic,,LRU,LocalAllocation,1440,1,5,0.3138,0.5047,1.6083492670490758,156,0,156,0
thrashing,synthetic,,LRU,LocalAllocation,1440,1,6,0.2807,0.496,1.7670110438190239,24,0,24,0
thrashing,synthetic,,LRU,LocalAllocation,1440,1,7,0.326,0.5192,1.5926380368098159,180,0,180,0
thrashing,synthetic,,LRU,LocalAllocation,1440,2,0,0.304,0.4825,1.587171052631579,96,0,96,0
thrashing,synthetic,,LRU,LocalAllocation,1440,2,1,0.3146,0.4856,1.54354736172918,108,0,108,0
thrashing,synthetic,,LRU,LocalAllocation,1440,2,2,0.313,0.5061,1.6169329073482428,120,0,120,0
thrashing,synthetic,,LRU,LocalAllocation,1440,2,3,0.3099,0.4949,1.5969667634720879,132,0,132,0
thrashing,synthetic,,LRU,LocalAllocation,1440,2,4,0.3131,0.4864,1.5534972852123923,144,0,144,0
thrashing,synthetic,,LRU,LocalAllocation,1440,2,5,0.3135,0.5004,1.5961722488038277,156,0,156,0
thrashing,synthetic,,LRU,LocalAllocation,1440,2,6,0.279,0.484,1.7347670250896057,24,0,24,0
thrashing,synthetic,,LRU,LocalAllocation,1440,2,7,0.3294,0.5099,1.5479659987856709,180,0,180,0
thrashing,synthetic,,LRU,LocalAllocation,1440,3,0,0.3041,0.4913,1.6155869779677738,96,0,96,0
thrashing,synthetic,,LRU,LocalAllocation,1440,3,1,0.453,0.4962,1.095364238410596,108,0,108,0
thrashing,synthetic,,LRU,LocalAllocation,1440,3,2,0.3131,0.4959,1.5838390290641968,120,0,120,0
thrashing,synthetic,,LRU,LocalAllocation,1440,3,3,0.3134,0.4994,1.593490746649649,132,0,132,0
thrashing,synthetic,,LRU,LocalAllocation,1440,3,4,0.3154,0.5001,1.5856055802155993,144,0,144,0
thrashing,synthetic,,LRU,LocalAllocation,1440,3,5,0.3195,0.5059,1.5834115805946791,156,0,156,0
thrashing,synthetic,,LRU,LocalAllocation,1440,3,6,0.2788,0.4875,1.7485652797704447,24,0,24,0
thrashing,synthetic,,LRU,LocalAllocation,1440,3,7,0.3309,0.5186,1.567240858265337,180,0,180,0
thrashing,synthetic,,LRU,LocalAllocation,1440,4,0,0.3029,0.4745,1.5665236051502145,96,0,96,0
thrashing,synthetic,,LRU,LocalAllocation,1440,4,1,0.3104,0.4761,1.5338273195876289,108,0,108,0
thrashing,synthetic,,LRU,LocalAllocation,1440,4,2,0.3137,0.4795,1.5285304430985018,120,0,120,0
thrashing,synthetic,,LRU,LocalAllocation,1440,4,3,0.3126,0.486,1.5547024952015356,132,0,132,0
thrashing,synthetic,,LRU,LocalAllocation,1440,4,4,0.3147,0.4873,1.5484588496981253,144,0,144,0
thrashing,synthetic,,LRU,LocalAllocation,1440,4,5,0.3138,0.4952,1.5780752071383046,156,0,156,0
thrashing,synthetic,,LRU,LocalAllocation,1440,4,6,0.2906,0.4758,1.6373021335168616,24,0,24,0
thrashing,synthetic,,LRU,LocalAllocation,1440,4,7,0.3518,0.5073,1.4420125071063103,180,0,180,0
thrashing,synthetic,,LRU,LocalAllocation,1440,5,0,0.3059,0.4817,1.5746976135992155,96,0,96,0
thrashing,synthetic,,LRU,LocalAllocation,1440,5,1,0.3075,0.4795,1.559349593495935,108,0,108,0
thrashing,synthetic,,LRU,LocalAllocation,1440,5,2,0.3124,0.4876,1.560819462227913,120,0,120,0
thrashing,synthetic,,LRU,LocalAllocation,1440,5,3,0.3107,0.4922,1.5841647891857098,132,0,132,0
thrashing,synthetic,,LRU,LocalAllocation,1440,5,4,0.3087,0.4934,1.5983155166828635,144,0,144,0
thrashing,synthetic,,LRU,LocalAllocation,1440,5,5,0.4003,0.4939,1.2338246315263552,156,0,156,0
thrashing,synthetic,,LRU,LocalAllocation,1440,5,6,0.2847,0.4773,1.6765015806111696,24,0,24,0
thrashing,synthetic,,LRU,LocalAllocation,1440,5,7,0.33,0.5059,1.533030303030303,180,0,180,0
thrashing,synthetic,,LRU,LocalAllocation,1440,6,0,0.3159,0.468,1.4814814814814814,96,0,96,0
thrashing,synthetic,,LRU,LocalAllocation,1440,6,1,0.3099,0.4759,1.5356566634398192,108,0,108,0
thrashing,synthetic,,LRU,LocalAllocation,1440,6,2,0.3085,0.4782,1.5500810372771474,120,0,120,0
thrashing,synthetic,,LRU,LocalAllocation,1440,6,3,0.3081,0.4834,1.5689711132749107,132,0,132,0
thrashing,synthetic,,LRU,LocalAllocation,1440,6,4,0.3124,0.4807,1.5387323943661972,144,0,144,0
thrashing,synthetic,,LRU,LocalAllocation,1440,6,5,0.3189,0.4841,1.5180307306365632,156,0,156,0
thrashing,synthetic,,LRU,LocalAllocation,1440,6,6,0.2847,0.4952,1.739374780470671,24,0,24,0
thrashing,synthetic,,LRU,LocalAllocation,1440,6,7,0.3282,0.4981,1.5176721511273614,180,0,180,0
thrashing,synthetic,,LRU,LocalAllocation,1440,7,0,0.3017,0.4829,1.600596619158104,96,0,96,0
thrashing,synthetic,,LRU,LocalAllocation,1440,7,1,0.3078,0.4865,1.5805717998700455,108,0,108,0
thrashing,synthetic,,LRU,LocalAllocation,1440,7,2,0.3108,0.4932,1.5868725868725868,120,0,120,0
thrashing,synthetic,,LRU,LocalAllocation,1440,7,3,0.3099,0.4977,1.6060019361084221,132,0,132,0
thrashing,synthetic,,LRU,LocalAllocation,1440,7,4,0.3196,0.4939,1.5453692115143929,144,0,144,0
thrashing,synthetic,,LRU,LocalAllocation,1440,7,5,0.3189,0.4931,1.546252743806836,156,0,156,0
thrashing,synthetic,,LRU,LocalAllocation,1440,7,6,0.2765,0.4811,1.7399638336347196,24,0,24,0
thrashing,synthetic,,LRU,LocalAllocation,1440,7,7,0.3423,0.5078,1.483494011101373,180,0,180,0
thrashing,synthetic,,LRU,LocalAllocation,1440,8,0,0.2987,0.5061,1.6943421493136928,96,0,96,0
thrashing,synthetic,,LRU,LocalAllocation,1440,8,1,0.3086,0.5102,1.6532728451069345,108,0,108,0
thrashing,synthetic,,LRU,LocalAllocation,1440,8,2,0.3173,0.5157,1.6252757642609519,120,0,120,0
thrashing,synthetic,,LRU,LocalAllocation,1440,8,3,0.3101,0.5121,1.6514027732989358,132,0,132,0
thrashing,synthetic,,LRU,LocalAllocation,1440,8,4,0.3113,0.5156,1.6562801156440732,144,0,144,0
thrashing,synthetic,,LRU,LocalAllocation,1440,8,5,0.3203,0.5223,1.6306587574149236,156,0,156,0
thrashing,synthetic,,LRU,LocalAllocation,1440,8,6,0.2757,0.5004,1.8150163220892275,24,0,24,0
thrashing,synthetic,,LRU,LocalAllocation,1440,8,7,0.333,0.5315,1.5960960960960962,180,0,180,0
thrashing,synthetic,,LRU,LocalAllocation,1440,9,0,0.3043,0.4843,1.5915215248110417,96,0,96,0
thrashing,synthetic,,LRU,LocalAllocation,1440,9,1,0.304,0.4871,1.6023026315789475,108,0,108,0
thrashing,synthetic,,LRU,LocalAllocation,1440,9,2,0.3081,0.4906,1.5923401493021747,120,0,120,0
thrashing,synthetic,,LRU,LocalAllocation,1440,9,3,0.3098,0.4951,1.5981278244028405,132,0,132,0
thrashing,synthetic,,LRU,LocalAllocation,1440,9,4,0.3131,0.4998,1.596295113382306,144,0,144,0
thrashing,synthetic,,LRU,LocalAllocation,1440,9,5,0.3223,0.5033,1.5615885820663977,156,0,156,0
thrashing,synthetic,,LRU,LocalAllocation,1440,9,6,0.2764,0.487,1.7619392185238785,24,0,24,0
thrashing,synthetic,,LRU,LocalAllocation,1440,9,7,0.3353,0.5119,1.526692514166418,180,0,180,0
thrashing,synthetic,,LRU,ProportionalAllocation,1440,0,0,0.3008,0.5029,1.671875,96,0,96,0
thrashing,synthetic,,LRU,ProportionalAllocation,1440,0,1,0.3098,0.4736,1.5287282117495158,108,0,108,0
thrashing,synthetic,,LRU,ProportionalAllocation,1440,0,2,0.3078,0.48,1.5594541910331383,120,0,120,0
thrashing,synthetic,,LRU,ProportionalAllocation,1440,0,3,0.3124,0.481,1.5396927016645328,132,0,132,0
thrashing,synthetic,,LRU,ProportionalAllocation,1440,0,4,0.5891,0.5067,0.8601256153454422,144,0,144,0
thrashing,synthetic,,LRU,ProportionalAllocation,1440,0,5,0.3281,0.5244,1.5982932032916795,156,0,156,0
thrashing,synthetic,,LRU,ProportionalAllocation,1440,0,6,0.3188,0.4779,1.4990589711417817,24,0,24,0
thrashing,synthetic,,LRU,ProportionalAllocation,1440,0,7,0.346,0.5059,1.4621387283236995,180,0,180,0
thrashing,synthetic,,LRU,ProportionalAllocation,1440,1,0,0.3034,0.4897,1.614040870138431,96,0,96,0
thrashing,synthetic,,LRU,ProportionalAllocation,1440,1,1,0.3087,0.4892,1.5847100745059928,108,0,108,0
thrashing,synthetic,,LRU,ProportionalAllocation,1440,1,2,0.3118,0.4886,1.5670301475304682,120,0,120,0
thrashing,synthetic,,LRU,ProportionalAllocation,1440,1,3,0.3113,0.4979,1.5994217796337937,132,0,132,0
thrashing,synthetic,,LRU,ProportionalAllocation,1440,1,4,0.3172,0.5004,1.5775535939470366,144,0,144,0
thrashing,synthetic,,LRU,ProportionalAllocation,1440,1,5,0.3217,0.4976,1.5467827168169102,156,0,156,0
thrashing,synthetic,,LRU,ProportionalAllocation,1440,1,6,0.282,0.4893,1.7351063829787234,24,0,24,0
thrashing,synthetic,,LRU,ProportionalAllocation,1440,1,7,0.3282,0.5145,1.5676416819012797,180,0,180,0
thrashing,synthetic,,LRU,ProportionalAllocation,1440,2,0,0.3018,0.4899,1.6232604373757455,96,0,96,0
thrashing,synthetic,,LRU,ProportionalAllocation,1440,2,1,0.3022,0.4818,1.5943084050297816,108,0,108,0
thrashing,synthetic,,LRU,ProportionalAllocation,1440,2,2,0.3107,0.4902,1.577727711618925,120,0,120,0
thrashing,synthetic,,LRU,ProportionalAllocation,1440,2,3,0.3097,0.4917,1.587665482725218,132,0,132,0
thrashing,synthetic,,LRU,ProportionalAllocation,1440,2,4,0.3109,0.495,1.5921518173045996,144,0,144,0
thrashing,synthetic,,LRU,ProportionalAllocation,1440,2,5,0.3152,0.5008,1.5888324873096447,156,0,156,0
thrashing,synthetic,,LRU,ProportionalAllocation,1440,2,6,0.2809,0.4854,1.7280170879316483,24,0,24,0
thrashing,synthetic,,LRU,ProportionalAllocation,1440,2,7,0.3735,0.513,1.3734939759036144,180,0,180,0
thrashing,synthetic,,LRU,ProportionalAllocation,1440,3,0,0.3014,0.4723,1.5670205706702056,96,0,96,0
thrashing,synthetic,,LRU,ProportionalAllocation,1440,3,1,0.3036,0.4836,1.592885375494071,108,0,108,0
thrashing,synthetic,,LRU,ProportionalAllocation,1440,3,2,0.3104,0.4815,1.5512242268041236,120,0,120,0
thrashing,synthetic,,LRU,ProportionalAllocation,1440,3,3,0.3081,0.484,1.5709185329438493,132,0,132,0
thrashing,synthetic,,LRU,ProportionalAllocation,1440,3,4,0.3118,0.4871,1.562219371391918,144,0,144,0
thrashing,synthetic,,LRU,ProportionalAllocation,1440,3,5,0.3137,0.4927,1.5706088619700351,156,0,156,0
thrashing,synthetic,,LRU,ProportionalAllocation,1440,3,6,0.3175,0.4825,1.5196850393700787,24,0,24,0
thrashing,synthetic,,LRU,ProportionalAllocation,1440,3,7,0.329,0.5063,1.5389057750759878,180,0,180,0
thrashing,synthetic,,LRU,ProportionalAllocation,1440,4,0,0.3273,0.7258,2.2175374274366026,96,0,96,0
thrashing,synthetic,,LRU,ProportionalAllocation,1440,4,1,0.3092,0.717,2.31888745148771,108,0,108,0
thrashing,synthetic,,LRU,ProportionalAllocation,1440,4,2,0.3124,0.7237,2.316581306017926,120,0,120,0
thrashing,synthetic,,LRU,ProportionalAllocation,1440,4,3,0.3191,0.7361,2.3068003760576623,132,0,132,0
thrashing,synthetic,,LRU,ProportionalAllocation,1440,4,4,0.3164,0.7437,2.350505689001264,144,0,144,0
thrashing,synthetic,,LRU,ProportionalAllocation,1440,4,5,0.3212,0.7679,2.390722291407223,156,0,156,0
thrashing,synthetic,,LRU,ProportionalAllocation,1440,4,6,0.2801,0.7138,2.5483755801499464,24,0,24,0
thrashing,synthetic,,LRU,ProportionalAllocation,1440,4,7,0.326,0.7623,2.3383435582822085,180,0,180,0
thrashing,synthetic,,LRU,ProportionalAllocation,1440,5,0,0.2997,0.4753,1.5859192525859191,96,0,96,0
thrashing,synthetic,,LRU,ProportionalAllocation,1440,5,1,0.3051,0.4761,1.5604719764011798,108,0,108,0
thrashing,synthetic,,LRU,ProportionalAllocation,1440,5,2,0.3177,0.4828,1.5196726471514006,120,0,120,0
thrashing,synthetic,,LRU,ProportionalAllocation,1440,5,3,0.6293,0.4821,0.7660893055776259,132,0,132,0
thrashing,synthetic,,LRU,ProportionalAllocation,1440,5,4,0.3184,0.4865,1.5279522613065326,144,0,144,0
thrashing,synthetic,,LRU,ProportionalAllocation,1440,5,5,0.3241,0.4899,1.511570502931194,156,0,156,0
thrashing,synthetic,,LRU,ProportionalAllocation,1440,5,6,0.2738,0.4779,1.7454346238130023,24,0,24,0
thrashing,synthetic,,LRU,ProportionalAllocation,1440,5,7,0.3234,0.5031,1.5556586270871986,180,0,180,0
thrashing,synthetic,,LRU,ProportionalAllocation,1440,6,0,0.305,0.4903,1.6075409836065573,96,0,96,0
thrashing,synthetic,,LRU,ProportionalAllocation,1440,6,1,0.3042,0.4933,1.621630506245891,108,0,108,0
thrashing,synthetic,,LRU,ProportionalAllocation,1440,6,2,0.3061,0.5003,1.6344331917673962,120,0,120,0
thrashing,synthetic,,LRU,ProportionalAllocation,1440,6,3,0.3103,0.5009,1.6142442797292942,132,0,132,0
thrashing,synthetic,,LRU,ProportionalAllocation,1440,6,4,0.3329,0.504,1.513968158606188,144,0,144,0
thrashing,synthetic,,LRU,ProportionalAllocation,1440,6,5,0.3163,0.506,1.599747075561176,156,0,156,0
thrashing,synthetic,,LRU,ProportionalAllocation,1440,6,6,0.2835,0.4962,1.7502645502645502,24,0,24,0
thrashing,synthetic,,LRU,ProportionalAllocation,1440,6,7,0.3332,0.5319,1.5963385354141657,180,0,180,0
thrashing,synthetic,,LRU,ProportionalAllocation,1440,7,0,0.3083,0.4891,1.5864417774894584,96,0,96,0
thrashing,synthetic,,LRU,ProportionalAllocation,1440,7,1,0.3596,0.4895,1.3612347052280311,108,0,108,0
thrashing,synthetic,,LRU,ProportionalAllocation,1440,7,2,0.4116,0.5003,1.2155004859086491,120,0,120,0
thrashing,synthetic,,LRU,ProportionalAllocation,1440,7,3,0.3123,0.5003,1.6019852705731668,132,0,132,0
thrashing,synthetic,,LRU,ProportionalAllocation,1440,7,4,0.3116,0.4992,1.602053915275995,144,0,144,0
thrashing,synthetic,,LRU,ProportionalAllocation,1440,7,5,0.3149,0.4999,1.5874880914576055,156,0,156,0
thrashing,synthetic,,LRU,ProportionalAllocation,1440,7,6,0.2769,0.4888,1.7652582159624413,24,0,24,0
thrashing,synthetic,,LRU,ProportionalAllocation,1440,7,7,0.33,0.5136,1.5563636363636364,180,0,180,0
thrashing,synthetic,,LRU,ProportionalAllocation,1440,8,0,0.295,0.4671,1.5833898305084746,96,0,96,0
thrashing,synthetic,,LRU,ProportionalAllocation,1440,8,1,0.3065,0.4728,1.5425774877650897,108,0,108,0
thrashing,synthetic,,LRU,ProportionalAllocation,1440,8,2,0.3205,0.4746,1.480811232449298,120,0,120,0
thrashing,synthetic,,LRU,ProportionalAllocation,1440,8,3,0.3101,0.4744,1.5298290873911642,132,0,132,0
thrashing,synthetic,,LRU,ProportionalAllocation,1440,8,4,0.3146,0.4747,1.5089001907183726,144,0,144,0
thrashing,synthetic,,LRU,ProportionalAllocation,1440,8,5,0.3221,0.4838,1.502018006830177,156,0,156,0
thrashing,synthetic,,LRU,ProportionalAllocation,1440,8,6,0.2749,0.4712,1.7140778464896327,24,0,24,0
thrashing,synthetic,,LRU,ProportionalAllocation,1440,8,7,0.3232,0.4985,1.542388613861386,180,0,180,0
thrashing,synthetic,,LRU,ProportionalAllocation,1440,9,0,0.6326,0.9884,1.5624407208346507,96,0,96,0
thrashing,synthetic,,LRU,ProportionalAllocation,1440,9,1,0.6503,0.9235,1.4201137936337076,108,0,108,0
thrashing,synthetic,,LRU,ProportionalAllocation,1440,9,2,0.6296,0.9582,1.5219186785260483,120,0,120,0
thrashing,synthetic,,LRU,ProportionalAllocation,1440,9,3,0.6523,0.9997,1.532577035106546,132,0,132,0
thrashing,synthetic,,LRU,ProportionalAllocation,1440,9,4,0.4119,0.9543,2.3168244719592135,144,0,144,0
thrashing,synthetic,,LRU,ProportionalAllocation,1440,9,5,0.3785,1.0077,2.6623513870541613,156,0,156,0
thrashing,synthetic,,LRU,ProportionalAllocation,1440,9,6,0.3019,0.8804,2.916197416363034,24,0,24,0
thrashing,synthetic,,LRU,ProportionalAllocation,1440,9,7,0.3628,0.9865,2.7191289966923926,180,0,180,0
thrashing,synthetic,,NRU,GlobalAllocation,1440,0,0,0.3234,0.94,2.906617192331478,96,,,
thrashing,synthetic,,NRU,GlobalAllocation,1440,0,1,0.3242,0.9745,3.0058605798889575,108,,,
thrashing,synthetic,,NRU,GlobalAllocation,1440,0,2,0.3273,1.1851,3.6208371524595173,120,,,
thrashing,synthetic,,NRU,GlobalAllocation,1440,0,3,0.3349,0.9381,2.8011346670647956,132,,,
thrashing,synthetic,,NRU,GlobalAllocation,1440,0,4,0.3373,1.026,3.041802549659057,144,,,
thrashing,synthetic,,NRU,GlobalAllocation,1440,0,5,0.3458,0.9526,2.7547715442452283,156,,,
thrashing,synthetic,,NRU,GlobalAllocation,1440,0,6,0.2793,0.9721,3.480486931614751,24,,,
thrashing,synthetic,,NRU,GlobalAllocation,1440,0,7,0.3562,1.0815,3.03621560920831,180,,,
thrashing,synthetic,,NRU,GlobalAllocation,1440,1,0,0.3172,0.8261,2.6043505674653216,96,,,
thrashing,synthetic,,NRU,GlobalAllocation,1440,1,1,0.3226,0.8856,2.745195288282703,108,,,
thrashing,synthetic,,NRU,GlobalAllocation,1440,1,2,0.3253,1.0197,3.134644943129419,120,,,
thrashing,synthetic,,NRU,GlobalAllocation,1440,1,3,0.3318,1.0503,3.165461121157324,132,,,
thrashing,synthetic,,NRU,GlobalAllocation,1440,1,4,0.3392,1.0249,3.021521226415094,144,,,
thrashing,synthetic,,NRU,GlobalAllocation,1440,1,5,0.3687,1.1581,3.141036072687822,156,,,
thrashing,synthetic,,NRU,GlobalAllocation,1440,1,6,0.311,0.8653,2.782315112540193,24,,,
thrashing,synthetic,,NRU,GlobalAllocation,1440,1,7,0.3584,1.0209,2.8484933035714284,180,,,
thrashing,synthetic,,NRU,GlobalAllocation,1440,2,0,0.3188,0.8659,2.7161229611041406,96,,,
thrashing,synthetic,,NRU,GlobalAllocation,1440,2,1,0.3223,0.9297,2.8845795842382875,108,,,
thrashing,synthetic,,NRU,GlobalAllocation,1440,2,2,0.3354,1.0029,2.9901610017889086,120,,,
thrashing,synthetic,,NRU,GlobalAllocation,1440,2,3,0.3377,0.9786,2.8978383180337577,132,,,
thrashing,synthetic,,NRU,GlobalAllocation,1440,2,4,0.3409,0.9644,2.8289821061894984,144,,,
thrashing,synthetic,,NRU,GlobalAllocation,1440,2,5,0.3417,1.0027,2.934445419959028,156,,,
thrashing,synthetic,,NRU,GlobalAllocation,1440,2,6,0.2795,0.8876,3.1756708407871197,24,,,
thrashing,synthetic,,NRU,GlobalAllocation,1440,2,7,0.3598,1.0406,2.8921623123957754,180,,,
thrashing,synthetic,,NRU,GlobalAllocation,1440,3,0,0.3165,1.2481,3.943443917851501,96,,,
thrashing,synthetic,,NRU,GlobalAllocation,1440,3,1,0.3281,1.5859,4.833587320938738,108,,,
thrashing,synthetic,,NRU,GlobalAllocation,1440,3,2,0.3416,1.3785,4.035421545667448,120,,,
thrashing,synthetic,,NRU,GlobalAllocation,1440,3,3,0.3507,1.3994,3.9903051040775592,132,,,
thrashing,synthetic,,NRU,GlobalAllocation,1440,3,4,0.3406,1.4675,4.30857310628303,144,,,
thrashing,synthetic,,NRU,GlobalAllocation,1440,3,5,0.3461,1.3064,3.7746316093614563,156,,,
thrashing,synthetic,,NRU,GlobalAllocation,1440,3,6,0.2801,1.3355,4.767940021420921,24,,,
thrashing,synthetic,,NRU,GlobalAllocation,1440,3,7,0.3614,1.3558,3.7515218594355284,180,,,
thrashing,synthetic,,NRU,GlobalAllocation,1440,4,0,0.3202,0.8507,2.656777014366021,96,,,
thrashing,synthetic,,NRU,GlobalAllocation,1440,4,1,0.3429,1.0321,3.009915427238262,108,,,
thrashing,synthetic,,NRU,GlobalAllocation,1440,4,2,0.3633,0.9161,2.521607486925406,120,,,
thrashing,synthetic,,NRU,GlobalAllocation,1440,4,3,0.3519,0.9711,2.7595907928388748,132,,,
thrashing,synthetic,,NRU,GlobalAllocation,1440,4,4,0.3382,0.9136,2.7013601419278532,144,,,
thrashing,synthetic,,NRU,GlobalAllocation,1440,4,5,0.3699,1.0574,2.858610435252771,156,,,
thrashing,synthetic,,NRU,GlobalAllocation,1440,4,6,0.2794,0.9364,3.3514674302075877,24,,,
thrashing,synthetic,,NRU,GlobalAllocation,1440,4,7,0.3568,0.9931,2.7833520179372195,180,,,
thrashing,synthetic,,NRU,GlobalAllocation,1440,5,0,0.319,0.9918,3.109090909090909,96,,,
thrashing,synthetic,,NRU,GlobalAllocation,1440,5,1,0.3192,0.9913,3.105576441102757,108,,,
thrashing,synthetic,,NRU,GlobalAllocation,1440,5,2,0.3335,0.9285,2.7841079460269866,120,,,
thrashing,synthetic,,NRU,GlobalAllocation,1440,5,3,0.3506,0.973,2.7752424415288077,132,,,
thrashing,synthetic,,NRU,GlobalAllocation,1440,5,4,0.3356,0.9314,2.7753277711561384,144,,,
thrashing,synthetic,,NRU,GlobalAllocation,1440,5,5,0.3517,0.898,2.5533124822291726,156,,,
thrashing,synthetic,,NRU,GlobalAllocation,1440,5,6,0.289,0.9463,3.27439446366782,24,,,
thrashing,synthetic,,NRU,GlobalAllocation,1440,5,7,0.3724,0.9658,2.593447905477981,180,,,
thrashing,synthetic,,NRU,GlobalAllocation,1440,6,0,0.3195,1.0118,3.1668231611893582,96,,,
thrashing,synthetic,,NRU,GlobalAllocation,1440,6,1,0.5519,0.8944,1.6205834390288096,108,,,
thrashing,synthetic,,NRU,GlobalAllocation,1440,6,2,0.624,0.9444,1.5134615384615384,120,,,
thrashing,synthetic,,NRU,GlobalAllocation,1440,6,3,0.6605,0.8858,1.34110522331567,132,,,
thrashing,synthetic,,NRU,GlobalAllocation,1440,6,4,0.6774,1.0031,1.480808975494538,144,,,
thrashing,synthetic,,NRU,GlobalAllocation,1440,6,5,0.6651,0.9778,1.470154863930236,156,,,
thrashing,synthetic,,NRU,GlobalAllocation,1440,6,6,0.5811,0.9355,1.6098778179315092,24,,,
thrashing,synthetic,,NRU,GlobalAllocation,1440,6,7,0.6446,0.976,1.5141172820353708,180,,,
thrashing,synthetic,,NRU,GlobalAllocation,1440,7,0,0.3376,0.8597,2.546504739336493,96,,,
thrashing,synthetic,,NRU,GlobalAllocation,1440,7,1,0.3227,0.9453,2.929346141927487,108,,,
thrashing,synthetic,,NRU,GlobalAllocation,1440,7,2,0.3514,0.9688,2.756972111553785,120,,,
thrashing,synthetic,,NRU,GlobalAllocation,1440,7,3,0.3324,0.9066,2.7274368231046933,132,,,
thrashing,synthetic,,NRU,GlobalAllocation,1440,7,4,0.343,0.9618,2.804081632653061,144,,,
thrashing,synthetic,,NRU,GlobalAllocation,1440,7,5,0.3452,1.0084,2.921205098493627,156,,,
thrashing,synthetic,,NRU,GlobalAllocation,1440,7,6,0.3145,0.9845,3.1303656597774245,24,,,
thrashing,synthetic,,NRU,GlobalAllocation,1440,7,7,0.4879,0.952,1.951219512195122,180,,,
thrashing,synthetic,,NRU,GlobalAllocation,1440,8,0,0.3157,0.8742,2.7690845739626226,96,,,
thrashing,synthetic,,NRU,GlobalAllocation,1440,8,1,0.3246,0.9961,3.0686999383857057,108,,,
thrashing,synthetic,,NRU,GlobalAllocation,1440,8,2,0.3296,0.8336,2.529126213592233,120,,,
thrashing,synthetic,,NRU,GlobalAllocation,1440,8,3,0.3381,1.0229,3.025436261461106,132,,,
thrashing,synthetic,,NRU,GlobalAllocation,1440,8,4,0.3397,0.9933,2.9240506329113924,144,,,
thrashing,synthetic,,NRU,GlobalAllocation,1440,8,5,0.3414,0.9375,2.7460456942003515,156,,,
thrashing,synthetic,,NRU,GlobalAllocation,1440,8,6,0.2772,0.9691,3.496031746031746,24,,,
thrashing,synthetic,,NRU,GlobalAllocation,1440,8,7,0.358,1.122,3.1340782122905027,180,,,
thrashing,synthetic,,NRU,GlobalAllocation,1440,9,0,0.3189,0.9471,2.9698965192850424,96,,,
thrashing,synthetic,,NRU,GlobalAllocation,1440,9,1,0.3358,0.8839,2.6322215604526504,108,,,
thrashing,synthetic,,NRU,GlobalAllocation,1440,9,2,0.353,1.0696,3.030028328611898,120,,,
thrashing,synthetic,,NRU,GlobalAllocation,1440,9,3,0.3468,0.8568,2.4705882352941178,132,,,
thrashing,synthetic,,NRU,GlobalAllocation,1440,9,4,0.3632,0.9787,2.69465859030837,144,,,
thrashing,synthetic,,NRU,GlobalAllocation,1440,9,5,0.3431,0.9477,2.7621684640046635,156,,,
thrashing,synthetic,,NRU,GlobalAllocation,1440,9,6,0.2919,1.0437,3.5755395683453237,24,,,
thrashing,synthetic,,NRU,GlobalAllocation,1440,9,7,0.3625,1.0101,2.7864827586206897,180,,,
thrashing,synthetic,,NRU,LocalAllocation,1440,0,0,0.3272,0.5278,1.613080684596577,96,0,96,0
thrashing,synthetic,,NRU,LocalAllocation,1440,0,1,0.3252,0.5052,1.5535055350553506,108,0,108,0
thrashing,synthetic,,NRU,LocalAllocation,1440,0,2,0.3292,0.5049,1.5337181044957473,120,0,120,0
thrashing,synthetic,,NRU,LocalAllocation,1440,0,3,0.337,0.516,1.5311572700296736,132,0,132,0
thrashing,synthetic,,NRU,LocalAllocation,1440,0,4,0.3416,0.5171,1.5137587822014051,144,0,144,0
thrashing,synthetic,,NRU,LocalAllocation,1440,0,5,0.3491,0.5255,1.5052993411629905,156,0,156,0
thrashing,synthetic,,NRU,LocalAllocation,1440,0,6,0.2794,0.4868,1.742304939155333,24,0,24,0
thrashing,synthetic,,NRU,LocalAllocation,1440,0,7,0.3564,0.5463,1.5328282828282829,180,0,180,0
thrashing,synthetic,,NRU,LocalAllocation,1440,1,0,0.3158,0.4863,1.5398986700443318,96,0,96,0
thrashing,synthetic,,NRU,LocalAllocation,1440,1,1,0.321,0.4911,1.5299065420560747,108,0,108,0
thrashing,synthetic,,NRU,LocalAllocation,1440,1,2,0.3521,0.504,1.4314115308151094,120,0,120,0
thrashing,synthetic,,NRU,LocalAllocation,1440,1,3,0.3377,0.5066,1.5001480604086468,132,0,132,0
thrashing,synthetic,,NRU,LocalAllocation,1440,1,4,0.4484,0.5132,1.144513826940232,144,0,144,0
thrashing,synthetic,,NRU,LocalAllocation,1440,1,5,0.3423,0.5182,1.513876716330704,156,0,156,0
thrashing,synthetic,,NRU,LocalAllocation,1440,1,6,0.2784,0.4739,1.7022270114942528,24,0,24,0
thrashing,synthetic,,NRU,LocalAllocation,1440,1,7,0.3725,0.5261,1.4123489932885906,180,0,180,0
thrashing,synthetic,,NRU,LocalAllocation,1440,2,0,0.3179,0.4983,1.5674740484429066,96,0,96,0
thrashing,synthetic,,NRU,LocalAllocation,1440,2,1,0.3367,0.5034,1.4950994950994951,108,0,108,0
thrashing,synthetic,,NRU,LocalAllocation,1440,2,2,0.3305,0.5122,1.5497730711043873,120,0,120,0
thrashing,synthetic,,NRU,LocalAllocation,1440,2,3,0.3359,0.5172,1.5397439714200656,132,0,132,0
thrashing,synthetic,,NRU,LocalAllocation,1440,2,4,0.3596,0.5192,1.4438264738598443,144,0,144,0
thrashing,synthetic,,NRU,LocalAllocation,1440,2,5,0.3579,0.5344,1.4931545124336407,156,0,156,0
thrashing,synthetic,,NRU,LocalAllocation,1440,2,6,0.2813,0.4935,1.7543547813722005,24,0,24,0
thrashing,synthetic,,NRU,LocalAllocation,1440,2,7,0.3584,0.5415,1.5108816964285714,180,0,180,0
thrashing,synthetic,,NRU,LocalAllocation,1440,3,0,0.3278,0.4895,1.4932885906040267,96,0,96,0
thrashing,synthetic,,NRU,LocalAllocation,1440,3,1,0.3351,0.4978,1.4855267084452402,108,0,108,0
thrashing,synthetic,,NRU,LocalAllocation,1440,3,2,0.3599,0.5073,1.4095582106140594,120,0,120,0
thrashing,synthetic,,NRU,LocalAllocation,1440,3,3,0.3615,0.5051,1.3972337482710926,132,0,132,0
thrashing,synthetic,,NRU,LocalAllocation,1440,3,4,0.3393,0.5157,1.5198938992042441,144,0,144,0
thrashing,synthetic,,NRU,LocalAllocation,1440,3,5,0.3436,0.5189,1.510186263096624,156,0,156,0
thrashing,synthetic,,NRU,LocalAllocation,1440,3,6,0.2931,0.4828,1.6472193790515182,24,0,24,0
thrashing,synthetic,,NRU,LocalAllocation,1440,3,7,0.3715,0.5357,1.441991924629879,180,0,180,0
thrashing,synthetic,,NRU,LocalAllocation,1440,4,0,0.321,0.4922,1.5333333333333334,96,0,96,0
thrashing,synthetic,,NRU,LocalAllocation,1440,4,1,0.3244,0.4953,1.526818742293465,108,0,108,0
thrashing,synthetic,,NRU,LocalAllocation,1440,4,2,0.3446,0.506,1.4683691236215903,120,0,120,0
thrashing,synthetic,,NRU,LocalAllocation,1440,4,3,0.3561,0.5083,1.4274080314518394,132,0,132,0
thrashing,synthetic,,NRU,LocalAllocation,1440,4,4,0.3405,0.5145,1.5110132158590308,144,0,144,0
thrashing,synthetic,,NRU,LocalAllocation,1440,4,5,0.3601,0.5232,1.452929741738406,156,0,156,0
thrashing,synthetic,,NRU,LocalAllocation,1440,4,6,0.2814,0.487,1.7306325515280738,24,0,24,0
thrashing,synthetic,,NRU,LocalAllocation,1440,4,7,0.3582,0.5352,1.4941373534338358,180,0,180,0
thrashing,synthetic,,NRU,LocalAllocation,1440,5,0,0.3312,0.4913,1.4833937198067633,96,0,96,0
thrashing,synthetic,,NRU,LocalAllocation,1440,5,1,0.3237,0.489,1.510658016682113,108,0,108,0
thrashing,synthetic,,NRU,LocalAllocation,1440,5,2,0.3301,0.4979,1.5083308088458043,120,0,120,0
thrashing,synthetic,,NRU,LocalAllocation,1440,5,3,0.3297,0.4984,1.5116772823779194,132,0,132,0
thrashing,synthetic,,NRU,LocalAllocation,1440,5,4,0.3885,0.5127,1.3196911196911196,144,0,144,0
thrashing,synthetic,,NRU,LocalAllocation,1440,5,5,0.3418,0.513,1.5008777062609713,156,0,156,0
thrashing,synthetic,,NRU,LocalAllocation,1440,5,6,0.2879,0.4795,1.665508857242098,24,0,24,0
thrashing,synthetic,,NRU,LocalAllocation,1440,5,7,0.3734,0.5316,1.4236743438671666,180,0,180,0
thrashing,synthetic,,NRU,LocalAllocation,1440,6,0,0.3185,0.4872,1.5296703296703296,96,0,96,0
thrashing,synthetic,,NRU,LocalAllocation,1440,6,1,0.3378,0.4963,1.4692125518058023,108,0,108,0
thrashing,synthetic,,NRU,LocalAllocation,1440,6,2,0.3323,0.5004,1.5058681913933194,120,0,120,0
thrashing,synthetic,,NRU,LocalAllocation,1440,6,3,0.357,0.5058,1.4168067226890757,132,0,132,0
thrashing,synthetic,,NRU,LocalAllocation,1440,6,4,0.3738,0.5089,1.3614232209737829,144,0,144,0
thrashing,synthetic,,NRU,LocalAllocation,1440,6,5,0.369,0.5173,1.4018970189701898,156,0,156,0
thrashing,synthetic,,NRU,LocalAllocation,1440,6,6,0.3075,0.4833,1.5717073170731708,24,0,24,0
thrashing,synthetic,,NRU,LocalAllocation,1440,6,7,0.3567,0.5486,1.5379871040089712,180,0,180,0
thrashing,synthetic,,NRU,LocalAllocation,1440,7,0,0.3292,0.5279,1.603584447144593,96,0,96,0
thrashing,synthetic,,NRU,LocalAllocation,1440,7,1,0.3292,0.5414,1.6445929526123937,108,0,108,0
thrashing,synthetic,,NRU,LocalAllocation,1440,7,2,0.3308,0.5682,1.7176541717049576,120,0,120,0
thrashing,synthetic,,NRU,LocalAllocation,1440,7,3,0.3413,0.5502,1.612071491356578,132,0,132,0
thrashing,synthetic,,NRU,LocalAllocation,1440,7,4,0.3398,0.5413,1.5929958799293702,144,0,144,0
thrashing,synthetic,,NRU,LocalAllocation,1440,7,5,0.3437,0.5461,1.588885656095432,156,0,156,0
thrashing,synthetic,,NRU,LocalAllocation,1440,7,6,0.2889,0.5046,1.7466251298026998,24,0,24,0
thrashing,synthetic,,NRU,LocalAllocation,1440,7,7,0.37,0.5639,1.5240540540540541,180,0,180,0
thrashing,synthetic,,NRU,LocalAllocation,1440,8,0,0.3215,0.5374,1.6715396578538102,96,0,96,0
thrashing,synthetic,,NRU,LocalAllocation,1440,8,1,0.3256,0.5541,1.7017813267813269,108,0,108,0
thrashing,synthetic,,NRU,LocalAllocation,1440,8,2,0.3374,0.5604,1.6609365737996444,120,0,120,0
thrashing,synthetic,,NRU,LocalAllocation,1440,8,3,0.3344,0.5619,1.680322966507177,132,0,132,0
thrashing,synthetic,,NRU,LocalAllocation,1440,8,4,0.3387,0.5773,1.7044582226158842,144,0,144,0
thrashing,synthetic,,NRU,LocalAllocation,1440,8,5,0.3544,0.584,1.6478555304740405,156,0,156,0
thrashing,synthetic,,NRU,LocalAllocation,1440,8,6,0.2946,0.5249,1.7817379497623897,24,0,24,0
thrashing,synthetic,,NRU,LocalAllocation,1440,8,7,0.3909,0.6032,1.5431056536198515,180,0,180,0
thrashing,synthetic,,NRU,LocalAllocation,1440,9,0,0.2862,0.4448,1.554157931516422,96,0,96,0
thrashing,synthetic,,NRU,LocalAllocation,1440,9,1,0.2942,0.4513,1.5339904826648538,108,0,108,0
thrashing,synthetic,,NRU,LocalAllocation,1440,9,2,0.3003,0.4472,1.4891774891774892,120,0,120,0
thrashing,synthetic,,NRU,LocalAllocation,1440,9,3,0.2999,0.4575,1.525508502834278,132,0,132,0
thrashing,synthetic,,NRU,LocalAllocation,1440,9,4,0.3051,0.4615,1.5126188135037693,144,0,144,0
thrashing,synthetic,,NRU,LocalAllocation,1440,9,5,0.3153,0.4688,1.486837932128132,156,0,156,0
thrashing,synthetic,,NRU,LocalAllocation,1440,9,6,0.2609,0.4238,1.6243771559984668,24,0,24,0
thrashing,synthetic,,NRU,LocalAllocation,1440,9,7,0.3226,0.4726,1.4649721016738995,180,0,180,0
thrashing,synthetic,,NRU,ProportionalAllocation,1440,0,0,0.3173,0.496,1.5631894106523794,96,0,96,0
thrashing,synthetic,,NRU,ProportionalAllocation,1440,0,1,0.3217,0.5007,1.5564190239353435,108,0,108,0
thrashing,synthetic,,NRU,ProportionalAllocation,1440,0,2,0.3467,0.5025,1.4493798673204499,120,0,120,0
thrashing,synthetic,,NRU,ProportionalAllocation,1440,0,3,0.3515,0.511,1.4537695590327169,132,0,132,0
thrashing,synthetic,,NRU,ProportionalAllocation,1440,0,4,0.3403,0.5141,1.5107258301498678,144,0,144,0
thrashing,synthetic,,NRU,ProportionalAllocation,1440,0,5,0.3527,0.5184,1.4698043663169833,156,0,156,0
thrashing,synthetic,,NRU,ProportionalAllocation,1440,0,6,0.2955,0.4762,1.6115059221658206,24,0,24,0
thrashing,synthetic,,NRU,ProportionalAllocation,1440,0,7,0.3577,0.5418,1.5146771037181996,180,0,180,0
thrashing,synthetic,,NRU,ProportionalAllocation,1440,1,0,0.3398,0.5024,1.4785167745732783,96,0,96,0
thrashing,synthetic,,NRU,ProportionalAllocation,1440,1,1,0.3198,0.5019,1.5694183864915572,108,0,108,0
thrashing,synthetic,,NRU,ProportionalAllocation,1440,1,2,0.3487,0.5077,1.4559793518784054,120,0,120,0
thrashing,synthetic,,NRU,ProportionalAllocation,1440,1,3,0.3718,0.5103,1.372512103281334,132,0,132,0
thrashing,synthetic,,NRU,ProportionalAllocation,1440,1,4,0.3571,0.5244,1.4684962195463456,144,0,144,0
thrashing,synthetic,,NRU,ProportionalAllocation,1440,1,5,0.3416,0.5212,1.5257611241217799,156,0,156,0
thrashing,synthetic,,NRU,ProportionalAllocation,1440,1,6,0.2799,0.4882,1.744194355126831,24,0,24,0
thrashing,synthetic,,NRU,ProportionalAllocation,1440,1,7,0.3584,0.5432,1.515625,180,0,180,0
thrashing,synthetic,,NRU,ProportionalAllocation,1440,2,0,0.3666,0.4884,1.3322422258592472,96,0,96,0
thrashing,synthetic,,NRU,ProportionalAllocation,1440,2,1,0.3227,0.4903,1.5193678339014565,108,0,108,0
thrashing,synthetic,,NRU,ProportionalAllocation,1440,2,2,0.3472,0.4994,1.4383640552995391,120,0,120,0
thrashing,synthetic,,NRU,ProportionalAllocation,1440,2,3,0.3661,0.5087,1.3895110625512155,132,0,132,0
thrashing,synthetic,,NRU,ProportionalAllocation,1440,2,4,0.3412,0.5067,1.485052754982415,144,0,144,0
thrashing,synthetic,,NRU,ProportionalAllocation,1440,2,5,0.3606,0.5159,1.430671103716029,156,0,156,0
thrashing,synthetic,,NRU,ProportionalAllocation,1440,2,6,0.2792,0.4778,1.7113180515759312,24,0,24,0
thrashing,synthetic,,NRU,ProportionalAllocation,1440,2,7,0.3606,0.5309,1.4722684414864116,180,0,180,0
thrashing,synthetic,,NRU,ProportionalAllocation,1440,3,0,0.3198,0.5099,1.5944340212632895,96,0,96,0
thrashing,synthetic,,NRU,ProportionalAllocation,1440,3,1,0.3212,0.5194,1.6170610211706102,108,0,108,0
thrashing,synthetic,,NRU,ProportionalAllocation,1440,3,2,0.3301,0.5217,1.580430172674947,120,0,120,0
thrashing,synthetic,,NRU,ProportionalAllocation,1440,3,3,0.3518,0.5266,1.4968732234223991,132,0,132,0
thrashing,synthetic,,NRU,ProportionalAllocation,1440,3,4,0.3435,0.5289,1.5397379912663756,144,0,144,0
thrashing,synthetic,,NRU,ProportionalAllocation,1440,3,5,0.3446,0.5382,1.5618107951247824,156,0,156,0
thrashing,synthetic,,NRU,ProportionalAllocation,1440,3,6,0.5948,0.5013,0.8428043039677202,24,0,24,0
thrashing,synthetic,,NRU,ProportionalAllocation,1440,3,7,0.7257,0.5542,0.7636764503238253,180,0,180,0
thrashing,synthetic,,NRU,ProportionalAllocation,1440,4,0,0.3337,0.5736,1.7189091998801318,96,0,96,0
thrashing,synthetic,,NRU,ProportionalAllocation,1440,4,1,0.3223,0.5668,1.758609990691902,108,0,108,0
thrashing,synthetic,,NRU,ProportionalAllocation,1440,4,2,0.3528,0.5784,1.6394557823129252,120,0,120,0
thrashing,synthetic,,NRU,ProportionalAllocation,1440,4,3,0.3593,0.5827,1.6217645421653215,132,0,132,0
thrashing,synthetic,,NRU,ProportionalAllocation,1440,4,4,0.349,0.5958,1.707163323782235,144,0,144,0
thrashing,synthetic,,NRU,ProportionalAllocation,1440,4,5,0.3461,0.609,1.7596070499855534,156,0,156,0
thrashing,synthetic,,NRU,ProportionalAllocation,1440,4,6,0.2813,0.5452,1.9381443298969072,24,0,24,0
thrashing,synthetic,,NRU,ProportionalAllocation,1440,4,7,0.3534,0.7679,2.172891907187323,180,0,180,0
thrashing,synthetic,,NRU,ProportionalAllocation,1440,5,0,0.3296,0.5155,1.5640169902912622,96,0,96,0
thrashing,synthetic,,NRU,ProportionalAllocation,1440,5,1,0.3392,0.5187,1.529186320754717,108,0,108,0
thrashing,synthetic,,NRU,ProportionalAllocation,1440,5,2,0.3434,0.5285,1.539021549213745,120,0,120,0
thrashing,synthetic,,NRU,ProportionalAllocation,1440,5,3,0.3355,0.5269,1.5704918032786885,132,0,132,0
thrashing,synthetic,,NRU,ProportionalAllocation,1440,5,4,0.3478,0.5397,1.5517538815411156,144,0,144,0
thrashing,synthetic,,NRU,ProportionalAllocation,1440,5,5,0.3474,0.5398,1.5538284398388025,156,0,156,0
thrashing,synthetic,,NRU,ProportionalAllocation,1440,5,6,0.2756,0.495,1.7960812772133528,24,0,24,0
thrashing,synthetic,,NRU,ProportionalAllocation,1440,5,7,0.3842,0.5611,1.4604372722540344,180,0,180,0
thrashing,synthetic,,NRU,ProportionalAllocation,1440,6,0,0.3147,0.4949,1.5726088338099777,96,0,96,0
thrashing,synthetic,,NRU,ProportionalAllocation,1440,6,1,0.3528,0.496,1.4058956916099774,108,0,108,0
thrashing,synthetic,,NRU,ProportionalAllocation,1440,6,2,0.3276,0.5077,1.5497557997557998,120,0,120,0
thrashing,synthetic,,NRU,ProportionalAllocation,1440,6,3,0.3311,0.5104,1.541528239202658,132,0,132,0
thrashing,synthetic,,NRU,ProportionalAllocation,1440,6,4,0.3572,0.5171,1.4476483762597985,144,0,144,0
thrashing,synthetic,,NRU,ProportionalAllocation,1440,6,5,0.3582,0.5197,1.4508654383026243,156,0,156,0
thrashing,synthetic,,NRU,ProportionalAllocation,1440,6,6,0.2854,0.4861,1.7032235459004905,24,0,24,0
thrashing,synthetic,,NRU,ProportionalAllocation,1440,6,7,0.3564,0.5417,1.5199214365881033,180,0,180,0
thrashing,synthetic,,NRU,ProportionalAllocation,1440,7,0,0.3512,0.5337,1.519646924829157,96,0,96,0
thrashing,synthetic,,NRU,ProportionalAllocation,1440,7,1,0.3242,0.5505,1.6980259099321406,108,0,108,0
thrashing,synthetic,,NRU,ProportionalAllocation,1440,7,2,0.3304,0.5373,1.6262106537530265,120,0,120,0
thrashing,synthetic,,NRU,ProportionalAllocation,1440,7,3,0.3365,0.5365,1.5943536404160477,132,0,132,0
thrashing,synthetic,,NRU,ProportionalAllocation,1440,7,4,0.3414,0.5546,1.6244874048037492,144,0,144,0
thrashing,synthetic,,NRU,ProportionalAllocation,1440,7,5,0.3573,0.5621,1.5731877973691575,156,0,156,0
thrashing,synthetic,,NRU,ProportionalAllocation,1440,7,6,0.2922,0.5139,1.7587268993839835,24,0,24,0
thrashing,synthetic,,NRU,ProportionalAllocation,1440,7,7,0.3582,0.5925,1.654103852596315,180,0,180,0
thrashing,synthetic,,NRU,ProportionalAllocation,1440,8,0,0.3146,0.5007,1.591544818817546,96,0,96,0
thrashing,synthetic,,NRU,ProportionalAllocation,1440,8,1,0.321,0.5071,1.5797507788161993,108,0,108,0
thrashing,synthetic,,NRU,ProportionalAllocation,1440,8,2,0.3497,0.5134,1.4681155275950815,120,0,120,0
thrashing,synthetic,,NRU,ProportionalAllocation,1440,8,3,0.3452,0.5152,1.492468134414832,132,0,132,0
thrashing,synthetic,,NRU,ProportionalAllocation,1440,8,4,0.3383,0.5214,1.5412355897132723,144,0,144,0
thrashing,synthetic,,NRU,ProportionalAllocation,1440,8,5,0.3406,0.5299,1.5557839107457427,156,0,156,0
thrashing,synthetic,,NRU,ProportionalAllocation,1440,8,6,0.2738,0.4848,1.77063550036523,24,0,24,0
thrashing,synthetic,,NRU,ProportionalAllocation,1440,8,7,0.354,0.5491,1.551129943502825,180,0,180,0
thrashing,synthetic,,NRU,ProportionalAllocation,1440,9,0,0.332,0.484,1.4578313253012047,96,0,96,0
thrashing,synthetic,,NRU,ProportionalAllocation,1440,9,1,0.3256,0.4863,1.4935503685503686,108,0,108,0
thrashing,synthetic,,NRU,ProportionalAllocation,1440,9,2,0.3408,0.4974,1.4595070422535212,120,0,120,0
thrashing,synthetic,,NRU,ProportionalAllocation,1440,9,3,0.3342,0.5055,1.5125673249551166,132,0,132,0
thrashing,synthetic,,NRU,ProportionalAllocation,1440,9,4,0.3568,0.5076,1.4226457399103138,144,0,144,0
thrashing,synthetic,,NRU,ProportionalAllocation,1440,9,5,0.3732,0.512,1.3719185423365488,156,0,156,0
thrashing,synthetic,,NRU,ProportionalAllocation,1440,9,6,0.2791,0.4706,1.686134002149767,24,0,24,0
thrashing,synthetic,,NRU,ProportionalAllocation,1440,9,7,0.3692,0.5318,1.4404117009750812,180,0,180,0
thrashing,synthetic,,SecondChance,GlobalAllocation,1440,0,0,0.2857,0.8373,2.9306965348267413,96,,,
thrashing,synthetic,,SecondChance,GlobalAllocation,1440,0,1,0.2973,1.0638,3.5782038345105955,108,,,
thrashing,synthetic,,SecondChance,GlobalAllocation,1440,0,2,0.3051,1.232,4.038020321206162,120,,,
thrashing,synthetic,,SecondChance,GlobalAllocation,1440,0,3,0.3149,1.2151,3.8586852969196572,132,,,
thrashing,synthetic,,SecondChance,GlobalAllocation,1440,0,4,0.3242,1.3624,4.202344231955583,144,,,
thrashing,synthetic,,SecondChance,GlobalAllocation,1440,0,5,0.3413,1.3808,4.045707588631703,156,,,
thrashing,synthetic,,SecondChance,GlobalAllocation,1440,0,6,0.2302,0.6933,3.0117289313640314,24,,,
thrashing,synthetic,,SecondChance,GlobalAllocation,1440,0,7,0.3672,1.5879,4.324346405228758,180,,,
thrashing,synthetic,,SecondChance,GlobalAllocation,1440,1,0,0.2829,0.8498,3.0038882997525627,96,,,
thrashing,synthetic,,SecondChance,GlobalAllocation,1440,1,1,0.2897,1.0761,3.7145322747670004,108,,,
thrashing,synthetic,,SecondChance,GlobalAllocation,1440,1,2,0.3054,1.1118,3.6404715127701377,120,,,
thrashing,synthetic,,SecondChance,GlobalAllocation,1440,1,3,0.3149,1.2434,3.9485550968561447,132,,,
thrashing,synthetic,,SecondChance,GlobalAllocation,1440,1,4,0.3283,1.3325,4.058787694182151,144,,,
thrashing,synthetic,,SecondChance,GlobalAllocation,1440,1,5,0.3361,1.3786,4.101755429931568,156,,,
thrashing,synthetic,,SecondChance,GlobalAllocation,1440,1,6,0.2366,0.6886,2.9103972950126797,24,,,
thrashing,synthetic,,SecondChance,GlobalAllocation,1440,1,7,0.3702,1.6179,4.37034035656402,180,,,
thrashing,synthetic,,SecondChance,GlobalAllocation,1440,2,0,0.29,0.8062,2.78,96,,,
thrashing,synthetic,,SecondChance,GlobalAllocation,1440,2,1,0.2939,1.0349,3.5212657366451174,108,,,
thrashing,synthetic,,SecondChance,GlobalAllocation,1440,2,2,0.3008,1.1074,3.6815159574468086,120,,,
thrashing,synthetic,,SecondChance,GlobalAllocation,1440,2,3,0.3183,1.2418,3.9013509267986177,132,,,
thrashing,synthetic,,SecondChance,GlobalAllocation,1440,2,4,0.325,1.3692,4.212923076923077,144,,,
thrashing,synthetic,,SecondChance,GlobalAllocation,1440,2,5,0.3342,1.5107,4.520347097546379,156,,,
thrashing,synthetic,,SecondChance,GlobalAllocation,1440,2,6,0.2399,0.6834,2.84868695289704,24,,,
thrashing,synthetic,,SecondChance,GlobalAllocation,1440,2,7,0.3984,1.6164,4.057228915662651,180,,,
thrashing,synthetic,,SecondChance,GlobalAllocation,1440,3,0,0.2805,0.9106,3.2463458110516936,96,,,
thrashing,synthetic,,SecondChance,GlobalAllocation,1440,3,1,0.3021,1.0682,3.5359152598477324,108,,,
thrashing,synthetic,,SecondChance,GlobalAllocation,1440,3,2,0.3035,1.1726,3.8635914332784185,120,,,
thrashing,synthetic,,SecondChance,GlobalAllocation,1440,3,3,0.324,1.2595,3.8873456790123457,132,,,
thrashing,synthetic,,SecondChance,GlobalAllocation,1440,3,4,0.3379,1.2819,3.793725954424386,144,,,
thrashing,synthetic,,SecondChance,GlobalAllocation,1440,3,5,0.3466,1.394,4.021927293710329,156,,,
thrashing,synthetic,,SecondChance,GlobalAllocation,1440,3,6,0.2319,0.6966,3.0038809831824063,24,,,
thrashing,synthetic,,SecondChance,GlobalAllocation,1440,3,7,0.3677,1.5672,4.262170247484362,180,,,
thrashing,synthetic,,SecondChance,GlobalAllocation,1440,4,0,0.2799,0.8181,2.922829581993569,96,,,
thrashing,synthetic,,SecondChance,GlobalAllocation,1440,4,1,0.2918,1.0839,3.7145305003427005,108,,,
thrashing,synthetic,,SecondChance,GlobalAllocation,1440,4,2,0.3041,1.1392,3.74613613942782,120,,,
thrashing,synthetic,,SecondChance,GlobalAllocation,1440,4,3,0.3285,1.2392,3.7722983257229834,132,,,
thrashing,synthetic,,SecondChance,GlobalAllocation,1440,4,4,0.3219,1.2735,3.956197576887232,144,,,
thrashing,synthetic,,SecondChance,GlobalAllocation,1440,4,5,0.3367,1.4111,4.190971190971191,156,,,
thrashing,synthetic,,SecondChance,GlobalAllocation,1440,4,6,0.2314,0.6753,2.9183232497839238,24,,,
thrashing,synthetic,,SecondChance,GlobalAllocation,1440,4,7,0.3609,1.6354,4.531449154890551,180,,,
thrashing,synthetic,,SecondChance,GlobalAllocation,1440,5,0,0.3044,0.8241,2.707293035479632,96,,,
thrashing,synthetic,,SecondChance,GlobalAllocation,1440,5,1,0.2896,1.0719,3.7013121546961325,108,,,
thrashing,synthetic,,SecondChance,GlobalAllocation,1440,5,2,0.3028,1.1217,3.7044253632760897,120,,,
thrashing,synthetic,,SecondChance,GlobalAllocation,1440,5,3,0.3128,1.2748,4.07544757033248,132,,,
thrashing,synthetic,,SecondChance,GlobalAllocation,1440,5,4,0.3253,1.2928,3.9741776821395636,144,,,
thrashing,synthetic,,SecondChance,GlobalAllocation,1440,5,5,0.3388,1.4341,4.232880755608028,156,,,
thrashing,synthetic,,SecondChance,GlobalAllocation,1440,5,6,0.2331,0.6889,2.9553839553839554,24,,,
thrashing,synthetic,,SecondChance,GlobalAllocation,1440,5,7,0.3711,1.616,4.354621395850175,180,,,
thrashing,synthetic,,SecondChance,GlobalAllocation,1440,6,0,0.2888,0.9244,3.200831024930748,96,,,
thrashing,synthetic,,SecondChance,GlobalAllocation,1440,6,1,0.2999,1.0327,3.4434811603867956,108,,,
thrashing,synthetic,,SecondChance,GlobalAllocation,1440,6,2,0.3056,1.1832,3.8717277486910993,120,,,
thrashing,synthetic,,SecondChance,GlobalAllocation,1440,6,3,0.3187,1.2231,3.8377784750549107,132,,,
thrashing,synthetic,,SecondChance,GlobalAllocation,1440,6,4,0.3318,1.3526,4.076552139843279,144,,,
thrashing,synthetic,,SecondChance,GlobalAllocation,1440,6,5,0.337,1.4212,4.217210682492581,156,,,
thrashing,synthetic,,SecondChance,GlobalAllocation,1440,6,6,0.2347,0.6941,2.957392415850021,24,,,
thrashing,synthetic,,SecondChance,GlobalAllocation,1440,6,7,0.382,1.7044,4.461780104712042,180,,,
thrashing,synthetic,,SecondChance,GlobalAllocation,1440,7,0,0.2839,1.3842,4.875660443818246,96,,,
thrashing,synthetic,,SecondChance,GlobalAllocation,1440,7,1,0.2888,1.7411,6.028739612188366,108,,,
thrashing,synthetic,,SecondChance,GlobalAllocation,1440,7,2,0.3046,1.735,5.695994747209455,120,,,
thrashing,synthetic,,SecondChance,GlobalAllocation,1440,7,3,0.3099,1.9371,6.250726040658277,132,,,
thrashing,synthetic,,SecondChance,GlobalAllocation,1440,7,4,0.3343,2.1711,6.494466048459468,144,,,
thrashing,synthetic,,SecondChance,GlobalAllocation,1440,7,5,0.338,2.3574,6.974556213017752,156,,,
thrashing,synthetic,,SecondChance,GlobalAllocation,1440,7,6,0.2354,1.0147,4.31053525913339,24,,,
thrashing,synthetic,,SecondChance,GlobalAllocation,1440,7,7,0.3704,2.7298,7.369870410367171,180,,,
thrashing,synthetic,,SecondChance,GlobalAllocation,1440,8,0,0.2849,0.8929,3.134082134082134,96,,,
thrashing,synthetic,,SecondChance,GlobalAllocation,1440,8,1,0.297,1.0378,3.494276094276094,108,,,
thrashing,synthetic,,SecondChance,GlobalAllocation,1440,8,2,0.3051,1.0923,3.5801376597836776,120,,,
thrashing,synthetic,,SecondChance,GlobalAllocation,1440,8,3,0.3149,1.2372,3.928866306764052,132,,,
thrashing,synthetic,,SecondChance,GlobalAllocation,1440,8,4,0.3249,1.3651,4.201600492459218,144,,,
thrashing,synthetic,,SecondChance,GlobalAllocation,1440,8,5,0.345,1.4219,4.121449275362319,156,,,
thrashing,synthetic,,SecondChance,GlobalAllocation,1440,8,6,0.2352,0.6761,2.874574829931973,24,,,
thrashing,synthetic,,SecondChance,GlobalAllocation,1440,8,7,0.3669,1.6511,4.500136276914691,180,,,
thrashing,synthetic,,SecondChance,GlobalAllocation,1440,9,0,0.2867,0.9283,3.237879316358563,96,,,
thrashing,synthetic,,SecondChance,GlobalAllocation,1440,9,1,0.2912,1.0335,3.549107142857143,108,,,
thrashing,synthetic,,SecondChance,GlobalAllocation,1440,9,2,0.3053,1.1719,3.8385194890271865,120,,,
thrashing,synthetic,,SecondChance,GlobalAllocation,1440,9,3,0.316,1.1715,3.7072784810126582,132,,,
thrashing,synthetic,,SecondChance,GlobalAllocation,1440,9,4,0.3282,1.2885,3.925959780621572,144,,,
thrashing,synthetic,,SecondChance,GlobalAllocation,1440,9,5,0.3438,1.4031,4.0811518324607325,156,,,
thrashing,synthetic,,SecondChance,GlobalAllocation,1440,9,6,0.2384,0.7013,2.941694630872483,24,,,
thrashing,synthetic,,SecondChance,GlobalAllocation,1440,9,7,0.3699,1.6736,4.524466071911327,180,,,
thrashing,synthetic,,SecondChance,LocalAllocation,1440,0,0,0.2864,0.4977,1.7377793296089385,96,0,96,0
thrashing,synthetic,,SecondChance,LocalAllocation,1440,0,1,0.2956,0.5084,1.7198917456021652,108,0,108,0
thrashing,synthetic,,SecondChance,LocalAllocation,1440,0,2,0.3012,0.5172,1.7171314741035857,120,0,120,0
thrashing,synthetic,,SecondChance,LocalAllocation,1440,0,3,0.3204,0.53,1.6541822721598003,132,0,132,0
thrashing,synthetic,,SecondChance,LocalAllocation,1440,0,4,0.325,0.5357,1.6483076923076923,144,0,144,0
thrashing,synthetic,,SecondChance,LocalAllocation,1440,0,5,0.3415,0.5625,1.6471449487554906,156,0,156,0
thrashing,synthetic,,SecondChance,LocalAllocation,1440,0,6,0.2349,0.4647,1.9782886334610472,24,0,24,0
thrashing,synthetic,,SecondChance,LocalAllocation,1440,0,7,0.3649,0.5778,1.5834475198684572,180,0,180,0
thrashing,synthetic,,SecondChance,LocalAllocation,1440,1,0,0.2847,0.4662,1.637513171759747,96,0,96,0
thrashing,synthetic,,SecondChance,LocalAllocation,1440,1,1,0.3814,0.4738,1.2422653382275826,108,0,108,0
thrashing,synthetic,,SecondChance,LocalAllocation,1440,1,2,0.4297,0.4896,1.1393995811030952,120,0,120,0
thrashing,synthetic,,SecondChance,LocalAllocation,1440,1,3,0.6161,0.5022,0.8151274143807823,132,0,132,0
thrashing,synthetic,,SecondChance,LocalAllocation,1440,1,4,0.6816,0.5103,0.7486795774647887,144,0,144,0
thrashing,synthetic,,SecondChance,LocalAllocation,1440,1,5,0.5905,0.5234,0.8863674851820491,156,0,156,0
thrashing,synthetic,,SecondChance,LocalAllocation,1440,1,6,0.4814,0.4386,0.9110926464478604,24,0,24,0
thrashing,synthetic,,SecondChance,LocalAllocation,1440,1,7,0.6632,0.551,0.8308202653799759,180,0,180,0
thrashing,synthetic,,SecondChance,LocalAllocation,1440,2,0,0.2849,0.4563,1.6016146016146016,96,0,96,0
thrashing,synthetic,,SecondChance,LocalAllocation,1440,2,1,0.3028,0.4576,1.511228533685601,108,0,108,0
thrashing,synthetic,,SecondChance,LocalAllocation,1440,2,2,0.3222,0.4757,1.4764121663563003,120,0,120,0
thrashing,synthetic,,SecondChance,LocalAllocation,1440,2,3,0.3137,0.4964,1.582403570290086,132,0,132,0
thrashing,synthetic,,SecondChance,LocalAllocation,1440,2,4,0.3281,0.4936,1.5044193843340445,144,0,144,0
thrashing,synthetic,,SecondChance,LocalAllocation,1440,2,5,0.3375,0.5068,1.5016296296296296,156,0,156,0
thrashing,synthetic,,SecondChance,LocalAllocation,1440,2,6,0.2376,0.4223,1.7773569023569022,24,0,24,0
thrashing,synthetic,,SecondChance,LocalAllocation,1440,2,7,0.3666,0.5358,1.4615384615384615,180,0,180,0
thrashing,synthetic,,SecondChance,LocalAllocation,1440,3,0,0.4436,0.9943,2.241433724075744,96,0,96,0
thrashing,synthetic,,SecondChance,LocalAllocation,1440,3,1,0.2898,1.0289,3.5503795721187026,108,0,108,0
thrashing,synthetic,,SecondChance,LocalAllocation,1440,3,2,0.3063,1.0426,3.4038524322559582,120,0,120,0
thrashing,synthetic,,SecondChance,LocalAllocation,1440,3,3,0.3202,1.056,3.297938788257339,132,0,132,0
thrashing,synthetic,,SecondChance,LocalAllocation,1440,3,4,0.3235,1.0812,3.342194744976816,144,0,144,0
thrashing,synthetic,,SecondChance,LocalAllocation,1440,3,5,0.3405,1.1155,3.276064610866373,156,0,156,0
thrashing,synthetic,,SecondChance,LocalAllocation,1440,3,6,0.2364,0.9185,3.8853637901861253,24,0,24,0
thrashing,synthetic,,SecondChance,LocalAllocation,1440,3,7,0.3647,1.174,3.219084178777077,180,0,180,0
thrashing,synthetic,,SecondChance,LocalAllocation,1440,4,0,0.2842,0.4843,1.7040816326530612,96,0,96,0
thrashing,synthetic,,SecondChance,LocalAllocation,1440,4,1,0.298,0.5394,1.8100671140939597,108,0,108,0
thrashing,synthetic,,SecondChance,LocalAllocation,1440,4,2,0.3081,0.4995,1.6212268743914313,120,0,120,0
thrashing,synthetic,,SecondChance,LocalAllocation,1440,4,3,0.3152,0.5229,1.6589467005076142,132,0,132,0
thrashing,synthetic,,SecondChance,LocalAllocation,1440,4,4,0.327,0.5348,1.6354740061162079,144,0,144,0
thrashing,synthetic,,SecondChance,LocalAllocation,1440,4,5,0.4546,0.5431,1.1946766388033436,156,0,156,0
thrashing,synthetic,,SecondChance,LocalAllocation,1440,4,6,0.2413,0.452,1.8731869042685454,24,0,24,0
thrashing,synthetic,,SecondChance,LocalAllocation,1440,4,7,0.364,0.5763,1.5832417582417582,180,0,180,0
thrashing,synthetic,,SecondChance,LocalAllocation,1440,5,0,0.2869,0.4577,1.5953293830602997,96,0,96,0
thrashing,synthetic,,SecondChance,LocalAllocation,1440,5,1,0.2898,0.4606,1.5893719806763285,108,0,108,0
thrashing,synthetic,,SecondChance,LocalAllocation,1440,5,2,0.3084,0.4743,1.5379377431906616,120,0,120,0
thrashing,synthetic,,SecondChance,LocalAllocation,1440,5,3,0.3134,0.4871,1.5542437779195917,132,0,132,0
thrashing,synthetic,,SecondChance,LocalAllocation,1440,5,4,0.3236,0.4997,1.5441903584672436,144,0,144,0
thrashing,synthetic,,SecondChance,LocalAllocation,1440,5,5,0.3489,0.5111,1.464889653195758,156,0,156,0
thrashing,synthetic,,SecondChance,LocalAllocation,1440,5,6,0.2474,0.4273,1.727162489894907,24,0,24,0
thrashing,synthetic,,SecondChance,LocalAllocation,1440,5,7,0.3619,0.5448,1.505388228792484,180,0,180,0
thrashing,synthetic,,SecondChance,LocalAllocation,1440,6,0,0.2784,0.4498,1.6156609195402298,96,0,96,0
thrashing,synthetic,,SecondChance,LocalAllocation,1440,6,1,0.3205,0.4655,1.452418096723869,108,0,108,0
thrashing,synthetic,,SecondChance,LocalAllocation,1440,6,2,0.3196,0.4763,1.4903003754693367,120,0,120,0
thrashing,synthetic,,SecondChance,LocalAllocation,1440,6,3,0.3111,0.4872,1.566055930568949,132,0,132,0
thrashing,synthetic,,SecondChance,LocalAllocation,1440,6,4,0.3343,0.4979,1.4893807956924918,144,0,144,0
thrashing,synthetic,,SecondChance,LocalAllocation,1440,6,5,0.3394,0.5122,1.5091337654684738,156,0,156,0
thrashing,synthetic,,SecondChance,LocalAllocation,1440,6,6,0.2351,0.4355,1.8524032326669502,24,0,24,0
thrashing,synthetic,,SecondChance,LocalAllocation,1440,6,7,0.3677,0.5479,1.4900734294261626,180,0,180,0
thrashing,synthetic,,SecondChance,LocalAllocation,1440,7,0,0.2793,0.4788,1.7142857142857142,96,0,96,0
thrashing,synthetic,,SecondChance,LocalAllocation,1440,7,1,0.2872,0.4953,1.72458217270195,108,0,108,0
thrashing,synthetic,,SecondChance,LocalAllocation,1440,7,2,0.3036,0.4893,1.6116600790513833,120,0,120,0
thrashing,synthetic,,SecondChance,LocalAllocation,1440,7,3,0.3176,0.5075,1.5979219143576826,132,0,132,0
thrashing,synthetic,,SecondChance,LocalAllocation,1440,7,4,0.3229,0.5159,1.5977082688138742,144,0,144,0
thrashing,synthetic,,SecondChance,LocalAllocation,1440,7,5,0.3406,0.5207,1.5287727539635936,156,0,156,0
thrashing,synthetic,,SecondChance,LocalAllocation,1440,7,6,0.2486,0.4337,1.744569589702333,24,0,24,0
thrashing,synthetic,,SecondChance,LocalAllocation,1440,7,7,0.371,0.5588,1.506199460916442,180,0,180,0
thrashing,synthetic,,SecondChance,LocalAllocation,1440,8,0,0.2801,0.4514,1.611567297393788,96,0,96,0
thrashing,synthetic,,SecondChance,LocalAllocation,1440,8,1,0.294,0.462,1.5714285714285714,108,0,108,0
thrashing,synthetic,,SecondChance,LocalAllocation,1440,8,2,0.302,0.4709,1.559271523178808,120,0,120,0
thrashing,synthetic,,SecondChance,LocalAllocation,1440,8,3,0.3211,0.4924,1.533478667081906,132,0,132,0
thrashing,synthetic,,SecondChance,LocalAllocation,1440,8,4,0.3228,0.4885,1.5133209417596034,144,0,144,0
thrashing,synthetic,,SecondChance,LocalAllocation,1440,8,5,0.3358,0.5083,1.5136986301369864,156,0,156,0
thrashing,synthetic,,SecondChance,LocalAllocation,1440,8,6,0.2334,0.421,1.803770351328192,24,0,24,0
thrashing,synthetic,,SecondChance,LocalAllocation,1440,8,7,0.3652,0.5415,1.482749178532311,180,0,180,0
thrashing,synthetic,,SecondChance,LocalAllocation,1440,9,0,0.2809,0.4694,1.671057315770737,96,0,96,0
thrashing,synthetic,,SecondChance,LocalAllocation,1440,9,1,0.5891,0.4824,0.8188762519096927,108,0,108,0
thrashing,synthetic,,SecondChance,LocalAllocation,1440,9,2,0.6235,0.4877,0.7821972734562951,120,0,120,0
thrashing,synthetic,,SecondChance,LocalAllocation,1440,9,3,0.6548,0.5045,0.7704642638973732,132,0,132,0
thrashing,synthetic,,SecondChance,LocalAllocation,1440,9,4,0.6481,0.517,0.7977164017898473,144,0,144,0
thrashing,synthetic,,SecondChance,LocalAllocation,1440,9,5,0.7091,0.5275,0.7439007192215484,156,0,156,0
thrashing,synthetic,,SecondChance,LocalAllocation,1440,9,6,0.4389,0.4406,1.0038733196627934,24,0,24,0
thrashing,synthetic,,SecondChance,LocalAllocation,1440,9,7,0.4276,0.5604,1.3105706267539756,180,0,180,0
thrashing,synthetic,,SecondChance,ProportionalAllocation,1440,0,0,0.2827,0.4625,1.6360099044923948,96,0,96,0
thrashing,synthetic,,SecondChance,ProportionalAllocation,1440,0,1,0.2953,0.481,1.6288520149001016,108,0,108,0
thrashing,synthetic,,SecondChance,ProportionalAllocation,1440,0,2,0.3029,0.4788,1.5807197094750742,120,0,120,0
thrashing,synthetic,,SecondChance,ProportionalAllocation,1440,0,3,0.3181,0.4912,1.5441685004715497,132,0,132,0
thrashing,synthetic,,SecondChance,ProportionalAllocation,1440,0,4,0.321,0.5022,1.5644859813084113,144,0,144,0
thrashing,synthetic,,SecondChance,ProportionalAllocation,1440,0,5,0.3362,0.5186,1.5425342058298632,156,0,156,0
thrashing,synthetic,,SecondChance,ProportionalAllocation,1440,0,6,0.2302,0.4343,1.8866203301476976,24,0,24,0
thrashing,synthetic,,SecondChance,ProportionalAllocation,1440,0,7,0.3675,0.5547,1.5093877551020407,180,0,180,0
thrashing,synthetic,,SecondChance,ProportionalAllocation,1440,1,0,0.431,0.6705,1.5556844547563806,96,0,96,0
thrashing,synthetic,,SecondChance,ProportionalAllocation,1440,1,1,0.2922,0.7137,2.4425051334702257,108,0,108,0
thrashing,synthetic,,SecondChance,ProportionalAllocation,1440,1,2,0.337,0.6628,1.9667655786350149,120,0,120,0
thrashing,synthetic,,SecondChance,ProportionalAllocation,1440,1,3,0.7214,0.6716,0.9309675630718048,132,0,132,0
thrashing,synthetic,,SecondChance,ProportionalAllocation,1440,1,4,0.4276,0.6769,1.583021515434986,144,0,144,0
thrashing,synthetic,,SecondChance,ProportionalAllocation,1440,1,5,0.3512,0.6898,1.964123006833713,156,0,156,0
thrashing,synthetic,,SecondChance,ProportionalAllocation,1440,1,6,0.2354,0.6021,2.557774001699235,24,0,24,0
thrashing,synthetic,,SecondChance,ProportionalAllocation,1440,1,7,0.4023,0.7716,1.9179716629381058,180,0,180,0
thrashing,synthetic,,SecondChance,ProportionalAllocation,1440,2,0,0.2818,0.4569,1.621362668559262,96,0,96,0
thrashing,synthetic,,SecondChance,ProportionalAllocation,1440,2,1,0.2935,0.46,1.567291311754685,108,0,108,0
thrashing,synthetic,,SecondChance,ProportionalAllocation,1440,2,2,0.3095,0.4773,1.5421647819063005,120,0,120,0
thrashing,synthetic,,SecondChance,ProportionalAllocation,1440,2,3,0.3143,0.4865,1.5478841870824054,132,0,132,0
thrashing,synthetic,,SecondChance,ProportionalAllocation,1440,2,4,0.328,0.5003,1.5253048780487806,144,0,144,0
thrashing,synthetic,,SecondChance,ProportionalAllocation,1440,2,5,0.3374,0.513,1.5204505038529934,156,0,156,0
thrashing,synthetic,,SecondChance,ProportionalAllocation,1440,2,6,0.2361,0.434,1.8382041507835662,24,0,24,0
thrashing,synthetic,,SecondChance,ProportionalAllocation,1440,2,7,0.3634,0.559,1.538249862410567,180,0,180,0
thrashing,synthetic,,SecondChance,ProportionalAllocation,1440,3,0,0.2898,0.4503,1.5538302277432712,96,0,96,0
thrashing,synthetic,,SecondChance,ProportionalAllocation,1440,3,1,0.2883,0.4669,1.6194935830731876,108,0,108,0
thrashing,synthetic,,SecondChance,ProportionalAllocation,1440,3,2,0.3144,0.4729,1.5041348600508906,120,0,120,0
thrashing,synthetic,,SecondChance,ProportionalAllocation,1440,3,3,0.3117,0.4837,1.5518126403593198,132,0,132,0
thrashing,synthetic,,SecondChance,ProportionalAllocation,1440,3,4,0.3297,0.4969,1.5071276918410677,144,0,144,0
thrashing,synthetic,,SecondChance,ProportionalAllocation,1440,3,5,0.3409,0.516,1.5136403637430331,156,0,156,0
thrashing,synthetic,,SecondChance,ProportionalAllocation,1440,3,6,0.2316,0.4334,1.8713298791018997,24,0,24,0
thrashing,synthetic,,SecondChance,ProportionalAllocation,1440,3,7,0.3769,0.5482,1.45449721411515,180,0,180,0
thrashing,synthetic,,SecondChance,ProportionalAllocation,1440,4,0,0.3022,0.4383,1.4503639973527465,96,0,96,0
thrashing,synthetic,,SecondChance,ProportionalAllocation,1440,4,1,0.2909,0.449,1.5434857339291852,108,0,108,0
thrashing,synthetic,,SecondChance,ProportionalAllocation,1440,4,2,0.3038,0.4613,1.5184331797235022,120,0,120,0
thrashing,synthetic,,SecondChance,ProportionalAllocation,1440,4,3,0.3327,0.4712,1.4162909528103396,132,0,132,0
thrashing,synthetic,,SecondChance,ProportionalAllocation,1440,4,4,0.3267,0.4959,1.5179063360881542,144,0,144,0
thrashing,synthetic,,SecondChance,ProportionalAllocation,1440,4,5,0.336,0.5012,1.4916666666666667,156,0,156,0
thrashing,synthetic,,SecondChance,ProportionalAllocation,1440,4,6,0.2382,0.4151,1.7426532325776658,24,0,24,0
thrashing,synthetic,,SecondChance,ProportionalAllocation,1440,4,7,0.3651,0.5335,1.4612434949328952,180,0,180,0
thrashing,synthetic,,SecondChance,ProportionalAllocation,1440,5,0,0.2917,0.451,1.5461090161124442,96,0,96,0
thrashing,synthetic,,SecondChance,ProportionalAllocation,1440,5,1,0.3961,0.4614,1.164857359252714,108,0,108,0
thrashing,synthetic,,SecondChance,ProportionalAllocation,1440,5,2,0.3075,0.4693,1.5261788617886178,120,0,120,0
thrashing,synthetic,,SecondChance,ProportionalAllocation,1440,5,3,0.3184,0.483,1.5169597989949748,132,0,132,0
thrashing,synthetic,,SecondChance,ProportionalAllocation,1440,5,4,0.3304,0.4969,1.5039346246973366,144,0,144,0
thrashing,synthetic,,SecondChance,ProportionalAllocation,1440,5,5,0.3554,0.5001,1.407146876758582,156,0,156,0
thrashing,synthetic,,SecondChance,ProportionalAllocation,1440,5,6,0.2304,0.4231,1.8363715277777777,24,0,24,0
thrashing,synthetic,,SecondChance,ProportionalAllocation,1440,5,7,0.3671,0.5387,1.4674475619722147,180,0,180,0
thrashing,synthetic,,SecondChance,ProportionalAllocation,1440,6,0,0.2829,0.5517,1.9501590668080593,96,0,96,0
thrashing,synthetic,,SecondChance,ProportionalAllocation,1440,6,1,0.2921,0.5707,1.9537829510441629,108,0,108,0
thrashing,synthetic,,SecondChance,ProportionalAllocation,1440,6,2,0.3039,0.5787,1.9042448173741362,120,0,120,0
thrashing,synthetic,,SecondChance,ProportionalAllocation,1440,6,3,0.3161,0.5885,1.8617526099335653,132,0,132,0
thrashing,synthetic,,SecondChance,ProportionalAllocation,1440,6,4,0.3264,0.6054,1.8547794117647058,144,0,144,0
thrashing,synthetic,,SecondChance,ProportionalAllocation,1440,6,5,0.346,0.6161,1.780635838150289,156,0,156,0
thrashing,synthetic,,SecondChance,ProportionalAllocation,1440,6,6,0.2347,0.5251,2.2373242437153813,24,0,24,0
thrashing,synthetic,,SecondChance,ProportionalAllocation,1440,6,7,0.3827,0.6567,1.7159655082309904,180,0,180,0
thrashing,synthetic,,SecondChance,ProportionalAllocation,1440,7,0,0.2797,0.4585,1.639256346085091,96,0,96,0
thrashing,synthetic,,SecondChance,ProportionalAllocation,1440,7,1,0.2922,0.4817,1.6485284052019165,108,0,108,0
thrashing,synthetic,,SecondChance,ProportionalAllocation,1440,7,2,0.3136,0.4857,1.5487882653061225,120,0,120,0
thrashing,synthetic,,SecondChance,ProportionalAllocation,1440,7,3,0.3154,0.4936,1.564996829422955,132,0,132,0
thrashing,synthetic,,SecondChance,ProportionalAllocation,1440,7,4,0.3991,0.5004,1.253821097469306,144,0,144,0
thrashing,synthetic,,SecondChance,ProportionalAllocation,1440,7,5,0.3524,0.5105,1.4486379114642451,156,0,156,0
thrashing,synthetic,,SecondChance,ProportionalAllocation,1440,7,6,0.2412,0.433,1.7951907131011609,24,0,24,0
thrashing,synthetic,,SecondChance,ProportionalAllocation,1440,7,7,0.3722,0.5506,1.479312197743149,180,0,180,0
thrashing,synthetic,,SecondChance,ProportionalAllocation,1440,8,0,0.2856,0.4485,1.5703781512605042,96,0,96,0
thrashing,synthetic,,SecondChance,ProportionalAllocation,1440,8,1,0.2965,0.4628,1.560876897133221,108,0,108,0
thrashing,synthetic,,SecondChance,ProportionalAllocation,1440,8,2,0.3039,0.4726,1.5551168147416914,120,0,120,0
thrashing,synthetic,,SecondChance,ProportionalAllocation,1440,8,3,0.3152,0.4829,1.5320431472081217,132,0,132,0
thrashing,synthetic,,SecondChance,ProportionalAllocation,1440,8,4,0.3232,0.4919,1.5219678217821782,144,0,144,0
thrashing,synthetic,,SecondChance,ProportionalAllocation,1440,8,5,0.3382,0.5172,1.5292726197516262,156,0,156,0
thrashing,synthetic,,SecondChance,ProportionalAllocation,1440,8,6,0.2342,0.426,1.8189581554227157,24,0,24,0
thrashing,synthetic,,SecondChance,ProportionalAllocation,1440,8,7,0.3841,0.5442,1.4168185368393647,180,0,180,0
thrashing,synthetic,,SecondChance,ProportionalAllocation,1440,9,0,0.2835,0.5191,1.8310405643738976,96,0,96,0
thrashing,synthetic,,SecondChance,ProportionalAllocation,1440,9,1,0.297,0.5138,1.72996632996633,108,0,108,0
thrashing,synthetic,,SecondChance,ProportionalAllocation,1440,9,2,0.3042,0.5264,1.730440499671269,120,0,120,0
thrashing,synthetic,,SecondChance,ProportionalAllocation,1440,9,3,0.3108,0.5446,1.7522522522522523,132,0,132,0
thrashing,synthetic,,SecondChance,ProportionalAllocation,1440,9,4,0.3348,0.56,1.6726403823178018,144,0,144,0
thrashing,synthetic,,SecondChance,ProportionalAllocation,1440,9,5,0.3374,0.5655,1.6760521636040309,156,0,156,0
thrashing,synthetic,,SecondChance,ProportionalAllocation,1440,9,6,0.2368,0.4787,2.0215371621621623,24,0,24,0
thrashing,synthetic,,SecondChance,ProportionalAllocation,1440,9,7,0.3657,0.599,1.6379546076018594,180,0,180,0
thrashing,synthetic,,WSClock,GlobalAllocation,1440,0,0,0.2866,0.8488,2.961618981158409,96,,,
thrashing,synthetic,,WSClock,GlobalAllocation,1440,0,1,0.2957,1.0784,3.64693946567467,108,,,
thrashing,synthetic,,WSClock,GlobalAllocation,1440,0,2,0.3176,1.2416,3.9093198992443323,120,,,
thrashing,synthetic,,WSClock,GlobalAllocation,1440,0,3,0.3387,1.2185,3.5975789784470034,132,,,
thrashing,synthetic,,WSClock,GlobalAllocation,1440,0,4,0.3321,1.3748,4.139716952725083,144,,,
thrashing,synthetic,,WSClock,GlobalAllocation,1440,0,5,0.3372,1.3729,4.0714709371293,156,,,
thrashing,synthetic,,WSClock,GlobalAllocation,1440,0,6,0.2484,0.6959,2.8015297906602252,24,,,
thrashing,synthetic,,WSClock,GlobalAllocation,1440,0,7,0.3707,1.6073,4.33585109252765,180,,,
thrashing,synthetic,,WSClock,GlobalAllocation,1440,1,0,0.2878,0.8705,3.024669909659486,96,,,
thrashing,synthetic,,WSClock,GlobalAllocation,1440,1,1,0.2944,1.0815,3.6735733695652173,108,,,
thrashing,synthetic,,WSClock,GlobalAllocation,1440,1,2,0.3044,1.1263,3.700065703022339,120,,,
thrashing,synthetic,,WSClock,GlobalAllocation,1440,1,3,0.3139,1.2608,4.016565785281937,132,,,
thrashing,synthetic,,WSClock,GlobalAllocation,1440,1,4,0.3472,1.3398,3.8588709677419355,144,,,
thrashing,synthetic,,WSClock,GlobalAllocation,1440,1,5,0.4439,1.3957,3.144176616355035,156,,,
thrashing,synthetic,,WSClock,GlobalAllocation,1440,1,6,0.2311,0.6855,2.966248377325833,24,,,
thrashing,synthetic,,WSClock,GlobalAllocation,1440,1,7,0.3736,1.6297,4.362152034261242,180,,,
thrashing,synthetic,,WSClock,GlobalAllocation,1440,2,0,0.2815,0.8131,2.8884547069271758,96,,,
thrashing,synthetic,,WSClock,GlobalAllocation,1440,2,1,0.2932,1.0537,3.5937926330150067,108,,,
thrashing,synthetic,,WSClock,GlobalAllocation,1440,2,2,0.3038,1.1179,3.6797235023041477,120,,,
thrashing,synthetic,,WSClock,GlobalAllocation,1440,2,3,0.3155,1.275,4.041204437400951,132,,,
thrashing,synthetic,,WSClock,GlobalAllocation,1440,2,4,0.3228,1.441,4.464064436183396,144,,,
thrashing,synthetic,,WSClock,GlobalAllocation,1440,2,5,0.3445,1.5956,4.631640058055153,156,,,
thrashing,synthetic,,WSClock,GlobalAllocation,1440,2,6,0.2358,0.6941,2.943596268023749,24,,,
thrashing,synthetic,,WSClock,GlobalAllocation,1440,2,7,0.3678,1.7132,4.6579662860250135,180,,,
thrashing,synthetic,,WSClock,GlobalAllocation,1440,3,0,0.2785,0.907,3.25673249551167,96,,,
thrashing,synthetic,,WSClock,GlobalAllocation,1440,3,1,0.2895,1.0881,3.7585492227979276,108,,,
thrashing,synthetic,,WSClock,GlobalAllocation,1440,3,2,0.3006,1.1666,3.8809048569527613,120,,,
thrashing,synthetic,,WSClock,GlobalAllocation,1440,3,3,0.3202,1.2567,3.92473454091193,132,,,
thrashing,synthetic,,WSClock,GlobalAllocation,1440,3,4,0.3317,1.2728,3.8372022912270123,144,,,
thrashing,synthetic,,WSClock,GlobalAllocation,1440,3,5,0.3383,1.3851,4.094295004433935,156,,,
thrashing,synthetic,,WSClock,GlobalAllocation,1440,3,6,0.2372,0.6925,2.919477234401349,24,,,
thrashing,synthetic,,WSClock,GlobalAllocation,1440,3,7,0.3712,1.5599,4.202316810344827,180,,,
thrashing,synthetic,,WSClock,GlobalAllocation,1440,4,0,0.2816,0.8197,2.910866477272727,96,,,
thrashing,synthetic,,WSClock,GlobalAllocation,1440,4,1,0.2907,1.0634,3.6580667354661163,108,,,
thrashing,synthetic,,WSClock,GlobalAllocation,1440,4,2,0.3044,1.1308,3.7148488830486204,120,,,
thrashing,synthetic,,WSClock,GlobalAllocation,1440,4,3,0.3697,1.24,3.3540708682715716,132,,,
thrashing,synthetic,,WSClock,GlobalAllocation,1440,4,4,0.3647,1.2729,3.490265972031807,144,,,
thrashing,synthetic,,WSClock,GlobalAllocation,1440,4,5,0.343,1.4051,4.096501457725948,156,,,
thrashing,synthetic,,WSClock,GlobalAllocation,1440,4,6,0.2426,0.6675,2.7514427040395715,24,,,
thrashing,synthetic,,WSClock,GlobalAllocation,1440,4,7,0.3711,1.638,4.413904607922393,180,,,
thrashing,synthetic,,WSClock,GlobalAllocation,1440,5,0,0.2864,0.8293,2.895600558659218,96,,,
thrashing,synthetic,,WSClock,GlobalAllocation,1440,5,1,0.2896,1.077,3.7189226519337018,108,,,
thrashing,synthetic,,WSClock,GlobalAllocation,1440,5,2,0.3158,1.1253,3.5633312222925904,120,,,
thrashing,synthetic,,WSClock,GlobalAllocation,1440,5,3,0.3434,1.2664,3.687827606290041,132,,,
thrashing,synthetic,,WSClock,GlobalAllocation,1440,5,4,0.323,1.3096,4.054489164086688,144,,,
thrashing,synthetic,,WSClock,GlobalAllocation,1440,5,5,0.3451,1.4402,4.173283106345987,156,,,
thrashing,synthetic,,WSClock,GlobalAllocation,1440,5,6,0.2408,0.6941,2.8824750830564785,24,,,
thrashing,synthetic,,WSClock,GlobalAllocation,1440,5,7,0.3685,1.6289,4.4203527815468115,180,,,
thrashing,synthetic,,WSClock,GlobalAllocation,1440,6,0,0.2833,0.9378,3.3102717966819624,96,,,
thrashing,synthetic,,WSClock,GlobalAllocation,1440,6,1,0.2898,1.0165,3.507591442374051,108,,,
thrashing,synthetic,,WSClock,GlobalAllocation,1440,6,2,0.3022,1.2041,3.984447385837194,120,,,
thrashing,synthetic,,WSClock,GlobalAllocation,1440,6,3,0.3148,1.2371,3.9297966963151207,132,,,
thrashing,synthetic,,WSClock,GlobalAllocation,1440,6,4,0.3217,1.3766,4.279142057817842,144,,,
thrashing,synthetic,,WSClock,GlobalAllocation,1440,6,5,0.3351,1.4311,4.270665472993136,156,,,
thrashing,synthetic,,WSClock,GlobalAllocation,1440,6,6,0.2339,0.7113,3.0410431808465157,24,,,
thrashing,synthetic,,WSClock,GlobalAllocation,1440,6,7,0.3714,1.7486,4.708131394722671,180,,,
thrashing,synthetic,,WSClock,GlobalAllocation,1440,7,0,0.2834,1.0921,3.8535638673253354,96,,,
thrashing,synthetic,,WSClock,GlobalAllocation,1440,7,1,0.2926,1.1369,3.8855092276144907,108,,,
thrashing,synthetic,,WSClock,GlobalAllocation,1440,7,2,0.3071,1.3481,4.389775317486161,120,,,
thrashing,synthetic,,WSClock,GlobalAllocation,1440,7,3,0.3216,1.2801,3.980410447761194,132,,,
thrashing,synthetic,,WSClock,GlobalAllocation,1440,7,4,0.3241,1.3986,4.315334773218143,144,,,
thrashing,synthetic,,WSClock,GlobalAllocation,1440,7,5,0.3503,1.5651,4.467884670282615,156,,,
thrashing,synthetic,,WSClock,GlobalAllocation,1440,7,6,0.236,0.7183,3.04364406779661,24,,,
thrashing,synthetic,,WSClock,GlobalAllocation,1440,7,7,0.3663,1.6656,4.547092547092547,180,,,
thrashing,synthetic,,WSClock,GlobalAllocation,1440,8,0,0.2984,1.4904,4.994638069705094,96,,,
thrashing,synthetic,,WSClock,GlobalAllocation,1440,8,1,1.2959,1.8408,1.4204799753067365,108,,,
thrashing,synthetic,,WSClock,GlobalAllocation,1440,8,2,0.4992,1.661,3.327323717948718,120,,,
thrashing,synthetic,,WSClock,GlobalAllocation,1440,8,3,0.6456,1.8451,2.8579615861214376,132,,,
thrashing,synthetic,,WSClock,GlobalAllocation,1440,8,4,0.8735,2.1065,2.411562678878077,144,,,
thrashing,synthetic,,WSClock,GlobalAllocation,1440,8,5,1.5151,2.0188,1.332453303412316,156,,,
thrashing,synthetic,,WSClock,GlobalAllocation,1440,8,6,0.4804,1.1369,2.3665695253955037,24,,,
thrashing,synthetic,,WSClock,GlobalAllocation,1440,8,7,0.739,2.4228,3.2784844384303113,180,,,
thrashing,synthetic,,WSClock,GlobalAllocation,1440,9,0,0.2819,0.932,3.3061369279886486,96,,,
thrashing,synthetic,,WSClock,GlobalAllocation,1440,9,1,0.3009,1.0484,3.484214024592888,108,,,
thrashing,synthetic,,WSClock,GlobalAllocation,1440,9,2,0.3032,1.1744,3.8733509234828496,120,,,
thrashing,synthetic,,WSClock,GlobalAllocation,1440,9,3,0.313,1.1865,3.79073482428115,132,,,
thrashing,synthetic,,WSClock,GlobalAllocation,1440,9,4,0.3267,1.308,4.003673094582186,144,,,
thrashing,synthetic,,WSClock,GlobalAllocation,1440,9,5,0.3397,1.4107,4.152781866352664,156,,,
thrashing,synthetic,,WSClock,GlobalAllocation,1440,9,6,0.2356,0.7136,3.0288624787775893,24,,,
thrashing,synthetic,,WSClock,GlobalAllocation,1440,9,7,0.3671,1.6837,4.586488695178425,180,,,
thrashing,synthetic,,WSClock,LocalAllocation,1440,0,0,0.2825,0.4658,1.6488495575221238,96,0,96,0
thrashing,synthetic,,WSClock,LocalAllocation,1440,0,1,0.293,0.4609,1.5730375426621162,108,0,108,0
thrashing,synthetic,,WSClock,LocalAllocation,1440,0,2,0.3099,0.4735,1.5279122297515328,120,0,120,0
thrashing,synthetic,,WSClock,LocalAllocation,1440,0,3,0.3253,0.4945,1.5201352597602213,132,0,132,0
thrashing,synthetic,,WSClock,LocalAllocation,1440,0,4,0.3399,0.5068,1.4910267725801707,144,0,144,0
thrashing,synthetic,,WSClock,LocalAllocation,1440,0,5,0.3412,0.5134,1.5046893317702228,156,0,156,0
thrashing,synthetic,,WSClock,LocalAllocation,1440,0,6,0.2481,0.429,1.7291414752116083,24,0,24,0
thrashing,synthetic,,WSClock,LocalAllocation,1440,0,7,0.3713,0.5469,1.4729329383248047,180,0,180,0
thrashing,synthetic,,WSClock,LocalAllocation,1440,1,0,0.3245,0.4655,1.4345146379044684,96,0,96,0
thrashing,synthetic,,WSClock,LocalAllocation,1440,1,1,0.2919,0.476,1.630695443645084,108,0,108,0
thrashing,synthetic,,WSClock,LocalAllocation,1440,1,2,0.3001,0.4859,1.619126957680773,120,0,120,0
thrashing,synthetic,,WSClock,LocalAllocation,1440,1,3,0.3344,0.4976,1.4880382775119618,132,0,132,0
thrashing,synthetic,,WSClock,LocalAllocation,1440,1,4,0.3313,0.5319,1.6054935104135224,144,0,144,0
thrashing,synthetic,,WSClock,LocalAllocation,1440,1,5,0.3406,0.5066,1.4873752201996477,156,0,156,0
thrashing,synthetic,,WSClock,LocalAllocation,1440,1,6,0.2363,0.43,1.8197206940330088,24,0,24,0
thrashing,synthetic,,WSClock,LocalAllocation,1440,1,7,0.3797,0.5401,1.4224387674479853,180,0,180,0
thrashing,synthetic,,WSClock,LocalAllocation,1440,2,0,0.2832,0.4703,1.6606638418079096,96,0,96,0
thrashing,synthetic,,WSClock,LocalAllocation,1440,2,1,0.2915,0.4812,1.6507718696397942,108,0,108,0
thrashing,synthetic,,WSClock,LocalAllocation,1440,2,2,0.3052,0.4965,1.6268020969855832,120,0,120,0
thrashing,synthetic,,WSClock,LocalAllocation,1440,2,3,0.3136,0.4996,1.593112244897959,132,0,132,0
thrashing,synthetic,,WSClock,LocalAllocation,1440,2,4,0.3295,0.5208,1.580576631259484,144,0,144,0
thrashing,synthetic,,WSClock,LocalAllocation,1440,2,5,0.3494,0.5355,1.5326273611906125,156,0,156,0
thrashing,synthetic,,WSClock,LocalAllocation,1440,2,6,0.2299,0.4444,1.9330143540669857,24,0,24,0
thrashing,synthetic,,WSClock,LocalAllocation,1440,2,7,0.372,0.5501,1.478763440860215,180,0,180,0
thrashing,synthetic,,WSClock,LocalAllocation,1440,3,0,0.2781,0.4572,1.6440129449838188,96,0,96,0
thrashing,synthetic,,WSClock,LocalAllocation,1440,3,1,0.2922,0.4703,1.609514031485284,108,0,108,0
thrashing,synthetic,,WSClock,LocalAllocation,1440,3,2,0.3068,0.4749,1.5479139504563233,120,0,120,0
thrashing,synthetic,,WSClock,LocalAllocation,1440,3,3,0.3146,0.4849,1.5413223140495869,132,0,132,0
thrashing,synthetic,,WSClock,LocalAllocation,1440,3,4,0.3845,0.5303,1.3791937581274383,144,0,144,0
thrashing,synthetic,,WSClock,LocalAllocation,1440,3,5,0.3896,0.5167,1.3262320328542094,156,0,156,0
thrashing,synthetic,,WSClock,LocalAllocation,1440,3,6,0.2346,0.4303,1.8341858482523443,24,0,24,0
thrashing,synthetic,,WSClock,LocalAllocation,1440,3,7,0.3655,0.5507,1.506703146374829,180,0,180,0
thrashing,synthetic,,WSClock,LocalAllocation,1440,4,0,0.303,0.4676,1.5432343234323431,96,0,96,0
thrashing,synthetic,,WSClock,LocalAllocation,1440,4,1,0.291,0.4759,1.6353951890034364,108,0,108,0
thrashing,synthetic,,WSClock,LocalAllocation,1440,4,2,0.2994,0.4846,1.6185704742818972,120,0,120,0
thrashing,synthetic,,WSClock,LocalAllocation,1440,4,3,0.3138,0.4968,1.5831739961759081,132,0,132,0
thrashing,synthetic,,WSClock,LocalAllocation,1440,4,4,0.3468,0.5166,1.4896193771626298,144,0,144,0
thrashing,synthetic,,WSClock,LocalAllocation,1440,4,5,0.3365,0.5302,1.575631500742942,156,0,156,0
thrashing,synthetic,,WSClock,LocalAllocation,1440,4,6,0.2338,0.4409,1.8857998289136013,24,0,24,0
thrashing,synthetic,,WSClock,LocalAllocation,1440,4,7,0.373,0.5562,1.4911528150134048,180,0,180,0
thrashing,synthetic,,WSClock,LocalAllocation,1440,5,0,0.2824,0.4617,1.6349150141643058,96,0,96,0
thrashing,synthetic,,WSClock,LocalAllocation,1440,5,1,0.2942,0.4713,1.6019714479945615,108,0,108,0
thrashing,synthetic,,WSClock,LocalAllocation,1440,5,2,0.3001,0.4833,1.6104631789403532,120,0,120,0
thrashing,synthetic,,WSClock,LocalAllocation,1440,5,3,0.3216,0.5449,1.6943407960199004,132,0,132,0
thrashing,synthetic,,WSClock,LocalAllocation,1440,5,4,0.328,0.5161,1.5734756097560976,144,0,144,0
thrashing,synthetic,,WSClock,LocalAllocation,1440,5,5,0.3311,0.5153,1.556327393536696,156,0,156,0
thrashing,synthetic,,WSClock,LocalAllocation,1440,5,6,0.2361,0.4375,1.8530283778060144,24,0,24,0
thrashing,synthetic,,WSClock,LocalAllocation,1440,5,7,0.3674,0.5489,1.4940119760479043,180,0,180,0
thrashing,synthetic,,WSClock,LocalAllocation,1440,6,0,0.2864,0.4653,1.624650837988827,96,0,96,0
thrashing,synthetic,,WSClock,LocalAllocation,1440,6,1,0.2962,0.4647,1.5688723835246454,108,0,108,0
thrashing,synthetic,,WSClock,LocalAllocation,1440,6,2,0.3025,0.4786,1.5821487603305786,120,0,120,0
thrashing,synthetic,,WSClock,LocalAllocation,1440,6,3,0.313,0.484,1.5463258785942493,132,0,132,0
thrashing,synthetic,,WSClock,LocalAllocation,1440,6,4,0.3236,0.4981,1.5392459826946847,144,0,144,0
thrashing,synthetic,,WSClock,LocalAllocation,1440,6,5,0.3364,0.5096,1.5148632580261594,156,0,156,0
thrashing,synthetic,,WSClock,LocalAllocation,1440,6,6,0.2324,0.4368,1.8795180722891567,24,0,24,0
thrashing,synthetic,,WSClock,LocalAllocation,1440,6,7,0.3638,0.5445,1.4967014843320505,180,0,180,0
thrashing,synthetic,,WSClock,LocalAllocation,1440,7,0,0.2817,0.45,1.597444089456869,96,0,96,0
thrashing,synthetic,,WSClock,LocalAllocation,1440,7,1,0.2904,0.4626,1.5929752066115703,108,0,108,0
thrashing,synthetic,,WSClock,LocalAllocation,1440,7,2,0.3035,0.4746,1.5637561779242175,120,0,120,0
thrashing,synthetic,,WSClock,LocalAllocation,1440,7,3,0.3084,0.489,1.5856031128404668,132,0,132,0
thrashing,synthetic,,WSClock,LocalAllocation,1440,7,4,0.3224,0.5029,1.559863523573201,144,0,144,0
thrashing,synthetic,,WSClock,LocalAllocation,1440,7,5,0.3366,0.5089,1.511883541295306,156,0,156,0
thrashing,synthetic,,WSClock,LocalAllocation,1440,7,6,0.2316,0.4304,1.8583765112262522,24,0,24,0
thrashing,synthetic,,WSClock,LocalAllocation,1440,7,7,0.3708,0.5385,1.4522653721682848,180,0,180,0
thrashing,synthetic,,WSClock,LocalAllocation,1440,8,0,0.2819,0.4601,1.6321390564029798,96,0,96,0
thrashing,synthetic,,WSClock,LocalAllocation,1440,8,1,0.2909,0.4702,1.6163630113441045,108,0,108,0
thrashing,synthetic,,WSClock,LocalAllocation,1440,8,2,0.3055,0.4778,1.5639934533551554,120,0,120,0
thrashing,synthetic,,WSClock,LocalAllocation,1440,8,3,0.3126,0.4928,1.5764555342290467,132,0,132,0
thrashing,synthetic,,WSClock,LocalAllocation,1440,8,4,0.3239,0.5105,1.5761037357209016,144,0,144,0
thrashing,synthetic,,WSClock,LocalAllocation,1440,8,5,0.3563,0.5159,1.4479371316306484,156,0,156,0
thrashing,synthetic,,WSClock,LocalAllocation,1440,8,6,0.2282,0.4333,1.8987730061349692,24,0,24,0
thrashing,synthetic,,WSClock,LocalAllocation,1440,8,7,0.3707,0.548,1.4782843269490153,180,0,180,0
thrashing,synthetic,,WSClock,LocalAllocation,1440,9,0,0.2845,0.4744,1.6674868189806678,96,0,96,0
thrashing,synthetic,,WSClock,LocalAllocation,1440,9,1,0.292,0.4787,1.6393835616438357,108,0,108,0
thrashing,synthetic,,WSClock,LocalAllocation,1440,9,2,0.3078,0.486,1.5789473684210527,120,0,120,0
thrashing,synthetic,,WSClock,LocalAllocation,1440,9,3,0.3186,0.4985,1.5646578782172003,132,0,132,0
thrashing,synthetic,,WSClock,LocalAllocation,1440,9,4,0.3287,0.5213,1.5859446303620321,144,0,144,0
thrashing,synthetic,,WSClock,LocalAllocation,1440,9,5,0.3494,0.523,1.4968517458500286,156,0,156,0
thrashing,synthetic,,WSClock,LocalAllocation,1440,9,6,0.2357,0.4441,1.8841747984726347,24,0,24,0
thrashing,synthetic,,WSClock,LocalAllocation,1440,9,7,0.3709,0.5764,1.5540576974925857,180,0,180,0
thrashing,synthetic,,WSClock,ProportionalAllocation,1440,0,0,0.2874,0.5349,1.861169102296451,96,0,96,0
thrashing,synthetic,,WSClock,ProportionalAllocation,1440,0,1,0.2912,0.5364,1.842032967032967,108,0,108,0
thrashing,synthetic,,WSClock,ProportionalAllocation,1440,0,2,0.302,0.5722,1.8947019867549668,120,0,120,0
thrashing,synthetic,,WSClock,ProportionalAllocation,1440,0,3,0.3344,0.5706,1.7063397129186604,132,0,132,0
thrashing,synthetic,,WSClock,ProportionalAllocation,1440,0,4,0.3264,0.6058,1.8560049019607843,144,0,144,0
thrashing,synthetic,,WSClock,ProportionalAllocation,1440,0,5,0.3503,0.622,1.7756208963745361,156,0,156,0
thrashing,synthetic,,WSClock,ProportionalAllocation,1440,0,6,0.2364,0.5067,2.1434010152284264,24,0,24,0
thrashing,synthetic,,WSClock,ProportionalAllocation,1440,0,7,0.366,0.6935,1.894808743169399,180,0,180,0
thrashing,synthetic,,WSClock,ProportionalAllocation,1440,1,0,0.2877,0.4628,1.6086200903719152,96,0,96,0
thrashing,synthetic,,WSClock,ProportionalAllocation,1440,1,1,0.2922,0.4644,1.5893223819301847,108,0,108,0
thrashing,synthetic,,WSClock,ProportionalAllocation,1440,1,2,0.3016,0.4779,1.584549071618037,120,0,120,0
thrashing,synthetic,,WSClock,ProportionalAllocation,1440,1,3,0.3156,0.501,1.5874524714828897,132,0,132,0
thrashing,synthetic,,WSClock,ProportionalAllocation,1440,1,4,0.3442,0.5066,1.4718187100522953,144,0,144,0
thrashing,synthetic,,WSClock,ProportionalAllocation,1440,1,5,0.3464,0.5179,1.495092378752887,156,0,156,0
thrashing,synthetic,,WSClock,ProportionalAllocation,1440,1,6,0.2361,0.4357,1.845404489623041,24,0,24,0
thrashing,synthetic,,WSClock,ProportionalAllocation,1440,1,7,0.3717,0.5512,1.4829163303739574,180,0,180,0
thrashing,synthetic,,WSClock,ProportionalAllocation,1440,2,0,0.2844,0.4546,1.5984528832630098,96,0,96,0
thrashing,synthetic,,WSClock,ProportionalAllocation,1440,2,1,0.2879,0.4632,1.6088919763806877,108,0,108,0
thrashing,synthetic,,WSClock,ProportionalAllocation,1440,2,2,0.3386,0.4774,1.409923213230951,120,0,120,0
thrashing,synthetic,,WSClock,ProportionalAllocation,1440,2,3,0.3156,0.4794,1.5190114068441065,132,0,132,0
thrashing,synthetic,,WSClock,ProportionalAllocation,1440,2,4,0.3323,0.4956,1.491423412578995,144,0,144,0
thrashing,synthetic,,WSClock,ProportionalAllocation,1440,2,5,0.3446,0.6078,1.7637840975043528,156,0,156,0
thrashing,synthetic,,WSClock,ProportionalAllocation,1440,2,6,0.2395,0.4256,1.777035490605428,24,0,24,0
thrashing,synthetic,,WSClock,ProportionalAllocation,1440,2,7,0.3715,0.5466,1.4713324360699866,180,0,180,0
thrashing,synthetic,,WSClock,ProportionalAllocation,1440,3,0,0.2807,0.459,1.63519771998575,96,0,96,0
thrashing,synthetic,,WSClock,ProportionalAllocation,1440,3,1,0.2896,0.4729,1.6329419889502763,108,0,108,0
thrashing,synthetic,,WSClock,ProportionalAllocation,1440,3,2,0.3027,0.4817,1.5913445655764784,120,0,120,0
thrashing,synthetic,,WSClock,ProportionalAllocation,1440,3,3,0.3116,0.4947,1.587612323491656,132,0,132,0
thrashing,synthetic,,WSClock,ProportionalAllocation,1440,3,4,0.3215,0.5145,1.6003110419906688,144,0,144,0
thrashing,synthetic,,WSClock,ProportionalAllocation,1440,3,5,0.3378,0.5182,1.5340438129070455,156,0,156,0
thrashing,synthetic,,WSClock,ProportionalAllocation,1440,3,6,0.2411,0.4415,1.8311903774367482,24,0,24,0
thrashing,synthetic,,WSClock,ProportionalAllocation,1440,3,7,0.3769,0.5545,1.4712125232157072,180,0,180,0
thrashing,synthetic,,WSClock,ProportionalAllocation,1440,4,0,0.2799,0.4446,1.5884244372990353,96,0,96,0
thrashing,synthetic,,WSClock,ProportionalAllocation,1440,4,1,0.2913,0.4557,1.564366632337796,108,0,108,0
thrashing,synthetic,,WSClock,ProportionalAllocation,1440,4,2,0.4054,0.4585,1.1309817464232856,120,0,120,0
thrashing,synthetic,,WSClock,ProportionalAllocation,1440,4,3,0.3157,0.4767,1.5099778270509978,132,0,132,0
thrashing,synthetic,,WSClock,ProportionalAllocation,1440,4,4,0.3212,0.4888,1.5217932752179328,144,0,144,0
thrashing,synthetic,,WSClock,ProportionalAllocation,1440,4,5,0.344,0.5085,1.4781976744186047,156,0,156,0
thrashing,synthetic,,WSClock,ProportionalAllocation,1440,4,6,0.233,0.4267,1.8313304721030044,24,0,24,0
thrashing,synthetic,,WSClock,ProportionalAllocation,1440,4,7,0.3681,0.5361,1.45639771801141,180,0,180,0
thrashing,synthetic,,WSClock,ProportionalAllocation,1440,5,0,0.282,0.4544,1.6113475177304966,96,0,96,0
thrashing,synthetic,,WSClock,ProportionalAllocation,1440,5,1,0.2941,0.4611,1.5678340700442026,108,0,108,0
thrashing,synthetic,,WSClock,ProportionalAllocation,1440,5,2,0.3134,0.4755,1.517230376515635,120,0,120,0
thrashing,synthetic,,WSClock,ProportionalAllocation,1440,5,3,0.3309,0.4837,1.461770927772741,132,0,132,0
thrashing,synthetic,,WSClock,ProportionalAllocation,1440,5,4,0.3411,0.4966,1.4558780416300205,144,0,144,0
thrashing,synthetic,,WSClock,ProportionalAllocation,1440,5,5,0.3428,0.5113,1.4915402567094516,156,0,156,0
thrashing,synthetic,,WSClock,ProportionalAllocation,1440,5,6,0.2416,0.4335,1.7942880794701987,24,0,24,0
thrashing,synthetic,,WSClock,ProportionalAllocation,1440,5,7,0.368,0.5438,1.4777173913043478,180,0,180,0
thrashing,synthetic,,WSClock,ProportionalAllocation,1440,6,0,0.2799,0.4536,1.6205787781350482,96,0,96,0
thrashing,synthetic,,WSClock,ProportionalAllocation,1440,6,1,0.2918,0.4653,1.5945853324194654,108,0,108,0
thrashing,synthetic,,WSClock,ProportionalAllocation,1440,6,2,0.3015,0.4767,1.581094527363184,120,0,120,0
thrashing,synthetic,,WSClock,ProportionalAllocation,1440,6,3,0.3117,0.4812,1.5437921077959575,132,0,132,0
thrashing,synthetic,,WSClock,ProportionalAllocation,1440,6,4,0.3225,0.4963,1.5389147286821705,144,0,144,0
thrashing,synthetic,,WSClock,ProportionalAllocation,1440,6,5,0.3344,0.508,1.5191387559808613,156,0,156,0
thrashing,synthetic,,WSClock,ProportionalAllocation,1440,6,6,0.242,0.4303,1.778099173553719,24,0,24,0
thrashing,synthetic,,WSClock,ProportionalAllocation,1440,6,7,0.3701,0.5475,1.4793299108349094,180,0,180,0
thrashing,synthetic,,WSClock,ProportionalAllocation,1440,7,0,0.2797,0.4453,1.5920629245620308,96,0,96,0
thrashing,synthetic,,WSClock,ProportionalAllocation,1440,7,1,0.2967,0.4599,1.5500505561172901,108,0,108,0
thrashing,synthetic,,WSClock,ProportionalAllocation,1440,7,2,0.3039,0.471,1.5498519249753209,120,0,120,0
thrashing,synthetic,,WSClock,ProportionalAllocation,1440,7,3,0.3121,0.4849,1.5536686959307915,132,0,132,0
thrashing,synthetic,,WSClock,ProportionalAllocation,1440,7,4,0.322,0.4928,1.5304347826086957,144,0,144,0
thrashing,synthetic,,WSClock,ProportionalAllocation,1440,7,5,0.3478,0.5041,1.4493962047153537,156,0,156,0
thrashing,synthetic,,WSClock,ProportionalAllocation,1440,7,6,0.2347,0.4204,1.7912228376651045,24,0,24,0
thrashing,synthetic,,WSClock,ProportionalAllocation,1440,7,7,0.3651,0.5439,1.4897288414133114,180,0,180,0
thrashing,synthetic,,WSClock,ProportionalAllocation,1440,8,0,0.2798,0.453,1.6190135811293782,96,0,96,0
thrashing,synthetic,,WSClock,ProportionalAllocation,1440,8,1,0.4101,0.4662,1.1367959034381858,108,0,108,0
thrashing,synthetic,,WSClock,ProportionalAllocation,1440,8,2,0.3004,0.4773,1.5888814913448734,120,0,120,0
thrashing,synthetic,,WSClock,ProportionalAllocation,1440,8,3,0.3237,0.4897,1.5128205128205128,132,0,132,0
thrashing,synthetic,,WSClock,ProportionalAllocation,1440,8,4,0.3328,0.5004,1.5036057692307692,144,0,144,0
thrashing,synthetic,,WSClock,ProportionalAllocation,1440,8,5,0.3334,0.5112,1.5332933413317336,156,0,156,0
thrashing,synthetic,,WSClock,ProportionalAllocation,1440,8,6,0.2326,0.4384,1.884780739466896,24,0,24,0
thrashing,synthetic,,WSClock,ProportionalAllocation,1440,8,7,0.3768,0.55,1.459660297239915,180,0,180,0
thrashing,synthetic,,WSClock,ProportionalAllocation,1440,9,0,0.2817,0.464,1.6471423500177493,96,0,96,0
thrashing,synthetic,,WSClock,ProportionalAllocation,1440,9,1,0.29,0.472,1.6275862068965516,108,0,108,0
thrashing,synthetic,,WSClock,ProportionalAllocation,1440,9,2,0.3044,0.4847,1.5923127463863338,120,0,120,0
thrashing,synthetic,,WSClock,ProportionalAllocation,1440,9,3,0.3151,0.4999,1.586480482386544,132,0,132,0
thrashing,synthetic,,WSClock,ProportionalAllocation,1440,9,4,0.3427,0.5121,1.494309892033849,144,0,144,0
thrashing,synthetic,,WSClock,ProportionalAllocation,1440,9,5,0.3407,0.5196,1.5250953918403287,156,0,156,0
thrashing,synthetic,,WSClock,ProportionalAllocation,1440,9,6,0.2331,0.4438,1.9039039039039038,24,0,24,0
thrashing,synthetic,,WSClock,ProportionalAllocation,1440,9,7,0.3673,0.5572,1.5170160631636265,180,0,180,0
