
Running synthetic matrix: high_locality, 2 procs, FIFO, GlobalAllocation, frames=110
Running multi-process experiment
  Algorithm: FIFO
  Allocation: GlobalAllocation
  Total Frames: 110
  Processes: [0, 1]
Results saved to: results\raw\campaign_20260404_140330_266\synthetic_high_locality\multiproc_high_locality_FIFO_GlobalAllocation_p2_f110.json

Running synthetic matrix: high_locality, 2 procs, FIFO, LocalAllocation, frames=110
Running multi-process experiment
  Algorithm: FIFO
  Allocation: LocalAllocation
  Total Frames: 110
  Processes: [0, 1]
Results saved to: results\raw\campaign_20260404_140330_266\synthetic_high_locality\multiproc_high_locality_FIFO_LocalAllocation_p2_f110.json

Running synthetic matrix: high_locality, 2 procs, FIFO, ProportionalAllocation, frames=110
Running multi-process experiment
  Algorithm: FIFO
  Allocation: ProportionalAllocation
  Total Frames: 110
  Processes: [0, 1]
Results saved to: results\raw\campaign_20260404_140330_266\synthetic_high_locality\multiproc_high_locality_FIFO_ProportionalAllocation_p2_f110.json

Running synthetic matrix: high_locality, 2 procs, LRU, GlobalAllocation, frames=110
Running multi-process experiment
  Algorithm: LRU
  Allocation: GlobalAllocation
  Total Frames: 110
  Processes: [0, 1]
Results saved to: results\raw\campaign_20260404_140330_266\synthetic_high_locality\multiproc_high_locality_LRU_GlobalAllocation_p2_f110.json

Running synthetic matrix: high_locality, 2 procs, LRU, LocalAllocation, frames=110
Running multi-process experiment
  Algorithm: LRU
  Allocation: LocalAllocation
  Total Frames: 110
  Processes: [0, 1]
Results saved to: results\raw\campaign_20260404_140330_266\synthetic_high_locality\multiproc_high_locality_LRU_LocalAllocation_p2_f110.json

Running synthetic matrix: high_locality, 2 procs, LRU, ProportionalAllocation, frames=110
Running multi-process experiment
  Algorithm: LRU
  Allocation: ProportionalAllocation
  Total Frames: 110
  Processes: [0, 1]
Results saved to: results\raw\campaign_20260404_140330_266\synthetic_high_locality\multiproc_high_locality_LRU_ProportionalAllocation_p2_f110.json

Running synthetic matrix: high_locality, 2 procs, NRU, GlobalAllocation, frames=110
Running multi-process experiment
  Algorithm: NRU
  Allocation: GlobalAllocation
  Total Frames: 110
  Processes: [0, 1]
Results saved to: results\raw\campaign_20260404_140330_266\synthetic_high_locality\multiproc_high_locality_NRU_GlobalAllocation_p2_f110.json

Running synthetic matrix: high_locality, 2 procs, NRU, LocalAllocation, frames=110
Running multi-process experiment
  Algorithm: NRU
  Allocation: LocalAllocation
  Total Frames: 110
  Processes: [0, 1]
Results saved to: results\raw\campaign_20260404_140330_266\synthetic_high_locality\multiproc_high_locality_NRU_LocalAllocation_p2_f110.json

Running synthetic matrix: high_locality, 2 procs, NRU, ProportionalAllocation, frames=110
Running multi-process experiment
  Algorithm: NRU
  Allocation: ProportionalAllocation
  Total Frames: 110
  Processes: [0, 1]
Results saved to: results\raw\campaign_20260404_140330_266\synthetic_high_locality\multiproc_high_locality_NRU_ProportionalAllocation_p2_f110.json

Running synthetic matrix: high_locality, 2 procs, SecondChance, GlobalAllocation, frames=110
Running multi-process experiment
  Algorithm: SecondChance
  Allocation: GlobalAllocation
  Total Frames: 110
  Processes: [0, 1]
Results saved to: results\raw\campaign_20260404_140330_266\synthetic_high_locality\multiproc_high_locality_SecondChance_GlobalAllocation_p2_f110.json

Running synthetic matrix: high_locality, 2 procs, SecondChance, LocalAllocation, frames=110
Running multi-process experiment
  Algorithm: SecondChance
  Allocation: LocalAllocation
  Total Frames: 110
  Processes: [0, 1]
Results saved to: results\raw\campaign_20260404_140330_266\synthetic_high_locality\multiproc_high_locality_SecondChance_LocalAllocation_p2_f110.json

Running synthetic matrix: high_locality, 2 procs, SecondChance, ProportionalAllocation, frames=110
Running multi-process experiment
  Algorithm: SecondChance
  Allocation: ProportionalAllocation
  Total Frames: 110
  Processes: [0, 1]
Results saved to: results\raw\campaign_20260404_140330_266\synthetic_high_locality\multiproc_high_locality_SecondChance_ProportionalAllocation_p2_f110.json

Running synthetic matrix: high_locality, 2 procs, WSClock, GlobalAllocation, frames=110
Running multi-process experiment
  Algorithm: WSClock
  Allocation: GlobalAllocation
  Total Frames: 110
  Processes: [0, 1]
Results saved to: results\raw\campaign_20260404_140330_266\synthetic_high_locality\multiproc_high_locality_WSClock_GlobalAllocation_p2_f110.json

Running synthetic matrix: high_locality, 2 procs, WSClock, LocalAllocation, frames=110
Running multi-process experiment
  Algorithm: WSClock
  Allocation: LocalAllocation
  Total Frames: 110
  Processes: [0, 1]
Results saved to: results\raw\campaign_20260404_140330_266\synthetic_high_locality\multiproc_high_locality_WSClock_LocalAllocation_p2_f110.json

Running synthetic matrix: high_locality, 2 procs, WSClock, ProportionalAllocation, frames=110
Running multi-process experiment
  Algorithm: WSClock
  Allocation: ProportionalAllocation
  Total Frames: 110
  Processes: [0, 1]
Results saved to: results\raw\campaign_20260404_140330_266\synthetic_high_locality\multiproc_high_locality_WSClock_ProportionalAllocation_p2_f110.json

Running synthetic matrix: high_locality, 2 procs, FIFO, GlobalAllocation, frames=138
Running multi-process experiment
  Algorithm: FIFO
  Allocation: GlobalAllocation
  Total Frames: 138
  Processes: [0, 1]
Results saved to: results\raw\campaign_20260404_140330_266\synthetic_high_locality\multiproc_high_locality_FIFO_GlobalAllocation_p2_f138.json

Running synthetic matrix: high_locality, 2 procs, FIFO, LocalAllocation, frames=138
Running multi-process experiment
  Algorithm: FIFO
  Allocation: LocalAllocation
  Total Frames: 138
  Processes: [0, 1]
Results saved to: results\raw\campaign_20260404_140330_266\synthetic_high_locality\multiproc_high_locality_FIFO_LocalAllocation_p2_f138.json

Running synthetic matrix: high_locality, 2 procs, FIFO, ProportionalAllocation, frames=138
Running multi-process experiment
  Algorithm: FIFO
  Allocation: ProportionalAllocation
  Total Frames: 138
  Processes: [0, 1]
Results saved to: results\raw\campaign_20260404_140330_266\synthetic_high_locality\multiproc_high_locality_FIFO_ProportionalAllocation_p2_f138.json

Running synthetic matrix: high_locality, 2 procs, LRU, GlobalAllocation, frames=138
Running multi-process experiment
  Algorithm: LRU
  Allocation: GlobalAllocation
  Total Frames: 138
  Processes: [0, 1]
Results saved to: results\raw\campaign_20260404_140330_266\synthetic_high_locality\multiproc_high_locality_LRU_GlobalAllocation_p2_f138.json

Running synthetic matrix: high_locality, 2 procs, LRU, LocalAllocation, frames=138
Running multi-process experiment
  Algorithm: LRU
  Allocation: LocalAllocation
  Total Frames: 138
  Processes: [0, 1]
Results saved to: results\raw\campaign_20260404_140330_266\synthetic_high_locality\multiproc_high_locality_LRU_LocalAllocation_p2_f138.json

Running synthetic matrix: high_locality, 2 procs, LRU, ProportionalAllocation, frames=138
Running multi-process experiment
  Algorithm: LRU
  Allocation: ProportionalAllocation
  Total Frames: 138
  Processes: [0, 1]
Results saved to: results\raw\campaign_20260404_140330_266\synthetic_high_locality\multiproc_high_locality_LRU_ProportionalAllocation_p2_f138.json

Running synthetic matrix: high_locality, 2 procs, NRU, GlobalAllocation, frames=138
Running multi-process experiment
  Algorithm: NRU
  Allocation: GlobalAllocation
  Total Frames: 138
  Processes: [0, 1]
Results saved to: results\raw\campaign_20260404_140330_266\synthetic_high_locality\multiproc_high_locality_NRU_GlobalAllocation_p2_f138.json

Running synthetic matrix: high_locality, 2 procs, NRU, LocalAllocation, frames=138
Running multi-process experiment
  Algorithm: NRU
  Allocation: LocalAllocation
  Total Frames: 138
  Processes: [0, 1]
Results saved to: results\raw\campaign_20260404_140330_266\synthetic_high_locality\multiproc_high_locality_NRU_LocalAllocation_p2_f138.json

Running synthetic matrix: high_locality, 2 procs, NRU, ProportionalAllocation, frames=138
Running multi-process experiment
  Algorithm: NRU
  Allocation: ProportionalAllocation
  Total Frames: 138
  Processes: [0, 1]
Results saved to: results\raw\campaign_20260404_140330_266\synthetic_high_locality\multiproc_high_locality_NRU_ProportionalAllocation_p2_f138.json

Running synthetic matrix: high_locality, 2 procs, SecondChance, GlobalAllocation, frames=138
Running multi-process experiment
  Algorithm: SecondChance
  Allocation: GlobalAllocation
  Total Frames: 138
  Processes: [0, 1]
Results saved to: results\raw\campaign_20260404_140330_266\synthetic_high_locality\multiproc_high_locality_SecondChance_GlobalAllocation_p2_f138.json

Running synthetic matrix: high_locality, 2 procs, SecondChance, LocalAllocation, frames=138
Running multi-process experiment
  Algorithm: SecondChance
  Allocation: LocalAllocation
  Total Frames: 138
  Processes: [0, 1]
Results saved to: results\raw\campaign_20260404_140330_266\synthetic_high_locality\multiproc_high_locality_SecondChance_LocalAllocation_p2_f138.json

Running synthetic matrix: high_locality, 2 procs, SecondChance, ProportionalAllocation, frames=138
Running multi-process experiment
  Algorithm: SecondChance
  Allocation: ProportionalAllocation
  Total Frames: 138
  Processes: [0, 1]
Results saved to: results\raw\campaign_20260404_140330_266\synthetic_high_locality\multiproc_high_locality_SecondChance_ProportionalAllocation_p2_f138.json

Running synthetic matrix: high_locality, 2 procs, WSClock, GlobalAllocation, frames=138
Running multi-process experiment
  Algorithm: WSClock
  Allocation: GlobalAllocation
  Total Frames: 138
  Processes: [0, 1]
Results saved to: results\raw\campaign_20260404_140330_266\synthetic_high_locality\multiproc_high_locality_WSClock_GlobalAllocation_p2_f138.json

Running synthetic matrix: high_locality, 2 procs, WSClock, LocalAllocation, frames=138
Running multi-process experiment
  Algorithm: WSClock
  Allocation: LocalAllocation
  Total Frames: 138
  Processes: [0, 1]
Results saved to: results\raw\campaign_20260404_140330_266\synthetic_high_locality\multiproc_high_locality_WSClock_LocalAllocation_p2_f138.json

Running synthetic matrix: high_locality, 2 procs, WSClock, ProportionalAllocation, frames=138
Running multi-process experiment
  Algorithm: WSClock
  Allocation: ProportionalAllocation
  Total Frames: 138
  Processes: [0, 1]
Results saved to: results\raw\campaign_20260404_140330_266\synthetic_high_locality\multiproc_high_locality_WSClock_ProportionalAllocation_p2_f138.json

Running synthetic matrix: high_locality, 2 procs, FIFO, GlobalAllocation, frames=166
Running multi-process experiment
  Algorithm: FIFO
  Allocation: GlobalAllocation
  Total Frames: 166
  Processes: [0, 1]
Results saved to: results\raw\campaign_20260404_140330_266\synthetic_high_locality\multiproc_high_locality_FIFO_GlobalAllocation_p2_f166.json

Running synthetic matrix: high_locality, 2 procs, FIFO, LocalAllocation, frames=166
Running multi-process experiment
  Algorithm: FIFO
  Allocation: LocalAllocation
  Total Frames: 166
  Processes: [0, 1]
Results saved to: results\raw\campaign_20260404_140330_266\synthetic_high_locality\multiproc_high_locality_FIFO_LocalAllocation_p2_f166.json

Running synthetic matrix: high_locality, 2 procs, FIFO, ProportionalAllocation, frames=166
Running multi-process experiment
  Algorithm: FIFO
  Allocation: ProportionalAllocation
  Total Frames: 166
  Processes: [0, 1]
Results saved to: results\raw\campaign_20260404_140330_266\synthetic_high_locality\multiproc_high_locality_FIFO_ProportionalAllocation_p2_f166.json

Running synthetic matrix: high_locality, 2 procs, LRU, GlobalAllocation, frames=166
Running multi-process experiment
  Algorithm: LRU
  Allocation: GlobalAllocation
  Total Frames: 166
  Processes: [0, 1]
Results saved to: results\raw\campaign_20260404_140330_266\synthetic_high_locality\multiproc_high_locality_LRU_GlobalAllocation_p2_f166.json

Running synthetic matrix: high_locality, 2 procs, LRU, LocalAllocation, frames=166
Running multi-process experiment
  Algorithm: LRU
  Allocation: LocalAllocation
  Total Frames: 166
  Processes: [0, 1]
Results saved to: results\raw\campaign_20260404_140330_266\synthetic_high_locality\multiproc_high_locality_LRU_LocalAllocation_p2_f166.json

Running synthetic matrix: high_locality, 2 procs, LRU, ProportionalAllocation, frames=166
Running multi-process experiment
  Algorithm: LRU
  Allocation: ProportionalAllocation
  Total Frames: 166
  Processes: [0, 1]
Results saved to: results\raw\campaign_20260404_140330_266\synthetic_high_locality\multiproc_high_locality_LRU_ProportionalAllocation_p2_f166.json

Running synthetic matrix: high_locality, 2 procs, NRU, GlobalAllocation, frames=166
Running multi-process experiment
  Algorithm: NRU
  Allocation: GlobalAllocation
  Total Frames: 166
  Processes: [0, 1]
Results saved to: results\raw\campaign_20260404_140330_266\synthetic_high_locality\multiproc_high_locality_NRU_GlobalAllocation_p2_f166.json

Running synthetic matrix: high_locality, 2 procs, NRU, LocalAllocation, frames=166
Running multi-process experiment
  Algorithm: NRU
  Allocation: LocalAllocation
  Total Frames: 166
  Processes: [0, 1]
Results saved to: results\raw\campaign_20260404_140330_266\synthetic_high_locality\multiproc_high_locality_NRU_LocalAllocation_p2_f166.json

Running synthetic matrix: high_locality, 2 procs, NRU, ProportionalAllocation, frames=166
Running multi-process experiment
  Algorithm: NRU
  Allocation: ProportionalAllocation
  Total Frames: 166
  Processes: [0, 1]
Results saved to: results\raw\campaign_20260404_140330_266\synthetic_high_locality\multiproc_high_locality_NRU_ProportionalAllocation_p2_f166.json

Running synthetic matrix: high_locality, 2 procs, SecondChance, GlobalAllocation, frames=166
Running multi-process experiment
  Algorithm: SecondChance
  Allocation: GlobalAllocation
  Total Frames: 166
  Processes: [0, 1]
Results saved to: results\raw\campaign_20260404_140330_266\synthetic_high_locality\multiproc_high_locality_SecondChance_GlobalAllocation_p2_f166.json

Running synthetic matrix: high_locality, 2 procs, SecondChance, LocalAllocation, frames=166
Running multi-process experiment
  Algorithm: SecondChance
  Allocation: LocalAllocation
  Total Frames: 166
  Processes: [0, 1]
Results saved to: results\raw\campaign_20260404_140330_266\synthetic_high_locality\multiproc_high_locality_SecondChance_LocalAllocation_p2_f166.json

Running synthetic matrix: high_locality, 2 procs, SecondChance, ProportionalAllocation, frames=166
Running multi-process experiment
  Algorithm: SecondChance
  Allocation: ProportionalAllocation
  Total Frames: 166
  Processes: [0, 1]
Results saved to: results\raw\campaign_20260404_140330_266\synthetic_high_locality\multiproc_high_locality_SecondChance_ProportionalAllocation_p2_f166.json

Running synthetic matrix: high_locality, 2 procs, WSClock, GlobalAllocation, frames=166
Running multi-process experiment
  Algorithm: WSClock
  Allocation: GlobalAllocation
  Total Frames: 166
  Processes: [0, 1]
Results saved to: results\raw\campaign_20260404_140330_266\synthetic_high_locality\multiproc_high_locality_WSClock_GlobalAllocation_p2_f166.json

Running synthetic matrix: high_locality, 2 procs, WSClock, LocalAllocation, frames=166
Running multi-process experiment
  Algorithm: WSClock
  Allocation: LocalAllocation
  Total Frames: 166
  Processes: [0, 1]
Results saved to: results\raw\campaign_20260404_140330_266\synthetic_high_locality\multiproc_high_locality_WSClock_LocalAllocation_p2_f166.json

Running synthetic matrix: high_locality, 2 procs, WSClock, ProportionalAllocation, frames=166
Running multi-process experiment
  Algorithm: WSClock
  Allocation: ProportionalAllocation
  Total Frames: 166
  Processes: [0, 1]
Results saved to: results\raw\campaign_20260404_140330_266\synthetic_high_locality\multiproc_high_locality_WSClock_ProportionalAllocation_p2_f166.json

Running synthetic matrix: high_locality, 2 procs, FIFO, GlobalAllocation, frames=207
Running multi-process experiment
  Algorithm: FIFO
  Allocation: GlobalAllocation
  Total Frames: 207
  Processes: [0, 1]
Results saved to: results\raw\campaign_20260404_140330_266\synthetic_high_locality\multiproc_high_locality_FIFO_GlobalAllocation_p2_f207.json

Running synthetic matrix: high_locality, 2 procs, FIFO, LocalAllocation, frames=207
Running multi-process experiment
  Algorithm: FIFO
  Allocation: LocalAllocation
  Total Frames: 207
  Processes: [0, 1]
Results saved to: results\raw\campaign_20260404_140330_266\synthetic_high_locality\multiproc_high_locality_FIFO_LocalAllocation_p2_f207.json

Running synthetic matrix: high_locality, 2 procs, FIFO, ProportionalAllocation, frames=207
Running multi-process experiment
  Algorithm: FIFO
  Allocation: ProportionalAllocation
  Total Frames: 207
  Processes: [0, 1]
Results saved to: results\raw\campaign_20260404_140330_266\synthetic_high_locality\multiproc_high_locality_FIFO_ProportionalAllocation_p2_f207.json

Running synthetic matrix: high_locality, 2 procs, LRU, GlobalAllocation, frames=207
Running multi-process experiment
  Algorithm: LRU
  Allocation: GlobalAllocation
  Total Frames: 207
  Processes: [0, 1]
Results saved to: results\raw\campaign_20260404_140330_266\synthetic_high_locality\multiproc_high_locality_LRU_GlobalAllocation_p2_f207.json

Running synthetic matrix: high_locality, 2 procs, LRU, LocalAllocation, frames=207
Running multi-process experiment
  Algorithm: LRU
  Allocation: LocalAllocation
  Total Frames: 207
  Processes: [0, 1]
Results saved to: results\raw\campaign_20260404_140330_266\synthetic_high_locality\multiproc_high_locality_LRU_LocalAllocation_p2_f207.json

Running synthetic matrix: high_locality, 2 procs, LRU, ProportionalAllocation, frames=207
Running multi-process experiment
  Algorithm: LRU
  Allocation: ProportionalAllocation
  Total Frames: 207
  Processes: [0, 1]
Results saved to: results\raw\campaign_20260404_140330_266\synthetic_high_locality\multiproc_high_locality_LRU_ProportionalAllocation_p2_f207.json

Running synthetic matrix: high_locality, 2 procs, NRU, GlobalAllocation, frames=207
Running multi-process experiment
  Algorithm: NRU
  Allocation: GlobalAllocation
  Total Frames: 207
  Processes: [0, 1]
Results saved to: results\raw\campaign_20260404_140330_266\synthetic_high_locality\multiproc_high_locality_NRU_GlobalAllocation_p2_f207.json

Running synthetic matrix: high_locality, 2 procs, NRU, LocalAllocation, frames=207
Running multi-process experiment
  Algorithm: NRU
  Allocation: LocalAllocation
  Total Frames: 207
  Processes: [0, 1]
Results saved to: results\raw\campaign_20260404_140330_266\synthetic_high_locality\multiproc_high_locality_NRU_LocalAllocation_p2_f207.json

Running synthetic matrix: high_locality, 2 procs, NRU, ProportionalAllocation, frames=207
Running multi-process experiment
  Algorithm: NRU
  Allocation: ProportionalAllocation
  Total Frames: 207
  Processes: [0, 1]
Results saved to: results\raw\campaign_20260404_140330_266\synthetic_high_locality\multiproc_high_locality_NRU_ProportionalAllocation_p2_f207.json

Running synthetic matrix: high_locality, 2 procs, SecondChance, GlobalAllocation, frames=207
Running multi-process experiment
  Algorithm: SecondChance
  Allocation: GlobalAllocation
  Total Frames: 207
  Processes: [0, 1]
Results saved to: results\raw\campaign_20260404_140330_266\synthetic_high_locality\multiproc_high_locality_SecondChance_GlobalAllocation_p2_f207.json

Running synthetic matrix: high_locality, 2 procs, SecondChance, LocalAllocation, frames=207
Running multi-process experiment
  Algorithm: SecondChance
  Allocation: LocalAllocation
  Total Frames: 207
  Processes: [0, 1]
Results saved to: results\raw\campaign_20260404_140330_266\synthetic_high_locality\multiproc_high_locality_SecondChance_LocalAllocation_p2_f207.json

Running synthetic matrix: high_locality, 2 procs, SecondChance, ProportionalAllocation, frames=207
Running multi-process experiment
  Algorithm: SecondChance
  Allocation: ProportionalAllocation
  Total Frames: 207
  Processes: [0, 1]
Results saved to: results\raw\campaign_20260404_140330_266\synthetic_high_locality\multiproc_high_locality_SecondChance_ProportionalAllocation_p2_f207.json

Running synthetic matrix: high_locality, 2 procs, WSClock, GlobalAllocation, frames=207
Running multi-process experiment
  Algorithm: WSClock
  Allocation: GlobalAllocation
  Total Frames: 207
  Processes: [0, 1]
Results saved to: results\raw\campaign_20260404_140330_266\synthetic_high_locality\multiproc_high_locality_WSClock_GlobalAllocation_p2_f207.json

Running synthetic matrix: high_locality, 2 procs, WSClock, LocalAllocation, frames=207
Running multi-process experiment
  Algorithm: WSClock
  Allocation: LocalAllocation
  Total Frames: 207
  Processes: [0, 1]
Results saved to: results\raw\campaign_20260404_140330_266\synthetic_high_locality\multiproc_high_locality_WSClock_LocalAllocation_p2_f207.json

Running synthetic matrix: high_locality, 2 procs, WSClock, ProportionalAllocation, frames=207
Running multi-process experiment
  Algorithm: WSClock
  Allocation: ProportionalAllocation
  Total Frames: 207
  Processes: [0, 1]
Results saved to: results\raw\campaign_20260404_140330_266\synthetic_high_locality\multiproc_high_locality_WSClock_ProportionalAllocation_p2_f207.json

Running synthetic matrix: high_locality, 4 procs, FIFO, GlobalAllocation, frames=236
Running multi-process experiment
  Algorithm: FIFO
  Allocation: GlobalAllocation
  Total Frames: 236
  Processes: [0, 1, 2, 3]
Results saved to: results\raw\campaign_20260404_140330_266\synthetic_high_locality\multiproc_high_locality_FIFO_GlobalAllocation_p4_f236.json

Running synthetic matrix: high_locality, 4 procs, FIFO, LocalAllocation, frames=236
Running multi-process experiment
  Algorithm: FIFO
  Allocation: LocalAllocation
  Total Frames: 236
  Processes: [0, 1, 2, 3]
Results saved to: results\raw\campaign_20260404_140330_266\synthetic_high_locality\multiproc_high_locality_FIFO_LocalAllocation_p4_f236.json

Running synthetic matrix: high_locality, 4 procs, FIFO, ProportionalAllocation, frames=236
Running multi-process experiment
  Algorithm: FIFO
  Allocation: ProportionalAllocation
  Total Frames: 236
  Processes: [0, 1, 2, 3]
Results saved to: results\raw\campaign_20260404_140330_266\synthetic_high_locality\multiproc_high_locality_FIFO_ProportionalAllocation_p4_f236.json

Running synthetic matrix: high_locality, 4 procs, LRU, GlobalAllocation, frames=236
Running multi-process experiment
  Algorithm: LRU
  Allocation: GlobalAllocation
  Total Frames: 236
  Processes: [0, 1, 2, 3]
Results saved to: results\raw\campaign_20260404_140330_266\synthetic_high_locality\multiproc_high_locality_LRU_GlobalAllocation_p4_f236.json

Running synthetic matrix: high_locality, 4 procs, LRU, LocalAllocation, frames=236
Running multi-process experiment
  Algorithm: LRU
  Allocation: LocalAllocation
  Total Frames: 236
  Processes: [0, 1, 2, 3]
Results saved to: results\raw\campaign_20260404_140330_266\synthetic_high_locality\multiproc_high_locality_LRU_LocalAllocation_p4_f236.json

Running synthetic matrix: high_locality, 4 procs, LRU, ProportionalAllocation, frames=236
Running multi-process experiment
  Algorithm: LRU
  Allocation: ProportionalAllocation
  Total Frames: 236
  Processes: [0, 1, 2, 3]
Results saved to: results\raw\campaign_20260404_140330_266\synthetic_high_locality\multiproc_high_locality_LRU_ProportionalAllocation_p4_f236.json

Running synthetic matrix: high_locality, 4 procs, NRU, GlobalAllocation, frames=236
Running multi-process experiment
  Algorithm: NRU
  Allocation: GlobalAllocation
  Total Frames: 236
  Processes: [0, 1, 2, 3]
Results saved to: results\raw\campaign_20260404_140330_266\synthetic_high_locality\multiproc_high_locality_NRU_GlobalAllocation_p4_f236.json

Running synthetic matrix: high_locality, 4 procs, NRU, LocalAllocation, frames=236
Running multi-process experiment
  Algorithm: NRU
  Allocation: LocalAllocation
  Total Frames: 236
  Processes: [0, 1, 2, 3]
Results saved to: results\raw\campaign_20260404_140330_266\synthetic_high_locality\multiproc_high_locality_NRU_LocalAllocation_p4_f236.json

Running synthetic matrix: high_locality, 4 procs, NRU, ProportionalAllocation, frames=236
Running multi-process experiment
  Algorithm: NRU
  Allocation: ProportionalAllocation
  Total Frames: 236
  Processes: [0, 1, 2, 3]
Results saved to: results\raw\campaign_20260404_140330_266\synthetic_high_locality\multiproc_high_locality_NRU_ProportionalAllocation_p4_f236.json

Running synthetic matrix: high_locality, 4 procs, SecondChance, GlobalAllocation, frames=236
Running multi-process experiment
  Algorithm: SecondChance
  Allocation: GlobalAllocation
  Total Frames: 236
  Processes: [0, 1, 2, 3]
Results saved to: results\raw\campaign_20260404_140330_266\synthetic_high_locality\multiproc_high_locality_SecondChance_GlobalAllocation_p4_f236.json

Running synthetic matrix: high_locality, 4 procs, SecondChance, LocalAllocation, frames=236
Running multi-process experiment
  Algorithm: SecondChance
  Allocation: LocalAllocation
  Total Frames: 236
  Processes: [0, 1, 2, 3]
Results saved to: results\raw\campaign_20260404_140330_266\synthetic_high_locality\multiproc_high_locality_SecondChance_LocalAllocation_p4_f236.json

Running synthetic matrix: high_locality, 4 procs, SecondChance, ProportionalAllocation, frames=236
Running multi-process experiment
  Algorithm: SecondChance
  Allocation: ProportionalAllocation
  Total Frames: 236
  Processes: [0, 1, 2, 3]
Results saved to: results\raw\campaign_20260404_140330_266\synthetic_high_locality\multiproc_high_locality_SecondChance_ProportionalAllocation_p4_f236.json

Running synthetic matrix: high_locality, 4 procs, WSClock, GlobalAllocation, frames=236
Running multi-process experiment
  Algorithm: WSClock
  Allocation: GlobalAllocation
  Total Frames: 236
  Processes: [0, 1, 2, 3]
Results saved to: results\raw\campaign_20260404_140330_266\synthetic_high_locality\multiproc_high_locality_WSClock_GlobalAllocation_p4_f236.json

Running synthetic matrix: high_locality, 4 procs, WSClock, LocalAllocation, frames=236
Running multi-process experiment
  Algorithm: WSClock
  Allocation: LocalAllocation
  Total Frames: 236
  Processes: [0, 1, 2, 3]
Results saved to: results\raw\campaign_20260404_140330_266\synthetic_high_locality\multiproc_high_locality_WSClock_LocalAllocation_p4_f236.json

Running synthetic matrix: high_locality, 4 procs, WSClock, ProportionalAllocation, frames=236
Running multi-process experiment
  Algorithm: WSClock
  Allocation: ProportionalAllocation
  Total Frames: 236
  Processes: [0, 1, 2, 3]
Results saved to: results\raw\campaign_20260404_140330_266\synthetic_high_locality\multiproc_high_locality_WSClock_ProportionalAllocation_p4_f236.json

Running synthetic matrix: high_locality, 4 procs, FIFO, GlobalAllocation, frames=295
Running multi-process experiment
  Algorithm: FIFO
  Allocation: GlobalAllocation
  Total Frames: 295
  Processes: [0, 1, 2, 3]
Results saved to: results\raw\campaign_20260404_140330_266\synthetic_high_locality\multiproc_high_locality_FIFO_GlobalAllocation_p4_f295.json

Running synthetic matrix: high_locality, 4 procs, FIFO, LocalAllocation, frames=295
Running multi-process experiment
  Algorithm: FIFO
  Allocation: LocalAllocation
  Total Frames: 295
  Processes: [0, 1, 2, 3]
Results saved to: results\raw\campaign_20260404_140330_266\synthetic_high_locality\multiproc_high_locality_FIFO_LocalAllocation_p4_f295.json

Running synthetic matrix: high_locality, 4 procs, FIFO, ProportionalAllocation, frames=295
Running multi-process experiment
  Algorithm: FIFO
  Allocation: ProportionalAllocation
  Total Frames: 295
  Processes: [0, 1, 2, 3]
Results saved to: results\raw\campaign_20260404_140330_266\synthetic_high_locality\multiproc_high_locality_FIFO_ProportionalAllocation_p4_f295.json

Running synthetic matrix: high_locality, 4 procs, LRU, GlobalAllocation, frames=295
Running multi-process experiment
  Algorithm: LRU
  Allocation: GlobalAllocation
  Total Frames: 295
  Processes: [0, 1, 2, 3]
Results saved to: results\raw\campaign_20260404_140330_266\synthetic_high_locality\multiproc_high_locality_LRU_GlobalAllocation_p4_f295.json

Running synthetic matrix: high_locality, 4 procs, LRU, LocalAllocation, frames=295
Running multi-process experiment
  Algorithm: LRU
  Allocation: LocalAllocation
  Total Frames: 295
  Processes: [0, 1, 2, 3]
Results saved to: results\raw\campaign_20260404_140330_266\synthetic_high_locality\multiproc_high_locality_LRU_LocalAllocation_p4_f295.json

Running synthetic matrix: high_locality, 4 procs, LRU, ProportionalAllocation, frames=295
Running multi-process experiment
  Algorithm: LRU
  Allocation: ProportionalAllocation
  Total Frames: 295
  Processes: [0, 1, 2, 3]
Results saved to: results\raw\campaign_20260404_140330_266\synthetic_high_locality\multiproc_high_locality_LRU_ProportionalAllocation_p4_f295.json

Running synthetic matrix: high_locality, 4 procs, NRU, GlobalAllocation, frames=295
Running multi-process experiment
  Algorithm: NRU
  Allocation: GlobalAllocation
  Total Frames: 295
  Processes: [0, 1, 2, 3]
Results saved to: results\raw\campaign_20260404_140330_266\synthetic_high_locality\multiproc_high_locality_NRU_GlobalAllocation_p4_f295.json

Running synthetic matrix: high_locality, 4 procs, NRU, LocalAllocation, frames=295
Running multi-process experiment
  Algorithm: NRU
  Allocation: LocalAllocation
  Total Frames: 295
  Processes: [0, 1, 2, 3]
Results saved to: results\raw\campaign_20260404_140330_266\synthetic_high_locality\multiproc_high_locality_NRU_LocalAllocation_p4_f295.json

Running synthetic matrix: high_locality, 4 procs, NRU, ProportionalAllocation, frames=295
Running multi-process experiment
  Algorithm: NRU
  Allocation: ProportionalAllocation
  Total Frames: 295
  Processes: [0, 1, 2, 3]
Results saved to: results\raw\campaign_20260404_140330_266\synthetic_high_locality\multiproc_high_locality_NRU_ProportionalAllocation_p4_f295.json

Running synthetic matrix: high_locality, 4 procs, SecondChance, GlobalAllocation, frames=295
Running multi-process experiment
  Algorithm: SecondChance
  Allocation: GlobalAllocation
  Total Frames: 295
  Processes: [0, 1, 2, 3]
Results saved to: results\raw\campaign_20260404_140330_266\synthetic_high_locality\multiproc_high_locality_SecondChance_GlobalAllocation_p4_f295.json

Running synthetic matrix: high_locality, 4 procs, SecondChance, LocalAllocation, frames=295
Running multi-process experiment
  Algorithm: SecondChance
  Allocation: LocalAllocation
  Total Frames: 295
  Processes: [0, 1, 2, 3]
Results saved to: results\raw\campaign_20260404_140330_266\synthetic_high_locality\multiproc_high_locality_SecondChance_LocalAllocation_p4_f295.json

Running synthetic matrix: high_locality, 4 procs, SecondChance, ProportionalAllocation, frames=295
Running multi-process experiment
  Algorithm: SecondChance
  Allocation: ProportionalAllocation
  Total Frames: 295
  Processes: [0, 1, 2, 3]
Results saved to: results\raw\campaign_20260404_140330_266\synthetic_high_locality\multiproc_high_locality_SecondChance_ProportionalAllocation_p4_f295.json

Running synthetic matrix: high_locality, 4 procs, WSClock, GlobalAllocation, frames=295
Running multi-process experiment
  Algorithm: WSClock
  Allocation: GlobalAllocation
  Total Frames: 295
  Processes: [0, 1, 2, 3]
Results saved to: results\raw\campaign_20260404_140330_266\synthetic_high_locality\multiproc_high_locality_WSClock_GlobalAllocation_p4_f295.json

Running synthetic matrix: high_locality, 4 procs, WSClock, LocalAllocation, frames=295
Running multi-process experiment
  Algorithm: WSClock
  Allocation: LocalAllocation
  Total Frames: 295
  Processes: [0, 1, 2, 3]
Results saved to: results\raw\campaign_20260404_140330_266\synthetic_high_locality\multiproc_high_locality_WSClock_LocalAllocation_p4_f295.json

Running synthetic matrix: high_locality, 4 procs, WSClock, ProportionalAllocation, frames=295
Running multi-process experiment
  Algorithm: WSClock
  Allocation: ProportionalAllocation
  Total Frames: 295
  Processes: [0, 1, 2, 3]
Results saved to: results\raw\campaign_20260404_140330_266\synthetic_high_locality\multiproc_high_locality_WSClock_ProportionalAllocation_p4_f295.json

Running synthetic matrix: high_locality, 4 procs, FIFO, GlobalAllocation, frames=354
Running multi-process experiment
  Algorithm: FIFO
  Allocation: GlobalAllocation
  Total Frames: 354
  Processes: [0, 1, 2, 3]
Results saved to: results\raw\campaign_20260404_140330_266\synthetic_high_locality\multiproc_high_locality_FIFO_GlobalAllocation_p4_f354.json

Running synthetic matrix: high_locality, 4 procs, FIFO, LocalAllocation, frames=354
Running multi-process experiment
  Algorithm: FIFO
  Allocation: LocalAllocation
  Total Frames: 354
  Processes: [0, 1, 2, 3]
Results saved to: results\raw\campaign_20260404_140330_266\synthetic_high_locality\multiproc_high_locality_FIFO_LocalAllocation_p4_f354.json

Running synthetic matrix: high_locality, 4 procs, FIFO, ProportionalAllocation, frames=354
Running multi-process experiment
  Algorithm: FIFO
  Allocation: ProportionalAllocation
  Total Frames: 354
  Processes: [0, 1, 2, 3]
Results saved to: results\raw\campaign_20260404_140330_266\synthetic_high_locality\multiproc_high_locality_FIFO_ProportionalAllocation_p4_f354.json

Running synthetic matrix: high_locality, 4 procs, LRU, GlobalAllocation, frames=354
Running multi-process experiment
  Algorithm: LRU
  Allocation: GlobalAllocation
  Total Frames: 354
  Processes: [0, 1, 2, 3]
Results saved to: results\raw\campaign_20260404_140330_266\synthetic_high_locality\multiproc_high_locality_LRU_GlobalAllocation_p4_f354.json

Running synthetic matrix: high_locality, 4 procs, LRU, LocalAllocation, frames=354
Running multi-process experiment
  Algorithm: LRU
  Allocation: LocalAllocation
  Total Frames: 354
  Processes: [0, 1, 2, 3]
Results saved to: results\raw\campaign_20260404_140330_266\synthetic_high_locality\multiproc_high_locality_LRU_LocalAllocation_p4_f354.json

Running synthetic matrix: high_locality, 4 procs, LRU, ProportionalAllocation, frames=354
Running multi-process experiment
  Algorithm: LRU
  Allocation: ProportionalAllocation
  Total Frames: 354
  Processes: [0, 1, 2, 3]
Results saved to: results\raw\campaign_20260404_140330_266\synthetic_high_locality\multiproc_high_locality_LRU_ProportionalAllocation_p4_f354.json

Running synthetic matrix: high_locality, 4 procs, NRU, GlobalAllocation, frames=354
Running multi-process experiment
  Algorithm: NRU
  Allocation: GlobalAllocation
  Total Frames: 354
  Processes: [0, 1, 2, 3]
Results saved to: results\raw\campaign_20260404_140330_266\synthetic_high_locality\multiproc_high_locality_NRU_GlobalAllocation_p4_f354.json

Running synthetic matrix: high_locality, 4 procs, NRU, LocalAllocation, frames=354
Running multi-process experiment
  Algorithm: NRU
  Allocation: LocalAllocation
  Total Frames: 354
  Processes: [0, 1, 2, 3]
Results saved to: results\raw\campaign_20260404_140330_266\synthetic_high_locality\multiproc_high_locality_NRU_LocalAllocation_p4_f354.json

Running synthetic matrix: high_locality, 4 procs, NRU, ProportionalAllocation, frames=354
Running multi-process experiment
  Algorithm: NRU
  Allocation: ProportionalAllocation
  Total Frames: 354
  Processes: [0, 1, 2, 3]
Results saved to: results\raw\campaign_20260404_140330_266\synthetic_high_locality\multiproc_high_locality_NRU_ProportionalAllocation_p4_f354.json

Running synthetic matrix: high_locality, 4 procs, SecondChance, GlobalAllocation, frames=354
Running multi-process experiment
  Algorithm: SecondChance
  Allocation: GlobalAllocation
  Total Frames: 354
  Processes: [0, 1, 2, 3]
Results saved to: results\raw\campaign_20260404_140330_266\synthetic_high_locality\multiproc_high_locality_SecondChance_GlobalAllocation_p4_f354.json

Running synthetic matrix: high_locality, 4 procs, SecondChance, LocalAllocation, frames=354
Running multi-process experiment
  Algorithm: SecondChance
  Allocation: LocalAllocation
  Total Frames: 354
  Processes: [0, 1, 2, 3]
Results saved to: results\raw\campaign_20260404_140330_266\synthetic_high_locality\multiproc_high_locality_SecondChance_LocalAllocation_p4_f354.json

Running synthetic matrix: high_locality, 4 procs, SecondChance, ProportionalAllocation, frames=354
Running multi-process experiment
  Algorithm: SecondChance
  Allocation: ProportionalAllocation
  Total Frames: 354
  Processes: [0, 1, 2, 3]
Results saved to: results\raw\campaign_20260404_140330_266\synthetic_high_locality\multiproc_high_locality_SecondChance_ProportionalAllocation_p4_f354.json

Running synthetic matrix: high_locality, 4 procs, WSClock, GlobalAllocation, frames=354
Running multi-process experiment
  Algorithm: WSClock
  Allocation: GlobalAllocation
  Total Frames: 354
  Processes: [0, 1, 2, 3]
Results saved to: results\raw\campaign_20260404_140330_266\synthetic_high_locality\multiproc_high_locality_WSClock_GlobalAllocation_p4_f354.json

Running synthetic matrix: high_locality, 4 procs, WSClock, LocalAllocation, frames=354
Running multi-process experiment
  Algorithm: WSClock
  Allocation: LocalAllocation
  Total Frames: 354
  Processes: [0, 1, 2, 3]
Results saved to: results\raw\campaign_20260404_140330_266\synthetic_high_locality\multiproc_high_locality_WSClock_LocalAllocation_p4_f354.json

Running synthetic matrix: high_locality, 4 procs, WSClock, ProportionalAllocation, frames=354
Running multi-process experiment
  Algorithm: WSClock
  Allocation: ProportionalAllocation
  Total Frames: 354
  Processes: [0, 1, 2, 3]
Results saved to: results\raw\campaign_20260404_140330_266\synthetic_high_locality\multiproc_high_locality_WSClock_ProportionalAllocation_p4_f354.json

Running synthetic matrix: high_locality, 4 procs, FIFO, GlobalAllocation, frames=442
Running multi-process experiment
  Algorithm: FIFO
  Allocation: GlobalAllocation
  Total Frames: 442
  Processes: [0, 1, 2, 3]
Results saved to: results\raw\campaign_20260404_140330_266\synthetic_high_locality\multiproc_high_locality_FIFO_GlobalAllocation_p4_f442.json

Running synthetic matrix: high_locality, 4 procs, FIFO, LocalAllocation, frames=442
Running multi-process experiment
  Algorithm: FIFO
  Allocation: LocalAllocation
  Total Frames: 442
  Processes: [0, 1, 2, 3]
Results saved to: results\raw\campaign_20260404_140330_266\synthetic_high_locality\multiproc_high_locality_FIFO_LocalAllocation_p4_f442.json

Running synthetic matrix: high_locality, 4 procs, FIFO, ProportionalAllocation, frames=442
Running multi-process experiment
  Algorithm: FIFO
  Allocation: ProportionalAllocation
  Total Frames: 442
  Processes: [0, 1, 2, 3]
Results saved to: results\raw\campaign_20260404_140330_266\synthetic_high_locality\multiproc_high_locality_FIFO_ProportionalAllocation_p4_f442.json

Running synthetic matrix: high_locality, 4 procs, LRU, GlobalAllocation, frames=442
Running multi-process experiment
  Algorithm: LRU
  Allocation: GlobalAllocation
  Total Frames: 442
  Processes: [0, 1, 2, 3]
Results saved to: results\raw\campaign_20260404_140330_266\synthetic_high_locality\multiproc_high_locality_LRU_GlobalAllocation_p4_f442.json

Running synthetic matrix: high_locality, 4 procs, LRU, LocalAllocation, frames=442
Running multi-process experiment
  Algorithm: LRU
  Allocation: LocalAllocation
  Total Frames: 442
  Processes: [0, 1, 2, 3]
Results saved to: results\raw\campaign_20260404_140330_266\synthetic_high_locality\multiproc_high_locality_LRU_LocalAllocation_p4_f442.json

Running synthetic matrix: high_locality, 4 procs, LRU, ProportionalAllocation, frames=442
Running multi-process experiment
  Algorithm: LRU
  Allocation: ProportionalAllocation
  Total Frames: 442
  Processes: [0, 1, 2, 3]
Results saved to: results\raw\campaign_20260404_140330_266\synthetic_high_locality\multiproc_high_locality_LRU_ProportionalAllocation_p4_f442.json

Running synthetic matrix: high_locality, 4 procs, NRU, GlobalAllocation, frames=442
Running multi-process experiment
  Algorithm: NRU
  Allocation: GlobalAllocation
  Total Frames: 442
  Processes: [0, 1, 2, 3]
Results saved to: results\raw\campaign_20260404_140330_266\synthetic_high_locality\multiproc_high_locality_NRU_GlobalAllocation_p4_f442.json

Running synthetic matrix: high_locality, 4 procs, NRU, LocalAllocation, frames=442
Running multi-process experiment
  Algorithm: NRU
  Allocation: LocalAllocation
  Total Frames: 442
  Processes: [0, 1, 2, 3]
Results saved to: results\raw\campaign_20260404_140330_266\synthetic_high_locality\multiproc_high_locality_NRU_LocalAllocation_p4_f442.json

Running synthetic matrix: high_locality, 4 procs, NRU, ProportionalAllocation, frames=442
Running multi-process experiment
  Algorithm: NRU
  Allocation: ProportionalAllocation
  Total Frames: 442
  Processes: [0, 1, 2, 3]
Results saved to: results\raw\campaign_20260404_140330_266\synthetic_high_locality\multiproc_high_locality_NRU_ProportionalAllocation_p4_f442.json

Running synthetic matrix: high_locality, 4 procs, SecondChance, GlobalAllocation, frames=442
Running multi-process experiment
  Algorithm: SecondChance
  Allocation: GlobalAllocation
  Total Frames: 442
  Processes: [0, 1, 2, 3]
Results saved to: results\raw\campaign_20260404_140330_266\synthetic_high_locality\multiproc_high_locality_SecondChance_GlobalAllocation_p4_f442.json

Running synthetic matrix: high_locality, 4 procs, SecondChance, LocalAllocation, frames=442
Running multi-process experiment
  Algorithm: SecondChance
  Allocation: LocalAllocation
  Total Frames: 442
  Processes: [0, 1, 2, 3]
Results saved to: results\raw\campaign_20260404_140330_266\synthetic_high_locality\multiproc_high_locality_SecondChance_LocalAllocation_p4_f442.json

Running synthetic matrix: high_locality, 4 procs, SecondChance, ProportionalAllocation, frames=442
Running multi-process experiment
  Algorithm: SecondChance
  Allocation: ProportionalAllocation
  Total Frames: 442
  Processes: [0, 1, 2, 3]
Results saved to: results\raw\campaign_20260404_140330_266\synthetic_high_locality\multiproc_high_locality_SecondChance_ProportionalAllocation_p4_f442.json

Running synthetic matrix: high_locality, 4 procs, WSClock, GlobalAllocation, frames=442
Running multi-process experiment
  Algorithm: WSClock
  Allocation: GlobalAllocation
  Total Frames: 442
  Processes: [0, 1, 2, 3]
Results saved to: results\raw\campaign_20260404_140330_266\synthetic_high_locality\multiproc_high_locality_WSClock_GlobalAllocation_p4_f442.json

Running synthetic matrix: high_locality, 4 procs, WSClock, LocalAllocation, frames=442
Running multi-process experiment
  Algorithm: WSClock
  Allocation: LocalAllocation
  Total Frames: 442
  Processes: [0, 1, 2, 3]
Results saved to: results\raw\campaign_20260404_140330_266\synthetic_high_locality\multiproc_high_locality_WSClock_LocalAllocation_p4_f442.json

Running synthetic matrix: high_locality, 4 procs, WSClock, ProportionalAllocation, frames=442
Running multi-process experiment
  Algorithm: WSClock
  Allocation: ProportionalAllocation
  Total Frames: 442
  Processes: [0, 1, 2, 3]
Results saved to: results\raw\campaign_20260404_140330_266\synthetic_high_locality\multiproc_high_locality_WSClock_ProportionalAllocation_p4_f442.json

Running synthetic matrix: high_locality, 8 procs, FIFO, GlobalAllocation, frames=559
Running multi-process experiment
  Algorithm: FIFO
  Allocation: GlobalAllocation
  Total Frames: 559
  Processes: [0, 1, 2, 3, 4, 5, 6, 7]
Results saved to: results\raw\campaign_20260404_140330_266\synthetic_high_locality\multiproc_high_locality_FIFO_GlobalAllocation_p8_f559.json

Running synthetic matrix: high_locality, 8 procs, FIFO, LocalAllocation, frames=559
Running multi-process experiment
  Algorithm: FIFO
  Allocation: LocalAllocation
  Total Frames: 559
  Processes: [0, 1, 2, 3, 4, 5, 6, 7]
Results saved to: results\raw\campaign_20260404_140330_266\synthetic_high_locality\multiproc_high_locality_FIFO_LocalAllocation_p8_f559.json

Running synthetic matrix: high_locality, 8 procs, FIFO, ProportionalAllocation, frames=559
Running multi-process experiment
  Algorithm: FIFO
  Allocation: ProportionalAllocation
  Total Frames: 559
  Processes: [0, 1, 2, 3, 4, 5, 6, 7]
Results saved to: results\raw\campaign_20260404_140330_266\synthetic_high_locality\multiproc_high_locality_FIFO_ProportionalAllocation_p8_f559.json

Running synthetic matrix: high_locality, 8 procs, LRU, GlobalAllocation, frames=559
Running multi-process experiment
  Algorithm: LRU
  Allocation: GlobalAllocation
  Total Frames: 559
  Processes: [0, 1, 2, 3, 4, 5, 6, 7]
Results saved to: results\raw\campaign_20260404_140330_266\synthetic_high_locality\multiproc_high_locality_LRU_GlobalAllocation_p8_f559.json

Running synthetic matrix: high_locality, 8 procs, LRU, LocalAllocation, frames=559
Running multi-process experiment
  Algorithm: LRU
  Allocation: LocalAllocation
  Total Frames: 559
  Processes: [0, 1, 2, 3, 4, 5, 6, 7]
Results saved to: results\raw\campaign_20260404_140330_266\synthetic_high_locality\multiproc_high_locality_LRU_LocalAllocation_p8_f559.json

Running synthetic matrix: high_locality, 8 procs, LRU, ProportionalAllocation, frames=559
Running multi-process experiment
  Algorithm: LRU
  Allocation: ProportionalAllocation
  Total Frames: 559
  Processes: [0, 1, 2, 3, 4, 5, 6, 7]
Results saved to: results\raw\campaign_20260404_140330_266\synthetic_high_locality\multiproc_high_locality_LRU_ProportionalAllocation_p8_f559.json

Running synthetic matrix: high_locality, 8 procs, NRU, GlobalAllocation, frames=559
Running multi-process experiment
  Algorithm: NRU
  Allocation: GlobalAllocation
  Total Frames: 559
  Processes: [0, 1, 2, 3, 4, 5, 6, 7]
Results saved to: results\raw\campaign_20260404_140330_266\synthetic_high_locality\multiproc_high_locality_NRU_GlobalAllocation_p8_f559.json

Running synthetic matrix: high_locality, 8 procs, NRU, LocalAllocation, frames=559
Running multi-process experiment
  Algorithm: NRU
  Allocation: LocalAllocation
  Total Frames: 559
  Processes: [0, 1, 2, 3, 4, 5, 6, 7]
Results saved to: results\raw\campaign_20260404_140330_266\synthetic_high_locality\multiproc_high_locality_NRU_LocalAllocation_p8_f559.json

Running synthetic matrix: high_locality, 8 procs, NRU, ProportionalAllocation, frames=559
Running multi-process experiment
  Algorithm: NRU
  Allocation: ProportionalAllocation
  Total Frames: 559
  Processes: [0, 1, 2, 3, 4, 5, 6, 7]
Results saved to: results\raw\campaign_20260404_140330_266\synthetic_high_locality\multiproc_high_locality_NRU_ProportionalAllocation_p8_f559.json

Running synthetic matrix: high_locality, 8 procs, SecondChance, GlobalAllocation, frames=559
Running multi-process experiment
  Algorithm: SecondChance
  Allocation: GlobalAllocation
  Total Frames: 559
  Processes: [0, 1, 2, 3, 4, 5, 6, 7]
Results saved to: results\raw\campaign_20260404_140330_266\synthetic_high_locality\multiproc_high_locality_SecondChance_GlobalAllocation_p8_f559.json

Running synthetic matrix: high_locality, 8 procs, SecondChance, LocalAllocation, frames=559
Running multi-process experiment
  Algorithm: SecondChance
  Allocation: LocalAllocation
  Total Frames: 559
  Processes: [0, 1, 2, 3, 4, 5, 6, 7]
Results saved to: results\raw\campaign_20260404_140330_266\synthetic_high_locality\multiproc_high_locality_SecondChance_LocalAllocation_p8_f559.json

Running synthetic matrix: high_locality, 8 procs, SecondChance, ProportionalAllocation, frames=559
Running multi-process experiment
  Algorithm: SecondChance
  Allocation: ProportionalAllocation
  Total Frames: 559
  Processes: [0, 1, 2, 3, 4, 5, 6, 7]
Results saved to: results\raw\campaign_20260404_140330_266\synthetic_high_locality\multiproc_high_locality_SecondChance_ProportionalAllocation_p8_f559.json

Running synthetic matrix: high_locality, 8 procs, WSClock, GlobalAllocation, frames=559
Running multi-process experiment
  Algorithm: WSClock
  Allocation: GlobalAllocation
  Total Frames: 559
  Processes: [0, 1, 2, 3, 4, 5, 6, 7]
Results saved to: results\raw\campaign_20260404_140330_266\synthetic_high_locality\multiproc_high_locality_WSClock_GlobalAllocation_p8_f559.json

Running synthetic matrix: high_locality, 8 procs, WSClock, LocalAllocation, frames=559
Running multi-process experiment
  Algorithm: WSClock
  Allocation: LocalAllocation
  Total Frames: 559
  Processes: [0, 1, 2, 3, 4, 5, 6, 7]
Results saved to: results\raw\campaign_20260404_140330_266\synthetic_high_locality\multiproc_high_locality_WSClock_LocalAllocation_p8_f559.json

Running synthetic matrix: high_locality, 8 procs, WSClock, ProportionalAllocation, frames=559
Running multi-process experiment
  Algorithm: WSClock
  Allocation: ProportionalAllocation
  Total Frames: 559
  Processes: [0, 1, 2, 3, 4, 5, 6, 7]
Results saved to: results\raw\campaign_20260404_140330_266\synthetic_high_locality\multiproc_high_locality_WSClock_ProportionalAllocation_p8_f559.json

Running synthetic matrix: high_locality, 8 procs, FIFO, GlobalAllocation, frames=699
Running multi-process experiment
  Algorithm: FIFO
  Allocation: GlobalAllocation
  Total Frames: 699
  Processes: [0, 1, 2, 3, 4, 5, 6, 7]
Results saved to: results\raw\campaign_20260404_140330_266\synthetic_high_locality\multiproc_high_locality_FIFO_GlobalAllocation_p8_f699.json

Running synthetic matrix: high_locality, 8 procs, FIFO, LocalAllocation, frames=699
Running multi-process experiment
  Algorithm: FIFO
  Allocation: LocalAllocation
  Total Frames: 699
  Processes: [0, 1, 2, 3, 4, 5, 6, 7]
Results saved to: results\raw\campaign_20260404_140330_266\synthetic_high_locality\multiproc_high_locality_FIFO_LocalAllocation_p8_f699.json

Running synthetic matrix: high_locality, 8 procs, FIFO, ProportionalAllocation, frames=699
Running multi-process experiment
  Algorithm: FIFO
  Allocation: ProportionalAllocation
  Total Frames: 699
  Processes: [0, 1, 2, 3, 4, 5, 6, 7]
Results saved to: results\raw\campaign_20260404_140330_266\synthetic_high_locality\multiproc_high_locality_FIFO_ProportionalAllocation_p8_f699.json

Running synthetic matrix: high_locality, 8 procs, LRU, GlobalAllocation, frames=699
Running multi-process experiment
  Algorithm: LRU
  Allocation: GlobalAllocation
  Total Frames: 699
  Processes: [0, 1, 2, 3, 4, 5, 6, 7]
Results saved to: results\raw\campaign_20260404_140330_266\synthetic_high_locality\multiproc_high_locality_LRU_GlobalAllocation_p8_f699.json

Running synthetic matrix: high_locality, 8 procs, LRU, LocalAllocation, frames=699
Running multi-process experiment
  Algorithm: LRU
  Allocation: LocalAllocation
  Total Frames: 699
  Processes: [0, 1, 2, 3, 4, 5, 6, 7]
Results saved to: results\raw\campaign_20260404_140330_266\synthetic_high_locality\multiproc_high_locality_LRU_LocalAllocation_p8_f699.json

Running synthetic matrix: high_locality, 8 procs, LRU, ProportionalAllocation, frames=699
Running multi-process experiment
  Algorithm: LRU
  Allocation: ProportionalAllocation
  Total Frames: 699
  Processes: [0, 1, 2, 3, 4, 5, 6, 7]
Results saved to: results\raw\campaign_20260404_140330_266\synthetic_high_locality\multiproc_high_locality_LRU_ProportionalAllocation_p8_f699.json

Running synthetic matrix: high_locality, 8 procs, NRU, GlobalAllocation, frames=699
Running multi-process experiment
  Algorithm: NRU
  Allocation: GlobalAllocation
  Total Frames: 699
  Processes: [0, 1, 2, 3, 4, 5, 6, 7]
Results saved to: results\raw\campaign_20260404_140330_266\synthetic_high_locality\multiproc_high_locality_NRU_GlobalAllocation_p8_f699.json

Running synthetic matrix: high_locality, 8 procs, NRU, LocalAllocation, frames=699
Running multi-process experiment
  Algorithm: NRU
  Allocation: LocalAllocation
  Total Frames: 699
  Processes: [0, 1, 2, 3, 4, 5, 6, 7]
Results saved to: results\raw\campaign_20260404_140330_266\synthetic_high_locality\multiproc_high_locality_NRU_LocalAllocation_p8_f699.json

Running synthetic matrix: high_locality, 8 procs, NRU, ProportionalAllocation, frames=699
Running multi-process experiment
  Algorithm: NRU
  Allocation: ProportionalAllocation
  Total Frames: 699
  Processes: [0, 1, 2, 3, 4, 5, 6, 7]
Results saved to: results\raw\campaign_20260404_140330_266\synthetic_high_locality\multiproc_high_locality_NRU_ProportionalAllocation_p8_f699.json

Running synthetic matrix: high_locality, 8 procs, SecondChance, GlobalAllocation, frames=699
Running multi-process experiment
  Algorithm: SecondChance
  Allocation: GlobalAllocation
  Total Frames: 699
  Processes: [0, 1, 2, 3, 4, 5, 6, 7]
Results saved to: results\raw\campaign_20260404_140330_266\synthetic_high_locality\multiproc_high_locality_SecondChance_GlobalAllocation_p8_f699.json

Running synthetic matrix: high_locality, 8 procs, SecondChance, LocalAllocation, frames=699
Running multi-process experiment
  Algorithm: SecondChance
  Allocation: LocalAllocation
  Total Frames: 699
  Processes: [0, 1, 2, 3, 4, 5, 6, 7]
Results saved to: results\raw\campaign_20260404_140330_266\synthetic_high_locality\multiproc_high_locality_SecondChance_LocalAllocation_p8_f699.json

Running synthetic matrix: high_locality, 8 procs, SecondChance, ProportionalAllocation, frames=699
Running multi-process experiment
  Algorithm: SecondChance
  Allocation: ProportionalAllocation
  Total Frames: 699
  Processes: [0, 1, 2, 3, 4, 5, 6, 7]
Results saved to: results\raw\campaign_20260404_140330_266\synthetic_high_locality\multiproc_high_locality_SecondChance_ProportionalAllocation_p8_f699.json

Running synthetic matrix: high_locality, 8 procs, WSClock, GlobalAllocation, frames=699
Running multi-process experiment
  Algorithm: WSClock
  Allocation: GlobalAllocation
  Total Frames: 699
  Processes: [0, 1, 2, 3, 4, 5, 6, 7]
Results saved to: results\raw\campaign_20260404_140330_266\synthetic_high_locality\multiproc_high_locality_WSClock_GlobalAllocation_p8_f699.json

Running synthetic matrix: high_locality, 8 procs, WSClock, LocalAllocation, frames=699
Running multi-process experiment
  Algorithm: WSClock
  Allocation: LocalAllocation
  Total Frames: 699
  Processes: [0, 1, 2, 3, 4, 5, 6, 7]
Results saved to: results\raw\campaign_20260404_140330_266\synthetic_high_locality\multiproc_high_locality_WSClock_LocalAllocation_p8_f699.json

Running synthetic matrix: high_locality, 8 procs, WSClock, ProportionalAllocation, frames=699
Running multi-process experiment
  Algorithm: WSClock
  Allocation: ProportionalAllocation
  Total Frames: 699
  Processes: [0, 1, 2, 3, 4, 5, 6, 7]
Results saved to: results\raw\campaign_20260404_140330_266\synthetic_high_locality\multiproc_high_locality_WSClock_ProportionalAllocation_p8_f699.json

Running synthetic matrix: high_locality, 8 procs, FIFO, GlobalAllocation, frames=839
Running multi-process experiment
  Algorithm: FIFO
  Allocation: GlobalAllocation
  Total Frames: 839
  Processes: [0, 1, 2, 3, 4, 5, 6, 7]
Results saved to: results\raw\campaign_20260404_140330_266\synthetic_high_locality\multiproc_high_locality_FIFO_GlobalAllocation_p8_f839.json

Running synthetic matrix: high_locality, 8 procs, FIFO, LocalAllocation, frames=839
Running multi-process experiment
  Algorithm: FIFO
  Allocation: LocalAllocation
  Total Frames: 839
  Processes: [0, 1, 2, 3, 4, 5, 6, 7]
Results saved to: results\raw\campaign_20260404_140330_266\synthetic_high_locality\multiproc_high_locality_FIFO_LocalAllocation_p8_f839.json

Running synthetic matrix: high_locality, 8 procs, FIFO, ProportionalAllocation, frames=839
Running multi-process experiment
  Algorithm: FIFO
  Allocation: ProportionalAllocation
  Total Frames: 839
  Processes: [0, 1, 2, 3, 4, 5, 6, 7]
Results saved to: results\raw\campaign_20260404_140330_266\synthetic_high_locality\multiproc_high_locality_FIFO_ProportionalAllocation_p8_f839.json

Running synthetic matrix: high_locality, 8 procs, LRU, GlobalAllocation, frames=839
Running multi-process experiment
  Algorithm: LRU
  Allocation: GlobalAllocation
  Total Frames: 839
  Processes: [0, 1, 2, 3, 4, 5, 6, 7]
Results saved to: results\raw\campaign_20260404_140330_266\synthetic_high_locality\multiproc_high_locality_LRU_GlobalAllocation_p8_f839.json

Running synthetic matrix: high_locality, 8 procs, LRU, LocalAllocation, frames=839
Running multi-process experiment
  Algorithm: LRU
  Allocation: LocalAllocation
  Total Frames: 839
  Processes: [0, 1, 2, 3, 4, 5, 6, 7]
Results saved to: results\raw\campaign_20260404_140330_266\synthetic_high_locality\multiproc_high_locality_LRU_LocalAllocation_p8_f839.json

Running synthetic matrix: high_locality, 8 procs, LRU, ProportionalAllocation, frames=839
Running multi-process experiment
  Algorithm: LRU
  Allocation: ProportionalAllocation
  Total Frames: 839
  Processes: [0, 1, 2, 3, 4, 5, 6, 7]
Results saved to: results\raw\campaign_20260404_140330_266\synthetic_high_locality\multiproc_high_locality_LRU_ProportionalAllocation_p8_f839.json

Running synthetic matrix: high_locality, 8 procs, NRU, GlobalAllocation, frames=839
Running multi-process experiment
  Algorithm: NRU
  Allocation: GlobalAllocation
  Total Frames: 839
  Processes: [0, 1, 2, 3, 4, 5, 6, 7]
Results saved to: results\raw\campaign_20260404_140330_266\synthetic_high_locality\multiproc_high_locality_NRU_GlobalAllocation_p8_f839.json

Running synthetic matrix: high_locality, 8 procs, NRU, LocalAllocation, frames=839
Running multi-process experiment
  Algorithm: NRU
  Allocation: LocalAllocation
  Total Frames: 839
  Processes: [0, 1, 2, 3, 4, 5, 6, 7]
Results saved to: results\raw\campaign_20260404_140330_266\synthetic_high_locality\multiproc_high_locality_NRU_LocalAllocation_p8_f839.json

Running synthetic matrix: high_locality, 8 procs, NRU, ProportionalAllocation, frames=839
Running multi-process experiment
  Algorithm: NRU
  Allocation: ProportionalAllocation
  Total Frames: 839
  Processes: [0, 1, 2, 3, 4, 5, 6, 7]
Results saved to: results\raw\campaign_20260404_140330_266\synthetic_high_locality\multiproc_high_locality_NRU_ProportionalAllocation_p8_f839.json

Running synthetic matrix: high_locality, 8 procs, SecondChance, GlobalAllocation, frames=839
Running multi-process experiment
  Algorithm: SecondChance
  Allocation: GlobalAllocation
  Total Frames: 839
  Processes: [0, 1, 2, 3, 4, 5, 6, 7]
Results saved to: results\raw\campaign_20260404_140330_266\synthetic_high_locality\multiproc_high_locality_SecondChance_GlobalAllocation_p8_f839.json

Running synthetic matrix: high_locality, 8 procs, SecondChance, LocalAllocation, frames=839
Running multi-process experiment
  Algorithm: SecondChance
  Allocation: LocalAllocation
  Total Frames: 839
  Processes: [0, 1, 2, 3, 4, 5, 6, 7]
Results saved to: results\raw\campaign_20260404_140330_266\synthetic_high_locality\multiproc_high_locality_SecondChance_LocalAllocation_p8_f839.json

Running synthetic matrix: high_locality, 8 procs, SecondChance, ProportionalAllocation, frames=839
Running multi-process experiment
  Algorithm: SecondChance
  Allocation: ProportionalAllocation
  Total Frames: 839
  Processes: [0, 1, 2, 3, 4, 5, 6, 7]
Results saved to: results\raw\campaign_20260404_140330_266\synthetic_high_locality\multiproc_high_locality_SecondChance_ProportionalAllocation_p8_f839.json

Running synthetic matrix: high_locality, 8 procs, WSClock, GlobalAllocation, frames=839
Running multi-process experiment
  Algorithm: WSClock
  Allocation: GlobalAllocation
  Total Frames: 839
  Processes: [0, 1, 2, 3, 4, 5, 6, 7]
Results saved to: results\raw\campaign_20260404_140330_266\synthetic_high_locality\multiproc_high_locality_WSClock_GlobalAllocation_p8_f839.json

Running synthetic matrix: high_locality, 8 procs, WSClock, LocalAllocation, frames=839
Running multi-process experiment
  Algorithm: WSClock
  Allocation: LocalAllocation
  Total Frames: 839
  Processes: [0, 1, 2, 3, 4, 5, 6, 7]
Results saved to: results\raw\campaign_20260404_140330_266\synthetic_high_locality\multiproc_high_locality_WSClock_LocalAllocation_p8_f839.json

Running synthetic matrix: high_locality, 8 procs, WSClock, ProportionalAllocation, frames=839
Running multi-process experiment
  Algorithm: WSClock
  Allocation: ProportionalAllocation
  Total Frames: 839
  Processes: [0, 1, 2, 3, 4, 5, 6, 7]
Results saved to: results\raw\campaign_20260404_140330_266\synthetic_high_locality\multiproc_high_locality_WSClock_ProportionalAllocation_p8_f839.json

Running synthetic matrix: high_locality, 8 procs, FIFO, GlobalAllocation, frames=1048
Running multi-process experiment
  Algorithm: FIFO
  Allocation: GlobalAllocation
  Total Frames: 1048
  Processes: [0, 1, 2, 3, 4, 5, 6, 7]
Results saved to: results\raw\campaign_20260404_140330_266\synthetic_high_locality\multiproc_high_locality_FIFO_GlobalAllocation_p8_f1048.json

Running synthetic matrix: high_locality, 8 procs, FIFO, LocalAllocation, frames=1048
Running multi-process experiment
  Algorithm: FIFO
  Allocation: LocalAllocation
  Total Frames: 1048
  Processes: [0, 1, 2, 3, 4, 5, 6, 7]
Results saved to: results\raw\campaign_20260404_140330_266\synthetic_high_locality\multiproc_high_locality_FIFO_LocalAllocation_p8_f1048.json

Running synthetic matrix: high_locality, 8 procs, FIFO, ProportionalAllocation, frames=1048
Running multi-process experiment
  Algorithm: FIFO
  Allocation: ProportionalAllocation
  Total Frames: 1048
  Processes: [0, 1, 2, 3, 4, 5, 6, 7]
Results saved to: results\raw\campaign_20260404_140330_266\synthetic_high_locality\multiproc_high_locality_FIFO_ProportionalAllocation_p8_f1048.json

Running synthetic matrix: high_locality, 8 procs, LRU, GlobalAllocation, frames=1048
Running multi-process experiment
  Algorithm: LRU
  Allocation: GlobalAllocation
  Total Frames: 1048
  Processes: [0, 1, 2, 3, 4, 5, 6, 7]
Results saved to: results\raw\campaign_20260404_140330_266\synthetic_high_locality\multiproc_high_locality_LRU_GlobalAllocation_p8_f1048.json

Running synthetic matrix: high_locality, 8 procs, LRU, LocalAllocation, frames=1048
Running multi-process experiment
  Algorithm: LRU
  Allocation: LocalAllocation
  Total Frames: 1048
  Processes: [0, 1, 2, 3, 4, 5, 6, 7]
Results saved to: results\raw\campaign_20260404_140330_266\synthetic_high_locality\multiproc_high_locality_LRU_LocalAllocation_p8_f1048.json

Running synthetic matrix: high_locality, 8 procs, LRU, ProportionalAllocation, frames=1048
Running multi-process experiment
  Algorithm: LRU
  Allocation: ProportionalAllocation
  Total Frames: 1048
  Processes: [0, 1, 2, 3, 4, 5, 6, 7]
Results saved to: results\raw\campaign_20260404_140330_266\synthetic_high_locality\multiproc_high_locality_LRU_ProportionalAllocation_p8_f1048.json

Running synthetic matrix: high_locality, 8 procs, NRU, GlobalAllocation, frames=1048
Running multi-process experiment
  Algorithm: NRU
  Allocation: GlobalAllocation
  Total Frames: 1048
  Processes: [0, 1, 2, 3, 4, 5, 6, 7]
Results saved to: results\raw\campaign_20260404_140330_266\synthetic_high_locality\multiproc_high_locality_NRU_GlobalAllocation_p8_f1048.json

Running synthetic matrix: high_locality, 8 procs, NRU, LocalAllocation, frames=1048
Running multi-process experiment
  Algorithm: NRU
  Allocation: LocalAllocation
  Total Frames: 1048
  Processes: [0, 1, 2, 3, 4, 5, 6, 7]
Results saved to: results\raw\campaign_20260404_140330_266\synthetic_high_locality\multiproc_high_locality_NRU_LocalAllocation_p8_f1048.json

Running synthetic matrix: high_locality, 8 procs, NRU, ProportionalAllocation, frames=1048
Running multi-process experiment
  Algorithm: NRU
  Allocation: ProportionalAllocation
  Total Frames: 1048
  Processes: [0, 1, 2, 3, 4, 5, 6, 7]
Results saved to: results\raw\campaign_20260404_140330_266\synthetic_high_locality\multiproc_high_locality_NRU_ProportionalAllocation_p8_f1048.json

Running synthetic matrix: high_locality, 8 procs, SecondChance, GlobalAllocation, frames=1048
Running multi-process experiment
  Algorithm: SecondChance
  Allocation: GlobalAllocation
  Total Frames: 1048
  Processes: [0, 1, 2, 3, 4, 5, 6, 7]
Results saved to: results\raw\campaign_20260404_140330_266\synthetic_high_locality\multiproc_high_locality_SecondChance_GlobalAllocation_p8_f1048.json

Running synthetic matrix: high_locality, 8 procs, SecondChance, LocalAllocation, frames=1048
Running multi-process experiment
  Algorithm: SecondChance
  Allocation: LocalAllocation
  Total Frames: 1048
  Processes: [0, 1, 2, 3, 4, 5, 6, 7]
Results saved to: results\raw\campaign_20260404_140330_266\synthetic_high_locality\multiproc_high_locality_SecondChance_LocalAllocation_p8_f1048.json

Running synthetic matrix: high_locality, 8 procs, SecondChance, ProportionalAllocation, frames=1048
Running multi-process experiment
  Algorithm: SecondChance
  Allocation: ProportionalAllocation
  Total Frames: 1048
  Processes: [0, 1, 2, 3, 4, 5, 6, 7]
Results saved to: results\raw\campaign_20260404_140330_266\synthetic_high_locality\multiproc_high_locality_SecondChance_ProportionalAllocation_p8_f1048.json

Running synthetic matrix: high_locality, 8 procs, WSClock, GlobalAllocation, frames=1048
Running multi-process experiment
  Algorithm: WSClock
  Allocation: GlobalAllocation
  Total Frames: 1048
  Processes: [0, 1, 2, 3, 4, 5, 6, 7]
Results saved to: results\raw\campaign_20260404_140330_266\synthetic_high_locality\multiproc_high_locality_WSClock_GlobalAllocation_p8_f1048.json

Running synthetic matrix: high_locality, 8 procs, WSClock, LocalAllocation, frames=1048
Running multi-process experiment
  Algorithm: WSClock
  Allocation: LocalAllocation
  Total Frames: 1048
  Processes: [0, 1, 2, 3, 4, 5, 6, 7]
Results saved to: results\raw\campaign_20260404_140330_266\synthetic_high_locality\multiproc_high_locality_WSClock_LocalAllocation_p8_f1048.json

Running synthetic matrix: high_locality, 8 procs, WSClock, ProportionalAllocation, frames=1048
Running multi-process experiment
  Algorithm: WSClock
  Allocation: ProportionalAllocation
  Total Frames: 1048
  Processes: [0, 1, 2, 3, 4, 5, 6, 7]
Results saved to: results\raw\campaign_20260404_140330_266\synthetic_high_locality\multiproc_high_locality_WSClock_ProportionalAllocation_p8_f1048.json
Summary report saved to: results\raw\campaign_20260404_140330_266\synthetic_high_locality\summary_report.txt
Summary figure saved to: results\raw\campaign_20260404_140330_266\synthetic_high_locality\figures\summary_figure.png
Plot saved to: results\raw\campaign_20260404_140330_266\synthetic_high_locality\figures\page_fault_comparison.png
Plot saved to: results\raw\campaign_20260404_140330_266\synthetic_high_locality\figures\fairness_comparison.png
BATCH_DONE

python.exe : 
At line:56 char:1
+ & python -c $code $outDir 1> $stdoutPath 2> $stderrPath;
+ ~~~~~~~~~~~~~~~~~~~~~~~~~~~~~~~~~~~~~~~~~~~~~~~~~~~~~~~
    + CategoryInfo          : NotSpecified: (:String) [], RemoteException
    + FullyQualifiedErrorId : NativeCommandError
 
Trials:   0%|          | 0/10 [00:00<?, ?it/s]
Trials:  30%|###       | 3/10 [00:00<00:00, 20.38it/s]
Trials:  60%|######    | 6/10 [00:00<00:00, 22.26it/s]
Trials:  90%|######### | 9/10 [00:00<00:00, 22.83it/s]
Trials: 100%|##########| 10/10 [00:00<00:00, 22.57it/s]

Trials:   0%|          | 0/10 [00:00<?, ?it/s]
Trials:  30%|###       | 3/10 [00:00<00:00, 20.67it/s]
Trials:  60%|######    | 6/10 [00:00<00:00, 22.63it/s]
Trials:  90%|######### | 9/10 [00:00<00:00, 23.31it/s]
Trials: 100%|##########| 10/10 [00:00<00:00, 23.01it/s]

Trials:   0%|          | 0/10 [00:00<?, ?it/s]
Trials:  30%|###       | 3/10 [00:00<00:00, 22.97it/s]
Trials:  60%|######    | 6/10 [00:00<00:00, 23.44it/s]
Trials:  90%|######### | 9/10 [00:00<00:00, 22.97it/s]
Trials: 100%|##########| 10/10 [00:00<00:00, 23.12it/s]

Trials:   0%|          | 0/10 [00:00<?, ?it/s]
Trials:  30%|###       | 3/10 [00:00<00:00, 21.86it/s]
Trials:  60%|######    | 6/10 [00:00<00:00, 22.40it/s]
Trials:  90%|######### | 9/10 [00:00<00:00, 22.26it/s]
Trials: 100%|##########| 10/10 [00:00<00:00, 22.34it/s]

Trials:   0%|          | 0/10 [00:00<?, ?it/s]
Trials:  30%|###       | 3/10 [00:00<00:00, 20.76it/s]
Trials:  60%|######    | 6/10 [00:00<00:00, 22.14it/s]
Trials:  90%|######### | 9/10 [00:00<00:00, 21.90it/s]
Trials: 100%|##########| 10/10 [00:00<00:00, 21.03it/s]

Trials:   0%|          | 0/10 [00:00<?, ?it/s]
Trials:  30%|###       | 3/10 [00:00<00:00, 21.39it/s]
Trials:  60%|######    | 6/10 [00:00<00:00, 22.58it/s]
Trials:  90%|######### | 9/10 [00:00<00:00, 19.44it/s]
Trials: 100%|##########| 10/10 [00:00<00:00, 20.39it/s]

Trials:   0%|          | 0/10 [00:00<?, ?it/s]
Trials:  30%|###       | 3/10 [00:00<00:00, 22.48it/s]
Trials:  60%|######    | 6/10 [00:00<00:00, 22.67it/s]
Trials:  90%|######### | 9/10 [00:00<00:00, 22.68it/s]
Trials: 100%|##########| 10/10 [00:00<00:00, 22.66it/s]

Trials:   0%|          | 0/10 [00:00<?, ?it/s]
Trials:  30%|###       | 3/10 [00:00<00:00, 23.46it/s]
Trials:  60%|######    | 6/10 [00:00<00:00, 22.48it/s]
Trials:  90%|######### | 9/10 [00:00<00:00, 22.88it/s]
Trials: 100%|##########| 10/10 [00:00<00:00, 22.90it/s]

Trials:   0%|          | 0/10 [00:00<?, ?it/s]
Trials:  30%|###       | 3/10 [00:00<00:00, 23.48it/s]
Trials:  60%|######    | 6/10 [00:00<00:00, 23.48it/s]
Trials:  90%|######### | 9/10 [00:00<00:00, 23.11it/s]
Trials: 100%|##########| 10/10 [00:00<00:00, 23.20it/s]

Trials:   0%|          | 0/10 [00:00<?, ?it/s]
Trials:  30%|###       | 3/10 [00:00<00:00, 22.48it/s]
Trials:  60%|######    | 6/10 [00:00<00:00, 22.95it/s]
Trials:  90%|######### | 9/10 [00:00<00:00, 23.13it/s]
Trials: 100%|##########| 10/10 [00:00<00:00, 23.06it/s]

Trials:   0%|          | 0/10 [00:00<?, ?it/s]
Trials:  30%|###       | 3/10 [00:00<00:00, 23.92it/s]
Trials:  60%|######    | 6/10 [00:00<00:00, 22.52it/s]
Trials:  90%|######### | 9/10 [00:00<00:00, 21.95it/s]
Trials: 100%|##########| 10/10 [00:00<00:00, 22.00it/s]

Trials:   0%|          | 0/10 [00:00<?, ?it/s]
Trials:  30%|###       | 3/10 [00:00<00:00, 22.76it/s]
Trials:  60%|######    | 6/10 [00:00<00:00, 21.27it/s]
Trials:  90%|######### | 9/10 [00:00<00:00, 18.92it/s]
Trials: 100%|##########| 10/10 [00:00<00:00, 19.45it/s]

Trials:   0%|          | 0/10 [00:00<?, ?it/s]
Trials:  30%|###       | 3/10 [00:00<00:00, 19.86it/s]
Trials:  50%|#####     | 5/10 [00:00<00:00, 18.51it/s]
Trials:  70%|#######   | 7/10 [00:00<00:00, 18.77it/s]
Trials: 100%|##########| 10/10 [00:00<00:00, 20.19it/s]
Trials: 100%|##########| 10/10 [00:00<00:00, 19.72it/s]

Trials:   0%|          | 0/10 [00:00<?, ?it/s]
Trials:  30%|###       | 3/10 [00:00<00:00, 22.58it/s]
Trials:  60%|######    | 6/10 [00:00<00:00, 22.96it/s]
Trials:  90%|######### | 9/10 [00:00<00:00, 23.46it/s]
Trials: 100%|##########| 10/10 [00:00<00:00, 23.36it/s]

Trials:   0%|          | 0/10 [00:00<?, ?it/s]
Trials:  30%|###       | 3/10 [00:00<00:00, 21.89it/s]
Trials:  60%|######    | 6/10 [00:00<00:00, 22.79it/s]
Trials:  90%|######### | 9/10 [00:00<00:00, 23.28it/s]
Trials: 100%|##########| 10/10 [00:00<00:00, 22.71it/s]

Trials:   0%|          | 0/10 [00:00<?, ?it/s]
Trials:  30%|###       | 3/10 [00:00<00:00, 23.39it/s]
Trials:  60%|######    | 6/10 [00:00<00:00, 23.00it/s]
Trials:  90%|######### | 9/10 [00:00<00:00, 22.19it/s]
Trials: 100%|##########| 10/10 [00:00<00:00, 22.50it/s]

Trials:   0%|          | 0/10 [00:00<?, ?it/s]
Trials:  20%|##        | 2/10 [00:00<00:00, 16.46it/s]
Trials:  50%|#####     | 5/10 [00:00<00:00, 21.19it/s]
Trials:  80%|########  | 8/10 [00:00<00:00, 21.42it/s]
Trials: 100%|##########| 10/10 [00:00<00:00, 21.48it/s]

Trials:   0%|          | 0/10 [00:00<?, ?it/s]
Trials:  30%|###       | 3/10 [00:00<00:00, 22.14it/s]
Trials:  60%|######    | 6/10 [00:00<00:00, 20.70it/s]
Trials:  90%|######### | 9/10 [00:00<00:00, 21.18it/s]
Trials: 100%|##########| 10/10 [00:00<00:00, 21.35it/s]

Trials:   0%|          | 0/10 [00:00<?, ?it/s]
Trials:  30%|###       | 3/10 [00:00<00:00, 22.36it/s]
Trials:  60%|######    | 6/10 [00:00<00:00, 22.36it/s]
Trials:  90%|######### | 9/10 [00:00<00:00, 22.48it/s]
Trials: 100%|##########| 10/10 [00:00<00:00, 22.50it/s]

Trials:   0%|          | 0/10 [00:00<?, ?it/s]
Trials:  20%|##        | 2/10 [00:00<00:00, 18.74it/s]
Trials:  50%|#####     | 5/10 [00:00<00:00, 21.78it/s]
Trials:  80%|########  | 8/10 [00:00<00:00, 22.66it/s]
Trials: 100%|##########| 10/10 [00:00<00:00, 21.46it/s]

Trials:   0%|          | 0/10 [00:00<?, ?it/s]
Trials:  30%|###       | 3/10 [00:00<00:00, 22.94it/s]
Trials:  60%|######    | 6/10 [00:00<00:00, 21.05it/s]
Trials:  90%|######### | 9/10 [00:00<00:00, 19.78it/s]
Trials: 100%|##########| 10/10 [00:00<00:00, 20.55it/s]

Trials:   0%|          | 0/10 [00:00<?, ?it/s]
Trials:  30%|###       | 3/10 [00:00<00:00, 21.92it/s]
Trials:  60%|######    | 6/10 [00:00<00:00, 22.68it/s]
Trials:  90%|######### | 9/10 [00:00<00:00, 22.82it/s]
Trials: 100%|##########| 10/10 [00:00<00:00, 22.75it/s]

Trials:   0%|          | 0/10 [00:00<?, ?it/s]
Trials:  30%|###       | 3/10 [00:00<00:00, 21.30it/s]
Trials:  60%|######    | 6/10 [00:00<00:00, 22.16it/s]
Trials:  90%|######### | 9/10 [00:00<00:00, 22.84it/s]
Trials: 100%|##########| 10/10 [00:00<00:00, 22.69it/s]

Trials:   0%|          | 0/10 [00:00<?, ?it/s]
Trials:  30%|###       | 3/10 [00:00<00:00, 23.51it/s]
Trials:  60%|######    | 6/10 [00:00<00:00, 23.08it/s]
Trials:  90%|######### | 9/10 [00:00<00:00, 23.25it/s]
Trials: 100%|##########| 10/10 [00:00<00:00, 23.25it/s]

Trials:   0%|          | 0/10 [00:00<?, ?it/s]
Trials:  30%|###       | 3/10 [00:00<00:00, 23.29it/s]
Trials:  60%|######    | 6/10 [00:00<00:00, 21.82it/s]
Trials:  90%|######### | 9/10 [00:00<00:00, 22.48it/s]
Trials: 100%|##########| 10/10 [00:00<00:00, 21.99it/s]

Trials:   0%|          | 0/10 [00:00<?, ?it/s]
Trials:  20%|##        | 2/10 [00:00<00:00, 19.62it/s]
Trials:  50%|#####     | 5/10 [00:00<00:00, 22.03it/s]
Trials:  80%|########  | 8/10 [00:00<00:00, 18.08it/s]
Trials: 100%|##########| 10/10 [00:00<00:00, 16.64it/s]
Trials: 100%|##########| 10/10 [00:00<00:00, 17.62it/s]

Trials:   0%|          | 0/10 [00:00<?, ?it/s]
Trials:  20%|##        | 2/10 [00:00<00:00, 13.27it/s]
Trials:  40%|####      | 4/10 [00:00<00:00, 14.44it/s]
Trials:  60%|######    | 6/10 [00:00<00:00, 14.94it/s]
Trials:  80%|########  | 8/10 [00:00<00:00, 16.18it/s]
Trials: 100%|##########| 10/10 [00:00<00:00, 15.63it/s]
Trials: 100%|##########| 10/10 [00:00<00:00, 15.32it/s]

Trials:   0%|          | 0/10 [00:00<?, ?it/s]
Trials:  20%|##        | 2/10 [00:00<00:00, 14.02it/s]
Trials:  40%|####      | 4/10 [00:00<00:00, 14.52it/s]
Trials:  60%|######    | 6/10 [00:00<00:00, 14.96it/s]
Trials:  80%|########  | 8/10 [00:00<00:00, 14.90it/s]
Trials: 100%|##########| 10/10 [00:00<00:00, 15.98it/s]
Trials: 100%|##########| 10/10 [00:00<00:00, 15.38it/s]

Trials:   0%|          | 0/10 [00:00<?, ?it/s]
Trials:  30%|###       | 3/10 [00:00<00:00, 23.83it/s]
Trials:  60%|######    | 6/10 [00:00<00:00, 23.87it/s]
Trials:  90%|######### | 9/10 [00:00<00:00, 21.85it/s]
Trials: 100%|##########| 10/10 [00:00<00:00, 22.49it/s]

Trials:   0%|          | 0/10 [00:00<?, ?it/s]
Trials:  30%|###       | 3/10 [00:00<00:00, 22.12it/s]
Trials:  60%|######    | 6/10 [00:00<00:00, 19.72it/s]
Trials:  90%|######### | 9/10 [00:00<00:00, 21.34it/s]
Trials: 100%|##########| 10/10 [00:00<00:00, 20.89it/s]

Trials:   0%|          | 0/10 [00:00<?, ?it/s]
Trials:  30%|###       | 3/10 [00:00<00:00, 22.21it/s]
Trials:  60%|######    | 6/10 [00:00<00:00, 23.19it/s]
Trials:  90%|######### | 9/10 [00:00<00:00, 21.44it/s]
Trials: 100%|##########| 10/10 [00:00<00:00, 21.44it/s]

Trials:   0%|          | 0/10 [00:00<?, ?it/s]
Trials:  30%|###       | 3/10 [00:00<00:00, 22.60it/s]
Trials:  60%|######    | 6/10 [00:00<00:00, 22.44it/s]
Trials:  90%|######### | 9/10 [00:00<00:00, 23.12it/s]
Trials: 100%|##########| 10/10 [00:00<00:00, 22.87it/s]

Trials:   0%|          | 0/10 [00:00<?, ?it/s]
Trials:  30%|###       | 3/10 [00:00<00:00, 20.71it/s]
Trials:  60%|######    | 6/10 [00:00<00:00, 17.32it/s]
Trials:  80%|########  | 8/10 [00:00<00:00, 17.79it/s]
Trials: 100%|##########| 10/10 [00:00<00:00, 16.67it/s]
Trials: 100%|##########| 10/10 [00:00<00:00, 17.25it/s]

Trials:   0%|          | 0/10 [00:00<?, ?it/s]
Trials:  20%|##        | 2/10 [00:00<00:00, 19.08it/s]
Trials:  40%|####      | 4/10 [00:00<00:00, 19.22it/s]
Trials:  70%|#######   | 7/10 [00:00<00:00, 20.85it/s]
Trials: 100%|##########| 10/10 [00:00<00:00, 21.31it/s]
Trials: 100%|##########| 10/10 [00:00<00:00, 20.85it/s]

Trials:   0%|          | 0/10 [00:00<?, ?it/s]
Trials:  30%|###       | 3/10 [00:00<00:00, 21.45it/s]
Trials:  60%|######    | 6/10 [00:00<00:00, 22.22it/s]
Trials:  90%|######### | 9/10 [00:00<00:00, 22.36it/s]
Trials: 100%|##########| 10/10 [00:00<00:00, 22.36it/s]

Trials:   0%|          | 0/10 [00:00<?, ?it/s]
Trials:  30%|###       | 3/10 [00:00<00:00, 23.72it/s]
Trials:  60%|######    | 6/10 [00:00<00:00, 23.66it/s]
Trials:  90%|######### | 9/10 [00:00<00:00, 23.29it/s]
Trials: 100%|##########| 10/10 [00:00<00:00, 23.39it/s]

Trials:   0%|          | 0/10 [00:00<?, ?it/s]
Trials:  20%|##        | 2/10 [00:00<00:00, 19.46it/s]
Trials:  40%|####      | 4/10 [00:00<00:00, 18.49it/s]
Trials:  70%|#######   | 7/10 [00:00<00:00, 20.51it/s]
Trials: 100%|##########| 10/10 [00:00<00:00, 20.89it/s]
Trials: 100%|##########| 10/10 [00:00<00:00, 20.46it/s]

Trials:   0%|          | 0/10 [00:00<?, ?it/s]
Trials:  20%|##        | 2/10 [00:00<00:00, 17.71it/s]
Trials:  40%|####      | 4/10 [00:00<00:00, 18.07it/s]
Trials:  60%|######    | 6/10 [00:00<00:00, 15.59it/s]
Trials:  80%|########  | 8/10 [00:00<00:00, 15.10it/s]
Trials: 100%|##########| 10/10 [00:00<00:00, 13.68it/s]
Trials: 100%|##########| 10/10 [00:00<00:00, 14.69it/s]

Trials:   0%|          | 0/10 [00:00<?, ?it/s]
Trials:  20%|##        | 2/10 [00:00<00:00, 17.08it/s]
Trials:  40%|####      | 4/10 [00:00<00:00, 17.89it/s]
Trials:  60%|######    | 6/10 [00:00<00:00, 17.32it/s]
Trials:  80%|########  | 8/10 [00:00<00:00, 17.34it/s]
Trials: 100%|##########| 10/10 [00:00<00:00, 16.95it/s]
Trials: 100%|##########| 10/10 [00:00<00:00, 17.15it/s]

Trials:   0%|          | 0/10 [00:00<?, ?it/s]
Trials:  20%|##        | 2/10 [00:00<00:00, 16.05it/s]
Trials:  50%|#####     | 5/10 [00:00<00:00, 19.35it/s]
Trials:  80%|########  | 8/10 [00:00<00:00, 20.24it/s]
Trials: 100%|##########| 10/10 [00:00<00:00, 19.81it/s]

Trials:   0%|          | 0/10 [00:00<?, ?it/s]
Trials:  30%|###       | 3/10 [00:00<00:00, 22.30it/s]
Trials:  60%|######    | 6/10 [00:00<00:00, 23.02it/s]
Trials:  90%|######### | 9/10 [00:00<00:00, 22.61it/s]
Trials: 100%|##########| 10/10 [00:00<00:00, 22.06it/s]

Trials:   0%|          | 0/10 [00:00<?, ?it/s]
Trials:  30%|###       | 3/10 [00:00<00:00, 21.39it/s]
Trials:  60%|######    | 6/10 [00:00<00:00, 22.83it/s]
Trials:  90%|######### | 9/10 [00:00<00:00, 23.20it/s]
Trials: 100%|##########| 10/10 [00:00<00:00, 22.81it/s]

Trials:   0%|          | 0/10 [00:00<?, ?it/s]
Trials:  30%|###       | 3/10 [00:00<00:00, 23.37it/s]
Trials:  60%|######    | 6/10 [00:00<00:00, 23.00it/s]
Trials:  90%|######### | 9/10 [00:00<00:00, 22.01it/s]
Trials: 100%|##########| 10/10 [00:00<00:00, 22.41it/s]

Trials:   0%|          | 0/10 [00:00<?, ?it/s]
Trials:  30%|###       | 3/10 [00:00<00:00, 22.87it/s]
Trials:  60%|######    | 6/10 [00:00<00:00, 23.30it/s]
Trials:  90%|######### | 9/10 [00:00<00:00, 23.01it/s]
Trials: 100%|##########| 10/10 [00:00<00:00, 23.12it/s]

Trials:   0%|          | 0/10 [00:00<?, ?it/s]
Trials:  30%|###       | 3/10 [00:00<00:00, 24.13it/s]
Trials:  60%|######    | 6/10 [00:00<00:00, 23.68it/s]
Trials:  90%|######### | 9/10 [00:00<00:00, 22.39it/s]
Trials: 100%|##########| 10/10 [00:00<00:00, 22.57it/s]

Trials:   0%|          | 0/10 [00:00<?, ?it/s]
Trials:  30%|###       | 3/10 [00:00<00:00, 22.56it/s]
Trials:  60%|######    | 6/10 [00:00<00:00, 22.02it/s]
Trials:  90%|######### | 9/10 [00:00<00:00, 22.92it/s]
Trials: 100%|##########| 10/10 [00:00<00:00, 22.85it/s]

Trials:   0%|          | 0/10 [00:00<?, ?it/s]
Trials:  30%|###       | 3/10 [00:00<00:00, 22.07it/s]
Trials:  60%|######    | 6/10 [00:00<00:00, 23.47it/s]
Trials:  90%|######### | 9/10 [00:00<00:00, 23.59it/s]
Trials: 100%|##########| 10/10 [00:00<00:00, 23.13it/s]

Trials:   0%|          | 0/10 [00:00<?, ?it/s]
Trials:  30%|###       | 3/10 [00:00<00:00, 23.04it/s]
Trials:  60%|######    | 6/10 [00:00<00:00, 22.05it/s]
Trials:  90%|######### | 9/10 [00:00<00:00, 22.75it/s]
Trials: 100%|##########| 10/10 [00:00<00:00, 22.81it/s]

Trials:   0%|          | 0/10 [00:00<?, ?it/s]
Trials:  30%|###       | 3/10 [00:00<00:00, 23.34it/s]
Trials:  60%|######    | 6/10 [00:00<00:00, 23.40it/s]
Trials:  90%|######### | 9/10 [00:00<00:00, 23.39it/s]
Trials: 100%|##########| 10/10 [00:00<00:00, 23.36it/s]

Trials:   0%|          | 0/10 [00:00<?, ?it/s]
Trials:  30%|###       | 3/10 [00:00<00:00, 22.13it/s]
Trials:  60%|######    | 6/10 [00:00<00:00, 22.99it/s]
Trials:  90%|######### | 9/10 [00:00<00:00, 23.48it/s]
Trials: 100%|##########| 10/10 [00:00<00:00, 23.35it/s]

Trials:   0%|          | 0/10 [00:00<?, ?it/s]
Trials:  30%|###       | 3/10 [00:00<00:00, 18.23it/s]
Trials:  60%|######    | 6/10 [00:00<00:00, 20.06it/s]
Trials:  90%|######### | 9/10 [00:00<00:00, 21.74it/s]
Trials: 100%|##########| 10/10 [00:00<00:00, 21.27it/s]

Trials:   0%|          | 0/10 [00:00<?, ?it/s]
Trials:  20%|##        | 2/10 [00:00<00:00, 19.02it/s]
Trials:  40%|####      | 4/10 [00:00<00:00, 18.78it/s]
Trials:  60%|######    | 6/10 [00:00<00:00, 19.25it/s]
Trials:  80%|########  | 8/10 [00:00<00:00, 19.47it/s]
Trials: 100%|##########| 10/10 [00:00<00:00, 19.61it/s]
Trials: 100%|##########| 10/10 [00:00<00:00, 19.41it/s]

Trials:   0%|          | 0/10 [00:00<?, ?it/s]
Trials:  30%|###       | 3/10 [00:00<00:00, 22.03it/s]
Trials:  60%|######    | 6/10 [00:00<00:00, 19.68it/s]
Trials:  80%|########  | 8/10 [00:00<00:00, 18.96it/s]
Trials: 100%|##########| 10/10 [00:00<00:00, 19.74it/s]

Trials:   0%|          | 0/10 [00:00<?, ?it/s]
Trials:  20%|##        | 2/10 [00:00<00:00, 18.07it/s]
Trials:  50%|#####     | 5/10 [00:00<00:00, 20.68it/s]
Trials:  80%|########  | 8/10 [00:00<00:00, 22.10it/s]
Trials: 100%|##########| 10/10 [00:00<00:00, 21.62it/s]

Trials:   0%|          | 0/10 [00:00<?, ?it/s]
Trials:  30%|###       | 3/10 [00:00<00:00, 22.99it/s]
Trials:  60%|######    | 6/10 [00:00<00:00, 22.02it/s]
Trials:  90%|######### | 9/10 [00:00<00:00, 22.63it/s]
Trials: 100%|##########| 10/10 [00:00<00:00, 22.68it/s]

Trials:   0%|          | 0/10 [00:00<?, ?it/s]
Trials:  30%|###       | 3/10 [00:00<00:00, 21.98it/s]
Trials:  60%|######    | 6/10 [00:00<00:00, 23.25it/s]
Trials:  90%|######### | 9/10 [00:00<00:00, 23.64it/s]
Trials: 100%|##########| 10/10 [00:00<00:00, 23.38it/s]

Trials:   0%|          | 0/10 [00:00<?, ?it/s]
Trials:  30%|###       | 3/10 [00:00<00:00, 24.10it/s]
Trials:  60%|######    | 6/10 [00:00<00:00, 24.13it/s]
Trials:  90%|######### | 9/10 [00:00<00:00, 23.04it/s]
Trials: 100%|##########| 10/10 [00:00<00:00, 23.41it/s]

Trials:   0%|          | 0/10 [00:00<?, ?it/s]
Trials:  30%|###       | 3/10 [00:00<00:00, 23.62it/s]
Trials:  60%|######    | 6/10 [00:00<00:00, 23.68it/s]
Trials:  90%|######### | 9/10 [00:00<00:00, 21.49it/s]
Trials: 100%|##########| 10/10 [00:00<00:00, 21.04it/s]

Trials:   0%|          | 0/10 [00:00<?, ?it/s]
Trials:  30%|###       | 3/10 [00:00<00:00, 18.74it/s]
Trials:  50%|#####     | 5/10 [00:00<00:00, 18.03it/s]
Trials:  80%|########  | 8/10 [00:00<00:00, 18.82it/s]
Trials: 100%|##########| 10/10 [00:00<00:00, 18.29it/s]
Trials: 100%|##########| 10/10 [00:00<00:00, 18.38it/s]

Trials:   0%|          | 0/10 [00:00<?, ?it/s]
Trials:  20%|##        | 2/10 [00:00<00:00, 18.79it/s]
Trials:  40%|####      | 4/10 [00:00<00:00, 16.56it/s]
Trials:  60%|######    | 6/10 [00:00<00:00, 17.74it/s]
Trials:  90%|######### | 9/10 [00:00<00:00, 19.73it/s]
Trials: 100%|##########| 10/10 [00:00<00:00, 19.34it/s]

Trials:   0%|          | 0/10 [00:00<?, ?it/s]
Trials:  20%|##        | 2/10 [00:00<00:00, 11.90it/s]
Trials:  40%|####      | 4/10 [00:00<00:00, 11.98it/s]
Trials:  60%|######    | 6/10 [00:00<00:00, 12.02it/s]
Trials:  80%|########  | 8/10 [00:00<00:00, 11.55it/s]
Trials: 100%|##########| 10/10 [00:00<00:00, 11.65it/s]
Trials: 100%|##########| 10/10 [00:00<00:00, 11.73it/s]

Trials:   0%|          | 0/10 [00:00<?, ?it/s]
Trials:  20%|##        | 2/10 [00:00<00:00, 12.25it/s]
Trials:  40%|####      | 4/10 [00:00<00:00, 12.25it/s]
Trials:  60%|######    | 6/10 [00:00<00:00, 12.27it/s]
Trials:  80%|########  | 8/10 [00:00<00:00, 11.95it/s]
Trials: 100%|##########| 10/10 [00:00<00:00, 12.05it/s]
Trials: 100%|##########| 10/10 [00:00<00:00, 12.09it/s]

Trials:   0%|          | 0/10 [00:00<?, ?it/s]
Trials:  20%|##        | 2/10 [00:00<00:00, 12.20it/s]
Trials:  40%|####      | 4/10 [00:00<00:00, 12.24it/s]
Trials:  60%|######    | 6/10 [00:00<00:00, 12.17it/s]
Trials:  80%|########  | 8/10 [00:00<00:00, 11.96it/s]
Trials: 100%|##########| 10/10 [00:00<00:00, 12.03it/s]
Trials: 100%|##########| 10/10 [00:00<00:00, 12.07it/s]

Trials:   0%|          | 0/10 [00:00<?, ?it/s]
Trials:  20%|##        | 2/10 [00:00<00:00, 11.63it/s]
Trials:  40%|####      | 4/10 [00:00<00:00, 11.61it/s]
Trials:  60%|######    | 6/10 [00:00<00:00, 11.36it/s]
Trials:  80%|########  | 8/10 [00:00<00:00, 11.47it/s]
Trials: 100%|##########| 10/10 [00:00<00:00, 11.27it/s]
Trials: 100%|##########| 10/10 [00:00<00:00, 11.37it/s]

Trials:   0%|          | 0/10 [00:00<?, ?it/s]
Trials:  20%|##        | 2/10 [00:00<00:00, 11.27it/s]
Trials:  40%|####      | 4/10 [00:00<00:00, 11.65it/s]
Trials:  60%|######    | 6/10 [00:00<00:00, 11.56it/s]
Trials:  80%|########  | 8/10 [00:00<00:00, 11.71it/s]
Trials: 100%|##########| 10/10 [00:00<00:00, 11.74it/s]
Trials: 100%|##########| 10/10 [00:00<00:00, 11.67it/s]

Trials:   0%|          | 0/10 [00:00<?, ?it/s]
Trials:  20%|##        | 2/10 [00:00<00:00, 11.11it/s]
Trials:  40%|####      | 4/10 [00:00<00:00, 11.62it/s]
Trials:  60%|######    | 6/10 [00:00<00:00, 11.77it/s]
Trials:  80%|########  | 8/10 [00:00<00:00, 11.72it/s]
Trials: 100%|##########| 10/10 [00:00<00:00, 11.78it/s]
Trials: 100%|##########| 10/10 [00:00<00:00, 11.71it/s]

Trials:   0%|          | 0/10 [00:00<?, ?it/s]
Trials:  10%|#         | 1/10 [00:00<00:00,  9.33it/s]
Trials:  30%|###       | 3/10 [00:00<00:00, 10.43it/s]
Trials:  50%|#####     | 5/10 [00:00<00:00, 10.63it/s]
Trials:  70%|#######   | 7/10 [00:00<00:00, 10.43it/s]
Trials:  90%|######### | 9/10 [00:00<00:00, 10.32it/s]
Trials: 100%|##########| 10/10 [00:00<00:00, 10.41it/s]

Trials:   0%|          | 0/10 [00:00<?, ?it/s]
Trials:  20%|##        | 2/10 [00:00<00:00, 11.20it/s]
Trials:  40%|####      | 4/10 [00:00<00:00, 11.47it/s]
Trials:  60%|######    | 6/10 [00:00<00:00, 11.59it/s]
Trials:  80%|########  | 8/10 [00:00<00:00, 11.23it/s]
Trials: 100%|##########| 10/10 [00:00<00:00, 11.41it/s]
Trials: 100%|##########| 10/10 [00:00<00:00, 11.39it/s]

Trials:   0%|          | 0/10 [00:00<?, ?it/s]
Trials:  20%|##        | 2/10 [00:00<00:00, 11.72it/s]
Trials:  40%|####      | 4/10 [00:00<00:00, 11.93it/s]
Trials:  60%|######    | 6/10 [00:00<00:00, 12.12it/s]
Trials:  80%|########  | 8/10 [00:00<00:00, 12.15it/s]
Trials: 100%|##########| 10/10 [00:00<00:00, 11.71it/s]
Trials: 100%|##########| 10/10 [00:00<00:00, 11.85it/s]

Trials:   0%|          | 0/10 [00:00<?, ?it/s]
Trials:  20%|##        | 2/10 [00:00<00:00, 11.58it/s]
Trials:  40%|####      | 4/10 [00:00<00:00, 10.70it/s]
Trials:  60%|######    | 6/10 [00:00<00:00, 11.02it/s]
Trials:  80%|########  | 8/10 [00:00<00:00, 10.87it/s]
Trials: 100%|##########| 10/10 [00:00<00:00, 11.07it/s]
Trials: 100%|##########| 10/10 [00:00<00:00, 11.02it/s]

Trials:   0%|          | 0/10 [00:00<?, ?it/s]
Trials:  20%|##        | 2/10 [00:00<00:00, 10.90it/s]
Trials:  40%|####      | 4/10 [00:00<00:00, 11.42it/s]
Trials:  60%|######    | 6/10 [00:00<00:00, 11.69it/s]
Trials:  80%|########  | 8/10 [00:00<00:00, 11.49it/s]
Trials: 100%|##########| 10/10 [00:00<00:00, 11.58it/s]
Trials: 100%|##########| 10/10 [00:00<00:00, 11.52it/s]

Trials:   0%|          | 0/10 [00:00<?, ?it/s]
Trials:  20%|##        | 2/10 [00:00<00:00, 12.04it/s]
Trials:  40%|####      | 4/10 [00:00<00:00, 12.01it/s]
Trials:  60%|######    | 6/10 [00:00<00:00, 11.63it/s]
Trials:  80%|########  | 8/10 [00:00<00:00, 11.76it/s]
Trials: 100%|##########| 10/10 [00:00<00:00, 11.86it/s]
Trials: 100%|##########| 10/10 [00:00<00:00, 11.84it/s]

Trials:   0%|          | 0/10 [00:00<?, ?it/s]
Trials:  20%|##        | 2/10 [00:00<00:00, 11.33it/s]
Trials:  40%|####      | 4/10 [00:00<00:00, 11.20it/s]
Trials:  60%|######    | 6/10 [00:00<00:00, 11.41it/s]
Trials:  80%|########  | 8/10 [00:00<00:00, 11.49it/s]
Trials: 100%|##########| 10/10 [00:00<00:00, 11.54it/s]
Trials: 100%|##########| 10/10 [00:00<00:00, 11.46it/s]

Trials:   0%|          | 0/10 [00:00<?, ?it/s]
Trials:  20%|##        | 2/10 [00:00<00:00, 11.22it/s]
Trials:  40%|####      | 4/10 [00:00<00:00, 11.64it/s]
Trials:  60%|######    | 6/10 [00:00<00:00, 11.68it/s]
Trials:  80%|########  | 8/10 [00:00<00:00, 11.54it/s]
Trials: 100%|##########| 10/10 [00:00<00:00, 11.25it/s]
Trials: 100%|##########| 10/10 [00:00<00:00, 11.38it/s]

Trials:   0%|          | 0/10 [00:00<?, ?it/s]
Trials:  20%|##        | 2/10 [00:00<00:00, 11.96it/s]
Trials:  40%|####      | 4/10 [00:00<00:00, 12.02it/s]
Trials:  60%|######    | 6/10 [00:00<00:00, 12.00it/s]
Trials:  80%|########  | 8/10 [00:00<00:00, 11.65it/s]
Trials: 100%|##########| 10/10 [00:00<00:00, 11.44it/s]
Trials: 100%|##########| 10/10 [00:00<00:00, 11.63it/s]

Trials:   0%|          | 0/10 [00:00<?, ?it/s]
Trials:  20%|##        | 2/10 [00:00<00:00, 11.70it/s]
Trials:  40%|####      | 4/10 [00:00<00:00, 12.05it/s]
Trials:  60%|######    | 6/10 [00:00<00:00, 11.98it/s]
Trials:  80%|########  | 8/10 [00:00<00:00, 11.63it/s]
Trials: 100%|##########| 10/10 [00:00<00:00, 11.77it/s]
Trials: 100%|##########| 10/10 [00:00<00:00, 11.80it/s]

Trials:   0%|          | 0/10 [00:00<?, ?it/s]
Trials:  20%|##        | 2/10 [00:00<00:00, 12.28it/s]
Trials:  40%|####      | 4/10 [00:00<00:00, 12.27it/s]
Trials:  60%|######    | 6/10 [00:00<00:00, 12.24it/s]
Trials:  80%|########  | 8/10 [00:00<00:00, 12.00it/s]
Trials: 100%|##########| 10/10 [00:00<00:00, 12.08it/s]
Trials: 100%|##########| 10/10 [00:00<00:00, 12.12it/s]

Trials:   0%|          | 0/10 [00:00<?, ?it/s]
Trials:  20%|##        | 2/10 [00:00<00:00, 12.20it/s]
Trials:  40%|####      | 4/10 [00:00<00:00, 11.94it/s]
Trials:  60%|######    | 6/10 [00:00<00:00, 11.56it/s]
Trials:  80%|########  | 8/10 [00:00<00:00, 11.51it/s]
Trials: 100%|##########| 10/10 [00:00<00:00, 11.77it/s]
Trials: 100%|##########| 10/10 [00:00<00:00, 11.74it/s]

Trials:   0%|          | 0/10 [00:00<?, ?it/s]
Trials:  20%|##        | 2/10 [00:00<00:00, 11.67it/s]
Trials:  40%|####      | 4/10 [00:00<00:00, 11.68it/s]
Trials:  60%|######    | 6/10 [00:00<00:00, 11.45it/s]
Trials:  80%|########  | 8/10 [00:00<00:00, 10.85it/s]
Trials: 100%|##########| 10/10 [00:00<00:00, 11.11it/s]
Trials: 100%|##########| 10/10 [00:00<00:00, 11.20it/s]

Trials:   0%|          | 0/10 [00:00<?, ?it/s]
Trials:  20%|##        | 2/10 [00:00<00:00, 11.50it/s]
Trials:  40%|####      | 4/10 [00:00<00:00, 11.36it/s]
Trials:  60%|######    | 6/10 [00:00<00:00, 11.59it/s]
Trials:  80%|########  | 8/10 [00:00<00:00, 11.77it/s]
Trials: 100%|##########| 10/10 [00:00<00:00, 11.84it/s]
Trials: 100%|##########| 10/10 [00:00<00:00, 11.72it/s]

Trials:   0%|          | 0/10 [00:00<?, ?it/s]
Trials:  20%|##        | 2/10 [00:00<00:00, 10.37it/s]
Trials:  40%|####      | 4/10 [00:00<00:00, 11.26it/s]
Trials:  60%|######    | 6/10 [00:00<00:00, 11.60it/s]
Trials:  80%|########  | 8/10 [00:00<00:00, 11.75it/s]
Trials: 100%|##########| 10/10 [00:00<00:00, 11.75it/s]
Trials: 100%|##########| 10/10 [00:00<00:00, 11.58it/s]

Trials:   0%|          | 0/10 [00:00<?, ?it/s]
Trials:  20%|##        | 2/10 [00:00<00:00, 10.61it/s]
Trials:  40%|####      | 4/10 [00:00<00:00, 11.09it/s]
Trials:  60%|######    | 6/10 [00:00<00:00, 11.24it/s]
Trials:  80%|########  | 8/10 [00:00<00:00, 11.34it/s]
Trials: 100%|##########| 10/10 [00:00<00:00, 10.76it/s]
Trials: 100%|##########| 10/10 [00:00<00:00, 10.93it/s]

Trials:   0%|          | 0/10 [00:00<?, ?it/s]
Trials:  20%|##        | 2/10 [00:00<00:00, 11.41it/s]
Trials:  40%|####      | 4/10 [00:00<00:00, 11.59it/s]
Trials:  60%|######    | 6/10 [00:00<00:00, 11.31it/s]
Trials:  80%|########  | 8/10 [00:00<00:00, 11.38it/s]
Trials: 100%|##########| 10/10 [00:00<00:00, 10.88it/s]
Trials: 100%|##########| 10/10 [00:00<00:00, 11.11it/s]

Trials:   0%|          | 0/10 [00:00<?, ?it/s]
Trials:  20%|##        | 2/10 [00:00<00:00, 11.18it/s]
Trials:  40%|####      | 4/10 [00:00<00:00, 11.57it/s]
Trials:  60%|######    | 6/10 [00:00<00:00, 11.73it/s]
Trials:  80%|########  | 8/10 [00:00<00:00, 11.76it/s]
Trials: 100%|##########| 10/10 [00:00<00:00, 11.30it/s]
Trials: 100%|##########| 10/10 [00:00<00:00, 11.44it/s]

Trials:   0%|          | 0/10 [00:00<?, ?it/s]
Trials:  20%|##        | 2/10 [00:00<00:00, 11.63it/s]
Trials:  40%|####      | 4/10 [00:00<00:00, 11.65it/s]
Trials:  60%|######    | 6/10 [00:00<00:00, 11.68it/s]
Trials:  80%|########  | 8/10 [00:00<00:00, 11.41it/s]
Trials: 100%|##########| 10/10 [00:00<00:00, 11.40it/s]
Trials: 100%|##########| 10/10 [00:00<00:00, 11.47it/s]

Trials:   0%|          | 0/10 [00:00<?, ?it/s]
Trials:  20%|##        | 2/10 [00:00<00:00, 11.74it/s]
Trials:  40%|####      | 4/10 [00:00<00:00, 11.73it/s]
Trials:  60%|######    | 6/10 [00:00<00:00, 11.50it/s]
Trials:  80%|########  | 8/10 [00:00<00:00, 11.40it/s]
Trials: 100%|##########| 10/10 [00:00<00:00, 11.75it/s]
Trials: 100%|##########| 10/10 [00:00<00:00, 11.66it/s]

Trials:   0%|          | 0/10 [00:00<?, ?it/s]
Trials:  20%|##        | 2/10 [00:00<00:00, 11.52it/s]
Trials:  40%|####      | 4/10 [00:00<00:00, 11.49it/s]
Trials:  60%|######    | 6/10 [00:00<00:00, 11.37it/s]
Trials:  80%|########  | 8/10 [00:00<00:00, 11.59it/s]
Trials: 100%|##########| 10/10 [00:00<00:00, 11.75it/s]
Trials: 100%|##########| 10/10 [00:00<00:00, 11.63it/s]

Trials:   0%|          | 0/10 [00:00<?, ?it/s]
Trials:  20%|##        | 2/10 [00:00<00:00, 11.65it/s]
Trials:  40%|####      | 4/10 [00:00<00:00, 11.29it/s]
Trials:  60%|######    | 6/10 [00:00<00:00, 11.44it/s]
Trials:  80%|########  | 8/10 [00:00<00:00, 11.54it/s]
Trials: 100%|##########| 10/10 [00:00<00:00, 11.58it/s]
Trials: 100%|##########| 10/10 [00:00<00:00, 11.53it/s]

Trials:   0%|          | 0/10 [00:00<?, ?it/s]
Trials:  20%|##        | 2/10 [00:00<00:00, 11.01it/s]
Trials:  40%|####      | 4/10 [00:00<00:00, 11.54it/s]
Trials:  60%|######    | 6/10 [00:00<00:00, 10.78it/s]
Trials:  80%|########  | 8/10 [00:00<00:00, 10.83it/s]
Trials: 100%|##########| 10/10 [00:00<00:00, 11.13it/s]
Trials: 100%|##########| 10/10 [00:00<00:00, 11.07it/s]

Trials:   0%|          | 0/10 [00:00<?, ?it/s]
Trials:  10%|#         | 1/10 [00:00<00:00,  9.96it/s]
Trials:  20%|##        | 2/10 [00:00<00:00,  9.66it/s]
Trials:  40%|####      | 4/10 [00:00<00:00, 10.31it/s]
Trials:  60%|######    | 6/10 [00:00<00:00, 10.28it/s]
Trials:  80%|########  | 8/10 [00:00<00:00, 10.45it/s]
Trials: 100%|##########| 10/10 [00:00<00:00, 10.87it/s]
Trials: 100%|##########| 10/10 [00:00<00:00, 10.58it/s]

Trials:   0%|          | 0/10 [00:00<?, ?it/s]
Trials:  20%|##        | 2/10 [00:00<00:00, 11.14it/s]
Trials:  40%|####      | 4/10 [00:00<00:00, 11.53it/s]
Trials:  60%|######    | 6/10 [00:00<00:00, 11.80it/s]
Trials:  80%|########  | 8/10 [00:00<00:00, 11.61it/s]
Trials: 100%|##########| 10/10 [00:00<00:00, 11.77it/s]
Trials: 100%|##########| 10/10 [00:00<00:00, 11.68it/s]

Trials:   0%|          | 0/10 [00:00<?, ?it/s]
Trials:  20%|##        | 2/10 [00:00<00:00, 12.25it/s]
Trials:  40%|####      | 4/10 [00:00<00:00, 12.28it/s]
Trials:  60%|######    | 6/10 [00:00<00:00, 12.21it/s]
Trials:  80%|########  | 8/10 [00:00<00:00, 11.88it/s]
Trials: 100%|##########| 10/10 [00:00<00:00, 12.02it/s]
Trials: 100%|##########| 10/10 [00:00<00:00, 12.06it/s]

Trials:   0%|          | 0/10 [00:00<?, ?it/s]
Trials:  20%|##        | 2/10 [00:00<00:00, 12.04it/s]
Trials:  40%|####      | 4/10 [00:00<00:00, 12.14it/s]
Trials:  60%|######    | 6/10 [00:00<00:00, 10.40it/s]
Trials:  80%|########  | 8/10 [00:00<00:00, 11.08it/s]
Trials: 100%|##########| 10/10 [00:00<00:00, 11.47it/s]
Trials: 100%|##########| 10/10 [00:00<00:00, 11.35it/s]

Trials:   0%|          | 0/10 [00:00<?, ?it/s]
Trials:  20%|##        | 2/10 [00:00<00:00, 11.68it/s]
Trials:  40%|####      | 4/10 [00:00<00:00, 11.28it/s]
Trials:  60%|######    | 6/10 [00:00<00:00,  9.54it/s]
Trials:  70%|#######   | 7/10 [00:00<00:00,  9.26it/s]
Trials:  80%|########  | 8/10 [00:00<00:00,  9.35it/s]
Trials:  90%|######### | 9/10 [00:00<00:00,  9.41it/s]
Trials: 100%|##########| 10/10 [00:01<00:00,  9.07it/s]
Trials: 100%|##########| 10/10 [00:01<00:00,  9.54it/s]

Trials:   0%|          | 0/10 [00:00<?, ?it/s]
Trials:  10%|#         | 1/10 [00:00<00:01,  8.22it/s]
Trials:  20%|##        | 2/10 [00:00<00:00,  8.24it/s]
Trials:  40%|####      | 4/10 [00:00<00:00,  9.55it/s]
Trials:  60%|######    | 6/10 [00:00<00:00, 10.44it/s]
Trials:  80%|########  | 8/10 [00:00<00:00, 10.99it/s]
Trials: 100%|##########| 10/10 [00:00<00:00, 11.31it/s]
Trials: 100%|##########| 10/10 [00:00<00:00, 10.64it/s]

Trials:   0%|          | 0/10 [00:00<?, ?it/s]
Trials:  20%|##        | 2/10 [00:00<00:00, 11.92it/s]
Trials:  40%|####      | 4/10 [00:00<00:00, 11.59it/s]
Trials:  60%|######    | 6/10 [00:00<00:00, 12.08it/s]
Trials:  80%|########  | 8/10 [00:00<00:00, 12.04it/s]
Trials: 100%|##########| 10/10 [00:00<00:00, 12.02it/s]
Trials: 100%|##########| 10/10 [00:00<00:00, 11.98it/s]

Trials:   0%|          | 0/10 [00:00<?, ?it/s]
Trials:  20%|##        | 2/10 [00:00<00:00, 11.18it/s]
Trials:  40%|####      | 4/10 [00:00<00:00, 11.45it/s]
Trials:  60%|######    | 6/10 [00:00<00:00, 11.55it/s]
Trials:  80%|########  | 8/10 [00:00<00:00, 11.60it/s]
Trials: 100%|##########| 10/10 [00:00<00:00, 11.62it/s]
Trials: 100%|##########| 10/10 [00:00<00:00, 11.56it/s]

Trials:   0%|          | 0/10 [00:00<?, ?it/s]
Trials:  20%|##        | 2/10 [00:00<00:00, 11.51it/s]
Trials:  40%|####      | 4/10 [00:00<00:00, 11.69it/s]
Trials:  60%|######    | 6/10 [00:00<00:00, 11.82it/s]
Trials:  80%|########  | 8/10 [00:00<00:00, 11.78it/s]
Trials: 100%|##########| 10/10 [00:00<00:00, 11.03it/s]
Trials: 100%|##########| 10/10 [00:00<00:00, 11.33it/s]

Trials:   0%|          | 0/10 [00:00<?, ?it/s]
Trials:  20%|##        | 2/10 [00:00<00:00, 11.93it/s]
Trials:  40%|####      | 4/10 [00:00<00:00, 11.93it/s]
Trials:  60%|######    | 6/10 [00:00<00:00, 11.95it/s]
Trials:  80%|########  | 8/10 [00:00<00:00, 11.61it/s]
Trials: 100%|##########| 10/10 [00:00<00:00, 11.65it/s]
Trials: 100%|##########| 10/10 [00:00<00:00, 11.73it/s]

Trials:   0%|          | 0/10 [00:00<?, ?it/s]
Trials:  20%|##        | 2/10 [00:00<00:00, 10.28it/s]
Trials:  40%|####      | 4/10 [00:00<00:00,  9.83it/s]
Trials:  60%|######    | 6/10 [00:00<00:00, 10.27it/s]
Trials:  80%|########  | 8/10 [00:00<00:00,  9.50it/s]
Trials:  90%|######### | 9/10 [00:00<00:00,  9.39it/s]
Trials: 100%|##########| 10/10 [00:01<00:00,  9.77it/s]

Trials:   0%|          | 0/10 [00:00<?, ?it/s]
Trials:  20%|##        | 2/10 [00:00<00:00, 11.77it/s]
Trials:  40%|####      | 4/10 [00:00<00:00, 11.96it/s]
Trials:  60%|######    | 6/10 [00:00<00:00, 11.37it/s]
Trials:  80%|########  | 8/10 [00:00<00:00, 11.33it/s]
Trials: 100%|##########| 10/10 [00:00<00:00, 11.50it/s]
Trials: 100%|##########| 10/10 [00:00<00:00, 11.52it/s]

Trials:   0%|          | 0/10 [00:00<?, ?it/s]
Trials:  20%|##        | 2/10 [00:00<00:00, 11.76it/s]
Trials:  40%|####      | 4/10 [00:00<00:00, 11.59it/s]
Trials:  60%|######    | 6/10 [00:00<00:00, 11.75it/s]
Trials:  80%|########  | 8/10 [00:00<00:00, 11.70it/s]
Trials: 100%|##########| 10/10 [00:00<00:00, 11.83it/s]
Trials: 100%|##########| 10/10 [00:00<00:00, 11.77it/s]

Trials:   0%|          | 0/10 [00:00<?, ?it/s]
Trials:  20%|##        | 2/10 [00:00<00:00, 12.10it/s]
Trials:  40%|####      | 4/10 [00:00<00:00, 11.50it/s]
Trials:  60%|######    | 6/10 [00:00<00:00, 11.60it/s]
Trials:  80%|########  | 8/10 [00:00<00:00, 11.62it/s]
Trials: 100%|##########| 10/10 [00:00<00:00, 11.42it/s]
Trials: 100%|##########| 10/10 [00:00<00:00, 11.52it/s]

Trials:   0%|          | 0/10 [00:00<?, ?it/s]
Trials:  20%|##        | 2/10 [00:00<00:00, 10.66it/s]
Trials:  40%|####      | 4/10 [00:00<00:00, 10.79it/s]
Trials:  60%|######    | 6/10 [00:00<00:00, 10.80it/s]
Trials:  80%|########  | 8/10 [00:00<00:00, 11.24it/s]
Trials: 100%|##########| 10/10 [00:00<00:00, 11.21it/s]
Trials: 100%|##########| 10/10 [00:00<00:00, 11.08it/s]

Trials:   0%|          | 0/10 [00:00<?, ?it/s]
Trials:  20%|##        | 2/10 [00:00<00:00, 12.00it/s]
Trials:  40%|####      | 4/10 [00:00<00:00, 11.97it/s]
Trials:  60%|######    | 6/10 [00:00<00:00, 11.94it/s]
Trials:  80%|########  | 8/10 [00:00<00:00, 11.48it/s]
Trials: 100%|##########| 10/10 [00:00<00:00, 11.68it/s]
Trials: 100%|##########| 10/10 [00:00<00:00, 11.73it/s]

Trials:   0%|          | 0/10 [00:00<?, ?it/s]
Trials:  20%|##        | 2/10 [00:00<00:00, 12.00it/s]
Trials:  40%|####      | 4/10 [00:00<00:00, 12.00it/s]
Trials:  60%|######    | 6/10 [00:00<00:00, 11.73it/s]
Trials:  80%|########  | 8/10 [00:00<00:00, 11.64it/s]
Trials: 100%|##########| 10/10 [00:00<00:00, 11.75it/s]
Trials: 100%|##########| 10/10 [00:00<00:00, 11.77it/s]

Trials:   0%|          | 0/10 [00:00<?, ?it/s]
Trials:  20%|##        | 2/10 [00:00<00:00, 12.29it/s]
Trials:  40%|####      | 4/10 [00:00<00:00, 11.83it/s]
Trials:  60%|######    | 6/10 [00:00<00:00, 11.86it/s]
Trials:  80%|########  | 8/10 [00:00<00:00, 11.98it/s]
Trials: 100%|##########| 10/10 [00:00<00:00, 12.07it/s]
Trials: 100%|##########| 10/10 [00:00<00:00, 12.02it/s]

Trials:   0%|          | 0/10 [00:00<?, ?it/s]
Trials:  20%|##        | 2/10 [00:00<00:00, 10.47it/s]
Trials:  40%|####      | 4/10 [00:00<00:00, 11.17it/s]
Trials:  60%|######    | 6/10 [00:00<00:00, 11.66it/s]
Trials:  80%|########  | 8/10 [00:00<00:00, 11.86it/s]
Trials: 100%|##########| 10/10 [00:00<00:00, 11.69it/s]
Trials: 100%|##########| 10/10 [00:00<00:00, 11.57it/s]

Trials:   0%|          | 0/10 [00:00<?, ?it/s]
Trials:  20%|##        | 2/10 [00:00<00:00, 10.22it/s]
Trials:  40%|####      | 4/10 [00:00<00:00, 10.53it/s]
Trials:  60%|######    | 6/10 [00:00<00:00, 10.60it/s]
Trials:  80%|########  | 8/10 [00:00<00:00, 11.02it/s]
Trials: 100%|##########| 10/10 [00:00<00:00, 10.96it/s]
Trials: 100%|##########| 10/10 [00:00<00:00, 10.83it/s]

Trials:   0%|          | 0/10 [00:00<?, ?it/s]
Trials:  20%|##        | 2/10 [00:00<00:00, 12.02it/s]
Trials:  40%|####      | 4/10 [00:00<00:00, 11.97it/s]
Trials:  60%|######    | 6/10 [00:00<00:00, 11.98it/s]
Trials:  80%|########  | 8/10 [00:00<00:00, 11.73it/s]
Trials: 100%|##########| 10/10 [00:00<00:00, 11.80it/s]
Trials: 100%|##########| 10/10 [00:00<00:00, 11.84it/s]

Trials:   0%|          | 0/10 [00:00<?, ?it/s]
Trials:  20%|##        | 2/10 [00:00<00:00, 12.00it/s]
Trials:  40%|####      | 4/10 [00:00<00:00, 12.68it/s]
Trials:  60%|######    | 6/10 [00:00<00:00, 12.65it/s]
Trials:  80%|########  | 8/10 [00:00<00:00, 12.61it/s]
Trials: 100%|##########| 10/10 [00:00<00:00, 12.79it/s]
Trials: 100%|##########| 10/10 [00:00<00:00, 12.68it/s]

Trials:   0%|          | 0/10 [00:00<?, ?it/s]
Trials:  20%|##        | 2/10 [00:00<00:00, 11.56it/s]
Trials:  40%|####      | 4/10 [00:00<00:00,  9.84it/s]
Trials:  60%|######    | 6/10 [00:00<00:00,  9.75it/s]
Trials:  80%|########  | 8/10 [00:00<00:00,  9.55it/s]
Trials:  90%|######### | 9/10 [00:00<00:00,  9.23it/s]
Trials: 100%|##########| 10/10 [00:01<00:00,  8.75it/s]
Trials: 100%|##########| 10/10 [00:01<00:00,  9.30it/s]

Trials:   0%|          | 0/10 [00:00<?, ?it/s]
Trials:  10%|#         | 1/10 [00:00<00:00,  9.72it/s]
Trials:  30%|###       | 3/10 [00:00<00:00,  9.78it/s]
Trials:  50%|#####     | 5/10 [00:00<00:00, 10.61it/s]
Trials:  70%|#######   | 7/10 [00:00<00:00, 11.13it/s]
Trials:  90%|######### | 9/10 [00:00<00:00, 11.42it/s]
Trials: 100%|##########| 10/10 [00:00<00:00, 11.12it/s]

Trials:   0%|          | 0/10 [00:00<?, ?it/s]
Trials:  20%|##        | 2/10 [00:00<00:00, 11.30it/s]
Trials:  40%|####      | 4/10 [00:00<00:00, 11.55it/s]
Trials:  60%|######    | 6/10 [00:00<00:00, 11.76it/s]
Trials:  80%|########  | 8/10 [00:00<00:00, 11.84it/s]
Trials: 100%|##########| 10/10 [00:00<00:00, 11.46it/s]
Trials: 100%|##########| 10/10 [00:00<00:00, 11.55it/s]

Trials:   0%|          | 0/10 [00:00<?, ?it/s]
Trials:  20%|##        | 2/10 [00:00<00:00, 11.70it/s]
Trials:  40%|####      | 4/10 [00:00<00:00, 11.70it/s]
Trials:  60%|######    | 6/10 [00:00<00:00, 11.73it/s]
Trials:  80%|########  | 8/10 [00:00<00:00, 11.56it/s]
Trials: 100%|##########| 10/10 [00:00<00:00, 11.58it/s]
Trials: 100%|##########| 10/10 [00:00<00:00, 11.62it/s]

Trials:   0%|          | 0/10 [00:00<?, ?it/s]
Trials:  10%|#         | 1/10 [00:00<00:00,  9.15it/s]
Trials:  30%|###       | 3/10 [00:00<00:00, 10.31it/s]
Trials:  50%|#####     | 5/10 [00:00<00:00, 10.77it/s]
Trials:  70%|#######   | 7/10 [00:00<00:00, 10.02it/s]
Trials:  90%|######### | 9/10 [00:00<00:00, 10.51it/s]
Trials: 100%|##########| 10/10 [00:00<00:00, 10.52it/s]

Trials:   0%|          | 0/10 [00:00<?, ?it/s]
Trials:  20%|##        | 2/10 [00:00<00:00, 11.61it/s]
Trials:  40%|####      | 4/10 [00:00<00:00, 11.14it/s]
Trials:  60%|######    | 6/10 [00:00<00:00, 10.75it/s]
Trials:  80%|########  | 8/10 [00:00<00:00, 11.19it/s]
Trials: 100%|##########| 10/10 [00:00<00:00, 11.26it/s]
Trials: 100%|##########| 10/10 [00:00<00:00, 11.19it/s]

Trials:   0%|          | 0/10 [00:00<?, ?it/s]
Trials:  20%|##        | 2/10 [00:00<00:00,  9.87it/s]
Trials:  40%|####      | 4/10 [00:00<00:00,  9.53it/s]
Trials:  60%|######    | 6/10 [00:00<00:00,  9.99it/s]
Trials:  80%|########  | 8/10 [00:00<00:00, 10.23it/s]
Trials: 100%|##########| 10/10 [00:00<00:00, 10.54it/s]
Trials: 100%|##########| 10/10 [00:00<00:00, 10.26it/s]

Trials:   0%|          | 0/10 [00:00<?, ?it/s]
Trials:  20%|##        | 2/10 [00:00<00:00, 10.02it/s]
Trials:  40%|####      | 4/10 [00:00<00:00, 10.99it/s]
Trials:  60%|######    | 6/10 [00:00<00:00, 11.41it/s]
Trials:  80%|########  | 8/10 [00:00<00:00, 11.59it/s]
Trials: 100%|##########| 10/10 [00:00<00:00, 10.79it/s]
Trials: 100%|##########| 10/10 [00:00<00:00, 10.95it/s]

Trials:   0%|          | 0/10 [00:00<?, ?it/s]
Trials:  20%|##        | 2/10 [00:00<00:00, 11.84it/s]
Trials:  40%|####      | 4/10 [00:00<00:00, 11.62it/s]
Trials:  60%|######    | 6/10 [00:00<00:00, 11.79it/s]
Trials:  80%|########  | 8/10 [00:00<00:00, 11.90it/s]
Trials: 100%|##########| 10/10 [00:00<00:00, 11.76it/s]
Trials: 100%|##########| 10/10 [00:00<00:00, 11.78it/s]

Trials:   0%|          | 0/10 [00:00<?, ?it/s]
Trials:  10%|#         | 1/10 [00:00<00:01,  5.92it/s]
Trials:  20%|##        | 2/10 [00:00<00:01,  5.92it/s]
Trials:  30%|###       | 3/10 [00:00<00:01,  5.81it/s]
Trials:  40%|####      | 4/10 [00:00<00:01,  5.77it/s]
Trials:  50%|#####     | 5/10 [00:00<00:00,  5.83it/s]
Trials:  60%|######    | 6/10 [00:01<00:00,  5.76it/s]
Trials:  70%|#######   | 7/10 [00:01<00:00,  5.58it/s]
Trials:  80%|########  | 8/10 [00:01<00:00,  5.69it/s]
Trials:  90%|######### | 9/10 [00:01<00:00,  5.75it/s]
Trials: 100%|##########| 10/10 [00:01<00:00,  5.80it/s]
Trials: 100%|##########| 10/10 [00:01<00:00,  5.77it/s]

Trials:   0%|          | 0/10 [00:00<?, ?it/s]
Trials:  10%|#         | 1/10 [00:00<00:01,  5.65it/s]
Trials:  20%|##        | 2/10 [00:00<00:01,  5.90it/s]
Trials:  30%|###       | 3/10 [00:00<00:01,  4.90it/s]
Trials:  40%|####      | 4/10 [00:00<00:01,  4.44it/s]
Trials:  50%|#####     | 5/10 [00:01<00:01,  4.31it/s]
Trials:  60%|######    | 6/10 [00:01<00:00,  4.18it/s]
Trials:  70%|#######   | 7/10 [00:01<00:00,  4.51it/s]
Trials:  80%|########  | 8/10 [00:01<00:00,  4.90it/s]
Trials:  90%|######### | 9/10 [00:01<00:00,  5.21it/s]
Trials: 100%|##########| 10/10 [00:02<00:00,  5.36it/s]
Trials: 100%|##########| 10/10 [00:02<00:00,  4.92it/s]

Trials:   0%|          | 0/10 [00:00<?, ?it/s]
Trials:  10%|#         | 1/10 [00:00<00:01,  6.05it/s]
Trials:  20%|##        | 2/10 [00:00<00:01,  6.05it/s]
Trials:  30%|###       | 3/10 [00:00<00:01,  5.84it/s]
Trials:  40%|####      | 4/10 [00:00<00:01,  5.71it/s]
Trials:  50%|#####     | 5/10 [00:00<00:00,  5.76it/s]
Trials:  60%|######    | 6/10 [00:01<00:00,  5.78it/s]
Trials:  70%|#######   | 7/10 [00:01<00:00,  5.88it/s]
Trials:  80%|########  | 8/10 [00:01<00:00,  5.69it/s]
Trials:  90%|######### | 9/10 [00:01<00:00,  5.80it/s]
Trials: 100%|##########| 10/10 [00:01<00:00,  5.78it/s]
Trials: 100%|##########| 10/10 [00:01<00:00,  5.80it/s]

Trials:   0%|          | 0/10 [00:00<?, ?it/s]
Trials:  10%|#         | 1/10 [00:00<00:01,  5.75it/s]
Trials:  20%|##        | 2/10 [00:00<00:01,  5.74it/s]
Trials:  30%|###       | 3/10 [00:00<00:01,  5.52it/s]
Trials:  40%|####      | 4/10 [00:00<00:01,  5.60it/s]
Trials:  50%|#####     | 5/10 [00:00<00:00,  5.63it/s]
Trials:  60%|######    | 6/10 [00:01<00:00,  5.57it/s]
Trials:  70%|#######   | 7/10 [00:01<00:00,  5.63it/s]
Trials:  80%|########  | 8/10 [00:01<00:00,  5.66it/s]
Trials:  90%|######### | 9/10 [00:01<00:00,  5.68it/s]
Trials: 100%|##########| 10/10 [00:01<00:00,  5.63it/s]
Trials: 100%|##########| 10/10 [00:01<00:00,  5.63it/s]

Trials:   0%|          | 0/10 [00:00<?, ?it/s]
Trials:  10%|#         | 1/10 [00:00<00:01,  5.96it/s]
Trials:  20%|##        | 2/10 [00:00<00:01,  5.75it/s]
Trials:  30%|###       | 3/10 [00:00<00:01,  5.82it/s]
Trials:  40%|####      | 4/10 [00:00<00:01,  5.91it/s]
Trials:  50%|#####     | 5/10 [00:00<00:00,  5.84it/s]
Trials:  60%|######    | 6/10 [00:01<00:00,  5.81it/s]
Trials:  70%|#######   | 7/10 [00:01<00:00,  5.63it/s]
Trials:  80%|########  | 8/10 [00:01<00:00,  5.72it/s]
Trials:  90%|######### | 9/10 [00:01<00:00,  5.71it/s]
Trials: 100%|##########| 10/10 [00:01<00:00,  5.77it/s]
Trials: 100%|##########| 10/10 [00:01<00:00,  5.77it/s]

Trials:   0%|          | 0/10 [00:00<?, ?it/s]
Trials:  10%|#         | 1/10 [00:00<00:01,  5.91it/s]
Trials:  20%|##        | 2/10 [00:00<00:01,  5.74it/s]
Trials:  30%|###       | 3/10 [00:00<00:01,  5.78it/s]
Trials:  40%|####      | 4/10 [00:00<00:01,  5.71it/s]
Trials:  50%|#####     | 5/10 [00:00<00:00,  5.68it/s]
Trials:  60%|######    | 6/10 [00:01<00:00,  5.73it/s]
Trials:  70%|#######   | 7/10 [00:01<00:00,  5.61it/s]
Trials:  80%|########  | 8/10 [00:01<00:00,  5.51it/s]
Trials:  90%|######### | 9/10 [00:01<00:00,  5.61it/s]
Trials: 100%|##########| 10/10 [00:01<00:00,  5.21it/s]
Trials: 100%|##########| 10/10 [00:01<00:00,  5.51it/s]

Trials:   0%|          | 0/10 [00:00<?, ?it/s]
Trials:  10%|#         | 1/10 [00:00<00:02,  3.72it/s]
Trials:  20%|##        | 2/10 [00:00<00:02,  3.62it/s]
Trials:  30%|###       | 3/10 [00:00<00:01,  3.50it/s]
Trials:  40%|####      | 4/10 [00:01<00:01,  3.49it/s]
Trials:  50%|#####     | 5/10 [00:01<00:01,  3.80it/s]
Trials:  60%|######    | 6/10 [00:01<00:00,  4.09it/s]
Trials:  70%|#######   | 7/10 [00:01<00:00,  4.31it/s]
Trials:  80%|########  | 8/10 [00:01<00:00,  4.45it/s]
Trials:  90%|######### | 9/10 [00:02<00:00,  4.37it/s]
Trials: 100%|##########| 10/10 [00:02<00:00,  4.46it/s]
Trials: 100%|##########| 10/10 [00:02<00:00,  4.11it/s]

Trials:   0%|          | 0/10 [00:00<?, ?it/s]
Trials:  10%|#         | 1/10 [00:00<00:01,  5.73it/s]
Trials:  20%|##        | 2/10 [00:00<00:01,  5.71it/s]
Trials:  30%|###       | 3/10 [00:00<00:01,  5.54it/s]
Trials:  40%|####      | 4/10 [00:00<00:01,  5.63it/s]
Trials:  50%|#####     | 5/10 [00:00<00:00,  5.84it/s]
Trials:  60%|######    | 6/10 [00:01<00:00,  5.79it/s]
Trials:  70%|#######   | 7/10 [00:01<00:00,  5.68it/s]
Trials:  80%|########  | 8/10 [00:01<00:00,  5.58it/s]
Trials:  90%|######### | 9/10 [00:01<00:00,  5.65it/s]
Trials: 100%|##########| 10/10 [00:01<00:00,  5.67it/s]
Trials: 100%|##########| 10/10 [00:01<00:00,  5.68it/s]

Trials:   0%|          | 0/10 [00:00<?, ?it/s]
Trials:  10%|#         | 1/10 [00:00<00:01,  5.76it/s]
Trials:  20%|##        | 2/10 [00:00<00:01,  5.74it/s]
Trials:  30%|###       | 3/10 [00:00<00:01,  5.58it/s]
Trials:  40%|####      | 4/10 [00:00<00:01,  5.64it/s]
Trials:  50%|#####     | 5/10 [00:00<00:00,  5.66it/s]
Trials:  60%|######    | 6/10 [00:01<00:00,  5.69it/s]
Trials:  70%|#######   | 7/10 [00:01<00:00,  5.62it/s]
Trials:  80%|########  | 8/10 [00:01<00:00,  5.67it/s]
Trials:  90%|######### | 9/10 [00:01<00:00,  5.70it/s]
Trials: 100%|##########| 10/10 [00:01<00:00,  5.70it/s]
Trials: 100%|##########| 10/10 [00:01<00:00,  5.68it/s]

Trials:   0%|          | 0/10 [00:00<?, ?it/s]
Trials:  10%|#         | 1/10 [00:00<00:01,  5.32it/s]
Trials:  20%|##        | 2/10 [00:00<00:01,  5.45it/s]
Trials:  30%|###       | 3/10 [00:00<00:01,  5.50it/s]
Trials:  40%|####      | 4/10 [00:00<00:01,  5.53it/s]
Trials:  50%|#####     | 5/10 [00:00<00:00,  5.43it/s]
Trials:  60%|######    | 6/10 [00:01<00:00,  5.49it/s]
Trials:  70%|#######   | 7/10 [00:01<00:00,  5.52it/s]
Trials:  80%|########  | 8/10 [00:01<00:00,  5.55it/s]
Trials:  90%|######### | 9/10 [00:01<00:00,  5.43it/s]
Trials: 100%|##########| 10/10 [00:01<00:00,  5.46it/s]
Trials: 100%|##########| 10/10 [00:01<00:00,  5.47it/s]

Trials:   0%|          | 0/10 [00:00<?, ?it/s]
Trials:  10%|#         | 1/10 [00:00<00:01,  5.78it/s]
Trials:  20%|##        | 2/10 [00:00<00:01,  5.61it/s]
Trials:  30%|###       | 3/10 [00:00<00:01,  5.40it/s]
Trials:  40%|####      | 4/10 [00:00<00:01,  5.65it/s]
Trials:  50%|#####     | 5/10 [00:00<00:00,  5.75it/s]
Trials:  60%|######    | 6/10 [00:01<00:00,  5.73it/s]
Trials:  70%|#######   | 7/10 [00:01<00:00,  5.70it/s]
Trials:  80%|########  | 8/10 [00:01<00:00,  5.77it/s]
Trials:  90%|######### | 9/10 [00:01<00:00,  5.81it/s]
Trials: 100%|##########| 10/10 [00:01<00:00,  5.82it/s]
Trials: 100%|##########| 10/10 [00:01<00:00,  5.74it/s]

Trials:   0%|          | 0/10 [00:00<?, ?it/s]
Trials:  10%|#         | 1/10 [00:00<00:01,  5.57it/s]
Trials:  20%|##        | 2/10 [00:00<00:01,  5.75it/s]
Trials:  30%|###       | 3/10 [00:00<00:01,  5.62it/s]
Trials:  40%|####      | 4/10 [00:00<00:01,  5.73it/s]
Trials:  50%|#####     | 5/10 [00:00<00:00,  5.68it/s]
Trials:  60%|######    | 6/10 [00:01<00:00,  5.67it/s]
Trials:  70%|#######   | 7/10 [00:01<00:00,  5.75it/s]
Trials:  80%|########  | 8/10 [00:01<00:00,  5.85it/s]
Trials:  90%|######### | 9/10 [00:01<00:00,  5.90it/s]
Trials: 100%|##########| 10/10 [00:01<00:00,  5.73it/s]
Trials: 100%|##########| 10/10 [00:01<00:00,  5.74it/s]

Trials:   0%|          | 0/10 [00:00<?, ?it/s]
Trials:  10%|#         | 1/10 [00:00<00:01,  5.59it/s]
Trials:  20%|##        | 2/10 [00:00<00:01,  5.57it/s]
Trials:  30%|###       | 3/10 [00:00<00:01,  5.56it/s]
Trials:  40%|####      | 4/10 [00:00<00:01,  5.46it/s]
Trials:  50%|#####     | 5/10 [00:00<00:00,  5.51it/s]
Trials:  60%|######    | 6/10 [00:01<00:00,  5.54it/s]
Trials:  70%|#######   | 7/10 [00:01<00:00,  5.52it/s]
Trials:  80%|########  | 8/10 [00:01<00:00,  5.05it/s]
Trials:  90%|######### | 9/10 [00:01<00:00,  5.22it/s]
Trials: 100%|##########| 10/10 [00:01<00:00,  5.32it/s]
Trials: 100%|##########| 10/10 [00:01<00:00,  5.38it/s]

Trials:   0%|          | 0/10 [00:00<?, ?it/s]
Trials:  10%|#         | 1/10 [00:00<00:01,  5.84it/s]
Trials:  20%|##        | 2/10 [00:00<00:01,  5.59it/s]
Trials:  30%|###       | 3/10 [00:00<00:01,  5.60it/s]
Trials:  40%|####      | 4/10 [00:00<00:01,  5.68it/s]
Trials:  50%|#####     | 5/10 [00:00<00:00,  5.62it/s]
Trials:  60%|######    | 6/10 [00:01<00:00,  5.68it/s]
Trials:  70%|#######   | 7/10 [00:01<00:00,  5.79it/s]
Trials:  80%|########  | 8/10 [00:01<00:00,  5.85it/s]
Trials:  90%|######### | 9/10 [00:01<00:00,  5.84it/s]
Trials: 100%|##########| 10/10 [00:01<00:00,  5.69it/s]
Trials: 100%|##########| 10/10 [00:01<00:00,  5.71it/s]

Trials:   0%|          | 0/10 [00:00<?, ?it/s]
Trials:  10%|#         | 1/10 [00:00<00:01,  5.82it/s]
Trials:  20%|##        | 2/10 [00:00<00:01,  5.88it/s]
Trials:  30%|###       | 3/10 [00:00<00:01,  5.90it/s]
Trials:  40%|####      | 4/10 [00:00<00:01,  5.80it/s]
Trials:  50%|#####     | 5/10 [00:00<00:00,  5.60it/s]
Trials:  60%|######    | 6/10 [00:01<00:00,  5.41it/s]
Trials:  70%|#######   | 7/10 [00:01<00:00,  5.35it/s]
Trials:  80%|########  | 8/10 [00:01<00:00,  5.27it/s]
Trials:  90%|######### | 9/10 [00:01<00:00,  5.25it/s]
Trials: 100%|##########| 10/10 [00:01<00:00,  5.31it/s]
Trials: 100%|##########| 10/10 [00:01<00:00,  5.45it/s]

Trials:   0%|          | 0/10 [00:00<?, ?it/s]
Trials:  10%|#         | 1/10 [00:00<00:01,  4.70it/s]
Trials:  20%|##        | 2/10 [00:00<00:01,  5.24it/s]
Trials:  30%|###       | 3/10 [00:00<00:01,  5.12it/s]
Trials:  40%|####      | 4/10 [00:00<00:01,  5.32it/s]
Trials:  50%|#####     | 5/10 [00:00<00:00,  5.39it/s]
Trials:  60%|######    | 6/10 [00:01<00:00,  5.13it/s]
Trials:  70%|#######   | 7/10 [00:01<00:00,  5.31it/s]
Trials:  80%|########  | 8/10 [00:01<00:00,  5.38it/s]
Trials:  90%|######### | 9/10 [00:01<00:00,  5.43it/s]
Trials: 100%|##########| 10/10 [00:01<00:00,  5.50it/s]
Trials: 100%|##########| 10/10 [00:01<00:00,  5.34it/s]

Trials:   0%|          | 0/10 [00:00<?, ?it/s]
Trials:  10%|#         | 1/10 [00:00<00:01,  5.42it/s]
Trials:  20%|##        | 2/10 [00:00<00:01,  5.59it/s]
Trials:  30%|###       | 3/10 [00:00<00:01,  5.78it/s]
Trials:  40%|####      | 4/10 [00:00<00:01,  5.87it/s]
Trials:  50%|#####     | 5/10 [00:00<00:00,  5.80it/s]
Trials:  60%|######    | 6/10 [00:01<00:00,  5.86it/s]
Trials:  70%|#######   | 7/10 [00:01<00:00,  5.89it/s]
Trials:  80%|########  | 8/10 [00:01<00:00,  5.95it/s]
Trials:  90%|######### | 9/10 [00:01<00:00,  5.83it/s]
Trials: 100%|##########| 10/10 [00:01<00:00,  5.79it/s]
Trials: 100%|##########| 10/10 [00:01<00:00,  5.81it/s]

Trials:   0%|          | 0/10 [00:00<?, ?it/s]
Trials:  10%|#         | 1/10 [00:00<00:01,  6.35it/s]
Trials:  20%|##        | 2/10 [00:00<00:01,  6.18it/s]
Trials:  30%|###       | 3/10 [00:00<00:01,  6.06it/s]
Trials:  40%|####      | 4/10 [00:00<00:01,  5.92it/s]
Trials:  50%|#####     | 5/10 [00:00<00:00,  5.97it/s]
Trials:  60%|######    | 6/10 [00:01<00:00,  5.57it/s]
Trials:  70%|#######   | 7/10 [00:01<00:00,  5.22it/s]
Trials:  80%|########  | 8/10 [00:01<00:00,  5.13it/s]
Trials:  90%|######### | 9/10 [00:01<00:00,  4.74it/s]
Trials: 100%|##########| 10/10 [00:01<00:00,  4.76it/s]
Trials: 100%|##########| 10/10 [00:01<00:00,  5.25it/s]

Trials:   0%|          | 0/10 [00:00<?, ?it/s]
Trials:  10%|#         | 1/10 [00:00<00:01,  5.58it/s]
Trials:  20%|##        | 2/10 [00:00<00:01,  5.67it/s]
Trials:  30%|###       | 3/10 [00:00<00:01,  5.57it/s]
Trials:  40%|####      | 4/10 [00:00<00:01,  5.63it/s]
Trials:  50%|#####     | 5/10 [00:00<00:00,  5.68it/s]
Trials:  60%|######    | 6/10 [00:01<00:00,  5.58it/s]
Trials:  70%|#######   | 7/10 [00:01<00:00,  5.64it/s]
Trials:  80%|########  | 8/10 [00:01<00:00,  5.66it/s]
Trials:  90%|######### | 9/10 [00:01<00:00,  5.68it/s]
Trials: 100%|##########| 10/10 [00:01<00:00,  5.38it/s]
Trials: 100%|##########| 10/10 [00:01<00:00,  5.55it/s]

Trials:   0%|          | 0/10 [00:00<?, ?it/s]
Trials:  10%|#         | 1/10 [00:00<00:01,  5.86it/s]
Trials:  20%|##        | 2/10 [00:00<00:01,  5.80it/s]
Trials:  30%|###       | 3/10 [00:00<00:01,  5.84it/s]
Trials:  40%|####      | 4/10 [00:00<00:01,  5.69it/s]
Trials:  50%|#####     | 5/10 [00:00<00:00,  5.76it/s]
Trials:  60%|######    | 6/10 [00:01<00:00,  5.67it/s]
Trials:  70%|#######   | 7/10 [00:01<00:00,  5.74it/s]
Trials:  80%|########  | 8/10 [00:01<00:00,  5.53it/s]
Trials:  90%|######### | 9/10 [00:01<00:00,  5.21it/s]
Trials: 100%|##########| 10/10 [00:01<00:00,  5.10it/s]
Trials: 100%|##########| 10/10 [00:01<00:00,  5.45it/s]

Trials:   0%|          | 0/10 [00:00<?, ?it/s]
Trials:  10%|#         | 1/10 [00:00<00:01,  4.75it/s]
Trials:  20%|##        | 2/10 [00:00<00:01,  4.64it/s]
Trials:  30%|###       | 3/10 [00:00<00:01,  5.06it/s]
Trials:  40%|####      | 4/10 [00:00<00:01,  5.26it/s]
Trials:  50%|#####     | 5/10 [00:00<00:00,  5.48it/s]
Trials:  60%|######    | 6/10 [00:01<00:00,  5.61it/s]
Trials:  70%|#######   | 7/10 [00:01<00:00,  5.71it/s]
Trials:  80%|########  | 8/10 [00:01<00:00,  5.60it/s]
Trials:  90%|######### | 9/10 [00:01<00:00,  5.57it/s]
Trials: 100%|##########| 10/10 [00:01<00:00,  5.64it/s]
Trials: 100%|##########| 10/10 [00:01<00:00,  5.46it/s]

Trials:   0%|          | 0/10 [00:00<?, ?it/s]
Trials:  10%|#         | 1/10 [00:00<00:01,  5.30it/s]
Trials:  20%|##        | 2/10 [00:00<00:01,  5.05it/s]
Trials:  30%|###       | 3/10 [00:00<00:01,  5.11it/s]
Trials:  40%|####      | 4/10 [00:00<00:01,  5.19it/s]
Trials:  50%|#####     | 5/10 [00:00<00:00,  5.13it/s]
Trials:  60%|######    | 6/10 [00:01<00:00,  5.21it/s]
Trials:  70%|#######   | 7/10 [00:01<00:00,  5.27it/s]
Trials:  80%|########  | 8/10 [00:01<00:00,  5.27it/s]
Trials:  90%|######### | 9/10 [00:01<00:00,  5.17it/s]
Trials: 100%|##########| 10/10 [00:01<00:00,  5.20it/s]
Trials: 100%|##########| 10/10 [00:01<00:00,  5.19it/s]

Trials:   0%|          | 0/10 [00:00<?, ?it/s]
Trials:  10%|#         | 1/10 [00:00<00:01,  5.81it/s]
Trials:  20%|##        | 2/10 [00:00<00:01,  5.78it/s]
Trials:  30%|###       | 3/10 [00:00<00:01,  5.63it/s]
Trials:  40%|####      | 4/10 [00:00<00:01,  5.68it/s]
Trials:  50%|#####     | 5/10 [00:00<00:00,  5.72it/s]
Trials:  60%|######    | 6/10 [00:01<00:00,  5.68it/s]
Trials:  70%|#######   | 7/10 [00:01<00:00,  5.70it/s]
Trials:  80%|########  | 8/10 [00:01<00:00,  5.65it/s]
Trials:  90%|######### | 9/10 [00:01<00:00,  5.64it/s]
Trials: 100%|##########| 10/10 [00:01<00:00,  5.67it/s]
Trials: 100%|##########| 10/10 [00:01<00:00,  5.68it/s]

Trials:   0%|          | 0/10 [00:00<?, ?it/s]
Trials:  10%|#         | 1/10 [00:00<00:01,  5.13it/s]
Trials:  20%|##        | 2/10 [00:00<00:01,  5.48it/s]
Trials:  30%|###       | 3/10 [00:00<00:01,  5.58it/s]
Trials:  40%|####      | 4/10 [00:00<00:01,  5.67it/s]
Trials:  50%|#####     | 5/10 [00:00<00:00,  5.74it/s]
Trials:  60%|######    | 6/10 [00:01<00:00,  5.57it/s]
Trials:  70%|#######   | 7/10 [00:01<00:00,  5.67it/s]
Trials:  80%|########  | 8/10 [00:01<00:00,  5.70it/s]
Trials:  90%|######### | 9/10 [00:01<00:00,  5.75it/s]
Trials: 100%|##########| 10/10 [00:01<00:00,  5.75it/s]
Trials: 100%|##########| 10/10 [00:01<00:00,  5.67it/s]

Trials:   0%|          | 0/10 [00:00<?, ?it/s]
Trials:  10%|#         | 1/10 [00:00<00:01,  5.47it/s]
Trials:  20%|##        | 2/10 [00:00<00:01,  5.55it/s]
Trials:  30%|###       | 3/10 [00:00<00:01,  5.59it/s]
Trials:  40%|####      | 4/10 [00:00<00:01,  5.44it/s]
Trials:  50%|#####     | 5/10 [00:00<00:00,  5.50it/s]
Trials:  60%|######    | 6/10 [00:01<00:00,  5.54it/s]
Trials:  70%|#######   | 7/10 [00:01<00:00,  5.50it/s]
Trials:  80%|########  | 8/10 [00:01<00:00,  5.47it/s]
Trials:  90%|######### | 9/10 [00:01<00:00,  5.50it/s]
Trials: 100%|##########| 10/10 [00:01<00:00,  5.52it/s]
Trials: 100%|##########| 10/10 [00:01<00:00,  5.51it/s]

Trials:   0%|          | 0/10 [00:00<?, ?it/s]
Trials:  10%|#         | 1/10 [00:00<00:01,  5.73it/s]
Trials:  20%|##        | 2/10 [00:00<00:01,  5.83it/s]
Trials:  30%|###       | 3/10 [00:00<00:01,  5.97it/s]
Trials:  40%|####      | 4/10 [00:00<00:00,  6.15it/s]
Trials:  50%|#####     | 5/10 [00:00<00:00,  6.27it/s]
Trials:  60%|######    | 6/10 [00:00<00:00,  6.33it/s]
Trials:  70%|#######   | 7/10 [00:01<00:00,  6.37it/s]
Trials:  80%|########  | 8/10 [00:01<00:00,  6.43it/s]
Trials:  90%|######### | 9/10 [00:01<00:00,  6.46it/s]
Trials: 100%|##########| 10/10 [00:01<00:00,  6.47it/s]
Trials: 100%|##########| 10/10 [00:01<00:00,  6.31it/s]

Trials:   0%|          | 0/10 [00:00<?, ?it/s]
Trials:  10%|#         | 1/10 [00:00<00:01,  5.95it/s]
Trials:  20%|##        | 2/10 [00:00<00:01,  5.94it/s]
Trials:  30%|###       | 3/10 [00:00<00:01,  5.78it/s]
Trials:  40%|####      | 4/10 [00:00<00:01,  5.83it/s]
Trials:  50%|#####     | 5/10 [00:00<00:00,  5.87it/s]
Trials:  60%|######    | 6/10 [00:01<00:00,  5.89it/s]
Trials:  70%|#######   | 7/10 [00:01<00:00,  5.60it/s]
Trials:  80%|########  | 8/10 [00:01<00:00,  5.71it/s]
Trials:  90%|######### | 9/10 [00:01<00:00,  5.76it/s]
Trials: 100%|##########| 10/10 [00:01<00:00,  5.80it/s]
Trials: 100%|##########| 10/10 [00:01<00:00,  5.79it/s]

Trials:   0%|          | 0/10 [00:00<?, ?it/s]
Trials:  10%|#         | 1/10 [00:00<00:01,  5.26it/s]
Trials:  20%|##        | 2/10 [00:00<00:01,  5.24it/s]
Trials:  30%|###       | 3/10 [00:00<00:01,  5.26it/s]
Trials:  40%|####      | 4/10 [00:00<00:01,  5.26it/s]
Trials:  50%|#####     | 5/10 [00:00<00:00,  5.20it/s]
Trials:  60%|######    | 6/10 [00:01<00:00,  5.33it/s]
Trials:  70%|#######   | 7/10 [00:01<00:00,  5.43it/s]
Trials:  80%|########  | 8/10 [00:01<00:00,  5.35it/s]
Trials:  90%|######### | 9/10 [00:01<00:00,  5.41it/s]
Trials: 100%|##########| 10/10 [00:01<00:00,  5.48it/s]
Trials: 100%|##########| 10/10 [00:01<00:00,  5.37it/s]

Trials:   0%|          | 0/10 [00:00<?, ?it/s]
Trials:  10%|#         | 1/10 [00:00<00:01,  5.68it/s]
Trials:  20%|##        | 2/10 [00:00<00:01,  5.57it/s]
Trials:  30%|###       | 3/10 [00:00<00:01,  5.72it/s]
Trials:  40%|####      | 4/10 [00:00<00:01,  5.80it/s]
Trials:  50%|#####     | 5/10 [00:00<00:00,  5.77it/s]
Trials:  60%|######    | 6/10 [00:01<00:00,  5.57it/s]
Trials:  70%|#######   | 7/10 [00:01<00:00,  5.69it/s]
Trials:  80%|########  | 8/10 [00:01<00:00,  5.77it/s]
Trials:  90%|######### | 9/10 [00:01<00:00,  5.83it/s]
Trials: 100%|##########| 10/10 [00:01<00:00,  5.76it/s]
Trials: 100%|##########| 10/10 [00:01<00:00,  5.73it/s]

Trials:   0%|          | 0/10 [00:00<?, ?it/s]
Trials:  10%|#         | 1/10 [00:00<00:01,  5.52it/s]
Trials:  20%|##        | 2/10 [00:00<00:01,  5.69it/s]
Trials:  30%|###       | 3/10 [00:00<00:01,  5.81it/s]
Trials:  40%|####      | 4/10 [00:00<00:01,  5.69it/s]
Trials:  50%|#####     | 5/10 [00:00<00:00,  5.78it/s]
Trials:  60%|######    | 6/10 [00:01<00:00,  5.83it/s]
Trials:  70%|#######   | 7/10 [00:01<00:00,  5.87it/s]
Trials:  80%|########  | 8/10 [00:01<00:00,  5.77it/s]
Trials:  90%|######### | 9/10 [00:01<00:00,  5.84it/s]
Trials: 100%|##########| 10/10 [00:01<00:00,  5.74it/s]
Trials: 100%|##########| 10/10 [00:01<00:00,  5.77it/s]

Trials:   0%|          | 0/10 [00:00<?, ?it/s]
Trials:  10%|#         | 1/10 [00:00<00:01,  5.95it/s]
Trials:  20%|##        | 2/10 [00:00<00:01,  5.68it/s]
Trials:  30%|###       | 3/10 [00:00<00:01,  5.81it/s]
Trials:  40%|####      | 4/10 [00:00<00:01,  5.69it/s]
Trials:  50%|#####     | 5/10 [00:00<00:00,  5.77it/s]
Trials:  60%|######    | 6/10 [00:01<00:00,  5.72it/s]
Trials:  70%|#######   | 7/10 [00:01<00:00,  5.71it/s]
Trials:  80%|########  | 8/10 [00:01<00:00,  5.78it/s]
Trials:  90%|######### | 9/10 [00:01<00:00,  5.60it/s]
Trials: 100%|##########| 10/10 [00:01<00:00,  5.57it/s]
Trials: 100%|##########| 10/10 [00:01<00:00,  5.68it/s]

Trials:   0%|          | 0/10 [00:00<?, ?it/s]
Trials:  10%|#         | 1/10 [00:00<00:01,  6.07it/s]
Trials:  20%|##        | 2/10 [00:00<00:01,  6.05it/s]
Trials:  30%|###       | 3/10 [00:00<00:01,  5.87it/s]
Trials:  40%|####      | 4/10 [00:00<00:01,  5.88it/s]
Trials:  50%|#####     | 5/10 [00:00<00:00,  5.80it/s]
Trials:  60%|######    | 6/10 [00:01<00:00,  5.88it/s]
Trials:  70%|#######   | 7/10 [00:01<00:00,  5.95it/s]
Trials:  80%|########  | 8/10 [00:01<00:00,  5.82it/s]
Trials:  90%|######### | 9/10 [00:01<00:00,  5.88it/s]
Trials: 100%|##########| 10/10 [00:01<00:00,  5.92it/s]
Trials: 100%|##########| 10/10 [00:01<00:00,  5.90it/s]

Trials:   0%|          | 0/10 [00:00<?, ?it/s]
Trials:  10%|#         | 1/10 [00:00<00:01,  6.06it/s]
Trials:  20%|##        | 2/10 [00:00<00:01,  6.06it/s]
Trials:  30%|###       | 3/10 [00:00<00:01,  5.73it/s]
Trials:  40%|####      | 4/10 [00:00<00:01,  5.78it/s]
Trials:  50%|#####     | 5/10 [00:00<00:00,  5.88it/s]
Trials:  60%|######    | 6/10 [00:01<00:00,  5.94it/s]
Trials:  70%|#######   | 7/10 [00:01<00:00,  5.75it/s]
Trials:  80%|########  | 8/10 [00:01<00:00,  5.74it/s]
Trials:  90%|######### | 9/10 [00:01<00:00,  5.83it/s]
Trials: 100%|##########| 10/10 [00:01<00:00,  5.90it/s]
Trials: 100%|##########| 10/10 [00:01<00:00,  5.86it/s]

Trials:   0%|          | 0/10 [00:00<?, ?it/s]
Trials:  10%|#         | 1/10 [00:00<00:01,  5.59it/s]
Trials:  20%|##        | 2/10 [00:00<00:01,  5.38it/s]
Trials:  30%|###       | 3/10 [00:00<00:01,  5.55it/s]
Trials:  40%|####      | 4/10 [00:00<00:01,  5.63it/s]
Trials:  50%|#####     | 5/10 [00:00<00:00,  5.65it/s]
Trials:  60%|######    | 6/10 [00:01<00:00,  5.59it/s]
Trials:  70%|#######   | 7/10 [00:01<00:00,  5.63it/s]
Trials:  80%|########  | 8/10 [00:01<00:00,  5.62it/s]
Trials:  90%|######### | 9/10 [00:01<00:00,  5.61it/s]
Trials: 100%|##########| 10/10 [00:01<00:00,  5.53it/s]
Trials: 100%|##########| 10/10 [00:01<00:00,  5.57it/s]

Trials:   0%|          | 0/10 [00:00<?, ?it/s]
Trials:  10%|#         | 1/10 [00:00<00:01,  5.89it/s]
Trials:  20%|##        | 2/10 [00:00<00:01,  5.82it/s]
Trials:  30%|###       | 3/10 [00:00<00:01,  5.72it/s]
Trials:  40%|####      | 4/10 [00:00<00:01,  5.61it/s]
Trials:  50%|#####     | 5/10 [00:00<00:00,  5.71it/s]
Trials:  60%|######    | 6/10 [00:01<00:00,  5.73it/s]
Trials:  70%|#######   | 7/10 [00:01<00:00,  5.68it/s]
Trials:  80%|########  | 8/10 [00:01<00:00,  5.65it/s]
Trials:  90%|######### | 9/10 [00:01<00:00,  5.64it/s]
Trials: 100%|##########| 10/10 [00:01<00:00,  5.73it/s]
Trials: 100%|##########| 10/10 [00:01<00:00,  5.71it/s]

Trials:   0%|          | 0/10 [00:00<?, ?it/s]
Trials:  10%|#         | 1/10 [00:00<00:01,  5.43it/s]
Trials:  20%|##        | 2/10 [00:00<00:01,  5.69it/s]
Trials:  30%|###       | 3/10 [00:00<00:01,  5.80it/s]
Trials:  40%|####      | 4/10 [00:00<00:01,  5.82it/s]
Trials:  50%|#####     | 5/10 [00:00<00:00,  5.69it/s]
Trials:  60%|######    | 6/10 [00:01<00:00,  5.57it/s]
Trials:  70%|#######   | 7/10 [00:01<00:00,  5.67it/s]
Trials:  80%|########  | 8/10 [00:01<00:00,  5.76it/s]
Trials:  90%|######### | 9/10 [00:01<00:00,  5.83it/s]
Trials: 100%|##########| 10/10 [00:01<00:00,  5.61it/s]
Trials: 100%|##########| 10/10 [00:01<00:00,  5.68it/s]

Trials:   0%|          | 0/10 [00:00<?, ?it/s]
Trials:  10%|#         | 1/10 [00:00<00:01,  5.70it/s]
Trials:  20%|##        | 2/10 [00:00<00:01,  5.71it/s]
Trials:  30%|###       | 3/10 [00:00<00:01,  5.62it/s]
Trials:  40%|####      | 4/10 [00:00<00:01,  5.57it/s]
Trials:  50%|#####     | 5/10 [00:00<00:00,  5.71it/s]
Trials:  60%|######    | 6/10 [00:01<00:00,  5.63it/s]
Trials:  70%|#######   | 7/10 [00:01<00:00,  5.65it/s]
Trials:  80%|########  | 8/10 [00:01<00:00,  5.55it/s]
Trials:  90%|######### | 9/10 [00:01<00:00,  5.61it/s]
Trials: 100%|##########| 10/10 [00:01<00:00,  5.57it/s]
Trials: 100%|##########| 10/10 [00:01<00:00,  5.61it/s]

Trials:   0%|          | 0/10 [00:00<?, ?it/s]
Trials:  10%|#         | 1/10 [00:00<00:01,  5.37it/s]
Trials:  20%|##        | 2/10 [00:00<00:01,  5.50it/s]
Trials:  30%|###       | 3/10 [00:00<00:01,  5.66it/s]
Trials:  40%|####      | 4/10 [00:00<00:01,  5.72it/s]
Trials:  50%|#####     | 5/10 [00:00<00:00,  5.63it/s]
Trials:  60%|######    | 6/10 [00:01<00:00,  5.71it/s]
Trials:  70%|#######   | 7/10 [00:01<00:00,  5.74it/s]
Trials:  80%|########  | 8/10 [00:01<00:00,  5.79it/s]
Trials:  90%|######### | 9/10 [00:01<00:00,  5.69it/s]
Trials: 100%|##########| 10/10 [00:01<00:00,  5.73it/s]
Trials: 100%|##########| 10/10 [00:01<00:00,  5.69it/s]

Trials:   0%|          | 0/10 [00:00<?, ?it/s]
Trials:  10%|#         | 1/10 [00:00<00:01,  5.93it/s]
Trials:  20%|##        | 2/10 [00:00<00:01,  5.93it/s]
Trials:  30%|###       | 3/10 [00:00<00:01,  5.78it/s]
Trials:  40%|####      | 4/10 [00:00<00:01,  5.62it/s]
Trials:  50%|#####     | 5/10 [00:00<00:00,  5.65it/s]
Trials:  60%|######    | 6/10 [00:01<00:00,  5.70it/s]
Trials:  70%|#######   | 7/10 [00:01<00:00,  5.76it/s]
Trials:  80%|########  | 8/10 [00:01<00:00,  5.59it/s]
Trials:  90%|######### | 9/10 [00:01<00:00,  5.61it/s]
Trials: 100%|##########| 10/10 [00:01<00:00,  5.69it/s]
Trials: 100%|##########| 10/10 [00:01<00:00,  5.70it/s]

Trials:   0%|          | 0/10 [00:00<?, ?it/s]
Trials:  10%|#         | 1/10 [00:00<00:01,  5.54it/s]
Trials:  20%|##        | 2/10 [00:00<00:01,  5.48it/s]
Trials:  30%|###       | 3/10 [00:00<00:01,  5.56it/s]
Trials:  40%|####      | 4/10 [00:00<00:01,  5.62it/s]
Trials:  50%|#####     | 5/10 [00:00<00:00,  5.66it/s]
Trials:  60%|######    | 6/10 [00:01<00:00,  5.54it/s]
Trials:  70%|#######   | 7/10 [00:01<00:00,  5.56it/s]
Trials:  80%|########  | 8/10 [00:01<00:00,  5.59it/s]
Trials:  90%|######### | 9/10 [00:01<00:00,  5.56it/s]
Trials: 100%|##########| 10/10 [00:01<00:00,  5.53it/s]
Trials: 100%|##########| 10/10 [00:01<00:00,  5.56it/s]

Trials:   0%|          | 0/10 [00:00<?, ?it/s]
Trials:  10%|#         | 1/10 [00:00<00:01,  5.94it/s]
Trials:  20%|##        | 2/10 [00:00<00:01,  5.89it/s]
Trials:  30%|###       | 3/10 [00:00<00:01,  5.51it/s]
Trials:  40%|####      | 4/10 [00:00<00:01,  5.67it/s]
Trials:  50%|#####     | 5/10 [00:00<00:00,  5.76it/s]
Trials:  60%|######    | 6/10 [00:01<00:00,  5.82it/s]
Trials:  70%|#######   | 7/10 [00:01<00:00,  5.76it/s]
Trials:  80%|########  | 8/10 [00:01<00:00,  5.81it/s]
Trials:  90%|######### | 9/10 [00:01<00:00,  5.78it/s]
Trials: 100%|##########| 10/10 [00:01<00:00,  5.80it/s]
Trials: 100%|##########| 10/10 [00:01<00:00,  5.77it/s]

Trials:   0%|          | 0/10 [00:00<?, ?it/s]
Trials:  10%|#         | 1/10 [00:00<00:01,  5.64it/s]
Trials:  20%|##        | 2/10 [00:00<00:01,  5.66it/s]
Trials:  30%|###       | 3/10 [00:00<00:01,  5.79it/s]
Trials:  40%|####      | 4/10 [00:00<00:01,  5.82it/s]
Trials:  50%|#####     | 5/10 [00:00<00:00,  5.85it/s]
Trials:  60%|######    | 6/10 [00:01<00:00,  5.77it/s]
Trials:  70%|#######   | 7/10 [00:01<00:00,  5.76it/s]
Trials:  80%|########  | 8/10 [00:01<00:00,  5.66it/s]
Trials:  90%|######### | 9/10 [00:01<00:00,  5.69it/s]
Trials: 100%|##########| 10/10 [00:01<00:00,  5.63it/s]
Trials: 100%|##########| 10/10 [00:01<00:00,  5.71it/s]

Trials:   0%|          | 0/10 [00:00<?, ?it/s]
Trials:  10%|#         | 1/10 [00:00<00:01,  5.65it/s]
Trials:  20%|##        | 2/10 [00:00<00:01,  5.66it/s]
Trials:  30%|###       | 3/10 [00:00<00:01,  5.47it/s]
Trials:  40%|####      | 4/10 [00:00<00:01,  5.53it/s]
Trials:  50%|#####     | 5/10 [00:00<00:00,  5.49it/s]
Trials:  60%|######    | 6/10 [00:01<00:00,  5.45it/s]
Trials:  70%|#######   | 7/10 [00:01<00:00,  5.39it/s]
Trials:  80%|########  | 8/10 [00:01<00:00,  5.42it/s]
Trials:  90%|######### | 9/10 [00:01<00:00,  5.50it/s]
Trials: 100%|##########| 10/10 [00:01<00:00,  5.54it/s]
Trials: 100%|##########| 10/10 [00:01<00:00,  5.50it/s]

Trials:   0%|          | 0/10 [00:00<?, ?it/s]
Trials:  10%|#         | 1/10 [00:00<00:01,  5.61it/s]
Trials:  20%|##        | 2/10 [00:00<00:01,  5.81it/s]
Trials:  30%|###       | 3/10 [00:00<00:01,  5.86it/s]
Trials:  40%|####      | 4/10 [00:00<00:01,  5.79it/s]
Trials:  50%|#####     | 5/10 [00:00<00:00,  5.69it/s]
Trials:  60%|######    | 6/10 [00:01<00:00,  5.78it/s]
Trials:  70%|#######   | 7/10 [00:01<00:00,  5.83it/s]
Trials:  80%|########  | 8/10 [00:01<00:00,  5.87it/s]
Trials:  90%|######### | 9/10 [00:01<00:00,  5.79it/s]
Trials: 100%|##########| 10/10 [00:01<00:00,  5.71it/s]
Trials: 100%|##########| 10/10 [00:01<00:00,  5.76it/s]

Trials:   0%|          | 0/10 [00:00<?, ?it/s]
Trials:  10%|#         | 1/10 [00:00<00:01,  5.35it/s]
Trials:  20%|##        | 2/10 [00:00<00:01,  5.51it/s]
Trials:  30%|###       | 3/10 [00:00<00:01,  5.51it/s]
Trials:  40%|####      | 4/10 [00:00<00:01,  5.67it/s]
Trials:  50%|#####     | 5/10 [00:00<00:00,  5.70it/s]
Trials:  60%|######    | 6/10 [00:01<00:00,  5.78it/s]
Trials:  70%|#######   | 7/10 [00:01<00:00,  5.75it/s]
Trials:  80%|########  | 8/10 [00:01<00:00,  5.81it/s]
Trials:  90%|######### | 9/10 [00:01<00:00,  5.77it/s]
Trials: 100%|##########| 10/10 [00:01<00:00,  5.82it/s]
Trials: 100%|##########| 10/10 [00:01<00:00,  5.73it/s]

Trials:   0%|          | 0/10 [00:00<?, ?it/s]
Trials:  10%|#         | 1/10 [00:00<00:01,  5.53it/s]
Trials:  20%|##        | 2/10 [00:00<00:01,  5.75it/s]
Trials:  30%|###       | 3/10 [00:00<00:01,  5.85it/s]
Trials:  40%|####      | 4/10 [00:00<00:00,  6.00it/s]
Trials:  50%|#####     | 5/10 [00:00<00:00,  5.88it/s]
Trials:  60%|######    | 6/10 [00:01<00:00,  5.90it/s]
Trials:  70%|#######   | 7/10 [00:01<00:00,  5.92it/s]
Trials:  80%|########  | 8/10 [00:01<00:00,  5.94it/s]
Trials:  90%|######### | 9/10 [00:01<00:00,  5.68it/s]
Trials: 100%|##########| 10/10 [00:01<00:00,  5.73it/s]
Trials: 100%|##########| 10/10 [00:01<00:00,  5.81it/s]

Trials:   0%|          | 0/10 [00:00<?, ?it/s]
Trials:  10%|#         | 1/10 [00:00<00:01,  6.07it/s]
Trials:  20%|##        | 2/10 [00:00<00:01,  5.53it/s]
Trials:  30%|###       | 3/10 [00:00<00:01,  5.69it/s]
Trials:  40%|####      | 4/10 [00:00<00:01,  5.83it/s]
Trials:  50%|#####     | 5/10 [00:00<00:00,  5.72it/s]
Trials:  60%|######    | 6/10 [00:01<00:00,  5.61it/s]
Trials:  70%|#######   | 7/10 [00:01<00:00,  5.51it/s]
Trials:  80%|########  | 8/10 [00:01<00:00,  5.61it/s]
Trials:  90%|######### | 9/10 [00:01<00:00,  5.75it/s]
Trials: 100%|##########| 10/10 [00:01<00:00,  5.71it/s]
Trials: 100%|##########| 10/10 [00:01<00:00,  5.69it/s]

Trials:   0%|          | 0/10 [00:00<?, ?it/s]
Trials:  10%|#         | 1/10 [00:00<00:01,  5.86it/s]
Trials:  20%|##        | 2/10 [00:00<00:01,  5.98it/s]
Trials:  30%|###       | 3/10 [00:00<00:01,  6.03it/s]
Trials:  40%|####      | 4/10 [00:00<00:01,  5.90it/s]
Trials:  50%|#####     | 5/10 [00:00<00:00,  5.72it/s]
Trials:  60%|######    | 6/10 [00:01<00:00,  5.70it/s]
Trials:  70%|#######   | 7/10 [00:01<00:00,  5.66it/s]
Trials:  80%|########  | 8/10 [00:01<00:00,  5.79it/s]
Trials:  90%|######### | 9/10 [00:01<00:00,  5.77it/s]
Trials: 100%|##########| 10/10 [00:01<00:00,  5.86it/s]
Trials: 100%|##########| 10/10 [00:01<00:00,  5.82it/s]

Trials:   0%|          | 0/10 [00:00<?, ?it/s]
Trials:  10%|#         | 1/10 [00:00<00:01,  5.95it/s]
Trials:  20%|##        | 2/10 [00:00<00:01,  5.85it/s]
Trials:  30%|###       | 3/10 [00:00<00:01,  5.65it/s]
Trials:  40%|####      | 4/10 [00:00<00:01,  5.68it/s]
Trials:  50%|#####     | 5/10 [00:00<00:00,  5.67it/s]
Trials:  60%|######    | 6/10 [00:01<00:00,  5.56it/s]
Trials:  70%|#######   | 7/10 [00:01<00:00,  5.52it/s]
Trials:  80%|########  | 8/10 [00:01<00:00,  5.59it/s]
Trials:  90%|######### | 9/10 [00:01<00:00,  5.65it/s]
Trials: 100%|##########| 10/10 [00:01<00:00,  5.60it/s]
Trials: 100%|##########| 10/10 [00:01<00:00,  5.63it/s]

Trials:   0%|          | 0/10 [00:00<?, ?it/s]
Trials:  10%|#         | 1/10 [00:00<00:01,  5.94it/s]
Trials:  20%|##        | 2/10 [00:00<00:01,  5.93it/s]
Trials:  30%|###       | 3/10 [00:00<00:01,  5.77it/s]
Trials:  40%|####      | 4/10 [00:00<00:01,  5.72it/s]
Trials:  50%|#####     | 5/10 [00:00<00:00,  5.73it/s]
Trials:  60%|######    | 6/10 [00:01<00:00,  5.75it/s]
Trials:  70%|#######   | 7/10 [00:01<00:00,  5.81it/s]
Trials:  80%|########  | 8/10 [00:01<00:00,  5.75it/s]
Trials:  90%|######### | 9/10 [00:01<00:00,  5.81it/s]
Trials: 100%|##########| 10/10 [00:01<00:00,  5.73it/s]
Trials: 100%|##########| 10/10 [00:01<00:00,  5.77it/s]

Trials:   0%|          | 0/10 [00:00<?, ?it/s]
Trials:  10%|#         | 1/10 [00:00<00:01,  5.93it/s]
Trials:  20%|##        | 2/10 [00:00<00:01,  5.82it/s]
Trials:  30%|###       | 3/10 [00:00<00:01,  5.88it/s]
Trials:  40%|####      | 4/10 [00:00<00:01,  5.89it/s]
Trials:  50%|#####     | 5/10 [00:00<00:00,  5.88it/s]
Trials:  60%|######    | 6/10 [00:01<00:00,  5.65it/s]
Trials:  70%|#######   | 7/10 [00:01<00:00,  5.74it/s]
Trials:  80%|########  | 8/10 [00:01<00:00,  5.81it/s]
Trials:  90%|######### | 9/10 [00:01<00:00,  5.66it/s]
Trials: 100%|##########| 10/10 [00:01<00:00,  5.73it/s]
Trials: 100%|##########| 10/10 [00:01<00:00,  5.77it/s]

Trials:   0%|          | 0/10 [00:00<?, ?it/s]
Trials:  10%|#         | 1/10 [00:00<00:01,  5.93it/s]
Trials:  20%|##        | 2/10 [00:00<00:01,  5.79it/s]
Trials:  30%|###       | 3/10 [00:00<00:01,  5.64it/s]
Trials:  40%|####      | 4/10 [00:00<00:01,  5.52it/s]
Trials:  50%|#####     | 5/10 [00:00<00:00,  5.59it/s]
Trials:  60%|######    | 6/10 [00:01<00:00,  5.63it/s]
Trials:  70%|#######   | 7/10 [00:01<00:00,  5.66it/s]
Trials:  80%|########  | 8/10 [00:01<00:00,  5.58it/s]
Trials:  90%|######### | 9/10 [00:01<00:00,  5.62it/s]
Trials: 100%|##########| 10/10 [00:01<00:00,  5.49it/s]
Trials: 100%|##########| 10/10 [00:01<00:00,  5.59it/s]

Trials:   0%|          | 0/10 [00:00<?, ?it/s]
Trials:  10%|#         | 1/10 [00:00<00:01,  5.38it/s]
Trials:  20%|##        | 2/10 [00:00<00:01,  5.17it/s]
Trials:  30%|###       | 3/10 [00:00<00:01,  5.37it/s]
Trials:  40%|####      | 4/10 [00:00<00:01,  5.42it/s]
Trials:  50%|#####     | 5/10 [00:00<00:00,  5.49it/s]
Trials:  60%|######    | 6/10 [00:01<00:00,  5.49it/s]
Trials:  70%|#######   | 7/10 [00:01<00:00,  5.63it/s]
Trials:  80%|########  | 8/10 [00:01<00:00,  5.71it/s]
Trials:  90%|######### | 9/10 [00:01<00:00,  5.77it/s]
Trials: 100%|##########| 10/10 [00:01<00:00,  5.71it/s]
Trials: 100%|##########| 10/10 [00:01<00:00,  5.58it/s]

Trials:   0%|          | 0/10 [00:00<?, ?it/s]
Trials:  10%|#         | 1/10 [00:00<00:01,  5.89it/s]
Trials:  20%|##        | 2/10 [00:00<00:01,  5.78it/s]
Trials:  30%|###       | 3/10 [00:00<00:01,  5.85it/s]
Trials:  40%|####      | 4/10 [00:00<00:01,  5.65it/s]
Trials:  50%|#####     | 5/10 [00:00<00:00,  5.75it/s]
Trials:  60%|######    | 6/10 [00:01<00:00,  5.80it/s]
Trials:  70%|#######   | 7/10 [00:01<00:00,  5.69it/s]
Trials:  80%|########  | 8/10 [00:01<00:00,  5.58it/s]
Trials:  90%|######### | 9/10 [00:01<00:00,  5.68it/s]
Trials: 100%|##########| 10/10 [00:01<00:00,  5.75it/s]
Trials: 100%|##########| 10/10 [00:01<00:00,  5.73it/s]

Trials:   0%|          | 0/10 [00:00<?, ?it/s]
Trials:  10%|#         | 1/10 [00:00<00:01,  5.93it/s]
Trials:  20%|##        | 2/10 [00:00<00:01,  5.51it/s]
Trials:  30%|###       | 3/10 [00:00<00:01,  5.56it/s]
Trials:  40%|####      | 4/10 [00:00<00:01,  5.53it/s]
Trials:  50%|#####     | 5/10 [00:00<00:00,  5.58it/s]
Trials:  60%|######    | 6/10 [00:01<00:00,  5.44it/s]
Trials:  70%|#######   | 7/10 [00:01<00:00,  5.51it/s]
Trials:  80%|########  | 8/10 [00:01<00:00,  5.57it/s]
Trials:  90%|######### | 9/10 [00:01<00:00,  5.41it/s]
Trials: 100%|##########| 10/10 [00:01<00:00,  5.48it/s]
Trials: 100%|##########| 10/10 [00:01<00:00,  5.51it/s]

Trials:   0%|          | 0/10 [00:00<?, ?it/s]
Trials:  10%|#         | 1/10 [00:00<00:01,  5.97it/s]
Trials:  20%|##        | 2/10 [00:00<00:01,  5.79it/s]
Trials:  30%|###       | 3/10 [00:00<00:01,  5.83it/s]
Trials:  40%|####      | 4/10 [00:00<00:01,  5.78it/s]
Trials:  50%|#####     | 5/10 [00:00<00:00,  5.84it/s]
Trials:  60%|######    | 6/10 [00:01<00:00,  5.88it/s]
Trials:  70%|#######   | 7/10 [00:01<00:00,  5.84it/s]
Trials:  80%|########  | 8/10 [00:01<00:00,  5.89it/s]
Trials:  90%|######### | 9/10 [00:01<00:00,  5.89it/s]
Trials: 100%|##########| 10/10 [00:01<00:00,  5.88it/s]
Trials: 100%|##########| 10/10 [00:01<00:00,  5.86it/s]

Trials:   0%|          | 0/10 [00:00<?, ?it/s]
Trials:  10%|#         | 1/10 [00:00<00:01,  5.49it/s]
Trials:  20%|##        | 2/10 [00:00<00:01,  5.76it/s]
Trials:  30%|###       | 3/10 [00:00<00:01,  5.84it/s]
Trials:  40%|####      | 4/10 [00:00<00:01,  5.74it/s]
Trials:  50%|#####     | 5/10 [00:00<00:00,  5.64it/s]
Trials:  60%|######    | 6/10 [00:01<00:00,  5.75it/s]
Trials:  70%|#######   | 7/10 [00:01<00:00,  5.83it/s]
Trials:  80%|########  | 8/10 [00:01<00:00,  5.87it/s]
Trials:  90%|######### | 9/10 [00:01<00:00,  5.78it/s]
Trials: 100%|##########| 10/10 [00:01<00:00,  5.77it/s]
Trials: 100%|##########| 10/10 [00:01<00:00,  5.77it/s]

Trials:   0%|          | 0/10 [00:00<?, ?it/s]
Trials:  10%|#         | 1/10 [00:00<00:01,  5.87it/s]
Trials:  20%|##        | 2/10 [00:00<00:01,  5.72it/s]
Trials:  30%|###       | 3/10 [00:00<00:01,  5.38it/s]
Trials:  40%|####      | 4/10 [00:00<00:01,  5.49it/s]
Trials:  50%|#####     | 5/10 [00:00<00:00,  5.54it/s]
Trials:  60%|######    | 6/10 [00:01<00:00,  5.57it/s]
Trials:  70%|#######   | 7/10 [00:01<00:00,  5.48it/s]
Trials:  80%|########  | 8/10 [00:01<00:00,  5.55it/s]
Trials:  90%|######### | 9/10 [00:01<00:00,  5.56it/s]
Trials: 100%|##########| 10/10 [00:01<00:00,  5.57it/s]
Trials: 100%|##########| 10/10 [00:01<00:00,  5.55it/s]

Trials:   0%|          | 0/10 [00:00<?, ?it/s]
Trials:  10%|#         | 1/10 [00:00<00:01,  5.48it/s]
Trials:  20%|##        | 2/10 [00:00<00:01,  5.75it/s]
Trials:  30%|###       | 3/10 [00:00<00:01,  5.83it/s]
Trials:  40%|####      | 4/10 [00:00<00:01,  5.86it/s]
Trials:  50%|#####     | 5/10 [00:00<00:00,  5.78it/s]
Trials:  60%|######    | 6/10 [00:01<00:00,  5.82it/s]
Trials:  70%|#######   | 7/10 [00:01<00:00,  5.78it/s]
Trials:  80%|########  | 8/10 [00:01<00:00,  5.84it/s]
Trials:  90%|######### | 9/10 [00:01<00:00,  5.58it/s]
Trials: 100%|##########| 10/10 [00:01<00:00,  5.46it/s]
Trials: 100%|##########| 10/10 [00:01<00:00,  5.66it/s]

Trials:   0%|          | 0/10 [00:00<?, ?it/s]
Trials:  10%|#         | 1/10 [00:00<00:01,  5.97it/s]
Trials:  20%|##        | 2/10 [00:00<00:01,  5.95it/s]
Trials:  30%|###       | 3/10 [00:00<00:01,  5.96it/s]
Trials:  40%|####      | 4/10 [00:00<00:01,  5.81it/s]
Trials:  50%|#####     | 5/10 [00:00<00:00,  5.87it/s]
Trials:  60%|######    | 6/10 [00:01<00:00,  5.83it/s]
Trials:  70%|#######   | 7/10 [00:01<00:00,  5.87it/s]
Trials:  80%|########  | 8/10 [00:01<00:00,  5.72it/s]
Trials:  90%|######### | 9/10 [00:01<00:00,  5.76it/s]
Trials: 100%|##########| 10/10 [00:01<00:00,  5.88it/s]
Trials: 100%|##########| 10/10 [00:01<00:00,  5.85it/s]

