
Running synthetic matrix: streaming, 2 procs, FIFO, GlobalAllocation, frames=272
Running multi-process experiment
  Algorithm: FIFO
  Allocation: GlobalAllocation
  Total Frames: 272
  Processes: [0, 1]
Results saved to: results\raw\campaign_20260404_140330_266\synthetic_streaming\multiproc_streaming_FIFO_GlobalAllocation_p2_f272.json

Running synthetic matrix: streaming, 2 procs, FIFO, LocalAllocation, frames=272
Running multi-process experiment
  Algorithm: FIFO
  Allocation: LocalAllocation
  Total Frames: 272
  Processes: [0, 1]
Results saved to: results\raw\campaign_20260404_140330_266\synthetic_streaming\multiproc_streaming_FIFO_LocalAllocation_p2_f272.json

Running synthetic matrix: streaming, 2 procs, FIFO, ProportionalAllocation, frames=272
Running multi-process experiment
  Algorithm: FIFO
  Allocation: ProportionalAllocation
  Total Frames: 272
  Processes: [0, 1]
Results saved to: results\raw\campaign_20260404_140330_266\synthetic_streaming\multiproc_streaming_FIFO_ProportionalAllocation_p2_f272.json

Running synthetic matrix: streaming, 2 procs, LRU, GlobalAllocation, frames=272
Running multi-process experiment
  Algorithm: LRU
  Allocation: GlobalAllocation
  Total Frames: 272
  Processes: [0, 1]
Results saved to: results\raw\campaign_20260404_140330_266\synthetic_streaming\multiproc_streaming_LRU_GlobalAllocation_p2_f272.json

Running synthetic matrix: streaming, 2 procs, LRU, LocalAllocation, frames=272
Running multi-process experiment
  Algorithm: LRU
  Allocation: LocalAllocation
  Total Frames: 272
  Processes: [0, 1]
Results saved to: results\raw\campaign_20260404_140330_266\synthetic_streaming\multiproc_streaming_LRU_LocalAllocation_p2_f272.json

Running synthetic matrix: streaming, 2 procs, LRU, ProportionalAllocation, frames=272
Running multi-process experiment
  Algorithm: LRU
  Allocation: ProportionalAllocation
  Total Frames: 272
  Processes: [0, 1]
Results saved to: results\raw\campaign_20260404_140330_266\synthetic_streaming\multiproc_streaming_LRU_ProportionalAllocation_p2_f272.json

Running synthetic matrix: streaming, 2 procs, NRU, GlobalAllocation, frames=272
Running multi-process experiment
  Algorithm: NRU
  Allocation: GlobalAllocation
  Total Frames: 272
  Processes: [0, 1]
Results saved to: results\raw\campaign_20260404_140330_266\synthetic_streaming\multiproc_streaming_NRU_GlobalAllocation_p2_f272.json

Running synthetic matrix: streaming, 2 procs, NRU, LocalAllocation, frames=272
Running multi-process experiment
  Algorithm: NRU
  Allocation: LocalAllocation
  Total Frames: 272
  Processes: [0, 1]
Results saved to: results\raw\campaign_20260404_140330_266\synthetic_streaming\multiproc_streaming_NRU_LocalAllocation_p2_f272.json

Running synthetic matrix: streaming, 2 procs, NRU, ProportionalAllocation, frames=272
Running multi-process experiment
  Algorithm: NRU
  Allocation: ProportionalAllocation
  Total Frames: 272
  Processes: [0, 1]
Results saved to: results\raw\campaign_20260404_140330_266\synthetic_streaming\multiproc_streaming_NRU_ProportionalAllocation_p2_f272.json

Running synthetic matrix: streaming, 2 procs, SecondChance, GlobalAllocation, frames=272
Running multi-process experiment
  Algorithm: SecondChance
  Allocation: GlobalAllocation
  Total Frames: 272
  Processes: [0, 1]
Results saved to: results\raw\campaign_20260404_140330_266\synthetic_streaming\multiproc_streaming_SecondChance_GlobalAllocation_p2_f272.json

Running synthetic matrix: streaming, 2 procs, SecondChance, LocalAllocation, frames=272
Running multi-process experiment
  Algorithm: SecondChance
  Allocation: LocalAllocation
  Total Frames: 272
  Processes: [0, 1]
Results saved to: results\raw\campaign_20260404_140330_266\synthetic_streaming\multiproc_streaming_SecondChance_LocalAllocation_p2_f272.json

Running synthetic matrix: streaming, 2 procs, SecondChance, ProportionalAllocation, frames=272
Running multi-process experiment
  Algorithm: SecondChance
  Allocation: ProportionalAllocation
  Total Frames: 272
  Processes: [0, 1]
Results saved to: results\raw\campaign_20260404_140330_266\synthetic_streaming\multiproc_streaming_SecondChance_ProportionalAllocation_p2_f272.json

Running synthetic matrix: streaming, 2 procs, WSClock, GlobalAllocation, frames=272
Running multi-process experiment
  Algorithm: WSClock
  Allocation: GlobalAllocation
  Total Frames: 272
  Processes: [0, 1]
Results saved to: results\raw\campaign_20260404_140330_266\synthetic_streaming\multiproc_streaming_WSClock_GlobalAllocation_p2_f272.json

Running synthetic matrix: streaming, 2 procs, WSClock, LocalAllocation, frames=272
Running multi-process experiment
  Algorithm: WSClock
  Allocation: LocalAllocation
  Total Frames: 272
  Processes: [0, 1]
Results saved to: results\raw\campaign_20260404_140330_266\synthetic_streaming\multiproc_streaming_WSClock_LocalAllocation_p2_f272.json

Running synthetic matrix: streaming, 2 procs, WSClock, ProportionalAllocation, frames=272
Running multi-process experiment
  Algorithm: WSClock
  Allocation: ProportionalAllocation
  Total Frames: 272
  Processes: [0, 1]
Results saved to: results\raw\campaign_20260404_140330_266\synthetic_streaming\multiproc_streaming_WSClock_ProportionalAllocation_p2_f272.json

Running synthetic matrix: streaming, 2 procs, FIFO, GlobalAllocation, frames=340
Running multi-process experiment
  Algorithm: FIFO
  Allocation: GlobalAllocation
  Total Frames: 340
  Processes: [0, 1]
Results saved to: results\raw\campaign_20260404_140330_266\synthetic_streaming\multiproc_streaming_FIFO_GlobalAllocation_p2_f340.json

Running synthetic matrix: streaming, 2 procs, FIFO, LocalAllocation, frames=340
Running multi-process experiment
  Algorithm: FIFO
  Allocation: LocalAllocation
  Total Frames: 340
  Processes: [0, 1]
Results saved to: results\raw\campaign_20260404_140330_266\synthetic_streaming\multiproc_streaming_FIFO_LocalAllocation_p2_f340.json

Running synthetic matrix: streaming, 2 procs, FIFO, ProportionalAllocation, frames=340
Running multi-process experiment
  Algorithm: FIFO
  Allocation: ProportionalAllocation
  Total Frames: 340
  Processes: [0, 1]
Results saved to: results\raw\campaign_20260404_140330_266\synthetic_streaming\multiproc_streaming_FIFO_ProportionalAllocation_p2_f340.json

Running synthetic matrix: streaming, 2 procs, LRU, GlobalAllocation, frames=340
Running multi-process experiment
  Algorithm: LRU
  Allocation: GlobalAllocation
  Total Frames: 340
  Processes: [0, 1]
Results saved to: results\raw\campaign_20260404_140330_266\synthetic_streaming\multiproc_streaming_LRU_GlobalAllocation_p2_f340.json

Running synthetic matrix: streaming, 2 procs, LRU, LocalAllocation, frames=340
Running multi-process experiment
  Algorithm: LRU
  Allocation: LocalAllocation
  Total Frames: 340
  Processes: [0, 1]
Results saved to: results\raw\campaign_20260404_140330_266\synthetic_streaming\multiproc_streaming_LRU_LocalAllocation_p2_f340.json

Running synthetic matrix: streaming, 2 procs, LRU, ProportionalAllocation, frames=340
Running multi-process experiment
  Algorithm: LRU
  Allocation: ProportionalAllocation
  Total Frames: 340
  Processes: [0, 1]
Results saved to: results\raw\campaign_20260404_140330_266\synthetic_streaming\multiproc_streaming_LRU_ProportionalAllocation_p2_f340.json

Running synthetic matrix: streaming, 2 procs, NRU, GlobalAllocation, frames=340
Running multi-process experiment
  Algorithm: NRU
  Allocation: GlobalAllocation
  Total Frames: 340
  Processes: [0, 1]
Results saved to: results\raw\campaign_20260404_140330_266\synthetic_streaming\multiproc_streaming_NRU_GlobalAllocation_p2_f340.json

Running synthetic matrix: streaming, 2 procs, NRU, LocalAllocation, frames=340
Running multi-process experiment
  Algorithm: NRU
  Allocation: LocalAllocation
  Total Frames: 340
  Processes: [0, 1]
Results saved to: results\raw\campaign_20260404_140330_266\synthetic_streaming\multiproc_streaming_NRU_LocalAllocation_p2_f340.json

Running synthetic matrix: streaming, 2 procs, NRU, ProportionalAllocation, frames=340
Running multi-process experiment
  Algorithm: NRU
  Allocation: ProportionalAllocation
  Total Frames: 340
  Processes: [0, 1]
Results saved to: results\raw\campaign_20260404_140330_266\synthetic_streaming\multiproc_streaming_NRU_ProportionalAllocation_p2_f340.json

Running synthetic matrix: streaming, 2 procs, SecondChance, GlobalAllocation, frames=340
Running multi-process experiment
  Algorithm: SecondChance
  Allocation: GlobalAllocation
  Total Frames: 340
  Processes: [0, 1]
Results saved to: results\raw\campaign_20260404_140330_266\synthetic_streaming\multiproc_streaming_SecondChance_GlobalAllocation_p2_f340.json

Running synthetic matrix: streaming, 2 procs, SecondChance, LocalAllocation, frames=340
Running multi-process experiment
  Algorithm: SecondChance
  Allocation: LocalAllocation
  Total Frames: 340
  Processes: [0, 1]
Results saved to: results\raw\campaign_20260404_140330_266\synthetic_streaming\multiproc_streaming_SecondChance_LocalAllocation_p2_f340.json

Running synthetic matrix: streaming, 2 procs, SecondChance, ProportionalAllocation, frames=340
Running multi-process experiment
  Algorithm: SecondChance
  Allocation: ProportionalAllocation
  Total Frames: 340
  Processes: [0, 1]
Results saved to: results\raw\campaign_20260404_140330_266\synthetic_streaming\multiproc_streaming_SecondChance_ProportionalAllocation_p2_f340.json

Running synthetic matrix: streaming, 2 procs, WSClock, GlobalAllocation, frames=340
Running multi-process experiment
  Algorithm: WSClock
  Allocation: GlobalAllocation
  Total Frames: 340
  Processes: [0, 1]
Results saved to: results\raw\campaign_20260404_140330_266\synthetic_streaming\multiproc_streaming_WSClock_GlobalAllocation_p2_f340.json

Running synthetic matrix: streaming, 2 procs, WSClock, LocalAllocation, frames=340
Running multi-process experiment
  Algorithm: WSClock
  Allocation: LocalAllocation
  Total Frames: 340
  Processes: [0, 1]
Results saved to: results\raw\campaign_20260404_140330_266\synthetic_streaming\multiproc_streaming_WSClock_LocalAllocation_p2_f340.json

Running synthetic matrix: streaming, 2 procs, WSClock, ProportionalAllocation, frames=340
Running multi-process experiment
  Algorithm: WSClock
  Allocation: ProportionalAllocation
  Total Frames: 340
  Processes: [0, 1]
Results saved to: results\raw\campaign_20260404_140330_266\synthetic_streaming\multiproc_streaming_WSClock_ProportionalAllocation_p2_f340.json

Running synthetic matrix: streaming, 2 procs, FIFO, GlobalAllocation, frames=408
Running multi-process experiment
  Algorithm: FIFO
  Allocation: GlobalAllocation
  Total Frames: 408
  Processes: [0, 1]
Results saved to: results\raw\campaign_20260404_140330_266\synthetic_streaming\multiproc_streaming_FIFO_GlobalAllocation_p2_f408.json

Running synthetic matrix: streaming, 2 procs, FIFO, LocalAllocation, frames=408
Running multi-process experiment
  Algorithm: FIFO
  Allocation: LocalAllocation
  Total Frames: 408
  Processes: [0, 1]
Results saved to: results\raw\campaign_20260404_140330_266\synthetic_streaming\multiproc_streaming_FIFO_LocalAllocation_p2_f408.json

Running synthetic matrix: streaming, 2 procs, FIFO, ProportionalAllocation, frames=408
Running multi-process experiment
  Algorithm: FIFO
  Allocation: ProportionalAllocation
  Total Frames: 408
  Processes: [0, 1]
Results saved to: results\raw\campaign_20260404_140330_266\synthetic_streaming\multiproc_streaming_FIFO_ProportionalAllocation_p2_f408.json

Running synthetic matrix: streaming, 2 procs, LRU, GlobalAllocation, frames=408
Running multi-process experiment
  Algorithm: LRU
  Allocation: GlobalAllocation
  Total Frames: 408
  Processes: [0, 1]
Results saved to: results\raw\campaign_20260404_140330_266\synthetic_streaming\multiproc_streaming_LRU_GlobalAllocation_p2_f408.json

Running synthetic matrix: streaming, 2 procs, LRU, LocalAllocation, frames=408
Running multi-process experiment
  Algorithm: LRU
  Allocation: LocalAllocation
  Total Frames: 408
  Processes: [0, 1]
Results saved to: results\raw\campaign_20260404_140330_266\synthetic_streaming\multiproc_streaming_LRU_LocalAllocation_p2_f408.json

Running synthetic matrix: streaming, 2 procs, LRU, ProportionalAllocation, frames=408
Running multi-process experiment
  Algorithm: LRU
  Allocation: ProportionalAllocation
  Total Frames: 408
  Processes: [0, 1]
Results saved to: results\raw\campaign_20260404_140330_266\synthetic_streaming\multiproc_streaming_LRU_ProportionalAllocation_p2_f408.json

Running synthetic matrix: streaming, 2 procs, NRU, GlobalAllocation, frames=408
Running multi-process experiment
  Algorithm: NRU
  Allocation: GlobalAllocation
  Total Frames: 408
  Processes: [0, 1]
Results saved to: results\raw\campaign_20260404_140330_266\synthetic_streaming\multiproc_streaming_NRU_GlobalAllocation_p2_f408.json

Running synthetic matrix: streaming, 2 procs, NRU, LocalAllocation, frames=408
Running multi-process experiment
  Algorithm: NRU
  Allocation: LocalAllocation
  Total Frames: 408
  Processes: [0, 1]
Results saved to: results\raw\campaign_20260404_140330_266\synthetic_streaming\multiproc_streaming_NRU_LocalAllocation_p2_f408.json

Running synthetic matrix: streaming, 2 procs, NRU, ProportionalAllocation, frames=408
Running multi-process experiment
  Algorithm: NRU
  Allocation: ProportionalAllocation
  Total Frames: 408
  Processes: [0, 1]
Results saved to: results\raw\campaign_20260404_140330_266\synthetic_streaming\multiproc_streaming_NRU_ProportionalAllocation_p2_f408.json

Running synthetic matrix: streaming, 2 procs, SecondChance, GlobalAllocation, frames=408
Running multi-process experiment
  Algorithm: SecondChance
  Allocation: GlobalAllocation
  Total Frames: 408
  Processes: [0, 1]
Results saved to: results\raw\campaign_20260404_140330_266\synthetic_streaming\multiproc_streaming_SecondChance_GlobalAllocation_p2_f408.json

Running synthetic matrix: streaming, 2 procs, SecondChance, LocalAllocation, frames=408
Running multi-process experiment
  Algorithm: SecondChance
  Allocation: LocalAllocation
  Total Frames: 408
  Processes: [0, 1]
Results saved to: results\raw\campaign_20260404_140330_266\synthetic_streaming\multiproc_streaming_SecondChance_LocalAllocation_p2_f408.json

Running synthetic matrix: streaming, 2 procs, SecondChance, ProportionalAllocation, frames=408
Running multi-process experiment
  Algorithm: SecondChance
  Allocation: ProportionalAllocation
  Total Frames: 408
  Processes: [0, 1]
Results saved to: results\raw\campaign_20260404_140330_266\synthetic_streaming\multiproc_streaming_SecondChance_ProportionalAllocation_p2_f408.json

Running synthetic matrix: streaming, 2 procs, WSClock, GlobalAllocation, frames=408
Running multi-process experiment
  Algorithm: WSClock
  Allocation: GlobalAllocation
  Total Frames: 408
  Processes: [0, 1]
Results saved to: results\raw\campaign_20260404_140330_266\synthetic_streaming\multiproc_streaming_WSClock_GlobalAllocation_p2_f408.json

Running synthetic matrix: streaming, 2 procs, WSClock, LocalAllocation, frames=408
Running multi-process experiment
  Algorithm: WSClock
  Allocation: LocalAllocation
  Total Frames: 408
  Processes: [0, 1]
Results saved to: results\raw\campaign_20260404_140330_266\synthetic_streaming\multiproc_streaming_WSClock_LocalAllocation_p2_f408.json

Running synthetic matrix: streaming, 2 procs, WSClock, ProportionalAllocation, frames=408
Running multi-process experiment
  Algorithm: WSClock
  Allocation: ProportionalAllocation
  Total Frames: 408
  Processes: [0, 1]
Results saved to: results\raw\campaign_20260404_140330_266\synthetic_streaming\multiproc_streaming_WSClock_ProportionalAllocation_p2_f408.json

Running synthetic matrix: streaming, 2 procs, FIFO, GlobalAllocation, frames=510
Running multi-process experiment
  Algorithm: FIFO
  Allocation: GlobalAllocation
  Total Frames: 510
  Processes: [0, 1]
Results saved to: results\raw\campaign_20260404_140330_266\synthetic_streaming\multiproc_streaming_FIFO_GlobalAllocation_p2_f510.json

Running synthetic matrix: streaming, 2 procs, FIFO, LocalAllocation, frames=510
Running multi-process experiment
  Algorithm: FIFO
  Allocation: LocalAllocation
  Total Frames: 510
  Processes: [0, 1]
Results saved to: results\raw\campaign_20260404_140330_266\synthetic_streaming\multiproc_streaming_FIFO_LocalAllocation_p2_f510.json

Running synthetic matrix: streaming, 2 procs, FIFO, ProportionalAllocation, frames=510
Running multi-process experiment
  Algorithm: FIFO
  Allocation: ProportionalAllocation
  Total Frames: 510
  Processes: [0, 1]
Results saved to: results\raw\campaign_20260404_140330_266\synthetic_streaming\multiproc_streaming_FIFO_ProportionalAllocation_p2_f510.json

Running synthetic matrix: streaming, 2 procs, LRU, GlobalAllocation, frames=510
Running multi-process experiment
  Algorithm: LRU
  Allocation: GlobalAllocation
  Total Frames: 510
  Processes: [0, 1]
Results saved to: results\raw\campaign_20260404_140330_266\synthetic_streaming\multiproc_streaming_LRU_GlobalAllocation_p2_f510.json

Running synthetic matrix: streaming, 2 procs, LRU, LocalAllocation, frames=510
Running multi-process experiment
  Algorithm: LRU
  Allocation: LocalAllocation
  Total Frames: 510
  Processes: [0, 1]
Results saved to: results\raw\campaign_20260404_140330_266\synthetic_streaming\multiproc_streaming_LRU_LocalAllocation_p2_f510.json

Running synthetic matrix: streaming, 2 procs, LRU, ProportionalAllocation, frames=510
Running multi-process experiment
  Algorithm: LRU
  Allocation: ProportionalAllocation
  Total Frames: 510
  Processes: [0, 1]
Results saved to: results\raw\campaign_20260404_140330_266\synthetic_streaming\multiproc_streaming_LRU_ProportionalAllocation_p2_f510.json

Running synthetic matrix: streaming, 2 procs, NRU, GlobalAllocation, frames=510
Running multi-process experiment
  Algorithm: NRU
  Allocation: GlobalAllocation
  Total Frames: 510
  Processes: [0, 1]
Results saved to: results\raw\campaign_20260404_140330_266\synthetic_streaming\multiproc_streaming_NRU_GlobalAllocation_p2_f510.json

Running synthetic matrix: streaming, 2 procs, NRU, LocalAllocation, frames=510
Running multi-process experiment
  Algorithm: NRU
  Allocation: LocalAllocation
  Total Frames: 510
  Processes: [0, 1]
Results saved to: results\raw\campaign_20260404_140330_266\synthetic_streaming\multiproc_streaming_NRU_LocalAllocation_p2_f510.json

Running synthetic matrix: streaming, 2 procs, NRU, ProportionalAllocation, frames=510
Running multi-process experiment
  Algorithm: NRU
  Allocation: ProportionalAllocation
  Total Frames: 510
  Processes: [0, 1]
Results saved to: results\raw\campaign_20260404_140330_266\synthetic_streaming\multiproc_streaming_NRU_ProportionalAllocation_p2_f510.json

Running synthetic matrix: streaming, 2 procs, SecondChance, GlobalAllocation, frames=510
Running multi-process experiment
  Algorithm: SecondChance
  Allocation: GlobalAllocation
  Total Frames: 510
  Processes: [0, 1]
Results saved to: results\raw\campaign_20260404_140330_266\synthetic_streaming\multiproc_streaming_SecondChance_GlobalAllocation_p2_f510.json

Running synthetic matrix: streaming, 2 procs, SecondChance, LocalAllocation, frames=510
Running multi-process experiment
  Algorithm: SecondChance
  Allocation: LocalAllocation
  Total Frames: 510
  Processes: [0, 1]
Results saved to: results\raw\campaign_20260404_140330_266\synthetic_streaming\multiproc_streaming_SecondChance_LocalAllocation_p2_f510.json

Running synthetic matrix: streaming, 2 procs, SecondChance, ProportionalAllocation, frames=510
Running multi-process experiment
  Algorithm: SecondChance
  Allocation: ProportionalAllocation
  Total Frames: 510
  Processes: [0, 1]
Results saved to: results\raw\campaign_20260404_140330_266\synthetic_streaming\multiproc_streaming_SecondChance_ProportionalAllocation_p2_f510.json

Running synthetic matrix: streaming, 2 procs, WSClock, GlobalAllocation, frames=510
Running multi-process experiment
  Algorithm: WSClock
  Allocation: GlobalAllocation
  Total Frames: 510
  Processes: [0, 1]
Results saved to: results\raw\campaign_20260404_140330_266\synthetic_streaming\multiproc_streaming_WSClock_GlobalAllocation_p2_f510.json

Running synthetic matrix: streaming, 2 procs, WSClock, LocalAllocation, frames=510
Running multi-process experiment
  Algorithm: WSClock
  Allocation: LocalAllocation
  Total Frames: 510
  Processes: [0, 1]
Results saved to: results\raw\campaign_20260404_140330_266\synthetic_streaming\multiproc_streaming_WSClock_LocalAllocation_p2_f510.json

Running synthetic matrix: streaming, 2 procs, WSClock, ProportionalAllocation, frames=510
Running multi-process experiment
  Algorithm: WSClock
  Allocation: ProportionalAllocation
  Total Frames: 510
  Processes: [0, 1]
Results saved to: results\raw\campaign_20260404_140330_266\synthetic_streaming\multiproc_streaming_WSClock_ProportionalAllocation_p2_f510.json

Running synthetic matrix: streaming, 4 procs, FIFO, GlobalAllocation, frames=605
Running multi-process experiment
  Algorithm: FIFO
  Allocation: GlobalAllocation
  Total Frames: 605
  Processes: [0, 1, 2, 3]
Results saved to: results\raw\campaign_20260404_140330_266\synthetic_streaming\multiproc_streaming_FIFO_GlobalAllocation_p4_f605.json

Running synthetic matrix: streaming, 4 procs, FIFO, LocalAllocation, frames=605
Running multi-process experiment
  Algorithm: FIFO
  Allocation: LocalAllocation
  Total Frames: 605
  Processes: [0, 1, 2, 3]
Results saved to: results\raw\campaign_20260404_140330_266\synthetic_streaming\multiproc_streaming_FIFO_LocalAllocation_p4_f605.json

Running synthetic matrix: streaming, 4 procs, FIFO, ProportionalAllocation, frames=605
Running multi-process experiment
  Algorithm: FIFO
  Allocation: ProportionalAllocation
  Total Frames: 605
  Processes: [0, 1, 2, 3]
Results saved to: results\raw\campaign_20260404_140330_266\synthetic_streaming\multiproc_streaming_FIFO_ProportionalAllocation_p4_f605.json

Running synthetic matrix: streaming, 4 procs, LRU, GlobalAllocation, frames=605
Running multi-process experiment
  Algorithm: LRU
  Allocation: GlobalAllocation
  Total Frames: 605
  Processes: [0, 1, 2, 3]
Results saved to: results\raw\campaign_20260404_140330_266\synthetic_streaming\multiproc_streaming_LRU_GlobalAllocation_p4_f605.json

Running synthetic matrix: streaming, 4 procs, LRU, LocalAllocation, frames=605
Running multi-process experiment
  Algorithm: LRU
  Allocation: LocalAllocation
  Total Frames: 605
  Processes: [0, 1, 2, 3]
Results saved to: results\raw\campaign_20260404_140330_266\synthetic_streaming\multiproc_streaming_LRU_LocalAllocation_p4_f605.json

Running synthetic matrix: streaming, 4 procs, LRU, ProportionalAllocation, frames=605
Running multi-process experiment
  Algorithm: LRU
  Allocation: ProportionalAllocation
  Total Frames: 605
  Processes: [0, 1, 2, 3]
Results saved to: results\raw\campaign_20260404_140330_266\synthetic_streaming\multiproc_streaming_LRU_ProportionalAllocation_p4_f605.json

Running synthetic matrix: streaming, 4 procs, NRU, GlobalAllocation, frames=605
Running multi-process experiment
  Algorithm: NRU
  Allocation: GlobalAllocation
  Total Frames: 605
  Processes: [0, 1, 2, 3]
Results saved to: results\raw\campaign_20260404_140330_266\synthetic_streaming\multiproc_streaming_NRU_GlobalAllocation_p4_f605.json

Running synthetic matrix: streaming, 4 procs, NRU, LocalAllocation, frames=605
Running multi-process experiment
  Algorithm: NRU
  Allocation: LocalAllocation
  Total Frames: 605
  Processes: [0, 1, 2, 3]
Results saved to: results\raw\campaign_20260404_140330_266\synthetic_streaming\multiproc_streaming_NRU_LocalAllocation_p4_f605.json

Running synthetic matrix: streaming, 4 procs, NRU, ProportionalAllocation, frames=605
Running multi-process experiment
  Algorithm: NRU
  Allocation: ProportionalAllocation
  Total Frames: 605
  Processes: [0, 1, 2, 3]
Results saved to: results\raw\campaign_20260404_140330_266\synthetic_streaming\multiproc_streaming_NRU_ProportionalAllocation_p4_f605.json

Running synthetic matrix: streaming, 4 procs, SecondChance, GlobalAllocation, frames=605
Running multi-process experiment
  Algorithm: SecondChance
  Allocation: GlobalAllocation
  Total Frames: 605
  Processes: [0, 1, 2, 3]
Results saved to: results\raw\campaign_20260404_140330_266\synthetic_streaming\multiproc_streaming_SecondChance_GlobalAllocation_p4_f605.json

Running synthetic matrix: streaming, 4 procs, SecondChance, LocalAllocation, frames=605
Running multi-process experiment
  Algorithm: SecondChance
  Allocation: LocalAllocation
  Total Frames: 605
  Processes: [0, 1, 2, 3]
Results saved to: results\raw\campaign_20260404_140330_266\synthetic_streaming\multiproc_streaming_SecondChance_LocalAllocation_p4_f605.json

Running synthetic matrix: streaming, 4 procs, SecondChance, ProportionalAllocation, frames=605
Running multi-process experiment
  Algorithm: SecondChance
  Allocation: ProportionalAllocation
  Total Frames: 605
  Processes: [0, 1, 2, 3]
Results saved to: results\raw\campaign_20260404_140330_266\synthetic_streaming\multiproc_streaming_SecondChance_ProportionalAllocation_p4_f605.json

Running synthetic matrix: streaming, 4 procs, WSClock, GlobalAllocation, frames=605
Running multi-process experiment
  Algorithm: WSClock
  Allocation: GlobalAllocation
  Total Frames: 605
  Processes: [0, 1, 2, 3]
Results saved to: results\raw\campaign_20260404_140330_266\synthetic_streaming\multiproc_streaming_WSClock_GlobalAllocation_p4_f605.json

Running synthetic matrix: streaming, 4 procs, WSClock, LocalAllocation, frames=605
Running multi-process experiment
  Algorithm: WSClock
  Allocation: LocalAllocation
  Total Frames: 605
  Processes: [0, 1, 2, 3]
Results saved to: results\raw\campaign_20260404_140330_266\synthetic_streaming\multiproc_streaming_WSClock_LocalAllocation_p4_f605.json

Running synthetic matrix: streaming, 4 procs, WSClock, ProportionalAllocation, frames=605
Running multi-process experiment
  Algorithm: WSClock
  Allocation: ProportionalAllocation
  Total Frames: 605
  Processes: [0, 1, 2, 3]
Results saved to: results\raw\campaign_20260404_140330_266\synthetic_streaming\multiproc_streaming_WSClock_ProportionalAllocation_p4_f605.json

Running synthetic matrix: streaming, 4 procs, FIFO, GlobalAllocation, frames=756
Running multi-process experiment
  Algorithm: FIFO
  Allocation: GlobalAllocation
  Total Frames: 756
  Processes: [0, 1, 2, 3]
Results saved to: results\raw\campaign_20260404_140330_266\synthetic_streaming\multiproc_streaming_FIFO_GlobalAllocation_p4_f756.json

Running synthetic matrix: streaming, 4 procs, FIFO, LocalAllocation, frames=756
Running multi-process experiment
  Algorithm: FIFO
  Allocation: LocalAllocation
  Total Frames: 756
  Processes: [0, 1, 2, 3]
Results saved to: results\raw\campaign_20260404_140330_266\synthetic_streaming\multiproc_streaming_FIFO_LocalAllocation_p4_f756.json

Running synthetic matrix: streaming, 4 procs, FIFO, ProportionalAllocation, frames=756
Running multi-process experiment
  Algorithm: FIFO
  Allocation: ProportionalAllocation
  Total Frames: 756
  Processes: [0, 1, 2, 3]
Results saved to: results\raw\campaign_20260404_140330_266\synthetic_streaming\multiproc_streaming_FIFO_ProportionalAllocation_p4_f756.json

Running synthetic matrix: streaming, 4 procs, LRU, GlobalAllocation, frames=756
Running multi-process experiment
  Algorithm: LRU
  Allocation: GlobalAllocation
  Total Frames: 756
  Processes: [0, 1, 2, 3]
Results saved to: results\raw\campaign_20260404_140330_266\synthetic_streaming\multiproc_streaming_LRU_GlobalAllocation_p4_f756.json

Running synthetic matrix: streaming, 4 procs, LRU, LocalAllocation, frames=756
Running multi-process experiment
  Algorithm: LRU
  Allocation: LocalAllocation
  Total Frames: 756
  Processes: [0, 1, 2, 3]
Results saved to: results\raw\campaign_20260404_140330_266\synthetic_streaming\multiproc_streaming_LRU_LocalAllocation_p4_f756.json

Running synthetic matrix: streaming, 4 procs, LRU, ProportionalAllocation, frames=756
Running multi-process experiment
  Algorithm: LRU
  Allocation: ProportionalAllocation
  Total Frames: 756
  Processes: [0, 1, 2, 3]
Results saved to: results\raw\campaign_20260404_140330_266\synthetic_streaming\multiproc_streaming_LRU_ProportionalAllocation_p4_f756.json

Running synthetic matrix: streaming, 4 procs, NRU, GlobalAllocation, frames=756
Running multi-process experiment
  Algorithm: NRU
  Allocation: GlobalAllocation
  Total Frames: 756
  Processes: [0, 1, 2, 3]
Results saved to: results\raw\campaign_20260404_140330_266\synthetic_streaming\multiproc_streaming_NRU_GlobalAllocation_p4_f756.json

Running synthetic matrix: streaming, 4 procs, NRU, LocalAllocation, frames=756
Running multi-process experiment
  Algorithm: NRU
  Allocation: LocalAllocation
  Total Frames: 756
  Processes: [0, 1, 2, 3]
Results saved to: results\raw\campaign_20260404_140330_266\synthetic_streaming\multiproc_streaming_NRU_LocalAllocation_p4_f756.json

Running synthetic matrix: streaming, 4 procs, NRU, ProportionalAllocation, frames=756
Running multi-process experiment
  Algorithm: NRU
  Allocation: ProportionalAllocation
  Total Frames: 756
  Processes: [0, 1, 2, 3]
Results saved to: results\raw\campaign_20260404_140330_266\synthetic_streaming\multiproc_streaming_NRU_ProportionalAllocation_p4_f756.json

Running synthetic matrix: streaming, 4 procs, SecondChance, GlobalAllocation, frames=756
Running multi-process experiment
  Algorithm: SecondChance
  Allocation: GlobalAllocation
  Total Frames: 756
  Processes: [0, 1, 2, 3]
Results saved to: results\raw\campaign_20260404_140330_266\synthetic_streaming\multiproc_streaming_SecondChance_GlobalAllocation_p4_f756.json

Running synthetic matrix: streaming, 4 procs, SecondChance, LocalAllocation, frames=756
Running multi-process experiment
  Algorithm: SecondChance
  Allocation: LocalAllocation
  Total Frames: 756
  Processes: [0, 1, 2, 3]
Results saved to: results\raw\campaign_20260404_140330_266\synthetic_streaming\multiproc_streaming_SecondChance_LocalAllocation_p4_f756.json

Running synthetic matrix: streaming, 4 procs, SecondChance, ProportionalAllocation, frames=756
Running multi-process experiment
  Algorithm: SecondChance
  Allocation: ProportionalAllocation
  Total Frames: 756
  Processes: [0, 1, 2, 3]
Results saved to: results\raw\campaign_20260404_140330_266\synthetic_streaming\multiproc_streaming_SecondChance_ProportionalAllocation_p4_f756.json

Running synthetic matrix: streaming, 4 procs, WSClock, GlobalAllocation, frames=756
Running multi-process experiment
  Algorithm: WSClock
  Allocation: GlobalAllocation
  Total Frames: 756
  Processes: [0, 1, 2, 3]
Results saved to: results\raw\campaign_20260404_140330_266\synthetic_streaming\multiproc_streaming_WSClock_GlobalAllocation_p4_f756.json

Running synthetic matrix: streaming, 4 procs, WSClock, LocalAllocation, frames=756
Running multi-process experiment
  Algorithm: WSClock
  Allocation: LocalAllocation
  Total Frames: 756
  Processes: [0, 1, 2, 3]
Results saved to: results\raw\campaign_20260404_140330_266\synthetic_streaming\multiproc_streaming_WSClock_LocalAllocation_p4_f756.json

Running synthetic matrix: streaming, 4 procs, WSClock, ProportionalAllocation, frames=756
Running multi-process experiment
  Algorithm: WSClock
  Allocation: ProportionalAllocation
  Total Frames: 756
  Processes: [0, 1, 2, 3]
Results saved to: results\raw\campaign_20260404_140330_266\synthetic_streaming\multiproc_streaming_WSClock_ProportionalAllocation_p4_f756.json

Running synthetic matrix: streaming, 4 procs, FIFO, GlobalAllocation, frames=907
Running multi-process experiment
  Algorithm: FIFO
  Allocation: GlobalAllocation
  Total Frames: 907
  Processes: [0, 1, 2, 3]
Results saved to: results\raw\campaign_20260404_140330_266\synthetic_streaming\multiproc_streaming_FIFO_GlobalAllocation_p4_f907.json

Running synthetic matrix: streaming, 4 procs, FIFO, LocalAllocation, frames=907
Running multi-process experiment
  Algorithm: FIFO
  Allocation: LocalAllocation
  Total Frames: 907
  Processes: [0, 1, 2, 3]
Results saved to: results\raw\campaign_20260404_140330_266\synthetic_streaming\multiproc_streaming_FIFO_LocalAllocation_p4_f907.json

Running synthetic matrix: streaming, 4 procs, FIFO, ProportionalAllocation, frames=907
Running multi-process experiment
  Algorithm: FIFO
  Allocation: ProportionalAllocation
  Total Frames: 907
  Processes: [0, 1, 2, 3]
Results saved to: results\raw\campaign_20260404_140330_266\synthetic_streaming\multiproc_streaming_FIFO_ProportionalAllocation_p4_f907.json

Running synthetic matrix: streaming, 4 procs, LRU, GlobalAllocation, frames=907
Running multi-process experiment
  Algorithm: LRU
  Allocation: GlobalAllocation
  Total Frames: 907
  Processes: [0, 1, 2, 3]
Results saved to: results\raw\campaign_20260404_140330_266\synthetic_streaming\multiproc_streaming_LRU_GlobalAllocation_p4_f907.json

Running synthetic matrix: streaming, 4 procs, LRU, LocalAllocation, frames=907
Running multi-process experiment
  Algorithm: LRU
  Allocation: LocalAllocation
  Total Frames: 907
  Processes: [0, 1, 2, 3]
Results saved to: results\raw\campaign_20260404_140330_266\synthetic_streaming\multiproc_streaming_LRU_LocalAllocation_p4_f907.json

Running synthetic matrix: streaming, 4 procs, LRU, ProportionalAllocation, frames=907
Running multi-process experiment
  Algorithm: LRU
  Allocation: ProportionalAllocation
  Total Frames: 907
  Processes: [0, 1, 2, 3]
Results saved to: results\raw\campaign_20260404_140330_266\synthetic_streaming\multiproc_streaming_LRU_ProportionalAllocation_p4_f907.json

Running synthetic matrix: streaming, 4 procs, NRU, GlobalAllocation, frames=907
Running multi-process experiment
  Algorithm: NRU
  Allocation: GlobalAllocation
  Total Frames: 907
  Processes: [0, 1, 2, 3]
Results saved to: results\raw\campaign_20260404_140330_266\synthetic_streaming\multiproc_streaming_NRU_GlobalAllocation_p4_f907.json

Running synthetic matrix: streaming, 4 procs, NRU, LocalAllocation, frames=907
Running multi-process experiment
  Algorithm: NRU
  Allocation: LocalAllocation
  Total Frames: 907
  Processes: [0, 1, 2, 3]
Results saved to: results\raw\campaign_20260404_140330_266\synthetic_streaming\multiproc_streaming_NRU_LocalAllocation_p4_f907.json

Running synthetic matrix: streaming, 4 procs, NRU, ProportionalAllocation, frames=907
Running multi-process experiment
  Algorithm: NRU
  Allocation: ProportionalAllocation
  Total Frames: 907
  Processes: [0, 1, 2, 3]
Results saved to: results\raw\campaign_20260404_140330_266\synthetic_streaming\multiproc_streaming_NRU_ProportionalAllocation_p4_f907.json

Running synthetic matrix: streaming, 4 procs, SecondChance, GlobalAllocation, frames=907
Running multi-process experiment
  Algorithm: SecondChance
  Allocation: GlobalAllocation
  Total Frames: 907
  Processes: [0, 1, 2, 3]
Results saved to: results\raw\campaign_20260404_140330_266\synthetic_streaming\multiproc_streaming_SecondChance_GlobalAllocation_p4_f907.json

Running synthetic matrix: streaming, 4 procs, SecondChance, LocalAllocation, frames=907
Running multi-process experiment
  Algorithm: SecondChance
  Allocation: LocalAllocation
  Total Frames: 907
  Processes: [0, 1, 2, 3]
Results saved to: results\raw\campaign_20260404_140330_266\synthetic_streaming\multiproc_streaming_SecondChance_LocalAllocation_p4_f907.json

Running synthetic matrix: streaming, 4 procs, SecondChance, ProportionalAllocation, frames=907
Running multi-process experiment
  Algorithm: SecondChance
  Allocation: ProportionalAllocation
  Total Frames: 907
  Processes: [0, 1, 2, 3]
Results saved to: results\raw\campaign_20260404_140330_266\synthetic_streaming\multiproc_streaming_SecondChance_ProportionalAllocation_p4_f907.json

Running synthetic matrix: streaming, 4 procs, WSClock, GlobalAllocation, frames=907
Running multi-process experiment
  Algorithm: WSClock
  Allocation: GlobalAllocation
  Total Frames: 907
  Processes: [0, 1, 2, 3]
Results saved to: results\raw\campaign_20260404_140330_266\synthetic_streaming\multiproc_streaming_WSClock_GlobalAllocation_p4_f907.json

Running synthetic matrix: streaming, 4 procs, WSClock, LocalAllocation, frames=907
Running multi-process experiment
  Algorithm: WSClock
  Allocation: LocalAllocation
  Total Frames: 907
  Processes: [0, 1, 2, 3]
Results saved to: results\raw\campaign_20260404_140330_266\synthetic_streaming\multiproc_streaming_WSClock_LocalAllocation_p4_f907.json

Running synthetic matrix: streaming, 4 procs, WSClock, ProportionalAllocation, frames=907
Running multi-process experiment
  Algorithm: WSClock
  Allocation: ProportionalAllocation
  Total Frames: 907
  Processes: [0, 1, 2, 3]
Results saved to: results\raw\campaign_20260404_140330_266\synthetic_streaming\multiproc_streaming_WSClock_ProportionalAllocation_p4_f907.json

Running synthetic matrix: streaming, 4 procs, FIFO, GlobalAllocation, frames=1134
Running multi-process experiment
  Algorithm: FIFO
  Allocation: GlobalAllocation
  Total Frames: 1134
  Processes: [0, 1, 2, 3]
Results saved to: results\raw\campaign_20260404_140330_266\synthetic_streaming\multiproc_streaming_FIFO_GlobalAllocation_p4_f1134.json

Running synthetic matrix: streaming, 4 procs, FIFO, LocalAllocation, frames=1134
Running multi-process experiment
  Algorithm: FIFO
  Allocation: LocalAllocation
  Total Frames: 1134
  Processes: [0, 1, 2, 3]
Results saved to: results\raw\campaign_20260404_140330_266\synthetic_streaming\multiproc_streaming_FIFO_LocalAllocation_p4_f1134.json

Running synthetic matrix: streaming, 4 procs, FIFO, ProportionalAllocation, frames=1134
Running multi-process experiment
  Algorithm: FIFO
  Allocation: ProportionalAllocation
  Total Frames: 1134
  Processes: [0, 1, 2, 3]
Results saved to: results\raw\campaign_20260404_140330_266\synthetic_streaming\multiproc_streaming_FIFO_ProportionalAllocation_p4_f1134.json

Running synthetic matrix: streaming, 4 procs, LRU, GlobalAllocation, frames=1134
Running multi-process experiment
  Algorithm: LRU
  Allocation: GlobalAllocation
  Total Frames: 1134
  Processes: [0, 1, 2, 3]
Results saved to: results\raw\campaign_20260404_140330_266\synthetic_streaming\multiproc_streaming_LRU_GlobalAllocation_p4_f1134.json

Running synthetic matrix: streaming, 4 procs, LRU, LocalAllocation, frames=1134
Running multi-process experiment
  Algorithm: LRU
  Allocation: LocalAllocation
  Total Frames: 1134
  Processes: [0, 1, 2, 3]
Results saved to: results\raw\campaign_20260404_140330_266\synthetic_streaming\multiproc_streaming_LRU_LocalAllocation_p4_f1134.json

Running synthetic matrix: streaming, 4 procs, LRU, ProportionalAllocation, frames=1134
Running multi-process experiment
  Algorithm: LRU
  Allocation: ProportionalAllocation
  Total Frames: 1134
  Processes: [0, 1, 2, 3]
Results saved to: results\raw\campaign_20260404_140330_266\synthetic_streaming\multiproc_streaming_LRU_ProportionalAllocation_p4_f1134.json

Running synthetic matrix: streaming, 4 procs, NRU, GlobalAllocation, frames=1134
Running multi-process experiment
  Algorithm: NRU
  Allocation: GlobalAllocation
  Total Frames: 1134
  Processes: [0, 1, 2, 3]
Results saved to: results\raw\campaign_20260404_140330_266\synthetic_streaming\multiproc_streaming_NRU_GlobalAllocation_p4_f1134.json

Running synthetic matrix: streaming, 4 procs, NRU, LocalAllocation, frames=1134
Running multi-process experiment
  Algorithm: NRU
  Allocation: LocalAllocation
  Total Frames: 1134
  Processes: [0, 1, 2, 3]
Results saved to: results\raw\campaign_20260404_140330_266\synthetic_streaming\multiproc_streaming_NRU_LocalAllocation_p4_f1134.json

Running synthetic matrix: streaming, 4 procs, NRU, ProportionalAllocation, frames=1134
Running multi-process experiment
  Algorithm: NRU
  Allocation: ProportionalAllocation
  Total Frames: 1134
  Processes: [0, 1, 2, 3]
Results saved to: results\raw\campaign_20260404_140330_266\synthetic_streaming\multiproc_streaming_NRU_ProportionalAllocation_p4_f1134.json

Running synthetic matrix: streaming, 4 procs, SecondChance, GlobalAllocation, frames=1134
Running multi-process experiment
  Algorithm: SecondChance
  Allocation: GlobalAllocation
  Total Frames: 1134
  Processes: [0, 1, 2, 3]
Results saved to: results\raw\campaign_20260404_140330_266\synthetic_streaming\multiproc_streaming_SecondChance_GlobalAllocation_p4_f1134.json

Running synthetic matrix: streaming, 4 procs, SecondChance, LocalAllocation, frames=1134
Running multi-process experiment
  Algorithm: SecondChance
  Allocation: LocalAllocation
  Total Frames: 1134
  Processes: [0, 1, 2, 3]
Results saved to: results\raw\campaign_20260404_140330_266\synthetic_streaming\multiproc_streaming_SecondChance_LocalAllocation_p4_f1134.json

Running synthetic matrix: streaming, 4 procs, SecondChance, ProportionalAllocation, frames=1134
Running multi-process experiment
  Algorithm: SecondChance
  Allocation: ProportionalAllocation
  Total Frames: 1134
  Processes: [0, 1, 2, 3]
Results saved to: results\raw\campaign_20260404_140330_266\synthetic_streaming\multiproc_streaming_SecondChance_ProportionalAllocation_p4_f1134.json

Running synthetic matrix: streaming, 4 procs, WSClock, GlobalAllocation, frames=1134
Running multi-process experiment
  Algorithm: WSClock
  Allocation: GlobalAllocation
  Total Frames: 1134
  Processes: [0, 1, 2, 3]
Results saved to: results\raw\campaign_20260404_140330_266\synthetic_streaming\multiproc_streaming_WSClock_GlobalAllocation_p4_f1134.json

Running synthetic matrix: streaming, 4 procs, WSClock, LocalAllocation, frames=1134
Running multi-process experiment
  Algorithm: WSClock
  Allocation: LocalAllocation
  Total Frames: 1134
  Processes: [0, 1, 2, 3]
Results saved to: results\raw\campaign_20260404_140330_266\synthetic_streaming\multiproc_streaming_WSClock_LocalAllocation_p4_f1134.json

Running synthetic matrix: streaming, 4 procs, WSClock, ProportionalAllocation, frames=1134
Running multi-process experiment
  Algorithm: WSClock
  Allocation: ProportionalAllocation
  Total Frames: 1134
  Processes: [0, 1, 2, 3]
Results saved to: results\raw\campaign_20260404_140330_266\synthetic_streaming\multiproc_streaming_WSClock_ProportionalAllocation_p4_f1134.json

Running synthetic matrix: streaming, 8 procs, FIFO, GlobalAllocation, frames=1465
Running multi-process experiment
  Algorithm: FIFO
  Allocation: GlobalAllocation
  Total Frames: 1465
  Processes: [0, 1, 2, 3, 4, 5, 6, 7]
Results saved to: results\raw\campaign_20260404_140330_266\synthetic_streaming\multiproc_streaming_FIFO_GlobalAllocation_p8_f1465.json

Running synthetic matrix: streaming, 8 procs, FIFO, LocalAllocation, frames=1465
Running multi-process experiment
  Algorithm: FIFO
  Allocation: LocalAllocation
  Total Frames: 1465
  Processes: [0, 1, 2, 3, 4, 5, 6, 7]
Results saved to: results\raw\campaign_20260404_140330_266\synthetic_streaming\multiproc_streaming_FIFO_LocalAllocation_p8_f1465.json

Running synthetic matrix: streaming, 8 procs, FIFO, ProportionalAllocation, frames=1465
Running multi-process experiment
  Algorithm: FIFO
  Allocation: ProportionalAllocation
  Total Frames: 1465
  Processes: [0, 1, 2, 3, 4, 5, 6, 7]
Results saved to: results\raw\campaign_20260404_140330_266\synthetic_streaming\multiproc_streaming_FIFO_ProportionalAllocation_p8_f1465.json

Running synthetic matrix: streaming, 8 procs, LRU, GlobalAllocation, frames=1465
Running multi-process experiment
  Algorithm: LRU
  Allocation: GlobalAllocation
  Total Frames: 1465
  Processes: [0, 1, 2, 3, 4, 5, 6, 7]
Results saved to: results\raw\campaign_20260404_140330_266\synthetic_streaming\multiproc_streaming_LRU_GlobalAllocation_p8_f1465.json

Running synthetic matrix: streaming, 8 procs, LRU, LocalAllocation, frames=1465
Running multi-process experiment
  Algorithm: LRU
  Allocation: LocalAllocation
  Total Frames: 1465
  Processes: [0, 1, 2, 3, 4, 5, 6, 7]
Results saved to: results\raw\campaign_20260404_140330_266\synthetic_streaming\multiproc_streaming_LRU_LocalAllocation_p8_f1465.json

Running synthetic matrix: streaming, 8 procs, LRU, ProportionalAllocation, frames=1465
Running multi-process experiment
  Algorithm: LRU
  Allocation: ProportionalAllocation
  Total Frames: 1465
  Processes: [0, 1, 2, 3, 4, 5, 6, 7]
Results saved to: results\raw\campaign_20260404_140330_266\synthetic_streaming\multiproc_streaming_LRU_ProportionalAllocation_p8_f1465.json

Running synthetic matrix: streaming, 8 procs, NRU, GlobalAllocation, frames=1465
Running multi-process experiment
  Algorithm: NRU
  Allocation: GlobalAllocation
  Total Frames: 1465
  Processes: [0, 1, 2, 3, 4, 5, 6, 7]
Results saved to: results\raw\campaign_20260404_140330_266\synthetic_streaming\multiproc_streaming_NRU_GlobalAllocation_p8_f1465.json

Running synthetic matrix: streaming, 8 procs, NRU, LocalAllocation, frames=1465
Running multi-process experiment
  Algorithm: NRU
  Allocation: LocalAllocation
  Total Frames: 1465
  Processes: [0, 1, 2, 3, 4, 5, 6, 7]
Results saved to: results\raw\campaign_20260404_140330_266\synthetic_streaming\multiproc_streaming_NRU_LocalAllocation_p8_f1465.json

Running synthetic matrix: streaming, 8 procs, NRU, ProportionalAllocation, frames=1465
Running multi-process experiment
  Algorithm: NRU
  Allocation: ProportionalAllocation
  Total Frames: 1465
  Processes: [0, 1, 2, 3, 4, 5, 6, 7]
Results saved to: results\raw\campaign_20260404_140330_266\synthetic_streaming\multiproc_streaming_NRU_ProportionalAllocation_p8_f1465.json

Running synthetic matrix: streaming, 8 procs, SecondChance, GlobalAllocation, frames=1465
Running multi-process experiment
  Algorithm: SecondChance
  Allocation: GlobalAllocation
  Total Frames: 1465
  Processes: [0, 1, 2, 3, 4, 5, 6, 7]
Results saved to: results\raw\campaign_20260404_140330_266\synthetic_streaming\multiproc_streaming_SecondChance_GlobalAllocation_p8_f1465.json

Running synthetic matrix: streaming, 8 procs, SecondChance, LocalAllocation, frames=1465
Running multi-process experiment
  Algorithm: SecondChance
  Allocation: LocalAllocation
  Total Frames: 1465
  Processes: [0, 1, 2, 3, 4, 5, 6, 7]
Results saved to: results\raw\campaign_20260404_140330_266\synthetic_streaming\multiproc_streaming_SecondChance_LocalAllocation_p8_f1465.json

Running synthetic matrix: streaming, 8 procs, SecondChance, ProportionalAllocation, frames=1465
Running multi-process experiment
  Algorithm: SecondChance
  Allocation: ProportionalAllocation
  Total Frames: 1465
  Processes: [0, 1, 2, 3, 4, 5, 6, 7]
Results saved to: results\raw\campaign_20260404_140330_266\synthetic_streaming\multiproc_streaming_SecondChance_ProportionalAllocation_p8_f1465.json

Running synthetic matrix: streaming, 8 procs, WSClock, GlobalAllocation, frames=1465
Running multi-process experiment
  Algorithm: WSClock
  Allocation: GlobalAllocation
  Total Frames: 1465
  Processes: [0, 1, 2, 3, 4, 5, 6, 7]
Results saved to: results\raw\campaign_20260404_140330_266\synthetic_streaming\multiproc_streaming_WSClock_GlobalAllocation_p8_f1465.json

Running synthetic matrix: streaming, 8 procs, WSClock, LocalAllocation, frames=1465
Running multi-process experiment
  Algorithm: WSClock
  Allocation: LocalAllocation
  Total Frames: 1465
  Processes: [0, 1, 2, 3, 4, 5, 6, 7]
Results saved to: results\raw\campaign_20260404_140330_266\synthetic_streaming\multiproc_streaming_WSClock_LocalAllocation_p8_f1465.json

Running synthetic matrix: streaming, 8 procs, WSClock, ProportionalAllocation, frames=1465
Running multi-process experiment
  Algorithm: WSClock
  Allocation: ProportionalAllocation
  Total Frames: 1465
  Processes: [0, 1, 2, 3, 4, 5, 6, 7]
Results saved to: results\raw\campaign_20260404_140330_266\synthetic_streaming\multiproc_streaming_WSClock_ProportionalAllocation_p8_f1465.json

Running synthetic matrix: streaming, 8 procs, FIFO, GlobalAllocation, frames=1831
Running multi-process experiment
  Algorithm: FIFO
  Allocation: GlobalAllocation
  Total Frames: 1831
  Processes: [0, 1, 2, 3, 4, 5, 6, 7]
Results saved to: results\raw\campaign_20260404_140330_266\synthetic_streaming\multiproc_streaming_FIFO_GlobalAllocation_p8_f1831.json

Running synthetic matrix: streaming, 8 procs, FIFO, LocalAllocation, frames=1831
Running multi-process experiment
  Algorithm: FIFO
  Allocation: LocalAllocation
  Total Frames: 1831
  Processes: [0, 1, 2, 3, 4, 5, 6, 7]
Results saved to: results\raw\campaign_20260404_140330_266\synthetic_streaming\multiproc_streaming_FIFO_LocalAllocation_p8_f1831.json

Running synthetic matrix: streaming, 8 procs, FIFO, ProportionalAllocation, frames=1831
Running multi-process experiment
  Algorithm: FIFO
  Allocation: ProportionalAllocation
  Total Frames: 1831
  Processes: [0, 1, 2, 3, 4, 5, 6, 7]
Results saved to: results\raw\campaign_20260404_140330_266\synthetic_streaming\multiproc_streaming_FIFO_ProportionalAllocation_p8_f1831.json

Running synthetic matrix: streaming, 8 procs, LRU, GlobalAllocation, frames=1831
Running multi-process experiment
  Algorithm: LRU
  Allocation: GlobalAllocation
  Total Frames: 1831
  Processes: [0, 1, 2, 3, 4, 5, 6, 7]
Results saved to: results\raw\campaign_20260404_140330_266\synthetic_streaming\multiproc_streaming_LRU_GlobalAllocation_p8_f1831.json

Running synthetic matrix: streaming, 8 procs, LRU, LocalAllocation, frames=1831
Running multi-process experiment
  Algorithm: LRU
  Allocation: LocalAllocation
  Total Frames: 1831
  Processes: [0, 1, 2, 3, 4, 5, 6, 7]
Results saved to: results\raw\campaign_20260404_140330_266\synthetic_streaming\multiproc_streaming_LRU_LocalAllocation_p8_f1831.json

Running synthetic matrix: streaming, 8 procs, LRU, ProportionalAllocation, frames=1831
Running multi-process experiment
  Algorithm: LRU
  Allocation: ProportionalAllocation
  Total Frames: 1831
  Processes: [0, 1, 2, 3, 4, 5, 6, 7]
Results saved to: results\raw\campaign_20260404_140330_266\synthetic_streaming\multiproc_streaming_LRU_ProportionalAllocation_p8_f1831.json

Running synthetic matrix: streaming, 8 procs, NRU, GlobalAllocation, frames=1831
Running multi-process experiment
  Algorithm: NRU
  Allocation: GlobalAllocation
  Total Frames: 1831
  Processes: [0, 1, 2, 3, 4, 5, 6, 7]
Results saved to: results\raw\campaign_20260404_140330_266\synthetic_streaming\multiproc_streaming_NRU_GlobalAllocation_p8_f1831.json

Running synthetic matrix: streaming, 8 procs, NRU, LocalAllocation, frames=1831
Running multi-process experiment
  Algorithm: NRU
  Allocation: LocalAllocation
  Total Frames: 1831
  Processes: [0, 1, 2, 3, 4, 5, 6, 7]
Results saved to: results\raw\campaign_20260404_140330_266\synthetic_streaming\multiproc_streaming_NRU_LocalAllocation_p8_f1831.json

Running synthetic matrix: streaming, 8 procs, NRU, ProportionalAllocation, frames=1831
Running multi-process experiment
  Algorithm: NRU
  Allocation: ProportionalAllocation
  Total Frames: 1831
  Processes: [0, 1, 2, 3, 4, 5, 6, 7]
Results saved to: results\raw\campaign_20260404_140330_266\synthetic_streaming\multiproc_streaming_NRU_ProportionalAllocation_p8_f1831.json

Running synthetic matrix: streaming, 8 procs, SecondChance, GlobalAllocation, frames=1831
Running multi-process experiment
  Algorithm: SecondChance
  Allocation: GlobalAllocation
  Total Frames: 1831
  Processes: [0, 1, 2, 3, 4, 5, 6, 7]
Results saved to: results\raw\campaign_20260404_140330_266\synthetic_streaming\multiproc_streaming_SecondChance_GlobalAllocation_p8_f1831.json

Running synthetic matrix: streaming, 8 procs, SecondChance, LocalAllocation, frames=1831
Running multi-process experiment
  Algorithm: SecondChance
  Allocation: LocalAllocation
  Total Frames: 1831
  Processes: [0, 1, 2, 3, 4, 5, 6, 7]
Results saved to: results\raw\campaign_20260404_140330_266\synthetic_streaming\multiproc_streaming_SecondChance_LocalAllocation_p8_f1831.json

Running synthetic matrix: streaming, 8 procs, SecondChance, ProportionalAllocation, frames=1831
Running multi-process experiment
  Algorithm: SecondChance
  Allocation: ProportionalAllocation
  Total Frames: 1831
  Processes: [0, 1, 2, 3, 4, 5, 6, 7]
Results saved to: results\raw\campaign_20260404_140330_266\synthetic_streaming\multiproc_streaming_SecondChance_ProportionalAllocation_p8_f1831.json

Running synthetic matrix: streaming, 8 procs, WSClock, GlobalAllocation, frames=1831
Running multi-process experiment
  Algorithm: WSClock
  Allocation: GlobalAllocation
  Total Frames: 1831
  Processes: [0, 1, 2, 3, 4, 5, 6, 7]
Results saved to: results\raw\campaign_20260404_140330_266\synthetic_streaming\multiproc_streaming_WSClock_GlobalAllocation_p8_f1831.json

Running synthetic matrix: streaming, 8 procs, WSClock, LocalAllocation, frames=1831
Running multi-process experiment
  Algorithm: WSClock
  Allocation: LocalAllocation
  Total Frames: 1831
  Processes: [0, 1, 2, 3, 4, 5, 6, 7]
Results saved to: results\raw\campaign_20260404_140330_266\synthetic_streaming\multiproc_streaming_WSClock_LocalAllocation_p8_f1831.json

Running synthetic matrix: streaming, 8 procs, WSClock, ProportionalAllocation, frames=1831
Running multi-process experiment
  Algorithm: WSClock
  Allocation: ProportionalAllocation
  Total Frames: 1831
  Processes: [0, 1, 2, 3, 4, 5, 6, 7]
Results saved to: results\raw\campaign_20260404_140330_266\synthetic_streaming\multiproc_streaming_WSClock_ProportionalAllocation_p8_f1831.json

Running synthetic matrix: streaming, 8 procs, FIFO, GlobalAllocation, frames=2197
Running multi-process experiment
  Algorithm: FIFO
  Allocation: GlobalAllocation
  Total Frames: 2197
  Processes: [0, 1, 2, 3, 4, 5, 6, 7]
Results saved to: results\raw\campaign_20260404_140330_266\synthetic_streaming\multiproc_streaming_FIFO_GlobalAllocation_p8_f2197.json

Running synthetic matrix: streaming, 8 procs, FIFO, LocalAllocation, frames=2197
Running multi-process experiment
  Algorithm: FIFO
  Allocation: LocalAllocation
  Total Frames: 2197
  Processes: [0, 1, 2, 3, 4, 5, 6, 7]
Results saved to: results\raw\campaign_20260404_140330_266\synthetic_streaming\multiproc_streaming_FIFO_LocalAllocation_p8_f2197.json

Running synthetic matrix: streaming, 8 procs, FIFO, ProportionalAllocation, frames=2197
Running multi-process experiment
  Algorithm: FIFO
  Allocation: ProportionalAllocation
  Total Frames: 2197
  Processes: [0, 1, 2, 3, 4, 5, 6, 7]
Results saved to: results\raw\campaign_20260404_140330_266\synthetic_streaming\multiproc_streaming_FIFO_ProportionalAllocation_p8_f2197.json

Running synthetic matrix: streaming, 8 procs, LRU, GlobalAllocation, frames=2197
Running multi-process experiment
  Algorithm: LRU
  Allocation: GlobalAllocation
  Total Frames: 2197
  Processes: [0, 1, 2, 3, 4, 5, 6, 7]
Results saved to: results\raw\campaign_20260404_140330_266\synthetic_streaming\multiproc_streaming_LRU_GlobalAllocation_p8_f2197.json

Running synthetic matrix: streaming, 8 procs, LRU, LocalAllocation, frames=2197
Running multi-process experiment
  Algorithm: LRU
  Allocation: LocalAllocation
  Total Frames: 2197
  Processes: [0, 1, 2, 3, 4, 5, 6, 7]
Results saved to: results\raw\campaign_20260404_140330_266\synthetic_streaming\multiproc_streaming_LRU_LocalAllocation_p8_f2197.json

Running synthetic matrix: streaming, 8 procs, LRU, ProportionalAllocation, frames=2197
Running multi-process experiment
  Algorithm: LRU
  Allocation: ProportionalAllocation
  Total Frames: 2197
  Processes: [0, 1, 2, 3, 4, 5, 6, 7]
Results saved to: results\raw\campaign_20260404_140330_266\synthetic_streaming\multiproc_streaming_LRU_ProportionalAllocation_p8_f2197.json

Running synthetic matrix: streaming, 8 procs, NRU, GlobalAllocation, frames=2197
Running multi-process experiment
  Algorithm: NRU
  Allocation: GlobalAllocation
  Total Frames: 2197
  Processes: [0, 1, 2, 3, 4, 5, 6, 7]
Results saved to: results\raw\campaign_20260404_140330_266\synthetic_streaming\multiproc_streaming_NRU_GlobalAllocation_p8_f2197.json

Running synthetic matrix: streaming, 8 procs, NRU, LocalAllocation, frames=2197
Running multi-process experiment
  Algorithm: NRU
  Allocation: LocalAllocation
  Total Frames: 2197
  Processes: [0, 1, 2, 3, 4, 5, 6, 7]
Results saved to: results\raw\campaign_20260404_140330_266\synthetic_streaming\multiproc_streaming_NRU_LocalAllocation_p8_f2197.json

Running synthetic matrix: streaming, 8 procs, NRU, ProportionalAllocation, frames=2197
Running multi-process experiment
  Algorithm: NRU
  Allocation: ProportionalAllocation
  Total Frames: 2197
  Processes: [0, 1, 2, 3, 4, 5, 6, 7]
Results saved to: results\raw\campaign_20260404_140330_266\synthetic_streaming\multiproc_streaming_NRU_ProportionalAllocation_p8_f2197.json

Running synthetic matrix: streaming, 8 procs, SecondChance, GlobalAllocation, frames=2197
Running multi-process experiment
  Algorithm: SecondChance
  Allocation: GlobalAllocation
  Total Frames: 2197
  Processes: [0, 1, 2, 3, 4, 5, 6, 7]
Results saved to: results\raw\campaign_20260404_140330_266\synthetic_streaming\multiproc_streaming_SecondChance_GlobalAllocation_p8_f2197.json

Running synthetic matrix: streaming, 8 procs, SecondChance, LocalAllocation, frames=2197
Running multi-process experiment
  Algorithm: SecondChance
  Allocation: LocalAllocation
  Total Frames: 2197
  Processes: [0, 1, 2, 3, 4, 5, 6, 7]
Results saved to: results\raw\campaign_20260404_140330_266\synthetic_streaming\multiproc_streaming_SecondChance_LocalAllocation_p8_f2197.json

Running synthetic matrix: streaming, 8 procs, SecondChance, ProportionalAllocation, frames=2197
Running multi-process experiment
  Algorithm: SecondChance
  Allocation: ProportionalAllocation
  Total Frames: 2197
  Processes: [0, 1, 2, 3, 4, 5, 6, 7]
Results saved to: results\raw\campaign_20260404_140330_266\synthetic_streaming\multiproc_streaming_SecondChance_ProportionalAllocation_p8_f2197.json

Running synthetic matrix: streaming, 8 procs, WSClock, GlobalAllocation, frames=2197
Running multi-process experiment
  Algorithm: WSClock
  Allocation: GlobalAllocation
  Total Frames: 2197
  Processes: [0, 1, 2, 3, 4, 5, 6, 7]
Results saved to: results\raw\campaign_20260404_140330_266\synthetic_streaming\multiproc_streaming_WSClock_GlobalAllocation_p8_f2197.json

Running synthetic matrix: streaming, 8 procs, WSClock, LocalAllocation, frames=2197
Running multi-process experiment
  Algorithm: WSClock
  Allocation: LocalAllocation
  Total Frames: 2197
  Processes: [0, 1, 2, 3, 4, 5, 6, 7]
Results saved to: results\raw\campaign_20260404_140330_266\synthetic_streaming\multiproc_streaming_WSClock_LocalAllocation_p8_f2197.json

Running synthetic matrix: streaming, 8 procs, WSClock, ProportionalAllocation, frames=2197
Running multi-process experiment
  Algorithm: WSClock
  Allocation: ProportionalAllocation
  Total Frames: 2197
  Processes: [0, 1, 2, 3, 4, 5, 6, 7]
Results saved to: results\raw\campaign_20260404_140330_266\synthetic_streaming\multiproc_streaming_WSClock_ProportionalAllocation_p8_f2197.json

Running synthetic matrix: streaming, 8 procs, FIFO, GlobalAllocation, frames=2746
Running multi-process experiment
  Algorithm: FIFO
  Allocation: GlobalAllocation
  Total Frames: 2746
  Processes: [0, 1, 2, 3, 4, 5, 6, 7]
Results saved to: results\raw\campaign_20260404_140330_266\synthetic_streaming\multiproc_streaming_FIFO_GlobalAllocation_p8_f2746.json

Running synthetic matrix: streaming, 8 procs, FIFO, LocalAllocation, frames=2746
Running multi-process experiment
  Algorithm: FIFO
  Allocation: LocalAllocation
  Total Frames: 2746
  Processes: [0, 1, 2, 3, 4, 5, 6, 7]
Results saved to: results\raw\campaign_20260404_140330_266\synthetic_streaming\multiproc_streaming_FIFO_LocalAllocation_p8_f2746.json

Running synthetic matrix: streaming, 8 procs, FIFO, ProportionalAllocation, frames=2746
Running multi-process experiment
  Algorithm: FIFO
  Allocation: ProportionalAllocation
  Total Frames: 2746
  Processes: [0, 1, 2, 3, 4, 5, 6, 7]
Results saved to: results\raw\campaign_20260404_140330_266\synthetic_streaming\multiproc_streaming_FIFO_ProportionalAllocation_p8_f2746.json

Running synthetic matrix: streaming, 8 procs, LRU, GlobalAllocation, frames=2746
Running multi-process experiment
  Algorithm: LRU
  Allocation: GlobalAllocation
  Total Frames: 2746
  Processes: [0, 1, 2, 3, 4, 5, 6, 7]
Results saved to: results\raw\campaign_20260404_140330_266\synthetic_streaming\multiproc_streaming_LRU_GlobalAllocation_p8_f2746.json

Running synthetic matrix: streaming, 8 procs, LRU, LocalAllocation, frames=2746
Running multi-process experiment
  Algorithm: LRU
  Allocation: LocalAllocation
  Total Frames: 2746
  Processes: [0, 1, 2, 3, 4, 5, 6, 7]
Results saved to: results\raw\campaign_20260404_140330_266\synthetic_streaming\multiproc_streaming_LRU_LocalAllocation_p8_f2746.json

Running synthetic matrix: streaming, 8 procs, LRU, ProportionalAllocation, frames=2746
Running multi-process experiment
  Algorithm: LRU
  Allocation: ProportionalAllocation
  Total Frames: 2746
  Processes: [0, 1, 2, 3, 4, 5, 6, 7]
Results saved to: results\raw\campaign_20260404_140330_266\synthetic_streaming\multiproc_streaming_LRU_ProportionalAllocation_p8_f2746.json

Running synthetic matrix: streaming, 8 procs, NRU, GlobalAllocation, frames=2746
Running multi-process experiment
  Algorithm: NRU
  Allocation: GlobalAllocation
  Total Frames: 2746
  Processes: [0, 1, 2, 3, 4, 5, 6, 7]
Results saved to: results\raw\campaign_20260404_140330_266\synthetic_streaming\multiproc_streaming_NRU_GlobalAllocation_p8_f2746.json

Running synthetic matrix: streaming, 8 procs, NRU, LocalAllocation, frames=2746
Running multi-process experiment
  Algorithm: NRU
  Allocation: LocalAllocation
  Total Frames: 2746
  Processes: [0, 1, 2, 3, 4, 5, 6, 7]
Results saved to: results\raw\campaign_20260404_140330_266\synthetic_streaming\multiproc_streaming_NRU_LocalAllocation_p8_f2746.json

Running synthetic matrix: streaming, 8 procs, NRU, ProportionalAllocation, frames=2746
Running multi-process experiment
  Algorithm: NRU
  Allocation: ProportionalAllocation
  Total Frames: 2746
  Processes: [0, 1, 2, 3, 4, 5, 6, 7]
Results saved to: results\raw\campaign_20260404_140330_266\synthetic_streaming\multiproc_streaming_NRU_ProportionalAllocation_p8_f2746.json

Running synthetic matrix: streaming, 8 procs, SecondChance, GlobalAllocation, frames=2746
Running multi-process experiment
  Algorithm: SecondChance
  Allocation: GlobalAllocation
  Total Frames: 2746
  Processes: [0, 1, 2, 3, 4, 5, 6, 7]
Results saved to: results\raw\campaign_20260404_140330_266\synthetic_streaming\multiproc_streaming_SecondChance_GlobalAllocation_p8_f2746.json

Running synthetic matrix: streaming, 8 procs, SecondChance, LocalAllocation, frames=2746
Running multi-process experiment
  Algorithm: SecondChance
  Allocation: LocalAllocation
  Total Frames: 2746
  Processes: [0, 1, 2, 3, 4, 5, 6, 7]
Results saved to: results\raw\campaign_20260404_140330_266\synthetic_streaming\multiproc_streaming_SecondChance_LocalAllocation_p8_f2746.json

Running synthetic matrix: streaming, 8 procs, SecondChance, ProportionalAllocation, frames=2746
Running multi-process experiment
  Algorithm: SecondChance
  Allocation: ProportionalAllocation
  Total Frames: 2746
  Processes: [0, 1, 2, 3, 4, 5, 6, 7]
Results saved to: results\raw\campaign_20260404_140330_266\synthetic_streaming\multiproc_streaming_SecondChance_ProportionalAllocation_p8_f2746.json

Running synthetic matrix: streaming, 8 procs, WSClock, GlobalAllocation, frames=2746
Running multi-process experiment
  Algorithm: WSClock
  Allocation: GlobalAllocation
  Total Frames: 2746
  Processes: [0, 1, 2, 3, 4, 5, 6, 7]
Results saved to: results\raw\campaign_20260404_140330_266\synthetic_streaming\multiproc_streaming_WSClock_GlobalAllocation_p8_f2746.json

Running synthetic matrix: streaming, 8 procs, WSClock, LocalAllocation, frames=2746
Running multi-process experiment
  Algorithm: WSClock
  Allocation: LocalAllocation
  Total Frames: 2746
  Processes: [0, 1, 2, 3, 4, 5, 6, 7]
Results saved to: results\raw\campaign_20260404_140330_266\synthetic_streaming\multiproc_streaming_WSClock_LocalAllocation_p8_f2746.json

Running synthetic matrix: streaming, 8 procs, WSClock, ProportionalAllocation, frames=2746
Running multi-process experiment
  Algorithm: WSClock
  Allocation: ProportionalAllocation
  Total Frames: 2746
  Processes: [0, 1, 2, 3, 4, 5, 6, 7]
Results saved to: results\raw\campaign_20260404_140330_266\synthetic_streaming\multiproc_streaming_WSClock_ProportionalAllocation_p8_f2746.json
Summary report saved to: results\raw\campaign_20260404_140330_266\synthetic_streaming\summary_report.txt
Summary figure saved to: results\raw\campaign_20260404_140330_266\synthetic_streaming\figures\summary_figure.png
Plot saved to: results\raw\campaign_20260404_140330_266\synthetic_streaming\figures\page_fault_comparison.png
Plot saved to: results\raw\campaign_20260404_140330_266\synthetic_streaming\figures\fairness_comparison.png
BATCH_DONE

python.exe : 
At line:56 char:1
+ & python -c $code $outDir 1> $stdoutPath 2> $stderrPath;
+ ~~~~~~~~~~~~~~~~~~~~~~~~~~~~~~~~~~~~~~~~~~~~~~~~~~~~~~~
    + CategoryInfo          : NotSpecified: (:String) [], RemoteException
    + FullyQualifiedErrorId : NativeCommandError
 
Trials:   0%|          | 0/10 [00:00<?, ?it/s]
Trials:  30%|###       | 3/10 [00:00<00:00, 24.11it/s]
Trials:  60%|######    | 6/10 [00:00<00:00, 24.25it/s]
Trials:  90%|######### | 9/10 [00:00<00:00, 24.28it/s]
Trials: 100%|##########| 10/10 [00:00<00:00, 24.24it/s]

Trials:   0%|          | 0/10 [00:00<?, ?it/s]
Trials:  30%|###       | 3/10 [00:00<00:00, 23.34it/s]
Trials:  60%|######    | 6/10 [00:00<00:00, 24.34it/s]
Trials:  90%|######### | 9/10 [00:00<00:00, 24.18it/s]
Trials: 100%|##########| 10/10 [00:00<00:00, 24.16it/s]

Trials:   0%|          | 0/10 [00:00<?, ?it/s]
Trials:  30%|###       | 3/10 [00:00<00:00, 24.64it/s]
Trials:  60%|######    | 6/10 [00:00<00:00, 24.40it/s]
Trials:  90%|######### | 9/10 [00:00<00:00, 23.41it/s]
Trials: 100%|##########| 10/10 [00:00<00:00, 23.79it/s]

Trials:   0%|          | 0/10 [00:00<?, ?it/s]
Trials:  30%|###       | 3/10 [00:00<00:00, 21.93it/s]
Trials:  60%|######    | 6/10 [00:00<00:00, 22.74it/s]
Trials:  90%|######### | 9/10 [00:00<00:00, 22.44it/s]
Trials: 100%|##########| 10/10 [00:00<00:00, 22.52it/s]

Trials:   0%|          | 0/10 [00:00<?, ?it/s]
Trials:  30%|###       | 3/10 [00:00<00:00, 23.92it/s]
Trials:  60%|######    | 6/10 [00:00<00:00, 23.49it/s]
Trials:  90%|######### | 9/10 [00:00<00:00, 22.75it/s]
Trials: 100%|##########| 10/10 [00:00<00:00, 22.64it/s]

Trials:   0%|          | 0/10 [00:00<?, ?it/s]
Trials:  30%|###       | 3/10 [00:00<00:00, 22.64it/s]
Trials:  60%|######    | 6/10 [00:00<00:00, 21.54it/s]
Trials:  90%|######### | 9/10 [00:00<00:00, 20.72it/s]
Trials: 100%|##########| 10/10 [00:00<00:00, 20.68it/s]

Trials:   0%|          | 0/10 [00:00<?, ?it/s]
Trials:  20%|##        | 2/10 [00:00<00:00, 12.81it/s]
Trials:  40%|####      | 4/10 [00:00<00:00, 13.14it/s]
Trials:  60%|######    | 6/10 [00:00<00:00, 13.60it/s]
Trials:  80%|########  | 8/10 [00:00<00:00, 13.93it/s]
Trials: 100%|##########| 10/10 [00:00<00:00, 14.07it/s]
Trials: 100%|##########| 10/10 [00:00<00:00, 13.80it/s]

Trials:   0%|          | 0/10 [00:00<?, ?it/s]
Trials:  20%|##        | 2/10 [00:00<00:00, 17.20it/s]
Trials:  40%|####      | 4/10 [00:00<00:00, 16.89it/s]
Trials:  60%|######    | 6/10 [00:00<00:00, 17.41it/s]
Trials:  80%|########  | 8/10 [00:00<00:00, 17.82it/s]
Trials: 100%|##########| 10/10 [00:00<00:00, 18.01it/s]
Trials: 100%|##########| 10/10 [00:00<00:00, 17.73it/s]

Trials:   0%|          | 0/10 [00:00<?, ?it/s]
Trials:  20%|##        | 2/10 [00:00<00:00, 17.64it/s]
Trials:  40%|####      | 4/10 [00:00<00:00, 18.15it/s]
Trials:  60%|######    | 6/10 [00:00<00:00, 17.20it/s]
Trials:  80%|########  | 8/10 [00:00<00:00, 16.89it/s]
Trials: 100%|##########| 10/10 [00:00<00:00, 17.37it/s]
Trials: 100%|##########| 10/10 [00:00<00:00, 17.36it/s]

Trials:   0%|          | 0/10 [00:00<?, ?it/s]
Trials:  30%|###       | 3/10 [00:00<00:00, 21.69it/s]
Trials:  60%|######    | 6/10 [00:00<00:00, 21.68it/s]
Trials:  90%|######### | 9/10 [00:00<00:00, 21.07it/s]
Trials: 100%|##########| 10/10 [00:00<00:00, 21.27it/s]

Trials:   0%|          | 0/10 [00:00<?, ?it/s]
Trials:  30%|###       | 3/10 [00:00<00:00, 23.22it/s]
Trials:  60%|######    | 6/10 [00:00<00:00, 23.37it/s]
Trials:  90%|######### | 9/10 [00:00<00:00, 23.35it/s]
Trials: 100%|##########| 10/10 [00:00<00:00, 23.34it/s]

Trials:   0%|          | 0/10 [00:00<?, ?it/s]
Trials:  30%|###       | 3/10 [00:00<00:00, 21.23it/s]
Trials:  60%|######    | 6/10 [00:00<00:00, 22.43it/s]
Trials:  90%|######### | 9/10 [00:00<00:00, 22.86it/s]
Trials: 100%|##########| 10/10 [00:00<00:00, 22.65it/s]

Trials:   0%|          | 0/10 [00:00<?, ?it/s]
Trials:  20%|##        | 2/10 [00:00<00:00, 16.08it/s]
Trials:  40%|####      | 4/10 [00:00<00:00, 16.84it/s]
Trials:  60%|######    | 6/10 [00:00<00:00, 15.92it/s]
Trials:  80%|########  | 8/10 [00:00<00:00, 16.35it/s]
Trials: 100%|##########| 10/10 [00:00<00:00, 16.24it/s]
Trials: 100%|##########| 10/10 [00:00<00:00, 16.26it/s]

Trials:   0%|          | 0/10 [00:00<?, ?it/s]
Trials:  20%|##        | 2/10 [00:00<00:00, 17.63it/s]
Trials:  40%|####      | 4/10 [00:00<00:00, 18.13it/s]
Trials:  60%|######    | 6/10 [00:00<00:00, 18.16it/s]
Trials:  80%|########  | 8/10 [00:00<00:00, 18.29it/s]
Trials: 100%|##########| 10/10 [00:00<00:00, 17.02it/s]
Trials: 100%|##########| 10/10 [00:00<00:00, 17.49it/s]

Trials:   0%|          | 0/10 [00:00<?, ?it/s]
Trials:  20%|##        | 2/10 [00:00<00:00, 17.97it/s]
Trials:  40%|####      | 4/10 [00:00<00:00, 18.32it/s]
Trials:  60%|######    | 6/10 [00:00<00:00, 18.09it/s]
Trials:  80%|########  | 8/10 [00:00<00:00, 18.16it/s]
Trials: 100%|##########| 10/10 [00:00<00:00, 18.34it/s]
Trials: 100%|##########| 10/10 [00:00<00:00, 18.25it/s]

Trials:   0%|          | 0/10 [00:00<?, ?it/s]
Trials:  30%|###       | 3/10 [00:00<00:00, 22.92it/s]
Trials:  60%|######    | 6/10 [00:00<00:00, 23.43it/s]
Trials:  90%|######### | 9/10 [00:00<00:00, 24.06it/s]
Trials: 100%|##########| 10/10 [00:00<00:00, 23.91it/s]

Trials:   0%|          | 0/10 [00:00<?, ?it/s]
Trials:  30%|###       | 3/10 [00:00<00:00, 25.25it/s]
Trials:  60%|######    | 6/10 [00:00<00:00, 25.16it/s]
Trials:  90%|######### | 9/10 [00:00<00:00, 24.27it/s]
Trials: 100%|##########| 10/10 [00:00<00:00, 24.58it/s]

Trials:   0%|          | 0/10 [00:00<?, ?it/s]
Trials:  30%|###       | 3/10 [00:00<00:00, 23.58it/s]
Trials:  60%|######    | 6/10 [00:00<00:00, 24.55it/s]
Trials:  90%|######### | 9/10 [00:00<00:00, 24.89it/s]
Trials: 100%|##########| 10/10 [00:00<00:00, 24.52it/s]

Trials:   0%|          | 0/10 [00:00<?, ?it/s]
Trials:  30%|###       | 3/10 [00:00<00:00, 22.49it/s]
Trials:  60%|######    | 6/10 [00:00<00:00, 23.35it/s]
Trials:  90%|######### | 9/10 [00:00<00:00, 23.65it/s]
Trials: 100%|##########| 10/10 [00:00<00:00, 23.51it/s]

Trials:   0%|          | 0/10 [00:00<?, ?it/s]
Trials:  30%|###       | 3/10 [00:00<00:00, 24.41it/s]
Trials:  60%|######    | 6/10 [00:00<00:00, 24.51it/s]
Trials:  90%|######### | 9/10 [00:00<00:00, 23.66it/s]
Trials: 100%|##########| 10/10 [00:00<00:00, 23.92it/s]

Trials:   0%|          | 0/10 [00:00<?, ?it/s]
Trials:  30%|###       | 3/10 [00:00<00:00, 24.60it/s]
Trials:  60%|######    | 6/10 [00:00<00:00, 24.57it/s]
Trials:  90%|######### | 9/10 [00:00<00:00, 24.56it/s]
Trials: 100%|##########| 10/10 [00:00<00:00, 24.55it/s]

Trials:   0%|          | 0/10 [00:00<?, ?it/s]
Trials:  30%|###       | 3/10 [00:00<00:00, 23.83it/s]
Trials:  60%|######    | 6/10 [00:00<00:00, 22.65it/s]
Trials:  90%|######### | 9/10 [00:00<00:00, 23.13it/s]
Trials: 100%|##########| 10/10 [00:00<00:00, 22.86it/s]

Trials:   0%|          | 0/10 [00:00<?, ?it/s]
Trials:  20%|##        | 2/10 [00:00<00:00, 18.50it/s]
Trials:  40%|####      | 4/10 [00:00<00:00, 19.21it/s]
Trials:  70%|#######   | 7/10 [00:00<00:00, 20.35it/s]
Trials: 100%|##########| 10/10 [00:00<00:00, 20.38it/s]
Trials: 100%|##########| 10/10 [00:00<00:00, 20.13it/s]

Trials:   0%|          | 0/10 [00:00<?, ?it/s]
Trials:  30%|###       | 3/10 [00:00<00:00, 19.15it/s]
Trials:  50%|#####     | 5/10 [00:00<00:00, 18.56it/s]
Trials:  70%|#######   | 7/10 [00:00<00:00, 18.63it/s]
Trials: 100%|##########| 10/10 [00:00<00:00, 20.82it/s]
Trials: 100%|##########| 10/10 [00:00<00:00, 20.01it/s]

Trials:   0%|          | 0/10 [00:00<?, ?it/s]
Trials:  30%|###       | 3/10 [00:00<00:00, 23.45it/s]
Trials:  60%|######    | 6/10 [00:00<00:00, 23.36it/s]
Trials:  90%|######### | 9/10 [00:00<00:00, 23.51it/s]
Trials: 100%|##########| 10/10 [00:00<00:00, 23.14it/s]

Trials:   0%|          | 0/10 [00:00<?, ?it/s]
Trials:  30%|###       | 3/10 [00:00<00:00, 23.41it/s]
Trials:  60%|######    | 6/10 [00:00<00:00, 23.94it/s]
Trials:  90%|######### | 9/10 [00:00<00:00, 24.02it/s]
Trials: 100%|##########| 10/10 [00:00<00:00, 23.96it/s]

Trials:   0%|          | 0/10 [00:00<?, ?it/s]
Trials:  30%|###       | 3/10 [00:00<00:00, 24.54it/s]
Trials:  60%|######    | 6/10 [00:00<00:00, 22.14it/s]
Trials:  90%|######### | 9/10 [00:00<00:00, 23.14it/s]
Trials: 100%|##########| 10/10 [00:00<00:00, 23.19it/s]

Trials:   0%|          | 0/10 [00:00<?, ?it/s]
Trials:  30%|###       | 3/10 [00:00<00:00, 23.67it/s]
Trials:  60%|######    | 6/10 [00:00<00:00, 23.69it/s]
Trials:  90%|######### | 9/10 [00:00<00:00, 23.66it/s]
Trials: 100%|##########| 10/10 [00:00<00:00, 23.67it/s]

Trials:   0%|          | 0/10 [00:00<?, ?it/s]
Trials:  30%|###       | 3/10 [00:00<00:00, 23.24it/s]
Trials:  60%|######    | 6/10 [00:00<00:00, 22.98it/s]
Trials:  90%|######### | 9/10 [00:00<00:00, 23.56it/s]
Trials: 100%|##########| 10/10 [00:00<00:00, 23.48it/s]

Trials:   0%|          | 0/10 [00:00<?, ?it/s]
Trials:  30%|###       | 3/10 [00:00<00:00, 23.63it/s]
Trials:  60%|######    | 6/10 [00:00<00:00, 23.84it/s]
Trials:  90%|######### | 9/10 [00:00<00:00, 23.25it/s]
Trials: 100%|##########| 10/10 [00:00<00:00, 23.49it/s]

Trials:   0%|          | 0/10 [00:00<?, ?it/s]
Trials:  30%|###       | 3/10 [00:00<00:00, 24.65it/s]
Trials:  60%|######    | 6/10 [00:00<00:00, 24.80it/s]
Trials:  90%|######### | 9/10 [00:00<00:00, 24.77it/s]
Trials: 100%|##########| 10/10 [00:00<00:00, 24.73it/s]

Trials:   0%|          | 0/10 [00:00<?, ?it/s]
Trials:  30%|###       | 3/10 [00:00<00:00, 25.36it/s]
Trials:  60%|######    | 6/10 [00:00<00:00, 24.02it/s]
Trials:  90%|######### | 9/10 [00:00<00:00, 24.48it/s]
Trials: 100%|##########| 10/10 [00:00<00:00, 24.56it/s]

Trials:   0%|          | 0/10 [00:00<?, ?it/s]
Trials:  30%|###       | 3/10 [00:00<00:00, 25.20it/s]
Trials:  60%|######    | 6/10 [00:00<00:00, 25.19it/s]
Trials:  90%|######### | 9/10 [00:00<00:00, 25.25it/s]
Trials: 100%|##########| 10/10 [00:00<00:00, 24.68it/s]

Trials:   0%|          | 0/10 [00:00<?, ?it/s]
Trials:  30%|###       | 3/10 [00:00<00:00, 22.95it/s]
Trials:  60%|######    | 6/10 [00:00<00:00, 20.96it/s]
Trials:  90%|######### | 9/10 [00:00<00:00, 22.14it/s]
Trials: 100%|##########| 10/10 [00:00<00:00, 22.19it/s]

Trials:   0%|          | 0/10 [00:00<?, ?it/s]
Trials:  30%|###       | 3/10 [00:00<00:00, 23.49it/s]
Trials:  60%|######    | 6/10 [00:00<00:00, 22.87it/s]
Trials:  90%|######### | 9/10 [00:00<00:00, 23.29it/s]
Trials: 100%|##########| 10/10 [00:00<00:00, 23.34it/s]

Trials:   0%|          | 0/10 [00:00<?, ?it/s]
Trials:  30%|###       | 3/10 [00:00<00:00, 21.67it/s]
Trials:  60%|######    | 6/10 [00:00<00:00, 23.34it/s]
Trials:  90%|######### | 9/10 [00:00<00:00, 23.86it/s]
Trials: 100%|##########| 10/10 [00:00<00:00, 23.60it/s]

Trials:   0%|          | 0/10 [00:00<?, ?it/s]
Trials:  30%|###       | 3/10 [00:00<00:00, 24.98it/s]
Trials:  60%|######    | 6/10 [00:00<00:00, 23.49it/s]
Trials:  90%|######### | 9/10 [00:00<00:00, 23.11it/s]
Trials: 100%|##########| 10/10 [00:00<00:00, 23.38it/s]

Trials:   0%|          | 0/10 [00:00<?, ?it/s]
Trials:  30%|###       | 3/10 [00:00<00:00, 24.42it/s]
Trials:  60%|######    | 6/10 [00:00<00:00, 24.50it/s]
Trials:  90%|######### | 9/10 [00:00<00:00, 24.50it/s]
Trials: 100%|##########| 10/10 [00:00<00:00, 24.13it/s]

Trials:   0%|          | 0/10 [00:00<?, ?it/s]
Trials:  30%|###       | 3/10 [00:00<00:00, 23.89it/s]
Trials:  60%|######    | 6/10 [00:00<00:00, 24.23it/s]
Trials:  90%|######### | 9/10 [00:00<00:00, 24.41it/s]
Trials: 100%|##########| 10/10 [00:00<00:00, 24.10it/s]

Trials:   0%|          | 0/10 [00:00<?, ?it/s]
Trials:  30%|###       | 3/10 [00:00<00:00, 23.66it/s]
Trials:  60%|######    | 6/10 [00:00<00:00, 22.40it/s]
Trials:  90%|######### | 9/10 [00:00<00:00, 23.03it/s]
Trials: 100%|##########| 10/10 [00:00<00:00, 23.06it/s]

Trials:   0%|          | 0/10 [00:00<?, ?it/s]
Trials:  30%|###       | 3/10 [00:00<00:00, 24.43it/s]
Trials:  60%|######    | 6/10 [00:00<00:00, 24.44it/s]
Trials:  90%|######### | 9/10 [00:00<00:00, 24.34it/s]
Trials: 100%|##########| 10/10 [00:00<00:00, 24.35it/s]

Trials:   0%|          | 0/10 [00:00<?, ?it/s]
Trials:  30%|###       | 3/10 [00:00<00:00, 21.27it/s]
Trials:  60%|######    | 6/10 [00:00<00:00, 23.02it/s]
Trials:  90%|######### | 9/10 [00:00<00:00, 23.30it/s]
Trials: 100%|##########| 10/10 [00:00<00:00, 23.13it/s]

Trials:   0%|          | 0/10 [00:00<?, ?it/s]
Trials:  30%|###       | 3/10 [00:00<00:00, 23.59it/s]
Trials:  60%|######    | 6/10 [00:00<00:00, 23.38it/s]
Trials:  90%|######### | 9/10 [00:00<00:00, 22.52it/s]
Trials: 100%|##########| 10/10 [00:00<00:00, 22.78it/s]

Trials:   0%|          | 0/10 [00:00<?, ?it/s]
Trials:  30%|###       | 3/10 [00:00<00:00, 23.27it/s]
Trials:  60%|######    | 6/10 [00:00<00:00, 23.93it/s]
Trials:  90%|######### | 9/10 [00:00<00:00, 24.13it/s]
Trials: 100%|##########| 10/10 [00:00<00:00, 24.04it/s]

Trials:   0%|          | 0/10 [00:00<?, ?it/s]
Trials:  30%|###       | 3/10 [00:00<00:00, 22.95it/s]
Trials:  60%|######    | 6/10 [00:00<00:00, 23.26it/s]
Trials:  90%|######### | 9/10 [00:00<00:00, 23.14it/s]
Trials: 100%|##########| 10/10 [00:00<00:00, 23.26it/s]

Trials:   0%|          | 0/10 [00:00<?, ?it/s]
Trials:  30%|###       | 3/10 [00:00<00:00, 24.70it/s]
Trials:  60%|######    | 6/10 [00:00<00:00, 22.78it/s]
Trials:  90%|######### | 9/10 [00:00<00:00, 23.57it/s]
Trials: 100%|##########| 10/10 [00:00<00:00, 23.64it/s]

Trials:   0%|          | 0/10 [00:00<?, ?it/s]
Trials:  30%|###       | 3/10 [00:00<00:00, 22.30it/s]
Trials:  60%|######    | 6/10 [00:00<00:00, 23.93it/s]
Trials:  90%|######### | 9/10 [00:00<00:00, 24.47it/s]
Trials: 100%|##########| 10/10 [00:00<00:00, 24.23it/s]

Trials:   0%|          | 0/10 [00:00<?, ?it/s]
Trials:  30%|###       | 3/10 [00:00<00:00, 25.26it/s]
Trials:  60%|######    | 6/10 [00:00<00:00, 25.23it/s]
Trials:  90%|######### | 9/10 [00:00<00:00, 24.04it/s]
Trials: 100%|##########| 10/10 [00:00<00:00, 24.32it/s]

Trials:   0%|          | 0/10 [00:00<?, ?it/s]
Trials:  30%|###       | 3/10 [00:00<00:00, 23.36it/s]
Trials:  60%|######    | 6/10 [00:00<00:00, 23.71it/s]
Trials:  90%|######### | 9/10 [00:00<00:00, 22.51it/s]
Trials: 100%|##########| 10/10 [00:00<00:00, 22.89it/s]

Trials:   0%|          | 0/10 [00:00<?, ?it/s]
Trials:  30%|###       | 3/10 [00:00<00:00, 24.60it/s]
Trials:  60%|######    | 6/10 [00:00<00:00, 24.06it/s]
Trials:  90%|######### | 9/10 [00:00<00:00, 24.28it/s]
Trials: 100%|##########| 10/10 [00:00<00:00, 24.28it/s]

Trials:   0%|          | 0/10 [00:00<?, ?it/s]
Trials:  30%|###       | 3/10 [00:00<00:00, 24.36it/s]
Trials:  60%|######    | 6/10 [00:00<00:00, 23.05it/s]
Trials:  90%|######### | 9/10 [00:00<00:00, 24.30it/s]
Trials: 100%|##########| 10/10 [00:00<00:00, 23.52it/s]

Trials:   0%|          | 0/10 [00:00<?, ?it/s]
Trials:  30%|###       | 3/10 [00:00<00:00, 23.29it/s]
Trials:  60%|######    | 6/10 [00:00<00:00, 23.46it/s]
Trials:  90%|######### | 9/10 [00:00<00:00, 23.64it/s]
Trials: 100%|##########| 10/10 [00:00<00:00, 23.58it/s]

Trials:   0%|          | 0/10 [00:00<?, ?it/s]
Trials:  30%|###       | 3/10 [00:00<00:00, 22.57it/s]
Trials:  60%|######    | 6/10 [00:00<00:00, 23.28it/s]
Trials:  90%|######### | 9/10 [00:00<00:00, 23.80it/s]
Trials: 100%|##########| 10/10 [00:00<00:00, 23.61it/s]

Trials:   0%|          | 0/10 [00:00<?, ?it/s]
Trials:  30%|###       | 3/10 [00:00<00:00, 24.42it/s]
Trials:  60%|######    | 6/10 [00:00<00:00, 24.31it/s]
Trials:  90%|######### | 9/10 [00:00<00:00, 23.30it/s]
Trials: 100%|##########| 10/10 [00:00<00:00, 23.66it/s]

Trials:   0%|          | 0/10 [00:00<?, ?it/s]
Trials:  30%|###       | 3/10 [00:00<00:00, 22.89it/s]
Trials:  60%|######    | 6/10 [00:00<00:00, 23.41it/s]
Trials:  90%|######### | 9/10 [00:00<00:00, 23.52it/s]
Trials: 100%|##########| 10/10 [00:00<00:00, 23.46it/s]

Trials:   0%|          | 0/10 [00:00<?, ?it/s]
Trials:  30%|###       | 3/10 [00:00<00:00, 24.42it/s]
Trials:  60%|######    | 6/10 [00:00<00:00, 22.53it/s]
Trials:  90%|######### | 9/10 [00:00<00:00, 22.82it/s]
Trials: 100%|##########| 10/10 [00:00<00:00, 23.04it/s]

Trials:   0%|          | 0/10 [00:00<?, ?it/s]
Trials:  30%|###       | 3/10 [00:00<00:00, 24.52it/s]
Trials:  60%|######    | 6/10 [00:00<00:00, 24.47it/s]
Trials:  90%|######### | 9/10 [00:00<00:00, 23.83it/s]
Trials: 100%|##########| 10/10 [00:00<00:00, 23.87it/s]

Trials:   0%|          | 0/10 [00:00<?, ?it/s]
Trials:  30%|###       | 3/10 [00:00<00:00, 23.51it/s]
Trials:  60%|######    | 6/10 [00:00<00:00, 22.62it/s]
Trials:  90%|######### | 9/10 [00:00<00:00, 23.12it/s]
Trials: 100%|##########| 10/10 [00:00<00:00, 23.10it/s]

Trials:   0%|          | 0/10 [00:00<?, ?it/s]
Trials:  30%|###       | 3/10 [00:00<00:00, 24.38it/s]
Trials:  60%|######    | 6/10 [00:00<00:00, 23.70it/s]
Trials:  90%|######### | 9/10 [00:00<00:00, 24.00it/s]
Trials: 100%|##########| 10/10 [00:00<00:00, 23.78it/s]

Trials:   0%|          | 0/10 [00:00<?, ?it/s]
Trials:  30%|###       | 3/10 [00:00<00:00, 23.59it/s]
Trials:  60%|######    | 6/10 [00:00<00:00, 24.10it/s]
Trials:  90%|######### | 9/10 [00:00<00:00, 24.29it/s]
Trials: 100%|##########| 10/10 [00:00<00:00, 23.86it/s]

Trials:   0%|          | 0/10 [00:00<?, ?it/s]
Trials:  20%|##        | 2/10 [00:00<00:00, 11.51it/s]
Trials:  40%|####      | 4/10 [00:00<00:00, 11.81it/s]
Trials:  60%|######    | 6/10 [00:00<00:00, 11.91it/s]
Trials:  80%|########  | 8/10 [00:00<00:00, 11.78it/s]
Trials: 100%|##########| 10/10 [00:00<00:00, 11.44it/s]
Trials: 100%|##########| 10/10 [00:00<00:00, 11.59it/s]

Trials:   0%|          | 0/10 [00:00<?, ?it/s]
Trials:  20%|##        | 2/10 [00:00<00:00, 12.30it/s]
Trials:  40%|####      | 4/10 [00:00<00:00, 12.43it/s]
Trials:  60%|######    | 6/10 [00:00<00:00, 12.48it/s]
Trials:  80%|########  | 8/10 [00:00<00:00, 12.01it/s]
Trials: 100%|##########| 10/10 [00:00<00:00, 12.14it/s]
Trials: 100%|##########| 10/10 [00:00<00:00, 12.20it/s]

Trials:   0%|          | 0/10 [00:00<?, ?it/s]
Trials:  20%|##        | 2/10 [00:00<00:00, 12.46it/s]
Trials:  40%|####      | 4/10 [00:00<00:00, 12.39it/s]
Trials:  60%|######    | 6/10 [00:00<00:00, 12.01it/s]
Trials:  80%|########  | 8/10 [00:00<00:00, 12.11it/s]
Trials: 100%|##########| 10/10 [00:00<00:00, 12.12it/s]
Trials: 100%|##########| 10/10 [00:00<00:00, 12.15it/s]

Trials:   0%|          | 0/10 [00:00<?, ?it/s]
Trials:  20%|##        | 2/10 [00:00<00:00, 11.55it/s]
Trials:  40%|####      | 4/10 [00:00<00:00, 10.29it/s]
Trials:  60%|######    | 6/10 [00:00<00:00, 10.58it/s]
Trials:  80%|########  | 8/10 [00:00<00:00, 10.94it/s]
Trials: 100%|##########| 10/10 [00:00<00:00, 11.14it/s]
Trials: 100%|##########| 10/10 [00:00<00:00, 10.96it/s]

Trials:   0%|          | 0/10 [00:00<?, ?it/s]
Trials:  20%|##        | 2/10 [00:00<00:00, 12.05it/s]
Trials:  40%|####      | 4/10 [00:00<00:00, 11.30it/s]
Trials:  60%|######    | 6/10 [00:00<00:00, 11.43it/s]
Trials:  80%|########  | 8/10 [00:00<00:00, 11.46it/s]
Trials: 100%|##########| 10/10 [00:00<00:00, 11.49it/s]
Trials: 100%|##########| 10/10 [00:00<00:00, 11.49it/s]

Trials:   0%|          | 0/10 [00:00<?, ?it/s]
Trials:  20%|##        | 2/10 [00:00<00:00, 11.77it/s]
Trials:  40%|####      | 4/10 [00:00<00:00, 11.74it/s]
Trials:  60%|######    | 6/10 [00:00<00:00, 11.86it/s]
Trials:  80%|########  | 8/10 [00:00<00:00, 11.89it/s]
Trials: 100%|##########| 10/10 [00:00<00:00, 11.42it/s]
Trials: 100%|##########| 10/10 [00:00<00:00, 11.60it/s]

Trials:   0%|          | 0/10 [00:00<?, ?it/s]
Trials:  10%|#         | 1/10 [00:00<00:01,  5.24it/s]
Trials:  20%|##        | 2/10 [00:00<00:01,  5.21it/s]
Trials:  30%|###       | 3/10 [00:00<00:01,  4.97it/s]
Trials:  40%|####      | 4/10 [00:00<00:01,  4.91it/s]
Trials:  50%|#####     | 5/10 [00:01<00:01,  4.97it/s]
Trials:  60%|######    | 6/10 [00:01<00:00,  5.04it/s]
Trials:  70%|#######   | 7/10 [00:01<00:00,  5.12it/s]
Trials:  80%|########  | 8/10 [00:01<00:00,  5.01it/s]
Trials:  90%|######### | 9/10 [00:01<00:00,  4.89it/s]
Trials: 100%|##########| 10/10 [00:01<00:00,  4.97it/s]
Trials: 100%|##########| 10/10 [00:01<00:00,  5.00it/s]

Trials:   0%|          | 0/10 [00:00<?, ?it/s]
Trials:  10%|#         | 1/10 [00:00<00:01,  7.78it/s]
Trials:  20%|##        | 2/10 [00:00<00:00,  8.54it/s]
Trials:  30%|###       | 3/10 [00:00<00:00,  8.69it/s]
Trials:  40%|####      | 4/10 [00:00<00:00,  8.93it/s]
Trials:  50%|#####     | 5/10 [00:00<00:00,  9.00it/s]
Trials:  60%|######    | 6/10 [00:00<00:00,  9.09it/s]
Trials:  70%|#######   | 7/10 [00:00<00:00,  8.96it/s]
Trials:  80%|########  | 8/10 [00:00<00:00,  8.63it/s]
Trials:  90%|######### | 9/10 [00:01<00:00,  8.74it/s]
Trials: 100%|##########| 10/10 [00:01<00:00,  8.84it/s]
Trials: 100%|##########| 10/10 [00:01<00:00,  8.80it/s]

Trials:   0%|          | 0/10 [00:00<?, ?it/s]
Trials:  10%|#         | 1/10 [00:00<00:01,  8.82it/s]
Trials:  20%|##        | 2/10 [00:00<00:00,  8.92it/s]
Trials:  30%|###       | 3/10 [00:00<00:00,  8.94it/s]
Trials:  40%|####      | 4/10 [00:00<00:00,  8.71it/s]
Trials:  50%|#####     | 5/10 [00:00<00:00,  8.76it/s]
Trials:  60%|######    | 6/10 [00:00<00:00,  8.85it/s]
Trials:  70%|#######   | 7/10 [00:00<00:00,  8.89it/s]
Trials:  80%|########  | 8/10 [00:00<00:00,  8.94it/s]
Trials:  90%|######### | 9/10 [00:01<00:00,  8.92it/s]
Trials: 100%|##########| 10/10 [00:01<00:00,  8.54it/s]
Trials: 100%|##########| 10/10 [00:01<00:00,  8.76it/s]

Trials:   0%|          | 0/10 [00:00<?, ?it/s]
Trials:  20%|##        | 2/10 [00:00<00:00,  9.96it/s]
Trials:  30%|###       | 3/10 [00:00<00:00,  9.70it/s]
Trials:  50%|#####     | 5/10 [00:00<00:00,  9.89it/s]
Trials:  60%|######    | 6/10 [00:00<00:00,  9.70it/s]
Trials:  70%|#######   | 7/10 [00:00<00:00,  9.68it/s]
Trials:  90%|######### | 9/10 [00:00<00:00,  9.83it/s]
Trials: 100%|##########| 10/10 [00:01<00:00,  9.84it/s]
Trials: 100%|##########| 10/10 [00:01<00:00,  9.81it/s]

Trials:   0%|          | 0/10 [00:00<?, ?it/s]
Trials:  20%|##        | 2/10 [00:00<00:00, 11.66it/s]
Trials:  40%|####      | 4/10 [00:00<00:00, 11.23it/s]
Trials:  60%|######    | 6/10 [00:00<00:00, 11.40it/s]
Trials:  80%|########  | 8/10 [00:00<00:00, 11.49it/s]
Trials: 100%|##########| 10/10 [00:00<00:00, 11.53it/s]
Trials: 100%|##########| 10/10 [00:00<00:00, 11.48it/s]

Trials:   0%|          | 0/10 [00:00<?, ?it/s]
Trials:  20%|##        | 2/10 [00:00<00:00, 10.61it/s]
Trials:  40%|####      | 4/10 [00:00<00:00, 11.39it/s]
Trials:  60%|######    | 6/10 [00:00<00:00, 11.15it/s]
Trials:  80%|########  | 8/10 [00:00<00:00, 11.33it/s]
Trials: 100%|##########| 10/10 [00:00<00:00, 10.87it/s]
Trials: 100%|##########| 10/10 [00:00<00:00, 11.00it/s]

Trials:   0%|          | 0/10 [00:00<?, ?it/s]
Trials:  10%|#         | 1/10 [00:00<00:01,  8.72it/s]
Trials:  20%|##        | 2/10 [00:00<00:00,  8.67it/s]
Trials:  30%|###       | 3/10 [00:00<00:00,  8.17it/s]
Trials:  40%|####      | 4/10 [00:00<00:00,  8.78it/s]
Trials:  50%|#####     | 5/10 [00:00<00:00,  8.72it/s]
Trials:  60%|######    | 6/10 [00:00<00:00,  8.51it/s]
Trials:  70%|#######   | 7/10 [00:00<00:00,  8.33it/s]
Trials:  80%|########  | 8/10 [00:00<00:00,  8.50it/s]
Trials:  90%|######### | 9/10 [00:01<00:00,  8.64it/s]
Trials: 100%|##########| 10/10 [00:01<00:00,  8.57it/s]
Trials: 100%|##########| 10/10 [00:01<00:00,  8.55it/s]

Trials:   0%|          | 0/10 [00:00<?, ?it/s]
Trials:  10%|#         | 1/10 [00:00<00:00,  9.58it/s]
Trials:  20%|##        | 2/10 [00:00<00:00,  8.84it/s]
Trials:  30%|###       | 3/10 [00:00<00:00,  8.95it/s]
Trials:  40%|####      | 4/10 [00:00<00:00,  9.22it/s]
Trials:  50%|#####     | 5/10 [00:00<00:00,  9.26it/s]
Trials:  60%|######    | 6/10 [00:00<00:00,  9.28it/s]
Trials:  70%|#######   | 7/10 [00:00<00:00,  9.36it/s]
Trials:  80%|########  | 8/10 [00:00<00:00,  9.13it/s]
Trials:  90%|######### | 9/10 [00:00<00:00,  9.20it/s]
Trials: 100%|##########| 10/10 [00:01<00:00,  9.00it/s]
Trials: 100%|##########| 10/10 [00:01<00:00,  9.13it/s]

Trials:   0%|          | 0/10 [00:00<?, ?it/s]
Trials:  10%|#         | 1/10 [00:00<00:00,  9.47it/s]
Trials:  20%|##        | 2/10 [00:00<00:00,  9.54it/s]
Trials:  30%|###       | 3/10 [00:00<00:00,  9.49it/s]
Trials:  40%|####      | 4/10 [00:00<00:00,  8.82it/s]
Trials:  50%|#####     | 5/10 [00:00<00:00,  9.06it/s]
Trials:  60%|######    | 6/10 [00:00<00:00,  8.62it/s]
Trials:  70%|#######   | 7/10 [00:00<00:00,  8.90it/s]
Trials:  80%|########  | 8/10 [00:00<00:00,  9.16it/s]
Trials:  90%|######### | 9/10 [00:00<00:00,  9.17it/s]
Trials: 100%|##########| 10/10 [00:01<00:00,  9.13it/s]
Trials: 100%|##########| 10/10 [00:01<00:00,  9.09it/s]

Trials:   0%|          | 0/10 [00:00<?, ?it/s]
Trials:  20%|##        | 2/10 [00:00<00:00, 11.17it/s]
Trials:  40%|####      | 4/10 [00:00<00:00, 11.73it/s]
Trials:  60%|######    | 6/10 [00:00<00:00, 11.97it/s]
Trials:  80%|########  | 8/10 [00:00<00:00, 12.04it/s]
Trials: 100%|##########| 10/10 [00:00<00:00, 11.60it/s]
Trials: 100%|##########| 10/10 [00:00<00:00, 11.69it/s]

Trials:   0%|          | 0/10 [00:00<?, ?it/s]
Trials:  20%|##        | 2/10 [00:00<00:00, 12.46it/s]
Trials:  40%|####      | 4/10 [00:00<00:00, 12.09it/s]
Trials:  60%|######    | 6/10 [00:00<00:00, 12.46it/s]
Trials:  80%|########  | 8/10 [00:00<00:00, 11.74it/s]
Trials: 100%|##########| 10/10 [00:00<00:00, 11.86it/s]
Trials: 100%|##########| 10/10 [00:00<00:00, 11.97it/s]

Trials:   0%|          | 0/10 [00:00<?, ?it/s]
Trials:  20%|##        | 2/10 [00:00<00:00, 12.55it/s]
Trials:  40%|####      | 4/10 [00:00<00:00, 12.54it/s]
Trials:  60%|######    | 6/10 [00:00<00:00, 12.52it/s]
Trials:  80%|########  | 8/10 [00:00<00:00, 12.18it/s]
Trials: 100%|##########| 10/10 [00:00<00:00, 12.32it/s]
Trials: 100%|##########| 10/10 [00:00<00:00, 12.36it/s]

Trials:   0%|          | 0/10 [00:00<?, ?it/s]
Trials:  20%|##        | 2/10 [00:00<00:00, 11.85it/s]
Trials:  40%|####      | 4/10 [00:00<00:00, 11.85it/s]
Trials:  60%|######    | 6/10 [00:00<00:00, 11.62it/s]
Trials:  80%|########  | 8/10 [00:00<00:00, 11.72it/s]
Trials: 100%|##########| 10/10 [00:00<00:00, 11.77it/s]
Trials: 100%|##########| 10/10 [00:00<00:00, 11.75it/s]

Trials:   0%|          | 0/10 [00:00<?, ?it/s]
Trials:  20%|##        | 2/10 [00:00<00:00, 12.20it/s]
Trials:  40%|####      | 4/10 [00:00<00:00, 11.71it/s]
Trials:  60%|######    | 6/10 [00:00<00:00, 11.72it/s]
Trials:  80%|########  | 8/10 [00:00<00:00, 11.84it/s]
Trials: 100%|##########| 10/10 [00:00<00:00, 11.97it/s]
Trials: 100%|##########| 10/10 [00:00<00:00, 11.90it/s]

Trials:   0%|          | 0/10 [00:00<?, ?it/s]
Trials:  20%|##        | 2/10 [00:00<00:00, 11.86it/s]
Trials:  40%|####      | 4/10 [00:00<00:00, 12.05it/s]
Trials:  60%|######    | 6/10 [00:00<00:00, 12.15it/s]
Trials:  80%|########  | 8/10 [00:00<00:00, 11.87it/s]
Trials: 100%|##########| 10/10 [00:00<00:00, 12.00it/s]
Trials: 100%|##########| 10/10 [00:00<00:00, 12.00it/s]

Trials:   0%|          | 0/10 [00:00<?, ?it/s]
Trials:  20%|##        | 2/10 [00:00<00:00, 11.37it/s]
Trials:  40%|####      | 4/10 [00:00<00:00, 11.25it/s]
Trials:  60%|######    | 6/10 [00:00<00:00, 10.50it/s]
Trials:  80%|########  | 8/10 [00:00<00:00, 10.89it/s]
Trials: 100%|##########| 10/10 [00:00<00:00, 11.10it/s]
Trials: 100%|##########| 10/10 [00:00<00:00, 11.02it/s]

Trials:   0%|          | 0/10 [00:00<?, ?it/s]
Trials:  20%|##        | 2/10 [00:00<00:00, 11.25it/s]
Trials:  40%|####      | 4/10 [00:00<00:00, 10.57it/s]
Trials:  60%|######    | 6/10 [00:00<00:00, 10.76it/s]
Trials:  80%|########  | 8/10 [00:00<00:00, 11.01it/s]
Trials: 100%|##########| 10/10 [00:00<00:00, 10.89it/s]
Trials: 100%|##########| 10/10 [00:00<00:00, 10.88it/s]

Trials:   0%|          | 0/10 [00:00<?, ?it/s]
Trials:  20%|##        | 2/10 [00:00<00:00, 12.10it/s]
Trials:  40%|####      | 4/10 [00:00<00:00, 11.55it/s]
Trials:  60%|######    | 6/10 [00:00<00:00, 11.76it/s]
Trials:  80%|########  | 8/10 [00:00<00:00, 11.88it/s]
Trials: 100%|##########| 10/10 [00:00<00:00, 11.93it/s]
Trials: 100%|##########| 10/10 [00:00<00:00, 11.87it/s]

Trials:   0%|          | 0/10 [00:00<?, ?it/s]
Trials:  20%|##        | 2/10 [00:00<00:00, 10.52it/s]
Trials:  40%|####      | 4/10 [00:00<00:00, 10.93it/s]
Trials:  60%|######    | 6/10 [00:00<00:00, 10.97it/s]
Trials:  80%|########  | 8/10 [00:00<00:00, 11.07it/s]
Trials: 100%|##########| 10/10 [00:00<00:00, 10.60it/s]
Trials: 100%|##########| 10/10 [00:00<00:00, 10.74it/s]

Trials:   0%|          | 0/10 [00:00<?, ?it/s]
Trials:  20%|##        | 2/10 [00:00<00:00, 12.01it/s]
Trials:  40%|####      | 4/10 [00:00<00:00, 11.83it/s]
Trials:  60%|######    | 6/10 [00:00<00:00, 11.87it/s]
Trials:  80%|########  | 8/10 [00:00<00:00, 11.48it/s]
Trials: 100%|##########| 10/10 [00:00<00:00, 11.67it/s]
Trials: 100%|##########| 10/10 [00:00<00:00, 11.70it/s]

Trials:   0%|          | 0/10 [00:00<?, ?it/s]
Trials:  20%|##        | 2/10 [00:00<00:00, 12.03it/s]
Trials:  40%|####      | 4/10 [00:00<00:00, 12.09it/s]
Trials:  60%|######    | 6/10 [00:00<00:00, 11.70it/s]
Trials:  80%|########  | 8/10 [00:00<00:00, 11.83it/s]
Trials: 100%|##########| 10/10 [00:00<00:00, 11.93it/s]
Trials: 100%|##########| 10/10 [00:00<00:00, 11.91it/s]

Trials:   0%|          | 0/10 [00:00<?, ?it/s]
Trials:  20%|##        | 2/10 [00:00<00:00, 10.60it/s]
Trials:  40%|####      | 4/10 [00:00<00:00, 11.01it/s]
Trials:  60%|######    | 6/10 [00:00<00:00, 11.14it/s]
Trials:  80%|########  | 8/10 [00:00<00:00, 11.21it/s]
Trials: 100%|##########| 10/10 [00:00<00:00, 11.01it/s]
Trials: 100%|##########| 10/10 [00:00<00:00, 11.03it/s]

Trials:   0%|          | 0/10 [00:00<?, ?it/s]
Trials:  20%|##        | 2/10 [00:00<00:00, 12.03it/s]
Trials:  40%|####      | 4/10 [00:00<00:00, 12.03it/s]
Trials:  60%|######    | 6/10 [00:00<00:00, 12.23it/s]
Trials:  80%|########  | 8/10 [00:00<00:00, 12.09it/s]
Trials: 100%|##########| 10/10 [00:00<00:00, 11.81it/s]
Trials: 100%|##########| 10/10 [00:00<00:00, 11.94it/s]

Trials:   0%|          | 0/10 [00:00<?, ?it/s]
Trials:  20%|##        | 2/10 [00:00<00:00, 12.13it/s]
Trials:  40%|####      | 4/10 [00:00<00:00, 11.79it/s]
Trials:  60%|######    | 6/10 [00:00<00:00, 11.68it/s]
Trials:  80%|########  | 8/10 [00:00<00:00, 11.56it/s]
Trials: 100%|##########| 10/10 [00:00<00:00, 11.51it/s]
Trials: 100%|##########| 10/10 [00:00<00:00, 11.60it/s]

Trials:   0%|          | 0/10 [00:00<?, ?it/s]
Trials:  20%|##        | 2/10 [00:00<00:00, 12.20it/s]
Trials:  40%|####      | 4/10 [00:00<00:00, 11.58it/s]
Trials:  60%|######    | 6/10 [00:00<00:00, 11.90it/s]
Trials:  80%|########  | 8/10 [00:00<00:00, 12.05it/s]
Trials: 100%|##########| 10/10 [00:00<00:00, 12.14it/s]
Trials: 100%|##########| 10/10 [00:00<00:00, 12.04it/s]

Trials:   0%|          | 0/10 [00:00<?, ?it/s]
Trials:  20%|##        | 2/10 [00:00<00:00, 11.78it/s]
Trials:  40%|####      | 4/10 [00:00<00:00, 12.26it/s]
Trials:  60%|######    | 6/10 [00:00<00:00, 12.39it/s]
Trials:  80%|########  | 8/10 [00:00<00:00, 12.04it/s]
Trials: 100%|##########| 10/10 [00:00<00:00, 11.94it/s]
Trials: 100%|##########| 10/10 [00:00<00:00, 12.04it/s]

Trials:   0%|          | 0/10 [00:00<?, ?it/s]
Trials:  20%|##        | 2/10 [00:00<00:00, 12.60it/s]
Trials:  40%|####      | 4/10 [00:00<00:00, 12.55it/s]
Trials:  60%|######    | 6/10 [00:00<00:00, 12.54it/s]
Trials:  80%|########  | 8/10 [00:00<00:00, 12.18it/s]
Trials: 100%|##########| 10/10 [00:00<00:00, 12.09it/s]
Trials: 100%|##########| 10/10 [00:00<00:00, 12.23it/s]

Trials:   0%|          | 0/10 [00:00<?, ?it/s]
Trials:  20%|##        | 2/10 [00:00<00:00, 11.71it/s]
Trials:  40%|####      | 4/10 [00:00<00:00, 11.44it/s]
Trials:  60%|######    | 6/10 [00:00<00:00, 11.62it/s]
Trials:  80%|########  | 8/10 [00:00<00:00, 11.73it/s]
Trials: 100%|##########| 10/10 [00:00<00:00, 11.78it/s]
Trials: 100%|##########| 10/10 [00:00<00:00, 11.71it/s]

Trials:   0%|          | 0/10 [00:00<?, ?it/s]
Trials:  20%|##        | 2/10 [00:00<00:00, 12.24it/s]
Trials:  40%|####      | 4/10 [00:00<00:00, 11.53it/s]
Trials:  60%|######    | 6/10 [00:00<00:00, 11.85it/s]
Trials:  80%|########  | 8/10 [00:00<00:00, 12.19it/s]
Trials: 100%|##########| 10/10 [00:00<00:00, 12.22it/s]
Trials: 100%|##########| 10/10 [00:00<00:00, 12.09it/s]

Trials:   0%|          | 0/10 [00:00<?, ?it/s]
Trials:  20%|##        | 2/10 [00:00<00:00, 11.36it/s]
Trials:  40%|####      | 4/10 [00:00<00:00, 11.14it/s]
Trials:  60%|######    | 6/10 [00:00<00:00, 11.59it/s]
Trials:  80%|########  | 8/10 [00:00<00:00, 11.74it/s]
Trials: 100%|##########| 10/10 [00:00<00:00, 11.88it/s]
Trials: 100%|##########| 10/10 [00:00<00:00, 11.71it/s]

Trials:   0%|          | 0/10 [00:00<?, ?it/s]
Trials:  20%|##        | 2/10 [00:00<00:00, 11.09it/s]
Trials:  40%|####      | 4/10 [00:00<00:00, 11.45it/s]
Trials:  60%|######    | 6/10 [00:00<00:00, 11.41it/s]
Trials:  80%|########  | 8/10 [00:00<00:00, 11.39it/s]
Trials: 100%|##########| 10/10 [00:00<00:00, 11.22it/s]
Trials: 100%|##########| 10/10 [00:00<00:00, 11.28it/s]

Trials:   0%|          | 0/10 [00:00<?, ?it/s]
Trials:  20%|##        | 2/10 [00:00<00:00, 11.71it/s]
Trials:  40%|####      | 4/10 [00:00<00:00, 11.96it/s]
Trials:  60%|######    | 6/10 [00:00<00:00, 11.75it/s]
Trials:  80%|########  | 8/10 [00:00<00:00, 11.71it/s]
Trials: 100%|##########| 10/10 [00:00<00:00, 11.86it/s]
Trials: 100%|##########| 10/10 [00:00<00:00, 11.82it/s]

Trials:   0%|          | 0/10 [00:00<?, ?it/s]
Trials:  20%|##        | 2/10 [00:00<00:00, 12.13it/s]
Trials:  40%|####      | 4/10 [00:00<00:00, 11.24it/s]
Trials:  60%|######    | 6/10 [00:00<00:00, 11.65it/s]
Trials:  80%|########  | 8/10 [00:00<00:00, 11.85it/s]
Trials: 100%|##########| 10/10 [00:00<00:00, 11.96it/s]
Trials: 100%|##########| 10/10 [00:00<00:00, 11.83it/s]

Trials:   0%|          | 0/10 [00:00<?, ?it/s]
Trials:  20%|##        | 2/10 [00:00<00:00, 10.53it/s]
Trials:  40%|####      | 4/10 [00:00<00:00, 10.98it/s]
Trials:  60%|######    | 6/10 [00:00<00:00, 11.14it/s]
Trials:  80%|########  | 8/10 [00:00<00:00, 11.22it/s]
Trials: 100%|##########| 10/10 [00:00<00:00, 10.83it/s]
Trials: 100%|##########| 10/10 [00:00<00:00, 10.92it/s]

Trials:   0%|          | 0/10 [00:00<?, ?it/s]
Trials:  20%|##        | 2/10 [00:00<00:00, 12.12it/s]
Trials:  40%|####      | 4/10 [00:00<00:00, 12.11it/s]
Trials:  60%|######    | 6/10 [00:00<00:00, 12.14it/s]
Trials:  80%|########  | 8/10 [00:00<00:00, 11.78it/s]
Trials: 100%|##########| 10/10 [00:00<00:00, 11.85it/s]
Trials: 100%|##########| 10/10 [00:00<00:00, 11.92it/s]

Trials:   0%|          | 0/10 [00:00<?, ?it/s]
Trials:  20%|##        | 2/10 [00:00<00:00, 12.05it/s]
Trials:  40%|####      | 4/10 [00:00<00:00, 12.09it/s]
Trials:  60%|######    | 6/10 [00:00<00:00, 12.06it/s]
Trials:  80%|########  | 8/10 [00:00<00:00, 11.76it/s]
Trials: 100%|##########| 10/10 [00:00<00:00, 11.89it/s]
Trials: 100%|##########| 10/10 [00:00<00:00, 11.92it/s]

Trials:   0%|          | 0/10 [00:00<?, ?it/s]
Trials:  20%|##        | 2/10 [00:00<00:00, 11.27it/s]
Trials:  40%|####      | 4/10 [00:00<00:00, 11.31it/s]
Trials:  60%|######    | 6/10 [00:00<00:00, 10.97it/s]
Trials:  80%|########  | 8/10 [00:00<00:00, 10.99it/s]
Trials: 100%|##########| 10/10 [00:00<00:00, 10.27it/s]
Trials: 100%|##########| 10/10 [00:00<00:00, 10.62it/s]

Trials:   0%|          | 0/10 [00:00<?, ?it/s]
Trials:  20%|##        | 2/10 [00:00<00:00, 11.28it/s]
Trials:  40%|####      | 4/10 [00:00<00:00, 11.26it/s]
Trials:  60%|######    | 6/10 [00:00<00:00, 11.65it/s]
Trials:  80%|########  | 8/10 [00:00<00:00, 11.84it/s]
Trials: 100%|##########| 10/10 [00:00<00:00, 11.72it/s]
Trials: 100%|##########| 10/10 [00:00<00:00, 11.65it/s]

Trials:   0%|          | 0/10 [00:00<?, ?it/s]
Trials:  20%|##        | 2/10 [00:00<00:00, 12.12it/s]
Trials:  40%|####      | 4/10 [00:00<00:00, 11.80it/s]
Trials:  60%|######    | 6/10 [00:00<00:00, 11.95it/s]
Trials:  80%|########  | 8/10 [00:00<00:00, 12.03it/s]
Trials: 100%|##########| 10/10 [00:00<00:00, 11.75it/s]
Trials: 100%|##########| 10/10 [00:00<00:00, 11.84it/s]

Trials:   0%|          | 0/10 [00:00<?, ?it/s]
Trials:  20%|##        | 2/10 [00:00<00:00, 12.31it/s]
Trials:  40%|####      | 4/10 [00:00<00:00, 12.13it/s]
Trials:  60%|######    | 6/10 [00:00<00:00, 12.18it/s]
Trials:  80%|########  | 8/10 [00:00<00:00, 11.93it/s]
Trials: 100%|##########| 10/10 [00:00<00:00, 12.04it/s]
Trials: 100%|##########| 10/10 [00:00<00:00, 12.06it/s]

Trials:   0%|          | 0/10 [00:00<?, ?it/s]
Trials:  20%|##        | 2/10 [00:00<00:00, 11.85it/s]
Trials:  40%|####      | 4/10 [00:00<00:00, 12.25it/s]
Trials:  60%|######    | 6/10 [00:00<00:00, 11.95it/s]
Trials:  80%|########  | 8/10 [00:00<00:00, 11.67it/s]
Trials: 100%|##########| 10/10 [00:00<00:00, 12.11it/s]
Trials: 100%|##########| 10/10 [00:00<00:00, 12.02it/s]

Trials:   0%|          | 0/10 [00:00<?, ?it/s]
Trials:  20%|##        | 2/10 [00:00<00:00, 12.74it/s]
Trials:  40%|####      | 4/10 [00:00<00:00, 12.63it/s]
Trials:  60%|######    | 6/10 [00:00<00:00, 12.60it/s]
Trials:  80%|########  | 8/10 [00:00<00:00, 12.29it/s]
Trials: 100%|##########| 10/10 [00:00<00:00, 12.40it/s]
Trials: 100%|##########| 10/10 [00:00<00:00, 12.45it/s]

Trials:   0%|          | 0/10 [00:00<?, ?it/s]
Trials:  20%|##        | 2/10 [00:00<00:00, 11.82it/s]
Trials:  40%|####      | 4/10 [00:00<00:00, 11.55it/s]
Trials:  60%|######    | 6/10 [00:00<00:00, 11.37it/s]
Trials:  80%|########  | 8/10 [00:00<00:00, 11.56it/s]
Trials: 100%|##########| 10/10 [00:00<00:00, 11.69it/s]
Trials: 100%|##########| 10/10 [00:00<00:00, 11.62it/s]

Trials:   0%|          | 0/10 [00:00<?, ?it/s]
Trials:  20%|##        | 2/10 [00:00<00:00, 12.01it/s]
Trials:  40%|####      | 4/10 [00:00<00:00, 11.81it/s]
Trials:  60%|######    | 6/10 [00:00<00:00, 11.99it/s]
Trials:  80%|########  | 8/10 [00:00<00:00, 12.09it/s]
Trials: 100%|##########| 10/10 [00:00<00:00, 12.01it/s]
Trials: 100%|##########| 10/10 [00:00<00:00, 12.00it/s]

Trials:   0%|          | 0/10 [00:00<?, ?it/s]
Trials:  20%|##        | 2/10 [00:00<00:00, 11.01it/s]
Trials:  40%|####      | 4/10 [00:00<00:00, 11.66it/s]
Trials:  60%|######    | 6/10 [00:00<00:00, 11.93it/s]
Trials:  80%|########  | 8/10 [00:00<00:00, 12.07it/s]
Trials: 100%|##########| 10/10 [00:00<00:00, 11.86it/s]
Trials: 100%|##########| 10/10 [00:00<00:00, 11.83it/s]

Trials:   0%|          | 0/10 [00:00<?, ?it/s]
Trials:  20%|##        | 2/10 [00:00<00:00, 11.42it/s]
Trials:  40%|####      | 4/10 [00:00<00:00, 11.57it/s]
Trials:  60%|######    | 6/10 [00:00<00:00, 11.64it/s]
Trials:  80%|########  | 8/10 [00:00<00:00, 11.55it/s]
Trials: 100%|##########| 10/10 [00:00<00:00, 11.47it/s]
Trials: 100%|##########| 10/10 [00:00<00:00, 11.51it/s]

Trials:   0%|          | 0/10 [00:00<?, ?it/s]
Trials:  20%|##        | 2/10 [00:00<00:00, 10.91it/s]
Trials:  40%|####      | 4/10 [00:00<00:00, 11.23it/s]
Trials:  60%|######    | 6/10 [00:00<00:00, 11.51it/s]
Trials:  80%|########  | 8/10 [00:00<00:00, 11.56it/s]
Trials: 100%|##########| 10/10 [00:00<00:00, 11.77it/s]
Trials: 100%|##########| 10/10 [00:00<00:00, 11.59it/s]

Trials:   0%|          | 0/10 [00:00<?, ?it/s]
Trials:  20%|##        | 2/10 [00:00<00:00, 12.97it/s]
Trials:  40%|####      | 4/10 [00:00<00:00, 12.48it/s]
Trials:  60%|######    | 6/10 [00:00<00:00, 11.60it/s]
Trials:  80%|########  | 8/10 [00:00<00:00, 11.59it/s]
Trials: 100%|##########| 10/10 [00:00<00:00, 11.43it/s]
Trials: 100%|##########| 10/10 [00:00<00:00, 11.66it/s]

Trials:   0%|          | 0/10 [00:00<?, ?it/s]
Trials:  20%|##        | 2/10 [00:00<00:00, 11.35it/s]
Trials:  40%|####      | 4/10 [00:00<00:00, 11.01it/s]
Trials:  60%|######    | 6/10 [00:00<00:00, 10.93it/s]
Trials:  80%|########  | 8/10 [00:00<00:00, 11.07it/s]
Trials: 100%|##########| 10/10 [00:00<00:00, 10.86it/s]
Trials: 100%|##########| 10/10 [00:00<00:00, 10.94it/s]

Trials:   0%|          | 0/10 [00:00<?, ?it/s]
Trials:  20%|##        | 2/10 [00:00<00:00, 12.12it/s]
Trials:  40%|####      | 4/10 [00:00<00:00, 12.12it/s]
Trials:  60%|######    | 6/10 [00:00<00:00, 12.12it/s]
Trials:  80%|########  | 8/10 [00:00<00:00, 11.90it/s]
Trials: 100%|##########| 10/10 [00:00<00:00, 11.79it/s]
Trials: 100%|##########| 10/10 [00:00<00:00, 11.90it/s]

Trials:   0%|          | 0/10 [00:00<?, ?it/s]
Trials:  20%|##        | 2/10 [00:00<00:00, 12.12it/s]
Trials:  40%|####      | 4/10 [00:00<00:00, 12.12it/s]
Trials:  60%|######    | 6/10 [00:00<00:00, 12.12it/s]
Trials:  80%|########  | 8/10 [00:00<00:00, 11.90it/s]
Trials: 100%|##########| 10/10 [00:00<00:00, 11.98it/s]
Trials: 100%|##########| 10/10 [00:00<00:00, 12.01it/s]

Trials:   0%|          | 0/10 [00:00<?, ?it/s]
Trials:  20%|##        | 2/10 [00:00<00:00, 11.25it/s]
Trials:  40%|####      | 4/10 [00:00<00:00, 11.26it/s]
Trials:  60%|######    | 6/10 [00:00<00:00, 10.87it/s]
Trials:  80%|########  | 8/10 [00:00<00:00, 11.03it/s]
Trials: 100%|##########| 10/10 [00:00<00:00, 10.94it/s]
Trials: 100%|##########| 10/10 [00:00<00:00, 10.99it/s]

Trials:   0%|          | 0/10 [00:00<?, ?it/s]
Trials:  10%|#         | 1/10 [00:00<00:00,  9.57it/s]
Trials:  30%|###       | 3/10 [00:00<00:00, 10.70it/s]
Trials:  50%|#####     | 5/10 [00:00<00:00, 11.40it/s]
Trials:  70%|#######   | 7/10 [00:00<00:00, 11.69it/s]
Trials:  90%|######### | 9/10 [00:00<00:00, 11.74it/s]
Trials: 100%|##########| 10/10 [00:00<00:00, 11.44it/s]

Trials:   0%|          | 0/10 [00:00<?, ?it/s]
Trials:  20%|##        | 2/10 [00:00<00:00, 12.35it/s]
Trials:  40%|####      | 4/10 [00:00<00:00, 11.92it/s]
Trials:  60%|######    | 6/10 [00:00<00:00, 12.02it/s]
Trials:  80%|########  | 8/10 [00:00<00:00, 12.05it/s]
Trials: 100%|##########| 10/10 [00:00<00:00, 12.07it/s]
Trials: 100%|##########| 10/10 [00:00<00:00, 12.06it/s]

Trials:   0%|          | 0/10 [00:00<?, ?it/s]
Trials:  10%|#         | 1/10 [00:00<00:01,  5.87it/s]
Trials:  20%|##        | 2/10 [00:00<00:01,  5.90it/s]
Trials:  30%|###       | 3/10 [00:00<00:01,  5.92it/s]
Trials:  40%|####      | 4/10 [00:00<00:01,  5.71it/s]
Trials:  50%|#####     | 5/10 [00:00<00:00,  5.77it/s]
Trials:  60%|######    | 6/10 [00:01<00:00,  5.82it/s]
Trials:  70%|#######   | 7/10 [00:01<00:00,  5.84it/s]
Trials:  80%|########  | 8/10 [00:01<00:00,  5.73it/s]
Trials:  90%|######### | 9/10 [00:01<00:00,  5.73it/s]
Trials: 100%|##########| 10/10 [00:01<00:00,  5.78it/s]
Trials: 100%|##########| 10/10 [00:01<00:00,  5.79it/s]

Trials:   0%|          | 0/10 [00:00<?, ?it/s]
Trials:  10%|#         | 1/10 [00:00<00:01,  5.80it/s]
Trials:  20%|##        | 2/10 [00:00<00:01,  5.77it/s]
Trials:  30%|###       | 3/10 [00:00<00:01,  5.90it/s]
Trials:  40%|####      | 4/10 [00:00<00:01,  5.95it/s]
Trials:  50%|#####     | 5/10 [00:00<00:00,  5.76it/s]
Trials:  60%|######    | 6/10 [00:01<00:00,  5.87it/s]
Trials:  70%|#######   | 7/10 [00:01<00:00,  5.94it/s]
Trials:  80%|########  | 8/10 [00:01<00:00,  5.97it/s]
Trials:  90%|######### | 9/10 [00:01<00:00,  5.99it/s]
Trials: 100%|##########| 10/10 [00:01<00:00,  5.89it/s]
Trials: 100%|##########| 10/10 [00:01<00:00,  5.89it/s]

Trials:   0%|          | 0/10 [00:00<?, ?it/s]
Trials:  10%|#         | 1/10 [00:00<00:01,  5.99it/s]
Trials:  20%|##        | 2/10 [00:00<00:01,  5.95it/s]
Trials:  30%|###       | 3/10 [00:00<00:01,  5.90it/s]
Trials:  40%|####      | 4/10 [00:00<00:01,  5.88it/s]
Trials:  50%|#####     | 5/10 [00:00<00:00,  5.86it/s]
Trials:  60%|######    | 6/10 [00:01<00:00,  6.01it/s]
Trials:  70%|#######   | 7/10 [00:01<00:00,  6.03it/s]
Trials:  80%|########  | 8/10 [00:01<00:00,  5.88it/s]
Trials:  90%|######### | 9/10 [00:01<00:00,  5.96it/s]
Trials: 100%|##########| 10/10 [00:01<00:00,  5.99it/s]
Trials: 100%|##########| 10/10 [00:01<00:00,  5.95it/s]

Trials:   0%|          | 0/10 [00:00<?, ?it/s]
Trials:  10%|#         | 1/10 [00:00<00:01,  5.32it/s]
Trials:  20%|##        | 2/10 [00:00<00:01,  5.26it/s]
Trials:  30%|###       | 3/10 [00:00<00:01,  5.44it/s]
Trials:  40%|####      | 4/10 [00:00<00:01,  5.51it/s]
Trials:  50%|#####     | 5/10 [00:00<00:00,  5.54it/s]
Trials:  60%|######    | 6/10 [00:01<00:00,  5.47it/s]
Trials:  70%|#######   | 7/10 [00:01<00:00,  5.53it/s]
Trials:  80%|########  | 8/10 [00:01<00:00,  5.43it/s]
Trials:  90%|######### | 9/10 [00:01<00:00,  5.35it/s]
Trials: 100%|##########| 10/10 [00:01<00:00,  5.44it/s]
Trials: 100%|##########| 10/10 [00:01<00:00,  5.44it/s]

Trials:   0%|          | 0/10 [00:00<?, ?it/s]
Trials:  10%|#         | 1/10 [00:00<00:01,  5.91it/s]
Trials:  20%|##        | 2/10 [00:00<00:01,  5.90it/s]
Trials:  30%|###       | 3/10 [00:00<00:01,  5.91it/s]
Trials:  40%|####      | 4/10 [00:00<00:01,  5.78it/s]
Trials:  50%|#####     | 5/10 [00:00<00:00,  5.82it/s]
Trials:  60%|######    | 6/10 [00:01<00:00,  5.75it/s]
Trials:  70%|#######   | 7/10 [00:01<00:00,  5.69it/s]
Trials:  80%|########  | 8/10 [00:01<00:00,  5.74it/s]
Trials:  90%|######### | 9/10 [00:01<00:00,  5.79it/s]
Trials: 100%|##########| 10/10 [00:01<00:00,  5.83it/s]
Trials: 100%|##########| 10/10 [00:01<00:00,  5.80it/s]

Trials:   0%|          | 0/10 [00:00<?, ?it/s]
Trials:  10%|#         | 1/10 [00:00<00:01,  5.48it/s]
Trials:  20%|##        | 2/10 [00:00<00:01,  5.73it/s]
Trials:  30%|###       | 3/10 [00:00<00:01,  5.75it/s]
Trials:  40%|####      | 4/10 [00:00<00:01,  5.74it/s]
Trials:  50%|#####     | 5/10 [00:00<00:00,  5.67it/s]
Trials:  60%|######    | 6/10 [00:01<00:00,  5.75it/s]
Trials:  70%|#######   | 7/10 [00:01<00:00,  5.80it/s]
Trials:  80%|########  | 8/10 [00:01<00:00,  5.83it/s]
Trials:  90%|######### | 9/10 [00:01<00:00,  5.74it/s]
Trials: 100%|##########| 10/10 [00:01<00:00,  5.73it/s]
Trials: 100%|##########| 10/10 [00:01<00:00,  5.74it/s]

Trials:   0%|          | 0/10 [00:00<?, ?it/s]
Trials:  10%|#         | 1/10 [00:00<00:05,  1.53it/s]
Trials:  20%|##        | 2/10 [00:01<00:05,  1.54it/s]
Trials:  30%|###       | 3/10 [00:01<00:04,  1.57it/s]
Trials:  40%|####      | 4/10 [00:02<00:03,  1.54it/s]
Trials:  50%|#####     | 5/10 [00:03<00:03,  1.51it/s]
Trials:  60%|######    | 6/10 [00:03<00:02,  1.54it/s]
Trials:  70%|#######   | 7/10 [00:04<00:01,  1.53it/s]
Trials:  80%|########  | 8/10 [00:05<00:01,  1.53it/s]
Trials:  90%|######### | 9/10 [00:05<00:00,  1.51it/s]
Trials: 100%|##########| 10/10 [00:06<00:00,  1.50it/s]
Trials: 100%|##########| 10/10 [00:06<00:00,  1.52it/s]

Trials:   0%|          | 0/10 [00:00<?, ?it/s]
Trials:  10%|#         | 1/10 [00:00<00:02,  4.36it/s]
Trials:  20%|##        | 2/10 [00:00<00:01,  4.21it/s]
Trials:  30%|###       | 3/10 [00:00<00:01,  4.22it/s]
Trials:  40%|####      | 4/10 [00:00<00:01,  4.28it/s]
Trials:  50%|#####     | 5/10 [00:01<00:01,  4.20it/s]
Trials:  60%|######    | 6/10 [00:01<00:00,  4.13it/s]
Trials:  70%|#######   | 7/10 [00:01<00:00,  4.19it/s]
Trials:  80%|########  | 8/10 [00:01<00:00,  4.21it/s]
Trials:  90%|######### | 9/10 [00:02<00:00,  4.18it/s]
Trials: 100%|##########| 10/10 [00:02<00:00,  4.22it/s]
Trials: 100%|##########| 10/10 [00:02<00:00,  4.21it/s]

Trials:   0%|          | 0/10 [00:00<?, ?it/s]
Trials:  10%|#         | 1/10 [00:00<00:02,  4.18it/s]
Trials:  20%|##        | 2/10 [00:00<00:01,  4.14it/s]
Trials:  30%|###       | 3/10 [00:00<00:01,  4.21it/s]
Trials:  40%|####      | 4/10 [00:00<00:01,  4.18it/s]
Trials:  50%|#####     | 5/10 [00:01<00:01,  4.16it/s]
Trials:  60%|######    | 6/10 [00:01<00:00,  4.24it/s]
Trials:  70%|#######   | 7/10 [00:01<00:00,  4.19it/s]
Trials:  80%|########  | 8/10 [00:01<00:00,  4.18it/s]
Trials:  90%|######### | 9/10 [00:02<00:00,  4.18it/s]
Trials: 100%|##########| 10/10 [00:02<00:00,  4.21it/s]
Trials: 100%|##########| 10/10 [00:02<00:00,  4.19it/s]

Trials:   0%|          | 0/10 [00:00<?, ?it/s]
Trials:  10%|#         | 1/10 [00:00<00:02,  3.83it/s]
Trials:  20%|##        | 2/10 [00:00<00:02,  3.97it/s]
Trials:  30%|###       | 3/10 [00:00<00:01,  3.95it/s]
Trials:  40%|####      | 4/10 [00:01<00:01,  4.01it/s]
Trials:  50%|#####     | 5/10 [00:01<00:01,  4.03it/s]
Trials:  60%|######    | 6/10 [00:01<00:01,  3.92it/s]
Trials:  70%|#######   | 7/10 [00:01<00:00,  3.92it/s]
Trials:  80%|########  | 8/10 [00:02<00:00,  3.96it/s]
Trials:  90%|######### | 9/10 [00:02<00:00,  3.89it/s]
Trials: 100%|##########| 10/10 [00:02<00:00,  3.91it/s]
Trials: 100%|##########| 10/10 [00:02<00:00,  3.94it/s]

Trials:   0%|          | 0/10 [00:00<?, ?it/s]
Trials:  10%|#         | 1/10 [00:00<00:01,  5.65it/s]
Trials:  20%|##        | 2/10 [00:00<00:01,  5.50it/s]
Trials:  30%|###       | 3/10 [00:00<00:01,  5.58it/s]
Trials:  40%|####      | 4/10 [00:00<00:01,  5.62it/s]
Trials:  50%|#####     | 5/10 [00:00<00:00,  5.65it/s]
Trials:  60%|######    | 6/10 [00:01<00:00,  5.62it/s]
Trials:  70%|#######   | 7/10 [00:01<00:00,  5.58it/s]
Trials:  80%|########  | 8/10 [00:01<00:00,  5.60it/s]
Trials:  90%|######### | 9/10 [00:01<00:00,  5.54it/s]
Trials: 100%|##########| 10/10 [00:01<00:00,  5.48it/s]
Trials: 100%|##########| 10/10 [00:01<00:00,  5.55it/s]

Trials:   0%|          | 0/10 [00:00<?, ?it/s]
Trials:  10%|#         | 1/10 [00:00<00:01,  5.61it/s]
Trials:  20%|##        | 2/10 [00:00<00:01,  5.51it/s]
Trials:  30%|###       | 3/10 [00:00<00:01,  5.57it/s]
Trials:  40%|####      | 4/10 [00:00<00:01,  5.47it/s]
Trials:  50%|#####     | 5/10 [00:00<00:00,  5.52it/s]
Trials:  60%|######    | 6/10 [00:01<00:00,  5.54it/s]
Trials:  70%|#######   | 7/10 [00:01<00:00,  5.58it/s]
Trials:  80%|########  | 8/10 [00:01<00:00,  5.46it/s]
Trials:  90%|######### | 9/10 [00:01<00:00,  5.51it/s]
Trials: 100%|##########| 10/10 [00:01<00:00,  5.55it/s]
Trials: 100%|##########| 10/10 [00:01<00:00,  5.53it/s]

Trials:   0%|          | 0/10 [00:00<?, ?it/s]
Trials:  10%|#         | 1/10 [00:00<00:02,  3.95it/s]
Trials:  20%|##        | 2/10 [00:00<00:01,  4.04it/s]
Trials:  30%|###       | 3/10 [00:00<00:01,  4.02it/s]
Trials:  40%|####      | 4/10 [00:00<00:01,  4.06it/s]
Trials:  50%|#####     | 5/10 [00:01<00:01,  4.04it/s]
Trials:  60%|######    | 6/10 [00:01<00:00,  4.04it/s]
Trials:  70%|#######   | 7/10 [00:01<00:00,  4.00it/s]
Trials:  80%|########  | 8/10 [00:01<00:00,  4.02it/s]
Trials:  90%|######### | 9/10 [00:02<00:00,  3.93it/s]
Trials: 100%|##########| 10/10 [00:02<00:00,  4.01it/s]
Trials: 100%|##########| 10/10 [00:02<00:00,  4.01it/s]

Trials:   0%|          | 0/10 [00:00<?, ?it/s]
Trials:  10%|#         | 1/10 [00:00<00:01,  4.97it/s]
Trials:  20%|##        | 2/10 [00:00<00:01,  4.77it/s]
Trials:  30%|###       | 3/10 [00:00<00:01,  4.90it/s]
Trials:  40%|####      | 4/10 [00:00<00:01,  4.82it/s]
Trials:  50%|#####     | 5/10 [00:01<00:01,  4.83it/s]
Trials:  60%|######    | 6/10 [00:01<00:00,  4.78it/s]
Trials:  70%|#######   | 7/10 [00:01<00:00,  4.76it/s]
Trials:  80%|########  | 8/10 [00:01<00:00,  4.79it/s]
Trials:  90%|######### | 9/10 [00:01<00:00,  4.75it/s]
Trials: 100%|##########| 10/10 [00:02<00:00,  4.78it/s]
Trials: 100%|##########| 10/10 [00:02<00:00,  4.80it/s]

Trials:   0%|          | 0/10 [00:00<?, ?it/s]
Trials:  10%|#         | 1/10 [00:00<00:01,  5.02it/s]
Trials:  20%|##        | 2/10 [00:00<00:01,  4.76it/s]
Trials:  30%|###       | 3/10 [00:00<00:01,  4.93it/s]
Trials:  40%|####      | 4/10 [00:00<00:01,  4.99it/s]
Trials:  50%|#####     | 5/10 [00:01<00:01,  4.87it/s]
Trials:  60%|######    | 6/10 [00:01<00:00,  4.95it/s]
Trials:  70%|#######   | 7/10 [00:01<00:00,  4.95it/s]
Trials:  80%|########  | 8/10 [00:01<00:00,  4.96it/s]
Trials:  90%|######### | 9/10 [00:01<00:00,  4.86it/s]
Trials: 100%|##########| 10/10 [00:02<00:00,  4.92it/s]
Trials: 100%|##########| 10/10 [00:02<00:00,  4.92it/s]

Trials:   0%|          | 0/10 [00:00<?, ?it/s]
Trials:  10%|#         | 1/10 [00:00<00:01,  5.89it/s]
Trials:  20%|##        | 2/10 [00:00<00:01,  5.97it/s]
Trials:  30%|###       | 3/10 [00:00<00:01,  5.82it/s]
Trials:  40%|####      | 4/10 [00:00<00:01,  5.90it/s]
Trials:  50%|#####     | 5/10 [00:00<00:00,  5.85it/s]
Trials:  60%|######    | 6/10 [00:01<00:00,  5.97it/s]
Trials:  70%|#######   | 7/10 [00:01<00:00,  5.85it/s]
Trials:  80%|########  | 8/10 [00:01<00:00,  5.89it/s]
Trials:  90%|######### | 9/10 [00:01<00:00,  5.93it/s]
Trials: 100%|##########| 10/10 [00:01<00:00,  5.95it/s]
Trials: 100%|##########| 10/10 [00:01<00:00,  5.91it/s]

Trials:   0%|          | 0/10 [00:00<?, ?it/s]
Trials:  10%|#         | 1/10 [00:00<00:01,  5.63it/s]
Trials:  20%|##        | 2/10 [00:00<00:01,  5.93it/s]
Trials:  30%|###       | 3/10 [00:00<00:01,  5.92it/s]
Trials:  40%|####      | 4/10 [00:00<00:01,  5.67it/s]
Trials:  50%|#####     | 5/10 [00:00<00:00,  5.65it/s]
Trials:  60%|######    | 6/10 [00:01<00:00,  5.81it/s]
Trials:  70%|#######   | 7/10 [00:01<00:00,  5.86it/s]
Trials:  80%|########  | 8/10 [00:01<00:00,  5.87it/s]
Trials:  90%|######### | 9/10 [00:01<00:00,  5.89it/s]
Trials: 100%|##########| 10/10 [00:01<00:00,  5.77it/s]
Trials: 100%|##########| 10/10 [00:01<00:00,  5.80it/s]

Trials:   0%|          | 0/10 [00:00<?, ?it/s]
Trials:  10%|#         | 1/10 [00:00<00:01,  5.91it/s]
Trials:  20%|##        | 2/10 [00:00<00:01,  5.91it/s]
Trials:  30%|###       | 3/10 [00:00<00:01,  5.90it/s]
Trials:  40%|####      | 4/10 [00:00<00:01,  6.00it/s]
Trials:  50%|#####     | 5/10 [00:00<00:00,  6.05it/s]
Trials:  60%|######    | 6/10 [00:00<00:00,  6.09it/s]
Trials:  70%|#######   | 7/10 [00:01<00:00,  5.98it/s]
Trials:  80%|########  | 8/10 [00:01<00:00,  5.99it/s]
Trials:  90%|######### | 9/10 [00:01<00:00,  6.06it/s]
Trials: 100%|##########| 10/10 [00:01<00:00,  6.09it/s]
Trials: 100%|##########| 10/10 [00:01<00:00,  6.03it/s]

Trials:   0%|          | 0/10 [00:00<?, ?it/s]
Trials:  10%|#         | 1/10 [00:00<00:01,  5.31it/s]
Trials:  20%|##        | 2/10 [00:00<00:01,  5.57it/s]
Trials:  30%|###       | 3/10 [00:00<00:01,  5.66it/s]
Trials:  40%|####      | 4/10 [00:00<00:01,  5.70it/s]
Trials:  50%|#####     | 5/10 [00:00<00:00,  5.63it/s]
Trials:  60%|######    | 6/10 [00:01<00:00,  5.66it/s]
Trials:  70%|#######   | 7/10 [00:01<00:00,  5.80it/s]
Trials:  80%|########  | 8/10 [00:01<00:00,  5.76it/s]
Trials:  90%|######### | 9/10 [00:01<00:00,  5.54it/s]
Trials: 100%|##########| 10/10 [00:01<00:00,  5.58it/s]
Trials: 100%|##########| 10/10 [00:01<00:00,  5.63it/s]

Trials:   0%|          | 0/10 [00:00<?, ?it/s]
Trials:  10%|#         | 1/10 [00:00<00:01,  5.94it/s]
Trials:  20%|##        | 2/10 [00:00<00:01,  5.54it/s]
Trials:  30%|###       | 3/10 [00:00<00:01,  5.73it/s]
Trials:  40%|####      | 4/10 [00:00<00:01,  5.78it/s]
Trials:  50%|#####     | 5/10 [00:00<00:00,  5.84it/s]
Trials:  60%|######    | 6/10 [00:01<00:00,  5.75it/s]
Trials:  70%|#######   | 7/10 [00:01<00:00,  5.82it/s]
Trials:  80%|########  | 8/10 [00:01<00:00,  5.86it/s]
Trials:  90%|######### | 9/10 [00:01<00:00,  5.89it/s]
Trials: 100%|##########| 10/10 [00:01<00:00,  5.79it/s]
Trials: 100%|##########| 10/10 [00:01<00:00,  5.79it/s]

Trials:   0%|          | 0/10 [00:00<?, ?it/s]
Trials:  10%|#         | 1/10 [00:00<00:01,  5.97it/s]
Trials:  20%|##        | 2/10 [00:00<00:01,  5.98it/s]
Trials:  30%|###       | 3/10 [00:00<00:01,  5.98it/s]
Trials:  40%|####      | 4/10 [00:00<00:01,  5.89it/s]
Trials:  50%|#####     | 5/10 [00:00<00:00,  5.55it/s]
Trials:  60%|######    | 6/10 [00:01<00:00,  5.70it/s]
Trials:  70%|#######   | 7/10 [00:01<00:00,  5.79it/s]
Trials:  80%|########  | 8/10 [00:01<00:00,  5.84it/s]
Trials:  90%|######### | 9/10 [00:01<00:00,  5.76it/s]
Trials: 100%|##########| 10/10 [00:01<00:00,  5.84it/s]
Trials: 100%|##########| 10/10 [00:01<00:00,  5.81it/s]

Trials:   0%|          | 0/10 [00:00<?, ?it/s]
Trials:  10%|#         | 1/10 [00:00<00:01,  5.41it/s]
Trials:  20%|##        | 2/10 [00:00<00:01,  5.03it/s]
Trials:  30%|###       | 3/10 [00:00<00:01,  5.27it/s]
Trials:  40%|####      | 4/10 [00:00<00:01,  5.41it/s]
Trials:  50%|#####     | 5/10 [00:00<00:00,  5.26it/s]
Trials:  60%|######    | 6/10 [00:01<00:00,  5.33it/s]
Trials:  70%|#######   | 7/10 [00:01<00:00,  5.39it/s]
Trials:  80%|########  | 8/10 [00:01<00:00,  5.43it/s]
Trials:  90%|######### | 9/10 [00:01<00:00,  5.45it/s]
Trials: 100%|##########| 10/10 [00:01<00:00,  5.46it/s]
Trials: 100%|##########| 10/10 [00:01<00:00,  5.38it/s]

Trials:   0%|          | 0/10 [00:00<?, ?it/s]
Trials:  10%|#         | 1/10 [00:00<00:01,  5.01it/s]
Trials:  20%|##        | 2/10 [00:00<00:01,  5.12it/s]
Trials:  30%|###       | 3/10 [00:00<00:01,  5.17it/s]
Trials:  40%|####      | 4/10 [00:00<00:01,  5.04it/s]
Trials:  50%|#####     | 5/10 [00:00<00:00,  5.07it/s]
Trials:  60%|######    | 6/10 [00:01<00:00,  5.13it/s]
Trials:  70%|#######   | 7/10 [00:01<00:00,  5.14it/s]
Trials:  80%|########  | 8/10 [00:01<00:00,  5.03it/s]
Trials:  90%|######### | 9/10 [00:01<00:00,  5.05it/s]
Trials: 100%|##########| 10/10 [00:01<00:00,  5.07it/s]
Trials: 100%|##########| 10/10 [00:01<00:00,  5.08it/s]

Trials:   0%|          | 0/10 [00:00<?, ?it/s]
Trials:  10%|#         | 1/10 [00:00<00:01,  5.90it/s]
Trials:  20%|##        | 2/10 [00:00<00:01,  5.66it/s]
Trials:  30%|###       | 3/10 [00:00<00:01,  5.78it/s]
Trials:  40%|####      | 4/10 [00:00<00:01,  5.85it/s]
Trials:  50%|#####     | 5/10 [00:00<00:00,  5.86it/s]
Trials:  60%|######    | 6/10 [00:01<00:00,  5.78it/s]
Trials:  70%|#######   | 7/10 [00:01<00:00,  5.70it/s]
Trials:  80%|########  | 8/10 [00:01<00:00,  5.76it/s]
Trials:  90%|######### | 9/10 [00:01<00:00,  5.64it/s]
Trials: 100%|##########| 10/10 [00:01<00:00,  5.64it/s]
Trials: 100%|##########| 10/10 [00:01<00:00,  5.72it/s]

Trials:   0%|          | 0/10 [00:00<?, ?it/s]
Trials:  10%|#         | 1/10 [00:00<00:01,  4.95it/s]
Trials:  20%|##        | 2/10 [00:00<00:01,  4.97it/s]
Trials:  30%|###       | 3/10 [00:00<00:01,  4.84it/s]
Trials:  40%|####      | 4/10 [00:00<00:01,  4.91it/s]
Trials:  50%|#####     | 5/10 [00:01<00:01,  4.89it/s]
Trials:  60%|######    | 6/10 [00:01<00:00,  4.92it/s]
Trials:  70%|#######   | 7/10 [00:01<00:00,  4.81it/s]
Trials:  80%|########  | 8/10 [00:01<00:00,  4.83it/s]
Trials:  90%|######### | 9/10 [00:01<00:00,  4.86it/s]
Trials: 100%|##########| 10/10 [00:02<00:00,  4.79it/s]
Trials: 100%|##########| 10/10 [00:02<00:00,  4.85it/s]

Trials:   0%|          | 0/10 [00:00<?, ?it/s]
Trials:  10%|#         | 1/10 [00:00<00:01,  5.55it/s]
Trials:  20%|##        | 2/10 [00:00<00:01,  5.68it/s]
Trials:  30%|###       | 3/10 [00:00<00:01,  5.75it/s]
Trials:  40%|####      | 4/10 [00:00<00:01,  5.76it/s]
Trials:  50%|#####     | 5/10 [00:00<00:00,  5.55it/s]
Trials:  60%|######    | 6/10 [00:01<00:00,  5.62it/s]
Trials:  70%|#######   | 7/10 [00:01<00:00,  5.68it/s]
Trials:  80%|########  | 8/10 [00:01<00:00,  5.52it/s]
Trials:  90%|######### | 9/10 [00:01<00:00,  5.60it/s]
Trials: 100%|##########| 10/10 [00:01<00:00,  5.66it/s]
Trials: 100%|##########| 10/10 [00:01<00:00,  5.64it/s]

Trials:   0%|          | 0/10 [00:00<?, ?it/s]
Trials:  10%|#         | 1/10 [00:00<00:01,  5.81it/s]
Trials:  20%|##        | 2/10 [00:00<00:01,  5.45it/s]
Trials:  30%|###       | 3/10 [00:00<00:01,  5.64it/s]
Trials:  40%|####      | 4/10 [00:00<00:01,  5.72it/s]
Trials:  50%|#####     | 5/10 [00:00<00:00,  5.67it/s]
Trials:  60%|######    | 6/10 [00:01<00:00,  5.73it/s]
Trials:  70%|#######   | 7/10 [00:01<00:00,  5.60it/s]
Trials:  80%|########  | 8/10 [00:01<00:00,  5.59it/s]
Trials:  90%|######### | 9/10 [00:01<00:00,  5.57it/s]
Trials: 100%|##########| 10/10 [00:01<00:00,  5.65it/s]
Trials: 100%|##########| 10/10 [00:01<00:00,  5.64it/s]

Trials:   0%|          | 0/10 [00:00<?, ?it/s]
Trials:  10%|#         | 1/10 [00:00<00:01,  4.80it/s]
Trials:  20%|##        | 2/10 [00:00<00:01,  4.92it/s]
Trials:  30%|###       | 3/10 [00:00<00:01,  4.81it/s]
Trials:  40%|####      | 4/10 [00:00<00:01,  4.87it/s]
Trials:  50%|#####     | 5/10 [00:01<00:01,  4.91it/s]
Trials:  60%|######    | 6/10 [00:01<00:00,  4.75it/s]
Trials:  70%|#######   | 7/10 [00:01<00:00,  4.81it/s]
Trials:  80%|########  | 8/10 [00:01<00:00,  4.86it/s]
Trials:  90%|######### | 9/10 [00:01<00:00,  4.82it/s]
Trials: 100%|##########| 10/10 [00:02<00:00,  4.86it/s]
Trials: 100%|##########| 10/10 [00:02<00:00,  4.84it/s]

Trials:   0%|          | 0/10 [00:00<?, ?it/s]
Trials:  10%|#         | 1/10 [00:00<00:01,  5.52it/s]
Trials:  20%|##        | 2/10 [00:00<00:01,  5.59it/s]
Trials:  30%|###       | 3/10 [00:00<00:01,  5.53it/s]
Trials:  40%|####      | 4/10 [00:00<00:01,  5.59it/s]
Trials:  50%|#####     | 5/10 [00:00<00:00,  5.65it/s]
Trials:  60%|######    | 6/10 [00:01<00:00,  5.45it/s]
Trials:  70%|#######   | 7/10 [00:01<00:00,  5.46it/s]
Trials:  80%|########  | 8/10 [00:01<00:00,  5.56it/s]
Trials:  90%|######### | 9/10 [00:01<00:00,  5.61it/s]
Trials: 100%|##########| 10/10 [00:01<00:00,  5.65it/s]
Trials: 100%|##########| 10/10 [00:01<00:00,  5.58it/s]

Trials:   0%|          | 0/10 [00:00<?, ?it/s]
Trials:  10%|#         | 1/10 [00:00<00:01,  5.55it/s]
Trials:  20%|##        | 2/10 [00:00<00:01,  5.75it/s]
Trials:  30%|###       | 3/10 [00:00<00:01,  5.78it/s]
Trials:  40%|####      | 4/10 [00:00<00:01,  5.61it/s]
Trials:  50%|#####     | 5/10 [00:00<00:00,  5.69it/s]
Trials:  60%|######    | 6/10 [00:01<00:00,  5.72it/s]
Trials:  70%|#######   | 7/10 [00:01<00:00,  5.79it/s]
Trials:  80%|########  | 8/10 [00:01<00:00,  5.69it/s]
Trials:  90%|######### | 9/10 [00:01<00:00,  5.75it/s]
Trials: 100%|##########| 10/10 [00:01<00:00,  5.82it/s]
Trials: 100%|##########| 10/10 [00:01<00:00,  5.75it/s]

Trials:   0%|          | 0/10 [00:00<?, ?it/s]
Trials:  10%|#         | 1/10 [00:00<00:01,  6.14it/s]
Trials:  20%|##        | 2/10 [00:00<00:01,  6.05it/s]
Trials:  30%|###       | 3/10 [00:00<00:01,  5.84it/s]
Trials:  40%|####      | 4/10 [00:00<00:01,  5.91it/s]
Trials:  50%|#####     | 5/10 [00:00<00:00,  5.94it/s]
Trials:  60%|######    | 6/10 [00:01<00:00,  5.97it/s]
Trials:  70%|#######   | 7/10 [00:01<00:00,  5.84it/s]
Trials:  80%|########  | 8/10 [00:01<00:00,  5.63it/s]
Trials:  90%|######### | 9/10 [00:01<00:00,  5.58it/s]
Trials: 100%|##########| 10/10 [00:01<00:00,  5.66it/s]
Trials: 100%|##########| 10/10 [00:01<00:00,  5.78it/s]

Trials:   0%|          | 0/10 [00:00<?, ?it/s]
Trials:  10%|#         | 1/10 [00:00<00:01,  5.52it/s]
Trials:  20%|##        | 2/10 [00:00<00:01,  5.88it/s]
Trials:  30%|###       | 3/10 [00:00<00:01,  6.02it/s]
Trials:  40%|####      | 4/10 [00:00<00:00,  6.07it/s]
Trials:  50%|#####     | 5/10 [00:00<00:00,  5.82it/s]
Trials:  60%|######    | 6/10 [00:01<00:00,  5.92it/s]
Trials:  70%|#######   | 7/10 [00:01<00:00,  6.00it/s]
Trials:  80%|########  | 8/10 [00:01<00:00,  6.02it/s]
Trials:  90%|######### | 9/10 [00:01<00:00,  5.99it/s]
Trials: 100%|##########| 10/10 [00:01<00:00,  6.02it/s]
Trials: 100%|##########| 10/10 [00:01<00:00,  5.97it/s]

Trials:   0%|          | 0/10 [00:00<?, ?it/s]
Trials:  10%|#         | 1/10 [00:00<00:01,  5.87it/s]
Trials:  20%|##        | 2/10 [00:00<00:01,  5.87it/s]
Trials:  30%|###       | 3/10 [00:00<00:01,  5.86it/s]
Trials:  40%|####      | 4/10 [00:00<00:01,  5.99it/s]
Trials:  50%|#####     | 5/10 [00:00<00:00,  6.03it/s]
Trials:  60%|######    | 6/10 [00:00<00:00,  6.07it/s]
Trials:  70%|#######   | 7/10 [00:01<00:00,  5.87it/s]
Trials:  80%|########  | 8/10 [00:01<00:00,  5.94it/s]
Trials:  90%|######### | 9/10 [00:01<00:00,  6.02it/s]
Trials: 100%|##########| 10/10 [00:01<00:00,  6.06it/s]
Trials: 100%|##########| 10/10 [00:01<00:00,  5.99it/s]

Trials:   0%|          | 0/10 [00:00<?, ?it/s]
Trials:  10%|#         | 1/10 [00:00<00:01,  5.72it/s]
Trials:  20%|##        | 2/10 [00:00<00:01,  5.83it/s]
Trials:  30%|###       | 3/10 [00:00<00:01,  5.81it/s]
Trials:  40%|####      | 4/10 [00:00<00:01,  5.80it/s]
Trials:  50%|#####     | 5/10 [00:00<00:00,  5.80it/s]
Trials:  60%|######    | 6/10 [00:01<00:00,  5.60it/s]
Trials:  70%|#######   | 7/10 [00:01<00:00,  5.66it/s]
Trials:  80%|########  | 8/10 [00:01<00:00,  5.56it/s]
Trials:  90%|######### | 9/10 [00:01<00:00,  5.63it/s]
Trials: 100%|##########| 10/10 [00:01<00:00,  5.59it/s]
Trials: 100%|##########| 10/10 [00:01<00:00,  5.66it/s]

Trials:   0%|          | 0/10 [00:00<?, ?it/s]
Trials:  10%|#         | 1/10 [00:00<00:01,  5.99it/s]
Trials:  20%|##        | 2/10 [00:00<00:01,  5.98it/s]
Trials:  30%|###       | 3/10 [00:00<00:01,  5.57it/s]
Trials:  40%|####      | 4/10 [00:00<00:01,  5.70it/s]
Trials:  50%|#####     | 5/10 [00:00<00:00,  5.79it/s]
Trials:  60%|######    | 6/10 [00:01<00:00,  5.84it/s]
Trials:  70%|#######   | 7/10 [00:01<00:00,  5.89it/s]
Trials:  80%|########  | 8/10 [00:01<00:00,  5.78it/s]
Trials:  90%|######### | 9/10 [00:01<00:00,  5.85it/s]
Trials: 100%|##########| 10/10 [00:01<00:00,  5.89it/s]
Trials: 100%|##########| 10/10 [00:01<00:00,  5.84it/s]

Trials:   0%|          | 0/10 [00:00<?, ?it/s]
Trials:  10%|#         | 1/10 [00:00<00:01,  6.00it/s]
Trials:  20%|##        | 2/10 [00:00<00:01,  5.79it/s]
Trials:  30%|###       | 3/10 [00:00<00:01,  5.90it/s]
Trials:  40%|####      | 4/10 [00:00<00:01,  5.93it/s]
Trials:  50%|#####     | 5/10 [00:00<00:00,  5.96it/s]
Trials:  60%|######    | 6/10 [00:01<00:00,  5.66it/s]
Trials:  70%|#######   | 7/10 [00:01<00:00,  5.77it/s]
Trials:  80%|########  | 8/10 [00:01<00:00,  5.83it/s]
Trials:  90%|######### | 9/10 [00:01<00:00,  5.87it/s]
Trials: 100%|##########| 10/10 [00:01<00:00,  5.80it/s]
Trials: 100%|##########| 10/10 [00:01<00:00,  5.83it/s]

Trials:   0%|          | 0/10 [00:00<?, ?it/s]
Trials:  10%|#         | 1/10 [00:00<00:01,  5.71it/s]
Trials:  20%|##        | 2/10 [00:00<00:01,  5.72it/s]
Trials:  30%|###       | 3/10 [00:00<00:01,  5.67it/s]
Trials:  40%|####      | 4/10 [00:00<00:01,  5.52it/s]
Trials:  50%|#####     | 5/10 [00:00<00:00,  5.42it/s]
Trials:  60%|######    | 6/10 [00:01<00:00,  5.43it/s]
Trials:  70%|#######   | 7/10 [00:01<00:00,  5.46it/s]
Trials:  80%|########  | 8/10 [00:01<00:00,  5.33it/s]
Trials:  90%|######### | 9/10 [00:01<00:00,  5.31it/s]
Trials: 100%|##########| 10/10 [00:01<00:00,  5.40it/s]
Trials: 100%|##########| 10/10 [00:01<00:00,  5.44it/s]

Trials:   0%|          | 0/10 [00:00<?, ?it/s]
Trials:  10%|#         | 1/10 [00:00<00:01,  5.43it/s]
Trials:  20%|##        | 2/10 [00:00<00:01,  5.67it/s]
Trials:  30%|###       | 3/10 [00:00<00:01,  5.76it/s]
Trials:  40%|####      | 4/10 [00:00<00:01,  5.79it/s]
Trials:  50%|#####     | 5/10 [00:00<00:00,  5.65it/s]
Trials:  60%|######    | 6/10 [00:01<00:00,  5.71it/s]
Trials:  70%|#######   | 7/10 [00:01<00:00,  5.72it/s]
Trials:  80%|########  | 8/10 [00:01<00:00,  5.73it/s]
Trials:  90%|######### | 9/10 [00:01<00:00,  5.65it/s]
Trials: 100%|##########| 10/10 [00:01<00:00,  5.57it/s]
Trials: 100%|##########| 10/10 [00:01<00:00,  5.65it/s]

Trials:   0%|          | 0/10 [00:00<?, ?it/s]
Trials:  10%|#         | 1/10 [00:00<00:01,  5.95it/s]
Trials:  20%|##        | 2/10 [00:00<00:01,  5.97it/s]
Trials:  30%|###       | 3/10 [00:00<00:01,  5.83it/s]
Trials:  40%|####      | 4/10 [00:00<00:01,  5.87it/s]
Trials:  50%|#####     | 5/10 [00:00<00:00,  5.90it/s]
Trials:  60%|######    | 6/10 [00:01<00:00,  5.76it/s]
Trials:  70%|#######   | 7/10 [00:01<00:00,  5.68it/s]
Trials:  80%|########  | 8/10 [00:01<00:00,  5.76it/s]
Trials:  90%|######### | 9/10 [00:01<00:00,  5.82it/s]
Trials: 100%|##########| 10/10 [00:01<00:00,  5.86it/s]
Trials: 100%|##########| 10/10 [00:01<00:00,  5.83it/s]

Trials:   0%|          | 0/10 [00:00<?, ?it/s]
Trials:  10%|#         | 1/10 [00:00<00:01,  4.76it/s]
Trials:  20%|##        | 2/10 [00:00<00:01,  4.89it/s]
Trials:  30%|###       | 3/10 [00:00<00:01,  4.92it/s]
Trials:  40%|####      | 4/10 [00:00<00:01,  4.94it/s]
Trials:  50%|#####     | 5/10 [00:01<00:01,  4.76it/s]
Trials:  60%|######    | 6/10 [00:01<00:00,  4.78it/s]
Trials:  70%|#######   | 7/10 [00:01<00:00,  4.85it/s]
Trials:  80%|########  | 8/10 [00:01<00:00,  4.83it/s]
Trials:  90%|######### | 9/10 [00:01<00:00,  4.88it/s]
Trials: 100%|##########| 10/10 [00:02<00:00,  4.90it/s]
Trials: 100%|##########| 10/10 [00:02<00:00,  4.86it/s]

Trials:   0%|          | 0/10 [00:00<?, ?it/s]
Trials:  10%|#         | 1/10 [00:00<00:01,  5.37it/s]
Trials:  20%|##        | 2/10 [00:00<00:01,  5.66it/s]
Trials:  30%|###       | 3/10 [00:00<00:01,  5.76it/s]
Trials:  40%|####      | 4/10 [00:00<00:01,  5.79it/s]
Trials:  50%|#####     | 5/10 [00:00<00:00,  5.72it/s]
Trials:  60%|######    | 6/10 [00:01<00:00,  5.77it/s]
Trials:  70%|#######   | 7/10 [00:01<00:00,  5.80it/s]
Trials:  80%|########  | 8/10 [00:01<00:00,  5.81it/s]
Trials:  90%|######### | 9/10 [00:01<00:00,  5.72it/s]
Trials: 100%|##########| 10/10 [00:01<00:00,  5.76it/s]
Trials: 100%|##########| 10/10 [00:01<00:00,  5.75it/s]

Trials:   0%|          | 0/10 [00:00<?, ?it/s]
Trials:  10%|#         | 1/10 [00:00<00:01,  5.86it/s]
Trials:  20%|##        | 2/10 [00:00<00:01,  5.87it/s]
Trials:  30%|###       | 3/10 [00:00<00:01,  5.73it/s]
Trials:  40%|####      | 4/10 [00:00<00:01,  5.76it/s]
Trials:  50%|#####     | 5/10 [00:00<00:00,  5.68it/s]
Trials:  60%|######    | 6/10 [00:01<00:00,  5.75it/s]
Trials:  70%|#######   | 7/10 [00:01<00:00,  5.67it/s]
Trials:  80%|########  | 8/10 [00:01<00:00,  5.63it/s]
Trials:  90%|######### | 9/10 [00:01<00:00,  5.79it/s]
Trials: 100%|##########| 10/10 [00:01<00:00,  5.82it/s]
Trials: 100%|##########| 10/10 [00:01<00:00,  5.76it/s]

Trials:   0%|          | 0/10 [00:00<?, ?it/s]
Trials:  10%|#         | 1/10 [00:00<00:01,  4.91it/s]
Trials:  20%|##        | 2/10 [00:00<00:01,  4.77it/s]
Trials:  30%|###       | 3/10 [00:00<00:01,  4.82it/s]
Trials:  40%|####      | 4/10 [00:00<00:01,  4.88it/s]
Trials:  50%|#####     | 5/10 [00:01<00:01,  4.81it/s]
Trials:  60%|######    | 6/10 [00:01<00:00,  4.80it/s]
Trials:  70%|#######   | 7/10 [00:01<00:00,  4.86it/s]
Trials:  80%|########  | 8/10 [00:01<00:00,  4.81it/s]
Trials:  90%|######### | 9/10 [00:01<00:00,  4.82it/s]
Trials: 100%|##########| 10/10 [00:02<00:00,  4.81it/s]
Trials: 100%|##########| 10/10 [00:02<00:00,  4.82it/s]

Trials:   0%|          | 0/10 [00:00<?, ?it/s]
Trials:  10%|#         | 1/10 [00:00<00:01,  5.27it/s]
Trials:  20%|##        | 2/10 [00:00<00:01,  5.60it/s]
Trials:  30%|###       | 3/10 [00:00<00:01,  5.72it/s]
Trials:  40%|####      | 4/10 [00:00<00:01,  5.77it/s]
Trials:  50%|#####     | 5/10 [00:00<00:00,  5.67it/s]
Trials:  60%|######    | 6/10 [00:01<00:00,  5.67it/s]
Trials:  70%|#######   | 7/10 [00:01<00:00,  5.69it/s]
Trials:  80%|########  | 8/10 [00:01<00:00,  5.74it/s]
Trials:  90%|######### | 9/10 [00:01<00:00,  5.59it/s]
Trials: 100%|##########| 10/10 [00:01<00:00,  5.61it/s]
Trials: 100%|##########| 10/10 [00:01<00:00,  5.65it/s]

Trials:   0%|          | 0/10 [00:00<?, ?it/s]
Trials:  10%|#         | 1/10 [00:00<00:01,  5.89it/s]
Trials:  20%|##        | 2/10 [00:00<00:01,  5.87it/s]
Trials:  30%|###       | 3/10 [00:00<00:01,  5.67it/s]
Trials:  40%|####      | 4/10 [00:00<00:01,  5.58it/s]
Trials:  50%|#####     | 5/10 [00:00<00:00,  5.69it/s]
Trials:  60%|######    | 6/10 [00:01<00:00,  5.70it/s]
Trials:  70%|#######   | 7/10 [00:01<00:00,  5.73it/s]
Trials:  80%|########  | 8/10 [00:01<00:00,  5.77it/s]
Trials:  90%|######### | 9/10 [00:01<00:00,  5.81it/s]
Trials: 100%|##########| 10/10 [00:01<00:00,  5.69it/s]
Trials: 100%|##########| 10/10 [00:01<00:00,  5.72it/s]

Trials:   0%|          | 0/10 [00:00<?, ?it/s]
Trials:  10%|#         | 1/10 [00:00<00:01,  5.80it/s]
Trials:  20%|##        | 2/10 [00:00<00:01,  5.47it/s]
Trials:  30%|###       | 3/10 [00:00<00:01,  5.66it/s]
Trials:  40%|####      | 4/10 [00:00<00:01,  5.76it/s]
Trials:  50%|#####     | 5/10 [00:00<00:00,  5.75it/s]
Trials:  60%|######    | 6/10 [00:01<00:00,  5.73it/s]
Trials:  70%|#######   | 7/10 [00:01<00:00,  5.80it/s]
Trials:  80%|########  | 8/10 [00:01<00:00,  5.86it/s]
Trials:  90%|######### | 9/10 [00:01<00:00,  5.91it/s]
Trials: 100%|##########| 10/10 [00:01<00:00,  5.75it/s]
Trials: 100%|##########| 10/10 [00:01<00:00,  5.76it/s]

Trials:   0%|          | 0/10 [00:00<?, ?it/s]
Trials:  10%|#         | 1/10 [00:00<00:01,  6.17it/s]
Trials:  20%|##        | 2/10 [00:00<00:01,  6.19it/s]
Trials:  30%|###       | 3/10 [00:00<00:01,  6.15it/s]
Trials:  40%|####      | 4/10 [00:00<00:00,  6.15it/s]
Trials:  50%|#####     | 5/10 [00:00<00:00,  5.92it/s]
Trials:  60%|######    | 6/10 [00:00<00:00,  5.98it/s]
Trials:  70%|#######   | 7/10 [00:01<00:00,  6.05it/s]
Trials:  80%|########  | 8/10 [00:01<00:00,  6.08it/s]
Trials:  90%|######### | 9/10 [00:01<00:00,  5.88it/s]
Trials: 100%|##########| 10/10 [00:01<00:00,  5.96it/s]
Trials: 100%|##########| 10/10 [00:01<00:00,  6.01it/s]

Trials:   0%|          | 0/10 [00:00<?, ?it/s]
Trials:  10%|#         | 1/10 [00:00<00:01,  6.19it/s]
Trials:  20%|##        | 2/10 [00:00<00:01,  6.01it/s]
Trials:  30%|###       | 3/10 [00:00<00:01,  5.77it/s]
Trials:  40%|####      | 4/10 [00:00<00:01,  5.79it/s]
Trials:  50%|#####     | 5/10 [00:00<00:00,  5.79it/s]
Trials:  60%|######    | 6/10 [00:01<00:00,  5.91it/s]
Trials:  70%|#######   | 7/10 [00:01<00:00,  5.99it/s]
Trials:  80%|########  | 8/10 [00:01<00:00,  5.98it/s]
Trials:  90%|######### | 9/10 [00:01<00:00,  6.07it/s]
Trials: 100%|##########| 10/10 [00:01<00:00,  6.07it/s]
Trials: 100%|##########| 10/10 [00:01<00:00,  5.97it/s]

Trials:   0%|          | 0/10 [00:00<?, ?it/s]
Trials:  10%|#         | 1/10 [00:00<00:01,  5.62it/s]
Trials:  20%|##        | 2/10 [00:00<00:01,  5.73it/s]
Trials:  30%|###       | 3/10 [00:00<00:01,  5.59it/s]
Trials:  40%|####      | 4/10 [00:00<00:01,  5.67it/s]
Trials:  50%|#####     | 5/10 [00:00<00:00,  5.72it/s]
Trials:  60%|######    | 6/10 [00:01<00:00,  5.73it/s]
Trials:  70%|#######   | 7/10 [00:01<00:00,  5.63it/s]
Trials:  80%|########  | 8/10 [00:01<00:00,  5.67it/s]
Trials:  90%|######### | 9/10 [00:01<00:00,  5.70it/s]
Trials: 100%|##########| 10/10 [00:01<00:00,  5.73it/s]
Trials: 100%|##########| 10/10 [00:01<00:00,  5.70it/s]

Trials:   0%|          | 0/10 [00:00<?, ?it/s]
Trials:  10%|#         | 1/10 [00:00<00:01,  5.49it/s]
Trials:  20%|##        | 2/10 [00:00<00:01,  5.79it/s]
Trials:  30%|###       | 3/10 [00:00<00:01,  5.89it/s]
Trials:  40%|####      | 4/10 [00:00<00:01,  5.87it/s]
Trials:  50%|#####     | 5/10 [00:00<00:00,  5.77it/s]
Trials:  60%|######    | 6/10 [00:01<00:00,  5.84it/s]
Trials:  70%|#######   | 7/10 [00:01<00:00,  5.90it/s]
Trials:  80%|########  | 8/10 [00:01<00:00,  5.91it/s]
Trials:  90%|######### | 9/10 [00:01<00:00,  5.89it/s]
Trials: 100%|##########| 10/10 [00:01<00:00,  5.77it/s]
Trials: 100%|##########| 10/10 [00:01<00:00,  5.82it/s]

Trials:   0%|          | 0/10 [00:00<?, ?it/s]
Trials:  10%|#         | 1/10 [00:00<00:01,  5.90it/s]
Trials:  20%|##        | 2/10 [00:00<00:01,  5.97it/s]
Trials:  30%|###       | 3/10 [00:00<00:01,  5.99it/s]
Trials:  40%|####      | 4/10 [00:00<00:01,  5.87it/s]
Trials:  50%|#####     | 5/10 [00:00<00:00,  5.91it/s]
Trials:  60%|######    | 6/10 [00:01<00:00,  5.93it/s]
Trials:  70%|#######   | 7/10 [00:01<00:00,  5.95it/s]
Trials:  80%|########  | 8/10 [00:01<00:00,  5.97it/s]
Trials:  90%|######### | 9/10 [00:01<00:00,  5.86it/s]
Trials: 100%|##########| 10/10 [00:01<00:00,  5.90it/s]
Trials: 100%|##########| 10/10 [00:01<00:00,  5.92it/s]

Trials:   0%|          | 0/10 [00:00<?, ?it/s]
Trials:  10%|#         | 1/10 [00:00<00:01,  5.35it/s]
Trials:  20%|##        | 2/10 [00:00<00:01,  5.32it/s]
Trials:  30%|###       | 3/10 [00:00<00:01,  5.34it/s]
Trials:  40%|####      | 4/10 [00:00<00:01,  5.45it/s]
Trials:  50%|#####     | 5/10 [00:00<00:00,  5.49it/s]
Trials:  60%|######    | 6/10 [00:01<00:00,  5.46it/s]
Trials:  70%|#######   | 7/10 [00:01<00:00,  5.47it/s]
Trials:  80%|########  | 8/10 [00:01<00:00,  5.51it/s]
Trials:  90%|######### | 9/10 [00:01<00:00,  5.54it/s]
Trials: 100%|##########| 10/10 [00:01<00:00,  5.57it/s]
Trials: 100%|##########| 10/10 [00:01<00:00,  5.49it/s]

Trials:   0%|          | 0/10 [00:00<?, ?it/s]
Trials:  10%|#         | 1/10 [00:00<00:01,  5.36it/s]
Trials:  20%|##        | 2/10 [00:00<00:01,  5.46it/s]
Trials:  30%|###       | 3/10 [00:00<00:01,  5.51it/s]
Trials:  40%|####      | 4/10 [00:00<00:01,  5.67it/s]
Trials:  50%|#####     | 5/10 [00:00<00:00,  5.63it/s]
Trials:  60%|######    | 6/10 [00:01<00:00,  5.57it/s]
Trials:  70%|#######   | 7/10 [00:01<00:00,  5.68it/s]
Trials:  80%|########  | 8/10 [00:01<00:00,  5.73it/s]
Trials:  90%|######### | 9/10 [00:01<00:00,  5.58it/s]
Trials: 100%|##########| 10/10 [00:01<00:00,  5.68it/s]
Trials: 100%|##########| 10/10 [00:01<00:00,  5.63it/s]

Trials:   0%|          | 0/10 [00:00<?, ?it/s]
Trials:  10%|#         | 1/10 [00:00<00:01,  5.96it/s]
Trials:  20%|##        | 2/10 [00:00<00:01,  5.91it/s]
Trials:  30%|###       | 3/10 [00:00<00:01,  5.71it/s]
Trials:  40%|####      | 4/10 [00:00<00:01,  5.78it/s]
Trials:  50%|#####     | 5/10 [00:00<00:00,  5.84it/s]
Trials:  60%|######    | 6/10 [00:01<00:00,  5.77it/s]
Trials:  70%|#######   | 7/10 [00:01<00:00,  5.70it/s]
Trials:  80%|########  | 8/10 [00:01<00:00,  5.77it/s]
Trials:  90%|######### | 9/10 [00:01<00:00,  5.76it/s]
Trials: 100%|##########| 10/10 [00:01<00:00,  5.75it/s]
Trials: 100%|##########| 10/10 [00:01<00:00,  5.77it/s]

Trials:   0%|          | 0/10 [00:00<?, ?it/s]
Trials:  10%|#         | 1/10 [00:00<00:01,  4.94it/s]
Trials:  20%|##        | 2/10 [00:00<00:01,  4.86it/s]
Trials:  30%|###       | 3/10 [00:00<00:01,  4.92it/s]
Trials:  40%|####      | 4/10 [00:00<00:01,  4.93it/s]
Trials:  50%|#####     | 5/10 [00:01<00:01,  4.74it/s]
Trials:  60%|######    | 6/10 [00:01<00:00,  4.82it/s]
Trials:  70%|#######   | 7/10 [00:01<00:00,  4.87it/s]
Trials:  80%|########  | 8/10 [00:01<00:00,  4.90it/s]
Trials:  90%|######### | 9/10 [00:01<00:00,  4.86it/s]
Trials: 100%|##########| 10/10 [00:02<00:00,  4.89it/s]
Trials: 100%|##########| 10/10 [00:02<00:00,  4.87it/s]

Trials:   0%|          | 0/10 [00:00<?, ?it/s]
Trials:  10%|#         | 1/10 [00:00<00:01,  5.83it/s]
Trials:  20%|##        | 2/10 [00:00<00:01,  5.87it/s]
Trials:  30%|###       | 3/10 [00:00<00:01,  5.70it/s]
Trials:  40%|####      | 4/10 [00:00<00:01,  5.77it/s]
Trials:  50%|#####     | 5/10 [00:00<00:00,  5.70it/s]
Trials:  60%|######    | 6/10 [00:01<00:00,  5.71it/s]
Trials:  70%|#######   | 7/10 [00:01<00:00,  5.64it/s]
Trials:  80%|########  | 8/10 [00:01<00:00,  5.66it/s]
Trials:  90%|######### | 9/10 [00:01<00:00,  5.72it/s]
Trials: 100%|##########| 10/10 [00:01<00:00,  5.76it/s]
Trials: 100%|##########| 10/10 [00:01<00:00,  5.73it/s]

Trials:   0%|          | 0/10 [00:00<?, ?it/s]
Trials:  10%|#         | 1/10 [00:00<00:01,  5.45it/s]
Trials:  20%|##        | 2/10 [00:00<00:01,  5.50it/s]
Trials:  30%|###       | 3/10 [00:00<00:01,  5.68it/s]
Trials:  40%|####      | 4/10 [00:00<00:01,  5.75it/s]
Trials:  50%|#####     | 5/10 [00:00<00:00,  5.64it/s]
Trials:  60%|######    | 6/10 [00:01<00:00,  5.70it/s]
Trials:  70%|#######   | 7/10 [00:01<00:00,  5.78it/s]
Trials:  80%|########  | 8/10 [00:01<00:00,  5.80it/s]
Trials:  90%|######### | 9/10 [00:01<00:00,  5.79it/s]
Trials: 100%|##########| 10/10 [00:01<00:00,  5.70it/s]
Trials: 100%|##########| 10/10 [00:01<00:00,  5.70it/s]

Trials:   0%|          | 0/10 [00:00<?, ?it/s]
Trials:  10%|#         | 1/10 [00:00<00:01,  4.55it/s]
Trials:  20%|##        | 2/10 [00:00<00:01,  4.80it/s]
Trials:  30%|###       | 3/10 [00:00<00:01,  4.88it/s]
Trials:  40%|####      | 4/10 [00:00<00:01,  4.84it/s]
Trials:  50%|#####     | 5/10 [00:01<00:01,  4.84it/s]
Trials:  60%|######    | 6/10 [00:01<00:00,  4.89it/s]
Trials:  70%|#######   | 7/10 [00:01<00:00,  4.83it/s]
Trials:  80%|########  | 8/10 [00:01<00:00,  4.82it/s]
Trials:  90%|######### | 9/10 [00:01<00:00,  4.87it/s]
Trials: 100%|##########| 10/10 [00:02<00:00,  4.82it/s]
Trials: 100%|##########| 10/10 [00:02<00:00,  4.83it/s]

Trials:   0%|          | 0/10 [00:00<?, ?it/s]
Trials:  10%|#         | 1/10 [00:00<00:01,  5.82it/s]
Trials:  20%|##        | 2/10 [00:00<00:01,  5.87it/s]
Trials:  30%|###       | 3/10 [00:00<00:01,  5.84it/s]
Trials:  40%|####      | 4/10 [00:00<00:01,  5.67it/s]
Trials:  50%|#####     | 5/10 [00:00<00:00,  5.74it/s]
Trials:  60%|######    | 6/10 [00:01<00:00,  5.78it/s]
Trials:  70%|#######   | 7/10 [00:01<00:00,  5.81it/s]
Trials:  80%|########  | 8/10 [00:01<00:00,  5.71it/s]
Trials:  90%|######### | 9/10 [00:01<00:00,  5.77it/s]
Trials: 100%|##########| 10/10 [00:01<00:00,  5.81it/s]
Trials: 100%|##########| 10/10 [00:01<00:00,  5.78it/s]

Trials:   0%|          | 0/10 [00:00<?, ?it/s]
Trials:  10%|#         | 1/10 [00:00<00:01,  5.62it/s]
Trials:  20%|##        | 2/10 [00:00<00:01,  5.80it/s]
Trials:  30%|###       | 3/10 [00:00<00:01,  5.67it/s]
Trials:  40%|####      | 4/10 [00:00<00:01,  5.83it/s]
Trials:  50%|#####     | 5/10 [00:00<00:00,  5.87it/s]
Trials:  60%|######    | 6/10 [00:01<00:00,  5.88it/s]
Trials:  70%|#######   | 7/10 [00:01<00:00,  5.74it/s]
Trials:  80%|########  | 8/10 [00:01<00:00,  5.79it/s]
Trials:  90%|######### | 9/10 [00:01<00:00,  5.81it/s]
Trials: 100%|##########| 10/10 [00:01<00:00,  5.76it/s]
Trials: 100%|##########| 10/10 [00:01<00:00,  5.78it/s]

