mode,process_id,workload_name,algorithm,allocation_policy,memory_frames,repetition_id,duration_ns,metadata,duration_ms
isolation,0,demo_locality,FIFO,GlobalAllocation,4,0,3400,{'trace_kind': 'trace'},0.0034
isolation,1,demo_locality,FIFO,GlobalAllocation,4,0,2500,{'trace_kind': 'trace'},0.0025
isolation,0,demo_locality,FIFO,GlobalAllocation,4,1,2400,{'trace_kind': 'trace'},0.0024
isolation,1,demo_locality,FIFO,GlobalAllocation,4,1,2300,{'trace_kind': 'trace'},0.0023
isolation,0,demo_locality,FIFO,GlobalAllocation,4,2,2400,{'trace_kind': 'trace'},0.0024
isolation,1,demo_locality,FIFO,GlobalAllocation,4,2,2300,{'trace_kind': 'trace'},0.0023
isolation,0,demo_locality,FIFO,GlobalAllocation,4,3,2100,{'trace_kind': 'trace'},0.0021
isolation,1,demo_locality,FIFO,GlobalAllocation,4,3,2100,{'trace_kind': 'trace'},0.0021
isolation,0,demo_locality,FIFO,GlobalAllocation,4,4,2300,{'trace_kind': 'trace'},0.0023
isolation,1,demo_locality,FIFO,GlobalAllocation,4,4,2100,{'trace_kind': 'trace'},0.0021
isolation,0,demo_locality,FIFO,GlobalAllocation,4,5,2100,{'trace_kind': 'trace'},0.0021
isolation,1,demo_locality,FIFO,GlobalAllocation,4,5,2200,{'trace_kind': 'trace'},0.0022
isolation,0,demo_locality,FIFO,GlobalAllocation,4,6,2200,{'trace_kind': 'trace'},0.0022
isolation,1,demo_locality,FIFO,GlobalAllocation,4,6,2500,{'trace_kind': 'trace'},0.0025
isolation,0,demo_locality,FIFO,GlobalAllocation,4,7,2100,{'trace_kind': 'trace'},0.0021
isolation,1,demo_locality,FIFO,GlobalAllocation,4,7,2100,{'trace_kind': 'trace'},0.0021
isolation,0,demo_locality,FIFO,GlobalAllocation,4,8,2200,{'trace_kind': 'trace'},0.0022
isolation,1,demo_locality,FIFO,GlobalAllocation,4,8,2000,{'trace_kind': 'trace'},0.002
isolation,0,demo_locality,FIFO,GlobalAllocation,4,9,2000,{'trace_kind': 'trace'},0.002
isolation,1,demo_locality,FIFO,GlobalAllocation,4,9,2000,{'trace_kind': 'trace'},0.002
isolation,0,demo_locality,FIFO,LocalAllocation,4,0,2400,{'trace_kind': 'trace'},0.0024
isolation,1,demo_locality,FIFO,LocalAllocation,4,0,2000,{'trace_kind': 'trace'},0.002
isolation,0,demo_locality,FIFO,LocalAllocation,4,1,2200,{'trace_kind': 'trace'},0.0022
isolation,1,demo_locality,FIFO,LocalAllocation,4,1,2100,{'trace_kind': 'trace'},0.0021
isolation,0,demo_locality,FIFO,LocalAllocation,4,2,2000,{'trace_kind': 'trace'},0.002
isolation,1,demo_locality,FIFO,LocalAllocation,4,2,2100,{'trace_kind': 'trace'},0.0021
isolation,0,demo_locality,FIFO,LocalAllocation,4,3,2100,{'trace_kind': 'trace'},0.0021
isolation,1,demo_locality,FIFO,LocalAllocation,4,3,2000,{'trace_kind': 'trace'},0.002
isolation,0,demo_locality,FIFO,LocalAllocation,4,4,2100,{'trace_kind': 'trace'},0.0021
isolation,1,demo_locality,FIFO,LocalAllocation,4,4,2000,{'trace_kind': 'trace'},0.002
isolation,0,demo_locality,FIFO,LocalAllocation,4,5,2100,{'trace_kind': 'trace'},0.0021
isolation,1,demo_locality,FIFO,LocalAllocation,4,5,2200,{'trace_kind': 'trace'},0.0022
isolation,0,demo_locality,FIFO,LocalAllocation,4,6,1900,{'trace_kind': 'trace'},0.0019
isolation,1,demo_locality,FIFO,LocalAllocation,4,6,1900,{'trace_kind': 'trace'},0.0019
isolation,0,demo_locality,FIFO,LocalAllocation,4,7,2100,{'trace_kind': 'trace'},0.0021
isolation,1,demo_locality,FIFO,LocalAllocation,4,7,2100,{'trace_kind': 'trace'},0.0021
isolation,0,demo_locality,FIFO,LocalAllocation,4,8,2100,{'trace_kind': 'trace'},0.0021
isolation,1,demo_locality,FIFO,LocalAllocation,4,8,2000,{'trace_kind': 'trace'},0.002
isolation,0,demo_locality,FIFO,LocalAllocation,4,9,1900,{'trace_kind': 'trace'},0.0019
isolation,1,demo_locality,FIFO,LocalAllocation,4,9,2000,{'trace_kind': 'trace'},0.002
isolation,0,demo_locality,FIFO,ProportionalAllocation,4,0,2300,{'trace_kind': 'trace'},0.0023
isolation,1,demo_locality,FIFO,ProportionalAllocation,4,0,1900,{'trace_kind': 'trace'},0.0019
isolation,0,demo_locality,FIFO,ProportionalAllocation,4,1,2400,{'trace_kind': 'trace'},0.0024
isolation,1,demo_locality,FIFO,ProportionalAllocation,4,1,2200,{'trace_kind': 'trace'},0.0022
isolation,0,demo_locality,FIFO,ProportionalAllocation,4,2,2100,{'trace_kind': 'trace'},0.0021
isolation,1,demo_locality,FIFO,ProportionalAllocation,4,2,2100,{'trace_kind': 'trace'},0.0021
isolation,0,demo_locality,FIFO,ProportionalAllocation,4,3,2000,{'trace_kind': 'trace'},0.002
isolation,1,demo_locality,FIFO,ProportionalAllocation,4,3,2100,{'trace_kind': 'trace'},0.0021
isolation,0,demo_locality,FIFO,ProportionalAllocation,4,4,1900,{'trace_kind': 'trace'},0.0019
isolation,1,demo_locality,FIFO,ProportionalAllocation,4,4,1900,{'trace_kind': 'trace'},0.0019
isolation,0,demo_locality,FIFO,ProportionalAllocation,4,5,2100,{'trace_kind': 'trace'},0.0021
isolation,1,demo_locality,FIFO,ProportionalAllocation,4,5,2100,{'trace_kind': 'trace'},0.0021
isolation,0,demo_locality,FIFO,ProportionalAllocation,4,6,2100,{'trace_kind': 'trace'},0.0021
isolation,1,demo_locality,FIFO,ProportionalAllocation,4,6,2000,{'trace_kind': 'trace'},0.002
isolation,0,demo_locality,FIFO,ProportionalAllocation,4,7,2000,{'trace_kind': 'trace'},0.002
isolation,1,demo_locality,FIFO,ProportionalAllocation,4,7,2000,{'trace_kind': 'trace'},0.002
isolation,0,demo_locality,FIFO,ProportionalAllocation,4,8,1900,{'trace_kind': 'trace'},0.0019
isolation,1,demo_locality,FIFO,ProportionalAllocation,4,8,2000,{'trace_kind': 'trace'},0.002
isolation,0,demo_locality,FIFO,ProportionalAllocation,4,9,2100,{'trace_kind': 'trace'},0.0021
isolation,1,demo_locality,FIFO,ProportionalAllocation,4,9,1900,{'trace_kind': 'trace'},0.0019
isolation,0,demo_locality,LRU,GlobalAllocation,4,0,3000,{'trace_kind': 'trace'},0.003
isolation,1,demo_locality,LRU,GlobalAllocation,4,0,2700,{'trace_kind': 'trace'},0.0027
isolation,0,demo_locality,LRU,GlobalAllocation,4,1,3300,{'trace_kind': 'trace'},0.0033
isolation,1,demo_locality,LRU,GlobalAllocation,4,1,2700,{'trace_kind': 'trace'},0.0027
isolation,0,demo_locality,LRU,GlobalAllocation,4,2,2900,{'trace_kind': 'trace'},0.0029
isolation,1,demo_locality,LRU,GlobalAllocation,4,2,2700,{'trace_kind': 'trace'},0.0027
isolation,0,demo_locality,LRU,GlobalAllocation,4,3,3000,{'trace_kind': 'trace'},0.003
isolation,1,demo_locality,LRU,GlobalAllocation,4,3,2600,{'trace_kind': 'trace'},0.0026
isolation,0,demo_locality,LRU,GlobalAllocation,4,4,2600,{'trace_kind': 'trace'},0.0026
isolation,1,demo_locality,LRU,GlobalAllocation,4,4,2600,{'trace_kind': 'trace'},0.0026
isolation,0,demo_locality,LRU,GlobalAllocation,4,5,2600,{'trace_kind': 'trace'},0.0026
isolation,1,demo_locality,LRU,GlobalAllocation,4,5,2500,{'trace_kind': 'trace'},0.0025
isolation,0,demo_locality,LRU,GlobalAllocation,4,6,2800,{'trace_kind': 'trace'},0.0028
isolation,1,demo_locality,LRU,GlobalAllocation,4,6,2400,{'trace_kind': 'trace'},0.0024
isolation,0,demo_locality,LRU,GlobalAllocation,4,7,2500,{'trace_kind': 'trace'},0.0025
isolation,1,demo_locality,LRU,GlobalAllocation,4,7,2500,{'trace_kind': 'trace'},0.0025
isolation,0,demo_locality,LRU,GlobalAllocation,4,8,2400,{'trace_kind': 'trace'},0.0024
isolation,1,demo_locality,LRU,GlobalAllocation,4,8,2300,{'trace_kind': 'trace'},0.0023
isolation,0,demo_locality,LRU,GlobalAllocation,4,9,2300,{'trace_kind': 'trace'},0.0023
isolation,1,demo_locality,LRU,GlobalAllocation,4,9,2200,{'trace_kind': 'trace'},0.0022
isolation,0,demo_locality,LRU,LocalAllocation,4,0,2400,{'trace_kind': 'trace'},0.0024
isolation,1,demo_locality,LRU,LocalAllocation,4,0,2200,{'trace_kind': 'trace'},0.0022
isolation,0,demo_locality,LRU,LocalAllocation,4,1,2200,{'trace_kind': 'trace'},0.0022
isolation,1,demo_locality,LRU,LocalAllocation,4,1,2200,{'trace_kind': 'trace'},0.0022
isolation,0,demo_locality,LRU,LocalAllocation,4,2,2200,{'trace_kind': 'trace'},0.0022
isolation,1,demo_locality,LRU,LocalAllocation,4,2,2200,{'trace_kind': 'trace'},0.0022
isolation,0,demo_locality,LRU,LocalAllocation,4,3,2300,{'trace_kind': 'trace'},0.0023
isolation,1,demo_locality,LRU,LocalAllocation,4,3,2500,{'trace_kind': 'trace'},0.0025
isolation,0,demo_locality,LRU,LocalAllocation,4,4,2100,{'trace_kind': 'trace'},0.0021
isolation,1,demo_locality,LRU,LocalAllocation,4,4,2200,{'trace_kind': 'trace'},0.0022
isolation,0,demo_locality,LRU,LocalAllocation,4,5,2100,{'trace_kind': 'trace'},0.0021
isolation,1,demo_locality,LRU,LocalAllocation,4,5,2300,{'trace_kind': 'trace'},0.0023
isolation,0,demo_locality,LRU,LocalAllocation,4,6,2200,{'trace_kind': 'trace'},0.0022
isolation,1,demo_locality,LRU,LocalAllocation,4,6,2200,{'trace_kind': 'trace'},0.0022
isolation,0,demo_locality,LRU,LocalAllocation,4,7,2200,{'trace_kind': 'trace'},0.0022
isolation,1,demo_locality,LRU,LocalAllocation,4,7,2200,{'trace_kind': 'trace'},0.0022
isolation,0,demo_locality,LRU,LocalAllocation,4,8,2100,{'trace_kind': 'trace'},0.0021
isolation,1,demo_locality,LRU,LocalAllocation,4,8,2200,{'trace_kind': 'trace'},0.0022
isolation,0,demo_locality,LRU,LocalAllocation,4,9,2100,{'trace_kind': 'trace'},0.0021
isolation,1,demo_locality,LRU,LocalAllocation,4,9,2300,{'trace_kind': 'trace'},0.0023
isolation,0,demo_locality,LRU,ProportionalAllocation,4,0,2400,{'trace_kind': 'trace'},0.0024
isolation,1,demo_locality,LRU,ProportionalAllocation,4,0,2300,{'trace_kind': 'trace'},0.0023
isolation,0,demo_locality,LRU,ProportionalAllocation,4,1,2400,{'trace_kind': 'trace'},0.0024
isolation,1,demo_locality,LRU,ProportionalAllocation,4,1,2200,{'trace_kind': 'trace'},0.0022
isolation,0,demo_locality,LRU,ProportionalAllocation,4,2,2200,{'trace_kind': 'trace'},0.0022
isolation,1,demo_locality,LRU,ProportionalAllocation,4,2,2300,{'trace_kind': 'trace'},0.0023
isolation,0,demo_locality,LRU,ProportionalAllocation,4,3,2200,{'trace_kind': 'trace'},0.0022
isolation,1,demo_locality,LRU,ProportionalAllocation,4,3,2100,{'trace_kind': 'trace'},0.0021
isolation,0,demo_locality,LRU,ProportionalAllocation,4,4,2200,{'trace_kind': 'trace'},0.0022
isolation,1,demo_locality,LRU,ProportionalAllocation,4,4,2300,{'trace_kind': 'trace'},0.0023
isolation,0,demo_locality,LRU,ProportionalAllocation,4,5,2200,{'trace_kind': 'trace'},0.0022
isolation,1,demo_locality,LRU,ProportionalAllocation,4,5,2200,{'trace_kind': 'trace'},0.0022
isolation,0,demo_locality,LRU,ProportionalAllocation,4,6,2200,{'trace_kind': 'trace'},0.0022
isolation,1,demo_locality,LRU,ProportionalAllocation,4,6,2200,{'trace_kind': 'trace'},0.0022
isolation,0,demo_locality,LRU,ProportionalAllocation,4,7,2300,{'trace_kind': 'trace'},0.0023
isolation,1,demo_locality,LRU,ProportionalAllocation,4,7,2200,{'trace_kind': 'trace'},0.0022
isolation,0,demo_locality,LRU,ProportionalAllocation,4,8,2200,{'trace_kind': 'trace'},0.0022
isolation,1,demo_locality,LRU,ProportionalAllocation,4,8,2100,{'trace_kind': 'trace'},0.0021
isolation,0,demo_locality,LRU,ProportionalAllocation,4,9,2800,{'trace_kind': 'trace'},0.0028
isolation,1,demo_locality,LRU,ProportionalAllocation,4,9,2200,{'trace_kind': 'trace'},0.0022
isolation,0,demo_locality,NRU,GlobalAllocation,4,0,3100,{'trace_kind': 'trace'},0.0031
isolation,1,demo_locality,NRU,GlobalAllocation,4,0,2700,{'trace_kind': 'trace'},0.0027
isolation,0,demo_locality,NRU,GlobalAllocation,4,1,3100,{'trace_kind': 'trace'},0.0031
isolation,1,demo_locality,NRU,GlobalAllocation,4,1,2700,{'trace_kind': 'trace'},0.0027
isolation,0,demo_locality,NRU,GlobalAllocation,4,2,2600,{'trace_kind': 'trace'},0.0026
isolation,1,demo_locality,NRU,GlobalAllocation,4,2,2700,{'trace_kind': 'trace'},0.0027
isolation,0,demo_locality,NRU,GlobalAllocation,4,3,3800,{'trace_kind': 'trace'},0.0038
isolation,1,demo_locality,NRU,GlobalAllocation,4,3,3500,{'trace_kind': 'trace'},0.0035
isolation,0,demo_locality,NRU,GlobalAllocation,4,4,2400,{'trace_kind': 'trace'},0.0024
isolation,1,demo_locality,NRU,GlobalAllocation,4,4,2500,{'trace_kind': 'trace'},0.0025
isolation,0,demo_locality,NRU,GlobalAllocation,4,5,21200,{'trace_kind': 'trace'},0.0212
isolation,1,demo_locality,NRU,GlobalAllocation,4,5,4300,{'trace_kind': 'trace'},0.0043
isolation,0,demo_locality,NRU,GlobalAllocation,4,6,3600,{'trace_kind': 'trace'},0.0036
isolation,1,demo_locality,NRU,GlobalAllocation,4,6,3400,{'trace_kind': 'trace'},0.0034
isolation,0,demo_locality,NRU,GlobalAllocation,4,7,2600,{'trace_kind': 'trace'},0.0026
isolation,1,demo_locality,NRU,GlobalAllocation,4,7,2400,{'trace_kind': 'trace'},0.0024
isolation,0,demo_locality,NRU,GlobalAllocation,4,8,2400,{'trace_kind': 'trace'},0.0024
isolation,1,demo_locality,NRU,GlobalAllocation,4,8,2400,{'trace_kind': 'trace'},0.0024
isolation,0,demo_locality,NRU,GlobalAllocation,4,9,2300,{'trace_kind': 'trace'},0.0023
isolation,1,demo_locality,NRU,GlobalAllocation,4,9,2200,{'trace_kind': 'trace'},0.0022
isolation,0,demo_locality,NRU,LocalAllocation,4,0,2200,{'trace_kind': 'trace'},0.0022
isolation,1,demo_locality,NRU,LocalAllocation,4,0,2100,{'trace_kind': 'trace'},0.0021
isolation,0,demo_locality,NRU,LocalAllocation,4,1,2200,{'trace_kind': 'trace'},0.0022
isolation,1,demo_locality,NRU,LocalAllocation,4,1,2100,{'trace_kind': 'trace'},0.0021
isolation,0,demo_locality,NRU,LocalAllocation,4,2,2300,{'trace_kind': 'trace'},0.0023
isolation,1,demo_locality,NRU,LocalAllocation,4,2,2100,{'trace_kind': 'trace'},0.0021
isolation,0,demo_locality,NRU,LocalAllocation,4,3,2100,{'trace_kind': 'trace'},0.0021
isolation,1,demo_locality,NRU,LocalAllocation,4,3,2000,{'trace_kind': 'trace'},0.002
isolation,0,demo_locality,NRU,LocalAllocation,4,4,2100,{'trace_kind': 'trace'},0.0021
isolation,1,demo_locality,NRU,LocalAllocation,4,4,2100,{'trace_kind': 'trace'},0.0021
isolation,0,demo_locality,NRU,LocalAllocation,4,5,2300,{'trace_kind': 'trace'},0.0023
isolation,1,demo_locality,NRU,LocalAllocation,4,5,2000,{'trace_kind': 'trace'},0.002
isolation,0,demo_locality,NRU,LocalAllocation,4,6,2100,{'trace_kind': 'trace'},0.0021
isolation,1,demo_locality,NRU,LocalAllocation,4,6,2000,{'trace_kind': 'trace'},0.002
isolation,0,demo_locality,NRU,LocalAllocation,4,7,2100,{'trace_kind': 'trace'},0.0021
isolation,1,demo_locality,NRU,LocalAllocation,4,7,2400,{'trace_kind': 'trace'},0.0024
isolation,0,demo_locality,NRU,LocalAllocation,4,8,2100,{'trace_kind': 'trace'},0.0021
isolation,1,demo_locality,NRU,LocalAllocation,4,8,2200,{'trace_kind': 'trace'},0.0022
isolation,0,demo_locality,NRU,LocalAllocation,4,9,2000,{'trace_kind': 'trace'},0.002
isolation,1,demo_locality,NRU,LocalAllocation,4,9,2000,{'trace_kind': 'trace'},0.002
isolation,0,demo_locality,NRU,ProportionalAllocation,4,0,2300,{'trace_kind': 'trace'},0.0023
isolation,1,demo_locality,NRU,ProportionalAllocation,4,0,2000,{'trace_kind': 'trace'},0.002
isolation,0,demo_locality,NRU,ProportionalAllocation,4,1,2100,{'trace_kind': 'trace'},0.0021
isolation,1,demo_locality,NRU,ProportionalAllocation,4,1,2100,{'trace_kind': 'trace'},0.0021
isolation,0,demo_locality,NRU,ProportionalAllocation,4,2,2100,{'trace_kind': 'trace'},0.0021
isolation,1,demo_locality,NRU,ProportionalAllocation,4,2,2000,{'trace_kind': 'trace'},0.002
isolation,0,demo_locality,NRU,ProportionalAllocation,4,3,2200,{'trace_kind': 'trace'},0.0022
isolation,1,demo_locality,NRU,ProportionalAllocation,4,3,2100,{'trace_kind': 'trace'},0.0021
isolation,0,demo_locality,NRU,ProportionalAllocation,4,4,2100,{'trace_kind': 'trace'},0.0021
isolation,1,demo_locality,NRU,ProportionalAllocation,4,4,2100,{'trace_kind': 'trace'},0.0021
isolation,0,demo_locality,NRU,ProportionalAllocation,4,5,2300,{'trace_kind': 'trace'},0.0023
isolation,1,demo_locality,NRU,ProportionalAllocation,4,5,2000,{'trace_kind': 'trace'},0.002
isolation,0,demo_locality,NRU,ProportionalAllocation,4,6,2200,{'trace_kind': 'trace'},0.0022
isolation,1,demo_locality,NRU,ProportionalAllocation,4,6,2200,{'trace_kind': 'trace'},0.0022
isolation,0,demo_locality,NRU,ProportionalAllocation,4,7,2000,{'trace_kind': 'trace'},0.002
isolation,1,demo_locality,NRU,ProportionalAllocation,4,7,2100,{'trace_kind': 'trace'},0.0021
isolation,0,demo_locality,NRU,ProportionalAllocation,4,8,2000,{'trace_kind': 'trace'},0.002
isolation,1,demo_locality,NRU,ProportionalAllocation,4,8,2000,{'trace_kind': 'trace'},0.002
isolation,0,demo_locality,NRU,ProportionalAllocation,4,9,2300,{'trace_kind': 'trace'},0.0023
isolation,1,demo_locality,NRU,ProportionalAllocation,4,9,2300,{'trace_kind': 'trace'},0.0023
isolation,0,demo_locality,SecondChance,GlobalAllocation,4,0,3000,{'trace_kind': 'trace'},0.003
isolation,1,demo_locality,SecondChance,GlobalAllocation,4,0,2900,{'trace_kind': 'trace'},0.0029
isolation,0,demo_locality,SecondChance,GlobalAllocation,4,1,3000,{'trace_kind': 'trace'},0.003
isolation,1,demo_locality,SecondChance,GlobalAllocation,4,1,2500,{'trace_kind': 'trace'},0.0025
isolation,0,demo_locality,SecondChance,GlobalAllocation,4,2,2700,{'trace_kind': 'trace'},0.0027
isolation,1,demo_locality,SecondChance,GlobalAllocation,4,2,2600,{'trace_kind': 'trace'},0.0026
isolation,0,demo_locality,SecondChance,GlobalAllocation,4,3,2700,{'trace_kind': 'trace'},0.0027
isolation,1,demo_locality,SecondChance,GlobalAllocation,4,3,2300,{'trace_kind': 'trace'},0.0023
isolation,0,demo_locality,SecondChance,GlobalAllocation,4,4,2500,{'trace_kind': 'trace'},0.0025
isolation,1,demo_locality,SecondChance,GlobalAllocation,4,4,2400,{'trace_kind': 'trace'},0.0024
isolation,0,demo_locality,SecondChance,GlobalAllocation,4,5,2400,{'trace_kind': 'trace'},0.0024
isolation,1,demo_locality,SecondChance,GlobalAllocation,4,5,2400,{'trace_kind': 'trace'},0.0024
isolation,0,demo_locality,SecondChance,GlobalAllocation,4,6,2700,{'trace_kind': 'trace'},0.0027
isolation,1,demo_locality,SecondChance,GlobalAllocation,4,6,2300,{'trace_kind': 'trace'},0.0023
isolation,0,demo_locality,SecondChance,GlobalAllocation,4,7,2300,{'trace_kind': 'trace'},0.0023
isolation,1,demo_locality,SecondChance,GlobalAllocation,4,7,2200,{'trace_kind': 'trace'},0.0022
isolation,0,demo_locality,SecondChance,GlobalAllocation,4,8,2300,{'trace_kind': 'trace'},0.0023
isolation,1,demo_locality,SecondChance,GlobalAllocation,4,8,2200,{'trace_kind': 'trace'},0.0022
isolation,0,demo_locality,SecondChance,GlobalAllocation,4,9,2300,{'trace_kind': 'trace'},0.0023
isolation,1,demo_locality,SecondChance,GlobalAllocation,4,9,2300,{'trace_kind': 'trace'},0.0023
isolation,0,demo_locality,SecondChance,LocalAllocation,4,0,2300,{'trace_kind': 'trace'},0.0023
isolation,1,demo_locality,SecondChance,LocalAllocation,4,0,1900,{'trace_kind': 'trace'},0.0019
isolation,0,demo_locality,SecondChance,LocalAllocation,4,1,2300,{'trace_kind': 'trace'},0.0023
isolation,1,demo_locality,SecondChance,LocalAllocation,4,1,2000,{'trace_kind': 'trace'},0.002
isolation,0,demo_locality,SecondChance,LocalAllocation,4,2,2100,{'trace_kind': 'trace'},0.0021
isolation,1,demo_locality,SecondChance,LocalAllocation,4,2,2100,{'trace_kind': 'trace'},0.0021
isolation,0,demo_locality,SecondChance,LocalAllocation,4,3,2100,{'trace_kind': 'trace'},0.0021
isolation,1,demo_locality,SecondChance,LocalAllocation,4,3,2000,{'trace_kind': 'trace'},0.002
isolation,0,demo_locality,SecondChance,LocalAllocation,4,4,2000,{'trace_kind': 'trace'},0.002
isolation,1,demo_locality,SecondChance,LocalAllocation,4,4,2000,{'trace_kind': 'trace'},0.002
isolation,0,demo_locality,SecondChance,LocalAllocation,4,5,2100,{'trace_kind': 'trace'},0.0021
isolation,1,demo_locality,SecondChance,LocalAllocation,4,5,2100,{'trace_kind': 'trace'},0.0021
isolation,0,demo_locality,SecondChance,LocalAllocation,4,6,2100,{'trace_kind': 'trace'},0.0021
isolation,1,demo_locality,SecondChance,LocalAllocation,4,6,2100,{'trace_kind': 'trace'},0.0021
isolation,0,demo_locality,SecondChance,LocalAllocation,4,7,2100,{'trace_kind': 'trace'},0.0021
isolation,1,demo_locality,SecondChance,LocalAllocation,4,7,2000,{'trace_kind': 'trace'},0.002
isolation,0,demo_locality,SecondChance,LocalAllocation,4,8,2100,{'trace_kind': 'trace'},0.0021
isolation,1,demo_locality,SecondChance,LocalAllocation,4,8,2100,{'trace_kind': 'trace'},0.0021
isolation,0,demo_locality,SecondChance,LocalAllocation,4,9,2100,{'trace_kind': 'trace'},0.0021
isolation,1,demo_locality,SecondChance,LocalAllocation,4,9,1900,{'trace_kind': 'trace'},0.0019
isolation,0,demo_locality,SecondChance,ProportionalAllocation,4,0,2300,{'trace_kind': 'trace'},0.0023
isolation,1,demo_locality,SecondChance,ProportionalAllocation,4,0,2100,{'trace_kind': 'trace'},0.0021
isolation,0,demo_locality,SecondChance,ProportionalAllocation,4,1,2100,{'trace_kind': 'trace'},0.0021
isolation,1,demo_locality,SecondChance,ProportionalAllocation,4,1,2700,{'trace_kind': 'trace'},0.0027
isolation,0,demo_locality,SecondChance,ProportionalAllocation,4,2,2200,{'trace_kind': 'trace'},0.0022
isolation,1,demo_locality,SecondChance,ProportionalAllocation,4,2,2100,{'trace_kind': 'trace'},0.0021
isolation,0,demo_locality,SecondChance,ProportionalAllocation,4,3,2100,{'trace_kind': 'trace'},0.0021
isolation,1,demo_locality,SecondChance,ProportionalAllocation,4,3,2000,{'trace_kind': 'trace'},0.002
isolation,0,demo_locality,SecondChance,ProportionalAllocation,4,4,1900,{'trace_kind': 'trace'},0.0019
isolation,1,demo_locality,SecondChance,ProportionalAllocation,4,4,2100,{'trace_kind': 'trace'},0.0021
isolation,0,demo_locality,SecondChance,ProportionalAllocation,4,5,2000,{'trace_kind': 'trace'},0.002
isolation,1,demo_locality,SecondChance,ProportionalAllocation,4,5,2000,{'trace_kind': 'trace'},0.002
isolation,0,demo_locality,SecondChance,ProportionalAllocation,4,6,2000,{'trace_kind': 'trace'},0.002
isolation,1,demo_locality,SecondChance,ProportionalAllocation,4,6,2000,{'trace_kind': 'trace'},0.002
isolation,0,demo_locality,SecondChance,ProportionalAllocation,4,7,2000,{'trace_kind': 'trace'},0.002
isolation,1,demo_locality,SecondChance,ProportionalAllocation,4,7,2000,{'trace_kind': 'trace'},0.002
isolation,0,demo_locality,SecondChance,ProportionalAllocation,4,8,2000,{'trace_kind': 'trace'},0.002
isolation,1,demo_locality,SecondChance,ProportionalAllocation,4,8,2000,{'trace_kind': 'trace'},0.002
isolation,0,demo_locality,SecondChance,ProportionalAllocation,4,9,2100,{'trace_kind': 'trace'},0.0021
isolation,1,demo_locality,SecondChance,ProportionalAllocation,4,9,2000,{'trace_kind': 'trace'},0.002
isolation,0,demo_locality,WSClock,GlobalAllocation,4,0,3000,{'trace_kind': 'trace'},0.003
isolation,1,demo_locality,WSClock,GlobalAllocation,4,0,2900,{'trace_kind': 'trace'},0.0029
isolation,0,demo_locality,WSClock,GlobalAllocation,4,1,3000,{'trace_kind': 'trace'},0.003
isolation,1,demo_locality,WSClock,GlobalAllocation,4,1,2700,{'trace_kind': 'trace'},0.0027
isolation,0,demo_locality,WSClock,GlobalAllocation,4,2,2600,{'trace_kind': 'trace'},0.0026
isolation,1,demo_locality,WSClock,GlobalAllocation,4,2,2600,{'trace_kind': 'trace'},0.0026
isolation,0,demo_locality,WSClock,GlobalAllocation,4,3,2800,{'trace_kind': 'trace'},0.0028
isolation,1,demo_locality,WSClock,GlobalAllocation,4,3,2400,{'trace_kind': 'trace'},0.0024
isolation,0,demo_locality,WSClock,GlobalAllocation,4,4,2400,{'trace_kind': 'trace'},0.0024
isolation,1,demo_locality,WSClock,GlobalAllocation,4,4,2500,{'trace_kind': 'trace'},0.0025
isolation,0,demo_locality,WSClock,GlobalAllocation,4,5,2400,{'trace_kind': 'trace'},0.0024
isolation,1,demo_locality,WSClock,GlobalAllocation,4,5,2400,{'trace_kind': 'trace'},0.0024
isolation,0,demo_locality,WSClock,GlobalAllocation,4,6,2700,{'trace_kind': 'trace'},0.0027
isolation,1,demo_locality,WSClock,GlobalAllocation,4,6,2200,{'trace_kind': 'trace'},0.0022
isolation,0,demo_locality,WSClock,GlobalAllocation,4,7,2200,{'trace_kind': 'trace'},0.0022
isolation,1,demo_locality,WSClock,GlobalAllocation,4,7,2400,{'trace_kind': 'trace'},0.0024
isolation,0,demo_locality,WSClock,GlobalAllocation,4,8,2300,{'trace_kind': 'trace'},0.0023
isolation,1,demo_locality,WSClock,GlobalAllocation,4,8,2400,{'trace_kind': 'trace'},0.0024
isolation,0,demo_locality,WSClock,GlobalAllocation,4,9,2100,{'trace_kind': 'trace'},0.0021
isolation,1,demo_locality,WSClock,GlobalAllocation,4,9,2200,{'trace_kind': 'trace'},0.0022
isolation,0,demo_locality,WSClock,LocalAllocation,4,0,2200,{'trace_kind': 'trace'},0.0022
isolation,1,demo_locality,WSClock,LocalAllocation,4,0,2000,{'trace_kind': 'trace'},0.002
isolation,0,demo_locality,WSClock,LocalAllocation,4,1,2200,{'trace_kind': 'trace'},0.0022
isolation,1,demo_locality,WSClock,LocalAllocation,4,1,2000,{'trace_kind': 'trace'},0.002
isolation,0,demo_locality,WSClock,LocalAllocation,4,2,2200,{'trace_kind': 'trace'},0.0022
isolation,1,demo_locality,WSClock,LocalAllocation,4,2,2000,{'trace_kind': 'trace'},0.002
isolation,0,demo_locality,WSClock,LocalAllocation,4,3,2000,{'trace_kind': 'trace'},0.002
isolation,1,demo_locality,WSClock,LocalAllocation,4,3,2000,{'trace_kind': 'trace'},0.002
isolation,0,demo_locality,WSClock,LocalAllocation,4,4,2000,{'trace_kind': 'trace'},0.002
isolation,1,demo_locality,WSClock,LocalAllocation,4,4,2000,{'trace_kind': 'trace'},0.002
isolation,0,demo_locality,WSClock,LocalAllocation,4,5,2100,{'trace_kind': 'trace'},0.0021
isolation,1,demo_locality,WSClock,LocalAllocation,4,5,2000,{'trace_kind': 'trace'},0.002
isolation,0,demo_locality,WSClock,LocalAllocation,4,6,2000,{'trace_kind': 'trace'},0.002
isolation,1,demo_locality,WSClock,LocalAllocation,4,6,2000,{'trace_kind': 'trace'},0.002
isolation,0,demo_locality,WSClock,LocalAllocation,4,7,2000,{'trace_kind': 'trace'},0.002
isolation,1,demo_locality,WSClock,LocalAllocation,4,7,2100,{'trace_kind': 'trace'},0.0021
isolation,0,demo_locality,WSClock,LocalAllocation,4,8,2200,{'trace_kind': 'trace'},0.0022
isolation,1,demo_locality,WSClock,LocalAllocation,4,8,2100,{'trace_kind': 'trace'},0.0021
isolation,0,demo_locality,WSClock,LocalAllocation,4,9,2100,{'trace_kind': 'trace'},0.0021
isolation,1,demo_locality,WSClock,LocalAllocation,4,9,2000,{'trace_kind': 'trace'},0.002
isolation,0,demo_locality,WSClock,ProportionalAllocation,4,0,2200,{'trace_kind': 'trace'},0.0022
isolation,1,demo_locality,WSClock,ProportionalAllocation,4,0,2000,{'trace_kind': 'trace'},0.002
isolation,0,demo_locality,WSClock,ProportionalAllocation,4,1,2000,{'trace_kind': 'trace'},0.002
isolation,1,demo_locality,WSClock,ProportionalAllocation,4,1,1900,{'trace_kind': 'trace'},0.0019
isolation,0,demo_locality,WSClock,ProportionalAllocation,4,2,2200,{'trace_kind': 'trace'},0.0022
isolation,1,demo_locality,WSClock,ProportionalAllocation,4,2,2100,{'trace_kind': 'trace'},0.0021
isolation,0,demo_locality,WSClock,ProportionalAllocation,4,3,2100,{'trace_kind': 'trace'},0.0021
isolation,1,demo_locality,WSClock,ProportionalAllocation,4,3,2000,{'trace_kind': 'trace'},0.002
isolation,0,demo_locality,WSClock,ProportionalAllocation,4,4,2200,{'trace_kind': 'trace'},0.0022
isolation,1,demo_locality,WSClock,ProportionalAllocation,4,4,2100,{'trace_kind': 'trace'},0.0021
isolation,0,demo_locality,WSClock,ProportionalAllocation,4,5,2000,{'trace_kind': 'trace'},0.002
isolation,1,demo_locality,WSClock,ProportionalAllocation,4,5,2100,{'trace_kind': 'trace'},0.0021
isolation,0,demo_locality,WSClock,ProportionalAllocation,4,6,2200,{'trace_kind': 'trace'},0.0022
isolation,1,demo_locality,WSClock,ProportionalAllocation,4,6,2000,{'trace_kind': 'trace'},0.002
isolation,0,demo_locality,WSClock,ProportionalAllocation,4,7,2100,{'trace_kind': 'trace'},0.0021
isolation,1,demo_locality,WSClock,ProportionalAllocation,4,7,2200,{'trace_kind': 'trace'},0.0022
isolation,0,demo_locality,WSClock,ProportionalAllocation,4,8,2200,{'trace_kind': 'trace'},0.0022
isolation,1,demo_locality,WSClock,ProportionalAllocation,4,8,2000,{'trace_kind': 'trace'},0.002
isolation,0,demo_locality,WSClock,ProportionalAllocation,4,9,2100,{'trace_kind': 'trace'},0.0021
isolation,1,demo_locality,WSClock,ProportionalAllocation,4,9,2100,{'trace_kind': 'trace'},0.0021
isolation,0,report_locality_heavy,FIFO,GlobalAllocation,4,0,3900,{'trace_kind': 'trace'},0.0039
isolation,1,report_locality_heavy,FIFO,GlobalAllocation,4,0,3700,{'trace_kind': 'trace'},0.0037
isolation,0,report_locality_heavy,FIFO,GlobalAllocation,4,1,3600,{'trace_kind': 'trace'},0.0036
isolation,1,report_locality_heavy,FIFO,GlobalAllocation,4,1,3400,{'trace_kind': 'trace'},0.0034
isolation,0,report_locality_heavy,FIFO,GlobalAllocation,4,2,3400,{'trace_kind': 'trace'},0.0034
isolation,1,report_locality_heavy,FIFO,GlobalAllocation,4,2,3300,{'trace_kind': 'trace'},0.0033
isolation,0,report_locality_heavy,FIFO,GlobalAllocation,4,3,3200,{'trace_kind': 'trace'},0.0032
isolation,1,report_locality_heavy,FIFO,GlobalAllocation,4,3,3300,{'trace_kind': 'trace'},0.0033
isolation,0,report_locality_heavy,FIFO,GlobalAllocation,4,4,3100,{'trace_kind': 'trace'},0.0031
isolation,1,report_locality_heavy,FIFO,GlobalAllocation,4,4,3200,{'trace_kind': 'trace'},0.0032
isolation,0,report_locality_heavy,FIFO,GlobalAllocation,4,5,3100,{'trace_kind': 'trace'},0.0031
isolation,1,report_locality_heavy,FIFO,GlobalAllocation,4,5,3100,{'trace_kind': 'trace'},0.0031
isolation,0,report_locality_heavy,FIFO,GlobalAllocation,4,6,3200,{'trace_kind': 'trace'},0.0032
isolation,1,report_locality_heavy,FIFO,GlobalAllocation,4,6,3300,{'trace_kind': 'trace'},0.0033
isolation,0,report_locality_heavy,FIFO,GlobalAllocation,4,7,3100,{'trace_kind': 'trace'},0.0031
isolation,1,report_locality_heavy,FIFO,GlobalAllocation,4,7,3200,{'trace_kind': 'trace'},0.0032
isolation,0,report_locality_heavy,FIFO,GlobalAllocation,4,8,4500,{'trace_kind': 'trace'},0.0045
isolation,1,report_locality_heavy,FIFO,GlobalAllocation,4,8,3100,{'trace_kind': 'trace'},0.0031
isolation,0,report_locality_heavy,FIFO,GlobalAllocation,4,9,3100,{'trace_kind': 'trace'},0.0031
isolation,1,report_locality_heavy,FIFO,GlobalAllocation,4,9,2900,{'trace_kind': 'trace'},0.0029
isolation,0,report_locality_heavy,FIFO,LocalAllocation,4,0,3000,{'trace_kind': 'trace'},0.003
isolation,1,report_locality_heavy,FIFO,LocalAllocation,4,0,3000,{'trace_kind': 'trace'},0.003
isolation,0,report_locality_heavy,FIFO,LocalAllocation,4,1,2800,{'trace_kind': 'trace'},0.0028
isolation,1,report_locality_heavy,FIFO,LocalAllocation,4,1,2900,{'trace_kind': 'trace'},0.0029
isolation,0,report_locality_heavy,FIFO,LocalAllocation,4,2,2900,{'trace_kind': 'trace'},0.0029
isolation,1,report_locality_heavy,FIFO,LocalAllocation,4,2,2900,{'trace_kind': 'trace'},0.0029
isolation,0,report_locality_heavy,FIFO,LocalAllocation,4,3,2900,{'trace_kind': 'trace'},0.0029
isolation,1,report_locality_heavy,FIFO,LocalAllocation,4,3,3000,{'trace_kind': 'trace'},0.003
isolation,0,report_locality_heavy,FIFO,LocalAllocation,4,4,2900,{'trace_kind': 'trace'},0.0029
isolation,1,report_locality_heavy,FIFO,LocalAllocation,4,4,3000,{'trace_kind': 'trace'},0.003
isolation,0,report_locality_heavy,FIFO,LocalAllocation,4,5,3200,{'trace_kind': 'trace'},0.0032
isolation,1,report_locality_heavy,FIFO,LocalAllocation,4,5,2900,{'trace_kind': 'trace'},0.0029
isolation,0,report_locality_heavy,FIFO,LocalAllocation,4,6,2800,{'trace_kind': 'trace'},0.0028
isolation,1,report_locality_heavy,FIFO,LocalAllocation,4,6,2800,{'trace_kind': 'trace'},0.0028
isolation,0,report_locality_heavy,FIFO,LocalAllocation,4,7,3000,{'trace_kind': 'trace'},0.003
isolation,1,report_locality_heavy,FIFO,LocalAllocation,4,7,2800,{'trace_kind': 'trace'},0.0028
isolation,0,report_locality_heavy,FIFO,LocalAllocation,4,8,2900,{'trace_kind': 'trace'},0.0029
isolation,1,report_locality_heavy,FIFO,LocalAllocation,4,8,2800,{'trace_kind': 'trace'},0.0028
isolation,0,report_locality_heavy,FIFO,LocalAllocation,4,9,2700,{'trace_kind': 'trace'},0.0027
isolation,1,report_locality_heavy,FIFO,LocalAllocation,4,9,2800,{'trace_kind': 'trace'},0.0028
isolation,0,report_locality_heavy,FIFO,ProportionalAllocation,4,0,3300,{'trace_kind': 'trace'},0.0033
isolation,1,report_locality_heavy,FIFO,ProportionalAllocation,4,0,3200,{'trace_kind': 'trace'},0.0032
isolation,0,report_locality_heavy,FIFO,ProportionalAllocation,4,1,2900,{'trace_kind': 'trace'},0.0029
isolation,1,report_locality_heavy,FIFO,ProportionalAllocation,4,1,3000,{'trace_kind': 'trace'},0.003
isolation,0,report_locality_heavy,FIFO,ProportionalAllocation,4,2,2900,{'trace_kind': 'trace'},0.0029
isolation,1,report_locality_heavy,FIFO,ProportionalAllocation,4,2,2800,{'trace_kind': 'trace'},0.0028
isolation,0,report_locality_heavy,FIFO,ProportionalAllocation,4,3,3000,{'trace_kind': 'trace'},0.003
isolation,1,report_locality_heavy,FIFO,ProportionalAllocation,4,3,2800,{'trace_kind': 'trace'},0.0028
isolation,0,report_locality_heavy,FIFO,ProportionalAllocation,4,4,2900,{'trace_kind': 'trace'},0.0029
isolation,1,report_locality_heavy,FIFO,ProportionalAllocation,4,4,2800,{'trace_kind': 'trace'},0.0028
isolation,0,report_locality_heavy,FIFO,ProportionalAllocation,4,5,2700,{'trace_kind': 'trace'},0.0027
isolation,1,report_locality_heavy,FIFO,ProportionalAllocation,4,5,2800,{'trace_kind': 'trace'},0.0028
isolation,0,report_locality_heavy,FIFO,ProportionalAllocation,4,6,3800,{'trace_kind': 'trace'},0.0038
isolation,1,report_locality_heavy,FIFO,ProportionalAllocation,4,6,3000,{'trace_kind': 'trace'},0.003
isolation,0,report_locality_heavy,FIFO,ProportionalAllocation,4,7,3000,{'trace_kind': 'trace'},0.003
isolation,1,report_locality_heavy,FIFO,ProportionalAllocation,4,7,2800,{'trace_kind': 'trace'},0.0028
isolation,0,report_locality_heavy,FIFO,ProportionalAllocation,4,8,2800,{'trace_kind': 'trace'},0.0028
isolation,1,report_locality_heavy,FIFO,ProportionalAllocation,4,8,2800,{'trace_kind': 'trace'},0.0028
isolation,0,report_locality_heavy,FIFO,ProportionalAllocation,4,9,3000,{'trace_kind': 'trace'},0.003
isolation,1,report_locality_heavy,FIFO,ProportionalAllocation,4,9,3100,{'trace_kind': 'trace'},0.0031
isolation,0,report_locality_heavy,LRU,GlobalAllocation,4,0,4400,{'trace_kind': 'trace'},0.0044
isolation,1,report_locality_heavy,LRU,GlobalAllocation,4,0,4100,{'trace_kind': 'trace'},0.0041
isolation,0,report_locality_heavy,LRU,GlobalAllocation,4,1,4300,{'trace_kind': 'trace'},0.0043
isolation,1,report_locality_heavy,LRU,GlobalAllocation,4,1,3900,{'trace_kind': 'trace'},0.0039
isolation,0,report_locality_heavy,LRU,GlobalAllocation,4,2,3800,{'trace_kind': 'trace'},0.0038
isolation,1,report_locality_heavy,LRU,GlobalAllocation,4,2,3700,{'trace_kind': 'trace'},0.0037
isolation,0,report_locality_heavy,LRU,GlobalAllocation,4,3,3500,{'trace_kind': 'trace'},0.0035
isolation,1,report_locality_heavy,LRU,GlobalAllocation,4,3,3500,{'trace_kind': 'trace'},0.0035
isolation,0,report_locality_heavy,LRU,GlobalAllocation,4,4,3500,{'trace_kind': 'trace'},0.0035
isolation,1,report_locality_heavy,LRU,GlobalAllocation,4,4,3500,{'trace_kind': 'trace'},0.0035
isolation,0,report_locality_heavy,LRU,GlobalAllocation,4,5,3600,{'trace_kind': 'trace'},0.0036
isolation,1,report_locality_heavy,LRU,GlobalAllocation,4,5,3700,{'trace_kind': 'trace'},0.0037
isolation,0,report_locality_heavy,LRU,GlobalAllocation,4,6,3500,{'trace_kind': 'trace'},0.0035
isolation,1,report_locality_heavy,LRU,GlobalAllocation,4,6,3500,{'trace_kind': 'trace'},0.0035
isolation,0,report_locality_heavy,LRU,GlobalAllocation,4,7,4600,{'trace_kind': 'trace'},0.0046
isolation,1,report_locality_heavy,LRU,GlobalAllocation,4,7,4800,{'trace_kind': 'trace'},0.0048
isolation,0,report_locality_heavy,LRU,GlobalAllocation,4,8,3400,{'trace_kind': 'trace'},0.0034
isolation,1,report_locality_heavy,LRU,GlobalAllocation,4,8,3500,{'trace_kind': 'trace'},0.0035
isolation,0,report_locality_heavy,LRU,GlobalAllocation,4,9,3200,{'trace_kind': 'trace'},0.0032
isolation,1,report_locality_heavy,LRU,GlobalAllocation,4,9,3200,{'trace_kind': 'trace'},0.0032
isolation,0,report_locality_heavy,LRU,LocalAllocation,4,0,3700,{'trace_kind': 'trace'},0.0037
isolation,1,report_locality_heavy,LRU,LocalAllocation,4,0,3300,{'trace_kind': 'trace'},0.0033
isolation,0,report_locality_heavy,LRU,LocalAllocation,4,1,4900,{'trace_kind': 'trace'},0.0049
isolation,1,report_locality_heavy,LRU,LocalAllocation,4,1,3300,{'trace_kind': 'trace'},0.0033
isolation,0,report_locality_heavy,LRU,LocalAllocation,4,2,3300,{'trace_kind': 'trace'},0.0033
isolation,1,report_locality_heavy,LRU,LocalAllocation,4,2,3200,{'trace_kind': 'trace'},0.0032
isolation,0,report_locality_heavy,LRU,LocalAllocation,4,3,3400,{'trace_kind': 'trace'},0.0034
isolation,1,report_locality_heavy,LRU,LocalAllocation,4,3,3200,{'trace_kind': 'trace'},0.0032
isolation,0,report_locality_heavy,LRU,LocalAllocation,4,4,3500,{'trace_kind': 'trace'},0.0035
isolation,1,report_locality_heavy,LRU,LocalAllocation,4,4,3200,{'trace_kind': 'trace'},0.0032
isolation,0,report_locality_heavy,LRU,LocalAllocation,4,5,3200,{'trace_kind': 'trace'},0.0032
isolation,1,report_locality_heavy,LRU,LocalAllocation,4,5,3200,{'trace_kind': 'trace'},0.0032
isolation,0,report_locality_heavy,LRU,LocalAllocation,4,6,3300,{'trace_kind': 'trace'},0.0033
isolation,1,report_locality_heavy,LRU,LocalAllocation,4,6,3300,{'trace_kind': 'trace'},0.0033
isolation,0,report_locality_heavy,LRU,LocalAllocation,4,7,3300,{'trace_kind': 'trace'},0.0033
isolation,1,report_locality_heavy,LRU,LocalAllocation,4,7,3200,{'trace_kind': 'trace'},0.0032
isolation,0,report_locality_heavy,LRU,LocalAllocation,4,8,3200,{'trace_kind': 'trace'},0.0032
isolation,1,report_locality_heavy,LRU,LocalAllocation,4,8,3400,{'trace_kind': 'trace'},0.0034
isolation,0,report_locality_heavy,LRU,LocalAllocation,4,9,3400,{'trace_kind': 'trace'},0.0034
isolation,1,report_locality_heavy,LRU,LocalAllocation,4,9,3200,{'trace_kind': 'trace'},0.0032
isolation,0,report_locality_heavy,LRU,ProportionalAllocation,4,0,3500,{'trace_kind': 'trace'},0.0035
isolation,1,report_locality_heavy,LRU,ProportionalAllocation,4,0,3300,{'trace_kind': 'trace'},0.0033
isolation,0,report_locality_heavy,LRU,ProportionalAllocation,4,1,3300,{'trace_kind': 'trace'},0.0033
isolation,1,report_locality_heavy,LRU,ProportionalAllocation,4,1,3300,{'trace_kind': 'trace'},0.0033
isolation,0,report_locality_heavy,LRU,ProportionalAllocation,4,2,3300,{'trace_kind': 'trace'},0.0033
isolation,1,report_locality_heavy,LRU,ProportionalAllocation,4,2,3300,{'trace_kind': 'trace'},0.0033
isolation,0,report_locality_heavy,LRU,ProportionalAllocation,4,3,3200,{'trace_kind': 'trace'},0.0032
isolation,1,report_locality_heavy,LRU,ProportionalAllocation,4,3,3500,{'trace_kind': 'trace'},0.0035
isolation,0,report_locality_heavy,LRU,ProportionalAllocation,4,4,3300,{'trace_kind': 'trace'},0.0033
isolation,1,report_locality_heavy,LRU,ProportionalAllocation,4,4,3200,{'trace_kind': 'trace'},0.0032
isolation,0,report_locality_heavy,LRU,ProportionalAllocation,4,5,3200,{'trace_kind': 'trace'},0.0032
isolation,1,report_locality_heavy,LRU,ProportionalAllocation,4,5,3200,{'trace_kind': 'trace'},0.0032
isolation,0,report_locality_heavy,LRU,ProportionalAllocation,4,6,3200,{'trace_kind': 'trace'},0.0032
isolation,1,report_locality_heavy,LRU,ProportionalAllocation,4,6,3200,{'trace_kind': 'trace'},0.0032
isolation,0,report_locality_heavy,LRU,ProportionalAllocation,4,7,3100,{'trace_kind': 'trace'},0.0031
isolation,1,report_locality_heavy,LRU,ProportionalAllocation,4,7,4300,{'trace_kind': 'trace'},0.0043
isolation,0,report_locality_heavy,LRU,ProportionalAllocation,4,8,3300,{'trace_kind': 'trace'},0.0033
isolation,1,report_locality_heavy,LRU,ProportionalAllocation,4,8,3300,{'trace_kind': 'trace'},0.0033
isolation,0,report_locality_heavy,LRU,ProportionalAllocation,4,9,3200,{'trace_kind': 'trace'},0.0032
isolation,1,report_locality_heavy,LRU,ProportionalAllocation,4,9,3300,{'trace_kind': 'trace'},0.0033
isolation,0,report_locality_heavy,NRU,GlobalAllocation,4,0,4100,{'trace_kind': 'trace'},0.0041
isolation,1,report_locality_heavy,NRU,GlobalAllocation,4,0,3900,{'trace_kind': 'trace'},0.0039
isolation,0,report_locality_heavy,NRU,GlobalAllocation,4,1,4000,{'trace_kind': 'trace'},0.004
isolation,1,report_locality_heavy,NRU,GlobalAllocation,4,1,3800,{'trace_kind': 'trace'},0.0038
isolation,0,report_locality_heavy,NRU,GlobalAllocation,4,2,3500,{'trace_kind': 'trace'},0.0035
isolation,1,report_locality_heavy,NRU,GlobalAllocation,4,2,3600,{'trace_kind': 'trace'},0.0036
isolation,0,report_locality_heavy,NRU,GlobalAllocation,4,3,3400,{'trace_kind': 'trace'},0.0034
isolation,1,report_locality_heavy,NRU,GlobalAllocation,4,3,3300,{'trace_kind': 'trace'},0.0033
isolation,0,report_locality_heavy,NRU,GlobalAllocation,4,4,3300,{'trace_kind': 'trace'},0.0033
isolation,1,report_locality_heavy,NRU,GlobalAllocation,4,4,3200,{'trace_kind': 'trace'},0.0032
isolation,0,report_locality_heavy,NRU,GlobalAllocation,4,5,3200,{'trace_kind': 'trace'},0.0032
isolation,1,report_locality_heavy,NRU,GlobalAllocation,4,5,3600,{'trace_kind': 'trace'},0.0036
isolation,0,report_locality_heavy,NRU,GlobalAllocation,4,6,3400,{'trace_kind': 'trace'},0.0034
isolation,1,report_locality_heavy,NRU,GlobalAllocation,4,6,3300,{'trace_kind': 'trace'},0.0033
isolation,0,report_locality_heavy,NRU,GlobalAllocation,4,7,3300,{'trace_kind': 'trace'},0.0033
isolation,1,report_locality_heavy,NRU,GlobalAllocation,4,7,3200,{'trace_kind': 'trace'},0.0032
isolation,0,report_locality_heavy,NRU,GlobalAllocation,4,8,3400,{'trace_kind': 'trace'},0.0034
isolation,1,report_locality_heavy,NRU,GlobalAllocation,4,8,3400,{'trace_kind': 'trace'},0.0034
isolation,0,report_locality_heavy,NRU,GlobalAllocation,4,9,3200,{'trace_kind': 'trace'},0.0032
isolation,1,report_locality_heavy,NRU,GlobalAllocation,4,9,3200,{'trace_kind': 'trace'},0.0032
isolation,0,report_locality_heavy,NRU,LocalAllocation,4,0,3400,{'trace_kind': 'trace'},0.0034
isolation,1,report_locality_heavy,NRU,LocalAllocation,4,0,3100,{'trace_kind': 'trace'},0.0031
isolation,0,report_locality_heavy,NRU,LocalAllocation,4,1,3300,{'trace_kind': 'trace'},0.0033
isolation,1,report_locality_heavy,NRU,LocalAllocation,4,1,3200,{'trace_kind': 'trace'},0.0032
isolation,0,report_locality_heavy,NRU,LocalAllocation,4,2,3100,{'trace_kind': 'trace'},0.0031
isolation,1,report_locality_heavy,NRU,LocalAllocation,4,2,3100,{'trace_kind': 'trace'},0.0031
isolation,0,report_locality_heavy,NRU,LocalAllocation,4,3,3200,{'trace_kind': 'trace'},0.0032
isolation,1,report_locality_heavy,NRU,LocalAllocation,4,3,3300,{'trace_kind': 'trace'},0.0033
isolation,0,report_locality_heavy,NRU,LocalAllocation,4,4,3200,{'trace_kind': 'trace'},0.0032
isolation,1,report_locality_heavy,NRU,LocalAllocation,4,4,3000,{'trace_kind': 'trace'},0.003
isolation,0,report_locality_heavy,NRU,LocalAllocation,4,5,3100,{'trace_kind': 'trace'},0.0031
isolation,1,report_locality_heavy,NRU,LocalAllocation,4,5,3100,{'trace_kind': 'trace'},0.0031
isolation,0,report_locality_heavy,NRU,LocalAllocation,4,6,3200,{'trace_kind': 'trace'},0.0032
isolation,1,report_locality_heavy,NRU,LocalAllocation,4,6,3200,{'trace_kind': 'trace'},0.0032
isolation,0,report_locality_heavy,NRU,LocalAllocation,4,7,3200,{'trace_kind': 'trace'},0.0032
isolation,1,report_locality_heavy,NRU,LocalAllocation,4,7,3100,{'trace_kind': 'trace'},0.0031
isolation,0,report_locality_heavy,NRU,LocalAllocation,4,8,3100,{'trace_kind': 'trace'},0.0031
isolation,1,report_locality_heavy,NRU,LocalAllocation,4,8,3200,{'trace_kind': 'trace'},0.0032
isolation,0,report_locality_heavy,NRU,LocalAllocation,4,9,3200,{'trace_kind': 'trace'},0.0032
isolation,1,report_locality_heavy,NRU,LocalAllocation,4,9,3100,{'trace_kind': 'trace'},0.0031
isolation,0,report_locality_heavy,NRU,ProportionalAllocation,4,0,3200,{'trace_kind': 'trace'},0.0032
isolation,1,report_locality_heavy,NRU,ProportionalAllocation,4,0,3100,{'trace_kind': 'trace'},0.0031
isolation,0,report_locality_heavy,NRU,ProportionalAllocation,4,1,3100,{'trace_kind': 'trace'},0.0031
isolation,1,report_locality_heavy,NRU,ProportionalAllocation,4,1,3000,{'trace_kind': 'trace'},0.003
isolation,0,report_locality_heavy,NRU,ProportionalAllocation,4,2,3100,{'trace_kind': 'trace'},0.0031
isolation,1,report_locality_heavy,NRU,ProportionalAllocation,4,2,3000,{'trace_kind': 'trace'},0.003
isolation,0,report_locality_heavy,NRU,ProportionalAllocation,4,3,3000,{'trace_kind': 'trace'},0.003
isolation,1,report_locality_heavy,NRU,ProportionalAllocation,4,3,3100,{'trace_kind': 'trace'},0.0031
isolation,0,report_locality_heavy,NRU,ProportionalAllocation,4,4,3100,{'trace_kind': 'trace'},0.0031
isolation,1,report_locality_heavy,NRU,ProportionalAllocation,4,4,3200,{'trace_kind': 'trace'},0.0032
isolation,0,report_locality_heavy,NRU,ProportionalAllocation,4,5,3200,{'trace_kind': 'trace'},0.0032
isolation,1,report_locality_heavy,NRU,ProportionalAllocation,4,5,3200,{'trace_kind': 'trace'},0.0032
isolation,0,report_locality_heavy,NRU,ProportionalAllocation,4,6,3000,{'trace_kind': 'trace'},0.003
isolation,1,report_locality_heavy,NRU,ProportionalAllocation,4,6,3000,{'trace_kind': 'trace'},0.003
isolation,0,report_locality_heavy,NRU,ProportionalAllocation,4,7,3000,{'trace_kind': 'trace'},0.003
isolation,1,report_locality_heavy,NRU,ProportionalAllocation,4,7,3000,{'trace_kind': 'trace'},0.003
isolation,0,report_locality_heavy,NRU,ProportionalAllocation,4,8,2900,{'trace_kind': 'trace'},0.0029
isolation,1,report_locality_heavy,NRU,ProportionalAllocation,4,8,3000,{'trace_kind': 'trace'},0.003
isolation,0,report_locality_heavy,NRU,ProportionalAllocation,4,9,3100,{'trace_kind': 'trace'},0.0031
isolation,1,report_locality_heavy,NRU,ProportionalAllocation,4,9,3100,{'trace_kind': 'trace'},0.0031
isolation,0,report_locality_heavy,SecondChance,GlobalAllocation,4,0,4100,{'trace_kind': 'trace'},0.0041
isolation,1,report_locality_heavy,SecondChance,GlobalAllocation,4,0,3800,{'trace_kind': 'trace'},0.0038
isolation,0,report_locality_heavy,SecondChance,GlobalAllocation,4,1,3600,{'trace_kind': 'trace'},0.0036
isolation,1,report_locality_heavy,SecondChance,GlobalAllocation,4,1,3500,{'trace_kind': 'trace'},0.0035
isolation,0,report_locality_heavy,SecondChance,GlobalAllocation,4,2,3600,{'trace_kind': 'trace'},0.0036
isolation,1,report_locality_heavy,SecondChance,GlobalAllocation,4,2,3500,{'trace_kind': 'trace'},0.0035
isolation,0,report_locality_heavy,SecondChance,GlobalAllocation,4,3,3200,{'trace_kind': 'trace'},0.0032
isolation,1,report_locality_heavy,SecondChance,GlobalAllocation,4,3,3300,{'trace_kind': 'trace'},0.0033
isolation,0,report_locality_heavy,SecondChance,GlobalAllocation,4,4,3500,{'trace_kind': 'trace'},0.0035
isolation,1,report_locality_heavy,SecondChance,GlobalAllocation,4,4,3200,{'trace_kind': 'trace'},0.0032
isolation,0,report_locality_heavy,SecondChance,GlobalAllocation,4,5,3200,{'trace_kind': 'trace'},0.0032
isolation,1,report_locality_heavy,SecondChance,GlobalAllocation,4,5,3200,{'trace_kind': 'trace'},0.0032
isolation,0,report_locality_heavy,SecondChance,GlobalAllocation,4,6,3200,{'trace_kind': 'trace'},0.0032
isolation,1,report_locality_heavy,SecondChance,GlobalAllocation,4,6,3200,{'trace_kind': 'trace'},0.0032
isolation,0,report_locality_heavy,SecondChance,GlobalAllocation,4,7,3100,{'trace_kind': 'trace'},0.0031
isolation,1,report_locality_heavy,SecondChance,GlobalAllocation,4,7,3100,{'trace_kind': 'trace'},0.0031
isolation,0,report_locality_heavy,SecondChance,GlobalAllocation,4,8,3100,{'trace_kind': 'trace'},0.0031
isolation,1,report_locality_heavy,SecondChance,GlobalAllocation,4,8,3300,{'trace_kind': 'trace'},0.0033
isolation,0,report_locality_heavy,SecondChance,GlobalAllocation,4,9,2900,{'trace_kind': 'trace'},0.0029
isolation,1,report_locality_heavy,SecondChance,GlobalAllocation,4,9,2900,{'trace_kind': 'trace'},0.0029
isolation,0,report_locality_heavy,SecondChance,LocalAllocation,4,0,3200,{'trace_kind': 'trace'},0.0032
isolation,1,report_locality_heavy,SecondChance,LocalAllocation,4,0,3300,{'trace_kind': 'trace'},0.0033
isolation,0,report_locality_heavy,SecondChance,LocalAllocation,4,1,3100,{'trace_kind': 'trace'},0.0031
isolation,1,report_locality_heavy,SecondChance,LocalAllocation,4,1,2900,{'trace_kind': 'trace'},0.0029
isolation,0,report_locality_heavy,SecondChance,LocalAllocation,4,2,3100,{'trace_kind': 'trace'},0.0031
isolation,1,report_locality_heavy,SecondChance,LocalAllocation,4,2,2900,{'trace_kind': 'trace'},0.0029
isolation,0,report_locality_heavy,SecondChance,LocalAllocation,4,3,3100,{'trace_kind': 'trace'},0.0031
isolation,1,report_locality_heavy,SecondChance,LocalAllocation,4,3,3100,{'trace_kind': 'trace'},0.0031
isolation,0,report_locality_heavy,SecondChance,LocalAllocation,4,4,3000,{'trace_kind': 'trace'},0.003
isolation,1,report_locality_heavy,SecondChance,LocalAllocation,4,4,3000,{'trace_kind': 'trace'},0.003
isolation,0,report_locality_heavy,SecondChance,LocalAllocation,4,5,3000,{'trace_kind': 'trace'},0.003
isolation,1,report_locality_heavy,SecondChance,LocalAllocation,4,5,2900,{'trace_kind': 'trace'},0.0029
isolation,0,report_locality_heavy,SecondChance,LocalAllocation,4,6,3000,{'trace_kind': 'trace'},0.003
isolation,1,report_locality_heavy,SecondChance,LocalAllocation,4,6,2900,{'trace_kind': 'trace'},0.0029
isolation,0,report_locality_heavy,SecondChance,LocalAllocation,4,7,3100,{'trace_kind': 'trace'},0.0031
isolation,1,report_locality_heavy,SecondChance,LocalAllocation,4,7,2900,{'trace_kind': 'trace'},0.0029
isolation,0,report_locality_heavy,SecondChance,LocalAllocation,4,8,3000,{'trace_kind': 'trace'},0.003
isolation,1,report_locality_heavy,SecondChance,LocalAllocation,4,8,2900,{'trace_kind': 'trace'},0.0029
isolation,0,report_locality_heavy,SecondChance,LocalAllocation,4,9,2800,{'trace_kind': 'trace'},0.0028
isolation,1,report_locality_heavy,SecondChance,LocalAllocation,4,9,2800,{'trace_kind': 'trace'},0.0028
isolation,0,report_locality_heavy,SecondChance,ProportionalAllocation,4,0,3500,{'trace_kind': 'trace'},0.0035
isolation,1,report_locality_heavy,SecondChance,ProportionalAllocation,4,0,3200,{'trace_kind': 'trace'},0.0032
isolation,0,report_locality_heavy,SecondChance,ProportionalAllocation,4,1,2900,{'trace_kind': 'trace'},0.0029
isolation,1,report_locality_heavy,SecondChance,ProportionalAllocation,4,1,2900,{'trace_kind': 'trace'},0.0029
isolation,0,report_locality_heavy,SecondChance,ProportionalAllocation,4,2,3700,{'trace_kind': 'trace'},0.0037
isolation,1,report_locality_heavy,SecondChance,ProportionalAllocation,4,2,3000,{'trace_kind': 'trace'},0.003
isolation,0,report_locality_heavy,SecondChance,ProportionalAllocation,4,3,3000,{'trace_kind': 'trace'},0.003
isolation,1,report_locality_heavy,SecondChance,ProportionalAllocation,4,3,3000,{'trace_kind': 'trace'},0.003
isolation,0,report_locality_heavy,SecondChance,ProportionalAllocation,4,4,3000,{'trace_kind': 'trace'},0.003
isolation,1,report_locality_heavy,SecondChance,ProportionalAllocation,4,4,3000,{'trace_kind': 'trace'},0.003
isolation,0,report_locality_heavy,SecondChance,ProportionalAllocation,4,5,3000,{'trace_kind': 'trace'},0.003
isolation,1,report_locality_heavy,SecondChance,ProportionalAllocation,4,5,4100,{'trace_kind': 'trace'},0.0041
isolation,0,report_locality_heavy,SecondChance,ProportionalAllocation,4,6,3000,{'trace_kind': 'trace'},0.003
isolation,1,report_locality_heavy,SecondChance,ProportionalAllocation,4,6,2900,{'trace_kind': 'trace'},0.0029
isolation,0,report_locality_heavy,SecondChance,ProportionalAllocation,4,7,3100,{'trace_kind': 'trace'},0.0031
isolation,1,report_locality_heavy,SecondChance,ProportionalAllocation,4,7,3000,{'trace_kind': 'trace'},0.003
isolation,0,report_locality_heavy,SecondChance,ProportionalAllocation,4,8,3100,{'trace_kind': 'trace'},0.0031
isolation,1,report_locality_heavy,SecondChance,ProportionalAllocation,4,8,2900,{'trace_kind': 'trace'},0.0029
isolation,0,report_locality_heavy,SecondChance,ProportionalAllocation,4,9,3000,{'trace_kind': 'trace'},0.003
isolation,1,report_locality_heavy,SecondChance,ProportionalAllocation,4,9,2900,{'trace_kind': 'trace'},0.0029
isolation,0,report_locality_heavy,WSClock,GlobalAllocation,4,0,4000,{'trace_kind': 'trace'},0.004
isolation,1,report_locality_heavy,WSClock,GlobalAllocation,4,0,3700,{'trace_kind': 'trace'},0.0037
isolation,0,report_locality_heavy,WSClock,GlobalAllocation,4,1,4000,{'trace_kind': 'trace'},0.004
isolation,1,report_locality_heavy,WSClock,GlobalAllocation,4,1,6200,{'trace_kind': 'trace'},0.0062
isolation,0,report_locality_heavy,WSClock,GlobalAllocation,4,2,3600,{'trace_kind': 'trace'},0.0036
isolation,1,report_locality_heavy,WSClock,GlobalAllocation,4,2,3500,{'trace_kind': 'trace'},0.0035
isolation,0,report_locality_heavy,WSClock,GlobalAllocation,4,3,3300,{'trace_kind': 'trace'},0.0033
isolation,1,report_locality_heavy,WSClock,GlobalAllocation,4,3,3100,{'trace_kind': 'trace'},0.0031
isolation,0,report_locality_heavy,WSClock,GlobalAllocation,4,4,3200,{'trace_kind': 'trace'},0.0032
isolation,1,report_locality_heavy,WSClock,GlobalAllocation,4,4,3100,{'trace_kind': 'trace'},0.0031
isolation,0,report_locality_heavy,WSClock,GlobalAllocation,4,5,3200,{'trace_kind': 'trace'},0.0032
isolation,1,report_locality_heavy,WSClock,GlobalAllocation,4,5,3300,{'trace_kind': 'trace'},0.0033
isolation,0,report_locality_heavy,WSClock,GlobalAllocation,4,6,3200,{'trace_kind': 'trace'},0.0032
isolation,1,report_locality_heavy,WSClock,GlobalAllocation,4,6,3200,{'trace_kind': 'trace'},0.0032
isolation,0,report_locality_heavy,WSClock,GlobalAllocation,4,7,3200,{'trace_kind': 'trace'},0.0032
isolation,1,report_locality_heavy,WSClock,GlobalAllocation,4,7,3200,{'trace_kind': 'trace'},0.0032
isolation,0,report_locality_heavy,WSClock,GlobalAllocation,4,8,3300,{'trace_kind': 'trace'},0.0033
isolation,1,report_locality_heavy,WSClock,GlobalAllocation,4,8,3200,{'trace_kind': 'trace'},0.0032
isolation,0,report_locality_heavy,WSClock,GlobalAllocation,4,9,3100,{'trace_kind': 'trace'},0.0031
isolation,1,report_locality_heavy,WSClock,GlobalAllocation,4,9,2900,{'trace_kind': 'trace'},0.0029
isolation,0,report_locality_heavy,WSClock,LocalAllocation,4,0,3400,{'trace_kind': 'trace'},0.0034
isolation,1,report_locality_heavy,WSClock,LocalAllocation,4,0,3200,{'trace_kind': 'trace'},0.0032
isolation,0,report_locality_heavy,WSClock,LocalAllocation,4,1,3200,{'trace_kind': 'trace'},0.0032
isolation,1,report_locality_heavy,WSClock,LocalAllocation,4,1,2900,{'trace_kind': 'trace'},0.0029
isolation,0,report_locality_heavy,WSClock,LocalAllocation,4,2,3100,{'trace_kind': 'trace'},0.0031
isolation,1,report_locality_heavy,WSClock,LocalAllocation,4,2,3000,{'trace_kind': 'trace'},0.003
isolation,0,report_locality_heavy,WSClock,LocalAllocation,4,3,2900,{'trace_kind': 'trace'},0.0029
isolation,1,report_locality_heavy,WSClock,LocalAllocation,4,3,3000,{'trace_kind': 'trace'},0.003
isolation,0,report_locality_heavy,WSClock,LocalAllocation,4,4,3000,{'trace_kind': 'trace'},0.003
isolation,1,report_locality_heavy,WSClock,LocalAllocation,4,4,2900,{'trace_kind': 'trace'},0.0029
isolation,0,report_locality_heavy,WSClock,LocalAllocation,4,5,3000,{'trace_kind': 'trace'},0.003
isolation,1,report_locality_heavy,WSClock,LocalAllocation,4,5,3000,{'trace_kind': 'trace'},0.003
isolation,0,report_locality_heavy,WSClock,LocalAllocation,4,6,3100,{'trace_kind': 'trace'},0.0031
isolation,1,report_locality_heavy,WSClock,LocalAllocation,4,6,3000,{'trace_kind': 'trace'},0.003
isolation,0,report_locality_heavy,WSClock,LocalAllocation,4,7,3100,{'trace_kind': 'trace'},0.0031
isolation,1,report_locality_heavy,WSClock,LocalAllocation,4,7,2900,{'trace_kind': 'trace'},0.0029
isolation,0,report_locality_heavy,WSClock,LocalAllocation,4,8,3000,{'trace_kind': 'trace'},0.003
isolation,1,report_locality_heavy,WSClock,LocalAllocation,4,8,3000,{'trace_kind': 'trace'},0.003
isolation,0,report_locality_heavy,WSClock,LocalAllocation,4,9,2900,{'trace_kind': 'trace'},0.0029
isolation,1,report_locality_heavy,WSClock,LocalAllocation,4,9,2900,{'trace_kind': 'trace'},0.0029
isolation,0,report_locality_heavy,WSClock,ProportionalAllocation,4,0,3300,{'trace_kind': 'trace'},0.0033
isolation,1,report_locality_heavy,WSClock,ProportionalAllocation,4,0,3100,{'trace_kind': 'trace'},0.0031
isolation,0,report_locality_heavy,WSClock,ProportionalAllocation,4,1,3100,{'trace_kind': 'trace'},0.0031
isolation,1,report_locality_heavy,WSClock,ProportionalAllocation,4,1,2900,{'trace_kind': 'trace'},0.0029
isolation,0,report_locality_heavy,WSClock,ProportionalAllocation,4,2,3000,{'trace_kind': 'trace'},0.003
isolation,1,report_locality_heavy,WSClock,ProportionalAllocation,4,2,2900,{'trace_kind': 'trace'},0.0029
isolation,0,report_locality_heavy,WSClock,ProportionalAllocation,4,3,3000,{'trace_kind': 'trace'},0.003
isolation,1,report_locality_heavy,WSClock,ProportionalAllocation,4,3,3000,{'trace_kind': 'trace'},0.003
isolation,0,report_locality_heavy,WSClock,ProportionalAllocation,4,4,3100,{'trace_kind': 'trace'},0.0031
isolation,1,report_locality_heavy,WSClock,ProportionalAllocation,4,4,3000,{'trace_kind': 'trace'},0.003
isolation,0,report_locality_heavy,WSClock,ProportionalAllocation,4,5,3000,{'trace_kind': 'trace'},0.003
isolation,1,report_locality_heavy,WSClock,ProportionalAllocation,4,5,2800,{'trace_kind': 'trace'},0.0028
isolation,0,report_locality_heavy,WSClock,ProportionalAllocation,4,6,2900,{'trace_kind': 'trace'},0.0029
isolation,1,report_locality_heavy,WSClock,ProportionalAllocation,4,6,3000,{'trace_kind': 'trace'},0.003
isolation,0,report_locality_heavy,WSClock,ProportionalAllocation,4,7,3100,{'trace_kind': 'trace'},0.0031
isolation,1,report_locality_heavy,WSClock,ProportionalAllocation,4,7,3000,{'trace_kind': 'trace'},0.003
isolation,0,report_locality_heavy,WSClock,ProportionalAllocation,4,8,3100,{'trace_kind': 'trace'},0.0031
isolation,1,report_locality_heavy,WSClock,ProportionalAllocation,4,8,3000,{'trace_kind': 'trace'},0.003
isolation,0,report_locality_heavy,WSClock,ProportionalAllocation,4,9,2900,{'trace_kind': 'trace'},0.0029
isolation,1,report_locality_heavy,WSClock,ProportionalAllocation,4,9,2800,{'trace_kind': 'trace'},0.0028
isolation,0,report_locality_heavy,FIFO,GlobalAllocation,5,0,4100,{'trace_kind': 'trace'},0.0041
isolation,1,report_locality_heavy,FIFO,GlobalAllocation,5,0,3700,{'trace_kind': 'trace'},0.0037
isolation,0,report_locality_heavy,FIFO,GlobalAllocation,5,1,3800,{'trace_kind': 'trace'},0.0038
isolation,1,report_locality_heavy,FIFO,GlobalAllocation,5,1,3500,{'trace_kind': 'trace'},0.0035
isolation,0,report_locality_heavy,FIFO,GlobalAllocation,5,2,3600,{'trace_kind': 'trace'},0.0036
isolation,1,report_locality_heavy,FIFO,GlobalAllocation,5,2,5300,{'trace_kind': 'trace'},0.0053
isolation,0,report_locality_heavy,FIFO,GlobalAllocation,5,3,3200,{'trace_kind': 'trace'},0.0032
isolation,1,report_locality_heavy,FIFO,GlobalAllocation,5,3,3100,{'trace_kind': 'trace'},0.0031
isolation,0,report_locality_heavy,FIFO,GlobalAllocation,5,4,3200,{'trace_kind': 'trace'},0.0032
isolation,1,report_locality_heavy,FIFO,GlobalAllocation,5,4,3100,{'trace_kind': 'trace'},0.0031
isolation,0,report_locality_heavy,FIFO,GlobalAllocation,5,5,3100,{'trace_kind': 'trace'},0.0031
isolation,1,report_locality_heavy,FIFO,GlobalAllocation,5,5,3100,{'trace_kind': 'trace'},0.0031
isolation,0,report_locality_heavy,FIFO,GlobalAllocation,5,6,3100,{'trace_kind': 'trace'},0.0031
isolation,1,report_locality_heavy,FIFO,GlobalAllocation,5,6,4400,{'trace_kind': 'trace'},0.0044
isolation,0,report_locality_heavy,FIFO,GlobalAllocation,5,7,3100,{'trace_kind': 'trace'},0.0031
isolation,1,report_locality_heavy,FIFO,GlobalAllocation,5,7,3000,{'trace_kind': 'trace'},0.003
isolation,0,report_locality_heavy,FIFO,GlobalAllocation,5,8,3100,{'trace_kind': 'trace'},0.0031
isolation,1,report_locality_heavy,FIFO,GlobalAllocation,5,8,3100,{'trace_kind': 'trace'},0.0031
isolation,0,report_locality_heavy,FIFO,GlobalAllocation,5,9,3000,{'trace_kind': 'trace'},0.003
isolation,1,report_locality_heavy,FIFO,GlobalAllocation,5,9,3000,{'trace_kind': 'trace'},0.003
isolation,0,report_locality_heavy,FIFO,LocalAllocation,5,0,3300,{'trace_kind': 'trace'},0.0033
isolation,1,report_locality_heavy,FIFO,LocalAllocation,5,0,3100,{'trace_kind': 'trace'},0.0031
isolation,0,report_locality_heavy,FIFO,LocalAllocation,5,1,2800,{'trace_kind': 'trace'},0.0028
isolation,1,report_locality_heavy,FIFO,LocalAllocation,5,1,2900,{'trace_kind': 'trace'},0.0029
isolation,0,report_locality_heavy,FIFO,LocalAllocation,5,2,2800,{'trace_kind': 'trace'},0.0028
isolation,1,report_locality_heavy,FIFO,LocalAllocation,5,2,2900,{'trace_kind': 'trace'},0.0029
isolation,0,report_locality_heavy,FIFO,LocalAllocation,5,3,2900,{'trace_kind': 'trace'},0.0029
isolation,1,report_locality_heavy,FIFO,LocalAllocation,5,3,3000,{'trace_kind': 'trace'},0.003
isolation,0,report_locality_heavy,FIFO,LocalAllocation,5,4,2900,{'trace_kind': 'trace'},0.0029
isolation,1,report_locality_heavy,FIFO,LocalAllocation,5,4,3000,{'trace_kind': 'trace'},0.003
isolation,0,report_locality_heavy,FIFO,LocalAllocation,5,5,2800,{'trace_kind': 'trace'},0.0028
isolation,1,report_locality_heavy,FIFO,LocalAllocation,5,5,2800,{'trace_kind': 'trace'},0.0028
isolation,0,report_locality_heavy,FIFO,LocalAllocation,5,6,2800,{'trace_kind': 'trace'},0.0028
isolation,1,report_locality_heavy,FIFO,LocalAllocation,5,6,2800,{'trace_kind': 'trace'},0.0028
isolation,0,report_locality_heavy,FIFO,LocalAllocation,5,7,2800,{'trace_kind': 'trace'},0.0028
isolation,1,report_locality_heavy,FIFO,LocalAllocation,5,7,2900,{'trace_kind': 'trace'},0.0029
isolation,0,report_locality_heavy,FIFO,LocalAllocation,5,8,2800,{'trace_kind': 'trace'},0.0028
isolation,1,report_locality_heavy,FIFO,LocalAllocation,5,8,3000,{'trace_kind': 'trace'},0.003
isolation,0,report_locality_heavy,FIFO,LocalAllocation,5,9,2800,{'trace_kind': 'trace'},0.0028
isolation,1,report_locality_heavy,FIFO,LocalAllocation,5,9,2800,{'trace_kind': 'trace'},0.0028
isolation,0,report_locality_heavy,FIFO,ProportionalAllocation,5,0,3100,{'trace_kind': 'trace'},0.0031
isolation,1,report_locality_heavy,FIFO,ProportionalAllocation,5,0,2900,{'trace_kind': 'trace'},0.0029
isolation,0,report_locality_heavy,FIFO,ProportionalAllocation,5,1,2900,{'trace_kind': 'trace'},0.0029
isolation,1,report_locality_heavy,FIFO,ProportionalAllocation,5,1,2900,{'trace_kind': 'trace'},0.0029
isolation,0,report_locality_heavy,FIFO,ProportionalAllocation,5,2,2900,{'trace_kind': 'trace'},0.0029
isolation,1,report_locality_heavy,FIFO,ProportionalAllocation,5,2,3000,{'trace_kind': 'trace'},0.003
isolation,0,report_locality_heavy,FIFO,ProportionalAllocation,5,3,2800,{'trace_kind': 'trace'},0.0028
isolation,1,report_locality_heavy,FIFO,ProportionalAllocation,5,3,2900,{'trace_kind': 'trace'},0.0029
isolation,0,report_locality_heavy,FIFO,ProportionalAllocation,5,4,2800,{'trace_kind': 'trace'},0.0028
isolation,1,report_locality_heavy,FIFO,ProportionalAllocation,5,4,2800,{'trace_kind': 'trace'},0.0028
isolation,0,report_locality_heavy,FIFO,ProportionalAllocation,5,5,2800,{'trace_kind': 'trace'},0.0028
isolation,1,report_locality_heavy,FIFO,ProportionalAllocation,5,5,2700,{'trace_kind': 'trace'},0.0027
isolation,0,report_locality_heavy,FIFO,ProportionalAllocation,5,6,2800,{'trace_kind': 'trace'},0.0028
isolation,1,report_locality_heavy,FIFO,ProportionalAllocation,5,6,2700,{'trace_kind': 'trace'},0.0027
isolation,0,report_locality_heavy,FIFO,ProportionalAllocation,5,7,2900,{'trace_kind': 'trace'},0.0029
isolation,1,report_locality_heavy,FIFO,ProportionalAllocation,5,7,2700,{'trace_kind': 'trace'},0.0027
isolation,0,report_locality_heavy,FIFO,ProportionalAllocation,5,8,2800,{'trace_kind': 'trace'},0.0028
isolation,1,report_locality_heavy,FIFO,ProportionalAllocation,5,8,2800,{'trace_kind': 'trace'},0.0028
isolation,0,report_locality_heavy,FIFO,ProportionalAllocation,5,9,2800,{'trace_kind': 'trace'},0.0028
isolation,1,report_locality_heavy,FIFO,ProportionalAllocation,5,9,2900,{'trace_kind': 'trace'},0.0029
isolation,0,report_locality_heavy,LRU,GlobalAllocation,5,0,4300,{'trace_kind': 'trace'},0.0043
isolation,1,report_locality_heavy,LRU,GlobalAllocation,5,0,4100,{'trace_kind': 'trace'},0.0041
isolation,0,report_locality_heavy,LRU,GlobalAllocation,5,1,4200,{'trace_kind': 'trace'},0.0042
isolation,1,report_locality_heavy,LRU,GlobalAllocation,5,1,3900,{'trace_kind': 'trace'},0.0039
isolation,0,report_locality_heavy,LRU,GlobalAllocation,5,2,3800,{'trace_kind': 'trace'},0.0038
isolation,1,report_locality_heavy,LRU,GlobalAllocation,5,2,3600,{'trace_kind': 'trace'},0.0036
isolation,0,report_locality_heavy,LRU,GlobalAllocation,5,3,3700,{'trace_kind': 'trace'},0.0037
isolation,1,report_locality_heavy,LRU,GlobalAllocation,5,3,3600,{'trace_kind': 'trace'},0.0036
isolation,0,report_locality_heavy,LRU,GlobalAllocation,5,4,3800,{'trace_kind': 'trace'},0.0038
isolation,1,report_locality_heavy,LRU,GlobalAllocation,5,4,3700,{'trace_kind': 'trace'},0.0037
isolation,0,report_locality_heavy,LRU,GlobalAllocation,5,5,3500,{'trace_kind': 'trace'},0.0035
isolation,1,report_locality_heavy,LRU,GlobalAllocation,5,5,3400,{'trace_kind': 'trace'},0.0034
isolation,0,report_locality_heavy,LRU,GlobalAllocation,5,6,3500,{'trace_kind': 'trace'},0.0035
isolation,1,report_locality_heavy,LRU,GlobalAllocation,5,6,3400,{'trace_kind': 'trace'},0.0034
isolation,0,report_locality_heavy,LRU,GlobalAllocation,5,7,3400,{'trace_kind': 'trace'},0.0034
isolation,1,report_locality_heavy,LRU,GlobalAllocation,5,7,3400,{'trace_kind': 'trace'},0.0034
isolation,0,report_locality_heavy,LRU,GlobalAllocation,5,8,3500,{'trace_kind': 'trace'},0.0035
isolation,1,report_locality_heavy,LRU,GlobalAllocation,5,8,3600,{'trace_kind': 'trace'},0.0036
isolation,0,report_locality_heavy,LRU,GlobalAllocation,5,9,3500,{'trace_kind': 'trace'},0.0035
isolation,1,report_locality_heavy,LRU,GlobalAllocation,5,9,3300,{'trace_kind': 'trace'},0.0033
isolation,0,report_locality_heavy,LRU,LocalAllocation,5,0,3500,{'trace_kind': 'trace'},0.0035
isolation,1,report_locality_heavy,LRU,LocalAllocation,5,0,3400,{'trace_kind': 'trace'},0.0034
isolation,0,report_locality_heavy,LRU,LocalAllocation,5,1,3500,{'trace_kind': 'trace'},0.0035
isolation,1,report_locality_heavy,LRU,LocalAllocation,5,1,3400,{'trace_kind': 'trace'},0.0034
isolation,0,report_locality_heavy,LRU,LocalAllocation,5,2,3300,{'trace_kind': 'trace'},0.0033
isolation,1,report_locality_heavy,LRU,LocalAllocation,5,2,3400,{'trace_kind': 'trace'},0.0034
isolation,0,report_locality_heavy,LRU,LocalAllocation,5,3,3200,{'trace_kind': 'trace'},0.0032
isolation,1,report_locality_heavy,LRU,LocalAllocation,5,3,3200,{'trace_kind': 'trace'},0.0032
isolation,0,report_locality_heavy,LRU,LocalAllocation,5,4,3300,{'trace_kind': 'trace'},0.0033
isolation,1,report_locality_heavy,LRU,LocalAllocation,5,4,3500,{'trace_kind': 'trace'},0.0035
isolation,0,report_locality_heavy,LRU,LocalAllocation,5,5,3300,{'trace_kind': 'trace'},0.0033
isolation,1,report_locality_heavy,LRU,LocalAllocation,5,5,3500,{'trace_kind': 'trace'},0.0035
isolation,0,report_locality_heavy,LRU,LocalAllocation,5,6,3300,{'trace_kind': 'trace'},0.0033
isolation,1,report_locality_heavy,LRU,LocalAllocation,5,6,3200,{'trace_kind': 'trace'},0.0032
isolation,0,report_locality_heavy,LRU,LocalAllocation,5,7,3200,{'trace_kind': 'trace'},0.0032
isolation,1,report_locality_heavy,LRU,LocalAllocation,5,7,3400,{'trace_kind': 'trace'},0.0034
isolation,0,report_locality_heavy,LRU,LocalAllocation,5,8,3400,{'trace_kind': 'trace'},0.0034
isolation,1,report_locality_heavy,LRU,LocalAllocation,5,8,3200,{'trace_kind': 'trace'},0.0032
isolation,0,report_locality_heavy,LRU,LocalAllocation,5,9,3400,{'trace_kind': 'trace'},0.0034
isolation,1,report_locality_heavy,LRU,LocalAllocation,5,9,3200,{'trace_kind': 'trace'},0.0032
isolation,0,report_locality_heavy,LRU,ProportionalAllocation,5,0,3400,{'trace_kind': 'trace'},0.0034
isolation,1,report_locality_heavy,LRU,ProportionalAllocation,5,0,3300,{'trace_kind': 'trace'},0.0033
isolation,0,report_locality_heavy,LRU,ProportionalAllocation,5,1,3500,{'trace_kind': 'trace'},0.0035
isolation,1,report_locality_heavy,LRU,ProportionalAllocation,5,1,3300,{'trace_kind': 'trace'},0.0033
isolation,0,report_locality_heavy,LRU,ProportionalAllocation,5,2,3300,{'trace_kind': 'trace'},0.0033
isolation,1,report_locality_heavy,LRU,ProportionalAllocation,5,2,3200,{'trace_kind': 'trace'},0.0032
isolation,0,report_locality_heavy,LRU,ProportionalAllocation,5,3,3200,{'trace_kind': 'trace'},0.0032
isolation,1,report_locality_heavy,LRU,ProportionalAllocation,5,3,3200,{'trace_kind': 'trace'},0.0032
isolation,0,report_locality_heavy,LRU,ProportionalAllocation,5,4,3200,{'trace_kind': 'trace'},0.0032
isolation,1,report_locality_heavy,LRU,ProportionalAllocation,5,4,3300,{'trace_kind': 'trace'},0.0033
isolation,0,report_locality_heavy,LRU,ProportionalAllocation,5,5,3200,{'trace_kind': 'trace'},0.0032
isolation,1,report_locality_heavy,LRU,ProportionalAllocation,5,5,3300,{'trace_kind': 'trace'},0.0033
isolation,0,report_locality_heavy,LRU,ProportionalAllocation,5,6,3400,{'trace_kind': 'trace'},0.0034
isolation,1,report_locality_heavy,LRU,ProportionalAllocation,5,6,3400,{'trace_kind': 'trace'},0.0034
isolation,0,report_locality_heavy,LRU,ProportionalAllocation,5,7,3200,{'trace_kind': 'trace'},0.0032
isolation,1,report_locality_heavy,LRU,ProportionalAllocation,5,7,3200,{'trace_kind': 'trace'},0.0032
isolation,0,report_locality_heavy,LRU,ProportionalAllocation,5,8,3200,{'trace_kind': 'trace'},0.0032
isolation,1,report_locality_heavy,LRU,ProportionalAllocation,5,8,3200,{'trace_kind': 'trace'},0.0032
isolation,0,report_locality_heavy,LRU,ProportionalAllocation,5,9,3300,{'trace_kind': 'trace'},0.0033
isolation,1,report_locality_heavy,LRU,ProportionalAllocation,5,9,3300,{'trace_kind': 'trace'},0.0033
isolation,0,report_locality_heavy,NRU,GlobalAllocation,5,0,4100,{'trace_kind': 'trace'},0.0041
isolation,1,report_locality_heavy,NRU,GlobalAllocation,5,0,3800,{'trace_kind': 'trace'},0.0038
isolation,0,report_locality_heavy,NRU,GlobalAllocation,5,1,3900,{'trace_kind': 'trace'},0.0039
isolation,1,report_locality_heavy,NRU,GlobalAllocation,5,1,3600,{'trace_kind': 'trace'},0.0036
isolation,0,report_locality_heavy,NRU,GlobalAllocation,5,2,3700,{'trace_kind': 'trace'},0.0037
isolation,1,report_locality_heavy,NRU,GlobalAllocation,5,2,3600,{'trace_kind': 'trace'},0.0036
isolation,0,report_locality_heavy,NRU,GlobalAllocation,5,3,3300,{'trace_kind': 'trace'},0.0033
isolation,1,report_locality_heavy,NRU,GlobalAllocation,5,3,3200,{'trace_kind': 'trace'},0.0032
isolation,0,report_locality_heavy,NRU,GlobalAllocation,5,4,3300,{'trace_kind': 'trace'},0.0033
isolation,1,report_locality_heavy,NRU,GlobalAllocation,5,4,3400,{'trace_kind': 'trace'},0.0034
isolation,0,report_locality_heavy,NRU,GlobalAllocation,5,5,3300,{'trace_kind': 'trace'},0.0033
isolation,1,report_locality_heavy,NRU,GlobalAllocation,5,5,3400,{'trace_kind': 'trace'},0.0034
isolation,0,report_locality_heavy,NRU,GlobalAllocation,5,6,3300,{'trace_kind': 'trace'},0.0033
isolation,1,report_locality_heavy,NRU,GlobalAllocation,5,6,3300,{'trace_kind': 'trace'},0.0033
isolation,0,report_locality_heavy,NRU,GlobalAllocation,5,7,3400,{'trace_kind': 'trace'},0.0034
isolation,1,report_locality_heavy,NRU,GlobalAllocation,5,7,3400,{'trace_kind': 'trace'},0.0034
isolation,0,report_locality_heavy,NRU,GlobalAllocation,5,8,3300,{'trace_kind': 'trace'},0.0033
isolation,1,report_locality_heavy,NRU,GlobalAllocation,5,8,3400,{'trace_kind': 'trace'},0.0034
isolation,0,report_locality_heavy,NRU,GlobalAllocation,5,9,3000,{'trace_kind': 'trace'},0.003
isolation,1,report_locality_heavy,NRU,GlobalAllocation,5,9,3100,{'trace_kind': 'trace'},0.0031
isolation,0,report_locality_heavy,NRU,LocalAllocation,5,0,3200,{'trace_kind': 'trace'},0.0032
isolation,1,report_locality_heavy,NRU,LocalAllocation,5,0,3100,{'trace_kind': 'trace'},0.0031
isolation,0,report_locality_heavy,NRU,LocalAllocation,5,1,3000,{'trace_kind': 'trace'},0.003
isolation,1,report_locality_heavy,NRU,LocalAllocation,5,1,3200,{'trace_kind': 'trace'},0.0032
isolation,0,report_locality_heavy,NRU,LocalAllocation,5,2,3000,{'trace_kind': 'trace'},0.003
isolation,1,report_locality_heavy,NRU,LocalAllocation,5,2,2900,{'trace_kind': 'trace'},0.0029
isolation,0,report_locality_heavy,NRU,LocalAllocation,5,3,3200,{'trace_kind': 'trace'},0.0032
isolation,1,report_locality_heavy,NRU,LocalAllocation,5,3,3200,{'trace_kind': 'trace'},0.0032
isolation,0,report_locality_heavy,NRU,LocalAllocation,5,4,3000,{'trace_kind': 'trace'},0.003
isolation,1,report_locality_heavy,NRU,LocalAllocation,5,4,3100,{'trace_kind': 'trace'},0.0031
isolation,0,report_locality_heavy,NRU,LocalAllocation,5,5,3400,{'trace_kind': 'trace'},0.0034
isolation,1,report_locality_heavy,NRU,LocalAllocation,5,5,3100,{'trace_kind': 'trace'},0.0031
isolation,0,report_locality_heavy,NRU,LocalAllocation,5,6,3100,{'trace_kind': 'trace'},0.0031
isolation,1,report_locality_heavy,NRU,LocalAllocation,5,6,3600,{'trace_kind': 'trace'},0.0036
isolation,0,report_locality_heavy,NRU,LocalAllocation,5,7,3000,{'trace_kind': 'trace'},0.003
isolation,1,report_locality_heavy,NRU,LocalAllocation,5,7,4100,{'trace_kind': 'trace'},0.0041
isolation,0,report_locality_heavy,NRU,LocalAllocation,5,8,3000,{'trace_kind': 'trace'},0.003
isolation,1,report_locality_heavy,NRU,LocalAllocation,5,8,3000,{'trace_kind': 'trace'},0.003
isolation,0,report_locality_heavy,NRU,LocalAllocation,5,9,3100,{'trace_kind': 'trace'},0.0031
isolation,1,report_locality_heavy,NRU,LocalAllocation,5,9,3100,{'trace_kind': 'trace'},0.0031
isolation,0,report_locality_heavy,NRU,ProportionalAllocation,5,0,3200,{'trace_kind': 'trace'},0.0032
isolation,1,report_locality_heavy,NRU,ProportionalAllocation,5,0,3200,{'trace_kind': 'trace'},0.0032
isolation,0,report_locality_heavy,NRU,ProportionalAllocation,5,1,3100,{'trace_kind': 'trace'},0.0031
isolation,1,report_locality_heavy,NRU,ProportionalAllocation,5,1,3200,{'trace_kind': 'trace'},0.0032
isolation,0,report_locality_heavy,NRU,ProportionalAllocation,5,2,3100,{'trace_kind': 'trace'},0.0031
isolation,1,report_locality_heavy,NRU,ProportionalAllocation,5,2,3100,{'trace_kind': 'trace'},0.0031
isolation,0,report_locality_heavy,NRU,ProportionalAllocation,5,3,3100,{'trace_kind': 'trace'},0.0031
isolation,1,report_locality_heavy,NRU,ProportionalAllocation,5,3,3200,{'trace_kind': 'trace'},0.0032
isolation,0,report_locality_heavy,NRU,ProportionalAllocation,5,4,3100,{'trace_kind': 'trace'},0.0031
isolation,1,report_locality_heavy,NRU,ProportionalAllocation,5,4,3000,{'trace_kind': 'trace'},0.003
isolation,0,report_locality_heavy,NRU,ProportionalAllocation,5,5,3200,{'trace_kind': 'trace'},0.0032
isolation,1,report_locality_heavy,NRU,ProportionalAllocation,5,5,3000,{'trace_kind': 'trace'},0.003
isolation,0,report_locality_heavy,NRU,ProportionalAllocation,5,6,3200,{'trace_kind': 'trace'},0.0032
isolation,1,report_locality_heavy,NRU,ProportionalAllocation,5,6,3100,{'trace_kind': 'trace'},0.0031
isolation,0,report_locality_heavy,NRU,ProportionalAllocation,5,7,3200,{'trace_kind': 'trace'},0.0032
isolation,1,report_locality_heavy,NRU,ProportionalAllocation,5,7,3100,{'trace_kind': 'trace'},0.0031
isolation,0,report_locality_heavy,NRU,ProportionalAllocation,5,8,3100,{'trace_kind': 'trace'},0.0031
isolation,1,report_locality_heavy,NRU,ProportionalAllocation,5,8,3000,{'trace_kind': 'trace'},0.003
isolation,0,report_locality_heavy,NRU,ProportionalAllocation,5,9,3000,{'trace_kind': 'trace'},0.003
isolation,1,report_locality_heavy,NRU,ProportionalAllocation,5,9,3100,{'trace_kind': 'trace'},0.0031
isolation,0,report_locality_heavy,SecondChance,GlobalAllocation,5,0,4000,{'trace_kind': 'trace'},0.004
isolation,1,report_locality_heavy,SecondChance,GlobalAllocation,5,0,3700,{'trace_kind': 'trace'},0.0037
isolation,0,report_locality_heavy,SecondChance,GlobalAllocation,5,1,3800,{'trace_kind': 'trace'},0.0038
isolation,1,report_locality_heavy,SecondChance,GlobalAllocation,5,1,3500,{'trace_kind': 'trace'},0.0035
isolation,0,report_locality_heavy,SecondChance,GlobalAllocation,5,2,3600,{'trace_kind': 'trace'},0.0036
isolation,1,report_locality_heavy,SecondChance,GlobalAllocation,5,2,3500,{'trace_kind': 'trace'},0.0035
isolation,0,report_locality_heavy,SecondChance,GlobalAllocation,5,3,3300,{'trace_kind': 'trace'},0.0033
isolation,1,report_locality_heavy,SecondChance,GlobalAllocation,5,3,3100,{'trace_kind': 'trace'},0.0031
isolation,0,report_locality_heavy,SecondChance,GlobalAllocation,5,4,3200,{'trace_kind': 'trace'},0.0032
isolation,1,report_locality_heavy,SecondChance,GlobalAllocation,5,4,3200,{'trace_kind': 'trace'},0.0032
isolation,0,report_locality_heavy,SecondChance,GlobalAllocation,5,5,3200,{'trace_kind': 'trace'},0.0032
isolation,1,report_locality_heavy,SecondChance,GlobalAllocation,5,5,3100,{'trace_kind': 'trace'},0.0031
isolation,0,report_locality_heavy,SecondChance,GlobalAllocation,5,6,3300,{'trace_kind': 'trace'},0.0033
isolation,1,report_locality_heavy,SecondChance,GlobalAllocation,5,6,3100,{'trace_kind': 'trace'},0.0031
isolation,0,report_locality_heavy,SecondChance,GlobalAllocation,5,7,3200,{'trace_kind': 'trace'},0.0032
isolation,1,report_locality_heavy,SecondChance,GlobalAllocation,5,7,3300,{'trace_kind': 'trace'},0.0033
isolation,0,report_locality_heavy,SecondChance,GlobalAllocation,5,8,3300,{'trace_kind': 'trace'},0.0033
isolation,1,report_locality_heavy,SecondChance,GlobalAllocation,5,8,3200,{'trace_kind': 'trace'},0.0032
isolation,0,report_locality_heavy,SecondChance,GlobalAllocation,5,9,3100,{'trace_kind': 'trace'},0.0031
isolation,1,report_locality_heavy,SecondChance,GlobalAllocation,5,9,3100,{'trace_kind': 'trace'},0.0031
isolation,0,report_locality_heavy,SecondChance,LocalAllocation,5,0,3400,{'trace_kind': 'trace'},0.0034
isolation,1,report_locality_heavy,SecondChance,LocalAllocation,5,0,3100,{'trace_kind': 'trace'},0.0031
isolation,0,report_locality_heavy,SecondChance,LocalAllocation,5,1,3300,{'trace_kind': 'trace'},0.0033
isolation,1,report_locality_heavy,SecondChance,LocalAllocation,5,1,3200,{'trace_kind': 'trace'},0.0032
isolation,0,report_locality_heavy,SecondChance,LocalAllocation,5,2,3000,{'trace_kind': 'trace'},0.003
isolation,1,report_locality_heavy,SecondChance,LocalAllocation,5,2,3200,{'trace_kind': 'trace'},0.0032
isolation,0,report_locality_heavy,SecondChance,LocalAllocation,5,3,3000,{'trace_kind': 'trace'},0.003
isolation,1,report_locality_heavy,SecondChance,LocalAllocation,5,3,2900,{'trace_kind': 'trace'},0.0029
isolation,0,report_locality_heavy,SecondChance,LocalAllocation,5,4,3000,{'trace_kind': 'trace'},0.003
isolation,1,report_locality_heavy,SecondChance,LocalAllocation,5,4,3000,{'trace_kind': 'trace'},0.003
isolation,0,report_locality_heavy,SecondChance,LocalAllocation,5,5,3100,{'trace_kind': 'trace'},0.0031
isolation,1,report_locality_heavy,SecondChance,LocalAllocation,5,5,2900,{'trace_kind': 'trace'},0.0029
isolation,0,report_locality_heavy,SecondChance,LocalAllocation,5,6,3000,{'trace_kind': 'trace'},0.003
isolation,1,report_locality_heavy,SecondChance,LocalAllocation,5,6,3100,{'trace_kind': 'trace'},0.0031
isolation,0,report_locality_heavy,SecondChance,LocalAllocation,5,7,3100,{'trace_kind': 'trace'},0.0031
isolation,1,report_locality_heavy,SecondChance,LocalAllocation,5,7,3000,{'trace_kind': 'trace'},0.003
isolation,0,report_locality_heavy,SecondChance,LocalAllocation,5,8,3100,{'trace_kind': 'trace'},0.0031
isolation,1,report_locality_heavy,SecondChance,LocalAllocation,5,8,3100,{'trace_kind': 'trace'},0.0031
isolation,0,report_locality_heavy,SecondChance,LocalAllocation,5,9,3000,{'trace_kind': 'trace'},0.003
isolation,1,report_locality_heavy,SecondChance,LocalAllocation,5,9,2900,{'trace_kind': 'trace'},0.0029
isolation,0,report_locality_heavy,SecondChance,ProportionalAllocation,5,0,3300,{'trace_kind': 'trace'},0.0033
isolation,1,report_locality_heavy,SecondChance,ProportionalAllocation,5,0,3000,{'trace_kind': 'trace'},0.003
isolation,0,report_locality_heavy,SecondChance,ProportionalAllocation,5,1,3100,{'trace_kind': 'trace'},0.0031
isolation,1,report_locality_heavy,SecondChance,ProportionalAllocation,5,1,2900,{'trace_kind': 'trace'},0.0029
isolation,0,report_locality_heavy,SecondChance,ProportionalAllocation,5,2,3200,{'trace_kind': 'trace'},0.0032
isolation,1,report_locality_heavy,SecondChance,ProportionalAllocation,5,2,2900,{'trace_kind': 'trace'},0.0029
isolation,0,report_locality_heavy,SecondChance,ProportionalAllocation,5,3,3000,{'trace_kind': 'trace'},0.003
isolation,1,report_locality_heavy,SecondChance,ProportionalAllocation,5,3,3000,{'trace_kind': 'trace'},0.003
isolation,0,report_locality_heavy,SecondChance,ProportionalAllocation,5,4,3100,{'trace_kind': 'trace'},0.0031
isolation,1,report_locality_heavy,SecondChance,ProportionalAllocation,5,4,3000,{'trace_kind': 'trace'},0.003
isolation,0,report_locality_heavy,SecondChance,ProportionalAllocation,5,5,3200,{'trace_kind': 'trace'},0.0032
isolation,1,report_locality_heavy,SecondChance,ProportionalAllocation,5,5,2900,{'trace_kind': 'trace'},0.0029
isolation,0,report_locality_heavy,SecondChance,ProportionalAllocation,5,6,3100,{'trace_kind': 'trace'},0.0031
isolation,1,report_locality_heavy,SecondChance,ProportionalAllocation,5,6,3000,{'trace_kind': 'trace'},0.003
isolation,0,report_locality_heavy,SecondChance,ProportionalAllocation,5,7,3000,{'trace_kind': 'trace'},0.003
isolation,1,report_locality_heavy,SecondChance,ProportionalAllocation,5,7,2800,{'trace_kind': 'trace'},0.0028
isolation,0,report_locality_heavy,SecondChance,ProportionalAllocation,5,8,3000,{'trace_kind': 'trace'},0.003
isolation,1,report_locality_heavy,SecondChance,ProportionalAllocation,5,8,2900,{'trace_kind': 'trace'},0.0029
isolation,0,report_locality_heavy,SecondChance,ProportionalAllocation,5,9,3100,{'trace_kind': 'trace'},0.0031
isolation,1,report_locality_heavy,SecondChance,ProportionalAllocation,5,9,2900,{'trace_kind': 'trace'},0.0029
isolation,0,report_locality_heavy,WSClock,GlobalAllocation,5,0,4000,{'trace_kind': 'trace'},0.004
isolation,1,report_locality_heavy,WSClock,GlobalAllocation,5,0,3600,{'trace_kind': 'trace'},0.0036
isolation,0,report_locality_heavy,WSClock,GlobalAllocation,5,1,3800,{'trace_kind': 'trace'},0.0038
isolation,1,report_locality_heavy,WSClock,GlobalAllocation,5,1,3600,{'trace_kind': 'trace'},0.0036
isolation,0,report_locality_heavy,WSClock,GlobalAllocation,5,2,3600,{'trace_kind': 'trace'},0.0036
isolation,1,report_locality_heavy,WSClock,GlobalAllocation,5,2,3700,{'trace_kind': 'trace'},0.0037
isolation,0,report_locality_heavy,WSClock,GlobalAllocation,5,3,3500,{'trace_kind': 'trace'},0.0035
isolation,1,report_locality_heavy,WSClock,GlobalAllocation,5,3,3200,{'trace_kind': 'trace'},0.0032
isolation,0,report_locality_heavy,WSClock,GlobalAllocation,5,4,3200,{'trace_kind': 'trace'},0.0032
isolation,1,report_locality_heavy,WSClock,GlobalAllocation,5,4,3300,{'trace_kind': 'trace'},0.0033
isolation,0,report_locality_heavy,WSClock,GlobalAllocation,5,5,5300,{'trace_kind': 'trace'},0.0053
isolation,1,report_locality_heavy,WSClock,GlobalAllocation,5,5,5200,{'trace_kind': 'trace'},0.0052
isolation,0,report_locality_heavy,WSClock,GlobalAllocation,5,6,4900,{'trace_kind': 'trace'},0.0049
isolation,1,report_locality_heavy,WSClock,GlobalAllocation,5,6,6000,{'trace_kind': 'trace'},0.006
isolation,0,report_locality_heavy,WSClock,GlobalAllocation,5,7,4700,{'trace_kind': 'trace'},0.0047
isolation,1,report_locality_heavy,WSClock,GlobalAllocation,5,7,5500,{'trace_kind': 'trace'},0.0055
isolation,0,report_locality_heavy,WSClock,GlobalAllocation,5,8,3200,{'trace_kind': 'trace'},0.0032
isolation,1,report_locality_heavy,WSClock,GlobalAllocation,5,8,4900,{'trace_kind': 'trace'},0.0049
isolation,0,report_locality_heavy,WSClock,GlobalAllocation,5,9,3100,{'trace_kind': 'trace'},0.0031
isolation,1,report_locality_heavy,WSClock,GlobalAllocation,5,9,3200,{'trace_kind': 'trace'},0.0032
isolation,0,report_locality_heavy,WSClock,LocalAllocation,5,0,3200,{'trace_kind': 'trace'},0.0032
isolation,1,report_locality_heavy,WSClock,LocalAllocation,5,0,3200,{'trace_kind': 'trace'},0.0032
isolation,0,report_locality_heavy,WSClock,LocalAllocation,5,1,3100,{'trace_kind': 'trace'},0.0031
isolation,1,report_locality_heavy,WSClock,LocalAllocation,5,1,2900,{'trace_kind': 'trace'},0.0029
isolation,0,report_locality_heavy,WSClock,LocalAllocation,5,2,3100,{'trace_kind': 'trace'},0.0031
isolation,1,report_locality_heavy,WSClock,LocalAllocation,5,2,3200,{'trace_kind': 'trace'},0.0032
isolation,0,report_locality_heavy,WSClock,LocalAllocation,5,3,3200,{'trace_kind': 'trace'},0.0032
isolation,1,report_locality_heavy,WSClock,LocalAllocation,5,3,3100,{'trace_kind': 'trace'},0.0031
isolation,0,report_locality_heavy,WSClock,LocalAllocation,5,4,2900,{'trace_kind': 'trace'},0.0029
isolation,1,report_locality_heavy,WSClock,LocalAllocation,5,4,3000,{'trace_kind': 'trace'},0.003
isolation,0,report_locality_heavy,WSClock,LocalAllocation,5,5,3000,{'trace_kind': 'trace'},0.003
isolation,1,report_locality_heavy,WSClock,LocalAllocation,5,5,2900,{'trace_kind': 'trace'},0.0029
isolation,0,report_locality_heavy,WSClock,LocalAllocation,5,6,3000,{'trace_kind': 'trace'},0.003
isolation,1,report_locality_heavy,WSClock,LocalAllocation,5,6,3100,{'trace_kind': 'trace'},0.0031
isolation,0,report_locality_heavy,WSClock,LocalAllocation,5,7,2900,{'trace_kind': 'trace'},0.0029
isolation,1,report_locality_heavy,WSClock,LocalAllocation,5,7,3000,{'trace_kind': 'trace'},0.003
isolation,0,report_locality_heavy,WSClock,LocalAllocation,5,8,3000,{'trace_kind': 'trace'},0.003
isolation,1,report_locality_heavy,WSClock,LocalAllocation,5,8,3000,{'trace_kind': 'trace'},0.003
isolation,0,report_locality_heavy,WSClock,LocalAllocation,5,9,2900,{'trace_kind': 'trace'},0.0029
isolation,1,report_locality_heavy,WSClock,LocalAllocation,5,9,4200,{'trace_kind': 'trace'},0.0042
isolation,0,report_locality_heavy,WSClock,ProportionalAllocation,5,0,3200,{'trace_kind': 'trace'},0.0032
isolation,1,report_locality_heavy,WSClock,ProportionalAllocation,5,0,3000,{'trace_kind': 'trace'},0.003
isolation,0,report_locality_heavy,WSClock,ProportionalAllocation,5,1,3200,{'trace_kind': 'trace'},0.0032
isolation,1,report_locality_heavy,WSClock,ProportionalAllocation,5,1,3100,{'trace_kind': 'trace'},0.0031
isolation,0,report_locality_heavy,WSClock,ProportionalAllocation,5,2,2900,{'trace_kind': 'trace'},0.0029
isolation,1,report_locality_heavy,WSClock,ProportionalAllocation,5,2,3000,{'trace_kind': 'trace'},0.003
isolation,0,report_locality_heavy,WSClock,ProportionalAllocation,5,3,3000,{'trace_kind': 'trace'},0.003
isolation,1,report_locality_heavy,WSClock,ProportionalAllocation,5,3,3000,{'trace_kind': 'trace'},0.003
isolation,0,report_locality_heavy,WSClock,ProportionalAllocation,5,4,3000,{'trace_kind': 'trace'},0.003
isolation,1,report_locality_heavy,WSClock,ProportionalAllocation,5,4,2900,{'trace_kind': 'trace'},0.0029
isolation,0,report_locality_heavy,WSClock,ProportionalAllocation,5,5,3100,{'trace_kind': 'trace'},0.0031
isolation,1,report_locality_heavy,WSClock,ProportionalAllocation,5,5,2800,{'trace_kind': 'trace'},0.0028
isolation,0,report_locality_heavy,WSClock,ProportionalAllocation,5,6,3100,{'trace_kind': 'trace'},0.0031
isolation,1,report_locality_heavy,WSClock,ProportionalAllocation,5,6,2900,{'trace_kind': 'trace'},0.0029
isolation,0,report_locality_heavy,WSClock,ProportionalAllocation,5,7,3000,{'trace_kind': 'trace'},0.003
isolation,1,report_locality_heavy,WSClock,ProportionalAllocation,5,7,2900,{'trace_kind': 'trace'},0.0029
isolation,0,report_locality_heavy,WSClock,ProportionalAllocation,5,8,3100,{'trace_kind': 'trace'},0.0031
isolation,1,report_locality_heavy,WSClock,ProportionalAllocation,5,8,3200,{'trace_kind': 'trace'},0.0032
isolation,0,report_locality_heavy,WSClock,ProportionalAllocation,5,9,2900,{'trace_kind': 'trace'},0.0029
isolation,1,report_locality_heavy,WSClock,ProportionalAllocation,5,9,3100,{'trace_kind': 'trace'},0.0031
isolation,0,report_locality_heavy,FIFO,GlobalAllocation,6,0,3800,{'trace_kind': 'trace'},0.0038
isolation,1,report_locality_heavy,FIFO,GlobalAllocation,6,0,3700,{'trace_kind': 'trace'},0.0037
isolation,0,report_locality_heavy,FIFO,GlobalAllocation,6,1,3700,{'trace_kind': 'trace'},0.0037
isolation,1,report_locality_heavy,FIFO,GlobalAllocation,6,1,3600,{'trace_kind': 'trace'},0.0036
isolation,0,report_locality_heavy,FIFO,GlobalAllocation,6,2,3600,{'trace_kind': 'trace'},0.0036
isolation,1,report_locality_heavy,FIFO,GlobalAllocation,6,2,3400,{'trace_kind': 'trace'},0.0034
isolation,0,report_locality_heavy,FIFO,GlobalAllocation,6,3,3200,{'trace_kind': 'trace'},0.0032
isolation,1,report_locality_heavy,FIFO,GlobalAllocation,6,3,3100,{'trace_kind': 'trace'},0.0031
isolation,0,report_locality_heavy,FIFO,GlobalAllocation,6,4,3800,{'trace_kind': 'trace'},0.0038
isolation,1,report_locality_heavy,FIFO,GlobalAllocation,6,4,3100,{'trace_kind': 'trace'},0.0031
isolation,0,report_locality_heavy,FIFO,GlobalAllocation,6,5,3200,{'trace_kind': 'trace'},0.0032
isolation,1,report_locality_heavy,FIFO,GlobalAllocation,6,5,3100,{'trace_kind': 'trace'},0.0031
isolation,0,report_locality_heavy,FIFO,GlobalAllocation,6,6,3100,{'trace_kind': 'trace'},0.0031
isolation,1,report_locality_heavy,FIFO,GlobalAllocation,6,6,3400,{'trace_kind': 'trace'},0.0034
isolation,0,report_locality_heavy,FIFO,GlobalAllocation,6,7,3100,{'trace_kind': 'trace'},0.0031
isolation,1,report_locality_heavy,FIFO,GlobalAllocation,6,7,3100,{'trace_kind': 'trace'},0.0031
isolation,0,report_locality_heavy,FIFO,GlobalAllocation,6,8,3100,{'trace_kind': 'trace'},0.0031
isolation,1,report_locality_heavy,FIFO,GlobalAllocation,6,8,3200,{'trace_kind': 'trace'},0.0032
isolation,0,report_locality_heavy,FIFO,GlobalAllocation,6,9,2900,{'trace_kind': 'trace'},0.0029
isolation,1,report_locality_heavy,FIFO,GlobalAllocation,6,9,2800,{'trace_kind': 'trace'},0.0028
isolation,0,report_locality_heavy,FIFO,LocalAllocation,6,0,3000,{'trace_kind': 'trace'},0.003
isolation,1,report_locality_heavy,FIFO,LocalAllocation,6,0,2800,{'trace_kind': 'trace'},0.0028
isolation,0,report_locality_heavy,FIFO,LocalAllocation,6,1,2900,{'trace_kind': 'trace'},0.0029
isolation,1,report_locality_heavy,FIFO,LocalAllocation,6,1,2900,{'trace_kind': 'trace'},0.0029
isolation,0,report_locality_heavy,FIFO,LocalAllocation,6,2,2900,{'trace_kind': 'trace'},0.0029
isolation,1,report_locality_heavy,FIFO,LocalAllocation,6,2,2900,{'trace_kind': 'trace'},0.0029
isolation,0,report_locality_heavy,FIFO,LocalAllocation,6,3,2900,{'trace_kind': 'trace'},0.0029
isolation,1,report_locality_heavy,FIFO,LocalAllocation,6,3,2900,{'trace_kind': 'trace'},0.0029
isolation,0,report_locality_heavy,FIFO,LocalAllocation,6,4,2700,{'trace_kind': 'trace'},0.0027
isolation,1,report_locality_heavy,FIFO,LocalAllocation,6,4,2800,{'trace_kind': 'trace'},0.0028
isolation,0,report_locality_heavy,FIFO,LocalAllocation,6,5,2900,{'trace_kind': 'trace'},0.0029
isolation,1,report_locality_heavy,FIFO,LocalAllocation,6,5,3000,{'trace_kind': 'trace'},0.003
isolation,0,report_locality_heavy,FIFO,LocalAllocation,6,6,2800,{'trace_kind': 'trace'},0.0028
isolation,1,report_locality_heavy,FIFO,LocalAllocation,6,6,2700,{'trace_kind': 'trace'},0.0027
isolation,0,report_locality_heavy,FIFO,LocalAllocation,6,7,3000,{'trace_kind': 'trace'},0.003
isolation,1,report_locality_heavy,FIFO,LocalAllocation,6,7,2800,{'trace_kind': 'trace'},0.0028
isolation,0,report_locality_heavy,FIFO,LocalAllocation,6,8,2700,{'trace_kind': 'trace'},0.0027
isolation,1,report_locality_heavy,FIFO,LocalAllocation,6,8,2800,{'trace_kind': 'trace'},0.0028
isolation,0,report_locality_heavy,FIFO,LocalAllocation,6,9,2800,{'trace_kind': 'trace'},0.0028
isolation,1,report_locality_heavy,FIFO,LocalAllocation,6,9,2900,{'trace_kind': 'trace'},0.0029
isolation,0,report_locality_heavy,FIFO,ProportionalAllocation,6,0,3000,{'trace_kind': 'trace'},0.003
isolation,1,report_locality_heavy,FIFO,ProportionalAllocation,6,0,2900,{'trace_kind': 'trace'},0.0029
isolation,0,report_locality_heavy,FIFO,ProportionalAllocation,6,1,2800,{'trace_kind': 'trace'},0.0028
isolation,1,report_locality_heavy,FIFO,ProportionalAllocation,6,1,2800,{'trace_kind': 'trace'},0.0028
isolation,0,report_locality_heavy,FIFO,ProportionalAllocation,6,2,3000,{'trace_kind': 'trace'},0.003
isolation,1,report_locality_heavy,FIFO,ProportionalAllocation,6,2,2800,{'trace_kind': 'trace'},0.0028
isolation,0,report_locality_heavy,FIFO,ProportionalAllocation,6,3,2800,{'trace_kind': 'trace'},0.0028
isolation,1,report_locality_heavy,FIFO,ProportionalAllocation,6,3,2900,{'trace_kind': 'trace'},0.0029
isolation,0,report_locality_heavy,FIFO,ProportionalAllocation,6,4,3000,{'trace_kind': 'trace'},0.003
isolation,1,report_locality_heavy,FIFO,ProportionalAllocation,6,4,2900,{'trace_kind': 'trace'},0.0029
isolation,0,report_locality_heavy,FIFO,ProportionalAllocation,6,5,2900,{'trace_kind': 'trace'},0.0029
isolation,1,report_locality_heavy,FIFO,ProportionalAllocation,6,5,2900,{'trace_kind': 'trace'},0.0029
isolation,0,report_locality_heavy,FIFO,ProportionalAllocation,6,6,2900,{'trace_kind': 'trace'},0.0029
isolation,1,report_locality_heavy,FIFO,ProportionalAllocation,6,6,2900,{'trace_kind': 'trace'},0.0029
isolation,0,report_locality_heavy,FIFO,ProportionalAllocation,6,7,2700,{'trace_kind': 'trace'},0.0027
isolation,1,report_locality_heavy,FIFO,ProportionalAllocation,6,7,3000,{'trace_kind': 'trace'},0.003
isolation,0,report_locality_heavy,FIFO,ProportionalAllocation,6,8,3100,{'trace_kind': 'trace'},0.0031
isolation,1,report_locality_heavy,FIFO,ProportionalAllocation,6,8,2800,{'trace_kind': 'trace'},0.0028
isolation,0,report_locality_heavy,FIFO,ProportionalAllocation,6,9,2700,{'trace_kind': 'trace'},0.0027
isolation,1,report_locality_heavy,FIFO,ProportionalAllocation,6,9,2800,{'trace_kind': 'trace'},0.0028
isolation,0,report_locality_heavy,LRU,GlobalAllocation,6,0,4300,{'trace_kind': 'trace'},0.0043
isolation,1,report_locality_heavy,LRU,GlobalAllocation,6,0,4100,{'trace_kind': 'trace'},0.0041
isolation,0,report_locality_heavy,LRU,GlobalAllocation,6,1,4200,{'trace_kind': 'trace'},0.0042
isolation,1,report_locality_heavy,LRU,GlobalAllocation,6,1,4000,{'trace_kind': 'trace'},0.004
isolation,0,report_locality_heavy,LRU,GlobalAllocation,6,2,3900,{'trace_kind': 'trace'},0.0039
isolation,1,report_locality_heavy,LRU,GlobalAllocation,6,2,3800,{'trace_kind': 'trace'},0.0038
isolation,0,report_locality_heavy,LRU,GlobalAllocation,6,3,3400,{'trace_kind': 'trace'},0.0034
isolation,1,report_locality_heavy,LRU,GlobalAllocation,6,3,3500,{'trace_kind': 'trace'},0.0035
isolation,0,report_locality_heavy,LRU,GlobalAllocation,6,4,3500,{'trace_kind': 'trace'},0.0035
isolation,1,report_locality_heavy,LRU,GlobalAllocation,6,4,3500,{'trace_kind': 'trace'},0.0035
isolation,0,report_locality_heavy,LRU,GlobalAllocation,6,5,3600,{'trace_kind': 'trace'},0.0036
isolation,1,report_locality_heavy,LRU,GlobalAllocation,6,5,3500,{'trace_kind': 'trace'},0.0035
isolation,0,report_locality_heavy,LRU,GlobalAllocation,6,6,3500,{'trace_kind': 'trace'},0.0035
isolation,1,report_locality_heavy,LRU,GlobalAllocation,6,6,3400,{'trace_kind': 'trace'},0.0034
isolation,0,report_locality_heavy,LRU,GlobalAllocation,6,7,3500,{'trace_kind': 'trace'},0.0035
isolation,1,report_locality_heavy,LRU,GlobalAllocation,6,7,3600,{'trace_kind': 'trace'},0.0036
isolation,0,report_locality_heavy,LRU,GlobalAllocation,6,8,3500,{'trace_kind': 'trace'},0.0035
isolation,1,report_locality_heavy,LRU,GlobalAllocation,6,8,3600,{'trace_kind': 'trace'},0.0036
isolation,0,report_locality_heavy,LRU,GlobalAllocation,6,9,3400,{'trace_kind': 'trace'},0.0034
isolation,1,report_locality_heavy,LRU,GlobalAllocation,6,9,3600,{'trace_kind': 'trace'},0.0036
isolation,0,report_locality_heavy,LRU,LocalAllocation,6,0,3500,{'trace_kind': 'trace'},0.0035
isolation,1,report_locality_heavy,LRU,LocalAllocation,6,0,3300,{'trace_kind': 'trace'},0.0033
isolation,0,report_locality_heavy,LRU,LocalAllocation,6,1,3300,{'trace_kind': 'trace'},0.0033
isolation,1,report_locality_heavy,LRU,LocalAllocation,6,1,3400,{'trace_kind': 'trace'},0.0034
isolation,0,report_locality_heavy,LRU,LocalAllocation,6,2,3200,{'trace_kind': 'trace'},0.0032
isolation,1,report_locality_heavy,LRU,LocalAllocation,6,2,3400,{'trace_kind': 'trace'},0.0034
isolation,0,report_locality_heavy,LRU,LocalAllocation,6,3,3300,{'trace_kind': 'trace'},0.0033
isolation,1,report_locality_heavy,LRU,LocalAllocation,6,3,3300,{'trace_kind': 'trace'},0.0033
isolation,0,report_locality_heavy,LRU,LocalAllocation,6,4,3200,{'trace_kind': 'trace'},0.0032
isolation,1,report_locality_heavy,LRU,LocalAllocation,6,4,3300,{'trace_kind': 'trace'},0.0033
isolation,0,report_locality_heavy,LRU,LocalAllocation,6,5,3200,{'trace_kind': 'trace'},0.0032
isolation,1,report_locality_heavy,LRU,LocalAllocation,6,5,3200,{'trace_kind': 'trace'},0.0032
isolation,0,report_locality_heavy,LRU,LocalAllocation,6,6,3300,{'trace_kind': 'trace'},0.0033
isolation,1,report_locality_heavy,LRU,LocalAllocation,6,6,3200,{'trace_kind': 'trace'},0.0032
isolation,0,report_locality_heavy,LRU,LocalAllocation,6,7,3600,{'trace_kind': 'trace'},0.0036
isolation,1,report_locality_heavy,LRU,LocalAllocation,6,7,3200,{'trace_kind': 'trace'},0.0032
isolation,0,report_locality_heavy,LRU,LocalAllocation,6,8,3300,{'trace_kind': 'trace'},0.0033
isolation,1,report_locality_heavy,LRU,LocalAllocation,6,8,3200,{'trace_kind': 'trace'},0.0032
isolation,0,report_locality_heavy,LRU,LocalAllocation,6,9,3300,{'trace_kind': 'trace'},0.0033
isolation,1,report_locality_heavy,LRU,LocalAllocation,6,9,3200,{'trace_kind': 'trace'},0.0032
isolation,0,report_locality_heavy,LRU,ProportionalAllocation,6,0,3500,{'trace_kind': 'trace'},0.0035
isolation,1,report_locality_heavy,LRU,ProportionalAllocation,6,0,3300,{'trace_kind': 'trace'},0.0033
isolation,0,report_locality_heavy,LRU,ProportionalAllocation,6,1,3300,{'trace_kind': 'trace'},0.0033
isolation,1,report_locality_heavy,LRU,ProportionalAllocation,6,1,3400,{'trace_kind': 'trace'},0.0034
isolation,0,report_locality_heavy,LRU,ProportionalAllocation,6,2,3300,{'trace_kind': 'trace'},0.0033
isolation,1,report_locality_heavy,LRU,ProportionalAllocation,6,2,3300,{'trace_kind': 'trace'},0.0033
isolation,0,report_locality_heavy,LRU,ProportionalAllocation,6,3,3200,{'trace_kind': 'trace'},0.0032
isolation,1,report_locality_heavy,LRU,ProportionalAllocation,6,3,3300,{'trace_kind': 'trace'},0.0033
isolation,0,report_locality_heavy,LRU,ProportionalAllocation,6,4,3200,{'trace_kind': 'trace'},0.0032
isolation,1,report_locality_heavy,LRU,ProportionalAllocation,6,4,3200,{'trace_kind': 'trace'},0.0032
isolation,0,report_locality_heavy,LRU,ProportionalAllocation,6,5,3300,{'trace_kind': 'trace'},0.0033
isolation,1,report_locality_heavy,LRU,ProportionalAllocation,6,5,3500,{'trace_kind': 'trace'},0.0035
isolation,0,report_locality_heavy,LRU,ProportionalAllocation,6,6,3200,{'trace_kind': 'trace'},0.0032
isolation,1,report_locality_heavy,LRU,ProportionalAllocation,6,6,3300,{'trace_kind': 'trace'},0.0033
isolation,0,report_locality_heavy,LRU,ProportionalAllocation,6,7,3200,{'trace_kind': 'trace'},0.0032
isolation,1,report_locality_heavy,LRU,ProportionalAllocation,6,7,3200,{'trace_kind': 'trace'},0.0032
isolation,0,report_locality_heavy,LRU,ProportionalAllocation,6,8,3300,{'trace_kind': 'trace'},0.0033
isolation,1,report_locality_heavy,LRU,ProportionalAllocation,6,8,3200,{'trace_kind': 'trace'},0.0032
isolation,0,report_locality_heavy,LRU,ProportionalAllocation,6,9,3100,{'trace_kind': 'trace'},0.0031
isolation,1,report_locality_heavy,LRU,ProportionalAllocation,6,9,3200,{'trace_kind': 'trace'},0.0032
isolation,0,report_locality_heavy,NRU,GlobalAllocation,6,0,4000,{'trace_kind': 'trace'},0.004
isolation,1,report_locality_heavy,NRU,GlobalAllocation,6,0,3900,{'trace_kind': 'trace'},0.0039
isolation,0,report_locality_heavy,NRU,GlobalAllocation,6,1,3900,{'trace_kind': 'trace'},0.0039
isolation,1,report_locality_heavy,NRU,GlobalAllocation,6,1,3800,{'trace_kind': 'trace'},0.0038
isolation,0,report_locality_heavy,NRU,GlobalAllocation,6,2,3700,{'trace_kind': 'trace'},0.0037
isolation,1,report_locality_heavy,NRU,GlobalAllocation,6,2,3600,{'trace_kind': 'trace'},0.0036
isolation,0,report_locality_heavy,NRU,GlobalAllocation,6,3,3400,{'trace_kind': 'trace'},0.0034
isolation,1,report_locality_heavy,NRU,GlobalAllocation,6,3,3400,{'trace_kind': 'trace'},0.0034
isolation,0,report_locality_heavy,NRU,GlobalAllocation,6,4,3300,{'trace_kind': 'trace'},0.0033
isolation,1,report_locality_heavy,NRU,GlobalAllocation,6,4,3500,{'trace_kind': 'trace'},0.0035
isolation,0,report_locality_heavy,NRU,GlobalAllocation,6,5,3300,{'trace_kind': 'trace'},0.0033
isolation,1,report_locality_heavy,NRU,GlobalAllocation,6,5,3400,{'trace_kind': 'trace'},0.0034
isolation,0,report_locality_heavy,NRU,GlobalAllocation,6,6,3300,{'trace_kind': 'trace'},0.0033
isolation,1,report_locality_heavy,NRU,GlobalAllocation,6,6,3500,{'trace_kind': 'trace'},0.0035
isolation,0,report_locality_heavy,NRU,GlobalAllocation,6,7,3300,{'trace_kind': 'trace'},0.0033
isolation,1,report_locality_heavy,NRU,GlobalAllocation,6,7,3400,{'trace_kind': 'trace'},0.0034
isolation,0,report_locality_heavy,NRU,GlobalAllocation,6,8,3200,{'trace_kind': 'trace'},0.0032
isolation,1,report_locality_heavy,NRU,GlobalAllocation,6,8,3400,{'trace_kind': 'trace'},0.0034
isolation,0,report_locality_heavy,NRU,GlobalAllocation,6,9,3100,{'trace_kind': 'trace'},0.0031
isolation,1,report_locality_heavy,NRU,GlobalAllocation,6,9,3200,{'trace_kind': 'trace'},0.0032
isolation,0,report_locality_heavy,NRU,LocalAllocation,6,0,3300,{'trace_kind': 'trace'},0.0033
isolation,1,report_locality_heavy,NRU,LocalAllocation,6,0,3200,{'trace_kind': 'trace'},0.0032
isolation,0,report_locality_heavy,NRU,LocalAllocation,6,1,3200,{'trace_kind': 'trace'},0.0032
isolation,1,report_locality_heavy,NRU,LocalAllocation,6,1,3200,{'trace_kind': 'trace'},0.0032
isolation,0,report_locality_heavy,NRU,LocalAllocation,6,2,3100,{'trace_kind': 'trace'},0.0031
isolation,1,report_locality_heavy,NRU,LocalAllocation,6,2,3100,{'trace_kind': 'trace'},0.0031
isolation,0,report_locality_heavy,NRU,LocalAllocation,6,3,3300,{'trace_kind': 'trace'},0.0033
isolation,1,report_locality_heavy,NRU,LocalAllocation,6,3,3300,{'trace_kind': 'trace'},0.0033
isolation,0,report_locality_heavy,NRU,LocalAllocation,6,4,3100,{'trace_kind': 'trace'},0.0031
isolation,1,report_locality_heavy,NRU,LocalAllocation,6,4,4100,{'trace_kind': 'trace'},0.0041
isolation,0,report_locality_heavy,NRU,LocalAllocation,6,5,3200,{'trace_kind': 'trace'},0.0032
isolation,1,report_locality_heavy,NRU,LocalAllocation,6,5,3100,{'trace_kind': 'trace'},0.0031
isolation,0,report_locality_heavy,NRU,LocalAllocation,6,6,3200,{'trace_kind': 'trace'},0.0032
isolation,1,report_locality_heavy,NRU,LocalAllocation,6,6,3000,{'trace_kind': 'trace'},0.003
isolation,0,report_locality_heavy,NRU,LocalAllocation,6,7,3100,{'trace_kind': 'trace'},0.0031
isolation,1,report_locality_heavy,NRU,LocalAllocation,6,7,3200,{'trace_kind': 'trace'},0.0032
isolation,0,report_locality_heavy,NRU,LocalAllocation,6,8,3100,{'trace_kind': 'trace'},0.0031
isolation,1,report_locality_heavy,NRU,LocalAllocation,6,8,3100,{'trace_kind': 'trace'},0.0031
isolation,0,report_locality_heavy,NRU,LocalAllocation,6,9,3100,{'trace_kind': 'trace'},0.0031
isolation,1,report_locality_heavy,NRU,LocalAllocation,6,9,3000,{'trace_kind': 'trace'},0.003
isolation,0,report_locality_heavy,NRU,ProportionalAllocation,6,0,3500,{'trace_kind': 'trace'},0.0035
isolation,1,report_locality_heavy,NRU,ProportionalAllocation,6,0,3200,{'trace_kind': 'trace'},0.0032
isolation,0,report_locality_heavy,NRU,ProportionalAllocation,6,1,3200,{'trace_kind': 'trace'},0.0032
isolation,1,report_locality_heavy,NRU,ProportionalAllocation,6,1,3200,{'trace_kind': 'trace'},0.0032
isolation,0,report_locality_heavy,NRU,ProportionalAllocation,6,2,3100,{'trace_kind': 'trace'},0.0031
isolation,1,report_locality_heavy,NRU,ProportionalAllocation,6,2,3200,{'trace_kind': 'trace'},0.0032
isolation,0,report_locality_heavy,NRU,ProportionalAllocation,6,3,3200,{'trace_kind': 'trace'},0.0032
isolation,1,report_locality_heavy,NRU,ProportionalAllocation,6,3,3200,{'trace_kind': 'trace'},0.0032
isolation,0,report_locality_heavy,NRU,ProportionalAllocation,6,4,3100,{'trace_kind': 'trace'},0.0031
isolation,1,report_locality_heavy,NRU,ProportionalAllocation,6,4,3100,{'trace_kind': 'trace'},0.0031
isolation,0,report_locality_heavy,NRU,ProportionalAllocation,6,5,3100,{'trace_kind': 'trace'},0.0031
isolation,1,report_locality_heavy,NRU,ProportionalAllocation,6,5,3100,{'trace_kind': 'trace'},0.0031
isolation,0,report_locality_heavy,NRU,ProportionalAllocation,6,6,3100,{'trace_kind': 'trace'},0.0031
isolation,1,report_locality_heavy,NRU,ProportionalAllocation,6,6,3100,{'trace_kind': 'trace'},0.0031
isolation,0,report_locality_heavy,NRU,ProportionalAllocation,6,7,3000,{'trace_kind': 'trace'},0.003
isolation,1,report_locality_heavy,NRU,ProportionalAllocation,6,7,3100,{'trace_kind': 'trace'},0.0031
isolation,0,report_locality_heavy,NRU,ProportionalAllocation,6,8,3000,{'trace_kind': 'trace'},0.003
isolation,1,report_locality_heavy,NRU,ProportionalAllocation,6,8,3100,{'trace_kind': 'trace'},0.0031
isolation,0,report_locality_heavy,NRU,ProportionalAllocation,6,9,3000,{'trace_kind': 'trace'},0.003
isolation,1,report_locality_heavy,NRU,ProportionalAllocation,6,9,3200,{'trace_kind': 'trace'},0.0032
isolation,0,report_locality_heavy,SecondChance,GlobalAllocation,6,0,4000,{'trace_kind': 'trace'},0.004
isolation,1,report_locality_heavy,SecondChance,GlobalAllocation,6,0,3800,{'trace_kind': 'trace'},0.0038
isolation,0,report_locality_heavy,SecondChance,GlobalAllocation,6,1,3700,{'trace_kind': 'trace'},0.0037
isolation,1,report_locality_heavy,SecondChance,GlobalAllocation,6,1,3600,{'trace_kind': 'trace'},0.0036
isolation,0,report_locality_heavy,SecondChance,GlobalAllocation,6,2,3500,{'trace_kind': 'trace'},0.0035
isolation,1,report_locality_heavy,SecondChance,GlobalAllocation,6,2,3600,{'trace_kind': 'trace'},0.0036
isolation,0,report_locality_heavy,SecondChance,GlobalAllocation,6,3,3300,{'trace_kind': 'trace'},0.0033
isolation,1,report_locality_heavy,SecondChance,GlobalAllocation,6,3,3200,{'trace_kind': 'trace'},0.0032
isolation,0,report_locality_heavy,SecondChance,GlobalAllocation,6,4,3200,{'trace_kind': 'trace'},0.0032
isolation,1,report_locality_heavy,SecondChance,GlobalAllocation,6,4,3200,{'trace_kind': 'trace'},0.0032
isolation,0,report_locality_heavy,SecondChance,GlobalAllocation,6,5,3300,{'trace_kind': 'trace'},0.0033
isolation,1,report_locality_heavy,SecondChance,GlobalAllocation,6,5,3200,{'trace_kind': 'trace'},0.0032
isolation,0,report_locality_heavy,SecondChance,GlobalAllocation,6,6,3400,{'trace_kind': 'trace'},0.0034
isolation,1,report_locality_heavy,SecondChance,GlobalAllocation,6,6,3300,{'trace_kind': 'trace'},0.0033
isolation,0,report_locality_heavy,SecondChance,GlobalAllocation,6,7,3200,{'trace_kind': 'trace'},0.0032
isolation,1,report_locality_heavy,SecondChance,GlobalAllocation,6,7,3400,{'trace_kind': 'trace'},0.0034
isolation,0,report_locality_heavy,SecondChance,GlobalAllocation,6,8,3200,{'trace_kind': 'trace'},0.0032
isolation,1,report_locality_heavy,SecondChance,GlobalAllocation,6,8,3200,{'trace_kind': 'trace'},0.0032
isolation,0,report_locality_heavy,SecondChance,GlobalAllocation,6,9,3000,{'trace_kind': 'trace'},0.003
isolation,1,report_locality_heavy,SecondChance,GlobalAllocation,6,9,3100,{'trace_kind': 'trace'},0.0031
isolation,0,report_locality_heavy,SecondChance,LocalAllocation,6,0,3400,{'trace_kind': 'trace'},0.0034
isolation,1,report_locality_heavy,SecondChance,LocalAllocation,6,0,3100,{'trace_kind': 'trace'},0.0031
isolation,0,report_locality_heavy,SecondChance,LocalAllocation,6,1,3100,{'trace_kind': 'trace'},0.0031
isolation,1,report_locality_heavy,SecondChance,LocalAllocation,6,1,3000,{'trace_kind': 'trace'},0.003
isolation,0,report_locality_heavy,SecondChance,LocalAllocation,6,2,3100,{'trace_kind': 'trace'},0.0031
isolation,1,report_locality_heavy,SecondChance,LocalAllocation,6,2,2900,{'trace_kind': 'trace'},0.0029
isolation,0,report_locality_heavy,SecondChance,LocalAllocation,6,3,3000,{'trace_kind': 'trace'},0.003
isolation,1,report_locality_heavy,SecondChance,LocalAllocation,6,3,3000,{'trace_kind': 'trace'},0.003
isolation,0,report_locality_heavy,SecondChance,LocalAllocation,6,4,3000,{'trace_kind': 'trace'},0.003
isolation,1,report_locality_heavy,SecondChance,LocalAllocation,6,4,2900,{'trace_kind': 'trace'},0.0029
isolation,0,report_locality_heavy,SecondChance,LocalAllocation,6,5,3000,{'trace_kind': 'trace'},0.003
isolation,1,report_locality_heavy,SecondChance,LocalAllocation,6,5,3100,{'trace_kind': 'trace'},0.0031
isolation,0,report_locality_heavy,SecondChance,LocalAllocation,6,6,3000,{'trace_kind': 'trace'},0.003
isolation,1,report_locality_heavy,SecondChance,LocalAllocation,6,6,3100,{'trace_kind': 'trace'},0.0031
isolation,0,report_locality_heavy,SecondChance,LocalAllocation,6,7,2900,{'trace_kind': 'trace'},0.0029
isolation,1,report_locality_heavy,SecondChance,LocalAllocation,6,7,2900,{'trace_kind': 'trace'},0.0029
isolation,0,report_locality_heavy,SecondChance,LocalAllocation,6,8,2900,{'trace_kind': 'trace'},0.0029
isolation,1,report_locality_heavy,SecondChance,LocalAllocation,6,8,3000,{'trace_kind': 'trace'},0.003
isolation,0,report_locality_heavy,SecondChance,LocalAllocation,6,9,4200,{'trace_kind': 'trace'},0.0042
isolation,1,report_locality_heavy,SecondChance,LocalAllocation,6,9,3400,{'trace_kind': 'trace'},0.0034
isolation,0,report_locality_heavy,SecondChance,ProportionalAllocation,6,0,3100,{'trace_kind': 'trace'},0.0031
isolation,1,report_locality_heavy,SecondChance,ProportionalAllocation,6,0,3100,{'trace_kind': 'trace'},0.0031
isolation,0,report_locality_heavy,SecondChance,ProportionalAllocation,6,1,3100,{'trace_kind': 'trace'},0.0031
isolation,1,report_locality_heavy,SecondChance,ProportionalAllocation,6,1,3000,{'trace_kind': 'trace'},0.003
isolation,0,report_locality_heavy,SecondChance,ProportionalAllocation,6,2,3200,{'trace_kind': 'trace'},0.0032
isolation,1,report_locality_heavy,SecondChance,ProportionalAllocation,6,2,3000,{'trace_kind': 'trace'},0.003
isolation,0,report_locality_heavy,SecondChance,ProportionalAllocation,6,3,3000,{'trace_kind': 'trace'},0.003
isolation,1,report_locality_heavy,SecondChance,ProportionalAllocation,6,3,2900,{'trace_kind': 'trace'},0.0029
isolation,0,report_locality_heavy,SecondChance,ProportionalAllocation,6,4,3100,{'trace_kind': 'trace'},0.0031
isolation,1,report_locality_heavy,SecondChance,ProportionalAllocation,6,4,3000,{'trace_kind': 'trace'},0.003
isolation,0,report_locality_heavy,SecondChance,ProportionalAllocation,6,5,2900,{'trace_kind': 'trace'},0.0029
isolation,1,report_locality_heavy,SecondChance,ProportionalAllocation,6,5,2900,{'trace_kind': 'trace'},0.0029
isolation,0,report_locality_heavy,SecondChance,ProportionalAllocation,6,6,3000,{'trace_kind': 'trace'},0.003
isolation,1,report_locality_heavy,SecondChance,ProportionalAllocation,6,6,2900,{'trace_kind': 'trace'},0.0029
isolation,0,report_locality_heavy,SecondChance,ProportionalAllocation,6,7,3000,{'trace_kind': 'trace'},0.003
isolation,1,report_locality_heavy,SecondChance,ProportionalAllocation,6,7,3000,{'trace_kind': 'trace'},0.003
isolation,0,report_locality_heavy,SecondChance,ProportionalAllocation,6,8,3000,{'trace_kind': 'trace'},0.003
isolation,1,report_locality_heavy,SecondChance,ProportionalAllocation,6,8,3000,{'trace_kind': 'trace'},0.003
isolation,0,report_locality_heavy,SecondChance,ProportionalAllocation,6,9,2900,{'trace_kind': 'trace'},0.0029
isolation,1,report_locality_heavy,SecondChance,ProportionalAllocation,6,9,2900,{'trace_kind': 'trace'},0.0029
isolation,0,report_locality_heavy,WSClock,GlobalAllocation,6,0,4000,{'trace_kind': 'trace'},0.004
isolation,1,report_locality_heavy,WSClock,GlobalAllocation,6,0,3700,{'trace_kind': 'trace'},0.0037
isolation,0,report_locality_heavy,WSClock,GlobalAllocation,6,1,3800,{'trace_kind': 'trace'},0.0038
isolation,1,report_locality_heavy,WSClock,GlobalAllocation,6,1,3600,{'trace_kind': 'trace'},0.0036
isolation,0,report_locality_heavy,WSClock,GlobalAllocation,6,2,3700,{'trace_kind': 'trace'},0.0037
isolation,1,report_locality_heavy,WSClock,GlobalAllocation,6,2,3500,{'trace_kind': 'trace'},0.0035
isolation,0,report_locality_heavy,WSClock,GlobalAllocation,6,3,3400,{'trace_kind': 'trace'},0.0034
isolation,1,report_locality_heavy,WSClock,GlobalAllocation,6,3,3300,{'trace_kind': 'trace'},0.0033
isolation,0,report_locality_heavy,WSClock,GlobalAllocation,6,4,3200,{'trace_kind': 'trace'},0.0032
isolation,1,report_locality_heavy,WSClock,GlobalAllocation,6,4,3200,{'trace_kind': 'trace'},0.0032
isolation,0,report_locality_heavy,WSClock,GlobalAllocation,6,5,3200,{'trace_kind': 'trace'},0.0032
isolation,1,report_locality_heavy,WSClock,GlobalAllocation,6,5,3300,{'trace_kind': 'trace'},0.0033
isolation,0,report_locality_heavy,WSClock,GlobalAllocation,6,6,3300,{'trace_kind': 'trace'},0.0033
isolation,1,report_locality_heavy,WSClock,GlobalAllocation,6,6,3300,{'trace_kind': 'trace'},0.0033
isolation,0,report_locality_heavy,WSClock,GlobalAllocation,6,7,3200,{'trace_kind': 'trace'},0.0032
isolation,1,report_locality_heavy,WSClock,GlobalAllocation,6,7,3300,{'trace_kind': 'trace'},0.0033
isolation,0,report_locality_heavy,WSClock,GlobalAllocation,6,8,3300,{'trace_kind': 'trace'},0.0033
isolation,1,report_locality_heavy,WSClock,GlobalAllocation,6,8,3300,{'trace_kind': 'trace'},0.0033
isolation,0,report_locality_heavy,WSClock,GlobalAllocation,6,9,3100,{'trace_kind': 'trace'},0.0031
isolation,1,report_locality_heavy,WSClock,GlobalAllocation,6,9,2900,{'trace_kind': 'trace'},0.0029
isolation,0,report_locality_heavy,WSClock,LocalAllocation,6,0,3300,{'trace_kind': 'trace'},0.0033
isolation,1,report_locality_heavy,WSClock,LocalAllocation,6,0,3200,{'trace_kind': 'trace'},0.0032
isolation,0,report_locality_heavy,WSClock,LocalAllocation,6,1,3100,{'trace_kind': 'trace'},0.0031
isolation,1,report_locality_heavy,WSClock,LocalAllocation,6,1,3100,{'trace_kind': 'trace'},0.0031
isolation,0,report_locality_heavy,WSClock,LocalAllocation,6,2,3200,{'trace_kind': 'trace'},0.0032
isolation,1,report_locality_heavy,WSClock,LocalAllocation,6,2,3000,{'trace_kind': 'trace'},0.003
isolation,0,report_locality_heavy,WSClock,LocalAllocation,6,3,3000,{'trace_kind': 'trace'},0.003
isolation,1,report_locality_heavy,WSClock,LocalAllocation,6,3,3100,{'trace_kind': 'trace'},0.0031
isolation,0,report_locality_heavy,WSClock,LocalAllocation,6,4,3000,{'trace_kind': 'trace'},0.003
isolation,1,report_locality_heavy,WSClock,LocalAllocation,6,4,3100,{'trace_kind': 'trace'},0.0031
isolation,0,report_locality_heavy,WSClock,LocalAllocation,6,5,2900,{'trace_kind': 'trace'},0.0029
isolation,1,report_locality_heavy,WSClock,LocalAllocation,6,5,3100,{'trace_kind': 'trace'},0.0031
isolation,0,report_locality_heavy,WSClock,LocalAllocation,6,6,2900,{'trace_kind': 'trace'},0.0029
isolation,1,report_locality_heavy,WSClock,LocalAllocation,6,6,3000,{'trace_kind': 'trace'},0.003
isolation,0,report_locality_heavy,WSClock,LocalAllocation,6,7,3000,{'trace_kind': 'trace'},0.003
isolation,1,report_locality_heavy,WSClock,LocalAllocation,6,7,3100,{'trace_kind': 'trace'},0.0031
isolation,0,report_locality_heavy,WSClock,LocalAllocation,6,8,3100,{'trace_kind': 'trace'},0.0031
isolation,1,report_locality_heavy,WSClock,LocalAllocation,6,8,3000,{'trace_kind': 'trace'},0.003
isolation,0,report_locality_heavy,WSClock,LocalAllocation,6,9,3000,{'trace_kind': 'trace'},0.003
isolation,1,report_locality_heavy,WSClock,LocalAllocation,6,9,2900,{'trace_kind': 'trace'},0.0029
isolation,0,report_locality_heavy,WSClock,ProportionalAllocation,6,0,3800,{'trace_kind': 'trace'},0.0038
isolation,1,report_locality_heavy,WSClock,ProportionalAllocation,6,0,3000,{'trace_kind': 'trace'},0.003
isolation,0,report_locality_heavy,WSClock,ProportionalAllocation,6,1,3000,{'trace_kind': 'trace'},0.003
isolation,1,report_locality_heavy,WSClock,ProportionalAllocation,6,1,3100,{'trace_kind': 'trace'},0.0031
isolation,0,report_locality_heavy,WSClock,ProportionalAllocation,6,2,3000,{'trace_kind': 'trace'},0.003
isolation,1,report_locality_heavy,WSClock,ProportionalAllocation,6,2,2900,{'trace_kind': 'trace'},0.0029
isolation,0,report_locality_heavy,WSClock,ProportionalAllocation,6,3,3000,{'trace_kind': 'trace'},0.003
isolation,1,report_locality_heavy,WSClock,ProportionalAllocation,6,3,2900,{'trace_kind': 'trace'},0.0029
isolation,0,report_locality_heavy,WSClock,ProportionalAllocation,6,4,2900,{'trace_kind': 'trace'},0.0029
isolation,1,report_locality_heavy,WSClock,ProportionalAllocation,6,4,3000,{'trace_kind': 'trace'},0.003
isolation,0,report_locality_heavy,WSClock,ProportionalAllocation,6,5,3100,{'trace_kind': 'trace'},0.0031
isolation,1,report_locality_heavy,WSClock,ProportionalAllocation,6,5,2900,{'trace_kind': 'trace'},0.0029
isolation,0,report_locality_heavy,WSClock,ProportionalAllocation,6,6,3000,{'trace_kind': 'trace'},0.003
isolation,1,report_locality_heavy,WSClock,ProportionalAllocation,6,6,2900,{'trace_kind': 'trace'},0.0029
isolation,0,report_locality_heavy,WSClock,ProportionalAllocation,6,7,3100,{'trace_kind': 'trace'},0.0031
isolation,1,report_locality_heavy,WSClock,ProportionalAllocation,6,7,3000,{'trace_kind': 'trace'},0.003
isolation,0,report_locality_heavy,WSClock,ProportionalAllocation,6,8,3100,{'trace_kind': 'trace'},0.0031
isolation,1,report_locality_heavy,WSClock,ProportionalAllocation,6,8,2900,{'trace_kind': 'trace'},0.0029
isolation,0,report_locality_heavy,WSClock,ProportionalAllocation,6,9,3000,{'trace_kind': 'trace'},0.003
isolation,1,report_locality_heavy,WSClock,ProportionalAllocation,6,9,2900,{'trace_kind': 'trace'},0.0029
isolation,0,report_mixed_heterogeneous,FIFO,GlobalAllocation,9,0,3900,{'trace_kind': 'trace'},0.0039
isolation,1,report_mixed_heterogeneous,FIFO,GlobalAllocation,9,0,5100,{'trace_kind': 'trace'},0.0051
isolation,2,report_mixed_heterogeneous,FIFO,GlobalAllocation,9,0,3700,{'trace_kind': 'trace'},0.0037
isolation,0,report_mixed_heterogeneous,FIFO,GlobalAllocation,9,1,3200,{'trace_kind': 'trace'},0.0032
isolation,1,report_mixed_heterogeneous,FIFO,GlobalAllocation,9,1,4200,{'trace_kind': 'trace'},0.0042
isolation,2,report_mixed_heterogeneous,FIFO,GlobalAllocation,9,1,3200,{'trace_kind': 'trace'},0.0032
isolation,0,report_mixed_heterogeneous,FIFO,GlobalAllocation,9,2,2900,{'trace_kind': 'trace'},0.0029
isolation,1,report_mixed_heterogeneous,FIFO,GlobalAllocation,9,2,4300,{'trace_kind': 'trace'},0.0043
isolation,2,report_mixed_heterogeneous,FIFO,GlobalAllocation,9,2,3100,{'trace_kind': 'trace'},0.0031
isolation,0,report_mixed_heterogeneous,FIFO,GlobalAllocation,9,3,2900,{'trace_kind': 'trace'},0.0029
isolation,1,report_mixed_heterogeneous,FIFO,GlobalAllocation,9,3,4100,{'trace_kind': 'trace'},0.0041
isolation,2,report_mixed_heterogeneous,FIFO,GlobalAllocation,9,3,3100,{'trace_kind': 'trace'},0.0031
isolation,0,report_mixed_heterogeneous,FIFO,GlobalAllocation,9,4,3100,{'trace_kind': 'trace'},0.0031
isolation,1,report_mixed_heterogeneous,FIFO,GlobalAllocation,9,4,4100,{'trace_kind': 'trace'},0.0041
isolation,2,report_mixed_heterogeneous,FIFO,GlobalAllocation,9,4,3100,{'trace_kind': 'trace'},0.0031
isolation,0,report_mixed_heterogeneous,FIFO,GlobalAllocation,9,5,3000,{'trace_kind': 'trace'},0.003
isolation,1,report_mixed_heterogeneous,FIFO,GlobalAllocation,9,5,4100,{'trace_kind': 'trace'},0.0041
isolation,2,report_mixed_heterogeneous,FIFO,GlobalAllocation,9,5,3000,{'trace_kind': 'trace'},0.003
isolation,0,report_mixed_heterogeneous,FIFO,GlobalAllocation,9,6,3000,{'trace_kind': 'trace'},0.003
isolation,1,report_mixed_heterogeneous,FIFO,GlobalAllocation,9,6,4000,{'trace_kind': 'trace'},0.004
isolation,2,report_mixed_heterogeneous,FIFO,GlobalAllocation,9,6,2800,{'trace_kind': 'trace'},0.0028
isolation,0,report_mixed_heterogeneous,FIFO,GlobalAllocation,9,7,2700,{'trace_kind': 'trace'},0.0027
isolation,1,report_mixed_heterogeneous,FIFO,GlobalAllocation,9,7,3800,{'trace_kind': 'trace'},0.0038
isolation,2,report_mixed_heterogeneous,FIFO,GlobalAllocation,9,7,2900,{'trace_kind': 'trace'},0.0029
isolation,0,report_mixed_heterogeneous,FIFO,GlobalAllocation,9,8,2600,{'trace_kind': 'trace'},0.0026
isolation,1,report_mixed_heterogeneous,FIFO,GlobalAllocation,9,8,4300,{'trace_kind': 'trace'},0.0043
isolation,2,report_mixed_heterogeneous,FIFO,GlobalAllocation,9,8,2800,{'trace_kind': 'trace'},0.0028
isolation,0,report_mixed_heterogeneous,FIFO,GlobalAllocation,9,9,2800,{'trace_kind': 'trace'},0.0028
isolation,1,report_mixed_heterogeneous,FIFO,GlobalAllocation,9,9,3800,{'trace_kind': 'trace'},0.0038
isolation,2,report_mixed_heterogeneous,FIFO,GlobalAllocation,9,9,3000,{'trace_kind': 'trace'},0.003
isolation,0,report_mixed_heterogeneous,FIFO,LocalAllocation,9,0,2900,{'trace_kind': 'trace'},0.0029
isolation,1,report_mixed_heterogeneous,FIFO,LocalAllocation,9,0,4100,{'trace_kind': 'trace'},0.0041
isolation,2,report_mixed_heterogeneous,FIFO,LocalAllocation,9,0,2900,{'trace_kind': 'trace'},0.0029
isolation,0,report_mixed_heterogeneous,FIFO,LocalAllocation,9,1,2800,{'trace_kind': 'trace'},0.0028
isolation,1,report_mixed_heterogeneous,FIFO,LocalAllocation,9,1,3800,{'trace_kind': 'trace'},0.0038
isolation,2,report_mixed_heterogeneous,FIFO,LocalAllocation,9,1,4500,{'trace_kind': 'trace'},0.0045
isolation,0,report_mixed_heterogeneous,FIFO,LocalAllocation,9,2,2500,{'trace_kind': 'trace'},0.0025
isolation,1,report_mixed_heterogeneous,FIFO,LocalAllocation,9,2,3700,{'trace_kind': 'trace'},0.0037
isolation,2,report_mixed_heterogeneous,FIFO,LocalAllocation,9,2,2900,{'trace_kind': 'trace'},0.0029
isolation,0,report_mixed_heterogeneous,FIFO,LocalAllocation,9,3,2800,{'trace_kind': 'trace'},0.0028
isolation,1,report_mixed_heterogeneous,FIFO,LocalAllocation,9,3,4400,{'trace_kind': 'trace'},0.0044
isolation,2,report_mixed_heterogeneous,FIFO,LocalAllocation,9,3,2800,{'trace_kind': 'trace'},0.0028
isolation,0,report_mixed_heterogeneous,FIFO,LocalAllocation,9,4,2600,{'trace_kind': 'trace'},0.0026
isolation,1,report_mixed_heterogeneous,FIFO,LocalAllocation,9,4,3800,{'trace_kind': 'trace'},0.0038
isolation,2,report_mixed_heterogeneous,FIFO,LocalAllocation,9,4,2900,{'trace_kind': 'trace'},0.0029
isolation,0,report_mixed_heterogeneous,FIFO,LocalAllocation,9,5,2700,{'trace_kind': 'trace'},0.0027
isolation,1,report_mixed_heterogeneous,FIFO,LocalAllocation,9,5,3600,{'trace_kind': 'trace'},0.0036
isolation,2,report_mixed_heterogeneous,FIFO,LocalAllocation,9,5,3000,{'trace_kind': 'trace'},0.003
isolation,0,report_mixed_heterogeneous,FIFO,LocalAllocation,9,6,2500,{'trace_kind': 'trace'},0.0025
isolation,1,report_mixed_heterogeneous,FIFO,LocalAllocation,9,6,3800,{'trace_kind': 'trace'},0.0038
isolation,2,report_mixed_heterogeneous,FIFO,LocalAllocation,9,6,2700,{'trace_kind': 'trace'},0.0027
isolation,0,report_mixed_heterogeneous,FIFO,LocalAllocation,9,7,2600,{'trace_kind': 'trace'},0.0026
isolation,1,report_mixed_heterogeneous,FIFO,LocalAllocation,9,7,3800,{'trace_kind': 'trace'},0.0038
isolation,2,report_mixed_heterogeneous,FIFO,LocalAllocation,9,7,3000,{'trace_kind': 'trace'},0.003
isolation,0,report_mixed_heterogeneous,FIFO,LocalAllocation,9,8,3700,{'trace_kind': 'trace'},0.0037
isolation,1,report_mixed_heterogeneous,FIFO,LocalAllocation,9,8,3700,{'trace_kind': 'trace'},0.0037
isolation,2,report_mixed_heterogeneous,FIFO,LocalAllocation,9,8,2900,{'trace_kind': 'trace'},0.0029
isolation,0,report_mixed_heterogeneous,FIFO,LocalAllocation,9,9,2600,{'trace_kind': 'trace'},0.0026
isolation,1,report_mixed_heterogeneous,FIFO,LocalAllocation,9,9,3900,{'trace_kind': 'trace'},0.0039
isolation,2,report_mixed_heterogeneous,FIFO,LocalAllocation,9,9,3200,{'trace_kind': 'trace'},0.0032
isolation,0,report_mixed_heterogeneous,FIFO,ProportionalAllocation,9,0,2700,{'trace_kind': 'trace'},0.0027
isolation,1,report_mixed_heterogeneous,FIFO,ProportionalAllocation,9,0,3800,{'trace_kind': 'trace'},0.0038
isolation,2,report_mixed_heterogeneous,FIFO,ProportionalAllocation,9,0,3100,{'trace_kind': 'trace'},0.0031
isolation,0,report_mixed_heterogeneous,FIFO,ProportionalAllocation,9,1,2700,{'trace_kind': 'trace'},0.0027
isolation,1,report_mixed_heterogeneous,FIFO,ProportionalAllocation,9,1,3800,{'trace_kind': 'trace'},0.0038
isolation,2,report_mixed_heterogeneous,FIFO,ProportionalAllocation,9,1,2800,{'trace_kind': 'trace'},0.0028
isolation,0,report_mixed_heterogeneous,FIFO,ProportionalAllocation,9,2,2800,{'trace_kind': 'trace'},0.0028
isolation,1,report_mixed_heterogeneous,FIFO,ProportionalAllocation,9,2,3600,{'trace_kind': 'trace'},0.0036
isolation,2,report_mixed_heterogeneous,FIFO,ProportionalAllocation,9,2,2900,{'trace_kind': 'trace'},0.0029
isolation,0,report_mixed_heterogeneous,FIFO,ProportionalAllocation,9,3,2700,{'trace_kind': 'trace'},0.0027
isolation,1,report_mixed_heterogeneous,FIFO,ProportionalAllocation,9,3,3800,{'trace_kind': 'trace'},0.0038
isolation,2,report_mixed_heterogeneous,FIFO,ProportionalAllocation,9,3,2800,{'trace_kind': 'trace'},0.0028
isolation,0,report_mixed_heterogeneous,FIFO,ProportionalAllocation,9,4,2600,{'trace_kind': 'trace'},0.0026
isolation,1,report_mixed_heterogeneous,FIFO,ProportionalAllocation,9,4,3900,{'trace_kind': 'trace'},0.0039
isolation,2,report_mixed_heterogeneous,FIFO,ProportionalAllocation,9,4,2800,{'trace_kind': 'trace'},0.0028
isolation,0,report_mixed_heterogeneous,FIFO,ProportionalAllocation,9,5,2600,{'trace_kind': 'trace'},0.0026
isolation,1,report_mixed_heterogeneous,FIFO,ProportionalAllocation,9,5,3800,{'trace_kind': 'trace'},0.0038
isolation,2,report_mixed_heterogeneous,FIFO,ProportionalAllocation,9,5,2800,{'trace_kind': 'trace'},0.0028
isolation,0,report_mixed_heterogeneous,FIFO,ProportionalAllocation,9,6,2600,{'trace_kind': 'trace'},0.0026
isolation,1,report_mixed_heterogeneous,FIFO,ProportionalAllocation,9,6,3900,{'trace_kind': 'trace'},0.0039
isolation,2,report_mixed_heterogeneous,FIFO,ProportionalAllocation,9,6,3100,{'trace_kind': 'trace'},0.0031
isolation,0,report_mixed_heterogeneous,FIFO,ProportionalAllocation,9,7,2600,{'trace_kind': 'trace'},0.0026
isolation,1,report_mixed_heterogeneous,FIFO,ProportionalAllocation,9,7,3800,{'trace_kind': 'trace'},0.0038
isolation,2,report_mixed_heterogeneous,FIFO,ProportionalAllocation,9,7,3000,{'trace_kind': 'trace'},0.003
isolation,0,report_mixed_heterogeneous,FIFO,ProportionalAllocation,9,8,2600,{'trace_kind': 'trace'},0.0026
isolation,1,report_mixed_heterogeneous,FIFO,ProportionalAllocation,9,8,3800,{'trace_kind': 'trace'},0.0038
isolation,2,report_mixed_heterogeneous,FIFO,ProportionalAllocation,9,8,2900,{'trace_kind': 'trace'},0.0029
isolation,0,report_mixed_heterogeneous,FIFO,ProportionalAllocation,9,9,2600,{'trace_kind': 'trace'},0.0026
isolation,1,report_mixed_heterogeneous,FIFO,ProportionalAllocation,9,9,3700,{'trace_kind': 'trace'},0.0037
isolation,2,report_mixed_heterogeneous,FIFO,ProportionalAllocation,9,9,2700,{'trace_kind': 'trace'},0.0027
isolation,0,report_mixed_heterogeneous,LRU,GlobalAllocation,9,0,4000,{'trace_kind': 'trace'},0.004
isolation,1,report_mixed_heterogeneous,LRU,GlobalAllocation,9,0,5400,{'trace_kind': 'trace'},0.0054
isolation,2,report_mixed_heterogeneous,LRU,GlobalAllocation,9,0,3900,{'trace_kind': 'trace'},0.0039
isolation,0,report_mixed_heterogeneous,LRU,GlobalAllocation,9,1,3400,{'trace_kind': 'trace'},0.0034
isolation,1,report_mixed_heterogeneous,LRU,GlobalAllocation,9,1,4400,{'trace_kind': 'trace'},0.0044
isolation,2,report_mixed_heterogeneous,LRU,GlobalAllocation,9,1,3300,{'trace_kind': 'trace'},0.0033
isolation,0,report_mixed_heterogeneous,LRU,GlobalAllocation,9,2,3100,{'trace_kind': 'trace'},0.0031
isolation,1,report_mixed_heterogeneous,LRU,GlobalAllocation,9,2,4100,{'trace_kind': 'trace'},0.0041
isolation,2,report_mixed_heterogeneous,LRU,GlobalAllocation,9,2,3500,{'trace_kind': 'trace'},0.0035
isolation,0,report_mixed_heterogeneous,LRU,GlobalAllocation,9,3,3200,{'trace_kind': 'trace'},0.0032
isolation,1,report_mixed_heterogeneous,LRU,GlobalAllocation,9,3,4200,{'trace_kind': 'trace'},0.0042
isolation,2,report_mixed_heterogeneous,LRU,GlobalAllocation,9,3,3300,{'trace_kind': 'trace'},0.0033
isolation,0,report_mixed_heterogeneous,LRU,GlobalAllocation,9,4,3200,{'trace_kind': 'trace'},0.0032
isolation,1,report_mixed_heterogeneous,LRU,GlobalAllocation,9,4,4400,{'trace_kind': 'trace'},0.0044
isolation,2,report_mixed_heterogeneous,LRU,GlobalAllocation,9,4,3200,{'trace_kind': 'trace'},0.0032
isolation,0,report_mixed_heterogeneous,LRU,GlobalAllocation,9,5,3200,{'trace_kind': 'trace'},0.0032
isolation,1,report_mixed_heterogeneous,LRU,GlobalAllocation,9,5,4100,{'trace_kind': 'trace'},0.0041
isolation,2,report_mixed_heterogeneous,LRU,GlobalAllocation,9,5,3300,{'trace_kind': 'trace'},0.0033
isolation,0,report_mixed_heterogeneous,LRU,GlobalAllocation,9,6,3100,{'trace_kind': 'trace'},0.0031
isolation,1,report_mixed_heterogeneous,LRU,GlobalAllocation,9,6,4200,{'trace_kind': 'trace'},0.0042
isolation,2,report_mixed_heterogeneous,LRU,GlobalAllocation,9,6,3200,{'trace_kind': 'trace'},0.0032
isolation,0,report_mixed_heterogeneous,LRU,GlobalAllocation,9,7,3000,{'trace_kind': 'trace'},0.003
isolation,1,report_mixed_heterogeneous,LRU,GlobalAllocation,9,7,4200,{'trace_kind': 'trace'},0.0042
isolation,2,report_mixed_heterogeneous,LRU,GlobalAllocation,9,7,3200,{'trace_kind': 'trace'},0.0032
isolation,0,report_mixed_heterogeneous,LRU,GlobalAllocation,9,8,3100,{'trace_kind': 'trace'},0.0031
isolation,1,report_mixed_heterogeneous,LRU,GlobalAllocation,9,8,4000,{'trace_kind': 'trace'},0.004
isolation,2,report_mixed_heterogeneous,LRU,GlobalAllocation,9,8,3200,{'trace_kind': 'trace'},0.0032
isolation,0,report_mixed_heterogeneous,LRU,GlobalAllocation,9,9,3200,{'trace_kind': 'trace'},0.0032
isolation,1,report_mixed_heterogeneous,LRU,GlobalAllocation,9,9,4000,{'trace_kind': 'trace'},0.004
isolation,2,report_mixed_heterogeneous,LRU,GlobalAllocation,9,9,3400,{'trace_kind': 'trace'},0.0034
isolation,0,report_mixed_heterogeneous,LRU,LocalAllocation,9,0,3200,{'trace_kind': 'trace'},0.0032
isolation,1,report_mixed_heterogeneous,LRU,LocalAllocation,9,0,4500,{'trace_kind': 'trace'},0.0045
isolation,2,report_mixed_heterogeneous,LRU,LocalAllocation,9,0,3200,{'trace_kind': 'trace'},0.0032
isolation,0,report_mixed_heterogeneous,LRU,LocalAllocation,9,1,3000,{'trace_kind': 'trace'},0.003
isolation,1,report_mixed_heterogeneous,LRU,LocalAllocation,9,1,4300,{'trace_kind': 'trace'},0.0043
isolation,2,report_mixed_heterogeneous,LRU,LocalAllocation,9,1,3200,{'trace_kind': 'trace'},0.0032
isolation,0,report_mixed_heterogeneous,LRU,LocalAllocation,9,2,3000,{'trace_kind': 'trace'},0.003
isolation,1,report_mixed_heterogeneous,LRU,LocalAllocation,9,2,3900,{'trace_kind': 'trace'},0.0039
isolation,2,report_mixed_heterogeneous,LRU,LocalAllocation,9,2,3200,{'trace_kind': 'trace'},0.0032
isolation,0,report_mixed_heterogeneous,LRU,LocalAllocation,9,3,3000,{'trace_kind': 'trace'},0.003
isolation,1,report_mixed_heterogeneous,LRU,LocalAllocation,9,3,3700,{'trace_kind': 'trace'},0.0037
isolation,2,report_mixed_heterogeneous,LRU,LocalAllocation,9,3,3100,{'trace_kind': 'trace'},0.0031
isolation,0,report_mixed_heterogeneous,LRU,LocalAllocation,9,4,2900,{'trace_kind': 'trace'},0.0029
isolation,1,report_mixed_heterogeneous,LRU,LocalAllocation,9,4,4000,{'trace_kind': 'trace'},0.004
isolation,2,report_mixed_heterogeneous,LRU,LocalAllocation,9,4,3100,{'trace_kind': 'trace'},0.0031
isolation,0,report_mixed_heterogeneous,LRU,LocalAllocation,9,5,3000,{'trace_kind': 'trace'},0.003
isolation,1,report_mixed_heterogeneous,LRU,LocalAllocation,9,5,3800,{'trace_kind': 'trace'},0.0038
isolation,2,report_mixed_heterogeneous,LRU,LocalAllocation,9,5,3100,{'trace_kind': 'trace'},0.0031
isolation,0,report_mixed_heterogeneous,LRU,LocalAllocation,9,6,2900,{'trace_kind': 'trace'},0.0029
isolation,1,report_mixed_heterogeneous,LRU,LocalAllocation,9,6,3900,{'trace_kind': 'trace'},0.0039
isolation,2,report_mixed_heterogeneous,LRU,LocalAllocation,9,6,3100,{'trace_kind': 'trace'},0.0031
isolation,0,report_mixed_heterogeneous,LRU,LocalAllocation,9,7,2900,{'trace_kind': 'trace'},0.0029
isolation,1,report_mixed_heterogeneous,LRU,LocalAllocation,9,7,3700,{'trace_kind': 'trace'},0.0037
isolation,2,report_mixed_heterogeneous,LRU,LocalAllocation,9,7,3200,{'trace_kind': 'trace'},0.0032
isolation,0,report_mixed_heterogeneous,LRU,LocalAllocation,9,8,2900,{'trace_kind': 'trace'},0.0029
isolation,1,report_mixed_heterogeneous,LRU,LocalAllocation,9,8,3800,{'trace_kind': 'trace'},0.0038
isolation,2,report_mixed_heterogeneous,LRU,LocalAllocation,9,8,3100,{'trace_kind': 'trace'},0.0031
isolation,0,report_mixed_heterogeneous,LRU,LocalAllocation,9,9,3000,{'trace_kind': 'trace'},0.003
isolation,1,report_mixed_heterogeneous,LRU,LocalAllocation,9,9,3900,{'trace_kind': 'trace'},0.0039
isolation,2,report_mixed_heterogeneous,LRU,LocalAllocation,9,9,3100,{'trace_kind': 'trace'},0.0031
isolation,0,report_mixed_heterogeneous,LRU,ProportionalAllocation,9,0,3000,{'trace_kind': 'trace'},0.003
isolation,1,report_mixed_heterogeneous,LRU,ProportionalAllocation,9,0,4000,{'trace_kind': 'trace'},0.004
isolation,2,report_mixed_heterogeneous,LRU,ProportionalAllocation,9,0,3000,{'trace_kind': 'trace'},0.003
isolation,0,report_mixed_heterogeneous,LRU,ProportionalAllocation,9,1,2900,{'trace_kind': 'trace'},0.0029
isolation,1,report_mixed_heterogeneous,LRU,ProportionalAllocation,9,1,4000,{'trace_kind': 'trace'},0.004
isolation,2,report_mixed_heterogeneous,LRU,ProportionalAllocation,9,1,3200,{'trace_kind': 'trace'},0.0032
isolation,0,report_mixed_heterogeneous,LRU,ProportionalAllocation,9,2,2800,{'trace_kind': 'trace'},0.0028
isolation,1,report_mixed_heterogeneous,LRU,ProportionalAllocation,9,2,4000,{'trace_kind': 'trace'},0.004
isolation,2,report_mixed_heterogeneous,LRU,ProportionalAllocation,9,2,3100,{'trace_kind': 'trace'},0.0031
isolation,0,report_mixed_heterogeneous,LRU,ProportionalAllocation,9,3,3000,{'trace_kind': 'trace'},0.003
isolation,1,report_mixed_heterogeneous,LRU,ProportionalAllocation,9,3,3900,{'trace_kind': 'trace'},0.0039
isolation,2,report_mixed_heterogeneous,LRU,ProportionalAllocation,9,3,3100,{'trace_kind': 'trace'},0.0031
isolation,0,report_mixed_heterogeneous,LRU,ProportionalAllocation,9,4,2900,{'trace_kind': 'trace'},0.0029
isolation,1,report_mixed_heterogeneous,LRU,ProportionalAllocation,9,4,3900,{'trace_kind': 'trace'},0.0039
isolation,2,report_mixed_heterogeneous,LRU,ProportionalAllocation,9,4,3200,{'trace_kind': 'trace'},0.0032
isolation,0,report_mixed_heterogeneous,LRU,ProportionalAllocation,9,5,2800,{'trace_kind': 'trace'},0.0028
isolation,1,report_mixed_heterogeneous,LRU,ProportionalAllocation,9,5,3900,{'trace_kind': 'trace'},0.0039
isolation,2,report_mixed_heterogeneous,LRU,ProportionalAllocation,9,5,3100,{'trace_kind': 'trace'},0.0031
isolation,0,report_mixed_heterogeneous,LRU,ProportionalAllocation,9,6,3000,{'trace_kind': 'trace'},0.003
isolation,1,report_mixed_heterogeneous,LRU,ProportionalAllocation,9,6,3700,{'trace_kind': 'trace'},0.0037
isolation,2,report_mixed_heterogeneous,LRU,ProportionalAllocation,9,6,3000,{'trace_kind': 'trace'},0.003
isolation,0,report_mixed_heterogeneous,LRU,ProportionalAllocation,9,7,3000,{'trace_kind': 'trace'},0.003
isolation,1,report_mixed_heterogeneous,LRU,ProportionalAllocation,9,7,3900,{'trace_kind': 'trace'},0.0039
isolation,2,report_mixed_heterogeneous,LRU,ProportionalAllocation,9,7,3100,{'trace_kind': 'trace'},0.0031
isolation,0,report_mixed_heterogeneous,LRU,ProportionalAllocation,9,8,3300,{'trace_kind': 'trace'},0.0033
isolation,1,report_mixed_heterogeneous,LRU,ProportionalAllocation,9,8,4100,{'trace_kind': 'trace'},0.0041
isolation,2,report_mixed_heterogeneous,LRU,ProportionalAllocation,9,8,3300,{'trace_kind': 'trace'},0.0033
isolation,0,report_mixed_heterogeneous,LRU,ProportionalAllocation,9,9,2900,{'trace_kind': 'trace'},0.0029
isolation,1,report_mixed_heterogeneous,LRU,ProportionalAllocation,9,9,3800,{'trace_kind': 'trace'},0.0038
isolation,2,report_mixed_heterogeneous,LRU,ProportionalAllocation,9,9,3100,{'trace_kind': 'trace'},0.0031
isolation,0,report_mixed_heterogeneous,NRU,GlobalAllocation,9,0,3800,{'trace_kind': 'trace'},0.0038
isolation,1,report_mixed_heterogeneous,NRU,GlobalAllocation,9,0,4900,{'trace_kind': 'trace'},0.0049
isolation,2,report_mixed_heterogeneous,NRU,GlobalAllocation,9,0,3500,{'trace_kind': 'trace'},0.0035
isolation,0,report_mixed_heterogeneous,NRU,GlobalAllocation,9,1,3500,{'trace_kind': 'trace'},0.0035
isolation,1,report_mixed_heterogeneous,NRU,GlobalAllocation,9,1,3900,{'trace_kind': 'trace'},0.0039
isolation,2,report_mixed_heterogeneous,NRU,GlobalAllocation,9,1,3200,{'trace_kind': 'trace'},0.0032
isolation,0,report_mixed_heterogeneous,NRU,GlobalAllocation,9,2,3000,{'trace_kind': 'trace'},0.003
isolation,1,report_mixed_heterogeneous,NRU,GlobalAllocation,9,2,3900,{'trace_kind': 'trace'},0.0039
isolation,2,report_mixed_heterogeneous,NRU,GlobalAllocation,9,2,3200,{'trace_kind': 'trace'},0.0032
isolation,0,report_mixed_heterogeneous,NRU,GlobalAllocation,9,3,3200,{'trace_kind': 'trace'},0.0032
isolation,1,report_mixed_heterogeneous,NRU,GlobalAllocation,9,3,3900,{'trace_kind': 'trace'},0.0039
isolation,2,report_mixed_heterogeneous,NRU,GlobalAllocation,9,3,3100,{'trace_kind': 'trace'},0.0031
isolation,0,report_mixed_heterogeneous,NRU,GlobalAllocation,9,4,3000,{'trace_kind': 'trace'},0.003
isolation,1,report_mixed_heterogeneous,NRU,GlobalAllocation,9,4,3800,{'trace_kind': 'trace'},0.0038
isolation,2,report_mixed_heterogeneous,NRU,GlobalAllocation,9,4,3100,{'trace_kind': 'trace'},0.0031
isolation,0,report_mixed_heterogeneous,NRU,GlobalAllocation,9,5,3100,{'trace_kind': 'trace'},0.0031
isolation,1,report_mixed_heterogeneous,NRU,GlobalAllocation,9,5,3900,{'trace_kind': 'trace'},0.0039
isolation,2,report_mixed_heterogeneous,NRU,GlobalAllocation,9,5,3200,{'trace_kind': 'trace'},0.0032
isolation,0,report_mixed_heterogeneous,NRU,GlobalAllocation,9,6,3100,{'trace_kind': 'trace'},0.0031
isolation,1,report_mixed_heterogeneous,NRU,GlobalAllocation,9,6,3800,{'trace_kind': 'trace'},0.0038
isolation,2,report_mixed_heterogeneous,NRU,GlobalAllocation,9,6,2900,{'trace_kind': 'trace'},0.0029
isolation,0,report_mixed_heterogeneous,NRU,GlobalAllocation,9,7,2800,{'trace_kind': 'trace'},0.0028
isolation,1,report_mixed_heterogeneous,NRU,GlobalAllocation,9,7,3700,{'trace_kind': 'trace'},0.0037
isolation,2,report_mixed_heterogeneous,NRU,GlobalAllocation,9,7,2900,{'trace_kind': 'trace'},0.0029
isolation,0,report_mixed_heterogeneous,NRU,GlobalAllocation,9,8,2900,{'trace_kind': 'trace'},0.0029
isolation,1,report_mixed_heterogeneous,NRU,GlobalAllocation,9,8,3400,{'trace_kind': 'trace'},0.0034
isolation,2,report_mixed_heterogeneous,NRU,GlobalAllocation,9,8,3000,{'trace_kind': 'trace'},0.003
isolation,0,report_mixed_heterogeneous,NRU,GlobalAllocation,9,9,2900,{'trace_kind': 'trace'},0.0029
isolation,1,report_mixed_heterogeneous,NRU,GlobalAllocation,9,9,3600,{'trace_kind': 'trace'},0.0036
isolation,2,report_mixed_heterogeneous,NRU,GlobalAllocation,9,9,3000,{'trace_kind': 'trace'},0.003
isolation,0,report_mixed_heterogeneous,NRU,LocalAllocation,9,0,3000,{'trace_kind': 'trace'},0.003
isolation,1,report_mixed_heterogeneous,NRU,LocalAllocation,9,0,3800,{'trace_kind': 'trace'},0.0038
isolation,2,report_mixed_heterogeneous,NRU,LocalAllocation,9,0,2900,{'trace_kind': 'trace'},0.0029
isolation,0,report_mixed_heterogeneous,NRU,LocalAllocation,9,1,3000,{'trace_kind': 'trace'},0.003
isolation,1,report_mixed_heterogeneous,NRU,LocalAllocation,9,1,3700,{'trace_kind': 'trace'},0.0037
isolation,2,report_mixed_heterogeneous,NRU,LocalAllocation,9,1,3000,{'trace_kind': 'trace'},0.003
isolation,0,report_mixed_heterogeneous,NRU,LocalAllocation,9,2,2700,{'trace_kind': 'trace'},0.0027
isolation,1,report_mixed_heterogeneous,NRU,LocalAllocation,9,2,3800,{'trace_kind': 'trace'},0.0038
isolation,2,report_mixed_heterogeneous,NRU,LocalAllocation,9,2,3000,{'trace_kind': 'trace'},0.003
isolation,0,report_mixed_heterogeneous,NRU,LocalAllocation,9,3,2900,{'trace_kind': 'trace'},0.0029
isolation,1,report_mixed_heterogeneous,NRU,LocalAllocation,9,3,3400,{'trace_kind': 'trace'},0.0034
isolation,2,report_mixed_heterogeneous,NRU,LocalAllocation,9,3,2900,{'trace_kind': 'trace'},0.0029
isolation,0,report_mixed_heterogeneous,NRU,LocalAllocation,9,4,2900,{'trace_kind': 'trace'},0.0029
isolation,1,report_mixed_heterogeneous,NRU,LocalAllocation,9,4,3600,{'trace_kind': 'trace'},0.0036
isolation,2,report_mixed_heterogeneous,NRU,LocalAllocation,9,4,2900,{'trace_kind': 'trace'},0.0029
isolation,0,report_mixed_heterogeneous,NRU,LocalAllocation,9,5,2900,{'trace_kind': 'trace'},0.0029
isolation,1,report_mixed_heterogeneous,NRU,LocalAllocation,9,5,3600,{'trace_kind': 'trace'},0.0036
isolation,2,report_mixed_heterogeneous,NRU,LocalAllocation,9,5,3100,{'trace_kind': 'trace'},0.0031
isolation,0,report_mixed_heterogeneous,NRU,LocalAllocation,9,6,2900,{'trace_kind': 'trace'},0.0029
isolation,1,report_mixed_heterogeneous,NRU,LocalAllocation,9,6,3600,{'trace_kind': 'trace'},0.0036
isolation,2,report_mixed_heterogeneous,NRU,LocalAllocation,9,6,2900,{'trace_kind': 'trace'},0.0029
isolation,0,report_mixed_heterogeneous,NRU,LocalAllocation,9,7,2700,{'trace_kind': 'trace'},0.0027
isolation,1,report_mixed_heterogeneous,NRU,LocalAllocation,9,7,3600,{'trace_kind': 'trace'},0.0036
isolation,2,report_mixed_heterogeneous,NRU,LocalAllocation,9,7,2800,{'trace_kind': 'trace'},0.0028
isolation,0,report_mixed_heterogeneous,NRU,LocalAllocation,9,8,2800,{'trace_kind': 'trace'},0.0028
isolation,1,report_mixed_heterogeneous,NRU,LocalAllocation,9,8,3500,{'trace_kind': 'trace'},0.0035
isolation,2,report_mixed_heterogeneous,NRU,LocalAllocation,9,8,2900,{'trace_kind': 'trace'},0.0029
isolation,0,report_mixed_heterogeneous,NRU,LocalAllocation,9,9,2700,{'trace_kind': 'trace'},0.0027
isolation,1,report_mixed_heterogeneous,NRU,LocalAllocation,9,9,3500,{'trace_kind': 'trace'},0.0035
isolation,2,report_mixed_heterogeneous,NRU,LocalAllocation,9,9,2800,{'trace_kind': 'trace'},0.0028
isolation,0,report_mixed_heterogeneous,NRU,ProportionalAllocation,9,0,2900,{'trace_kind': 'trace'},0.0029
isolation,1,report_mixed_heterogeneous,NRU,ProportionalAllocation,9,0,3600,{'trace_kind': 'trace'},0.0036
isolation,2,report_mixed_heterogeneous,NRU,ProportionalAllocation,9,0,2900,{'trace_kind': 'trace'},0.0029
isolation,0,report_mixed_heterogeneous,NRU,ProportionalAllocation,9,1,2900,{'trace_kind': 'trace'},0.0029
isolation,1,report_mixed_heterogeneous,NRU,ProportionalAllocation,9,1,3800,{'trace_kind': 'trace'},0.0038
isolation,2,report_mixed_heterogeneous,NRU,ProportionalAllocation,9,1,3000,{'trace_kind': 'trace'},0.003
isolation,0,report_mixed_heterogeneous,NRU,ProportionalAllocation,9,2,2900,{'trace_kind': 'trace'},0.0029
isolation,1,report_mixed_heterogeneous,NRU,ProportionalAllocation,9,2,3600,{'trace_kind': 'trace'},0.0036
isolation,2,report_mixed_heterogeneous,NRU,ProportionalAllocation,9,2,3000,{'trace_kind': 'trace'},0.003
isolation,0,report_mixed_heterogeneous,NRU,ProportionalAllocation,9,3,2800,{'trace_kind': 'trace'},0.0028
isolation,1,report_mixed_heterogeneous,NRU,ProportionalAllocation,9,3,3400,{'trace_kind': 'trace'},0.0034
isolation,2,report_mixed_heterogeneous,NRU,ProportionalAllocation,9,3,3000,{'trace_kind': 'trace'},0.003
isolation,0,report_mixed_heterogeneous,NRU,ProportionalAllocation,9,4,2800,{'trace_kind': 'trace'},0.0028
isolation,1,report_mixed_heterogeneous,NRU,ProportionalAllocation,9,4,3600,{'trace_kind': 'trace'},0.0036
isolation,2,report_mixed_heterogeneous,NRU,ProportionalAllocation,9,4,2900,{'trace_kind': 'trace'},0.0029
isolation,0,report_mixed_heterogeneous,NRU,ProportionalAllocation,9,5,2800,{'trace_kind': 'trace'},0.0028
isolation,1,report_mixed_heterogeneous,NRU,ProportionalAllocation,9,5,3700,{'trace_kind': 'trace'},0.0037
isolation,2,report_mixed_heterogeneous,NRU,ProportionalAllocation,9,5,3300,{'trace_kind': 'trace'},0.0033
isolation,0,report_mixed_heterogeneous,NRU,ProportionalAllocation,9,6,2800,{'trace_kind': 'trace'},0.0028
isolation,1,report_mixed_heterogeneous,NRU,ProportionalAllocation,9,6,3700,{'trace_kind': 'trace'},0.0037
isolation,2,report_mixed_heterogeneous,NRU,ProportionalAllocation,9,6,3100,{'trace_kind': 'trace'},0.0031
isolation,0,report_mixed_heterogeneous,NRU,ProportionalAllocation,9,7,3000,{'trace_kind': 'trace'},0.003
isolation,1,report_mixed_heterogeneous,NRU,ProportionalAllocation,9,7,3400,{'trace_kind': 'trace'},0.0034
isolation,2,report_mixed_heterogeneous,NRU,ProportionalAllocation,9,7,2900,{'trace_kind': 'trace'},0.0029
isolation,0,report_mixed_heterogeneous,NRU,ProportionalAllocation,9,8,2800,{'trace_kind': 'trace'},0.0028
isolation,1,report_mixed_heterogeneous,NRU,ProportionalAllocation,9,8,3600,{'trace_kind': 'trace'},0.0036
isolation,2,report_mixed_heterogeneous,NRU,ProportionalAllocation,9,8,2900,{'trace_kind': 'trace'},0.0029
isolation,0,report_mixed_heterogeneous,NRU,ProportionalAllocation,9,9,2800,{'trace_kind': 'trace'},0.0028
isolation,1,report_mixed_heterogeneous,NRU,ProportionalAllocation,9,9,4500,{'trace_kind': 'trace'},0.0045
isolation,2,report_mixed_heterogeneous,NRU,ProportionalAllocation,9,9,3000,{'trace_kind': 'trace'},0.003
isolation,0,report_mixed_heterogeneous,SecondChance,GlobalAllocation,9,0,3700,{'trace_kind': 'trace'},0.0037
isolation,1,report_mixed_heterogeneous,SecondChance,GlobalAllocation,9,0,5200,{'trace_kind': 'trace'},0.0052
isolation,2,report_mixed_heterogeneous,SecondChance,GlobalAllocation,9,0,3600,{'trace_kind': 'trace'},0.0036
isolation,0,report_mixed_heterogeneous,SecondChance,GlobalAllocation,9,1,3200,{'trace_kind': 'trace'},0.0032
isolation,1,report_mixed_heterogeneous,SecondChance,GlobalAllocation,9,1,4300,{'trace_kind': 'trace'},0.0043
isolation,2,report_mixed_heterogeneous,SecondChance,GlobalAllocation,9,1,3200,{'trace_kind': 'trace'},0.0032
isolation,0,report_mixed_heterogeneous,SecondChance,GlobalAllocation,9,2,3100,{'trace_kind': 'trace'},0.0031
isolation,1,report_mixed_heterogeneous,SecondChance,GlobalAllocation,9,2,4200,{'trace_kind': 'trace'},0.0042
isolation,2,report_mixed_heterogeneous,SecondChance,GlobalAllocation,9,2,3200,{'trace_kind': 'trace'},0.0032
isolation,0,report_mixed_heterogeneous,SecondChance,GlobalAllocation,9,3,3000,{'trace_kind': 'trace'},0.003
isolation,1,report_mixed_heterogeneous,SecondChance,GlobalAllocation,9,3,4200,{'trace_kind': 'trace'},0.0042
isolation,2,report_mixed_heterogeneous,SecondChance,GlobalAllocation,9,3,3100,{'trace_kind': 'trace'},0.0031
isolation,0,report_mixed_heterogeneous,SecondChance,GlobalAllocation,9,4,3000,{'trace_kind': 'trace'},0.003
isolation,1,report_mixed_heterogeneous,SecondChance,GlobalAllocation,9,4,4200,{'trace_kind': 'trace'},0.0042
isolation,2,report_mixed_heterogeneous,SecondChance,GlobalAllocation,9,4,3100,{'trace_kind': 'trace'},0.0031
isolation,0,report_mixed_heterogeneous,SecondChance,GlobalAllocation,9,5,3000,{'trace_kind': 'trace'},0.003
isolation,1,report_mixed_heterogeneous,SecondChance,GlobalAllocation,9,5,4000,{'trace_kind': 'trace'},0.004
isolation,2,report_mixed_heterogeneous,SecondChance,GlobalAllocation,9,5,3100,{'trace_kind': 'trace'},0.0031
isolation,0,report_mixed_heterogeneous,SecondChance,GlobalAllocation,9,6,3000,{'trace_kind': 'trace'},0.003
isolation,1,report_mixed_heterogeneous,SecondChance,GlobalAllocation,9,6,4300,{'trace_kind': 'trace'},0.0043
isolation,2,report_mixed_heterogeneous,SecondChance,GlobalAllocation,9,6,3000,{'trace_kind': 'trace'},0.003
isolation,0,report_mixed_heterogeneous,SecondChance,GlobalAllocation,9,7,2800,{'trace_kind': 'trace'},0.0028
isolation,1,report_mixed_heterogeneous,SecondChance,GlobalAllocation,9,7,4000,{'trace_kind': 'trace'},0.004
isolation,2,report_mixed_heterogeneous,SecondChance,GlobalAllocation,9,7,2900,{'trace_kind': 'trace'},0.0029
isolation,0,report_mixed_heterogeneous,SecondChance,GlobalAllocation,9,8,2900,{'trace_kind': 'trace'},0.0029
isolation,1,report_mixed_heterogeneous,SecondChance,GlobalAllocation,9,8,4200,{'trace_kind': 'trace'},0.0042
isolation,2,report_mixed_heterogeneous,SecondChance,GlobalAllocation,9,8,3000,{'trace_kind': 'trace'},0.003
isolation,0,report_mixed_heterogeneous,SecondChance,GlobalAllocation,9,9,2800,{'trace_kind': 'trace'},0.0028
isolation,1,report_mixed_heterogeneous,SecondChance,GlobalAllocation,9,9,3800,{'trace_kind': 'trace'},0.0038
isolation,2,report_mixed_heterogeneous,SecondChance,GlobalAllocation,9,9,2700,{'trace_kind': 'trace'},0.0027
isolation,0,report_mixed_heterogeneous,SecondChance,LocalAllocation,9,0,3000,{'trace_kind': 'trace'},0.003
isolation,1,report_mixed_heterogeneous,SecondChance,LocalAllocation,9,0,4200,{'trace_kind': 'trace'},0.0042
isolation,2,report_mixed_heterogeneous,SecondChance,LocalAllocation,9,0,2900,{'trace_kind': 'trace'},0.0029
isolation,0,report_mixed_heterogeneous,SecondChance,LocalAllocation,9,1,2900,{'trace_kind': 'trace'},0.0029
isolation,1,report_mixed_heterogeneous,SecondChance,LocalAllocation,9,1,3900,{'trace_kind': 'trace'},0.0039
isolation,2,report_mixed_heterogeneous,SecondChance,LocalAllocation,9,1,3100,{'trace_kind': 'trace'},0.0031
isolation,0,report_mixed_heterogeneous,SecondChance,LocalAllocation,9,2,2600,{'trace_kind': 'trace'},0.0026
isolation,1,report_mixed_heterogeneous,SecondChance,LocalAllocation,9,2,4100,{'trace_kind': 'trace'},0.0041
isolation,2,report_mixed_heterogeneous,SecondChance,LocalAllocation,9,2,2900,{'trace_kind': 'trace'},0.0029
isolation,0,report_mixed_heterogeneous,SecondChance,LocalAllocation,9,3,2800,{'trace_kind': 'trace'},0.0028
isolation,1,report_mixed_heterogeneous,SecondChance,LocalAllocation,9,3,3800,{'trace_kind': 'trace'},0.0038
isolation,2,report_mixed_heterogeneous,SecondChance,LocalAllocation,9,3,2900,{'trace_kind': 'trace'},0.0029
isolation,0,report_mixed_heterogeneous,SecondChance,LocalAllocation,9,4,2800,{'trace_kind': 'trace'},0.0028
isolation,1,report_mixed_heterogeneous,SecondChance,LocalAllocation,9,4,3700,{'trace_kind': 'trace'},0.0037
isolation,2,report_mixed_heterogeneous,SecondChance,LocalAllocation,9,4,3000,{'trace_kind': 'trace'},0.003
isolation,0,report_mixed_heterogeneous,SecondChance,LocalAllocation,9,5,2700,{'trace_kind': 'trace'},0.0027
isolation,1,report_mixed_heterogeneous,SecondChance,LocalAllocation,9,5,3800,{'trace_kind': 'trace'},0.0038
isolation,2,report_mixed_heterogeneous,SecondChance,LocalAllocation,9,5,3000,{'trace_kind': 'trace'},0.003
isolation,0,report_mixed_heterogeneous,SecondChance,LocalAllocation,9,6,2700,{'trace_kind': 'trace'},0.0027
isolation,1,report_mixed_heterogeneous,SecondChance,LocalAllocation,9,6,4000,{'trace_kind': 'trace'},0.004
isolation,2,report_mixed_heterogeneous,SecondChance,LocalAllocation,9,6,2900,{'trace_kind': 'trace'},0.0029
isolation,0,report_mixed_heterogeneous,SecondChance,LocalAllocation,9,7,2600,{'trace_kind': 'trace'},0.0026
isolation,1,report_mixed_heterogeneous,SecondChance,LocalAllocation,9,7,3800,{'trace_kind': 'trace'},0.0038
isolation,2,report_mixed_heterogeneous,SecondChance,LocalAllocation,9,7,2800,{'trace_kind': 'trace'},0.0028
isolation,0,report_mixed_heterogeneous,SecondChance,LocalAllocation,9,8,2800,{'trace_kind': 'trace'},0.0028
isolation,1,report_mixed_heterogeneous,SecondChance,LocalAllocation,9,8,3900,{'trace_kind': 'trace'},0.0039
isolation,2,report_mixed_heterogeneous,SecondChance,LocalAllocation,9,8,2900,{'trace_kind': 'trace'},0.0029
isolation,0,report_mixed_heterogeneous,SecondChance,LocalAllocation,9,9,2700,{'trace_kind': 'trace'},0.0027
isolation,1,report_mixed_heterogeneous,SecondChance,LocalAllocation,9,9,3900,{'trace_kind': 'trace'},0.0039
isolation,2,report_mixed_heterogeneous,SecondChance,LocalAllocation,9,9,2900,{'trace_kind': 'trace'},0.0029
isolation,0,report_mixed_heterogeneous,SecondChance,ProportionalAllocation,9,0,3000,{'trace_kind': 'trace'},0.003
isolation,1,report_mixed_heterogeneous,SecondChance,ProportionalAllocation,9,0,4000,{'trace_kind': 'trace'},0.004
isolation,2,report_mixed_heterogeneous,SecondChance,ProportionalAllocation,9,0,3000,{'trace_kind': 'trace'},0.003
isolation,0,report_mixed_heterogeneous,SecondChance,ProportionalAllocation,9,1,2800,{'trace_kind': 'trace'},0.0028
isolation,1,report_mixed_heterogeneous,SecondChance,ProportionalAllocation,9,1,3800,{'trace_kind': 'trace'},0.0038
isolation,2,report_mixed_heterogeneous,SecondChance,ProportionalAllocation,9,1,2800,{'trace_kind': 'trace'},0.0028
isolation,0,report_mixed_heterogeneous,SecondChance,ProportionalAllocation,9,2,2800,{'trace_kind': 'trace'},0.0028
isolation,1,report_mixed_heterogeneous,SecondChance,ProportionalAllocation,9,2,4000,{'trace_kind': 'trace'},0.004
isolation,2,report_mixed_heterogeneous,SecondChance,ProportionalAllocation,9,2,3000,{'trace_kind': 'trace'},0.003
isolation,0,report_mixed_heterogeneous,SecondChance,ProportionalAllocation,9,3,2600,{'trace_kind': 'trace'},0.0026
isolation,1,report_mixed_heterogeneous,SecondChance,ProportionalAllocation,9,3,3800,{'trace_kind': 'trace'},0.0038
isolation,2,report_mixed_heterogeneous,SecondChance,ProportionalAllocation,9,3,2900,{'trace_kind': 'trace'},0.0029
isolation,0,report_mixed_heterogeneous,SecondChance,ProportionalAllocation,9,4,2700,{'trace_kind': 'trace'},0.0027
isolation,1,report_mixed_heterogeneous,SecondChance,ProportionalAllocation,9,4,3800,{'trace_kind': 'trace'},0.0038
isolation,2,report_mixed_heterogeneous,SecondChance,ProportionalAllocation,9,4,2900,{'trace_kind': 'trace'},0.0029
isolation,0,report_mixed_heterogeneous,SecondChance,ProportionalAllocation,9,5,2800,{'trace_kind': 'trace'},0.0028
isolation,1,report_mixed_heterogeneous,SecondChance,ProportionalAllocation,9,5,3900,{'trace_kind': 'trace'},0.0039
isolation,2,report_mixed_heterogeneous,SecondChance,ProportionalAllocation,9,5,3000,{'trace_kind': 'trace'},0.003
isolation,0,report_mixed_heterogeneous,SecondChance,ProportionalAllocation,9,6,2800,{'trace_kind': 'trace'},0.0028
isolation,1,report_mixed_heterogeneous,SecondChance,ProportionalAllocation,9,6,4000,{'trace_kind': 'trace'},0.004
isolation,2,report_mixed_heterogeneous,SecondChance,ProportionalAllocation,9,6,3000,{'trace_kind': 'trace'},0.003
isolation,0,report_mixed_heterogeneous,SecondChance,ProportionalAllocation,9,7,2800,{'trace_kind': 'trace'},0.0028
isolation,1,report_mixed_heterogeneous,SecondChance,ProportionalAllocation,9,7,3800,{'trace_kind': 'trace'},0.0038
isolation,2,report_mixed_heterogeneous,SecondChance,ProportionalAllocation,9,7,3000,{'trace_kind': 'trace'},0.003
isolation,0,report_mixed_heterogeneous,SecondChance,ProportionalAllocation,9,8,2800,{'trace_kind': 'trace'},0.0028
isolation,1,report_mixed_heterogeneous,SecondChance,ProportionalAllocation,9,8,3900,{'trace_kind': 'trace'},0.0039
isolation,2,report_mixed_heterogeneous,SecondChance,ProportionalAllocation,9,8,3900,{'trace_kind': 'trace'},0.0039
isolation,0,report_mixed_heterogeneous,SecondChance,ProportionalAllocation,9,9,2700,{'trace_kind': 'trace'},0.0027
isolation,1,report_mixed_heterogeneous,SecondChance,ProportionalAllocation,9,9,3900,{'trace_kind': 'trace'},0.0039
isolation,2,report_mixed_heterogeneous,SecondChance,ProportionalAllocation,9,9,2900,{'trace_kind': 'trace'},0.0029
isolation,0,report_mixed_heterogeneous,WSClock,GlobalAllocation,9,0,3700,{'trace_kind': 'trace'},0.0037
isolation,1,report_mixed_heterogeneous,WSClock,GlobalAllocation,9,0,5200,{'trace_kind': 'trace'},0.0052
isolation,2,report_mixed_heterogeneous,WSClock,GlobalAllocation,9,0,3500,{'trace_kind': 'trace'},0.0035
isolation,0,report_mixed_heterogeneous,WSClock,GlobalAllocation,9,1,3200,{'trace_kind': 'trace'},0.0032
isolation,1,report_mixed_heterogeneous,WSClock,GlobalAllocation,9,1,4300,{'trace_kind': 'trace'},0.0043
isolation,2,report_mixed_heterogeneous,WSClock,GlobalAllocation,9,1,3200,{'trace_kind': 'trace'},0.0032
isolation,0,report_mixed_heterogeneous,WSClock,GlobalAllocation,9,2,3100,{'trace_kind': 'trace'},0.0031
isolation,1,report_mixed_heterogeneous,WSClock,GlobalAllocation,9,2,4000,{'trace_kind': 'trace'},0.004
isolation,2,report_mixed_heterogeneous,WSClock,GlobalAllocation,9,2,3300,{'trace_kind': 'trace'},0.0033
isolation,0,report_mixed_heterogeneous,WSClock,GlobalAllocation,9,3,3100,{'trace_kind': 'trace'},0.0031
isolation,1,report_mixed_heterogeneous,WSClock,GlobalAllocation,9,3,4100,{'trace_kind': 'trace'},0.0041
isolation,2,report_mixed_heterogeneous,WSClock,GlobalAllocation,9,3,3200,{'trace_kind': 'trace'},0.0032
isolation,0,report_mixed_heterogeneous,WSClock,GlobalAllocation,9,4,3000,{'trace_kind': 'trace'},0.003
isolation,1,report_mixed_heterogeneous,WSClock,GlobalAllocation,9,4,4100,{'trace_kind': 'trace'},0.0041
isolation,2,report_mixed_heterogeneous,WSClock,GlobalAllocation,9,4,3100,{'trace_kind': 'trace'},0.0031
isolation,0,report_mixed_heterogeneous,WSClock,GlobalAllocation,9,5,3200,{'trace_kind': 'trace'},0.0032
isolation,1,report_mixed_heterogeneous,WSClock,GlobalAllocation,9,5,4300,{'trace_kind': 'trace'},0.0043
isolation,2,report_mixed_heterogeneous,WSClock,GlobalAllocation,9,5,3100,{'trace_kind': 'trace'},0.0031
isolation,0,report_mixed_heterogeneous,WSClock,GlobalAllocation,9,6,3000,{'trace_kind': 'trace'},0.003
isolation,1,report_mixed_heterogeneous,WSClock,GlobalAllocation,9,6,4100,{'trace_kind': 'trace'},0.0041
isolation,2,report_mixed_heterogeneous,WSClock,GlobalAllocation,9,6,3000,{'trace_kind': 'trace'},0.003
isolation,0,report_mixed_heterogeneous,WSClock,GlobalAllocation,9,7,2700,{'trace_kind': 'trace'},0.0027
isolation,1,report_mixed_heterogeneous,WSClock,GlobalAllocation,9,7,4000,{'trace_kind': 'trace'},0.004
isolation,2,report_mixed_heterogeneous,WSClock,GlobalAllocation,9,7,2900,{'trace_kind': 'trace'},0.0029
isolation,0,report_mixed_heterogeneous,WSClock,GlobalAllocation,9,8,2900,{'trace_kind': 'trace'},0.0029
isolation,1,report_mixed_heterogeneous,WSClock,GlobalAllocation,9,8,3900,{'trace_kind': 'trace'},0.0039
isolation,2,report_mixed_heterogeneous,WSClock,GlobalAllocation,9,8,2800,{'trace_kind': 'trace'},0.0028
isolation,0,report_mixed_heterogeneous,WSClock,GlobalAllocation,9,9,2800,{'trace_kind': 'trace'},0.0028
isolation,1,report_mixed_heterogeneous,WSClock,GlobalAllocation,9,9,4000,{'trace_kind': 'trace'},0.004
isolation,2,report_mixed_heterogeneous,WSClock,GlobalAllocation,9,9,3000,{'trace_kind': 'trace'},0.003
isolation,0,report_mixed_heterogeneous,WSClock,LocalAllocation,9,0,2900,{'trace_kind': 'trace'},0.0029
isolation,1,report_mixed_heterogeneous,WSClock,LocalAllocation,9,0,4100,{'trace_kind': 'trace'},0.0041
isolation,2,report_mixed_heterogeneous,WSClock,LocalAllocation,9,0,2900,{'trace_kind': 'trace'},0.0029
isolation,0,report_mixed_heterogeneous,WSClock,LocalAllocation,9,1,2800,{'trace_kind': 'trace'},0.0028
isolation,1,report_mixed_heterogeneous,WSClock,LocalAllocation,9,1,3900,{'trace_kind': 'trace'},0.0039
isolation,2,report_mixed_heterogeneous,WSClock,LocalAllocation,9,1,2900,{'trace_kind': 'trace'},0.0029
isolation,0,report_mixed_heterogeneous,WSClock,LocalAllocation,9,2,2700,{'trace_kind': 'trace'},0.0027
isolation,1,report_mixed_heterogeneous,WSClock,LocalAllocation,9,2,4000,{'trace_kind': 'trace'},0.004
isolation,2,report_mixed_heterogeneous,WSClock,LocalAllocation,9,2,2900,{'trace_kind': 'trace'},0.0029
isolation,0,report_mixed_heterogeneous,WSClock,LocalAllocation,9,3,2800,{'trace_kind': 'trace'},0.0028
isolation,1,report_mixed_heterogeneous,WSClock,LocalAllocation,9,3,3700,{'trace_kind': 'trace'},0.0037
isolation,2,report_mixed_heterogeneous,WSClock,LocalAllocation,9,3,3000,{'trace_kind': 'trace'},0.003
isolation,0,report_mixed_heterogeneous,WSClock,LocalAllocation,9,4,2700,{'trace_kind': 'trace'},0.0027
isolation,1,report_mixed_heterogeneous,WSClock,LocalAllocation,9,4,3800,{'trace_kind': 'trace'},0.0038
isolation,2,report_mixed_heterogeneous,WSClock,LocalAllocation,9,4,2900,{'trace_kind': 'trace'},0.0029
isolation,0,report_mixed_heterogeneous,WSClock,LocalAllocation,9,5,2800,{'trace_kind': 'trace'},0.0028
isolation,1,report_mixed_heterogeneous,WSClock,LocalAllocation,9,5,3700,{'trace_kind': 'trace'},0.0037
isolation,2,report_mixed_heterogeneous,WSClock,LocalAllocation,9,5,2900,{'trace_kind': 'trace'},0.0029
isolation,0,report_mixed_heterogeneous,WSClock,LocalAllocation,9,6,2800,{'trace_kind': 'trace'},0.0028
isolation,1,report_mixed_heterogeneous,WSClock,LocalAllocation,9,6,4000,{'trace_kind': 'trace'},0.004
isolation,2,report_mixed_heterogeneous,WSClock,LocalAllocation,9,6,2900,{'trace_kind': 'trace'},0.0029
isolation,0,report_mixed_heterogeneous,WSClock,LocalAllocation,9,7,2800,{'trace_kind': 'trace'},0.0028
isolation,1,report_mixed_heterogeneous,WSClock,LocalAllocation,9,7,3800,{'trace_kind': 'trace'},0.0038
isolation,2,report_mixed_heterogeneous,WSClock,LocalAllocation,9,7,2800,{'trace_kind': 'trace'},0.0028
isolation,0,report_mixed_heterogeneous,WSClock,LocalAllocation,9,8,2800,{'trace_kind': 'trace'},0.0028
isolation,1,report_mixed_heterogeneous,WSClock,LocalAllocation,9,8,3900,{'trace_kind': 'trace'},0.0039
isolation,2,report_mixed_heterogeneous,WSClock,LocalAllocation,9,8,3100,{'trace_kind': 'trace'},0.0031
isolation,0,report_mixed_heterogeneous,WSClock,LocalAllocation,9,9,2800,{'trace_kind': 'trace'},0.0028
isolation,1,report_mixed_heterogeneous,WSClock,LocalAllocation,9,9,3900,{'trace_kind': 'trace'},0.0039
isolation,2,report_mixed_heterogeneous,WSClock,LocalAllocation,9,9,3000,{'trace_kind': 'trace'},0.003
isolation,0,report_mixed_heterogeneous,WSClock,ProportionalAllocation,9,0,2800,{'trace_kind': 'trace'},0.0028
isolation,1,report_mixed_heterogeneous,WSClock,ProportionalAllocation,9,0,4000,{'trace_kind': 'trace'},0.004
isolation,2,report_mixed_heterogeneous,WSClock,ProportionalAllocation,9,0,3000,{'trace_kind': 'trace'},0.003
isolation,0,report_mixed_heterogeneous,WSClock,ProportionalAllocation,9,1,2800,{'trace_kind': 'trace'},0.0028
isolation,1,report_mixed_heterogeneous,WSClock,ProportionalAllocation,9,1,3800,{'trace_kind': 'trace'},0.0038
isolation,2,report_mixed_heterogeneous,WSClock,ProportionalAllocation,9,1,2900,{'trace_kind': 'trace'},0.0029
isolation,0,report_mixed_heterogeneous,WSClock,ProportionalAllocation,9,2,2700,{'trace_kind': 'trace'},0.0027
isolation,1,report_mixed_heterogeneous,WSClock,ProportionalAllocation,9,2,4000,{'trace_kind': 'trace'},0.004
isolation,2,report_mixed_heterogeneous,WSClock,ProportionalAllocation,9,2,2900,{'trace_kind': 'trace'},0.0029
isolation,0,report_mixed_heterogeneous,WSClock,ProportionalAllocation,9,3,2800,{'trace_kind': 'trace'},0.0028
isolation,1,report_mixed_heterogeneous,WSClock,ProportionalAllocation,9,3,3700,{'trace_kind': 'trace'},0.0037
isolation,2,report_mixed_heterogeneous,WSClock,ProportionalAllocation,9,3,2900,{'trace_kind': 'trace'},0.0029
isolation,0,report_mixed_heterogeneous,WSClock,ProportionalAllocation,9,4,2700,{'trace_kind': 'trace'},0.0027
isolation,1,report_mixed_heterogeneous,WSClock,ProportionalAllocation,9,4,4000,{'trace_kind': 'trace'},0.004
isolation,2,report_mixed_heterogeneous,WSClock,ProportionalAllocation,9,4,3000,{'trace_kind': 'trace'},0.003
isolation,0,report_mixed_heterogeneous,WSClock,ProportionalAllocation,9,5,2800,{'trace_kind': 'trace'},0.0028
isolation,1,report_mixed_heterogeneous,WSClock,ProportionalAllocation,9,5,4000,{'trace_kind': 'trace'},0.004
isolation,2,report_mixed_heterogeneous,WSClock,ProportionalAllocation,9,5,2900,{'trace_kind': 'trace'},0.0029
isolation,0,report_mixed_heterogeneous,WSClock,ProportionalAllocation,9,6,2600,{'trace_kind': 'trace'},0.0026
isolation,1,report_mixed_heterogeneous,WSClock,ProportionalAllocation,9,6,3900,{'trace_kind': 'trace'},0.0039
isolation,2,report_mixed_heterogeneous,WSClock,ProportionalAllocation,9,6,2900,{'trace_kind': 'trace'},0.0029
isolation,0,report_mixed_heterogeneous,WSClock,ProportionalAllocation,9,7,2800,{'trace_kind': 'trace'},0.0028
isolation,1,report_mixed_heterogeneous,WSClock,ProportionalAllocation,9,7,3900,{'trace_kind': 'trace'},0.0039
isolation,2,report_mixed_heterogeneous,WSClock,ProportionalAllocation,9,7,2900,{'trace_kind': 'trace'},0.0029
isolation,0,report_mixed_heterogeneous,WSClock,ProportionalAllocation,9,8,2700,{'trace_kind': 'trace'},0.0027
isolation,1,report_mixed_heterogeneous,WSClock,ProportionalAllocation,9,8,4000,{'trace_kind': 'trace'},0.004
isolation,2,report_mixed_heterogeneous,WSClock,ProportionalAllocation,9,8,2900,{'trace_kind': 'trace'},0.0029
isolation,0,report_mixed_heterogeneous,WSClock,ProportionalAllocation,9,9,2800,{'trace_kind': 'trace'},0.0028
isolation,1,report_mixed_heterogeneous,WSClock,ProportionalAllocation,9,9,3900,{'trace_kind': 'trace'},0.0039
isolation,2,report_mixed_heterogeneous,WSClock,ProportionalAllocation,9,9,3100,{'trace_kind': 'trace'},0.0031
isolation,0,report_mixed_heterogeneous,FIFO,GlobalAllocation,11,0,3700,{'trace_kind': 'trace'},0.0037
isolation,1,report_mixed_heterogeneous,FIFO,GlobalAllocation,11,0,5000,{'trace_kind': 'trace'},0.005
isolation,2,report_mixed_heterogeneous,FIFO,GlobalAllocation,11,0,3700,{'trace_kind': 'trace'},0.0037
isolation,0,report_mixed_heterogeneous,FIFO,GlobalAllocation,11,1,3600,{'trace_kind': 'trace'},0.0036
isolation,1,report_mixed_heterogeneous,FIFO,GlobalAllocation,11,1,4100,{'trace_kind': 'trace'},0.0041
isolation,2,report_mixed_heterogeneous,FIFO,GlobalAllocation,11,1,3900,{'trace_kind': 'trace'},0.0039
isolation,0,report_mixed_heterogeneous,FIFO,GlobalAllocation,11,2,3100,{'trace_kind': 'trace'},0.0031
isolation,1,report_mixed_heterogeneous,FIFO,GlobalAllocation,11,2,4200,{'trace_kind': 'trace'},0.0042
isolation,2,report_mixed_heterogeneous,FIFO,GlobalAllocation,11,2,3300,{'trace_kind': 'trace'},0.0033
isolation,0,report_mixed_heterogeneous,FIFO,GlobalAllocation,11,3,3000,{'trace_kind': 'trace'},0.003
isolation,1,report_mixed_heterogeneous,FIFO,GlobalAllocation,11,3,4300,{'trace_kind': 'trace'},0.0043
isolation,2,report_mixed_heterogeneous,FIFO,GlobalAllocation,11,3,3400,{'trace_kind': 'trace'},0.0034
isolation,0,report_mixed_heterogeneous,FIFO,GlobalAllocation,11,4,3000,{'trace_kind': 'trace'},0.003
isolation,1,report_mixed_heterogeneous,FIFO,GlobalAllocation,11,4,4100,{'trace_kind': 'trace'},0.0041
isolation,2,report_mixed_heterogeneous,FIFO,GlobalAllocation,11,4,3000,{'trace_kind': 'trace'},0.003
isolation,0,report_mixed_heterogeneous,FIFO,GlobalAllocation,11,5,3000,{'trace_kind': 'trace'},0.003
isolation,1,report_mixed_heterogeneous,FIFO,GlobalAllocation,11,5,4100,{'trace_kind': 'trace'},0.0041
isolation,2,report_mixed_heterogeneous,FIFO,GlobalAllocation,11,5,3200,{'trace_kind': 'trace'},0.0032
isolation,0,report_mixed_heterogeneous,FIFO,GlobalAllocation,11,6,3000,{'trace_kind': 'trace'},0.003
isolation,1,report_mixed_heterogeneous,FIFO,GlobalAllocation,11,6,4000,{'trace_kind': 'trace'},0.004
isolation,2,report_mixed_heterogeneous,FIFO,GlobalAllocation,11,6,2900,{'trace_kind': 'trace'},0.0029
isolation,0,report_mixed_heterogeneous,FIFO,GlobalAllocation,11,7,2700,{'trace_kind': 'trace'},0.0027
isolation,1,report_mixed_heterogeneous,FIFO,GlobalAllocation,11,7,3800,{'trace_kind': 'trace'},0.0038
isolation,2,report_mixed_heterogeneous,FIFO,GlobalAllocation,11,7,2900,{'trace_kind': 'trace'},0.0029
isolation,0,report_mixed_heterogeneous,FIFO,GlobalAllocation,11,8,2700,{'trace_kind': 'trace'},0.0027
isolation,1,report_mixed_heterogeneous,FIFO,GlobalAllocation,11,8,3800,{'trace_kind': 'trace'},0.0038
isolation,2,report_mixed_heterogeneous,FIFO,GlobalAllocation,11,8,2900,{'trace_kind': 'trace'},0.0029
isolation,0,report_mixed_heterogeneous,FIFO,GlobalAllocation,11,9,2600,{'trace_kind': 'trace'},0.0026
isolation,1,report_mixed_heterogeneous,FIFO,GlobalAllocation,11,9,3800,{'trace_kind': 'trace'},0.0038
isolation,2,report_mixed_heterogeneous,FIFO,GlobalAllocation,11,9,3000,{'trace_kind': 'trace'},0.003
isolation,0,report_mixed_heterogeneous,FIFO,LocalAllocation,11,0,4600,{'trace_kind': 'trace'},0.0046
isolation,1,report_mixed_heterogeneous,FIFO,LocalAllocation,11,0,5600,{'trace_kind': 'trace'},0.0056
isolation,2,report_mixed_heterogeneous,FIFO,LocalAllocation,11,0,4500,{'trace_kind': 'trace'},0.0045
isolation,0,report_mixed_heterogeneous,FIFO,LocalAllocation,11,1,4200,{'trace_kind': 'trace'},0.0042
isolation,1,report_mixed_heterogeneous,FIFO,LocalAllocation,11,1,6800,{'trace_kind': 'trace'},0.0068
isolation,2,report_mixed_heterogeneous,FIFO,LocalAllocation,11,1,2900,{'trace_kind': 'trace'},0.0029
isolation,0,report_mixed_heterogeneous,FIFO,LocalAllocation,11,2,2800,{'trace_kind': 'trace'},0.0028
isolation,1,report_mixed_heterogeneous,FIFO,LocalAllocation,11,2,3900,{'trace_kind': 'trace'},0.0039
isolation,2,report_mixed_heterogeneous,FIFO,LocalAllocation,11,2,2900,{'trace_kind': 'trace'},0.0029
isolation,0,report_mixed_heterogeneous,FIFO,LocalAllocation,11,3,2700,{'trace_kind': 'trace'},0.0027
isolation,1,report_mixed_heterogeneous,FIFO,LocalAllocation,11,3,3700,{'trace_kind': 'trace'},0.0037
isolation,2,report_mixed_heterogeneous,FIFO,LocalAllocation,11,3,2900,{'trace_kind': 'trace'},0.0029
isolation,0,report_mixed_heterogeneous,FIFO,LocalAllocation,11,4,2600,{'trace_kind': 'trace'},0.0026
isolation,1,report_mixed_heterogeneous,FIFO,LocalAllocation,11,4,4100,{'trace_kind': 'trace'},0.0041
isolation,2,report_mixed_heterogeneous,FIFO,LocalAllocation,11,4,3100,{'trace_kind': 'trace'},0.0031
isolation,0,report_mixed_heterogeneous,FIFO,LocalAllocation,11,5,2600,{'trace_kind': 'trace'},0.0026
isolation,1,report_mixed_heterogeneous,FIFO,LocalAllocation,11,5,4100,{'trace_kind': 'trace'},0.0041
isolation,2,report_mixed_heterogeneous,FIFO,LocalAllocation,11,5,2700,{'trace_kind': 'trace'},0.0027
isolation,0,report_mixed_heterogeneous,FIFO,LocalAllocation,11,6,2600,{'trace_kind': 'trace'},0.0026
isolation,1,report_mixed_heterogeneous,FIFO,LocalAllocation,11,6,3700,{'trace_kind': 'trace'},0.0037
isolation,2,report_mixed_heterogeneous,FIFO,LocalAllocation,11,6,2700,{'trace_kind': 'trace'},0.0027
isolation,0,report_mixed_heterogeneous,FIFO,LocalAllocation,11,7,2500,{'trace_kind': 'trace'},0.0025
isolation,1,report_mixed_heterogeneous,FIFO,LocalAllocation,11,7,3600,{'trace_kind': 'trace'},0.0036
isolation,2,report_mixed_heterogeneous,FIFO,LocalAllocation,11,7,2900,{'trace_kind': 'trace'},0.0029
isolation,0,report_mixed_heterogeneous,FIFO,LocalAllocation,11,8,2800,{'trace_kind': 'trace'},0.0028
isolation,1,report_mixed_heterogeneous,FIFO,LocalAllocation,11,8,3800,{'trace_kind': 'trace'},0.0038
isolation,2,report_mixed_heterogeneous,FIFO,LocalAllocation,11,8,2800,{'trace_kind': 'trace'},0.0028
isolation,0,report_mixed_heterogeneous,FIFO,LocalAllocation,11,9,2600,{'trace_kind': 'trace'},0.0026
isolation,1,report_mixed_heterogeneous,FIFO,LocalAllocation,11,9,3700,{'trace_kind': 'trace'},0.0037
isolation,2,report_mixed_heterogeneous,FIFO,LocalAllocation,11,9,3200,{'trace_kind': 'trace'},0.0032
isolation,0,report_mixed_heterogeneous,FIFO,ProportionalAllocation,11,0,2900,{'trace_kind': 'trace'},0.0029
isolation,1,report_mixed_heterogeneous,FIFO,ProportionalAllocation,11,0,4100,{'trace_kind': 'trace'},0.0041
isolation,2,report_mixed_heterogeneous,FIFO,ProportionalAllocation,11,0,2900,{'trace_kind': 'trace'},0.0029
isolation,0,report_mixed_heterogeneous,FIFO,ProportionalAllocation,11,1,2800,{'trace_kind': 'trace'},0.0028
isolation,1,report_mixed_heterogeneous,FIFO,ProportionalAllocation,11,1,3800,{'trace_kind': 'trace'},0.0038
isolation,2,report_mixed_heterogeneous,FIFO,ProportionalAllocation,11,1,2800,{'trace_kind': 'trace'},0.0028
isolation,0,report_mixed_heterogeneous,FIFO,ProportionalAllocation,11,2,2800,{'trace_kind': 'trace'},0.0028
isolation,1,report_mixed_heterogeneous,FIFO,ProportionalAllocation,11,2,3800,{'trace_kind': 'trace'},0.0038
isolation,2,report_mixed_heterogeneous,FIFO,ProportionalAllocation,11,2,2900,{'trace_kind': 'trace'},0.0029
isolation,0,report_mixed_heterogeneous,FIFO,ProportionalAllocation,11,3,2700,{'trace_kind': 'trace'},0.0027
isolation,1,report_mixed_heterogeneous,FIFO,ProportionalAllocation,11,3,3800,{'trace_kind': 'trace'},0.0038
isolation,2,report_mixed_heterogeneous,FIFO,ProportionalAllocation,11,3,2900,{'trace_kind': 'trace'},0.0029
isolation,0,report_mixed_heterogeneous,FIFO,ProportionalAllocation,11,4,2700,{'trace_kind': 'trace'},0.0027
isolation,1,report_mixed_heterogeneous,FIFO,ProportionalAllocation,11,4,3700,{'trace_kind': 'trace'},0.0037
isolation,2,report_mixed_heterogeneous,FIFO,ProportionalAllocation,11,4,2900,{'trace_kind': 'trace'},0.0029
isolation,0,report_mixed_heterogeneous,FIFO,ProportionalAllocation,11,5,2700,{'trace_kind': 'trace'},0.0027
isolation,1,report_mixed_heterogeneous,FIFO,ProportionalAllocation,11,5,4000,{'trace_kind': 'trace'},0.004
isolation,2,report_mixed_heterogeneous,FIFO,ProportionalAllocation,11,5,2800,{'trace_kind': 'trace'},0.0028
isolation,0,report_mixed_heterogeneous,FIFO,ProportionalAllocation,11,6,2600,{'trace_kind': 'trace'},0.0026
isolation,1,report_mixed_heterogeneous,FIFO,ProportionalAllocation,11,6,3700,{'trace_kind': 'trace'},0.0037
isolation,2,report_mixed_heterogeneous,FIFO,ProportionalAllocation,11,6,2900,{'trace_kind': 'trace'},0.0029
isolation,0,report_mixed_heterogeneous,FIFO,ProportionalAllocation,11,7,2600,{'trace_kind': 'trace'},0.0026
isolation,1,report_mixed_heterogeneous,FIFO,ProportionalAllocation,11,7,3700,{'trace_kind': 'trace'},0.0037
isolation,2,report_mixed_heterogeneous,FIFO,ProportionalAllocation,11,7,3000,{'trace_kind': 'trace'},0.003
isolation,0,report_mixed_heterogeneous,FIFO,ProportionalAllocation,11,8,2600,{'trace_kind': 'trace'},0.0026
isolation,1,report_mixed_heterogeneous,FIFO,ProportionalAllocation,11,8,3600,{'trace_kind': 'trace'},0.0036
isolation,2,report_mixed_heterogeneous,FIFO,ProportionalAllocation,11,8,2900,{'trace_kind': 'trace'},0.0029
isolation,0,report_mixed_heterogeneous,FIFO,ProportionalAllocation,11,9,2700,{'trace_kind': 'trace'},0.0027
isolation,1,report_mixed_heterogeneous,FIFO,ProportionalAllocation,11,9,3700,{'trace_kind': 'trace'},0.0037
isolation,2,report_mixed_heterogeneous,FIFO,ProportionalAllocation,11,9,2800,{'trace_kind': 'trace'},0.0028
isolation,0,report_mixed_heterogeneous,LRU,GlobalAllocation,11,0,3900,{'trace_kind': 'trace'},0.0039
isolation,1,report_mixed_heterogeneous,LRU,GlobalAllocation,11,0,5400,{'trace_kind': 'trace'},0.0054
isolation,2,report_mixed_heterogeneous,LRU,GlobalAllocation,11,0,3900,{'trace_kind': 'trace'},0.0039
isolation,0,report_mixed_heterogeneous,LRU,GlobalAllocation,11,1,3500,{'trace_kind': 'trace'},0.0035
isolation,1,report_mixed_heterogeneous,LRU,GlobalAllocation,11,1,4500,{'trace_kind': 'trace'},0.0045
isolation,2,report_mixed_heterogeneous,LRU,GlobalAllocation,11,1,3500,{'trace_kind': 'trace'},0.0035
isolation,0,report_mixed_heterogeneous,LRU,GlobalAllocation,11,2,3200,{'trace_kind': 'trace'},0.0032
isolation,1,report_mixed_heterogeneous,LRU,GlobalAllocation,11,2,4300,{'trace_kind': 'trace'},0.0043
isolation,2,report_mixed_heterogeneous,LRU,GlobalAllocation,11,2,3500,{'trace_kind': 'trace'},0.0035
isolation,0,report_mixed_heterogeneous,LRU,GlobalAllocation,11,3,3100,{'trace_kind': 'trace'},0.0031
isolation,1,report_mixed_heterogeneous,LRU,GlobalAllocation,11,3,4100,{'trace_kind': 'trace'},0.0041
isolation,2,report_mixed_heterogeneous,LRU,GlobalAllocation,11,3,3300,{'trace_kind': 'trace'},0.0033
isolation,0,report_mixed_heterogeneous,LRU,GlobalAllocation,11,4,3200,{'trace_kind': 'trace'},0.0032
isolation,1,report_mixed_heterogeneous,LRU,GlobalAllocation,11,4,4300,{'trace_kind': 'trace'},0.0043
isolation,2,report_mixed_heterogeneous,LRU,GlobalAllocation,11,4,3400,{'trace_kind': 'trace'},0.0034
isolation,0,report_mixed_heterogeneous,LRU,GlobalAllocation,11,5,3200,{'trace_kind': 'trace'},0.0032
isolation,1,report_mixed_heterogeneous,LRU,GlobalAllocation,11,5,4100,{'trace_kind': 'trace'},0.0041
isolation,2,report_mixed_heterogeneous,LRU,GlobalAllocation,11,5,4800,{'trace_kind': 'trace'},0.0048
isolation,0,report_mixed_heterogeneous,LRU,GlobalAllocation,11,6,3100,{'trace_kind': 'trace'},0.0031
isolation,1,report_mixed_heterogeneous,LRU,GlobalAllocation,11,6,4200,{'trace_kind': 'trace'},0.0042
isolation,2,report_mixed_heterogeneous,LRU,GlobalAllocation,11,6,3200,{'trace_kind': 'trace'},0.0032
isolation,0,report_mixed_heterogeneous,LRU,GlobalAllocation,11,7,3000,{'trace_kind': 'trace'},0.003
isolation,1,report_mixed_heterogeneous,LRU,GlobalAllocation,11,7,4000,{'trace_kind': 'trace'},0.004
isolation,2,report_mixed_heterogeneous,LRU,GlobalAllocation,11,7,3000,{'trace_kind': 'trace'},0.003
isolation,0,report_mixed_heterogeneous,LRU,GlobalAllocation,11,8,2900,{'trace_kind': 'trace'},0.0029
isolation,1,report_mixed_heterogeneous,LRU,GlobalAllocation,11,8,3900,{'trace_kind': 'trace'},0.0039
isolation,2,report_mixed_heterogeneous,LRU,GlobalAllocation,11,8,3300,{'trace_kind': 'trace'},0.0033
isolation,0,report_mixed_heterogeneous,LRU,GlobalAllocation,11,9,3100,{'trace_kind': 'trace'},0.0031
isolation,1,report_mixed_heterogeneous,LRU,GlobalAllocation,11,9,3900,{'trace_kind': 'trace'},0.0039
isolation,2,report_mixed_heterogeneous,LRU,GlobalAllocation,11,9,3200,{'trace_kind': 'trace'},0.0032
isolation,0,report_mixed_heterogeneous,LRU,LocalAllocation,11,0,3100,{'trace_kind': 'trace'},0.0031
isolation,1,report_mixed_heterogeneous,LRU,LocalAllocation,11,0,4100,{'trace_kind': 'trace'},0.0041
isolation,2,report_mixed_heterogeneous,LRU,LocalAllocation,11,0,3100,{'trace_kind': 'trace'},0.0031
isolation,0,report_mixed_heterogeneous,LRU,LocalAllocation,11,1,2900,{'trace_kind': 'trace'},0.0029
isolation,1,report_mixed_heterogeneous,LRU,LocalAllocation,11,1,4100,{'trace_kind': 'trace'},0.0041
isolation,2,report_mixed_heterogeneous,LRU,LocalAllocation,11,1,3100,{'trace_kind': 'trace'},0.0031
isolation,0,report_mixed_heterogeneous,LRU,LocalAllocation,11,2,3000,{'trace_kind': 'trace'},0.003
isolation,1,report_mixed_heterogeneous,LRU,LocalAllocation,11,2,4700,{'trace_kind': 'trace'},0.0047
isolation,2,report_mixed_heterogeneous,LRU,LocalAllocation,11,2,3200,{'trace_kind': 'trace'},0.0032
isolation,0,report_mixed_heterogeneous,LRU,LocalAllocation,11,3,3300,{'trace_kind': 'trace'},0.0033
isolation,1,report_mixed_heterogeneous,LRU,LocalAllocation,11,3,3800,{'trace_kind': 'trace'},0.0038
isolation,2,report_mixed_heterogeneous,LRU,LocalAllocation,11,3,3100,{'trace_kind': 'trace'},0.0031
isolation,0,report_mixed_heterogeneous,LRU,LocalAllocation,11,4,3000,{'trace_kind': 'trace'},0.003
isolation,1,report_mixed_heterogeneous,LRU,LocalAllocation,11,4,3800,{'trace_kind': 'trace'},0.0038
isolation,2,report_mixed_heterogeneous,LRU,LocalAllocation,11,4,3100,{'trace_kind': 'trace'},0.0031
isolation,0,report_mixed_heterogeneous,LRU,LocalAllocation,11,5,2900,{'trace_kind': 'trace'},0.0029
isolation,1,report_mixed_heterogeneous,LRU,LocalAllocation,11,5,3900,{'trace_kind': 'trace'},0.0039
isolation,2,report_mixed_heterogeneous,LRU,LocalAllocation,11,5,3100,{'trace_kind': 'trace'},0.0031
isolation,0,report_mixed_heterogeneous,LRU,LocalAllocation,11,6,2900,{'trace_kind': 'trace'},0.0029
isolation,1,report_mixed_heterogeneous,LRU,LocalAllocation,11,6,4000,{'trace_kind': 'trace'},0.004
isolation,2,report_mixed_heterogeneous,LRU,LocalAllocation,11,6,3200,{'trace_kind': 'trace'},0.0032
isolation,0,report_mixed_heterogeneous,LRU,LocalAllocation,11,7,3000,{'trace_kind': 'trace'},0.003
isolation,1,report_mixed_heterogeneous,LRU,LocalAllocation,11,7,3800,{'trace_kind': 'trace'},0.0038
isolation,2,report_mixed_heterogeneous,LRU,LocalAllocation,11,7,3000,{'trace_kind': 'trace'},0.003
isolation,0,report_mixed_heterogeneous,LRU,LocalAllocation,11,8,2900,{'trace_kind': 'trace'},0.0029
isolation,1,report_mixed_heterogeneous,LRU,LocalAllocation,11,8,3800,{'trace_kind': 'trace'},0.0038
isolation,2,report_mixed_heterogeneous,LRU,LocalAllocation,11,8,3300,{'trace_kind': 'trace'},0.0033
isolation,0,report_mixed_heterogeneous,LRU,LocalAllocation,11,9,3000,{'trace_kind': 'trace'},0.003
isolation,1,report_mixed_heterogeneous,LRU,LocalAllocation,11,9,3700,{'trace_kind': 'trace'},0.0037
isolation,2,report_mixed_heterogeneous,LRU,LocalAllocation,11,9,3000,{'trace_kind': 'trace'},0.003
isolation,0,report_mixed_heterogeneous,LRU,ProportionalAllocation,11,0,3000,{'trace_kind': 'trace'},0.003
isolation,1,report_mixed_heterogeneous,LRU,ProportionalAllocation,11,0,3800,{'trace_kind': 'trace'},0.0038
isolation,2,report_mixed_heterogeneous,LRU,ProportionalAllocation,11,0,3300,{'trace_kind': 'trace'},0.0033
isolation,0,report_mixed_heterogeneous,LRU,ProportionalAllocation,11,1,2900,{'trace_kind': 'trace'},0.0029
isolation,1,report_mixed_heterogeneous,LRU,ProportionalAllocation,11,1,3900,{'trace_kind': 'trace'},0.0039
isolation,2,report_mixed_heterogeneous,LRU,ProportionalAllocation,11,1,3300,{'trace_kind': 'trace'},0.0033
isolation,0,report_mixed_heterogeneous,LRU,ProportionalAllocation,11,2,2900,{'trace_kind': 'trace'},0.0029
isolation,1,report_mixed_heterogeneous,LRU,ProportionalAllocation,11,2,4200,{'trace_kind': 'trace'},0.0042
isolation,2,report_mixed_heterogeneous,LRU,ProportionalAllocation,11,2,3100,{'trace_kind': 'trace'},0.0031
isolation,0,report_mixed_heterogeneous,LRU,ProportionalAllocation,11,3,3000,{'trace_kind': 'trace'},0.003
isolation,1,report_mixed_heterogeneous,LRU,ProportionalAllocation,11,3,4000,{'trace_kind': 'trace'},0.004
isolation,2,report_mixed_heterogeneous,LRU,ProportionalAllocation,11,3,3100,{'trace_kind': 'trace'},0.0031
isolation,0,report_mixed_heterogeneous,LRU,ProportionalAllocation,11,4,3000,{'trace_kind': 'trace'},0.003
isolation,1,report_mixed_heterogeneous,LRU,ProportionalAllocation,11,4,4000,{'trace_kind': 'trace'},0.004
isolation,2,report_mixed_heterogeneous,LRU,ProportionalAllocation,11,4,3200,{'trace_kind': 'trace'},0.0032
isolation,0,report_mixed_heterogeneous,LRU,ProportionalAllocation,11,5,2900,{'trace_kind': 'trace'},0.0029
isolation,1,report_mixed_heterogeneous,LRU,ProportionalAllocation,11,5,4000,{'trace_kind': 'trace'},0.004
isolation,2,report_mixed_heterogeneous,LRU,ProportionalAllocation,11,5,3100,{'trace_kind': 'trace'},0.0031
isolation,0,report_mixed_heterogeneous,LRU,ProportionalAllocation,11,6,2900,{'trace_kind': 'trace'},0.0029
isolation,1,report_mixed_heterogeneous,LRU,ProportionalAllocation,11,6,3800,{'trace_kind': 'trace'},0.0038
isolation,2,report_mixed_heterogeneous,LRU,ProportionalAllocation,11,6,3000,{'trace_kind': 'trace'},0.003
isolation,0,report_mixed_heterogeneous,LRU,ProportionalAllocation,11,7,4000,{'trace_kind': 'trace'},0.004
isolation,1,report_mixed_heterogeneous,LRU,ProportionalAllocation,11,7,4000,{'trace_kind': 'trace'},0.004
isolation,2,report_mixed_heterogeneous,LRU,ProportionalAllocation,11,7,3100,{'trace_kind': 'trace'},0.0031
isolation,0,report_mixed_heterogeneous,LRU,ProportionalAllocation,11,8,3000,{'trace_kind': 'trace'},0.003
isolation,1,report_mixed_heterogeneous,LRU,ProportionalAllocation,11,8,3900,{'trace_kind': 'trace'},0.0039
isolation,2,report_mixed_heterogeneous,LRU,ProportionalAllocation,11,8,3100,{'trace_kind': 'trace'},0.0031
isolation,0,report_mixed_heterogeneous,LRU,ProportionalAllocation,11,9,2900,{'trace_kind': 'trace'},0.0029
isolation,1,report_mixed_heterogeneous,LRU,ProportionalAllocation,11,9,4000,{'trace_kind': 'trace'},0.004
isolation,2,report_mixed_heterogeneous,LRU,ProportionalAllocation,11,9,3100,{'trace_kind': 'trace'},0.0031
isolation,0,report_mixed_heterogeneous,NRU,GlobalAllocation,11,0,4900,{'trace_kind': 'trace'},0.0049
isolation,1,report_mixed_heterogeneous,NRU,GlobalAllocation,11,0,4800,{'trace_kind': 'trace'},0.0048
isolation,2,report_mixed_heterogeneous,NRU,GlobalAllocation,11,0,4500,{'trace_kind': 'trace'},0.0045
isolation,0,report_mixed_heterogeneous,NRU,GlobalAllocation,11,1,3200,{'trace_kind': 'trace'},0.0032
isolation,1,report_mixed_heterogeneous,NRU,GlobalAllocation,11,1,3900,{'trace_kind': 'trace'},0.0039
isolation,2,report_mixed_heterogeneous,NRU,GlobalAllocation,11,1,3200,{'trace_kind': 'trace'},0.0032
isolation,0,report_mixed_heterogeneous,NRU,GlobalAllocation,11,2,2900,{'trace_kind': 'trace'},0.0029
isolation,1,report_mixed_heterogeneous,NRU,GlobalAllocation,11,2,4100,{'trace_kind': 'trace'},0.0041
isolation,2,report_mixed_heterogeneous,NRU,GlobalAllocation,11,2,3200,{'trace_kind': 'trace'},0.0032
isolation,0,report_mixed_heterogeneous,NRU,GlobalAllocation,11,3,3200,{'trace_kind': 'trace'},0.0032
isolation,1,report_mixed_heterogeneous,NRU,GlobalAllocation,11,3,3700,{'trace_kind': 'trace'},0.0037
isolation,2,report_mixed_heterogeneous,NRU,GlobalAllocation,11,3,3100,{'trace_kind': 'trace'},0.0031
isolation,0,report_mixed_heterogeneous,NRU,GlobalAllocation,11,4,3100,{'trace_kind': 'trace'},0.0031
isolation,1,report_mixed_heterogeneous,NRU,GlobalAllocation,11,4,3600,{'trace_kind': 'trace'},0.0036
isolation,2,report_mixed_heterogeneous,NRU,GlobalAllocation,11,4,3100,{'trace_kind': 'trace'},0.0031
isolation,0,report_mixed_heterogeneous,NRU,GlobalAllocation,11,5,3100,{'trace_kind': 'trace'},0.0031
isolation,1,report_mixed_heterogeneous,NRU,GlobalAllocation,11,5,3800,{'trace_kind': 'trace'},0.0038
isolation,2,report_mixed_heterogeneous,NRU,GlobalAllocation,11,5,3200,{'trace_kind': 'trace'},0.0032
isolation,0,report_mixed_heterogeneous,NRU,GlobalAllocation,11,6,3000,{'trace_kind': 'trace'},0.003
isolation,1,report_mixed_heterogeneous,NRU,GlobalAllocation,11,6,3900,{'trace_kind': 'trace'},0.0039
isolation,2,report_mixed_heterogeneous,NRU,GlobalAllocation,11,6,3100,{'trace_kind': 'trace'},0.0031
isolation,0,report_mixed_heterogeneous,NRU,GlobalAllocation,11,7,2700,{'trace_kind': 'trace'},0.0027
isolation,1,report_mixed_heterogeneous,NRU,GlobalAllocation,11,7,4100,{'trace_kind': 'trace'},0.0041
isolation,2,report_mixed_heterogeneous,NRU,GlobalAllocation,11,7,2900,{'trace_kind': 'trace'},0.0029
isolation,0,report_mixed_heterogeneous,NRU,GlobalAllocation,11,8,4000,{'trace_kind': 'trace'},0.004
isolation,1,report_mixed_heterogeneous,NRU,GlobalAllocation,11,8,6000,{'trace_kind': 'trace'},0.006
isolation,2,report_mixed_heterogeneous,NRU,GlobalAllocation,11,8,4500,{'trace_kind': 'trace'},0.0045
isolation,0,report_mixed_heterogeneous,NRU,GlobalAllocation,11,9,2800,{'trace_kind': 'trace'},0.0028
isolation,1,report_mixed_heterogeneous,NRU,GlobalAllocation,11,9,3600,{'trace_kind': 'trace'},0.0036
isolation,2,report_mixed_heterogeneous,NRU,GlobalAllocation,11,9,2900,{'trace_kind': 'trace'},0.0029
isolation,0,report_mixed_heterogeneous,NRU,LocalAllocation,11,0,3100,{'trace_kind': 'trace'},0.0031
isolation,1,report_mixed_heterogeneous,NRU,LocalAllocation,11,0,3700,{'trace_kind': 'trace'},0.0037
isolation,2,report_mixed_heterogeneous,NRU,LocalAllocation,11,0,2800,{'trace_kind': 'trace'},0.0028
isolation,0,report_mixed_heterogeneous,NRU,LocalAllocation,11,1,3000,{'trace_kind': 'trace'},0.003
isolation,1,report_mixed_heterogeneous,NRU,LocalAllocation,11,1,3600,{'trace_kind': 'trace'},0.0036
isolation,2,report_mixed_heterogeneous,NRU,LocalAllocation,11,1,3000,{'trace_kind': 'trace'},0.003
isolation,0,report_mixed_heterogeneous,NRU,LocalAllocation,11,2,2800,{'trace_kind': 'trace'},0.0028
isolation,1,report_mixed_heterogeneous,NRU,LocalAllocation,11,2,3700,{'trace_kind': 'trace'},0.0037
isolation,2,report_mixed_heterogeneous,NRU,LocalAllocation,11,2,3000,{'trace_kind': 'trace'},0.003
isolation,0,report_mixed_heterogeneous,NRU,LocalAllocation,11,3,2900,{'trace_kind': 'trace'},0.0029
isolation,1,report_mixed_heterogeneous,NRU,LocalAllocation,11,3,3600,{'trace_kind': 'trace'},0.0036
isolation,2,report_mixed_heterogeneous,NRU,LocalAllocation,11,3,2900,{'trace_kind': 'trace'},0.0029
isolation,0,report_mixed_heterogeneous,NRU,LocalAllocation,11,4,2900,{'trace_kind': 'trace'},0.0029
isolation,1,report_mixed_heterogeneous,NRU,LocalAllocation,11,4,4600,{'trace_kind': 'trace'},0.0046
isolation,2,report_mixed_heterogeneous,NRU,LocalAllocation,11,4,4000,{'trace_kind': 'trace'},0.004
isolation,0,report_mixed_heterogeneous,NRU,LocalAllocation,11,5,2800,{'trace_kind': 'trace'},0.0028
isolation,1,report_mixed_heterogeneous,NRU,LocalAllocation,11,5,3700,{'trace_kind': 'trace'},0.0037
isolation,2,report_mixed_heterogeneous,NRU,LocalAllocation,11,5,3800,{'trace_kind': 'trace'},0.0038
isolation,0,report_mixed_heterogeneous,NRU,LocalAllocation,11,6,2800,{'trace_kind': 'trace'},0.0028
isolation,1,report_mixed_heterogeneous,NRU,LocalAllocation,11,6,4600,{'trace_kind': 'trace'},0.0046
isolation,2,report_mixed_heterogeneous,NRU,LocalAllocation,11,6,3000,{'trace_kind': 'trace'},0.003
isolation,0,report_mixed_heterogeneous,NRU,LocalAllocation,11,7,2900,{'trace_kind': 'trace'},0.0029
isolation,1,report_mixed_heterogeneous,NRU,LocalAllocation,11,7,3600,{'trace_kind': 'trace'},0.0036
isolation,2,report_mixed_heterogeneous,NRU,LocalAllocation,11,7,3000,{'trace_kind': 'trace'},0.003
isolation,0,report_mixed_heterogeneous,NRU,LocalAllocation,11,8,2900,{'trace_kind': 'trace'},0.0029
isolation,1,report_mixed_heterogeneous,NRU,LocalAllocation,11,8,3600,{'trace_kind': 'trace'},0.0036
isolation,2,report_mixed_heterogeneous,NRU,LocalAllocation,11,8,2900,{'trace_kind': 'trace'},0.0029
isolation,0,report_mixed_heterogeneous,NRU,LocalAllocation,11,9,2800,{'trace_kind': 'trace'},0.0028
isolation,1,report_mixed_heterogeneous,NRU,LocalAllocation,11,9,3700,{'trace_kind': 'trace'},0.0037
isolation,2,report_mixed_heterogeneous,NRU,LocalAllocation,11,9,3100,{'trace_kind': 'trace'},0.0031
isolation,0,report_mixed_heterogeneous,NRU,ProportionalAllocation,11,0,5400,{'trace_kind': 'trace'},0.0054
isolation,1,report_mixed_heterogeneous,NRU,ProportionalAllocation,11,0,6500,{'trace_kind': 'trace'},0.0065
isolation,2,report_mixed_heterogeneous,NRU,ProportionalAllocation,11,0,5500,{'trace_kind': 'trace'},0.0055
isolation,0,report_mixed_heterogeneous,NRU,ProportionalAllocation,11,1,5000,{'trace_kind': 'trace'},0.005
isolation,1,report_mixed_heterogeneous,NRU,ProportionalAllocation,11,1,6400,{'trace_kind': 'trace'},0.0064
isolation,2,report_mixed_heterogeneous,NRU,ProportionalAllocation,11,1,7300,{'trace_kind': 'trace'},0.0073
isolation,0,report_mixed_heterogeneous,NRU,ProportionalAllocation,11,2,4800,{'trace_kind': 'trace'},0.0048
isolation,1,report_mixed_heterogeneous,NRU,ProportionalAllocation,11,2,6300,{'trace_kind': 'trace'},0.0063
isolation,2,report_mixed_heterogeneous,NRU,ProportionalAllocation,11,2,5400,{'trace_kind': 'trace'},0.0054
isolation,0,report_mixed_heterogeneous,NRU,ProportionalAllocation,11,3,5100,{'trace_kind': 'trace'},0.0051
isolation,1,report_mixed_heterogeneous,NRU,ProportionalAllocation,11,3,6600,{'trace_kind': 'trace'},0.0066
isolation,2,report_mixed_heterogeneous,NRU,ProportionalAllocation,11,3,5300,{'trace_kind': 'trace'},0.0053
isolation,0,report_mixed_heterogeneous,NRU,ProportionalAllocation,11,4,4800,{'trace_kind': 'trace'},0.0048
isolation,1,report_mixed_heterogeneous,NRU,ProportionalAllocation,11,4,6200,{'trace_kind': 'trace'},0.0062
isolation,2,report_mixed_heterogeneous,NRU,ProportionalAllocation,11,4,5100,{'trace_kind': 'trace'},0.0051
isolation,0,report_mixed_heterogeneous,NRU,ProportionalAllocation,11,5,5100,{'trace_kind': 'trace'},0.0051
isolation,1,report_mixed_heterogeneous,NRU,ProportionalAllocation,11,5,9100,{'trace_kind': 'trace'},0.0091
isolation,2,report_mixed_heterogeneous,NRU,ProportionalAllocation,11,5,5200,{'trace_kind': 'trace'},0.0052
isolation,0,report_mixed_heterogeneous,NRU,ProportionalAllocation,11,6,5000,{'trace_kind': 'trace'},0.005
isolation,1,report_mixed_heterogeneous,NRU,ProportionalAllocation,11,6,6600,{'trace_kind': 'trace'},0.0066
isolation,2,report_mixed_heterogeneous,NRU,ProportionalAllocation,11,6,5200,{'trace_kind': 'trace'},0.0052
isolation,0,report_mixed_heterogeneous,NRU,ProportionalAllocation,11,7,4800,{'trace_kind': 'trace'},0.0048
isolation,1,report_mixed_heterogeneous,NRU,ProportionalAllocation,11,7,6500,{'trace_kind': 'trace'},0.0065
isolation,2,report_mixed_heterogeneous,NRU,ProportionalAllocation,11,7,5300,{'trace_kind': 'trace'},0.0053
isolation,0,report_mixed_heterogeneous,NRU,ProportionalAllocation,11,8,4900,{'trace_kind': 'trace'},0.0049
isolation,1,report_mixed_heterogeneous,NRU,ProportionalAllocation,11,8,6300,{'trace_kind': 'trace'},0.0063
isolation,2,report_mixed_heterogeneous,NRU,ProportionalAllocation,11,8,5100,{'trace_kind': 'trace'},0.0051
isolation,0,report_mixed_heterogeneous,NRU,ProportionalAllocation,11,9,5100,{'trace_kind': 'trace'},0.0051
isolation,1,report_mixed_heterogeneous,NRU,ProportionalAllocation,11,9,3666900,{'trace_kind': 'trace'},3.6669
isolation,2,report_mixed_heterogeneous,NRU,ProportionalAllocation,11,9,6100,{'trace_kind': 'trace'},0.0061
isolation,0,report_mixed_heterogeneous,SecondChance,GlobalAllocation,11,0,6500,{'trace_kind': 'trace'},0.0065
isolation,1,report_mixed_heterogeneous,SecondChance,GlobalAllocation,11,0,9000,{'trace_kind': 'trace'},0.009
isolation,2,report_mixed_heterogeneous,SecondChance,GlobalAllocation,11,0,6900,{'trace_kind': 'trace'},0.0069
isolation,0,report_mixed_heterogeneous,SecondChance,GlobalAllocation,11,1,5600,{'trace_kind': 'trace'},0.0056
isolation,1,report_mixed_heterogeneous,SecondChance,GlobalAllocation,11,1,7700,{'trace_kind': 'trace'},0.0077
isolation,2,report_mixed_heterogeneous,SecondChance,GlobalAllocation,11,1,5800,{'trace_kind': 'trace'},0.0058
isolation,0,report_mixed_heterogeneous,SecondChance,GlobalAllocation,11,2,7700,{'trace_kind': 'trace'},0.0077
isolation,1,report_mixed_heterogeneous,SecondChance,GlobalAllocation,11,2,8000,{'trace_kind': 'trace'},0.008
isolation,2,report_mixed_heterogeneous,SecondChance,GlobalAllocation,11,2,6000,{'trace_kind': 'trace'},0.006
isolation,0,report_mixed_heterogeneous,SecondChance,GlobalAllocation,11,3,5900,{'trace_kind': 'trace'},0.0059
isolation,1,report_mixed_heterogeneous,SecondChance,GlobalAllocation,11,3,8400,{'trace_kind': 'trace'},0.0084
isolation,2,report_mixed_heterogeneous,SecondChance,GlobalAllocation,11,3,5900,{'trace_kind': 'trace'},0.0059
isolation,0,report_mixed_heterogeneous,SecondChance,GlobalAllocation,11,4,4700,{'trace_kind': 'trace'},0.0047
isolation,1,report_mixed_heterogeneous,SecondChance,GlobalAllocation,11,4,7200,{'trace_kind': 'trace'},0.0072
isolation,2,report_mixed_heterogeneous,SecondChance,GlobalAllocation,11,4,5500,{'trace_kind': 'trace'},0.0055
isolation,0,report_mixed_heterogeneous,SecondChance,GlobalAllocation,11,5,3200,{'trace_kind': 'trace'},0.0032
isolation,1,report_mixed_heterogeneous,SecondChance,GlobalAllocation,11,5,4300,{'trace_kind': 'trace'},0.0043
isolation,2,report_mixed_heterogeneous,SecondChance,GlobalAllocation,11,5,3100,{'trace_kind': 'trace'},0.0031
isolation,0,report_mixed_heterogeneous,SecondChance,GlobalAllocation,11,6,3100,{'trace_kind': 'trace'},0.0031
isolation,1,report_mixed_heterogeneous,SecondChance,GlobalAllocation,11,6,4200,{'trace_kind': 'trace'},0.0042
isolation,2,report_mixed_heterogeneous,SecondChance,GlobalAllocation,11,6,3000,{'trace_kind': 'trace'},0.003
isolation,0,report_mixed_heterogeneous,SecondChance,GlobalAllocation,11,7,2900,{'trace_kind': 'trace'},0.0029
isolation,1,report_mixed_heterogeneous,SecondChance,GlobalAllocation,11,7,4000,{'trace_kind': 'trace'},0.004
isolation,2,report_mixed_heterogeneous,SecondChance,GlobalAllocation,11,7,3300,{'trace_kind': 'trace'},0.0033
isolation,0,report_mixed_heterogeneous,SecondChance,GlobalAllocation,11,8,3100,{'trace_kind': 'trace'},0.0031
isolation,1,report_mixed_heterogeneous,SecondChance,GlobalAllocation,11,8,4200,{'trace_kind': 'trace'},0.0042
isolation,2,report_mixed_heterogeneous,SecondChance,GlobalAllocation,11,8,2900,{'trace_kind': 'trace'},0.0029
isolation,0,report_mixed_heterogeneous,SecondChance,GlobalAllocation,11,9,3000,{'trace_kind': 'trace'},0.003
isolation,1,report_mixed_heterogeneous,SecondChance,GlobalAllocation,11,9,4300,{'trace_kind': 'trace'},0.0043
isolation,2,report_mixed_heterogeneous,SecondChance,GlobalAllocation,11,9,2900,{'trace_kind': 'trace'},0.0029
isolation,0,report_mixed_heterogeneous,SecondChance,LocalAllocation,11,0,5500,{'trace_kind': 'trace'},0.0055
isolation,1,report_mixed_heterogeneous,SecondChance,LocalAllocation,11,0,7800,{'trace_kind': 'trace'},0.0078
isolation,2,report_mixed_heterogeneous,SecondChance,LocalAllocation,11,0,5100,{'trace_kind': 'trace'},0.0051
isolation,0,report_mixed_heterogeneous,SecondChance,LocalAllocation,11,1,4800,{'trace_kind': 'trace'},0.0048
isolation,1,report_mixed_heterogeneous,SecondChance,LocalAllocation,11,1,6800,{'trace_kind': 'trace'},0.0068
isolation,2,report_mixed_heterogeneous,SecondChance,LocalAllocation,11,1,4900,{'trace_kind': 'trace'},0.0049
isolation,0,report_mixed_heterogeneous,SecondChance,LocalAllocation,11,2,4100,{'trace_kind': 'trace'},0.0041
isolation,1,report_mixed_heterogeneous,SecondChance,LocalAllocation,11,2,6900,{'trace_kind': 'trace'},0.0069
isolation,2,report_mixed_heterogeneous,SecondChance,LocalAllocation,11,2,4900,{'trace_kind': 'trace'},0.0049
isolation,0,report_mixed_heterogeneous,SecondChance,LocalAllocation,11,3,4700,{'trace_kind': 'trace'},0.0047
isolation,1,report_mixed_heterogeneous,SecondChance,LocalAllocation,11,3,6900,{'trace_kind': 'trace'},0.0069
isolation,2,report_mixed_heterogeneous,SecondChance,LocalAllocation,11,3,5100,{'trace_kind': 'trace'},0.0051
isolation,0,report_mixed_heterogeneous,SecondChance,LocalAllocation,11,4,5100,{'trace_kind': 'trace'},0.0051
isolation,1,report_mixed_heterogeneous,SecondChance,LocalAllocation,11,4,7200,{'trace_kind': 'trace'},0.0072
isolation,2,report_mixed_heterogeneous,SecondChance,LocalAllocation,11,4,5400,{'trace_kind': 'trace'},0.0054
isolation,0,report_mixed_heterogeneous,SecondChance,LocalAllocation,11,5,5100,{'trace_kind': 'trace'},0.0051
isolation,1,report_mixed_heterogeneous,SecondChance,LocalAllocation,11,5,6400,{'trace_kind': 'trace'},0.0064
isolation,2,report_mixed_heterogeneous,SecondChance,LocalAllocation,11,5,4800,{'trace_kind': 'trace'},0.0048
isolation,0,report_mixed_heterogeneous,SecondChance,LocalAllocation,11,6,2700,{'trace_kind': 'trace'},0.0027
isolation,1,report_mixed_heterogeneous,SecondChance,LocalAllocation,11,6,3800,{'trace_kind': 'trace'},0.0038
isolation,2,report_mixed_heterogeneous,SecondChance,LocalAllocation,11,6,2900,{'trace_kind': 'trace'},0.0029
isolation,0,report_mixed_heterogeneous,SecondChance,LocalAllocation,11,7,3000,{'trace_kind': 'trace'},0.003
isolation,1,report_mixed_heterogeneous,SecondChance,LocalAllocation,11,7,4000,{'trace_kind': 'trace'},0.004
isolation,2,report_mixed_heterogeneous,SecondChance,LocalAllocation,11,7,3000,{'trace_kind': 'trace'},0.003
isolation,0,report_mixed_heterogeneous,SecondChance,LocalAllocation,11,8,3000,{'trace_kind': 'trace'},0.003
isolation,1,report_mixed_heterogeneous,SecondChance,LocalAllocation,11,8,3900,{'trace_kind': 'trace'},0.0039
isolation,2,report_mixed_heterogeneous,SecondChance,LocalAllocation,11,8,2900,{'trace_kind': 'trace'},0.0029
isolation,0,report_mixed_heterogeneous,SecondChance,LocalAllocation,11,9,2800,{'trace_kind': 'trace'},0.0028
isolation,1,report_mixed_heterogeneous,SecondChance,LocalAllocation,11,9,3800,{'trace_kind': 'trace'},0.0038
isolation,2,report_mixed_heterogeneous,SecondChance,LocalAllocation,11,9,3000,{'trace_kind': 'trace'},0.003
isolation,0,report_mixed_heterogeneous,SecondChance,ProportionalAllocation,11,0,2900,{'trace_kind': 'trace'},0.0029
isolation,1,report_mixed_heterogeneous,SecondChance,ProportionalAllocation,11,0,3900,{'trace_kind': 'trace'},0.0039
isolation,2,report_mixed_heterogeneous,SecondChance,ProportionalAllocation,11,0,2900,{'trace_kind': 'trace'},0.0029
isolation,0,report_mixed_heterogeneous,SecondChance,ProportionalAllocation,11,1,2900,{'trace_kind': 'trace'},0.0029
isolation,1,report_mixed_heterogeneous,SecondChance,ProportionalAllocation,11,1,3800,{'trace_kind': 'trace'},0.0038
isolation,2,report_mixed_heterogeneous,SecondChance,ProportionalAllocation,11,1,3000,{'trace_kind': 'trace'},0.003
isolation,0,report_mixed_heterogeneous,SecondChance,ProportionalAllocation,11,2,2800,{'trace_kind': 'trace'},0.0028
isolation,1,report_mixed_heterogeneous,SecondChance,ProportionalAllocation,11,2,4100,{'trace_kind': 'trace'},0.0041
isolation,2,report_mixed_heterogeneous,SecondChance,ProportionalAllocation,11,2,2900,{'trace_kind': 'trace'},0.0029
isolation,0,report_mixed_heterogeneous,SecondChance,ProportionalAllocation,11,3,2700,{'trace_kind': 'trace'},0.0027
isolation,1,report_mixed_heterogeneous,SecondChance,ProportionalAllocation,11,3,3800,{'trace_kind': 'trace'},0.0038
isolation,2,report_mixed_heterogeneous,SecondChance,ProportionalAllocation,11,3,3100,{'trace_kind': 'trace'},0.0031
isolation,0,report_mixed_heterogeneous,SecondChance,ProportionalAllocation,11,4,2900,{'trace_kind': 'trace'},0.0029
isolation,1,report_mixed_heterogeneous,SecondChance,ProportionalAllocation,11,4,3900,{'trace_kind': 'trace'},0.0039
isolation,2,report_mixed_heterogeneous,SecondChance,ProportionalAllocation,11,4,2900,{'trace_kind': 'trace'},0.0029
isolation,0,report_mixed_heterogeneous,SecondChance,ProportionalAllocation,11,5,2800,{'trace_kind': 'trace'},0.0028
isolation,1,report_mixed_heterogeneous,SecondChance,ProportionalAllocation,11,5,3800,{'trace_kind': 'trace'},0.0038
isolation,2,report_mixed_heterogeneous,SecondChance,ProportionalAllocation,11,5,2900,{'trace_kind': 'trace'},0.0029
isolation,0,report_mixed_heterogeneous,SecondChance,ProportionalAllocation,11,6,2700,{'trace_kind': 'trace'},0.0027
isolation,1,report_mixed_heterogeneous,SecondChance,ProportionalAllocation,11,6,3900,{'trace_kind': 'trace'},0.0039
isolation,2,report_mixed_heterogeneous,SecondChance,ProportionalAllocation,11,6,3000,{'trace_kind': 'trace'},0.003
isolation,0,report_mixed_heterogeneous,SecondChance,ProportionalAllocation,11,7,2700,{'trace_kind': 'trace'},0.0027
isolation,1,report_mixed_heterogeneous,SecondChance,ProportionalAllocation,11,7,3900,{'trace_kind': 'trace'},0.0039
isolation,2,report_mixed_heterogeneous,SecondChance,ProportionalAllocation,11,7,3000,{'trace_kind': 'trace'},0.003
isolation,0,report_mixed_heterogeneous,SecondChance,ProportionalAllocation,11,8,2700,{'trace_kind': 'trace'},0.0027
isolation,1,report_mixed_heterogeneous,SecondChance,ProportionalAllocation,11,8,4200,{'trace_kind': 'trace'},0.0042
isolation,2,report_mixed_heterogeneous,SecondChance,ProportionalAllocation,11,8,2900,{'trace_kind': 'trace'},0.0029
isolation,0,report_mixed_heterogeneous,SecondChance,ProportionalAllocation,11,9,2800,{'trace_kind': 'trace'},0.0028
isolation,1,report_mixed_heterogeneous,SecondChance,ProportionalAllocation,11,9,3800,{'trace_kind': 'trace'},0.0038
isolation,2,report_mixed_heterogeneous,SecondChance,ProportionalAllocation,11,9,2800,{'trace_kind': 'trace'},0.0028
isolation,0,report_mixed_heterogeneous,WSClock,GlobalAllocation,11,0,3700,{'trace_kind': 'trace'},0.0037
isolation,1,report_mixed_heterogeneous,WSClock,GlobalAllocation,11,0,5000,{'trace_kind': 'trace'},0.005
isolation,2,report_mixed_heterogeneous,WSClock,GlobalAllocation,11,0,3700,{'trace_kind': 'trace'},0.0037
isolation,0,report_mixed_heterogeneous,WSClock,GlobalAllocation,11,1,3200,{'trace_kind': 'trace'},0.0032
isolation,1,report_mixed_heterogeneous,WSClock,GlobalAllocation,11,1,4200,{'trace_kind': 'trace'},0.0042
isolation,2,report_mixed_heterogeneous,WSClock,GlobalAllocation,11,1,3300,{'trace_kind': 'trace'},0.0033
isolation,0,report_mixed_heterogeneous,WSClock,GlobalAllocation,11,2,3100,{'trace_kind': 'trace'},0.0031
isolation,1,report_mixed_heterogeneous,WSClock,GlobalAllocation,11,2,4200,{'trace_kind': 'trace'},0.0042
isolation,2,report_mixed_heterogeneous,WSClock,GlobalAllocation,11,2,3200,{'trace_kind': 'trace'},0.0032
isolation,0,report_mixed_heterogeneous,WSClock,GlobalAllocation,11,3,2900,{'trace_kind': 'trace'},0.0029
isolation,1,report_mixed_heterogeneous,WSClock,GlobalAllocation,11,3,4100,{'trace_kind': 'trace'},0.0041
isolation,2,report_mixed_heterogeneous,WSClock,GlobalAllocation,11,3,3100,{'trace_kind': 'trace'},0.0031
isolation,0,report_mixed_heterogeneous,WSClock,GlobalAllocation,11,4,3200,{'trace_kind': 'trace'},0.0032
isolation,1,report_mixed_heterogeneous,WSClock,GlobalAllocation,11,4,4000,{'trace_kind': 'trace'},0.004
isolation,2,report_mixed_heterogeneous,WSClock,GlobalAllocation,11,4,3200,{'trace_kind': 'trace'},0.0032
isolation,0,report_mixed_heterogeneous,WSClock,GlobalAllocation,11,5,3200,{'trace_kind': 'trace'},0.0032
isolation,1,report_mixed_heterogeneous,WSClock,GlobalAllocation,11,5,4100,{'trace_kind': 'trace'},0.0041
isolation,2,report_mixed_heterogeneous,WSClock,GlobalAllocation,11,5,3200,{'trace_kind': 'trace'},0.0032
isolation,0,report_mixed_heterogeneous,WSClock,GlobalAllocation,11,6,3000,{'trace_kind': 'trace'},0.003
isolation,1,report_mixed_heterogeneous,WSClock,GlobalAllocation,11,6,4000,{'trace_kind': 'trace'},0.004
isolation,2,report_mixed_heterogeneous,WSClock,GlobalAllocation,11,6,2900,{'trace_kind': 'trace'},0.0029
isolation,0,report_mixed_heterogeneous,WSClock,GlobalAllocation,11,7,2700,{'trace_kind': 'trace'},0.0027
isolation,1,report_mixed_heterogeneous,WSClock,GlobalAllocation,11,7,3800,{'trace_kind': 'trace'},0.0038
isolation,2,report_mixed_heterogeneous,WSClock,GlobalAllocation,11,7,3000,{'trace_kind': 'trace'},0.003
isolation,0,report_mixed_heterogeneous,WSClock,GlobalAllocation,11,8,2900,{'trace_kind': 'trace'},0.0029
isolation,1,report_mixed_heterogeneous,WSClock,GlobalAllocation,11,8,4100,{'trace_kind': 'trace'},0.0041
isolation,2,report_mixed_heterogeneous,WSClock,GlobalAllocation,11,8,2800,{'trace_kind': 'trace'},0.0028
isolation,0,report_mixed_heterogeneous,WSClock,GlobalAllocation,11,9,2700,{'trace_kind': 'trace'},0.0027
isolation,1,report_mixed_heterogeneous,WSClock,GlobalAllocation,11,9,3900,{'trace_kind': 'trace'},0.0039
isolation,2,report_mixed_heterogeneous,WSClock,GlobalAllocation,11,9,3000,{'trace_kind': 'trace'},0.003
isolation,0,report_mixed_heterogeneous,WSClock,LocalAllocation,11,0,2900,{'trace_kind': 'trace'},0.0029
isolation,1,report_mixed_heterogeneous,WSClock,LocalAllocation,11,0,4000,{'trace_kind': 'trace'},0.004
isolation,2,report_mixed_heterogeneous,WSClock,LocalAllocation,11,0,3000,{'trace_kind': 'trace'},0.003
isolation,0,report_mixed_heterogeneous,WSClock,LocalAllocation,11,1,2900,{'trace_kind': 'trace'},0.0029
isolation,1,report_mixed_heterogeneous,WSClock,LocalAllocation,11,1,3900,{'trace_kind': 'trace'},0.0039
isolation,2,report_mixed_heterogeneous,WSClock,LocalAllocation,11,1,2800,{'trace_kind': 'trace'},0.0028
isolation,0,report_mixed_heterogeneous,WSClock,LocalAllocation,11,2,2800,{'trace_kind': 'trace'},0.0028
isolation,1,report_mixed_heterogeneous,WSClock,LocalAllocation,11,2,3800,{'trace_kind': 'trace'},0.0038
isolation,2,report_mixed_heterogeneous,WSClock,LocalAllocation,11,2,2900,{'trace_kind': 'trace'},0.0029
isolation,0,report_mixed_heterogeneous,WSClock,LocalAllocation,11,3,2700,{'trace_kind': 'trace'},0.0027
isolation,1,report_mixed_heterogeneous,WSClock,LocalAllocation,11,3,3800,{'trace_kind': 'trace'},0.0038
isolation,2,report_mixed_heterogeneous,WSClock,LocalAllocation,11,3,2900,{'trace_kind': 'trace'},0.0029
isolation,0,report_mixed_heterogeneous,WSClock,LocalAllocation,11,4,2700,{'trace_kind': 'trace'},0.0027
isolation,1,report_mixed_heterogeneous,WSClock,LocalAllocation,11,4,3700,{'trace_kind': 'trace'},0.0037
isolation,2,report_mixed_heterogeneous,WSClock,LocalAllocation,11,4,2900,{'trace_kind': 'trace'},0.0029
isolation,0,report_mixed_heterogeneous,WSClock,LocalAllocation,11,5,2900,{'trace_kind': 'trace'},0.0029
isolation,1,report_mixed_heterogeneous,WSClock,LocalAllocation,11,5,4100,{'trace_kind': 'trace'},0.0041
isolation,2,report_mixed_heterogeneous,WSClock,LocalAllocation,11,5,3000,{'trace_kind': 'trace'},0.003
isolation,0,report_mixed_heterogeneous,WSClock,LocalAllocation,11,6,2700,{'trace_kind': 'trace'},0.0027
isolation,1,report_mixed_heterogeneous,WSClock,LocalAllocation,11,6,3900,{'trace_kind': 'trace'},0.0039
isolation,2,report_mixed_heterogeneous,WSClock,LocalAllocation,11,6,2800,{'trace_kind': 'trace'},0.0028
isolation,0,report_mixed_heterogeneous,WSClock,LocalAllocation,11,7,2600,{'trace_kind': 'trace'},0.0026
isolation,1,report_mixed_heterogeneous,WSClock,LocalAllocation,11,7,4100,{'trace_kind': 'trace'},0.0041
isolation,2,report_mixed_heterogeneous,WSClock,LocalAllocation,11,7,2800,{'trace_kind': 'trace'},0.0028
isolation,0,report_mixed_heterogeneous,WSClock,LocalAllocation,11,8,2800,{'trace_kind': 'trace'},0.0028
isolation,1,report_mixed_heterogeneous,WSClock,LocalAllocation,11,8,3700,{'trace_kind': 'trace'},0.0037
isolation,2,report_mixed_heterogeneous,WSClock,LocalAllocation,11,8,3000,{'trace_kind': 'trace'},0.003
isolation,0,report_mixed_heterogeneous,WSClock,LocalAllocation,11,9,2700,{'trace_kind': 'trace'},0.0027
isolation,1,report_mixed_heterogeneous,WSClock,LocalAllocation,11,9,3800,{'trace_kind': 'trace'},0.0038
isolation,2,report_mixed_heterogeneous,WSClock,LocalAllocation,11,9,2900,{'trace_kind': 'trace'},0.0029
isolation,0,report_mixed_heterogeneous,WSClock,ProportionalAllocation,11,0,3100,{'trace_kind': 'trace'},0.0031
isolation,1,report_mixed_heterogeneous,WSClock,ProportionalAllocation,11,0,3800,{'trace_kind': 'trace'},0.0038
isolation,2,report_mixed_heterogeneous,WSClock,ProportionalAllocation,11,0,3000,{'trace_kind': 'trace'},0.003
isolation,0,report_mixed_heterogeneous,WSClock,ProportionalAllocation,11,1,2700,{'trace_kind': 'trace'},0.0027
isolation,1,report_mixed_heterogeneous,WSClock,ProportionalAllocation,11,1,3900,{'trace_kind': 'trace'},0.0039
isolation,2,report_mixed_heterogeneous,WSClock,ProportionalAllocation,11,1,2800,{'trace_kind': 'trace'},0.0028
isolation,0,report_mixed_heterogeneous,WSClock,ProportionalAllocation,11,2,2800,{'trace_kind': 'trace'},0.0028
isolation,1,report_mixed_heterogeneous,WSClock,ProportionalAllocation,11,2,3900,{'trace_kind': 'trace'},0.0039
isolation,2,report_mixed_heterogeneous,WSClock,ProportionalAllocation,11,2,2900,{'trace_kind': 'trace'},0.0029
isolation,0,report_mixed_heterogeneous,WSClock,ProportionalAllocation,11,3,2700,{'trace_kind': 'trace'},0.0027
isolation,1,report_mixed_heterogeneous,WSClock,ProportionalAllocation,11,3,3700,{'trace_kind': 'trace'},0.0037
isolation,2,report_mixed_heterogeneous,WSClock,ProportionalAllocation,11,3,2900,{'trace_kind': 'trace'},0.0029
isolation,0,report_mixed_heterogeneous,WSClock,ProportionalAllocation,11,4,2700,{'trace_kind': 'trace'},0.0027
isolation,1,report_mixed_heterogeneous,WSClock,ProportionalAllocation,11,4,3800,{'trace_kind': 'trace'},0.0038
isolation,2,report_mixed_heterogeneous,WSClock,ProportionalAllocation,11,4,2900,{'trace_kind': 'trace'},0.0029
isolation,0,report_mixed_heterogeneous,WSClock,ProportionalAllocation,11,5,2700,{'trace_kind': 'trace'},0.0027
isolation,1,report_mixed_heterogeneous,WSClock,ProportionalAllocation,11,5,3800,{'trace_kind': 'trace'},0.0038
isolation,2,report_mixed_heterogeneous,WSClock,ProportionalAllocation,11,5,2900,{'trace_kind': 'trace'},0.0029
isolation,0,report_mixed_heterogeneous,WSClock,ProportionalAllocation,11,6,2700,{'trace_kind': 'trace'},0.0027
isolation,1,report_mixed_heterogeneous,WSClock,ProportionalAllocation,11,6,3700,{'trace_kind': 'trace'},0.0037
isolation,2,report_mixed_heterogeneous,WSClock,ProportionalAllocation,11,6,2900,{'trace_kind': 'trace'},0.0029
isolation,0,report_mixed_heterogeneous,WSClock,ProportionalAllocation,11,7,2700,{'trace_kind': 'trace'},0.0027
isolation,1,report_mixed_heterogeneous,WSClock,ProportionalAllocation,11,7,3900,{'trace_kind': 'trace'},0.0039
isolation,2,report_mixed_heterogeneous,WSClock,ProportionalAllocation,11,7,2800,{'trace_kind': 'trace'},0.0028
isolation,0,report_mixed_heterogeneous,WSClock,ProportionalAllocation,11,8,2600,{'trace_kind': 'trace'},0.0026
isolation,1,report_mixed_heterogeneous,WSClock,ProportionalAllocation,11,8,3900,{'trace_kind': 'trace'},0.0039
isolation,2,report_mixed_heterogeneous,WSClock,ProportionalAllocation,11,8,2800,{'trace_kind': 'trace'},0.0028
isolation,0,report_mixed_heterogeneous,WSClock,ProportionalAllocation,11,9,2800,{'trace_kind': 'trace'},0.0028
isolation,1,report_mixed_heterogeneous,WSClock,ProportionalAllocation,11,9,3800,{'trace_kind': 'trace'},0.0038
isolation,2,report_mixed_heterogeneous,WSClock,ProportionalAllocation,11,9,2800,{'trace_kind': 'trace'},0.0028
isolation,0,report_mixed_heterogeneous,FIFO,GlobalAllocation,13,0,3800,{'trace_kind': 'trace'},0.0038
isolation,1,report_mixed_heterogeneous,FIFO,GlobalAllocation,13,0,6600,{'trace_kind': 'trace'},0.0066
isolation,2,report_mixed_heterogeneous,FIFO,GlobalAllocation,13,0,3700,{'trace_kind': 'trace'},0.0037
isolation,0,report_mixed_heterogeneous,FIFO,GlobalAllocation,13,1,4000,{'trace_kind': 'trace'},0.004
isolation,1,report_mixed_heterogeneous,FIFO,GlobalAllocation,13,1,4200,{'trace_kind': 'trace'},0.0042
isolation,2,report_mixed_heterogeneous,FIFO,GlobalAllocation,13,1,3700,{'trace_kind': 'trace'},0.0037
isolation,0,report_mixed_heterogeneous,FIFO,GlobalAllocation,13,2,3000,{'trace_kind': 'trace'},0.003
isolation,1,report_mixed_heterogeneous,FIFO,GlobalAllocation,13,2,4200,{'trace_kind': 'trace'},0.0042
isolation,2,report_mixed_heterogeneous,FIFO,GlobalAllocation,13,2,3500,{'trace_kind': 'trace'},0.0035
isolation,0,report_mixed_heterogeneous,FIFO,GlobalAllocation,13,3,3000,{'trace_kind': 'trace'},0.003
isolation,1,report_mixed_heterogeneous,FIFO,GlobalAllocation,13,3,5700,{'trace_kind': 'trace'},0.0057
isolation,2,report_mixed_heterogeneous,FIFO,GlobalAllocation,13,3,3200,{'trace_kind': 'trace'},0.0032
isolation,0,report_mixed_heterogeneous,FIFO,GlobalAllocation,13,4,3000,{'trace_kind': 'trace'},0.003
isolation,1,report_mixed_heterogeneous,FIFO,GlobalAllocation,13,4,4000,{'trace_kind': 'trace'},0.004
isolation,2,report_mixed_heterogeneous,FIFO,GlobalAllocation,13,4,3900,{'trace_kind': 'trace'},0.0039
isolation,0,report_mixed_heterogeneous,FIFO,GlobalAllocation,13,5,2900,{'trace_kind': 'trace'},0.0029
isolation,1,report_mixed_heterogeneous,FIFO,GlobalAllocation,13,5,4200,{'trace_kind': 'trace'},0.0042
isolation,2,report_mixed_heterogeneous,FIFO,GlobalAllocation,13,5,3900,{'trace_kind': 'trace'},0.0039
isolation,0,report_mixed_heterogeneous,FIFO,GlobalAllocation,13,6,2800,{'trace_kind': 'trace'},0.0028
isolation,1,report_mixed_heterogeneous,FIFO,GlobalAllocation,13,6,4300,{'trace_kind': 'trace'},0.0043
isolation,2,report_mixed_heterogeneous,FIFO,GlobalAllocation,13,6,3000,{'trace_kind': 'trace'},0.003
isolation,0,report_mixed_heterogeneous,FIFO,GlobalAllocation,13,7,2800,{'trace_kind': 'trace'},0.0028
isolation,1,report_mixed_heterogeneous,FIFO,GlobalAllocation,13,7,3800,{'trace_kind': 'trace'},0.0038
isolation,2,report_mixed_heterogeneous,FIFO,GlobalAllocation,13,7,3600,{'trace_kind': 'trace'},0.0036
isolation,0,report_mixed_heterogeneous,FIFO,GlobalAllocation,13,8,3900,{'trace_kind': 'trace'},0.0039
isolation,1,report_mixed_heterogeneous,FIFO,GlobalAllocation,13,8,4000,{'trace_kind': 'trace'},0.004
isolation,2,report_mixed_heterogeneous,FIFO,GlobalAllocation,13,8,2900,{'trace_kind': 'trace'},0.0029
isolation,0,report_mixed_heterogeneous,FIFO,GlobalAllocation,13,9,2600,{'trace_kind': 'trace'},0.0026
isolation,1,report_mixed_heterogeneous,FIFO,GlobalAllocation,13,9,3900,{'trace_kind': 'trace'},0.0039
isolation,2,report_mixed_heterogeneous,FIFO,GlobalAllocation,13,9,2900,{'trace_kind': 'trace'},0.0029
isolation,0,report_mixed_heterogeneous,FIFO,LocalAllocation,13,0,3200,{'trace_kind': 'trace'},0.0032
isolation,1,report_mixed_heterogeneous,FIFO,LocalAllocation,13,0,3800,{'trace_kind': 'trace'},0.0038
isolation,2,report_mixed_heterogeneous,FIFO,LocalAllocation,13,0,2800,{'trace_kind': 'trace'},0.0028
isolation,0,report_mixed_heterogeneous,FIFO,LocalAllocation,13,1,2600,{'trace_kind': 'trace'},0.0026
isolation,1,report_mixed_heterogeneous,FIFO,LocalAllocation,13,1,3900,{'trace_kind': 'trace'},0.0039
isolation,2,report_mixed_heterogeneous,FIFO,LocalAllocation,13,1,2900,{'trace_kind': 'trace'},0.0029
isolation,0,report_mixed_heterogeneous,FIFO,LocalAllocation,13,2,2800,{'trace_kind': 'trace'},0.0028
isolation,1,report_mixed_heterogeneous,FIFO,LocalAllocation,13,2,3700,{'trace_kind': 'trace'},0.0037
isolation,2,report_mixed_heterogeneous,FIFO,LocalAllocation,13,2,3000,{'trace_kind': 'trace'},0.003
isolation,0,report_mixed_heterogeneous,FIFO,LocalAllocation,13,3,2800,{'trace_kind': 'trace'},0.0028
isolation,1,report_mixed_heterogeneous,FIFO,LocalAllocation,13,3,5500,{'trace_kind': 'trace'},0.0055
isolation,2,report_mixed_heterogeneous,FIFO,LocalAllocation,13,3,2900,{'trace_kind': 'trace'},0.0029
isolation,0,report_mixed_heterogeneous,FIFO,LocalAllocation,13,4,2600,{'trace_kind': 'trace'},0.0026
isolation,1,report_mixed_heterogeneous,FIFO,LocalAllocation,13,4,3800,{'trace_kind': 'trace'},0.0038
isolation,2,report_mixed_heterogeneous,FIFO,LocalAllocation,13,4,2700,{'trace_kind': 'trace'},0.0027
isolation,0,report_mixed_heterogeneous,FIFO,LocalAllocation,13,5,2600,{'trace_kind': 'trace'},0.0026
isolation,1,report_mixed_heterogeneous,FIFO,LocalAllocation,13,5,3700,{'trace_kind': 'trace'},0.0037
isolation,2,report_mixed_heterogeneous,FIFO,LocalAllocation,13,5,2800,{'trace_kind': 'trace'},0.0028
isolation,0,report_mixed_heterogeneous,FIFO,LocalAllocation,13,6,2500,{'trace_kind': 'trace'},0.0025
isolation,1,report_mixed_heterogeneous,FIFO,LocalAllocation,13,6,3500,{'trace_kind': 'trace'},0.0035
isolation,2,report_mixed_heterogeneous,FIFO,LocalAllocation,13,6,3000,{'trace_kind': 'trace'},0.003
isolation,0,report_mixed_heterogeneous,FIFO,LocalAllocation,13,7,2600,{'trace_kind': 'trace'},0.0026
isolation,1,report_mixed_heterogeneous,FIFO,LocalAllocation,13,7,3700,{'trace_kind': 'trace'},0.0037
isolation,2,report_mixed_heterogeneous,FIFO,LocalAllocation,13,7,2900,{'trace_kind': 'trace'},0.0029
isolation,0,report_mixed_heterogeneous,FIFO,LocalAllocation,13,8,2600,{'trace_kind': 'trace'},0.0026
isolation,1,report_mixed_heterogeneous,FIFO,LocalAllocation,13,8,3600,{'trace_kind': 'trace'},0.0036
isolation,2,report_mixed_heterogeneous,FIFO,LocalAllocation,13,8,3900,{'trace_kind': 'trace'},0.0039
isolation,0,report_mixed_heterogeneous,FIFO,LocalAllocation,13,9,2700,{'trace_kind': 'trace'},0.0027
isolation,1,report_mixed_heterogeneous,FIFO,LocalAllocation,13,9,3700,{'trace_kind': 'trace'},0.0037
isolation,2,report_mixed_heterogeneous,FIFO,LocalAllocation,13,9,2700,{'trace_kind': 'trace'},0.0027
isolation,0,report_mixed_heterogeneous,FIFO,ProportionalAllocation,13,0,2900,{'trace_kind': 'trace'},0.0029
isolation,1,report_mixed_heterogeneous,FIFO,ProportionalAllocation,13,0,3900,{'trace_kind': 'trace'},0.0039
isolation,2,report_mixed_heterogeneous,FIFO,ProportionalAllocation,13,0,2800,{'trace_kind': 'trace'},0.0028
isolation,0,report_mixed_heterogeneous,FIFO,ProportionalAllocation,13,1,2800,{'trace_kind': 'trace'},0.0028
isolation,1,report_mixed_heterogeneous,FIFO,ProportionalAllocation,13,1,4000,{'trace_kind': 'trace'},0.004
isolation,2,report_mixed_heterogeneous,FIFO,ProportionalAllocation,13,1,3100,{'trace_kind': 'trace'},0.0031
isolation,0,report_mixed_heterogeneous,FIFO,ProportionalAllocation,13,2,2700,{'trace_kind': 'trace'},0.0027
isolation,1,report_mixed_heterogeneous,FIFO,ProportionalAllocation,13,2,3800,{'trace_kind': 'trace'},0.0038
isolation,2,report_mixed_heterogeneous,FIFO,ProportionalAllocation,13,2,2800,{'trace_kind': 'trace'},0.0028
isolation,0,report_mixed_heterogeneous,FIFO,ProportionalAllocation,13,3,2600,{'trace_kind': 'trace'},0.0026
isolation,1,report_mixed_heterogeneous,FIFO,ProportionalAllocation,13,3,3800,{'trace_kind': 'trace'},0.0038
isolation,2,report_mixed_heterogeneous,FIFO,ProportionalAllocation,13,3,2700,{'trace_kind': 'trace'},0.0027
isolation,0,report_mixed_heterogeneous,FIFO,ProportionalAllocation,13,4,2600,{'trace_kind': 'trace'},0.0026
isolation,1,report_mixed_heterogeneous,FIFO,ProportionalAllocation,13,4,3700,{'trace_kind': 'trace'},0.0037
isolation,2,report_mixed_heterogeneous,FIFO,ProportionalAllocation,13,4,2900,{'trace_kind': 'trace'},0.0029
isolation,0,report_mixed_heterogeneous,FIFO,ProportionalAllocation,13,5,2700,{'trace_kind': 'trace'},0.0027
isolation,1,report_mixed_heterogeneous,FIFO,ProportionalAllocation,13,5,3700,{'trace_kind': 'trace'},0.0037
isolation,2,report_mixed_heterogeneous,FIFO,ProportionalAllocation,13,5,2700,{'trace_kind': 'trace'},0.0027
isolation,0,report_mixed_heterogeneous,FIFO,ProportionalAllocation,13,6,2600,{'trace_kind': 'trace'},0.0026
isolation,1,report_mixed_heterogeneous,FIFO,ProportionalAllocation,13,6,3700,{'trace_kind': 'trace'},0.0037
isolation,2,report_mixed_heterogeneous,FIFO,ProportionalAllocation,13,6,2700,{'trace_kind': 'trace'},0.0027
isolation,0,report_mixed_heterogeneous,FIFO,ProportionalAllocation,13,7,2700,{'trace_kind': 'trace'},0.0027
isolation,1,report_mixed_heterogeneous,FIFO,ProportionalAllocation,13,7,3800,{'trace_kind': 'trace'},0.0038
isolation,2,report_mixed_heterogeneous,FIFO,ProportionalAllocation,13,7,2800,{'trace_kind': 'trace'},0.0028
isolation,0,report_mixed_heterogeneous,FIFO,ProportionalAllocation,13,8,2500,{'trace_kind': 'trace'},0.0025
isolation,1,report_mixed_heterogeneous,FIFO,ProportionalAllocation,13,8,3700,{'trace_kind': 'trace'},0.0037
isolation,2,report_mixed_heterogeneous,FIFO,ProportionalAllocation,13,8,2800,{'trace_kind': 'trace'},0.0028
isolation,0,report_mixed_heterogeneous,FIFO,ProportionalAllocation,13,9,2500,{'trace_kind': 'trace'},0.0025
isolation,1,report_mixed_heterogeneous,FIFO,ProportionalAllocation,13,9,3700,{'trace_kind': 'trace'},0.0037
isolation,2,report_mixed_heterogeneous,FIFO,ProportionalAllocation,13,9,3000,{'trace_kind': 'trace'},0.003
isolation,0,report_mixed_heterogeneous,LRU,GlobalAllocation,13,0,3900,{'trace_kind': 'trace'},0.0039
isolation,1,report_mixed_heterogeneous,LRU,GlobalAllocation,13,0,5200,{'trace_kind': 'trace'},0.0052
isolation,2,report_mixed_heterogeneous,LRU,GlobalAllocation,13,0,3900,{'trace_kind': 'trace'},0.0039
isolation,0,report_mixed_heterogeneous,LRU,GlobalAllocation,13,1,3400,{'trace_kind': 'trace'},0.0034
isolation,1,report_mixed_heterogeneous,LRU,GlobalAllocation,13,1,4200,{'trace_kind': 'trace'},0.0042
isolation,2,report_mixed_heterogeneous,LRU,GlobalAllocation,13,1,3300,{'trace_kind': 'trace'},0.0033
isolation,0,report_mixed_heterogeneous,LRU,GlobalAllocation,13,2,3200,{'trace_kind': 'trace'},0.0032
isolation,1,report_mixed_heterogeneous,LRU,GlobalAllocation,13,2,4300,{'trace_kind': 'trace'},0.0043
isolation,2,report_mixed_heterogeneous,LRU,GlobalAllocation,13,2,3300,{'trace_kind': 'trace'},0.0033
isolation,0,report_mixed_heterogeneous,LRU,GlobalAllocation,13,3,3300,{'trace_kind': 'trace'},0.0033
isolation,1,report_mixed_heterogeneous,LRU,GlobalAllocation,13,3,4200,{'trace_kind': 'trace'},0.0042
isolation,2,report_mixed_heterogeneous,LRU,GlobalAllocation,13,3,3200,{'trace_kind': 'trace'},0.0032
isolation,0,report_mixed_heterogeneous,LRU,GlobalAllocation,13,4,3100,{'trace_kind': 'trace'},0.0031
isolation,1,report_mixed_heterogeneous,LRU,GlobalAllocation,13,4,4200,{'trace_kind': 'trace'},0.0042
isolation,2,report_mixed_heterogeneous,LRU,GlobalAllocation,13,4,3300,{'trace_kind': 'trace'},0.0033
isolation,0,report_mixed_heterogeneous,LRU,GlobalAllocation,13,5,3300,{'trace_kind': 'trace'},0.0033
isolation,1,report_mixed_heterogeneous,LRU,GlobalAllocation,13,5,4100,{'trace_kind': 'trace'},0.0041
isolation,2,report_mixed_heterogeneous,LRU,GlobalAllocation,13,5,3200,{'trace_kind': 'trace'},0.0032
isolation,0,report_mixed_heterogeneous,LRU,GlobalAllocation,13,6,3300,{'trace_kind': 'trace'},0.0033
isolation,1,report_mixed_heterogeneous,LRU,GlobalAllocation,13,6,4200,{'trace_kind': 'trace'},0.0042
isolation,2,report_mixed_heterogeneous,LRU,GlobalAllocation,13,6,3100,{'trace_kind': 'trace'},0.0031
isolation,0,report_mixed_heterogeneous,LRU,GlobalAllocation,13,7,2900,{'trace_kind': 'trace'},0.0029
isolation,1,report_mixed_heterogeneous,LRU,GlobalAllocation,13,7,4000,{'trace_kind': 'trace'},0.004
isolation,2,report_mixed_heterogeneous,LRU,GlobalAllocation,13,7,3200,{'trace_kind': 'trace'},0.0032
isolation,0,report_mixed_heterogeneous,LRU,GlobalAllocation,13,8,3000,{'trace_kind': 'trace'},0.003
isolation,1,report_mixed_heterogeneous,LRU,GlobalAllocation,13,8,4100,{'trace_kind': 'trace'},0.0041
isolation,2,report_mixed_heterogeneous,LRU,GlobalAllocation,13,8,3100,{'trace_kind': 'trace'},0.0031
isolation,0,report_mixed_heterogeneous,LRU,GlobalAllocation,13,9,2900,{'trace_kind': 'trace'},0.0029
isolation,1,report_mixed_heterogeneous,LRU,GlobalAllocation,13,9,3900,{'trace_kind': 'trace'},0.0039
isolation,2,report_mixed_heterogeneous,LRU,GlobalAllocation,13,9,3100,{'trace_kind': 'trace'},0.0031
isolation,0,report_mixed_heterogeneous,LRU,LocalAllocation,13,0,3100,{'trace_kind': 'trace'},0.0031
isolation,1,report_mixed_heterogeneous,LRU,LocalAllocation,13,0,4400,{'trace_kind': 'trace'},0.0044
isolation,2,report_mixed_heterogeneous,LRU,LocalAllocation,13,0,3200,{'trace_kind': 'trace'},0.0032
isolation,0,report_mixed_heterogeneous,LRU,LocalAllocation,13,1,2900,{'trace_kind': 'trace'},0.0029
isolation,1,report_mixed_heterogeneous,LRU,LocalAllocation,13,1,4100,{'trace_kind': 'trace'},0.0041
isolation,2,report_mixed_heterogeneous,LRU,LocalAllocation,13,1,3200,{'trace_kind': 'trace'},0.0032
isolation,0,report_mixed_heterogeneous,LRU,LocalAllocation,13,2,3000,{'trace_kind': 'trace'},0.003
isolation,1,report_mixed_heterogeneous,LRU,LocalAllocation,13,2,3800,{'trace_kind': 'trace'},0.0038
isolation,2,report_mixed_heterogeneous,LRU,LocalAllocation,13,2,3200,{'trace_kind': 'trace'},0.0032
isolation,0,report_mixed_heterogeneous,LRU,LocalAllocation,13,3,2900,{'trace_kind': 'trace'},0.0029
isolation,1,report_mixed_heterogeneous,LRU,LocalAllocation,13,3,4000,{'trace_kind': 'trace'},0.004
isolation,2,report_mixed_heterogeneous,LRU,LocalAllocation,13,3,3100,{'trace_kind': 'trace'},0.0031
isolation,0,report_mixed_heterogeneous,LRU,LocalAllocation,13,4,2800,{'trace_kind': 'trace'},0.0028
isolation,1,report_mixed_heterogeneous,LRU,LocalAllocation,13,4,3900,{'trace_kind': 'trace'},0.0039
isolation,2,report_mixed_heterogeneous,LRU,LocalAllocation,13,4,3300,{'trace_kind': 'trace'},0.0033
isolation,0,report_mixed_heterogeneous,LRU,LocalAllocation,13,5,3000,{'trace_kind': 'trace'},0.003
isolation,1,report_mixed_heterogeneous,LRU,LocalAllocation,13,5,3800,{'trace_kind': 'trace'},0.0038
isolation,2,report_mixed_heterogeneous,LRU,LocalAllocation,13,5,3100,{'trace_kind': 'trace'},0.0031
isolation,0,report_mixed_heterogeneous,LRU,LocalAllocation,13,6,2900,{'trace_kind': 'trace'},0.0029
isolation,1,report_mixed_heterogeneous,LRU,LocalAllocation,13,6,3800,{'trace_kind': 'trace'},0.0038
isolation,2,report_mixed_heterogeneous,LRU,LocalAllocation,13,6,3000,{'trace_kind': 'trace'},0.003
isolation,0,report_mixed_heterogeneous,LRU,LocalAllocation,13,7,2800,{'trace_kind': 'trace'},0.0028
isolation,1,report_mixed_heterogeneous,LRU,LocalAllocation,13,7,3900,{'trace_kind': 'trace'},0.0039
isolation,2,report_mixed_heterogeneous,LRU,LocalAllocation,13,7,3100,{'trace_kind': 'trace'},0.0031
isolation,0,report_mixed_heterogeneous,LRU,LocalAllocation,13,8,3000,{'trace_kind': 'trace'},0.003
isolation,1,report_mixed_heterogeneous,LRU,LocalAllocation,13,8,3800,{'trace_kind': 'trace'},0.0038
isolation,2,report_mixed_heterogeneous,LRU,LocalAllocation,13,8,3100,{'trace_kind': 'trace'},0.0031
isolation,0,report_mixed_heterogeneous,LRU,LocalAllocation,13,9,2900,{'trace_kind': 'trace'},0.0029
isolation,1,report_mixed_heterogeneous,LRU,LocalAllocation,13,9,3900,{'trace_kind': 'trace'},0.0039
isolation,2,report_mixed_heterogeneous,LRU,LocalAllocation,13,9,3100,{'trace_kind': 'trace'},0.0031
isolation,0,report_mixed_heterogeneous,LRU,ProportionalAllocation,13,0,3000,{'trace_kind': 'trace'},0.003
isolation,1,report_mixed_heterogeneous,LRU,ProportionalAllocation,13,0,4000,{'trace_kind': 'trace'},0.004
isolation,2,report_mixed_heterogeneous,LRU,ProportionalAllocation,13,0,3100,{'trace_kind': 'trace'},0.0031
isolation,0,report_mixed_heterogeneous,LRU,ProportionalAllocation,13,1,3000,{'trace_kind': 'trace'},0.003
isolation,1,report_mixed_heterogeneous,LRU,ProportionalAllocation,13,1,4100,{'trace_kind': 'trace'},0.0041
isolation,2,report_mixed_heterogeneous,LRU,ProportionalAllocation,13,1,3400,{'trace_kind': 'trace'},0.0034
isolation,0,report_mixed_heterogeneous,LRU,ProportionalAllocation,13,2,3000,{'trace_kind': 'trace'},0.003
isolation,1,report_mixed_heterogeneous,LRU,ProportionalAllocation,13,2,4000,{'trace_kind': 'trace'},0.004
isolation,2,report_mixed_heterogeneous,LRU,ProportionalAllocation,13,2,3100,{'trace_kind': 'trace'},0.0031
isolation,0,report_mixed_heterogeneous,LRU,ProportionalAllocation,13,3,3000,{'trace_kind': 'trace'},0.003
isolation,1,report_mixed_heterogeneous,LRU,ProportionalAllocation,13,3,3900,{'trace_kind': 'trace'},0.0039
isolation,2,report_mixed_heterogeneous,LRU,ProportionalAllocation,13,3,3000,{'trace_kind': 'trace'},0.003
isolation,0,report_mixed_heterogeneous,LRU,ProportionalAllocation,13,4,2900,{'trace_kind': 'trace'},0.0029
isolation,1,report_mixed_heterogeneous,LRU,ProportionalAllocation,13,4,3900,{'trace_kind': 'trace'},0.0039
isolation,2,report_mixed_heterogeneous,LRU,ProportionalAllocation,13,4,3300,{'trace_kind': 'trace'},0.0033
isolation,0,report_mixed_heterogeneous,LRU,ProportionalAllocation,13,5,2800,{'trace_kind': 'trace'},0.0028
isolation,1,report_mixed_heterogeneous,LRU,ProportionalAllocation,13,5,3900,{'trace_kind': 'trace'},0.0039
isolation,2,report_mixed_heterogeneous,LRU,ProportionalAllocation,13,5,3100,{'trace_kind': 'trace'},0.0031
isolation,0,report_mixed_heterogeneous,LRU,ProportionalAllocation,13,6,2900,{'trace_kind': 'trace'},0.0029
isolation,1,report_mixed_heterogeneous,LRU,ProportionalAllocation,13,6,3900,{'trace_kind': 'trace'},0.0039
isolation,2,report_mixed_heterogeneous,LRU,ProportionalAllocation,13,6,3200,{'trace_kind': 'trace'},0.0032
isolation,0,report_mixed_heterogeneous,LRU,ProportionalAllocation,13,7,2800,{'trace_kind': 'trace'},0.0028
isolation,1,report_mixed_heterogeneous,LRU,ProportionalAllocation,13,7,3900,{'trace_kind': 'trace'},0.0039
isolation,2,report_mixed_heterogeneous,LRU,ProportionalAllocation,13,7,3100,{'trace_kind': 'trace'},0.0031
isolation,0,report_mixed_heterogeneous,LRU,ProportionalAllocation,13,8,2800,{'trace_kind': 'trace'},0.0028
isolation,1,report_mixed_heterogeneous,LRU,ProportionalAllocation,13,8,3800,{'trace_kind': 'trace'},0.0038
isolation,2,report_mixed_heterogeneous,LRU,ProportionalAllocation,13,8,3100,{'trace_kind': 'trace'},0.0031
isolation,0,report_mixed_heterogeneous,LRU,ProportionalAllocation,13,9,2900,{'trace_kind': 'trace'},0.0029
isolation,1,report_mixed_heterogeneous,LRU,ProportionalAllocation,13,9,4700,{'trace_kind': 'trace'},0.0047
isolation,2,report_mixed_heterogeneous,LRU,ProportionalAllocation,13,9,3100,{'trace_kind': 'trace'},0.0031
isolation,0,report_mixed_heterogeneous,NRU,GlobalAllocation,13,0,3700,{'trace_kind': 'trace'},0.0037
isolation,1,report_mixed_heterogeneous,NRU,GlobalAllocation,13,0,4800,{'trace_kind': 'trace'},0.0048
isolation,2,report_mixed_heterogeneous,NRU,GlobalAllocation,13,0,3700,{'trace_kind': 'trace'},0.0037
isolation,0,report_mixed_heterogeneous,NRU,GlobalAllocation,13,1,3200,{'trace_kind': 'trace'},0.0032
isolation,1,report_mixed_heterogeneous,NRU,GlobalAllocation,13,1,4000,{'trace_kind': 'trace'},0.004
isolation,2,report_mixed_heterogeneous,NRU,GlobalAllocation,13,1,3200,{'trace_kind': 'trace'},0.0032
isolation,0,report_mixed_heterogeneous,NRU,GlobalAllocation,13,2,3000,{'trace_kind': 'trace'},0.003
isolation,1,report_mixed_heterogeneous,NRU,GlobalAllocation,13,2,3900,{'trace_kind': 'trace'},0.0039
isolation,2,report_mixed_heterogeneous,NRU,GlobalAllocation,13,2,3000,{'trace_kind': 'trace'},0.003
isolation,0,report_mixed_heterogeneous,NRU,GlobalAllocation,13,3,3000,{'trace_kind': 'trace'},0.003
isolation,1,report_mixed_heterogeneous,NRU,GlobalAllocation,13,3,3800,{'trace_kind': 'trace'},0.0038
isolation,2,report_mixed_heterogeneous,NRU,GlobalAllocation,13,3,3100,{'trace_kind': 'trace'},0.0031
isolation,0,report_mixed_heterogeneous,NRU,GlobalAllocation,13,4,3000,{'trace_kind': 'trace'},0.003
isolation,1,report_mixed_heterogeneous,NRU,GlobalAllocation,13,4,3900,{'trace_kind': 'trace'},0.0039
isolation,2,report_mixed_heterogeneous,NRU,GlobalAllocation,13,4,3200,{'trace_kind': 'trace'},0.0032
isolation,0,report_mixed_heterogeneous,NRU,GlobalAllocation,13,5,3000,{'trace_kind': 'trace'},0.003
isolation,1,report_mixed_heterogeneous,NRU,GlobalAllocation,13,5,3800,{'trace_kind': 'trace'},0.0038
isolation,2,report_mixed_heterogeneous,NRU,GlobalAllocation,13,5,3100,{'trace_kind': 'trace'},0.0031
isolation,0,report_mixed_heterogeneous,NRU,GlobalAllocation,13,6,2900,{'trace_kind': 'trace'},0.0029
isolation,1,report_mixed_heterogeneous,NRU,GlobalAllocation,13,6,4200,{'trace_kind': 'trace'},0.0042
isolation,2,report_mixed_heterogeneous,NRU,GlobalAllocation,13,6,3100,{'trace_kind': 'trace'},0.0031
isolation,0,report_mixed_heterogeneous,NRU,GlobalAllocation,13,7,2700,{'trace_kind': 'trace'},0.0027
isolation,1,report_mixed_heterogeneous,NRU,GlobalAllocation,13,7,3600,{'trace_kind': 'trace'},0.0036
isolation,2,report_mixed_heterogeneous,NRU,GlobalAllocation,13,7,3000,{'trace_kind': 'trace'},0.003
isolation,0,report_mixed_heterogeneous,NRU,GlobalAllocation,13,8,3000,{'trace_kind': 'trace'},0.003
isolation,1,report_mixed_heterogeneous,NRU,GlobalAllocation,13,8,3600,{'trace_kind': 'trace'},0.0036
isolation,2,report_mixed_heterogeneous,NRU,GlobalAllocation,13,8,3100,{'trace_kind': 'trace'},0.0031
isolation,0,report_mixed_heterogeneous,NRU,GlobalAllocation,13,9,2800,{'trace_kind': 'trace'},0.0028
isolation,1,report_mixed_heterogeneous,NRU,GlobalAllocation,13,9,3800,{'trace_kind': 'trace'},0.0038
isolation,2,report_mixed_heterogeneous,NRU,GlobalAllocation,13,9,2800,{'trace_kind': 'trace'},0.0028
isolation,0,report_mixed_heterogeneous,NRU,LocalAllocation,13,0,3100,{'trace_kind': 'trace'},0.0031
isolation,1,report_mixed_heterogeneous,NRU,LocalAllocation,13,0,3600,{'trace_kind': 'trace'},0.0036
isolation,2,report_mixed_heterogeneous,NRU,LocalAllocation,13,0,2900,{'trace_kind': 'trace'},0.0029
isolation,0,report_mixed_heterogeneous,NRU,LocalAllocation,13,1,2900,{'trace_kind': 'trace'},0.0029
isolation,1,report_mixed_heterogeneous,NRU,LocalAllocation,13,1,3700,{'trace_kind': 'trace'},0.0037
isolation,2,report_mixed_heterogeneous,NRU,LocalAllocation,13,1,2900,{'trace_kind': 'trace'},0.0029
isolation,0,report_mixed_heterogeneous,NRU,LocalAllocation,13,2,3000,{'trace_kind': 'trace'},0.003
isolation,1,report_mixed_heterogeneous,NRU,LocalAllocation,13,2,3700,{'trace_kind': 'trace'},0.0037
isolation,2,report_mixed_heterogeneous,NRU,LocalAllocation,13,2,2900,{'trace_kind': 'trace'},0.0029
isolation,0,report_mixed_heterogeneous,NRU,LocalAllocation,13,3,3000,{'trace_kind': 'trace'},0.003
isolation,1,report_mixed_heterogeneous,NRU,LocalAllocation,13,3,3700,{'trace_kind': 'trace'},0.0037
isolation,2,report_mixed_heterogeneous,NRU,LocalAllocation,13,3,2900,{'trace_kind': 'trace'},0.0029
isolation,0,report_mixed_heterogeneous,NRU,LocalAllocation,13,4,2800,{'trace_kind': 'trace'},0.0028
isolation,1,report_mixed_heterogeneous,NRU,LocalAllocation,13,4,3600,{'trace_kind': 'trace'},0.0036
isolation,2,report_mixed_heterogeneous,NRU,LocalAllocation,13,4,2900,{'trace_kind': 'trace'},0.0029
isolation,0,report_mixed_heterogeneous,NRU,LocalAllocation,13,5,2700,{'trace_kind': 'trace'},0.0027
isolation,1,report_mixed_heterogeneous,NRU,LocalAllocation,13,5,3500,{'trace_kind': 'trace'},0.0035
isolation,2,report_mixed_heterogeneous,NRU,LocalAllocation,13,5,3000,{'trace_kind': 'trace'},0.003
isolation,0,report_mixed_heterogeneous,NRU,LocalAllocation,13,6,2800,{'trace_kind': 'trace'},0.0028
isolation,1,report_mixed_heterogeneous,NRU,LocalAllocation,13,6,3700,{'trace_kind': 'trace'},0.0037
isolation,2,report_mixed_heterogeneous,NRU,LocalAllocation,13,6,2900,{'trace_kind': 'trace'},0.0029
isolation,0,report_mixed_heterogeneous,NRU,LocalAllocation,13,7,2700,{'trace_kind': 'trace'},0.0027
isolation,1,report_mixed_heterogeneous,NRU,LocalAllocation,13,7,3600,{'trace_kind': 'trace'},0.0036
isolation,2,report_mixed_heterogeneous,NRU,LocalAllocation,13,7,3000,{'trace_kind': 'trace'},0.003
isolation,0,report_mixed_heterogeneous,NRU,LocalAllocation,13,8,2800,{'trace_kind': 'trace'},0.0028
isolation,1,report_mixed_heterogeneous,NRU,LocalAllocation,13,8,3500,{'trace_kind': 'trace'},0.0035
isolation,2,report_mixed_heterogeneous,NRU,LocalAllocation,13,8,3000,{'trace_kind': 'trace'},0.003
isolation,0,report_mixed_heterogeneous,NRU,LocalAllocation,13,9,2900,{'trace_kind': 'trace'},0.0029
isolation,1,report_mixed_heterogeneous,NRU,LocalAllocation,13,9,3600,{'trace_kind': 'trace'},0.0036
isolation,2,report_mixed_heterogeneous,NRU,LocalAllocation,13,9,2900,{'trace_kind': 'trace'},0.0029
isolation,0,report_mixed_heterogeneous,NRU,ProportionalAllocation,13,0,2900,{'trace_kind': 'trace'},0.0029
isolation,1,report_mixed_heterogeneous,NRU,ProportionalAllocation,13,0,3500,{'trace_kind': 'trace'},0.0035
isolation,2,report_mixed_heterogeneous,NRU,ProportionalAllocation,13,0,2900,{'trace_kind': 'trace'},0.0029
isolation,0,report_mixed_heterogeneous,NRU,ProportionalAllocation,13,1,2900,{'trace_kind': 'trace'},0.0029
isolation,1,report_mixed_heterogeneous,NRU,ProportionalAllocation,13,1,3700,{'trace_kind': 'trace'},0.0037
isolation,2,report_mixed_heterogeneous,NRU,ProportionalAllocation,13,1,2900,{'trace_kind': 'trace'},0.0029
isolation,0,report_mixed_heterogeneous,NRU,ProportionalAllocation,13,2,2900,{'trace_kind': 'trace'},0.0029
isolation,1,report_mixed_heterogeneous,NRU,ProportionalAllocation,13,2,3500,{'trace_kind': 'trace'},0.0035
isolation,2,report_mixed_heterogeneous,NRU,ProportionalAllocation,13,2,3100,{'trace_kind': 'trace'},0.0031
isolation,0,report_mixed_heterogeneous,NRU,ProportionalAllocation,13,3,2800,{'trace_kind': 'trace'},0.0028
isolation,1,report_mixed_heterogeneous,NRU,ProportionalAllocation,13,3,3600,{'trace_kind': 'trace'},0.0036
isolation,2,report_mixed_heterogeneous,NRU,ProportionalAllocation,13,3,2900,{'trace_kind': 'trace'},0.0029
isolation,0,report_mixed_heterogeneous,NRU,ProportionalAllocation,13,4,2800,{'trace_kind': 'trace'},0.0028
isolation,1,report_mixed_heterogeneous,NRU,ProportionalAllocation,13,4,3600,{'trace_kind': 'trace'},0.0036
isolation,2,report_mixed_heterogeneous,NRU,ProportionalAllocation,13,4,3000,{'trace_kind': 'trace'},0.003
isolation,0,report_mixed_heterogeneous,NRU,ProportionalAllocation,13,5,3000,{'trace_kind': 'trace'},0.003
isolation,1,report_mixed_heterogeneous,NRU,ProportionalAllocation,13,5,3600,{'trace_kind': 'trace'},0.0036
isolation,2,report_mixed_heterogeneous,NRU,ProportionalAllocation,13,5,2900,{'trace_kind': 'trace'},0.0029
isolation,0,report_mixed_heterogeneous,NRU,ProportionalAllocation,13,6,2700,{'trace_kind': 'trace'},0.0027
isolation,1,report_mixed_heterogeneous,NRU,ProportionalAllocation,13,6,3600,{'trace_kind': 'trace'},0.0036
isolation,2,report_mixed_heterogeneous,NRU,ProportionalAllocation,13,6,2900,{'trace_kind': 'trace'},0.0029
isolation,0,report_mixed_heterogeneous,NRU,ProportionalAllocation,13,7,2800,{'trace_kind': 'trace'},0.0028
isolation,1,report_mixed_heterogeneous,NRU,ProportionalAllocation,13,7,3500,{'trace_kind': 'trace'},0.0035
isolation,2,report_mixed_heterogeneous,NRU,ProportionalAllocation,13,7,2900,{'trace_kind': 'trace'},0.0029
isolation,0,report_mixed_heterogeneous,NRU,ProportionalAllocation,13,8,2600,{'trace_kind': 'trace'},0.0026
isolation,1,report_mixed_heterogeneous,NRU,ProportionalAllocation,13,8,3600,{'trace_kind': 'trace'},0.0036
isolation,2,report_mixed_heterogeneous,NRU,ProportionalAllocation,13,8,3000,{'trace_kind': 'trace'},0.003
isolation,0,report_mixed_heterogeneous,NRU,ProportionalAllocation,13,9,2900,{'trace_kind': 'trace'},0.0029
isolation,1,report_mixed_heterogeneous,NRU,ProportionalAllocation,13,9,3500,{'trace_kind': 'trace'},0.0035
isolation,2,report_mixed_heterogeneous,NRU,ProportionalAllocation,13,9,2900,{'trace_kind': 'trace'},0.0029
isolation,0,report_mixed_heterogeneous,SecondChance,GlobalAllocation,13,0,3600,{'trace_kind': 'trace'},0.0036
isolation,1,report_mixed_heterogeneous,SecondChance,GlobalAllocation,13,0,5300,{'trace_kind': 'trace'},0.0053
isolation,2,report_mixed_heterogeneous,SecondChance,GlobalAllocation,13,0,3700,{'trace_kind': 'trace'},0.0037
isolation,0,report_mixed_heterogeneous,SecondChance,GlobalAllocation,13,1,3500,{'trace_kind': 'trace'},0.0035
isolation,1,report_mixed_heterogeneous,SecondChance,GlobalAllocation,13,1,4500,{'trace_kind': 'trace'},0.0045
isolation,2,report_mixed_heterogeneous,SecondChance,GlobalAllocation,13,1,3200,{'trace_kind': 'trace'},0.0032
isolation,0,report_mixed_heterogeneous,SecondChance,GlobalAllocation,13,2,3000,{'trace_kind': 'trace'},0.003
isolation,1,report_mixed_heterogeneous,SecondChance,GlobalAllocation,13,2,4100,{'trace_kind': 'trace'},0.0041
isolation,2,report_mixed_heterogeneous,SecondChance,GlobalAllocation,13,2,3100,{'trace_kind': 'trace'},0.0031
isolation,0,report_mixed_heterogeneous,SecondChance,GlobalAllocation,13,3,3000,{'trace_kind': 'trace'},0.003
isolation,1,report_mixed_heterogeneous,SecondChance,GlobalAllocation,13,3,4200,{'trace_kind': 'trace'},0.0042
isolation,2,report_mixed_heterogeneous,SecondChance,GlobalAllocation,13,3,3100,{'trace_kind': 'trace'},0.0031
isolation,0,report_mixed_heterogeneous,SecondChance,GlobalAllocation,13,4,3000,{'trace_kind': 'trace'},0.003
isolation,1,report_mixed_heterogeneous,SecondChance,GlobalAllocation,13,4,4100,{'trace_kind': 'trace'},0.0041
isolation,2,report_mixed_heterogeneous,SecondChance,GlobalAllocation,13,4,3100,{'trace_kind': 'trace'},0.0031
isolation,0,report_mixed_heterogeneous,SecondChance,GlobalAllocation,13,5,2900,{'trace_kind': 'trace'},0.0029
isolation,1,report_mixed_heterogeneous,SecondChance,GlobalAllocation,13,5,4100,{'trace_kind': 'trace'},0.0041
isolation,2,report_mixed_heterogeneous,SecondChance,GlobalAllocation,13,5,3000,{'trace_kind': 'trace'},0.003
isolation,0,report_mixed_heterogeneous,SecondChance,GlobalAllocation,13,6,2900,{'trace_kind': 'trace'},0.0029
isolation,1,report_mixed_heterogeneous,SecondChance,GlobalAllocation,13,6,4100,{'trace_kind': 'trace'},0.0041
isolation,2,report_mixed_heterogeneous,SecondChance,GlobalAllocation,13,6,3100,{'trace_kind': 'trace'},0.0031
isolation,0,report_mixed_heterogeneous,SecondChance,GlobalAllocation,13,7,2800,{'trace_kind': 'trace'},0.0028
isolation,1,report_mixed_heterogeneous,SecondChance,GlobalAllocation,13,7,3900,{'trace_kind': 'trace'},0.0039
isolation,2,report_mixed_heterogeneous,SecondChance,GlobalAllocation,13,7,2900,{'trace_kind': 'trace'},0.0029
isolation,0,report_mixed_heterogeneous,SecondChance,GlobalAllocation,13,8,2800,{'trace_kind': 'trace'},0.0028
isolation,1,report_mixed_heterogeneous,SecondChance,GlobalAllocation,13,8,4000,{'trace_kind': 'trace'},0.004
isolation,2,report_mixed_heterogeneous,SecondChance,GlobalAllocation,13,8,2800,{'trace_kind': 'trace'},0.0028
isolation,0,report_mixed_heterogeneous,SecondChance,GlobalAllocation,13,9,2900,{'trace_kind': 'trace'},0.0029
isolation,1,report_mixed_heterogeneous,SecondChance,GlobalAllocation,13,9,3800,{'trace_kind': 'trace'},0.0038
isolation,2,report_mixed_heterogeneous,SecondChance,GlobalAllocation,13,9,2900,{'trace_kind': 'trace'},0.0029
isolation,0,report_mixed_heterogeneous,SecondChance,LocalAllocation,13,0,3100,{'trace_kind': 'trace'},0.0031
isolation,1,report_mixed_heterogeneous,SecondChance,LocalAllocation,13,0,3700,{'trace_kind': 'trace'},0.0037
isolation,2,report_mixed_heterogeneous,SecondChance,LocalAllocation,13,0,2800,{'trace_kind': 'trace'},0.0028
isolation,0,report_mixed_heterogeneous,SecondChance,LocalAllocation,13,1,2800,{'trace_kind': 'trace'},0.0028
isolation,1,report_mixed_heterogeneous,SecondChance,LocalAllocation,13,1,3800,{'trace_kind': 'trace'},0.0038
isolation,2,report_mixed_heterogeneous,SecondChance,LocalAllocation,13,1,2900,{'trace_kind': 'trace'},0.0029
isolation,0,report_mixed_heterogeneous,SecondChance,LocalAllocation,13,2,2900,{'trace_kind': 'trace'},0.0029
isolation,1,report_mixed_heterogeneous,SecondChance,LocalAllocation,13,2,4200,{'trace_kind': 'trace'},0.0042
isolation,2,report_mixed_heterogeneous,SecondChance,LocalAllocation,13,2,2800,{'trace_kind': 'trace'},0.0028
isolation,0,report_mixed_heterogeneous,SecondChance,LocalAllocation,13,3,2600,{'trace_kind': 'trace'},0.0026
isolation,1,report_mixed_heterogeneous,SecondChance,LocalAllocation,13,3,3800,{'trace_kind': 'trace'},0.0038
isolation,2,report_mixed_heterogeneous,SecondChance,LocalAllocation,13,3,2900,{'trace_kind': 'trace'},0.0029
isolation,0,report_mixed_heterogeneous,SecondChance,LocalAllocation,13,4,2700,{'trace_kind': 'trace'},0.0027
isolation,1,report_mixed_heterogeneous,SecondChance,LocalAllocation,13,4,4100,{'trace_kind': 'trace'},0.0041
isolation,2,report_mixed_heterogeneous,SecondChance,LocalAllocation,13,4,3000,{'trace_kind': 'trace'},0.003
isolation,0,report_mixed_heterogeneous,SecondChance,LocalAllocation,13,5,2700,{'trace_kind': 'trace'},0.0027
isolation,1,report_mixed_heterogeneous,SecondChance,LocalAllocation,13,5,3800,{'trace_kind': 'trace'},0.0038
isolation,2,report_mixed_heterogeneous,SecondChance,LocalAllocation,13,5,3000,{'trace_kind': 'trace'},0.003
isolation,0,report_mixed_heterogeneous,SecondChance,LocalAllocation,13,6,2800,{'trace_kind': 'trace'},0.0028
isolation,1,report_mixed_heterogeneous,SecondChance,LocalAllocation,13,6,3800,{'trace_kind': 'trace'},0.0038
isolation,2,report_mixed_heterogeneous,SecondChance,LocalAllocation,13,6,3000,{'trace_kind': 'trace'},0.003
isolation,0,report_mixed_heterogeneous,SecondChance,LocalAllocation,13,7,2800,{'trace_kind': 'trace'},0.0028
isolation,1,report_mixed_heterogeneous,SecondChance,LocalAllocation,13,7,3800,{'trace_kind': 'trace'},0.0038
isolation,2,report_mixed_heterogeneous,SecondChance,LocalAllocation,13,7,2900,{'trace_kind': 'trace'},0.0029
isolation,0,report_mixed_heterogeneous,SecondChance,LocalAllocation,13,8,2600,{'trace_kind': 'trace'},0.0026
isolation,1,report_mixed_heterogeneous,SecondChance,LocalAllocation,13,8,3900,{'trace_kind': 'trace'},0.0039
isolation,2,report_mixed_heterogeneous,SecondChance,LocalAllocation,13,8,2900,{'trace_kind': 'trace'},0.0029
isolation,0,report_mixed_heterogeneous,SecondChance,LocalAllocation,13,9,2700,{'trace_kind': 'trace'},0.0027
isolation,1,report_mixed_heterogeneous,SecondChance,LocalAllocation,13,9,3900,{'trace_kind': 'trace'},0.0039
isolation,2,report_mixed_heterogeneous,SecondChance,LocalAllocation,13,9,2900,{'trace_kind': 'trace'},0.0029
isolation,0,report_mixed_heterogeneous,SecondChance,ProportionalAllocation,13,0,3000,{'trace_kind': 'trace'},0.003
isolation,1,report_mixed_heterogeneous,SecondChance,ProportionalAllocation,13,0,3800,{'trace_kind': 'trace'},0.0038
isolation,2,report_mixed_heterogeneous,SecondChance,ProportionalAllocation,13,0,2900,{'trace_kind': 'trace'},0.0029
isolation,0,report_mixed_heterogeneous,SecondChance,ProportionalAllocation,13,1,2700,{'trace_kind': 'trace'},0.0027
isolation,1,report_mixed_heterogeneous,SecondChance,ProportionalAllocation,13,1,3900,{'trace_kind': 'trace'},0.0039
isolation,2,report_mixed_heterogeneous,SecondChance,ProportionalAllocation,13,1,2900,{'trace_kind': 'trace'},0.0029
isolation,0,report_mixed_heterogeneous,SecondChance,ProportionalAllocation,13,2,2700,{'trace_kind': 'trace'},0.0027
isolation,1,report_mixed_heterogeneous,SecondChance,ProportionalAllocation,13,2,3700,{'trace_kind': 'trace'},0.0037
isolation,2,report_mixed_heterogeneous,SecondChance,ProportionalAllocation,13,2,2900,{'trace_kind': 'trace'},0.0029
isolation,0,report_mixed_heterogeneous,SecondChance,ProportionalAllocation,13,3,2800,{'trace_kind': 'trace'},0.0028
isolation,1,report_mixed_heterogeneous,SecondChance,ProportionalAllocation,13,3,3800,{'trace_kind': 'trace'},0.0038
isolation,2,report_mixed_heterogeneous,SecondChance,ProportionalAllocation,13,3,2800,{'trace_kind': 'trace'},0.0028
isolation,0,report_mixed_heterogeneous,SecondChance,ProportionalAllocation,13,4,2700,{'trace_kind': 'trace'},0.0027
isolation,1,report_mixed_heterogeneous,SecondChance,ProportionalAllocation,13,4,3700,{'trace_kind': 'trace'},0.0037
isolation,2,report_mixed_heterogeneous,SecondChance,ProportionalAllocation,13,4,2900,{'trace_kind': 'trace'},0.0029
isolation,0,report_mixed_heterogeneous,SecondChance,ProportionalAllocation,13,5,2700,{'trace_kind': 'trace'},0.0027
isolation,1,report_mixed_heterogeneous,SecondChance,ProportionalAllocation,13,5,3800,{'trace_kind': 'trace'},0.0038
isolation,2,report_mixed_heterogeneous,SecondChance,ProportionalAllocation,13,5,2800,{'trace_kind': 'trace'},0.0028
isolation,0,report_mixed_heterogeneous,SecondChance,ProportionalAllocation,13,6,2800,{'trace_kind': 'trace'},0.0028
isolation,1,report_mixed_heterogeneous,SecondChance,ProportionalAllocation,13,6,3800,{'trace_kind': 'trace'},0.0038
isolation,2,report_mixed_heterogeneous,SecondChance,ProportionalAllocation,13,6,2900,{'trace_kind': 'trace'},0.0029
isolation,0,report_mixed_heterogeneous,SecondChance,ProportionalAllocation,13,7,2800,{'trace_kind': 'trace'},0.0028
isolation,1,report_mixed_heterogeneous,SecondChance,ProportionalAllocation,13,7,3800,{'trace_kind': 'trace'},0.0038
isolation,2,report_mixed_heterogeneous,SecondChance,ProportionalAllocation,13,7,2800,{'trace_kind': 'trace'},0.0028
isolation,0,report_mixed_heterogeneous,SecondChance,ProportionalAllocation,13,8,2800,{'trace_kind': 'trace'},0.0028
isolation,1,report_mixed_heterogeneous,SecondChance,ProportionalAllocation,13,8,3900,{'trace_kind': 'trace'},0.0039
isolation,2,report_mixed_heterogeneous,SecondChance,ProportionalAllocation,13,8,2900,{'trace_kind': 'trace'},0.0029
isolation,0,report_mixed_heterogeneous,SecondChance,ProportionalAllocation,13,9,2700,{'trace_kind': 'trace'},0.0027
isolation,1,report_mixed_heterogeneous,SecondChance,ProportionalAllocation,13,9,4600,{'trace_kind': 'trace'},0.0046
isolation,2,report_mixed_heterogeneous,SecondChance,ProportionalAllocation,13,9,26300,{'trace_kind': 'trace'},0.0263
isolation,0,report_mixed_heterogeneous,WSClock,GlobalAllocation,13,0,3700,{'trace_kind': 'trace'},0.0037
isolation,1,report_mixed_heterogeneous,WSClock,GlobalAllocation,13,0,5200,{'trace_kind': 'trace'},0.0052
isolation,2,report_mixed_heterogeneous,WSClock,GlobalAllocation,13,0,3700,{'trace_kind': 'trace'},0.0037
isolation,0,report_mixed_heterogeneous,WSClock,GlobalAllocation,13,1,3200,{'trace_kind': 'trace'},0.0032
isolation,1,report_mixed_heterogeneous,WSClock,GlobalAllocation,13,1,4300,{'trace_kind': 'trace'},0.0043
isolation,2,report_mixed_heterogeneous,WSClock,GlobalAllocation,13,1,3200,{'trace_kind': 'trace'},0.0032
isolation,0,report_mixed_heterogeneous,WSClock,GlobalAllocation,13,2,3000,{'trace_kind': 'trace'},0.003
isolation,1,report_mixed_heterogeneous,WSClock,GlobalAllocation,13,2,3900,{'trace_kind': 'trace'},0.0039
isolation,2,report_mixed_heterogeneous,WSClock,GlobalAllocation,13,2,3200,{'trace_kind': 'trace'},0.0032
isolation,0,report_mixed_heterogeneous,WSClock,GlobalAllocation,13,3,3000,{'trace_kind': 'trace'},0.003
isolation,1,report_mixed_heterogeneous,WSClock,GlobalAllocation,13,3,4200,{'trace_kind': 'trace'},0.0042
isolation,2,report_mixed_heterogeneous,WSClock,GlobalAllocation,13,3,3200,{'trace_kind': 'trace'},0.0032
isolation,0,report_mixed_heterogeneous,WSClock,GlobalAllocation,13,4,3100,{'trace_kind': 'trace'},0.0031
isolation,1,report_mixed_heterogeneous,WSClock,GlobalAllocation,13,4,4000,{'trace_kind': 'trace'},0.004
isolation,2,report_mixed_heterogeneous,WSClock,GlobalAllocation,13,4,3200,{'trace_kind': 'trace'},0.0032
isolation,0,report_mixed_heterogeneous,WSClock,GlobalAllocation,13,5,3100,{'trace_kind': 'trace'},0.0031
isolation,1,report_mixed_heterogeneous,WSClock,GlobalAllocation,13,5,4000,{'trace_kind': 'trace'},0.004
isolation,2,report_mixed_heterogeneous,WSClock,GlobalAllocation,13,5,3200,{'trace_kind': 'trace'},0.0032
isolation,0,report_mixed_heterogeneous,WSClock,GlobalAllocation,13,6,3000,{'trace_kind': 'trace'},0.003
isolation,1,report_mixed_heterogeneous,WSClock,GlobalAllocation,13,6,4300,{'trace_kind': 'trace'},0.0043
isolation,2,report_mixed_heterogeneous,WSClock,GlobalAllocation,13,6,2900,{'trace_kind': 'trace'},0.0029
isolation,0,report_mixed_heterogeneous,WSClock,GlobalAllocation,13,7,2800,{'trace_kind': 'trace'},0.0028
isolation,1,report_mixed_heterogeneous,WSClock,GlobalAllocation,13,7,3900,{'trace_kind': 'trace'},0.0039
isolation,2,report_mixed_heterogeneous,WSClock,GlobalAllocation,13,7,2900,{'trace_kind': 'trace'},0.0029
isolation,0,report_mixed_heterogeneous,WSClock,GlobalAllocation,13,8,2800,{'trace_kind': 'trace'},0.0028
isolation,1,report_mixed_heterogeneous,WSClock,GlobalAllocation,13,8,3900,{'trace_kind': 'trace'},0.0039
isolation,2,report_mixed_heterogeneous,WSClock,GlobalAllocation,13,8,3100,{'trace_kind': 'trace'},0.0031
isolation,0,report_mixed_heterogeneous,WSClock,GlobalAllocation,13,9,2900,{'trace_kind': 'trace'},0.0029
isolation,1,report_mixed_heterogeneous,WSClock,GlobalAllocation,13,9,4000,{'trace_kind': 'trace'},0.004
isolation,2,report_mixed_heterogeneous,WSClock,GlobalAllocation,13,9,3000,{'trace_kind': 'trace'},0.003
isolation,0,report_mixed_heterogeneous,WSClock,LocalAllocation,13,0,2900,{'trace_kind': 'trace'},0.0029
isolation,1,report_mixed_heterogeneous,WSClock,LocalAllocation,13,0,3900,{'trace_kind': 'trace'},0.0039
isolation,2,report_mixed_heterogeneous,WSClock,LocalAllocation,13,0,2900,{'trace_kind': 'trace'},0.0029
isolation,0,report_mixed_heterogeneous,WSClock,LocalAllocation,13,1,2900,{'trace_kind': 'trace'},0.0029
isolation,1,report_mixed_heterogeneous,WSClock,LocalAllocation,13,1,4000,{'trace_kind': 'trace'},0.004
isolation,2,report_mixed_heterogeneous,WSClock,LocalAllocation,13,1,2800,{'trace_kind': 'trace'},0.0028
isolation,0,report_mixed_heterogeneous,WSClock,LocalAllocation,13,2,2900,{'trace_kind': 'trace'},0.0029
isolation,1,report_mixed_heterogeneous,WSClock,LocalAllocation,13,2,3700,{'trace_kind': 'trace'},0.0037
isolation,2,report_mixed_heterogeneous,WSClock,LocalAllocation,13,2,2900,{'trace_kind': 'trace'},0.0029
isolation,0,report_mixed_heterogeneous,WSClock,LocalAllocation,13,3,2900,{'trace_kind': 'trace'},0.0029
isolation,1,report_mixed_heterogeneous,WSClock,LocalAllocation,13,3,3900,{'trace_kind': 'trace'},0.0039
isolation,2,report_mixed_heterogeneous,WSClock,LocalAllocation,13,3,3000,{'trace_kind': 'trace'},0.003
isolation,0,report_mixed_heterogeneous,WSClock,LocalAllocation,13,4,2700,{'trace_kind': 'trace'},0.0027
isolation,1,report_mixed_heterogeneous,WSClock,LocalAllocation,13,4,3900,{'trace_kind': 'trace'},0.0039
isolation,2,report_mixed_heterogeneous,WSClock,LocalAllocation,13,4,2900,{'trace_kind': 'trace'},0.0029
isolation,0,report_mixed_heterogeneous,WSClock,LocalAllocation,13,5,2700,{'trace_kind': 'trace'},0.0027
isolation,1,report_mixed_heterogeneous,WSClock,LocalAllocation,13,5,3900,{'trace_kind': 'trace'},0.0039
isolation,2,report_mixed_heterogeneous,WSClock,LocalAllocation,13,5,2900,{'trace_kind': 'trace'},0.0029
isolation,0,report_mixed_heterogeneous,WSClock,LocalAllocation,13,6,2700,{'trace_kind': 'trace'},0.0027
isolation,1,report_mixed_heterogeneous,WSClock,LocalAllocation,13,6,3900,{'trace_kind': 'trace'},0.0039
isolation,2,report_mixed_heterogeneous,WSClock,LocalAllocation,13,6,2900,{'trace_kind': 'trace'},0.0029
isolation,0,report_mixed_heterogeneous,WSClock,LocalAllocation,13,7,2800,{'trace_kind': 'trace'},0.0028
isolation,1,report_mixed_heterogeneous,WSClock,LocalAllocation,13,7,3800,{'trace_kind': 'trace'},0.0038
isolation,2,report_mixed_heterogeneous,WSClock,LocalAllocation,13,7,2800,{'trace_kind': 'trace'},0.0028
isolation,0,report_mixed_heterogeneous,WSClock,LocalAllocation,13,8,2800,{'trace_kind': 'trace'},0.0028
isolation,1,report_mixed_heterogeneous,WSClock,LocalAllocation,13,8,3800,{'trace_kind': 'trace'},0.0038
isolation,2,report_mixed_heterogeneous,WSClock,LocalAllocation,13,8,2800,{'trace_kind': 'trace'},0.0028
isolation,0,report_mixed_heterogeneous,WSClock,LocalAllocation,13,9,2800,{'trace_kind': 'trace'},0.0028
isolation,1,report_mixed_heterogeneous,WSClock,LocalAllocation,13,9,3800,{'trace_kind': 'trace'},0.0038
isolation,2,report_mixed_heterogeneous,WSClock,LocalAllocation,13,9,2900,{'trace_kind': 'trace'},0.0029
isolation,0,report_mixed_heterogeneous,WSClock,ProportionalAllocation,13,0,2900,{'trace_kind': 'trace'},0.0029
isolation,1,report_mixed_heterogeneous,WSClock,ProportionalAllocation,13,0,3900,{'trace_kind': 'trace'},0.0039
isolation,2,report_mixed_heterogeneous,WSClock,ProportionalAllocation,13,0,3000,{'trace_kind': 'trace'},0.003
isolation,0,report_mixed_heterogeneous,WSClock,ProportionalAllocation,13,1,2900,{'trace_kind': 'trace'},0.0029
isolation,1,report_mixed_heterogeneous,WSClock,ProportionalAllocation,13,1,3900,{'trace_kind': 'trace'},0.0039
isolation,2,report_mixed_heterogeneous,WSClock,ProportionalAllocation,13,1,3200,{'trace_kind': 'trace'},0.0032
isolation,0,report_mixed_heterogeneous,WSClock,ProportionalAllocation,13,2,2800,{'trace_kind': 'trace'},0.0028
isolation,1,report_mixed_heterogeneous,WSClock,ProportionalAllocation,13,2,4000,{'trace_kind': 'trace'},0.004
isolation,2,report_mixed_heterogeneous,WSClock,ProportionalAllocation,13,2,2800,{'trace_kind': 'trace'},0.0028
isolation,0,report_mixed_heterogeneous,WSClock,ProportionalAllocation,13,3,2800,{'trace_kind': 'trace'},0.0028
isolation,1,report_mixed_heterogeneous,WSClock,ProportionalAllocation,13,3,3800,{'trace_kind': 'trace'},0.0038
isolation,2,report_mixed_heterogeneous,WSClock,ProportionalAllocation,13,3,2900,{'trace_kind': 'trace'},0.0029
isolation,0,report_mixed_heterogeneous,WSClock,ProportionalAllocation,13,4,2900,{'trace_kind': 'trace'},0.0029
isolation,1,report_mixed_heterogeneous,WSClock,ProportionalAllocation,13,4,4000,{'trace_kind': 'trace'},0.004
isolation,2,report_mixed_heterogeneous,WSClock,ProportionalAllocation,13,4,2700,{'trace_kind': 'trace'},0.0027
isolation,0,report_mixed_heterogeneous,WSClock,ProportionalAllocation,13,5,2700,{'trace_kind': 'trace'},0.0027
isolation,1,report_mixed_heterogeneous,WSClock,ProportionalAllocation,13,5,4000,{'trace_kind': 'trace'},0.004
isolation,2,report_mixed_heterogeneous,WSClock,ProportionalAllocation,13,5,2800,{'trace_kind': 'trace'},0.0028
isolation,0,report_mixed_heterogeneous,WSClock,ProportionalAllocation,13,6,2800,{'trace_kind': 'trace'},0.0028
isolation,1,report_mixed_heterogeneous,WSClock,ProportionalAllocation,13,6,3900,{'trace_kind': 'trace'},0.0039
isolation,2,report_mixed_heterogeneous,WSClock,ProportionalAllocation,13,6,3200,{'trace_kind': 'trace'},0.0032
isolation,0,report_mixed_heterogeneous,WSClock,ProportionalAllocation,13,7,2600,{'trace_kind': 'trace'},0.0026
isolation,1,report_mixed_heterogeneous,WSClock,ProportionalAllocation,13,7,3900,{'trace_kind': 'trace'},0.0039
isolation,2,report_mixed_heterogeneous,WSClock,ProportionalAllocation,13,7,3000,{'trace_kind': 'trace'},0.003
isolation,0,report_mixed_heterogeneous,WSClock,ProportionalAllocation,13,8,2800,{'trace_kind': 'trace'},0.0028
isolation,1,report_mixed_heterogeneous,WSClock,ProportionalAllocation,13,8,3900,{'trace_kind': 'trace'},0.0039
isolation,2,report_mixed_heterogeneous,WSClock,ProportionalAllocation,13,8,2900,{'trace_kind': 'trace'},0.0029
isolation,0,report_mixed_heterogeneous,WSClock,ProportionalAllocation,13,9,2800,{'trace_kind': 'trace'},0.0028
isolation,1,report_mixed_heterogeneous,WSClock,ProportionalAllocation,13,9,3900,{'trace_kind': 'trace'},0.0039
isolation,2,report_mixed_heterogeneous,WSClock,ProportionalAllocation,13,9,2800,{'trace_kind': 'trace'},0.0028
isolation,0,report_mixed_heterogeneous,FIFO,GlobalAllocation,16,0,4100,{'trace_kind': 'trace'},0.0041
isolation,1,report_mixed_heterogeneous,FIFO,GlobalAllocation,16,0,5100,{'trace_kind': 'trace'},0.0051
isolation,2,report_mixed_heterogeneous,FIFO,GlobalAllocation,16,0,3700,{'trace_kind': 'trace'},0.0037
isolation,0,report_mixed_heterogeneous,FIFO,GlobalAllocation,16,1,3200,{'trace_kind': 'trace'},0.0032
isolation,1,report_mixed_heterogeneous,FIFO,GlobalAllocation,16,1,4300,{'trace_kind': 'trace'},0.0043
isolation,2,report_mixed_heterogeneous,FIFO,GlobalAllocation,16,1,3400,{'trace_kind': 'trace'},0.0034
isolation,0,report_mixed_heterogeneous,FIFO,GlobalAllocation,16,2,2900,{'trace_kind': 'trace'},0.0029
isolation,1,report_mixed_heterogeneous,FIFO,GlobalAllocation,16,2,4100,{'trace_kind': 'trace'},0.0041
isolation,2,report_mixed_heterogeneous,FIFO,GlobalAllocation,16,2,3100,{'trace_kind': 'trace'},0.0031
isolation,0,report_mixed_heterogeneous,FIFO,GlobalAllocation,16,3,2900,{'trace_kind': 'trace'},0.0029
isolation,1,report_mixed_heterogeneous,FIFO,GlobalAllocation,16,3,3900,{'trace_kind': 'trace'},0.0039
isolation,2,report_mixed_heterogeneous,FIFO,GlobalAllocation,16,3,3200,{'trace_kind': 'trace'},0.0032
isolation,0,report_mixed_heterogeneous,FIFO,GlobalAllocation,16,4,2900,{'trace_kind': 'trace'},0.0029
isolation,1,report_mixed_heterogeneous,FIFO,GlobalAllocation,16,4,4100,{'trace_kind': 'trace'},0.0041
isolation,2,report_mixed_heterogeneous,FIFO,GlobalAllocation,16,4,3100,{'trace_kind': 'trace'},0.0031
isolation,0,report_mixed_heterogeneous,FIFO,GlobalAllocation,16,5,3000,{'trace_kind': 'trace'},0.003
isolation,1,report_mixed_heterogeneous,FIFO,GlobalAllocation,16,5,4200,{'trace_kind': 'trace'},0.0042
isolation,2,report_mixed_heterogeneous,FIFO,GlobalAllocation,16,5,3000,{'trace_kind': 'trace'},0.003
isolation,0,report_mixed_heterogeneous,FIFO,GlobalAllocation,16,6,2900,{'trace_kind': 'trace'},0.0029
isolation,1,report_mixed_heterogeneous,FIFO,GlobalAllocation,16,6,4300,{'trace_kind': 'trace'},0.0043
isolation,2,report_mixed_heterogeneous,FIFO,GlobalAllocation,16,6,2900,{'trace_kind': 'trace'},0.0029
isolation,0,report_mixed_heterogeneous,FIFO,GlobalAllocation,16,7,2600,{'trace_kind': 'trace'},0.0026
isolation,1,report_mixed_heterogeneous,FIFO,GlobalAllocation,16,7,3800,{'trace_kind': 'trace'},0.0038
isolation,2,report_mixed_heterogeneous,FIFO,GlobalAllocation,16,7,2900,{'trace_kind': 'trace'},0.0029
isolation,0,report_mixed_heterogeneous,FIFO,GlobalAllocation,16,8,2600,{'trace_kind': 'trace'},0.0026
isolation,1,report_mixed_heterogeneous,FIFO,GlobalAllocation,16,8,3900,{'trace_kind': 'trace'},0.0039
isolation,2,report_mixed_heterogeneous,FIFO,GlobalAllocation,16,8,2800,{'trace_kind': 'trace'},0.0028
isolation,0,report_mixed_heterogeneous,FIFO,GlobalAllocation,16,9,2700,{'trace_kind': 'trace'},0.0027
isolation,1,report_mixed_heterogeneous,FIFO,GlobalAllocation,16,9,3900,{'trace_kind': 'trace'},0.0039
isolation,2,report_mixed_heterogeneous,FIFO,GlobalAllocation,16,9,2700,{'trace_kind': 'trace'},0.0027
isolation,0,report_mixed_heterogeneous,FIFO,LocalAllocation,16,0,3000,{'trace_kind': 'trace'},0.003
isolation,1,report_mixed_heterogeneous,FIFO,LocalAllocation,16,0,3800,{'trace_kind': 'trace'},0.0038
isolation,2,report_mixed_heterogeneous,FIFO,LocalAllocation,16,0,2900,{'trace_kind': 'trace'},0.0029
isolation,0,report_mixed_heterogeneous,FIFO,LocalAllocation,16,1,2700,{'trace_kind': 'trace'},0.0027
isolation,1,report_mixed_heterogeneous,FIFO,LocalAllocation,16,1,3800,{'trace_kind': 'trace'},0.0038
isolation,2,report_mixed_heterogeneous,FIFO,LocalAllocation,16,1,2700,{'trace_kind': 'trace'},0.0027
isolation,0,report_mixed_heterogeneous,FIFO,LocalAllocation,16,2,2600,{'trace_kind': 'trace'},0.0026
isolation,1,report_mixed_heterogeneous,FIFO,LocalAllocation,16,2,3900,{'trace_kind': 'trace'},0.0039
isolation,2,report_mixed_heterogeneous,FIFO,LocalAllocation,16,2,2900,{'trace_kind': 'trace'},0.0029
isolation,0,report_mixed_heterogeneous,FIFO,LocalAllocation,16,3,2600,{'trace_kind': 'trace'},0.0026
isolation,1,report_mixed_heterogeneous,FIFO,LocalAllocation,16,3,3800,{'trace_kind': 'trace'},0.0038
isolation,2,report_mixed_heterogeneous,FIFO,LocalAllocation,16,3,3000,{'trace_kind': 'trace'},0.003
isolation,0,report_mixed_heterogeneous,FIFO,LocalAllocation,16,4,2700,{'trace_kind': 'trace'},0.0027
isolation,1,report_mixed_heterogeneous,FIFO,LocalAllocation,16,4,3900,{'trace_kind': 'trace'},0.0039
isolation,2,report_mixed_heterogeneous,FIFO,LocalAllocation,16,4,2900,{'trace_kind': 'trace'},0.0029
isolation,0,report_mixed_heterogeneous,FIFO,LocalAllocation,16,5,2800,{'trace_kind': 'trace'},0.0028
isolation,1,report_mixed_heterogeneous,FIFO,LocalAllocation,16,5,3800,{'trace_kind': 'trace'},0.0038
isolation,2,report_mixed_heterogeneous,FIFO,LocalAllocation,16,5,2900,{'trace_kind': 'trace'},0.0029
isolation,0,report_mixed_heterogeneous,FIFO,LocalAllocation,16,6,2600,{'trace_kind': 'trace'},0.0026
isolation,1,report_mixed_heterogeneous,FIFO,LocalAllocation,16,6,3600,{'trace_kind': 'trace'},0.0036
isolation,2,report_mixed_heterogeneous,FIFO,LocalAllocation,16,6,3000,{'trace_kind': 'trace'},0.003
isolation,0,report_mixed_heterogeneous,FIFO,LocalAllocation,16,7,2900,{'trace_kind': 'trace'},0.0029
isolation,1,report_mixed_heterogeneous,FIFO,LocalAllocation,16,7,3900,{'trace_kind': 'trace'},0.0039
isolation,2,report_mixed_heterogeneous,FIFO,LocalAllocation,16,7,2900,{'trace_kind': 'trace'},0.0029
isolation,0,report_mixed_heterogeneous,FIFO,LocalAllocation,16,8,3000,{'trace_kind': 'trace'},0.003
isolation,1,report_mixed_heterogeneous,FIFO,LocalAllocation,16,8,3700,{'trace_kind': 'trace'},0.0037
isolation,2,report_mixed_heterogeneous,FIFO,LocalAllocation,16,8,2800,{'trace_kind': 'trace'},0.0028
isolation,0,report_mixed_heterogeneous,FIFO,LocalAllocation,16,9,2600,{'trace_kind': 'trace'},0.0026
isolation,1,report_mixed_heterogeneous,FIFO,LocalAllocation,16,9,3800,{'trace_kind': 'trace'},0.0038
isolation,2,report_mixed_heterogeneous,FIFO,LocalAllocation,16,9,2900,{'trace_kind': 'trace'},0.0029
isolation,0,report_mixed_heterogeneous,FIFO,ProportionalAllocation,16,0,2800,{'trace_kind': 'trace'},0.0028
isolation,1,report_mixed_heterogeneous,FIFO,ProportionalAllocation,16,0,4000,{'trace_kind': 'trace'},0.004
isolation,2,report_mixed_heterogeneous,FIFO,ProportionalAllocation,16,0,2800,{'trace_kind': 'trace'},0.0028
isolation,0,report_mixed_heterogeneous,FIFO,ProportionalAllocation,16,1,2600,{'trace_kind': 'trace'},0.0026
isolation,1,report_mixed_heterogeneous,FIFO,ProportionalAllocation,16,1,3900,{'trace_kind': 'trace'},0.0039
isolation,2,report_mixed_heterogeneous,FIFO,ProportionalAllocation,16,1,3000,{'trace_kind': 'trace'},0.003
isolation,0,report_mixed_heterogeneous,FIFO,ProportionalAllocation,16,2,2700,{'trace_kind': 'trace'},0.0027
isolation,1,report_mixed_heterogeneous,FIFO,ProportionalAllocation,16,2,3900,{'trace_kind': 'trace'},0.0039
isolation,2,report_mixed_heterogeneous,FIFO,ProportionalAllocation,16,2,2900,{'trace_kind': 'trace'},0.0029
isolation,0,report_mixed_heterogeneous,FIFO,ProportionalAllocation,16,3,2700,{'trace_kind': 'trace'},0.0027
isolation,1,report_mixed_heterogeneous,FIFO,ProportionalAllocation,16,3,3700,{'trace_kind': 'trace'},0.0037
isolation,2,report_mixed_heterogeneous,FIFO,ProportionalAllocation,16,3,2900,{'trace_kind': 'trace'},0.0029
isolation,0,report_mixed_heterogeneous,FIFO,ProportionalAllocation,16,4,2600,{'trace_kind': 'trace'},0.0026
isolation,1,report_mixed_heterogeneous,FIFO,ProportionalAllocation,16,4,3700,{'trace_kind': 'trace'},0.0037
isolation,2,report_mixed_heterogeneous,FIFO,ProportionalAllocation,16,4,2800,{'trace_kind': 'trace'},0.0028
isolation,0,report_mixed_heterogeneous,FIFO,ProportionalAllocation,16,5,2700,{'trace_kind': 'trace'},0.0027
isolation,1,report_mixed_heterogeneous,FIFO,ProportionalAllocation,16,5,3700,{'trace_kind': 'trace'},0.0037
isolation,2,report_mixed_heterogeneous,FIFO,ProportionalAllocation,16,5,2800,{'trace_kind': 'trace'},0.0028
isolation,0,report_mixed_heterogeneous,FIFO,ProportionalAllocation,16,6,2700,{'trace_kind': 'trace'},0.0027
isolation,1,report_mixed_heterogeneous,FIFO,ProportionalAllocation,16,6,3700,{'trace_kind': 'trace'},0.0037
isolation,2,report_mixed_heterogeneous,FIFO,ProportionalAllocation,16,6,2900,{'trace_kind': 'trace'},0.0029
isolation,0,report_mixed_heterogeneous,FIFO,ProportionalAllocation,16,7,2700,{'trace_kind': 'trace'},0.0027
isolation,1,report_mixed_heterogeneous,FIFO,ProportionalAllocation,16,7,3700,{'trace_kind': 'trace'},0.0037
isolation,2,report_mixed_heterogeneous,FIFO,ProportionalAllocation,16,7,2900,{'trace_kind': 'trace'},0.0029
isolation,0,report_mixed_heterogeneous,FIFO,ProportionalAllocation,16,8,2500,{'trace_kind': 'trace'},0.0025
isolation,1,report_mixed_heterogeneous,FIFO,ProportionalAllocation,16,8,3800,{'trace_kind': 'trace'},0.0038
isolation,2,report_mixed_heterogeneous,FIFO,ProportionalAllocation,16,8,2900,{'trace_kind': 'trace'},0.0029
isolation,0,report_mixed_heterogeneous,FIFO,ProportionalAllocation,16,9,2600,{'trace_kind': 'trace'},0.0026
isolation,1,report_mixed_heterogeneous,FIFO,ProportionalAllocation,16,9,4000,{'trace_kind': 'trace'},0.004
isolation,2,report_mixed_heterogeneous,FIFO,ProportionalAllocation,16,9,2800,{'trace_kind': 'trace'},0.0028
isolation,0,report_mixed_heterogeneous,LRU,GlobalAllocation,16,0,4000,{'trace_kind': 'trace'},0.004
isolation,1,report_mixed_heterogeneous,LRU,GlobalAllocation,16,0,5200,{'trace_kind': 'trace'},0.0052
isolation,2,report_mixed_heterogeneous,LRU,GlobalAllocation,16,0,3700,{'trace_kind': 'trace'},0.0037
isolation,0,report_mixed_heterogeneous,LRU,GlobalAllocation,16,1,3300,{'trace_kind': 'trace'},0.0033
isolation,1,report_mixed_heterogeneous,LRU,GlobalAllocation,16,1,4200,{'trace_kind': 'trace'},0.0042
isolation,2,report_mixed_heterogeneous,LRU,GlobalAllocation,16,1,3200,{'trace_kind': 'trace'},0.0032
isolation,0,report_mixed_heterogeneous,LRU,GlobalAllocation,16,2,3200,{'trace_kind': 'trace'},0.0032
isolation,1,report_mixed_heterogeneous,LRU,GlobalAllocation,16,2,4300,{'trace_kind': 'trace'},0.0043
isolation,2,report_mixed_heterogeneous,LRU,GlobalAllocation,16,2,3400,{'trace_kind': 'trace'},0.0034
isolation,0,report_mixed_heterogeneous,LRU,GlobalAllocation,16,3,3100,{'trace_kind': 'trace'},0.0031
isolation,1,report_mixed_heterogeneous,LRU,GlobalAllocation,16,3,4600,{'trace_kind': 'trace'},0.0046
isolation,2,report_mixed_heterogeneous,LRU,GlobalAllocation,16,3,3500,{'trace_kind': 'trace'},0.0035
isolation,0,report_mixed_heterogeneous,LRU,GlobalAllocation,16,4,3100,{'trace_kind': 'trace'},0.0031
isolation,1,report_mixed_heterogeneous,LRU,GlobalAllocation,16,4,4100,{'trace_kind': 'trace'},0.0041
isolation,2,report_mixed_heterogeneous,LRU,GlobalAllocation,16,4,3300,{'trace_kind': 'trace'},0.0033
isolation,0,report_mixed_heterogeneous,LRU,GlobalAllocation,16,5,3200,{'trace_kind': 'trace'},0.0032
isolation,1,report_mixed_heterogeneous,LRU,GlobalAllocation,16,5,4300,{'trace_kind': 'trace'},0.0043
isolation,2,report_mixed_heterogeneous,LRU,GlobalAllocation,16,5,3300,{'trace_kind': 'trace'},0.0033
isolation,0,report_mixed_heterogeneous,LRU,GlobalAllocation,16,6,3200,{'trace_kind': 'trace'},0.0032
isolation,1,report_mixed_heterogeneous,LRU,GlobalAllocation,16,6,4300,{'trace_kind': 'trace'},0.0043
isolation,2,report_mixed_heterogeneous,LRU,GlobalAllocation,16,6,3300,{'trace_kind': 'trace'},0.0033
isolation,0,report_mixed_heterogeneous,LRU,GlobalAllocation,16,7,3100,{'trace_kind': 'trace'},0.0031
isolation,1,report_mixed_heterogeneous,LRU,GlobalAllocation,16,7,4000,{'trace_kind': 'trace'},0.004
isolation,2,report_mixed_heterogeneous,LRU,GlobalAllocation,16,7,3200,{'trace_kind': 'trace'},0.0032
isolation,0,report_mixed_heterogeneous,LRU,GlobalAllocation,16,8,3000,{'trace_kind': 'trace'},0.003
isolation,1,report_mixed_heterogeneous,LRU,GlobalAllocation,16,8,4000,{'trace_kind': 'trace'},0.004
isolation,2,report_mixed_heterogeneous,LRU,GlobalAllocation,16,8,3100,{'trace_kind': 'trace'},0.0031
isolation,0,report_mixed_heterogeneous,LRU,GlobalAllocation,16,9,3200,{'trace_kind': 'trace'},0.0032
isolation,1,report_mixed_heterogeneous,LRU,GlobalAllocation,16,9,4100,{'trace_kind': 'trace'},0.0041
isolation,2,report_mixed_heterogeneous,LRU,GlobalAllocation,16,9,3300,{'trace_kind': 'trace'},0.0033
isolation,0,report_mixed_heterogeneous,LRU,LocalAllocation,16,0,3200,{'trace_kind': 'trace'},0.0032
isolation,1,report_mixed_heterogeneous,LRU,LocalAllocation,16,0,4200,{'trace_kind': 'trace'},0.0042
isolation,2,report_mixed_heterogeneous,LRU,LocalAllocation,16,0,3100,{'trace_kind': 'trace'},0.0031
isolation,0,report_mixed_heterogeneous,LRU,LocalAllocation,16,1,3100,{'trace_kind': 'trace'},0.0031
isolation,1,report_mixed_heterogeneous,LRU,LocalAllocation,16,1,3800,{'trace_kind': 'trace'},0.0038
isolation,2,report_mixed_heterogeneous,LRU,LocalAllocation,16,1,3000,{'trace_kind': 'trace'},0.003
isolation,0,report_mixed_heterogeneous,LRU,LocalAllocation,16,2,2900,{'trace_kind': 'trace'},0.0029
isolation,1,report_mixed_heterogeneous,LRU,LocalAllocation,16,2,3900,{'trace_kind': 'trace'},0.0039
isolation,2,report_mixed_heterogeneous,LRU,LocalAllocation,16,2,3100,{'trace_kind': 'trace'},0.0031
isolation,0,report_mixed_heterogeneous,LRU,LocalAllocation,16,3,2900,{'trace_kind': 'trace'},0.0029
isolation,1,report_mixed_heterogeneous,LRU,LocalAllocation,16,3,3800,{'trace_kind': 'trace'},0.0038
isolation,2,report_mixed_heterogeneous,LRU,LocalAllocation,16,3,3200,{'trace_kind': 'trace'},0.0032
isolation,0,report_mixed_heterogeneous,LRU,LocalAllocation,16,4,3000,{'trace_kind': 'trace'},0.003
isolation,1,report_mixed_heterogeneous,LRU,LocalAllocation,16,4,3900,{'trace_kind': 'trace'},0.0039
isolation,2,report_mixed_heterogeneous,LRU,LocalAllocation,16,4,3100,{'trace_kind': 'trace'},0.0031
isolation,0,report_mixed_heterogeneous,LRU,LocalAllocation,16,5,3000,{'trace_kind': 'trace'},0.003
isolation,1,report_mixed_heterogeneous,LRU,LocalAllocation,16,5,3900,{'trace_kind': 'trace'},0.0039
isolation,2,report_mixed_heterogeneous,LRU,LocalAllocation,16,5,3100,{'trace_kind': 'trace'},0.0031
isolation,0,report_mixed_heterogeneous,LRU,LocalAllocation,16,6,2900,{'trace_kind': 'trace'},0.0029
isolation,1,report_mixed_heterogeneous,LRU,LocalAllocation,16,6,3800,{'trace_kind': 'trace'},0.0038
isolation,2,report_mixed_heterogeneous,LRU,LocalAllocation,16,6,3200,{'trace_kind': 'trace'},0.0032
isolation,0,report_mixed_heterogeneous,LRU,LocalAllocation,16,7,2900,{'trace_kind': 'trace'},0.0029
isolation,1,report_mixed_heterogeneous,LRU,LocalAllocation,16,7,3900,{'trace_kind': 'trace'},0.0039
isolation,2,report_mixed_heterogeneous,LRU,LocalAllocation,16,7,3100,{'trace_kind': 'trace'},0.0031
isolation,0,report_mixed_heterogeneous,LRU,LocalAllocation,16,8,2900,{'trace_kind': 'trace'},0.0029
isolation,1,report_mixed_heterogeneous,LRU,LocalAllocation,16,8,4000,{'trace_kind': 'trace'},0.004
isolation,2,report_mixed_heterogeneous,LRU,LocalAllocation,16,8,3400,{'trace_kind': 'trace'},0.0034
isolation,0,report_mixed_heterogeneous,LRU,LocalAllocation,16,9,2900,{'trace_kind': 'trace'},0.0029
isolation,1,report_mixed_heterogeneous,LRU,LocalAllocation,16,9,3800,{'trace_kind': 'trace'},0.0038
isolation,2,report_mixed_heterogeneous,LRU,LocalAllocation,16,9,3100,{'trace_kind': 'trace'},0.0031
isolation,0,report_mixed_heterogeneous,LRU,ProportionalAllocation,16,0,3000,{'trace_kind': 'trace'},0.003
isolation,1,report_mixed_heterogeneous,LRU,ProportionalAllocation,16,0,3800,{'trace_kind': 'trace'},0.0038
isolation,2,report_mixed_heterogeneous,LRU,ProportionalAllocation,16,0,3000,{'trace_kind': 'trace'},0.003
isolation,0,report_mixed_heterogeneous,LRU,ProportionalAllocation,16,1,3100,{'trace_kind': 'trace'},0.0031
isolation,1,report_mixed_heterogeneous,LRU,ProportionalAllocation,16,1,3900,{'trace_kind': 'trace'},0.0039
isolation,2,report_mixed_heterogeneous,LRU,ProportionalAllocation,16,1,3200,{'trace_kind': 'trace'},0.0032
isolation,0,report_mixed_heterogeneous,LRU,ProportionalAllocation,16,2,3100,{'trace_kind': 'trace'},0.0031
isolation,1,report_mixed_heterogeneous,LRU,ProportionalAllocation,16,2,4300,{'trace_kind': 'trace'},0.0043
isolation,2,report_mixed_heterogeneous,LRU,ProportionalAllocation,16,2,3200,{'trace_kind': 'trace'},0.0032
isolation,0,report_mixed_heterogeneous,LRU,ProportionalAllocation,16,3,2900,{'trace_kind': 'trace'},0.0029
isolation,1,report_mixed_heterogeneous,LRU,ProportionalAllocation,16,3,3800,{'trace_kind': 'trace'},0.0038
isolation,2,report_mixed_heterogeneous,LRU,ProportionalAllocation,16,3,3100,{'trace_kind': 'trace'},0.0031
isolation,0,report_mixed_heterogeneous,LRU,ProportionalAllocation,16,4,3100,{'trace_kind': 'trace'},0.0031
isolation,1,report_mixed_heterogeneous,LRU,ProportionalAllocation,16,4,4100,{'trace_kind': 'trace'},0.0041
isolation,2,report_mixed_heterogeneous,LRU,ProportionalAllocation,16,4,3800,{'trace_kind': 'trace'},0.0038
isolation,0,report_mixed_heterogeneous,LRU,ProportionalAllocation,16,5,2900,{'trace_kind': 'trace'},0.0029
isolation,1,report_mixed_heterogeneous,LRU,ProportionalAllocation,16,5,3900,{'trace_kind': 'trace'},0.0039
isolation,2,report_mixed_heterogeneous,LRU,ProportionalAllocation,16,5,3100,{'trace_kind': 'trace'},0.0031
isolation,0,report_mixed_heterogeneous,LRU,ProportionalAllocation,16,6,3000,{'trace_kind': 'trace'},0.003
isolation,1,report_mixed_heterogeneous,LRU,ProportionalAllocation,16,6,3900,{'trace_kind': 'trace'},0.0039
isolation,2,report_mixed_heterogeneous,LRU,ProportionalAllocation,16,6,3100,{'trace_kind': 'trace'},0.0031
isolation,0,report_mixed_heterogeneous,LRU,ProportionalAllocation,16,7,2900,{'trace_kind': 'trace'},0.0029
isolation,1,report_mixed_heterogeneous,LRU,ProportionalAllocation,16,7,5300,{'trace_kind': 'trace'},0.0053
isolation,2,report_mixed_heterogeneous,LRU,ProportionalAllocation,16,7,3100,{'trace_kind': 'trace'},0.0031
isolation,0,report_mixed_heterogeneous,LRU,ProportionalAllocation,16,8,2900,{'trace_kind': 'trace'},0.0029
isolation,1,report_mixed_heterogeneous,LRU,ProportionalAllocation,16,8,3800,{'trace_kind': 'trace'},0.0038
isolation,2,report_mixed_heterogeneous,LRU,ProportionalAllocation,16,8,3200,{'trace_kind': 'trace'},0.0032
isolation,0,report_mixed_heterogeneous,LRU,ProportionalAllocation,16,9,3200,{'trace_kind': 'trace'},0.0032
isolation,1,report_mixed_heterogeneous,LRU,ProportionalAllocation,16,9,4200,{'trace_kind': 'trace'},0.0042
isolation,2,report_mixed_heterogeneous,LRU,ProportionalAllocation,16,9,3300,{'trace_kind': 'trace'},0.0033
isolation,0,report_mixed_heterogeneous,NRU,GlobalAllocation,16,0,3800,{'trace_kind': 'trace'},0.0038
isolation,1,report_mixed_heterogeneous,NRU,GlobalAllocation,16,0,4900,{'trace_kind': 'trace'},0.0049
isolation,2,report_mixed_heterogeneous,NRU,GlobalAllocation,16,0,3700,{'trace_kind': 'trace'},0.0037
isolation,0,report_mixed_heterogeneous,NRU,GlobalAllocation,16,1,3100,{'trace_kind': 'trace'},0.0031
isolation,1,report_mixed_heterogeneous,NRU,GlobalAllocation,16,1,3900,{'trace_kind': 'trace'},0.0039
isolation,2,report_mixed_heterogeneous,NRU,GlobalAllocation,16,1,3300,{'trace_kind': 'trace'},0.0033
isolation,0,report_mixed_heterogeneous,NRU,GlobalAllocation,16,2,3100,{'trace_kind': 'trace'},0.0031
isolation,1,report_mixed_heterogeneous,NRU,GlobalAllocation,16,2,3800,{'trace_kind': 'trace'},0.0038
isolation,2,report_mixed_heterogeneous,NRU,GlobalAllocation,16,2,3200,{'trace_kind': 'trace'},0.0032
isolation,0,report_mixed_heterogeneous,NRU,GlobalAllocation,16,3,3000,{'trace_kind': 'trace'},0.003
isolation,1,report_mixed_heterogeneous,NRU,GlobalAllocation,16,3,3800,{'trace_kind': 'trace'},0.0038
isolation,2,report_mixed_heterogeneous,NRU,GlobalAllocation,16,3,3200,{'trace_kind': 'trace'},0.0032
isolation,0,report_mixed_heterogeneous,NRU,GlobalAllocation,16,4,3100,{'trace_kind': 'trace'},0.0031
isolation,1,report_mixed_heterogeneous,NRU,GlobalAllocation,16,4,3900,{'trace_kind': 'trace'},0.0039
isolation,2,report_mixed_heterogeneous,NRU,GlobalAllocation,16,4,3200,{'trace_kind': 'trace'},0.0032
isolation,0,report_mixed_heterogeneous,NRU,GlobalAllocation,16,5,3000,{'trace_kind': 'trace'},0.003
isolation,1,report_mixed_heterogeneous,NRU,GlobalAllocation,16,5,3800,{'trace_kind': 'trace'},0.0038
isolation,2,report_mixed_heterogeneous,NRU,GlobalAllocation,16,5,3100,{'trace_kind': 'trace'},0.0031
isolation,0,report_mixed_heterogeneous,NRU,GlobalAllocation,16,6,3100,{'trace_kind': 'trace'},0.0031
isolation,1,report_mixed_heterogeneous,NRU,GlobalAllocation,16,6,3900,{'trace_kind': 'trace'},0.0039
isolation,2,report_mixed_heterogeneous,NRU,GlobalAllocation,16,6,2900,{'trace_kind': 'trace'},0.0029
isolation,0,report_mixed_heterogeneous,NRU,GlobalAllocation,16,7,2700,{'trace_kind': 'trace'},0.0027
isolation,1,report_mixed_heterogeneous,NRU,GlobalAllocation,16,7,3700,{'trace_kind': 'trace'},0.0037
isolation,2,report_mixed_heterogeneous,NRU,GlobalAllocation,16,7,3900,{'trace_kind': 'trace'},0.0039
isolation,0,report_mixed_heterogeneous,NRU,GlobalAllocation,16,8,2800,{'trace_kind': 'trace'},0.0028
isolation,1,report_mixed_heterogeneous,NRU,GlobalAllocation,16,8,3600,{'trace_kind': 'trace'},0.0036
isolation,2,report_mixed_heterogeneous,NRU,GlobalAllocation,16,8,3000,{'trace_kind': 'trace'},0.003
isolation,0,report_mixed_heterogeneous,NRU,GlobalAllocation,16,9,2800,{'trace_kind': 'trace'},0.0028
isolation,1,report_mixed_heterogeneous,NRU,GlobalAllocation,16,9,3500,{'trace_kind': 'trace'},0.0035
isolation,2,report_mixed_heterogeneous,NRU,GlobalAllocation,16,9,2800,{'trace_kind': 'trace'},0.0028
isolation,0,report_mixed_heterogeneous,NRU,LocalAllocation,16,0,2800,{'trace_kind': 'trace'},0.0028
isolation,1,report_mixed_heterogeneous,NRU,LocalAllocation,16,0,3800,{'trace_kind': 'trace'},0.0038
isolation,2,report_mixed_heterogeneous,NRU,LocalAllocation,16,0,3100,{'trace_kind': 'trace'},0.0031
isolation,0,report_mixed_heterogeneous,NRU,LocalAllocation,16,1,2800,{'trace_kind': 'trace'},0.0028
isolation,1,report_mixed_heterogeneous,NRU,LocalAllocation,16,1,3600,{'trace_kind': 'trace'},0.0036
isolation,2,report_mixed_heterogeneous,NRU,LocalAllocation,16,1,3000,{'trace_kind': 'trace'},0.003
isolation,0,report_mixed_heterogeneous,NRU,LocalAllocation,16,2,2700,{'trace_kind': 'trace'},0.0027
isolation,1,report_mixed_heterogeneous,NRU,LocalAllocation,16,2,3600,{'trace_kind': 'trace'},0.0036
isolation,2,report_mixed_heterogeneous,NRU,LocalAllocation,16,2,3000,{'trace_kind': 'trace'},0.003
isolation,0,report_mixed_heterogeneous,NRU,LocalAllocation,16,3,2700,{'trace_kind': 'trace'},0.0027
isolation,1,report_mixed_heterogeneous,NRU,LocalAllocation,16,3,3700,{'trace_kind': 'trace'},0.0037
isolation,2,report_mixed_heterogeneous,NRU,LocalAllocation,16,3,2900,{'trace_kind': 'trace'},0.0029
isolation,0,report_mixed_heterogeneous,NRU,LocalAllocation,16,4,2900,{'trace_kind': 'trace'},0.0029
isolation,1,report_mixed_heterogeneous,NRU,LocalAllocation,16,4,3600,{'trace_kind': 'trace'},0.0036
isolation,2,report_mixed_heterogeneous,NRU,LocalAllocation,16,4,2900,{'trace_kind': 'trace'},0.0029
isolation,0,report_mixed_heterogeneous,NRU,LocalAllocation,16,5,2700,{'trace_kind': 'trace'},0.0027
isolation,1,report_mixed_heterogeneous,NRU,LocalAllocation,16,5,3400,{'trace_kind': 'trace'},0.0034
isolation,2,report_mixed_heterogeneous,NRU,LocalAllocation,16,5,3100,{'trace_kind': 'trace'},0.0031
isolation,0,report_mixed_heterogeneous,NRU,LocalAllocation,16,6,2800,{'trace_kind': 'trace'},0.0028
isolation,1,report_mixed_heterogeneous,NRU,LocalAllocation,16,6,3600,{'trace_kind': 'trace'},0.0036
isolation,2,report_mixed_heterogeneous,NRU,LocalAllocation,16,6,2900,{'trace_kind': 'trace'},0.0029
isolation,0,report_mixed_heterogeneous,NRU,LocalAllocation,16,7,2800,{'trace_kind': 'trace'},0.0028
isolation,1,report_mixed_heterogeneous,NRU,LocalAllocation,16,7,3600,{'trace_kind': 'trace'},0.0036
isolation,2,report_mixed_heterogeneous,NRU,LocalAllocation,16,7,2900,{'trace_kind': 'trace'},0.0029
isolation,0,report_mixed_heterogeneous,NRU,LocalAllocation,16,8,2700,{'trace_kind': 'trace'},0.0027
isolation,1,report_mixed_heterogeneous,NRU,LocalAllocation,16,8,3600,{'trace_kind': 'trace'},0.0036
isolation,2,report_mixed_heterogeneous,NRU,LocalAllocation,16,8,3100,{'trace_kind': 'trace'},0.0031
isolation,0,report_mixed_heterogeneous,NRU,LocalAllocation,16,9,2900,{'trace_kind': 'trace'},0.0029
isolation,1,report_mixed_heterogeneous,NRU,LocalAllocation,16,9,3600,{'trace_kind': 'trace'},0.0036
isolation,2,report_mixed_heterogeneous,NRU,LocalAllocation,16,9,2900,{'trace_kind': 'trace'},0.0029
isolation,0,report_mixed_heterogeneous,NRU,ProportionalAllocation,16,0,2900,{'trace_kind': 'trace'},0.0029
isolation,1,report_mixed_heterogeneous,NRU,ProportionalAllocation,16,0,3800,{'trace_kind': 'trace'},0.0038
isolation,2,report_mixed_heterogeneous,NRU,ProportionalAllocation,16,0,2900,{'trace_kind': 'trace'},0.0029
isolation,0,report_mixed_heterogeneous,NRU,ProportionalAllocation,16,1,3000,{'trace_kind': 'trace'},0.003
isolation,1,report_mixed_heterogeneous,NRU,ProportionalAllocation,16,1,3800,{'trace_kind': 'trace'},0.0038
isolation,2,report_mixed_heterogeneous,NRU,ProportionalAllocation,16,1,2900,{'trace_kind': 'trace'},0.0029
isolation,0,report_mixed_heterogeneous,NRU,ProportionalAllocation,16,2,2900,{'trace_kind': 'trace'},0.0029
isolation,1,report_mixed_heterogeneous,NRU,ProportionalAllocation,16,2,3400,{'trace_kind': 'trace'},0.0034
isolation,2,report_mixed_heterogeneous,NRU,ProportionalAllocation,16,2,2900,{'trace_kind': 'trace'},0.0029
isolation,0,report_mixed_heterogeneous,NRU,ProportionalAllocation,16,3,2800,{'trace_kind': 'trace'},0.0028
isolation,1,report_mixed_heterogeneous,NRU,ProportionalAllocation,16,3,3600,{'trace_kind': 'trace'},0.0036
isolation,2,report_mixed_heterogeneous,NRU,ProportionalAllocation,16,3,3000,{'trace_kind': 'trace'},0.003
isolation,0,report_mixed_heterogeneous,NRU,ProportionalAllocation,16,4,2800,{'trace_kind': 'trace'},0.0028
isolation,1,report_mixed_heterogeneous,NRU,ProportionalAllocation,16,4,3600,{'trace_kind': 'trace'},0.0036
isolation,2,report_mixed_heterogeneous,NRU,ProportionalAllocation,16,4,2900,{'trace_kind': 'trace'},0.0029
isolation,0,report_mixed_heterogeneous,NRU,ProportionalAllocation,16,5,2700,{'trace_kind': 'trace'},0.0027
isolation,1,report_mixed_heterogeneous,NRU,ProportionalAllocation,16,5,3600,{'trace_kind': 'trace'},0.0036
isolation,2,report_mixed_heterogeneous,NRU,ProportionalAllocation,16,5,3000,{'trace_kind': 'trace'},0.003
isolation,0,report_mixed_heterogeneous,NRU,ProportionalAllocation,16,6,2900,{'trace_kind': 'trace'},0.0029
isolation,1,report_mixed_heterogeneous,NRU,ProportionalAllocation,16,6,3400,{'trace_kind': 'trace'},0.0034
isolation,2,report_mixed_heterogeneous,NRU,ProportionalAllocation,16,6,2900,{'trace_kind': 'trace'},0.0029
isolation,0,report_mixed_heterogeneous,NRU,ProportionalAllocation,16,7,2700,{'trace_kind': 'trace'},0.0027
isolation,1,report_mixed_heterogeneous,NRU,ProportionalAllocation,16,7,3600,{'trace_kind': 'trace'},0.0036
isolation,2,report_mixed_heterogeneous,NRU,ProportionalAllocation,16,7,2900,{'trace_kind': 'trace'},0.0029
isolation,0,report_mixed_heterogeneous,NRU,ProportionalAllocation,16,8,2900,{'trace_kind': 'trace'},0.0029
isolation,1,report_mixed_heterogeneous,NRU,ProportionalAllocation,16,8,3900,{'trace_kind': 'trace'},0.0039
isolation,2,report_mixed_heterogeneous,NRU,ProportionalAllocation,16,8,3100,{'trace_kind': 'trace'},0.0031
isolation,0,report_mixed_heterogeneous,NRU,ProportionalAllocation,16,9,2800,{'trace_kind': 'trace'},0.0028
isolation,1,report_mixed_heterogeneous,NRU,ProportionalAllocation,16,9,3600,{'trace_kind': 'trace'},0.0036
isolation,2,report_mixed_heterogeneous,NRU,ProportionalAllocation,16,9,3000,{'trace_kind': 'trace'},0.003
isolation,0,report_mixed_heterogeneous,SecondChance,GlobalAllocation,16,0,3600,{'trace_kind': 'trace'},0.0036
isolation,1,report_mixed_heterogeneous,SecondChance,GlobalAllocation,16,0,5200,{'trace_kind': 'trace'},0.0052
isolation,2,report_mixed_heterogeneous,SecondChance,GlobalAllocation,16,0,3600,{'trace_kind': 'trace'},0.0036
isolation,0,report_mixed_heterogeneous,SecondChance,GlobalAllocation,16,1,3100,{'trace_kind': 'trace'},0.0031
isolation,1,report_mixed_heterogeneous,SecondChance,GlobalAllocation,16,1,4300,{'trace_kind': 'trace'},0.0043
isolation,2,report_mixed_heterogeneous,SecondChance,GlobalAllocation,16,1,3100,{'trace_kind': 'trace'},0.0031
isolation,0,report_mixed_heterogeneous,SecondChance,GlobalAllocation,16,2,3100,{'trace_kind': 'trace'},0.0031
isolation,1,report_mixed_heterogeneous,SecondChance,GlobalAllocation,16,2,4000,{'trace_kind': 'trace'},0.004
isolation,2,report_mixed_heterogeneous,SecondChance,GlobalAllocation,16,2,3200,{'trace_kind': 'trace'},0.0032
isolation,0,report_mixed_heterogeneous,SecondChance,GlobalAllocation,16,3,3000,{'trace_kind': 'trace'},0.003
isolation,1,report_mixed_heterogeneous,SecondChance,GlobalAllocation,16,3,4100,{'trace_kind': 'trace'},0.0041
isolation,2,report_mixed_heterogeneous,SecondChance,GlobalAllocation,16,3,3000,{'trace_kind': 'trace'},0.003
isolation,0,report_mixed_heterogeneous,SecondChance,GlobalAllocation,16,4,3100,{'trace_kind': 'trace'},0.0031
isolation,1,report_mixed_heterogeneous,SecondChance,GlobalAllocation,16,4,4200,{'trace_kind': 'trace'},0.0042
isolation,2,report_mixed_heterogeneous,SecondChance,GlobalAllocation,16,4,3200,{'trace_kind': 'trace'},0.0032
isolation,0,report_mixed_heterogeneous,SecondChance,GlobalAllocation,16,5,3000,{'trace_kind': 'trace'},0.003
isolation,1,report_mixed_heterogeneous,SecondChance,GlobalAllocation,16,5,4200,{'trace_kind': 'trace'},0.0042
isolation,2,report_mixed_heterogeneous,SecondChance,GlobalAllocation,16,5,3100,{'trace_kind': 'trace'},0.0031
isolation,0,report_mixed_heterogeneous,SecondChance,GlobalAllocation,16,6,3000,{'trace_kind': 'trace'},0.003
isolation,1,report_mixed_heterogeneous,SecondChance,GlobalAllocation,16,6,4200,{'trace_kind': 'trace'},0.0042
isolation,2,report_mixed_heterogeneous,SecondChance,GlobalAllocation,16,6,2900,{'trace_kind': 'trace'},0.0029
isolation,0,report_mixed_heterogeneous,SecondChance,GlobalAllocation,16,7,2700,{'trace_kind': 'trace'},0.0027
isolation,1,report_mixed_heterogeneous,SecondChance,GlobalAllocation,16,7,4000,{'trace_kind': 'trace'},0.004
isolation,2,report_mixed_heterogeneous,SecondChance,GlobalAllocation,16,7,2800,{'trace_kind': 'trace'},0.0028
isolation,0,report_mixed_heterogeneous,SecondChance,GlobalAllocation,16,8,2700,{'trace_kind': 'trace'},0.0027
isolation,1,report_mixed_heterogeneous,SecondChance,GlobalAllocation,16,8,3900,{'trace_kind': 'trace'},0.0039
isolation,2,report_mixed_heterogeneous,SecondChance,GlobalAllocation,16,8,2800,{'trace_kind': 'trace'},0.0028
isolation,0,report_mixed_heterogeneous,SecondChance,GlobalAllocation,16,9,2800,{'trace_kind': 'trace'},0.0028
isolation,1,report_mixed_heterogeneous,SecondChance,GlobalAllocation,16,9,3800,{'trace_kind': 'trace'},0.0038
isolation,2,report_mixed_heterogeneous,SecondChance,GlobalAllocation,16,9,2800,{'trace_kind': 'trace'},0.0028
isolation,0,report_mixed_heterogeneous,SecondChance,LocalAllocation,16,0,2800,{'trace_kind': 'trace'},0.0028
isolation,1,report_mixed_heterogeneous,SecondChance,LocalAllocation,16,0,3900,{'trace_kind': 'trace'},0.0039
isolation,2,report_mixed_heterogeneous,SecondChance,LocalAllocation,16,0,2900,{'trace_kind': 'trace'},0.0029
isolation,0,report_mixed_heterogeneous,SecondChance,LocalAllocation,16,1,2700,{'trace_kind': 'trace'},0.0027
isolation,1,report_mixed_heterogeneous,SecondChance,LocalAllocation,16,1,3900,{'trace_kind': 'trace'},0.0039
isolation,2,report_mixed_heterogeneous,SecondChance,LocalAllocation,16,1,2900,{'trace_kind': 'trace'},0.0029
isolation,0,report_mixed_heterogeneous,SecondChance,LocalAllocation,16,2,2600,{'trace_kind': 'trace'},0.0026
isolation,1,report_mixed_heterogeneous,SecondChance,LocalAllocation,16,2,3800,{'trace_kind': 'trace'},0.0038
isolation,2,report_mixed_heterogeneous,SecondChance,LocalAllocation,16,2,2700,{'trace_kind': 'trace'},0.0027
isolation,0,report_mixed_heterogeneous,SecondChance,LocalAllocation,16,3,2600,{'trace_kind': 'trace'},0.0026
isolation,1,report_mixed_heterogeneous,SecondChance,LocalAllocation,16,3,3900,{'trace_kind': 'trace'},0.0039
isolation,2,report_mixed_heterogeneous,SecondChance,LocalAllocation,16,3,2800,{'trace_kind': 'trace'},0.0028
isolation,0,report_mixed_heterogeneous,SecondChance,LocalAllocation,16,4,2600,{'trace_kind': 'trace'},0.0026
isolation,1,report_mixed_heterogeneous,SecondChance,LocalAllocation,16,4,3800,{'trace_kind': 'trace'},0.0038
isolation,2,report_mixed_heterogeneous,SecondChance,LocalAllocation,16,4,2900,{'trace_kind': 'trace'},0.0029
isolation,0,report_mixed_heterogeneous,SecondChance,LocalAllocation,16,5,2700,{'trace_kind': 'trace'},0.0027
isolation,1,report_mixed_heterogeneous,SecondChance,LocalAllocation,16,5,3800,{'trace_kind': 'trace'},0.0038
isolation,2,report_mixed_heterogeneous,SecondChance,LocalAllocation,16,5,2800,{'trace_kind': 'trace'},0.0028
isolation,0,report_mixed_heterogeneous,SecondChance,LocalAllocation,16,6,3100,{'trace_kind': 'trace'},0.0031
isolation,1,report_mixed_heterogeneous,SecondChance,LocalAllocation,16,6,3800,{'trace_kind': 'trace'},0.0038
isolation,2,report_mixed_heterogeneous,SecondChance,LocalAllocation,16,6,3000,{'trace_kind': 'trace'},0.003
isolation,0,report_mixed_heterogeneous,SecondChance,LocalAllocation,16,7,2700,{'trace_kind': 'trace'},0.0027
isolation,1,report_mixed_heterogeneous,SecondChance,LocalAllocation,16,7,3800,{'trace_kind': 'trace'},0.0038
isolation,2,report_mixed_heterogeneous,SecondChance,LocalAllocation,16,7,3000,{'trace_kind': 'trace'},0.003
isolation,0,report_mixed_heterogeneous,SecondChance,LocalAllocation,16,8,2600,{'trace_kind': 'trace'},0.0026
isolation,1,report_mixed_heterogeneous,SecondChance,LocalAllocation,16,8,3900,{'trace_kind': 'trace'},0.0039
isolation,2,report_mixed_heterogeneous,SecondChance,LocalAllocation,16,8,2900,{'trace_kind': 'trace'},0.0029
isolation,0,report_mixed_heterogeneous,SecondChance,LocalAllocation,16,9,2700,{'trace_kind': 'trace'},0.0027
isolation,1,report_mixed_heterogeneous,SecondChance,LocalAllocation,16,9,4000,{'trace_kind': 'trace'},0.004
isolation,2,report_mixed_heterogeneous,SecondChance,LocalAllocation,16,9,2900,{'trace_kind': 'trace'},0.0029
isolation,0,report_mixed_heterogeneous,SecondChance,ProportionalAllocation,16,0,2900,{'trace_kind': 'trace'},0.0029
isolation,1,report_mixed_heterogeneous,SecondChance,ProportionalAllocation,16,0,3800,{'trace_kind': 'trace'},0.0038
isolation,2,report_mixed_heterogeneous,SecondChance,ProportionalAllocation,16,0,2900,{'trace_kind': 'trace'},0.0029
isolation,0,report_mixed_heterogeneous,SecondChance,ProportionalAllocation,16,1,2700,{'trace_kind': 'trace'},0.0027
isolation,1,report_mixed_heterogeneous,SecondChance,ProportionalAllocation,16,1,3800,{'trace_kind': 'trace'},0.0038
isolation,2,report_mixed_heterogeneous,SecondChance,ProportionalAllocation,16,1,2900,{'trace_kind': 'trace'},0.0029
isolation,0,report_mixed_heterogeneous,SecondChance,ProportionalAllocation,16,2,2700,{'trace_kind': 'trace'},0.0027
isolation,1,report_mixed_heterogeneous,SecondChance,ProportionalAllocation,16,2,3900,{'trace_kind': 'trace'},0.0039
isolation,2,report_mixed_heterogeneous,SecondChance,ProportionalAllocation,16,2,2900,{'trace_kind': 'trace'},0.0029
isolation,0,report_mixed_heterogeneous,SecondChance,ProportionalAllocation,16,3,2800,{'trace_kind': 'trace'},0.0028
isolation,1,report_mixed_heterogeneous,SecondChance,ProportionalAllocation,16,3,3700,{'trace_kind': 'trace'},0.0037
isolation,2,report_mixed_heterogeneous,SecondChance,ProportionalAllocation,16,3,2900,{'trace_kind': 'trace'},0.0029
isolation,0,report_mixed_heterogeneous,SecondChance,ProportionalAllocation,16,4,2700,{'trace_kind': 'trace'},0.0027
isolation,1,report_mixed_heterogeneous,SecondChance,ProportionalAllocation,16,4,3800,{'trace_kind': 'trace'},0.0038
isolation,2,report_mixed_heterogeneous,SecondChance,ProportionalAllocation,16,4,2800,{'trace_kind': 'trace'},0.0028
isolation,0,report_mixed_heterogeneous,SecondChance,ProportionalAllocation,16,5,2700,{'trace_kind': 'trace'},0.0027
isolation,1,report_mixed_heterogeneous,SecondChance,ProportionalAllocation,16,5,3800,{'trace_kind': 'trace'},0.0038
isolation,2,report_mixed_heterogeneous,SecondChance,ProportionalAllocation,16,5,2900,{'trace_kind': 'trace'},0.0029
isolation,0,report_mixed_heterogeneous,SecondChance,ProportionalAllocation,16,6,2800,{'trace_kind': 'trace'},0.0028
isolation,1,report_mixed_heterogeneous,SecondChance,ProportionalAllocation,16,6,4000,{'trace_kind': 'trace'},0.004
isolation,2,report_mixed_heterogeneous,SecondChance,ProportionalAllocation,16,6,2900,{'trace_kind': 'trace'},0.0029
isolation,0,report_mixed_heterogeneous,SecondChance,ProportionalAllocation,16,7,2700,{'trace_kind': 'trace'},0.0027
isolation,1,report_mixed_heterogeneous,SecondChance,ProportionalAllocation,16,7,3900,{'trace_kind': 'trace'},0.0039
isolation,2,report_mixed_heterogeneous,SecondChance,ProportionalAllocation,16,7,2800,{'trace_kind': 'trace'},0.0028
isolation,0,report_mixed_heterogeneous,SecondChance,ProportionalAllocation,16,8,2700,{'trace_kind': 'trace'},0.0027
isolation,1,report_mixed_heterogeneous,SecondChance,ProportionalAllocation,16,8,3800,{'trace_kind': 'trace'},0.0038
isolation,2,report_mixed_heterogeneous,SecondChance,ProportionalAllocation,16,8,2900,{'trace_kind': 'trace'},0.0029
isolation,0,report_mixed_heterogeneous,SecondChance,ProportionalAllocation,16,9,2800,{'trace_kind': 'trace'},0.0028
isolation,1,report_mixed_heterogeneous,SecondChance,ProportionalAllocation,16,9,3700,{'trace_kind': 'trace'},0.0037
isolation,2,report_mixed_heterogeneous,SecondChance,ProportionalAllocation,16,9,3000,{'trace_kind': 'trace'},0.003
isolation,0,report_mixed_heterogeneous,WSClock,GlobalAllocation,16,0,3700,{'trace_kind': 'trace'},0.0037
isolation,1,report_mixed_heterogeneous,WSClock,GlobalAllocation,16,0,5200,{'trace_kind': 'trace'},0.0052
isolation,2,report_mixed_heterogeneous,WSClock,GlobalAllocation,16,0,3700,{'trace_kind': 'trace'},0.0037
isolation,0,report_mixed_heterogeneous,WSClock,GlobalAllocation,16,1,3200,{'trace_kind': 'trace'},0.0032
isolation,1,report_mixed_heterogeneous,WSClock,GlobalAllocation,16,1,4300,{'trace_kind': 'trace'},0.0043
isolation,2,report_mixed_heterogeneous,WSClock,GlobalAllocation,16,1,3100,{'trace_kind': 'trace'},0.0031
isolation,0,report_mixed_heterogeneous,WSClock,GlobalAllocation,16,2,2900,{'trace_kind': 'trace'},0.0029
isolation,1,report_mixed_heterogeneous,WSClock,GlobalAllocation,16,2,4100,{'trace_kind': 'trace'},0.0041
isolation,2,report_mixed_heterogeneous,WSClock,GlobalAllocation,16,2,3000,{'trace_kind': 'trace'},0.003
isolation,0,report_mixed_heterogeneous,WSClock,GlobalAllocation,16,3,3000,{'trace_kind': 'trace'},0.003
isolation,1,report_mixed_heterogeneous,WSClock,GlobalAllocation,16,3,4000,{'trace_kind': 'trace'},0.004
isolation,2,report_mixed_heterogeneous,WSClock,GlobalAllocation,16,3,3300,{'trace_kind': 'trace'},0.0033
isolation,0,report_mixed_heterogeneous,WSClock,GlobalAllocation,16,4,3100,{'trace_kind': 'trace'},0.0031
isolation,1,report_mixed_heterogeneous,WSClock,GlobalAllocation,16,4,4100,{'trace_kind': 'trace'},0.0041
isolation,2,report_mixed_heterogeneous,WSClock,GlobalAllocation,16,4,3200,{'trace_kind': 'trace'},0.0032
isolation,0,report_mixed_heterogeneous,WSClock,GlobalAllocation,16,5,2900,{'trace_kind': 'trace'},0.0029
isolation,1,report_mixed_heterogeneous,WSClock,GlobalAllocation,16,5,4100,{'trace_kind': 'trace'},0.0041
isolation,2,report_mixed_heterogeneous,WSClock,GlobalAllocation,16,5,3100,{'trace_kind': 'trace'},0.0031
isolation,0,report_mixed_heterogeneous,WSClock,GlobalAllocation,16,6,3200,{'trace_kind': 'trace'},0.0032
isolation,1,report_mixed_heterogeneous,WSClock,GlobalAllocation,16,6,4200,{'trace_kind': 'trace'},0.0042
isolation,2,report_mixed_heterogeneous,WSClock,GlobalAllocation,16,6,3000,{'trace_kind': 'trace'},0.003
isolation,0,report_mixed_heterogeneous,WSClock,GlobalAllocation,16,7,2900,{'trace_kind': 'trace'},0.0029
isolation,1,report_mixed_heterogeneous,WSClock,GlobalAllocation,16,7,3900,{'trace_kind': 'trace'},0.0039
isolation,2,report_mixed_heterogeneous,WSClock,GlobalAllocation,16,7,2900,{'trace_kind': 'trace'},0.0029
isolation,0,report_mixed_heterogeneous,WSClock,GlobalAllocation,16,8,2800,{'trace_kind': 'trace'},0.0028
isolation,1,report_mixed_heterogeneous,WSClock,GlobalAllocation,16,8,3900,{'trace_kind': 'trace'},0.0039
isolation,2,report_mixed_heterogeneous,WSClock,GlobalAllocation,16,8,3000,{'trace_kind': 'trace'},0.003
isolation,0,report_mixed_heterogeneous,WSClock,GlobalAllocation,16,9,2800,{'trace_kind': 'trace'},0.0028
isolation,1,report_mixed_heterogeneous,WSClock,GlobalAllocation,16,9,3800,{'trace_kind': 'trace'},0.0038
isolation,2,report_mixed_heterogeneous,WSClock,GlobalAllocation,16,9,2800,{'trace_kind': 'trace'},0.0028
isolation,0,report_mixed_heterogeneous,WSClock,LocalAllocation,16,0,2800,{'trace_kind': 'trace'},0.0028
isolation,1,report_mixed_heterogeneous,WSClock,LocalAllocation,16,0,4000,{'trace_kind': 'trace'},0.004
isolation,2,report_mixed_heterogeneous,WSClock,LocalAllocation,16,0,2800,{'trace_kind': 'trace'},0.0028
isolation,0,report_mixed_heterogeneous,WSClock,LocalAllocation,16,1,2800,{'trace_kind': 'trace'},0.0028
isolation,1,report_mixed_heterogeneous,WSClock,LocalAllocation,16,1,3900,{'trace_kind': 'trace'},0.0039
isolation,2,report_mixed_heterogeneous,WSClock,LocalAllocation,16,1,2900,{'trace_kind': 'trace'},0.0029
isolation,0,report_mixed_heterogeneous,WSClock,LocalAllocation,16,2,2900,{'trace_kind': 'trace'},0.0029
isolation,1,report_mixed_heterogeneous,WSClock,LocalAllocation,16,2,3800,{'trace_kind': 'trace'},0.0038
isolation,2,report_mixed_heterogeneous,WSClock,LocalAllocation,16,2,2700,{'trace_kind': 'trace'},0.0027
isolation,0,report_mixed_heterogeneous,WSClock,LocalAllocation,16,3,2800,{'trace_kind': 'trace'},0.0028
isolation,1,report_mixed_heterogeneous,WSClock,LocalAllocation,16,3,4000,{'trace_kind': 'trace'},0.004
isolation,2,report_mixed_heterogeneous,WSClock,LocalAllocation,16,3,2800,{'trace_kind': 'trace'},0.0028
isolation,0,report_mixed_heterogeneous,WSClock,LocalAllocation,16,4,2800,{'trace_kind': 'trace'},0.0028
isolation,1,report_mixed_heterogeneous,WSClock,LocalAllocation,16,4,3900,{'trace_kind': 'trace'},0.0039
isolation,2,report_mixed_heterogeneous,WSClock,LocalAllocation,16,4,2900,{'trace_kind': 'trace'},0.0029
isolation,0,report_mixed_heterogeneous,WSClock,LocalAllocation,16,5,2700,{'trace_kind': 'trace'},0.0027
isolation,1,report_mixed_heterogeneous,WSClock,LocalAllocation,16,5,3900,{'trace_kind': 'trace'},0.0039
isolation,2,report_mixed_heterogeneous,WSClock,LocalAllocation,16,5,2900,{'trace_kind': 'trace'},0.0029
isolation,0,report_mixed_heterogeneous,WSClock,LocalAllocation,16,6,2700,{'trace_kind': 'trace'},0.0027
isolation,1,report_mixed_heterogeneous,WSClock,LocalAllocation,16,6,3700,{'trace_kind': 'trace'},0.0037
isolation,2,report_mixed_heterogeneous,WSClock,LocalAllocation,16,6,2900,{'trace_kind': 'trace'},0.0029
isolation,0,report_mixed_heterogeneous,WSClock,LocalAllocation,16,7,2800,{'trace_kind': 'trace'},0.0028
isolation,1,report_mixed_heterogeneous,WSClock,LocalAllocation,16,7,3900,{'trace_kind': 'trace'},0.0039
isolation,2,report_mixed_heterogeneous,WSClock,LocalAllocation,16,7,3000,{'trace_kind': 'trace'},0.003
isolation,0,report_mixed_heterogeneous,WSClock,LocalAllocation,16,8,2700,{'trace_kind': 'trace'},0.0027
isolation,1,report_mixed_heterogeneous,WSClock,LocalAllocation,16,8,3700,{'trace_kind': 'trace'},0.0037
isolation,2,report_mixed_heterogeneous,WSClock,LocalAllocation,16,8,3200,{'trace_kind': 'trace'},0.0032
isolation,0,report_mixed_heterogeneous,WSClock,LocalAllocation,16,9,2700,{'trace_kind': 'trace'},0.0027
isolation,1,report_mixed_heterogeneous,WSClock,LocalAllocation,16,9,3800,{'trace_kind': 'trace'},0.0038
isolation,2,report_mixed_heterogeneous,WSClock,LocalAllocation,16,9,3700,{'trace_kind': 'trace'},0.0037
isolation,0,report_mixed_heterogeneous,WSClock,ProportionalAllocation,16,0,2700,{'trace_kind': 'trace'},0.0027
isolation,1,report_mixed_heterogeneous,WSClock,ProportionalAllocation,16,0,3800,{'trace_kind': 'trace'},0.0038
isolation,2,report_mixed_heterogeneous,WSClock,ProportionalAllocation,16,0,2900,{'trace_kind': 'trace'},0.0029
isolation,0,report_mixed_heterogeneous,WSClock,ProportionalAllocation,16,1,2800,{'trace_kind': 'trace'},0.0028
isolation,1,report_mixed_heterogeneous,WSClock,ProportionalAllocation,16,1,3800,{'trace_kind': 'trace'},0.0038
isolation,2,report_mixed_heterogeneous,WSClock,ProportionalAllocation,16,1,2800,{'trace_kind': 'trace'},0.0028
isolation,0,report_mixed_heterogeneous,WSClock,ProportionalAllocation,16,2,2700,{'trace_kind': 'trace'},0.0027
isolation,1,report_mixed_heterogeneous,WSClock,ProportionalAllocation,16,2,3800,{'trace_kind': 'trace'},0.0038
isolation,2,report_mixed_heterogeneous,WSClock,ProportionalAllocation,16,2,2900,{'trace_kind': 'trace'},0.0029
isolation,0,report_mixed_heterogeneous,WSClock,ProportionalAllocation,16,3,2900,{'trace_kind': 'trace'},0.0029
isolation,1,report_mixed_heterogeneous,WSClock,ProportionalAllocation,16,3,3900,{'trace_kind': 'trace'},0.0039
isolation,2,report_mixed_heterogeneous,WSClock,ProportionalAllocation,16,3,2900,{'trace_kind': 'trace'},0.0029
isolation,0,report_mixed_heterogeneous,WSClock,ProportionalAllocation,16,4,2700,{'trace_kind': 'trace'},0.0027
isolation,1,report_mixed_heterogeneous,WSClock,ProportionalAllocation,16,4,3900,{'trace_kind': 'trace'},0.0039
isolation,2,report_mixed_heterogeneous,WSClock,ProportionalAllocation,16,4,3100,{'trace_kind': 'trace'},0.0031
isolation,0,report_mixed_heterogeneous,WSClock,ProportionalAllocation,16,5,3000,{'trace_kind': 'trace'},0.003
isolation,1,report_mixed_heterogeneous,WSClock,ProportionalAllocation,16,5,4100,{'trace_kind': 'trace'},0.0041
isolation,2,report_mixed_heterogeneous,WSClock,ProportionalAllocation,16,5,2800,{'trace_kind': 'trace'},0.0028
isolation,0,report_mixed_heterogeneous,WSClock,ProportionalAllocation,16,6,2700,{'trace_kind': 'trace'},0.0027
isolation,1,report_mixed_heterogeneous,WSClock,ProportionalAllocation,16,6,3900,{'trace_kind': 'trace'},0.0039
isolation,2,report_mixed_heterogeneous,WSClock,ProportionalAllocation,16,6,2900,{'trace_kind': 'trace'},0.0029
isolation,0,report_mixed_heterogeneous,WSClock,ProportionalAllocation,16,7,2800,{'trace_kind': 'trace'},0.0028
isolation,1,report_mixed_heterogeneous,WSClock,ProportionalAllocation,16,7,3800,{'trace_kind': 'trace'},0.0038
isolation,2,report_mixed_heterogeneous,WSClock,ProportionalAllocation,16,7,2900,{'trace_kind': 'trace'},0.0029
isolation,0,report_mixed_heterogeneous,WSClock,ProportionalAllocation,16,8,2800,{'trace_kind': 'trace'},0.0028
isolation,1,report_mixed_heterogeneous,WSClock,ProportionalAllocation,16,8,4000,{'trace_kind': 'trace'},0.004
isolation,2,report_mixed_heterogeneous,WSClock,ProportionalAllocation,16,8,2900,{'trace_kind': 'trace'},0.0029
isolation,0,report_mixed_heterogeneous,WSClock,ProportionalAllocation,16,9,2600,{'trace_kind': 'trace'},0.0026
isolation,1,report_mixed_heterogeneous,WSClock,ProportionalAllocation,16,9,4000,{'trace_kind': 'trace'},0.004
isolation,2,report_mixed_heterogeneous,WSClock,ProportionalAllocation,16,9,2800,{'trace_kind': 'trace'},0.0028
isolation,0,report_streaming_sequential,FIFO,GlobalAllocation,13,0,6400,{'trace_kind': 'trace'},0.0064
isolation,1,report_streaming_sequential,FIFO,GlobalAllocation,13,0,5700,{'trace_kind': 'trace'},0.0057
isolation,0,report_streaming_sequential,FIFO,GlobalAllocation,13,1,5200,{'trace_kind': 'trace'},0.0052
isolation,1,report_streaming_sequential,FIFO,GlobalAllocation,13,1,5000,{'trace_kind': 'trace'},0.005
isolation,0,report_streaming_sequential,FIFO,GlobalAllocation,13,2,5000,{'trace_kind': 'trace'},0.005
isolation,1,report_streaming_sequential,FIFO,GlobalAllocation,13,2,5200,{'trace_kind': 'trace'},0.0052
isolation,0,report_streaming_sequential,FIFO,GlobalAllocation,13,3,4900,{'trace_kind': 'trace'},0.0049
isolation,1,report_streaming_sequential,FIFO,GlobalAllocation,13,3,4800,{'trace_kind': 'trace'},0.0048
isolation,0,report_streaming_sequential,FIFO,GlobalAllocation,13,4,5000,{'trace_kind': 'trace'},0.005
isolation,1,report_streaming_sequential,FIFO,GlobalAllocation,13,4,4900,{'trace_kind': 'trace'},0.0049
isolation,0,report_streaming_sequential,FIFO,GlobalAllocation,13,5,5200,{'trace_kind': 'trace'},0.0052
isolation,1,report_streaming_sequential,FIFO,GlobalAllocation,13,5,4700,{'trace_kind': 'trace'},0.0047
isolation,0,report_streaming_sequential,FIFO,GlobalAllocation,13,6,4700,{'trace_kind': 'trace'},0.0047
isolation,1,report_streaming_sequential,FIFO,GlobalAllocation,13,6,4700,{'trace_kind': 'trace'},0.0047
isolation,0,report_streaming_sequential,FIFO,GlobalAllocation,13,7,4900,{'trace_kind': 'trace'},0.0049
isolation,1,report_streaming_sequential,FIFO,GlobalAllocation,13,7,4800,{'trace_kind': 'trace'},0.0048
isolation,0,report_streaming_sequential,FIFO,GlobalAllocation,13,8,4800,{'trace_kind': 'trace'},0.0048
isolation,1,report_streaming_sequential,FIFO,GlobalAllocation,13,8,5000,{'trace_kind': 'trace'},0.005
isolation,0,report_streaming_sequential,FIFO,GlobalAllocation,13,9,4700,{'trace_kind': 'trace'},0.0047
isolation,1,report_streaming_sequential,FIFO,GlobalAllocation,13,9,4600,{'trace_kind': 'trace'},0.0046
isolation,0,report_streaming_sequential,FIFO,LocalAllocation,13,0,4800,{'trace_kind': 'trace'},0.0048
isolation,1,report_streaming_sequential,FIFO,LocalAllocation,13,0,4700,{'trace_kind': 'trace'},0.0047
isolation,0,report_streaming_sequential,FIFO,LocalAllocation,13,1,4800,{'trace_kind': 'trace'},0.0048
isolation,1,report_streaming_sequential,FIFO,LocalAllocation,13,1,4700,{'trace_kind': 'trace'},0.0047
isolation,0,report_streaming_sequential,FIFO,LocalAllocation,13,2,4500,{'trace_kind': 'trace'},0.0045
isolation,1,report_streaming_sequential,FIFO,LocalAllocation,13,2,4700,{'trace_kind': 'trace'},0.0047
isolation,0,report_streaming_sequential,FIFO,LocalAllocation,13,3,4600,{'trace_kind': 'trace'},0.0046
isolation,1,report_streaming_sequential,FIFO,LocalAllocation,13,3,4700,{'trace_kind': 'trace'},0.0047
isolation,0,report_streaming_sequential,FIFO,LocalAllocation,13,4,4600,{'trace_kind': 'trace'},0.0046
isolation,1,report_streaming_sequential,FIFO,LocalAllocation,13,4,4700,{'trace_kind': 'trace'},0.0047
isolation,0,report_streaming_sequential,FIFO,LocalAllocation,13,5,5800,{'trace_kind': 'trace'},0.0058
isolation,1,report_streaming_sequential,FIFO,LocalAllocation,13,5,5900,{'trace_kind': 'trace'},0.0059
isolation,0,report_streaming_sequential,FIFO,LocalAllocation,13,6,4600,{'trace_kind': 'trace'},0.0046
isolation,1,report_streaming_sequential,FIFO,LocalAllocation,13,6,4800,{'trace_kind': 'trace'},0.0048
isolation,0,report_streaming_sequential,FIFO,LocalAllocation,13,7,4600,{'trace_kind': 'trace'},0.0046
isolation,1,report_streaming_sequential,FIFO,LocalAllocation,13,7,4800,{'trace_kind': 'trace'},0.0048
isolation,0,report_streaming_sequential,FIFO,LocalAllocation,13,8,4700,{'trace_kind': 'trace'},0.0047
isolation,1,report_streaming_sequential,FIFO,LocalAllocation,13,8,4500,{'trace_kind': 'trace'},0.0045
isolation,0,report_streaming_sequential,FIFO,LocalAllocation,13,9,5900,{'trace_kind': 'trace'},0.0059
isolation,1,report_streaming_sequential,FIFO,LocalAllocation,13,9,4900,{'trace_kind': 'trace'},0.0049
isolation,0,report_streaming_sequential,FIFO,ProportionalAllocation,13,0,5000,{'trace_kind': 'trace'},0.005
isolation,1,report_streaming_sequential,FIFO,ProportionalAllocation,13,0,4800,{'trace_kind': 'trace'},0.0048
isolation,0,report_streaming_sequential,FIFO,ProportionalAllocation,13,1,4800,{'trace_kind': 'trace'},0.0048
isolation,1,report_streaming_sequential,FIFO,ProportionalAllocation,13,1,4800,{'trace_kind': 'trace'},0.0048
isolation,0,report_streaming_sequential,FIFO,ProportionalAllocation,13,2,4900,{'trace_kind': 'trace'},0.0049
isolation,1,report_streaming_sequential,FIFO,ProportionalAllocation,13,2,4500,{'trace_kind': 'trace'},0.0045
isolation,0,report_streaming_sequential,FIFO,ProportionalAllocation,13,3,4700,{'trace_kind': 'trace'},0.0047
isolation,1,report_streaming_sequential,FIFO,ProportionalAllocation,13,3,4400,{'trace_kind': 'trace'},0.0044
isolation,0,report_streaming_sequential,FIFO,ProportionalAllocation,13,4,5000,{'trace_kind': 'trace'},0.005
isolation,1,report_streaming_sequential,FIFO,ProportionalAllocation,13,4,4600,{'trace_kind': 'trace'},0.0046
isolation,0,report_streaming_sequential,FIFO,ProportionalAllocation,13,5,4700,{'trace_kind': 'trace'},0.0047
isolation,1,report_streaming_sequential,FIFO,ProportionalAllocation,13,5,4500,{'trace_kind': 'trace'},0.0045
isolation,0,report_streaming_sequential,FIFO,ProportionalAllocation,13,6,4600,{'trace_kind': 'trace'},0.0046
isolation,1,report_streaming_sequential,FIFO,ProportionalAllocation,13,6,4600,{'trace_kind': 'trace'},0.0046
isolation,0,report_streaming_sequential,FIFO,ProportionalAllocation,13,7,4400,{'trace_kind': 'trace'},0.0044
isolation,1,report_streaming_sequential,FIFO,ProportionalAllocation,13,7,4600,{'trace_kind': 'trace'},0.0046
isolation,0,report_streaming_sequential,FIFO,ProportionalAllocation,13,8,4600,{'trace_kind': 'trace'},0.0046
isolation,1,report_streaming_sequential,FIFO,ProportionalAllocation,13,8,4600,{'trace_kind': 'trace'},0.0046
isolation,0,report_streaming_sequential,FIFO,ProportionalAllocation,13,9,4500,{'trace_kind': 'trace'},0.0045
isolation,1,report_streaming_sequential,FIFO,ProportionalAllocation,13,9,4700,{'trace_kind': 'trace'},0.0047
isolation,0,report_streaming_sequential,LRU,GlobalAllocation,13,0,6800,{'trace_kind': 'trace'},0.0068
isolation,1,report_streaming_sequential,LRU,GlobalAllocation,13,0,5900,{'trace_kind': 'trace'},0.0059
isolation,0,report_streaming_sequential,LRU,GlobalAllocation,13,1,5400,{'trace_kind': 'trace'},0.0054
isolation,1,report_streaming_sequential,LRU,GlobalAllocation,13,1,5100,{'trace_kind': 'trace'},0.0051
isolation,0,report_streaming_sequential,LRU,GlobalAllocation,13,2,5300,{'trace_kind': 'trace'},0.0053
isolation,1,report_streaming_sequential,LRU,GlobalAllocation,13,2,5000,{'trace_kind': 'trace'},0.005
isolation,0,report_streaming_sequential,LRU,GlobalAllocation,13,3,5100,{'trace_kind': 'trace'},0.0051
isolation,1,report_streaming_sequential,LRU,GlobalAllocation,13,3,4900,{'trace_kind': 'trace'},0.0049
isolation,0,report_streaming_sequential,LRU,GlobalAllocation,13,4,6500,{'trace_kind': 'trace'},0.0065
isolation,1,report_streaming_sequential,LRU,GlobalAllocation,13,4,5200,{'trace_kind': 'trace'},0.0052
isolation,0,report_streaming_sequential,LRU,GlobalAllocation,13,5,5200,{'trace_kind': 'trace'},0.0052
isolation,1,report_streaming_sequential,LRU,GlobalAllocation,13,5,5100,{'trace_kind': 'trace'},0.0051
isolation,0,report_streaming_sequential,LRU,GlobalAllocation,13,6,5600,{'trace_kind': 'trace'},0.0056
isolation,1,report_streaming_sequential,LRU,GlobalAllocation,13,6,5000,{'trace_kind': 'trace'},0.005
isolation,0,report_streaming_sequential,LRU,GlobalAllocation,13,7,5100,{'trace_kind': 'trace'},0.0051
isolation,1,report_streaming_sequential,LRU,GlobalAllocation,13,7,5900,{'trace_kind': 'trace'},0.0059
isolation,0,report_streaming_sequential,LRU,GlobalAllocation,13,8,5000,{'trace_kind': 'trace'},0.005
isolation,1,report_streaming_sequential,LRU,GlobalAllocation,13,8,5100,{'trace_kind': 'trace'},0.0051
isolation,0,report_streaming_sequential,LRU,GlobalAllocation,13,9,4800,{'trace_kind': 'trace'},0.0048
isolation,1,report_streaming_sequential,LRU,GlobalAllocation,13,9,5300,{'trace_kind': 'trace'},0.0053
isolation,0,report_streaming_sequential,LRU,LocalAllocation,13,0,8600,{'trace_kind': 'trace'},0.0086
isolation,1,report_streaming_sequential,LRU,LocalAllocation,13,0,9000,{'trace_kind': 'trace'},0.009
isolation,0,report_streaming_sequential,LRU,LocalAllocation,13,1,9300,{'trace_kind': 'trace'},0.0093
isolation,1,report_streaming_sequential,LRU,LocalAllocation,13,1,7800,{'trace_kind': 'trace'},0.0078
isolation,0,report_streaming_sequential,LRU,LocalAllocation,13,2,4900,{'trace_kind': 'trace'},0.0049
isolation,1,report_streaming_sequential,LRU,LocalAllocation,13,2,5500,{'trace_kind': 'trace'},0.0055
isolation,0,report_streaming_sequential,LRU,LocalAllocation,13,3,4800,{'trace_kind': 'trace'},0.0048
isolation,1,report_streaming_sequential,LRU,LocalAllocation,13,3,4700,{'trace_kind': 'trace'},0.0047
isolation,0,report_streaming_sequential,LRU,LocalAllocation,13,4,4900,{'trace_kind': 'trace'},0.0049
isolation,1,report_streaming_sequential,LRU,LocalAllocation,13,4,6000,{'trace_kind': 'trace'},0.006
isolation,0,report_streaming_sequential,LRU,LocalAllocation,13,5,5000,{'trace_kind': 'trace'},0.005
isolation,1,report_streaming_sequential,LRU,LocalAllocation,13,5,5100,{'trace_kind': 'trace'},0.0051
isolation,0,report_streaming_sequential,LRU,LocalAllocation,13,6,4700,{'trace_kind': 'trace'},0.0047
isolation,1,report_streaming_sequential,LRU,LocalAllocation,13,6,4600,{'trace_kind': 'trace'},0.0046
isolation,0,report_streaming_sequential,LRU,LocalAllocation,13,7,4800,{'trace_kind': 'trace'},0.0048
isolation,1,report_streaming_sequential,LRU,LocalAllocation,13,7,4800,{'trace_kind': 'trace'},0.0048
isolation,0,report_streaming_sequential,LRU,LocalAllocation,13,8,5200,{'trace_kind': 'trace'},0.0052
isolation,1,report_streaming_sequential,LRU,LocalAllocation,13,8,5000,{'trace_kind': 'trace'},0.005
isolation,0,report_streaming_sequential,LRU,LocalAllocation,13,9,4900,{'trace_kind': 'trace'},0.0049
isolation,1,report_streaming_sequential,LRU,LocalAllocation,13,9,4600,{'trace_kind': 'trace'},0.0046
isolation,0,report_streaming_sequential,LRU,ProportionalAllocation,13,0,5200,{'trace_kind': 'trace'},0.0052
isolation,1,report_streaming_sequential,LRU,ProportionalAllocation,13,0,4800,{'trace_kind': 'trace'},0.0048
isolation,0,report_streaming_sequential,LRU,ProportionalAllocation,13,1,4900,{'trace_kind': 'trace'},0.0049
isolation,1,report_streaming_sequential,LRU,ProportionalAllocation,13,1,4800,{'trace_kind': 'trace'},0.0048
isolation,0,report_streaming_sequential,LRU,ProportionalAllocation,13,2,5000,{'trace_kind': 'trace'},0.005
isolation,1,report_streaming_sequential,LRU,ProportionalAllocation,13,2,4900,{'trace_kind': 'trace'},0.0049
isolation,0,report_streaming_sequential,LRU,ProportionalAllocation,13,3,4900,{'trace_kind': 'trace'},0.0049
isolation,1,report_streaming_sequential,LRU,ProportionalAllocation,13,3,5600,{'trace_kind': 'trace'},0.0056
isolation,0,report_streaming_sequential,LRU,ProportionalAllocation,13,4,4800,{'trace_kind': 'trace'},0.0048
isolation,1,report_streaming_sequential,LRU,ProportionalAllocation,13,4,5200,{'trace_kind': 'trace'},0.0052
isolation,0,report_streaming_sequential,LRU,ProportionalAllocation,13,5,4900,{'trace_kind': 'trace'},0.0049
isolation,1,report_streaming_sequential,LRU,ProportionalAllocation,13,5,4800,{'trace_kind': 'trace'},0.0048
isolation,0,report_streaming_sequential,LRU,ProportionalAllocation,13,6,4800,{'trace_kind': 'trace'},0.0048
isolation,1,report_streaming_sequential,LRU,ProportionalAllocation,13,6,4700,{'trace_kind': 'trace'},0.0047
isolation,0,report_streaming_sequential,LRU,ProportionalAllocation,13,7,4700,{'trace_kind': 'trace'},0.0047
isolation,1,report_streaming_sequential,LRU,ProportionalAllocation,13,7,4600,{'trace_kind': 'trace'},0.0046
isolation,0,report_streaming_sequential,LRU,ProportionalAllocation,13,8,5000,{'trace_kind': 'trace'},0.005
isolation,1,report_streaming_sequential,LRU,ProportionalAllocation,13,8,4800,{'trace_kind': 'trace'},0.0048
isolation,0,report_streaming_sequential,LRU,ProportionalAllocation,13,9,5000,{'trace_kind': 'trace'},0.005
isolation,1,report_streaming_sequential,LRU,ProportionalAllocation,13,9,4900,{'trace_kind': 'trace'},0.0049
isolation,0,report_streaming_sequential,NRU,GlobalAllocation,13,0,6100,{'trace_kind': 'trace'},0.0061
isolation,1,report_streaming_sequential,NRU,GlobalAllocation,13,0,5200,{'trace_kind': 'trace'},0.0052
isolation,0,report_streaming_sequential,NRU,GlobalAllocation,13,1,5000,{'trace_kind': 'trace'},0.005
isolation,1,report_streaming_sequential,NRU,GlobalAllocation,13,1,4800,{'trace_kind': 'trace'},0.0048
isolation,0,report_streaming_sequential,NRU,GlobalAllocation,13,2,4600,{'trace_kind': 'trace'},0.0046
isolation,1,report_streaming_sequential,NRU,GlobalAllocation,13,2,4600,{'trace_kind': 'trace'},0.0046
isolation,0,report_streaming_sequential,NRU,GlobalAllocation,13,3,4700,{'trace_kind': 'trace'},0.0047
isolation,1,report_streaming_sequential,NRU,GlobalAllocation,13,3,4800,{'trace_kind': 'trace'},0.0048
isolation,0,report_streaming_sequential,NRU,GlobalAllocation,13,4,4700,{'trace_kind': 'trace'},0.0047
isolation,1,report_streaming_sequential,NRU,GlobalAllocation,13,4,4700,{'trace_kind': 'trace'},0.0047
isolation,0,report_streaming_sequential,NRU,GlobalAllocation,13,5,4600,{'trace_kind': 'trace'},0.0046
isolation,1,report_streaming_sequential,NRU,GlobalAllocation,13,5,4600,{'trace_kind': 'trace'},0.0046
isolation,0,report_streaming_sequential,NRU,GlobalAllocation,13,6,4700,{'trace_kind': 'trace'},0.0047
isolation,1,report_streaming_sequential,NRU,GlobalAllocation,13,6,4600,{'trace_kind': 'trace'},0.0046
isolation,0,report_streaming_sequential,NRU,GlobalAllocation,13,7,4500,{'trace_kind': 'trace'},0.0045
isolation,1,report_streaming_sequential,NRU,GlobalAllocation,13,7,4500,{'trace_kind': 'trace'},0.0045
isolation,0,report_streaming_sequential,NRU,GlobalAllocation,13,8,4600,{'trace_kind': 'trace'},0.0046
isolation,1,report_streaming_sequential,NRU,GlobalAllocation,13,8,4800,{'trace_kind': 'trace'},0.0048
isolation,0,report_streaming_sequential,NRU,GlobalAllocation,13,9,4500,{'trace_kind': 'trace'},0.0045
isolation,1,report_streaming_sequential,NRU,GlobalAllocation,13,9,4300,{'trace_kind': 'trace'},0.0043
isolation,0,report_streaming_sequential,NRU,LocalAllocation,13,0,4900,{'trace_kind': 'trace'},0.0049
isolation,1,report_streaming_sequential,NRU,LocalAllocation,13,0,4500,{'trace_kind': 'trace'},0.0045
isolation,0,report_streaming_sequential,NRU,LocalAllocation,13,1,4600,{'trace_kind': 'trace'},0.0046
isolation,1,report_streaming_sequential,NRU,LocalAllocation,13,1,4300,{'trace_kind': 'trace'},0.0043
isolation,0,report_streaming_sequential,NRU,LocalAllocation,13,2,4600,{'trace_kind': 'trace'},0.0046
isolation,1,report_streaming_sequential,NRU,LocalAllocation,13,2,4500,{'trace_kind': 'trace'},0.0045
isolation,0,report_streaming_sequential,NRU,LocalAllocation,13,3,4600,{'trace_kind': 'trace'},0.0046
isolation,1,report_streaming_sequential,NRU,LocalAllocation,13,3,4400,{'trace_kind': 'trace'},0.0044
isolation,0,report_streaming_sequential,NRU,LocalAllocation,13,4,4800,{'trace_kind': 'trace'},0.0048
isolation,1,report_streaming_sequential,NRU,LocalAllocation,13,4,4500,{'trace_kind': 'trace'},0.0045
isolation,0,report_streaming_sequential,NRU,LocalAllocation,13,5,4500,{'trace_kind': 'trace'},0.0045
isolation,1,report_streaming_sequential,NRU,LocalAllocation,13,5,4400,{'trace_kind': 'trace'},0.0044
isolation,0,report_streaming_sequential,NRU,LocalAllocation,13,6,4700,{'trace_kind': 'trace'},0.0047
isolation,1,report_streaming_sequential,NRU,LocalAllocation,13,6,4400,{'trace_kind': 'trace'},0.0044
isolation,0,report_streaming_sequential,NRU,LocalAllocation,13,7,4400,{'trace_kind': 'trace'},0.0044
isolation,1,report_streaming_sequential,NRU,LocalAllocation,13,7,4600,{'trace_kind': 'trace'},0.0046
isolation,0,report_streaming_sequential,NRU,LocalAllocation,13,8,4600,{'trace_kind': 'trace'},0.0046
isolation,1,report_streaming_sequential,NRU,LocalAllocation,13,8,4600,{'trace_kind': 'trace'},0.0046
isolation,0,report_streaming_sequential,NRU,LocalAllocation,13,9,4300,{'trace_kind': 'trace'},0.0043
isolation,1,report_streaming_sequential,NRU,LocalAllocation,13,9,4500,{'trace_kind': 'trace'},0.0045
isolation,0,report_streaming_sequential,NRU,ProportionalAllocation,13,0,4600,{'trace_kind': 'trace'},0.0046
isolation,1,report_streaming_sequential,NRU,ProportionalAllocation,13,0,4400,{'trace_kind': 'trace'},0.0044
isolation,0,report_streaming_sequential,NRU,ProportionalAllocation,13,1,4700,{'trace_kind': 'trace'},0.0047
isolation,1,report_streaming_sequential,NRU,ProportionalAllocation,13,1,4700,{'trace_kind': 'trace'},0.0047
isolation,0,report_streaming_sequential,NRU,ProportionalAllocation,13,2,4500,{'trace_kind': 'trace'},0.0045
isolation,1,report_streaming_sequential,NRU,ProportionalAllocation,13,2,4500,{'trace_kind': 'trace'},0.0045
isolation,0,report_streaming_sequential,NRU,ProportionalAllocation,13,3,4500,{'trace_kind': 'trace'},0.0045
isolation,1,report_streaming_sequential,NRU,ProportionalAllocation,13,3,4500,{'trace_kind': 'trace'},0.0045
isolation,0,report_streaming_sequential,NRU,ProportionalAllocation,13,4,4500,{'trace_kind': 'trace'},0.0045
isolation,1,report_streaming_sequential,NRU,ProportionalAllocation,13,4,4400,{'trace_kind': 'trace'},0.0044
isolation,0,report_streaming_sequential,NRU,ProportionalAllocation,13,5,4600,{'trace_kind': 'trace'},0.0046
isolation,1,report_streaming_sequential,NRU,ProportionalAllocation,13,5,4400,{'trace_kind': 'trace'},0.0044
isolation,0,report_streaming_sequential,NRU,ProportionalAllocation,13,6,4600,{'trace_kind': 'trace'},0.0046
isolation,1,report_streaming_sequential,NRU,ProportionalAllocation,13,6,4400,{'trace_kind': 'trace'},0.0044
isolation,0,report_streaming_sequential,NRU,ProportionalAllocation,13,7,4300,{'trace_kind': 'trace'},0.0043
isolation,1,report_streaming_sequential,NRU,ProportionalAllocation,13,7,4400,{'trace_kind': 'trace'},0.0044
isolation,0,report_streaming_sequential,NRU,ProportionalAllocation,13,8,4400,{'trace_kind': 'trace'},0.0044
isolation,1,report_streaming_sequential,NRU,ProportionalAllocation,13,8,4400,{'trace_kind': 'trace'},0.0044
isolation,0,report_streaming_sequential,NRU,ProportionalAllocation,13,9,4800,{'trace_kind': 'trace'},0.0048
isolation,1,report_streaming_sequential,NRU,ProportionalAllocation,13,9,4400,{'trace_kind': 'trace'},0.0044
isolation,0,report_streaming_sequential,SecondChance,GlobalAllocation,13,0,6700,{'trace_kind': 'trace'},0.0067
isolation,1,report_streaming_sequential,SecondChance,GlobalAllocation,13,0,5800,{'trace_kind': 'trace'},0.0058
isolation,0,report_streaming_sequential,SecondChance,GlobalAllocation,13,1,5300,{'trace_kind': 'trace'},0.0053
isolation,1,report_streaming_sequential,SecondChance,GlobalAllocation,13,1,5000,{'trace_kind': 'trace'},0.005
isolation,0,report_streaming_sequential,SecondChance,GlobalAllocation,13,2,5100,{'trace_kind': 'trace'},0.0051
isolation,1,report_streaming_sequential,SecondChance,GlobalAllocation,13,2,5000,{'trace_kind': 'trace'},0.005
isolation,0,report_streaming_sequential,SecondChance,GlobalAllocation,13,3,5100,{'trace_kind': 'trace'},0.0051
isolation,1,report_streaming_sequential,SecondChance,GlobalAllocation,13,3,5100,{'trace_kind': 'trace'},0.0051
isolation,0,report_streaming_sequential,SecondChance,GlobalAllocation,13,4,5100,{'trace_kind': 'trace'},0.0051
isolation,1,report_streaming_sequential,SecondChance,GlobalAllocation,13,4,4900,{'trace_kind': 'trace'},0.0049
isolation,0,report_streaming_sequential,SecondChance,GlobalAllocation,13,5,5100,{'trace_kind': 'trace'},0.0051
isolation,1,report_streaming_sequential,SecondChance,GlobalAllocation,13,5,5100,{'trace_kind': 'trace'},0.0051
isolation,0,report_streaming_sequential,SecondChance,GlobalAllocation,13,6,5100,{'trace_kind': 'trace'},0.0051
isolation,1,report_streaming_sequential,SecondChance,GlobalAllocation,13,6,4900,{'trace_kind': 'trace'},0.0049
isolation,0,report_streaming_sequential,SecondChance,GlobalAllocation,13,7,5000,{'trace_kind': 'trace'},0.005
isolation,1,report_streaming_sequential,SecondChance,GlobalAllocation,13,7,5100,{'trace_kind': 'trace'},0.0051
isolation,0,report_streaming_sequential,SecondChance,GlobalAllocation,13,8,5100,{'trace_kind': 'trace'},0.0051
isolation,1,report_streaming_sequential,SecondChance,GlobalAllocation,13,8,5200,{'trace_kind': 'trace'},0.0052
isolation,0,report_streaming_sequential,SecondChance,GlobalAllocation,13,9,4800,{'trace_kind': 'trace'},0.0048
isolation,1,report_streaming_sequential,SecondChance,GlobalAllocation,13,9,4800,{'trace_kind': 'trace'},0.0048
isolation,0,report_streaming_sequential,SecondChance,LocalAllocation,13,0,5000,{'trace_kind': 'trace'},0.005
isolation,1,report_streaming_sequential,SecondChance,LocalAllocation,13,0,6500,{'trace_kind': 'trace'},0.0065
isolation,0,report_streaming_sequential,SecondChance,LocalAllocation,13,1,4900,{'trace_kind': 'trace'},0.0049
isolation,1,report_streaming_sequential,SecondChance,LocalAllocation,13,1,4800,{'trace_kind': 'trace'},0.0048
isolation,0,report_streaming_sequential,SecondChance,LocalAllocation,13,2,6300,{'trace_kind': 'trace'},0.0063
isolation,1,report_streaming_sequential,SecondChance,LocalAllocation,13,2,4800,{'trace_kind': 'trace'},0.0048
isolation,0,report_streaming_sequential,SecondChance,LocalAllocation,13,3,4800,{'trace_kind': 'trace'},0.0048
isolation,1,report_streaming_sequential,SecondChance,LocalAllocation,13,3,4800,{'trace_kind': 'trace'},0.0048
isolation,0,report_streaming_sequential,SecondChance,LocalAllocation,13,4,4800,{'trace_kind': 'trace'},0.0048
isolation,1,report_streaming_sequential,SecondChance,LocalAllocation,13,4,4800,{'trace_kind': 'trace'},0.0048
isolation,0,report_streaming_sequential,SecondChance,LocalAllocation,13,5,4700,{'trace_kind': 'trace'},0.0047
isolation,1,report_streaming_sequential,SecondChance,LocalAllocation,13,5,4700,{'trace_kind': 'trace'},0.0047
isolation,0,report_streaming_sequential,SecondChance,LocalAllocation,13,6,4900,{'trace_kind': 'trace'},0.0049
isolation,1,report_streaming_sequential,SecondChance,LocalAllocation,13,6,6000,{'trace_kind': 'trace'},0.006
isolation,0,report_streaming_sequential,SecondChance,LocalAllocation,13,7,4700,{'trace_kind': 'trace'},0.0047
isolation,1,report_streaming_sequential,SecondChance,LocalAllocation,13,7,5300,{'trace_kind': 'trace'},0.0053
isolation,0,report_streaming_sequential,SecondChance,LocalAllocation,13,8,4900,{'trace_kind': 'trace'},0.0049
isolation,1,report_streaming_sequential,SecondChance,LocalAllocation,13,8,4900,{'trace_kind': 'trace'},0.0049
isolation,0,report_streaming_sequential,SecondChance,LocalAllocation,13,9,4900,{'trace_kind': 'trace'},0.0049
isolation,1,report_streaming_sequential,SecondChance,LocalAllocation,13,9,5100,{'trace_kind': 'trace'},0.0051
isolation,0,report_streaming_sequential,SecondChance,ProportionalAllocation,13,0,5200,{'trace_kind': 'trace'},0.0052
isolation,1,report_streaming_sequential,SecondChance,ProportionalAllocation,13,0,4800,{'trace_kind': 'trace'},0.0048
isolation,0,report_streaming_sequential,SecondChance,ProportionalAllocation,13,1,5000,{'trace_kind': 'trace'},0.005
isolation,1,report_streaming_sequential,SecondChance,ProportionalAllocation,13,1,4800,{'trace_kind': 'trace'},0.0048
isolation,0,report_streaming_sequential,SecondChance,ProportionalAllocation,13,2,4900,{'trace_kind': 'trace'},0.0049
isolation,1,report_streaming_sequential,SecondChance,ProportionalAllocation,13,2,4800,{'trace_kind': 'trace'},0.0048
isolation,0,report_streaming_sequential,SecondChance,ProportionalAllocation,13,3,4700,{'trace_kind': 'trace'},0.0047
isolation,1,report_streaming_sequential,SecondChance,ProportionalAllocation,13,3,4700,{'trace_kind': 'trace'},0.0047
isolation,0,report_streaming_sequential,SecondChance,ProportionalAllocation,13,4,4800,{'trace_kind': 'trace'},0.0048
isolation,1,report_streaming_sequential,SecondChance,ProportionalAllocation,13,4,4700,{'trace_kind': 'trace'},0.0047
isolation,0,report_streaming_sequential,SecondChance,ProportionalAllocation,13,5,5000,{'trace_kind': 'trace'},0.005
isolation,1,report_streaming_sequential,SecondChance,ProportionalAllocation,13,5,4500,{'trace_kind': 'trace'},0.0045
isolation,0,report_streaming_sequential,SecondChance,ProportionalAllocation,13,6,4700,{'trace_kind': 'trace'},0.0047
isolation,1,report_streaming_sequential,SecondChance,ProportionalAllocation,13,6,4500,{'trace_kind': 'trace'},0.0045
isolation,0,report_streaming_sequential,SecondChance,ProportionalAllocation,13,7,4700,{'trace_kind': 'trace'},0.0047
isolation,1,report_streaming_sequential,SecondChance,ProportionalAllocation,13,7,4800,{'trace_kind': 'trace'},0.0048
isolation,0,report_streaming_sequential,SecondChance,ProportionalAllocation,13,8,4600,{'trace_kind': 'trace'},0.0046
isolation,1,report_streaming_sequential,SecondChance,ProportionalAllocation,13,8,4600,{'trace_kind': 'trace'},0.0046
isolation,0,report_streaming_sequential,SecondChance,ProportionalAllocation,13,9,4700,{'trace_kind': 'trace'},0.0047
isolation,1,report_streaming_sequential,SecondChance,ProportionalAllocation,13,9,4900,{'trace_kind': 'trace'},0.0049
isolation,0,report_streaming_sequential,WSClock,GlobalAllocation,13,0,6800,{'trace_kind': 'trace'},0.0068
isolation,1,report_streaming_sequential,WSClock,GlobalAllocation,13,0,5600,{'trace_kind': 'trace'},0.0056
isolation,0,report_streaming_sequential,WSClock,GlobalAllocation,13,1,5400,{'trace_kind': 'trace'},0.0054
isolation,1,report_streaming_sequential,WSClock,GlobalAllocation,13,1,5000,{'trace_kind': 'trace'},0.005
isolation,0,report_streaming_sequential,WSClock,GlobalAllocation,13,2,5100,{'trace_kind': 'trace'},0.0051
isolation,1,report_streaming_sequential,WSClock,GlobalAllocation,13,2,5000,{'trace_kind': 'trace'},0.005
isolation,0,report_streaming_sequential,WSClock,GlobalAllocation,13,3,5200,{'trace_kind': 'trace'},0.0052
isolation,1,report_streaming_sequential,WSClock,GlobalAllocation,13,3,4900,{'trace_kind': 'trace'},0.0049
isolation,0,report_streaming_sequential,WSClock,GlobalAllocation,13,4,5200,{'trace_kind': 'trace'},0.0052
isolation,1,report_streaming_sequential,WSClock,GlobalAllocation,13,4,5200,{'trace_kind': 'trace'},0.0052
isolation,0,report_streaming_sequential,WSClock,GlobalAllocation,13,5,4900,{'trace_kind': 'trace'},0.0049
isolation,1,report_streaming_sequential,WSClock,GlobalAllocation,13,5,5000,{'trace_kind': 'trace'},0.005
isolation,0,report_streaming_sequential,WSClock,GlobalAllocation,13,6,5000,{'trace_kind': 'trace'},0.005
isolation,1,report_streaming_sequential,WSClock,GlobalAllocation,13,6,4800,{'trace_kind': 'trace'},0.0048
isolation,0,report_streaming_sequential,WSClock,GlobalAllocation,13,7,5000,{'trace_kind': 'trace'},0.005
isolation,1,report_streaming_sequential,WSClock,GlobalAllocation,13,7,4900,{'trace_kind': 'trace'},0.0049
isolation,0,report_streaming_sequential,WSClock,GlobalAllocation,13,8,6400,{'trace_kind': 'trace'},0.0064
isolation,1,report_streaming_sequential,WSClock,GlobalAllocation,13,8,5100,{'trace_kind': 'trace'},0.0051
isolation,0,report_streaming_sequential,WSClock,GlobalAllocation,13,9,4800,{'trace_kind': 'trace'},0.0048
isolation,1,report_streaming_sequential,WSClock,GlobalAllocation,13,9,4600,{'trace_kind': 'trace'},0.0046
isolation,0,report_streaming_sequential,WSClock,LocalAllocation,13,0,5000,{'trace_kind': 'trace'},0.005
isolation,1,report_streaming_sequential,WSClock,LocalAllocation,13,0,4800,{'trace_kind': 'trace'},0.0048
isolation,0,report_streaming_sequential,WSClock,LocalAllocation,13,1,5000,{'trace_kind': 'trace'},0.005
isolation,1,report_streaming_sequential,WSClock,LocalAllocation,13,1,4800,{'trace_kind': 'trace'},0.0048
isolation,0,report_streaming_sequential,WSClock,LocalAllocation,13,2,4800,{'trace_kind': 'trace'},0.0048
isolation,1,report_streaming_sequential,WSClock,LocalAllocation,13,2,4900,{'trace_kind': 'trace'},0.0049
isolation,0,report_streaming_sequential,WSClock,LocalAllocation,13,3,5300,{'trace_kind': 'trace'},0.0053
isolation,1,report_streaming_sequential,WSClock,LocalAllocation,13,3,4800,{'trace_kind': 'trace'},0.0048
isolation,0,report_streaming_sequential,WSClock,LocalAllocation,13,4,4800,{'trace_kind': 'trace'},0.0048
isolation,1,report_streaming_sequential,WSClock,LocalAllocation,13,4,4800,{'trace_kind': 'trace'},0.0048
isolation,0,report_streaming_sequential,WSClock,LocalAllocation,13,5,4800,{'trace_kind': 'trace'},0.0048
isolation,1,report_streaming_sequential,WSClock,LocalAllocation,13,5,4700,{'trace_kind': 'trace'},0.0047
isolation,0,report_streaming_sequential,WSClock,LocalAllocation,13,6,4900,{'trace_kind': 'trace'},0.0049
isolation,1,report_streaming_sequential,WSClock,LocalAllocation,13,6,6000,{'trace_kind': 'trace'},0.006
isolation,0,report_streaming_sequential,WSClock,LocalAllocation,13,7,4700,{'trace_kind': 'trace'},0.0047
isolation,1,report_streaming_sequential,WSClock,LocalAllocation,13,7,4600,{'trace_kind': 'trace'},0.0046
isolation,0,report_streaming_sequential,WSClock,LocalAllocation,13,8,6000,{'trace_kind': 'trace'},0.006
isolation,1,report_streaming_sequential,WSClock,LocalAllocation,13,8,4700,{'trace_kind': 'trace'},0.0047
isolation,0,report_streaming_sequential,WSClock,LocalAllocation,13,9,4700,{'trace_kind': 'trace'},0.0047
isolation,1,report_streaming_sequential,WSClock,LocalAllocation,13,9,5100,{'trace_kind': 'trace'},0.0051
isolation,0,report_streaming_sequential,WSClock,ProportionalAllocation,13,0,5300,{'trace_kind': 'trace'},0.0053
isolation,1,report_streaming_sequential,WSClock,ProportionalAllocation,13,0,4900,{'trace_kind': 'trace'},0.0049
isolation,0,report_streaming_sequential,WSClock,ProportionalAllocation,13,1,5000,{'trace_kind': 'trace'},0.005
isolation,1,report_streaming_sequential,WSClock,ProportionalAllocation,13,1,4800,{'trace_kind': 'trace'},0.0048
isolation,0,report_streaming_sequential,WSClock,ProportionalAllocation,13,2,4900,{'trace_kind': 'trace'},0.0049
isolation,1,report_streaming_sequential,WSClock,ProportionalAllocation,13,2,5900,{'trace_kind': 'trace'},0.0059
isolation,0,report_streaming_sequential,WSClock,ProportionalAllocation,13,3,6000,{'trace_kind': 'trace'},0.006
isolation,1,report_streaming_sequential,WSClock,ProportionalAllocation,13,3,5900,{'trace_kind': 'trace'},0.0059
isolation,0,report_streaming_sequential,WSClock,ProportionalAllocation,13,4,5000,{'trace_kind': 'trace'},0.005
isolation,1,report_streaming_sequential,WSClock,ProportionalAllocation,13,4,4800,{'trace_kind': 'trace'},0.0048
isolation,0,report_streaming_sequential,WSClock,ProportionalAllocation,13,5,4700,{'trace_kind': 'trace'},0.0047
isolation,1,report_streaming_sequential,WSClock,ProportionalAllocation,13,5,4600,{'trace_kind': 'trace'},0.0046
isolation,0,report_streaming_sequential,WSClock,ProportionalAllocation,13,6,4800,{'trace_kind': 'trace'},0.0048
isolation,1,report_streaming_sequential,WSClock,ProportionalAllocation,13,6,4800,{'trace_kind': 'trace'},0.0048
isolation,0,report_streaming_sequential,WSClock,ProportionalAllocation,13,7,4900,{'trace_kind': 'trace'},0.0049
isolation,1,report_streaming_sequential,WSClock,ProportionalAllocation,13,7,4700,{'trace_kind': 'trace'},0.0047
isolation,0,report_streaming_sequential,WSClock,ProportionalAllocation,13,8,5000,{'trace_kind': 'trace'},0.005
isolation,1,report_streaming_sequential,WSClock,ProportionalAllocation,13,8,4700,{'trace_kind': 'trace'},0.0047
isolation,0,report_streaming_sequential,WSClock,ProportionalAllocation,13,9,4700,{'trace_kind': 'trace'},0.0047
isolation,1,report_streaming_sequential,WSClock,ProportionalAllocation,13,9,4500,{'trace_kind': 'trace'},0.0045
isolation,0,report_streaming_sequential,FIFO,GlobalAllocation,16,0,6500,{'trace_kind': 'trace'},0.0065
isolation,1,report_streaming_sequential,FIFO,GlobalAllocation,16,0,5600,{'trace_kind': 'trace'},0.0056
isolation,0,report_streaming_sequential,FIFO,GlobalAllocation,16,1,7900,{'trace_kind': 'trace'},0.0079
isolation,1,report_streaming_sequential,FIFO,GlobalAllocation,16,1,6700,{'trace_kind': 'trace'},0.0067
isolation,0,report_streaming_sequential,FIFO,GlobalAllocation,16,2,4900,{'trace_kind': 'trace'},0.0049
isolation,1,report_streaming_sequential,FIFO,GlobalAllocation,16,2,4800,{'trace_kind': 'trace'},0.0048
isolation,0,report_streaming_sequential,FIFO,GlobalAllocation,16,3,4900,{'trace_kind': 'trace'},0.0049
isolation,1,report_streaming_sequential,FIFO,GlobalAllocation,16,3,5100,{'trace_kind': 'trace'},0.0051
isolation,0,report_streaming_sequential,FIFO,GlobalAllocation,16,4,4800,{'trace_kind': 'trace'},0.0048
isolation,1,report_streaming_sequential,FIFO,GlobalAllocation,16,4,4800,{'trace_kind': 'trace'},0.0048
isolation,0,report_streaming_sequential,FIFO,GlobalAllocation,16,5,5000,{'trace_kind': 'trace'},0.005
isolation,1,report_streaming_sequential,FIFO,GlobalAllocation,16,5,5000,{'trace_kind': 'trace'},0.005
isolation,0,report_streaming_sequential,FIFO,GlobalAllocation,16,6,4500,{'trace_kind': 'trace'},0.0045
isolation,1,report_streaming_sequential,FIFO,GlobalAllocation,16,6,4800,{'trace_kind': 'trace'},0.0048
isolation,0,report_streaming_sequential,FIFO,GlobalAllocation,16,7,4900,{'trace_kind': 'trace'},0.0049
isolation,1,report_streaming_sequential,FIFO,GlobalAllocation,16,7,5200,{'trace_kind': 'trace'},0.0052
isolation,0,report_streaming_sequential,FIFO,GlobalAllocation,16,8,4700,{'trace_kind': 'trace'},0.0047
isolation,1,report_streaming_sequential,FIFO,GlobalAllocation,16,8,5100,{'trace_kind': 'trace'},0.0051
isolation,0,report_streaming_sequential,FIFO,GlobalAllocation,16,9,4600,{'trace_kind': 'trace'},0.0046
isolation,1,report_streaming_sequential,FIFO,GlobalAllocation,16,9,4500,{'trace_kind': 'trace'},0.0045
isolation,0,report_streaming_sequential,FIFO,LocalAllocation,16,0,4700,{'trace_kind': 'trace'},0.0047
isolation,1,report_streaming_sequential,FIFO,LocalAllocation,16,0,4800,{'trace_kind': 'trace'},0.0048
isolation,0,report_streaming_sequential,FIFO,LocalAllocation,16,1,5200,{'trace_kind': 'trace'},0.0052
isolation,1,report_streaming_sequential,FIFO,LocalAllocation,16,1,4800,{'trace_kind': 'trace'},0.0048
isolation,0,report_streaming_sequential,FIFO,LocalAllocation,16,2,4500,{'trace_kind': 'trace'},0.0045
isolation,1,report_streaming_sequential,FIFO,LocalAllocation,16,2,4800,{'trace_kind': 'trace'},0.0048
isolation,0,report_streaming_sequential,FIFO,LocalAllocation,16,3,4500,{'trace_kind': 'trace'},0.0045
isolation,1,report_streaming_sequential,FIFO,LocalAllocation,16,3,4700,{'trace_kind': 'trace'},0.0047
isolation,0,report_streaming_sequential,FIFO,LocalAllocation,16,4,4600,{'trace_kind': 'trace'},0.0046
isolation,1,report_streaming_sequential,FIFO,LocalAllocation,16,4,4700,{'trace_kind': 'trace'},0.0047
isolation,0,report_streaming_sequential,FIFO,LocalAllocation,16,5,4500,{'trace_kind': 'trace'},0.0045
isolation,1,report_streaming_sequential,FIFO,LocalAllocation,16,5,4600,{'trace_kind': 'trace'},0.0046
isolation,0,report_streaming_sequential,FIFO,LocalAllocation,16,6,4600,{'trace_kind': 'trace'},0.0046
isolation,1,report_streaming_sequential,FIFO,LocalAllocation,16,6,4700,{'trace_kind': 'trace'},0.0047
isolation,0,report_streaming_sequential,FIFO,LocalAllocation,16,7,4600,{'trace_kind': 'trace'},0.0046
isolation,1,report_streaming_sequential,FIFO,LocalAllocation,16,7,6700,{'trace_kind': 'trace'},0.0067
isolation,0,report_streaming_sequential,FIFO,LocalAllocation,16,8,4600,{'trace_kind': 'trace'},0.0046
isolation,1,report_streaming_sequential,FIFO,LocalAllocation,16,8,4600,{'trace_kind': 'trace'},0.0046
isolation,0,report_streaming_sequential,FIFO,LocalAllocation,16,9,4500,{'trace_kind': 'trace'},0.0045
isolation,1,report_streaming_sequential,FIFO,LocalAllocation,16,9,4500,{'trace_kind': 'trace'},0.0045
isolation,0,report_streaming_sequential,FIFO,ProportionalAllocation,16,0,8700,{'trace_kind': 'trace'},0.0087
isolation,1,report_streaming_sequential,FIFO,ProportionalAllocation,16,0,8300,{'trace_kind': 'trace'},0.0083
isolation,0,report_streaming_sequential,FIFO,ProportionalAllocation,16,1,6800,{'trace_kind': 'trace'},0.0068
isolation,1,report_streaming_sequential,FIFO,ProportionalAllocation,16,1,8900,{'trace_kind': 'trace'},0.0089
isolation,0,report_streaming_sequential,FIFO,ProportionalAllocation,16,2,7100,{'trace_kind': 'trace'},0.0071
isolation,1,report_streaming_sequential,FIFO,ProportionalAllocation,16,2,7700,{'trace_kind': 'trace'},0.0077
isolation,0,report_streaming_sequential,FIFO,ProportionalAllocation,16,3,7300,{'trace_kind': 'trace'},0.0073
isolation,1,report_streaming_sequential,FIFO,ProportionalAllocation,16,3,8100,{'trace_kind': 'trace'},0.0081
isolation,0,report_streaming_sequential,FIFO,ProportionalAllocation,16,4,8000,{'trace_kind': 'trace'},0.008
isolation,1,report_streaming_sequential,FIFO,ProportionalAllocation,16,4,9100,{'trace_kind': 'trace'},0.0091
isolation,0,report_streaming_sequential,FIFO,ProportionalAllocation,16,5,9000,{'trace_kind': 'trace'},0.009
isolation,1,report_streaming_sequential,FIFO,ProportionalAllocation,16,5,9200,{'trace_kind': 'trace'},0.0092
isolation,0,report_streaming_sequential,FIFO,ProportionalAllocation,16,6,8400,{'trace_kind': 'trace'},0.0084
isolation,1,report_streaming_sequential,FIFO,ProportionalAllocation,16,6,8600,{'trace_kind': 'trace'},0.0086
isolation,0,report_streaming_sequential,FIFO,ProportionalAllocation,16,7,8300,{'trace_kind': 'trace'},0.0083
isolation,1,report_streaming_sequential,FIFO,ProportionalAllocation,16,7,8600,{'trace_kind': 'trace'},0.0086
isolation,0,report_streaming_sequential,FIFO,ProportionalAllocation,16,8,8700,{'trace_kind': 'trace'},0.0087
isolation,1,report_streaming_sequential,FIFO,ProportionalAllocation,16,8,8700,{'trace_kind': 'trace'},0.0087
isolation,0,report_streaming_sequential,FIFO,ProportionalAllocation,16,9,8900,{'trace_kind': 'trace'},0.0089
isolation,1,report_streaming_sequential,FIFO,ProportionalAllocation,16,9,8400,{'trace_kind': 'trace'},0.0084
isolation,0,report_streaming_sequential,LRU,GlobalAllocation,16,0,10800,{'trace_kind': 'trace'},0.0108
isolation,1,report_streaming_sequential,LRU,GlobalAllocation,16,0,10300,{'trace_kind': 'trace'},0.0103
isolation,0,report_streaming_sequential,LRU,GlobalAllocation,16,1,7400,{'trace_kind': 'trace'},0.0074
isolation,1,report_streaming_sequential,LRU,GlobalAllocation,16,1,6900,{'trace_kind': 'trace'},0.0069
isolation,0,report_streaming_sequential,LRU,GlobalAllocation,16,2,8600,{'trace_kind': 'trace'},0.0086
isolation,1,report_streaming_sequential,LRU,GlobalAllocation,16,2,8700,{'trace_kind': 'trace'},0.0087
isolation,0,report_streaming_sequential,LRU,GlobalAllocation,16,3,9300,{'trace_kind': 'trace'},0.0093
isolation,1,report_streaming_sequential,LRU,GlobalAllocation,16,3,9400,{'trace_kind': 'trace'},0.0094
isolation,0,report_streaming_sequential,LRU,GlobalAllocation,16,4,9500,{'trace_kind': 'trace'},0.0095
isolation,1,report_streaming_sequential,LRU,GlobalAllocation,16,4,9100,{'trace_kind': 'trace'},0.0091
isolation,0,report_streaming_sequential,LRU,GlobalAllocation,16,5,9900,{'trace_kind': 'trace'},0.0099
isolation,1,report_streaming_sequential,LRU,GlobalAllocation,16,5,9400,{'trace_kind': 'trace'},0.0094
isolation,0,report_streaming_sequential,LRU,GlobalAllocation,16,6,5000,{'trace_kind': 'trace'},0.005
isolation,1,report_streaming_sequential,LRU,GlobalAllocation,16,6,5000,{'trace_kind': 'trace'},0.005
isolation,0,report_streaming_sequential,LRU,GlobalAllocation,16,7,4900,{'trace_kind': 'trace'},0.0049
isolation,1,report_streaming_sequential,LRU,GlobalAllocation,16,7,5000,{'trace_kind': 'trace'},0.005
isolation,0,report_streaming_sequential,LRU,GlobalAllocation,16,8,5200,{'trace_kind': 'trace'},0.0052
isolation,1,report_streaming_sequential,LRU,GlobalAllocation,16,8,5000,{'trace_kind': 'trace'},0.005
isolation,0,report_streaming_sequential,LRU,GlobalAllocation,16,9,4800,{'trace_kind': 'trace'},0.0048
isolation,1,report_streaming_sequential,LRU,GlobalAllocation,16,9,4800,{'trace_kind': 'trace'},0.0048
isolation,0,report_streaming_sequential,LRU,LocalAllocation,16,0,5200,{'trace_kind': 'trace'},0.0052
isolation,1,report_streaming_sequential,LRU,LocalAllocation,16,0,5000,{'trace_kind': 'trace'},0.005
isolation,0,report_streaming_sequential,LRU,LocalAllocation,16,1,4900,{'trace_kind': 'trace'},0.0049
isolation,1,report_streaming_sequential,LRU,LocalAllocation,16,1,4600,{'trace_kind': 'trace'},0.0046
isolation,0,report_streaming_sequential,LRU,LocalAllocation,16,2,4900,{'trace_kind': 'trace'},0.0049
isolation,1,report_streaming_sequential,LRU,LocalAllocation,16,2,4900,{'trace_kind': 'trace'},0.0049
isolation,0,report_streaming_sequential,LRU,LocalAllocation,16,3,4900,{'trace_kind': 'trace'},0.0049
isolation,1,report_streaming_sequential,LRU,LocalAllocation,16,3,5000,{'trace_kind': 'trace'},0.005
isolation,0,report_streaming_sequential,LRU,LocalAllocation,16,4,4800,{'trace_kind': 'trace'},0.0048
isolation,1,report_streaming_sequential,LRU,LocalAllocation,16,4,4900,{'trace_kind': 'trace'},0.0049
isolation,0,report_streaming_sequential,LRU,LocalAllocation,16,5,5000,{'trace_kind': 'trace'},0.005
isolation,1,report_streaming_sequential,LRU,LocalAllocation,16,5,4700,{'trace_kind': 'trace'},0.0047
isolation,0,report_streaming_sequential,LRU,LocalAllocation,16,6,5200,{'trace_kind': 'trace'},0.0052
isolation,1,report_streaming_sequential,LRU,LocalAllocation,16,6,4700,{'trace_kind': 'trace'},0.0047
isolation,0,report_streaming_sequential,LRU,LocalAllocation,16,7,4900,{'trace_kind': 'trace'},0.0049
isolation,1,report_streaming_sequential,LRU,LocalAllocation,16,7,4800,{'trace_kind': 'trace'},0.0048
isolation,0,report_streaming_sequential,LRU,LocalAllocation,16,8,4700,{'trace_kind': 'trace'},0.0047
isolation,1,report_streaming_sequential,LRU,LocalAllocation,16,8,4900,{'trace_kind': 'trace'},0.0049
isolation,0,report_streaming_sequential,LRU,LocalAllocation,16,9,4800,{'trace_kind': 'trace'},0.0048
isolation,1,report_streaming_sequential,LRU,LocalAllocation,16,9,4800,{'trace_kind': 'trace'},0.0048
isolation,0,report_streaming_sequential,LRU,ProportionalAllocation,16,0,5000,{'trace_kind': 'trace'},0.005
isolation,1,report_streaming_sequential,LRU,ProportionalAllocation,16,0,4900,{'trace_kind': 'trace'},0.0049
isolation,0,report_streaming_sequential,LRU,ProportionalAllocation,16,1,5100,{'trace_kind': 'trace'},0.0051
isolation,1,report_streaming_sequential,LRU,ProportionalAllocation,16,1,4700,{'trace_kind': 'trace'},0.0047
isolation,0,report_streaming_sequential,LRU,ProportionalAllocation,16,2,4700,{'trace_kind': 'trace'},0.0047
isolation,1,report_streaming_sequential,LRU,ProportionalAllocation,16,2,4900,{'trace_kind': 'trace'},0.0049
isolation,0,report_streaming_sequential,LRU,ProportionalAllocation,16,3,5000,{'trace_kind': 'trace'},0.005
isolation,1,report_streaming_sequential,LRU,ProportionalAllocation,16,3,4700,{'trace_kind': 'trace'},0.0047
isolation,0,report_streaming_sequential,LRU,ProportionalAllocation,16,4,4700,{'trace_kind': 'trace'},0.0047
isolation,1,report_streaming_sequential,LRU,ProportionalAllocation,16,4,5900,{'trace_kind': 'trace'},0.0059
isolation,0,report_streaming_sequential,LRU,ProportionalAllocation,16,5,4800,{'trace_kind': 'trace'},0.0048
isolation,1,report_streaming_sequential,LRU,ProportionalAllocation,16,5,4800,{'trace_kind': 'trace'},0.0048
isolation,0,report_streaming_sequential,LRU,ProportionalAllocation,16,6,4900,{'trace_kind': 'trace'},0.0049
isolation,1,report_streaming_sequential,LRU,ProportionalAllocation,16,6,4800,{'trace_kind': 'trace'},0.0048
isolation,0,report_streaming_sequential,LRU,ProportionalAllocation,16,7,4800,{'trace_kind': 'trace'},0.0048
isolation,1,report_streaming_sequential,LRU,ProportionalAllocation,16,7,4600,{'trace_kind': 'trace'},0.0046
isolation,0,report_streaming_sequential,LRU,ProportionalAllocation,16,8,4900,{'trace_kind': 'trace'},0.0049
isolation,1,report_streaming_sequential,LRU,ProportionalAllocation,16,8,4800,{'trace_kind': 'trace'},0.0048
isolation,0,report_streaming_sequential,LRU,ProportionalAllocation,16,9,4900,{'trace_kind': 'trace'},0.0049
isolation,1,report_streaming_sequential,LRU,ProportionalAllocation,16,9,5000,{'trace_kind': 'trace'},0.005
isolation,0,report_streaming_sequential,NRU,GlobalAllocation,16,0,6100,{'trace_kind': 'trace'},0.0061
isolation,1,report_streaming_sequential,NRU,GlobalAllocation,16,0,5100,{'trace_kind': 'trace'},0.0051
isolation,0,report_streaming_sequential,NRU,GlobalAllocation,16,1,5000,{'trace_kind': 'trace'},0.005
isolation,1,report_streaming_sequential,NRU,GlobalAllocation,16,1,4800,{'trace_kind': 'trace'},0.0048
isolation,0,report_streaming_sequential,NRU,GlobalAllocation,16,2,4700,{'trace_kind': 'trace'},0.0047
isolation,1,report_streaming_sequential,NRU,GlobalAllocation,16,2,4800,{'trace_kind': 'trace'},0.0048
isolation,0,report_streaming_sequential,NRU,GlobalAllocation,16,3,4800,{'trace_kind': 'trace'},0.0048
isolation,1,report_streaming_sequential,NRU,GlobalAllocation,16,3,4600,{'trace_kind': 'trace'},0.0046
isolation,0,report_streaming_sequential,NRU,GlobalAllocation,16,4,4900,{'trace_kind': 'trace'},0.0049
isolation,1,report_streaming_sequential,NRU,GlobalAllocation,16,4,4600,{'trace_kind': 'trace'},0.0046
isolation,0,report_streaming_sequential,NRU,GlobalAllocation,16,5,4700,{'trace_kind': 'trace'},0.0047
isolation,1,report_streaming_sequential,NRU,GlobalAllocation,16,5,4600,{'trace_kind': 'trace'},0.0046
isolation,0,report_streaming_sequential,NRU,GlobalAllocation,16,6,4500,{'trace_kind': 'trace'},0.0045
isolation,1,report_streaming_sequential,NRU,GlobalAllocation,16,6,4600,{'trace_kind': 'trace'},0.0046
isolation,0,report_streaming_sequential,NRU,GlobalAllocation,16,7,4500,{'trace_kind': 'trace'},0.0045
isolation,1,report_streaming_sequential,NRU,GlobalAllocation,16,7,4600,{'trace_kind': 'trace'},0.0046
isolation,0,report_streaming_sequential,NRU,GlobalAllocation,16,8,4800,{'trace_kind': 'trace'},0.0048
isolation,1,report_streaming_sequential,NRU,GlobalAllocation,16,8,4900,{'trace_kind': 'trace'},0.0049
isolation,0,report_streaming_sequential,NRU,GlobalAllocation,16,9,4500,{'trace_kind': 'trace'},0.0045
isolation,1,report_streaming_sequential,NRU,GlobalAllocation,16,9,4700,{'trace_kind': 'trace'},0.0047
isolation,0,report_streaming_sequential,NRU,LocalAllocation,16,0,4700,{'trace_kind': 'trace'},0.0047
isolation,1,report_streaming_sequential,NRU,LocalAllocation,16,0,4500,{'trace_kind': 'trace'},0.0045
isolation,0,report_streaming_sequential,NRU,LocalAllocation,16,1,4600,{'trace_kind': 'trace'},0.0046
isolation,1,report_streaming_sequential,NRU,LocalAllocation,16,1,4600,{'trace_kind': 'trace'},0.0046
isolation,0,report_streaming_sequential,NRU,LocalAllocation,16,2,4700,{'trace_kind': 'trace'},0.0047
isolation,1,report_streaming_sequential,NRU,LocalAllocation,16,2,4600,{'trace_kind': 'trace'},0.0046
isolation,0,report_streaming_sequential,NRU,LocalAllocation,16,3,4400,{'trace_kind': 'trace'},0.0044
isolation,1,report_streaming_sequential,NRU,LocalAllocation,16,3,4700,{'trace_kind': 'trace'},0.0047
isolation,0,report_streaming_sequential,NRU,LocalAllocation,16,4,4400,{'trace_kind': 'trace'},0.0044
isolation,1,report_streaming_sequential,NRU,LocalAllocation,16,4,4400,{'trace_kind': 'trace'},0.0044
isolation,0,report_streaming_sequential,NRU,LocalAllocation,16,5,4400,{'trace_kind': 'trace'},0.0044
isolation,1,report_streaming_sequential,NRU,LocalAllocation,16,5,4400,{'trace_kind': 'trace'},0.0044
isolation,0,report_streaming_sequential,NRU,LocalAllocation,16,6,4300,{'trace_kind': 'trace'},0.0043
isolation,1,report_streaming_sequential,NRU,LocalAllocation,16,6,4400,{'trace_kind': 'trace'},0.0044
isolation,0,report_streaming_sequential,NRU,LocalAllocation,16,7,4500,{'trace_kind': 'trace'},0.0045
isolation,1,report_streaming_sequential,NRU,LocalAllocation,16,7,4600,{'trace_kind': 'trace'},0.0046
isolation,0,report_streaming_sequential,NRU,LocalAllocation,16,8,4700,{'trace_kind': 'trace'},0.0047
isolation,1,report_streaming_sequential,NRU,LocalAllocation,16,8,4300,{'trace_kind': 'trace'},0.0043
isolation,0,report_streaming_sequential,NRU,LocalAllocation,16,9,4500,{'trace_kind': 'trace'},0.0045
isolation,1,report_streaming_sequential,NRU,LocalAllocation,16,9,4300,{'trace_kind': 'trace'},0.0043
isolation,0,report_streaming_sequential,NRU,ProportionalAllocation,16,0,4700,{'trace_kind': 'trace'},0.0047
isolation,1,report_streaming_sequential,NRU,ProportionalAllocation,16,0,4700,{'trace_kind': 'trace'},0.0047
isolation,0,report_streaming_sequential,NRU,ProportionalAllocation,16,1,4700,{'trace_kind': 'trace'},0.0047
isolation,1,report_streaming_sequential,NRU,ProportionalAllocation,16,1,4700,{'trace_kind': 'trace'},0.0047
isolation,0,report_streaming_sequential,NRU,ProportionalAllocation,16,2,4400,{'trace_kind': 'trace'},0.0044
isolation,1,report_streaming_sequential,NRU,ProportionalAllocation,16,2,4500,{'trace_kind': 'trace'},0.0045
isolation,0,report_streaming_sequential,NRU,ProportionalAllocation,16,3,4400,{'trace_kind': 'trace'},0.0044
isolation,1,report_streaming_sequential,NRU,ProportionalAllocation,16,3,4200,{'trace_kind': 'trace'},0.0042
isolation,0,report_streaming_sequential,NRU,ProportionalAllocation,16,4,4400,{'trace_kind': 'trace'},0.0044
isolation,1,report_streaming_sequential,NRU,ProportionalAllocation,16,4,4300,{'trace_kind': 'trace'},0.0043
isolation,0,report_streaming_sequential,NRU,ProportionalAllocation,16,5,4400,{'trace_kind': 'trace'},0.0044
isolation,1,report_streaming_sequential,NRU,ProportionalAllocation,16,5,4300,{'trace_kind': 'trace'},0.0043
isolation,0,report_streaming_sequential,NRU,ProportionalAllocation,16,6,4400,{'trace_kind': 'trace'},0.0044
isolation,1,report_streaming_sequential,NRU,ProportionalAllocation,16,6,4400,{'trace_kind': 'trace'},0.0044
isolation,0,report_streaming_sequential,NRU,ProportionalAllocation,16,7,4400,{'trace_kind': 'trace'},0.0044
isolation,1,report_streaming_sequential,NRU,ProportionalAllocation,16,7,4400,{'trace_kind': 'trace'},0.0044
isolation,0,report_streaming_sequential,NRU,ProportionalAllocation,16,8,4400,{'trace_kind': 'trace'},0.0044
isolation,1,report_streaming_sequential,NRU,ProportionalAllocation,16,8,4400,{'trace_kind': 'trace'},0.0044
isolation,0,report_streaming_sequential,NRU,ProportionalAllocation,16,9,4300,{'trace_kind': 'trace'},0.0043
isolation,1,report_streaming_sequential,NRU,ProportionalAllocation,16,9,4400,{'trace_kind': 'trace'},0.0044
isolation,0,report_streaming_sequential,SecondChance,GlobalAllocation,16,0,6600,{'trace_kind': 'trace'},0.0066
isolation,1,report_streaming_sequential,SecondChance,GlobalAllocation,16,0,6800,{'trace_kind': 'trace'},0.0068
isolation,0,report_streaming_sequential,SecondChance,GlobalAllocation,16,1,5400,{'trace_kind': 'trace'},0.0054
isolation,1,report_streaming_sequential,SecondChance,GlobalAllocation,16,1,4900,{'trace_kind': 'trace'},0.0049
isolation,0,report_streaming_sequential,SecondChance,GlobalAllocation,16,2,5000,{'trace_kind': 'trace'},0.005
isolation,1,report_streaming_sequential,SecondChance,GlobalAllocation,16,2,5000,{'trace_kind': 'trace'},0.005
isolation,0,report_streaming_sequential,SecondChance,GlobalAllocation,16,3,5400,{'trace_kind': 'trace'},0.0054
isolation,1,report_streaming_sequential,SecondChance,GlobalAllocation,16,3,5000,{'trace_kind': 'trace'},0.005
isolation,0,report_streaming_sequential,SecondChance,GlobalAllocation,16,4,5000,{'trace_kind': 'trace'},0.005
isolation,1,report_streaming_sequential,SecondChance,GlobalAllocation,16,4,5100,{'trace_kind': 'trace'},0.0051
isolation,0,report_streaming_sequential,SecondChance,GlobalAllocation,16,5,4900,{'trace_kind': 'trace'},0.0049
isolation,1,report_streaming_sequential,SecondChance,GlobalAllocation,16,5,4800,{'trace_kind': 'trace'},0.0048
isolation,0,report_streaming_sequential,SecondChance,GlobalAllocation,16,6,5000,{'trace_kind': 'trace'},0.005
isolation,1,report_streaming_sequential,SecondChance,GlobalAllocation,16,6,4700,{'trace_kind': 'trace'},0.0047
isolation,0,report_streaming_sequential,SecondChance,GlobalAllocation,16,7,4900,{'trace_kind': 'trace'},0.0049
isolation,1,report_streaming_sequential,SecondChance,GlobalAllocation,16,7,4900,{'trace_kind': 'trace'},0.0049
isolation,0,report_streaming_sequential,SecondChance,GlobalAllocation,16,8,5000,{'trace_kind': 'trace'},0.005
isolation,1,report_streaming_sequential,SecondChance,GlobalAllocation,16,8,5000,{'trace_kind': 'trace'},0.005
isolation,0,report_streaming_sequential,SecondChance,GlobalAllocation,16,9,4900,{'trace_kind': 'trace'},0.0049
isolation,1,report_streaming_sequential,SecondChance,GlobalAllocation,16,9,4700,{'trace_kind': 'trace'},0.0047
isolation,0,report_streaming_sequential,SecondChance,LocalAllocation,16,0,4900,{'trace_kind': 'trace'},0.0049
isolation,1,report_streaming_sequential,SecondChance,LocalAllocation,16,0,4900,{'trace_kind': 'trace'},0.0049
isolation,0,report_streaming_sequential,SecondChance,LocalAllocation,16,1,5000,{'trace_kind': 'trace'},0.005
isolation,1,report_streaming_sequential,SecondChance,LocalAllocation,16,1,4900,{'trace_kind': 'trace'},0.0049
isolation,0,report_streaming_sequential,SecondChance,LocalAllocation,16,2,4700,{'trace_kind': 'trace'},0.0047
isolation,1,report_streaming_sequential,SecondChance,LocalAllocation,16,2,4600,{'trace_kind': 'trace'},0.0046
isolation,0,report_streaming_sequential,SecondChance,LocalAllocation,16,3,5000,{'trace_kind': 'trace'},0.005
isolation,1,report_streaming_sequential,SecondChance,LocalAllocation,16,3,4800,{'trace_kind': 'trace'},0.0048
isolation,0,report_streaming_sequential,SecondChance,LocalAllocation,16,4,4700,{'trace_kind': 'trace'},0.0047
isolation,1,report_streaming_sequential,SecondChance,LocalAllocation,16,4,4700,{'trace_kind': 'trace'},0.0047
isolation,0,report_streaming_sequential,SecondChance,LocalAllocation,16,5,4800,{'trace_kind': 'trace'},0.0048
isolation,1,report_streaming_sequential,SecondChance,LocalAllocation,16,5,4800,{'trace_kind': 'trace'},0.0048
isolation,0,report_streaming_sequential,SecondChance,LocalAllocation,16,6,4800,{'trace_kind': 'trace'},0.0048
isolation,1,report_streaming_sequential,SecondChance,LocalAllocation,16,6,4800,{'trace_kind': 'trace'},0.0048
isolation,0,report_streaming_sequential,SecondChance,LocalAllocation,16,7,4700,{'trace_kind': 'trace'},0.0047
isolation,1,report_streaming_sequential,SecondChance,LocalAllocation,16,7,4600,{'trace_kind': 'trace'},0.0046
isolation,0,report_streaming_sequential,SecondChance,LocalAllocation,16,8,4600,{'trace_kind': 'trace'},0.0046
isolation,1,report_streaming_sequential,SecondChance,LocalAllocation,16,8,4600,{'trace_kind': 'trace'},0.0046
isolation,0,report_streaming_sequential,SecondChance,LocalAllocation,16,9,4600,{'trace_kind': 'trace'},0.0046
isolation,1,report_streaming_sequential,SecondChance,LocalAllocation,16,9,4800,{'trace_kind': 'trace'},0.0048
isolation,0,report_streaming_sequential,SecondChance,ProportionalAllocation,16,0,6900,{'trace_kind': 'trace'},0.0069
isolation,1,report_streaming_sequential,SecondChance,ProportionalAllocation,16,0,7200,{'trace_kind': 'trace'},0.0072
isolation,0,report_streaming_sequential,SecondChance,ProportionalAllocation,16,1,8400,{'trace_kind': 'trace'},0.0084
isolation,1,report_streaming_sequential,SecondChance,ProportionalAllocation,16,1,8000,{'trace_kind': 'trace'},0.008
isolation,0,report_streaming_sequential,SecondChance,ProportionalAllocation,16,2,8100,{'trace_kind': 'trace'},0.0081
isolation,1,report_streaming_sequential,SecondChance,ProportionalAllocation,16,2,8000,{'trace_kind': 'trace'},0.008
isolation,0,report_streaming_sequential,SecondChance,ProportionalAllocation,16,3,8000,{'trace_kind': 'trace'},0.008
isolation,1,report_streaming_sequential,SecondChance,ProportionalAllocation,16,3,8200,{'trace_kind': 'trace'},0.0082
isolation,0,report_streaming_sequential,SecondChance,ProportionalAllocation,16,4,7300,{'trace_kind': 'trace'},0.0073
isolation,1,report_streaming_sequential,SecondChance,ProportionalAllocation,16,4,4600,{'trace_kind': 'trace'},0.0046
isolation,0,report_streaming_sequential,SecondChance,ProportionalAllocation,16,5,4800,{'trace_kind': 'trace'},0.0048
isolation,1,report_streaming_sequential,SecondChance,ProportionalAllocation,16,5,4700,{'trace_kind': 'trace'},0.0047
isolation,0,report_streaming_sequential,SecondChance,ProportionalAllocation,16,6,4900,{'trace_kind': 'trace'},0.0049
isolation,1,report_streaming_sequential,SecondChance,ProportionalAllocation,16,6,4700,{'trace_kind': 'trace'},0.0047
isolation,0,report_streaming_sequential,SecondChance,ProportionalAllocation,16,7,4700,{'trace_kind': 'trace'},0.0047
isolation,1,report_streaming_sequential,SecondChance,ProportionalAllocation,16,7,4800,{'trace_kind': 'trace'},0.0048
isolation,0,report_streaming_sequential,SecondChance,ProportionalAllocation,16,8,4800,{'trace_kind': 'trace'},0.0048
isolation,1,report_streaming_sequential,SecondChance,ProportionalAllocation,16,8,4900,{'trace_kind': 'trace'},0.0049
isolation,0,report_streaming_sequential,SecondChance,ProportionalAllocation,16,9,4600,{'trace_kind': 'trace'},0.0046
isolation,1,report_streaming_sequential,SecondChance,ProportionalAllocation,16,9,4800,{'trace_kind': 'trace'},0.0048
isolation,0,report_streaming_sequential,WSClock,GlobalAllocation,16,0,6600,{'trace_kind': 'trace'},0.0066
isolation,1,report_streaming_sequential,WSClock,GlobalAllocation,16,0,5500,{'trace_kind': 'trace'},0.0055
isolation,0,report_streaming_sequential,WSClock,GlobalAllocation,16,1,5400,{'trace_kind': 'trace'},0.0054
isolation,1,report_streaming_sequential,WSClock,GlobalAllocation,16,1,5200,{'trace_kind': 'trace'},0.0052
isolation,0,report_streaming_sequential,WSClock,GlobalAllocation,16,2,6400,{'trace_kind': 'trace'},0.0064
isolation,1,report_streaming_sequential,WSClock,GlobalAllocation,16,2,5000,{'trace_kind': 'trace'},0.005
isolation,0,report_streaming_sequential,WSClock,GlobalAllocation,16,3,5100,{'trace_kind': 'trace'},0.0051
isolation,1,report_streaming_sequential,WSClock,GlobalAllocation,16,3,5100,{'trace_kind': 'trace'},0.0051
isolation,0,report_streaming_sequential,WSClock,GlobalAllocation,16,4,5000,{'trace_kind': 'trace'},0.005
isolation,1,report_streaming_sequential,WSClock,GlobalAllocation,16,4,4900,{'trace_kind': 'trace'},0.0049
isolation,0,report_streaming_sequential,WSClock,GlobalAllocation,16,5,5100,{'trace_kind': 'trace'},0.0051
isolation,1,report_streaming_sequential,WSClock,GlobalAllocation,16,5,4800,{'trace_kind': 'trace'},0.0048
isolation,0,report_streaming_sequential,WSClock,GlobalAllocation,16,6,5000,{'trace_kind': 'trace'},0.005
isolation,1,report_streaming_sequential,WSClock,GlobalAllocation,16,6,4900,{'trace_kind': 'trace'},0.0049
isolation,0,report_streaming_sequential,WSClock,GlobalAllocation,16,7,5000,{'trace_kind': 'trace'},0.005
isolation,1,report_streaming_sequential,WSClock,GlobalAllocation,16,7,5000,{'trace_kind': 'trace'},0.005
isolation,0,report_streaming_sequential,WSClock,GlobalAllocation,16,8,4900,{'trace_kind': 'trace'},0.0049
isolation,1,report_streaming_sequential,WSClock,GlobalAllocation,16,8,5200,{'trace_kind': 'trace'},0.0052
isolation,0,report_streaming_sequential,WSClock,GlobalAllocation,16,9,4700,{'trace_kind': 'trace'},0.0047
isolation,1,report_streaming_sequential,WSClock,GlobalAllocation,16,9,4600,{'trace_kind': 'trace'},0.0046
isolation,0,report_streaming_sequential,WSClock,LocalAllocation,16,0,4800,{'trace_kind': 'trace'},0.0048
isolation,1,report_streaming_sequential,WSClock,LocalAllocation,16,0,4800,{'trace_kind': 'trace'},0.0048
isolation,0,report_streaming_sequential,WSClock,LocalAllocation,16,1,4900,{'trace_kind': 'trace'},0.0049
isolation,1,report_streaming_sequential,WSClock,LocalAllocation,16,1,4700,{'trace_kind': 'trace'},0.0047
isolation,0,report_streaming_sequential,WSClock,LocalAllocation,16,2,4900,{'trace_kind': 'trace'},0.0049
isolation,1,report_streaming_sequential,WSClock,LocalAllocation,16,2,4600,{'trace_kind': 'trace'},0.0046
isolation,0,report_streaming_sequential,WSClock,LocalAllocation,16,3,4800,{'trace_kind': 'trace'},0.0048
isolation,1,report_streaming_sequential,WSClock,LocalAllocation,16,3,4600,{'trace_kind': 'trace'},0.0046
isolation,0,report_streaming_sequential,WSClock,LocalAllocation,16,4,4700,{'trace_kind': 'trace'},0.0047
isolation,1,report_streaming_sequential,WSClock,LocalAllocation,16,4,4700,{'trace_kind': 'trace'},0.0047
isolation,0,report_streaming_sequential,WSClock,LocalAllocation,16,5,4900,{'trace_kind': 'trace'},0.0049
isolation,1,report_streaming_sequential,WSClock,LocalAllocation,16,5,5500,{'trace_kind': 'trace'},0.0055
isolation,0,report_streaming_sequential,WSClock,LocalAllocation,16,6,4800,{'trace_kind': 'trace'},0.0048
isolation,1,report_streaming_sequential,WSClock,LocalAllocation,16,6,4900,{'trace_kind': 'trace'},0.0049
isolation,0,report_streaming_sequential,WSClock,LocalAllocation,16,7,4800,{'trace_kind': 'trace'},0.0048
isolation,1,report_streaming_sequential,WSClock,LocalAllocation,16,7,4900,{'trace_kind': 'trace'},0.0049
isolation,0,report_streaming_sequential,WSClock,LocalAllocation,16,8,4600,{'trace_kind': 'trace'},0.0046
isolation,1,report_streaming_sequential,WSClock,LocalAllocation,16,8,4700,{'trace_kind': 'trace'},0.0047
isolation,0,report_streaming_sequential,WSClock,LocalAllocation,16,9,4700,{'trace_kind': 'trace'},0.0047
isolation,1,report_streaming_sequential,WSClock,LocalAllocation,16,9,5000,{'trace_kind': 'trace'},0.005
isolation,0,report_streaming_sequential,WSClock,ProportionalAllocation,16,0,5100,{'trace_kind': 'trace'},0.0051
isolation,1,report_streaming_sequential,WSClock,ProportionalAllocation,16,0,4800,{'trace_kind': 'trace'},0.0048
isolation,0,report_streaming_sequential,WSClock,ProportionalAllocation,16,1,5200,{'trace_kind': 'trace'},0.0052
isolation,1,report_streaming_sequential,WSClock,ProportionalAllocation,16,1,4900,{'trace_kind': 'trace'},0.0049
isolation,0,report_streaming_sequential,WSClock,ProportionalAllocation,16,2,4800,{'trace_kind': 'trace'},0.0048
isolation,1,report_streaming_sequential,WSClock,ProportionalAllocation,16,2,5800,{'trace_kind': 'trace'},0.0058
isolation,0,report_streaming_sequential,WSClock,ProportionalAllocation,16,3,4800,{'trace_kind': 'trace'},0.0048
isolation,1,report_streaming_sequential,WSClock,ProportionalAllocation,16,3,4700,{'trace_kind': 'trace'},0.0047
isolation,0,report_streaming_sequential,WSClock,ProportionalAllocation,16,4,4700,{'trace_kind': 'trace'},0.0047
isolation,1,report_streaming_sequential,WSClock,ProportionalAllocation,16,4,4600,{'trace_kind': 'trace'},0.0046
isolation,0,report_streaming_sequential,WSClock,ProportionalAllocation,16,5,7000,{'trace_kind': 'trace'},0.007
isolation,1,report_streaming_sequential,WSClock,ProportionalAllocation,16,5,7700,{'trace_kind': 'trace'},0.0077
isolation,0,report_streaming_sequential,WSClock,ProportionalAllocation,16,6,8500,{'trace_kind': 'trace'},0.0085
isolation,1,report_streaming_sequential,WSClock,ProportionalAllocation,16,6,7700,{'trace_kind': 'trace'},0.0077
isolation,0,report_streaming_sequential,WSClock,ProportionalAllocation,16,7,7300,{'trace_kind': 'trace'},0.0073
isolation,1,report_streaming_sequential,WSClock,ProportionalAllocation,16,7,7500,{'trace_kind': 'trace'},0.0075
isolation,0,report_streaming_sequential,WSClock,ProportionalAllocation,16,8,7200,{'trace_kind': 'trace'},0.0072
isolation,1,report_streaming_sequential,WSClock,ProportionalAllocation,16,8,8300,{'trace_kind': 'trace'},0.0083
isolation,0,report_streaming_sequential,WSClock,ProportionalAllocation,16,9,9800,{'trace_kind': 'trace'},0.0098
isolation,1,report_streaming_sequential,WSClock,ProportionalAllocation,16,9,7800,{'trace_kind': 'trace'},0.0078
isolation,0,report_streaming_sequential,FIFO,GlobalAllocation,19,0,6700,{'trace_kind': 'trace'},0.0067
isolation,1,report_streaming_sequential,FIFO,GlobalAllocation,19,0,5500,{'trace_kind': 'trace'},0.0055
isolation,0,report_streaming_sequential,FIFO,GlobalAllocation,19,1,5100,{'trace_kind': 'trace'},0.0051
isolation,1,report_streaming_sequential,FIFO,GlobalAllocation,19,1,4800,{'trace_kind': 'trace'},0.0048
isolation,0,report_streaming_sequential,FIFO,GlobalAllocation,19,2,5100,{'trace_kind': 'trace'},0.0051
isolation,1,report_streaming_sequential,FIFO,GlobalAllocation,19,2,4900,{'trace_kind': 'trace'},0.0049
isolation,0,report_streaming_sequential,FIFO,GlobalAllocation,19,3,4900,{'trace_kind': 'trace'},0.0049
isolation,1,report_streaming_sequential,FIFO,GlobalAllocation,19,3,4900,{'trace_kind': 'trace'},0.0049
isolation,0,report_streaming_sequential,FIFO,GlobalAllocation,19,4,4700,{'trace_kind': 'trace'},0.0047
isolation,1,report_streaming_sequential,FIFO,GlobalAllocation,19,4,4800,{'trace_kind': 'trace'},0.0048
isolation,0,report_streaming_sequential,FIFO,GlobalAllocation,19,5,4900,{'trace_kind': 'trace'},0.0049
isolation,1,report_streaming_sequential,FIFO,GlobalAllocation,19,5,7700,{'trace_kind': 'trace'},0.0077
isolation,0,report_streaming_sequential,FIFO,GlobalAllocation,19,6,4900,{'trace_kind': 'trace'},0.0049
isolation,1,report_streaming_sequential,FIFO,GlobalAllocation,19,6,4900,{'trace_kind': 'trace'},0.0049
isolation,0,report_streaming_sequential,FIFO,GlobalAllocation,19,7,4800,{'trace_kind': 'trace'},0.0048
isolation,1,report_streaming_sequential,FIFO,GlobalAllocation,19,7,4800,{'trace_kind': 'trace'},0.0048
isolation,0,report_streaming_sequential,FIFO,GlobalAllocation,19,8,5100,{'trace_kind': 'trace'},0.0051
isolation,1,report_streaming_sequential,FIFO,GlobalAllocation,19,8,4900,{'trace_kind': 'trace'},0.0049
isolation,0,report_streaming_sequential,FIFO,GlobalAllocation,19,9,4400,{'trace_kind': 'trace'},0.0044
isolation,1,report_streaming_sequential,FIFO,GlobalAllocation,19,9,4500,{'trace_kind': 'trace'},0.0045
isolation,0,report_streaming_sequential,FIFO,LocalAllocation,19,0,5000,{'trace_kind': 'trace'},0.005
isolation,1,report_streaming_sequential,FIFO,LocalAllocation,19,0,4700,{'trace_kind': 'trace'},0.0047
isolation,0,report_streaming_sequential,FIFO,LocalAllocation,19,1,4800,{'trace_kind': 'trace'},0.0048
isolation,1,report_streaming_sequential,FIFO,LocalAllocation,19,1,4700,{'trace_kind': 'trace'},0.0047
isolation,0,report_streaming_sequential,FIFO,LocalAllocation,19,2,5100,{'trace_kind': 'trace'},0.0051
isolation,1,report_streaming_sequential,FIFO,LocalAllocation,19,2,4600,{'trace_kind': 'trace'},0.0046
isolation,0,report_streaming_sequential,FIFO,LocalAllocation,19,3,4400,{'trace_kind': 'trace'},0.0044
isolation,1,report_streaming_sequential,FIFO,LocalAllocation,19,3,4600,{'trace_kind': 'trace'},0.0046
isolation,0,report_streaming_sequential,FIFO,LocalAllocation,19,4,4500,{'trace_kind': 'trace'},0.0045
isolation,1,report_streaming_sequential,FIFO,LocalAllocation,19,4,4700,{'trace_kind': 'trace'},0.0047
isolation,0,report_streaming_sequential,FIFO,LocalAllocation,19,5,4600,{'trace_kind': 'trace'},0.0046
isolation,1,report_streaming_sequential,FIFO,LocalAllocation,19,5,4900,{'trace_kind': 'trace'},0.0049
isolation,0,report_streaming_sequential,FIFO,LocalAllocation,19,6,4400,{'trace_kind': 'trace'},0.0044
isolation,1,report_streaming_sequential,FIFO,LocalAllocation,19,6,4700,{'trace_kind': 'trace'},0.0047
isolation,0,report_streaming_sequential,FIFO,LocalAllocation,19,7,4500,{'trace_kind': 'trace'},0.0045
isolation,1,report_streaming_sequential,FIFO,LocalAllocation,19,7,4500,{'trace_kind': 'trace'},0.0045
isolation,0,report_streaming_sequential,FIFO,LocalAllocation,19,8,4900,{'trace_kind': 'trace'},0.0049
isolation,1,report_streaming_sequential,FIFO,LocalAllocation,19,8,4700,{'trace_kind': 'trace'},0.0047
isolation,0,report_streaming_sequential,FIFO,LocalAllocation,19,9,4500,{'trace_kind': 'trace'},0.0045
isolation,1,report_streaming_sequential,FIFO,LocalAllocation,19,9,4500,{'trace_kind': 'trace'},0.0045
isolation,0,report_streaming_sequential,FIFO,ProportionalAllocation,19,0,4900,{'trace_kind': 'trace'},0.0049
isolation,1,report_streaming_sequential,FIFO,ProportionalAllocation,19,0,4800,{'trace_kind': 'trace'},0.0048
isolation,0,report_streaming_sequential,FIFO,ProportionalAllocation,19,1,4900,{'trace_kind': 'trace'},0.0049
isolation,1,report_streaming_sequential,FIFO,ProportionalAllocation,19,1,4600,{'trace_kind': 'trace'},0.0046
isolation,0,report_streaming_sequential,FIFO,ProportionalAllocation,19,2,4700,{'trace_kind': 'trace'},0.0047
isolation,1,report_streaming_sequential,FIFO,ProportionalAllocation,19,2,4500,{'trace_kind': 'trace'},0.0045
isolation,0,report_streaming_sequential,FIFO,ProportionalAllocation,19,3,4500,{'trace_kind': 'trace'},0.0045
isolation,1,report_streaming_sequential,FIFO,ProportionalAllocation,19,3,4800,{'trace_kind': 'trace'},0.0048
isolation,0,report_streaming_sequential,FIFO,ProportionalAllocation,19,4,4700,{'trace_kind': 'trace'},0.0047
isolation,1,report_streaming_sequential,FIFO,ProportionalAllocation,19,4,4700,{'trace_kind': 'trace'},0.0047
isolation,0,report_streaming_sequential,FIFO,ProportionalAllocation,19,5,4500,{'trace_kind': 'trace'},0.0045
isolation,1,report_streaming_sequential,FIFO,ProportionalAllocation,19,5,4600,{'trace_kind': 'trace'},0.0046
isolation,0,report_streaming_sequential,FIFO,ProportionalAllocation,19,6,4400,{'trace_kind': 'trace'},0.0044
isolation,1,report_streaming_sequential,FIFO,ProportionalAllocation,19,6,4500,{'trace_kind': 'trace'},0.0045
isolation,0,report_streaming_sequential,FIFO,ProportionalAllocation,19,7,4900,{'trace_kind': 'trace'},0.0049
isolation,1,report_streaming_sequential,FIFO,ProportionalAllocation,19,7,4600,{'trace_kind': 'trace'},0.0046
isolation,0,report_streaming_sequential,FIFO,ProportionalAllocation,19,8,4600,{'trace_kind': 'trace'},0.0046
isolation,1,report_streaming_sequential,FIFO,ProportionalAllocation,19,8,4600,{'trace_kind': 'trace'},0.0046
isolation,0,report_streaming_sequential,FIFO,ProportionalAllocation,19,9,4600,{'trace_kind': 'trace'},0.0046
isolation,1,report_streaming_sequential,FIFO,ProportionalAllocation,19,9,5100,{'trace_kind': 'trace'},0.0051
isolation,0,report_streaming_sequential,LRU,GlobalAllocation,19,0,6600,{'trace_kind': 'trace'},0.0066
isolation,1,report_streaming_sequential,LRU,GlobalAllocation,19,0,5400,{'trace_kind': 'trace'},0.0054
isolation,0,report_streaming_sequential,LRU,GlobalAllocation,19,1,5200,{'trace_kind': 'trace'},0.0052
isolation,1,report_streaming_sequential,LRU,GlobalAllocation,19,1,5300,{'trace_kind': 'trace'},0.0053
isolation,0,report_streaming_sequential,LRU,GlobalAllocation,19,2,5200,{'trace_kind': 'trace'},0.0052
isolation,1,report_streaming_sequential,LRU,GlobalAllocation,19,2,5100,{'trace_kind': 'trace'},0.0051
isolation,0,report_streaming_sequential,LRU,GlobalAllocation,19,3,5200,{'trace_kind': 'trace'},0.0052
isolation,1,report_streaming_sequential,LRU,GlobalAllocation,19,3,5000,{'trace_kind': 'trace'},0.005
isolation,0,report_streaming_sequential,LRU,GlobalAllocation,19,4,5000,{'trace_kind': 'trace'},0.005
isolation,1,report_streaming_sequential,LRU,GlobalAllocation,19,4,5000,{'trace_kind': 'trace'},0.005
isolation,0,report_streaming_sequential,LRU,GlobalAllocation,19,5,5000,{'trace_kind': 'trace'},0.005
isolation,1,report_streaming_sequential,LRU,GlobalAllocation,19,5,5000,{'trace_kind': 'trace'},0.005
isolation,0,report_streaming_sequential,LRU,GlobalAllocation,19,6,5000,{'trace_kind': 'trace'},0.005
isolation,1,report_streaming_sequential,LRU,GlobalAllocation,19,6,5000,{'trace_kind': 'trace'},0.005
isolation,0,report_streaming_sequential,LRU,GlobalAllocation,19,7,5000,{'trace_kind': 'trace'},0.005
isolation,1,report_streaming_sequential,LRU,GlobalAllocation,19,7,5100,{'trace_kind': 'trace'},0.0051
isolation,0,report_streaming_sequential,LRU,GlobalAllocation,19,8,4800,{'trace_kind': 'trace'},0.0048
isolation,1,report_streaming_sequential,LRU,GlobalAllocation,19,8,4900,{'trace_kind': 'trace'},0.0049
isolation,0,report_streaming_sequential,LRU,GlobalAllocation,19,9,4700,{'trace_kind': 'trace'},0.0047
isolation,1,report_streaming_sequential,LRU,GlobalAllocation,19,9,4900,{'trace_kind': 'trace'},0.0049
isolation,0,report_streaming_sequential,LRU,LocalAllocation,19,0,5100,{'trace_kind': 'trace'},0.0051
isolation,1,report_streaming_sequential,LRU,LocalAllocation,19,0,4900,{'trace_kind': 'trace'},0.0049
isolation,0,report_streaming_sequential,LRU,LocalAllocation,19,1,5100,{'trace_kind': 'trace'},0.0051
isolation,1,report_streaming_sequential,LRU,LocalAllocation,19,1,4900,{'trace_kind': 'trace'},0.0049
isolation,0,report_streaming_sequential,LRU,LocalAllocation,19,2,4800,{'trace_kind': 'trace'},0.0048
isolation,1,report_streaming_sequential,LRU,LocalAllocation,19,2,4800,{'trace_kind': 'trace'},0.0048
isolation,0,report_streaming_sequential,LRU,LocalAllocation,19,3,4800,{'trace_kind': 'trace'},0.0048
isolation,1,report_streaming_sequential,LRU,LocalAllocation,19,3,4600,{'trace_kind': 'trace'},0.0046
isolation,0,report_streaming_sequential,LRU,LocalAllocation,19,4,4700,{'trace_kind': 'trace'},0.0047
isolation,1,report_streaming_sequential,LRU,LocalAllocation,19,4,4900,{'trace_kind': 'trace'},0.0049
isolation,0,report_streaming_sequential,LRU,LocalAllocation,19,5,4700,{'trace_kind': 'trace'},0.0047
isolation,1,report_streaming_sequential,LRU,LocalAllocation,19,5,4800,{'trace_kind': 'trace'},0.0048
isolation,0,report_streaming_sequential,LRU,LocalAllocation,19,6,4700,{'trace_kind': 'trace'},0.0047
isolation,1,report_streaming_sequential,LRU,LocalAllocation,19,6,4700,{'trace_kind': 'trace'},0.0047
isolation,0,report_streaming_sequential,LRU,LocalAllocation,19,7,4700,{'trace_kind': 'trace'},0.0047
isolation,1,report_streaming_sequential,LRU,LocalAllocation,19,7,4800,{'trace_kind': 'trace'},0.0048
isolation,0,report_streaming_sequential,LRU,LocalAllocation,19,8,4700,{'trace_kind': 'trace'},0.0047
isolation,1,report_streaming_sequential,LRU,LocalAllocation,19,8,4700,{'trace_kind': 'trace'},0.0047
isolation,0,report_streaming_sequential,LRU,LocalAllocation,19,9,5200,{'trace_kind': 'trace'},0.0052
isolation,1,report_streaming_sequential,LRU,LocalAllocation,19,9,4700,{'trace_kind': 'trace'},0.0047
isolation,0,report_streaming_sequential,LRU,ProportionalAllocation,19,0,5000,{'trace_kind': 'trace'},0.005
isolation,1,report_streaming_sequential,LRU,ProportionalAllocation,19,0,4900,{'trace_kind': 'trace'},0.0049
isolation,0,report_streaming_sequential,LRU,ProportionalAllocation,19,1,5000,{'trace_kind': 'trace'},0.005
isolation,1,report_streaming_sequential,LRU,ProportionalAllocation,19,1,4800,{'trace_kind': 'trace'},0.0048
isolation,0,report_streaming_sequential,LRU,ProportionalAllocation,19,2,5200,{'trace_kind': 'trace'},0.0052
isolation,1,report_streaming_sequential,LRU,ProportionalAllocation,19,2,4800,{'trace_kind': 'trace'},0.0048
isolation,0,report_streaming_sequential,LRU,ProportionalAllocation,19,3,4800,{'trace_kind': 'trace'},0.0048
isolation,1,report_streaming_sequential,LRU,ProportionalAllocation,19,3,5000,{'trace_kind': 'trace'},0.005
isolation,0,report_streaming_sequential,LRU,ProportionalAllocation,19,4,5000,{'trace_kind': 'trace'},0.005
isolation,1,report_streaming_sequential,LRU,ProportionalAllocation,19,4,4900,{'trace_kind': 'trace'},0.0049
isolation,0,report_streaming_sequential,LRU,ProportionalAllocation,19,5,4900,{'trace_kind': 'trace'},0.0049
isolation,1,report_streaming_sequential,LRU,ProportionalAllocation,19,5,4800,{'trace_kind': 'trace'},0.0048
isolation,0,report_streaming_sequential,LRU,ProportionalAllocation,19,6,4900,{'trace_kind': 'trace'},0.0049
isolation,1,report_streaming_sequential,LRU,ProportionalAllocation,19,6,4800,{'trace_kind': 'trace'},0.0048
isolation,0,report_streaming_sequential,LRU,ProportionalAllocation,19,7,4800,{'trace_kind': 'trace'},0.0048
isolation,1,report_streaming_sequential,LRU,ProportionalAllocation,19,7,4800,{'trace_kind': 'trace'},0.0048
isolation,0,report_streaming_sequential,LRU,ProportionalAllocation,19,8,4800,{'trace_kind': 'trace'},0.0048
isolation,1,report_streaming_sequential,LRU,ProportionalAllocation,19,8,4700,{'trace_kind': 'trace'},0.0047
isolation,0,report_streaming_sequential,LRU,ProportionalAllocation,19,9,4600,{'trace_kind': 'trace'},0.0046
isolation,1,report_streaming_sequential,LRU,ProportionalAllocation,19,9,5000,{'trace_kind': 'trace'},0.005
isolation,0,report_streaming_sequential,NRU,GlobalAllocation,19,0,6300,{'trace_kind': 'trace'},0.0063
isolation,1,report_streaming_sequential,NRU,GlobalAllocation,19,0,5100,{'trace_kind': 'trace'},0.0051
isolation,0,report_streaming_sequential,NRU,GlobalAllocation,19,1,4800,{'trace_kind': 'trace'},0.0048
isolation,1,report_streaming_sequential,NRU,GlobalAllocation,19,1,4700,{'trace_kind': 'trace'},0.0047
isolation,0,report_streaming_sequential,NRU,GlobalAllocation,19,2,4700,{'trace_kind': 'trace'},0.0047
isolation,1,report_streaming_sequential,NRU,GlobalAllocation,19,2,4700,{'trace_kind': 'trace'},0.0047
isolation,0,report_streaming_sequential,NRU,GlobalAllocation,19,3,4600,{'trace_kind': 'trace'},0.0046
isolation,1,report_streaming_sequential,NRU,GlobalAllocation,19,3,4900,{'trace_kind': 'trace'},0.0049
isolation,0,report_streaming_sequential,NRU,GlobalAllocation,19,4,5900,{'trace_kind': 'trace'},0.0059
isolation,1,report_streaming_sequential,NRU,GlobalAllocation,19,4,4700,{'trace_kind': 'trace'},0.0047
isolation,0,report_streaming_sequential,NRU,GlobalAllocation,19,5,4700,{'trace_kind': 'trace'},0.0047
isolation,1,report_streaming_sequential,NRU,GlobalAllocation,19,5,5300,{'trace_kind': 'trace'},0.0053
isolation,0,report_streaming_sequential,NRU,GlobalAllocation,19,6,4600,{'trace_kind': 'trace'},0.0046
isolation,1,report_streaming_sequential,NRU,GlobalAllocation,19,6,4600,{'trace_kind': 'trace'},0.0046
isolation,0,report_streaming_sequential,NRU,GlobalAllocation,19,7,5900,{'trace_kind': 'trace'},0.0059
isolation,1,report_streaming_sequential,NRU,GlobalAllocation,19,7,5800,{'trace_kind': 'trace'},0.0058
isolation,0,report_streaming_sequential,NRU,GlobalAllocation,19,8,4500,{'trace_kind': 'trace'},0.0045
isolation,1,report_streaming_sequential,NRU,GlobalAllocation,19,8,4900,{'trace_kind': 'trace'},0.0049
isolation,0,report_streaming_sequential,NRU,GlobalAllocation,19,9,4400,{'trace_kind': 'trace'},0.0044
isolation,1,report_streaming_sequential,NRU,GlobalAllocation,19,9,4300,{'trace_kind': 'trace'},0.0043
isolation,0,report_streaming_sequential,NRU,LocalAllocation,19,0,4600,{'trace_kind': 'trace'},0.0046
isolation,1,report_streaming_sequential,NRU,LocalAllocation,19,0,4400,{'trace_kind': 'trace'},0.0044
isolation,0,report_streaming_sequential,NRU,LocalAllocation,19,1,4500,{'trace_kind': 'trace'},0.0045
isolation,1,report_streaming_sequential,NRU,LocalAllocation,19,1,4700,{'trace_kind': 'trace'},0.0047
isolation,0,report_streaming_sequential,NRU,LocalAllocation,19,2,4500,{'trace_kind': 'trace'},0.0045
isolation,1,report_streaming_sequential,NRU,LocalAllocation,19,2,4500,{'trace_kind': 'trace'},0.0045
isolation,0,report_streaming_sequential,NRU,LocalAllocation,19,3,4400,{'trace_kind': 'trace'},0.0044
isolation,1,report_streaming_sequential,NRU,LocalAllocation,19,3,4400,{'trace_kind': 'trace'},0.0044
isolation,0,report_streaming_sequential,NRU,LocalAllocation,19,4,4400,{'trace_kind': 'trace'},0.0044
isolation,1,report_streaming_sequential,NRU,LocalAllocation,19,4,4300,{'trace_kind': 'trace'},0.0043
isolation,0,report_streaming_sequential,NRU,LocalAllocation,19,5,4600,{'trace_kind': 'trace'},0.0046
isolation,1,report_streaming_sequential,NRU,LocalAllocation,19,5,4500,{'trace_kind': 'trace'},0.0045
isolation,0,report_streaming_sequential,NRU,LocalAllocation,19,6,4500,{'trace_kind': 'trace'},0.0045
isolation,1,report_streaming_sequential,NRU,LocalAllocation,19,6,4500,{'trace_kind': 'trace'},0.0045
isolation,0,report_streaming_sequential,NRU,LocalAllocation,19,7,4500,{'trace_kind': 'trace'},0.0045
isolation,1,report_streaming_sequential,NRU,LocalAllocation,19,7,4400,{'trace_kind': 'trace'},0.0044
isolation,0,report_streaming_sequential,NRU,LocalAllocation,19,8,4800,{'trace_kind': 'trace'},0.0048
isolation,1,report_streaming_sequential,NRU,LocalAllocation,19,8,4500,{'trace_kind': 'trace'},0.0045
isolation,0,report_streaming_sequential,NRU,LocalAllocation,19,9,4700,{'trace_kind': 'trace'},0.0047
isolation,1,report_streaming_sequential,NRU,LocalAllocation,19,9,4500,{'trace_kind': 'trace'},0.0045
isolation,0,report_streaming_sequential,NRU,ProportionalAllocation,19,0,4800,{'trace_kind': 'trace'},0.0048
isolation,1,report_streaming_sequential,NRU,ProportionalAllocation,19,0,4800,{'trace_kind': 'trace'},0.0048
isolation,0,report_streaming_sequential,NRU,ProportionalAllocation,19,1,4500,{'trace_kind': 'trace'},0.0045
isolation,1,report_streaming_sequential,NRU,ProportionalAllocation,19,1,4600,{'trace_kind': 'trace'},0.0046
isolation,0,report_streaming_sequential,NRU,ProportionalAllocation,19,2,4500,{'trace_kind': 'trace'},0.0045
isolation,1,report_streaming_sequential,NRU,ProportionalAllocation,19,2,4400,{'trace_kind': 'trace'},0.0044
isolation,0,report_streaming_sequential,NRU,ProportionalAllocation,19,3,4500,{'trace_kind': 'trace'},0.0045
isolation,1,report_streaming_sequential,NRU,ProportionalAllocation,19,3,4400,{'trace_kind': 'trace'},0.0044
isolation,0,report_streaming_sequential,NRU,ProportionalAllocation,19,4,4500,{'trace_kind': 'trace'},0.0045
isolation,1,report_streaming_sequential,NRU,ProportionalAllocation,19,4,4300,{'trace_kind': 'trace'},0.0043
isolation,0,report_streaming_sequential,NRU,ProportionalAllocation,19,5,4300,{'trace_kind': 'trace'},0.0043
isolation,1,report_streaming_sequential,NRU,ProportionalAllocation,19,5,4500,{'trace_kind': 'trace'},0.0045
isolation,0,report_streaming_sequential,NRU,ProportionalAllocation,19,6,4600,{'trace_kind': 'trace'},0.0046
isolation,1,report_streaming_sequential,NRU,ProportionalAllocation,19,6,4600,{'trace_kind': 'trace'},0.0046
isolation,0,report_streaming_sequential,NRU,ProportionalAllocation,19,7,4500,{'trace_kind': 'trace'},0.0045
isolation,1,report_streaming_sequential,NRU,ProportionalAllocation,19,7,4500,{'trace_kind': 'trace'},0.0045
isolation,0,report_streaming_sequential,NRU,ProportionalAllocation,19,8,4600,{'trace_kind': 'trace'},0.0046
isolation,1,report_streaming_sequential,NRU,ProportionalAllocation,19,8,4500,{'trace_kind': 'trace'},0.0045
isolation,0,report_streaming_sequential,NRU,ProportionalAllocation,19,9,4400,{'trace_kind': 'trace'},0.0044
isolation,1,report_streaming_sequential,NRU,ProportionalAllocation,19,9,4400,{'trace_kind': 'trace'},0.0044
isolation,0,report_streaming_sequential,SecondChance,GlobalAllocation,19,0,6600,{'trace_kind': 'trace'},0.0066
isolation,1,report_streaming_sequential,SecondChance,GlobalAllocation,19,0,5400,{'trace_kind': 'trace'},0.0054
isolation,0,report_streaming_sequential,SecondChance,GlobalAllocation,19,1,5700,{'trace_kind': 'trace'},0.0057
isolation,1,report_streaming_sequential,SecondChance,GlobalAllocation,19,1,5000,{'trace_kind': 'trace'},0.005
isolation,0,report_streaming_sequential,SecondChance,GlobalAllocation,19,2,5100,{'trace_kind': 'trace'},0.0051
isolation,1,report_streaming_sequential,SecondChance,GlobalAllocation,19,2,4900,{'trace_kind': 'trace'},0.0049
isolation,0,report_streaming_sequential,SecondChance,GlobalAllocation,19,3,4900,{'trace_kind': 'trace'},0.0049
isolation,1,report_streaming_sequential,SecondChance,GlobalAllocation,19,3,4900,{'trace_kind': 'trace'},0.0049
isolation,0,report_streaming_sequential,SecondChance,GlobalAllocation,19,4,5100,{'trace_kind': 'trace'},0.0051
isolation,1,report_streaming_sequential,SecondChance,GlobalAllocation,19,4,5000,{'trace_kind': 'trace'},0.005
isolation,0,report_streaming_sequential,SecondChance,GlobalAllocation,19,5,4900,{'trace_kind': 'trace'},0.0049
isolation,1,report_streaming_sequential,SecondChance,GlobalAllocation,19,5,5000,{'trace_kind': 'trace'},0.005
isolation,0,report_streaming_sequential,SecondChance,GlobalAllocation,19,6,5900,{'trace_kind': 'trace'},0.0059
isolation,1,report_streaming_sequential,SecondChance,GlobalAllocation,19,6,5000,{'trace_kind': 'trace'},0.005
isolation,0,report_streaming_sequential,SecondChance,GlobalAllocation,19,7,5000,{'trace_kind': 'trace'},0.005
isolation,1,report_streaming_sequential,SecondChance,GlobalAllocation,19,7,4900,{'trace_kind': 'trace'},0.0049
isolation,0,report_streaming_sequential,SecondChance,GlobalAllocation,19,8,5100,{'trace_kind': 'trace'},0.0051
isolation,1,report_streaming_sequential,SecondChance,GlobalAllocation,19,8,5200,{'trace_kind': 'trace'},0.0052
isolation,0,report_streaming_sequential,SecondChance,GlobalAllocation,19,9,4800,{'trace_kind': 'trace'},0.0048
isolation,1,report_streaming_sequential,SecondChance,GlobalAllocation,19,9,4900,{'trace_kind': 'trace'},0.0049
isolation,0,report_streaming_sequential,SecondChance,LocalAllocation,19,0,4800,{'trace_kind': 'trace'},0.0048
isolation,1,report_streaming_sequential,SecondChance,LocalAllocation,19,0,4700,{'trace_kind': 'trace'},0.0047
isolation,0,report_streaming_sequential,SecondChance,LocalAllocation,19,1,4700,{'trace_kind': 'trace'},0.0047
isolation,1,report_streaming_sequential,SecondChance,LocalAllocation,19,1,4900,{'trace_kind': 'trace'},0.0049
isolation,0,report_streaming_sequential,SecondChance,LocalAllocation,19,2,4800,{'trace_kind': 'trace'},0.0048
isolation,1,report_streaming_sequential,SecondChance,LocalAllocation,19,2,4700,{'trace_kind': 'trace'},0.0047
isolation,0,report_streaming_sequential,SecondChance,LocalAllocation,19,3,4800,{'trace_kind': 'trace'},0.0048
isolation,1,report_streaming_sequential,SecondChance,LocalAllocation,19,3,4900,{'trace_kind': 'trace'},0.0049
isolation,0,report_streaming_sequential,SecondChance,LocalAllocation,19,4,4800,{'trace_kind': 'trace'},0.0048
isolation,1,report_streaming_sequential,SecondChance,LocalAllocation,19,4,4600,{'trace_kind': 'trace'},0.0046
isolation,0,report_streaming_sequential,SecondChance,LocalAllocation,19,5,4800,{'trace_kind': 'trace'},0.0048
isolation,1,report_streaming_sequential,SecondChance,LocalAllocation,19,5,4600,{'trace_kind': 'trace'},0.0046
isolation,0,report_streaming_sequential,SecondChance,LocalAllocation,19,6,4700,{'trace_kind': 'trace'},0.0047
isolation,1,report_streaming_sequential,SecondChance,LocalAllocation,19,6,4600,{'trace_kind': 'trace'},0.0046
isolation,0,report_streaming_sequential,SecondChance,LocalAllocation,19,7,4800,{'trace_kind': 'trace'},0.0048
isolation,1,report_streaming_sequential,SecondChance,LocalAllocation,19,7,4800,{'trace_kind': 'trace'},0.0048
isolation,0,report_streaming_sequential,SecondChance,LocalAllocation,19,8,4700,{'trace_kind': 'trace'},0.0047
isolation,1,report_streaming_sequential,SecondChance,LocalAllocation,19,8,4900,{'trace_kind': 'trace'},0.0049
isolation,0,report_streaming_sequential,SecondChance,LocalAllocation,19,9,4700,{'trace_kind': 'trace'},0.0047
isolation,1,report_streaming_sequential,SecondChance,LocalAllocation,19,9,5600,{'trace_kind': 'trace'},0.0056
isolation,0,report_streaming_sequential,SecondChance,ProportionalAllocation,19,0,5300,{'trace_kind': 'trace'},0.0053
isolation,1,report_streaming_sequential,SecondChance,ProportionalAllocation,19,0,4800,{'trace_kind': 'trace'},0.0048
isolation,0,report_streaming_sequential,SecondChance,ProportionalAllocation,19,1,4900,{'trace_kind': 'trace'},0.0049
isolation,1,report_streaming_sequential,SecondChance,ProportionalAllocation,19,1,5000,{'trace_kind': 'trace'},0.005
isolation,0,report_streaming_sequential,SecondChance,ProportionalAllocation,19,2,4800,{'trace_kind': 'trace'},0.0048
isolation,1,report_streaming_sequential,SecondChance,ProportionalAllocation,19,2,4700,{'trace_kind': 'trace'},0.0047
isolation,0,report_streaming_sequential,SecondChance,ProportionalAllocation,19,3,4900,{'trace_kind': 'trace'},0.0049
isolation,1,report_streaming_sequential,SecondChance,ProportionalAllocation,19,3,4700,{'trace_kind': 'trace'},0.0047
isolation,0,report_streaming_sequential,SecondChance,ProportionalAllocation,19,4,4800,{'trace_kind': 'trace'},0.0048
isolation,1,report_streaming_sequential,SecondChance,ProportionalAllocation,19,4,4700,{'trace_kind': 'trace'},0.0047
isolation,0,report_streaming_sequential,SecondChance,ProportionalAllocation,19,5,4600,{'trace_kind': 'trace'},0.0046
isolation,1,report_streaming_sequential,SecondChance,ProportionalAllocation,19,5,4800,{'trace_kind': 'trace'},0.0048
isolation,0,report_streaming_sequential,SecondChance,ProportionalAllocation,19,6,4800,{'trace_kind': 'trace'},0.0048
isolation,1,report_streaming_sequential,SecondChance,ProportionalAllocation,19,6,4700,{'trace_kind': 'trace'},0.0047
isolation,0,report_streaming_sequential,SecondChance,ProportionalAllocation,19,7,4700,{'trace_kind': 'trace'},0.0047
isolation,1,report_streaming_sequential,SecondChance,ProportionalAllocation,19,7,4900,{'trace_kind': 'trace'},0.0049
isolation,0,report_streaming_sequential,SecondChance,ProportionalAllocation,19,8,4700,{'trace_kind': 'trace'},0.0047
isolation,1,report_streaming_sequential,SecondChance,ProportionalAllocation,19,8,4700,{'trace_kind': 'trace'},0.0047
isolation,0,report_streaming_sequential,SecondChance,ProportionalAllocation,19,9,4700,{'trace_kind': 'trace'},0.0047
isolation,1,report_streaming_sequential,SecondChance,ProportionalAllocation,19,9,4700,{'trace_kind': 'trace'},0.0047
isolation,0,report_streaming_sequential,WSClock,GlobalAllocation,19,0,6800,{'trace_kind': 'trace'},0.0068
isolation,1,report_streaming_sequential,WSClock,GlobalAllocation,19,0,5500,{'trace_kind': 'trace'},0.0055
isolation,0,report_streaming_sequential,WSClock,GlobalAllocation,19,1,5300,{'trace_kind': 'trace'},0.0053
isolation,1,report_streaming_sequential,WSClock,GlobalAllocation,19,1,4900,{'trace_kind': 'trace'},0.0049
isolation,0,report_streaming_sequential,WSClock,GlobalAllocation,19,2,5000,{'trace_kind': 'trace'},0.005
isolation,1,report_streaming_sequential,WSClock,GlobalAllocation,19,2,5200,{'trace_kind': 'trace'},0.0052
isolation,0,report_streaming_sequential,WSClock,GlobalAllocation,19,3,5000,{'trace_kind': 'trace'},0.005
isolation,1,report_streaming_sequential,WSClock,GlobalAllocation,19,3,4900,{'trace_kind': 'trace'},0.0049
isolation,0,report_streaming_sequential,WSClock,GlobalAllocation,19,4,5100,{'trace_kind': 'trace'},0.0051
isolation,1,report_streaming_sequential,WSClock,GlobalAllocation,19,4,4900,{'trace_kind': 'trace'},0.0049
isolation,0,report_streaming_sequential,WSClock,GlobalAllocation,19,5,5200,{'trace_kind': 'trace'},0.0052
isolation,1,report_streaming_sequential,WSClock,GlobalAllocation,19,5,5000,{'trace_kind': 'trace'},0.005
isolation,0,report_streaming_sequential,WSClock,GlobalAllocation,19,6,4900,{'trace_kind': 'trace'},0.0049
isolation,1,report_streaming_sequential,WSClock,GlobalAllocation,19,6,4900,{'trace_kind': 'trace'},0.0049
isolation,0,report_streaming_sequential,WSClock,GlobalAllocation,19,7,4900,{'trace_kind': 'trace'},0.0049
isolation,1,report_streaming_sequential,WSClock,GlobalAllocation,19,7,5000,{'trace_kind': 'trace'},0.005
isolation,0,report_streaming_sequential,WSClock,GlobalAllocation,19,8,5100,{'trace_kind': 'trace'},0.0051
isolation,1,report_streaming_sequential,WSClock,GlobalAllocation,19,8,5300,{'trace_kind': 'trace'},0.0053
isolation,0,report_streaming_sequential,WSClock,GlobalAllocation,19,9,4800,{'trace_kind': 'trace'},0.0048
isolation,1,report_streaming_sequential,WSClock,GlobalAllocation,19,9,4800,{'trace_kind': 'trace'},0.0048
isolation,0,report_streaming_sequential,WSClock,LocalAllocation,19,0,5100,{'trace_kind': 'trace'},0.0051
isolation,1,report_streaming_sequential,WSClock,LocalAllocation,19,0,5000,{'trace_kind': 'trace'},0.005
isolation,0,report_streaming_sequential,WSClock,LocalAllocation,19,1,4800,{'trace_kind': 'trace'},0.0048
isolation,1,report_streaming_sequential,WSClock,LocalAllocation,19,1,4700,{'trace_kind': 'trace'},0.0047
isolation,0,report_streaming_sequential,WSClock,LocalAllocation,19,2,4900,{'trace_kind': 'trace'},0.0049
isolation,1,report_streaming_sequential,WSClock,LocalAllocation,19,2,4900,{'trace_kind': 'trace'},0.0049
isolation,0,report_streaming_sequential,WSClock,LocalAllocation,19,3,4800,{'trace_kind': 'trace'},0.0048
isolation,1,report_streaming_sequential,WSClock,LocalAllocation,19,3,4700,{'trace_kind': 'trace'},0.0047
isolation,0,report_streaming_sequential,WSClock,LocalAllocation,19,4,4700,{'trace_kind': 'trace'},0.0047
isolation,1,report_streaming_sequential,WSClock,LocalAllocation,19,4,4800,{'trace_kind': 'trace'},0.0048
isolation,0,report_streaming_sequential,WSClock,LocalAllocation,19,5,4800,{'trace_kind': 'trace'},0.0048
isolation,1,report_streaming_sequential,WSClock,LocalAllocation,19,5,4800,{'trace_kind': 'trace'},0.0048
isolation,0,report_streaming_sequential,WSClock,LocalAllocation,19,6,4600,{'trace_kind': 'trace'},0.0046
isolation,1,report_streaming_sequential,WSClock,LocalAllocation,19,6,4600,{'trace_kind': 'trace'},0.0046
isolation,0,report_streaming_sequential,WSClock,LocalAllocation,19,7,4900,{'trace_kind': 'trace'},0.0049
isolation,1,report_streaming_sequential,WSClock,LocalAllocation,19,7,4800,{'trace_kind': 'trace'},0.0048
isolation,0,report_streaming_sequential,WSClock,LocalAllocation,19,8,4800,{'trace_kind': 'trace'},0.0048
isolation,1,report_streaming_sequential,WSClock,LocalAllocation,19,8,4800,{'trace_kind': 'trace'},0.0048
isolation,0,report_streaming_sequential,WSClock,LocalAllocation,19,9,4800,{'trace_kind': 'trace'},0.0048
isolation,1,report_streaming_sequential,WSClock,LocalAllocation,19,9,4600,{'trace_kind': 'trace'},0.0046
isolation,0,report_streaming_sequential,WSClock,ProportionalAllocation,19,0,5100,{'trace_kind': 'trace'},0.0051
isolation,1,report_streaming_sequential,WSClock,ProportionalAllocation,19,0,4900,{'trace_kind': 'trace'},0.0049
isolation,0,report_streaming_sequential,WSClock,ProportionalAllocation,19,1,4900,{'trace_kind': 'trace'},0.0049
isolation,1,report_streaming_sequential,WSClock,ProportionalAllocation,19,1,4900,{'trace_kind': 'trace'},0.0049
isolation,0,report_streaming_sequential,WSClock,ProportionalAllocation,19,2,5400,{'trace_kind': 'trace'},0.0054
isolation,1,report_streaming_sequential,WSClock,ProportionalAllocation,19,2,4600,{'trace_kind': 'trace'},0.0046
isolation,0,report_streaming_sequential,WSClock,ProportionalAllocation,19,3,4800,{'trace_kind': 'trace'},0.0048
isolation,1,report_streaming_sequential,WSClock,ProportionalAllocation,19,3,4700,{'trace_kind': 'trace'},0.0047
isolation,0,report_streaming_sequential,WSClock,ProportionalAllocation,19,4,4800,{'trace_kind': 'trace'},0.0048
isolation,1,report_streaming_sequential,WSClock,ProportionalAllocation,19,4,4700,{'trace_kind': 'trace'},0.0047
isolation,0,report_streaming_sequential,WSClock,ProportionalAllocation,19,5,4700,{'trace_kind': 'trace'},0.0047
isolation,1,report_streaming_sequential,WSClock,ProportionalAllocation,19,5,4800,{'trace_kind': 'trace'},0.0048
isolation,0,report_streaming_sequential,WSClock,ProportionalAllocation,19,6,4700,{'trace_kind': 'trace'},0.0047
isolation,1,report_streaming_sequential,WSClock,ProportionalAllocation,19,6,4800,{'trace_kind': 'trace'},0.0048
isolation,0,report_streaming_sequential,WSClock,ProportionalAllocation,19,7,4800,{'trace_kind': 'trace'},0.0048
isolation,1,report_streaming_sequential,WSClock,ProportionalAllocation,19,7,4800,{'trace_kind': 'trace'},0.0048
isolation,0,report_streaming_sequential,WSClock,ProportionalAllocation,19,8,4600,{'trace_kind': 'trace'},0.0046
isolation,1,report_streaming_sequential,WSClock,ProportionalAllocation,19,8,4700,{'trace_kind': 'trace'},0.0047
isolation,0,report_streaming_sequential,WSClock,ProportionalAllocation,19,9,4700,{'trace_kind': 'trace'},0.0047
isolation,1,report_streaming_sequential,WSClock,ProportionalAllocation,19,9,4700,{'trace_kind': 'trace'},0.0047
isolation,0,report_streaming_sequential,FIFO,GlobalAllocation,24,0,6700,{'trace_kind': 'trace'},0.0067
isolation,1,report_streaming_sequential,FIFO,GlobalAllocation,24,0,5200,{'trace_kind': 'trace'},0.0052
isolation,0,report_streaming_sequential,FIFO,GlobalAllocation,24,1,5300,{'trace_kind': 'trace'},0.0053
isolation,1,report_streaming_sequential,FIFO,GlobalAllocation,24,1,4900,{'trace_kind': 'trace'},0.0049
isolation,0,report_streaming_sequential,FIFO,GlobalAllocation,24,2,5000,{'trace_kind': 'trace'},0.005
isolation,1,report_streaming_sequential,FIFO,GlobalAllocation,24,2,5400,{'trace_kind': 'trace'},0.0054
isolation,0,report_streaming_sequential,FIFO,GlobalAllocation,24,3,4800,{'trace_kind': 'trace'},0.0048
isolation,1,report_streaming_sequential,FIFO,GlobalAllocation,24,3,4900,{'trace_kind': 'trace'},0.0049
isolation,0,report_streaming_sequential,FIFO,GlobalAllocation,24,4,4900,{'trace_kind': 'trace'},0.0049
isolation,1,report_streaming_sequential,FIFO,GlobalAllocation,24,4,4800,{'trace_kind': 'trace'},0.0048
isolation,0,report_streaming_sequential,FIFO,GlobalAllocation,24,5,4900,{'trace_kind': 'trace'},0.0049
isolation,1,report_streaming_sequential,FIFO,GlobalAllocation,24,5,4900,{'trace_kind': 'trace'},0.0049
isolation,0,report_streaming_sequential,FIFO,GlobalAllocation,24,6,5000,{'trace_kind': 'trace'},0.005
isolation,1,report_streaming_sequential,FIFO,GlobalAllocation,24,6,4900,{'trace_kind': 'trace'},0.0049
isolation,0,report_streaming_sequential,FIFO,GlobalAllocation,24,7,4800,{'trace_kind': 'trace'},0.0048
isolation,1,report_streaming_sequential,FIFO,GlobalAllocation,24,7,4900,{'trace_kind': 'trace'},0.0049
isolation,0,report_streaming_sequential,FIFO,GlobalAllocation,24,8,4800,{'trace_kind': 'trace'},0.0048
isolation,1,report_streaming_sequential,FIFO,GlobalAllocation,24,8,4800,{'trace_kind': 'trace'},0.0048
isolation,0,report_streaming_sequential,FIFO,GlobalAllocation,24,9,4700,{'trace_kind': 'trace'},0.0047
isolation,1,report_streaming_sequential,FIFO,GlobalAllocation,24,9,4700,{'trace_kind': 'trace'},0.0047
isolation,0,report_streaming_sequential,FIFO,LocalAllocation,24,0,4900,{'trace_kind': 'trace'},0.0049
isolation,1,report_streaming_sequential,FIFO,LocalAllocation,24,0,4700,{'trace_kind': 'trace'},0.0047
isolation,0,report_streaming_sequential,FIFO,LocalAllocation,24,1,5100,{'trace_kind': 'trace'},0.0051
isolation,1,report_streaming_sequential,FIFO,LocalAllocation,24,1,4700,{'trace_kind': 'trace'},0.0047
isolation,0,report_streaming_sequential,FIFO,LocalAllocation,24,2,4600,{'trace_kind': 'trace'},0.0046
isolation,1,report_streaming_sequential,FIFO,LocalAllocation,24,2,4600,{'trace_kind': 'trace'},0.0046
isolation,0,report_streaming_sequential,FIFO,LocalAllocation,24,3,4700,{'trace_kind': 'trace'},0.0047
isolation,1,report_streaming_sequential,FIFO,LocalAllocation,24,3,4700,{'trace_kind': 'trace'},0.0047
isolation,0,report_streaming_sequential,FIFO,LocalAllocation,24,4,4700,{'trace_kind': 'trace'},0.0047
isolation,1,report_streaming_sequential,FIFO,LocalAllocation,24,4,4600,{'trace_kind': 'trace'},0.0046
isolation,0,report_streaming_sequential,FIFO,LocalAllocation,24,5,4500,{'trace_kind': 'trace'},0.0045
isolation,1,report_streaming_sequential,FIFO,LocalAllocation,24,5,4900,{'trace_kind': 'trace'},0.0049
isolation,0,report_streaming_sequential,FIFO,LocalAllocation,24,6,4400,{'trace_kind': 'trace'},0.0044
isolation,1,report_streaming_sequential,FIFO,LocalAllocation,24,6,4700,{'trace_kind': 'trace'},0.0047
isolation,0,report_streaming_sequential,FIFO,LocalAllocation,24,7,4600,{'trace_kind': 'trace'},0.0046
isolation,1,report_streaming_sequential,FIFO,LocalAllocation,24,7,4400,{'trace_kind': 'trace'},0.0044
isolation,0,report_streaming_sequential,FIFO,LocalAllocation,24,8,4400,{'trace_kind': 'trace'},0.0044
isolation,1,report_streaming_sequential,FIFO,LocalAllocation,24,8,4500,{'trace_kind': 'trace'},0.0045
isolation,0,report_streaming_sequential,FIFO,LocalAllocation,24,9,5800,{'trace_kind': 'trace'},0.0058
isolation,1,report_streaming_sequential,FIFO,LocalAllocation,24,9,4600,{'trace_kind': 'trace'},0.0046
isolation,0,report_streaming_sequential,FIFO,ProportionalAllocation,24,0,4700,{'trace_kind': 'trace'},0.0047
isolation,1,report_streaming_sequential,FIFO,ProportionalAllocation,24,0,4600,{'trace_kind': 'trace'},0.0046
isolation,0,report_streaming_sequential,FIFO,ProportionalAllocation,24,1,4700,{'trace_kind': 'trace'},0.0047
isolation,1,report_streaming_sequential,FIFO,ProportionalAllocation,24,1,4600,{'trace_kind': 'trace'},0.0046
isolation,0,report_streaming_sequential,FIFO,ProportionalAllocation,24,2,5900,{'trace_kind': 'trace'},0.0059
isolation,1,report_streaming_sequential,FIFO,ProportionalAllocation,24,2,4700,{'trace_kind': 'trace'},0.0047
isolation,0,report_streaming_sequential,FIFO,ProportionalAllocation,24,3,4700,{'trace_kind': 'trace'},0.0047
isolation,1,report_streaming_sequential,FIFO,ProportionalAllocation,24,3,4700,{'trace_kind': 'trace'},0.0047
isolation,0,report_streaming_sequential,FIFO,ProportionalAllocation,24,4,4400,{'trace_kind': 'trace'},0.0044
isolation,1,report_streaming_sequential,FIFO,ProportionalAllocation,24,4,4600,{'trace_kind': 'trace'},0.0046
isolation,0,report_streaming_sequential,FIFO,ProportionalAllocation,24,5,4800,{'trace_kind': 'trace'},0.0048
isolation,1,report_streaming_sequential,FIFO,ProportionalAllocation,24,5,4700,{'trace_kind': 'trace'},0.0047
isolation,0,report_streaming_sequential,FIFO,ProportionalAllocation,24,6,4700,{'trace_kind': 'trace'},0.0047
isolation,1,report_streaming_sequential,FIFO,ProportionalAllocation,24,6,4500,{'trace_kind': 'trace'},0.0045
isolation,0,report_streaming_sequential,FIFO,ProportionalAllocation,24,7,4500,{'trace_kind': 'trace'},0.0045
isolation,1,report_streaming_sequential,FIFO,ProportionalAllocation,24,7,4500,{'trace_kind': 'trace'},0.0045
isolation,0,report_streaming_sequential,FIFO,ProportionalAllocation,24,8,4400,{'trace_kind': 'trace'},0.0044
isolation,1,report_streaming_sequential,FIFO,ProportionalAllocation,24,8,7000,{'trace_kind': 'trace'},0.007
isolation,0,report_streaming_sequential,FIFO,ProportionalAllocation,24,9,4400,{'trace_kind': 'trace'},0.0044
isolation,1,report_streaming_sequential,FIFO,ProportionalAllocation,24,9,4600,{'trace_kind': 'trace'},0.0046
isolation,0,report_streaming_sequential,LRU,GlobalAllocation,24,0,6800,{'trace_kind': 'trace'},0.0068
isolation,1,report_streaming_sequential,LRU,GlobalAllocation,24,0,5600,{'trace_kind': 'trace'},0.0056
isolation,0,report_streaming_sequential,LRU,GlobalAllocation,24,1,5400,{'trace_kind': 'trace'},0.0054
isolation,1,report_streaming_sequential,LRU,GlobalAllocation,24,1,5100,{'trace_kind': 'trace'},0.0051
isolation,0,report_streaming_sequential,LRU,GlobalAllocation,24,2,5200,{'trace_kind': 'trace'},0.0052
isolation,1,report_streaming_sequential,LRU,GlobalAllocation,24,2,5200,{'trace_kind': 'trace'},0.0052
isolation,0,report_streaming_sequential,LRU,GlobalAllocation,24,3,5000,{'trace_kind': 'trace'},0.005
isolation,1,report_streaming_sequential,LRU,GlobalAllocation,24,3,5000,{'trace_kind': 'trace'},0.005
isolation,0,report_streaming_sequential,LRU,GlobalAllocation,24,4,5000,{'trace_kind': 'trace'},0.005
isolation,1,report_streaming_sequential,LRU,GlobalAllocation,24,4,5000,{'trace_kind': 'trace'},0.005
isolation,0,report_streaming_sequential,LRU,GlobalAllocation,24,5,5200,{'trace_kind': 'trace'},0.0052
isolation,1,report_streaming_sequential,LRU,GlobalAllocation,24,5,5100,{'trace_kind': 'trace'},0.0051
isolation,0,report_streaming_sequential,LRU,GlobalAllocation,24,6,5100,{'trace_kind': 'trace'},0.0051
isolation,1,report_streaming_sequential,LRU,GlobalAllocation,24,6,5100,{'trace_kind': 'trace'},0.0051
isolation,0,report_streaming_sequential,LRU,GlobalAllocation,24,7,5100,{'trace_kind': 'trace'},0.0051
isolation,1,report_streaming_sequential,LRU,GlobalAllocation,24,7,4900,{'trace_kind': 'trace'},0.0049
isolation,0,report_streaming_sequential,LRU,GlobalAllocation,24,8,5000,{'trace_kind': 'trace'},0.005
isolation,1,report_streaming_sequential,LRU,GlobalAllocation,24,8,5200,{'trace_kind': 'trace'},0.0052
isolation,0,report_streaming_sequential,LRU,GlobalAllocation,24,9,5000,{'trace_kind': 'trace'},0.005
isolation,1,report_streaming_sequential,LRU,GlobalAllocation,24,9,4800,{'trace_kind': 'trace'},0.0048
isolation,0,report_streaming_sequential,LRU,LocalAllocation,24,0,5100,{'trace_kind': 'trace'},0.0051
isolation,1,report_streaming_sequential,LRU,LocalAllocation,24,0,5100,{'trace_kind': 'trace'},0.0051
isolation,0,report_streaming_sequential,LRU,LocalAllocation,24,1,5300,{'trace_kind': 'trace'},0.0053
isolation,1,report_streaming_sequential,LRU,LocalAllocation,24,1,4700,{'trace_kind': 'trace'},0.0047
isolation,0,report_streaming_sequential,LRU,LocalAllocation,24,2,4900,{'trace_kind': 'trace'},0.0049
isolation,1,report_streaming_sequential,LRU,LocalAllocation,24,2,4800,{'trace_kind': 'trace'},0.0048
isolation,0,report_streaming_sequential,LRU,LocalAllocation,24,3,4700,{'trace_kind': 'trace'},0.0047
isolation,1,report_streaming_sequential,LRU,LocalAllocation,24,3,4700,{'trace_kind': 'trace'},0.0047
isolation,0,report_streaming_sequential,LRU,LocalAllocation,24,4,4800,{'trace_kind': 'trace'},0.0048
isolation,1,report_streaming_sequential,LRU,LocalAllocation,24,4,4700,{'trace_kind': 'trace'},0.0047
isolation,0,report_streaming_sequential,LRU,LocalAllocation,24,5,4800,{'trace_kind': 'trace'},0.0048
isolation,1,report_streaming_sequential,LRU,LocalAllocation,24,5,4800,{'trace_kind': 'trace'},0.0048
isolation,0,report_streaming_sequential,LRU,LocalAllocation,24,6,4900,{'trace_kind': 'trace'},0.0049
isolation,1,report_streaming_sequential,LRU,LocalAllocation,24,6,4800,{'trace_kind': 'trace'},0.0048
isolation,0,report_streaming_sequential,LRU,LocalAllocation,24,7,4800,{'trace_kind': 'trace'},0.0048
isolation,1,report_streaming_sequential,LRU,LocalAllocation,24,7,4700,{'trace_kind': 'trace'},0.0047
isolation,0,report_streaming_sequential,LRU,LocalAllocation,24,8,4800,{'trace_kind': 'trace'},0.0048
isolation,1,report_streaming_sequential,LRU,LocalAllocation,24,8,4700,{'trace_kind': 'trace'},0.0047
isolation,0,report_streaming_sequential,LRU,LocalAllocation,24,9,4800,{'trace_kind': 'trace'},0.0048
isolation,1,report_streaming_sequential,LRU,LocalAllocation,24,9,4800,{'trace_kind': 'trace'},0.0048
isolation,0,report_streaming_sequential,LRU,ProportionalAllocation,24,0,5000,{'trace_kind': 'trace'},0.005
isolation,1,report_streaming_sequential,LRU,ProportionalAllocation,24,0,5000,{'trace_kind': 'trace'},0.005
isolation,0,report_streaming_sequential,LRU,ProportionalAllocation,24,1,7300,{'trace_kind': 'trace'},0.0073
isolation,1,report_streaming_sequential,LRU,ProportionalAllocation,24,1,7800,{'trace_kind': 'trace'},0.0078
isolation,0,report_streaming_sequential,LRU,ProportionalAllocation,24,2,7300,{'trace_kind': 'trace'},0.0073
isolation,1,report_streaming_sequential,LRU,ProportionalAllocation,24,2,9300,{'trace_kind': 'trace'},0.0093
isolation,0,report_streaming_sequential,LRU,ProportionalAllocation,24,3,7800,{'trace_kind': 'trace'},0.0078
isolation,1,report_streaming_sequential,LRU,ProportionalAllocation,24,3,7300,{'trace_kind': 'trace'},0.0073
isolation,0,report_streaming_sequential,LRU,ProportionalAllocation,24,4,4700,{'trace_kind': 'trace'},0.0047
isolation,1,report_streaming_sequential,LRU,ProportionalAllocation,24,4,4700,{'trace_kind': 'trace'},0.0047
isolation,0,report_streaming_sequential,LRU,ProportionalAllocation,24,5,4900,{'trace_kind': 'trace'},0.0049
isolation,1,report_streaming_sequential,LRU,ProportionalAllocation,24,5,4700,{'trace_kind': 'trace'},0.0047
isolation,0,report_streaming_sequential,LRU,ProportionalAllocation,24,6,4800,{'trace_kind': 'trace'},0.0048
isolation,1,report_streaming_sequential,LRU,ProportionalAllocation,24,6,5900,{'trace_kind': 'trace'},0.0059
isolation,0,report_streaming_sequential,LRU,ProportionalAllocation,24,7,6000,{'trace_kind': 'trace'},0.006
isolation,1,report_streaming_sequential,LRU,ProportionalAllocation,24,7,6100,{'trace_kind': 'trace'},0.0061
isolation,0,report_streaming_sequential,LRU,ProportionalAllocation,24,8,4900,{'trace_kind': 'trace'},0.0049
isolation,1,report_streaming_sequential,LRU,ProportionalAllocation,24,8,4700,{'trace_kind': 'trace'},0.0047
isolation,0,report_streaming_sequential,LRU,ProportionalAllocation,24,9,4700,{'trace_kind': 'trace'},0.0047
isolation,1,report_streaming_sequential,LRU,ProportionalAllocation,24,9,4800,{'trace_kind': 'trace'},0.0048
isolation,0,report_streaming_sequential,NRU,GlobalAllocation,24,0,6300,{'trace_kind': 'trace'},0.0063
isolation,1,report_streaming_sequential,NRU,GlobalAllocation,24,0,5100,{'trace_kind': 'trace'},0.0051
isolation,0,report_streaming_sequential,NRU,GlobalAllocation,24,1,4900,{'trace_kind': 'trace'},0.0049
isolation,1,report_streaming_sequential,NRU,GlobalAllocation,24,1,4700,{'trace_kind': 'trace'},0.0047
isolation,0,report_streaming_sequential,NRU,GlobalAllocation,24,2,4700,{'trace_kind': 'trace'},0.0047
isolation,1,report_streaming_sequential,NRU,GlobalAllocation,24,2,4600,{'trace_kind': 'trace'},0.0046
isolation,0,report_streaming_sequential,NRU,GlobalAllocation,24,3,5100,{'trace_kind': 'trace'},0.0051
isolation,1,report_streaming_sequential,NRU,GlobalAllocation,24,3,4500,{'trace_kind': 'trace'},0.0045
isolation,0,report_streaming_sequential,NRU,GlobalAllocation,24,4,4800,{'trace_kind': 'trace'},0.0048
isolation,1,report_streaming_sequential,NRU,GlobalAllocation,24,4,4700,{'trace_kind': 'trace'},0.0047
isolation,0,report_streaming_sequential,NRU,GlobalAllocation,24,5,4600,{'trace_kind': 'trace'},0.0046
isolation,1,report_streaming_sequential,NRU,GlobalAllocation,24,5,4800,{'trace_kind': 'trace'},0.0048
isolation,0,report_streaming_sequential,NRU,GlobalAllocation,24,6,4700,{'trace_kind': 'trace'},0.0047
isolation,1,report_streaming_sequential,NRU,GlobalAllocation,24,6,4500,{'trace_kind': 'trace'},0.0045
isolation,0,report_streaming_sequential,NRU,GlobalAllocation,24,7,4500,{'trace_kind': 'trace'},0.0045
isolation,1,report_streaming_sequential,NRU,GlobalAllocation,24,7,4500,{'trace_kind': 'trace'},0.0045
isolation,0,report_streaming_sequential,NRU,GlobalAllocation,24,8,4600,{'trace_kind': 'trace'},0.0046
isolation,1,report_streaming_sequential,NRU,GlobalAllocation,24,8,4800,{'trace_kind': 'trace'},0.0048
isolation,0,report_streaming_sequential,NRU,GlobalAllocation,24,9,4500,{'trace_kind': 'trace'},0.0045
isolation,1,report_streaming_sequential,NRU,GlobalAllocation,24,9,4600,{'trace_kind': 'trace'},0.0046
isolation,0,report_streaming_sequential,NRU,LocalAllocation,24,0,5000,{'trace_kind': 'trace'},0.005
isolation,1,report_streaming_sequential,NRU,LocalAllocation,24,0,4300,{'trace_kind': 'trace'},0.0043
isolation,0,report_streaming_sequential,NRU,LocalAllocation,24,1,4500,{'trace_kind': 'trace'},0.0045
isolation,1,report_streaming_sequential,NRU,LocalAllocation,24,1,4400,{'trace_kind': 'trace'},0.0044
isolation,0,report_streaming_sequential,NRU,LocalAllocation,24,2,4700,{'trace_kind': 'trace'},0.0047
isolation,1,report_streaming_sequential,NRU,LocalAllocation,24,2,4500,{'trace_kind': 'trace'},0.0045
isolation,0,report_streaming_sequential,NRU,LocalAllocation,24,3,4300,{'trace_kind': 'trace'},0.0043
isolation,1,report_streaming_sequential,NRU,LocalAllocation,24,3,4300,{'trace_kind': 'trace'},0.0043
isolation,0,report_streaming_sequential,NRU,LocalAllocation,24,4,4400,{'trace_kind': 'trace'},0.0044
isolation,1,report_streaming_sequential,NRU,LocalAllocation,24,4,4300,{'trace_kind': 'trace'},0.0043
isolation,0,report_streaming_sequential,NRU,LocalAllocation,24,5,4500,{'trace_kind': 'trace'},0.0045
isolation,1,report_streaming_sequential,NRU,LocalAllocation,24,5,4300,{'trace_kind': 'trace'},0.0043
isolation,0,report_streaming_sequential,NRU,LocalAllocation,24,6,4200,{'trace_kind': 'trace'},0.0042
isolation,1,report_streaming_sequential,NRU,LocalAllocation,24,6,4400,{'trace_kind': 'trace'},0.0044
isolation,0,report_streaming_sequential,NRU,LocalAllocation,24,7,4400,{'trace_kind': 'trace'},0.0044
isolation,1,report_streaming_sequential,NRU,LocalAllocation,24,7,4500,{'trace_kind': 'trace'},0.0045
isolation,0,report_streaming_sequential,NRU,LocalAllocation,24,8,4300,{'trace_kind': 'trace'},0.0043
isolation,1,report_streaming_sequential,NRU,LocalAllocation,24,8,5100,{'trace_kind': 'trace'},0.0051
isolation,0,report_streaming_sequential,NRU,LocalAllocation,24,9,4600,{'trace_kind': 'trace'},0.0046
isolation,1,report_streaming_sequential,NRU,LocalAllocation,24,9,7800,{'trace_kind': 'trace'},0.0078
isolation,0,report_streaming_sequential,NRU,ProportionalAllocation,24,0,4700,{'trace_kind': 'trace'},0.0047
isolation,1,report_streaming_sequential,NRU,ProportionalAllocation,24,0,4600,{'trace_kind': 'trace'},0.0046
isolation,0,report_streaming_sequential,NRU,ProportionalAllocation,24,1,4300,{'trace_kind': 'trace'},0.0043
isolation,1,report_streaming_sequential,NRU,ProportionalAllocation,24,1,4600,{'trace_kind': 'trace'},0.0046
isolation,0,report_streaming_sequential,NRU,ProportionalAllocation,24,2,4400,{'trace_kind': 'trace'},0.0044
isolation,1,report_streaming_sequential,NRU,ProportionalAllocation,24,2,4600,{'trace_kind': 'trace'},0.0046
isolation,0,report_streaming_sequential,NRU,ProportionalAllocation,24,3,4400,{'trace_kind': 'trace'},0.0044
isolation,1,report_streaming_sequential,NRU,ProportionalAllocation,24,3,4400,{'trace_kind': 'trace'},0.0044
isolation,0,report_streaming_sequential,NRU,ProportionalAllocation,24,4,4300,{'trace_kind': 'trace'},0.0043
isolation,1,report_streaming_sequential,NRU,ProportionalAllocation,24,4,4300,{'trace_kind': 'trace'},0.0043
isolation,0,report_streaming_sequential,NRU,ProportionalAllocation,24,5,4400,{'trace_kind': 'trace'},0.0044
isolation,1,report_streaming_sequential,NRU,ProportionalAllocation,24,5,4500,{'trace_kind': 'trace'},0.0045
isolation,0,report_streaming_sequential,NRU,ProportionalAllocation,24,6,4400,{'trace_kind': 'trace'},0.0044
isolation,1,report_streaming_sequential,NRU,ProportionalAllocation,24,6,4300,{'trace_kind': 'trace'},0.0043
isolation,0,report_streaming_sequential,NRU,ProportionalAllocation,24,7,4400,{'trace_kind': 'trace'},0.0044
isolation,1,report_streaming_sequential,NRU,ProportionalAllocation,24,7,4400,{'trace_kind': 'trace'},0.0044
isolation,0,report_streaming_sequential,NRU,ProportionalAllocation,24,8,4400,{'trace_kind': 'trace'},0.0044
isolation,1,report_streaming_sequential,NRU,ProportionalAllocation,24,8,4400,{'trace_kind': 'trace'},0.0044
isolation,0,report_streaming_sequential,NRU,ProportionalAllocation,24,9,4200,{'trace_kind': 'trace'},0.0042
isolation,1,report_streaming_sequential,NRU,ProportionalAllocation,24,9,4400,{'trace_kind': 'trace'},0.0044
isolation,0,report_streaming_sequential,SecondChance,GlobalAllocation,24,0,6500,{'trace_kind': 'trace'},0.0065
isolation,1,report_streaming_sequential,SecondChance,GlobalAllocation,24,0,6900,{'trace_kind': 'trace'},0.0069
isolation,0,report_streaming_sequential,SecondChance,GlobalAllocation,24,1,5200,{'trace_kind': 'trace'},0.0052
isolation,1,report_streaming_sequential,SecondChance,GlobalAllocation,24,1,5000,{'trace_kind': 'trace'},0.005
isolation,0,report_streaming_sequential,SecondChance,GlobalAllocation,24,2,4900,{'trace_kind': 'trace'},0.0049
isolation,1,report_streaming_sequential,SecondChance,GlobalAllocation,24,2,5000,{'trace_kind': 'trace'},0.005
isolation,0,report_streaming_sequential,SecondChance,GlobalAllocation,24,3,5100,{'trace_kind': 'trace'},0.0051
isolation,1,report_streaming_sequential,SecondChance,GlobalAllocation,24,3,5000,{'trace_kind': 'trace'},0.005
isolation,0,report_streaming_sequential,SecondChance,GlobalAllocation,24,4,5100,{'trace_kind': 'trace'},0.0051
isolation,1,report_streaming_sequential,SecondChance,GlobalAllocation,24,4,5100,{'trace_kind': 'trace'},0.0051
isolation,0,report_streaming_sequential,SecondChance,GlobalAllocation,24,5,5100,{'trace_kind': 'trace'},0.0051
isolation,1,report_streaming_sequential,SecondChance,GlobalAllocation,24,5,5000,{'trace_kind': 'trace'},0.005
isolation,0,report_streaming_sequential,SecondChance,GlobalAllocation,24,6,5000,{'trace_kind': 'trace'},0.005
isolation,1,report_streaming_sequential,SecondChance,GlobalAllocation,24,6,5100,{'trace_kind': 'trace'},0.0051
isolation,0,report_streaming_sequential,SecondChance,GlobalAllocation,24,7,5000,{'trace_kind': 'trace'},0.005
isolation,1,report_streaming_sequential,SecondChance,GlobalAllocation,24,7,5100,{'trace_kind': 'trace'},0.0051
isolation,0,report_streaming_sequential,SecondChance,GlobalAllocation,24,8,5000,{'trace_kind': 'trace'},0.005
isolation,1,report_streaming_sequential,SecondChance,GlobalAllocation,24,8,5100,{'trace_kind': 'trace'},0.0051
isolation,0,report_streaming_sequential,SecondChance,GlobalAllocation,24,9,4800,{'trace_kind': 'trace'},0.0048
isolation,1,report_streaming_sequential,SecondChance,GlobalAllocation,24,9,4900,{'trace_kind': 'trace'},0.0049
isolation,0,report_streaming_sequential,SecondChance,LocalAllocation,24,0,5000,{'trace_kind': 'trace'},0.005
isolation,1,report_streaming_sequential,SecondChance,LocalAllocation,24,0,4800,{'trace_kind': 'trace'},0.0048
isolation,0,report_streaming_sequential,SecondChance,LocalAllocation,24,1,4900,{'trace_kind': 'trace'},0.0049
isolation,1,report_streaming_sequential,SecondChance,LocalAllocation,24,1,4600,{'trace_kind': 'trace'},0.0046
isolation,0,report_streaming_sequential,SecondChance,LocalAllocation,24,2,5000,{'trace_kind': 'trace'},0.005
isolation,1,report_streaming_sequential,SecondChance,LocalAllocation,24,2,4900,{'trace_kind': 'trace'},0.0049
isolation,0,report_streaming_sequential,SecondChance,LocalAllocation,24,3,4900,{'trace_kind': 'trace'},0.0049
isolation,1,report_streaming_sequential,SecondChance,LocalAllocation,24,3,4800,{'trace_kind': 'trace'},0.0048
isolation,0,report_streaming_sequential,SecondChance,LocalAllocation,24,4,4900,{'trace_kind': 'trace'},0.0049
isolation,1,report_streaming_sequential,SecondChance,LocalAllocation,24,4,4700,{'trace_kind': 'trace'},0.0047
isolation,0,report_streaming_sequential,SecondChance,LocalAllocation,24,5,5200,{'trace_kind': 'trace'},0.0052
isolation,1,report_streaming_sequential,SecondChance,LocalAllocation,24,5,4700,{'trace_kind': 'trace'},0.0047
isolation,0,report_streaming_sequential,SecondChance,LocalAllocation,24,6,4800,{'trace_kind': 'trace'},0.0048
isolation,1,report_streaming_sequential,SecondChance,LocalAllocation,24,6,4700,{'trace_kind': 'trace'},0.0047
isolation,0,report_streaming_sequential,SecondChance,LocalAllocation,24,7,4900,{'trace_kind': 'trace'},0.0049
isolation,1,report_streaming_sequential,SecondChance,LocalAllocation,24,7,4800,{'trace_kind': 'trace'},0.0048
isolation,0,report_streaming_sequential,SecondChance,LocalAllocation,24,8,5100,{'trace_kind': 'trace'},0.0051
isolation,1,report_streaming_sequential,SecondChance,LocalAllocation,24,8,4700,{'trace_kind': 'trace'},0.0047
isolation,0,report_streaming_sequential,SecondChance,LocalAllocation,24,9,4800,{'trace_kind': 'trace'},0.0048
isolation,1,report_streaming_sequential,SecondChance,LocalAllocation,24,9,4900,{'trace_kind': 'trace'},0.0049
isolation,0,report_streaming_sequential,SecondChance,ProportionalAllocation,24,0,4800,{'trace_kind': 'trace'},0.0048
isolation,1,report_streaming_sequential,SecondChance,ProportionalAllocation,24,0,4800,{'trace_kind': 'trace'},0.0048
isolation,0,report_streaming_sequential,SecondChance,ProportionalAllocation,24,1,4700,{'trace_kind': 'trace'},0.0047
isolation,1,report_streaming_sequential,SecondChance,ProportionalAllocation,24,1,4800,{'trace_kind': 'trace'},0.0048
isolation,0,report_streaming_sequential,SecondChance,ProportionalAllocation,24,2,4800,{'trace_kind': 'trace'},0.0048
isolation,1,report_streaming_sequential,SecondChance,ProportionalAllocation,24,2,4900,{'trace_kind': 'trace'},0.0049
isolation,0,report_streaming_sequential,SecondChance,ProportionalAllocation,24,3,4800,{'trace_kind': 'trace'},0.0048
isolation,1,report_streaming_sequential,SecondChance,ProportionalAllocation,24,3,4600,{'trace_kind': 'trace'},0.0046
isolation,0,report_streaming_sequential,SecondChance,ProportionalAllocation,24,4,4800,{'trace_kind': 'trace'},0.0048
isolation,1,report_streaming_sequential,SecondChance,ProportionalAllocation,24,4,4800,{'trace_kind': 'trace'},0.0048
isolation,0,report_streaming_sequential,SecondChance,ProportionalAllocation,24,5,4800,{'trace_kind': 'trace'},0.0048
isolation,1,report_streaming_sequential,SecondChance,ProportionalAllocation,24,5,4700,{'trace_kind': 'trace'},0.0047
isolation,0,report_streaming_sequential,SecondChance,ProportionalAllocation,24,6,4600,{'trace_kind': 'trace'},0.0046
isolation,1,report_streaming_sequential,SecondChance,ProportionalAllocation,24,6,4800,{'trace_kind': 'trace'},0.0048
isolation,0,report_streaming_sequential,SecondChance,ProportionalAllocation,24,7,4600,{'trace_kind': 'trace'},0.0046
isolation,1,report_streaming_sequential,SecondChance,ProportionalAllocation,24,7,5500,{'trace_kind': 'trace'},0.0055
isolation,0,report_streaming_sequential,SecondChance,ProportionalAllocation,24,8,4700,{'trace_kind': 'trace'},0.0047
isolation,1,report_streaming_sequential,SecondChance,ProportionalAllocation,24,8,4700,{'trace_kind': 'trace'},0.0047
isolation,0,report_streaming_sequential,SecondChance,ProportionalAllocation,24,9,4700,{'trace_kind': 'trace'},0.0047
isolation,1,report_streaming_sequential,SecondChance,ProportionalAllocation,24,9,4700,{'trace_kind': 'trace'},0.0047
isolation,0,report_streaming_sequential,WSClock,GlobalAllocation,24,0,6500,{'trace_kind': 'trace'},0.0065
isolation,1,report_streaming_sequential,WSClock,GlobalAllocation,24,0,5500,{'trace_kind': 'trace'},0.0055
isolation,0,report_streaming_sequential,WSClock,GlobalAllocation,24,1,5400,{'trace_kind': 'trace'},0.0054
isolation,1,report_streaming_sequential,WSClock,GlobalAllocation,24,1,5200,{'trace_kind': 'trace'},0.0052
isolation,0,report_streaming_sequential,WSClock,GlobalAllocation,24,2,5100,{'trace_kind': 'trace'},0.0051
isolation,1,report_streaming_sequential,WSClock,GlobalAllocation,24,2,4800,{'trace_kind': 'trace'},0.0048
isolation,0,report_streaming_sequential,WSClock,GlobalAllocation,24,3,5100,{'trace_kind': 'trace'},0.0051
isolation,1,report_streaming_sequential,WSClock,GlobalAllocation,24,3,4800,{'trace_kind': 'trace'},0.0048
isolation,0,report_streaming_sequential,WSClock,GlobalAllocation,24,4,5200,{'trace_kind': 'trace'},0.0052
isolation,1,report_streaming_sequential,WSClock,GlobalAllocation,24,4,5100,{'trace_kind': 'trace'},0.0051
isolation,0,report_streaming_sequential,WSClock,GlobalAllocation,24,5,5100,{'trace_kind': 'trace'},0.0051
isolation,1,report_streaming_sequential,WSClock,GlobalAllocation,24,5,5100,{'trace_kind': 'trace'},0.0051
isolation,0,report_streaming_sequential,WSClock,GlobalAllocation,24,6,5000,{'trace_kind': 'trace'},0.005
isolation,1,report_streaming_sequential,WSClock,GlobalAllocation,24,6,5000,{'trace_kind': 'trace'},0.005
isolation,0,report_streaming_sequential,WSClock,GlobalAllocation,24,7,4900,{'trace_kind': 'trace'},0.0049
isolation,1,report_streaming_sequential,WSClock,GlobalAllocation,24,7,5000,{'trace_kind': 'trace'},0.005
isolation,0,report_streaming_sequential,WSClock,GlobalAllocation,24,8,4900,{'trace_kind': 'trace'},0.0049
isolation,1,report_streaming_sequential,WSClock,GlobalAllocation,24,8,6100,{'trace_kind': 'trace'},0.0061
isolation,0,report_streaming_sequential,WSClock,GlobalAllocation,24,9,4800,{'trace_kind': 'trace'},0.0048
isolation,1,report_streaming_sequential,WSClock,GlobalAllocation,24,9,5400,{'trace_kind': 'trace'},0.0054
isolation,0,report_streaming_sequential,WSClock,LocalAllocation,24,0,5600,{'trace_kind': 'trace'},0.0056
isolation,1,report_streaming_sequential,WSClock,LocalAllocation,24,0,4800,{'trace_kind': 'trace'},0.0048
isolation,0,report_streaming_sequential,WSClock,LocalAllocation,24,1,5000,{'trace_kind': 'trace'},0.005
isolation,1,report_streaming_sequential,WSClock,LocalAllocation,24,1,4800,{'trace_kind': 'trace'},0.0048
isolation,0,report_streaming_sequential,WSClock,LocalAllocation,24,2,4700,{'trace_kind': 'trace'},0.0047
isolation,1,report_streaming_sequential,WSClock,LocalAllocation,24,2,4900,{'trace_kind': 'trace'},0.0049
isolation,0,report_streaming_sequential,WSClock,LocalAllocation,24,3,4900,{'trace_kind': 'trace'},0.0049
isolation,1,report_streaming_sequential,WSClock,LocalAllocation,24,3,4800,{'trace_kind': 'trace'},0.0048
isolation,0,report_streaming_sequential,WSClock,LocalAllocation,24,4,5000,{'trace_kind': 'trace'},0.005
isolation,1,report_streaming_sequential,WSClock,LocalAllocation,24,4,4700,{'trace_kind': 'trace'},0.0047
isolation,0,report_streaming_sequential,WSClock,LocalAllocation,24,5,4800,{'trace_kind': 'trace'},0.0048
isolation,1,report_streaming_sequential,WSClock,LocalAllocation,24,5,4600,{'trace_kind': 'trace'},0.0046
isolation,0,report_streaming_sequential,WSClock,LocalAllocation,24,6,5000,{'trace_kind': 'trace'},0.005
isolation,1,report_streaming_sequential,WSClock,LocalAllocation,24,6,4800,{'trace_kind': 'trace'},0.0048
isolation,0,report_streaming_sequential,WSClock,LocalAllocation,24,7,4900,{'trace_kind': 'trace'},0.0049
isolation,1,report_streaming_sequential,WSClock,LocalAllocation,24,7,4700,{'trace_kind': 'trace'},0.0047
isolation,0,report_streaming_sequential,WSClock,LocalAllocation,24,8,4700,{'trace_kind': 'trace'},0.0047
isolation,1,report_streaming_sequential,WSClock,LocalAllocation,24,8,4600,{'trace_kind': 'trace'},0.0046
isolation,0,report_streaming_sequential,WSClock,LocalAllocation,24,9,4900,{'trace_kind': 'trace'},0.0049
isolation,1,report_streaming_sequential,WSClock,LocalAllocation,24,9,4600,{'trace_kind': 'trace'},0.0046
isolation,0,report_streaming_sequential,WSClock,ProportionalAllocation,24,0,5100,{'trace_kind': 'trace'},0.0051
isolation,1,report_streaming_sequential,WSClock,ProportionalAllocation,24,0,4700,{'trace_kind': 'trace'},0.0047
isolation,0,report_streaming_sequential,WSClock,ProportionalAllocation,24,1,4800,{'trace_kind': 'trace'},0.0048
isolation,1,report_streaming_sequential,WSClock,ProportionalAllocation,24,1,4700,{'trace_kind': 'trace'},0.0047
isolation,0,report_streaming_sequential,WSClock,ProportionalAllocation,24,2,5000,{'trace_kind': 'trace'},0.005
isolation,1,report_streaming_sequential,WSClock,ProportionalAllocation,24,2,4900,{'trace_kind': 'trace'},0.0049
isolation,0,report_streaming_sequential,WSClock,ProportionalAllocation,24,3,4900,{'trace_kind': 'trace'},0.0049
isolation,1,report_streaming_sequential,WSClock,ProportionalAllocation,24,3,4900,{'trace_kind': 'trace'},0.0049
isolation,0,report_streaming_sequential,WSClock,ProportionalAllocation,24,4,4900,{'trace_kind': 'trace'},0.0049
isolation,1,report_streaming_sequential,WSClock,ProportionalAllocation,24,4,4900,{'trace_kind': 'trace'},0.0049
isolation,0,report_streaming_sequential,WSClock,ProportionalAllocation,24,5,4800,{'trace_kind': 'trace'},0.0048
isolation,1,report_streaming_sequential,WSClock,ProportionalAllocation,24,5,4900,{'trace_kind': 'trace'},0.0049
isolation,0,report_streaming_sequential,WSClock,ProportionalAllocation,24,6,5100,{'trace_kind': 'trace'},0.0051
isolation,1,report_streaming_sequential,WSClock,ProportionalAllocation,24,6,4800,{'trace_kind': 'trace'},0.0048
isolation,0,report_streaming_sequential,WSClock,ProportionalAllocation,24,7,5000,{'trace_kind': 'trace'},0.005
isolation,1,report_streaming_sequential,WSClock,ProportionalAllocation,24,7,4800,{'trace_kind': 'trace'},0.0048
isolation,0,report_streaming_sequential,WSClock,ProportionalAllocation,24,8,4800,{'trace_kind': 'trace'},0.0048
isolation,1,report_streaming_sequential,WSClock,ProportionalAllocation,24,8,4500,{'trace_kind': 'trace'},0.0045
isolation,0,report_streaming_sequential,WSClock,ProportionalAllocation,24,9,4800,{'trace_kind': 'trace'},0.0048
isolation,1,report_streaming_sequential,WSClock,ProportionalAllocation,24,9,4800,{'trace_kind': 'trace'},0.0048
isolation,0,report_thrashing_pressure,FIFO,GlobalAllocation,8,0,6300,{'trace_kind': 'trace'},0.0063
isolation,1,report_thrashing_pressure,FIFO,GlobalAllocation,8,0,4700,{'trace_kind': 'trace'},0.0047
isolation,0,report_thrashing_pressure,FIFO,GlobalAllocation,8,1,4900,{'trace_kind': 'trace'},0.0049
isolation,1,report_thrashing_pressure,FIFO,GlobalAllocation,8,1,4200,{'trace_kind': 'trace'},0.0042
isolation,0,report_thrashing_pressure,FIFO,GlobalAllocation,8,2,4500,{'trace_kind': 'trace'},0.0045
isolation,1,report_thrashing_pressure,FIFO,GlobalAllocation,8,2,4200,{'trace_kind': 'trace'},0.0042
isolation,0,report_thrashing_pressure,FIFO,GlobalAllocation,8,3,4200,{'trace_kind': 'trace'},0.0042
isolation,1,report_thrashing_pressure,FIFO,GlobalAllocation,8,3,4500,{'trace_kind': 'trace'},0.0045
isolation,0,report_thrashing_pressure,FIFO,GlobalAllocation,8,4,4200,{'trace_kind': 'trace'},0.0042
isolation,1,report_thrashing_pressure,FIFO,GlobalAllocation,8,4,4200,{'trace_kind': 'trace'},0.0042
isolation,0,report_thrashing_pressure,FIFO,GlobalAllocation,8,5,4100,{'trace_kind': 'trace'},0.0041
isolation,1,report_thrashing_pressure,FIFO,GlobalAllocation,8,5,4100,{'trace_kind': 'trace'},0.0041
isolation,0,report_thrashing_pressure,FIFO,GlobalAllocation,8,6,4000,{'trace_kind': 'trace'},0.004
isolation,1,report_thrashing_pressure,FIFO,GlobalAllocation,8,6,4100,{'trace_kind': 'trace'},0.0041
isolation,0,report_thrashing_pressure,FIFO,GlobalAllocation,8,7,4000,{'trace_kind': 'trace'},0.004
isolation,1,report_thrashing_pressure,FIFO,GlobalAllocation,8,7,4100,{'trace_kind': 'trace'},0.0041
isolation,0,report_thrashing_pressure,FIFO,GlobalAllocation,8,8,4100,{'trace_kind': 'trace'},0.0041
isolation,1,report_thrashing_pressure,FIFO,GlobalAllocation,8,8,4200,{'trace_kind': 'trace'},0.0042
isolation,0,report_thrashing_pressure,FIFO,GlobalAllocation,8,9,4000,{'trace_kind': 'trace'},0.004
isolation,1,report_thrashing_pressure,FIFO,GlobalAllocation,8,9,3800,{'trace_kind': 'trace'},0.0038
isolation,0,report_thrashing_pressure,FIFO,LocalAllocation,8,0,4300,{'trace_kind': 'trace'},0.0043
isolation,1,report_thrashing_pressure,FIFO,LocalAllocation,8,0,3900,{'trace_kind': 'trace'},0.0039
isolation,0,report_thrashing_pressure,FIFO,LocalAllocation,8,1,4200,{'trace_kind': 'trace'},0.0042
isolation,1,report_thrashing_pressure,FIFO,LocalAllocation,8,1,4000,{'trace_kind': 'trace'},0.004
isolation,0,report_thrashing_pressure,FIFO,LocalAllocation,8,2,4000,{'trace_kind': 'trace'},0.004
isolation,1,report_thrashing_pressure,FIFO,LocalAllocation,8,2,3900,{'trace_kind': 'trace'},0.0039
isolation,0,report_thrashing_pressure,FIFO,LocalAllocation,8,3,3900,{'trace_kind': 'trace'},0.0039
isolation,1,report_thrashing_pressure,FIFO,LocalAllocation,8,3,3800,{'trace_kind': 'trace'},0.0038
isolation,0,report_thrashing_pressure,FIFO,LocalAllocation,8,4,4000,{'trace_kind': 'trace'},0.004
isolation,1,report_thrashing_pressure,FIFO,LocalAllocation,8,4,3700,{'trace_kind': 'trace'},0.0037
isolation,0,report_thrashing_pressure,FIFO,LocalAllocation,8,5,3900,{'trace_kind': 'trace'},0.0039
isolation,1,report_thrashing_pressure,FIFO,LocalAllocation,8,5,3800,{'trace_kind': 'trace'},0.0038
isolation,0,report_thrashing_pressure,FIFO,LocalAllocation,8,6,4000,{'trace_kind': 'trace'},0.004
isolation,1,report_thrashing_pressure,FIFO,LocalAllocation,8,6,5700,{'trace_kind': 'trace'},0.0057
isolation,0,report_thrashing_pressure,FIFO,LocalAllocation,8,7,3800,{'trace_kind': 'trace'},0.0038
isolation,1,report_thrashing_pressure,FIFO,LocalAllocation,8,7,4000,{'trace_kind': 'trace'},0.004
isolation,0,report_thrashing_pressure,FIFO,LocalAllocation,8,8,3900,{'trace_kind': 'trace'},0.0039
isolation,1,report_thrashing_pressure,FIFO,LocalAllocation,8,8,3700,{'trace_kind': 'trace'},0.0037
isolation,0,report_thrashing_pressure,FIFO,LocalAllocation,8,9,3800,{'trace_kind': 'trace'},0.0038
isolation,1,report_thrashing_pressure,FIFO,LocalAllocation,8,9,3900,{'trace_kind': 'trace'},0.0039
isolation,0,report_thrashing_pressure,FIFO,ProportionalAllocation,8,0,4200,{'trace_kind': 'trace'},0.0042
isolation,1,report_thrashing_pressure,FIFO,ProportionalAllocation,8,0,4000,{'trace_kind': 'trace'},0.004
isolation,0,report_thrashing_pressure,FIFO,ProportionalAllocation,8,1,3900,{'trace_kind': 'trace'},0.0039
isolation,1,report_thrashing_pressure,FIFO,ProportionalAllocation,8,1,4300,{'trace_kind': 'trace'},0.0043
isolation,0,report_thrashing_pressure,FIFO,ProportionalAllocation,8,2,4100,{'trace_kind': 'trace'},0.0041
isolation,1,report_thrashing_pressure,FIFO,ProportionalAllocation,8,2,4500,{'trace_kind': 'trace'},0.0045
isolation,0,report_thrashing_pressure,FIFO,ProportionalAllocation,8,3,4100,{'trace_kind': 'trace'},0.0041
isolation,1,report_thrashing_pressure,FIFO,ProportionalAllocation,8,3,4000,{'trace_kind': 'trace'},0.004
isolation,0,report_thrashing_pressure,FIFO,ProportionalAllocation,8,4,3900,{'trace_kind': 'trace'},0.0039
isolation,1,report_thrashing_pressure,FIFO,ProportionalAllocation,8,4,3900,{'trace_kind': 'trace'},0.0039
isolation,0,report_thrashing_pressure,FIFO,ProportionalAllocation,8,5,3800,{'trace_kind': 'trace'},0.0038
isolation,1,report_thrashing_pressure,FIFO,ProportionalAllocation,8,5,3800,{'trace_kind': 'trace'},0.0038
isolation,0,report_thrashing_pressure,FIFO,ProportionalAllocation,8,6,4000,{'trace_kind': 'trace'},0.004
isolation,1,report_thrashing_pressure,FIFO,ProportionalAllocation,8,6,3800,{'trace_kind': 'trace'},0.0038
isolation,0,report_thrashing_pressure,FIFO,ProportionalAllocation,8,7,4000,{'trace_kind': 'trace'},0.004
isolation,1,report_thrashing_pressure,FIFO,ProportionalAllocation,8,7,3800,{'trace_kind': 'trace'},0.0038
isolation,0,report_thrashing_pressure,FIFO,ProportionalAllocation,8,8,3800,{'trace_kind': 'trace'},0.0038
isolation,1,report_thrashing_pressure,FIFO,ProportionalAllocation,8,8,3800,{'trace_kind': 'trace'},0.0038
isolation,0,report_thrashing_pressure,FIFO,ProportionalAllocation,8,9,3800,{'trace_kind': 'trace'},0.0038
isolation,1,report_thrashing_pressure,FIFO,ProportionalAllocation,8,9,3700,{'trace_kind': 'trace'},0.0037
isolation,0,report_thrashing_pressure,LRU,GlobalAllocation,8,0,6400,{'trace_kind': 'trace'},0.0064
isolation,1,report_thrashing_pressure,LRU,GlobalAllocation,8,0,5100,{'trace_kind': 'trace'},0.0051
isolation,0,report_thrashing_pressure,LRU,GlobalAllocation,8,1,5200,{'trace_kind': 'trace'},0.0052
isolation,1,report_thrashing_pressure,LRU,GlobalAllocation,8,1,4700,{'trace_kind': 'trace'},0.0047
isolation,0,report_thrashing_pressure,LRU,GlobalAllocation,8,2,4700,{'trace_kind': 'trace'},0.0047
isolation,1,report_thrashing_pressure,LRU,GlobalAllocation,8,2,4500,{'trace_kind': 'trace'},0.0045
isolation,0,report_thrashing_pressure,LRU,GlobalAllocation,8,3,4600,{'trace_kind': 'trace'},0.0046
isolation,1,report_thrashing_pressure,LRU,GlobalAllocation,8,3,4400,{'trace_kind': 'trace'},0.0044
isolation,0,report_thrashing_pressure,LRU,GlobalAllocation,8,4,4600,{'trace_kind': 'trace'},0.0046
isolation,1,report_thrashing_pressure,LRU,GlobalAllocation,8,4,4500,{'trace_kind': 'trace'},0.0045
isolation,0,report_thrashing_pressure,LRU,GlobalAllocation,8,5,4600,{'trace_kind': 'trace'},0.0046
isolation,1,report_thrashing_pressure,LRU,GlobalAllocation,8,5,4600,{'trace_kind': 'trace'},0.0046
isolation,0,report_thrashing_pressure,LRU,GlobalAllocation,8,6,4600,{'trace_kind': 'trace'},0.0046
isolation,1,report_thrashing_pressure,LRU,GlobalAllocation,8,6,4500,{'trace_kind': 'trace'},0.0045
isolation,0,report_thrashing_pressure,LRU,GlobalAllocation,8,7,4700,{'trace_kind': 'trace'},0.0047
isolation,1,report_thrashing_pressure,LRU,GlobalAllocation,8,7,4600,{'trace_kind': 'trace'},0.0046
isolation,0,report_thrashing_pressure,LRU,GlobalAllocation,8,8,4500,{'trace_kind': 'trace'},0.0045
isolation,1,report_thrashing_pressure,LRU,GlobalAllocation,8,8,4800,{'trace_kind': 'trace'},0.0048
isolation,0,report_thrashing_pressure,LRU,GlobalAllocation,8,9,4900,{'trace_kind': 'trace'},0.0049
isolation,1,report_thrashing_pressure,LRU,GlobalAllocation,8,9,4600,{'trace_kind': 'trace'},0.0046
isolation,0,report_thrashing_pressure,LRU,LocalAllocation,8,0,4700,{'trace_kind': 'trace'},0.0047
isolation,1,report_thrashing_pressure,LRU,LocalAllocation,8,0,4300,{'trace_kind': 'trace'},0.0043
isolation,0,report_thrashing_pressure,LRU,LocalAllocation,8,1,4600,{'trace_kind': 'trace'},0.0046
isolation,1,report_thrashing_pressure,LRU,LocalAllocation,8,1,4300,{'trace_kind': 'trace'},0.0043
isolation,0,report_thrashing_pressure,LRU,LocalAllocation,8,2,4300,{'trace_kind': 'trace'},0.0043
isolation,1,report_thrashing_pressure,LRU,LocalAllocation,8,2,4200,{'trace_kind': 'trace'},0.0042
isolation,0,report_thrashing_pressure,LRU,LocalAllocation,8,3,4300,{'trace_kind': 'trace'},0.0043
isolation,1,report_thrashing_pressure,LRU,LocalAllocation,8,3,4400,{'trace_kind': 'trace'},0.0044
isolation,0,report_thrashing_pressure,LRU,LocalAllocation,8,4,4400,{'trace_kind': 'trace'},0.0044
isolation,1,report_thrashing_pressure,LRU,LocalAllocation,8,4,4200,{'trace_kind': 'trace'},0.0042
isolation,0,report_thrashing_pressure,LRU,LocalAllocation,8,5,4400,{'trace_kind': 'trace'},0.0044
isolation,1,report_thrashing_pressure,LRU,LocalAllocation,8,5,4200,{'trace_kind': 'trace'},0.0042
isolation,0,report_thrashing_pressure,LRU,LocalAllocation,8,6,4400,{'trace_kind': 'trace'},0.0044
isolation,1,report_thrashing_pressure,LRU,LocalAllocation,8,6,4300,{'trace_kind': 'trace'},0.0043
isolation,0,report_thrashing_pressure,LRU,LocalAllocation,8,7,4500,{'trace_kind': 'trace'},0.0045
isolation,1,report_thrashing_pressure,LRU,LocalAllocation,8,7,4300,{'trace_kind': 'trace'},0.0043
isolation,0,report_thrashing_pressure,LRU,LocalAllocation,8,8,4400,{'trace_kind': 'trace'},0.0044
isolation,1,report_thrashing_pressure,LRU,LocalAllocation,8,8,4400,{'trace_kind': 'trace'},0.0044
isolation,0,report_thrashing_pressure,LRU,LocalAllocation,8,9,4300,{'trace_kind': 'trace'},0.0043
isolation,1,report_thrashing_pressure,LRU,LocalAllocation,8,9,4300,{'trace_kind': 'trace'},0.0043
isolation,0,report_thrashing_pressure,LRU,ProportionalAllocation,8,0,4700,{'trace_kind': 'trace'},0.0047
isolation,1,report_thrashing_pressure,LRU,ProportionalAllocation,8,0,4300,{'trace_kind': 'trace'},0.0043
isolation,0,report_thrashing_pressure,LRU,ProportionalAllocation,8,1,4400,{'trace_kind': 'trace'},0.0044
isolation,1,report_thrashing_pressure,LRU,ProportionalAllocation,8,1,4300,{'trace_kind': 'trace'},0.0043
isolation,0,report_thrashing_pressure,LRU,ProportionalAllocation,8,2,4300,{'trace_kind': 'trace'},0.0043
isolation,1,report_thrashing_pressure,LRU,ProportionalAllocation,8,2,4500,{'trace_kind': 'trace'},0.0045
isolation,0,report_thrashing_pressure,LRU,ProportionalAllocation,8,3,4400,{'trace_kind': 'trace'},0.0044
isolation,1,report_thrashing_pressure,LRU,ProportionalAllocation,8,3,4400,{'trace_kind': 'trace'},0.0044
isolation,0,report_thrashing_pressure,LRU,ProportionalAllocation,8,4,4400,{'trace_kind': 'trace'},0.0044
isolation,1,report_thrashing_pressure,LRU,ProportionalAllocation,8,4,4300,{'trace_kind': 'trace'},0.0043
isolation,0,report_thrashing_pressure,LRU,ProportionalAllocation,8,5,4400,{'trace_kind': 'trace'},0.0044
isolation,1,report_thrashing_pressure,LRU,ProportionalAllocation,8,5,4300,{'trace_kind': 'trace'},0.0043
isolation,0,report_thrashing_pressure,LRU,ProportionalAllocation,8,6,4400,{'trace_kind': 'trace'},0.0044
isolation,1,report_thrashing_pressure,LRU,ProportionalAllocation,8,6,4400,{'trace_kind': 'trace'},0.0044
isolation,0,report_thrashing_pressure,LRU,ProportionalAllocation,8,7,4400,{'trace_kind': 'trace'},0.0044
isolation,1,report_thrashing_pressure,LRU,ProportionalAllocation,8,7,4400,{'trace_kind': 'trace'},0.0044
isolation,0,report_thrashing_pressure,LRU,ProportionalAllocation,8,8,4200,{'trace_kind': 'trace'},0.0042
isolation,1,report_thrashing_pressure,LRU,ProportionalAllocation,8,8,4300,{'trace_kind': 'trace'},0.0043
isolation,0,report_thrashing_pressure,LRU,ProportionalAllocation,8,9,4500,{'trace_kind': 'trace'},0.0045
isolation,1,report_thrashing_pressure,LRU,ProportionalAllocation,8,9,4100,{'trace_kind': 'trace'},0.0041
isolation,0,report_thrashing_pressure,NRU,GlobalAllocation,8,0,6200,{'trace_kind': 'trace'},0.0062
isolation,1,report_thrashing_pressure,NRU,GlobalAllocation,8,0,6500,{'trace_kind': 'trace'},0.0065
isolation,0,report_thrashing_pressure,NRU,GlobalAllocation,8,1,5000,{'trace_kind': 'trace'},0.005
isolation,1,report_thrashing_pressure,NRU,GlobalAllocation,8,1,4500,{'trace_kind': 'trace'},0.0045
isolation,0,report_thrashing_pressure,NRU,GlobalAllocation,8,2,4500,{'trace_kind': 'trace'},0.0045
isolation,1,report_thrashing_pressure,NRU,GlobalAllocation,8,2,4400,{'trace_kind': 'trace'},0.0044
isolation,0,report_thrashing_pressure,NRU,GlobalAllocation,8,3,4400,{'trace_kind': 'trace'},0.0044
isolation,1,report_thrashing_pressure,NRU,GlobalAllocation,8,3,4400,{'trace_kind': 'trace'},0.0044
isolation,0,report_thrashing_pressure,NRU,GlobalAllocation,8,4,4700,{'trace_kind': 'trace'},0.0047
isolation,1,report_thrashing_pressure,NRU,GlobalAllocation,8,4,4400,{'trace_kind': 'trace'},0.0044
isolation,0,report_thrashing_pressure,NRU,GlobalAllocation,8,5,4600,{'trace_kind': 'trace'},0.0046
isolation,1,report_thrashing_pressure,NRU,GlobalAllocation,8,5,4800,{'trace_kind': 'trace'},0.0048
isolation,0,report_thrashing_pressure,NRU,GlobalAllocation,8,6,4400,{'trace_kind': 'trace'},0.0044
isolation,1,report_thrashing_pressure,NRU,GlobalAllocation,8,6,4200,{'trace_kind': 'trace'},0.0042
isolation,0,report_thrashing_pressure,NRU,GlobalAllocation,8,7,4300,{'trace_kind': 'trace'},0.0043
isolation,1,report_thrashing_pressure,NRU,GlobalAllocation,8,7,4300,{'trace_kind': 'trace'},0.0043
isolation,0,report_thrashing_pressure,NRU,GlobalAllocation,8,8,4400,{'trace_kind': 'trace'},0.0044
isolation,1,report_thrashing_pressure,NRU,GlobalAllocation,8,8,4400,{'trace_kind': 'trace'},0.0044
isolation,0,report_thrashing_pressure,NRU,GlobalAllocation,8,9,4200,{'trace_kind': 'trace'},0.0042
isolation,1,report_thrashing_pressure,NRU,GlobalAllocation,8,9,4100,{'trace_kind': 'trace'},0.0041
isolation,0,report_thrashing_pressure,NRU,LocalAllocation,8,0,4200,{'trace_kind': 'trace'},0.0042
isolation,1,report_thrashing_pressure,NRU,LocalAllocation,8,0,4200,{'trace_kind': 'trace'},0.0042
isolation,0,report_thrashing_pressure,NRU,LocalAllocation,8,1,4200,{'trace_kind': 'trace'},0.0042
isolation,1,report_thrashing_pressure,NRU,LocalAllocation,8,1,4200,{'trace_kind': 'trace'},0.0042
isolation,0,report_thrashing_pressure,NRU,LocalAllocation,8,2,4600,{'trace_kind': 'trace'},0.0046
isolation,1,report_thrashing_pressure,NRU,LocalAllocation,8,2,4100,{'trace_kind': 'trace'},0.0041
isolation,0,report_thrashing_pressure,NRU,LocalAllocation,8,3,4200,{'trace_kind': 'trace'},0.0042
isolation,1,report_thrashing_pressure,NRU,LocalAllocation,8,3,4100,{'trace_kind': 'trace'},0.0041
isolation,0,report_thrashing_pressure,NRU,LocalAllocation,8,4,5400,{'trace_kind': 'trace'},0.0054
isolation,1,report_thrashing_pressure,NRU,LocalAllocation,8,4,4100,{'trace_kind': 'trace'},0.0041
isolation,0,report_thrashing_pressure,NRU,LocalAllocation,8,5,4100,{'trace_kind': 'trace'},0.0041
isolation,1,report_thrashing_pressure,NRU,LocalAllocation,8,5,4100,{'trace_kind': 'trace'},0.0041
isolation,0,report_thrashing_pressure,NRU,LocalAllocation,8,6,4200,{'trace_kind': 'trace'},0.0042
isolation,1,report_thrashing_pressure,NRU,LocalAllocation,8,6,4000,{'trace_kind': 'trace'},0.004
isolation,0,report_thrashing_pressure,NRU,LocalAllocation,8,7,4300,{'trace_kind': 'trace'},0.0043
isolation,1,report_thrashing_pressure,NRU,LocalAllocation,8,7,4200,{'trace_kind': 'trace'},0.0042
isolation,0,report_thrashing_pressure,NRU,LocalAllocation,8,8,4100,{'trace_kind': 'trace'},0.0041
isolation,1,report_thrashing_pressure,NRU,LocalAllocation,8,8,4100,{'trace_kind': 'trace'},0.0041
isolation,0,report_thrashing_pressure,NRU,LocalAllocation,8,9,4100,{'trace_kind': 'trace'},0.0041
isolation,1,report_thrashing_pressure,NRU,LocalAllocation,8,9,3900,{'trace_kind': 'trace'},0.0039
isolation,0,report_thrashing_pressure,NRU,ProportionalAllocation,8,0,4200,{'trace_kind': 'trace'},0.0042
isolation,1,report_thrashing_pressure,NRU,ProportionalAllocation,8,0,4100,{'trace_kind': 'trace'},0.0041
isolation,0,report_thrashing_pressure,NRU,ProportionalAllocation,8,1,4000,{'trace_kind': 'trace'},0.004
isolation,1,report_thrashing_pressure,NRU,ProportionalAllocation,8,1,4200,{'trace_kind': 'trace'},0.0042
isolation,0,report_thrashing_pressure,NRU,ProportionalAllocation,8,2,4300,{'trace_kind': 'trace'},0.0043
isolation,1,report_thrashing_pressure,NRU,ProportionalAllocation,8,2,4100,{'trace_kind': 'trace'},0.0041
isolation,0,report_thrashing_pressure,NRU,ProportionalAllocation,8,3,4300,{'trace_kind': 'trace'},0.0043
isolation,1,report_thrashing_pressure,NRU,ProportionalAllocation,8,3,4100,{'trace_kind': 'trace'},0.0041
isolation,0,report_thrashing_pressure,NRU,ProportionalAllocation,8,4,4300,{'trace_kind': 'trace'},0.0043
isolation,1,report_thrashing_pressure,NRU,ProportionalAllocation,8,4,4200,{'trace_kind': 'trace'},0.0042
isolation,0,report_thrashing_pressure,NRU,ProportionalAllocation,8,5,4200,{'trace_kind': 'trace'},0.0042
isolation,1,report_thrashing_pressure,NRU,ProportionalAllocation,8,5,4200,{'trace_kind': 'trace'},0.0042
isolation,0,report_thrashing_pressure,NRU,ProportionalAllocation,8,6,4200,{'trace_kind': 'trace'},0.0042
isolation,1,report_thrashing_pressure,NRU,ProportionalAllocation,8,6,4200,{'trace_kind': 'trace'},0.0042
isolation,0,report_thrashing_pressure,NRU,ProportionalAllocation,8,7,4200,{'trace_kind': 'trace'},0.0042
isolation,1,report_thrashing_pressure,NRU,ProportionalAllocation,8,7,4100,{'trace_kind': 'trace'},0.0041
isolation,0,report_thrashing_pressure,NRU,ProportionalAllocation,8,8,4200,{'trace_kind': 'trace'},0.0042
isolation,1,report_thrashing_pressure,NRU,ProportionalAllocation,8,8,4300,{'trace_kind': 'trace'},0.0043
isolation,0,report_thrashing_pressure,NRU,ProportionalAllocation,8,9,4100,{'trace_kind': 'trace'},0.0041
isolation,1,report_thrashing_pressure,NRU,ProportionalAllocation,8,9,4000,{'trace_kind': 'trace'},0.004
isolation,0,report_thrashing_pressure,SecondChance,GlobalAllocation,8,0,6300,{'trace_kind': 'trace'},0.0063
isolation,1,report_thrashing_pressure,SecondChance,GlobalAllocation,8,0,4700,{'trace_kind': 'trace'},0.0047
isolation,0,report_thrashing_pressure,SecondChance,GlobalAllocation,8,1,5000,{'trace_kind': 'trace'},0.005
isolation,1,report_thrashing_pressure,SecondChance,GlobalAllocation,8,1,4500,{'trace_kind': 'trace'},0.0045
isolation,0,report_thrashing_pressure,SecondChance,GlobalAllocation,8,2,4500,{'trace_kind': 'trace'},0.0045
isolation,1,report_thrashing_pressure,SecondChance,GlobalAllocation,8,2,4400,{'trace_kind': 'trace'},0.0044
isolation,0,report_thrashing_pressure,SecondChance,GlobalAllocation,8,3,4500,{'trace_kind': 'trace'},0.0045
isolation,1,report_thrashing_pressure,SecondChance,GlobalAllocation,8,3,4400,{'trace_kind': 'trace'},0.0044
isolation,0,report_thrashing_pressure,SecondChance,GlobalAllocation,8,4,4400,{'trace_kind': 'trace'},0.0044
isolation,1,report_thrashing_pressure,SecondChance,GlobalAllocation,8,4,4400,{'trace_kind': 'trace'},0.0044
isolation,0,report_thrashing_pressure,SecondChance,GlobalAllocation,8,5,4600,{'trace_kind': 'trace'},0.0046
isolation,1,report_thrashing_pressure,SecondChance,GlobalAllocation,8,5,4300,{'trace_kind': 'trace'},0.0043
isolation,0,report_thrashing_pressure,SecondChance,GlobalAllocation,8,6,4400,{'trace_kind': 'trace'},0.0044
isolation,1,report_thrashing_pressure,SecondChance,GlobalAllocation,8,6,4400,{'trace_kind': 'trace'},0.0044
isolation,0,report_thrashing_pressure,SecondChance,GlobalAllocation,8,7,4600,{'trace_kind': 'trace'},0.0046
isolation,1,report_thrashing_pressure,SecondChance,GlobalAllocation,8,7,4200,{'trace_kind': 'trace'},0.0042
isolation,0,report_thrashing_pressure,SecondChance,GlobalAllocation,8,8,4400,{'trace_kind': 'trace'},0.0044
isolation,1,report_thrashing_pressure,SecondChance,GlobalAllocation,8,8,4400,{'trace_kind': 'trace'},0.0044
isolation,0,report_thrashing_pressure,SecondChance,GlobalAllocation,8,9,4100,{'trace_kind': 'trace'},0.0041
isolation,1,report_thrashing_pressure,SecondChance,GlobalAllocation,8,9,3900,{'trace_kind': 'trace'},0.0039
isolation,0,report_thrashing_pressure,SecondChance,LocalAllocation,8,0,4300,{'trace_kind': 'trace'},0.0043
isolation,1,report_thrashing_pressure,SecondChance,LocalAllocation,8,0,4300,{'trace_kind': 'trace'},0.0043
isolation,0,report_thrashing_pressure,SecondChance,LocalAllocation,8,1,4300,{'trace_kind': 'trace'},0.0043
isolation,1,report_thrashing_pressure,SecondChance,LocalAllocation,8,1,4200,{'trace_kind': 'trace'},0.0042
isolation,0,report_thrashing_pressure,SecondChance,LocalAllocation,8,2,4500,{'trace_kind': 'trace'},0.0045
isolation,1,report_thrashing_pressure,SecondChance,LocalAllocation,8,2,4100,{'trace_kind': 'trace'},0.0041
isolation,0,report_thrashing_pressure,SecondChance,LocalAllocation,8,3,4200,{'trace_kind': 'trace'},0.0042
isolation,1,report_thrashing_pressure,SecondChance,LocalAllocation,8,3,4000,{'trace_kind': 'trace'},0.004
isolation,0,report_thrashing_pressure,SecondChance,LocalAllocation,8,4,4300,{'trace_kind': 'trace'},0.0043
isolation,1,report_thrashing_pressure,SecondChance,LocalAllocation,8,4,4000,{'trace_kind': 'trace'},0.004
isolation,0,report_thrashing_pressure,SecondChance,LocalAllocation,8,5,4200,{'trace_kind': 'trace'},0.0042
isolation,1,report_thrashing_pressure,SecondChance,LocalAllocation,8,5,4100,{'trace_kind': 'trace'},0.0041
isolation,0,report_thrashing_pressure,SecondChance,LocalAllocation,8,6,4200,{'trace_kind': 'trace'},0.0042
isolation,1,report_thrashing_pressure,SecondChance,LocalAllocation,8,6,4100,{'trace_kind': 'trace'},0.0041
isolation,0,report_thrashing_pressure,SecondChance,LocalAllocation,8,7,4200,{'trace_kind': 'trace'},0.0042
isolation,1,report_thrashing_pressure,SecondChance,LocalAllocation,8,7,4200,{'trace_kind': 'trace'},0.0042
isolation,0,report_thrashing_pressure,SecondChance,LocalAllocation,8,8,4300,{'trace_kind': 'trace'},0.0043
isolation,1,report_thrashing_pressure,SecondChance,LocalAllocation,8,8,4100,{'trace_kind': 'trace'},0.0041
isolation,0,report_thrashing_pressure,SecondChance,LocalAllocation,8,9,4200,{'trace_kind': 'trace'},0.0042
isolation,1,report_thrashing_pressure,SecondChance,LocalAllocation,8,9,4000,{'trace_kind': 'trace'},0.004
isolation,0,report_thrashing_pressure,SecondChance,ProportionalAllocation,8,0,4700,{'trace_kind': 'trace'},0.0047
isolation,1,report_thrashing_pressure,SecondChance,ProportionalAllocation,8,0,4100,{'trace_kind': 'trace'},0.0041
isolation,0,report_thrashing_pressure,SecondChance,ProportionalAllocation,8,1,4400,{'trace_kind': 'trace'},0.0044
isolation,1,report_thrashing_pressure,SecondChance,ProportionalAllocation,8,1,4100,{'trace_kind': 'trace'},0.0041
isolation,0,report_thrashing_pressure,SecondChance,ProportionalAllocation,8,2,4200,{'trace_kind': 'trace'},0.0042
isolation,1,report_thrashing_pressure,SecondChance,ProportionalAllocation,8,2,4100,{'trace_kind': 'trace'},0.0041
isolation,0,report_thrashing_pressure,SecondChance,ProportionalAllocation,8,3,4200,{'trace_kind': 'trace'},0.0042
isolation,1,report_thrashing_pressure,SecondChance,ProportionalAllocation,8,3,3900,{'trace_kind': 'trace'},0.0039
isolation,0,report_thrashing_pressure,SecondChance,ProportionalAllocation,8,4,4200,{'trace_kind': 'trace'},0.0042
isolation,1,report_thrashing_pressure,SecondChance,ProportionalAllocation,8,4,4200,{'trace_kind': 'trace'},0.0042
isolation,0,report_thrashing_pressure,SecondChance,ProportionalAllocation,8,5,4300,{'trace_kind': 'trace'},0.0043
isolation,1,report_thrashing_pressure,SecondChance,ProportionalAllocation,8,5,4100,{'trace_kind': 'trace'},0.0041
isolation,0,report_thrashing_pressure,SecondChance,ProportionalAllocation,8,6,4200,{'trace_kind': 'trace'},0.0042
isolation,1,report_thrashing_pressure,SecondChance,ProportionalAllocation,8,6,4200,{'trace_kind': 'trace'},0.0042
isolation,0,report_thrashing_pressure,SecondChance,ProportionalAllocation,8,7,4100,{'trace_kind': 'trace'},0.0041
isolation,1,report_thrashing_pressure,SecondChance,ProportionalAllocation,8,7,4100,{'trace_kind': 'trace'},0.0041
isolation,0,report_thrashing_pressure,SecondChance,ProportionalAllocation,8,8,4100,{'trace_kind': 'trace'},0.0041
isolation,1,report_thrashing_pressure,SecondChance,ProportionalAllocation,8,8,4000,{'trace_kind': 'trace'},0.004
isolation,0,report_thrashing_pressure,SecondChance,ProportionalAllocation,8,9,4000,{'trace_kind': 'trace'},0.004
isolation,1,report_thrashing_pressure,SecondChance,ProportionalAllocation,8,9,4100,{'trace_kind': 'trace'},0.0041
isolation,0,report_thrashing_pressure,WSClock,GlobalAllocation,8,0,6300,{'trace_kind': 'trace'},0.0063
isolation,1,report_thrashing_pressure,WSClock,GlobalAllocation,8,0,4800,{'trace_kind': 'trace'},0.0048
isolation,0,report_thrashing_pressure,WSClock,GlobalAllocation,8,1,5200,{'trace_kind': 'trace'},0.0052
isolation,1,report_thrashing_pressure,WSClock,GlobalAllocation,8,1,4400,{'trace_kind': 'trace'},0.0044
isolation,0,report_thrashing_pressure,WSClock,GlobalAllocation,8,2,4600,{'trace_kind': 'trace'},0.0046
isolation,1,report_thrashing_pressure,WSClock,GlobalAllocation,8,2,4500,{'trace_kind': 'trace'},0.0045
isolation,0,report_thrashing_pressure,WSClock,GlobalAllocation,8,3,4600,{'trace_kind': 'trace'},0.0046
isolation,1,report_thrashing_pressure,WSClock,GlobalAllocation,8,3,4200,{'trace_kind': 'trace'},0.0042
isolation,0,report_thrashing_pressure,WSClock,GlobalAllocation,8,4,4300,{'trace_kind': 'trace'},0.0043
isolation,1,report_thrashing_pressure,WSClock,GlobalAllocation,8,4,4300,{'trace_kind': 'trace'},0.0043
isolation,0,report_thrashing_pressure,WSClock,GlobalAllocation,8,5,4500,{'trace_kind': 'trace'},0.0045
isolation,1,report_thrashing_pressure,WSClock,GlobalAllocation,8,5,4300,{'trace_kind': 'trace'},0.0043
isolation,0,report_thrashing_pressure,WSClock,GlobalAllocation,8,6,4400,{'trace_kind': 'trace'},0.0044
isolation,1,report_thrashing_pressure,WSClock,GlobalAllocation,8,6,4300,{'trace_kind': 'trace'},0.0043
isolation,0,report_thrashing_pressure,WSClock,GlobalAllocation,8,7,4400,{'trace_kind': 'trace'},0.0044
isolation,1,report_thrashing_pressure,WSClock,GlobalAllocation,8,7,4400,{'trace_kind': 'trace'},0.0044
isolation,0,report_thrashing_pressure,WSClock,GlobalAllocation,8,8,4500,{'trace_kind': 'trace'},0.0045
isolation,1,report_thrashing_pressure,WSClock,GlobalAllocation,8,8,4500,{'trace_kind': 'trace'},0.0045
isolation,0,report_thrashing_pressure,WSClock,GlobalAllocation,8,9,4600,{'trace_kind': 'trace'},0.0046
isolation,1,report_thrashing_pressure,WSClock,GlobalAllocation,8,9,4300,{'trace_kind': 'trace'},0.0043
isolation,0,report_thrashing_pressure,WSClock,LocalAllocation,8,0,7800,{'trace_kind': 'trace'},0.0078
isolation,1,report_thrashing_pressure,WSClock,LocalAllocation,8,0,7300,{'trace_kind': 'trace'},0.0073
isolation,0,report_thrashing_pressure,WSClock,LocalAllocation,8,1,8500,{'trace_kind': 'trace'},0.0085
isolation,1,report_thrashing_pressure,WSClock,LocalAllocation,8,1,7600,{'trace_kind': 'trace'},0.0076
isolation,0,report_thrashing_pressure,WSClock,LocalAllocation,8,2,7500,{'trace_kind': 'trace'},0.0075
isolation,1,report_thrashing_pressure,WSClock,LocalAllocation,8,2,6400,{'trace_kind': 'trace'},0.0064
isolation,0,report_thrashing_pressure,WSClock,LocalAllocation,8,3,4200,{'trace_kind': 'trace'},0.0042
isolation,1,report_thrashing_pressure,WSClock,LocalAllocation,8,3,4100,{'trace_kind': 'trace'},0.0041
isolation,0,report_thrashing_pressure,WSClock,LocalAllocation,8,4,4200,{'trace_kind': 'trace'},0.0042
isolation,1,report_thrashing_pressure,WSClock,LocalAllocation,8,4,4100,{'trace_kind': 'trace'},0.0041
isolation,0,report_thrashing_pressure,WSClock,LocalAllocation,8,5,4300,{'trace_kind': 'trace'},0.0043
isolation,1,report_thrashing_pressure,WSClock,LocalAllocation,8,5,4100,{'trace_kind': 'trace'},0.0041
isolation,0,report_thrashing_pressure,WSClock,LocalAllocation,8,6,4200,{'trace_kind': 'trace'},0.0042
isolation,1,report_thrashing_pressure,WSClock,LocalAllocation,8,6,4100,{'trace_kind': 'trace'},0.0041
isolation,0,report_thrashing_pressure,WSClock,LocalAllocation,8,7,4300,{'trace_kind': 'trace'},0.0043
isolation,1,report_thrashing_pressure,WSClock,LocalAllocation,8,7,4100,{'trace_kind': 'trace'},0.0041
isolation,0,report_thrashing_pressure,WSClock,LocalAllocation,8,8,4200,{'trace_kind': 'trace'},0.0042
isolation,1,report_thrashing_pressure,WSClock,LocalAllocation,8,8,4000,{'trace_kind': 'trace'},0.004
isolation,0,report_thrashing_pressure,WSClock,LocalAllocation,8,9,4200,{'trace_kind': 'trace'},0.0042
isolation,1,report_thrashing_pressure,WSClock,LocalAllocation,8,9,4000,{'trace_kind': 'trace'},0.004
isolation,0,report_thrashing_pressure,WSClock,ProportionalAllocation,8,0,8200,{'trace_kind': 'trace'},0.0082
isolation,1,report_thrashing_pressure,WSClock,ProportionalAllocation,8,0,7900,{'trace_kind': 'trace'},0.0079
isolation,0,report_thrashing_pressure,WSClock,ProportionalAllocation,8,1,7700,{'trace_kind': 'trace'},0.0077
isolation,1,report_thrashing_pressure,WSClock,ProportionalAllocation,8,1,7600,{'trace_kind': 'trace'},0.0076
isolation,0,report_thrashing_pressure,WSClock,ProportionalAllocation,8,2,7700,{'trace_kind': 'trace'},0.0077
isolation,1,report_thrashing_pressure,WSClock,ProportionalAllocation,8,2,7500,{'trace_kind': 'trace'},0.0075
isolation,0,report_thrashing_pressure,WSClock,ProportionalAllocation,8,3,6600,{'trace_kind': 'trace'},0.0066
isolation,1,report_thrashing_pressure,WSClock,ProportionalAllocation,8,3,4100,{'trace_kind': 'trace'},0.0041
isolation,0,report_thrashing_pressure,WSClock,ProportionalAllocation,8,4,4300,{'trace_kind': 'trace'},0.0043
isolation,1,report_thrashing_pressure,WSClock,ProportionalAllocation,8,4,4100,{'trace_kind': 'trace'},0.0041
isolation,0,report_thrashing_pressure,WSClock,ProportionalAllocation,8,5,4400,{'trace_kind': 'trace'},0.0044
isolation,1,report_thrashing_pressure,WSClock,ProportionalAllocation,8,5,4200,{'trace_kind': 'trace'},0.0042
isolation,0,report_thrashing_pressure,WSClock,ProportionalAllocation,8,6,4300,{'trace_kind': 'trace'},0.0043
isolation,1,report_thrashing_pressure,WSClock,ProportionalAllocation,8,6,4200,{'trace_kind': 'trace'},0.0042
isolation,0,report_thrashing_pressure,WSClock,ProportionalAllocation,8,7,4400,{'trace_kind': 'trace'},0.0044
isolation,1,report_thrashing_pressure,WSClock,ProportionalAllocation,8,7,4100,{'trace_kind': 'trace'},0.0041
isolation,0,report_thrashing_pressure,WSClock,ProportionalAllocation,8,8,4200,{'trace_kind': 'trace'},0.0042
isolation,1,report_thrashing_pressure,WSClock,ProportionalAllocation,8,8,4100,{'trace_kind': 'trace'},0.0041
isolation,0,report_thrashing_pressure,WSClock,ProportionalAllocation,8,9,4200,{'trace_kind': 'trace'},0.0042
isolation,1,report_thrashing_pressure,WSClock,ProportionalAllocation,8,9,4000,{'trace_kind': 'trace'},0.004
isolation,0,report_thrashing_pressure,FIFO,GlobalAllocation,10,0,5900,{'trace_kind': 'trace'},0.0059
isolation,1,report_thrashing_pressure,FIFO,GlobalAllocation,10,0,5200,{'trace_kind': 'trace'},0.0052
isolation,0,report_thrashing_pressure,FIFO,GlobalAllocation,10,1,4900,{'trace_kind': 'trace'},0.0049
isolation,1,report_thrashing_pressure,FIFO,GlobalAllocation,10,1,4300,{'trace_kind': 'trace'},0.0043
isolation,0,report_thrashing_pressure,FIFO,GlobalAllocation,10,2,4200,{'trace_kind': 'trace'},0.0042
isolation,1,report_thrashing_pressure,FIFO,GlobalAllocation,10,2,4100,{'trace_kind': 'trace'},0.0041
isolation,0,report_thrashing_pressure,FIFO,GlobalAllocation,10,3,4200,{'trace_kind': 'trace'},0.0042
isolation,1,report_thrashing_pressure,FIFO,GlobalAllocation,10,3,4200,{'trace_kind': 'trace'},0.0042
isolation,0,report_thrashing_pressure,FIFO,GlobalAllocation,10,4,4300,{'trace_kind': 'trace'},0.0043
isolation,1,report_thrashing_pressure,FIFO,GlobalAllocation,10,4,4200,{'trace_kind': 'trace'},0.0042
isolation,0,report_thrashing_pressure,FIFO,GlobalAllocation,10,5,4100,{'trace_kind': 'trace'},0.0041
isolation,1,report_thrashing_pressure,FIFO,GlobalAllocation,10,5,5600,{'trace_kind': 'trace'},0.0056
isolation,0,report_thrashing_pressure,FIFO,GlobalAllocation,10,6,4300,{'trace_kind': 'trace'},0.0043
isolation,1,report_thrashing_pressure,FIFO,GlobalAllocation,10,6,4000,{'trace_kind': 'trace'},0.004
isolation,0,report_thrashing_pressure,FIFO,GlobalAllocation,10,7,4300,{'trace_kind': 'trace'},0.0043
isolation,1,report_thrashing_pressure,FIFO,GlobalAllocation,10,7,4500,{'trace_kind': 'trace'},0.0045
isolation,0,report_thrashing_pressure,FIFO,GlobalAllocation,10,8,4100,{'trace_kind': 'trace'},0.0041
isolation,1,report_thrashing_pressure,FIFO,GlobalAllocation,10,8,4200,{'trace_kind': 'trace'},0.0042
isolation,0,report_thrashing_pressure,FIFO,GlobalAllocation,10,9,4000,{'trace_kind': 'trace'},0.004
isolation,1,report_thrashing_pressure,FIFO,GlobalAllocation,10,9,4000,{'trace_kind': 'trace'},0.004
isolation,0,report_thrashing_pressure,FIFO,LocalAllocation,10,0,4300,{'trace_kind': 'trace'},0.0043
isolation,1,report_thrashing_pressure,FIFO,LocalAllocation,10,0,4100,{'trace_kind': 'trace'},0.0041
isolation,0,report_thrashing_pressure,FIFO,LocalAllocation,10,1,4100,{'trace_kind': 'trace'},0.0041
isolation,1,report_thrashing_pressure,FIFO,LocalAllocation,10,1,4100,{'trace_kind': 'trace'},0.0041
isolation,0,report_thrashing_pressure,FIFO,LocalAllocation,10,2,4200,{'trace_kind': 'trace'},0.0042
isolation,1,report_thrashing_pressure,FIFO,LocalAllocation,10,2,4100,{'trace_kind': 'trace'},0.0041
isolation,0,report_thrashing_pressure,FIFO,LocalAllocation,10,3,4000,{'trace_kind': 'trace'},0.004
isolation,1,report_thrashing_pressure,FIFO,LocalAllocation,10,3,4100,{'trace_kind': 'trace'},0.0041
isolation,0,report_thrashing_pressure,FIFO,LocalAllocation,10,4,4000,{'trace_kind': 'trace'},0.004
isolation,1,report_thrashing_pressure,FIFO,LocalAllocation,10,4,3900,{'trace_kind': 'trace'},0.0039
isolation,0,report_thrashing_pressure,FIFO,LocalAllocation,10,5,4000,{'trace_kind': 'trace'},0.004
isolation,1,report_thrashing_pressure,FIFO,LocalAllocation,10,5,3900,{'trace_kind': 'trace'},0.0039
isolation,0,report_thrashing_pressure,FIFO,LocalAllocation,10,6,4100,{'trace_kind': 'trace'},0.0041
isolation,1,report_thrashing_pressure,FIFO,LocalAllocation,10,6,3900,{'trace_kind': 'trace'},0.0039
isolation,0,report_thrashing_pressure,FIFO,LocalAllocation,10,7,4000,{'trace_kind': 'trace'},0.004
isolation,1,report_thrashing_pressure,FIFO,LocalAllocation,10,7,4000,{'trace_kind': 'trace'},0.004
isolation,0,report_thrashing_pressure,FIFO,LocalAllocation,10,8,4000,{'trace_kind': 'trace'},0.004
isolation,1,report_thrashing_pressure,FIFO,LocalAllocation,10,8,3900,{'trace_kind': 'trace'},0.0039
isolation,0,report_thrashing_pressure,FIFO,LocalAllocation,10,9,4000,{'trace_kind': 'trace'},0.004
isolation,1,report_thrashing_pressure,FIFO,LocalAllocation,10,9,3800,{'trace_kind': 'trace'},0.0038
isolation,0,report_thrashing_pressure,FIFO,ProportionalAllocation,10,0,4300,{'trace_kind': 'trace'},0.0043
isolation,1,report_thrashing_pressure,FIFO,ProportionalAllocation,10,0,4000,{'trace_kind': 'trace'},0.004
isolation,0,report_thrashing_pressure,FIFO,ProportionalAllocation,10,1,4000,{'trace_kind': 'trace'},0.004
isolation,1,report_thrashing_pressure,FIFO,ProportionalAllocation,10,1,3900,{'trace_kind': 'trace'},0.0039
isolation,0,report_thrashing_pressure,FIFO,ProportionalAllocation,10,2,4000,{'trace_kind': 'trace'},0.004
isolation,1,report_thrashing_pressure,FIFO,ProportionalAllocation,10,2,3900,{'trace_kind': 'trace'},0.0039
isolation,0,report_thrashing_pressure,FIFO,ProportionalAllocation,10,3,3900,{'trace_kind': 'trace'},0.0039
isolation,1,report_thrashing_pressure,FIFO,ProportionalAllocation,10,3,3900,{'trace_kind': 'trace'},0.0039
isolation,0,report_thrashing_pressure,FIFO,ProportionalAllocation,10,4,4000,{'trace_kind': 'trace'},0.004
isolation,1,report_thrashing_pressure,FIFO,ProportionalAllocation,10,4,3900,{'trace_kind': 'trace'},0.0039
isolation,0,report_thrashing_pressure,FIFO,ProportionalAllocation,10,5,4100,{'trace_kind': 'trace'},0.0041
isolation,1,report_thrashing_pressure,FIFO,ProportionalAllocation,10,5,4000,{'trace_kind': 'trace'},0.004
isolation,0,report_thrashing_pressure,FIFO,ProportionalAllocation,10,6,4000,{'trace_kind': 'trace'},0.004
isolation,1,report_thrashing_pressure,FIFO,ProportionalAllocation,10,6,4100,{'trace_kind': 'trace'},0.0041
isolation,0,report_thrashing_pressure,FIFO,ProportionalAllocation,10,7,3900,{'trace_kind': 'trace'},0.0039
isolation,1,report_thrashing_pressure,FIFO,ProportionalAllocation,10,7,3700,{'trace_kind': 'trace'},0.0037
isolation,0,report_thrashing_pressure,FIFO,ProportionalAllocation,10,8,3900,{'trace_kind': 'trace'},0.0039
isolation,1,report_thrashing_pressure,FIFO,ProportionalAllocation,10,8,3800,{'trace_kind': 'trace'},0.0038
isolation,0,report_thrashing_pressure,FIFO,ProportionalAllocation,10,9,4000,{'trace_kind': 'trace'},0.004
isolation,1,report_thrashing_pressure,FIFO,ProportionalAllocation,10,9,3700,{'trace_kind': 'trace'},0.0037
isolation,0,report_thrashing_pressure,LRU,GlobalAllocation,10,0,6700,{'trace_kind': 'trace'},0.0067
isolation,1,report_thrashing_pressure,LRU,GlobalAllocation,10,0,5400,{'trace_kind': 'trace'},0.0054
isolation,0,report_thrashing_pressure,LRU,GlobalAllocation,10,1,5200,{'trace_kind': 'trace'},0.0052
isolation,1,report_thrashing_pressure,LRU,GlobalAllocation,10,1,4500,{'trace_kind': 'trace'},0.0045
isolation,0,report_thrashing_pressure,LRU,GlobalAllocation,10,2,4600,{'trace_kind': 'trace'},0.0046
isolation,1,report_thrashing_pressure,LRU,GlobalAllocation,10,2,5900,{'trace_kind': 'trace'},0.0059
isolation,0,report_thrashing_pressure,LRU,GlobalAllocation,10,3,4600,{'trace_kind': 'trace'},0.0046
isolation,1,report_thrashing_pressure,LRU,GlobalAllocation,10,3,4500,{'trace_kind': 'trace'},0.0045
isolation,0,report_thrashing_pressure,LRU,GlobalAllocation,10,4,4800,{'trace_kind': 'trace'},0.0048
isolation,1,report_thrashing_pressure,LRU,GlobalAllocation,10,4,4600,{'trace_kind': 'trace'},0.0046
isolation,0,report_thrashing_pressure,LRU,GlobalAllocation,10,5,4700,{'trace_kind': 'trace'},0.0047
isolation,1,report_thrashing_pressure,LRU,GlobalAllocation,10,5,4700,{'trace_kind': 'trace'},0.0047
isolation,0,report_thrashing_pressure,LRU,GlobalAllocation,10,6,4500,{'trace_kind': 'trace'},0.0045
isolation,1,report_thrashing_pressure,LRU,GlobalAllocation,10,6,4500,{'trace_kind': 'trace'},0.0045
isolation,0,report_thrashing_pressure,LRU,GlobalAllocation,10,7,4500,{'trace_kind': 'trace'},0.0045
isolation,1,report_thrashing_pressure,LRU,GlobalAllocation,10,7,4300,{'trace_kind': 'trace'},0.0043
isolation,0,report_thrashing_pressure,LRU,GlobalAllocation,10,8,4500,{'trace_kind': 'trace'},0.0045
isolation,1,report_thrashing_pressure,LRU,GlobalAllocation,10,8,4600,{'trace_kind': 'trace'},0.0046
isolation,0,report_thrashing_pressure,LRU,GlobalAllocation,10,9,4600,{'trace_kind': 'trace'},0.0046
isolation,1,report_thrashing_pressure,LRU,GlobalAllocation,10,9,4300,{'trace_kind': 'trace'},0.0043
isolation,0,report_thrashing_pressure,LRU,LocalAllocation,10,0,4700,{'trace_kind': 'trace'},0.0047
isolation,1,report_thrashing_pressure,LRU,LocalAllocation,10,0,4500,{'trace_kind': 'trace'},0.0045
isolation,0,report_thrashing_pressure,LRU,LocalAllocation,10,1,4300,{'trace_kind': 'trace'},0.0043
isolation,1,report_thrashing_pressure,LRU,LocalAllocation,10,1,4400,{'trace_kind': 'trace'},0.0044
isolation,0,report_thrashing_pressure,LRU,LocalAllocation,10,2,4500,{'trace_kind': 'trace'},0.0045
isolation,1,report_thrashing_pressure,LRU,LocalAllocation,10,2,5900,{'trace_kind': 'trace'},0.0059
isolation,0,report_thrashing_pressure,LRU,LocalAllocation,10,3,4400,{'trace_kind': 'trace'},0.0044
isolation,1,report_thrashing_pressure,LRU,LocalAllocation,10,3,4400,{'trace_kind': 'trace'},0.0044
isolation,0,report_thrashing_pressure,LRU,LocalAllocation,10,4,4600,{'trace_kind': 'trace'},0.0046
isolation,1,report_thrashing_pressure,LRU,LocalAllocation,10,4,4400,{'trace_kind': 'trace'},0.0044
isolation,0,report_thrashing_pressure,LRU,LocalAllocation,10,5,4500,{'trace_kind': 'trace'},0.0045
isolation,1,report_thrashing_pressure,LRU,LocalAllocation,10,5,4200,{'trace_kind': 'trace'},0.0042
isolation,0,report_thrashing_pressure,LRU,LocalAllocation,10,6,6100,{'trace_kind': 'trace'},0.0061
isolation,1,report_thrashing_pressure,LRU,LocalAllocation,10,6,4600,{'trace_kind': 'trace'},0.0046
isolation,0,report_thrashing_pressure,LRU,LocalAllocation,10,7,4400,{'trace_kind': 'trace'},0.0044
isolation,1,report_thrashing_pressure,LRU,LocalAllocation,10,7,4400,{'trace_kind': 'trace'},0.0044
isolation,0,report_thrashing_pressure,LRU,LocalAllocation,10,8,4500,{'trace_kind': 'trace'},0.0045
isolation,1,report_thrashing_pressure,LRU,LocalAllocation,10,8,4500,{'trace_kind': 'trace'},0.0045
isolation,0,report_thrashing_pressure,LRU,LocalAllocation,10,9,4400,{'trace_kind': 'trace'},0.0044
isolation,1,report_thrashing_pressure,LRU,LocalAllocation,10,9,4400,{'trace_kind': 'trace'},0.0044
isolation,0,report_thrashing_pressure,LRU,ProportionalAllocation,10,0,4600,{'trace_kind': 'trace'},0.0046
isolation,1,report_thrashing_pressure,LRU,ProportionalAllocation,10,0,4200,{'trace_kind': 'trace'},0.0042
isolation,0,report_thrashing_pressure,LRU,ProportionalAllocation,10,1,4500,{'trace_kind': 'trace'},0.0045
isolation,1,report_thrashing_pressure,LRU,ProportionalAllocation,10,1,4500,{'trace_kind': 'trace'},0.0045
isolation,0,report_thrashing_pressure,LRU,ProportionalAllocation,10,2,4400,{'trace_kind': 'trace'},0.0044
isolation,1,report_thrashing_pressure,LRU,ProportionalAllocation,10,2,4300,{'trace_kind': 'trace'},0.0043
isolation,0,report_thrashing_pressure,LRU,ProportionalAllocation,10,3,4600,{'trace_kind': 'trace'},0.0046
isolation,1,report_thrashing_pressure,LRU,ProportionalAllocation,10,3,6300,{'trace_kind': 'trace'},0.0063
isolation,0,report_thrashing_pressure,LRU,ProportionalAllocation,10,4,4500,{'trace_kind': 'trace'},0.0045
isolation,1,report_thrashing_pressure,LRU,ProportionalAllocation,10,4,4200,{'trace_kind': 'trace'},0.0042
isolation,0,report_thrashing_pressure,LRU,ProportionalAllocation,10,5,4500,{'trace_kind': 'trace'},0.0045
isolation,1,report_thrashing_pressure,LRU,ProportionalAllocation,10,5,4200,{'trace_kind': 'trace'},0.0042
isolation,0,report_thrashing_pressure,LRU,ProportionalAllocation,10,6,4400,{'trace_kind': 'trace'},0.0044
isolation,1,report_thrashing_pressure,LRU,ProportionalAllocation,10,6,5000,{'trace_kind': 'trace'},0.005
isolation,0,report_thrashing_pressure,LRU,ProportionalAllocation,10,7,4300,{'trace_kind': 'trace'},0.0043
isolation,1,report_thrashing_pressure,LRU,ProportionalAllocation,10,7,4200,{'trace_kind': 'trace'},0.0042
isolation,0,report_thrashing_pressure,LRU,ProportionalAllocation,10,8,4300,{'trace_kind': 'trace'},0.0043
isolation,1,report_thrashing_pressure,LRU,ProportionalAllocation,10,8,4200,{'trace_kind': 'trace'},0.0042
isolation,0,report_thrashing_pressure,LRU,ProportionalAllocation,10,9,4300,{'trace_kind': 'trace'},0.0043
isolation,1,report_thrashing_pressure,LRU,ProportionalAllocation,10,9,4300,{'trace_kind': 'trace'},0.0043
isolation,0,report_thrashing_pressure,NRU,GlobalAllocation,10,0,6100,{'trace_kind': 'trace'},0.0061
isolation,1,report_thrashing_pressure,NRU,GlobalAllocation,10,0,5100,{'trace_kind': 'trace'},0.0051
isolation,0,report_thrashing_pressure,NRU,GlobalAllocation,10,1,4800,{'trace_kind': 'trace'},0.0048
isolation,1,report_thrashing_pressure,NRU,GlobalAllocation,10,1,4500,{'trace_kind': 'trace'},0.0045
isolation,0,report_thrashing_pressure,NRU,GlobalAllocation,10,2,4400,{'trace_kind': 'trace'},0.0044
isolation,1,report_thrashing_pressure,NRU,GlobalAllocation,10,2,4400,{'trace_kind': 'trace'},0.0044
isolation,0,report_thrashing_pressure,NRU,GlobalAllocation,10,3,4200,{'trace_kind': 'trace'},0.0042
isolation,1,report_thrashing_pressure,NRU,GlobalAllocation,10,3,4300,{'trace_kind': 'trace'},0.0043
isolation,0,report_thrashing_pressure,NRU,GlobalAllocation,10,4,4200,{'trace_kind': 'trace'},0.0042
isolation,1,report_thrashing_pressure,NRU,GlobalAllocation,10,4,4400,{'trace_kind': 'trace'},0.0044
isolation,0,report_thrashing_pressure,NRU,GlobalAllocation,10,5,4500,{'trace_kind': 'trace'},0.0045
isolation,1,report_thrashing_pressure,NRU,GlobalAllocation,10,5,4500,{'trace_kind': 'trace'},0.0045
isolation,0,report_thrashing_pressure,NRU,GlobalAllocation,10,6,4400,{'trace_kind': 'trace'},0.0044
isolation,1,report_thrashing_pressure,NRU,GlobalAllocation,10,6,4300,{'trace_kind': 'trace'},0.0043
isolation,0,report_thrashing_pressure,NRU,GlobalAllocation,10,7,4300,{'trace_kind': 'trace'},0.0043
isolation,1,report_thrashing_pressure,NRU,GlobalAllocation,10,7,4300,{'trace_kind': 'trace'},0.0043
isolation,0,report_thrashing_pressure,NRU,GlobalAllocation,10,8,4200,{'trace_kind': 'trace'},0.0042
isolation,1,report_thrashing_pressure,NRU,GlobalAllocation,10,8,4600,{'trace_kind': 'trace'},0.0046
isolation,0,report_thrashing_pressure,NRU,GlobalAllocation,10,9,4300,{'trace_kind': 'trace'},0.0043
isolation,1,report_thrashing_pressure,NRU,GlobalAllocation,10,9,4300,{'trace_kind': 'trace'},0.0043
isolation,0,report_thrashing_pressure,NRU,LocalAllocation,10,0,4400,{'trace_kind': 'trace'},0.0044
isolation,1,report_thrashing_pressure,NRU,LocalAllocation,10,0,4200,{'trace_kind': 'trace'},0.0042
isolation,0,report_thrashing_pressure,NRU,LocalAllocation,10,1,5500,{'trace_kind': 'trace'},0.0055
isolation,1,report_thrashing_pressure,NRU,LocalAllocation,10,1,4300,{'trace_kind': 'trace'},0.0043
isolation,0,report_thrashing_pressure,NRU,LocalAllocation,10,2,4300,{'trace_kind': 'trace'},0.0043
isolation,1,report_thrashing_pressure,NRU,LocalAllocation,10,2,4100,{'trace_kind': 'trace'},0.0041
isolation,0,report_thrashing_pressure,NRU,LocalAllocation,10,3,4400,{'trace_kind': 'trace'},0.0044
isolation,1,report_thrashing_pressure,NRU,LocalAllocation,10,3,4000,{'trace_kind': 'trace'},0.004
isolation,0,report_thrashing_pressure,NRU,LocalAllocation,10,4,4300,{'trace_kind': 'trace'},0.0043
isolation,1,report_thrashing_pressure,NRU,LocalAllocation,10,4,4200,{'trace_kind': 'trace'},0.0042
isolation,0,report_thrashing_pressure,NRU,LocalAllocation,10,5,4200,{'trace_kind': 'trace'},0.0042
isolation,1,report_thrashing_pressure,NRU,LocalAllocation,10,5,3900,{'trace_kind': 'trace'},0.0039
isolation,0,report_thrashing_pressure,NRU,LocalAllocation,10,6,4400,{'trace_kind': 'trace'},0.0044
isolation,1,report_thrashing_pressure,NRU,LocalAllocation,10,6,4500,{'trace_kind': 'trace'},0.0045
isolation,0,report_thrashing_pressure,NRU,LocalAllocation,10,7,4200,{'trace_kind': 'trace'},0.0042
isolation,1,report_thrashing_pressure,NRU,LocalAllocation,10,7,4000,{'trace_kind': 'trace'},0.004
isolation,0,report_thrashing_pressure,NRU,LocalAllocation,10,8,4200,{'trace_kind': 'trace'},0.0042
isolation,1,report_thrashing_pressure,NRU,LocalAllocation,10,8,4300,{'trace_kind': 'trace'},0.0043
isolation,0,report_thrashing_pressure,NRU,LocalAllocation,10,9,4000,{'trace_kind': 'trace'},0.004
isolation,1,report_thrashing_pressure,NRU,LocalAllocation,10,9,4200,{'trace_kind': 'trace'},0.0042
isolation,0,report_thrashing_pressure,NRU,ProportionalAllocation,10,0,4300,{'trace_kind': 'trace'},0.0043
isolation,1,report_thrashing_pressure,NRU,ProportionalAllocation,10,0,4100,{'trace_kind': 'trace'},0.0041
isolation,0,report_thrashing_pressure,NRU,ProportionalAllocation,10,1,4500,{'trace_kind': 'trace'},0.0045
isolation,1,report_thrashing_pressure,NRU,ProportionalAllocation,10,1,4100,{'trace_kind': 'trace'},0.0041
isolation,0,report_thrashing_pressure,NRU,ProportionalAllocation,10,2,4200,{'trace_kind': 'trace'},0.0042
isolation,1,report_thrashing_pressure,NRU,ProportionalAllocation,10,2,4200,{'trace_kind': 'trace'},0.0042
isolation,0,report_thrashing_pressure,NRU,ProportionalAllocation,10,3,4100,{'trace_kind': 'trace'},0.0041
isolation,1,report_thrashing_pressure,NRU,ProportionalAllocation,10,3,4100,{'trace_kind': 'trace'},0.0041
isolation,0,report_thrashing_pressure,NRU,ProportionalAllocation,10,4,4300,{'trace_kind': 'trace'},0.0043
isolation,1,report_thrashing_pressure,NRU,ProportionalAllocation,10,4,4100,{'trace_kind': 'trace'},0.0041
isolation,0,report_thrashing_pressure,NRU,ProportionalAllocation,10,5,4200,{'trace_kind': 'trace'},0.0042
isolation,1,report_thrashing_pressure,NRU,ProportionalAllocation,10,5,4100,{'trace_kind': 'trace'},0.0041
isolation,0,report_thrashing_pressure,NRU,ProportionalAllocation,10,6,4300,{'trace_kind': 'trace'},0.0043
isolation,1,report_thrashing_pressure,NRU,ProportionalAllocation,10,6,4200,{'trace_kind': 'trace'},0.0042
isolation,0,report_thrashing_pressure,NRU,ProportionalAllocation,10,7,4100,{'trace_kind': 'trace'},0.0041
isolation,1,report_thrashing_pressure,NRU,ProportionalAllocation,10,7,4100,{'trace_kind': 'trace'},0.0041
isolation,0,report_thrashing_pressure,NRU,ProportionalAllocation,10,8,4100,{'trace_kind': 'trace'},0.0041
isolation,1,report_thrashing_pressure,NRU,ProportionalAllocation,10,8,4400,{'trace_kind': 'trace'},0.0044
isolation,0,report_thrashing_pressure,NRU,ProportionalAllocation,10,9,4200,{'trace_kind': 'trace'},0.0042
isolation,1,report_thrashing_pressure,NRU,ProportionalAllocation,10,9,4100,{'trace_kind': 'trace'},0.0041
isolation,0,report_thrashing_pressure,SecondChance,GlobalAllocation,10,0,6200,{'trace_kind': 'trace'},0.0062
isolation,1,report_thrashing_pressure,SecondChance,GlobalAllocation,10,0,5200,{'trace_kind': 'trace'},0.0052
isolation,0,report_thrashing_pressure,SecondChance,GlobalAllocation,10,1,4900,{'trace_kind': 'trace'},0.0049
isolation,1,report_thrashing_pressure,SecondChance,GlobalAllocation,10,1,4300,{'trace_kind': 'trace'},0.0043
isolation,0,report_thrashing_pressure,SecondChance,GlobalAllocation,10,2,4400,{'trace_kind': 'trace'},0.0044
isolation,1,report_thrashing_pressure,SecondChance,GlobalAllocation,10,2,4300,{'trace_kind': 'trace'},0.0043
isolation,0,report_thrashing_pressure,SecondChance,GlobalAllocation,10,3,4400,{'trace_kind': 'trace'},0.0044
isolation,1,report_thrashing_pressure,SecondChance,GlobalAllocation,10,3,4200,{'trace_kind': 'trace'},0.0042
isolation,0,report_thrashing_pressure,SecondChance,GlobalAllocation,10,4,4500,{'trace_kind': 'trace'},0.0045
isolation,1,report_thrashing_pressure,SecondChance,GlobalAllocation,10,4,4400,{'trace_kind': 'trace'},0.0044
isolation,0,report_thrashing_pressure,SecondChance,GlobalAllocation,10,5,4400,{'trace_kind': 'trace'},0.0044
isolation,1,report_thrashing_pressure,SecondChance,GlobalAllocation,10,5,4300,{'trace_kind': 'trace'},0.0043
isolation,0,report_thrashing_pressure,SecondChance,GlobalAllocation,10,6,4400,{'trace_kind': 'trace'},0.0044
isolation,1,report_thrashing_pressure,SecondChance,GlobalAllocation,10,6,4300,{'trace_kind': 'trace'},0.0043
isolation,0,report_thrashing_pressure,SecondChance,GlobalAllocation,10,7,4500,{'trace_kind': 'trace'},0.0045
isolation,1,report_thrashing_pressure,SecondChance,GlobalAllocation,10,7,4400,{'trace_kind': 'trace'},0.0044
isolation,0,report_thrashing_pressure,SecondChance,GlobalAllocation,10,8,4300,{'trace_kind': 'trace'},0.0043
isolation,1,report_thrashing_pressure,SecondChance,GlobalAllocation,10,8,4400,{'trace_kind': 'trace'},0.0044
isolation,0,report_thrashing_pressure,SecondChance,GlobalAllocation,10,9,4200,{'trace_kind': 'trace'},0.0042
isolation,1,report_thrashing_pressure,SecondChance,GlobalAllocation,10,9,4100,{'trace_kind': 'trace'},0.0041
isolation,0,report_thrashing_pressure,SecondChance,LocalAllocation,10,0,4400,{'trace_kind': 'trace'},0.0044
isolation,1,report_thrashing_pressure,SecondChance,LocalAllocation,10,0,4000,{'trace_kind': 'trace'},0.004
isolation,0,report_thrashing_pressure,SecondChance,LocalAllocation,10,1,4400,{'trace_kind': 'trace'},0.0044
isolation,1,report_thrashing_pressure,SecondChance,LocalAllocation,10,1,4000,{'trace_kind': 'trace'},0.004
isolation,0,report_thrashing_pressure,SecondChance,LocalAllocation,10,2,4200,{'trace_kind': 'trace'},0.0042
isolation,1,report_thrashing_pressure,SecondChance,LocalAllocation,10,2,4200,{'trace_kind': 'trace'},0.0042
isolation,0,report_thrashing_pressure,SecondChance,LocalAllocation,10,3,4200,{'trace_kind': 'trace'},0.0042
isolation,1,report_thrashing_pressure,SecondChance,LocalAllocation,10,3,4500,{'trace_kind': 'trace'},0.0045
isolation,0,report_thrashing_pressure,SecondChance,LocalAllocation,10,4,4200,{'trace_kind': 'trace'},0.0042
isolation,1,report_thrashing_pressure,SecondChance,LocalAllocation,10,4,4000,{'trace_kind': 'trace'},0.004
isolation,0,report_thrashing_pressure,SecondChance,LocalAllocation,10,5,4200,{'trace_kind': 'trace'},0.0042
isolation,1,report_thrashing_pressure,SecondChance,LocalAllocation,10,5,4000,{'trace_kind': 'trace'},0.004
isolation,0,report_thrashing_pressure,SecondChance,LocalAllocation,10,6,4200,{'trace_kind': 'trace'},0.0042
isolation,1,report_thrashing_pressure,SecondChance,LocalAllocation,10,6,4200,{'trace_kind': 'trace'},0.0042
isolation,0,report_thrashing_pressure,SecondChance,LocalAllocation,10,7,4400,{'trace_kind': 'trace'},0.0044
isolation,1,report_thrashing_pressure,SecondChance,LocalAllocation,10,7,4100,{'trace_kind': 'trace'},0.0041
isolation,0,report_thrashing_pressure,SecondChance,LocalAllocation,10,8,4200,{'trace_kind': 'trace'},0.0042
isolation,1,report_thrashing_pressure,SecondChance,LocalAllocation,10,8,4100,{'trace_kind': 'trace'},0.0041
isolation,0,report_thrashing_pressure,SecondChance,LocalAllocation,10,9,4300,{'trace_kind': 'trace'},0.0043
isolation,1,report_thrashing_pressure,SecondChance,LocalAllocation,10,9,4100,{'trace_kind': 'trace'},0.0041
isolation,0,report_thrashing_pressure,SecondChance,ProportionalAllocation,10,0,4400,{'trace_kind': 'trace'},0.0044
isolation,1,report_thrashing_pressure,SecondChance,ProportionalAllocation,10,0,4100,{'trace_kind': 'trace'},0.0041
isolation,0,report_thrashing_pressure,SecondChance,ProportionalAllocation,10,1,4200,{'trace_kind': 'trace'},0.0042
isolation,1,report_thrashing_pressure,SecondChance,ProportionalAllocation,10,1,4100,{'trace_kind': 'trace'},0.0041
isolation,0,report_thrashing_pressure,SecondChance,ProportionalAllocation,10,2,4200,{'trace_kind': 'trace'},0.0042
isolation,1,report_thrashing_pressure,SecondChance,ProportionalAllocation,10,2,4000,{'trace_kind': 'trace'},0.004
isolation,0,report_thrashing_pressure,SecondChance,ProportionalAllocation,10,3,4200,{'trace_kind': 'trace'},0.0042
isolation,1,report_thrashing_pressure,SecondChance,ProportionalAllocation,10,3,4200,{'trace_kind': 'trace'},0.0042
isolation,0,report_thrashing_pressure,SecondChance,ProportionalAllocation,10,4,4100,{'trace_kind': 'trace'},0.0041
isolation,1,report_thrashing_pressure,SecondChance,ProportionalAllocation,10,4,4200,{'trace_kind': 'trace'},0.0042
isolation,0,report_thrashing_pressure,SecondChance,ProportionalAllocation,10,5,4300,{'trace_kind': 'trace'},0.0043
isolation,1,report_thrashing_pressure,SecondChance,ProportionalAllocation,10,5,4000,{'trace_kind': 'trace'},0.004
isolation,0,report_thrashing_pressure,SecondChance,ProportionalAllocation,10,6,4100,{'trace_kind': 'trace'},0.0041
isolation,1,report_thrashing_pressure,SecondChance,ProportionalAllocation,10,6,4100,{'trace_kind': 'trace'},0.0041
isolation,0,report_thrashing_pressure,SecondChance,ProportionalAllocation,10,7,4200,{'trace_kind': 'trace'},0.0042
isolation,1,report_thrashing_pressure,SecondChance,ProportionalAllocation,10,7,4100,{'trace_kind': 'trace'},0.0041
isolation,0,report_thrashing_pressure,SecondChance,ProportionalAllocation,10,8,4300,{'trace_kind': 'trace'},0.0043
isolation,1,report_thrashing_pressure,SecondChance,ProportionalAllocation,10,8,4100,{'trace_kind': 'trace'},0.0041
isolation,0,report_thrashing_pressure,SecondChance,ProportionalAllocation,10,9,4300,{'trace_kind': 'trace'},0.0043
isolation,1,report_thrashing_pressure,SecondChance,ProportionalAllocation,10,9,4100,{'trace_kind': 'trace'},0.0041
isolation,0,report_thrashing_pressure,WSClock,GlobalAllocation,10,0,6400,{'trace_kind': 'trace'},0.0064
isolation,1,report_thrashing_pressure,WSClock,GlobalAllocation,10,0,5100,{'trace_kind': 'trace'},0.0051
isolation,0,report_thrashing_pressure,WSClock,GlobalAllocation,10,1,5000,{'trace_kind': 'trace'},0.005
isolation,1,report_thrashing_pressure,WSClock,GlobalAllocation,10,1,4400,{'trace_kind': 'trace'},0.0044
isolation,0,report_thrashing_pressure,WSClock,GlobalAllocation,10,2,4500,{'trace_kind': 'trace'},0.0045
isolation,1,report_thrashing_pressure,WSClock,GlobalAllocation,10,2,4200,{'trace_kind': 'trace'},0.0042
isolation,0,report_thrashing_pressure,WSClock,GlobalAllocation,10,3,4400,{'trace_kind': 'trace'},0.0044
isolation,1,report_thrashing_pressure,WSClock,GlobalAllocation,10,3,4600,{'trace_kind': 'trace'},0.0046
isolation,0,report_thrashing_pressure,WSClock,GlobalAllocation,10,4,4300,{'trace_kind': 'trace'},0.0043
isolation,1,report_thrashing_pressure,WSClock,GlobalAllocation,10,4,4600,{'trace_kind': 'trace'},0.0046
isolation,0,report_thrashing_pressure,WSClock,GlobalAllocation,10,5,4400,{'trace_kind': 'trace'},0.0044
isolation,1,report_thrashing_pressure,WSClock,GlobalAllocation,10,5,4500,{'trace_kind': 'trace'},0.0045
isolation,0,report_thrashing_pressure,WSClock,GlobalAllocation,10,6,4400,{'trace_kind': 'trace'},0.0044
isolation,1,report_thrashing_pressure,WSClock,GlobalAllocation,10,6,4200,{'trace_kind': 'trace'},0.0042
isolation,0,report_thrashing_pressure,WSClock,GlobalAllocation,10,7,4600,{'trace_kind': 'trace'},0.0046
isolation,1,report_thrashing_pressure,WSClock,GlobalAllocation,10,7,4400,{'trace_kind': 'trace'},0.0044
isolation,0,report_thrashing_pressure,WSClock,GlobalAllocation,10,8,4500,{'trace_kind': 'trace'},0.0045
isolation,1,report_thrashing_pressure,WSClock,GlobalAllocation,10,8,4400,{'trace_kind': 'trace'},0.0044
isolation,0,report_thrashing_pressure,WSClock,GlobalAllocation,10,9,4300,{'trace_kind': 'trace'},0.0043
isolation,1,report_thrashing_pressure,WSClock,GlobalAllocation,10,9,4100,{'trace_kind': 'trace'},0.0041
isolation,0,report_thrashing_pressure,WSClock,LocalAllocation,10,0,4300,{'trace_kind': 'trace'},0.0043
isolation,1,report_thrashing_pressure,WSClock,LocalAllocation,10,0,4200,{'trace_kind': 'trace'},0.0042
isolation,0,report_thrashing_pressure,WSClock,LocalAllocation,10,1,4400,{'trace_kind': 'trace'},0.0044
isolation,1,report_thrashing_pressure,WSClock,LocalAllocation,10,1,3900,{'trace_kind': 'trace'},0.0039
isolation,0,report_thrashing_pressure,WSClock,LocalAllocation,10,2,4200,{'trace_kind': 'trace'},0.0042
isolation,1,report_thrashing_pressure,WSClock,LocalAllocation,10,2,4000,{'trace_kind': 'trace'},0.004
isolation,0,report_thrashing_pressure,WSClock,LocalAllocation,10,3,4300,{'trace_kind': 'trace'},0.0043
isolation,1,report_thrashing_pressure,WSClock,LocalAllocation,10,3,4300,{'trace_kind': 'trace'},0.0043
isolation,0,report_thrashing_pressure,WSClock,LocalAllocation,10,4,4300,{'trace_kind': 'trace'},0.0043
isolation,1,report_thrashing_pressure,WSClock,LocalAllocation,10,4,4000,{'trace_kind': 'trace'},0.004
isolation,0,report_thrashing_pressure,WSClock,LocalAllocation,10,5,4500,{'trace_kind': 'trace'},0.0045
isolation,1,report_thrashing_pressure,WSClock,LocalAllocation,10,5,4400,{'trace_kind': 'trace'},0.0044
isolation,0,report_thrashing_pressure,WSClock,LocalAllocation,10,6,4200,{'trace_kind': 'trace'},0.0042
isolation,1,report_thrashing_pressure,WSClock,LocalAllocation,10,6,7200,{'trace_kind': 'trace'},0.0072
isolation,0,report_thrashing_pressure,WSClock,LocalAllocation,10,7,4500,{'trace_kind': 'trace'},0.0045
isolation,1,report_thrashing_pressure,WSClock,LocalAllocation,10,7,4100,{'trace_kind': 'trace'},0.0041
isolation,0,report_thrashing_pressure,WSClock,LocalAllocation,10,8,4200,{'trace_kind': 'trace'},0.0042
isolation,1,report_thrashing_pressure,WSClock,LocalAllocation,10,8,4400,{'trace_kind': 'trace'},0.0044
isolation,0,report_thrashing_pressure,WSClock,LocalAllocation,10,9,4400,{'trace_kind': 'trace'},0.0044
isolation,1,report_thrashing_pressure,WSClock,LocalAllocation,10,9,4100,{'trace_kind': 'trace'},0.0041
isolation,0,report_thrashing_pressure,WSClock,ProportionalAllocation,10,0,4400,{'trace_kind': 'trace'},0.0044
isolation,1,report_thrashing_pressure,WSClock,ProportionalAllocation,10,0,4200,{'trace_kind': 'trace'},0.0042
isolation,0,report_thrashing_pressure,WSClock,ProportionalAllocation,10,1,4300,{'trace_kind': 'trace'},0.0043
isolation,1,report_thrashing_pressure,WSClock,ProportionalAllocation,10,1,4000,{'trace_kind': 'trace'},0.004
isolation,0,report_thrashing_pressure,WSClock,ProportionalAllocation,10,2,4200,{'trace_kind': 'trace'},0.0042
isolation,1,report_thrashing_pressure,WSClock,ProportionalAllocation,10,2,4200,{'trace_kind': 'trace'},0.0042
isolation,0,report_thrashing_pressure,WSClock,ProportionalAllocation,10,3,4200,{'trace_kind': 'trace'},0.0042
isolation,1,report_thrashing_pressure,WSClock,ProportionalAllocation,10,3,4000,{'trace_kind': 'trace'},0.004
isolation,0,report_thrashing_pressure,WSClock,ProportionalAllocation,10,4,4200,{'trace_kind': 'trace'},0.0042
isolation,1,report_thrashing_pressure,WSClock,ProportionalAllocation,10,4,4100,{'trace_kind': 'trace'},0.0041
isolation,0,report_thrashing_pressure,WSClock,ProportionalAllocation,10,5,5300,{'trace_kind': 'trace'},0.0053
isolation,1,report_thrashing_pressure,WSClock,ProportionalAllocation,10,5,4100,{'trace_kind': 'trace'},0.0041
isolation,0,report_thrashing_pressure,WSClock,ProportionalAllocation,10,6,4200,{'trace_kind': 'trace'},0.0042
isolation,1,report_thrashing_pressure,WSClock,ProportionalAllocation,10,6,4200,{'trace_kind': 'trace'},0.0042
isolation,0,report_thrashing_pressure,WSClock,ProportionalAllocation,10,7,4200,{'trace_kind': 'trace'},0.0042
isolation,1,report_thrashing_pressure,WSClock,ProportionalAllocation,10,7,4100,{'trace_kind': 'trace'},0.0041
isolation,0,report_thrashing_pressure,WSClock,ProportionalAllocation,10,8,4100,{'trace_kind': 'trace'},0.0041
isolation,1,report_thrashing_pressure,WSClock,ProportionalAllocation,10,8,4100,{'trace_kind': 'trace'},0.0041
isolation,0,report_thrashing_pressure,WSClock,ProportionalAllocation,10,9,4400,{'trace_kind': 'trace'},0.0044
isolation,1,report_thrashing_pressure,WSClock,ProportionalAllocation,10,9,4100,{'trace_kind': 'trace'},0.0041
isolation,0,report_thrashing_pressure,FIFO,GlobalAllocation,12,0,6000,{'trace_kind': 'trace'},0.006
isolation,1,report_thrashing_pressure,FIFO,GlobalAllocation,12,0,4900,{'trace_kind': 'trace'},0.0049
isolation,0,report_thrashing_pressure,FIFO,GlobalAllocation,12,1,5000,{'trace_kind': 'trace'},0.005
isolation,1,report_thrashing_pressure,FIFO,GlobalAllocation,12,1,4400,{'trace_kind': 'trace'},0.0044
isolation,0,report_thrashing_pressure,FIFO,GlobalAllocation,12,2,4400,{'trace_kind': 'trace'},0.0044
isolation,1,report_thrashing_pressure,FIFO,GlobalAllocation,12,2,4200,{'trace_kind': 'trace'},0.0042
isolation,0,report_thrashing_pressure,FIFO,GlobalAllocation,12,3,4100,{'trace_kind': 'trace'},0.0041
isolation,1,report_thrashing_pressure,FIFO,GlobalAllocation,12,3,4100,{'trace_kind': 'trace'},0.0041
isolation,0,report_thrashing_pressure,FIFO,GlobalAllocation,12,4,4400,{'trace_kind': 'trace'},0.0044
isolation,1,report_thrashing_pressure,FIFO,GlobalAllocation,12,4,4500,{'trace_kind': 'trace'},0.0045
isolation,0,report_thrashing_pressure,FIFO,GlobalAllocation,12,5,5900,{'trace_kind': 'trace'},0.0059
isolation,1,report_thrashing_pressure,FIFO,GlobalAllocation,12,5,4200,{'trace_kind': 'trace'},0.0042
isolation,0,report_thrashing_pressure,FIFO,GlobalAllocation,12,6,4100,{'trace_kind': 'trace'},0.0041
isolation,1,report_thrashing_pressure,FIFO,GlobalAllocation,12,6,4200,{'trace_kind': 'trace'},0.0042
isolation,0,report_thrashing_pressure,FIFO,GlobalAllocation,12,7,4300,{'trace_kind': 'trace'},0.0043
isolation,1,report_thrashing_pressure,FIFO,GlobalAllocation,12,7,4100,{'trace_kind': 'trace'},0.0041
isolation,0,report_thrashing_pressure,FIFO,GlobalAllocation,12,8,4300,{'trace_kind': 'trace'},0.0043
isolation,1,report_thrashing_pressure,FIFO,GlobalAllocation,12,8,4400,{'trace_kind': 'trace'},0.0044
isolation,0,report_thrashing_pressure,FIFO,GlobalAllocation,12,9,4000,{'trace_kind': 'trace'},0.004
isolation,1,report_thrashing_pressure,FIFO,GlobalAllocation,12,9,3900,{'trace_kind': 'trace'},0.0039
isolation,0,report_thrashing_pressure,FIFO,LocalAllocation,12,0,4600,{'trace_kind': 'trace'},0.0046
isolation,1,report_thrashing_pressure,FIFO,LocalAllocation,12,0,3700,{'trace_kind': 'trace'},0.0037
isolation,0,report_thrashing_pressure,FIFO,LocalAllocation,12,1,4000,{'trace_kind': 'trace'},0.004
isolation,1,report_thrashing_pressure,FIFO,LocalAllocation,12,1,3900,{'trace_kind': 'trace'},0.0039
isolation,0,report_thrashing_pressure,FIFO,LocalAllocation,12,2,4000,{'trace_kind': 'trace'},0.004
isolation,1,report_thrashing_pressure,FIFO,LocalAllocation,12,2,3900,{'trace_kind': 'trace'},0.0039
isolation,0,report_thrashing_pressure,FIFO,LocalAllocation,12,3,4100,{'trace_kind': 'trace'},0.0041
isolation,1,report_thrashing_pressure,FIFO,LocalAllocation,12,3,3800,{'trace_kind': 'trace'},0.0038
isolation,0,report_thrashing_pressure,FIFO,LocalAllocation,12,4,4000,{'trace_kind': 'trace'},0.004
isolation,1,report_thrashing_pressure,FIFO,LocalAllocation,12,4,3900,{'trace_kind': 'trace'},0.0039
isolation,0,report_thrashing_pressure,FIFO,LocalAllocation,12,5,3900,{'trace_kind': 'trace'},0.0039
isolation,1,report_thrashing_pressure,FIFO,LocalAllocation,12,5,3900,{'trace_kind': 'trace'},0.0039
isolation,0,report_thrashing_pressure,FIFO,LocalAllocation,12,6,4100,{'trace_kind': 'trace'},0.0041
isolation,1,report_thrashing_pressure,FIFO,LocalAllocation,12,6,3800,{'trace_kind': 'trace'},0.0038
isolation,0,report_thrashing_pressure,FIFO,LocalAllocation,12,7,3900,{'trace_kind': 'trace'},0.0039
isolation,1,report_thrashing_pressure,FIFO,LocalAllocation,12,7,3900,{'trace_kind': 'trace'},0.0039
isolation,0,report_thrashing_pressure,FIFO,LocalAllocation,12,8,4000,{'trace_kind': 'trace'},0.004
isolation,1,report_thrashing_pressure,FIFO,LocalAllocation,12,8,5300,{'trace_kind': 'trace'},0.0053
isolation,0,report_thrashing_pressure,FIFO,LocalAllocation,12,9,4200,{'trace_kind': 'trace'},0.0042
isolation,1,report_thrashing_pressure,FIFO,LocalAllocation,12,9,3800,{'trace_kind': 'trace'},0.0038
isolation,0,report_thrashing_pressure,FIFO,ProportionalAllocation,12,0,4100,{'trace_kind': 'trace'},0.0041
isolation,1,report_thrashing_pressure,FIFO,ProportionalAllocation,12,0,4100,{'trace_kind': 'trace'},0.0041
isolation,0,report_thrashing_pressure,FIFO,ProportionalAllocation,12,1,4100,{'trace_kind': 'trace'},0.0041
isolation,1,report_thrashing_pressure,FIFO,ProportionalAllocation,12,1,3700,{'trace_kind': 'trace'},0.0037
isolation,0,report_thrashing_pressure,FIFO,ProportionalAllocation,12,2,4000,{'trace_kind': 'trace'},0.004
isolation,1,report_thrashing_pressure,FIFO,ProportionalAllocation,12,2,4000,{'trace_kind': 'trace'},0.004
isolation,0,report_thrashing_pressure,FIFO,ProportionalAllocation,12,3,4100,{'trace_kind': 'trace'},0.0041
isolation,1,report_thrashing_pressure,FIFO,ProportionalAllocation,12,3,4000,{'trace_kind': 'trace'},0.004
isolation,0,report_thrashing_pressure,FIFO,ProportionalAllocation,12,4,4200,{'trace_kind': 'trace'},0.0042
isolation,1,report_thrashing_pressure,FIFO,ProportionalAllocation,12,4,3900,{'trace_kind': 'trace'},0.0039
isolation,0,report_thrashing_pressure,FIFO,ProportionalAllocation,12,5,3900,{'trace_kind': 'trace'},0.0039
isolation,1,report_thrashing_pressure,FIFO,ProportionalAllocation,12,5,3800,{'trace_kind': 'trace'},0.0038
isolation,0,report_thrashing_pressure,FIFO,ProportionalAllocation,12,6,4100,{'trace_kind': 'trace'},0.0041
isolation,1,report_thrashing_pressure,FIFO,ProportionalAllocation,12,6,3800,{'trace_kind': 'trace'},0.0038
isolation,0,report_thrashing_pressure,FIFO,ProportionalAllocation,12,7,3800,{'trace_kind': 'trace'},0.0038
isolation,1,report_thrashing_pressure,FIFO,ProportionalAllocation,12,7,3800,{'trace_kind': 'trace'},0.0038
isolation,0,report_thrashing_pressure,FIFO,ProportionalAllocation,12,8,4000,{'trace_kind': 'trace'},0.004
isolation,1,report_thrashing_pressure,FIFO,ProportionalAllocation,12,8,3900,{'trace_kind': 'trace'},0.0039
isolation,0,report_thrashing_pressure,FIFO,ProportionalAllocation,12,9,4000,{'trace_kind': 'trace'},0.004
isolation,1,report_thrashing_pressure,FIFO,ProportionalAllocation,12,9,3900,{'trace_kind': 'trace'},0.0039
isolation,0,report_thrashing_pressure,LRU,GlobalAllocation,12,0,6400,{'trace_kind': 'trace'},0.0064
isolation,1,report_thrashing_pressure,LRU,GlobalAllocation,12,0,5400,{'trace_kind': 'trace'},0.0054
isolation,0,report_thrashing_pressure,LRU,GlobalAllocation,12,1,5000,{'trace_kind': 'trace'},0.005
isolation,1,report_thrashing_pressure,LRU,GlobalAllocation,12,1,4600,{'trace_kind': 'trace'},0.0046
isolation,0,report_thrashing_pressure,LRU,GlobalAllocation,12,2,4600,{'trace_kind': 'trace'},0.0046
isolation,1,report_thrashing_pressure,LRU,GlobalAllocation,12,2,4600,{'trace_kind': 'trace'},0.0046
isolation,0,report_thrashing_pressure,LRU,GlobalAllocation,12,3,4800,{'trace_kind': 'trace'},0.0048
isolation,1,report_thrashing_pressure,LRU,GlobalAllocation,12,3,4500,{'trace_kind': 'trace'},0.0045
isolation,0,report_thrashing_pressure,LRU,GlobalAllocation,12,4,4700,{'trace_kind': 'trace'},0.0047
isolation,1,report_thrashing_pressure,LRU,GlobalAllocation,12,4,4500,{'trace_kind': 'trace'},0.0045
isolation,0,report_thrashing_pressure,LRU,GlobalAllocation,12,5,4500,{'trace_kind': 'trace'},0.0045
isolation,1,report_thrashing_pressure,LRU,GlobalAllocation,12,5,4500,{'trace_kind': 'trace'},0.0045
isolation,0,report_thrashing_pressure,LRU,GlobalAllocation,12,6,4600,{'trace_kind': 'trace'},0.0046
isolation,1,report_thrashing_pressure,LRU,GlobalAllocation,12,6,4600,{'trace_kind': 'trace'},0.0046
isolation,0,report_thrashing_pressure,LRU,GlobalAllocation,12,7,4600,{'trace_kind': 'trace'},0.0046
isolation,1,report_thrashing_pressure,LRU,GlobalAllocation,12,7,4500,{'trace_kind': 'trace'},0.0045
isolation,0,report_thrashing_pressure,LRU,GlobalAllocation,12,8,4600,{'trace_kind': 'trace'},0.0046
isolation,1,report_thrashing_pressure,LRU,GlobalAllocation,12,8,4400,{'trace_kind': 'trace'},0.0044
isolation,0,report_thrashing_pressure,LRU,GlobalAllocation,12,9,4600,{'trace_kind': 'trace'},0.0046
isolation,1,report_thrashing_pressure,LRU,GlobalAllocation,12,9,4400,{'trace_kind': 'trace'},0.0044
isolation,0,report_thrashing_pressure,LRU,LocalAllocation,12,0,8300,{'trace_kind': 'trace'},0.0083
isolation,1,report_thrashing_pressure,LRU,LocalAllocation,12,0,6100,{'trace_kind': 'trace'},0.0061
isolation,0,report_thrashing_pressure,LRU,LocalAllocation,12,1,8800,{'trace_kind': 'trace'},0.0088
isolation,1,report_thrashing_pressure,LRU,LocalAllocation,12,1,5400,{'trace_kind': 'trace'},0.0054
isolation,0,report_thrashing_pressure,LRU,LocalAllocation,12,2,9000,{'trace_kind': 'trace'},0.009
isolation,1,report_thrashing_pressure,LRU,LocalAllocation,12,2,9200,{'trace_kind': 'trace'},0.0092
isolation,0,report_thrashing_pressure,LRU,LocalAllocation,12,3,8400,{'trace_kind': 'trace'},0.0084
isolation,1,report_thrashing_pressure,LRU,LocalAllocation,12,3,8300,{'trace_kind': 'trace'},0.0083
isolation,0,report_thrashing_pressure,LRU,LocalAllocation,12,4,7800,{'trace_kind': 'trace'},0.0078
isolation,1,report_thrashing_pressure,LRU,LocalAllocation,12,4,7300,{'trace_kind': 'trace'},0.0073
isolation,0,report_thrashing_pressure,LRU,LocalAllocation,12,5,8300,{'trace_kind': 'trace'},0.0083
isolation,1,report_thrashing_pressure,LRU,LocalAllocation,12,5,8400,{'trace_kind': 'trace'},0.0084
isolation,0,report_thrashing_pressure,LRU,LocalAllocation,12,6,8700,{'trace_kind': 'trace'},0.0087
isolation,1,report_thrashing_pressure,LRU,LocalAllocation,12,6,8500,{'trace_kind': 'trace'},0.0085
isolation,0,report_thrashing_pressure,LRU,LocalAllocation,12,7,8000,{'trace_kind': 'trace'},0.008
isolation,1,report_thrashing_pressure,LRU,LocalAllocation,12,7,8400,{'trace_kind': 'trace'},0.0084
isolation,0,report_thrashing_pressure,LRU,LocalAllocation,12,8,9400,{'trace_kind': 'trace'},0.0094
isolation,1,report_thrashing_pressure,LRU,LocalAllocation,12,8,8100,{'trace_kind': 'trace'},0.0081
isolation,0,report_thrashing_pressure,LRU,LocalAllocation,12,9,9100,{'trace_kind': 'trace'},0.0091
isolation,1,report_thrashing_pressure,LRU,LocalAllocation,12,9,8700,{'trace_kind': 'trace'},0.0087
isolation,0,report_thrashing_pressure,LRU,ProportionalAllocation,12,0,8600,{'trace_kind': 'trace'},0.0086
isolation,1,report_thrashing_pressure,LRU,ProportionalAllocation,12,0,7800,{'trace_kind': 'trace'},0.0078
isolation,0,report_thrashing_pressure,LRU,ProportionalAllocation,12,1,8500,{'trace_kind': 'trace'},0.0085
isolation,1,report_thrashing_pressure,LRU,ProportionalAllocation,12,1,7800,{'trace_kind': 'trace'},0.0078
isolation,0,report_thrashing_pressure,LRU,ProportionalAllocation,12,2,8200,{'trace_kind': 'trace'},0.0082
isolation,1,report_thrashing_pressure,LRU,ProportionalAllocation,12,2,8200,{'trace_kind': 'trace'},0.0082
isolation,0,report_thrashing_pressure,LRU,ProportionalAllocation,12,3,8800,{'trace_kind': 'trace'},0.0088
isolation,1,report_thrashing_pressure,LRU,ProportionalAllocation,12,3,8600,{'trace_kind': 'trace'},0.0086
isolation,0,report_thrashing_pressure,LRU,ProportionalAllocation,12,4,7900,{'trace_kind': 'trace'},0.0079
isolation,1,report_thrashing_pressure,LRU,ProportionalAllocation,12,4,10300,{'trace_kind': 'trace'},0.0103
isolation,0,report_thrashing_pressure,LRU,ProportionalAllocation,12,5,7600,{'trace_kind': 'trace'},0.0076
isolation,1,report_thrashing_pressure,LRU,ProportionalAllocation,12,5,7800,{'trace_kind': 'trace'},0.0078
isolation,0,report_thrashing_pressure,LRU,ProportionalAllocation,12,6,6400,{'trace_kind': 'trace'},0.0064
isolation,1,report_thrashing_pressure,LRU,ProportionalAllocation,12,6,6300,{'trace_kind': 'trace'},0.0063
isolation,0,report_thrashing_pressure,LRU,ProportionalAllocation,12,7,7100,{'trace_kind': 'trace'},0.0071
isolation,1,report_thrashing_pressure,LRU,ProportionalAllocation,12,7,7500,{'trace_kind': 'trace'},0.0075
isolation,0,report_thrashing_pressure,LRU,ProportionalAllocation,12,8,7300,{'trace_kind': 'trace'},0.0073
isolation,1,report_thrashing_pressure,LRU,ProportionalAllocation,12,8,8300,{'trace_kind': 'trace'},0.0083
isolation,0,report_thrashing_pressure,LRU,ProportionalAllocation,12,9,8300,{'trace_kind': 'trace'},0.0083
isolation,1,report_thrashing_pressure,LRU,ProportionalAllocation,12,9,8600,{'trace_kind': 'trace'},0.0086
isolation,0,report_thrashing_pressure,NRU,GlobalAllocation,12,0,11700,{'trace_kind': 'trace'},0.0117
isolation,1,report_thrashing_pressure,NRU,GlobalAllocation,12,0,9600,{'trace_kind': 'trace'},0.0096
isolation,0,report_thrashing_pressure,NRU,GlobalAllocation,12,1,8100,{'trace_kind': 'trace'},0.0081
isolation,1,report_thrashing_pressure,NRU,GlobalAllocation,12,1,7700,{'trace_kind': 'trace'},0.0077
isolation,0,report_thrashing_pressure,NRU,GlobalAllocation,12,2,8200,{'trace_kind': 'trace'},0.0082
isolation,1,report_thrashing_pressure,NRU,GlobalAllocation,12,2,7500,{'trace_kind': 'trace'},0.0075
isolation,0,report_thrashing_pressure,NRU,GlobalAllocation,12,3,7900,{'trace_kind': 'trace'},0.0079
isolation,1,report_thrashing_pressure,NRU,GlobalAllocation,12,3,7500,{'trace_kind': 'trace'},0.0075
isolation,0,report_thrashing_pressure,NRU,GlobalAllocation,12,4,8600,{'trace_kind': 'trace'},0.0086
isolation,1,report_thrashing_pressure,NRU,GlobalAllocation,12,4,8300,{'trace_kind': 'trace'},0.0083
isolation,0,report_thrashing_pressure,NRU,GlobalAllocation,12,5,7800,{'trace_kind': 'trace'},0.0078
isolation,1,report_thrashing_pressure,NRU,GlobalAllocation,12,5,6200,{'trace_kind': 'trace'},0.0062
isolation,0,report_thrashing_pressure,NRU,GlobalAllocation,12,6,7300,{'trace_kind': 'trace'},0.0073
isolation,1,report_thrashing_pressure,NRU,GlobalAllocation,12,6,7900,{'trace_kind': 'trace'},0.0079
isolation,0,report_thrashing_pressure,NRU,GlobalAllocation,12,7,6000,{'trace_kind': 'trace'},0.006
isolation,1,report_thrashing_pressure,NRU,GlobalAllocation,12,7,7400,{'trace_kind': 'trace'},0.0074
isolation,0,report_thrashing_pressure,NRU,GlobalAllocation,12,8,7600,{'trace_kind': 'trace'},0.0076
isolation,1,report_thrashing_pressure,NRU,GlobalAllocation,12,8,8200,{'trace_kind': 'trace'},0.0082
isolation,0,report_thrashing_pressure,NRU,GlobalAllocation,12,9,7900,{'trace_kind': 'trace'},0.0079
isolation,1,report_thrashing_pressure,NRU,GlobalAllocation,12,9,6800,{'trace_kind': 'trace'},0.0068
isolation,0,report_thrashing_pressure,NRU,LocalAllocation,12,0,4300,{'trace_kind': 'trace'},0.0043
isolation,1,report_thrashing_pressure,NRU,LocalAllocation,12,0,3800,{'trace_kind': 'trace'},0.0038
isolation,0,report_thrashing_pressure,NRU,LocalAllocation,12,1,4000,{'trace_kind': 'trace'},0.004
isolation,1,report_thrashing_pressure,NRU,LocalAllocation,12,1,4000,{'trace_kind': 'trace'},0.004
isolation,0,report_thrashing_pressure,NRU,LocalAllocation,12,2,4200,{'trace_kind': 'trace'},0.0042
isolation,1,report_thrashing_pressure,NRU,LocalAllocation,12,2,3700,{'trace_kind': 'trace'},0.0037
isolation,0,report_thrashing_pressure,NRU,LocalAllocation,12,3,4200,{'trace_kind': 'trace'},0.0042
isolation,1,report_thrashing_pressure,NRU,LocalAllocation,12,3,3900,{'trace_kind': 'trace'},0.0039
isolation,0,report_thrashing_pressure,NRU,LocalAllocation,12,4,4200,{'trace_kind': 'trace'},0.0042
isolation,1,report_thrashing_pressure,NRU,LocalAllocation,12,4,4200,{'trace_kind': 'trace'},0.0042
isolation,0,report_thrashing_pressure,NRU,LocalAllocation,12,5,4100,{'trace_kind': 'trace'},0.0041
isolation,1,report_thrashing_pressure,NRU,LocalAllocation,12,5,4200,{'trace_kind': 'trace'},0.0042
isolation,0,report_thrashing_pressure,NRU,LocalAllocation,12,6,5100,{'trace_kind': 'trace'},0.0051
isolation,1,report_thrashing_pressure,NRU,LocalAllocation,12,6,4100,{'trace_kind': 'trace'},0.0041
isolation,0,report_thrashing_pressure,NRU,LocalAllocation,12,7,4300,{'trace_kind': 'trace'},0.0043
isolation,1,report_thrashing_pressure,NRU,LocalAllocation,12,7,4000,{'trace_kind': 'trace'},0.004
isolation,0,report_thrashing_pressure,NRU,LocalAllocation,12,8,3900,{'trace_kind': 'trace'},0.0039
isolation,1,report_thrashing_pressure,NRU,LocalAllocation,12,8,4100,{'trace_kind': 'trace'},0.0041
isolation,0,report_thrashing_pressure,NRU,LocalAllocation,12,9,5200,{'trace_kind': 'trace'},0.0052
isolation,1,report_thrashing_pressure,NRU,LocalAllocation,12,9,3800,{'trace_kind': 'trace'},0.0038
isolation,0,report_thrashing_pressure,NRU,ProportionalAllocation,12,0,4300,{'trace_kind': 'trace'},0.0043
isolation,1,report_thrashing_pressure,NRU,ProportionalAllocation,12,0,4100,{'trace_kind': 'trace'},0.0041
isolation,0,report_thrashing_pressure,NRU,ProportionalAllocation,12,1,4500,{'trace_kind': 'trace'},0.0045
isolation,1,report_thrashing_pressure,NRU,ProportionalAllocation,12,1,4200,{'trace_kind': 'trace'},0.0042
isolation,0,report_thrashing_pressure,NRU,ProportionalAllocation,12,2,4100,{'trace_kind': 'trace'},0.0041
isolation,1,report_thrashing_pressure,NRU,ProportionalAllocation,12,2,4100,{'trace_kind': 'trace'},0.0041
isolation,0,report_thrashing_pressure,NRU,ProportionalAllocation,12,3,4100,{'trace_kind': 'trace'},0.0041
isolation,1,report_thrashing_pressure,NRU,ProportionalAllocation,12,3,4100,{'trace_kind': 'trace'},0.0041
isolation,0,report_thrashing_pressure,NRU,ProportionalAllocation,12,4,4100,{'trace_kind': 'trace'},0.0041
isolation,1,report_thrashing_pressure,NRU,ProportionalAllocation,12,4,4000,{'trace_kind': 'trace'},0.004
isolation,0,report_thrashing_pressure,NRU,ProportionalAllocation,12,5,4100,{'trace_kind': 'trace'},0.0041
isolation,1,report_thrashing_pressure,NRU,ProportionalAllocation,12,5,4100,{'trace_kind': 'trace'},0.0041
isolation,0,report_thrashing_pressure,NRU,ProportionalAllocation,12,6,4200,{'trace_kind': 'trace'},0.0042
isolation,1,report_thrashing_pressure,NRU,ProportionalAllocation,12,6,4000,{'trace_kind': 'trace'},0.004
isolation,0,report_thrashing_pressure,NRU,ProportionalAllocation,12,7,4200,{'trace_kind': 'trace'},0.0042
isolation,1,report_thrashing_pressure,NRU,ProportionalAllocation,12,7,4100,{'trace_kind': 'trace'},0.0041
isolation,0,report_thrashing_pressure,NRU,ProportionalAllocation,12,8,4100,{'trace_kind': 'trace'},0.0041
isolation,1,report_thrashing_pressure,NRU,ProportionalAllocation,12,8,4000,{'trace_kind': 'trace'},0.004
isolation,0,report_thrashing_pressure,NRU,ProportionalAllocation,12,9,4000,{'trace_kind': 'trace'},0.004
isolation,1,report_thrashing_pressure,NRU,ProportionalAllocation,12,9,4000,{'trace_kind': 'trace'},0.004
isolation,0,report_thrashing_pressure,SecondChance,GlobalAllocation,12,0,6200,{'trace_kind': 'trace'},0.0062
isolation,1,report_thrashing_pressure,SecondChance,GlobalAllocation,12,0,5200,{'trace_kind': 'trace'},0.0052
isolation,0,report_thrashing_pressure,SecondChance,GlobalAllocation,12,1,4900,{'trace_kind': 'trace'},0.0049
isolation,1,report_thrashing_pressure,SecondChance,GlobalAllocation,12,1,4400,{'trace_kind': 'trace'},0.0044
isolation,0,report_thrashing_pressure,SecondChance,GlobalAllocation,12,2,4500,{'trace_kind': 'trace'},0.0045
isolation,1,report_thrashing_pressure,SecondChance,GlobalAllocation,12,2,4500,{'trace_kind': 'trace'},0.0045
isolation,0,report_thrashing_pressure,SecondChance,GlobalAllocation,12,3,4400,{'trace_kind': 'trace'},0.0044
isolation,1,report_thrashing_pressure,SecondChance,GlobalAllocation,12,3,4300,{'trace_kind': 'trace'},0.0043
isolation,0,report_thrashing_pressure,SecondChance,GlobalAllocation,12,4,4400,{'trace_kind': 'trace'},0.0044
isolation,1,report_thrashing_pressure,SecondChance,GlobalAllocation,12,4,4600,{'trace_kind': 'trace'},0.0046
isolation,0,report_thrashing_pressure,SecondChance,GlobalAllocation,12,5,4400,{'trace_kind': 'trace'},0.0044
isolation,1,report_thrashing_pressure,SecondChance,GlobalAllocation,12,5,4300,{'trace_kind': 'trace'},0.0043
isolation,0,report_thrashing_pressure,SecondChance,GlobalAllocation,12,6,4500,{'trace_kind': 'trace'},0.0045
isolation,1,report_thrashing_pressure,SecondChance,GlobalAllocation,12,6,4500,{'trace_kind': 'trace'},0.0045
isolation,0,report_thrashing_pressure,SecondChance,GlobalAllocation,12,7,4400,{'trace_kind': 'trace'},0.0044
isolation,1,report_thrashing_pressure,SecondChance,GlobalAllocation,12,7,4400,{'trace_kind': 'trace'},0.0044
isolation,0,report_thrashing_pressure,SecondChance,GlobalAllocation,12,8,4500,{'trace_kind': 'trace'},0.0045
isolation,1,report_thrashing_pressure,SecondChance,GlobalAllocation,12,8,4600,{'trace_kind': 'trace'},0.0046
isolation,0,report_thrashing_pressure,SecondChance,GlobalAllocation,12,9,4300,{'trace_kind': 'trace'},0.0043
isolation,1,report_thrashing_pressure,SecondChance,GlobalAllocation,12,9,4400,{'trace_kind': 'trace'},0.0044
isolation,0,report_thrashing_pressure,SecondChance,LocalAllocation,12,0,4400,{'trace_kind': 'trace'},0.0044
isolation,1,report_thrashing_pressure,SecondChance,LocalAllocation,12,0,4200,{'trace_kind': 'trace'},0.0042
isolation,0,report_thrashing_pressure,SecondChance,LocalAllocation,12,1,4300,{'trace_kind': 'trace'},0.0043
isolation,1,report_thrashing_pressure,SecondChance,LocalAllocation,12,1,4100,{'trace_kind': 'trace'},0.0041
isolation,0,report_thrashing_pressure,SecondChance,LocalAllocation,12,2,4200,{'trace_kind': 'trace'},0.0042
isolation,1,report_thrashing_pressure,SecondChance,LocalAllocation,12,2,4000,{'trace_kind': 'trace'},0.004
isolation,0,report_thrashing_pressure,SecondChance,LocalAllocation,12,3,4100,{'trace_kind': 'trace'},0.0041
isolation,1,report_thrashing_pressure,SecondChance,LocalAllocation,12,3,4100,{'trace_kind': 'trace'},0.0041
isolation,0,report_thrashing_pressure,SecondChance,LocalAllocation,12,4,4200,{'trace_kind': 'trace'},0.0042
isolation,1,report_thrashing_pressure,SecondChance,LocalAllocation,12,4,4000,{'trace_kind': 'trace'},0.004
isolation,0,report_thrashing_pressure,SecondChance,LocalAllocation,12,5,4100,{'trace_kind': 'trace'},0.0041
isolation,1,report_thrashing_pressure,SecondChance,LocalAllocation,12,5,4000,{'trace_kind': 'trace'},0.004
isolation,0,report_thrashing_pressure,SecondChance,LocalAllocation,12,6,4200,{'trace_kind': 'trace'},0.0042
isolation,1,report_thrashing_pressure,SecondChance,LocalAllocation,12,6,4100,{'trace_kind': 'trace'},0.0041
isolation,0,report_thrashing_pressure,SecondChance,LocalAllocation,12,7,4200,{'trace_kind': 'trace'},0.0042
isolation,1,report_thrashing_pressure,SecondChance,LocalAllocation,12,7,4100,{'trace_kind': 'trace'},0.0041
isolation,0,report_thrashing_pressure,SecondChance,LocalAllocation,12,8,4300,{'trace_kind': 'trace'},0.0043
isolation,1,report_thrashing_pressure,SecondChance,LocalAllocation,12,8,3900,{'trace_kind': 'trace'},0.0039
isolation,0,report_thrashing_pressure,SecondChance,LocalAllocation,12,9,4000,{'trace_kind': 'trace'},0.004
isolation,1,report_thrashing_pressure,SecondChance,LocalAllocation,12,9,4000,{'trace_kind': 'trace'},0.004
isolation,0,report_thrashing_pressure,SecondChance,ProportionalAllocation,12,0,4400,{'trace_kind': 'trace'},0.0044
isolation,1,report_thrashing_pressure,SecondChance,ProportionalAllocation,12,0,4100,{'trace_kind': 'trace'},0.0041
isolation,0,report_thrashing_pressure,SecondChance,ProportionalAllocation,12,1,4200,{'trace_kind': 'trace'},0.0042
isolation,1,report_thrashing_pressure,SecondChance,ProportionalAllocation,12,1,4100,{'trace_kind': 'trace'},0.0041
isolation,0,report_thrashing_pressure,SecondChance,ProportionalAllocation,12,2,4100,{'trace_kind': 'trace'},0.0041
isolation,1,report_thrashing_pressure,SecondChance,ProportionalAllocation,12,2,4000,{'trace_kind': 'trace'},0.004
isolation,0,report_thrashing_pressure,SecondChance,ProportionalAllocation,12,3,4100,{'trace_kind': 'trace'},0.0041
isolation,1,report_thrashing_pressure,SecondChance,ProportionalAllocation,12,3,4100,{'trace_kind': 'trace'},0.0041
isolation,0,report_thrashing_pressure,SecondChance,ProportionalAllocation,12,4,4100,{'trace_kind': 'trace'},0.0041
isolation,1,report_thrashing_pressure,SecondChance,ProportionalAllocation,12,4,4000,{'trace_kind': 'trace'},0.004
isolation,0,report_thrashing_pressure,SecondChance,ProportionalAllocation,12,5,4100,{'trace_kind': 'trace'},0.0041
isolation,1,report_thrashing_pressure,SecondChance,ProportionalAllocation,12,5,4100,{'trace_kind': 'trace'},0.0041
isolation,0,report_thrashing_pressure,SecondChance,ProportionalAllocation,12,6,4000,{'trace_kind': 'trace'},0.004
isolation,1,report_thrashing_pressure,SecondChance,ProportionalAllocation,12,6,3900,{'trace_kind': 'trace'},0.0039
isolation,0,report_thrashing_pressure,SecondChance,ProportionalAllocation,12,7,4100,{'trace_kind': 'trace'},0.0041
isolation,1,report_thrashing_pressure,SecondChance,ProportionalAllocation,12,7,4100,{'trace_kind': 'trace'},0.0041
isolation,0,report_thrashing_pressure,SecondChance,ProportionalAllocation,12,8,4200,{'trace_kind': 'trace'},0.0042
isolation,1,report_thrashing_pressure,SecondChance,ProportionalAllocation,12,8,4000,{'trace_kind': 'trace'},0.004
isolation,0,report_thrashing_pressure,SecondChance,ProportionalAllocation,12,9,4200,{'trace_kind': 'trace'},0.0042
isolation,1,report_thrashing_pressure,SecondChance,ProportionalAllocation,12,9,4100,{'trace_kind': 'trace'},0.0041
isolation,0,report_thrashing_pressure,WSClock,GlobalAllocation,12,0,6300,{'trace_kind': 'trace'},0.0063
isolation,1,report_thrashing_pressure,WSClock,GlobalAllocation,12,0,5100,{'trace_kind': 'trace'},0.0051
isolation,0,report_thrashing_pressure,WSClock,GlobalAllocation,12,1,5000,{'trace_kind': 'trace'},0.005
isolation,1,report_thrashing_pressure,WSClock,GlobalAllocation,12,1,4300,{'trace_kind': 'trace'},0.0043
isolation,0,report_thrashing_pressure,WSClock,GlobalAllocation,12,2,4300,{'trace_kind': 'trace'},0.0043
isolation,1,report_thrashing_pressure,WSClock,GlobalAllocation,12,2,4200,{'trace_kind': 'trace'},0.0042
isolation,0,report_thrashing_pressure,WSClock,GlobalAllocation,12,3,4500,{'trace_kind': 'trace'},0.0045
isolation,1,report_thrashing_pressure,WSClock,GlobalAllocation,12,3,4300,{'trace_kind': 'trace'},0.0043
isolation,0,report_thrashing_pressure,WSClock,GlobalAllocation,12,4,4400,{'trace_kind': 'trace'},0.0044
isolation,1,report_thrashing_pressure,WSClock,GlobalAllocation,12,4,4200,{'trace_kind': 'trace'},0.0042
isolation,0,report_thrashing_pressure,WSClock,GlobalAllocation,12,5,4400,{'trace_kind': 'trace'},0.0044
isolation,1,report_thrashing_pressure,WSClock,GlobalAllocation,12,5,4300,{'trace_kind': 'trace'},0.0043
isolation,0,report_thrashing_pressure,WSClock,GlobalAllocation,12,6,4400,{'trace_kind': 'trace'},0.0044
isolation,1,report_thrashing_pressure,WSClock,GlobalAllocation,12,6,4200,{'trace_kind': 'trace'},0.0042
isolation,0,report_thrashing_pressure,WSClock,GlobalAllocation,12,7,4400,{'trace_kind': 'trace'},0.0044
isolation,1,report_thrashing_pressure,WSClock,GlobalAllocation,12,7,4300,{'trace_kind': 'trace'},0.0043
isolation,0,report_thrashing_pressure,WSClock,GlobalAllocation,12,8,4200,{'trace_kind': 'trace'},0.0042
isolation,1,report_thrashing_pressure,WSClock,GlobalAllocation,12,8,4400,{'trace_kind': 'trace'},0.0044
isolation,0,report_thrashing_pressure,WSClock,GlobalAllocation,12,9,4500,{'trace_kind': 'trace'},0.0045
isolation,1,report_thrashing_pressure,WSClock,GlobalAllocation,12,9,4100,{'trace_kind': 'trace'},0.0041
isolation,0,report_thrashing_pressure,WSClock,LocalAllocation,12,0,4400,{'trace_kind': 'trace'},0.0044
isolation,1,report_thrashing_pressure,WSClock,LocalAllocation,12,0,4100,{'trace_kind': 'trace'},0.0041
isolation,0,report_thrashing_pressure,WSClock,LocalAllocation,12,1,4200,{'trace_kind': 'trace'},0.0042
isolation,1,report_thrashing_pressure,WSClock,LocalAllocation,12,1,4100,{'trace_kind': 'trace'},0.0041
isolation,0,report_thrashing_pressure,WSClock,LocalAllocation,12,2,4300,{'trace_kind': 'trace'},0.0043
isolation,1,report_thrashing_pressure,WSClock,LocalAllocation,12,2,4100,{'trace_kind': 'trace'},0.0041
isolation,0,report_thrashing_pressure,WSClock,LocalAllocation,12,3,4400,{'trace_kind': 'trace'},0.0044
isolation,1,report_thrashing_pressure,WSClock,LocalAllocation,12,3,4200,{'trace_kind': 'trace'},0.0042
isolation,0,report_thrashing_pressure,WSClock,LocalAllocation,12,4,4300,{'trace_kind': 'trace'},0.0043
isolation,1,report_thrashing_pressure,WSClock,LocalAllocation,12,4,5500,{'trace_kind': 'trace'},0.0055
isolation,0,report_thrashing_pressure,WSClock,LocalAllocation,12,5,4200,{'trace_kind': 'trace'},0.0042
isolation,1,report_thrashing_pressure,WSClock,LocalAllocation,12,5,4400,{'trace_kind': 'trace'},0.0044
isolation,0,report_thrashing_pressure,WSClock,LocalAllocation,12,6,4200,{'trace_kind': 'trace'},0.0042
isolation,1,report_thrashing_pressure,WSClock,LocalAllocation,12,6,4100,{'trace_kind': 'trace'},0.0041
isolation,0,report_thrashing_pressure,WSClock,LocalAllocation,12,7,4100,{'trace_kind': 'trace'},0.0041
isolation,1,report_thrashing_pressure,WSClock,LocalAllocation,12,7,4100,{'trace_kind': 'trace'},0.0041
isolation,0,report_thrashing_pressure,WSClock,LocalAllocation,12,8,4200,{'trace_kind': 'trace'},0.0042
isolation,1,report_thrashing_pressure,WSClock,LocalAllocation,12,8,4300,{'trace_kind': 'trace'},0.0043
isolation,0,report_thrashing_pressure,WSClock,LocalAllocation,12,9,4300,{'trace_kind': 'trace'},0.0043
isolation,1,report_thrashing_pressure,WSClock,LocalAllocation,12,9,4100,{'trace_kind': 'trace'},0.0041
isolation,0,report_thrashing_pressure,WSClock,ProportionalAllocation,12,0,5900,{'trace_kind': 'trace'},0.0059
isolation,1,report_thrashing_pressure,WSClock,ProportionalAllocation,12,0,6000,{'trace_kind': 'trace'},0.006
isolation,0,report_thrashing_pressure,WSClock,ProportionalAllocation,12,1,4200,{'trace_kind': 'trace'},0.0042
isolation,1,report_thrashing_pressure,WSClock,ProportionalAllocation,12,1,4000,{'trace_kind': 'trace'},0.004
isolation,0,report_thrashing_pressure,WSClock,ProportionalAllocation,12,2,4400,{'trace_kind': 'trace'},0.0044
isolation,1,report_thrashing_pressure,WSClock,ProportionalAllocation,12,2,4100,{'trace_kind': 'trace'},0.0041
isolation,0,report_thrashing_pressure,WSClock,ProportionalAllocation,12,3,4300,{'trace_kind': 'trace'},0.0043
isolation,1,report_thrashing_pressure,WSClock,ProportionalAllocation,12,3,4100,{'trace_kind': 'trace'},0.0041
isolation,0,report_thrashing_pressure,WSClock,ProportionalAllocation,12,4,4300,{'trace_kind': 'trace'},0.0043
isolation,1,report_thrashing_pressure,WSClock,ProportionalAllocation,12,4,4000,{'trace_kind': 'trace'},0.004
isolation,0,report_thrashing_pressure,WSClock,ProportionalAllocation,12,5,4200,{'trace_kind': 'trace'},0.0042
isolation,1,report_thrashing_pressure,WSClock,ProportionalAllocation,12,5,4100,{'trace_kind': 'trace'},0.0041
isolation,0,report_thrashing_pressure,WSClock,ProportionalAllocation,12,6,4100,{'trace_kind': 'trace'},0.0041
isolation,1,report_thrashing_pressure,WSClock,ProportionalAllocation,12,6,4300,{'trace_kind': 'trace'},0.0043
isolation,0,report_thrashing_pressure,WSClock,ProportionalAllocation,12,7,4100,{'trace_kind': 'trace'},0.0041
isolation,1,report_thrashing_pressure,WSClock,ProportionalAllocation,12,7,4000,{'trace_kind': 'trace'},0.004
isolation,0,report_thrashing_pressure,WSClock,ProportionalAllocation,12,8,4100,{'trace_kind': 'trace'},0.0041
isolation,1,report_thrashing_pressure,WSClock,ProportionalAllocation,12,8,4100,{'trace_kind': 'trace'},0.0041
isolation,0,report_thrashing_pressure,WSClock,ProportionalAllocation,12,9,4100,{'trace_kind': 'trace'},0.0041
isolation,1,report_thrashing_pressure,WSClock,ProportionalAllocation,12,9,4000,{'trace_kind': 'trace'},0.004
isolation,0,report_thrashing_pressure,FIFO,GlobalAllocation,15,0,6200,{'trace_kind': 'trace'},0.0062
isolation,1,report_thrashing_pressure,FIFO,GlobalAllocation,15,0,5200,{'trace_kind': 'trace'},0.0052
isolation,0,report_thrashing_pressure,FIFO,GlobalAllocation,15,1,5100,{'trace_kind': 'trace'},0.0051
isolation,1,report_thrashing_pressure,FIFO,GlobalAllocation,15,1,4400,{'trace_kind': 'trace'},0.0044
isolation,0,report_thrashing_pressure,FIFO,GlobalAllocation,15,2,4300,{'trace_kind': 'trace'},0.0043
isolation,1,report_thrashing_pressure,FIFO,GlobalAllocation,15,2,4100,{'trace_kind': 'trace'},0.0041
isolation,0,report_thrashing_pressure,FIFO,GlobalAllocation,15,3,4200,{'trace_kind': 'trace'},0.0042
isolation,1,report_thrashing_pressure,FIFO,GlobalAllocation,15,3,4600,{'trace_kind': 'trace'},0.0046
isolation,0,report_thrashing_pressure,FIFO,GlobalAllocation,15,4,4200,{'trace_kind': 'trace'},0.0042
isolation,1,report_thrashing_pressure,FIFO,GlobalAllocation,15,4,4300,{'trace_kind': 'trace'},0.0043
isolation,0,report_thrashing_pressure,FIFO,GlobalAllocation,15,5,4200,{'trace_kind': 'trace'},0.0042
isolation,1,report_thrashing_pressure,FIFO,GlobalAllocation,15,5,4100,{'trace_kind': 'trace'},0.0041
isolation,0,report_thrashing_pressure,FIFO,GlobalAllocation,15,6,4200,{'trace_kind': 'trace'},0.0042
isolation,1,report_thrashing_pressure,FIFO,GlobalAllocation,15,6,4100,{'trace_kind': 'trace'},0.0041
isolation,0,report_thrashing_pressure,FIFO,GlobalAllocation,15,7,4100,{'trace_kind': 'trace'},0.0041
isolation,1,report_thrashing_pressure,FIFO,GlobalAllocation,15,7,4100,{'trace_kind': 'trace'},0.0041
isolation,0,report_thrashing_pressure,FIFO,GlobalAllocation,15,8,4200,{'trace_kind': 'trace'},0.0042
isolation,1,report_thrashing_pressure,FIFO,GlobalAllocation,15,8,4300,{'trace_kind': 'trace'},0.0043
isolation,0,report_thrashing_pressure,FIFO,GlobalAllocation,15,9,4100,{'trace_kind': 'trace'},0.0041
isolation,1,report_thrashing_pressure,FIFO,GlobalAllocation,15,9,3900,{'trace_kind': 'trace'},0.0039
isolation,0,report_thrashing_pressure,FIFO,LocalAllocation,15,0,4600,{'trace_kind': 'trace'},0.0046
isolation,1,report_thrashing_pressure,FIFO,LocalAllocation,15,0,3900,{'trace_kind': 'trace'},0.0039
isolation,0,report_thrashing_pressure,FIFO,LocalAllocation,15,1,4000,{'trace_kind': 'trace'},0.004
isolation,1,report_thrashing_pressure,FIFO,LocalAllocation,15,1,4200,{'trace_kind': 'trace'},0.0042
isolation,0,report_thrashing_pressure,FIFO,LocalAllocation,15,2,4300,{'trace_kind': 'trace'},0.0043
isolation,1,report_thrashing_pressure,FIFO,LocalAllocation,15,2,3900,{'trace_kind': 'trace'},0.0039
isolation,0,report_thrashing_pressure,FIFO,LocalAllocation,15,3,4000,{'trace_kind': 'trace'},0.004
isolation,1,report_thrashing_pressure,FIFO,LocalAllocation,15,3,4000,{'trace_kind': 'trace'},0.004
isolation,0,report_thrashing_pressure,FIFO,LocalAllocation,15,4,3800,{'trace_kind': 'trace'},0.0038
isolation,1,report_thrashing_pressure,FIFO,LocalAllocation,15,4,3800,{'trace_kind': 'trace'},0.0038
isolation,0,report_thrashing_pressure,FIFO,LocalAllocation,15,5,4000,{'trace_kind': 'trace'},0.004
isolation,1,report_thrashing_pressure,FIFO,LocalAllocation,15,5,4100,{'trace_kind': 'trace'},0.0041
isolation,0,report_thrashing_pressure,FIFO,LocalAllocation,15,6,4100,{'trace_kind': 'trace'},0.0041
isolation,1,report_thrashing_pressure,FIFO,LocalAllocation,15,6,3900,{'trace_kind': 'trace'},0.0039
isolation,0,report_thrashing_pressure,FIFO,LocalAllocation,15,7,3900,{'trace_kind': 'trace'},0.0039
isolation,1,report_thrashing_pressure,FIFO,LocalAllocation,15,7,3800,{'trace_kind': 'trace'},0.0038
isolation,0,report_thrashing_pressure,FIFO,LocalAllocation,15,8,3800,{'trace_kind': 'trace'},0.0038
isolation,1,report_thrashing_pressure,FIFO,LocalAllocation,15,8,3700,{'trace_kind': 'trace'},0.0037
isolation,0,report_thrashing_pressure,FIFO,LocalAllocation,15,9,3900,{'trace_kind': 'trace'},0.0039
isolation,1,report_thrashing_pressure,FIFO,LocalAllocation,15,9,5200,{'trace_kind': 'trace'},0.0052
isolation,0,report_thrashing_pressure,FIFO,ProportionalAllocation,15,0,4300,{'trace_kind': 'trace'},0.0043
isolation,1,report_thrashing_pressure,FIFO,ProportionalAllocation,15,0,3900,{'trace_kind': 'trace'},0.0039
isolation,0,report_thrashing_pressure,FIFO,ProportionalAllocation,15,1,4100,{'trace_kind': 'trace'},0.0041
isolation,1,report_thrashing_pressure,FIFO,ProportionalAllocation,15,1,4200,{'trace_kind': 'trace'},0.0042
isolation,0,report_thrashing_pressure,FIFO,ProportionalAllocation,15,2,4100,{'trace_kind': 'trace'},0.0041
isolation,1,report_thrashing_pressure,FIFO,ProportionalAllocation,15,2,4100,{'trace_kind': 'trace'},0.0041
isolation,0,report_thrashing_pressure,FIFO,ProportionalAllocation,15,3,3700,{'trace_kind': 'trace'},0.0037
isolation,1,report_thrashing_pressure,FIFO,ProportionalAllocation,15,3,3800,{'trace_kind': 'trace'},0.0038
isolation,0,report_thrashing_pressure,FIFO,ProportionalAllocation,15,4,3800,{'trace_kind': 'trace'},0.0038
isolation,1,report_thrashing_pressure,FIFO,ProportionalAllocation,15,4,4100,{'trace_kind': 'trace'},0.0041
isolation,0,report_thrashing_pressure,FIFO,ProportionalAllocation,15,5,3800,{'trace_kind': 'trace'},0.0038
isolation,1,report_thrashing_pressure,FIFO,ProportionalAllocation,15,5,3800,{'trace_kind': 'trace'},0.0038
isolation,0,report_thrashing_pressure,FIFO,ProportionalAllocation,15,6,5400,{'trace_kind': 'trace'},0.0054
isolation,1,report_thrashing_pressure,FIFO,ProportionalAllocation,15,6,3800,{'trace_kind': 'trace'},0.0038
isolation,0,report_thrashing_pressure,FIFO,ProportionalAllocation,15,7,3700,{'trace_kind': 'trace'},0.0037
isolation,1,report_thrashing_pressure,FIFO,ProportionalAllocation,15,7,3800,{'trace_kind': 'trace'},0.0038
isolation,0,report_thrashing_pressure,FIFO,ProportionalAllocation,15,8,3800,{'trace_kind': 'trace'},0.0038
isolation,1,report_thrashing_pressure,FIFO,ProportionalAllocation,15,8,3700,{'trace_kind': 'trace'},0.0037
isolation,0,report_thrashing_pressure,FIFO,ProportionalAllocation,15,9,3800,{'trace_kind': 'trace'},0.0038
isolation,1,report_thrashing_pressure,FIFO,ProportionalAllocation,15,9,3800,{'trace_kind': 'trace'},0.0038
isolation,0,report_thrashing_pressure,LRU,GlobalAllocation,15,0,6200,{'trace_kind': 'trace'},0.0062
isolation,1,report_thrashing_pressure,LRU,GlobalAllocation,15,0,6700,{'trace_kind': 'trace'},0.0067
isolation,0,report_thrashing_pressure,LRU,GlobalAllocation,15,1,5300,{'trace_kind': 'trace'},0.0053
isolation,1,report_thrashing_pressure,LRU,GlobalAllocation,15,1,4700,{'trace_kind': 'trace'},0.0047
isolation,0,report_thrashing_pressure,LRU,GlobalAllocation,15,2,4800,{'trace_kind': 'trace'},0.0048
isolation,1,report_thrashing_pressure,LRU,GlobalAllocation,15,2,4600,{'trace_kind': 'trace'},0.0046
isolation,0,report_thrashing_pressure,LRU,GlobalAllocation,15,3,4600,{'trace_kind': 'trace'},0.0046
isolation,1,report_thrashing_pressure,LRU,GlobalAllocation,15,3,4500,{'trace_kind': 'trace'},0.0045
isolation,0,report_thrashing_pressure,LRU,GlobalAllocation,15,4,4600,{'trace_kind': 'trace'},0.0046
isolation,1,report_thrashing_pressure,LRU,GlobalAllocation,15,4,4400,{'trace_kind': 'trace'},0.0044
isolation,0,report_thrashing_pressure,LRU,GlobalAllocation,15,5,4700,{'trace_kind': 'trace'},0.0047
isolation,1,report_thrashing_pressure,LRU,GlobalAllocation,15,5,4500,{'trace_kind': 'trace'},0.0045
isolation,0,report_thrashing_pressure,LRU,GlobalAllocation,15,6,4600,{'trace_kind': 'trace'},0.0046
isolation,1,report_thrashing_pressure,LRU,GlobalAllocation,15,6,4400,{'trace_kind': 'trace'},0.0044
isolation,0,report_thrashing_pressure,LRU,GlobalAllocation,15,7,4600,{'trace_kind': 'trace'},0.0046
isolation,1,report_thrashing_pressure,LRU,GlobalAllocation,15,7,4400,{'trace_kind': 'trace'},0.0044
isolation,0,report_thrashing_pressure,LRU,GlobalAllocation,15,8,4900,{'trace_kind': 'trace'},0.0049
isolation,1,report_thrashing_pressure,LRU,GlobalAllocation,15,8,4700,{'trace_kind': 'trace'},0.0047
isolation,0,report_thrashing_pressure,LRU,GlobalAllocation,15,9,4700,{'trace_kind': 'trace'},0.0047
isolation,1,report_thrashing_pressure,LRU,GlobalAllocation,15,9,4500,{'trace_kind': 'trace'},0.0045
isolation,0,report_thrashing_pressure,LRU,LocalAllocation,15,0,4500,{'trace_kind': 'trace'},0.0045
isolation,1,report_thrashing_pressure,LRU,LocalAllocation,15,0,4200,{'trace_kind': 'trace'},0.0042
isolation,0,report_thrashing_pressure,LRU,LocalAllocation,15,1,4700,{'trace_kind': 'trace'},0.0047
isolation,1,report_thrashing_pressure,LRU,LocalAllocation,15,1,4500,{'trace_kind': 'trace'},0.0045
isolation,0,report_thrashing_pressure,LRU,LocalAllocation,15,2,4400,{'trace_kind': 'trace'},0.0044
isolation,1,report_thrashing_pressure,LRU,LocalAllocation,15,2,4100,{'trace_kind': 'trace'},0.0041
isolation,0,report_thrashing_pressure,LRU,LocalAllocation,15,3,4700,{'trace_kind': 'trace'},0.0047
isolation,1,report_thrashing_pressure,LRU,LocalAllocation,15,3,4200,{'trace_kind': 'trace'},0.0042
isolation,0,report_thrashing_pressure,LRU,LocalAllocation,15,4,4400,{'trace_kind': 'trace'},0.0044
isolation,1,report_thrashing_pressure,LRU,LocalAllocation,15,4,4500,{'trace_kind': 'trace'},0.0045
isolation,0,report_thrashing_pressure,LRU,LocalAllocation,15,5,6100,{'trace_kind': 'trace'},0.0061
isolation,1,report_thrashing_pressure,LRU,LocalAllocation,15,5,4400,{'trace_kind': 'trace'},0.0044
isolation,0,report_thrashing_pressure,LRU,LocalAllocation,15,6,4300,{'trace_kind': 'trace'},0.0043
isolation,1,report_thrashing_pressure,LRU,LocalAllocation,15,6,4200,{'trace_kind': 'trace'},0.0042
isolation,0,report_thrashing_pressure,LRU,LocalAllocation,15,7,4400,{'trace_kind': 'trace'},0.0044
isolation,1,report_thrashing_pressure,LRU,LocalAllocation,15,7,4300,{'trace_kind': 'trace'},0.0043
isolation,0,report_thrashing_pressure,LRU,LocalAllocation,15,8,4400,{'trace_kind': 'trace'},0.0044
isolation,1,report_thrashing_pressure,LRU,LocalAllocation,15,8,4300,{'trace_kind': 'trace'},0.0043
isolation,0,report_thrashing_pressure,LRU,LocalAllocation,15,9,4400,{'trace_kind': 'trace'},0.0044
isolation,1,report_thrashing_pressure,LRU,LocalAllocation,15,9,5300,{'trace_kind': 'trace'},0.0053
isolation,0,report_thrashing_pressure,LRU,ProportionalAllocation,15,0,4500,{'trace_kind': 'trace'},0.0045
isolation,1,report_thrashing_pressure,LRU,ProportionalAllocation,15,0,4300,{'trace_kind': 'trace'},0.0043
isolation,0,report_thrashing_pressure,LRU,ProportionalAllocation,15,1,4400,{'trace_kind': 'trace'},0.0044
isolation,1,report_thrashing_pressure,LRU,ProportionalAllocation,15,1,4400,{'trace_kind': 'trace'},0.0044
isolation,0,report_thrashing_pressure,LRU,ProportionalAllocation,15,2,6200,{'trace_kind': 'trace'},0.0062
isolation,1,report_thrashing_pressure,LRU,ProportionalAllocation,15,2,4300,{'trace_kind': 'trace'},0.0043
isolation,0,report_thrashing_pressure,LRU,ProportionalAllocation,15,3,4500,{'trace_kind': 'trace'},0.0045
isolation,1,report_thrashing_pressure,LRU,ProportionalAllocation,15,3,4400,{'trace_kind': 'trace'},0.0044
isolation,0,report_thrashing_pressure,LRU,ProportionalAllocation,15,4,4300,{'trace_kind': 'trace'},0.0043
isolation,1,report_thrashing_pressure,LRU,ProportionalAllocation,15,4,4200,{'trace_kind': 'trace'},0.0042
isolation,0,report_thrashing_pressure,LRU,ProportionalAllocation,15,5,4300,{'trace_kind': 'trace'},0.0043
isolation,1,report_thrashing_pressure,LRU,ProportionalAllocation,15,5,4200,{'trace_kind': 'trace'},0.0042
isolation,0,report_thrashing_pressure,LRU,ProportionalAllocation,15,6,4400,{'trace_kind': 'trace'},0.0044
isolation,1,report_thrashing_pressure,LRU,ProportionalAllocation,15,6,4300,{'trace_kind': 'trace'},0.0043
isolation,0,report_thrashing_pressure,LRU,ProportionalAllocation,15,7,4400,{'trace_kind': 'trace'},0.0044
isolation,1,report_thrashing_pressure,LRU,ProportionalAllocation,15,7,4400,{'trace_kind': 'trace'},0.0044
isolation,0,report_thrashing_pressure,LRU,ProportionalAllocation,15,8,4500,{'trace_kind': 'trace'},0.0045
isolation,1,report_thrashing_pressure,LRU,ProportionalAllocation,15,8,4300,{'trace_kind': 'trace'},0.0043
isolation,0,report_thrashing_pressure,LRU,ProportionalAllocation,15,9,4600,{'trace_kind': 'trace'},0.0046
isolation,1,report_thrashing_pressure,LRU,ProportionalAllocation,15,9,4400,{'trace_kind': 'trace'},0.0044
isolation,0,report_thrashing_pressure,NRU,GlobalAllocation,15,0,5800,{'trace_kind': 'trace'},0.0058
isolation,1,report_thrashing_pressure,NRU,GlobalAllocation,15,0,5200,{'trace_kind': 'trace'},0.0052
isolation,0,report_thrashing_pressure,NRU,GlobalAllocation,15,1,5000,{'trace_kind': 'trace'},0.005
isolation,1,report_thrashing_pressure,NRU,GlobalAllocation,15,1,4500,{'trace_kind': 'trace'},0.0045
isolation,0,report_thrashing_pressure,NRU,GlobalAllocation,15,2,4300,{'trace_kind': 'trace'},0.0043
isolation,1,report_thrashing_pressure,NRU,GlobalAllocation,15,2,4300,{'trace_kind': 'trace'},0.0043
isolation,0,report_thrashing_pressure,NRU,GlobalAllocation,15,3,4400,{'trace_kind': 'trace'},0.0044
isolation,1,report_thrashing_pressure,NRU,GlobalAllocation,15,3,4300,{'trace_kind': 'trace'},0.0043
isolation,0,report_thrashing_pressure,NRU,GlobalAllocation,15,4,4400,{'trace_kind': 'trace'},0.0044
isolation,1,report_thrashing_pressure,NRU,GlobalAllocation,15,4,4200,{'trace_kind': 'trace'},0.0042
isolation,0,report_thrashing_pressure,NRU,GlobalAllocation,15,5,4600,{'trace_kind': 'trace'},0.0046
isolation,1,report_thrashing_pressure,NRU,GlobalAllocation,15,5,4600,{'trace_kind': 'trace'},0.0046
isolation,0,report_thrashing_pressure,NRU,GlobalAllocation,15,6,4400,{'trace_kind': 'trace'},0.0044
isolation,1,report_thrashing_pressure,NRU,GlobalAllocation,15,6,4300,{'trace_kind': 'trace'},0.0043
isolation,0,report_thrashing_pressure,NRU,GlobalAllocation,15,7,4500,{'trace_kind': 'trace'},0.0045
isolation,1,report_thrashing_pressure,NRU,GlobalAllocation,15,7,4400,{'trace_kind': 'trace'},0.0044
isolation,0,report_thrashing_pressure,NRU,GlobalAllocation,15,8,4300,{'trace_kind': 'trace'},0.0043
isolation,1,report_thrashing_pressure,NRU,GlobalAllocation,15,8,4300,{'trace_kind': 'trace'},0.0043
isolation,0,report_thrashing_pressure,NRU,GlobalAllocation,15,9,4300,{'trace_kind': 'trace'},0.0043
isolation,1,report_thrashing_pressure,NRU,GlobalAllocation,15,9,4200,{'trace_kind': 'trace'},0.0042
isolation,0,report_thrashing_pressure,NRU,LocalAllocation,15,0,4600,{'trace_kind': 'trace'},0.0046
isolation,1,report_thrashing_pressure,NRU,LocalAllocation,15,0,4100,{'trace_kind': 'trace'},0.0041
isolation,0,report_thrashing_pressure,NRU,LocalAllocation,15,1,4200,{'trace_kind': 'trace'},0.0042
isolation,1,report_thrashing_pressure,NRU,LocalAllocation,15,1,4200,{'trace_kind': 'trace'},0.0042
isolation,0,report_thrashing_pressure,NRU,LocalAllocation,15,2,4200,{'trace_kind': 'trace'},0.0042
isolation,1,report_thrashing_pressure,NRU,LocalAllocation,15,2,4000,{'trace_kind': 'trace'},0.004
isolation,0,report_thrashing_pressure,NRU,LocalAllocation,15,3,4500,{'trace_kind': 'trace'},0.0045
isolation,1,report_thrashing_pressure,NRU,LocalAllocation,15,3,4100,{'trace_kind': 'trace'},0.0041
isolation,0,report_thrashing_pressure,NRU,LocalAllocation,15,4,4100,{'trace_kind': 'trace'},0.0041
isolation,1,report_thrashing_pressure,NRU,LocalAllocation,15,4,4000,{'trace_kind': 'trace'},0.004
isolation,0,report_thrashing_pressure,NRU,LocalAllocation,15,5,4100,{'trace_kind': 'trace'},0.0041
isolation,1,report_thrashing_pressure,NRU,LocalAllocation,15,5,4100,{'trace_kind': 'trace'},0.0041
isolation,0,report_thrashing_pressure,NRU,LocalAllocation,15,6,4200,{'trace_kind': 'trace'},0.0042
isolation,1,report_thrashing_pressure,NRU,LocalAllocation,15,6,3900,{'trace_kind': 'trace'},0.0039
isolation,0,report_thrashing_pressure,NRU,LocalAllocation,15,7,4100,{'trace_kind': 'trace'},0.0041
isolation,1,report_thrashing_pressure,NRU,LocalAllocation,15,7,4100,{'trace_kind': 'trace'},0.0041
isolation,0,report_thrashing_pressure,NRU,LocalAllocation,15,8,4200,{'trace_kind': 'trace'},0.0042
isolation,1,report_thrashing_pressure,NRU,LocalAllocation,15,8,4100,{'trace_kind': 'trace'},0.0041
isolation,0,report_thrashing_pressure,NRU,LocalAllocation,15,9,4600,{'trace_kind': 'trace'},0.0046
isolation,1,report_thrashing_pressure,NRU,LocalAllocation,15,9,4100,{'trace_kind': 'trace'},0.0041
isolation,0,report_thrashing_pressure,NRU,ProportionalAllocation,15,0,4200,{'trace_kind': 'trace'},0.0042
isolation,1,report_thrashing_pressure,NRU,ProportionalAllocation,15,0,4000,{'trace_kind': 'trace'},0.004
isolation,0,report_thrashing_pressure,NRU,ProportionalAllocation,15,1,4100,{'trace_kind': 'trace'},0.0041
isolation,1,report_thrashing_pressure,NRU,ProportionalAllocation,15,1,4300,{'trace_kind': 'trace'},0.0043
isolation,0,report_thrashing_pressure,NRU,ProportionalAllocation,15,2,4200,{'trace_kind': 'trace'},0.0042
isolation,1,report_thrashing_pressure,NRU,ProportionalAllocation,15,2,4100,{'trace_kind': 'trace'},0.0041
isolation,0,report_thrashing_pressure,NRU,ProportionalAllocation,15,3,4200,{'trace_kind': 'trace'},0.0042
isolation,1,report_thrashing_pressure,NRU,ProportionalAllocation,15,3,4100,{'trace_kind': 'trace'},0.0041
isolation,0,report_thrashing_pressure,NRU,ProportionalAllocation,15,4,4400,{'trace_kind': 'trace'},0.0044
isolation,1,report_thrashing_pressure,NRU,ProportionalAllocation,15,4,4200,{'trace_kind': 'trace'},0.0042
isolation,0,report_thrashing_pressure,NRU,ProportionalAllocation,15,5,4100,{'trace_kind': 'trace'},0.0041
isolation,1,report_thrashing_pressure,NRU,ProportionalAllocation,15,5,4200,{'trace_kind': 'trace'},0.0042
isolation,0,report_thrashing_pressure,NRU,ProportionalAllocation,15,6,4100,{'trace_kind': 'trace'},0.0041
isolation,1,report_thrashing_pressure,NRU,ProportionalAllocation,15,6,4000,{'trace_kind': 'trace'},0.004
isolation,0,report_thrashing_pressure,NRU,ProportionalAllocation,15,7,4100,{'trace_kind': 'trace'},0.0041
isolation,1,report_thrashing_pressure,NRU,ProportionalAllocation,15,7,4100,{'trace_kind': 'trace'},0.0041
isolation,0,report_thrashing_pressure,NRU,ProportionalAllocation,15,8,4100,{'trace_kind': 'trace'},0.0041
isolation,1,report_thrashing_pressure,NRU,ProportionalAllocation,15,8,4100,{'trace_kind': 'trace'},0.0041
isolation,0,report_thrashing_pressure,NRU,ProportionalAllocation,15,9,4200,{'trace_kind': 'trace'},0.0042
isolation,1,report_thrashing_pressure,NRU,ProportionalAllocation,15,9,4100,{'trace_kind': 'trace'},0.0041
isolation,0,report_thrashing_pressure,SecondChance,GlobalAllocation,15,0,6500,{'trace_kind': 'trace'},0.0065
isolation,1,report_thrashing_pressure,SecondChance,GlobalAllocation,15,0,5300,{'trace_kind': 'trace'},0.0053
isolation,0,report_thrashing_pressure,SecondChance,GlobalAllocation,15,1,5100,{'trace_kind': 'trace'},0.0051
isolation,1,report_thrashing_pressure,SecondChance,GlobalAllocation,15,1,4500,{'trace_kind': 'trace'},0.0045
isolation,0,report_thrashing_pressure,SecondChance,GlobalAllocation,15,2,4500,{'trace_kind': 'trace'},0.0045
isolation,1,report_thrashing_pressure,SecondChance,GlobalAllocation,15,2,4300,{'trace_kind': 'trace'},0.0043
isolation,0,report_thrashing_pressure,SecondChance,GlobalAllocation,15,3,4400,{'trace_kind': 'trace'},0.0044
isolation,1,report_thrashing_pressure,SecondChance,GlobalAllocation,15,3,4300,{'trace_kind': 'trace'},0.0043
isolation,0,report_thrashing_pressure,SecondChance,GlobalAllocation,15,4,4300,{'trace_kind': 'trace'},0.0043
isolation,1,report_thrashing_pressure,SecondChance,GlobalAllocation,15,4,4200,{'trace_kind': 'trace'},0.0042
isolation,0,report_thrashing_pressure,SecondChance,GlobalAllocation,15,5,4400,{'trace_kind': 'trace'},0.0044
isolation,1,report_thrashing_pressure,SecondChance,GlobalAllocation,15,5,4500,{'trace_kind': 'trace'},0.0045
isolation,0,report_thrashing_pressure,SecondChance,GlobalAllocation,15,6,4400,{'trace_kind': 'trace'},0.0044
isolation,1,report_thrashing_pressure,SecondChance,GlobalAllocation,15,6,4300,{'trace_kind': 'trace'},0.0043
isolation,0,report_thrashing_pressure,SecondChance,GlobalAllocation,15,7,4300,{'trace_kind': 'trace'},0.0043
isolation,1,report_thrashing_pressure,SecondChance,GlobalAllocation,15,7,4300,{'trace_kind': 'trace'},0.0043
isolation,0,report_thrashing_pressure,SecondChance,GlobalAllocation,15,8,4300,{'trace_kind': 'trace'},0.0043
isolation,1,report_thrashing_pressure,SecondChance,GlobalAllocation,15,8,4500,{'trace_kind': 'trace'},0.0045
isolation,0,report_thrashing_pressure,SecondChance,GlobalAllocation,15,9,4200,{'trace_kind': 'trace'},0.0042
isolation,1,report_thrashing_pressure,SecondChance,GlobalAllocation,15,9,4100,{'trace_kind': 'trace'},0.0041
isolation,0,report_thrashing_pressure,SecondChance,LocalAllocation,15,0,4200,{'trace_kind': 'trace'},0.0042
isolation,1,report_thrashing_pressure,SecondChance,LocalAllocation,15,0,4100,{'trace_kind': 'trace'},0.0041
isolation,0,report_thrashing_pressure,SecondChance,LocalAllocation,15,1,4300,{'trace_kind': 'trace'},0.0043
isolation,1,report_thrashing_pressure,SecondChance,LocalAllocation,15,1,4200,{'trace_kind': 'trace'},0.0042
isolation,0,report_thrashing_pressure,SecondChance,LocalAllocation,15,2,4400,{'trace_kind': 'trace'},0.0044
isolation,1,report_thrashing_pressure,SecondChance,LocalAllocation,15,2,4100,{'trace_kind': 'trace'},0.0041
isolation,0,report_thrashing_pressure,SecondChance,LocalAllocation,15,3,4200,{'trace_kind': 'trace'},0.0042
isolation,1,report_thrashing_pressure,SecondChance,LocalAllocation,15,3,4100,{'trace_kind': 'trace'},0.0041
isolation,0,report_thrashing_pressure,SecondChance,LocalAllocation,15,4,4200,{'trace_kind': 'trace'},0.0042
isolation,1,report_thrashing_pressure,SecondChance,LocalAllocation,15,4,4100,{'trace_kind': 'trace'},0.0041
isolation,0,report_thrashing_pressure,SecondChance,LocalAllocation,15,5,4200,{'trace_kind': 'trace'},0.0042
isolation,1,report_thrashing_pressure,SecondChance,LocalAllocation,15,5,4100,{'trace_kind': 'trace'},0.0041
isolation,0,report_thrashing_pressure,SecondChance,LocalAllocation,15,6,4200,{'trace_kind': 'trace'},0.0042
isolation,1,report_thrashing_pressure,SecondChance,LocalAllocation,15,6,4200,{'trace_kind': 'trace'},0.0042
isolation,0,report_thrashing_pressure,SecondChance,LocalAllocation,15,7,4100,{'trace_kind': 'trace'},0.0041
isolation,1,report_thrashing_pressure,SecondChance,LocalAllocation,15,7,4000,{'trace_kind': 'trace'},0.004
isolation,0,report_thrashing_pressure,SecondChance,LocalAllocation,15,8,4400,{'trace_kind': 'trace'},0.0044
isolation,1,report_thrashing_pressure,SecondChance,LocalAllocation,15,8,4100,{'trace_kind': 'trace'},0.0041
isolation,0,report_thrashing_pressure,SecondChance,LocalAllocation,15,9,4200,{'trace_kind': 'trace'},0.0042
isolation,1,report_thrashing_pressure,SecondChance,LocalAllocation,15,9,4100,{'trace_kind': 'trace'},0.0041
isolation,0,report_thrashing_pressure,SecondChance,ProportionalAllocation,15,0,4700,{'trace_kind': 'trace'},0.0047
isolation,1,report_thrashing_pressure,SecondChance,ProportionalAllocation,15,0,4300,{'trace_kind': 'trace'},0.0043
isolation,0,report_thrashing_pressure,SecondChance,ProportionalAllocation,15,1,4300,{'trace_kind': 'trace'},0.0043
isolation,1,report_thrashing_pressure,SecondChance,ProportionalAllocation,15,1,4200,{'trace_kind': 'trace'},0.0042
isolation,0,report_thrashing_pressure,SecondChance,ProportionalAllocation,15,2,4200,{'trace_kind': 'trace'},0.0042
isolation,1,report_thrashing_pressure,SecondChance,ProportionalAllocation,15,2,4200,{'trace_kind': 'trace'},0.0042
isolation,0,report_thrashing_pressure,SecondChance,ProportionalAllocation,15,3,4300,{'trace_kind': 'trace'},0.0043
isolation,1,report_thrashing_pressure,SecondChance,ProportionalAllocation,15,3,4100,{'trace_kind': 'trace'},0.0041
isolation,0,report_thrashing_pressure,SecondChance,ProportionalAllocation,15,4,4300,{'trace_kind': 'trace'},0.0043
isolation,1,report_thrashing_pressure,SecondChance,ProportionalAllocation,15,4,4100,{'trace_kind': 'trace'},0.0041
isolation,0,report_thrashing_pressure,SecondChance,ProportionalAllocation,15,5,4100,{'trace_kind': 'trace'},0.0041
isolation,1,report_thrashing_pressure,SecondChance,ProportionalAllocation,15,5,4100,{'trace_kind': 'trace'},0.0041
isolation,0,report_thrashing_pressure,SecondChance,ProportionalAllocation,15,6,4100,{'trace_kind': 'trace'},0.0041
isolation,1,report_thrashing_pressure,SecondChance,ProportionalAllocation,15,6,4400,{'trace_kind': 'trace'},0.0044
isolation,0,report_thrashing_pressure,SecondChance,ProportionalAllocation,15,7,4100,{'trace_kind': 'trace'},0.0041
isolation,1,report_thrashing_pressure,SecondChance,ProportionalAllocation,15,7,4100,{'trace_kind': 'trace'},0.0041
isolation,0,report_thrashing_pressure,SecondChance,ProportionalAllocation,15,8,4200,{'trace_kind': 'trace'},0.0042
isolation,1,report_thrashing_pressure,SecondChance,ProportionalAllocation,15,8,4000,{'trace_kind': 'trace'},0.004
isolation,0,report_thrashing_pressure,SecondChance,ProportionalAllocation,15,9,4000,{'trace_kind': 'trace'},0.004
isolation,1,report_thrashing_pressure,SecondChance,ProportionalAllocation,15,9,4000,{'trace_kind': 'trace'},0.004
isolation,0,report_thrashing_pressure,WSClock,GlobalAllocation,15,0,6200,{'trace_kind': 'trace'},0.0062
isolation,1,report_thrashing_pressure,WSClock,GlobalAllocation,15,0,5300,{'trace_kind': 'trace'},0.0053
isolation,0,report_thrashing_pressure,WSClock,GlobalAllocation,15,1,4800,{'trace_kind': 'trace'},0.0048
isolation,1,report_thrashing_pressure,WSClock,GlobalAllocation,15,1,4400,{'trace_kind': 'trace'},0.0044
isolation,0,report_thrashing_pressure,WSClock,GlobalAllocation,15,2,4500,{'trace_kind': 'trace'},0.0045
isolation,1,report_thrashing_pressure,WSClock,GlobalAllocation,15,2,4300,{'trace_kind': 'trace'},0.0043
isolation,0,report_thrashing_pressure,WSClock,GlobalAllocation,15,3,4400,{'trace_kind': 'trace'},0.0044
isolation,1,report_thrashing_pressure,WSClock,GlobalAllocation,15,3,4200,{'trace_kind': 'trace'},0.0042
isolation,0,report_thrashing_pressure,WSClock,GlobalAllocation,15,4,4400,{'trace_kind': 'trace'},0.0044
isolation,1,report_thrashing_pressure,WSClock,GlobalAllocation,15,4,4300,{'trace_kind': 'trace'},0.0043
isolation,0,report_thrashing_pressure,WSClock,GlobalAllocation,15,5,4400,{'trace_kind': 'trace'},0.0044
isolation,1,report_thrashing_pressure,WSClock,GlobalAllocation,15,5,4300,{'trace_kind': 'trace'},0.0043
isolation,0,report_thrashing_pressure,WSClock,GlobalAllocation,15,6,4500,{'trace_kind': 'trace'},0.0045
isolation,1,report_thrashing_pressure,WSClock,GlobalAllocation,15,6,4500,{'trace_kind': 'trace'},0.0045
isolation,0,report_thrashing_pressure,WSClock,GlobalAllocation,15,7,4600,{'trace_kind': 'trace'},0.0046
isolation,1,report_thrashing_pressure,WSClock,GlobalAllocation,15,7,4200,{'trace_kind': 'trace'},0.0042
isolation,0,report_thrashing_pressure,WSClock,GlobalAllocation,15,8,4400,{'trace_kind': 'trace'},0.0044
isolation,1,report_thrashing_pressure,WSClock,GlobalAllocation,15,8,4400,{'trace_kind': 'trace'},0.0044
isolation,0,report_thrashing_pressure,WSClock,GlobalAllocation,15,9,4400,{'trace_kind': 'trace'},0.0044
isolation,1,report_thrashing_pressure,WSClock,GlobalAllocation,15,9,4100,{'trace_kind': 'trace'},0.0041
isolation,0,report_thrashing_pressure,WSClock,LocalAllocation,15,0,4400,{'trace_kind': 'trace'},0.0044
isolation,1,report_thrashing_pressure,WSClock,LocalAllocation,15,0,4100,{'trace_kind': 'trace'},0.0041
isolation,0,report_thrashing_pressure,WSClock,LocalAllocation,15,1,4400,{'trace_kind': 'trace'},0.0044
isolation,1,report_thrashing_pressure,WSClock,LocalAllocation,15,1,4100,{'trace_kind': 'trace'},0.0041
isolation,0,report_thrashing_pressure,WSClock,LocalAllocation,15,2,4300,{'trace_kind': 'trace'},0.0043
isolation,1,report_thrashing_pressure,WSClock,LocalAllocation,15,2,4100,{'trace_kind': 'trace'},0.0041
isolation,0,report_thrashing_pressure,WSClock,LocalAllocation,15,3,4100,{'trace_kind': 'trace'},0.0041
isolation,1,report_thrashing_pressure,WSClock,LocalAllocation,15,3,4100,{'trace_kind': 'trace'},0.0041
isolation,0,report_thrashing_pressure,WSClock,LocalAllocation,15,4,4300,{'trace_kind': 'trace'},0.0043
isolation,1,report_thrashing_pressure,WSClock,LocalAllocation,15,4,4200,{'trace_kind': 'trace'},0.0042
isolation,0,report_thrashing_pressure,WSClock,LocalAllocation,15,5,4200,{'trace_kind': 'trace'},0.0042
isolation,1,report_thrashing_pressure,WSClock,LocalAllocation,15,5,4100,{'trace_kind': 'trace'},0.0041
isolation,0,report_thrashing_pressure,WSClock,LocalAllocation,15,6,4100,{'trace_kind': 'trace'},0.0041
isolation,1,report_thrashing_pressure,WSClock,LocalAllocation,15,6,4000,{'trace_kind': 'trace'},0.004
isolation,0,report_thrashing_pressure,WSClock,LocalAllocation,15,7,4200,{'trace_kind': 'trace'},0.0042
isolation,1,report_thrashing_pressure,WSClock,LocalAllocation,15,7,4300,{'trace_kind': 'trace'},0.0043
isolation,0,report_thrashing_pressure,WSClock,LocalAllocation,15,8,4300,{'trace_kind': 'trace'},0.0043
isolation,1,report_thrashing_pressure,WSClock,LocalAllocation,15,8,4300,{'trace_kind': 'trace'},0.0043
isolation,0,report_thrashing_pressure,WSClock,LocalAllocation,15,9,4200,{'trace_kind': 'trace'},0.0042
isolation,1,report_thrashing_pressure,WSClock,LocalAllocation,15,9,4100,{'trace_kind': 'trace'},0.0041
isolation,0,report_thrashing_pressure,WSClock,ProportionalAllocation,15,0,4300,{'trace_kind': 'trace'},0.0043
isolation,1,report_thrashing_pressure,WSClock,ProportionalAllocation,15,0,4100,{'trace_kind': 'trace'},0.0041
isolation,0,report_thrashing_pressure,WSClock,ProportionalAllocation,15,1,4200,{'trace_kind': 'trace'},0.0042
isolation,1,report_thrashing_pressure,WSClock,ProportionalAllocation,15,1,4000,{'trace_kind': 'trace'},0.004
isolation,0,report_thrashing_pressure,WSClock,ProportionalAllocation,15,2,4200,{'trace_kind': 'trace'},0.0042
isolation,1,report_thrashing_pressure,WSClock,ProportionalAllocation,15,2,4100,{'trace_kind': 'trace'},0.0041
isolation,0,report_thrashing_pressure,WSClock,ProportionalAllocation,15,3,4100,{'trace_kind': 'trace'},0.0041
isolation,1,report_thrashing_pressure,WSClock,ProportionalAllocation,15,3,4200,{'trace_kind': 'trace'},0.0042
isolation,0,report_thrashing_pressure,WSClock,ProportionalAllocation,15,4,4200,{'trace_kind': 'trace'},0.0042
isolation,1,report_thrashing_pressure,WSClock,ProportionalAllocation,15,4,4100,{'trace_kind': 'trace'},0.0041
isolation,0,report_thrashing_pressure,WSClock,ProportionalAllocation,15,5,4200,{'trace_kind': 'trace'},0.0042
isolation,1,report_thrashing_pressure,WSClock,ProportionalAllocation,15,5,4100,{'trace_kind': 'trace'},0.0041
isolation,0,report_thrashing_pressure,WSClock,ProportionalAllocation,15,6,4200,{'trace_kind': 'trace'},0.0042
isolation,1,report_thrashing_pressure,WSClock,ProportionalAllocation,15,6,4100,{'trace_kind': 'trace'},0.0041
isolation,0,report_thrashing_pressure,WSClock,ProportionalAllocation,15,7,4300,{'trace_kind': 'trace'},0.0043
isolation,1,report_thrashing_pressure,WSClock,ProportionalAllocation,15,7,4000,{'trace_kind': 'trace'},0.004
isolation,0,report_thrashing_pressure,WSClock,ProportionalAllocation,15,8,4300,{'trace_kind': 'trace'},0.0043
isolation,1,report_thrashing_pressure,WSClock,ProportionalAllocation,15,8,4100,{'trace_kind': 'trace'},0.0041
isolation,0,report_thrashing_pressure,WSClock,ProportionalAllocation,15,9,4100,{'trace_kind': 'trace'},0.0041
isolation,1,report_thrashing_pressure,WSClock,ProportionalAllocation,15,9,4100,{'trace_kind': 'trace'},0.0041
isolation,0,sample_trace,FIFO,GlobalAllocation,4,0,3300,{'trace_kind': 'trace'},0.0033
isolation,1,sample_trace,FIFO,GlobalAllocation,4,0,3600,{'trace_kind': 'trace'},0.0036
isolation,0,sample_trace,FIFO,GlobalAllocation,4,1,3800,{'trace_kind': 'trace'},0.0038
isolation,1,sample_trace,FIFO,GlobalAllocation,4,1,3500,{'trace_kind': 'trace'},0.0035
isolation,0,sample_trace,FIFO,GlobalAllocation,4,2,4700,{'trace_kind': 'trace'},0.0047
isolation,1,sample_trace,FIFO,GlobalAllocation,4,2,3300,{'trace_kind': 'trace'},0.0033
isolation,0,sample_trace,FIFO,GlobalAllocation,4,3,3000,{'trace_kind': 'trace'},0.003
isolation,1,sample_trace,FIFO,GlobalAllocation,4,3,3300,{'trace_kind': 'trace'},0.0033
isolation,0,sample_trace,FIFO,GlobalAllocation,4,4,2600,{'trace_kind': 'trace'},0.0026
isolation,1,sample_trace,FIFO,GlobalAllocation,4,4,2700,{'trace_kind': 'trace'},0.0027
isolation,0,sample_trace,FIFO,GlobalAllocation,4,5,2900,{'trace_kind': 'trace'},0.0029
isolation,1,sample_trace,FIFO,GlobalAllocation,4,5,2900,{'trace_kind': 'trace'},0.0029
isolation,0,sample_trace,FIFO,GlobalAllocation,4,6,2600,{'trace_kind': 'trace'},0.0026
isolation,1,sample_trace,FIFO,GlobalAllocation,4,6,3000,{'trace_kind': 'trace'},0.003
isolation,0,sample_trace,FIFO,GlobalAllocation,4,7,2500,{'trace_kind': 'trace'},0.0025
isolation,1,sample_trace,FIFO,GlobalAllocation,4,7,3000,{'trace_kind': 'trace'},0.003
isolation,0,sample_trace,FIFO,GlobalAllocation,4,8,2500,{'trace_kind': 'trace'},0.0025
isolation,1,sample_trace,FIFO,GlobalAllocation,4,8,2900,{'trace_kind': 'trace'},0.0029
isolation,0,sample_trace,FIFO,GlobalAllocation,4,9,2400,{'trace_kind': 'trace'},0.0024
isolation,1,sample_trace,FIFO,GlobalAllocation,4,9,2600,{'trace_kind': 'trace'},0.0026
isolation,0,sample_trace,FIFO,LocalAllocation,4,0,2800,{'trace_kind': 'trace'},0.0028
isolation,1,sample_trace,FIFO,LocalAllocation,4,0,2700,{'trace_kind': 'trace'},0.0027
isolation,0,sample_trace,FIFO,LocalAllocation,4,1,2600,{'trace_kind': 'trace'},0.0026
isolation,1,sample_trace,FIFO,LocalAllocation,4,1,2800,{'trace_kind': 'trace'},0.0028
isolation,0,sample_trace,FIFO,LocalAllocation,4,2,2500,{'trace_kind': 'trace'},0.0025
isolation,1,sample_trace,FIFO,LocalAllocation,4,2,2700,{'trace_kind': 'trace'},0.0027
isolation,0,sample_trace,FIFO,LocalAllocation,4,3,2300,{'trace_kind': 'trace'},0.0023
isolation,1,sample_trace,FIFO,LocalAllocation,4,3,2500,{'trace_kind': 'trace'},0.0025
isolation,0,sample_trace,FIFO,LocalAllocation,4,4,2300,{'trace_kind': 'trace'},0.0023
isolation,1,sample_trace,FIFO,LocalAllocation,4,4,2700,{'trace_kind': 'trace'},0.0027
isolation,0,sample_trace,FIFO,LocalAllocation,4,5,2400,{'trace_kind': 'trace'},0.0024
isolation,1,sample_trace,FIFO,LocalAllocation,4,5,2600,{'trace_kind': 'trace'},0.0026
isolation,0,sample_trace,FIFO,LocalAllocation,4,6,2300,{'trace_kind': 'trace'},0.0023
isolation,1,sample_trace,FIFO,LocalAllocation,4,6,2800,{'trace_kind': 'trace'},0.0028
isolation,0,sample_trace,FIFO,LocalAllocation,4,7,2400,{'trace_kind': 'trace'},0.0024
isolation,1,sample_trace,FIFO,LocalAllocation,4,7,2500,{'trace_kind': 'trace'},0.0025
isolation,0,sample_trace,FIFO,LocalAllocation,4,8,2300,{'trace_kind': 'trace'},0.0023
isolation,1,sample_trace,FIFO,LocalAllocation,4,8,2700,{'trace_kind': 'trace'},0.0027
isolation,0,sample_trace,FIFO,LocalAllocation,4,9,2200,{'trace_kind': 'trace'},0.0022
isolation,1,sample_trace,FIFO,LocalAllocation,4,9,2600,{'trace_kind': 'trace'},0.0026
isolation,0,sample_trace,FIFO,ProportionalAllocation,4,0,4200,{'trace_kind': 'trace'},0.0042
isolation,1,sample_trace,FIFO,ProportionalAllocation,4,0,4600,{'trace_kind': 'trace'},0.0046
isolation,0,sample_trace,FIFO,ProportionalAllocation,4,1,4600,{'trace_kind': 'trace'},0.0046
isolation,1,sample_trace,FIFO,ProportionalAllocation,4,1,5100,{'trace_kind': 'trace'},0.0051
isolation,0,sample_trace,FIFO,ProportionalAllocation,4,2,4400,{'trace_kind': 'trace'},0.0044
isolation,1,sample_trace,FIFO,ProportionalAllocation,4,2,4700,{'trace_kind': 'trace'},0.0047
isolation,0,sample_trace,FIFO,ProportionalAllocation,4,3,4200,{'trace_kind': 'trace'},0.0042
isolation,1,sample_trace,FIFO,ProportionalAllocation,4,3,5000,{'trace_kind': 'trace'},0.005
isolation,0,sample_trace,FIFO,ProportionalAllocation,4,4,4400,{'trace_kind': 'trace'},0.0044
isolation,1,sample_trace,FIFO,ProportionalAllocation,4,4,4900,{'trace_kind': 'trace'},0.0049
isolation,0,sample_trace,FIFO,ProportionalAllocation,4,5,4100,{'trace_kind': 'trace'},0.0041
isolation,1,sample_trace,FIFO,ProportionalAllocation,4,5,4700,{'trace_kind': 'trace'},0.0047
isolation,0,sample_trace,FIFO,ProportionalAllocation,4,6,4300,{'trace_kind': 'trace'},0.0043
isolation,1,sample_trace,FIFO,ProportionalAllocation,4,6,3900,{'trace_kind': 'trace'},0.0039
isolation,0,sample_trace,FIFO,ProportionalAllocation,4,7,4200,{'trace_kind': 'trace'},0.0042
isolation,1,sample_trace,FIFO,ProportionalAllocation,4,7,4700,{'trace_kind': 'trace'},0.0047
isolation,0,sample_trace,FIFO,ProportionalAllocation,4,8,4100,{'trace_kind': 'trace'},0.0041
isolation,1,sample_trace,FIFO,ProportionalAllocation,4,8,5000,{'trace_kind': 'trace'},0.005
isolation,0,sample_trace,FIFO,ProportionalAllocation,4,9,4100,{'trace_kind': 'trace'},0.0041
isolation,1,sample_trace,FIFO,ProportionalAllocation,4,9,4800,{'trace_kind': 'trace'},0.0048
isolation,0,sample_trace,LRU,GlobalAllocation,4,0,3500,{'trace_kind': 'trace'},0.0035
isolation,1,sample_trace,LRU,GlobalAllocation,4,0,3600,{'trace_kind': 'trace'},0.0036
isolation,0,sample_trace,LRU,GlobalAllocation,4,1,4000,{'trace_kind': 'trace'},0.004
isolation,1,sample_trace,LRU,GlobalAllocation,4,1,3400,{'trace_kind': 'trace'},0.0034
isolation,0,sample_trace,LRU,GlobalAllocation,4,2,4500,{'trace_kind': 'trace'},0.0045
isolation,1,sample_trace,LRU,GlobalAllocation,4,2,3300,{'trace_kind': 'trace'},0.0033
isolation,0,sample_trace,LRU,GlobalAllocation,4,3,3100,{'trace_kind': 'trace'},0.0031
isolation,1,sample_trace,LRU,GlobalAllocation,4,3,2800,{'trace_kind': 'trace'},0.0028
isolation,0,sample_trace,LRU,GlobalAllocation,4,4,2700,{'trace_kind': 'trace'},0.0027
isolation,1,sample_trace,LRU,GlobalAllocation,4,4,2900,{'trace_kind': 'trace'},0.0029
isolation,0,sample_trace,LRU,GlobalAllocation,4,5,2800,{'trace_kind': 'trace'},0.0028
isolation,1,sample_trace,LRU,GlobalAllocation,4,5,3100,{'trace_kind': 'trace'},0.0031
isolation,0,sample_trace,LRU,GlobalAllocation,4,6,2700,{'trace_kind': 'trace'},0.0027
isolation,1,sample_trace,LRU,GlobalAllocation,4,6,2900,{'trace_kind': 'trace'},0.0029
isolation,0,sample_trace,LRU,GlobalAllocation,4,7,2700,{'trace_kind': 'trace'},0.0027
isolation,1,sample_trace,LRU,GlobalAllocation,4,7,4100,{'trace_kind': 'trace'},0.0041
isolation,0,sample_trace,LRU,GlobalAllocation,4,8,2600,{'trace_kind': 'trace'},0.0026
isolation,1,sample_trace,LRU,GlobalAllocation,4,8,2900,{'trace_kind': 'trace'},0.0029
isolation,0,sample_trace,LRU,GlobalAllocation,4,9,2500,{'trace_kind': 'trace'},0.0025
isolation,1,sample_trace,LRU,GlobalAllocation,4,9,3800,{'trace_kind': 'trace'},0.0038
isolation,0,sample_trace,LRU,LocalAllocation,4,0,2700,{'trace_kind': 'trace'},0.0027
isolation,1,sample_trace,LRU,LocalAllocation,4,0,2800,{'trace_kind': 'trace'},0.0028
isolation,0,sample_trace,LRU,LocalAllocation,4,1,2500,{'trace_kind': 'trace'},0.0025
isolation,1,sample_trace,LRU,LocalAllocation,4,1,2800,{'trace_kind': 'trace'},0.0028
isolation,0,sample_trace,LRU,LocalAllocation,4,2,2500,{'trace_kind': 'trace'},0.0025
isolation,1,sample_trace,LRU,LocalAllocation,4,2,2800,{'trace_kind': 'trace'},0.0028
isolation,0,sample_trace,LRU,LocalAllocation,4,3,2400,{'trace_kind': 'trace'},0.0024
isolation,1,sample_trace,LRU,LocalAllocation,4,3,2600,{'trace_kind': 'trace'},0.0026
isolation,0,sample_trace,LRU,LocalAllocation,4,4,2400,{'trace_kind': 'trace'},0.0024
isolation,1,sample_trace,LRU,LocalAllocation,4,4,2800,{'trace_kind': 'trace'},0.0028
isolation,0,sample_trace,LRU,LocalAllocation,4,5,2500,{'trace_kind': 'trace'},0.0025
isolation,1,sample_trace,LRU,LocalAllocation,4,5,2700,{'trace_kind': 'trace'},0.0027
isolation,0,sample_trace,LRU,LocalAllocation,4,6,2400,{'trace_kind': 'trace'},0.0024
isolation,1,sample_trace,LRU,LocalAllocation,4,6,2700,{'trace_kind': 'trace'},0.0027
isolation,0,sample_trace,LRU,LocalAllocation,4,7,2500,{'trace_kind': 'trace'},0.0025
isolation,1,sample_trace,LRU,LocalAllocation,4,7,2600,{'trace_kind': 'trace'},0.0026
isolation,0,sample_trace,LRU,LocalAllocation,4,8,2400,{'trace_kind': 'trace'},0.0024
isolation,1,sample_trace,LRU,LocalAllocation,4,8,2600,{'trace_kind': 'trace'},0.0026
isolation,0,sample_trace,LRU,LocalAllocation,4,9,2400,{'trace_kind': 'trace'},0.0024
isolation,1,sample_trace,LRU,LocalAllocation,4,9,2700,{'trace_kind': 'trace'},0.0027
isolation,0,sample_trace,LRU,ProportionalAllocation,4,0,2700,{'trace_kind': 'trace'},0.0027
isolation,1,sample_trace,LRU,ProportionalAllocation,4,0,2700,{'trace_kind': 'trace'},0.0027
isolation,0,sample_trace,LRU,ProportionalAllocation,4,1,2500,{'trace_kind': 'trace'},0.0025
isolation,1,sample_trace,LRU,ProportionalAllocation,4,1,2700,{'trace_kind': 'trace'},0.0027
isolation,0,sample_trace,LRU,ProportionalAllocation,4,2,2600,{'trace_kind': 'trace'},0.0026
isolation,1,sample_trace,LRU,ProportionalAllocation,4,2,2700,{'trace_kind': 'trace'},0.0027
isolation,0,sample_trace,LRU,ProportionalAllocation,4,3,2500,{'trace_kind': 'trace'},0.0025
isolation,1,sample_trace,LRU,ProportionalAllocation,4,3,2700,{'trace_kind': 'trace'},0.0027
isolation,0,sample_trace,LRU,ProportionalAllocation,4,4,2500,{'trace_kind': 'trace'},0.0025
isolation,1,sample_trace,LRU,ProportionalAllocation,4,4,2700,{'trace_kind': 'trace'},0.0027
isolation,0,sample_trace,LRU,ProportionalAllocation,4,5,2400,{'trace_kind': 'trace'},0.0024
isolation,1,sample_trace,LRU,ProportionalAllocation,4,5,2700,{'trace_kind': 'trace'},0.0027
isolation,0,sample_trace,LRU,ProportionalAllocation,4,6,2500,{'trace_kind': 'trace'},0.0025
isolation,1,sample_trace,LRU,ProportionalAllocation,4,6,2700,{'trace_kind': 'trace'},0.0027
isolation,0,sample_trace,LRU,ProportionalAllocation,4,7,2400,{'trace_kind': 'trace'},0.0024
isolation,1,sample_trace,LRU,ProportionalAllocation,4,7,2500,{'trace_kind': 'trace'},0.0025
isolation,0,sample_trace,LRU,ProportionalAllocation,4,8,2500,{'trace_kind': 'trace'},0.0025
isolation,1,sample_trace,LRU,ProportionalAllocation,4,8,2700,{'trace_kind': 'trace'},0.0027
isolation,0,sample_trace,LRU,ProportionalAllocation,4,9,2500,{'trace_kind': 'trace'},0.0025
isolation,1,sample_trace,LRU,ProportionalAllocation,4,9,2700,{'trace_kind': 'trace'},0.0027
isolation,0,sample_trace,NRU,GlobalAllocation,4,0,6600,{'trace_kind': 'trace'},0.0066
isolation,1,sample_trace,NRU,GlobalAllocation,4,0,6700,{'trace_kind': 'trace'},0.0067
isolation,0,sample_trace,NRU,GlobalAllocation,4,1,6500,{'trace_kind': 'trace'},0.0065
isolation,1,sample_trace,NRU,GlobalAllocation,4,1,6100,{'trace_kind': 'trace'},0.0061
isolation,0,sample_trace,NRU,GlobalAllocation,4,2,7600,{'trace_kind': 'trace'},0.0076
isolation,1,sample_trace,NRU,GlobalAllocation,4,2,6200,{'trace_kind': 'trace'},0.0062
isolation,0,sample_trace,NRU,GlobalAllocation,4,3,5500,{'trace_kind': 'trace'},0.0055
isolation,1,sample_trace,NRU,GlobalAllocation,4,3,5200,{'trace_kind': 'trace'},0.0052
isolation,0,sample_trace,NRU,GlobalAllocation,4,4,4500,{'trace_kind': 'trace'},0.0045
isolation,1,sample_trace,NRU,GlobalAllocation,4,4,5100,{'trace_kind': 'trace'},0.0051
isolation,0,sample_trace,NRU,GlobalAllocation,4,5,5400,{'trace_kind': 'trace'},0.0054
isolation,1,sample_trace,NRU,GlobalAllocation,4,5,5500,{'trace_kind': 'trace'},0.0055
isolation,0,sample_trace,NRU,GlobalAllocation,4,6,4800,{'trace_kind': 'trace'},0.0048
isolation,1,sample_trace,NRU,GlobalAllocation,4,6,5100,{'trace_kind': 'trace'},0.0051
isolation,0,sample_trace,NRU,GlobalAllocation,4,7,4500,{'trace_kind': 'trace'},0.0045
isolation,1,sample_trace,NRU,GlobalAllocation,4,7,4600,{'trace_kind': 'trace'},0.0046
isolation,0,sample_trace,NRU,GlobalAllocation,4,8,4700,{'trace_kind': 'trace'},0.0047
isolation,1,sample_trace,NRU,GlobalAllocation,4,8,5500,{'trace_kind': 'trace'},0.0055
isolation,0,sample_trace,NRU,GlobalAllocation,4,9,4100,{'trace_kind': 'trace'},0.0041
isolation,1,sample_trace,NRU,GlobalAllocation,4,9,6300,{'trace_kind': 'trace'},0.0063
isolation,0,sample_trace,NRU,LocalAllocation,4,0,2600,{'trace_kind': 'trace'},0.0026
isolation,1,sample_trace,NRU,LocalAllocation,4,0,2700,{'trace_kind': 'trace'},0.0027
isolation,0,sample_trace,NRU,LocalAllocation,4,1,2400,{'trace_kind': 'trace'},0.0024
isolation,1,sample_trace,NRU,LocalAllocation,4,1,2700,{'trace_kind': 'trace'},0.0027
isolation,0,sample_trace,NRU,LocalAllocation,4,2,2400,{'trace_kind': 'trace'},0.0024
isolation,1,sample_trace,NRU,LocalAllocation,4,2,2500,{'trace_kind': 'trace'},0.0025
isolation,0,sample_trace,NRU,LocalAllocation,4,3,2500,{'trace_kind': 'trace'},0.0025
isolation,1,sample_trace,NRU,LocalAllocation,4,3,2500,{'trace_kind': 'trace'},0.0025
isolation,0,sample_trace,NRU,LocalAllocation,4,4,2500,{'trace_kind': 'trace'},0.0025
isolation,1,sample_trace,NRU,LocalAllocation,4,4,2500,{'trace_kind': 'trace'},0.0025
isolation,0,sample_trace,NRU,LocalAllocation,4,5,2300,{'trace_kind': 'trace'},0.0023
isolation,1,sample_trace,NRU,LocalAllocation,4,5,2500,{'trace_kind': 'trace'},0.0025
isolation,0,sample_trace,NRU,LocalAllocation,4,6,2300,{'trace_kind': 'trace'},0.0023
isolation,1,sample_trace,NRU,LocalAllocation,4,6,2400,{'trace_kind': 'trace'},0.0024
isolation,0,sample_trace,NRU,LocalAllocation,4,7,2200,{'trace_kind': 'trace'},0.0022
isolation,1,sample_trace,NRU,LocalAllocation,4,7,2500,{'trace_kind': 'trace'},0.0025
isolation,0,sample_trace,NRU,LocalAllocation,4,8,2400,{'trace_kind': 'trace'},0.0024
isolation,1,sample_trace,NRU,LocalAllocation,4,8,2600,{'trace_kind': 'trace'},0.0026
isolation,0,sample_trace,NRU,LocalAllocation,4,9,2300,{'trace_kind': 'trace'},0.0023
isolation,1,sample_trace,NRU,LocalAllocation,4,9,2600,{'trace_kind': 'trace'},0.0026
isolation,0,sample_trace,NRU,ProportionalAllocation,4,0,2400,{'trace_kind': 'trace'},0.0024
isolation,1,sample_trace,NRU,ProportionalAllocation,4,0,2600,{'trace_kind': 'trace'},0.0026
isolation,0,sample_trace,NRU,ProportionalAllocation,4,1,2500,{'trace_kind': 'trace'},0.0025
isolation,1,sample_trace,NRU,ProportionalAllocation,4,1,3300,{'trace_kind': 'trace'},0.0033
isolation,0,sample_trace,NRU,ProportionalAllocation,4,2,2600,{'trace_kind': 'trace'},0.0026
isolation,1,sample_trace,NRU,ProportionalAllocation,4,2,2600,{'trace_kind': 'trace'},0.0026
isolation,0,sample_trace,NRU,ProportionalAllocation,4,3,2300,{'trace_kind': 'trace'},0.0023
isolation,1,sample_trace,NRU,ProportionalAllocation,4,3,2700,{'trace_kind': 'trace'},0.0027
isolation,0,sample_trace,NRU,ProportionalAllocation,4,4,2500,{'trace_kind': 'trace'},0.0025
isolation,1,sample_trace,NRU,ProportionalAllocation,4,4,2800,{'trace_kind': 'trace'},0.0028
isolation,0,sample_trace,NRU,ProportionalAllocation,4,5,2200,{'trace_kind': 'trace'},0.0022
isolation,1,sample_trace,NRU,ProportionalAllocation,4,5,2500,{'trace_kind': 'trace'},0.0025
isolation,0,sample_trace,NRU,ProportionalAllocation,4,6,2400,{'trace_kind': 'trace'},0.0024
isolation,1,sample_trace,NRU,ProportionalAllocation,4,6,2500,{'trace_kind': 'trace'},0.0025
isolation,0,sample_trace,NRU,ProportionalAllocation,4,7,2400,{'trace_kind': 'trace'},0.0024
isolation,1,sample_trace,NRU,ProportionalAllocation,4,7,2600,{'trace_kind': 'trace'},0.0026
isolation,0,sample_trace,NRU,ProportionalAllocation,4,8,2400,{'trace_kind': 'trace'},0.0024
isolation,1,sample_trace,NRU,ProportionalAllocation,4,8,2400,{'trace_kind': 'trace'},0.0024
isolation,0,sample_trace,NRU,ProportionalAllocation,4,9,2400,{'trace_kind': 'trace'},0.0024
isolation,1,sample_trace,NRU,ProportionalAllocation,4,9,2500,{'trace_kind': 'trace'},0.0025
isolation,0,sample_trace,SecondChance,GlobalAllocation,4,0,3100,{'trace_kind': 'trace'},0.0031
isolation,1,sample_trace,SecondChance,GlobalAllocation,4,0,3500,{'trace_kind': 'trace'},0.0035
isolation,0,sample_trace,SecondChance,GlobalAllocation,4,1,3500,{'trace_kind': 'trace'},0.0035
isolation,1,sample_trace,SecondChance,GlobalAllocation,4,1,3200,{'trace_kind': 'trace'},0.0032
isolation,0,sample_trace,SecondChance,GlobalAllocation,4,2,4300,{'trace_kind': 'trace'},0.0043
isolation,1,sample_trace,SecondChance,GlobalAllocation,4,2,3000,{'trace_kind': 'trace'},0.003
isolation,0,sample_trace,SecondChance,GlobalAllocation,4,3,2900,{'trace_kind': 'trace'},0.0029
isolation,1,sample_trace,SecondChance,GlobalAllocation,4,3,3000,{'trace_kind': 'trace'},0.003
isolation,0,sample_trace,SecondChance,GlobalAllocation,4,4,2500,{'trace_kind': 'trace'},0.0025
isolation,1,sample_trace,SecondChance,GlobalAllocation,4,4,2600,{'trace_kind': 'trace'},0.0026
isolation,0,sample_trace,SecondChance,GlobalAllocation,4,5,2600,{'trace_kind': 'trace'},0.0026
isolation,1,sample_trace,SecondChance,GlobalAllocation,4,5,3300,{'trace_kind': 'trace'},0.0033
isolation,0,sample_trace,SecondChance,GlobalAllocation,4,6,2600,{'trace_kind': 'trace'},0.0026
isolation,1,sample_trace,SecondChance,GlobalAllocation,4,6,2800,{'trace_kind': 'trace'},0.0028
isolation,0,sample_trace,SecondChance,GlobalAllocation,4,7,2500,{'trace_kind': 'trace'},0.0025
isolation,1,sample_trace,SecondChance,GlobalAllocation,4,7,2700,{'trace_kind': 'trace'},0.0027
isolation,0,sample_trace,SecondChance,GlobalAllocation,4,8,2600,{'trace_kind': 'trace'},0.0026
isolation,1,sample_trace,SecondChance,GlobalAllocation,4,8,3000,{'trace_kind': 'trace'},0.003
isolation,0,sample_trace,SecondChance,GlobalAllocation,4,9,2600,{'trace_kind': 'trace'},0.0026
isolation,1,sample_trace,SecondChance,GlobalAllocation,4,9,2600,{'trace_kind': 'trace'},0.0026
isolation,0,sample_trace,SecondChance,LocalAllocation,4,0,2900,{'trace_kind': 'trace'},0.0029
isolation,1,sample_trace,SecondChance,LocalAllocation,4,0,2600,{'trace_kind': 'trace'},0.0026
isolation,0,sample_trace,SecondChance,LocalAllocation,4,1,2400,{'trace_kind': 'trace'},0.0024
isolation,1,sample_trace,SecondChance,LocalAllocation,4,1,2800,{'trace_kind': 'trace'},0.0028
isolation,0,sample_trace,SecondChance,LocalAllocation,4,2,2500,{'trace_kind': 'trace'},0.0025
isolation,1,sample_trace,SecondChance,LocalAllocation,4,2,2500,{'trace_kind': 'trace'},0.0025
isolation,0,sample_trace,SecondChance,LocalAllocation,4,3,2200,{'trace_kind': 'trace'},0.0022
isolation,1,sample_trace,SecondChance,LocalAllocation,4,3,2500,{'trace_kind': 'trace'},0.0025
isolation,0,sample_trace,SecondChance,LocalAllocation,4,4,2300,{'trace_kind': 'trace'},0.0023
isolation,1,sample_trace,SecondChance,LocalAllocation,4,4,2500,{'trace_kind': 'trace'},0.0025
isolation,0,sample_trace,SecondChance,LocalAllocation,4,5,2300,{'trace_kind': 'trace'},0.0023
isolation,1,sample_trace,SecondChance,LocalAllocation,4,5,2700,{'trace_kind': 'trace'},0.0027
isolation,0,sample_trace,SecondChance,LocalAllocation,4,6,2200,{'trace_kind': 'trace'},0.0022
isolation,1,sample_trace,SecondChance,LocalAllocation,4,6,2700,{'trace_kind': 'trace'},0.0027
isolation,0,sample_trace,SecondChance,LocalAllocation,4,7,2400,{'trace_kind': 'trace'},0.0024
isolation,1,sample_trace,SecondChance,LocalAllocation,4,7,2500,{'trace_kind': 'trace'},0.0025
isolation,0,sample_trace,SecondChance,LocalAllocation,4,8,2100,{'trace_kind': 'trace'},0.0021
isolation,1,sample_trace,SecondChance,LocalAllocation,4,8,2500,{'trace_kind': 'trace'},0.0025
isolation,0,sample_trace,SecondChance,LocalAllocation,4,9,2300,{'trace_kind': 'trace'},0.0023
isolation,1,sample_trace,SecondChance,LocalAllocation,4,9,2700,{'trace_kind': 'trace'},0.0027
isolation,0,sample_trace,SecondChance,ProportionalAllocation,4,0,2600,{'trace_kind': 'trace'},0.0026
isolation,1,sample_trace,SecondChance,ProportionalAllocation,4,0,2500,{'trace_kind': 'trace'},0.0025
isolation,0,sample_trace,SecondChance,ProportionalAllocation,4,1,2500,{'trace_kind': 'trace'},0.0025
isolation,1,sample_trace,SecondChance,ProportionalAllocation,4,1,2500,{'trace_kind': 'trace'},0.0025
isolation,0,sample_trace,SecondChance,ProportionalAllocation,4,2,2500,{'trace_kind': 'trace'},0.0025
isolation,1,sample_trace,SecondChance,ProportionalAllocation,4,2,2500,{'trace_kind': 'trace'},0.0025
isolation,0,sample_trace,SecondChance,ProportionalAllocation,4,3,2500,{'trace_kind': 'trace'},0.0025
isolation,1,sample_trace,SecondChance,ProportionalAllocation,4,3,2900,{'trace_kind': 'trace'},0.0029
isolation,0,sample_trace,SecondChance,ProportionalAllocation,4,4,2300,{'trace_kind': 'trace'},0.0023
isolation,1,sample_trace,SecondChance,ProportionalAllocation,4,4,2600,{'trace_kind': 'trace'},0.0026
isolation,0,sample_trace,SecondChance,ProportionalAllocation,4,5,2300,{'trace_kind': 'trace'},0.0023
isolation,1,sample_trace,SecondChance,ProportionalAllocation,4,5,2600,{'trace_kind': 'trace'},0.0026
isolation,0,sample_trace,SecondChance,ProportionalAllocation,4,6,2400,{'trace_kind': 'trace'},0.0024
isolation,1,sample_trace,SecondChance,ProportionalAllocation,4,6,2600,{'trace_kind': 'trace'},0.0026
isolation,0,sample_trace,SecondChance,ProportionalAllocation,4,7,2300,{'trace_kind': 'trace'},0.0023
isolation,1,sample_trace,SecondChance,ProportionalAllocation,4,7,2700,{'trace_kind': 'trace'},0.0027
isolation,0,sample_trace,SecondChance,ProportionalAllocation,4,8,2300,{'trace_kind': 'trace'},0.0023
isolation,1,sample_trace,SecondChance,ProportionalAllocation,4,8,2600,{'trace_kind': 'trace'},0.0026
isolation,0,sample_trace,SecondChance,ProportionalAllocation,4,9,2300,{'trace_kind': 'trace'},0.0023
isolation,1,sample_trace,SecondChance,ProportionalAllocation,4,9,3500,{'trace_kind': 'trace'},0.0035
isolation,0,sample_trace,WSClock,GlobalAllocation,4,0,3300,{'trace_kind': 'trace'},0.0033
isolation,1,sample_trace,WSClock,GlobalAllocation,4,0,3400,{'trace_kind': 'trace'},0.0034
isolation,0,sample_trace,WSClock,GlobalAllocation,4,1,3400,{'trace_kind': 'trace'},0.0034
isolation,1,sample_trace,WSClock,GlobalAllocation,4,1,3400,{'trace_kind': 'trace'},0.0034
isolation,0,sample_trace,WSClock,GlobalAllocation,4,2,4200,{'trace_kind': 'trace'},0.0042
isolation,1,sample_trace,WSClock,GlobalAllocation,4,2,3200,{'trace_kind': 'trace'},0.0032
isolation,0,sample_trace,WSClock,GlobalAllocation,4,3,2900,{'trace_kind': 'trace'},0.0029
isolation,1,sample_trace,WSClock,GlobalAllocation,4,3,2800,{'trace_kind': 'trace'},0.0028
isolation,0,sample_trace,WSClock,GlobalAllocation,4,4,2600,{'trace_kind': 'trace'},0.0026
isolation,1,sample_trace,WSClock,GlobalAllocation,4,4,4200,{'trace_kind': 'trace'},0.0042
isolation,0,sample_trace,WSClock,GlobalAllocation,4,5,2600,{'trace_kind': 'trace'},0.0026
isolation,1,sample_trace,WSClock,GlobalAllocation,4,5,2800,{'trace_kind': 'trace'},0.0028
isolation,0,sample_trace,WSClock,GlobalAllocation,4,6,2600,{'trace_kind': 'trace'},0.0026
isolation,1,sample_trace,WSClock,GlobalAllocation,4,6,2900,{'trace_kind': 'trace'},0.0029
isolation,0,sample_trace,WSClock,GlobalAllocation,4,7,2600,{'trace_kind': 'trace'},0.0026
isolation,1,sample_trace,WSClock,GlobalAllocation,4,7,2800,{'trace_kind': 'trace'},0.0028
isolation,0,sample_trace,WSClock,GlobalAllocation,4,8,2800,{'trace_kind': 'trace'},0.0028
isolation,1,sample_trace,WSClock,GlobalAllocation,4,8,2800,{'trace_kind': 'trace'},0.0028
isolation,0,sample_trace,WSClock,GlobalAllocation,4,9,2600,{'trace_kind': 'trace'},0.0026
isolation,1,sample_trace,WSClock,GlobalAllocation,4,9,2600,{'trace_kind': 'trace'},0.0026
isolation,0,sample_trace,WSClock,LocalAllocation,4,0,2400,{'trace_kind': 'trace'},0.0024
isolation,1,sample_trace,WSClock,LocalAllocation,4,0,2600,{'trace_kind': 'trace'},0.0026
isolation,0,sample_trace,WSClock,LocalAllocation,4,1,2400,{'trace_kind': 'trace'},0.0024
isolation,1,sample_trace,WSClock,LocalAllocation,4,1,2700,{'trace_kind': 'trace'},0.0027
isolation,0,sample_trace,WSClock,LocalAllocation,4,2,2500,{'trace_kind': 'trace'},0.0025
isolation,1,sample_trace,WSClock,LocalAllocation,4,2,2800,{'trace_kind': 'trace'},0.0028
isolation,0,sample_trace,WSClock,LocalAllocation,4,3,2400,{'trace_kind': 'trace'},0.0024
isolation,1,sample_trace,WSClock,LocalAllocation,4,3,2600,{'trace_kind': 'trace'},0.0026
isolation,0,sample_trace,WSClock,LocalAllocation,4,4,3200,{'trace_kind': 'trace'},0.0032
isolation,1,sample_trace,WSClock,LocalAllocation,4,4,3300,{'trace_kind': 'trace'},0.0033
isolation,0,sample_trace,WSClock,LocalAllocation,4,5,2900,{'trace_kind': 'trace'},0.0029
isolation,1,sample_trace,WSClock,LocalAllocation,4,5,3400,{'trace_kind': 'trace'},0.0034
isolation,0,sample_trace,WSClock,LocalAllocation,4,6,2200,{'trace_kind': 'trace'},0.0022
isolation,1,sample_trace,WSClock,LocalAllocation,4,6,2700,{'trace_kind': 'trace'},0.0027
isolation,0,sample_trace,WSClock,LocalAllocation,4,7,2400,{'trace_kind': 'trace'},0.0024
isolation,1,sample_trace,WSClock,LocalAllocation,4,7,2600,{'trace_kind': 'trace'},0.0026
isolation,0,sample_trace,WSClock,LocalAllocation,4,8,2400,{'trace_kind': 'trace'},0.0024
isolation,1,sample_trace,WSClock,LocalAllocation,4,8,2600,{'trace_kind': 'trace'},0.0026
isolation,0,sample_trace,WSClock,LocalAllocation,4,9,2300,{'trace_kind': 'trace'},0.0023
isolation,1,sample_trace,WSClock,LocalAllocation,4,9,2600,{'trace_kind': 'trace'},0.0026
isolation,0,sample_trace,WSClock,ProportionalAllocation,4,0,2400,{'trace_kind': 'trace'},0.0024
isolation,1,sample_trace,WSClock,ProportionalAllocation,4,0,2600,{'trace_kind': 'trace'},0.0026
isolation,0,sample_trace,WSClock,ProportionalAllocation,4,1,2500,{'trace_kind': 'trace'},0.0025
isolation,1,sample_trace,WSClock,ProportionalAllocation,4,1,2800,{'trace_kind': 'trace'},0.0028
isolation,0,sample_trace,WSClock,ProportionalAllocation,4,2,2400,{'trace_kind': 'trace'},0.0024
isolation,1,sample_trace,WSClock,ProportionalAllocation,4,2,2600,{'trace_kind': 'trace'},0.0026
isolation,0,sample_trace,WSClock,ProportionalAllocation,4,3,2300,{'trace_kind': 'trace'},0.0023
isolation,1,sample_trace,WSClock,ProportionalAllocation,4,3,2600,{'trace_kind': 'trace'},0.0026
isolation,0,sample_trace,WSClock,ProportionalAllocation,4,4,2300,{'trace_kind': 'trace'},0.0023
isolation,1,sample_trace,WSClock,ProportionalAllocation,4,4,2700,{'trace_kind': 'trace'},0.0027
isolation,0,sample_trace,WSClock,ProportionalAllocation,4,5,2300,{'trace_kind': 'trace'},0.0023
isolation,1,sample_trace,WSClock,ProportionalAllocation,4,5,2600,{'trace_kind': 'trace'},0.0026
isolation,0,sample_trace,WSClock,ProportionalAllocation,4,6,2500,{'trace_kind': 'trace'},0.0025
isolation,1,sample_trace,WSClock,ProportionalAllocation,4,6,2600,{'trace_kind': 'trace'},0.0026
isolation,0,sample_trace,WSClock,ProportionalAllocation,4,7,2200,{'trace_kind': 'trace'},0.0022
isolation,1,sample_trace,WSClock,ProportionalAllocation,4,7,2600,{'trace_kind': 'trace'},0.0026
isolation,0,sample_trace,WSClock,ProportionalAllocation,4,8,2300,{'trace_kind': 'trace'},0.0023
isolation,1,sample_trace,WSClock,ProportionalAllocation,4,8,2500,{'trace_kind': 'trace'},0.0025
isolation,0,sample_trace,WSClock,ProportionalAllocation,4,9,2500,{'trace_kind': 'trace'},0.0025
isolation,1,sample_trace,WSClock,ProportionalAllocation,4,9,2700,{'trace_kind': 'trace'},0.0027
isolation,0,sample_trace,FIFO,GlobalAllocation,5,0,3400,{'trace_kind': 'trace'},0.0034
isolation,1,sample_trace,FIFO,GlobalAllocation,5,0,3500,{'trace_kind': 'trace'},0.0035
isolation,0,sample_trace,FIFO,GlobalAllocation,5,1,3600,{'trace_kind': 'trace'},0.0036
isolation,1,sample_trace,FIFO,GlobalAllocation,5,1,3500,{'trace_kind': 'trace'},0.0035
isolation,0,sample_trace,FIFO,GlobalAllocation,5,2,4600,{'trace_kind': 'trace'},0.0046
isolation,1,sample_trace,FIFO,GlobalAllocation,5,2,3000,{'trace_kind': 'trace'},0.003
isolation,0,sample_trace,FIFO,GlobalAllocation,5,3,3000,{'trace_kind': 'trace'},0.003
isolation,1,sample_trace,FIFO,GlobalAllocation,5,3,3000,{'trace_kind': 'trace'},0.003
isolation,0,sample_trace,FIFO,GlobalAllocation,5,4,2700,{'trace_kind': 'trace'},0.0027
isolation,1,sample_trace,FIFO,GlobalAllocation,5,4,2900,{'trace_kind': 'trace'},0.0029
isolation,0,sample_trace,FIFO,GlobalAllocation,5,5,2800,{'trace_kind': 'trace'},0.0028
isolation,1,sample_trace,FIFO,GlobalAllocation,5,5,2900,{'trace_kind': 'trace'},0.0029
isolation,0,sample_trace,FIFO,GlobalAllocation,5,6,2500,{'trace_kind': 'trace'},0.0025
isolation,1,sample_trace,FIFO,GlobalAllocation,5,6,3000,{'trace_kind': 'trace'},0.003
isolation,0,sample_trace,FIFO,GlobalAllocation,5,7,2600,{'trace_kind': 'trace'},0.0026
isolation,1,sample_trace,FIFO,GlobalAllocation,5,7,3700,{'trace_kind': 'trace'},0.0037
isolation,0,sample_trace,FIFO,GlobalAllocation,5,8,2600,{'trace_kind': 'trace'},0.0026
isolation,1,sample_trace,FIFO,GlobalAllocation,5,8,2900,{'trace_kind': 'trace'},0.0029
isolation,0,sample_trace,FIFO,GlobalAllocation,5,9,2300,{'trace_kind': 'trace'},0.0023
isolation,1,sample_trace,FIFO,GlobalAllocation,5,9,2800,{'trace_kind': 'trace'},0.0028
isolation,0,sample_trace,FIFO,LocalAllocation,5,0,2600,{'trace_kind': 'trace'},0.0026
isolation,1,sample_trace,FIFO,LocalAllocation,5,0,2700,{'trace_kind': 'trace'},0.0027
isolation,0,sample_trace,FIFO,LocalAllocation,5,1,2300,{'trace_kind': 'trace'},0.0023
isolation,1,sample_trace,FIFO,LocalAllocation,5,1,2800,{'trace_kind': 'trace'},0.0028
isolation,0,sample_trace,FIFO,LocalAllocation,5,2,2400,{'trace_kind': 'trace'},0.0024
isolation,1,sample_trace,FIFO,LocalAllocation,5,2,2700,{'trace_kind': 'trace'},0.0027
isolation,0,sample_trace,FIFO,LocalAllocation,5,3,2300,{'trace_kind': 'trace'},0.0023
isolation,1,sample_trace,FIFO,LocalAllocation,5,3,2700,{'trace_kind': 'trace'},0.0027
isolation,0,sample_trace,FIFO,LocalAllocation,5,4,2400,{'trace_kind': 'trace'},0.0024
isolation,1,sample_trace,FIFO,LocalAllocation,5,4,2700,{'trace_kind': 'trace'},0.0027
isolation,0,sample_trace,FIFO,LocalAllocation,5,5,2300,{'trace_kind': 'trace'},0.0023
isolation,1,sample_trace,FIFO,LocalAllocation,5,5,3400,{'trace_kind': 'trace'},0.0034
isolation,0,sample_trace,FIFO,LocalAllocation,5,6,2400,{'trace_kind': 'trace'},0.0024
isolation,1,sample_trace,FIFO,LocalAllocation,5,6,2800,{'trace_kind': 'trace'},0.0028
isolation,0,sample_trace,FIFO,LocalAllocation,5,7,2300,{'trace_kind': 'trace'},0.0023
isolation,1,sample_trace,FIFO,LocalAllocation,5,7,2700,{'trace_kind': 'trace'},0.0027
isolation,0,sample_trace,FIFO,LocalAllocation,5,8,2500,{'trace_kind': 'trace'},0.0025
isolation,1,sample_trace,FIFO,LocalAllocation,5,8,2700,{'trace_kind': 'trace'},0.0027
isolation,0,sample_trace,FIFO,LocalAllocation,5,9,2300,{'trace_kind': 'trace'},0.0023
isolation,1,sample_trace,FIFO,LocalAllocation,5,9,2500,{'trace_kind': 'trace'},0.0025
isolation,0,sample_trace,FIFO,ProportionalAllocation,5,0,2900,{'trace_kind': 'trace'},0.0029
isolation,1,sample_trace,FIFO,ProportionalAllocation,5,0,2700,{'trace_kind': 'trace'},0.0027
isolation,0,sample_trace,FIFO,ProportionalAllocation,5,1,2400,{'trace_kind': 'trace'},0.0024
isolation,1,sample_trace,FIFO,ProportionalAllocation,5,1,2800,{'trace_kind': 'trace'},0.0028
isolation,0,sample_trace,FIFO,ProportionalAllocation,5,2,2300,{'trace_kind': 'trace'},0.0023
isolation,1,sample_trace,FIFO,ProportionalAllocation,5,2,2700,{'trace_kind': 'trace'},0.0027
isolation,0,sample_trace,FIFO,ProportionalAllocation,5,3,2300,{'trace_kind': 'trace'},0.0023
isolation,1,sample_trace,FIFO,ProportionalAllocation,5,3,2700,{'trace_kind': 'trace'},0.0027
isolation,0,sample_trace,FIFO,ProportionalAllocation,5,4,2200,{'trace_kind': 'trace'},0.0022
isolation,1,sample_trace,FIFO,ProportionalAllocation,5,4,2700,{'trace_kind': 'trace'},0.0027
isolation,0,sample_trace,FIFO,ProportionalAllocation,5,5,2200,{'trace_kind': 'trace'},0.0022
isolation,1,sample_trace,FIFO,ProportionalAllocation,5,5,2600,{'trace_kind': 'trace'},0.0026
isolation,0,sample_trace,FIFO,ProportionalAllocation,5,6,2200,{'trace_kind': 'trace'},0.0022
isolation,1,sample_trace,FIFO,ProportionalAllocation,5,6,2600,{'trace_kind': 'trace'},0.0026
isolation,0,sample_trace,FIFO,ProportionalAllocation,5,7,2200,{'trace_kind': 'trace'},0.0022
isolation,1,sample_trace,FIFO,ProportionalAllocation,5,7,2600,{'trace_kind': 'trace'},0.0026
isolation,0,sample_trace,FIFO,ProportionalAllocation,5,8,2200,{'trace_kind': 'trace'},0.0022
isolation,1,sample_trace,FIFO,ProportionalAllocation,5,8,2500,{'trace_kind': 'trace'},0.0025
isolation,0,sample_trace,FIFO,ProportionalAllocation,5,9,2400,{'trace_kind': 'trace'},0.0024
isolation,1,sample_trace,FIFO,ProportionalAllocation,5,9,3500,{'trace_kind': 'trace'},0.0035
isolation,0,sample_trace,LRU,GlobalAllocation,5,0,3500,{'trace_kind': 'trace'},0.0035
isolation,1,sample_trace,LRU,GlobalAllocation,5,0,3600,{'trace_kind': 'trace'},0.0036
isolation,0,sample_trace,LRU,GlobalAllocation,5,1,3700,{'trace_kind': 'trace'},0.0037
isolation,1,sample_trace,LRU,GlobalAllocation,5,1,3300,{'trace_kind': 'trace'},0.0033
isolation,0,sample_trace,LRU,GlobalAllocation,5,2,4600,{'trace_kind': 'trace'},0.0046
isolation,1,sample_trace,LRU,GlobalAllocation,5,2,3200,{'trace_kind': 'trace'},0.0032
isolation,0,sample_trace,LRU,GlobalAllocation,5,3,3200,{'trace_kind': 'trace'},0.0032
isolation,1,sample_trace,LRU,GlobalAllocation,5,3,3200,{'trace_kind': 'trace'},0.0032
isolation,0,sample_trace,LRU,GlobalAllocation,5,4,2800,{'trace_kind': 'trace'},0.0028
isolation,1,sample_trace,LRU,GlobalAllocation,5,4,2900,{'trace_kind': 'trace'},0.0029
isolation,0,sample_trace,LRU,GlobalAllocation,5,5,2800,{'trace_kind': 'trace'},0.0028
isolation,1,sample_trace,LRU,GlobalAllocation,5,5,4100,{'trace_kind': 'trace'},0.0041
isolation,0,sample_trace,LRU,GlobalAllocation,5,6,2900,{'trace_kind': 'trace'},0.0029
isolation,1,sample_trace,LRU,GlobalAllocation,5,6,3000,{'trace_kind': 'trace'},0.003
isolation,0,sample_trace,LRU,GlobalAllocation,5,7,2700,{'trace_kind': 'trace'},0.0027
isolation,1,sample_trace,LRU,GlobalAllocation,5,7,2900,{'trace_kind': 'trace'},0.0029
isolation,0,sample_trace,LRU,GlobalAllocation,5,8,3000,{'trace_kind': 'trace'},0.003
isolation,1,sample_trace,LRU,GlobalAllocation,5,8,3100,{'trace_kind': 'trace'},0.0031
isolation,0,sample_trace,LRU,GlobalAllocation,5,9,2400,{'trace_kind': 'trace'},0.0024
isolation,1,sample_trace,LRU,GlobalAllocation,5,9,2800,{'trace_kind': 'trace'},0.0028
isolation,0,sample_trace,LRU,LocalAllocation,5,0,2800,{'trace_kind': 'trace'},0.0028
isolation,1,sample_trace,LRU,LocalAllocation,5,0,3200,{'trace_kind': 'trace'},0.0032
isolation,0,sample_trace,LRU,LocalAllocation,5,1,2500,{'trace_kind': 'trace'},0.0025
isolation,1,sample_trace,LRU,LocalAllocation,5,1,2800,{'trace_kind': 'trace'},0.0028
isolation,0,sample_trace,LRU,LocalAllocation,5,2,2500,{'trace_kind': 'trace'},0.0025
isolation,1,sample_trace,LRU,LocalAllocation,5,2,2700,{'trace_kind': 'trace'},0.0027
isolation,0,sample_trace,LRU,LocalAllocation,5,3,2900,{'trace_kind': 'trace'},0.0029
isolation,1,sample_trace,LRU,LocalAllocation,5,3,2700,{'trace_kind': 'trace'},0.0027
isolation,0,sample_trace,LRU,LocalAllocation,5,4,2400,{'trace_kind': 'trace'},0.0024
isolation,1,sample_trace,LRU,LocalAllocation,5,4,2700,{'trace_kind': 'trace'},0.0027
isolation,0,sample_trace,LRU,LocalAllocation,5,5,2500,{'trace_kind': 'trace'},0.0025
isolation,1,sample_trace,LRU,LocalAllocation,5,5,2700,{'trace_kind': 'trace'},0.0027
isolation,0,sample_trace,LRU,LocalAllocation,5,6,2700,{'trace_kind': 'trace'},0.0027
isolation,1,sample_trace,LRU,LocalAllocation,5,6,2700,{'trace_kind': 'trace'},0.0027
isolation,0,sample_trace,LRU,LocalAllocation,5,7,2500,{'trace_kind': 'trace'},0.0025
isolation,1,sample_trace,LRU,LocalAllocation,5,7,2700,{'trace_kind': 'trace'},0.0027
isolation,0,sample_trace,LRU,LocalAllocation,5,8,2600,{'trace_kind': 'trace'},0.0026
isolation,1,sample_trace,LRU,LocalAllocation,5,8,2700,{'trace_kind': 'trace'},0.0027
isolation,0,sample_trace,LRU,LocalAllocation,5,9,2400,{'trace_kind': 'trace'},0.0024
isolation,1,sample_trace,LRU,LocalAllocation,5,9,2700,{'trace_kind': 'trace'},0.0027
isolation,0,sample_trace,LRU,ProportionalAllocation,5,0,2600,{'trace_kind': 'trace'},0.0026
isolation,1,sample_trace,LRU,ProportionalAllocation,5,0,2600,{'trace_kind': 'trace'},0.0026
isolation,0,sample_trace,LRU,ProportionalAllocation,5,1,2500,{'trace_kind': 'trace'},0.0025
isolation,1,sample_trace,LRU,ProportionalAllocation,5,1,2900,{'trace_kind': 'trace'},0.0029
isolation,0,sample_trace,LRU,ProportionalAllocation,5,2,2500,{'trace_kind': 'trace'},0.0025
isolation,1,sample_trace,LRU,ProportionalAllocation,5,2,2600,{'trace_kind': 'trace'},0.0026
isolation,0,sample_trace,LRU,ProportionalAllocation,5,3,2600,{'trace_kind': 'trace'},0.0026
isolation,1,sample_trace,LRU,ProportionalAllocation,5,3,2700,{'trace_kind': 'trace'},0.0027
isolation,0,sample_trace,LRU,ProportionalAllocation,5,4,2400,{'trace_kind': 'trace'},0.0024
isolation,1,sample_trace,LRU,ProportionalAllocation,5,4,2600,{'trace_kind': 'trace'},0.0026
isolation,0,sample_trace,LRU,ProportionalAllocation,5,5,2400,{'trace_kind': 'trace'},0.0024
isolation,1,sample_trace,LRU,ProportionalAllocation,5,5,2800,{'trace_kind': 'trace'},0.0028
isolation,0,sample_trace,LRU,ProportionalAllocation,5,6,2300,{'trace_kind': 'trace'},0.0023
isolation,1,sample_trace,LRU,ProportionalAllocation,5,6,2700,{'trace_kind': 'trace'},0.0027
isolation,0,sample_trace,LRU,ProportionalAllocation,5,7,2500,{'trace_kind': 'trace'},0.0025
isolation,1,sample_trace,LRU,ProportionalAllocation,5,7,2700,{'trace_kind': 'trace'},0.0027
isolation,0,sample_trace,LRU,ProportionalAllocation,5,8,2400,{'trace_kind': 'trace'},0.0024
isolation,1,sample_trace,LRU,ProportionalAllocation,5,8,2600,{'trace_kind': 'trace'},0.0026
isolation,0,sample_trace,LRU,ProportionalAllocation,5,9,2400,{'trace_kind': 'trace'},0.0024
isolation,1,sample_trace,LRU,ProportionalAllocation,5,9,2600,{'trace_kind': 'trace'},0.0026
isolation,0,sample_trace,NRU,GlobalAllocation,5,0,3200,{'trace_kind': 'trace'},0.0032
isolation,1,sample_trace,NRU,GlobalAllocation,5,0,3400,{'trace_kind': 'trace'},0.0034
isolation,0,sample_trace,NRU,GlobalAllocation,5,1,3400,{'trace_kind': 'trace'},0.0034
isolation,1,sample_trace,NRU,GlobalAllocation,5,1,3400,{'trace_kind': 'trace'},0.0034
isolation,0,sample_trace,NRU,GlobalAllocation,5,2,4500,{'trace_kind': 'trace'},0.0045
isolation,1,sample_trace,NRU,GlobalAllocation,5,2,2900,{'trace_kind': 'trace'},0.0029
isolation,0,sample_trace,NRU,GlobalAllocation,5,3,2800,{'trace_kind': 'trace'},0.0028
isolation,1,sample_trace,NRU,GlobalAllocation,5,3,2700,{'trace_kind': 'trace'},0.0027
isolation,0,sample_trace,NRU,GlobalAllocation,5,4,2500,{'trace_kind': 'trace'},0.0025
isolation,1,sample_trace,NRU,GlobalAllocation,5,4,2800,{'trace_kind': 'trace'},0.0028
isolation,0,sample_trace,NRU,GlobalAllocation,5,5,2500,{'trace_kind': 'trace'},0.0025
isolation,1,sample_trace,NRU,GlobalAllocation,5,5,2800,{'trace_kind': 'trace'},0.0028
isolation,0,sample_trace,NRU,GlobalAllocation,5,6,2500,{'trace_kind': 'trace'},0.0025
isolation,1,sample_trace,NRU,GlobalAllocation,5,6,2900,{'trace_kind': 'trace'},0.0029
isolation,0,sample_trace,NRU,GlobalAllocation,5,7,2500,{'trace_kind': 'trace'},0.0025
isolation,1,sample_trace,NRU,GlobalAllocation,5,7,2800,{'trace_kind': 'trace'},0.0028
isolation,0,sample_trace,NRU,GlobalAllocation,5,8,2500,{'trace_kind': 'trace'},0.0025
isolation,1,sample_trace,NRU,GlobalAllocation,5,8,2700,{'trace_kind': 'trace'},0.0027
isolation,0,sample_trace,NRU,GlobalAllocation,5,9,2500,{'trace_kind': 'trace'},0.0025
isolation,1,sample_trace,NRU,GlobalAllocation,5,9,2600,{'trace_kind': 'trace'},0.0026
isolation,0,sample_trace,NRU,LocalAllocation,5,0,2500,{'trace_kind': 'trace'},0.0025
isolation,1,sample_trace,NRU,LocalAllocation,5,0,2500,{'trace_kind': 'trace'},0.0025
isolation,0,sample_trace,NRU,LocalAllocation,5,1,2400,{'trace_kind': 'trace'},0.0024
isolation,1,sample_trace,NRU,LocalAllocation,5,1,2700,{'trace_kind': 'trace'},0.0027
isolation,0,sample_trace,NRU,LocalAllocation,5,2,2400,{'trace_kind': 'trace'},0.0024
isolation,1,sample_trace,NRU,LocalAllocation,5,2,2600,{'trace_kind': 'trace'},0.0026
isolation,0,sample_trace,NRU,LocalAllocation,5,3,2400,{'trace_kind': 'trace'},0.0024
isolation,1,sample_trace,NRU,LocalAllocation,5,3,2600,{'trace_kind': 'trace'},0.0026
isolation,0,sample_trace,NRU,LocalAllocation,5,4,2300,{'trace_kind': 'trace'},0.0023
isolation,1,sample_trace,NRU,LocalAllocation,5,4,3800,{'trace_kind': 'trace'},0.0038
isolation,0,sample_trace,NRU,LocalAllocation,5,5,2300,{'trace_kind': 'trace'},0.0023
isolation,1,sample_trace,NRU,LocalAllocation,5,5,2500,{'trace_kind': 'trace'},0.0025
isolation,0,sample_trace,NRU,LocalAllocation,5,6,2300,{'trace_kind': 'trace'},0.0023
isolation,1,sample_trace,NRU,LocalAllocation,5,6,2600,{'trace_kind': 'trace'},0.0026
isolation,0,sample_trace,NRU,LocalAllocation,5,7,2200,{'trace_kind': 'trace'},0.0022
isolation,1,sample_trace,NRU,LocalAllocation,5,7,2400,{'trace_kind': 'trace'},0.0024
isolation,0,sample_trace,NRU,LocalAllocation,5,8,2300,{'trace_kind': 'trace'},0.0023
isolation,1,sample_trace,NRU,LocalAllocation,5,8,2500,{'trace_kind': 'trace'},0.0025
isolation,0,sample_trace,NRU,LocalAllocation,5,9,2300,{'trace_kind': 'trace'},0.0023
isolation,1,sample_trace,NRU,LocalAllocation,5,9,2500,{'trace_kind': 'trace'},0.0025
isolation,0,sample_trace,NRU,ProportionalAllocation,5,0,2500,{'trace_kind': 'trace'},0.0025
isolation,1,sample_trace,NRU,ProportionalAllocation,5,0,2600,{'trace_kind': 'trace'},0.0026
isolation,0,sample_trace,NRU,ProportionalAllocation,5,1,2500,{'trace_kind': 'trace'},0.0025
isolation,1,sample_trace,NRU,ProportionalAllocation,5,1,2600,{'trace_kind': 'trace'},0.0026
isolation,0,sample_trace,NRU,ProportionalAllocation,5,2,2400,{'trace_kind': 'trace'},0.0024
isolation,1,sample_trace,NRU,ProportionalAllocation,5,2,2600,{'trace_kind': 'trace'},0.0026
isolation,0,sample_trace,NRU,ProportionalAllocation,5,3,2200,{'trace_kind': 'trace'},0.0022
isolation,1,sample_trace,NRU,ProportionalAllocation,5,3,2500,{'trace_kind': 'trace'},0.0025
isolation,0,sample_trace,NRU,ProportionalAllocation,5,4,2400,{'trace_kind': 'trace'},0.0024
isolation,1,sample_trace,NRU,ProportionalAllocation,5,4,2800,{'trace_kind': 'trace'},0.0028
isolation,0,sample_trace,NRU,ProportionalAllocation,5,5,2300,{'trace_kind': 'trace'},0.0023
isolation,1,sample_trace,NRU,ProportionalAllocation,5,5,2600,{'trace_kind': 'trace'},0.0026
isolation,0,sample_trace,NRU,ProportionalAllocation,5,6,2400,{'trace_kind': 'trace'},0.0024
isolation,1,sample_trace,NRU,ProportionalAllocation,5,6,2600,{'trace_kind': 'trace'},0.0026
isolation,0,sample_trace,NRU,ProportionalAllocation,5,7,2300,{'trace_kind': 'trace'},0.0023
isolation,1,sample_trace,NRU,ProportionalAllocation,5,7,2400,{'trace_kind': 'trace'},0.0024
isolation,0,sample_trace,NRU,ProportionalAllocation,5,8,2300,{'trace_kind': 'trace'},0.0023
isolation,1,sample_trace,NRU,ProportionalAllocation,5,8,2500,{'trace_kind': 'trace'},0.0025
isolation,0,sample_trace,NRU,ProportionalAllocation,5,9,2300,{'trace_kind': 'trace'},0.0023
isolation,1,sample_trace,NRU,ProportionalAllocation,5,9,2500,{'trace_kind': 'trace'},0.0025
isolation,0,sample_trace,SecondChance,GlobalAllocation,5,0,3200,{'trace_kind': 'trace'},0.0032
isolation,1,sample_trace,SecondChance,GlobalAllocation,5,0,3400,{'trace_kind': 'trace'},0.0034
isolation,0,sample_trace,SecondChance,GlobalAllocation,5,1,3600,{'trace_kind': 'trace'},0.0036
isolation,1,sample_trace,SecondChance,GlobalAllocation,5,1,3400,{'trace_kind': 'trace'},0.0034
isolation,0,sample_trace,SecondChance,GlobalAllocation,5,2,4200,{'trace_kind': 'trace'},0.0042
isolation,1,sample_trace,SecondChance,GlobalAllocation,5,2,2900,{'trace_kind': 'trace'},0.0029
isolation,0,sample_trace,SecondChance,GlobalAllocation,5,3,2900,{'trace_kind': 'trace'},0.0029
isolation,1,sample_trace,SecondChance,GlobalAllocation,5,3,2900,{'trace_kind': 'trace'},0.0029
isolation,0,sample_trace,SecondChance,GlobalAllocation,5,4,2700,{'trace_kind': 'trace'},0.0027
isolation,1,sample_trace,SecondChance,GlobalAllocation,5,4,2800,{'trace_kind': 'trace'},0.0028
isolation,0,sample_trace,SecondChance,GlobalAllocation,5,5,2600,{'trace_kind': 'trace'},0.0026
isolation,1,sample_trace,SecondChance,GlobalAllocation,5,5,2800,{'trace_kind': 'trace'},0.0028
isolation,0,sample_trace,SecondChance,GlobalAllocation,5,6,2400,{'trace_kind': 'trace'},0.0024
isolation,1,sample_trace,SecondChance,GlobalAllocation,5,6,2700,{'trace_kind': 'trace'},0.0027
isolation,0,sample_trace,SecondChance,GlobalAllocation,5,7,2700,{'trace_kind': 'trace'},0.0027
isolation,1,sample_trace,SecondChance,GlobalAllocation,5,7,2800,{'trace_kind': 'trace'},0.0028
isolation,0,sample_trace,SecondChance,GlobalAllocation,5,8,2700,{'trace_kind': 'trace'},0.0027
isolation,1,sample_trace,SecondChance,GlobalAllocation,5,8,2800,{'trace_kind': 'trace'},0.0028
isolation,0,sample_trace,SecondChance,GlobalAllocation,5,9,2400,{'trace_kind': 'trace'},0.0024
isolation,1,sample_trace,SecondChance,GlobalAllocation,5,9,2600,{'trace_kind': 'trace'},0.0026
isolation,0,sample_trace,SecondChance,LocalAllocation,5,0,2600,{'trace_kind': 'trace'},0.0026
isolation,1,sample_trace,SecondChance,LocalAllocation,5,0,2700,{'trace_kind': 'trace'},0.0027
isolation,0,sample_trace,SecondChance,LocalAllocation,5,1,2500,{'trace_kind': 'trace'},0.0025
isolation,1,sample_trace,SecondChance,LocalAllocation,5,1,2600,{'trace_kind': 'trace'},0.0026
isolation,0,sample_trace,SecondChance,LocalAllocation,5,2,2500,{'trace_kind': 'trace'},0.0025
isolation,1,sample_trace,SecondChance,LocalAllocation,5,2,2600,{'trace_kind': 'trace'},0.0026
isolation,0,sample_trace,SecondChance,LocalAllocation,5,3,2400,{'trace_kind': 'trace'},0.0024
isolation,1,sample_trace,SecondChance,LocalAllocation,5,3,2700,{'trace_kind': 'trace'},0.0027
isolation,0,sample_trace,SecondChance,LocalAllocation,5,4,2300,{'trace_kind': 'trace'},0.0023
isolation,1,sample_trace,SecondChance,LocalAllocation,5,4,2700,{'trace_kind': 'trace'},0.0027
isolation,0,sample_trace,SecondChance,LocalAllocation,5,5,2300,{'trace_kind': 'trace'},0.0023
isolation,1,sample_trace,SecondChance,LocalAllocation,5,5,2500,{'trace_kind': 'trace'},0.0025
isolation,0,sample_trace,SecondChance,LocalAllocation,5,6,2300,{'trace_kind': 'trace'},0.0023
isolation,1,sample_trace,SecondChance,LocalAllocation,5,6,2500,{'trace_kind': 'trace'},0.0025
isolation,0,sample_trace,SecondChance,LocalAllocation,5,7,2300,{'trace_kind': 'trace'},0.0023
isolation,1,sample_trace,SecondChance,LocalAllocation,5,7,2600,{'trace_kind': 'trace'},0.0026
isolation,0,sample_trace,SecondChance,LocalAllocation,5,8,2400,{'trace_kind': 'trace'},0.0024
isolation,1,sample_trace,SecondChance,LocalAllocation,5,8,2600,{'trace_kind': 'trace'},0.0026
isolation,0,sample_trace,SecondChance,LocalAllocation,5,9,2400,{'trace_kind': 'trace'},0.0024
isolation,1,sample_trace,SecondChance,LocalAllocation,5,9,2500,{'trace_kind': 'trace'},0.0025
isolation,0,sample_trace,SecondChance,ProportionalAllocation,5,0,2400,{'trace_kind': 'trace'},0.0024
isolation,1,sample_trace,SecondChance,ProportionalAllocation,5,0,2700,{'trace_kind': 'trace'},0.0027
isolation,0,sample_trace,SecondChance,ProportionalAllocation,5,1,2500,{'trace_kind': 'trace'},0.0025
isolation,1,sample_trace,SecondChance,ProportionalAllocation,5,1,2600,{'trace_kind': 'trace'},0.0026
isolation,0,sample_trace,SecondChance,ProportionalAllocation,5,2,2300,{'trace_kind': 'trace'},0.0023
isolation,1,sample_trace,SecondChance,ProportionalAllocation,5,2,2600,{'trace_kind': 'trace'},0.0026
isolation,0,sample_trace,SecondChance,ProportionalAllocation,5,3,2500,{'trace_kind': 'trace'},0.0025
isolation,1,sample_trace,SecondChance,ProportionalAllocation,5,3,2500,{'trace_kind': 'trace'},0.0025
isolation,0,sample_trace,SecondChance,ProportionalAllocation,5,4,2300,{'trace_kind': 'trace'},0.0023
isolation,1,sample_trace,SecondChance,ProportionalAllocation,5,4,2700,{'trace_kind': 'trace'},0.0027
isolation,0,sample_trace,SecondChance,ProportionalAllocation,5,5,2300,{'trace_kind': 'trace'},0.0023
isolation,1,sample_trace,SecondChance,ProportionalAllocation,5,5,2400,{'trace_kind': 'trace'},0.0024
isolation,0,sample_trace,SecondChance,ProportionalAllocation,5,6,2400,{'trace_kind': 'trace'},0.0024
isolation,1,sample_trace,SecondChance,ProportionalAllocation,5,6,2600,{'trace_kind': 'trace'},0.0026
isolation,0,sample_trace,SecondChance,ProportionalAllocation,5,7,2500,{'trace_kind': 'trace'},0.0025
isolation,1,sample_trace,SecondChance,ProportionalAllocation,5,7,2500,{'trace_kind': 'trace'},0.0025
isolation,0,sample_trace,SecondChance,ProportionalAllocation,5,8,2400,{'trace_kind': 'trace'},0.0024
isolation,1,sample_trace,SecondChance,ProportionalAllocation,5,8,2600,{'trace_kind': 'trace'},0.0026
isolation,0,sample_trace,SecondChance,ProportionalAllocation,5,9,2300,{'trace_kind': 'trace'},0.0023
isolation,1,sample_trace,SecondChance,ProportionalAllocation,5,9,2600,{'trace_kind': 'trace'},0.0026
isolation,0,sample_trace,WSClock,GlobalAllocation,5,0,3200,{'trace_kind': 'trace'},0.0032
isolation,1,sample_trace,WSClock,GlobalAllocation,5,0,3600,{'trace_kind': 'trace'},0.0036
isolation,0,sample_trace,WSClock,GlobalAllocation,5,1,3500,{'trace_kind': 'trace'},0.0035
isolation,1,sample_trace,WSClock,GlobalAllocation,5,1,3400,{'trace_kind': 'trace'},0.0034
isolation,0,sample_trace,WSClock,GlobalAllocation,5,2,4400,{'trace_kind': 'trace'},0.0044
isolation,1,sample_trace,WSClock,GlobalAllocation,5,2,3000,{'trace_kind': 'trace'},0.003
isolation,0,sample_trace,WSClock,GlobalAllocation,5,3,2900,{'trace_kind': 'trace'},0.0029
isolation,1,sample_trace,WSClock,GlobalAllocation,5,3,2900,{'trace_kind': 'trace'},0.0029
isolation,0,sample_trace,WSClock,GlobalAllocation,5,4,2600,{'trace_kind': 'trace'},0.0026
isolation,1,sample_trace,WSClock,GlobalAllocation,5,4,2800,{'trace_kind': 'trace'},0.0028
isolation,0,sample_trace,WSClock,GlobalAllocation,5,5,2700,{'trace_kind': 'trace'},0.0027
isolation,1,sample_trace,WSClock,GlobalAllocation,5,5,2800,{'trace_kind': 'trace'},0.0028
isolation,0,sample_trace,WSClock,GlobalAllocation,5,6,2500,{'trace_kind': 'trace'},0.0025
isolation,1,sample_trace,WSClock,GlobalAllocation,5,6,2800,{'trace_kind': 'trace'},0.0028
isolation,0,sample_trace,WSClock,GlobalAllocation,5,7,2600,{'trace_kind': 'trace'},0.0026
isolation,1,sample_trace,WSClock,GlobalAllocation,5,7,2700,{'trace_kind': 'trace'},0.0027
isolation,0,sample_trace,WSClock,GlobalAllocation,5,8,2500,{'trace_kind': 'trace'},0.0025
isolation,1,sample_trace,WSClock,GlobalAllocation,5,8,2900,{'trace_kind': 'trace'},0.0029
isolation,0,sample_trace,WSClock,GlobalAllocation,5,9,2400,{'trace_kind': 'trace'},0.0024
isolation,1,sample_trace,WSClock,GlobalAllocation,5,9,2600,{'trace_kind': 'trace'},0.0026
isolation,0,sample_trace,WSClock,LocalAllocation,5,0,2600,{'trace_kind': 'trace'},0.0026
isolation,1,sample_trace,WSClock,LocalAllocation,5,0,2600,{'trace_kind': 'trace'},0.0026
isolation,0,sample_trace,WSClock,LocalAllocation,5,1,2400,{'trace_kind': 'trace'},0.0024
isolation,1,sample_trace,WSClock,LocalAllocation,5,1,2600,{'trace_kind': 'trace'},0.0026
isolation,0,sample_trace,WSClock,LocalAllocation,5,2,2300,{'trace_kind': 'trace'},0.0023
isolation,1,sample_trace,WSClock,LocalAllocation,5,2,2500,{'trace_kind': 'trace'},0.0025
isolation,0,sample_trace,WSClock,LocalAllocation,5,3,2300,{'trace_kind': 'trace'},0.0023
isolation,1,sample_trace,WSClock,LocalAllocation,5,3,2600,{'trace_kind': 'trace'},0.0026
isolation,0,sample_trace,WSClock,LocalAllocation,5,4,2300,{'trace_kind': 'trace'},0.0023
isolation,1,sample_trace,WSClock,LocalAllocation,5,4,2600,{'trace_kind': 'trace'},0.0026
isolation,0,sample_trace,WSClock,LocalAllocation,5,5,2500,{'trace_kind': 'trace'},0.0025
isolation,1,sample_trace,WSClock,LocalAllocation,5,5,2600,{'trace_kind': 'trace'},0.0026
isolation,0,sample_trace,WSClock,LocalAllocation,5,6,2400,{'trace_kind': 'trace'},0.0024
isolation,1,sample_trace,WSClock,LocalAllocation,5,6,2500,{'trace_kind': 'trace'},0.0025
isolation,0,sample_trace,WSClock,LocalAllocation,5,7,2200,{'trace_kind': 'trace'},0.0022
isolation,1,sample_trace,WSClock,LocalAllocation,5,7,2600,{'trace_kind': 'trace'},0.0026
isolation,0,sample_trace,WSClock,LocalAllocation,5,8,2400,{'trace_kind': 'trace'},0.0024
isolation,1,sample_trace,WSClock,LocalAllocation,5,8,2500,{'trace_kind': 'trace'},0.0025
isolation,0,sample_trace,WSClock,LocalAllocation,5,9,2500,{'trace_kind': 'trace'},0.0025
isolation,1,sample_trace,WSClock,LocalAllocation,5,9,2500,{'trace_kind': 'trace'},0.0025
isolation,0,sample_trace,WSClock,ProportionalAllocation,5,0,2400,{'trace_kind': 'trace'},0.0024
isolation,1,sample_trace,WSClock,ProportionalAllocation,5,0,2700,{'trace_kind': 'trace'},0.0027
isolation,0,sample_trace,WSClock,ProportionalAllocation,5,1,2500,{'trace_kind': 'trace'},0.0025
isolation,1,sample_trace,WSClock,ProportionalAllocation,5,1,2700,{'trace_kind': 'trace'},0.0027
isolation,0,sample_trace,WSClock,ProportionalAllocation,5,2,2300,{'trace_kind': 'trace'},0.0023
isolation,1,sample_trace,WSClock,ProportionalAllocation,5,2,2600,{'trace_kind': 'trace'},0.0026
isolation,0,sample_trace,WSClock,ProportionalAllocation,5,3,3600,{'trace_kind': 'trace'},0.0036
isolation,1,sample_trace,WSClock,ProportionalAllocation,5,3,2700,{'trace_kind': 'trace'},0.0027
isolation,0,sample_trace,WSClock,ProportionalAllocation,5,4,4200,{'trace_kind': 'trace'},0.0042
isolation,1,sample_trace,WSClock,ProportionalAllocation,5,4,3800,{'trace_kind': 'trace'},0.0038
isolation,0,sample_trace,WSClock,ProportionalAllocation,5,5,2500,{'trace_kind': 'trace'},0.0025
isolation,1,sample_trace,WSClock,ProportionalAllocation,5,5,2700,{'trace_kind': 'trace'},0.0027
isolation,0,sample_trace,WSClock,ProportionalAllocation,5,6,2300,{'trace_kind': 'trace'},0.0023
isolation,1,sample_trace,WSClock,ProportionalAllocation,5,6,2500,{'trace_kind': 'trace'},0.0025
isolation,0,sample_trace,WSClock,ProportionalAllocation,5,7,2300,{'trace_kind': 'trace'},0.0023
isolation,1,sample_trace,WSClock,ProportionalAllocation,5,7,2600,{'trace_kind': 'trace'},0.0026
isolation,0,sample_trace,WSClock,ProportionalAllocation,5,8,2200,{'trace_kind': 'trace'},0.0022
isolation,1,sample_trace,WSClock,ProportionalAllocation,5,8,2500,{'trace_kind': 'trace'},0.0025
isolation,0,sample_trace,WSClock,ProportionalAllocation,5,9,2300,{'trace_kind': 'trace'},0.0023
isolation,1,sample_trace,WSClock,ProportionalAllocation,5,9,2500,{'trace_kind': 'trace'},0.0025
isolation,0,sample_trace,FIFO,GlobalAllocation,6,0,3300,{'trace_kind': 'trace'},0.0033
isolation,1,sample_trace,FIFO,GlobalAllocation,6,0,3500,{'trace_kind': 'trace'},0.0035
isolation,0,sample_trace,FIFO,GlobalAllocation,6,1,3800,{'trace_kind': 'trace'},0.0038
isolation,1,sample_trace,FIFO,GlobalAllocation,6,1,3700,{'trace_kind': 'trace'},0.0037
isolation,0,sample_trace,FIFO,GlobalAllocation,6,2,4600,{'trace_kind': 'trace'},0.0046
isolation,1,sample_trace,FIFO,GlobalAllocation,6,2,3100,{'trace_kind': 'trace'},0.0031
isolation,0,sample_trace,FIFO,GlobalAllocation,6,3,2800,{'trace_kind': 'trace'},0.0028
isolation,1,sample_trace,FIFO,GlobalAllocation,6,3,2800,{'trace_kind': 'trace'},0.0028
isolation,0,sample_trace,FIFO,GlobalAllocation,6,4,2700,{'trace_kind': 'trace'},0.0027
isolation,1,sample_trace,FIFO,GlobalAllocation,6,4,2800,{'trace_kind': 'trace'},0.0028
isolation,0,sample_trace,FIFO,GlobalAllocation,6,5,2600,{'trace_kind': 'trace'},0.0026
isolation,1,sample_trace,FIFO,GlobalAllocation,6,5,2700,{'trace_kind': 'trace'},0.0027
isolation,0,sample_trace,FIFO,GlobalAllocation,6,6,2400,{'trace_kind': 'trace'},0.0024
isolation,1,sample_trace,FIFO,GlobalAllocation,6,6,2800,{'trace_kind': 'trace'},0.0028
isolation,0,sample_trace,FIFO,GlobalAllocation,6,7,2500,{'trace_kind': 'trace'},0.0025
isolation,1,sample_trace,FIFO,GlobalAllocation,6,7,3000,{'trace_kind': 'trace'},0.003
isolation,0,sample_trace,FIFO,GlobalAllocation,6,8,2900,{'trace_kind': 'trace'},0.0029
isolation,1,sample_trace,FIFO,GlobalAllocation,6,8,2800,{'trace_kind': 'trace'},0.0028
isolation,0,sample_trace,FIFO,GlobalAllocation,6,9,2200,{'trace_kind': 'trace'},0.0022
isolation,1,sample_trace,FIFO,GlobalAllocation,6,9,2600,{'trace_kind': 'trace'},0.0026
isolation,0,sample_trace,FIFO,LocalAllocation,6,0,2500,{'trace_kind': 'trace'},0.0025
isolation,1,sample_trace,FIFO,LocalAllocation,6,0,2600,{'trace_kind': 'trace'},0.0026
isolation,0,sample_trace,FIFO,LocalAllocation,6,1,2500,{'trace_kind': 'trace'},0.0025
isolation,1,sample_trace,FIFO,LocalAllocation,6,1,2800,{'trace_kind': 'trace'},0.0028
isolation,0,sample_trace,FIFO,LocalAllocation,6,2,2200,{'trace_kind': 'trace'},0.0022
isolation,1,sample_trace,FIFO,LocalAllocation,6,2,2600,{'trace_kind': 'trace'},0.0026
isolation,0,sample_trace,FIFO,LocalAllocation,6,3,2400,{'trace_kind': 'trace'},0.0024
isolation,1,sample_trace,FIFO,LocalAllocation,6,3,2600,{'trace_kind': 'trace'},0.0026
isolation,0,sample_trace,FIFO,LocalAllocation,6,4,2300,{'trace_kind': 'trace'},0.0023
isolation,1,sample_trace,FIFO,LocalAllocation,6,4,2600,{'trace_kind': 'trace'},0.0026
isolation,0,sample_trace,FIFO,LocalAllocation,6,5,2300,{'trace_kind': 'trace'},0.0023
isolation,1,sample_trace,FIFO,LocalAllocation,6,5,2700,{'trace_kind': 'trace'},0.0027
isolation,0,sample_trace,FIFO,LocalAllocation,6,6,2300,{'trace_kind': 'trace'},0.0023
isolation,1,sample_trace,FIFO,LocalAllocation,6,6,2600,{'trace_kind': 'trace'},0.0026
isolation,0,sample_trace,FIFO,LocalAllocation,6,7,2400,{'trace_kind': 'trace'},0.0024
isolation,1,sample_trace,FIFO,LocalAllocation,6,7,2600,{'trace_kind': 'trace'},0.0026
isolation,0,sample_trace,FIFO,LocalAllocation,6,8,2300,{'trace_kind': 'trace'},0.0023
isolation,1,sample_trace,FIFO,LocalAllocation,6,8,2700,{'trace_kind': 'trace'},0.0027
isolation,0,sample_trace,FIFO,LocalAllocation,6,9,2300,{'trace_kind': 'trace'},0.0023
isolation,1,sample_trace,FIFO,LocalAllocation,6,9,2600,{'trace_kind': 'trace'},0.0026
isolation,0,sample_trace,FIFO,ProportionalAllocation,6,0,2600,{'trace_kind': 'trace'},0.0026
isolation,1,sample_trace,FIFO,ProportionalAllocation,6,0,2600,{'trace_kind': 'trace'},0.0026
isolation,0,sample_trace,FIFO,ProportionalAllocation,6,1,2400,{'trace_kind': 'trace'},0.0024
isolation,1,sample_trace,FIFO,ProportionalAllocation,6,1,2700,{'trace_kind': 'trace'},0.0027
isolation,0,sample_trace,FIFO,ProportionalAllocation,6,2,2300,{'trace_kind': 'trace'},0.0023
isolation,1,sample_trace,FIFO,ProportionalAllocation,6,2,2800,{'trace_kind': 'trace'},0.0028
isolation,0,sample_trace,FIFO,ProportionalAllocation,6,3,2300,{'trace_kind': 'trace'},0.0023
isolation,1,sample_trace,FIFO,ProportionalAllocation,6,3,2600,{'trace_kind': 'trace'},0.0026
isolation,0,sample_trace,FIFO,ProportionalAllocation,6,4,2300,{'trace_kind': 'trace'},0.0023
isolation,1,sample_trace,FIFO,ProportionalAllocation,6,4,2600,{'trace_kind': 'trace'},0.0026
isolation,0,sample_trace,FIFO,ProportionalAllocation,6,5,2400,{'trace_kind': 'trace'},0.0024
isolation,1,sample_trace,FIFO,ProportionalAllocation,6,5,2600,{'trace_kind': 'trace'},0.0026
isolation,0,sample_trace,FIFO,ProportionalAllocation,6,6,2200,{'trace_kind': 'trace'},0.0022
isolation,1,sample_trace,FIFO,ProportionalAllocation,6,6,2600,{'trace_kind': 'trace'},0.0026
isolation,0,sample_trace,FIFO,ProportionalAllocation,6,7,2200,{'trace_kind': 'trace'},0.0022
isolation,1,sample_trace,FIFO,ProportionalAllocation,6,7,2600,{'trace_kind': 'trace'},0.0026
isolation,0,sample_trace,FIFO,ProportionalAllocation,6,8,2300,{'trace_kind': 'trace'},0.0023
isolation,1,sample_trace,FIFO,ProportionalAllocation,6,8,2700,{'trace_kind': 'trace'},0.0027
isolation,0,sample_trace,FIFO,ProportionalAllocation,6,9,2200,{'trace_kind': 'trace'},0.0022
isolation,1,sample_trace,FIFO,ProportionalAllocation,6,9,2500,{'trace_kind': 'trace'},0.0025
isolation,0,sample_trace,LRU,GlobalAllocation,6,0,4900,{'trace_kind': 'trace'},0.0049
isolation,1,sample_trace,LRU,GlobalAllocation,6,0,5700,{'trace_kind': 'trace'},0.0057
isolation,0,sample_trace,LRU,GlobalAllocation,6,1,3600,{'trace_kind': 'trace'},0.0036
isolation,1,sample_trace,LRU,GlobalAllocation,6,1,3400,{'trace_kind': 'trace'},0.0034
isolation,0,sample_trace,LRU,GlobalAllocation,6,2,4900,{'trace_kind': 'trace'},0.0049
isolation,1,sample_trace,LRU,GlobalAllocation,6,2,3200,{'trace_kind': 'trace'},0.0032
isolation,0,sample_trace,LRU,GlobalAllocation,6,3,3200,{'trace_kind': 'trace'},0.0032
isolation,1,sample_trace,LRU,GlobalAllocation,6,3,3000,{'trace_kind': 'trace'},0.003
isolation,0,sample_trace,LRU,GlobalAllocation,6,4,2800,{'trace_kind': 'trace'},0.0028
isolation,1,sample_trace,LRU,GlobalAllocation,6,4,2900,{'trace_kind': 'trace'},0.0029
isolation,0,sample_trace,LRU,GlobalAllocation,6,5,2700,{'trace_kind': 'trace'},0.0027
isolation,1,sample_trace,LRU,GlobalAllocation,6,5,3000,{'trace_kind': 'trace'},0.003
isolation,0,sample_trace,LRU,GlobalAllocation,6,6,2700,{'trace_kind': 'trace'},0.0027
isolation,1,sample_trace,LRU,GlobalAllocation,6,6,3000,{'trace_kind': 'trace'},0.003
isolation,0,sample_trace,LRU,GlobalAllocation,6,7,2800,{'trace_kind': 'trace'},0.0028
isolation,1,sample_trace,LRU,GlobalAllocation,6,7,3000,{'trace_kind': 'trace'},0.003
isolation,0,sample_trace,LRU,GlobalAllocation,6,8,2700,{'trace_kind': 'trace'},0.0027
isolation,1,sample_trace,LRU,GlobalAllocation,6,8,3100,{'trace_kind': 'trace'},0.0031
isolation,0,sample_trace,LRU,GlobalAllocation,6,9,2600,{'trace_kind': 'trace'},0.0026
isolation,1,sample_trace,LRU,GlobalAllocation,6,9,2600,{'trace_kind': 'trace'},0.0026
isolation,0,sample_trace,LRU,LocalAllocation,6,0,2700,{'trace_kind': 'trace'},0.0027
isolation,1,sample_trace,LRU,LocalAllocation,6,0,3200,{'trace_kind': 'trace'},0.0032
isolation,0,sample_trace,LRU,LocalAllocation,6,1,2500,{'trace_kind': 'trace'},0.0025
isolation,1,sample_trace,LRU,LocalAllocation,6,1,2800,{'trace_kind': 'trace'},0.0028
isolation,0,sample_trace,LRU,LocalAllocation,6,2,2500,{'trace_kind': 'trace'},0.0025
isolation,1,sample_trace,LRU,LocalAllocation,6,2,3300,{'trace_kind': 'trace'},0.0033
isolation,0,sample_trace,LRU,LocalAllocation,6,3,2600,{'trace_kind': 'trace'},0.0026
isolation,1,sample_trace,LRU,LocalAllocation,6,3,2700,{'trace_kind': 'trace'},0.0027
isolation,0,sample_trace,LRU,LocalAllocation,6,4,2400,{'trace_kind': 'trace'},0.0024
isolation,1,sample_trace,LRU,LocalAllocation,6,4,2700,{'trace_kind': 'trace'},0.0027
isolation,0,sample_trace,LRU,LocalAllocation,6,5,2400,{'trace_kind': 'trace'},0.0024
isolation,1,sample_trace,LRU,LocalAllocation,6,5,2700,{'trace_kind': 'trace'},0.0027
isolation,0,sample_trace,LRU,LocalAllocation,6,6,2400,{'trace_kind': 'trace'},0.0024
isolation,1,sample_trace,LRU,LocalAllocation,6,6,2900,{'trace_kind': 'trace'},0.0029
isolation,0,sample_trace,LRU,LocalAllocation,6,7,2500,{'trace_kind': 'trace'},0.0025
isolation,1,sample_trace,LRU,LocalAllocation,6,7,2700,{'trace_kind': 'trace'},0.0027
isolation,0,sample_trace,LRU,LocalAllocation,6,8,2600,{'trace_kind': 'trace'},0.0026
isolation,1,sample_trace,LRU,LocalAllocation,6,8,2700,{'trace_kind': 'trace'},0.0027
isolation,0,sample_trace,LRU,LocalAllocation,6,9,3100,{'trace_kind': 'trace'},0.0031
isolation,1,sample_trace,LRU,LocalAllocation,6,9,3500,{'trace_kind': 'trace'},0.0035
isolation,0,sample_trace,LRU,ProportionalAllocation,6,0,2700,{'trace_kind': 'trace'},0.0027
isolation,1,sample_trace,LRU,ProportionalAllocation,6,0,2800,{'trace_kind': 'trace'},0.0028
isolation,0,sample_trace,LRU,ProportionalAllocation,6,1,2600,{'trace_kind': 'trace'},0.0026
isolation,1,sample_trace,LRU,ProportionalAllocation,6,1,2900,{'trace_kind': 'trace'},0.0029
isolation,0,sample_trace,LRU,ProportionalAllocation,6,2,2500,{'trace_kind': 'trace'},0.0025
isolation,1,sample_trace,LRU,ProportionalAllocation,6,2,2800,{'trace_kind': 'trace'},0.0028
isolation,0,sample_trace,LRU,ProportionalAllocation,6,3,2500,{'trace_kind': 'trace'},0.0025
isolation,1,sample_trace,LRU,ProportionalAllocation,6,3,2700,{'trace_kind': 'trace'},0.0027
isolation,0,sample_trace,LRU,ProportionalAllocation,6,4,2500,{'trace_kind': 'trace'},0.0025
isolation,1,sample_trace,LRU,ProportionalAllocation,6,4,2500,{'trace_kind': 'trace'},0.0025
isolation,0,sample_trace,LRU,ProportionalAllocation,6,5,2400,{'trace_kind': 'trace'},0.0024
isolation,1,sample_trace,LRU,ProportionalAllocation,6,5,2600,{'trace_kind': 'trace'},0.0026
isolation,0,sample_trace,LRU,ProportionalAllocation,6,6,2300,{'trace_kind': 'trace'},0.0023
isolation,1,sample_trace,LRU,ProportionalAllocation,6,6,2600,{'trace_kind': 'trace'},0.0026
isolation,0,sample_trace,LRU,ProportionalAllocation,6,7,2300,{'trace_kind': 'trace'},0.0023
isolation,1,sample_trace,LRU,ProportionalAllocation,6,7,2600,{'trace_kind': 'trace'},0.0026
isolation,0,sample_trace,LRU,ProportionalAllocation,6,8,2300,{'trace_kind': 'trace'},0.0023
isolation,1,sample_trace,LRU,ProportionalAllocation,6,8,2600,{'trace_kind': 'trace'},0.0026
isolation,0,sample_trace,LRU,ProportionalAllocation,6,9,2500,{'trace_kind': 'trace'},0.0025
isolation,1,sample_trace,LRU,ProportionalAllocation,6,9,2600,{'trace_kind': 'trace'},0.0026
isolation,0,sample_trace,NRU,GlobalAllocation,6,0,3200,{'trace_kind': 'trace'},0.0032
isolation,1,sample_trace,NRU,GlobalAllocation,6,0,3400,{'trace_kind': 'trace'},0.0034
isolation,0,sample_trace,NRU,GlobalAllocation,6,1,3400,{'trace_kind': 'trace'},0.0034
isolation,1,sample_trace,NRU,GlobalAllocation,6,1,3300,{'trace_kind': 'trace'},0.0033
isolation,0,sample_trace,NRU,GlobalAllocation,6,2,4200,{'trace_kind': 'trace'},0.0042
isolation,1,sample_trace,NRU,GlobalAllocation,6,2,2800,{'trace_kind': 'trace'},0.0028
isolation,0,sample_trace,NRU,GlobalAllocation,6,3,3000,{'trace_kind': 'trace'},0.003
isolation,1,sample_trace,NRU,GlobalAllocation,6,3,3000,{'trace_kind': 'trace'},0.003
isolation,0,sample_trace,NRU,GlobalAllocation,6,4,2500,{'trace_kind': 'trace'},0.0025
isolation,1,sample_trace,NRU,GlobalAllocation,6,4,2800,{'trace_kind': 'trace'},0.0028
isolation,0,sample_trace,NRU,GlobalAllocation,6,5,2600,{'trace_kind': 'trace'},0.0026
isolation,1,sample_trace,NRU,GlobalAllocation,6,5,2900,{'trace_kind': 'trace'},0.0029
isolation,0,sample_trace,NRU,GlobalAllocation,6,6,2500,{'trace_kind': 'trace'},0.0025
isolation,1,sample_trace,NRU,GlobalAllocation,6,6,3900,{'trace_kind': 'trace'},0.0039
isolation,0,sample_trace,NRU,GlobalAllocation,6,7,2500,{'trace_kind': 'trace'},0.0025
isolation,1,sample_trace,NRU,GlobalAllocation,6,7,2800,{'trace_kind': 'trace'},0.0028
isolation,0,sample_trace,NRU,GlobalAllocation,6,8,2500,{'trace_kind': 'trace'},0.0025
isolation,1,sample_trace,NRU,GlobalAllocation,6,8,2900,{'trace_kind': 'trace'},0.0029
isolation,0,sample_trace,NRU,GlobalAllocation,6,9,2400,{'trace_kind': 'trace'},0.0024
isolation,1,sample_trace,NRU,GlobalAllocation,6,9,2500,{'trace_kind': 'trace'},0.0025
isolation,0,sample_trace,NRU,LocalAllocation,6,0,2600,{'trace_kind': 'trace'},0.0026
isolation,1,sample_trace,NRU,LocalAllocation,6,0,2500,{'trace_kind': 'trace'},0.0025
isolation,0,sample_trace,NRU,LocalAllocation,6,1,2300,{'trace_kind': 'trace'},0.0023
isolation,1,sample_trace,NRU,LocalAllocation,6,1,2600,{'trace_kind': 'trace'},0.0026
isolation,0,sample_trace,NRU,LocalAllocation,6,2,2500,{'trace_kind': 'trace'},0.0025
isolation,1,sample_trace,NRU,LocalAllocation,6,2,2700,{'trace_kind': 'trace'},0.0027
isolation,0,sample_trace,NRU,LocalAllocation,6,3,2400,{'trace_kind': 'trace'},0.0024
isolation,1,sample_trace,NRU,LocalAllocation,6,3,2500,{'trace_kind': 'trace'},0.0025
isolation,0,sample_trace,NRU,LocalAllocation,6,4,2200,{'trace_kind': 'trace'},0.0022
isolation,1,sample_trace,NRU,LocalAllocation,6,4,2700,{'trace_kind': 'trace'},0.0027
isolation,0,sample_trace,NRU,LocalAllocation,6,5,2400,{'trace_kind': 'trace'},0.0024
isolation,1,sample_trace,NRU,LocalAllocation,6,5,2600,{'trace_kind': 'trace'},0.0026
isolation,0,sample_trace,NRU,LocalAllocation,6,6,2100,{'trace_kind': 'trace'},0.0021
isolation,1,sample_trace,NRU,LocalAllocation,6,6,2600,{'trace_kind': 'trace'},0.0026
isolation,0,sample_trace,NRU,LocalAllocation,6,7,2400,{'trace_kind': 'trace'},0.0024
isolation,1,sample_trace,NRU,LocalAllocation,6,7,2500,{'trace_kind': 'trace'},0.0025
isolation,0,sample_trace,NRU,LocalAllocation,6,8,2200,{'trace_kind': 'trace'},0.0022
isolation,1,sample_trace,NRU,LocalAllocation,6,8,2600,{'trace_kind': 'trace'},0.0026
isolation,0,sample_trace,NRU,LocalAllocation,6,9,3300,{'trace_kind': 'trace'},0.0033
isolation,1,sample_trace,NRU,LocalAllocation,6,9,2500,{'trace_kind': 'trace'},0.0025
isolation,0,sample_trace,NRU,ProportionalAllocation,6,0,2600,{'trace_kind': 'trace'},0.0026
isolation,1,sample_trace,NRU,ProportionalAllocation,6,0,2500,{'trace_kind': 'trace'},0.0025
isolation,0,sample_trace,NRU,ProportionalAllocation,6,1,3500,{'trace_kind': 'trace'},0.0035
isolation,1,sample_trace,NRU,ProportionalAllocation,6,1,3400,{'trace_kind': 'trace'},0.0034
isolation,0,sample_trace,NRU,ProportionalAllocation,6,2,2400,{'trace_kind': 'trace'},0.0024
isolation,1,sample_trace,NRU,ProportionalAllocation,6,2,2600,{'trace_kind': 'trace'},0.0026
isolation,0,sample_trace,NRU,ProportionalAllocation,6,3,2200,{'trace_kind': 'trace'},0.0022
isolation,1,sample_trace,NRU,ProportionalAllocation,6,3,3500,{'trace_kind': 'trace'},0.0035
isolation,0,sample_trace,NRU,ProportionalAllocation,6,4,2300,{'trace_kind': 'trace'},0.0023
isolation,1,sample_trace,NRU,ProportionalAllocation,6,4,2700,{'trace_kind': 'trace'},0.0027
isolation,0,sample_trace,NRU,ProportionalAllocation,6,5,2400,{'trace_kind': 'trace'},0.0024
isolation,1,sample_trace,NRU,ProportionalAllocation,6,5,2500,{'trace_kind': 'trace'},0.0025
isolation,0,sample_trace,NRU,ProportionalAllocation,6,6,2200,{'trace_kind': 'trace'},0.0022
isolation,1,sample_trace,NRU,ProportionalAllocation,6,6,2500,{'trace_kind': 'trace'},0.0025
isolation,0,sample_trace,NRU,ProportionalAllocation,6,7,2400,{'trace_kind': 'trace'},0.0024
isolation,1,sample_trace,NRU,ProportionalAllocation,6,7,2500,{'trace_kind': 'trace'},0.0025
isolation,0,sample_trace,NRU,ProportionalAllocation,6,8,2200,{'trace_kind': 'trace'},0.0022
isolation,1,sample_trace,NRU,ProportionalAllocation,6,8,2500,{'trace_kind': 'trace'},0.0025
isolation,0,sample_trace,NRU,ProportionalAllocation,6,9,2400,{'trace_kind': 'trace'},0.0024
isolation,1,sample_trace,NRU,ProportionalAllocation,6,9,2600,{'trace_kind': 'trace'},0.0026
isolation,0,sample_trace,SecondChance,GlobalAllocation,6,0,5300,{'trace_kind': 'trace'},0.0053
isolation,1,sample_trace,SecondChance,GlobalAllocation,6,0,6300,{'trace_kind': 'trace'},0.0063
isolation,0,sample_trace,SecondChance,GlobalAllocation,6,1,3900,{'trace_kind': 'trace'},0.0039
isolation,1,sample_trace,SecondChance,GlobalAllocation,6,1,3500,{'trace_kind': 'trace'},0.0035
isolation,0,sample_trace,SecondChance,GlobalAllocation,6,2,4400,{'trace_kind': 'trace'},0.0044
isolation,1,sample_trace,SecondChance,GlobalAllocation,6,2,2900,{'trace_kind': 'trace'},0.0029
isolation,0,sample_trace,SecondChance,GlobalAllocation,6,3,2900,{'trace_kind': 'trace'},0.0029
isolation,1,sample_trace,SecondChance,GlobalAllocation,6,3,2900,{'trace_kind': 'trace'},0.0029
isolation,0,sample_trace,SecondChance,GlobalAllocation,6,4,2600,{'trace_kind': 'trace'},0.0026
isolation,1,sample_trace,SecondChance,GlobalAllocation,6,4,2900,{'trace_kind': 'trace'},0.0029
isolation,0,sample_trace,SecondChance,GlobalAllocation,6,5,2700,{'trace_kind': 'trace'},0.0027
isolation,1,sample_trace,SecondChance,GlobalAllocation,6,5,2800,{'trace_kind': 'trace'},0.0028
isolation,0,sample_trace,SecondChance,GlobalAllocation,6,6,2500,{'trace_kind': 'trace'},0.0025
isolation,1,sample_trace,SecondChance,GlobalAllocation,6,6,2700,{'trace_kind': 'trace'},0.0027
isolation,0,sample_trace,SecondChance,GlobalAllocation,6,7,2600,{'trace_kind': 'trace'},0.0026
isolation,1,sample_trace,SecondChance,GlobalAllocation,6,7,2900,{'trace_kind': 'trace'},0.0029
isolation,0,sample_trace,SecondChance,GlobalAllocation,6,8,2600,{'trace_kind': 'trace'},0.0026
isolation,1,sample_trace,SecondChance,GlobalAllocation,6,8,2900,{'trace_kind': 'trace'},0.0029
isolation,0,sample_trace,SecondChance,GlobalAllocation,6,9,2300,{'trace_kind': 'trace'},0.0023
isolation,1,sample_trace,SecondChance,GlobalAllocation,6,9,2600,{'trace_kind': 'trace'},0.0026
isolation,0,sample_trace,SecondChance,LocalAllocation,6,0,2500,{'trace_kind': 'trace'},0.0025
isolation,1,sample_trace,SecondChance,LocalAllocation,6,0,2700,{'trace_kind': 'trace'},0.0027
isolation,0,sample_trace,SecondChance,LocalAllocation,6,1,3100,{'trace_kind': 'trace'},0.0031
isolation,1,sample_trace,SecondChance,LocalAllocation,6,1,2600,{'trace_kind': 'trace'},0.0026
isolation,0,sample_trace,SecondChance,LocalAllocation,6,2,2400,{'trace_kind': 'trace'},0.0024
isolation,1,sample_trace,SecondChance,LocalAllocation,6,2,2700,{'trace_kind': 'trace'},0.0027
isolation,0,sample_trace,SecondChance,LocalAllocation,6,3,2300,{'trace_kind': 'trace'},0.0023
isolation,1,sample_trace,SecondChance,LocalAllocation,6,3,2700,{'trace_kind': 'trace'},0.0027
isolation,0,sample_trace,SecondChance,LocalAllocation,6,4,2200,{'trace_kind': 'trace'},0.0022
isolation,1,sample_trace,SecondChance,LocalAllocation,6,4,2600,{'trace_kind': 'trace'},0.0026
isolation,0,sample_trace,SecondChance,LocalAllocation,6,5,2400,{'trace_kind': 'trace'},0.0024
isolation,1,sample_trace,SecondChance,LocalAllocation,6,5,2600,{'trace_kind': 'trace'},0.0026
isolation,0,sample_trace,SecondChance,LocalAllocation,6,6,2400,{'trace_kind': 'trace'},0.0024
isolation,1,sample_trace,SecondChance,LocalAllocation,6,6,2600,{'trace_kind': 'trace'},0.0026
isolation,0,sample_trace,SecondChance,LocalAllocation,6,7,2300,{'trace_kind': 'trace'},0.0023
isolation,1,sample_trace,SecondChance,LocalAllocation,6,7,2600,{'trace_kind': 'trace'},0.0026
isolation,0,sample_trace,SecondChance,LocalAllocation,6,8,2200,{'trace_kind': 'trace'},0.0022
isolation,1,sample_trace,SecondChance,LocalAllocation,6,8,2600,{'trace_kind': 'trace'},0.0026
isolation,0,sample_trace,SecondChance,LocalAllocation,6,9,2300,{'trace_kind': 'trace'},0.0023
isolation,1,sample_trace,SecondChance,LocalAllocation,6,9,2500,{'trace_kind': 'trace'},0.0025
isolation,0,sample_trace,SecondChance,ProportionalAllocation,6,0,2700,{'trace_kind': 'trace'},0.0027
isolation,1,sample_trace,SecondChance,ProportionalAllocation,6,0,2500,{'trace_kind': 'trace'},0.0025
isolation,0,sample_trace,SecondChance,ProportionalAllocation,6,1,2500,{'trace_kind': 'trace'},0.0025
isolation,1,sample_trace,SecondChance,ProportionalAllocation,6,1,2600,{'trace_kind': 'trace'},0.0026
isolation,0,sample_trace,SecondChance,ProportionalAllocation,6,2,2600,{'trace_kind': 'trace'},0.0026
isolation,1,sample_trace,SecondChance,ProportionalAllocation,6,2,2600,{'trace_kind': 'trace'},0.0026
isolation,0,sample_trace,SecondChance,ProportionalAllocation,6,3,2400,{'trace_kind': 'trace'},0.0024
isolation,1,sample_trace,SecondChance,ProportionalAllocation,6,3,2700,{'trace_kind': 'trace'},0.0027
isolation,0,sample_trace,SecondChance,ProportionalAllocation,6,4,2300,{'trace_kind': 'trace'},0.0023
isolation,1,sample_trace,SecondChance,ProportionalAllocation,6,4,2500,{'trace_kind': 'trace'},0.0025
isolation,0,sample_trace,SecondChance,ProportionalAllocation,6,5,2500,{'trace_kind': 'trace'},0.0025
isolation,1,sample_trace,SecondChance,ProportionalAllocation,6,5,2500,{'trace_kind': 'trace'},0.0025
isolation,0,sample_trace,SecondChance,ProportionalAllocation,6,6,2300,{'trace_kind': 'trace'},0.0023
isolation,1,sample_trace,SecondChance,ProportionalAllocation,6,6,2400,{'trace_kind': 'trace'},0.0024
isolation,0,sample_trace,SecondChance,ProportionalAllocation,6,7,2400,{'trace_kind': 'trace'},0.0024
isolation,1,sample_trace,SecondChance,ProportionalAllocation,6,7,2800,{'trace_kind': 'trace'},0.0028
isolation,0,sample_trace,SecondChance,ProportionalAllocation,6,8,2200,{'trace_kind': 'trace'},0.0022
isolation,1,sample_trace,SecondChance,ProportionalAllocation,6,8,2600,{'trace_kind': 'trace'},0.0026
isolation,0,sample_trace,SecondChance,ProportionalAllocation,6,9,2400,{'trace_kind': 'trace'},0.0024
isolation,1,sample_trace,SecondChance,ProportionalAllocation,6,9,2800,{'trace_kind': 'trace'},0.0028
isolation,0,sample_trace,WSClock,GlobalAllocation,6,0,3200,{'trace_kind': 'trace'},0.0032
isolation,1,sample_trace,WSClock,GlobalAllocation,6,0,3500,{'trace_kind': 'trace'},0.0035
isolation,0,sample_trace,WSClock,GlobalAllocation,6,1,3400,{'trace_kind': 'trace'},0.0034
isolation,1,sample_trace,WSClock,GlobalAllocation,6,1,3400,{'trace_kind': 'trace'},0.0034
isolation,0,sample_trace,WSClock,GlobalAllocation,6,2,4500,{'trace_kind': 'trace'},0.0045
isolation,1,sample_trace,WSClock,GlobalAllocation,6,2,3000,{'trace_kind': 'trace'},0.003
isolation,0,sample_trace,WSClock,GlobalAllocation,6,3,2900,{'trace_kind': 'trace'},0.0029
isolation,1,sample_trace,WSClock,GlobalAllocation,6,3,2900,{'trace_kind': 'trace'},0.0029
isolation,0,sample_trace,WSClock,GlobalAllocation,6,4,2600,{'trace_kind': 'trace'},0.0026
isolation,1,sample_trace,WSClock,GlobalAllocation,6,4,2700,{'trace_kind': 'trace'},0.0027
isolation,0,sample_trace,WSClock,GlobalAllocation,6,5,2600,{'trace_kind': 'trace'},0.0026
isolation,1,sample_trace,WSClock,GlobalAllocation,6,5,2700,{'trace_kind': 'trace'},0.0027
isolation,0,sample_trace,WSClock,GlobalAllocation,6,6,2500,{'trace_kind': 'trace'},0.0025
isolation,1,sample_trace,WSClock,GlobalAllocation,6,6,3100,{'trace_kind': 'trace'},0.0031
isolation,0,sample_trace,WSClock,GlobalAllocation,6,7,2600,{'trace_kind': 'trace'},0.0026
isolation,1,sample_trace,WSClock,GlobalAllocation,6,7,2800,{'trace_kind': 'trace'},0.0028
isolation,0,sample_trace,WSClock,GlobalAllocation,6,8,2600,{'trace_kind': 'trace'},0.0026
isolation,1,sample_trace,WSClock,GlobalAllocation,6,8,2800,{'trace_kind': 'trace'},0.0028
isolation,0,sample_trace,WSClock,GlobalAllocation,6,9,2300,{'trace_kind': 'trace'},0.0023
isolation,1,sample_trace,WSClock,GlobalAllocation,6,9,2600,{'trace_kind': 'trace'},0.0026
isolation,0,sample_trace,WSClock,LocalAllocation,6,0,4300,{'trace_kind': 'trace'},0.0043
isolation,1,sample_trace,WSClock,LocalAllocation,6,0,4400,{'trace_kind': 'trace'},0.0044
isolation,0,sample_trace,WSClock,LocalAllocation,6,1,2500,{'trace_kind': 'trace'},0.0025
isolation,1,sample_trace,WSClock,LocalAllocation,6,1,2700,{'trace_kind': 'trace'},0.0027
isolation,0,sample_trace,WSClock,LocalAllocation,6,2,2200,{'trace_kind': 'trace'},0.0022
isolation,1,sample_trace,WSClock,LocalAllocation,6,2,2500,{'trace_kind': 'trace'},0.0025
isolation,0,sample_trace,WSClock,LocalAllocation,6,3,2300,{'trace_kind': 'trace'},0.0023
isolation,1,sample_trace,WSClock,LocalAllocation,6,3,2600,{'trace_kind': 'trace'},0.0026
isolation,0,sample_trace,WSClock,LocalAllocation,6,4,2400,{'trace_kind': 'trace'},0.0024
isolation,1,sample_trace,WSClock,LocalAllocation,6,4,2800,{'trace_kind': 'trace'},0.0028
isolation,0,sample_trace,WSClock,LocalAllocation,6,5,2300,{'trace_kind': 'trace'},0.0023
isolation,1,sample_trace,WSClock,LocalAllocation,6,5,2500,{'trace_kind': 'trace'},0.0025
isolation,0,sample_trace,WSClock,LocalAllocation,6,6,2300,{'trace_kind': 'trace'},0.0023
isolation,1,sample_trace,WSClock,LocalAllocation,6,6,2500,{'trace_kind': 'trace'},0.0025
isolation,0,sample_trace,WSClock,LocalAllocation,6,7,2200,{'trace_kind': 'trace'},0.0022
isolation,1,sample_trace,WSClock,LocalAllocation,6,7,2500,{'trace_kind': 'trace'},0.0025
isolation,0,sample_trace,WSClock,LocalAllocation,6,8,2400,{'trace_kind': 'trace'},0.0024
isolation,1,sample_trace,WSClock,LocalAllocation,6,8,2500,{'trace_kind': 'trace'},0.0025
isolation,0,sample_trace,WSClock,LocalAllocation,6,9,2300,{'trace_kind': 'trace'},0.0023
isolation,1,sample_trace,WSClock,LocalAllocation,6,9,2500,{'trace_kind': 'trace'},0.0025
isolation,0,sample_trace,WSClock,ProportionalAllocation,6,0,2500,{'trace_kind': 'trace'},0.0025
isolation,1,sample_trace,WSClock,ProportionalAllocation,6,0,2600,{'trace_kind': 'trace'},0.0026
isolation,0,sample_trace,WSClock,ProportionalAllocation,6,1,2300,{'trace_kind': 'trace'},0.0023
isolation,1,sample_trace,WSClock,ProportionalAllocation,6,1,2600,{'trace_kind': 'trace'},0.0026
isolation,0,sample_trace,WSClock,ProportionalAllocation,6,2,2400,{'trace_kind': 'trace'},0.0024
isolation,1,sample_trace,WSClock,ProportionalAllocation,6,2,2600,{'trace_kind': 'trace'},0.0026
isolation,0,sample_trace,WSClock,ProportionalAllocation,6,3,2300,{'trace_kind': 'trace'},0.0023
isolation,1,sample_trace,WSClock,ProportionalAllocation,6,3,2600,{'trace_kind': 'trace'},0.0026
isolation,0,sample_trace,WSClock,ProportionalAllocation,6,4,2300,{'trace_kind': 'trace'},0.0023
isolation,1,sample_trace,WSClock,ProportionalAllocation,6,4,2600,{'trace_kind': 'trace'},0.0026
isolation,0,sample_trace,WSClock,ProportionalAllocation,6,5,2400,{'trace_kind': 'trace'},0.0024
isolation,1,sample_trace,WSClock,ProportionalAllocation,6,5,2600,{'trace_kind': 'trace'},0.0026
isolation,0,sample_trace,WSClock,ProportionalAllocation,6,6,2200,{'trace_kind': 'trace'},0.0022
isolation,1,sample_trace,WSClock,ProportionalAllocation,6,6,2600,{'trace_kind': 'trace'},0.0026
isolation,0,sample_trace,WSClock,ProportionalAllocation,6,7,2300,{'trace_kind': 'trace'},0.0023
isolation,1,sample_trace,WSClock,ProportionalAllocation,6,7,2600,{'trace_kind': 'trace'},0.0026
isolation,0,sample_trace,WSClock,ProportionalAllocation,6,8,2300,{'trace_kind': 'trace'},0.0023
isolation,1,sample_trace,WSClock,ProportionalAllocation,6,8,2700,{'trace_kind': 'trace'},0.0027
isolation,0,sample_trace,WSClock,ProportionalAllocation,6,9,2300,{'trace_kind': 'trace'},0.0023
isolation,1,sample_trace,WSClock,ProportionalAllocation,6,9,2500,{'trace_kind': 'trace'},0.0025
isolation,0,sample_trace,FIFO,GlobalAllocation,8,0,3700,{'trace_kind': 'trace'},0.0037
isolation,1,sample_trace,FIFO,GlobalAllocation,8,0,3700,{'trace_kind': 'trace'},0.0037
isolation,0,sample_trace,FIFO,GlobalAllocation,8,1,3800,{'trace_kind': 'trace'},0.0038
isolation,1,sample_trace,FIFO,GlobalAllocation,8,1,3600,{'trace_kind': 'trace'},0.0036
isolation,0,sample_trace,FIFO,GlobalAllocation,8,2,4300,{'trace_kind': 'trace'},0.0043
isolation,1,sample_trace,FIFO,GlobalAllocation,8,2,3200,{'trace_kind': 'trace'},0.0032
isolation,0,sample_trace,FIFO,GlobalAllocation,8,3,2900,{'trace_kind': 'trace'},0.0029
isolation,1,sample_trace,FIFO,GlobalAllocation,8,3,3000,{'trace_kind': 'trace'},0.003
isolation,0,sample_trace,FIFO,GlobalAllocation,8,4,2700,{'trace_kind': 'trace'},0.0027
isolation,1,sample_trace,FIFO,GlobalAllocation,8,4,3000,{'trace_kind': 'trace'},0.003
isolation,0,sample_trace,FIFO,GlobalAllocation,8,5,2500,{'trace_kind': 'trace'},0.0025
isolation,1,sample_trace,FIFO,GlobalAllocation,8,5,3000,{'trace_kind': 'trace'},0.003
isolation,0,sample_trace,FIFO,GlobalAllocation,8,6,2800,{'trace_kind': 'trace'},0.0028
isolation,1,sample_trace,FIFO,GlobalAllocation,8,6,3000,{'trace_kind': 'trace'},0.003
isolation,0,sample_trace,FIFO,GlobalAllocation,8,7,2500,{'trace_kind': 'trace'},0.0025
isolation,1,sample_trace,FIFO,GlobalAllocation,8,7,3000,{'trace_kind': 'trace'},0.003
isolation,0,sample_trace,FIFO,GlobalAllocation,8,8,2700,{'trace_kind': 'trace'},0.0027
isolation,1,sample_trace,FIFO,GlobalAllocation,8,8,3000,{'trace_kind': 'trace'},0.003
isolation,0,sample_trace,FIFO,GlobalAllocation,8,9,2400,{'trace_kind': 'trace'},0.0024
isolation,1,sample_trace,FIFO,GlobalAllocation,8,9,2800,{'trace_kind': 'trace'},0.0028
isolation,0,sample_trace,FIFO,LocalAllocation,8,0,2700,{'trace_kind': 'trace'},0.0027
isolation,1,sample_trace,FIFO,LocalAllocation,8,0,2800,{'trace_kind': 'trace'},0.0028
isolation,0,sample_trace,FIFO,LocalAllocation,8,1,2300,{'trace_kind': 'trace'},0.0023
isolation,1,sample_trace,FIFO,LocalAllocation,8,1,2800,{'trace_kind': 'trace'},0.0028
isolation,0,sample_trace,FIFO,LocalAllocation,8,2,2400,{'trace_kind': 'trace'},0.0024
isolation,1,sample_trace,FIFO,LocalAllocation,8,2,2800,{'trace_kind': 'trace'},0.0028
isolation,0,sample_trace,FIFO,LocalAllocation,8,3,2400,{'trace_kind': 'trace'},0.0024
isolation,1,sample_trace,FIFO,LocalAllocation,8,3,2600,{'trace_kind': 'trace'},0.0026
isolation,0,sample_trace,FIFO,LocalAllocation,8,4,2200,{'trace_kind': 'trace'},0.0022
isolation,1,sample_trace,FIFO,LocalAllocation,8,4,2500,{'trace_kind': 'trace'},0.0025
isolation,0,sample_trace,FIFO,LocalAllocation,8,5,2300,{'trace_kind': 'trace'},0.0023
isolation,1,sample_trace,FIFO,LocalAllocation,8,5,2700,{'trace_kind': 'trace'},0.0027
isolation,0,sample_trace,FIFO,LocalAllocation,8,6,2400,{'trace_kind': 'trace'},0.0024
isolation,1,sample_trace,FIFO,LocalAllocation,8,6,2600,{'trace_kind': 'trace'},0.0026
isolation,0,sample_trace,FIFO,LocalAllocation,8,7,2300,{'trace_kind': 'trace'},0.0023
isolation,1,sample_trace,FIFO,LocalAllocation,8,7,3000,{'trace_kind': 'trace'},0.003
isolation,0,sample_trace,FIFO,LocalAllocation,8,8,2600,{'trace_kind': 'trace'},0.0026
isolation,1,sample_trace,FIFO,LocalAllocation,8,8,2600,{'trace_kind': 'trace'},0.0026
isolation,0,sample_trace,FIFO,LocalAllocation,8,9,2300,{'trace_kind': 'trace'},0.0023
isolation,1,sample_trace,FIFO,LocalAllocation,8,9,2600,{'trace_kind': 'trace'},0.0026
isolation,0,sample_trace,FIFO,ProportionalAllocation,8,0,2500,{'trace_kind': 'trace'},0.0025
isolation,1,sample_trace,FIFO,ProportionalAllocation,8,0,2600,{'trace_kind': 'trace'},0.0026
isolation,0,sample_trace,FIFO,ProportionalAllocation,8,1,2400,{'trace_kind': 'trace'},0.0024
isolation,1,sample_trace,FIFO,ProportionalAllocation,8,1,2800,{'trace_kind': 'trace'},0.0028
isolation,0,sample_trace,FIFO,ProportionalAllocation,8,2,2300,{'trace_kind': 'trace'},0.0023
isolation,1,sample_trace,FIFO,ProportionalAllocation,8,2,4500,{'trace_kind': 'trace'},0.0045
isolation,0,sample_trace,FIFO,ProportionalAllocation,8,3,2100,{'trace_kind': 'trace'},0.0021
isolation,1,sample_trace,FIFO,ProportionalAllocation,8,3,2800,{'trace_kind': 'trace'},0.0028
isolation,0,sample_trace,FIFO,ProportionalAllocation,8,4,2300,{'trace_kind': 'trace'},0.0023
isolation,1,sample_trace,FIFO,ProportionalAllocation,8,4,2600,{'trace_kind': 'trace'},0.0026
isolation,0,sample_trace,FIFO,ProportionalAllocation,8,5,2200,{'trace_kind': 'trace'},0.0022
isolation,1,sample_trace,FIFO,ProportionalAllocation,8,5,2600,{'trace_kind': 'trace'},0.0026
isolation,0,sample_trace,FIFO,ProportionalAllocation,8,6,2300,{'trace_kind': 'trace'},0.0023
isolation,1,sample_trace,FIFO,ProportionalAllocation,8,6,2900,{'trace_kind': 'trace'},0.0029
isolation,0,sample_trace,FIFO,ProportionalAllocation,8,7,2400,{'trace_kind': 'trace'},0.0024
isolation,1,sample_trace,FIFO,ProportionalAllocation,8,7,2600,{'trace_kind': 'trace'},0.0026
isolation,0,sample_trace,FIFO,ProportionalAllocation,8,8,2200,{'trace_kind': 'trace'},0.0022
isolation,1,sample_trace,FIFO,ProportionalAllocation,8,8,2700,{'trace_kind': 'trace'},0.0027
isolation,0,sample_trace,FIFO,ProportionalAllocation,8,9,2300,{'trace_kind': 'trace'},0.0023
isolation,1,sample_trace,FIFO,ProportionalAllocation,8,9,2600,{'trace_kind': 'trace'},0.0026
isolation,0,sample_trace,LRU,GlobalAllocation,8,0,3400,{'trace_kind': 'trace'},0.0034
isolation,1,sample_trace,LRU,GlobalAllocation,8,0,3400,{'trace_kind': 'trace'},0.0034
isolation,0,sample_trace,LRU,GlobalAllocation,8,1,3800,{'trace_kind': 'trace'},0.0038
isolation,1,sample_trace,LRU,GlobalAllocation,8,1,3400,{'trace_kind': 'trace'},0.0034
isolation,0,sample_trace,LRU,GlobalAllocation,8,2,4400,{'trace_kind': 'trace'},0.0044
isolation,1,sample_trace,LRU,GlobalAllocation,8,2,4900,{'trace_kind': 'trace'},0.0049
isolation,0,sample_trace,LRU,GlobalAllocation,8,3,2900,{'trace_kind': 'trace'},0.0029
isolation,1,sample_trace,LRU,GlobalAllocation,8,3,3200,{'trace_kind': 'trace'},0.0032
isolation,0,sample_trace,LRU,GlobalAllocation,8,4,3400,{'trace_kind': 'trace'},0.0034
isolation,1,sample_trace,LRU,GlobalAllocation,8,4,3200,{'trace_kind': 'trace'},0.0032
isolation,0,sample_trace,LRU,GlobalAllocation,8,5,3500,{'trace_kind': 'trace'},0.0035
isolation,1,sample_trace,LRU,GlobalAllocation,8,5,2800,{'trace_kind': 'trace'},0.0028
isolation,0,sample_trace,LRU,GlobalAllocation,8,6,3000,{'trace_kind': 'trace'},0.003
isolation,1,sample_trace,LRU,GlobalAllocation,8,6,2800,{'trace_kind': 'trace'},0.0028
isolation,0,sample_trace,LRU,GlobalAllocation,8,7,2800,{'trace_kind': 'trace'},0.0028
isolation,1,sample_trace,LRU,GlobalAllocation,8,7,2900,{'trace_kind': 'trace'},0.0029
isolation,0,sample_trace,LRU,GlobalAllocation,8,8,2500,{'trace_kind': 'trace'},0.0025
isolation,1,sample_trace,LRU,GlobalAllocation,8,8,2900,{'trace_kind': 'trace'},0.0029
isolation,0,sample_trace,LRU,GlobalAllocation,8,9,3100,{'trace_kind': 'trace'},0.0031
isolation,1,sample_trace,LRU,GlobalAllocation,8,9,2800,{'trace_kind': 'trace'},0.0028
isolation,0,sample_trace,LRU,LocalAllocation,8,0,2600,{'trace_kind': 'trace'},0.0026
isolation,1,sample_trace,LRU,LocalAllocation,8,0,2600,{'trace_kind': 'trace'},0.0026
isolation,0,sample_trace,LRU,LocalAllocation,8,1,2500,{'trace_kind': 'trace'},0.0025
isolation,1,sample_trace,LRU,LocalAllocation,8,1,2800,{'trace_kind': 'trace'},0.0028
isolation,0,sample_trace,LRU,LocalAllocation,8,2,2500,{'trace_kind': 'trace'},0.0025
isolation,1,sample_trace,LRU,LocalAllocation,8,2,2600,{'trace_kind': 'trace'},0.0026
isolation,0,sample_trace,LRU,LocalAllocation,8,3,2400,{'trace_kind': 'trace'},0.0024
isolation,1,sample_trace,LRU,LocalAllocation,8,3,2600,{'trace_kind': 'trace'},0.0026
isolation,0,sample_trace,LRU,LocalAllocation,8,4,2400,{'trace_kind': 'trace'},0.0024
isolation,1,sample_trace,LRU,LocalAllocation,8,4,2700,{'trace_kind': 'trace'},0.0027
isolation,0,sample_trace,LRU,LocalAllocation,8,5,2500,{'trace_kind': 'trace'},0.0025
isolation,1,sample_trace,LRU,LocalAllocation,8,5,2700,{'trace_kind': 'trace'},0.0027
isolation,0,sample_trace,LRU,LocalAllocation,8,6,2600,{'trace_kind': 'trace'},0.0026
isolation,1,sample_trace,LRU,LocalAllocation,8,6,2800,{'trace_kind': 'trace'},0.0028
isolation,0,sample_trace,LRU,LocalAllocation,8,7,2300,{'trace_kind': 'trace'},0.0023
isolation,1,sample_trace,LRU,LocalAllocation,8,7,2600,{'trace_kind': 'trace'},0.0026
isolation,0,sample_trace,LRU,LocalAllocation,8,8,2400,{'trace_kind': 'trace'},0.0024
isolation,1,sample_trace,LRU,LocalAllocation,8,8,2800,{'trace_kind': 'trace'},0.0028
isolation,0,sample_trace,LRU,LocalAllocation,8,9,2400,{'trace_kind': 'trace'},0.0024
isolation,1,sample_trace,LRU,LocalAllocation,8,9,2900,{'trace_kind': 'trace'},0.0029
isolation,0,sample_trace,LRU,ProportionalAllocation,8,0,2500,{'trace_kind': 'trace'},0.0025
isolation,1,sample_trace,LRU,ProportionalAllocation,8,0,2700,{'trace_kind': 'trace'},0.0027
isolation,0,sample_trace,LRU,ProportionalAllocation,8,1,2500,{'trace_kind': 'trace'},0.0025
isolation,1,sample_trace,LRU,ProportionalAllocation,8,1,2800,{'trace_kind': 'trace'},0.0028
isolation,0,sample_trace,LRU,ProportionalAllocation,8,2,2400,{'trace_kind': 'trace'},0.0024
isolation,1,sample_trace,LRU,ProportionalAllocation,8,2,2700,{'trace_kind': 'trace'},0.0027
isolation,0,sample_trace,LRU,ProportionalAllocation,8,3,2400,{'trace_kind': 'trace'},0.0024
isolation,1,sample_trace,LRU,ProportionalAllocation,8,3,2700,{'trace_kind': 'trace'},0.0027
isolation,0,sample_trace,LRU,ProportionalAllocation,8,4,2400,{'trace_kind': 'trace'},0.0024
isolation,1,sample_trace,LRU,ProportionalAllocation,8,4,2600,{'trace_kind': 'trace'},0.0026
isolation,0,sample_trace,LRU,ProportionalAllocation,8,5,2600,{'trace_kind': 'trace'},0.0026
isolation,1,sample_trace,LRU,ProportionalAllocation,8,5,2600,{'trace_kind': 'trace'},0.0026
isolation,0,sample_trace,LRU,ProportionalAllocation,8,6,2500,{'trace_kind': 'trace'},0.0025
isolation,1,sample_trace,LRU,ProportionalAllocation,8,6,2600,{'trace_kind': 'trace'},0.0026
isolation,0,sample_trace,LRU,ProportionalAllocation,8,7,2500,{'trace_kind': 'trace'},0.0025
isolation,1,sample_trace,LRU,ProportionalAllocation,8,7,2600,{'trace_kind': 'trace'},0.0026
isolation,0,sample_trace,LRU,ProportionalAllocation,8,8,2500,{'trace_kind': 'trace'},0.0025
isolation,1,sample_trace,LRU,ProportionalAllocation,8,8,2600,{'trace_kind': 'trace'},0.0026
isolation,0,sample_trace,LRU,ProportionalAllocation,8,9,2500,{'trace_kind': 'trace'},0.0025
isolation,1,sample_trace,LRU,ProportionalAllocation,8,9,2600,{'trace_kind': 'trace'},0.0026
isolation,0,sample_trace,NRU,GlobalAllocation,8,0,3300,{'trace_kind': 'trace'},0.0033
isolation,1,sample_trace,NRU,GlobalAllocation,8,0,3300,{'trace_kind': 'trace'},0.0033
isolation,0,sample_trace,NRU,GlobalAllocation,8,1,3700,{'trace_kind': 'trace'},0.0037
isolation,1,sample_trace,NRU,GlobalAllocation,8,1,3400,{'trace_kind': 'trace'},0.0034
isolation,0,sample_trace,NRU,GlobalAllocation,8,2,4400,{'trace_kind': 'trace'},0.0044
isolation,1,sample_trace,NRU,GlobalAllocation,8,2,2900,{'trace_kind': 'trace'},0.0029
isolation,0,sample_trace,NRU,GlobalAllocation,8,3,2900,{'trace_kind': 'trace'},0.0029
isolation,1,sample_trace,NRU,GlobalAllocation,8,3,3000,{'trace_kind': 'trace'},0.003
isolation,0,sample_trace,NRU,GlobalAllocation,8,4,2500,{'trace_kind': 'trace'},0.0025
isolation,1,sample_trace,NRU,GlobalAllocation,8,4,2800,{'trace_kind': 'trace'},0.0028
isolation,0,sample_trace,NRU,GlobalAllocation,8,5,2500,{'trace_kind': 'trace'},0.0025
isolation,1,sample_trace,NRU,GlobalAllocation,8,5,2700,{'trace_kind': 'trace'},0.0027
isolation,0,sample_trace,NRU,GlobalAllocation,8,6,2500,{'trace_kind': 'trace'},0.0025
isolation,1,sample_trace,NRU,GlobalAllocation,8,6,2800,{'trace_kind': 'trace'},0.0028
isolation,0,sample_trace,NRU,GlobalAllocation,8,7,2600,{'trace_kind': 'trace'},0.0026
isolation,1,sample_trace,NRU,GlobalAllocation,8,7,2800,{'trace_kind': 'trace'},0.0028
isolation,0,sample_trace,NRU,GlobalAllocation,8,8,2500,{'trace_kind': 'trace'},0.0025
isolation,1,sample_trace,NRU,GlobalAllocation,8,8,2900,{'trace_kind': 'trace'},0.0029
isolation,0,sample_trace,NRU,GlobalAllocation,8,9,2500,{'trace_kind': 'trace'},0.0025
isolation,1,sample_trace,NRU,GlobalAllocation,8,9,2600,{'trace_kind': 'trace'},0.0026
isolation,0,sample_trace,NRU,LocalAllocation,8,0,2600,{'trace_kind': 'trace'},0.0026
isolation,1,sample_trace,NRU,LocalAllocation,8,0,2700,{'trace_kind': 'trace'},0.0027
isolation,0,sample_trace,NRU,LocalAllocation,8,1,2500,{'trace_kind': 'trace'},0.0025
isolation,1,sample_trace,NRU,LocalAllocation,8,1,2700,{'trace_kind': 'trace'},0.0027
isolation,0,sample_trace,NRU,LocalAllocation,8,2,2400,{'trace_kind': 'trace'},0.0024
isolation,1,sample_trace,NRU,LocalAllocation,8,2,2600,{'trace_kind': 'trace'},0.0026
isolation,0,sample_trace,NRU,LocalAllocation,8,3,2500,{'trace_kind': 'trace'},0.0025
isolation,1,sample_trace,NRU,LocalAllocation,8,3,2600,{'trace_kind': 'trace'},0.0026
isolation,0,sample_trace,NRU,LocalAllocation,8,4,2300,{'trace_kind': 'trace'},0.0023
isolation,1,sample_trace,NRU,LocalAllocation,8,4,2500,{'trace_kind': 'trace'},0.0025
isolation,0,sample_trace,NRU,LocalAllocation,8,5,2400,{'trace_kind': 'trace'},0.0024
isolation,1,sample_trace,NRU,LocalAllocation,8,5,2600,{'trace_kind': 'trace'},0.0026
isolation,0,sample_trace,NRU,LocalAllocation,8,6,2200,{'trace_kind': 'trace'},0.0022
isolation,1,sample_trace,NRU,LocalAllocation,8,6,2600,{'trace_kind': 'trace'},0.0026
isolation,0,sample_trace,NRU,LocalAllocation,8,7,2300,{'trace_kind': 'trace'},0.0023
isolation,1,sample_trace,NRU,LocalAllocation,8,7,2600,{'trace_kind': 'trace'},0.0026
isolation,0,sample_trace,NRU,LocalAllocation,8,8,2200,{'trace_kind': 'trace'},0.0022
isolation,1,sample_trace,NRU,LocalAllocation,8,8,2500,{'trace_kind': 'trace'},0.0025
isolation,0,sample_trace,NRU,LocalAllocation,8,9,2200,{'trace_kind': 'trace'},0.0022
isolation,1,sample_trace,NRU,LocalAllocation,8,9,2600,{'trace_kind': 'trace'},0.0026
isolation,0,sample_trace,NRU,ProportionalAllocation,8,0,2500,{'trace_kind': 'trace'},0.0025
isolation,1,sample_trace,NRU,ProportionalAllocation,8,0,2600,{'trace_kind': 'trace'},0.0026
isolation,0,sample_trace,NRU,ProportionalAllocation,8,1,2500,{'trace_kind': 'trace'},0.0025
isolation,1,sample_trace,NRU,ProportionalAllocation,8,1,2700,{'trace_kind': 'trace'},0.0027
isolation,0,sample_trace,NRU,ProportionalAllocation,8,2,2300,{'trace_kind': 'trace'},0.0023
isolation,1,sample_trace,NRU,ProportionalAllocation,8,2,2800,{'trace_kind': 'trace'},0.0028
isolation,0,sample_trace,NRU,ProportionalAllocation,8,3,2200,{'trace_kind': 'trace'},0.0022
isolation,1,sample_trace,NRU,ProportionalAllocation,8,3,2700,{'trace_kind': 'trace'},0.0027
isolation,0,sample_trace,NRU,ProportionalAllocation,8,4,2300,{'trace_kind': 'trace'},0.0023
isolation,1,sample_trace,NRU,ProportionalAllocation,8,4,2500,{'trace_kind': 'trace'},0.0025
isolation,0,sample_trace,NRU,ProportionalAllocation,8,5,2300,{'trace_kind': 'trace'},0.0023
isolation,1,sample_trace,NRU,ProportionalAllocation,8,5,2600,{'trace_kind': 'trace'},0.0026
isolation,0,sample_trace,NRU,ProportionalAllocation,8,6,2300,{'trace_kind': 'trace'},0.0023
isolation,1,sample_trace,NRU,ProportionalAllocation,8,6,2600,{'trace_kind': 'trace'},0.0026
isolation,0,sample_trace,NRU,ProportionalAllocation,8,7,2400,{'trace_kind': 'trace'},0.0024
isolation,1,sample_trace,NRU,ProportionalAllocation,8,7,2600,{'trace_kind': 'trace'},0.0026
isolation,0,sample_trace,NRU,ProportionalAllocation,8,8,2300,{'trace_kind': 'trace'},0.0023
isolation,1,sample_trace,NRU,ProportionalAllocation,8,8,2400,{'trace_kind': 'trace'},0.0024
isolation,0,sample_trace,NRU,ProportionalAllocation,8,9,2300,{'trace_kind': 'trace'},0.0023
isolation,1,sample_trace,NRU,ProportionalAllocation,8,9,2500,{'trace_kind': 'trace'},0.0025
isolation,0,sample_trace,SecondChance,GlobalAllocation,8,0,3100,{'trace_kind': 'trace'},0.0031
isolation,1,sample_trace,SecondChance,GlobalAllocation,8,0,4900,{'trace_kind': 'trace'},0.0049
isolation,0,sample_trace,SecondChance,GlobalAllocation,8,1,3300,{'trace_kind': 'trace'},0.0033
isolation,1,sample_trace,SecondChance,GlobalAllocation,8,1,3700,{'trace_kind': 'trace'},0.0037
isolation,0,sample_trace,SecondChance,GlobalAllocation,8,2,4500,{'trace_kind': 'trace'},0.0045
isolation,1,sample_trace,SecondChance,GlobalAllocation,8,2,2800,{'trace_kind': 'trace'},0.0028
isolation,0,sample_trace,SecondChance,GlobalAllocation,8,3,2900,{'trace_kind': 'trace'},0.0029
isolation,1,sample_trace,SecondChance,GlobalAllocation,8,3,2900,{'trace_kind': 'trace'},0.0029
isolation,0,sample_trace,SecondChance,GlobalAllocation,8,4,2600,{'trace_kind': 'trace'},0.0026
isolation,1,sample_trace,SecondChance,GlobalAllocation,8,4,2900,{'trace_kind': 'trace'},0.0029
isolation,0,sample_trace,SecondChance,GlobalAllocation,8,5,2600,{'trace_kind': 'trace'},0.0026
isolation,1,sample_trace,SecondChance,GlobalAllocation,8,5,2800,{'trace_kind': 'trace'},0.0028
isolation,0,sample_trace,SecondChance,GlobalAllocation,8,6,2600,{'trace_kind': 'trace'},0.0026
isolation,1,sample_trace,SecondChance,GlobalAllocation,8,6,2800,{'trace_kind': 'trace'},0.0028
isolation,0,sample_trace,SecondChance,GlobalAllocation,8,7,2700,{'trace_kind': 'trace'},0.0027
isolation,1,sample_trace,SecondChance,GlobalAllocation,8,7,2800,{'trace_kind': 'trace'},0.0028
isolation,0,sample_trace,SecondChance,GlobalAllocation,8,8,2600,{'trace_kind': 'trace'},0.0026
isolation,1,sample_trace,SecondChance,GlobalAllocation,8,8,2900,{'trace_kind': 'trace'},0.0029
isolation,0,sample_trace,SecondChance,GlobalAllocation,8,9,2500,{'trace_kind': 'trace'},0.0025
isolation,1,sample_trace,SecondChance,GlobalAllocation,8,9,2800,{'trace_kind': 'trace'},0.0028
isolation,0,sample_trace,SecondChance,LocalAllocation,8,0,2600,{'trace_kind': 'trace'},0.0026
isolation,1,sample_trace,SecondChance,LocalAllocation,8,0,2700,{'trace_kind': 'trace'},0.0027
isolation,0,sample_trace,SecondChance,LocalAllocation,8,1,2400,{'trace_kind': 'trace'},0.0024
isolation,1,sample_trace,SecondChance,LocalAllocation,8,1,2600,{'trace_kind': 'trace'},0.0026
isolation,0,sample_trace,SecondChance,LocalAllocation,8,2,2400,{'trace_kind': 'trace'},0.0024
isolation,1,sample_trace,SecondChance,LocalAllocation,8,2,2600,{'trace_kind': 'trace'},0.0026
isolation,0,sample_trace,SecondChance,LocalAllocation,8,3,2400,{'trace_kind': 'trace'},0.0024
isolation,1,sample_trace,SecondChance,LocalAllocation,8,3,2600,{'trace_kind': 'trace'},0.0026
isolation,0,sample_trace,SecondChance,LocalAllocation,8,4,2200,{'trace_kind': 'trace'},0.0022
isolation,1,sample_trace,SecondChance,LocalAllocation,8,4,2600,{'trace_kind': 'trace'},0.0026
isolation,0,sample_trace,SecondChance,LocalAllocation,8,5,2400,{'trace_kind': 'trace'},0.0024
isolation,1,sample_trace,SecondChance,LocalAllocation,8,5,2400,{'trace_kind': 'trace'},0.0024
isolation,0,sample_trace,SecondChance,LocalAllocation,8,6,2400,{'trace_kind': 'trace'},0.0024
isolation,1,sample_trace,SecondChance,LocalAllocation,8,6,2600,{'trace_kind': 'trace'},0.0026
isolation,0,sample_trace,SecondChance,LocalAllocation,8,7,2200,{'trace_kind': 'trace'},0.0022
isolation,1,sample_trace,SecondChance,LocalAllocation,8,7,2700,{'trace_kind': 'trace'},0.0027
isolation,0,sample_trace,SecondChance,LocalAllocation,8,8,2200,{'trace_kind': 'trace'},0.0022
isolation,1,sample_trace,SecondChance,LocalAllocation,8,8,2600,{'trace_kind': 'trace'},0.0026
isolation,0,sample_trace,SecondChance,LocalAllocation,8,9,2400,{'trace_kind': 'trace'},0.0024
isolation,1,sample_trace,SecondChance,LocalAllocation,8,9,2600,{'trace_kind': 'trace'},0.0026
isolation,0,sample_trace,SecondChance,ProportionalAllocation,8,0,4200,{'trace_kind': 'trace'},0.0042
isolation,1,sample_trace,SecondChance,ProportionalAllocation,8,0,4600,{'trace_kind': 'trace'},0.0046
isolation,0,sample_trace,SecondChance,ProportionalAllocation,8,1,3800,{'trace_kind': 'trace'},0.0038
isolation,1,sample_trace,SecondChance,ProportionalAllocation,8,1,4300,{'trace_kind': 'trace'},0.0043
isolation,0,sample_trace,SecondChance,ProportionalAllocation,8,2,3900,{'trace_kind': 'trace'},0.0039
isolation,1,sample_trace,SecondChance,ProportionalAllocation,8,2,4800,{'trace_kind': 'trace'},0.0048
isolation,0,sample_trace,SecondChance,ProportionalAllocation,8,3,3400,{'trace_kind': 'trace'},0.0034
isolation,1,sample_trace,SecondChance,ProportionalAllocation,8,3,3800,{'trace_kind': 'trace'},0.0038
isolation,0,sample_trace,SecondChance,ProportionalAllocation,8,4,4000,{'trace_kind': 'trace'},0.004
isolation,1,sample_trace,SecondChance,ProportionalAllocation,8,4,4300,{'trace_kind': 'trace'},0.0043
isolation,0,sample_trace,SecondChance,ProportionalAllocation,8,5,4000,{'trace_kind': 'trace'},0.004
isolation,1,sample_trace,SecondChance,ProportionalAllocation,8,5,4600,{'trace_kind': 'trace'},0.0046
isolation,0,sample_trace,SecondChance,ProportionalAllocation,8,6,3900,{'trace_kind': 'trace'},0.0039
isolation,1,sample_trace,SecondChance,ProportionalAllocation,8,6,4200,{'trace_kind': 'trace'},0.0042
isolation,0,sample_trace,SecondChance,ProportionalAllocation,8,7,3700,{'trace_kind': 'trace'},0.0037
isolation,1,sample_trace,SecondChance,ProportionalAllocation,8,7,4100,{'trace_kind': 'trace'},0.0041
isolation,0,sample_trace,SecondChance,ProportionalAllocation,8,8,2300,{'trace_kind': 'trace'},0.0023
isolation,1,sample_trace,SecondChance,ProportionalAllocation,8,8,2600,{'trace_kind': 'trace'},0.0026
isolation,0,sample_trace,SecondChance,ProportionalAllocation,8,9,2300,{'trace_kind': 'trace'},0.0023
isolation,1,sample_trace,SecondChance,ProportionalAllocation,8,9,2500,{'trace_kind': 'trace'},0.0025
isolation,0,sample_trace,WSClock,GlobalAllocation,8,0,3400,{'trace_kind': 'trace'},0.0034
isolation,1,sample_trace,WSClock,GlobalAllocation,8,0,3400,{'trace_kind': 'trace'},0.0034
isolation,0,sample_trace,WSClock,GlobalAllocation,8,1,3500,{'trace_kind': 'trace'},0.0035
isolation,1,sample_trace,WSClock,GlobalAllocation,8,1,3300,{'trace_kind': 'trace'},0.0033
isolation,0,sample_trace,WSClock,GlobalAllocation,8,2,4500,{'trace_kind': 'trace'},0.0045
isolation,1,sample_trace,WSClock,GlobalAllocation,8,2,2900,{'trace_kind': 'trace'},0.0029
isolation,0,sample_trace,WSClock,GlobalAllocation,8,3,2900,{'trace_kind': 'trace'},0.0029
isolation,1,sample_trace,WSClock,GlobalAllocation,8,3,2800,{'trace_kind': 'trace'},0.0028
isolation,0,sample_trace,WSClock,GlobalAllocation,8,4,2600,{'trace_kind': 'trace'},0.0026
isolation,1,sample_trace,WSClock,GlobalAllocation,8,4,2800,{'trace_kind': 'trace'},0.0028
isolation,0,sample_trace,WSClock,GlobalAllocation,8,5,2600,{'trace_kind': 'trace'},0.0026
isolation,1,sample_trace,WSClock,GlobalAllocation,8,5,2800,{'trace_kind': 'trace'},0.0028
isolation,0,sample_trace,WSClock,GlobalAllocation,8,6,2400,{'trace_kind': 'trace'},0.0024
isolation,1,sample_trace,WSClock,GlobalAllocation,8,6,2800,{'trace_kind': 'trace'},0.0028
isolation,0,sample_trace,WSClock,GlobalAllocation,8,7,2600,{'trace_kind': 'trace'},0.0026
isolation,1,sample_trace,WSClock,GlobalAllocation,8,7,2800,{'trace_kind': 'trace'},0.0028
isolation,0,sample_trace,WSClock,GlobalAllocation,8,8,2700,{'trace_kind': 'trace'},0.0027
isolation,1,sample_trace,WSClock,GlobalAllocation,8,8,2900,{'trace_kind': 'trace'},0.0029
isolation,0,sample_trace,WSClock,GlobalAllocation,8,9,2500,{'trace_kind': 'trace'},0.0025
isolation,1,sample_trace,WSClock,GlobalAllocation,8,9,2600,{'trace_kind': 'trace'},0.0026
isolation,0,sample_trace,WSClock,LocalAllocation,8,0,2400,{'trace_kind': 'trace'},0.0024
isolation,1,sample_trace,WSClock,LocalAllocation,8,0,2700,{'trace_kind': 'trace'},0.0027
isolation,0,sample_trace,WSClock,LocalAllocation,8,1,2500,{'trace_kind': 'trace'},0.0025
isolation,1,sample_trace,WSClock,LocalAllocation,8,1,2600,{'trace_kind': 'trace'},0.0026
isolation,0,sample_trace,WSClock,LocalAllocation,8,2,2400,{'trace_kind': 'trace'},0.0024
isolation,1,sample_trace,WSClock,LocalAllocation,8,2,2600,{'trace_kind': 'trace'},0.0026
isolation,0,sample_trace,WSClock,LocalAllocation,8,3,2400,{'trace_kind': 'trace'},0.0024
isolation,1,sample_trace,WSClock,LocalAllocation,8,3,2500,{'trace_kind': 'trace'},0.0025
isolation,0,sample_trace,WSClock,LocalAllocation,8,4,2400,{'trace_kind': 'trace'},0.0024
isolation,1,sample_trace,WSClock,LocalAllocation,8,4,2600,{'trace_kind': 'trace'},0.0026
isolation,0,sample_trace,WSClock,LocalAllocation,8,5,2400,{'trace_kind': 'trace'},0.0024
isolation,1,sample_trace,WSClock,LocalAllocation,8,5,2500,{'trace_kind': 'trace'},0.0025
isolation,0,sample_trace,WSClock,LocalAllocation,8,6,2400,{'trace_kind': 'trace'},0.0024
isolation,1,sample_trace,WSClock,LocalAllocation,8,6,2600,{'trace_kind': 'trace'},0.0026
isolation,0,sample_trace,WSClock,LocalAllocation,8,7,2200,{'trace_kind': 'trace'},0.0022
isolation,1,sample_trace,WSClock,LocalAllocation,8,7,2700,{'trace_kind': 'trace'},0.0027
isolation,0,sample_trace,WSClock,LocalAllocation,8,8,2400,{'trace_kind': 'trace'},0.0024
isolation,1,sample_trace,WSClock,LocalAllocation,8,8,3100,{'trace_kind': 'trace'},0.0031
isolation,0,sample_trace,WSClock,LocalAllocation,8,9,2300,{'trace_kind': 'trace'},0.0023
isolation,1,sample_trace,WSClock,LocalAllocation,8,9,2700,{'trace_kind': 'trace'},0.0027
isolation,0,sample_trace,WSClock,ProportionalAllocation,8,0,3000,{'trace_kind': 'trace'},0.003
isolation,1,sample_trace,WSClock,ProportionalAllocation,8,0,5700,{'trace_kind': 'trace'},0.0057
isolation,0,sample_trace,WSClock,ProportionalAllocation,8,1,2500,{'trace_kind': 'trace'},0.0025
isolation,1,sample_trace,WSClock,ProportionalAllocation,8,1,2600,{'trace_kind': 'trace'},0.0026
isolation,0,sample_trace,WSClock,ProportionalAllocation,8,2,2400,{'trace_kind': 'trace'},0.0024
isolation,1,sample_trace,WSClock,ProportionalAllocation,8,2,2600,{'trace_kind': 'trace'},0.0026
isolation,0,sample_trace,WSClock,ProportionalAllocation,8,3,2400,{'trace_kind': 'trace'},0.0024
isolation,1,sample_trace,WSClock,ProportionalAllocation,8,3,2500,{'trace_kind': 'trace'},0.0025
isolation,0,sample_trace,WSClock,ProportionalAllocation,8,4,2200,{'trace_kind': 'trace'},0.0022
isolation,1,sample_trace,WSClock,ProportionalAllocation,8,4,2500,{'trace_kind': 'trace'},0.0025
isolation,0,sample_trace,WSClock,ProportionalAllocation,8,5,2300,{'trace_kind': 'trace'},0.0023
isolation,1,sample_trace,WSClock,ProportionalAllocation,8,5,2600,{'trace_kind': 'trace'},0.0026
isolation,0,sample_trace,WSClock,ProportionalAllocation,8,6,2500,{'trace_kind': 'trace'},0.0025
isolation,1,sample_trace,WSClock,ProportionalAllocation,8,6,2600,{'trace_kind': 'trace'},0.0026
isolation,0,sample_trace,WSClock,ProportionalAllocation,8,7,2400,{'trace_kind': 'trace'},0.0024
isolation,1,sample_trace,WSClock,ProportionalAllocation,8,7,2600,{'trace_kind': 'trace'},0.0026
isolation,0,sample_trace,WSClock,ProportionalAllocation,8,8,2300,{'trace_kind': 'trace'},0.0023
isolation,1,sample_trace,WSClock,ProportionalAllocation,8,8,2600,{'trace_kind': 'trace'},0.0026
isolation,0,sample_trace,WSClock,ProportionalAllocation,8,9,2400,{'trace_kind': 'trace'},0.0024
isolation,1,sample_trace,WSClock,ProportionalAllocation,8,9,2500,{'trace_kind': 'trace'},0.0025
